fulfillment_id,order_id,order_date,ship_date,delivery_date,warehouse_id,carrier,region_id,delivery_time_days,sla_target_days,sla_status,shipping_cost,inventory_turnover,defect_rate_pct
FUL-000885,ORD-000885,2023-01-01,2023-01-03,2023-01-07,WH-REG-01,BlueDart Logistics,REG-01,6.2,5,Breached,3599.99,6.2,0.18
FUL-000892,ORD-000892,2023-01-01,2023-01-02,2023-01-03,WH-REG-02,Ecom Express,REG-02,2.3,5,Compliant,1561.86,9.7,0.03
FUL-001923,ORD-001923,2023-01-01,2023-01-02,2023-01-05,WH-REG-05,DHL Freight,REG-05,4.4,5,Compliant,4140.61,10.0,0.48
FUL-002735,ORD-002735,2023-01-01,2023-01-02,2023-01-05,WH-REG-01,FedEx Supply,REG-01,4.7,5,Compliant,4118.59,11.5,1.33
FUL-006388,ORD-006388,2023-01-01,2023-01-02,2023-01-03,WH-REG-01,DHL Freight,REG-01,2.0,5,Compliant,2497.3,8.7,0.19
FUL-006826,ORD-006826,2023-01-01,2023-01-02,2023-01-02,WH-REG-04,Delhivery Express,REG-04,1.4,5,Compliant,2188.78,10.0,1.75
FUL-007182,ORD-007182,2023-01-01,2023-01-02,2023-01-05,WH-REG-01,BlueDart Logistics,REG-01,4.7,5,Compliant,2093.87,11.1,0.62
FUL-007259,ORD-007259,2023-01-01,2023-01-03,2023-01-06,WH-REG-02,Ecom Express,REG-02,5.2,5,Breached,4479.72,6.3,0.09
FUL-008254,ORD-008254,2023-01-01,2023-01-03,2023-01-07,WH-REG-02,FedEx Supply,REG-02,6.7,3,Breached,4382.87,8.1,0.81
FUL-000252,ORD-000252,2023-01-02,2023-01-03,2023-01-04,WH-REG-02,DHL Freight,REG-02,2.9,5,Compliant,3266.55,10.7,0.35
FUL-001333,ORD-001333,2023-01-02,2023-01-04,2023-01-08,WH-REG-03,FedEx Supply,REG-03,6.3,5,Breached,3122.37,10.3,0.81
FUL-002420,ORD-002420,2023-01-02,2023-01-03,2023-01-03,WH-REG-02,BlueDart Logistics,REG-02,1.6,5,Compliant,4348.79,8.4,1.1
FUL-002513,ORD-002513,2023-01-02,2023-01-04,2023-01-07,WH-REG-01,BlueDart Logistics,REG-01,5.9,5,Breached,4248.7,10.2,1.04
FUL-004466,ORD-004466,2023-01-02,2023-01-04,2023-01-07,WH-REG-05,DHL Freight,REG-05,5.7,5,Breached,1786.82,11.7,0.09
FUL-004964,ORD-004964,2023-01-02,2023-01-04,2023-01-07,WH-REG-05,BlueDart Logistics,REG-05,5.3,5,Breached,4208.64,11.1,1.5
FUL-005092,ORD-005092,2023-01-02,2023-01-03,2023-01-03,WH-REG-03,Delhivery Express,REG-03,1.6,3,Compliant,3085.82,11.7,0.21
FUL-005491,ORD-005491,2023-01-02,2023-01-03,2023-01-05,WH-REG-01,FedEx Supply,REG-01,3.4,5,Compliant,2060.14,5.8,1.17
FUL-007487,ORD-007487,2023-01-02,2023-01-03,2023-01-05,WH-REG-04,Ecom Express,REG-04,3.1,5,Compliant,2374.24,10.1,1.46
FUL-000481,ORD-000481,2023-01-03,2023-01-04,2023-01-04,WH-REG-03,BlueDart Logistics,REG-03,1.3,5,Compliant,3029.67,10.0,0.38
FUL-000506,ORD-000506,2023-01-03,2023-01-04,2023-01-05,WH-REG-02,Delhivery Express,REG-02,2.0,5,Compliant,3692.82,9.2,0.41
FUL-001930,ORD-001930,2023-01-03,2023-01-07,2023-01-14,WH-REG-03,Delhivery Express,REG-03,11.0,3,Breached,1632.8,8.9,0.55
FUL-002603,ORD-002603,2023-01-03,2023-01-08,2023-01-17,WH-REG-05,Ecom Express,REG-05,14.0,5,Breached,2343.63,10.1,1.47
FUL-003272,ORD-003272,2023-01-03,2023-01-04,2023-01-06,WH-REG-01,FedEx Supply,REG-01,3.8,5,Compliant,1997.77,7.8,0.38
FUL-005971,ORD-005971,2023-01-03,2023-01-05,2023-01-09,WH-REG-01,Ecom Express,REG-01,6.5,3,Breached,1215.05,10.5,0.76
FUL-006359,ORD-006359,2023-01-03,2023-01-05,2023-01-09,WH-REG-03,Delhivery Express,REG-03,6.1,5,Breached,2100.12,8.4,0.43
FUL-006762,ORD-006762,2023-01-03,2023-01-05,2023-01-08,WH-REG-04,Ecom Express,REG-04,5.1,5,Breached,4014.87,8.1,1.71
FUL-007031,ORD-007031,2023-01-03,2023-01-04,2023-01-05,WH-REG-01,Ecom Express,REG-01,2.7,5,Compliant,2836.08,9.1,1.71
FUL-007657,ORD-007657,2023-01-03,2023-01-04,2023-01-05,WH-REG-01,Delhivery Express,REG-01,2.1,5,Compliant,1822.97,9.2,0.49
FUL-008338,ORD-008338,2023-01-03,2023-01-04,2023-01-05,WH-REG-05,FedEx Supply,REG-05,2.8,5,Compliant,3286.93,7.5,0.54
FUL-008483,ORD-008483,2023-01-03,2023-01-05,2023-01-08,WH-REG-05,FedEx Supply,REG-05,5.6,3,Breached,3110.37,7.5,1.57
FUL-001307,ORD-001307,2023-01-04,2023-01-05,2023-01-05,WH-REG-02,FedEx Supply,REG-02,1.7,3,Compliant,1280.89,6.4,0.66
FUL-001350,ORD-001350,2023-01-04,2023-01-05,2023-01-05,WH-REG-04,Ecom Express,REG-04,1.7,5,Compliant,3470.34,6.9,0.86
FUL-002868,ORD-002868,2023-01-04,2023-01-05,2023-01-05,WH-REG-01,Ecom Express,REG-01,1.7,5,Compliant,2803.02,10.6,0.79
FUL-003160,ORD-003160,2023-01-04,2023-01-05,2023-01-05,WH-REG-01,DHL Freight,REG-01,1.8,5,Compliant,1622.2,7.6,1.08
FUL-005914,ORD-005914,2023-01-04,2023-01-06,2023-01-09,WH-REG-01,FedEx Supply,REG-01,5.3,5,Breached,4209.94,10.2,1.61
FUL-006074,ORD-006074,2023-01-04,2023-01-06,2023-01-09,WH-REG-02,BlueDart Logistics,REG-02,5.9,5,Breached,3911.86,8.2,0.02
FUL-006867,ORD-006867,2023-01-04,2023-01-05,2023-01-07,WH-REG-02,DHL Freight,REG-02,3.7,5,Compliant,1644.75,11.8,1.7
FUL-006945,ORD-006945,2023-01-04,2023-01-05,2023-01-08,WH-REG-03,DHL Freight,REG-03,4.3,5,Compliant,3082.1,7.2,1.3
FUL-007928,ORD-007928,2023-01-04,2023-01-05,2023-01-07,WH-REG-02,Ecom Express,REG-02,3.4,5,Compliant,2597.9,11.7,1.74
FUL-002197,ORD-002197,2023-01-05,2023-01-06,2023-01-06,WH-REG-03,Ecom Express,REG-03,1.8,3,Compliant,3626.79,9.3,1.41
FUL-003040,ORD-003040,2023-01-05,2023-01-06,2023-01-09,WH-REG-04,Delhivery Express,REG-04,4.3,5,Compliant,4262.2,6.0,1.02
FUL-003218,ORD-003218,2023-01-05,2023-01-07,2023-01-11,WH-REG-04,Delhivery Express,REG-04,6.1,5,Breached,898.02,8.8,0.43
FUL-004060,ORD-004060,2023-01-05,2023-01-06,2023-01-09,WH-REG-02,Ecom Express,REG-02,4.8,3,Breached,889.79,8.8,0.07
FUL-004086,ORD-004086,2023-01-05,2023-01-06,2023-01-06,WH-REG-02,FedEx Supply,REG-02,1.7,5,Compliant,2362.96,8.8,0.83
FUL-006350,ORD-006350,2023-01-05,2023-01-07,2023-01-10,WH-REG-04,DHL Freight,REG-04,5.5,5,Breached,1437.8,11.6,0.85
FUL-006594,ORD-006594,2023-01-05,2023-01-07,2023-01-11,WH-REG-01,DHL Freight,REG-01,6.4,5,Breached,4045.74,7.0,0.32
FUL-006764,ORD-006764,2023-01-05,2023-01-07,2023-01-10,WH-REG-04,Ecom Express,REG-04,5.8,5,Breached,1963.32,8.2,1.57
FUL-002178,ORD-002178,2023-01-06,2023-01-07,2023-01-07,WH-REG-02,FedEx Supply,REG-02,1.7,5,Compliant,1830.2,7.7,1.08
FUL-002482,ORD-002482,2023-01-06,2023-01-07,2023-01-07,WH-REG-03,BlueDart Logistics,REG-03,1.6,5,Compliant,3586.01,7.2,0.44
FUL-004121,ORD-004121,2023-01-06,2023-01-07,2023-01-08,WH-REG-03,FedEx Supply,REG-03,2.8,5,Compliant,1175.79,6.4,1.18
FUL-004136,ORD-004136,2023-01-06,2023-01-08,2023-01-12,WH-REG-02,Ecom Express,REG-02,6.7,3,Breached,3211.72,9.1,0.91
FUL-004894,ORD-004894,2023-01-06,2023-01-07,2023-01-07,WH-REG-01,Delhivery Express,REG-01,1.6,3,Compliant,4352.69,7.1,1.58
FUL-005951,ORD-005951,2023-01-06,2023-01-07,2023-01-10,WH-REG-05,Ecom Express,REG-05,4.4,5,Compliant,1704.84,10.1,1.79
FUL-005975,ORD-005975,2023-01-06,2023-01-07,2023-01-08,WH-REG-03,Delhivery Express,REG-03,2.0,5,Compliant,3468.81,11.2,1.66
FUL-007573,ORD-007573,2023-01-06,2023-01-07,2023-01-09,WH-REG-04,DHL Freight,REG-04,3.6,5,Compliant,3011.25,10.7,0.08
FUL-008356,ORD-008356,2023-01-06,2023-01-08,2023-01-12,WH-REG-05,DHL Freight,REG-05,6.1,5,Breached,2848.32,8.0,0.99
FUL-000184,ORD-000184,2023-01-07,2023-01-08,2023-01-10,WH-REG-02,DHL Freight,REG-02,3.7,5,Compliant,4245.51,9.4,1.2
FUL-000313,ORD-000313,2023-01-07,2023-01-08,2023-01-10,WH-REG-02,DHL Freight,REG-02,3.9,5,Compliant,3961.03,8.2,1.04
FUL-000492,ORD-000492,2023-01-07,2023-01-08,2023-01-11,WH-REG-03,FedEx Supply,REG-03,4.9,5,Compliant,3007.97,6.4,1.32
FUL-004003,ORD-004003,2023-01-07,2023-01-08,2023-01-10,WH-REG-01,Delhivery Express,REG-01,3.2,5,Compliant,1039.06,6.9,0.29
FUL-004157,ORD-004157,2023-01-07,2023-01-08,2023-01-10,WH-REG-04,Delhivery Express,REG-04,3.6,5,Compliant,2417.8,5.9,0.4
FUL-005931,ORD-005931,2023-01-07,2023-01-08,2023-01-11,WH-REG-04,DHL Freight,REG-04,4.8,5,Compliant,1939.31,9.6,0.04
FUL-006908,ORD-006908,2023-01-07,2023-01-08,2023-01-11,WH-REG-03,FedEx Supply,REG-03,4.1,5,Compliant,1120.25,11.4,1.31
FUL-007852,ORD-007852,2023-01-07,2023-01-09,2023-01-13,WH-REG-03,FedEx Supply,REG-03,6.5,5,Breached,2652.3,11.1,0.03
FUL-008099,ORD-008099,2023-01-07,2023-01-08,2023-01-10,WH-REG-01,FedEx Supply,REG-01,3.0,5,Compliant,1218.01,11.6,1.46
FUL-001492,ORD-001492,2023-01-08,2023-01-10,2023-01-13,WH-REG-05,Ecom Express,REG-05,5.9,5,Breached,2134.04,8.0,0.0
FUL-001640,ORD-001640,2023-01-08,2023-01-09,2023-01-10,WH-REG-02,Ecom Express,REG-02,2.8,5,Compliant,2137.14,6.9,0.94
FUL-002016,ORD-002016,2023-01-08,2023-01-09,2023-01-09,WH-REG-05,DHL Freight,REG-05,1.5,5,Compliant,4446.35,10.6,0.91
FUL-002491,ORD-002491,2023-01-08,2023-01-09,2023-01-10,WH-REG-04,Ecom Express,REG-04,2.3,5,Compliant,1396.7,9.0,1.31
FUL-003062,ORD-003062,2023-01-08,2023-01-10,2023-01-13,WH-REG-05,Ecom Express,REG-05,5.3,5,Breached,4049.18,8.9,0.91
FUL-003438,ORD-003438,2023-01-08,2023-01-09,2023-01-09,WH-REG-03,BlueDart Logistics,REG-03,1.4,5,Compliant,2092.88,11.3,1.38
FUL-004968,ORD-004968,2023-01-08,2023-01-09,2023-01-12,WH-REG-01,Delhivery Express,REG-01,4.2,5,Compliant,1987.48,7.5,0.35
FUL-005012,ORD-005012,2023-01-08,2023-01-10,2023-01-13,WH-REG-05,Delhivery Express,REG-05,5.4,3,Breached,4312.25,10.5,1.56
FUL-008380,ORD-008380,2023-01-08,2023-01-10,2023-01-13,WH-REG-05,DHL Freight,REG-05,5.8,5,Breached,1702.48,8.5,0.8
FUL-002272,ORD-002272,2023-01-09,2023-01-10,2023-01-13,WH-REG-03,Delhivery Express,REG-03,4.0,5,Compliant,1358.45,11.2,0.05
FUL-004419,ORD-004419,2023-01-09,2023-01-10,2023-01-10,WH-REG-05,FedEx Supply,REG-05,1.5,5,Compliant,1922.38,11.3,1.42
FUL-005840,ORD-005840,2023-01-09,2023-01-10,2023-01-13,WH-REG-04,DHL Freight,REG-04,4.4,3,Breached,3047.67,10.3,0.8
FUL-006031,ORD-006031,2023-01-09,2023-01-11,2023-01-14,WH-REG-05,Ecom Express,REG-05,5.9,5,Breached,1808.44,6.2,0.67
FUL-000046,ORD-000046,2023-01-10,2023-01-14,2023-01-21,WH-REG-03,FedEx Supply,REG-03,11.3,5,Breached,1818.12,7.4,1.59
FUL-001562,ORD-001562,2023-01-10,2023-01-11,2023-01-14,WH-REG-03,DHL Freight,REG-03,4.1,5,Compliant,1975.35,8.7,1.38
FUL-002558,ORD-002558,2023-01-10,2023-01-11,2023-01-12,WH-REG-01,BlueDart Logistics,REG-01,2.7,5,Compliant,3987.31,8.9,1.63
FUL-005415,ORD-005415,2023-01-10,2023-01-12,2023-01-15,WH-REG-01,DHL Freight,REG-01,5.8,5,Breached,3941.92,10.0,0.14
FUL-005777,ORD-005777,2023-01-10,2023-01-11,2023-01-14,WH-REG-03,DHL Freight,REG-03,4.6,5,Compliant,1338.37,9.7,0.21
FUL-006415,ORD-006415,2023-01-10,2023-01-11,2023-01-14,WH-REG-01,DHL Freight,REG-01,4.7,5,Compliant,3144.22,8.9,0.72
FUL-006537,ORD-006537,2023-01-10,2023-01-11,2023-01-12,WH-REG-04,BlueDart Logistics,REG-04,2.9,5,Compliant,2323.84,5.6,0.42
FUL-000792,ORD-000792,2023-01-11,2023-01-13,2023-01-16,WH-REG-01,Ecom Express,REG-01,5.1,5,Breached,1981.01,9.4,1.39
FUL-001716,ORD-001716,2023-01-11,2023-01-12,2023-01-12,WH-REG-02,FedEx Supply,REG-02,1.8,3,Compliant,4478.51,10.5,1.04
FUL-005493,ORD-005493,2023-01-11,2023-01-12,2023-01-13,WH-REG-01,Ecom Express,REG-01,2.9,5,Compliant,4297.78,10.8,0.68
FUL-000837,ORD-000837,2023-01-12,2023-01-13,2023-01-14,WH-REG-05,DHL Freight,REG-05,2.8,5,Compliant,1733.34,11.5,0.8
FUL-004898,ORD-004898,2023-01-12,2023-01-14,2023-01-17,WH-REG-02,DHL Freight,REG-02,5.5,5,Breached,2103.9,9.9,0.75
FUL-005744,ORD-005744,2023-01-12,2023-01-13,2023-01-15,WH-REG-02,BlueDart Logistics,REG-02,3.3,5,Compliant,1098.43,6.2,1.77
FUL-006765,ORD-006765,2023-01-12,2023-01-14,2023-01-17,WH-REG-01,DHL Freight,REG-01,5.7,5,Breached,3809.65,6.4,1.78
FUL-008278,ORD-008278,2023-01-12,2023-01-14,2023-01-18,WH-REG-02,BlueDart Logistics,REG-02,6.3,5,Breached,2755.86,9.1,0.54
FUL-001872,ORD-001872,2023-01-13,2023-01-14,2023-01-16,WH-REG-02,FedEx Supply,REG-02,3.5,5,Compliant,3522.16,7.6,0.37
FUL-002001,ORD-002001,2023-01-13,2023-01-14,2023-01-14,WH-REG-05,BlueDart Logistics,REG-05,1.9,3,Compliant,1454.19,11.6,1.66
FUL-002402,ORD-002402,2023-01-13,2023-01-14,2023-01-15,WH-REG-05,Ecom Express,REG-05,2.3,5,Compliant,1827.96,5.9,1.2
FUL-005751,ORD-005751,2023-01-13,2023-01-14,2023-01-14,WH-REG-02,BlueDart Logistics,REG-02,1.5,5,Compliant,1321.72,9.7,1.45
FUL-006143,ORD-006143,2023-01-13,2023-01-14,2023-01-16,WH-REG-05,FedEx Supply,REG-05,3.8,5,Compliant,1190.34,8.6,0.56
FUL-007233,ORD-007233,2023-01-13,2023-01-14,2023-01-14,WH-REG-02,DHL Freight,REG-02,1.7,3,Compliant,3810.82,6.7,1.6
FUL-000520,ORD-000520,2023-01-14,2023-01-15,2023-01-15,WH-REG-01,Ecom Express,REG-01,1.5,5,Compliant,1480.77,10.0,0.58
FUL-000647,ORD-000647,2023-01-14,2023-01-15,2023-01-16,WH-REG-04,Delhivery Express,REG-04,2.7,5,Compliant,3585.79,5.7,0.92
FUL-000750,ORD-000750,2023-01-14,2023-01-15,2023-01-15,WH-REG-04,DHL Freight,REG-04,1.4,5,Compliant,2738.51,8.4,1.42
FUL-002627,ORD-002627,2023-01-14,2023-01-15,2023-01-17,WH-REG-03,Delhivery Express,REG-03,3.5,5,Compliant,2054.76,7.5,0.32
FUL-003059,ORD-003059,2023-01-14,2023-01-15,2023-01-15,WH-REG-03,DHL Freight,REG-03,1.5,5,Compliant,3129.51,7.6,0.19
FUL-003409,ORD-003409,2023-01-14,2023-01-15,2023-01-17,WH-REG-05,FedEx Supply,REG-05,3.4,5,Compliant,3134.37,5.5,1.66
FUL-004407,ORD-004407,2023-01-14,2023-01-15,2023-01-18,WH-REG-02,Delhivery Express,REG-02,4.4,5,Compliant,3710.5,10.1,1.39
FUL-004487,ORD-004487,2023-01-14,2023-01-15,2023-01-18,WH-REG-04,Ecom Express,REG-04,4.8,5,Compliant,2707.02,10.0,0.74
FUL-005567,ORD-005567,2023-01-14,2023-01-16,2023-01-19,WH-REG-03,Delhivery Express,REG-03,5.8,5,Breached,3525.04,9.3,0.63
FUL-006040,ORD-006040,2023-01-14,2023-01-16,2023-01-20,WH-REG-05,FedEx Supply,REG-05,6.1,5,Breached,1479.22,5.6,1.61
FUL-006433,ORD-006433,2023-01-14,2023-01-16,2023-01-20,WH-REG-01,Delhivery Express,REG-01,6.5,3,Breached,2025.95,9.4,1.26
FUL-006828,ORD-006828,2023-01-14,2023-01-16,2023-01-20,WH-REG-02,BlueDart Logistics,REG-02,6.6,5,Breached,1866.53,6.5,1.68
FUL-008200,ORD-008200,2023-01-14,2023-01-15,2023-01-16,WH-REG-03,Ecom Express,REG-03,2.3,5,Compliant,3255.43,11.4,0.99
FUL-000210,ORD-000210,2023-01-15,2023-01-16,2023-01-19,WH-REG-03,FedEx Supply,REG-03,4.7,5,Compliant,3348.98,7.4,1.22
FUL-000754,ORD-000754,2023-01-15,2023-01-16,2023-01-19,WH-REG-03,DHL Freight,REG-03,4.6,5,Compliant,2513.28,7.0,0.15
FUL-001739,ORD-001739,2023-01-15,2023-01-16,2023-01-19,WH-REG-03,DHL Freight,REG-03,4.7,5,Compliant,4112.92,10.4,0.03
FUL-001999,ORD-001999,2023-01-15,2023-01-17,2023-01-21,WH-REG-02,BlueDart Logistics,REG-02,6.2,5,Breached,4004.02,8.9,0.45
FUL-002060,ORD-002060,2023-01-15,2023-01-20,2023-01-29,WH-REG-01,BlueDart Logistics,REG-01,14.0,5,Breached,1478.86,5.6,0.85
FUL-002119,ORD-002119,2023-01-15,2023-01-17,2023-01-20,WH-REG-03,DHL Freight,REG-03,5.3,5,Breached,3134.41,9.6,0.76
FUL-003536,ORD-003536,2023-01-15,2023-01-16,2023-01-16,WH-REG-05,Delhivery Express,REG-05,1.2,5,Compliant,1510.59,6.3,0.31
FUL-003957,ORD-003957,2023-01-15,2023-01-16,2023-01-16,WH-REG-02,Ecom Express,REG-02,1.8,5,Compliant,1597.51,10.8,1.71
FUL-003991,ORD-003991,2023-01-15,2023-01-17,2023-01-20,WH-REG-04,Delhivery Express,REG-04,5.5,5,Breached,3466.66,6.6,0.27
FUL-004233,ORD-004233,2023-01-15,2023-01-16,2023-01-17,WH-REG-01,Delhivery Express,REG-01,2.5,5,Compliant,1827.92,11.2,1.62
FUL-006103,ORD-006103,2023-01-15,2023-01-16,2023-01-19,WH-REG-01,BlueDart Logistics,REG-01,4.1,5,Compliant,4259.54,7.2,1.2
FUL-006124,ORD-006124,2023-01-15,2023-01-16,2023-01-19,WH-REG-04,Ecom Express,REG-04,4.5,5,Compliant,2828.09,11.9,1.2
FUL-006711,ORD-006711,2023-01-15,2023-01-16,2023-01-17,WH-REG-02,Delhivery Express,REG-02,2.4,5,Compliant,1313.2,10.2,0.9
FUL-007825,ORD-007825,2023-01-15,2023-01-17,2023-01-20,WH-REG-01,DHL Freight,REG-01,5.4,5,Breached,1286.03,8.4,1.05
FUL-008072,ORD-008072,2023-01-15,2023-01-16,2023-01-19,WH-REG-02,BlueDart Logistics,REG-02,4.0,3,Breached,2707.95,11.6,0.35
FUL-000455,ORD-000455,2023-01-16,2023-01-17,2023-01-18,WH-REG-03,BlueDart Logistics,REG-03,2.5,5,Compliant,4269.22,10.2,1.25
FUL-000818,ORD-000818,2023-01-16,2023-01-17,2023-01-17,WH-REG-02,Delhivery Express,REG-02,1.7,5,Compliant,3266.34,7.2,1.49
FUL-002300,ORD-002300,2023-01-16,2023-01-18,2023-01-22,WH-REG-04,Delhivery Express,REG-04,6.4,5,Breached,1814.08,9.5,0.93
FUL-002353,ORD-002353,2023-01-16,2023-01-18,2023-01-22,WH-REG-03,Ecom Express,REG-03,6.7,5,Breached,3668.79,6.6,0.3
FUL-004563,ORD-004563,2023-01-16,2023-01-17,2023-01-20,WH-REG-03,FedEx Supply,REG-03,4.6,5,Compliant,1582.34,7.1,0.39
FUL-004661,ORD-004661,2023-01-16,2023-01-17,2023-01-20,WH-REG-01,FedEx Supply,REG-01,4.8,5,Compliant,3709.01,7.2,0.79
FUL-006844,ORD-006844,2023-01-16,2023-01-17,2023-01-18,WH-REG-03,Delhivery Express,REG-03,2.0,5,Compliant,4151.81,5.8,1.79
FUL-000755,ORD-000755,2023-01-17,2023-01-19,2023-01-22,WH-REG-02,BlueDart Logistics,REG-02,5.9,3,Breached,1749.81,8.5,1.15
FUL-001707,ORD-001707,2023-01-17,2023-01-19,2023-01-23,WH-REG-01,Delhivery Express,REG-01,6.5,3,Breached,2243.69,11.7,1.37
FUL-002294,ORD-002294,2023-01-17,2023-01-18,2023-01-21,WH-REG-02,FedEx Supply,REG-02,4.5,5,Compliant,2625.82,10.3,0.17
FUL-002552,ORD-002552,2023-01-17,2023-01-18,2023-01-20,WH-REG-01,FedEx Supply,REG-01,3.8,5,Compliant,1699.04,8.8,1.79
FUL-006301,ORD-006301,2023-01-17,2023-01-19,2023-01-22,WH-REG-02,DHL Freight,REG-02,5.5,3,Breached,986.05,10.2,0.44
FUL-008174,ORD-008174,2023-01-17,2023-01-19,2023-01-23,WH-REG-01,Ecom Express,REG-01,6.3,5,Breached,3313.39,9.4,0.59
FUL-008281,ORD-008281,2023-01-17,2023-01-19,2023-01-22,WH-REG-05,FedEx Supply,REG-05,5.0,3,Breached,3631.53,6.6,1.71
FUL-000399,ORD-000399,2023-01-18,2023-01-19,2023-01-19,WH-REG-02,Ecom Express,REG-02,1.9,5,Compliant,4140.41,9.6,0.83
FUL-002416,ORD-002416,2023-01-18,2023-01-19,2023-01-20,WH-REG-01,Delhivery Express,REG-01,2.8,5,Compliant,2946.67,6.5,1.1
FUL-005284,ORD-005284,2023-01-18,2023-01-19,2023-01-22,WH-REG-05,FedEx Supply,REG-05,4.9,3,Breached,2046.19,8.4,0.21
FUL-007441,ORD-007441,2023-01-18,2023-01-20,2023-01-24,WH-REG-01,Delhivery Express,REG-01,6.2,5,Breached,1048.44,10.2,0.86
FUL-007521,ORD-007521,2023-01-18,2023-01-19,2023-01-19,WH-REG-03,BlueDart Logistics,REG-03,1.6,3,Compliant,3178.92,8.0,0.6
FUL-007890,ORD-007890,2023-01-18,2023-01-20,2023-01-24,WH-REG-04,DHL Freight,REG-04,6.1,3,Breached,2194.56,8.2,0.08
FUL-004971,ORD-004971,2023-01-19,2023-01-21,2023-01-25,WH-REG-03,FedEx Supply,REG-03,6.1,5,Breached,3057.71,8.8,1.09
FUL-000142,ORD-000142,2023-01-20,2023-01-22,2023-01-25,WH-REG-01,BlueDart Logistics,REG-01,5.6,5,Breached,1304.3,9.6,0.72
FUL-001042,ORD-001042,2023-01-20,2023-01-22,2023-01-26,WH-REG-05,Ecom Express,REG-05,6.2,3,Breached,2730.64,10.8,0.42
FUL-001433,ORD-001433,2023-01-20,2023-01-22,2023-01-26,WH-REG-05,FedEx Supply,REG-05,6.7,5,Breached,1344.75,10.2,1.21
FUL-001547,ORD-001547,2023-01-20,2023-01-21,2023-01-24,WH-REG-01,BlueDart Logistics,REG-01,4.3,5,Compliant,1290.4,10.7,0.96
FUL-001557,ORD-001557,2023-01-20,2023-01-22,2023-01-25,WH-REG-01,BlueDart Logistics,REG-01,5.6,3,Breached,3733.53,10.8,0.03
FUL-001657,ORD-001657,2023-01-20,2023-01-21,2023-01-24,WH-REG-04,Ecom Express,REG-04,4.7,5,Compliant,3916.6,11.1,0.92
FUL-003012,ORD-003012,2023-01-20,2023-01-21,2023-01-22,WH-REG-01,BlueDart Logistics,REG-01,2.3,5,Compliant,1601.16,7.1,1.49
FUL-003216,ORD-003216,2023-01-20,2023-01-21,2023-01-21,WH-REG-04,Delhivery Express,REG-04,1.8,3,Compliant,2934.87,5.7,1.43
FUL-007515,ORD-007515,2023-01-20,2023-01-21,2023-01-24,WH-REG-03,FedEx Supply,REG-03,4.3,5,Compliant,3982.27,9.0,1.64
FUL-001523,ORD-001523,2023-01-21,2023-01-22,2023-01-25,WH-REG-01,Ecom Express,REG-01,4.2,5,Compliant,2912.8,8.5,1.78
FUL-001728,ORD-001728,2023-01-21,2023-01-23,2023-01-26,WH-REG-05,Delhivery Express,REG-05,5.1,5,Breached,1336.08,8.9,1.5
FUL-003549,ORD-003549,2023-01-21,2023-01-22,2023-01-25,WH-REG-05,Ecom Express,REG-05,4.5,3,Breached,1708.79,9.8,1.44
FUL-004282,ORD-004282,2023-01-21,2023-01-22,2023-01-24,WH-REG-05,Ecom Express,REG-05,3.4,5,Compliant,1193.62,6.7,0.07
FUL-004841,ORD-004841,2023-01-21,2023-01-23,2023-01-27,WH-REG-01,FedEx Supply,REG-01,6.5,5,Breached,2900.55,11.4,1.64
FUL-005370,ORD-005370,2023-01-21,2023-01-22,2023-01-25,WH-REG-03,Delhivery Express,REG-03,4.2,5,Compliant,2962.62,10.4,1.64
FUL-007547,ORD-007547,2023-01-21,2023-01-22,2023-01-24,WH-REG-05,Ecom Express,REG-05,3.4,5,Compliant,3218.97,11.7,1.26
FUL-008156,ORD-008156,2023-01-21,2023-01-23,2023-01-26,WH-REG-02,DHL Freight,REG-02,5.9,3,Breached,1844.86,5.9,0.49
FUL-001051,ORD-001051,2023-01-22,2023-01-23,2023-01-25,WH-REG-01,Ecom Express,REG-01,3.2,3,Breached,2102.13,8.4,1.2
FUL-002822,ORD-002822,2023-01-22,2023-01-23,2023-01-25,WH-REG-04,Delhivery Express,REG-04,3.0,5,Compliant,1684.23,11.9,1.33
FUL-002977,ORD-002977,2023-01-22,2023-01-23,2023-01-26,WH-REG-05,BlueDart Logistics,REG-05,4.1,3,Breached,2686.54,7.0,0.32
FUL-003760,ORD-003760,2023-01-22,2023-01-23,2023-01-24,WH-REG-05,Delhivery Express,REG-05,2.1,5,Compliant,4235.34,6.7,1.66
FUL-001806,ORD-001806,2023-01-23,2023-01-24,2023-01-25,WH-REG-03,FedEx Supply,REG-03,2.1,5,Compliant,3925.46,10.6,0.3
FUL-002954,ORD-002954,2023-01-23,2023-01-24,2023-01-25,WH-REG-04,Delhivery Express,REG-04,2.6,5,Compliant,3408.88,5.9,0.4
FUL-003903,ORD-003903,2023-01-23,2023-01-24,2023-01-26,WH-REG-05,DHL Freight,REG-05,3.3,5,Compliant,2828.81,8.4,0.75
FUL-005116,ORD-005116,2023-01-23,2023-01-25,2023-01-28,WH-REG-05,FedEx Supply,REG-05,5.6,5,Breached,2547.7,9.7,0.84
FUL-005316,ORD-005316,2023-01-23,2023-01-25,2023-01-28,WH-REG-04,Ecom Express,REG-04,5.1,5,Breached,2136.76,7.5,1.26
FUL-005599,ORD-005599,2023-01-23,2023-01-25,2023-01-29,WH-REG-03,DHL Freight,REG-03,6.3,5,Breached,4158.39,10.4,0.52
FUL-007142,ORD-007142,2023-01-23,2023-01-24,2023-01-27,WH-REG-05,BlueDart Logistics,REG-05,4.6,5,Compliant,1697.77,9.0,1.24
FUL-008266,ORD-008266,2023-01-23,2023-01-25,2023-01-28,WH-REG-04,DHL Freight,REG-04,5.6,5,Breached,2637.56,7.4,0.77
FUL-008321,ORD-008321,2023-01-23,2023-01-25,2023-01-28,WH-REG-04,DHL Freight,REG-04,5.6,5,Breached,2911.93,8.6,1.37
FUL-000867,ORD-000867,2023-01-24,2023-01-27,2023-02-01,WH-REG-02,Delhivery Express,REG-02,8.6,5,Breached,3868.45,11.5,0.0
FUL-001459,ORD-001459,2023-01-24,2023-01-26,2023-01-30,WH-REG-05,Ecom Express,REG-05,6.3,5,Breached,896.9,11.0,0.06
FUL-001778,ORD-001778,2023-01-24,2023-01-25,2023-01-28,WH-REG-01,DHL Freight,REG-01,4.2,5,Compliant,1276.73,10.9,1.51
FUL-003801,ORD-003801,2023-01-24,2023-01-26,2023-01-29,WH-REG-01,Delhivery Express,REG-01,5.3,5,Breached,3183.7,9.0,0.13
FUL-004274,ORD-004274,2023-01-24,2023-01-25,2023-01-26,WH-REG-05,BlueDart Logistics,REG-05,2.4,5,Compliant,2009.67,6.1,1.32
FUL-005046,ORD-005046,2023-01-24,2023-01-25,2023-01-26,WH-REG-03,Delhivery Express,REG-03,2.5,5,Compliant,1437.27,7.2,1.75
FUL-005473,ORD-005473,2023-01-24,2023-01-26,2023-01-30,WH-REG-02,FedEx Supply,REG-02,6.1,5,Breached,3381.55,7.3,1.31
FUL-006017,ORD-006017,2023-01-24,2023-01-26,2023-01-30,WH-REG-02,FedEx Supply,REG-02,6.3,5,Breached,2469.46,10.1,1.64
FUL-006728,ORD-006728,2023-01-24,2023-01-25,2023-01-26,WH-REG-05,Delhivery Express,REG-05,2.8,3,Compliant,3830.03,8.5,1.31
FUL-001519,ORD-001519,2023-01-25,2023-01-29,2023-02-06,WH-REG-05,BlueDart Logistics,REG-05,12.399999999999999,5,Breached,2886.9,10.5,0.81
FUL-001575,ORD-001575,2023-01-25,2023-01-28,2023-02-03,WH-REG-03,FedEx Supply,REG-03,9.8,5,Breached,1290.22,9.5,0.85
FUL-002073,ORD-002073,2023-01-25,2023-01-27,2023-01-31,WH-REG-05,Ecom Express,REG-05,6.1,5,Breached,2221.8,6.4,1.48
FUL-002409,ORD-002409,2023-01-25,2023-01-27,2023-01-31,WH-REG-03,Ecom Express,REG-03,6.0,3,Breached,1595.71,8.7,0.05
FUL-003159,ORD-003159,2023-01-25,2023-01-26,2023-01-29,WH-REG-05,DHL Freight,REG-05,4.4,5,Compliant,1495.27,6.6,1.77
FUL-003197,ORD-003197,2023-01-25,2023-01-27,2023-01-31,WH-REG-03,BlueDart Logistics,REG-03,6.5,3,Breached,1643.0,11.8,1.44
FUL-004845,ORD-004845,2023-01-25,2023-01-26,2023-01-26,WH-REG-02,Ecom Express,REG-02,1.8,5,Compliant,1123.62,11.4,0.31
FUL-005111,ORD-005111,2023-01-25,2023-01-26,2023-01-27,WH-REG-03,Delhivery Express,REG-03,2.2,5,Compliant,3906.6,6.8,0.18
FUL-001503,ORD-001503,2023-01-26,2023-01-27,2023-01-29,WH-REG-03,FedEx Supply,REG-03,3.5,5,Compliant,3670.6,7.4,1.56
FUL-001940,ORD-001940,2023-01-26,2023-01-28,2023-01-31,WH-REG-03,DHL Freight,REG-03,5.0,5,Compliant,1520.13,7.2,1.64
FUL-002621,ORD-002621,2023-01-26,2023-01-28,2023-02-01,WH-REG-03,BlueDart Logistics,REG-03,6.1,5,Breached,3394.59,7.2,0.11
FUL-004226,ORD-004226,2023-01-26,2023-01-27,2023-01-27,WH-REG-01,Delhivery Express,REG-01,1.5,3,Compliant,2824.12,9.7,0.9
FUL-006041,ORD-006041,2023-01-26,2023-01-27,2023-01-28,WH-REG-05,Delhivery Express,REG-05,2.8,3,Compliant,2300.29,11.4,0.75
FUL-007261,ORD-007261,2023-01-26,2023-01-31,2023-02-08,WH-REG-03,DHL Freight,REG-03,13.0,5,Breached,2639.21,7.2,1.07
FUL-001107,ORD-001107,2023-01-27,2023-01-28,2023-01-31,WH-REG-02,Ecom Express,REG-02,4.6,5,Compliant,2585.85,8.7,0.14
FUL-003923,ORD-003923,2023-01-27,2023-01-29,2023-02-02,WH-REG-05,Ecom Express,REG-05,6.5,5,Breached,1260.01,6.2,1.33
FUL-004906,ORD-004906,2023-01-27,2023-01-29,2023-02-01,WH-REG-03,Ecom Express,REG-03,5.3,5,Breached,3093.66,6.1,1.8
FUL-006170,ORD-006170,2023-01-27,2023-01-29,2023-02-01,WH-REG-01,FedEx Supply,REG-01,5.8,5,Breached,1409.78,11.9,0.92
FUL-002778,ORD-002778,2023-01-28,2023-01-30,2023-02-02,WH-REG-03,Ecom Express,REG-03,5.4,5,Breached,3731.13,11.4,0.6
FUL-003184,ORD-003184,2023-01-28,2023-01-29,2023-01-29,WH-REG-05,FedEx Supply,REG-05,1.4,5,Compliant,2819.42,7.8,1.36
FUL-003823,ORD-003823,2023-01-28,2023-01-30,2023-02-02,WH-REG-02,Ecom Express,REG-02,5.9,5,Breached,1048.95,5.8,1.58
FUL-005162,ORD-005162,2023-01-28,2023-01-29,2023-01-31,WH-REG-05,DHL Freight,REG-05,3.2,5,Compliant,2502.69,9.5,1.47
FUL-006499,ORD-006499,2023-01-28,2023-01-29,2023-01-30,WH-REG-01,DHL Freight,REG-01,2.1,5,Compliant,4094.12,10.2,0.85
FUL-006501,ORD-006501,2023-01-28,2023-01-29,2023-01-29,WH-REG-04,FedEx Supply,REG-04,1.5,5,Compliant,2077.59,10.2,0.45
FUL-006953,ORD-006953,2023-01-28,2023-01-29,2023-02-01,WH-REG-01,BlueDart Logistics,REG-01,4.9,5,Compliant,1523.97,7.9,0.85
FUL-007083,ORD-007083,2023-01-28,2023-01-30,2023-02-02,WH-REG-02,FedEx Supply,REG-02,5.0,5,Compliant,2184.91,5.6,0.57
FUL-007734,ORD-007734,2023-01-28,2023-01-29,2023-01-31,WH-REG-03,BlueDart Logistics,REG-03,3.7,5,Compliant,1333.67,8.3,0.45
FUL-008408,ORD-008408,2023-01-28,2023-01-29,2023-01-30,WH-REG-03,DHL Freight,REG-03,2.0,5,Compliant,2462.32,6.7,0.87
FUL-000495,ORD-000495,2023-01-29,2023-01-31,2023-02-04,WH-REG-02,BlueDart Logistics,REG-02,6.6,5,Breached,1143.79,5.5,0.36
FUL-001184,ORD-001184,2023-01-29,2023-01-30,2023-01-31,WH-REG-03,DHL Freight,REG-03,2.2,5,Compliant,3118.55,9.5,0.54
FUL-001502,ORD-001502,2023-01-29,2023-01-31,2023-02-03,WH-REG-01,Ecom Express,REG-01,5.9,5,Breached,2525.3,6.4,0.84
FUL-002187,ORD-002187,2023-01-29,2023-01-31,2023-02-04,WH-REG-03,Ecom Express,REG-03,6.6,5,Breached,2274.12,6.9,0.96
FUL-002322,ORD-002322,2023-01-29,2023-01-30,2023-01-31,WH-REG-03,BlueDart Logistics,REG-03,2.8,5,Compliant,2148.8,9.9,0.45
FUL-003694,ORD-003694,2023-01-29,2023-01-30,2023-02-02,WH-REG-01,Delhivery Express,REG-01,4.5,5,Compliant,3081.78,5.6,0.69
FUL-005215,ORD-005215,2023-01-29,2023-01-31,2023-02-03,WH-REG-04,FedEx Supply,REG-04,5.4,5,Breached,1947.75,7.3,1.77
FUL-005352,ORD-005352,2023-01-29,2023-01-31,2023-02-03,WH-REG-04,Delhivery Express,REG-04,5.7,3,Breached,3905.31,5.7,1.28
FUL-005519,ORD-005519,2023-01-29,2023-01-30,2023-01-31,WH-REG-02,Delhivery Express,REG-02,2.0,3,Compliant,4410.75,6.0,1.62
FUL-005750,ORD-005750,2023-01-29,2023-01-31,2023-02-03,WH-REG-03,DHL Freight,REG-03,5.5,5,Breached,4470.57,6.7,1.14
FUL-006035,ORD-006035,2023-01-29,2023-01-30,2023-01-31,WH-REG-03,Ecom Express,REG-03,2.6,5,Compliant,1018.58,8.0,0.97
FUL-008067,ORD-008067,2023-01-29,2023-01-30,2023-02-01,WH-REG-03,BlueDart Logistics,REG-03,3.9,5,Compliant,3748.05,7.7,0.47
FUL-008141,ORD-008141,2023-01-29,2023-01-30,2023-02-01,WH-REG-05,BlueDart Logistics,REG-05,3.9,5,Compliant,1143.4,11.5,0.29
FUL-004795,ORD-004795,2023-01-30,2023-02-01,2023-02-05,WH-REG-01,BlueDart Logistics,REG-01,6.1,5,Breached,3307.69,8.1,0.47
FUL-006333,ORD-006333,2023-01-30,2023-02-01,2023-02-04,WH-REG-01,BlueDart Logistics,REG-01,5.4,5,Breached,3339.92,6.2,1.75
FUL-000642,ORD-000642,2023-01-31,2023-02-01,2023-02-03,WH-REG-03,Delhivery Express,REG-03,3.6,5,Compliant,2804.31,8.7,1.1
FUL-000930,ORD-000930,2023-01-31,2023-02-01,2023-02-04,WH-REG-03,FedEx Supply,REG-03,4.0,5,Compliant,4090.15,9.8,1.06
FUL-000971,ORD-000971,2023-01-31,2023-02-02,2023-02-06,WH-REG-01,Ecom Express,REG-01,6.4,3,Breached,2404.37,9.6,0.75
FUL-001210,ORD-001210,2023-01-31,2023-02-01,2023-02-03,WH-REG-03,Ecom Express,REG-03,3.5,5,Compliant,2946.44,11.3,1.72
FUL-001647,ORD-001647,2023-01-31,2023-02-01,2023-02-03,WH-REG-03,Ecom Express,REG-03,3.7,3,Breached,3423.97,6.7,0.35
FUL-001745,ORD-001745,2023-01-31,2023-02-01,2023-02-04,WH-REG-01,DHL Freight,REG-01,4.8,5,Compliant,3641.19,8.5,0.53
FUL-001790,ORD-001790,2023-01-31,2023-02-02,2023-02-06,WH-REG-01,DHL Freight,REG-01,6.4,3,Breached,2298.41,9.6,0.94
FUL-001840,ORD-001840,2023-01-31,2023-02-02,2023-02-05,WH-REG-01,FedEx Supply,REG-01,5.3,5,Breached,2702.44,9.0,0.34
FUL-003203,ORD-003203,2023-01-31,2023-02-02,2023-02-06,WH-REG-03,FedEx Supply,REG-03,6.0,3,Breached,4295.95,6.6,0.42
FUL-006373,ORD-006373,2023-01-31,2023-02-02,2023-02-05,WH-REG-05,DHL Freight,REG-05,5.2,5,Breached,4405.51,10.9,0.13
FUL-007125,ORD-007125,2023-01-31,2023-02-01,2023-02-03,WH-REG-03,DHL Freight,REG-03,3.2,5,Compliant,1037.12,9.7,0.15
FUL-000069,ORD-000069,2023-02-01,2023-02-02,2023-02-03,WH-REG-03,DHL Freight,REG-03,2.1,5,Compliant,3610.91,6.0,1.02
FUL-002857,ORD-002857,2023-02-01,2023-02-03,2023-02-06,WH-REG-05,BlueDart Logistics,REG-05,5.8,5,Breached,4452.88,5.7,1.06
FUL-005002,ORD-005002,2023-02-01,2023-02-02,2023-02-04,WH-REG-01,Ecom Express,REG-01,3.0,5,Compliant,3829.96,10.5,0.76
FUL-006699,ORD-006699,2023-02-01,2023-02-03,2023-02-07,WH-REG-03,FedEx Supply,REG-03,6.4,3,Breached,992.61,8.1,1.76
FUL-006979,ORD-006979,2023-02-01,2023-02-02,2023-02-05,WH-REG-02,FedEx Supply,REG-02,4.4,5,Compliant,1436.4,7.6,0.87
FUL-001580,ORD-001580,2023-02-02,2023-02-03,2023-02-04,WH-REG-02,Ecom Express,REG-02,2.4,5,Compliant,3498.75,9.8,0.4
FUL-002531,ORD-002531,2023-02-02,2023-02-03,2023-02-06,WH-REG-05,FedEx Supply,REG-05,4.5,5,Compliant,2155.44,7.6,0.51
FUL-004202,ORD-004202,2023-02-02,2023-02-04,2023-02-07,WH-REG-01,Ecom Express,REG-01,5.0,5,Compliant,4266.12,10.3,1.13
FUL-004782,ORD-004782,2023-02-02,2023-02-03,2023-02-05,WH-REG-01,DHL Freight,REG-01,3.6,5,Compliant,1794.22,11.5,1.1
FUL-005194,ORD-005194,2023-02-02,2023-02-04,2023-02-08,WH-REG-05,BlueDart Logistics,REG-05,6.199999999999999,5,Breached,2809.81,5.8,0.15
FUL-005321,ORD-005321,2023-02-02,2023-02-04,2023-02-08,WH-REG-05,Delhivery Express,REG-05,6.2,5,Breached,2307.03,8.5,1.53
FUL-006785,ORD-006785,2023-02-02,2023-02-03,2023-02-06,WH-REG-05,BlueDart Logistics,REG-05,4.0,3,Breached,2332.05,10.0,0.46
FUL-008069,ORD-008069,2023-02-02,2023-02-04,2023-02-08,WH-REG-02,Ecom Express,REG-02,6.2,5,Breached,4404.68,10.0,1.72
FUL-000365,ORD-000365,2023-02-03,2023-02-04,2023-02-06,WH-REG-05,DHL Freight,REG-05,3.1,3,Breached,3522.85,11.6,1.37
FUL-002712,ORD-002712,2023-02-03,2023-02-04,2023-02-06,WH-REG-01,Delhivery Express,REG-01,3.2,5,Compliant,1412.57,9.2,1.46
FUL-005243,ORD-005243,2023-02-03,2023-02-05,2023-02-09,WH-REG-01,FedEx Supply,REG-01,6.6,5,Breached,2516.24,11.9,1.78
FUL-000194,ORD-000194,2023-02-04,2023-02-06,2023-02-10,WH-REG-05,Delhivery Express,REG-05,6.7,5,Breached,3012.05,10.3,1.56
FUL-001536,ORD-001536,2023-02-04,2023-02-05,2023-02-07,WH-REG-03,BlueDart Logistics,REG-03,3.3,5,Compliant,3062.04,6.9,1.42
FUL-001666,ORD-001666,2023-02-04,2023-02-05,2023-02-05,WH-REG-03,BlueDart Logistics,REG-03,1.8,5,Compliant,3638.03,9.9,0.85
FUL-003561,ORD-003561,2023-02-04,2023-02-05,2023-02-07,WH-REG-02,BlueDart Logistics,REG-02,3.7,5,Compliant,4158.96,5.6,0.56
FUL-004843,ORD-004843,2023-02-04,2023-02-05,2023-02-06,WH-REG-02,Delhivery Express,REG-02,2.9,3,Compliant,2219.69,8.7,1.03
FUL-007205,ORD-007205,2023-02-04,2023-02-05,2023-02-05,WH-REG-01,FedEx Supply,REG-01,1.3,5,Compliant,3975.75,11.5,0.36
FUL-007279,ORD-007279,2023-02-04,2023-02-05,2023-02-06,WH-REG-03,Delhivery Express,REG-03,2.4,3,Compliant,3966.25,9.4,0.41
FUL-007312,ORD-007312,2023-02-04,2023-02-05,2023-02-06,WH-REG-01,DHL Freight,REG-01,2.2,3,Compliant,1896.53,11.0,1.15
FUL-008490,ORD-008490,2023-02-04,2023-02-05,2023-02-07,WH-REG-02,Delhivery Express,REG-02,3.7,5,Compliant,1238.53,10.3,0.5
FUL-000323,ORD-000323,2023-02-05,2023-02-07,2023-02-10,WH-REG-05,DHL Freight,REG-05,5.1,5,Breached,2958.59,11.7,0.34
FUL-000637,ORD-000637,2023-02-05,2023-02-07,2023-02-10,WH-REG-04,Ecom Express,REG-04,5.2,5,Breached,4054.99,6.3,1.72
FUL-000786,ORD-000786,2023-02-05,2023-02-06,2023-02-08,WH-REG-03,Ecom Express,REG-03,3.4,5,Compliant,2769.0,11.6,1.25
FUL-002792,ORD-002792,2023-02-05,2023-02-06,2023-02-07,WH-REG-03,DHL Freight,REG-03,2.4,3,Compliant,4213.38,11.9,1.18
FUL-003143,ORD-003143,2023-02-05,2023-02-06,2023-02-07,WH-REG-03,BlueDart Logistics,REG-03,2.0,3,Compliant,3298.4,6.0,1.02
FUL-006449,ORD-006449,2023-02-05,2023-02-07,2023-02-10,WH-REG-02,Ecom Express,REG-02,5.2,3,Breached,2023.76,7.7,1.59
FUL-006912,ORD-006912,2023-02-05,2023-02-09,2023-02-15,WH-REG-03,FedEx Supply,REG-03,10.4,5,Breached,2264.87,10.2,0.49
FUL-007338,ORD-007338,2023-02-05,2023-02-06,2023-02-08,WH-REG-05,BlueDart Logistics,REG-05,3.1,5,Compliant,3988.45,7.8,1.75
FUL-008344,ORD-008344,2023-02-05,2023-02-06,2023-02-09,WH-REG-02,Ecom Express,REG-02,4.4,5,Compliant,1389.52,5.5,1.67
FUL-008447,ORD-008447,2023-02-05,2023-02-06,2023-02-09,WH-REG-03,BlueDart Logistics,REG-03,4.8,3,Breached,2840.27,9.6,0.86
FUL-000176,ORD-000176,2023-02-06,2023-02-07,2023-02-08,WH-REG-03,BlueDart Logistics,REG-03,2.6,3,Compliant,2417.78,11.6,1.53
FUL-000429,ORD-000429,2023-02-06,2023-02-07,2023-02-08,WH-REG-05,BlueDart Logistics,REG-05,2.0,5,Compliant,3786.39,7.4,0.01
FUL-000622,ORD-000622,2023-02-06,2023-02-07,2023-02-09,WH-REG-05,Ecom Express,REG-05,3.9,5,Compliant,1376.58,5.9,0.07
FUL-003897,ORD-003897,2023-02-06,2023-02-07,2023-02-10,WH-REG-02,FedEx Supply,REG-02,4.3,5,Compliant,1489.84,7.7,1.22
FUL-005442,ORD-005442,2023-02-06,2023-02-08,2023-02-12,WH-REG-04,DHL Freight,REG-04,6.5,5,Breached,3816.56,9.5,0.33
FUL-005528,ORD-005528,2023-02-06,2023-02-08,2023-02-11,WH-REG-05,FedEx Supply,REG-05,5.7,5,Breached,1195.39,7.8,0.16
FUL-005939,ORD-005939,2023-02-06,2023-02-07,2023-02-10,WH-REG-04,DHL Freight,REG-04,4.0,5,Compliant,1374.01,11.1,0.39
FUL-006377,ORD-006377,2023-02-06,2023-02-08,2023-02-11,WH-REG-02,DHL Freight,REG-02,5.4,5,Breached,2549.54,8.0,0.02
FUL-008056,ORD-008056,2023-02-06,2023-02-07,2023-02-10,WH-REG-04,Ecom Express,REG-04,4.8,5,Compliant,1727.23,11.8,1.37
FUL-008470,ORD-008470,2023-02-06,2023-02-08,2023-02-12,WH-REG-02,Delhivery Express,REG-02,6.5,5,Breached,2951.6,11.3,1.6
FUL-000447,ORD-000447,2023-02-07,2023-02-08,2023-02-10,WH-REG-02,BlueDart Logistics,REG-02,3.8,5,Compliant,1356.43,8.6,0.55
FUL-001209,ORD-001209,2023-02-07,2023-02-08,2023-02-09,WH-REG-02,BlueDart Logistics,REG-02,2.9,5,Compliant,876.6,8.0,1.71
FUL-002872,ORD-002872,2023-02-07,2023-02-09,2023-02-13,WH-REG-03,DHL Freight,REG-03,6.1,5,Breached,2171.09,6.5,0.38
FUL-002968,ORD-002968,2023-02-07,2023-02-08,2023-02-09,WH-REG-04,FedEx Supply,REG-04,2.4,5,Compliant,3393.16,10.7,0.71
FUL-003339,ORD-003339,2023-02-07,2023-02-08,2023-02-10,WH-REG-02,Delhivery Express,REG-02,3.1,5,Compliant,3712.88,6.9,0.55
FUL-004426,ORD-004426,2023-02-07,2023-02-09,2023-02-13,WH-REG-01,Delhivery Express,REG-01,6.2,5,Breached,1349.89,11.1,1.71
FUL-004628,ORD-004628,2023-02-07,2023-02-08,2023-02-09,WH-REG-01,BlueDart Logistics,REG-01,2.7,5,Compliant,1786.63,11.5,0.87
FUL-005368,ORD-005368,2023-02-07,2023-02-08,2023-02-09,WH-REG-02,BlueDart Logistics,REG-02,2.6,3,Compliant,3048.15,7.4,0.59
FUL-002739,ORD-002739,2023-02-08,2023-02-09,2023-02-12,WH-REG-03,BlueDart Logistics,REG-03,4.2,5,Compliant,1075.2,6.2,1.05
FUL-003911,ORD-003911,2023-02-08,2023-02-10,2023-02-13,WH-REG-04,BlueDart Logistics,REG-04,5.8,5,Breached,4248.85,7.3,0.5
FUL-004105,ORD-004105,2023-02-08,2023-02-09,2023-02-09,WH-REG-03,Delhivery Express,REG-03,1.4,5,Compliant,2981.28,9.3,0.1
FUL-006197,ORD-006197,2023-02-08,2023-02-10,2023-02-13,WH-REG-01,Delhivery Express,REG-01,5.8,5,Breached,2966.63,5.6,0.74
FUL-000180,ORD-000180,2023-02-09,2023-02-11,2023-02-15,WH-REG-02,Ecom Express,REG-02,6.4,5,Breached,2325.24,8.9,0.53
FUL-001711,ORD-001711,2023-02-09,2023-02-10,2023-02-12,WH-REG-02,FedEx Supply,REG-02,3.0,5,Compliant,1417.55,11.0,0.63
FUL-001847,ORD-001847,2023-02-09,2023-02-10,2023-02-12,WH-REG-04,DHL Freight,REG-04,3.4,5,Compliant,2074.83,11.0,1.25
FUL-001863,ORD-001863,2023-02-09,2023-02-10,2023-02-11,WH-REG-05,FedEx Supply,REG-05,2.9,3,Compliant,1490.23,5.6,0.89
FUL-003321,ORD-003321,2023-02-09,2023-02-10,2023-02-11,WH-REG-05,Ecom Express,REG-05,2.4,5,Compliant,1326.3,8.4,0.73
FUL-003434,ORD-003434,2023-02-09,2023-02-10,2023-02-11,WH-REG-04,Ecom Express,REG-04,2.8,5,Compliant,3635.07,8.3,0.31
FUL-006048,ORD-006048,2023-02-09,2023-02-10,2023-02-13,WH-REG-03,BlueDart Logistics,REG-03,4.6,5,Compliant,1487.62,6.2,0.92
FUL-000505,ORD-000505,2023-02-10,2023-02-11,2023-02-14,WH-REG-02,FedEx Supply,REG-02,4.6,5,Compliant,3365.03,5.6,0.33
FUL-001362,ORD-001362,2023-02-10,2023-02-11,2023-02-14,WH-REG-04,Delhivery Express,REG-04,4.9,5,Compliant,2670.4,6.3,1.12
FUL-003112,ORD-003112,2023-02-10,2023-02-11,2023-02-11,WH-REG-05,FedEx Supply,REG-05,1.5,5,Compliant,2738.28,6.9,1.28
FUL-004156,ORD-004156,2023-02-10,2023-02-12,2023-02-15,WH-REG-05,Delhivery Express,REG-05,5.4,5,Breached,4207.54,7.8,0.61
FUL-004507,ORD-004507,2023-02-10,2023-02-12,2023-02-15,WH-REG-01,Delhivery Express,REG-01,5.3,5,Breached,1936.06,8.5,0.87
FUL-005256,ORD-005256,2023-02-10,2023-02-11,2023-02-12,WH-REG-04,DHL Freight,REG-04,2.4,5,Compliant,3467.31,11.8,0.78
FUL-005774,ORD-005774,2023-02-10,2023-02-11,2023-02-14,WH-REG-04,FedEx Supply,REG-04,4.1,5,Compliant,3784.08,7.5,1.78
FUL-005928,ORD-005928,2023-02-10,2023-02-12,2023-02-16,WH-REG-04,DHL Freight,REG-04,6.0,5,Breached,2991.74,9.9,0.12
FUL-006742,ORD-006742,2023-02-10,2023-02-11,2023-02-14,WH-REG-02,Ecom Express,REG-02,4.4,3,Breached,954.14,8.7,0.44
FUL-007143,ORD-007143,2023-02-10,2023-02-12,2023-02-16,WH-REG-02,Ecom Express,REG-02,6.4,5,Breached,4247.91,9.9,1.66
FUL-002345,ORD-002345,2023-02-11,2023-02-12,2023-02-15,WH-REG-03,FedEx Supply,REG-03,4.8,5,Compliant,2918.48,6.8,1.54
FUL-002987,ORD-002987,2023-02-11,2023-02-12,2023-02-14,WH-REG-01,Ecom Express,REG-01,3.8,5,Compliant,926.99,7.6,0.56
FUL-005057,ORD-005057,2023-02-11,2023-02-12,2023-02-12,WH-REG-02,BlueDart Logistics,REG-02,1.8,5,Compliant,4309.0,10.7,0.64
FUL-005309,ORD-005309,2023-02-11,2023-02-12,2023-02-15,WH-REG-03,BlueDart Logistics,REG-03,4.0,5,Compliant,3022.34,9.2,0.98
FUL-007427,ORD-007427,2023-02-11,2023-02-13,2023-02-16,WH-REG-03,DHL Freight,REG-03,5.7,5,Breached,2241.13,7.9,0.19
FUL-000101,ORD-000101,2023-02-12,2023-02-13,2023-02-16,WH-REG-03,Ecom Express,REG-03,4.6,5,Compliant,1112.47,10.9,0.91
FUL-000276,ORD-000276,2023-02-12,2023-02-15,2023-02-20,WH-REG-04,Ecom Express,REG-04,8.2,5,Breached,1529.3,6.9,0.75
FUL-000331,ORD-000331,2023-02-12,2023-02-13,2023-02-15,WH-REG-02,BlueDart Logistics,REG-02,3.2,5,Compliant,3215.71,5.9,0.47
FUL-001310,ORD-001310,2023-02-12,2023-02-13,2023-02-15,WH-REG-01,BlueDart Logistics,REG-01,3.3,5,Compliant,1102.43,9.6,0.17
FUL-006127,ORD-006127,2023-02-12,2023-02-15,2023-02-20,WH-REG-03,DHL Freight,REG-03,8.8,5,Breached,2068.0,8.1,0.27
FUL-006458,ORD-006458,2023-02-12,2023-02-14,2023-02-17,WH-REG-01,Ecom Express,REG-01,5.6,5,Breached,3680.47,11.3,1.09
FUL-007443,ORD-007443,2023-02-12,2023-02-13,2023-02-13,WH-REG-05,DHL Freight,REG-05,1.7,3,Compliant,3377.41,6.6,1.2
FUL-007953,ORD-007953,2023-02-12,2023-02-13,2023-02-13,WH-REG-01,BlueDart Logistics,REG-01,1.4,5,Compliant,2579.54,7.7,0.44
FUL-008189,ORD-008189,2023-02-12,2023-02-13,2023-02-15,WH-REG-03,DHL Freight,REG-03,3.2,3,Breached,1289.56,10.8,0.33
FUL-003695,ORD-003695,2023-02-13,2023-02-15,2023-02-19,WH-REG-03,Delhivery Express,REG-03,6.0,3,Breached,2907.47,5.9,1.48
FUL-003970,ORD-003970,2023-02-13,2023-02-15,2023-02-18,WH-REG-02,DHL Freight,REG-02,5.2,5,Breached,1595.87,6.0,1.75
FUL-004508,ORD-004508,2023-02-13,2023-02-15,2023-02-18,WH-REG-01,Delhivery Express,REG-01,5.5,5,Breached,1059.57,11.0,1.18
FUL-006122,ORD-006122,2023-02-13,2023-02-14,2023-02-15,WH-REG-01,DHL Freight,REG-01,2.4,3,Compliant,3735.15,8.0,0.95
FUL-006529,ORD-006529,2023-02-13,2023-02-15,2023-02-19,WH-REG-01,DHL Freight,REG-01,6.1,3,Breached,2917.2,11.6,0.89
FUL-008394,ORD-008394,2023-02-13,2023-02-14,2023-02-16,WH-REG-04,Delhivery Express,REG-04,3.2,5,Compliant,1948.32,9.5,0.53
FUL-008471,ORD-008471,2023-02-13,2023-02-14,2023-02-17,WH-REG-03,BlueDart Logistics,REG-03,4.3,5,Compliant,1197.19,11.4,0.65
FUL-000167,ORD-000167,2023-02-14,2023-02-16,2023-02-20,WH-REG-05,BlueDart Logistics,REG-05,6.6,5,Breached,2673.64,6.2,0.46
FUL-000894,ORD-000894,2023-02-14,2023-02-15,2023-02-18,WH-REG-03,FedEx Supply,REG-03,4.8,5,Compliant,4253.26,5.5,0.5
FUL-003129,ORD-003129,2023-02-14,2023-02-15,2023-02-16,WH-REG-03,DHL Freight,REG-03,2.6,3,Compliant,1249.93,9.9,1.0
FUL-004095,ORD-004095,2023-02-14,2023-02-15,2023-02-18,WH-REG-01,Delhivery Express,REG-01,4.7,5,Compliant,2342.99,6.7,1.24
FUL-000816,ORD-000816,2023-02-15,2023-02-17,2023-02-21,WH-REG-03,FedEx Supply,REG-03,6.1,3,Breached,4291.16,7.3,1.36
FUL-001146,ORD-001146,2023-02-15,2023-02-17,2023-02-20,WH-REG-01,BlueDart Logistics,REG-01,5.6,5,Breached,3700.81,8.4,1.47
FUL-002906,ORD-002906,2023-02-15,2023-02-17,2023-02-21,WH-REG-01,Ecom Express,REG-01,6.0,5,Breached,2115.56,7.3,1.79
FUL-003641,ORD-003641,2023-02-15,2023-02-16,2023-02-17,WH-REG-05,Ecom Express,REG-05,2.9,5,Compliant,1439.9,11.9,1.3
FUL-004007,ORD-004007,2023-02-15,2023-02-16,2023-02-16,WH-REG-02,BlueDart Logistics,REG-02,1.9,5,Compliant,1048.48,11.2,1.36
FUL-008259,ORD-008259,2023-02-15,2023-02-16,2023-02-18,WH-REG-01,Delhivery Express,REG-01,3.1,5,Compliant,1550.61,10.8,1.31
FUL-008327,ORD-008327,2023-02-15,2023-02-17,2023-02-21,WH-REG-04,FedEx Supply,REG-04,6.3,5,Breached,4276.84,9.3,1.28
FUL-000789,ORD-000789,2023-02-16,2023-02-17,2023-02-19,WH-REG-05,DHL Freight,REG-05,3.7,5,Compliant,1374.65,5.6,1.32
FUL-000804,ORD-000804,2023-02-16,2023-02-17,2023-02-18,WH-REG-02,Ecom Express,REG-02,2.3,5,Compliant,3491.84,10.9,0.53
FUL-001115,ORD-001115,2023-02-16,2023-02-17,2023-02-17,WH-REG-04,DHL Freight,REG-04,1.8,5,Compliant,2743.73,8.4,0.3
FUL-001374,ORD-001374,2023-02-16,2023-02-18,2023-02-22,WH-REG-02,FedEx Supply,REG-02,6.8,5,Breached,1686.11,7.7,1.77
FUL-003317,ORD-003317,2023-02-16,2023-02-17,2023-02-20,WH-REG-05,FedEx Supply,REG-05,4.4,3,Breached,4418.37,8.2,1.77
FUL-003612,ORD-003612,2023-02-16,2023-02-18,2023-02-22,WH-REG-01,Ecom Express,REG-01,6.6,5,Breached,3225.04,11.4,1.35
FUL-003738,ORD-003738,2023-02-16,2023-02-17,2023-02-18,WH-REG-03,Delhivery Express,REG-03,2.1,5,Compliant,3943.16,7.7,1.41
FUL-003761,ORD-003761,2023-02-16,2023-02-18,2023-02-22,WH-REG-05,Delhivery Express,REG-05,6.6,5,Breached,4259.5,8.1,0.47
FUL-005154,ORD-005154,2023-02-16,2023-02-17,2023-02-17,WH-REG-05,Ecom Express,REG-05,1.2,5,Compliant,1780.01,6.9,1.57
FUL-005598,ORD-005598,2023-02-16,2023-02-18,2023-02-22,WH-REG-03,DHL Freight,REG-03,6.2,5,Breached,4068.34,10.1,1.58
FUL-000632,ORD-000632,2023-02-17,2023-02-18,2023-02-19,WH-REG-05,FedEx Supply,REG-05,2.0,5,Compliant,1151.15,9.6,1.23
FUL-001564,ORD-001564,2023-02-17,2023-02-19,2023-02-23,WH-REG-02,Delhivery Express,REG-02,6.7,5,Breached,972.46,9.6,0.55
FUL-001623,ORD-001623,2023-02-17,2023-02-18,2023-02-21,WH-REG-01,Delhivery Express,REG-01,4.9,5,Compliant,4374.33,6.7,1.8
FUL-002099,ORD-002099,2023-02-17,2023-02-18,2023-02-20,WH-REG-05,Ecom Express,REG-05,3.9,3,Breached,1951.24,11.0,1.65
FUL-002623,ORD-002623,2023-02-17,2023-02-19,2023-02-22,WH-REG-05,FedEx Supply,REG-05,5.9,5,Breached,1307.25,10.2,0.56
FUL-002843,ORD-002843,2023-02-17,2023-02-18,2023-02-21,WH-REG-05,Delhivery Express,REG-05,4.2,5,Compliant,2366.58,10.4,0.5
FUL-003416,ORD-003416,2023-02-17,2023-02-19,2023-02-23,WH-REG-01,DHL Freight,REG-01,6.1,5,Breached,3517.21,9.5,1.66
FUL-003765,ORD-003765,2023-02-17,2023-02-18,2023-02-21,WH-REG-04,Ecom Express,REG-04,4.4,5,Compliant,4044.05,6.2,1.53
FUL-004652,ORD-004652,2023-02-17,2023-02-19,2023-02-22,WH-REG-04,Delhivery Express,REG-04,5.2,5,Breached,1922.21,7.6,0.57
FUL-005978,ORD-005978,2023-02-17,2023-02-18,2023-02-21,WH-REG-03,Delhivery Express,REG-03,4.5,5,Compliant,1543.1,9.3,1.54
FUL-006884,ORD-006884,2023-02-17,2023-02-18,2023-02-21,WH-REG-05,Delhivery Express,REG-05,4.2,5,Compliant,3212.72,8.1,0.95
FUL-000275,ORD-000275,2023-02-18,2023-02-20,2023-02-24,WH-REG-01,DHL Freight,REG-01,6.5,5,Breached,1740.09,10.7,0.54
FUL-001592,ORD-001592,2023-02-18,2023-02-19,2023-02-22,WH-REG-02,BlueDart Logistics,REG-02,4.6,5,Compliant,1797.51,8.8,0.2
FUL-003921,ORD-003921,2023-02-18,2023-02-19,2023-02-22,WH-REG-02,FedEx Supply,REG-02,4.6,5,Compliant,870.77,11.9,0.64
FUL-004297,ORD-004297,2023-02-18,2023-02-19,2023-02-19,WH-REG-01,Ecom Express,REG-01,1.8,5,Compliant,4251.93,5.7,0.47
FUL-004659,ORD-004659,2023-02-18,2023-02-19,2023-02-21,WH-REG-04,DHL Freight,REG-04,3.3,5,Compliant,2653.28,11.9,0.64
FUL-004877,ORD-004877,2023-02-18,2023-02-19,2023-02-21,WH-REG-05,DHL Freight,REG-05,3.9,5,Compliant,3217.18,9.4,0.49
FUL-007218,ORD-007218,2023-02-18,2023-02-19,2023-02-21,WH-REG-02,BlueDart Logistics,REG-02,3.8,5,Compliant,2121.76,7.1,0.36
FUL-000205,ORD-000205,2023-02-19,2023-02-20,2023-02-22,WH-REG-01,FedEx Supply,REG-01,3.5,5,Compliant,1639.01,9.4,0.54
FUL-000549,ORD-000549,2023-02-19,2023-02-21,2023-02-24,WH-REG-05,DHL Freight,REG-05,5.9,3,Breached,3377.2,10.1,0.28
FUL-001937,ORD-001937,2023-02-19,2023-02-21,2023-02-24,WH-REG-03,Delhivery Express,REG-03,5.9,5,Breached,4455.55,5.7,0.88
FUL-002149,ORD-002149,2023-02-19,2023-02-20,2023-02-22,WH-REG-05,Ecom Express,REG-05,3.6,5,Compliant,3549.42,10.5,0.66
FUL-002485,ORD-002485,2023-02-19,2023-02-20,2023-02-21,WH-REG-03,BlueDart Logistics,REG-03,2.1,5,Compliant,2850.85,10.5,0.39
FUL-004596,ORD-004596,2023-02-19,2023-02-20,2023-02-21,WH-REG-02,FedEx Supply,REG-02,2.6,5,Compliant,2623.02,8.0,1.04
FUL-005003,ORD-005003,2023-02-19,2023-02-20,2023-02-23,WH-REG-05,Delhivery Express,REG-05,4.1,5,Compliant,3303.7,6.2,1.53
FUL-005330,ORD-005330,2023-02-19,2023-02-20,2023-02-23,WH-REG-03,FedEx Supply,REG-03,4.8,5,Compliant,2578.05,7.7,0.38
FUL-005820,ORD-005820,2023-02-19,2023-02-20,2023-02-23,WH-REG-01,Delhivery Express,REG-01,4.6,5,Compliant,1670.12,6.0,1.37
FUL-006092,ORD-006092,2023-02-19,2023-02-21,2023-02-24,WH-REG-01,DHL Freight,REG-01,5.1,3,Breached,2484.04,10.9,0.48
FUL-006399,ORD-006399,2023-02-19,2023-02-20,2023-02-23,WH-REG-04,DHL Freight,REG-04,4.1,5,Compliant,2769.0,6.4,0.81
FUL-000834,ORD-000834,2023-02-20,2023-02-21,2023-02-21,WH-REG-01,DHL Freight,REG-01,1.6,5,Compliant,1204.52,7.1,1.11
FUL-000913,ORD-000913,2023-02-20,2023-02-21,2023-02-24,WH-REG-01,BlueDart Logistics,REG-01,4.9,3,Breached,2287.7,11.6,1.09
FUL-001167,ORD-001167,2023-02-20,2023-02-21,2023-02-24,WH-REG-03,BlueDart Logistics,REG-03,4.0,3,Breached,3355.8,7.7,1.28
FUL-002535,ORD-002535,2023-02-20,2023-02-21,2023-02-24,WH-REG-05,Ecom Express,REG-05,4.3,3,Breached,4326.11,10.4,0.04
FUL-003026,ORD-003026,2023-02-20,2023-02-21,2023-02-24,WH-REG-01,BlueDart Logistics,REG-01,4.4,3,Breached,3972.83,7.4,1.05
FUL-003261,ORD-003261,2023-02-20,2023-02-21,2023-02-24,WH-REG-05,Ecom Express,REG-05,4.2,5,Compliant,3728.09,11.4,1.52
FUL-004130,ORD-004130,2023-02-20,2023-02-21,2023-02-22,WH-REG-03,FedEx Supply,REG-03,2.1,3,Compliant,1328.28,7.5,1.61
FUL-006052,ORD-006052,2023-02-20,2023-02-21,2023-02-23,WH-REG-01,FedEx Supply,REG-01,3.2,3,Breached,3896.56,7.6,0.94
FUL-006551,ORD-006551,2023-02-20,2023-02-21,2023-02-24,WH-REG-05,Ecom Express,REG-05,4.4,5,Compliant,1648.11,9.1,0.83
FUL-002956,ORD-002956,2023-02-21,2023-02-23,2023-02-26,WH-REG-01,BlueDart Logistics,REG-01,5.4,5,Breached,3344.74,6.1,0.4
FUL-002995,ORD-002995,2023-02-21,2023-02-23,2023-02-27,WH-REG-05,Ecom Express,REG-05,6.7,3,Breached,1986.57,11.5,1.56
FUL-003868,ORD-003868,2023-02-21,2023-02-22,2023-02-24,WH-REG-04,FedEx Supply,REG-04,3.5,5,Compliant,1289.89,6.5,1.55
FUL-004673,ORD-004673,2023-02-21,2023-02-22,2023-02-23,WH-REG-04,FedEx Supply,REG-04,2.7,5,Compliant,2948.46,9.7,1.43
FUL-007082,ORD-007082,2023-02-21,2023-02-22,2023-02-24,WH-REG-04,Delhivery Express,REG-04,3.4,5,Compliant,1215.79,8.8,0.6
FUL-007690,ORD-007690,2023-02-21,2023-02-22,2023-02-25,WH-REG-01,BlueDart Logistics,REG-01,4.3,3,Breached,3918.71,9.9,0.48
FUL-007726,ORD-007726,2023-02-21,2023-02-23,2023-02-26,WH-REG-04,Delhivery Express,REG-04,5.3,5,Breached,3358.18,11.8,1.08
FUL-000196,ORD-000196,2023-02-22,2023-02-23,2023-02-24,WH-REG-02,FedEx Supply,REG-02,2.8,3,Compliant,3895.92,10.3,0.49
FUL-003430,ORD-003430,2023-02-22,2023-02-23,2023-02-24,WH-REG-03,Ecom Express,REG-03,2.1,5,Compliant,2924.99,10.8,0.9
FUL-004593,ORD-004593,2023-02-22,2023-02-24,2023-02-28,WH-REG-05,Ecom Express,REG-05,6.3,5,Breached,3123.93,10.2,0.14
FUL-004748,ORD-004748,2023-02-22,2023-02-23,2023-02-24,WH-REG-02,DHL Freight,REG-02,2.8,5,Compliant,2742.14,6.0,1.68
FUL-005272,ORD-005272,2023-02-22,2023-02-23,2023-02-23,WH-REG-01,Delhivery Express,REG-01,1.7,5,Compliant,2928.62,9.4,0.06
FUL-005586,ORD-005586,2023-02-22,2023-02-24,2023-02-27,WH-REG-01,Delhivery Express,REG-01,5.4,5,Breached,2280.35,7.0,0.83
FUL-006077,ORD-006077,2023-02-22,2023-02-23,2023-02-25,WH-REG-05,Delhivery Express,REG-05,3.4,5,Compliant,3736.22,6.2,0.69
FUL-006500,ORD-006500,2023-02-22,2023-02-24,2023-02-27,WH-REG-05,Ecom Express,REG-05,5.7,3,Breached,1060.89,6.2,0.58
FUL-007094,ORD-007094,2023-02-22,2023-02-23,2023-02-24,WH-REG-03,DHL Freight,REG-03,2.1,5,Compliant,1872.68,11.5,1.32
FUL-007273,ORD-007273,2023-02-22,2023-02-23,2023-02-26,WH-REG-05,Ecom Express,REG-05,4.0,5,Compliant,3774.07,7.2,1.02
FUL-000018,ORD-000018,2023-02-23,2023-02-24,2023-02-25,WH-REG-04,BlueDart Logistics,REG-04,2.7,5,Compliant,1870.33,10.7,0.44
FUL-000557,ORD-000557,2023-02-23,2023-02-25,2023-03-01,WH-REG-02,Ecom Express,REG-02,6.1,3,Breached,2327.98,8.3,0.08
FUL-000858,ORD-000858,2023-02-23,2023-02-24,2023-02-27,WH-REG-05,DHL Freight,REG-05,4.0,5,Compliant,3627.37,10.6,0.82
FUL-005535,ORD-005535,2023-02-23,2023-02-24,2023-02-27,WH-REG-05,Ecom Express,REG-05,4.6,5,Compliant,1350.54,10.5,1.11
FUL-005957,ORD-005957,2023-02-23,2023-02-24,2023-02-27,WH-REG-01,Delhivery Express,REG-01,4.6,5,Compliant,3191.24,11.2,1.68
FUL-006152,ORD-006152,2023-02-23,2023-02-24,2023-02-27,WH-REG-05,Ecom Express,REG-05,4.4,3,Breached,3520.07,9.0,0.45
FUL-006330,ORD-006330,2023-02-23,2023-02-25,2023-03-01,WH-REG-01,DHL Freight,REG-01,6.7,5,Breached,3483.08,10.7,1.58
FUL-006417,ORD-006417,2023-02-23,2023-02-25,2023-03-01,WH-REG-01,FedEx Supply,REG-01,6.7,5,Breached,3914.8,11.1,1.33
FUL-006615,ORD-006615,2023-02-23,2023-02-24,2023-02-25,WH-REG-03,Ecom Express,REG-03,2.3,5,Compliant,881.21,6.0,0.39
FUL-006652,ORD-006652,2023-02-23,2023-02-24,2023-02-27,WH-REG-01,BlueDart Logistics,REG-01,4.3,5,Compliant,4063.14,7.4,0.04
FUL-006982,ORD-006982,2023-02-23,2023-02-25,2023-02-28,WH-REG-02,DHL Freight,REG-02,5.6,5,Breached,993.48,7.7,1.51
FUL-000825,ORD-000825,2023-02-24,2023-02-25,2023-02-27,WH-REG-03,FedEx Supply,REG-03,3.3,3,Breached,1656.95,10.4,0.69
FUL-001752,ORD-001752,2023-02-24,2023-02-25,2023-02-26,WH-REG-03,DHL Freight,REG-03,2.3,5,Compliant,3285.69,11.5,0.2
FUL-003006,ORD-003006,2023-02-24,2023-02-26,2023-03-01,WH-REG-01,Delhivery Express,REG-01,5.7,5,Breached,4078.58,5.9,0.38
FUL-003931,ORD-003931,2023-02-24,2023-02-26,2023-03-02,WH-REG-05,FedEx Supply,REG-05,6.6,5,Breached,1056.78,10.4,0.89
FUL-004425,ORD-004425,2023-02-24,2023-02-25,2023-02-28,WH-REG-01,Ecom Express,REG-01,4.3,5,Compliant,961.93,8.4,1.16
FUL-004646,ORD-004646,2023-02-24,2023-02-25,2023-02-28,WH-REG-04,Delhivery Express,REG-04,4.0,5,Compliant,3611.58,6.8,0.31
FUL-006518,ORD-006518,2023-02-24,2023-02-26,2023-03-01,WH-REG-05,DHL Freight,REG-05,5.9,3,Breached,4250.64,8.7,0.39
FUL-006919,ORD-006919,2023-02-24,2023-02-26,2023-03-01,WH-REG-01,DHL Freight,REG-01,5.2,5,Breached,874.97,6.3,0.32
FUL-000612,ORD-000612,2023-02-25,2023-02-26,2023-02-26,WH-REG-05,Ecom Express,REG-05,1.9,5,Compliant,937.81,8.4,0.42
FUL-005318,ORD-005318,2023-02-25,2023-02-26,2023-02-28,WH-REG-01,FedEx Supply,REG-01,3.0,5,Compliant,1825.02,9.1,0.01
FUL-005779,ORD-005779,2023-02-25,2023-02-26,2023-02-26,WH-REG-02,FedEx Supply,REG-02,1.5,5,Compliant,2574.63,9.7,0.53
FUL-005819,ORD-005819,2023-02-25,2023-02-27,2023-03-03,WH-REG-04,BlueDart Logistics,REG-04,6.7,5,Breached,2815.73,11.9,0.35
FUL-006365,ORD-006365,2023-02-25,2023-02-26,2023-02-28,WH-REG-03,Ecom Express,REG-03,3.6,5,Compliant,1724.33,10.5,1.51
FUL-006904,ORD-006904,2023-02-25,2023-02-26,2023-02-27,WH-REG-01,Ecom Express,REG-01,2.5,5,Compliant,900.69,10.0,0.03
FUL-007294,ORD-007294,2023-02-25,2023-02-26,2023-03-01,WH-REG-01,Delhivery Express,REG-01,4.3,5,Compliant,4200.07,10.4,1.35
FUL-000031,ORD-000031,2023-02-26,2023-02-28,2023-03-04,WH-REG-05,Delhivery Express,REG-05,6.5,5,Breached,1941.99,7.3,1.7
FUL-000860,ORD-000860,2023-02-26,2023-02-27,2023-02-27,WH-REG-04,DHL Freight,REG-04,1.6,5,Compliant,2181.53,6.1,1.62
FUL-001699,ORD-001699,2023-02-26,2023-02-27,2023-03-02,WH-REG-01,FedEx Supply,REG-01,4.2,5,Compliant,3205.01,10.0,0.02
FUL-002253,ORD-002253,2023-02-26,2023-02-27,2023-03-02,WH-REG-02,Ecom Express,REG-02,4.6,5,Compliant,1401.61,10.7,1.71
FUL-003039,ORD-003039,2023-02-26,2023-02-27,2023-02-28,WH-REG-01,Delhivery Express,REG-01,2.1,5,Compliant,3560.04,8.8,0.88
FUL-004427,ORD-004427,2023-02-26,2023-02-28,2023-03-03,WH-REG-01,FedEx Supply,REG-01,5.2,3,Breached,2970.34,6.5,1.16
FUL-004654,ORD-004654,2023-02-26,2023-02-28,2023-03-04,WH-REG-03,BlueDart Logistics,REG-03,6.3,3,Breached,3331.58,8.9,1.08
FUL-006115,ORD-006115,2023-02-26,2023-02-28,2023-03-04,WH-REG-03,BlueDart Logistics,REG-03,6.3,5,Breached,1688.31,6.4,1.31
FUL-000897,ORD-000897,2023-02-27,2023-02-28,2023-03-01,WH-REG-03,DHL Freight,REG-03,2.9,5,Compliant,2743.74,6.1,1.44
FUL-002021,ORD-002021,2023-02-27,2023-03-03,2023-03-10,WH-REG-02,FedEx Supply,REG-02,11.399999999999999,5,Breached,1592.6,7.3,1.37
FUL-002116,ORD-002116,2023-02-27,2023-02-28,2023-03-02,WH-REG-05,Delhivery Express,REG-05,3.1,5,Compliant,1356.12,7.5,1.08
FUL-002972,ORD-002972,2023-02-27,2023-02-28,2023-03-03,WH-REG-01,DHL Freight,REG-01,4.0,5,Compliant,2585.75,6.5,0.9
FUL-004969,ORD-004969,2023-02-27,2023-02-28,2023-02-28,WH-REG-04,Ecom Express,REG-04,1.9,5,Compliant,1542.81,5.9,0.1
FUL-005927,ORD-005927,2023-02-27,2023-03-01,2023-03-05,WH-REG-04,DHL Freight,REG-04,6.3,5,Breached,1192.07,7.1,0.53
FUL-006147,ORD-006147,2023-02-27,2023-02-28,2023-03-02,WH-REG-01,Ecom Express,REG-01,3.7,3,Breached,3806.99,7.1,1.67
FUL-007122,ORD-007122,2023-02-27,2023-03-04,2023-03-12,WH-REG-05,FedEx Supply,REG-05,13.9,5,Breached,1406.74,6.4,1.53
FUL-007276,ORD-007276,2023-02-27,2023-02-28,2023-03-02,WH-REG-02,BlueDart Logistics,REG-02,3.0,5,Compliant,1592.23,7.9,0.1
FUL-008060,ORD-008060,2023-02-27,2023-02-28,2023-03-02,WH-REG-03,Delhivery Express,REG-03,3.6,3,Breached,1877.89,9.1,0.12
FUL-008366,ORD-008366,2023-02-27,2023-03-01,2023-03-04,WH-REG-01,DHL Freight,REG-01,5.6,5,Breached,4211.67,6.1,1.1
FUL-002504,ORD-002504,2023-02-28,2023-03-02,2023-03-06,WH-REG-04,DHL Freight,REG-04,6.4,5,Breached,2448.42,11.7,0.34
FUL-002576,ORD-002576,2023-02-28,2023-03-04,2023-03-10,WH-REG-04,Delhivery Express,REG-04,10.2,5,Breached,2991.49,10.1,0.66
FUL-002691,ORD-002691,2023-02-28,2023-03-01,2023-03-01,WH-REG-05,BlueDart Logistics,REG-05,1.5,3,Compliant,4375.55,5.8,0.56
FUL-003163,ORD-003163,2023-02-28,2023-03-01,2023-03-04,WH-REG-01,BlueDart Logistics,REG-01,4.2,5,Compliant,2105.91,6.7,1.07
FUL-003647,ORD-003647,2023-02-28,2023-03-01,2023-03-03,WH-REG-04,BlueDart Logistics,REG-04,3.4,5,Compliant,2597.44,11.0,1.0
FUL-006268,ORD-006268,2023-02-28,2023-03-02,2023-03-06,WH-REG-03,FedEx Supply,REG-03,6.2,5,Breached,1404.76,8.8,1.43
FUL-006492,ORD-006492,2023-02-28,2023-03-02,2023-03-06,WH-REG-01,BlueDart Logistics,REG-01,6.7,3,Breached,4169.4,10.9,1.69
FUL-000215,ORD-000215,2023-03-01,2023-03-05,2023-03-12,WH-REG-05,FedEx Supply,REG-05,11.7,3,Breached,2696.85,9.3,1.16
FUL-001442,ORD-001442,2023-03-01,2023-03-02,2023-03-05,WH-REG-03,FedEx Supply,REG-03,4.9,5,Compliant,3580.74,7.2,0.03
FUL-001969,ORD-001969,2023-03-01,2023-03-03,2023-03-06,WH-REG-01,BlueDart Logistics,REG-01,5.5,3,Breached,3914.89,10.9,1.6
FUL-003534,ORD-003534,2023-03-01,2023-03-02,2023-03-05,WH-REG-05,Ecom Express,REG-05,4.2,5,Compliant,4239.57,6.5,0.7
FUL-003615,ORD-003615,2023-03-01,2023-03-03,2023-03-07,WH-REG-02,Ecom Express,REG-02,6.1,5,Breached,1700.2,7.6,1.22
FUL-006392,ORD-006392,2023-03-01,2023-03-03,2023-03-07,WH-REG-02,BlueDart Logistics,REG-02,6.0,5,Breached,1119.76,10.4,0.39
FUL-007755,ORD-007755,2023-03-01,2023-03-02,2023-03-02,WH-REG-04,BlueDart Logistics,REG-04,1.4,5,Compliant,1633.06,6.8,0.98
FUL-007968,ORD-007968,2023-03-01,2023-03-02,2023-03-04,WH-REG-04,BlueDart Logistics,REG-04,3.6,5,Compliant,3292.69,10.9,1.33
FUL-000595,ORD-000595,2023-03-02,2023-03-03,2023-03-05,WH-REG-01,FedEx Supply,REG-01,3.9,3,Breached,2704.43,10.8,1.55
FUL-005845,ORD-005845,2023-03-02,2023-03-03,2023-03-04,WH-REG-01,Delhivery Express,REG-01,2.1,5,Compliant,3963.08,8.0,0.47
FUL-006543,ORD-006543,2023-03-02,2023-03-03,2023-03-04,WH-REG-02,FedEx Supply,REG-02,2.5,5,Compliant,1652.4,9.3,1.28
FUL-007285,ORD-007285,2023-03-02,2023-03-04,2023-03-07,WH-REG-04,BlueDart Logistics,REG-04,5.2,5,Breached,2685.95,7.5,0.27
FUL-007938,ORD-007938,2023-03-02,2023-03-03,2023-03-06,WH-REG-02,FedEx Supply,REG-02,4.9,5,Compliant,1895.18,7.4,0.76
FUL-008464,ORD-008464,2023-03-02,2023-03-03,2023-03-04,WH-REG-04,Delhivery Express,REG-04,2.3,5,Compliant,1843.63,11.4,0.03
FUL-001524,ORD-001524,2023-03-03,2023-03-04,2023-03-07,WH-REG-02,BlueDart Logistics,REG-02,4.9,5,Compliant,3412.1,6.0,0.99
FUL-001691,ORD-001691,2023-03-03,2023-03-04,2023-03-06,WH-REG-04,BlueDart Logistics,REG-04,3.2,3,Breached,2126.81,11.1,0.62
FUL-003048,ORD-003048,2023-03-03,2023-03-04,2023-03-04,WH-REG-04,DHL Freight,REG-04,1.9,5,Compliant,4321.27,5.7,0.96
FUL-003329,ORD-003329,2023-03-03,2023-03-05,2023-03-08,WH-REG-05,Ecom Express,REG-05,5.7,5,Breached,1079.99,11.0,1.02
FUL-003740,ORD-003740,2023-03-03,2023-03-05,2023-03-08,WH-REG-02,FedEx Supply,REG-02,5.5,5,Breached,1564.78,6.6,0.38
FUL-004049,ORD-004049,2023-03-03,2023-03-05,2023-03-09,WH-REG-01,Ecom Express,REG-01,6.1,5,Breached,2240.75,7.8,1.55
FUL-006686,ORD-006686,2023-03-03,2023-03-05,2023-03-08,WH-REG-05,DHL Freight,REG-05,5.5,5,Breached,3250.54,11.3,1.54
FUL-000229,ORD-000229,2023-03-04,2023-03-07,2023-03-13,WH-REG-02,BlueDart Logistics,REG-02,9.7,5,Breached,3429.4,11.7,1.36
FUL-004320,ORD-004320,2023-03-04,2023-03-06,2023-03-10,WH-REG-02,Ecom Express,REG-02,6.1,5,Breached,3018.29,11.1,0.12
FUL-005709,ORD-005709,2023-03-04,2023-03-05,2023-03-07,WH-REG-05,FedEx Supply,REG-05,3.4,5,Compliant,1539.38,11.6,0.67
FUL-006222,ORD-006222,2023-03-04,2023-03-05,2023-03-06,WH-REG-04,BlueDart Logistics,REG-04,2.6,5,Compliant,1460.43,7.2,0.21
FUL-006324,ORD-006324,2023-03-04,2023-03-05,2023-03-08,WH-REG-04,DHL Freight,REG-04,4.5,3,Breached,1674.23,8.4,0.03
FUL-006882,ORD-006882,2023-03-04,2023-03-06,2023-03-09,WH-REG-01,DHL Freight,REG-01,5.6,5,Breached,3229.9,6.1,1.14
FUL-007691,ORD-007691,2023-03-04,2023-03-05,2023-03-08,WH-REG-03,BlueDart Logistics,REG-03,4.3,5,Compliant,1654.51,11.5,0.2
FUL-008025,ORD-008025,2023-03-04,2023-03-05,2023-03-06,WH-REG-03,Delhivery Express,REG-03,2.9,5,Compliant,2911.79,6.1,0.37
FUL-000260,ORD-000260,2023-03-05,2023-03-06,2023-03-07,WH-REG-04,FedEx Supply,REG-04,2.4,5,Compliant,3951.72,11.1,1.42
FUL-002940,ORD-002940,2023-03-05,2023-03-06,2023-03-07,WH-REG-03,FedEx Supply,REG-03,2.3,5,Compliant,2044.81,11.6,1.47
FUL-003688,ORD-003688,2023-03-05,2023-03-06,2023-03-08,WH-REG-05,Ecom Express,REG-05,3.3,3,Breached,4263.91,12.0,0.29
FUL-005722,ORD-005722,2023-03-05,2023-03-06,2023-03-06,WH-REG-03,BlueDart Logistics,REG-03,1.4,3,Compliant,1570.23,7.7,1.51
FUL-006056,ORD-006056,2023-03-05,2023-03-06,2023-03-06,WH-REG-05,Ecom Express,REG-05,1.7,5,Compliant,989.81,6.4,0.08
FUL-006075,ORD-006075,2023-03-05,2023-03-07,2023-03-11,WH-REG-04,DHL Freight,REG-04,6.5,5,Breached,4413.06,8.7,0.95
FUL-006894,ORD-006894,2023-03-05,2023-03-07,2023-03-11,WH-REG-04,DHL Freight,REG-04,6.7,5,Breached,1803.33,7.0,0.25
FUL-008038,ORD-008038,2023-03-05,2023-03-06,2023-03-09,WH-REG-01,BlueDart Logistics,REG-01,4.7,5,Compliant,988.84,10.7,1.5
FUL-000418,ORD-000418,2023-03-06,2023-03-07,2023-03-08,WH-REG-04,FedEx Supply,REG-04,2.2,5,Compliant,2986.75,10.1,1.57
FUL-000941,ORD-000941,2023-03-06,2023-03-07,2023-03-07,WH-REG-04,FedEx Supply,REG-04,1.6,3,Compliant,4281.11,11.2,1.28
FUL-001648,ORD-001648,2023-03-06,2023-03-07,2023-03-09,WH-REG-01,DHL Freight,REG-01,3.8,3,Breached,1532.22,8.2,1.16
FUL-006327,ORD-006327,2023-03-06,2023-03-07,2023-03-10,WH-REG-01,Delhivery Express,REG-01,4.7,5,Compliant,1400.11,10.9,0.62
FUL-006915,ORD-006915,2023-03-06,2023-03-08,2023-03-11,WH-REG-05,FedEx Supply,REG-05,5.3,5,Breached,3734.54,11.1,1.46
FUL-007387,ORD-007387,2023-03-06,2023-03-08,2023-03-11,WH-REG-04,Delhivery Express,REG-04,5.3,5,Breached,1906.49,7.3,0.45
FUL-007467,ORD-007467,2023-03-06,2023-03-07,2023-03-09,WH-REG-01,BlueDart Logistics,REG-01,3.2,5,Compliant,4199.94,10.0,1.49
FUL-007518,ORD-007518,2023-03-06,2023-03-07,2023-03-09,WH-REG-04,Ecom Express,REG-04,3.8,5,Compliant,1722.52,11.7,0.89
FUL-007823,ORD-007823,2023-03-06,2023-03-08,2023-03-12,WH-REG-02,BlueDart Logistics,REG-02,6.7,5,Breached,891.31,7.0,1.1
FUL-000798,ORD-000798,2023-03-07,2023-03-08,2023-03-08,WH-REG-01,BlueDart Logistics,REG-01,1.5,5,Compliant,3357.85,9.4,0.01
FUL-000841,ORD-000841,2023-03-07,2023-03-08,2023-03-08,WH-REG-03,BlueDart Logistics,REG-03,1.9,5,Compliant,2644.25,9.2,0.67
FUL-002165,ORD-002165,2023-03-07,2023-03-09,2023-03-12,WH-REG-04,Ecom Express,REG-04,5.6,5,Breached,3959.35,7.1,1.63
FUL-003555,ORD-003555,2023-03-07,2023-03-09,2023-03-12,WH-REG-01,FedEx Supply,REG-01,5.3,3,Breached,1705.11,6.9,0.11
FUL-003781,ORD-003781,2023-03-07,2023-03-09,2023-03-13,WH-REG-01,FedEx Supply,REG-01,6.4,5,Breached,2597.49,7.8,0.61
FUL-005063,ORD-005063,2023-03-07,2023-03-08,2023-03-09,WH-REG-02,Ecom Express,REG-02,2.0,3,Compliant,1381.03,9.1,1.14
FUL-005112,ORD-005112,2023-03-07,2023-03-08,2023-03-08,WH-REG-05,DHL Freight,REG-05,1.6,5,Compliant,3233.24,7.6,1.05
FUL-006381,ORD-006381,2023-03-07,2023-03-08,2023-03-11,WH-REG-01,Ecom Express,REG-01,4.2,5,Compliant,2640.63,10.8,1.42
FUL-007364,ORD-007364,2023-03-07,2023-03-08,2023-03-08,WH-REG-05,DHL Freight,REG-05,1.9,5,Compliant,2122.73,9.0,0.53
FUL-000458,ORD-000458,2023-03-08,2023-03-10,2023-03-13,WH-REG-03,DHL Freight,REG-03,5.8,5,Breached,1633.68,10.1,1.64
FUL-000761,ORD-000761,2023-03-08,2023-03-09,2023-03-11,WH-REG-05,Ecom Express,REG-05,3.7,5,Compliant,4344.17,8.9,0.3
FUL-001730,ORD-001730,2023-03-08,2023-03-10,2023-03-13,WH-REG-01,Delhivery Express,REG-01,5.4,3,Breached,1989.48,11.2,0.47
FUL-002581,ORD-002581,2023-03-08,2023-03-09,2023-03-11,WH-REG-01,Delhivery Express,REG-01,3.9,5,Compliant,953.7,7.7,0.68
FUL-003173,ORD-003173,2023-03-08,2023-03-09,2023-03-12,WH-REG-04,FedEx Supply,REG-04,4.7,5,Compliant,2892.94,7.0,0.09
FUL-003905,ORD-003905,2023-03-08,2023-03-09,2023-03-09,WH-REG-02,Delhivery Express,REG-02,1.9,3,Compliant,2690.96,10.2,1.17
FUL-004010,ORD-004010,2023-03-08,2023-03-10,2023-03-13,WH-REG-02,BlueDart Logistics,REG-02,5.8,5,Breached,3722.81,9.8,0.46
FUL-004735,ORD-004735,2023-03-08,2023-03-10,2023-03-13,WH-REG-01,Ecom Express,REG-01,5.2,5,Breached,2631.47,7.2,1.39
FUL-005304,ORD-005304,2023-03-08,2023-03-09,2023-03-09,WH-REG-03,Ecom Express,REG-03,1.5,5,Compliant,3246.89,6.1,0.9
FUL-002252,ORD-002252,2023-03-09,2023-03-11,2023-03-14,WH-REG-05,BlueDart Logistics,REG-05,5.2,5,Breached,1376.5,8.1,1.37
FUL-003924,ORD-003924,2023-03-09,2023-03-11,2023-03-14,WH-REG-04,BlueDart Logistics,REG-04,5.2,5,Breached,1196.51,7.2,0.39
FUL-004058,ORD-004058,2023-03-09,2023-03-11,2023-03-14,WH-REG-01,Delhivery Express,REG-01,5.7,5,Breached,1064.68,7.6,1.55
FUL-007178,ORD-007178,2023-03-09,2023-03-11,2023-03-14,WH-REG-02,FedEx Supply,REG-02,5.4,5,Breached,2276.19,9.1,0.52
FUL-001821,ORD-001821,2023-03-10,2023-03-11,2023-03-11,WH-REG-02,FedEx Supply,REG-02,1.8,5,Compliant,2140.27,9.8,1.76
FUL-003258,ORD-003258,2023-03-10,2023-03-11,2023-03-11,WH-REG-03,Ecom Express,REG-03,1.5,3,Compliant,1768.76,10.4,0.24
FUL-003445,ORD-003445,2023-03-10,2023-03-11,2023-03-14,WH-REG-03,Delhivery Express,REG-03,4.7,5,Compliant,2166.32,7.9,0.96
FUL-003998,ORD-003998,2023-03-10,2023-03-11,2023-03-14,WH-REG-01,BlueDart Logistics,REG-01,4.8,5,Compliant,850.39,11.5,1.36
FUL-006591,ORD-006591,2023-03-10,2023-03-11,2023-03-12,WH-REG-04,DHL Freight,REG-04,2.8,5,Compliant,1854.31,11.1,0.74
FUL-007380,ORD-007380,2023-03-10,2023-03-11,2023-03-14,WH-REG-03,Ecom Express,REG-03,4.8,3,Breached,4484.49,8.3,0.03
FUL-008104,ORD-008104,2023-03-10,2023-03-12,2023-03-16,WH-REG-05,Delhivery Express,REG-05,6.7,3,Breached,3367.14,7.4,0.41
FUL-008381,ORD-008381,2023-03-10,2023-03-11,2023-03-13,WH-REG-05,Delhivery Express,REG-05,3.3,5,Compliant,2658.41,7.4,0.33
FUL-008444,ORD-008444,2023-03-10,2023-03-11,2023-03-11,WH-REG-02,Delhivery Express,REG-02,1.5,5,Compliant,4003.49,7.6,1.09
FUL-001910,ORD-001910,2023-03-11,2023-03-13,2023-03-16,WH-REG-01,Delhivery Express,REG-01,5.7,5,Breached,3665.91,11.5,1.59
FUL-002020,ORD-002020,2023-03-11,2023-03-12,2023-03-13,WH-REG-01,DHL Freight,REG-01,2.4,3,Compliant,1031.39,10.0,0.73
FUL-004380,ORD-004380,2023-03-11,2023-03-12,2023-03-13,WH-REG-05,DHL Freight,REG-05,2.8,5,Compliant,1913.1,8.1,0.36
FUL-000197,ORD-000197,2023-03-12,2023-03-13,2023-03-15,WH-REG-04,Delhivery Express,REG-04,3.0,5,Compliant,2310.18,7.4,0.94
FUL-002607,ORD-002607,2023-03-12,2023-03-14,2023-03-18,WH-REG-01,Delhivery Express,REG-01,6.3,5,Breached,2514.74,5.5,0.5
FUL-003877,ORD-003877,2023-03-12,2023-03-14,2023-03-17,WH-REG-01,Delhivery Express,REG-01,5.5,5,Breached,1592.89,9.5,1.64
FUL-005523,ORD-005523,2023-03-12,2023-03-13,2023-03-14,WH-REG-04,DHL Freight,REG-04,2.8,5,Compliant,3037.92,6.9,0.35
FUL-000530,ORD-000530,2023-03-13,2023-03-15,2023-03-19,WH-REG-02,FedEx Supply,REG-02,6.1,5,Breached,1233.96,6.5,0.58
FUL-001399,ORD-001399,2023-03-13,2023-03-14,2023-03-14,WH-REG-05,DHL Freight,REG-05,1.9,5,Compliant,3935.08,9.0,1.72
FUL-003479,ORD-003479,2023-03-13,2023-03-15,2023-03-19,WH-REG-01,Delhivery Express,REG-01,6.4,5,Breached,1074.52,5.9,0.38
FUL-003513,ORD-003513,2023-03-13,2023-03-14,2023-03-16,WH-REG-05,BlueDart Logistics,REG-05,3.5,5,Compliant,1530.28,10.1,0.26
FUL-003698,ORD-003698,2023-03-13,2023-03-14,2023-03-17,WH-REG-03,DHL Freight,REG-03,4.8,5,Compliant,4456.17,10.8,1.06
FUL-004503,ORD-004503,2023-03-13,2023-03-14,2023-03-15,WH-REG-01,FedEx Supply,REG-01,2.7,5,Compliant,1500.78,7.7,1.38
FUL-005547,ORD-005547,2023-03-13,2023-03-15,2023-03-19,WH-REG-04,Delhivery Express,REG-04,6.7,5,Breached,3718.47,11.7,1.06
FUL-007058,ORD-007058,2023-03-13,2023-03-14,2023-03-14,WH-REG-02,Ecom Express,REG-02,1.8,5,Compliant,2529.7,10.8,0.27
FUL-000115,ORD-000115,2023-03-14,2023-03-15,2023-03-18,WH-REG-04,Delhivery Express,REG-04,4.4,5,Compliant,1032.52,5.8,0.72
FUL-003157,ORD-003157,2023-03-14,2023-03-15,2023-03-18,WH-REG-05,DHL Freight,REG-05,4.5,5,Compliant,1481.1,9.7,1.28
FUL-003167,ORD-003167,2023-03-14,2023-03-15,2023-03-18,WH-REG-01,Ecom Express,REG-01,4.5,5,Compliant,2675.42,9.8,1.36
FUL-003412,ORD-003412,2023-03-14,2023-03-16,2023-03-20,WH-REG-02,FedEx Supply,REG-02,6.0,5,Breached,1525.64,11.7,0.2
FUL-005228,ORD-005228,2023-03-14,2023-03-16,2023-03-20,WH-REG-02,Ecom Express,REG-02,6.2,5,Breached,2251.73,11.8,0.69
FUL-001300,ORD-001300,2023-03-15,2023-03-16,2023-03-19,WH-REG-04,Ecom Express,REG-04,4.1,3,Breached,2048.51,11.5,1.21
FUL-002528,ORD-002528,2023-03-15,2023-03-17,2023-03-20,WH-REG-05,FedEx Supply,REG-05,5.9,3,Breached,3176.67,7.4,0.83
FUL-003596,ORD-003596,2023-03-15,2023-03-16,2023-03-19,WH-REG-03,DHL Freight,REG-03,4.1,5,Compliant,857.27,8.4,1.12
FUL-003602,ORD-003602,2023-03-15,2023-03-16,2023-03-18,WH-REG-05,FedEx Supply,REG-05,3.8,5,Compliant,4027.49,7.0,0.29
FUL-003952,ORD-003952,2023-03-15,2023-03-17,2023-03-20,WH-REG-04,DHL Freight,REG-04,5.5,5,Breached,3226.01,8.2,0.7
FUL-005672,ORD-005672,2023-03-15,2023-03-17,2023-03-21,WH-REG-03,Delhivery Express,REG-03,6.3,3,Breached,3074.84,8.4,0.07
FUL-006106,ORD-006106,2023-03-15,2023-03-16,2023-03-19,WH-REG-05,Delhivery Express,REG-05,4.4,5,Compliant,4068.69,10.7,0.42
FUL-007859,ORD-007859,2023-03-15,2023-03-17,2023-03-20,WH-REG-01,DHL Freight,REG-01,5.3,5,Breached,3871.23,7.9,0.42
FUL-000341,ORD-000341,2023-03-16,2023-03-18,2023-03-22,WH-REG-05,Delhivery Express,REG-05,6.0,5,Breached,1721.19,10.6,0.02
FUL-003181,ORD-003181,2023-03-16,2023-03-18,2023-03-23,WH-REG-03,DHL Freight,REG-03,7.2,3,Breached,2889.95,6.8,0.21
FUL-003232,ORD-003232,2023-03-16,2023-03-17,2023-03-18,WH-REG-02,Ecom Express,REG-02,2.5,5,Compliant,1035.73,7.6,0.12
FUL-003540,ORD-003540,2023-03-16,2023-03-18,2023-03-21,WH-REG-01,Delhivery Express,REG-01,5.6,3,Breached,866.32,9.7,1.77
FUL-004918,ORD-004918,2023-03-16,2023-03-17,2023-03-17,WH-REG-01,Ecom Express,REG-01,1.3,3,Compliant,3961.64,9.8,1.66
FUL-005879,ORD-005879,2023-03-16,2023-03-18,2023-03-21,WH-REG-02,Ecom Express,REG-02,5.0,5,Compliant,2735.19,10.1,0.67
FUL-006279,ORD-006279,2023-03-16,2023-03-17,2023-03-19,WH-REG-04,DHL Freight,REG-04,3.6,5,Compliant,1474.5,6.4,1.15
FUL-000412,ORD-000412,2023-03-17,2023-03-18,2023-03-18,WH-REG-03,Ecom Express,REG-03,1.3,5,Compliant,4368.69,7.4,1.22
FUL-001542,ORD-001542,2023-03-17,2023-03-18,2023-03-20,WH-REG-02,DHL Freight,REG-02,3.6,5,Compliant,2358.29,10.0,0.17
FUL-002938,ORD-002938,2023-03-17,2023-03-18,2023-03-21,WH-REG-05,FedEx Supply,REG-05,4.3,5,Compliant,4473.77,7.8,1.53
FUL-004726,ORD-004726,2023-03-17,2023-03-19,2023-03-22,WH-REG-02,DHL Freight,REG-02,5.8,5,Breached,1647.13,6.8,1.46
FUL-005251,ORD-005251,2023-03-17,2023-03-18,2023-03-19,WH-REG-01,Ecom Express,REG-01,2.2,5,Compliant,3308.45,5.7,0.94
FUL-005386,ORD-005386,2023-03-17,2023-03-19,2023-03-22,WH-REG-01,Ecom Express,REG-01,5.2,5,Breached,2293.15,8.5,1.08
FUL-006782,ORD-006782,2023-03-17,2023-03-18,2023-03-21,WH-REG-01,FedEx Supply,REG-01,4.4,5,Compliant,2472.08,6.6,1.59
FUL-008142,ORD-008142,2023-03-17,2023-03-19,2023-03-22,WH-REG-05,Delhivery Express,REG-05,5.9,5,Breached,4335.89,9.9,1.71
FUL-001252,ORD-001252,2023-03-18,2023-03-19,2023-03-19,WH-REG-05,DHL Freight,REG-05,1.3,5,Compliant,2025.08,5.8,0.84
FUL-001486,ORD-001486,2023-03-18,2023-03-19,2023-03-19,WH-REG-01,Ecom Express,REG-01,1.9,5,Compliant,4041.9,10.7,1.24
FUL-001787,ORD-001787,2023-03-18,2023-03-20,2023-03-24,WH-REG-02,Ecom Express,REG-02,6.5,5,Breached,3018.38,8.6,0.45
FUL-002136,ORD-002136,2023-03-18,2023-03-19,2023-03-22,WH-REG-01,Ecom Express,REG-01,4.6,5,Compliant,3411.06,5.8,0.74
FUL-002432,ORD-002432,2023-03-18,2023-03-20,2023-03-24,WH-REG-04,Delhivery Express,REG-04,6.1,5,Breached,4296.94,6.0,0.05
FUL-002718,ORD-002718,2023-03-18,2023-03-19,2023-03-22,WH-REG-05,DHL Freight,REG-05,4.4,5,Compliant,2248.31,5.8,1.2
FUL-003193,ORD-003193,2023-03-18,2023-03-19,2023-03-19,WH-REG-04,Delhivery Express,REG-04,1.3,5,Compliant,1762.37,7.5,1.26
FUL-003234,ORD-003234,2023-03-18,2023-03-19,2023-03-20,WH-REG-04,Delhivery Express,REG-04,2.4,5,Compliant,1756.07,6.4,0.58
FUL-005358,ORD-005358,2023-03-18,2023-03-19,2023-03-20,WH-REG-05,Ecom Express,REG-05,2.9,5,Compliant,1798.73,10.1,0.61
FUL-005381,ORD-005381,2023-03-18,2023-03-19,2023-03-22,WH-REG-04,Delhivery Express,REG-04,4.7,5,Compliant,3553.95,6.6,1.61
FUL-005611,ORD-005611,2023-03-18,2023-03-20,2023-03-24,WH-REG-05,FedEx Supply,REG-05,6.8,5,Breached,946.13,6.0,0.45
FUL-006724,ORD-006724,2023-03-18,2023-03-19,2023-03-22,WH-REG-05,Delhivery Express,REG-05,4.4,5,Compliant,1802.59,10.0,0.29
FUL-002145,ORD-002145,2023-03-19,2023-03-20,2023-03-22,WH-REG-05,BlueDart Logistics,REG-05,3.7,5,Compliant,2367.38,6.9,1.1
FUL-002727,ORD-002727,2023-03-19,2023-03-21,2023-03-24,WH-REG-01,FedEx Supply,REG-01,5.9,5,Breached,945.33,11.2,1.08
FUL-003115,ORD-003115,2023-03-19,2023-03-20,2023-03-21,WH-REG-04,DHL Freight,REG-04,2.0,5,Compliant,3802.55,11.8,0.67
FUL-003150,ORD-003150,2023-03-19,2023-03-20,2023-03-20,WH-REG-01,Delhivery Express,REG-01,1.5,5,Compliant,3500.97,6.1,1.28
FUL-003736,ORD-003736,2023-03-19,2023-03-21,2023-03-25,WH-REG-02,Delhivery Express,REG-02,6.0,5,Breached,1942.81,8.8,1.46
FUL-006140,ORD-006140,2023-03-19,2023-03-21,2023-03-25,WH-REG-05,FedEx Supply,REG-05,6.5,5,Breached,1908.63,9.8,0.07
FUL-006202,ORD-006202,2023-03-19,2023-03-20,2023-03-22,WH-REG-04,BlueDart Logistics,REG-04,3.5,5,Compliant,3557.69,9.2,0.2
FUL-006773,ORD-006773,2023-03-19,2023-03-21,2023-03-24,WH-REG-04,Delhivery Express,REG-04,5.6,5,Breached,1068.54,5.9,0.55
FUL-006942,ORD-006942,2023-03-19,2023-03-20,2023-03-23,WH-REG-04,BlueDart Logistics,REG-04,4.9,5,Compliant,2391.08,11.7,0.76
FUL-004033,ORD-004033,2023-03-20,2023-03-22,2023-03-26,WH-REG-02,BlueDart Logistics,REG-02,6.1,5,Breached,2793.72,8.8,0.95
FUL-004102,ORD-004102,2023-03-20,2023-03-22,2023-03-26,WH-REG-03,Ecom Express,REG-03,6.4,5,Breached,1216.82,8.5,1.16
FUL-005765,ORD-005765,2023-03-20,2023-03-21,2023-03-24,WH-REG-02,DHL Freight,REG-02,4.7,3,Breached,1547.51,10.3,1.21
FUL-006402,ORD-006402,2023-03-20,2023-03-21,2023-03-21,WH-REG-05,FedEx Supply,REG-05,1.6,5,Compliant,3384.61,6.9,1.12
FUL-007496,ORD-007496,2023-03-20,2023-03-22,2023-03-26,WH-REG-04,FedEx Supply,REG-04,6.6,5,Breached,2957.84,5.8,1.15
FUL-000431,ORD-000431,2023-03-21,2023-03-23,2023-03-26,WH-REG-01,Ecom Express,REG-01,5.4,3,Breached,3629.94,7.0,0.89
FUL-002262,ORD-002262,2023-03-21,2023-03-22,2023-03-22,WH-REG-04,Ecom Express,REG-04,1.2,5,Compliant,4152.39,11.7,0.46
FUL-003546,ORD-003546,2023-03-21,2023-03-22,2023-03-23,WH-REG-02,Delhivery Express,REG-02,2.1,5,Compliant,3677.87,10.0,0.75
FUL-004317,ORD-004317,2023-03-21,2023-03-23,2023-03-27,WH-REG-03,Ecom Express,REG-03,6.2,5,Breached,1299.57,7.2,0.01
FUL-004334,ORD-004334,2023-03-21,2023-03-23,2023-03-27,WH-REG-02,Delhivery Express,REG-02,6.5,5,Breached,4250.96,11.8,0.06
FUL-005882,ORD-005882,2023-03-21,2023-03-23,2023-03-27,WH-REG-01,Ecom Express,REG-01,6.7,5,Breached,2219.28,10.0,1.25
FUL-006617,ORD-006617,2023-03-21,2023-03-22,2023-03-23,WH-REG-03,Delhivery Express,REG-03,2.7,3,Compliant,1094.43,11.1,0.41
FUL-001712,ORD-001712,2023-03-22,2023-03-23,2023-03-23,WH-REG-01,BlueDart Logistics,REG-01,1.6,5,Compliant,3203.38,7.5,0.71
FUL-001782,ORD-001782,2023-03-22,2023-03-23,2023-03-24,WH-REG-03,DHL Freight,REG-03,2.4,5,Compliant,1158.74,6.2,1.13
FUL-002522,ORD-002522,2023-03-22,2023-03-23,2023-03-23,WH-REG-01,DHL Freight,REG-01,1.6,3,Compliant,4005.58,7.0,0.32
FUL-003313,ORD-003313,2023-03-22,2023-03-24,2023-03-27,WH-REG-04,BlueDart Logistics,REG-04,5.3,5,Breached,4337.59,8.6,0.45
FUL-003455,ORD-003455,2023-03-22,2023-03-24,2023-03-28,WH-REG-04,DHL Freight,REG-04,6.7,5,Breached,1027.06,10.1,0.59
FUL-004667,ORD-004667,2023-03-22,2023-03-23,2023-03-23,WH-REG-03,BlueDart Logistics,REG-03,1.4,5,Compliant,2250.02,6.3,1.77
FUL-005345,ORD-005345,2023-03-22,2023-03-23,2023-03-24,WH-REG-02,DHL Freight,REG-02,2.1,5,Compliant,1053.57,11.4,1.02
FUL-005617,ORD-005617,2023-03-22,2023-03-23,2023-03-24,WH-REG-01,FedEx Supply,REG-01,2.7,5,Compliant,3673.34,10.2,0.69
FUL-006405,ORD-006405,2023-03-22,2023-03-24,2023-03-28,WH-REG-02,BlueDart Logistics,REG-02,6.3,5,Breached,4261.68,10.9,1.45
FUL-007923,ORD-007923,2023-03-22,2023-03-24,2023-03-28,WH-REG-01,BlueDart Logistics,REG-01,6.3,3,Breached,3188.96,6.4,1.04
FUL-000283,ORD-000283,2023-03-23,2023-03-24,2023-03-25,WH-REG-03,Ecom Express,REG-03,2.3,5,Compliant,1377.74,6.8,1.38
FUL-001938,ORD-001938,2023-03-23,2023-03-24,2023-03-24,WH-REG-05,DHL Freight,REG-05,1.4,5,Compliant,3726.26,9.7,0.07
FUL-002264,ORD-002264,2023-03-23,2023-03-26,2023-03-31,WH-REG-03,Ecom Express,REG-03,8.3,3,Breached,1940.36,6.4,0.06
FUL-003490,ORD-003490,2023-03-23,2023-03-24,2023-03-25,WH-REG-01,DHL Freight,REG-01,2.3,3,Compliant,1300.75,10.9,1.03
FUL-004264,ORD-004264,2023-03-23,2023-03-24,2023-03-26,WH-REG-02,Ecom Express,REG-02,3.7,3,Breached,1382.52,7.7,1.32
FUL-005052,ORD-005052,2023-03-23,2023-03-24,2023-03-27,WH-REG-01,DHL Freight,REG-01,4.0,3,Breached,1286.04,5.8,1.63
FUL-006538,ORD-006538,2023-03-23,2023-03-24,2023-03-26,WH-REG-05,Delhivery Express,REG-05,3.8,5,Compliant,4389.04,9.0,1.29
FUL-006990,ORD-006990,2023-03-23,2023-03-25,2023-03-28,WH-REG-01,DHL Freight,REG-01,5.8,5,Breached,2169.78,11.4,0.71
FUL-007403,ORD-007403,2023-03-23,2023-03-24,2023-03-24,WH-REG-01,BlueDart Logistics,REG-01,1.9,5,Compliant,4471.59,9.4,1.68
FUL-000617,ORD-000617,2023-03-24,2023-03-26,2023-03-30,WH-REG-01,FedEx Supply,REG-01,6.4,5,Breached,1426.45,5.7,0.22
FUL-001326,ORD-001326,2023-03-24,2023-03-26,2023-03-29,WH-REG-01,Ecom Express,REG-01,5.5,5,Breached,2301.65,8.0,0.2
FUL-004321,ORD-004321,2023-03-24,2023-03-25,2023-03-27,WH-REG-04,DHL Freight,REG-04,3.8,5,Compliant,2081.64,6.2,0.8
FUL-004660,ORD-004660,2023-03-24,2023-03-25,2023-03-25,WH-REG-01,FedEx Supply,REG-01,1.6,5,Compliant,3876.94,9.6,1.09
FUL-005301,ORD-005301,2023-03-24,2023-03-25,2023-03-25,WH-REG-02,Ecom Express,REG-02,1.6,5,Compliant,3956.59,9.9,0.99
FUL-008208,ORD-008208,2023-03-24,2023-03-25,2023-03-26,WH-REG-03,Delhivery Express,REG-03,2.6,5,Compliant,2016.28,7.4,1.5
FUL-000017,ORD-000017,2023-03-25,2023-03-26,2023-03-26,WH-REG-01,FedEx Supply,REG-01,1.4,5,Compliant,2029.31,11.3,0.97
FUL-000646,ORD-000646,2023-03-25,2023-03-26,2023-03-29,WH-REG-01,Ecom Express,REG-01,4.1,5,Compliant,4316.35,10.0,1.14
FUL-003987,ORD-003987,2023-03-25,2023-03-26,2023-03-28,WH-REG-04,BlueDart Logistics,REG-04,3.4,5,Compliant,1727.12,8.6,1.41
FUL-004101,ORD-004101,2023-03-25,2023-03-26,2023-03-29,WH-REG-04,Ecom Express,REG-04,4.2,5,Compliant,2959.68,10.9,1.12
FUL-005367,ORD-005367,2023-03-25,2023-03-27,2023-03-30,WH-REG-01,FedEx Supply,REG-01,5.5,5,Breached,2293.96,8.0,0.26
FUL-007306,ORD-007306,2023-03-25,2023-03-26,2023-03-29,WH-REG-05,BlueDart Logistics,REG-05,4.4,5,Compliant,1972.28,9.7,0.62
FUL-007842,ORD-007842,2023-03-25,2023-03-27,2023-03-31,WH-REG-01,BlueDart Logistics,REG-01,6.7,3,Breached,3103.87,5.5,0.34
FUL-007877,ORD-007877,2023-03-25,2023-03-26,2023-03-28,WH-REG-05,DHL Freight,REG-05,3.8,3,Breached,2795.97,11.2,1.61
FUL-008441,ORD-008441,2023-03-25,2023-03-26,2023-03-27,WH-REG-02,FedEx Supply,REG-02,2.5,5,Compliant,2966.67,11.7,0.37
FUL-001528,ORD-001528,2023-03-26,2023-03-27,2023-03-29,WH-REG-01,DHL Freight,REG-01,3.7,5,Compliant,2909.92,7.8,1.04
FUL-001808,ORD-001808,2023-03-26,2023-03-27,2023-03-28,WH-REG-01,Ecom Express,REG-01,2.9,5,Compliant,1376.36,8.4,1.51
FUL-002813,ORD-002813,2023-03-26,2023-03-28,2023-03-31,WH-REG-04,BlueDart Logistics,REG-04,5.6,5,Breached,1654.29,10.1,0.45
FUL-003060,ORD-003060,2023-03-26,2023-03-28,2023-03-31,WH-REG-02,Ecom Express,REG-02,5.4,5,Breached,1799.18,11.9,1.16
FUL-003806,ORD-003806,2023-03-26,2023-03-27,2023-03-28,WH-REG-02,BlueDart Logistics,REG-02,2.9,5,Compliant,1480.73,6.4,0.5
FUL-004414,ORD-004414,2023-03-26,2023-03-28,2023-03-31,WH-REG-03,Delhivery Express,REG-03,5.0,5,Compliant,3567.11,11.5,1.37
FUL-005721,ORD-005721,2023-03-26,2023-03-27,2023-03-30,WH-REG-04,FedEx Supply,REG-04,4.8,5,Compliant,4209.92,5.6,1.35
FUL-005839,ORD-005839,2023-03-26,2023-03-28,2023-03-31,WH-REG-04,FedEx Supply,REG-04,5.4,3,Breached,916.78,8.0,1.24
FUL-000056,ORD-000056,2023-03-27,2023-03-29,2023-04-02,WH-REG-05,Ecom Express,REG-05,6.2,5,Breached,4098.59,9.3,0.87
FUL-000247,ORD-000247,2023-03-27,2023-03-28,2023-03-29,WH-REG-03,DHL Freight,REG-03,2.5,5,Compliant,3164.7,6.1,0.6
FUL-000259,ORD-000259,2023-03-27,2023-03-28,2023-03-31,WH-REG-03,FedEx Supply,REG-03,4.8,5,Compliant,887.99,8.7,0.34
FUL-000453,ORD-000453,2023-03-27,2023-03-28,2023-03-29,WH-REG-03,BlueDart Logistics,REG-03,2.9,5,Compliant,1499.77,7.4,1.21
FUL-000563,ORD-000563,2023-03-27,2023-03-30,2023-04-03,WH-REG-03,FedEx Supply,REG-03,7.699999999999999,5,Breached,2474.11,8.3,0.62
FUL-000899,ORD-000899,2023-03-27,2023-03-29,2023-04-02,WH-REG-02,Delhivery Express,REG-02,6.2,3,Breached,1579.94,7.7,0.12
FUL-000988,ORD-000988,2023-03-27,2023-03-28,2023-03-28,WH-REG-01,BlueDart Logistics,REG-01,1.7,5,Compliant,1767.11,6.5,0.15
FUL-002847,ORD-002847,2023-03-27,2023-03-28,2023-03-31,WH-REG-04,DHL Freight,REG-04,4.2,5,Compliant,2518.86,7.4,0.62
FUL-002981,ORD-002981,2023-03-27,2023-03-29,2023-04-02,WH-REG-05,Ecom Express,REG-05,6.6,5,Breached,3666.15,7.1,0.36
FUL-003398,ORD-003398,2023-03-27,2023-03-28,2023-03-28,WH-REG-02,Delhivery Express,REG-02,1.4,3,Compliant,3565.82,11.0,0.73
FUL-003544,ORD-003544,2023-03-27,2023-03-28,2023-03-28,WH-REG-05,Delhivery Express,REG-05,1.7,5,Compliant,2962.13,10.0,1.07
FUL-005139,ORD-005139,2023-03-27,2023-03-29,2023-04-02,WH-REG-02,DHL Freight,REG-02,6.5,3,Breached,1095.43,6.2,0.55
FUL-006793,ORD-006793,2023-03-27,2023-03-28,2023-03-30,WH-REG-03,Ecom Express,REG-03,3.8,5,Compliant,3711.68,8.6,1.27
FUL-007185,ORD-007185,2023-03-27,2023-03-29,2023-04-02,WH-REG-01,Delhivery Express,REG-01,6.2,5,Breached,3767.08,10.6,0.83
FUL-007445,ORD-007445,2023-03-27,2023-03-28,2023-03-29,WH-REG-05,BlueDart Logistics,REG-05,2.9,5,Compliant,2266.63,10.5,0.28
FUL-007759,ORD-007759,2023-03-27,2023-03-29,2023-04-01,WH-REG-04,Ecom Express,REG-04,5.7,3,Breached,1717.8,9.6,1.39
FUL-001879,ORD-001879,2023-03-28,2023-03-29,2023-03-31,WH-REG-03,Ecom Express,REG-03,3.5,5,Compliant,3958.32,11.8,1.3
FUL-002077,ORD-002077,2023-03-28,2023-03-30,2023-04-02,WH-REG-01,DHL Freight,REG-01,5.0,5,Compliant,4314.42,6.5,0.45
FUL-003050,ORD-003050,2023-03-28,2023-03-30,2023-04-02,WH-REG-01,Ecom Express,REG-01,5.2,3,Breached,1454.78,7.0,0.16
FUL-004091,ORD-004091,2023-03-28,2023-03-30,2023-04-03,WH-REG-02,FedEx Supply,REG-02,6.5,5,Breached,1112.5,9.5,0.73
FUL-005804,ORD-005804,2023-03-28,2023-03-29,2023-03-31,WH-REG-03,FedEx Supply,REG-03,3.5,5,Compliant,2997.99,11.4,1.64
FUL-006611,ORD-006611,2023-03-28,2023-04-01,2023-04-09,WH-REG-01,FedEx Supply,REG-01,12.2,5,Breached,3413.49,9.8,1.11
FUL-006749,ORD-006749,2023-03-28,2023-03-29,2023-03-31,WH-REG-04,Delhivery Express,REG-04,3.3,5,Compliant,4080.18,6.1,1.33
FUL-006875,ORD-006875,2023-03-28,2023-03-30,2023-04-03,WH-REG-05,FedEx Supply,REG-05,6.6,5,Breached,2756.52,6.5,1.35
FUL-008233,ORD-008233,2023-03-28,2023-03-29,2023-04-01,WH-REG-02,FedEx Supply,REG-02,4.3,5,Compliant,2018.16,6.0,0.71
FUL-000161,ORD-000161,2023-03-29,2023-03-30,2023-03-31,WH-REG-01,DHL Freight,REG-01,2.7,5,Compliant,1944.01,7.4,0.53
FUL-000742,ORD-000742,2023-03-29,2023-03-30,2023-03-30,WH-REG-01,FedEx Supply,REG-01,1.8,3,Compliant,3322.14,6.5,0.57
FUL-001043,ORD-001043,2023-03-29,2023-03-31,2023-04-04,WH-REG-05,BlueDart Logistics,REG-05,6.1,3,Breached,2324.16,11.2,0.44
FUL-001479,ORD-001479,2023-03-29,2023-03-30,2023-04-01,WH-REG-04,BlueDart Logistics,REG-04,3.7,5,Compliant,4134.17,11.8,1.61
FUL-003114,ORD-003114,2023-03-29,2023-03-31,2023-04-04,WH-REG-04,BlueDart Logistics,REG-04,6.6,5,Breached,3471.91,6.9,0.13
FUL-003310,ORD-003310,2023-03-29,2023-03-31,2023-04-03,WH-REG-03,DHL Freight,REG-03,5.4,3,Breached,1886.23,10.7,0.68
FUL-003860,ORD-003860,2023-03-29,2023-03-31,2023-04-03,WH-REG-02,Ecom Express,REG-02,5.6,5,Breached,3506.64,6.7,1.64
FUL-005214,ORD-005214,2023-03-29,2023-03-31,2023-04-04,WH-REG-05,Delhivery Express,REG-05,6.2,5,Breached,2711.33,6.0,1.41
FUL-006165,ORD-006165,2023-03-29,2023-03-30,2023-04-02,WH-REG-01,Ecom Express,REG-01,4.9,5,Compliant,3661.9,6.2,1.74
FUL-007603,ORD-007603,2023-03-29,2023-03-30,2023-03-31,WH-REG-03,Ecom Express,REG-03,2.0,5,Compliant,1432.04,9.3,1.5
FUL-001363,ORD-001363,2023-03-30,2023-03-31,2023-04-02,WH-REG-01,Ecom Express,REG-01,3.8,5,Compliant,3041.12,11.9,0.52
FUL-003017,ORD-003017,2023-03-30,2023-03-31,2023-03-31,WH-REG-04,Ecom Express,REG-04,1.6,3,Compliant,3967.35,9.1,0.73
FUL-003198,ORD-003198,2023-03-30,2023-04-01,2023-04-04,WH-REG-03,Delhivery Express,REG-03,5.9,5,Breached,4367.68,7.4,1.3
FUL-003391,ORD-003391,2023-03-30,2023-03-31,2023-04-03,WH-REG-02,BlueDart Logistics,REG-02,4.3,3,Breached,4443.42,10.6,0.26
FUL-004304,ORD-004304,2023-03-30,2023-03-31,2023-04-03,WH-REG-05,DHL Freight,REG-05,4.0,5,Compliant,1111.79,6.5,0.68
FUL-005433,ORD-005433,2023-03-30,2023-03-31,2023-03-31,WH-REG-04,DHL Freight,REG-04,1.6,5,Compliant,2118.06,6.8,0.7
FUL-007400,ORD-007400,2023-03-30,2023-04-01,2023-04-04,WH-REG-01,Ecom Express,REG-01,5.3,5,Breached,1103.91,7.7,0.33
FUL-007973,ORD-007973,2023-03-30,2023-03-31,2023-04-02,WH-REG-03,BlueDart Logistics,REG-03,3.2,5,Compliant,946.12,8.2,0.87
FUL-008489,ORD-008489,2023-03-30,2023-03-31,2023-04-02,WH-REG-01,FedEx Supply,REG-01,3.8,5,Compliant,1264.59,7.9,1.7
FUL-001551,ORD-001551,2023-03-31,2023-04-02,2023-04-06,WH-REG-02,Delhivery Express,REG-02,6.3,5,Breached,1400.99,8.0,0.43
FUL-002844,ORD-002844,2023-03-31,2023-04-02,2023-04-06,WH-REG-02,DHL Freight,REG-02,6.8,5,Breached,3654.22,6.0,1.21
FUL-004568,ORD-004568,2023-03-31,2023-04-01,2023-04-04,WH-REG-04,DHL Freight,REG-04,4.2,5,Compliant,2262.99,6.8,0.25
FUL-004993,ORD-004993,2023-03-31,2023-04-02,2023-04-06,WH-REG-03,FedEx Supply,REG-03,6.0,3,Breached,4248.6,11.9,0.29
FUL-000519,ORD-000519,2023-04-01,2023-04-02,2023-04-04,WH-REG-01,FedEx Supply,REG-01,3.2,3,Breached,3815.04,9.1,0.39
FUL-000876,ORD-000876,2023-04-01,2023-04-03,2023-04-07,WH-REG-04,Ecom Express,REG-04,6.4,5,Breached,3832.01,11.0,0.09
FUL-003872,ORD-003872,2023-04-01,2023-04-02,2023-04-03,WH-REG-01,BlueDart Logistics,REG-01,2.8,5,Compliant,1169.94,5.6,1.43
FUL-007270,ORD-007270,2023-04-01,2023-04-02,2023-04-05,WH-REG-02,DHL Freight,REG-02,4.8,5,Compliant,896.29,5.8,1.0
FUL-008169,ORD-008169,2023-04-01,2023-04-02,2023-04-05,WH-REG-02,FedEx Supply,REG-02,4.4,3,Breached,1620.67,9.7,1.15
FUL-000067,ORD-000067,2023-04-02,2023-04-03,2023-04-05,WH-REG-03,BlueDart Logistics,REG-03,3.1,5,Compliant,2716.54,11.7,0.29
FUL-001491,ORD-001491,2023-04-02,2023-04-03,2023-04-03,WH-REG-03,DHL Freight,REG-03,1.5,5,Compliant,2352.73,8.1,1.35
FUL-002131,ORD-002131,2023-04-02,2023-04-03,2023-04-04,WH-REG-01,BlueDart Logistics,REG-01,2.1,5,Compliant,3285.16,8.9,1.26
FUL-002613,ORD-002613,2023-04-02,2023-04-03,2023-04-04,WH-REG-01,BlueDart Logistics,REG-01,2.6,5,Compliant,2287.57,8.3,0.63
FUL-003014,ORD-003014,2023-04-02,2023-04-03,2023-04-06,WH-REG-01,Ecom Express,REG-01,4.9,3,Breached,3455.12,11.7,0.99
FUL-003131,ORD-003131,2023-04-02,2023-04-04,2023-04-08,WH-REG-04,FedEx Supply,REG-04,6.8,5,Breached,2866.16,8.0,0.34
FUL-003528,ORD-003528,2023-04-02,2023-04-04,2023-04-07,WH-REG-03,BlueDart Logistics,REG-03,5.3,5,Breached,1730.75,11.7,0.4
FUL-004814,ORD-004814,2023-04-02,2023-04-04,2023-04-07,WH-REG-04,DHL Freight,REG-04,5.5,5,Breached,1965.46,7.3,1.06
FUL-005102,ORD-005102,2023-04-02,2023-04-03,2023-04-04,WH-REG-03,FedEx Supply,REG-03,2.5,5,Compliant,3196.83,11.6,0.77
FUL-006493,ORD-006493,2023-04-02,2023-04-04,2023-04-07,WH-REG-04,Ecom Express,REG-04,5.4,5,Breached,2095.27,10.3,0.71
FUL-006763,ORD-006763,2023-04-02,2023-04-03,2023-04-03,WH-REG-01,BlueDart Logistics,REG-01,1.8,5,Compliant,2127.96,6.0,1.01
FUL-007061,ORD-007061,2023-04-02,2023-04-04,2023-04-08,WH-REG-02,DHL Freight,REG-02,6.4,5,Breached,2247.55,7.9,1.21
FUL-007831,ORD-007831,2023-04-02,2023-04-03,2023-04-06,WH-REG-02,Ecom Express,REG-02,4.0,5,Compliant,950.25,11.8,1.39
FUL-000525,ORD-000525,2023-04-03,2023-04-05,2023-04-09,WH-REG-02,DHL Freight,REG-02,6.4,3,Breached,4318.16,6.1,0.69
FUL-001031,ORD-001031,2023-04-03,2023-04-05,2023-04-08,WH-REG-04,FedEx Supply,REG-04,5.4,5,Breached,912.23,9.0,0.53
FUL-001799,ORD-001799,2023-04-03,2023-04-04,2023-04-05,WH-REG-03,BlueDart Logistics,REG-03,2.0,5,Compliant,3517.07,11.6,1.26
FUL-002080,ORD-002080,2023-04-03,2023-04-04,2023-04-05,WH-REG-01,DHL Freight,REG-01,2.3,3,Compliant,2994.06,9.6,1.11
FUL-006187,ORD-006187,2023-04-03,2023-04-04,2023-04-05,WH-REG-02,Ecom Express,REG-02,2.9,5,Compliant,3752.17,6.2,1.45
FUL-006924,ORD-006924,2023-04-03,2023-04-05,2023-04-09,WH-REG-04,FedEx Supply,REG-04,6.1,5,Breached,1997.23,10.0,1.05
FUL-007697,ORD-007697,2023-04-03,2023-04-04,2023-04-05,WH-REG-05,Ecom Express,REG-05,2.7,5,Compliant,2396.56,7.5,0.53
FUL-007907,ORD-007907,2023-04-03,2023-04-07,2023-04-14,WH-REG-05,Delhivery Express,REG-05,11.1,3,Breached,2757.17,7.5,0.19
FUL-000729,ORD-000729,2023-04-04,2023-04-06,2023-04-10,WH-REG-05,DHL Freight,REG-05,6.2,5,Breached,2117.51,11.1,1.33
FUL-001168,ORD-001168,2023-04-04,2023-04-05,2023-04-06,WH-REG-03,DHL Freight,REG-03,2.3,5,Compliant,2099.48,8.4,0.76
FUL-003231,ORD-003231,2023-04-04,2023-04-06,2023-04-10,WH-REG-05,Ecom Express,REG-05,6.7,5,Breached,2782.37,8.3,0.62
FUL-008023,ORD-008023,2023-04-04,2023-04-05,2023-04-08,WH-REG-05,Delhivery Express,REG-05,4.8,5,Compliant,3732.54,6.5,0.41
FUL-000609,ORD-000609,2023-04-05,2023-04-07,2023-04-11,WH-REG-02,DHL Freight,REG-02,6.1,3,Breached,3021.14,10.1,0.16
FUL-000983,ORD-000983,2023-04-05,2023-04-06,2023-04-07,WH-REG-05,Ecom Express,REG-05,2.8,5,Compliant,1602.42,9.3,1.39
FUL-004467,ORD-004467,2023-04-05,2023-04-06,2023-04-09,WH-REG-05,DHL Freight,REG-05,4.1,5,Compliant,2249.35,8.2,1.05
FUL-004519,ORD-004519,2023-04-05,2023-04-06,2023-04-06,WH-REG-05,DHL Freight,REG-05,1.8,5,Compliant,1142.68,7.8,1.68
FUL-005317,ORD-005317,2023-04-05,2023-04-06,2023-04-07,WH-REG-01,Delhivery Express,REG-01,2.7,5,Compliant,1243.17,11.4,1.14
FUL-005675,ORD-005675,2023-04-05,2023-04-06,2023-04-08,WH-REG-04,Ecom Express,REG-04,3.7,5,Compliant,2106.38,8.7,0.16
FUL-005816,ORD-005816,2023-04-05,2023-04-07,2023-04-11,WH-REG-03,DHL Freight,REG-03,6.5,5,Breached,1883.49,8.2,0.5
FUL-000484,ORD-000484,2023-04-06,2023-04-07,2023-04-07,WH-REG-05,Delhivery Express,REG-05,1.9,5,Compliant,4085.28,11.1,1.46
FUL-000868,ORD-000868,2023-04-06,2023-04-07,2023-04-10,WH-REG-04,DHL Freight,REG-04,4.6,5,Compliant,2381.88,10.5,0.86
FUL-001166,ORD-001166,2023-04-06,2023-04-08,2023-04-11,WH-REG-01,DHL Freight,REG-01,5.6,5,Breached,3894.9,6.9,1.76
FUL-001832,ORD-001832,2023-04-06,2023-04-07,2023-04-09,WH-REG-04,Delhivery Express,REG-04,3.3,5,Compliant,2646.27,8.2,0.12
FUL-002637,ORD-002637,2023-04-06,2023-04-07,2023-04-08,WH-REG-03,Ecom Express,REG-03,2.2,5,Compliant,2972.78,10.4,1.7
FUL-002773,ORD-002773,2023-04-06,2023-04-07,2023-04-07,WH-REG-04,BlueDart Logistics,REG-04,1.5,5,Compliant,3362.58,8.2,0.81
FUL-002839,ORD-002839,2023-04-06,2023-04-08,2023-04-12,WH-REG-01,BlueDart Logistics,REG-01,6.8,5,Breached,2984.79,10.2,1.15
FUL-004637,ORD-004637,2023-04-06,2023-04-10,2023-04-16,WH-REG-03,DHL Freight,REG-03,10.5,3,Breached,3867.12,11.7,0.98
FUL-006407,ORD-006407,2023-04-06,2023-04-08,2023-04-11,WH-REG-05,Ecom Express,REG-05,5.4,5,Breached,2152.21,10.6,0.14
FUL-006845,ORD-006845,2023-04-06,2023-04-07,2023-04-09,WH-REG-02,FedEx Supply,REG-02,3.4,5,Compliant,1242.42,8.3,0.08
FUL-007042,ORD-007042,2023-04-06,2023-04-07,2023-04-09,WH-REG-05,DHL Freight,REG-05,3.1,5,Compliant,2060.45,5.7,0.36
FUL-008071,ORD-008071,2023-04-06,2023-04-07,2023-04-09,WH-REG-04,FedEx Supply,REG-04,3.3,5,Compliant,2708.61,11.1,0.72
FUL-000567,ORD-000567,2023-04-07,2023-04-08,2023-04-11,WH-REG-03,FedEx Supply,REG-03,4.7,5,Compliant,3997.41,11.8,1.56
FUL-000723,ORD-000723,2023-04-07,2023-04-09,2023-04-12,WH-REG-01,BlueDart Logistics,REG-01,5.5,5,Breached,2114.59,11.4,1.22
FUL-001272,ORD-001272,2023-04-07,2023-04-08,2023-04-09,WH-REG-04,DHL Freight,REG-04,2.9,5,Compliant,1843.31,6.0,1.15
FUL-001297,ORD-001297,2023-04-07,2023-04-08,2023-04-09,WH-REG-01,BlueDart Logistics,REG-01,2.4,5,Compliant,1375.32,12.0,1.29
FUL-001460,ORD-001460,2023-04-07,2023-04-08,2023-04-10,WH-REG-03,Ecom Express,REG-03,3.8,5,Compliant,1097.02,7.3,0.9
FUL-002208,ORD-002208,2023-04-07,2023-04-08,2023-04-10,WH-REG-01,DHL Freight,REG-01,3.5,5,Compliant,3193.37,9.8,0.05
FUL-002609,ORD-002609,2023-04-07,2023-04-08,2023-04-08,WH-REG-03,Ecom Express,REG-03,1.9,3,Compliant,2265.44,11.7,0.22
FUL-002950,ORD-002950,2023-04-07,2023-04-08,2023-04-08,WH-REG-04,DHL Freight,REG-04,1.8,5,Compliant,1818.08,8.8,1.25
FUL-003557,ORD-003557,2023-04-07,2023-04-09,2023-04-12,WH-REG-04,DHL Freight,REG-04,5.7,3,Breached,2818.75,9.9,1.35
FUL-004308,ORD-004308,2023-04-07,2023-04-08,2023-04-10,WH-REG-03,BlueDart Logistics,REG-03,3.5,3,Breached,2842.23,10.9,1.23
FUL-008498,ORD-008498,2023-04-07,2023-04-09,2023-04-12,WH-REG-01,DHL Freight,REG-01,5.7,3,Breached,1459.88,11.7,1.73
FUL-001721,ORD-001721,2023-04-08,2023-04-09,2023-04-12,WH-REG-01,BlueDart Logistics,REG-01,4.2,5,Compliant,3349.73,7.0,0.25
FUL-002861,ORD-002861,2023-04-08,2023-04-10,2023-04-13,WH-REG-03,BlueDart Logistics,REG-03,5.2,3,Breached,4038.32,10.9,1.67
FUL-002920,ORD-002920,2023-04-08,2023-04-09,2023-04-12,WH-REG-05,Ecom Express,REG-05,4.4,5,Compliant,1558.75,9.1,0.53
FUL-003220,ORD-003220,2023-04-08,2023-04-09,2023-04-11,WH-REG-05,FedEx Supply,REG-05,3.4,5,Compliant,4442.6,7.2,1.01
FUL-003324,ORD-003324,2023-04-08,2023-04-09,2023-04-10,WH-REG-05,DHL Freight,REG-05,2.9,3,Compliant,2559.72,7.5,1.24
FUL-003499,ORD-003499,2023-04-08,2023-04-09,2023-04-10,WH-REG-02,Delhivery Express,REG-02,2.9,3,Compliant,1262.09,10.8,1.75
FUL-005313,ORD-005313,2023-04-08,2023-04-09,2023-04-11,WH-REG-02,DHL Freight,REG-02,3.6,5,Compliant,3883.63,6.7,1.08
FUL-005787,ORD-005787,2023-04-08,2023-04-09,2023-04-10,WH-REG-02,Delhivery Express,REG-02,2.2,5,Compliant,2980.49,7.9,0.33
FUL-007384,ORD-007384,2023-04-08,2023-04-10,2023-04-14,WH-REG-04,BlueDart Logistics,REG-04,6.3,5,Breached,2993.53,6.0,1.46
FUL-007909,ORD-007909,2023-04-08,2023-04-09,2023-04-10,WH-REG-01,Delhivery Express,REG-01,2.0,5,Compliant,2089.82,10.1,1.45
FUL-000589,ORD-000589,2023-04-09,2023-04-10,2023-04-12,WH-REG-01,Ecom Express,REG-01,3.8,5,Compliant,2587.34,10.0,0.06
FUL-002280,ORD-002280,2023-04-09,2023-04-11,2023-04-14,WH-REG-02,BlueDart Logistics,REG-02,5.3,5,Breached,3934.26,11.5,0.96
FUL-002457,ORD-002457,2023-04-09,2023-04-10,2023-04-13,WH-REG-04,BlueDart Logistics,REG-04,4.6,5,Compliant,3137.42,9.8,0.16
FUL-003342,ORD-003342,2023-04-09,2023-04-11,2023-04-14,WH-REG-02,DHL Freight,REG-02,5.9,5,Breached,1150.95,5.6,1.7
FUL-003813,ORD-003813,2023-04-09,2023-04-11,2023-04-14,WH-REG-01,Delhivery Express,REG-01,5.6,5,Breached,4349.73,5.9,0.66
FUL-004783,ORD-004783,2023-04-09,2023-04-10,2023-04-11,WH-REG-02,FedEx Supply,REG-02,2.1,5,Compliant,1135.46,11.2,0.99
FUL-005225,ORD-005225,2023-04-09,2023-04-11,2023-04-15,WH-REG-01,FedEx Supply,REG-01,6.1,5,Breached,1527.75,6.5,0.49
FUL-006007,ORD-006007,2023-04-09,2023-04-11,2023-04-15,WH-REG-05,DHL Freight,REG-05,6.4,5,Breached,3403.07,8.9,1.73
FUL-007283,ORD-007283,2023-04-09,2023-04-10,2023-04-10,WH-REG-03,BlueDart Logistics,REG-03,1.5,5,Compliant,2919.46,9.3,1.45
FUL-000268,ORD-000268,2023-04-10,2023-04-11,2023-04-14,WH-REG-02,Ecom Express,REG-02,4.7,5,Compliant,1511.77,10.0,1.05
FUL-002071,ORD-002071,2023-04-10,2023-04-11,2023-04-12,WH-REG-03,FedEx Supply,REG-03,2.6,3,Compliant,949.93,8.3,1.34
FUL-002354,ORD-002354,2023-04-10,2023-04-12,2023-04-16,WH-REG-02,BlueDart Logistics,REG-02,6.0,5,Breached,1495.23,5.8,0.23
FUL-003043,ORD-003043,2023-04-10,2023-04-11,2023-04-13,WH-REG-01,Ecom Express,REG-01,3.9,5,Compliant,3314.71,8.0,1.47
FUL-003172,ORD-003172,2023-04-10,2023-04-11,2023-04-12,WH-REG-02,Ecom Express,REG-02,2.3,5,Compliant,1463.26,7.7,1.45
FUL-004524,ORD-004524,2023-04-10,2023-04-11,2023-04-11,WH-REG-03,Ecom Express,REG-03,1.9,5,Compliant,3788.62,10.1,1.43
FUL-004942,ORD-004942,2023-04-10,2023-04-11,2023-04-12,WH-REG-03,Delhivery Express,REG-03,2.8,5,Compliant,1071.25,8.8,0.62
FUL-005605,ORD-005605,2023-04-10,2023-04-11,2023-04-14,WH-REG-02,BlueDart Logistics,REG-02,4.2,5,Compliant,2360.78,8.4,1.45
FUL-006743,ORD-006743,2023-04-10,2023-04-11,2023-04-11,WH-REG-05,Ecom Express,REG-05,1.2,5,Compliant,1255.07,11.7,0.61
FUL-008351,ORD-008351,2023-04-10,2023-04-11,2023-04-13,WH-REG-05,FedEx Supply,REG-05,3.7,5,Compliant,4436.76,5.9,0.28
FUL-000562,ORD-000562,2023-04-11,2023-04-12,2023-04-14,WH-REG-05,FedEx Supply,REG-05,3.8,3,Breached,2422.44,7.9,1.02
FUL-000906,ORD-000906,2023-04-11,2023-04-15,2023-04-21,WH-REG-01,Delhivery Express,REG-01,10.6,5,Breached,3731.61,9.8,0.86
FUL-001896,ORD-001896,2023-04-11,2023-04-13,2023-04-18,WH-REG-04,Ecom Express,REG-04,7.4,3,Breached,2421.19,10.3,1.04
FUL-002134,ORD-002134,2023-04-11,2023-04-13,2023-04-16,WH-REG-01,Ecom Express,REG-01,5.4,5,Breached,1112.65,10.9,1.59
FUL-002325,ORD-002325,2023-04-11,2023-04-12,2023-04-13,WH-REG-01,DHL Freight,REG-01,2.0,5,Compliant,4458.3,6.7,0.86
FUL-004670,ORD-004670,2023-04-11,2023-04-13,2023-04-16,WH-REG-03,DHL Freight,REG-03,5.3,5,Breached,1187.08,8.6,1.64
FUL-006240,ORD-006240,2023-04-11,2023-04-12,2023-04-12,WH-REG-04,DHL Freight,REG-04,1.5,5,Compliant,1917.52,6.6,0.07
FUL-007679,ORD-007679,2023-04-11,2023-04-12,2023-04-12,WH-REG-02,Delhivery Express,REG-02,1.7,3,Compliant,898.41,6.7,0.37
FUL-007763,ORD-007763,2023-04-11,2023-04-12,2023-04-12,WH-REG-05,Ecom Express,REG-05,1.7,5,Compliant,3176.23,7.0,1.51
FUL-001012,ORD-001012,2023-04-12,2023-04-14,2023-04-17,WH-REG-01,FedEx Supply,REG-01,5.9,5,Breached,3774.27,6.1,0.45
FUL-001056,ORD-001056,2023-04-12,2023-04-14,2023-04-17,WH-REG-05,BlueDart Logistics,REG-05,5.2,5,Breached,1461.4,10.8,0.1
FUL-001234,ORD-001234,2023-04-12,2023-04-13,2023-04-14,WH-REG-04,BlueDart Logistics,REG-04,2.5,3,Compliant,2922.62,10.8,0.94
FUL-001631,ORD-001631,2023-04-12,2023-04-13,2023-04-15,WH-REG-03,Ecom Express,REG-03,3.7,5,Compliant,1617.89,10.4,1.7
FUL-001757,ORD-001757,2023-04-12,2023-04-13,2023-04-14,WH-REG-04,FedEx Supply,REG-04,2.0,5,Compliant,2561.96,11.3,0.72
FUL-002982,ORD-002982,2023-04-12,2023-04-13,2023-04-13,WH-REG-05,Ecom Express,REG-05,1.2,5,Compliant,2617.11,8.5,1.21
FUL-004043,ORD-004043,2023-04-12,2023-04-13,2023-04-14,WH-REG-01,DHL Freight,REG-01,2.8,3,Compliant,4048.2,9.4,1.33
FUL-004658,ORD-004658,2023-04-12,2023-04-13,2023-04-16,WH-REG-04,DHL Freight,REG-04,4.2,5,Compliant,2211.81,10.5,1.52
FUL-006673,ORD-006673,2023-04-12,2023-04-14,2023-04-18,WH-REG-02,Ecom Express,REG-02,6.7,5,Breached,2760.67,11.7,1.53
FUL-007624,ORD-007624,2023-04-12,2023-04-13,2023-04-13,WH-REG-04,Delhivery Express,REG-04,1.9,3,Compliant,3138.9,9.0,0.47
FUL-007820,ORD-007820,2023-04-12,2023-04-14,2023-04-17,WH-REG-02,FedEx Supply,REG-02,5.7,5,Breached,2975.83,11.6,0.45
FUL-007841,ORD-007841,2023-04-12,2023-04-13,2023-04-14,WH-REG-04,Delhivery Express,REG-04,2.3,5,Compliant,1489.51,9.7,1.29
FUL-000146,ORD-000146,2023-04-13,2023-04-15,2023-04-18,WH-REG-03,FedEx Supply,REG-03,5.6,5,Breached,883.94,6.5,0.94
FUL-000224,ORD-000224,2023-04-13,2023-04-14,2023-04-16,WH-REG-01,BlueDart Logistics,REG-01,3.7,5,Compliant,4105.99,7.3,1.2
FUL-000916,ORD-000916,2023-04-13,2023-04-14,2023-04-15,WH-REG-03,FedEx Supply,REG-03,2.6,5,Compliant,3898.17,11.1,1.41
FUL-001299,ORD-001299,2023-04-13,2023-04-14,2023-04-16,WH-REG-03,Ecom Express,REG-03,3.6,5,Compliant,2298.67,10.3,0.02
FUL-001814,ORD-001814,2023-04-13,2023-04-15,2023-04-18,WH-REG-03,Delhivery Express,REG-03,5.8,5,Breached,2672.88,8.7,0.89
FUL-005283,ORD-005283,2023-04-13,2023-04-15,2023-04-19,WH-REG-05,Delhivery Express,REG-05,6.5,5,Breached,2846.56,10.7,1.34
FUL-006887,ORD-006887,2023-04-13,2023-04-14,2023-04-15,WH-REG-01,Ecom Express,REG-01,2.5,5,Compliant,1855.09,10.8,0.94
FUL-001097,ORD-001097,2023-04-14,2023-04-15,2023-04-15,WH-REG-01,BlueDart Logistics,REG-01,1.3,5,Compliant,4266.01,6.5,1.43
FUL-003127,ORD-003127,2023-04-14,2023-04-15,2023-04-18,WH-REG-03,Ecom Express,REG-03,4.1,5,Compliant,2603.23,7.4,1.41
FUL-004552,ORD-004552,2023-04-14,2023-04-16,2023-04-19,WH-REG-02,Ecom Express,REG-02,5.5,5,Breached,2379.44,10.7,1.25
FUL-004789,ORD-004789,2023-04-14,2023-04-16,2023-04-19,WH-REG-03,FedEx Supply,REG-03,5.0,5,Compliant,1899.28,9.5,0.21
FUL-005913,ORD-005913,2023-04-14,2023-04-15,2023-04-15,WH-REG-03,DHL Freight,REG-03,1.5,5,Compliant,1865.23,10.0,0.21
FUL-005983,ORD-005983,2023-04-14,2023-04-16,2023-04-19,WH-REG-03,FedEx Supply,REG-03,5.9,5,Breached,1721.42,10.0,0.04
FUL-007059,ORD-007059,2023-04-14,2023-04-15,2023-04-15,WH-REG-02,DHL Freight,REG-02,1.6,3,Compliant,3101.25,9.7,0.21
FUL-000435,ORD-000435,2023-04-15,2023-04-17,2023-04-21,WH-REG-03,Ecom Express,REG-03,6.6,5,Breached,1920.87,6.5,1.75
FUL-002566,ORD-002566,2023-04-15,2023-04-17,2023-04-20,WH-REG-03,DHL Freight,REG-03,5.9,5,Breached,1285.61,8.0,0.39
FUL-003274,ORD-003274,2023-04-15,2023-04-17,2023-04-20,WH-REG-01,FedEx Supply,REG-01,5.8,3,Breached,1575.53,10.5,1.04
FUL-003371,ORD-003371,2023-04-15,2023-04-16,2023-04-18,WH-REG-02,DHL Freight,REG-02,3.2,5,Compliant,3236.84,6.6,1.01
FUL-004473,ORD-004473,2023-04-15,2023-04-17,2023-04-21,WH-REG-03,FedEx Supply,REG-03,6.6,5,Breached,3049.01,10.9,1.62
FUL-005371,ORD-005371,2023-04-15,2023-04-17,2023-04-21,WH-REG-05,FedEx Supply,REG-05,6.3,5,Breached,1264.09,5.9,0.34
FUL-006136,ORD-006136,2023-04-15,2023-04-17,2023-04-20,WH-REG-04,DHL Freight,REG-04,5.4,5,Breached,1829.68,6.7,0.24
FUL-008050,ORD-008050,2023-04-15,2023-04-16,2023-04-19,WH-REG-03,DHL Freight,REG-03,4.4,5,Compliant,1300.06,9.1,1.11
FUL-001450,ORD-001450,2023-04-16,2023-04-17,2023-04-20,WH-REG-02,Delhivery Express,REG-02,4.9,5,Compliant,3856.85,6.5,0.87
FUL-001517,ORD-001517,2023-04-16,2023-04-17,2023-04-18,WH-REG-03,BlueDart Logistics,REG-03,2.9,3,Compliant,4489.58,8.8,1.54
FUL-002133,ORD-002133,2023-04-16,2023-04-18,2023-04-21,WH-REG-03,Ecom Express,REG-03,5.0,5,Compliant,3937.06,10.2,1.33
FUL-004219,ORD-004219,2023-04-16,2023-04-17,2023-04-19,WH-REG-02,DHL Freight,REG-02,3.0,5,Compliant,2146.63,10.6,1.32
FUL-004421,ORD-004421,2023-04-16,2023-04-19,2023-04-25,WH-REG-02,Delhivery Express,REG-02,9.1,5,Breached,1822.15,9.4,0.78
FUL-004762,ORD-004762,2023-04-16,2023-04-18,2023-04-21,WH-REG-05,FedEx Supply,REG-05,5.4,5,Breached,4245.36,8.2,0.55
FUL-005148,ORD-005148,2023-04-16,2023-04-18,2023-04-22,WH-REG-05,Ecom Express,REG-05,6.5,5,Breached,1944.38,6.5,0.61
FUL-006567,ORD-006567,2023-04-16,2023-04-17,2023-04-19,WH-REG-02,Delhivery Express,REG-02,3.4,3,Breached,4019.47,5.7,1.71
FUL-000346,ORD-000346,2023-04-17,2023-04-18,2023-04-21,WH-REG-01,BlueDart Logistics,REG-01,4.8,3,Breached,2636.14,6.7,0.2
FUL-001397,ORD-001397,2023-04-17,2023-04-19,2023-04-22,WH-REG-01,Ecom Express,REG-01,5.3,5,Breached,4208.83,5.7,0.06
FUL-001421,ORD-001421,2023-04-17,2023-04-19,2023-04-23,WH-REG-03,FedEx Supply,REG-03,6.6,5,Breached,2096.27,6.6,1.6
FUL-001855,ORD-001855,2023-04-17,2023-04-18,2023-04-21,WH-REG-03,Delhivery Express,REG-03,4.2,5,Compliant,2339.18,9.0,0.09
FUL-001917,ORD-001917,2023-04-17,2023-04-18,2023-04-18,WH-REG-04,DHL Freight,REG-04,1.6,5,Compliant,3961.14,10.5,1.7
FUL-002189,ORD-002189,2023-04-17,2023-04-19,2023-04-22,WH-REG-04,DHL Freight,REG-04,5.0,5,Compliant,3369.43,11.6,1.07
FUL-002404,ORD-002404,2023-04-17,2023-04-19,2023-04-22,WH-REG-02,BlueDart Logistics,REG-02,5.6,5,Breached,4176.8,7.5,0.92
FUL-002418,ORD-002418,2023-04-17,2023-04-18,2023-04-21,WH-REG-02,FedEx Supply,REG-02,4.8,5,Compliant,1730.79,10.7,0.06
FUL-002748,ORD-002748,2023-04-17,2023-04-19,2023-04-22,WH-REG-01,Ecom Express,REG-01,5.6,5,Breached,2528.93,8.0,0.53
FUL-004823,ORD-004823,2023-04-17,2023-04-18,2023-04-19,WH-REG-02,Delhivery Express,REG-02,2.1,5,Compliant,2144.4,11.4,1.54
FUL-005027,ORD-005027,2023-04-17,2023-04-18,2023-04-20,WH-REG-04,Delhivery Express,REG-04,3.6,5,Compliant,4092.14,10.8,0.01
FUL-005443,ORD-005443,2023-04-17,2023-04-18,2023-04-19,WH-REG-04,Delhivery Express,REG-04,2.4,3,Compliant,4133.23,8.7,1.42
FUL-005453,ORD-005453,2023-04-17,2023-04-18,2023-04-21,WH-REG-03,Ecom Express,REG-03,4.9,5,Compliant,1235.5,6.6,1.54
FUL-005608,ORD-005608,2023-04-17,2023-04-18,2023-04-21,WH-REG-04,Ecom Express,REG-04,4.4,5,Compliant,3816.31,5.6,0.58
FUL-005874,ORD-005874,2023-04-17,2023-04-21,2023-04-27,WH-REG-03,DHL Freight,REG-03,10.2,5,Breached,2751.43,12.0,0.48
FUL-006231,ORD-006231,2023-04-17,2023-04-18,2023-04-20,WH-REG-02,Ecom Express,REG-02,3.6,5,Compliant,2064.82,11.9,0.25
FUL-006346,ORD-006346,2023-04-17,2023-04-18,2023-04-18,WH-REG-02,Delhivery Express,REG-02,1.4,5,Compliant,2954.94,11.8,1.64
FUL-007349,ORD-007349,2023-04-17,2023-04-19,2023-04-23,WH-REG-04,DHL Freight,REG-04,6.5,3,Breached,3500.34,10.6,0.36
FUL-007743,ORD-007743,2023-04-17,2023-04-19,2023-04-22,WH-REG-05,DHL Freight,REG-05,5.7,3,Breached,2035.71,7.6,0.28
FUL-001152,ORD-001152,2023-04-18,2023-04-20,2023-04-23,WH-REG-01,DHL Freight,REG-01,5.9,5,Breached,3944.31,6.9,0.37
FUL-001981,ORD-001981,2023-04-18,2023-04-19,2023-04-19,WH-REG-05,BlueDart Logistics,REG-05,1.4,5,Compliant,1844.32,9.8,0.18
FUL-002022,ORD-002022,2023-04-18,2023-04-19,2023-04-20,WH-REG-03,Delhivery Express,REG-03,2.5,5,Compliant,1494.58,9.7,0.45
FUL-003118,ORD-003118,2023-04-18,2023-04-20,2023-04-24,WH-REG-04,BlueDart Logistics,REG-04,6.7,5,Breached,3161.98,10.7,1.45
FUL-004730,ORD-004730,2023-04-18,2023-04-19,2023-04-20,WH-REG-02,Ecom Express,REG-02,2.8,3,Compliant,1246.43,7.7,0.24
FUL-005877,ORD-005877,2023-04-18,2023-04-19,2023-04-21,WH-REG-02,BlueDart Logistics,REG-02,3.9,5,Compliant,1222.7,9.8,0.89
FUL-000027,ORD-000027,2023-04-19,2023-04-20,2023-04-21,WH-REG-05,BlueDart Logistics,REG-05,2.9,5,Compliant,3865.6,8.4,1.17
FUL-000116,ORD-000116,2023-04-19,2023-04-20,2023-04-20,WH-REG-04,DHL Freight,REG-04,1.4,5,Compliant,3369.49,8.6,1.15
FUL-003431,ORD-003431,2023-04-19,2023-04-21,2023-04-24,WH-REG-04,DHL Freight,REG-04,5.1,5,Breached,1711.43,11.1,1.73
FUL-003721,ORD-003721,2023-04-19,2023-04-21,2023-04-24,WH-REG-04,FedEx Supply,REG-04,5.4,5,Breached,1453.54,9.0,0.27
FUL-004765,ORD-004765,2023-04-19,2023-04-20,2023-04-22,WH-REG-05,FedEx Supply,REG-05,3.8,3,Breached,2262.57,8.7,0.1
FUL-006424,ORD-006424,2023-04-19,2023-04-20,2023-04-20,WH-REG-01,Ecom Express,REG-01,1.2,5,Compliant,4200.1,8.0,1.16
FUL-006514,ORD-006514,2023-04-19,2023-04-20,2023-04-21,WH-REG-01,Ecom Express,REG-01,2.5,5,Compliant,2196.09,9.0,0.54
FUL-000621,ORD-000621,2023-04-20,2023-04-21,2023-04-24,WH-REG-03,FedEx Supply,REG-03,4.7,5,Compliant,1057.02,8.8,0.56
FUL-000796,ORD-000796,2023-04-20,2023-04-22,2023-04-25,WH-REG-01,Ecom Express,REG-01,5.7,5,Breached,878.42,9.2,0.45
FUL-000935,ORD-000935,2023-04-20,2023-04-22,2023-04-25,WH-REG-04,FedEx Supply,REG-04,5.0,5,Compliant,1995.73,10.1,0.68
FUL-001579,ORD-001579,2023-04-20,2023-04-22,2023-04-25,WH-REG-02,Ecom Express,REG-02,5.8,5,Breached,2166.03,11.2,0.77
FUL-002137,ORD-002137,2023-04-20,2023-04-21,2023-04-22,WH-REG-05,BlueDart Logistics,REG-05,2.1,3,Compliant,1015.71,10.0,0.15
FUL-002667,ORD-002667,2023-04-20,2023-04-23,2023-04-27,WH-REG-05,Delhivery Express,REG-05,7.7,5,Breached,3145.53,8.6,0.64
FUL-003239,ORD-003239,2023-04-20,2023-04-21,2023-04-24,WH-REG-02,Delhivery Express,REG-02,4.5,5,Compliant,1472.92,10.3,0.18
FUL-003268,ORD-003268,2023-04-20,2023-04-21,2023-04-22,WH-REG-04,DHL Freight,REG-04,2.0,5,Compliant,3011.16,6.6,0.4
FUL-003560,ORD-003560,2023-04-20,2023-04-21,2023-04-24,WH-REG-02,BlueDart Logistics,REG-02,4.1,5,Compliant,4372.06,9.9,1.79
FUL-004020,ORD-004020,2023-04-20,2023-04-21,2023-04-24,WH-REG-01,Ecom Express,REG-01,4.9,5,Compliant,3505.23,7.4,0.85
FUL-004081,ORD-004081,2023-04-20,2023-04-22,2023-04-26,WH-REG-01,Delhivery Express,REG-01,6.6,5,Breached,994.09,7.0,1.27
FUL-004800,ORD-004800,2023-04-20,2023-04-21,2023-04-21,WH-REG-02,DHL Freight,REG-02,1.8,5,Compliant,3534.63,8.5,0.9
FUL-005518,ORD-005518,2023-04-20,2023-04-21,2023-04-24,WH-REG-01,Ecom Express,REG-01,4.0,5,Compliant,3011.96,11.1,0.38
FUL-005950,ORD-005950,2023-04-20,2023-04-22,2023-04-26,WH-REG-05,FedEx Supply,REG-05,6.3,3,Breached,2797.32,10.8,1.56
FUL-000831,ORD-000831,2023-04-21,2023-04-22,2023-04-25,WH-REG-05,FedEx Supply,REG-05,4.8,5,Compliant,2093.09,6.2,0.57
FUL-000922,ORD-000922,2023-04-21,2023-04-22,2023-04-23,WH-REG-05,FedEx Supply,REG-05,2.6,5,Compliant,1904.6,6.3,0.99
FUL-003134,ORD-003134,2023-04-21,2023-04-22,2023-04-23,WH-REG-05,FedEx Supply,REG-05,2.5,5,Compliant,2721.22,8.1,1.01
FUL-003380,ORD-003380,2023-04-21,2023-04-22,2023-04-24,WH-REG-05,BlueDart Logistics,REG-05,3.6,5,Compliant,1283.75,7.5,1.7
FUL-005101,ORD-005101,2023-04-21,2023-04-22,2023-04-24,WH-REG-04,Delhivery Express,REG-04,3.2,5,Compliant,3369.77,9.9,1.02
FUL-005441,ORD-005441,2023-04-21,2023-04-22,2023-04-23,WH-REG-01,Ecom Express,REG-01,2.3,5,Compliant,2061.65,9.9,0.87
FUL-005536,ORD-005536,2023-04-21,2023-04-22,2023-04-24,WH-REG-03,BlueDart Logistics,REG-03,3.0,5,Compliant,911.07,11.1,0.98
FUL-007274,ORD-007274,2023-04-21,2023-04-22,2023-04-25,WH-REG-05,Delhivery Express,REG-05,4.4,5,Compliant,2062.96,9.6,0.62
FUL-000317,ORD-000317,2023-04-22,2023-04-24,2023-04-28,WH-REG-05,Delhivery Express,REG-05,6.6,3,Breached,2105.54,11.0,0.87
FUL-005198,ORD-005198,2023-04-22,2023-04-23,2023-04-25,WH-REG-02,FedEx Supply,REG-02,3.9,5,Compliant,4086.04,7.8,1.09
FUL-005984,ORD-005984,2023-04-22,2023-04-23,2023-04-26,WH-REG-01,DHL Freight,REG-01,4.3,5,Compliant,1047.85,8.9,0.18
FUL-006011,ORD-006011,2023-04-22,2023-04-23,2023-04-24,WH-REG-04,FedEx Supply,REG-04,2.9,5,Compliant,2520.91,9.6,0.65
FUL-007231,ORD-007231,2023-04-22,2023-04-23,2023-04-23,WH-REG-04,BlueDart Logistics,REG-04,1.9,5,Compliant,4081.54,5.6,1.06
FUL-000063,ORD-000063,2023-04-23,2023-04-24,2023-04-26,WH-REG-02,Delhivery Express,REG-02,3.6,5,Compliant,2835.36,6.5,0.54
FUL-002794,ORD-002794,2023-04-23,2023-04-24,2023-04-24,WH-REG-02,BlueDart Logistics,REG-02,1.9,3,Compliant,1938.0,5.8,1.03
FUL-003147,ORD-003147,2023-04-23,2023-04-24,2023-04-26,WH-REG-04,FedEx Supply,REG-04,3.4,5,Compliant,1534.62,9.3,0.55
FUL-003267,ORD-003267,2023-04-23,2023-04-24,2023-04-27,WH-REG-04,BlueDart Logistics,REG-04,4.7,5,Compliant,2445.13,7.5,1.66
FUL-003456,ORD-003456,2023-04-23,2023-04-24,2023-04-26,WH-REG-02,BlueDart Logistics,REG-02,3.5,5,Compliant,2214.33,8.4,0.58
FUL-003610,ORD-003610,2023-04-23,2023-04-25,2023-04-29,WH-REG-03,Delhivery Express,REG-03,6.0,3,Breached,1802.45,7.4,0.61
FUL-005086,ORD-005086,2023-04-23,2023-04-25,2023-04-29,WH-REG-05,DHL Freight,REG-05,6.8,5,Breached,1554.25,9.6,1.08
FUL-006309,ORD-006309,2023-04-23,2023-04-24,2023-04-24,WH-REG-01,Delhivery Express,REG-01,1.6,5,Compliant,1121.59,6.3,0.08
FUL-006590,ORD-006590,2023-04-23,2023-04-24,2023-04-25,WH-REG-02,BlueDart Logistics,REG-02,2.4,5,Compliant,1547.75,11.8,1.31
FUL-007191,ORD-007191,2023-04-23,2023-04-24,2023-04-24,WH-REG-01,Ecom Express,REG-01,1.3,3,Compliant,2478.41,11.7,0.9
FUL-008131,ORD-008131,2023-04-23,2023-04-25,2023-04-28,WH-REG-01,Ecom Express,REG-01,5.6,5,Breached,3984.86,9.1,1.24
FUL-001196,ORD-001196,2023-04-24,2023-04-26,2023-04-30,WH-REG-01,DHL Freight,REG-01,6.3,5,Breached,2369.54,8.3,0.69
FUL-002104,ORD-002104,2023-04-24,2023-04-25,2023-04-26,WH-REG-03,Ecom Express,REG-03,2.9,5,Compliant,1566.29,7.6,0.16
FUL-003269,ORD-003269,2023-04-24,2023-04-25,2023-04-28,WH-REG-05,Ecom Express,REG-05,4.2,3,Breached,2793.32,8.7,1.19
FUL-003425,ORD-003425,2023-04-24,2023-04-25,2023-04-28,WH-REG-03,FedEx Supply,REG-03,4.6,5,Compliant,3933.27,7.8,0.48
FUL-004907,ORD-004907,2023-04-24,2023-04-26,2023-04-30,WH-REG-01,Delhivery Express,REG-01,6.8,5,Breached,2224.6,9.4,1.12
FUL-005106,ORD-005106,2023-04-24,2023-04-25,2023-04-27,WH-REG-03,FedEx Supply,REG-03,3.9,5,Compliant,4046.31,7.6,0.45
FUL-005246,ORD-005246,2023-04-24,2023-04-26,2023-04-30,WH-REG-03,Delhivery Express,REG-03,6.0,5,Breached,2191.45,6.1,0.93
FUL-007801,ORD-007801,2023-04-24,2023-04-26,2023-04-29,WH-REG-05,FedEx Supply,REG-05,5.5,5,Breached,2195.82,8.2,0.51
FUL-001121,ORD-001121,2023-04-25,2023-04-26,2023-04-26,WH-REG-03,BlueDart Logistics,REG-03,1.4,5,Compliant,1669.93,6.2,0.29
FUL-001282,ORD-001282,2023-04-25,2023-04-26,2023-04-27,WH-REG-03,Ecom Express,REG-03,2.0,5,Compliant,4353.31,5.9,1.55
FUL-002705,ORD-002705,2023-04-25,2023-04-26,2023-04-29,WH-REG-04,BlueDart Logistics,REG-04,4.0,5,Compliant,2029.99,7.8,0.66
FUL-003296,ORD-003296,2023-04-25,2023-04-26,2023-04-26,WH-REG-04,FedEx Supply,REG-04,1.7,5,Compliant,3862.88,8.5,1.68
FUL-005794,ORD-005794,2023-04-25,2023-04-27,2023-05-01,WH-REG-02,DHL Freight,REG-02,6.4,5,Breached,1431.15,6.4,1.42
FUL-005918,ORD-005918,2023-04-25,2023-04-26,2023-04-27,WH-REG-05,FedEx Supply,REG-05,2.5,5,Compliant,3631.96,7.2,0.01
FUL-006002,ORD-006002,2023-04-25,2023-04-26,2023-04-26,WH-REG-05,BlueDart Logistics,REG-05,1.7,5,Compliant,1044.76,9.7,1.6
FUL-006586,ORD-006586,2023-04-25,2023-04-27,2023-05-01,WH-REG-03,DHL Freight,REG-03,6.2,5,Breached,1590.57,9.3,0.58
FUL-006952,ORD-006952,2023-04-25,2023-04-27,2023-04-30,WH-REG-05,FedEx Supply,REG-05,5.9,5,Breached,3013.14,7.2,1.7
FUL-000087,ORD-000087,2023-04-26,2023-04-27,2023-04-28,WH-REG-01,FedEx Supply,REG-01,2.0,5,Compliant,1634.01,10.4,0.8
FUL-001413,ORD-001413,2023-04-26,2023-04-27,2023-04-27,WH-REG-03,BlueDart Logistics,REG-03,1.2,5,Compliant,2462.53,8.2,1.78
FUL-001641,ORD-001641,2023-04-26,2023-04-27,2023-04-28,WH-REG-03,DHL Freight,REG-03,2.5,5,Compliant,1572.37,11.0,0.46
FUL-002673,ORD-002673,2023-04-26,2023-04-27,2023-04-30,WH-REG-03,Ecom Express,REG-03,4.3,5,Compliant,1070.92,10.8,1.37
FUL-004696,ORD-004696,2023-04-26,2023-04-28,2023-05-02,WH-REG-01,BlueDart Logistics,REG-01,6.4,5,Breached,1495.94,6.0,1.64
FUL-007159,ORD-007159,2023-04-26,2023-04-27,2023-04-29,WH-REG-01,Delhivery Express,REG-01,3.7,5,Compliant,952.48,11.9,1.73
FUL-007533,ORD-007533,2023-04-26,2023-04-27,2023-04-29,WH-REG-05,Delhivery Express,REG-05,3.3,5,Compliant,4414.03,8.6,0.85
FUL-007694,ORD-007694,2023-04-26,2023-04-27,2023-04-27,WH-REG-04,FedEx Supply,REG-04,1.8,5,Compliant,2685.72,6.6,0.9
FUL-001281,ORD-001281,2023-04-27,2023-04-29,2023-05-03,WH-REG-05,DHL Freight,REG-05,6.6,5,Breached,3731.05,11.4,0.46
FUL-001345,ORD-001345,2023-04-27,2023-04-28,2023-04-28,WH-REG-05,Delhivery Express,REG-05,1.6,5,Compliant,1785.16,11.3,1.19
FUL-001869,ORD-001869,2023-04-27,2023-04-28,2023-05-01,WH-REG-05,DHL Freight,REG-05,4.3,5,Compliant,4338.35,8.3,0.16
FUL-002487,ORD-002487,2023-04-27,2023-04-28,2023-04-30,WH-REG-04,BlueDart Logistics,REG-04,3.6,5,Compliant,2766.08,9.3,0.53
FUL-002489,ORD-002489,2023-04-27,2023-04-28,2023-05-01,WH-REG-03,Ecom Express,REG-03,4.7,5,Compliant,3037.3,6.5,0.14
FUL-004269,ORD-004269,2023-04-27,2023-04-29,2023-05-02,WH-REG-02,Delhivery Express,REG-02,5.1,5,Breached,1313.2,7.5,1.58
FUL-004348,ORD-004348,2023-04-27,2023-04-28,2023-04-30,WH-REG-01,FedEx Supply,REG-01,3.2,5,Compliant,2106.18,7.1,1.06
FUL-004392,ORD-004392,2023-04-27,2023-04-28,2023-04-29,WH-REG-04,Delhivery Express,REG-04,2.3,5,Compliant,4216.49,6.9,0.86
FUL-005729,ORD-005729,2023-04-27,2023-04-28,2023-04-29,WH-REG-01,Ecom Express,REG-01,2.1,5,Compliant,1470.27,7.8,1.07
FUL-006141,ORD-006141,2023-04-27,2023-04-28,2023-05-01,WH-REG-02,Delhivery Express,REG-02,4.0,5,Compliant,2477.18,7.3,1.2
FUL-007228,ORD-007228,2023-04-27,2023-04-29,2023-05-03,WH-REG-03,FedEx Supply,REG-03,6.5,5,Breached,1614.81,8.0,1.19
FUL-000029,ORD-000029,2023-04-28,2023-04-29,2023-04-30,WH-REG-01,DHL Freight,REG-01,2.6,3,Compliant,2084.62,6.1,0.22
FUL-000585,ORD-000585,2023-04-28,2023-04-29,2023-04-29,WH-REG-04,BlueDart Logistics,REG-04,1.6,5,Compliant,1313.95,6.0,0.3
FUL-001193,ORD-001193,2023-04-28,2023-04-29,2023-04-29,WH-REG-02,Ecom Express,REG-02,1.7,5,Compliant,2984.84,9.0,1.69
FUL-002062,ORD-002062,2023-04-28,2023-04-29,2023-04-30,WH-REG-01,Delhivery Express,REG-01,2.3,5,Compliant,3507.88,8.0,0.95
FUL-003344,ORD-003344,2023-04-28,2023-04-29,2023-05-02,WH-REG-05,Ecom Express,REG-05,4.9,5,Compliant,1697.52,7.9,0.43
FUL-003935,ORD-003935,2023-04-28,2023-04-29,2023-04-30,WH-REG-03,BlueDart Logistics,REG-03,2.6,5,Compliant,3442.64,10.2,0.31
FUL-004145,ORD-004145,2023-04-28,2023-04-30,2023-05-03,WH-REG-02,Ecom Express,REG-02,5.0,5,Compliant,2491.0,8.6,0.38
FUL-005501,ORD-005501,2023-04-28,2023-04-29,2023-05-02,WH-REG-03,Ecom Express,REG-03,4.9,3,Breached,3891.01,10.4,0.16
FUL-005711,ORD-005711,2023-04-28,2023-04-30,2023-05-03,WH-REG-05,Delhivery Express,REG-05,5.9,5,Breached,1046.56,5.9,0.87
FUL-006088,ORD-006088,2023-04-28,2023-04-29,2023-04-30,WH-REG-05,BlueDart Logistics,REG-05,2.8,5,Compliant,4312.55,8.3,0.79
FUL-006288,ORD-006288,2023-04-28,2023-04-30,2023-05-03,WH-REG-05,FedEx Supply,REG-05,5.2,5,Breached,4469.74,11.1,1.37
FUL-007048,ORD-007048,2023-04-28,2023-04-30,2023-05-04,WH-REG-03,BlueDart Logistics,REG-03,6.8,5,Breached,4307.13,6.8,1.36
FUL-007157,ORD-007157,2023-04-28,2023-04-29,2023-05-01,WH-REG-05,BlueDart Logistics,REG-05,3.5,3,Breached,1807.13,8.0,0.91
FUL-008488,ORD-008488,2023-04-28,2023-04-29,2023-05-02,WH-REG-04,DHL Freight,REG-04,4.2,5,Compliant,2206.21,8.2,1.01
FUL-003180,ORD-003180,2023-04-29,2023-04-30,2023-05-02,WH-REG-04,FedEx Supply,REG-04,3.1,3,Breached,1189.31,10.6,0.79
FUL-003606,ORD-003606,2023-04-29,2023-04-30,2023-05-01,WH-REG-04,DHL Freight,REG-04,2.6,5,Compliant,1640.87,6.2,0.1
FUL-005212,ORD-005212,2023-04-29,2023-04-30,2023-05-01,WH-REG-03,BlueDart Logistics,REG-03,2.9,3,Compliant,3919.04,6.6,1.58
FUL-006157,ORD-006157,2023-04-29,2023-04-30,2023-05-03,WH-REG-01,Delhivery Express,REG-01,4.6,5,Compliant,3371.85,6.8,0.51
FUL-006735,ORD-006735,2023-04-29,2023-04-30,2023-05-03,WH-REG-02,BlueDart Logistics,REG-02,4.4,5,Compliant,2008.43,10.7,0.69
FUL-008435,ORD-008435,2023-04-29,2023-05-03,2023-05-09,WH-REG-02,BlueDart Logistics,REG-02,10.0,5,Breached,3973.36,7.6,0.05
FUL-000736,ORD-000736,2023-04-30,2023-05-01,2023-05-04,WH-REG-02,Delhivery Express,REG-02,4.1,5,Compliant,899.47,7.3,1.19
FUL-001287,ORD-001287,2023-04-30,2023-05-01,2023-05-01,WH-REG-04,Delhivery Express,REG-04,1.3,5,Compliant,2551.62,10.0,1.11
FUL-001332,ORD-001332,2023-04-30,2023-05-01,2023-05-04,WH-REG-03,Ecom Express,REG-03,4.5,5,Compliant,3096.83,10.7,1.06
FUL-002331,ORD-002331,2023-04-30,2023-05-01,2023-05-03,WH-REG-03,DHL Freight,REG-03,3.0,5,Compliant,1141.12,9.1,0.18
FUL-003708,ORD-003708,2023-04-30,2023-05-01,2023-05-01,WH-REG-02,DHL Freight,REG-02,1.3,5,Compliant,4219.75,10.3,0.83
FUL-004635,ORD-004635,2023-04-30,2023-05-01,2023-05-03,WH-REG-03,FedEx Supply,REG-03,3.7,5,Compliant,2983.61,8.2,1.23
FUL-004787,ORD-004787,2023-04-30,2023-05-01,2023-05-01,WH-REG-01,DHL Freight,REG-01,1.6,5,Compliant,2432.54,9.2,0.09
FUL-004901,ORD-004901,2023-04-30,2023-05-01,2023-05-03,WH-REG-05,DHL Freight,REG-05,3.6,5,Compliant,2845.92,10.3,0.59
FUL-001019,ORD-001019,2023-05-01,2023-05-02,2023-05-03,WH-REG-04,Ecom Express,REG-04,2.2,5,Compliant,2881.85,7.9,1.68
FUL-003784,ORD-003784,2023-05-01,2023-05-02,2023-05-04,WH-REG-04,Ecom Express,REG-04,3.2,5,Compliant,3800.36,11.1,0.12
FUL-005964,ORD-005964,2023-05-01,2023-05-03,2023-05-07,WH-REG-02,FedEx Supply,REG-02,6.4,5,Breached,2192.11,8.8,0.03
FUL-005985,ORD-005985,2023-05-01,2023-05-02,2023-05-05,WH-REG-01,Ecom Express,REG-01,4.3,5,Compliant,2832.74,6.0,1.15
FUL-006695,ORD-006695,2023-05-01,2023-05-03,2023-05-07,WH-REG-04,DHL Freight,REG-04,6.7,3,Breached,1578.93,5.9,0.92
FUL-006758,ORD-006758,2023-05-01,2023-05-02,2023-05-02,WH-REG-01,FedEx Supply,REG-01,1.9,5,Compliant,4118.17,8.4,1.56
FUL-007479,ORD-007479,2023-05-01,2023-05-02,2023-05-05,WH-REG-01,DHL Freight,REG-01,4.9,5,Compliant,2239.35,5.7,0.57
FUL-008010,ORD-008010,2023-05-01,2023-05-02,2023-05-02,WH-REG-05,Delhivery Express,REG-05,1.7,3,Compliant,1582.93,11.8,1.32
FUL-000477,ORD-000477,2023-05-02,2023-05-03,2023-05-06,WH-REG-05,DHL Freight,REG-05,4.3,5,Compliant,3693.83,9.5,0.69
FUL-000824,ORD-000824,2023-05-02,2023-05-03,2023-05-03,WH-REG-03,DHL Freight,REG-03,1.7,5,Compliant,4124.84,10.8,1.14
FUL-001511,ORD-001511,2023-05-02,2023-05-03,2023-05-03,WH-REG-05,DHL Freight,REG-05,1.3,5,Compliant,2846.6,5.9,0.53
FUL-002054,ORD-002054,2023-05-02,2023-05-03,2023-05-04,WH-REG-03,Delhivery Express,REG-03,2.1,5,Compliant,3149.99,6.9,0.11
FUL-002578,ORD-002578,2023-05-02,2023-05-04,2023-05-07,WH-REG-05,DHL Freight,REG-05,5.7,3,Breached,3320.68,6.8,0.34
FUL-003185,ORD-003185,2023-05-02,2023-05-04,2023-05-08,WH-REG-02,BlueDart Logistics,REG-02,6.3,5,Breached,2282.49,7.3,1.48
FUL-003701,ORD-003701,2023-05-02,2023-05-03,2023-05-05,WH-REG-03,Ecom Express,REG-03,3.4,5,Compliant,1521.49,6.4,1.64
FUL-004229,ORD-004229,2023-05-02,2023-05-04,2023-05-08,WH-REG-04,Ecom Express,REG-04,6.6,5,Breached,3699.43,12.0,1.02
FUL-005888,ORD-005888,2023-05-02,2023-05-03,2023-05-04,WH-REG-03,FedEx Supply,REG-03,2.3,3,Compliant,1283.54,9.2,0.01
FUL-006397,ORD-006397,2023-05-02,2023-05-03,2023-05-04,WH-REG-05,FedEx Supply,REG-05,2.3,3,Compliant,1322.37,10.7,1.44
FUL-007378,ORD-007378,2023-05-02,2023-05-03,2023-05-05,WH-REG-02,BlueDart Logistics,REG-02,3.6,5,Compliant,4391.09,9.7,1.59
FUL-007830,ORD-007830,2023-05-02,2023-05-04,2023-05-08,WH-REG-02,FedEx Supply,REG-02,6.5,5,Breached,4365.85,7.6,0.43
FUL-000170,ORD-000170,2023-05-03,2023-05-04,2023-05-06,WH-REG-04,Delhivery Express,REG-04,3.8,5,Compliant,4437.01,11.3,1.49
FUL-002370,ORD-002370,2023-05-03,2023-05-05,2023-05-08,WH-REG-01,Ecom Express,REG-01,5.5,3,Breached,864.54,10.8,0.72
FUL-002422,ORD-002422,2023-05-03,2023-05-04,2023-05-05,WH-REG-03,Ecom Express,REG-03,2.7,3,Compliant,2463.79,7.3,1.6
FUL-007721,ORD-007721,2023-05-03,2023-05-05,2023-05-08,WH-REG-02,Ecom Express,REG-02,5.1,5,Breached,2980.99,10.2,0.24
FUL-007788,ORD-007788,2023-05-03,2023-05-05,2023-05-09,WH-REG-02,BlueDart Logistics,REG-02,6.3,5,Breached,2415.97,11.7,1.71
FUL-001474,ORD-001474,2023-05-04,2023-05-06,2023-05-09,WH-REG-04,DHL Freight,REG-04,5.1,5,Breached,4278.64,10.4,0.06
FUL-001610,ORD-001610,2023-05-04,2023-05-05,2023-05-06,WH-REG-05,DHL Freight,REG-05,2.0,3,Compliant,3511.73,9.1,1.69
FUL-003979,ORD-003979,2023-05-04,2023-05-06,2023-05-10,WH-REG-01,Delhivery Express,REG-01,6.7,5,Breached,2903.13,8.7,1.56
FUL-004388,ORD-004388,2023-05-04,2023-05-06,2023-05-10,WH-REG-04,Ecom Express,REG-04,6.5,5,Breached,992.43,9.8,0.12
FUL-006427,ORD-006427,2023-05-04,2023-05-06,2023-05-09,WH-REG-03,FedEx Supply,REG-03,5.0,3,Breached,1885.3,11.5,0.16
FUL-006822,ORD-006822,2023-05-04,2023-05-05,2023-05-08,WH-REG-02,Delhivery Express,REG-02,4.7,5,Compliant,1370.79,6.9,0.04
FUL-000949,ORD-000949,2023-05-05,2023-05-06,2023-05-08,WH-REG-02,DHL Freight,REG-02,3.8,5,Compliant,3831.51,6.7,0.06
FUL-000962,ORD-000962,2023-05-05,2023-05-07,2023-05-10,WH-REG-05,FedEx Supply,REG-05,5.8,5,Breached,1811.83,10.7,0.89
FUL-003696,ORD-003696,2023-05-05,2023-05-06,2023-05-07,WH-REG-02,Ecom Express,REG-02,2.4,5,Compliant,2726.38,9.0,0.22
FUL-006969,ORD-006969,2023-05-05,2023-05-07,2023-05-10,WH-REG-01,Delhivery Express,REG-01,5.5,5,Breached,4188.54,10.8,0.19
FUL-007208,ORD-007208,2023-05-05,2023-05-06,2023-05-09,WH-REG-02,Ecom Express,REG-02,4.8,5,Compliant,4253.38,7.5,1.34
FUL-007409,ORD-007409,2023-05-05,2023-05-07,2023-05-10,WH-REG-05,BlueDart Logistics,REG-05,5.6,5,Breached,1331.87,7.8,0.89
FUL-000149,ORD-000149,2023-05-06,2023-05-07,2023-05-10,WH-REG-04,Ecom Express,REG-04,4.2,5,Compliant,2742.32,6.1,1.8
FUL-000683,ORD-000683,2023-05-06,2023-05-07,2023-05-08,WH-REG-04,DHL Freight,REG-04,2.8,5,Compliant,3409.35,9.8,0.54
FUL-000815,ORD-000815,2023-05-06,2023-05-07,2023-05-10,WH-REG-02,FedEx Supply,REG-02,4.3,5,Compliant,1543.35,8.1,1.42
FUL-002456,ORD-002456,2023-05-06,2023-05-07,2023-05-08,WH-REG-01,FedEx Supply,REG-01,2.1,3,Compliant,1955.11,8.5,0.5
FUL-003120,ORD-003120,2023-05-06,2023-05-07,2023-05-08,WH-REG-04,DHL Freight,REG-04,2.8,5,Compliant,3824.58,11.3,0.98
FUL-003583,ORD-003583,2023-05-06,2023-05-08,2023-05-12,WH-REG-01,FedEx Supply,REG-01,6.3,3,Breached,2336.44,11.4,1.43
FUL-005089,ORD-005089,2023-05-06,2023-05-07,2023-05-09,WH-REG-01,FedEx Supply,REG-01,3.1,3,Breached,2430.31,6.2,0.07
FUL-006454,ORD-006454,2023-05-06,2023-05-08,2023-05-11,WH-REG-01,FedEx Supply,REG-01,5.1,5,Breached,3893.7,10.0,0.19
FUL-006505,ORD-006505,2023-05-06,2023-05-07,2023-05-09,WH-REG-03,BlueDart Logistics,REG-03,3.8,5,Compliant,1219.48,10.8,1.05
FUL-007114,ORD-007114,2023-05-06,2023-05-07,2023-05-10,WH-REG-05,Ecom Express,REG-05,4.8,5,Compliant,2341.77,7.9,0.33
FUL-007172,ORD-007172,2023-05-06,2023-05-07,2023-05-09,WH-REG-03,FedEx Supply,REG-03,3.8,5,Compliant,1421.13,6.0,0.68
FUL-008162,ORD-008162,2023-05-06,2023-05-07,2023-05-07,WH-REG-04,FedEx Supply,REG-04,1.6,5,Compliant,3008.92,6.9,0.51
FUL-008466,ORD-008466,2023-05-06,2023-05-07,2023-05-09,WH-REG-02,Ecom Express,REG-02,3.2,5,Compliant,1934.41,10.7,1.2
FUL-000976,ORD-000976,2023-05-07,2023-05-09,2023-05-12,WH-REG-01,Ecom Express,REG-01,5.1,5,Breached,4315.11,10.3,1.46
FUL-001989,ORD-001989,2023-05-07,2023-05-08,2023-05-09,WH-REG-02,DHL Freight,REG-02,2.2,5,Compliant,4496.86,10.6,0.82
FUL-002356,ORD-002356,2023-05-07,2023-05-09,2023-05-12,WH-REG-04,DHL Freight,REG-04,5.0,5,Compliant,3994.29,5.7,1.02
FUL-004244,ORD-004244,2023-05-07,2023-05-08,2023-05-09,WH-REG-04,BlueDart Logistics,REG-04,2.9,5,Compliant,913.26,11.6,0.8
FUL-004868,ORD-004868,2023-05-07,2023-05-08,2023-05-10,WH-REG-01,FedEx Supply,REG-01,3.9,5,Compliant,1128.03,8.6,0.79
FUL-006927,ORD-006927,2023-05-07,2023-05-09,2023-05-12,WH-REG-01,FedEx Supply,REG-01,5.1,5,Breached,1120.22,6.1,0.26
FUL-007417,ORD-007417,2023-05-07,2023-05-08,2023-05-08,WH-REG-03,FedEx Supply,REG-03,1.3,5,Compliant,3672.86,11.8,1.55
FUL-007466,ORD-007466,2023-05-07,2023-05-09,2023-05-12,WH-REG-01,DHL Freight,REG-01,5.8,5,Breached,3864.48,5.9,0.02
FUL-007550,ORD-007550,2023-05-07,2023-05-09,2023-05-12,WH-REG-04,Ecom Express,REG-04,5.7,5,Breached,1915.73,11.0,0.83
FUL-000202,ORD-000202,2023-05-08,2023-05-10,2023-05-13,WH-REG-05,Delhivery Express,REG-05,5.3,5,Breached,2636.55,11.3,0.75
FUL-001630,ORD-001630,2023-05-08,2023-05-09,2023-05-09,WH-REG-02,Ecom Express,REG-02,1.9,5,Compliant,1998.16,10.8,0.8
FUL-006802,ORD-006802,2023-05-08,2023-05-09,2023-05-11,WH-REG-01,BlueDart Logistics,REG-01,3.6,5,Compliant,1030.9,11.0,0.05
FUL-007095,ORD-007095,2023-05-08,2023-05-09,2023-05-11,WH-REG-02,Ecom Express,REG-02,3.2,5,Compliant,1277.78,7.3,0.4
FUL-000648,ORD-000648,2023-05-09,2023-05-10,2023-05-12,WH-REG-03,FedEx Supply,REG-03,3.6,5,Compliant,2290.23,6.0,1.09
FUL-001434,ORD-001434,2023-05-09,2023-05-10,2023-05-10,WH-REG-02,Ecom Express,REG-02,1.4,5,Compliant,3522.17,6.8,0.08
FUL-006005,ORD-006005,2023-05-09,2023-05-11,2023-05-15,WH-REG-05,FedEx Supply,REG-05,6.4,5,Breached,3173.8,8.6,1.1
FUL-007453,ORD-007453,2023-05-09,2023-05-10,2023-05-13,WH-REG-05,FedEx Supply,REG-05,4.5,5,Compliant,2327.38,7.3,0.64
FUL-000234,ORD-000234,2023-05-10,2023-05-11,2023-05-14,WH-REG-01,DHL Freight,REG-01,4.0,5,Compliant,2460.27,9.2,0.46
FUL-000889,ORD-000889,2023-05-10,2023-05-11,2023-05-12,WH-REG-05,BlueDart Logistics,REG-05,2.4,5,Compliant,1226.64,10.5,1.65
FUL-000972,ORD-000972,2023-05-10,2023-05-12,2023-05-16,WH-REG-01,FedEx Supply,REG-01,6.3,5,Breached,1951.41,6.2,0.26
FUL-001361,ORD-001361,2023-05-10,2023-05-12,2023-05-15,WH-REG-04,FedEx Supply,REG-04,5.4,5,Breached,1345.66,10.2,1.22
FUL-003281,ORD-003281,2023-05-10,2023-05-12,2023-05-15,WH-REG-05,FedEx Supply,REG-05,5.1,5,Breached,1967.5,5.6,0.17
FUL-006609,ORD-006609,2023-05-10,2023-05-11,2023-05-14,WH-REG-01,Ecom Express,REG-01,4.1,5,Compliant,3116.28,7.7,1.51
FUL-006778,ORD-006778,2023-05-10,2023-05-11,2023-05-11,WH-REG-01,Ecom Express,REG-01,1.8,5,Compliant,2896.0,6.0,0.76
FUL-008324,ORD-008324,2023-05-10,2023-05-11,2023-05-13,WH-REG-01,FedEx Supply,REG-01,3.4,5,Compliant,3023.09,11.4,0.15
FUL-000088,ORD-000088,2023-05-11,2023-05-12,2023-05-14,WH-REG-04,DHL Freight,REG-04,3.5,3,Breached,2519.08,5.7,1.35
FUL-000700,ORD-000700,2023-05-11,2023-05-13,2023-05-17,WH-REG-01,DHL Freight,REG-01,6.7,5,Breached,1782.71,5.8,0.03
FUL-001849,ORD-001849,2023-05-11,2023-05-12,2023-05-12,WH-REG-01,FedEx Supply,REG-01,1.4,5,Compliant,2061.44,11.7,1.18
FUL-002425,ORD-002425,2023-05-11,2023-05-12,2023-05-13,WH-REG-03,FedEx Supply,REG-03,2.7,3,Compliant,1259.75,11.9,1.64
FUL-002590,ORD-002590,2023-05-11,2023-05-12,2023-05-12,WH-REG-04,BlueDart Logistics,REG-04,1.9,5,Compliant,4098.62,10.2,0.32
FUL-004077,ORD-004077,2023-05-11,2023-05-12,2023-05-15,WH-REG-02,BlueDart Logistics,REG-02,4.9,3,Breached,2987.82,6.7,0.0
FUL-005221,ORD-005221,2023-05-11,2023-05-12,2023-05-13,WH-REG-03,BlueDart Logistics,REG-03,2.0,5,Compliant,3902.74,11.4,0.65
FUL-005500,ORD-005500,2023-05-11,2023-05-12,2023-05-15,WH-REG-03,FedEx Supply,REG-03,4.4,5,Compliant,3553.05,6.6,1.03
FUL-006344,ORD-006344,2023-05-11,2023-05-12,2023-05-12,WH-REG-02,FedEx Supply,REG-02,1.6,5,Compliant,1255.92,7.6,0.7
FUL-007736,ORD-007736,2023-05-11,2023-05-12,2023-05-14,WH-REG-01,Delhivery Express,REG-01,3.3,3,Breached,2842.47,8.6,0.2
FUL-003306,ORD-003306,2023-05-12,2023-05-13,2023-05-14,WH-REG-05,BlueDart Logistics,REG-05,2.3,5,Compliant,3297.61,7.8,0.27
FUL-003448,ORD-003448,2023-05-12,2023-05-13,2023-05-14,WH-REG-02,Ecom Express,REG-02,2.3,3,Compliant,1897.35,10.0,1.76
FUL-003494,ORD-003494,2023-05-12,2023-05-13,2023-05-13,WH-REG-05,Ecom Express,REG-05,1.9,5,Compliant,3854.74,7.7,1.18
FUL-003506,ORD-003506,2023-05-12,2023-05-14,2023-05-17,WH-REG-02,FedEx Supply,REG-02,5.9,3,Breached,1290.4,11.1,0.11
FUL-004856,ORD-004856,2023-05-12,2023-05-14,2023-05-18,WH-REG-03,FedEx Supply,REG-03,6.2,5,Breached,2670.07,6.3,0.32
FUL-005068,ORD-005068,2023-05-12,2023-05-14,2023-05-19,WH-REG-01,DHL Freight,REG-01,7.1,5,Breached,1612.77,11.3,1.5
FUL-000028,ORD-000028,2023-05-13,2023-05-14,2023-05-14,WH-REG-03,FedEx Supply,REG-03,1.4,5,Compliant,2039.04,8.1,1.05
FUL-000623,ORD-000623,2023-05-13,2023-05-14,2023-05-15,WH-REG-04,DHL Freight,REG-04,2.5,5,Compliant,1241.5,10.7,0.21
FUL-002109,ORD-002109,2023-05-13,2023-05-15,2023-05-19,WH-REG-02,BlueDart Logistics,REG-02,6.6,5,Breached,1524.0,10.1,0.36
FUL-003677,ORD-003677,2023-05-13,2023-05-14,2023-05-16,WH-REG-05,DHL Freight,REG-05,3.3,5,Compliant,3872.79,6.8,0.2
FUL-004131,ORD-004131,2023-05-13,2023-05-15,2023-05-19,WH-REG-05,DHL Freight,REG-05,6.6,5,Breached,1678.52,11.1,0.5
FUL-005203,ORD-005203,2023-05-13,2023-05-18,2023-05-26,WH-REG-01,BlueDart Logistics,REG-01,13.7,5,Breached,1913.76,10.0,1.31
FUL-005740,ORD-005740,2023-05-13,2023-05-14,2023-05-16,WH-REG-03,BlueDart Logistics,REG-03,3.1,3,Breached,1854.57,7.2,1.0
FUL-005996,ORD-005996,2023-05-13,2023-05-14,2023-05-16,WH-REG-02,DHL Freight,REG-02,3.3,5,Compliant,2403.66,8.6,0.11
FUL-006521,ORD-006521,2023-05-13,2023-05-14,2023-05-14,WH-REG-03,Ecom Express,REG-03,1.8,5,Compliant,3351.12,6.9,0.67
FUL-007713,ORD-007713,2023-05-13,2023-05-15,2023-05-19,WH-REG-05,Delhivery Express,REG-05,6.5,5,Breached,1854.91,7.8,1.57
FUL-008343,ORD-008343,2023-05-13,2023-05-16,2023-05-21,WH-REG-02,Ecom Express,REG-02,8.7,5,Breached,2260.81,7.7,0.96
FUL-000406,ORD-000406,2023-05-14,2023-05-15,2023-05-16,WH-REG-05,FedEx Supply,REG-05,2.7,5,Compliant,2697.87,11.8,1.01
FUL-000850,ORD-000850,2023-05-14,2023-05-15,2023-05-15,WH-REG-01,DHL Freight,REG-01,1.7,5,Compliant,4494.42,8.9,0.61
FUL-001440,ORD-001440,2023-05-14,2023-05-15,2023-05-15,WH-REG-01,Ecom Express,REG-01,1.2,5,Compliant,2599.41,10.1,0.37
FUL-001499,ORD-001499,2023-05-14,2023-05-15,2023-05-15,WH-REG-02,Ecom Express,REG-02,1.5,5,Compliant,2914.52,9.9,1.72
FUL-002703,ORD-002703,2023-05-14,2023-05-15,2023-05-17,WH-REG-03,FedEx Supply,REG-03,3.4,5,Compliant,2261.65,6.8,0.73
FUL-006169,ORD-006169,2023-05-14,2023-05-16,2023-05-19,WH-REG-05,Delhivery Express,REG-05,5.4,3,Breached,3582.45,8.1,1.24
FUL-007735,ORD-007735,2023-05-14,2023-05-15,2023-05-18,WH-REG-05,Delhivery Express,REG-05,4.3,3,Breached,1973.26,9.8,0.04
FUL-000158,ORD-000158,2023-05-15,2023-05-16,2023-05-16,WH-REG-05,Delhivery Express,REG-05,1.7,3,Compliant,3443.86,10.7,1.09
FUL-000847,ORD-000847,2023-05-15,2023-05-17,2023-05-21,WH-REG-04,Delhivery Express,REG-04,6.2,3,Breached,1797.43,11.9,1.62
FUL-001057,ORD-001057,2023-05-15,2023-05-17,2023-05-20,WH-REG-04,Ecom Express,REG-04,5.8,5,Breached,4174.45,8.8,0.96
FUL-001925,ORD-001925,2023-05-15,2023-05-17,2023-05-21,WH-REG-05,FedEx Supply,REG-05,6.2,5,Breached,3130.96,5.6,1.45
FUL-002980,ORD-002980,2023-05-15,2023-05-16,2023-05-17,WH-REG-04,BlueDart Logistics,REG-04,2.2,5,Compliant,1877.83,11.4,0.83
FUL-003107,ORD-003107,2023-05-15,2023-05-16,2023-05-17,WH-REG-02,DHL Freight,REG-02,2.8,5,Compliant,1725.07,11.8,0.9
FUL-004536,ORD-004536,2023-05-15,2023-05-16,2023-05-19,WH-REG-05,Delhivery Express,REG-05,4.7,5,Compliant,1416.7,7.3,1.56
FUL-006085,ORD-006085,2023-05-15,2023-05-16,2023-05-17,WH-REG-01,Delhivery Express,REG-01,2.5,5,Compliant,1012.11,7.5,0.98
FUL-006971,ORD-006971,2023-05-15,2023-05-16,2023-05-17,WH-REG-04,Ecom Express,REG-04,2.6,5,Compliant,3282.4,10.7,1.47
FUL-008062,ORD-008062,2023-05-15,2023-05-16,2023-05-16,WH-REG-03,DHL Freight,REG-03,1.3,5,Compliant,4033.44,10.1,0.35
FUL-008478,ORD-008478,2023-05-15,2023-05-16,2023-05-19,WH-REG-03,Delhivery Express,REG-03,4.7,5,Compliant,2986.24,10.0,0.85
FUL-000393,ORD-000393,2023-05-16,2023-05-18,2023-05-21,WH-REG-05,Ecom Express,REG-05,5.0,5,Compliant,2145.29,7.8,0.46
FUL-000443,ORD-000443,2023-05-16,2023-05-18,2023-05-22,WH-REG-04,BlueDart Logistics,REG-04,6.0,5,Breached,3218.97,9.0,1.51
FUL-002222,ORD-002222,2023-05-16,2023-05-18,2023-05-22,WH-REG-05,Ecom Express,REG-05,6.2,5,Breached,2976.11,10.9,0.85
FUL-003284,ORD-003284,2023-05-16,2023-05-18,2023-05-22,WH-REG-02,FedEx Supply,REG-02,6.4,5,Breached,3153.98,8.2,1.09
FUL-003320,ORD-003320,2023-05-16,2023-05-18,2023-05-22,WH-REG-01,FedEx Supply,REG-01,6.6,5,Breached,3894.87,8.5,1.61
FUL-004778,ORD-004778,2023-05-16,2023-05-17,2023-05-20,WH-REG-02,BlueDart Logistics,REG-02,4.4,5,Compliant,3055.64,6.3,1.71
FUL-005008,ORD-005008,2023-05-16,2023-05-17,2023-05-18,WH-REG-02,Ecom Express,REG-02,2.7,5,Compliant,1679.68,9.9,0.54
FUL-005127,ORD-005127,2023-05-16,2023-05-17,2023-05-18,WH-REG-05,DHL Freight,REG-05,2.1,3,Compliant,2829.69,11.1,1.8
FUL-000660,ORD-000660,2023-05-17,2023-05-19,2023-05-22,WH-REG-04,BlueDart Logistics,REG-04,5.3,3,Breached,1783.59,5.5,1.4
FUL-002087,ORD-002087,2023-05-17,2023-05-19,2023-05-23,WH-REG-01,Delhivery Express,REG-01,6.6,5,Breached,3009.06,8.6,0.68
FUL-003662,ORD-003662,2023-05-17,2023-05-18,2023-05-20,WH-REG-03,Delhivery Express,REG-03,3.2,3,Breached,1337.43,7.2,1.19
FUL-005487,ORD-005487,2023-05-17,2023-05-19,2023-05-23,WH-REG-01,FedEx Supply,REG-01,6.3,5,Breached,2463.92,10.7,0.21
FUL-006269,ORD-006269,2023-05-17,2023-05-18,2023-05-19,WH-REG-03,BlueDart Logistics,REG-03,2.7,5,Compliant,4263.31,11.5,1.76
FUL-008077,ORD-008077,2023-05-17,2023-05-18,2023-05-21,WH-REG-02,Ecom Express,REG-02,4.4,5,Compliant,1248.55,11.9,1.49
FUL-008307,ORD-008307,2023-05-17,2023-05-19,2023-05-22,WH-REG-03,FedEx Supply,REG-03,5.4,5,Breached,1975.35,7.9,0.8
FUL-000256,ORD-000256,2023-05-18,2023-05-20,2023-05-23,WH-REG-02,DHL Freight,REG-02,5.4,5,Breached,2279.11,8.8,0.22
FUL-000356,ORD-000356,2023-05-18,2023-05-19,2023-05-19,WH-REG-02,DHL Freight,REG-02,1.3,5,Compliant,3438.29,8.4,0.35
FUL-000857,ORD-000857,2023-05-18,2023-05-19,2023-05-22,WH-REG-02,BlueDart Logistics,REG-02,4.9,3,Breached,932.57,6.7,1.42
FUL-000927,ORD-000927,2023-05-18,2023-05-19,2023-05-19,WH-REG-05,Delhivery Express,REG-05,1.2,5,Compliant,4421.37,8.8,1.77
FUL-001733,ORD-001733,2023-05-18,2023-05-20,2023-05-24,WH-REG-03,Delhivery Express,REG-03,6.7,5,Breached,3148.16,11.9,0.8
FUL-001901,ORD-001901,2023-05-18,2023-05-19,2023-05-19,WH-REG-03,FedEx Supply,REG-03,1.7,5,Compliant,4484.25,8.3,1.23
FUL-002411,ORD-002411,2023-05-18,2023-05-20,2023-05-23,WH-REG-03,Delhivery Express,REG-03,5.1,5,Breached,1815.92,8.8,0.66
FUL-002440,ORD-002440,2023-05-18,2023-05-19,2023-05-20,WH-REG-05,DHL Freight,REG-05,2.2,5,Compliant,2175.89,11.5,0.11
FUL-003460,ORD-003460,2023-05-18,2023-05-19,2023-05-22,WH-REG-01,Ecom Express,REG-01,4.1,5,Compliant,1997.44,6.5,1.68
FUL-004158,ORD-004158,2023-05-18,2023-05-19,2023-05-22,WH-REG-05,Delhivery Express,REG-05,4.6,5,Compliant,2611.49,7.9,0.06
FUL-004480,ORD-004480,2023-05-18,2023-05-20,2023-05-23,WH-REG-02,Ecom Express,REG-02,5.6,3,Breached,2895.11,7.5,0.58
FUL-004832,ORD-004832,2023-05-18,2023-05-19,2023-05-20,WH-REG-03,FedEx Supply,REG-03,2.0,5,Compliant,2023.12,8.8,1.31
FUL-005044,ORD-005044,2023-05-18,2023-05-20,2023-05-24,WH-REG-04,DHL Freight,REG-04,6.4,5,Breached,4019.4,6.7,1.04
FUL-007206,ORD-007206,2023-05-18,2023-05-19,2023-05-22,WH-REG-04,Ecom Express,REG-04,4.9,5,Compliant,2905.78,7.1,0.81
FUL-007568,ORD-007568,2023-05-18,2023-05-20,2023-05-23,WH-REG-03,FedEx Supply,REG-03,5.0,5,Compliant,2514.21,8.3,1.52
FUL-007934,ORD-007934,2023-05-18,2023-05-19,2023-05-20,WH-REG-04,Delhivery Express,REG-04,2.0,3,Compliant,3136.41,9.5,0.79
FUL-000083,ORD-000083,2023-05-19,2023-05-21,2023-05-25,WH-REG-01,FedEx Supply,REG-01,6.6,5,Breached,3877.54,6.7,1.43
FUL-000843,ORD-000843,2023-05-19,2023-05-21,2023-05-25,WH-REG-04,Ecom Express,REG-04,6.1,5,Breached,1285.81,6.3,1.54
FUL-001506,ORD-001506,2023-05-19,2023-05-21,2023-05-24,WH-REG-04,FedEx Supply,REG-04,5.1,3,Breached,3907.95,9.1,0.49
FUL-002047,ORD-002047,2023-05-19,2023-05-20,2023-05-21,WH-REG-01,DHL Freight,REG-01,2.3,5,Compliant,2643.54,5.6,0.43
FUL-003029,ORD-003029,2023-05-19,2023-05-20,2023-05-22,WH-REG-01,DHL Freight,REG-01,3.4,5,Compliant,2735.28,5.9,1.2
FUL-003116,ORD-003116,2023-05-19,2023-05-20,2023-05-23,WH-REG-02,DHL Freight,REG-02,4.7,5,Compliant,1275.46,11.6,0.82
FUL-003867,ORD-003867,2023-05-19,2023-05-23,2023-05-30,WH-REG-03,FedEx Supply,REG-03,11.399999999999999,5,Breached,3641.93,9.1,0.96
FUL-002424,ORD-002424,2023-05-20,2023-05-21,2023-05-24,WH-REG-02,FedEx Supply,REG-02,4.3,5,Compliant,2699.96,8.0,1.15
FUL-002958,ORD-002958,2023-05-20,2023-05-21,2023-05-23,WH-REG-04,BlueDart Logistics,REG-04,3.7,5,Compliant,4086.22,7.1,0.1
FUL-004618,ORD-004618,2023-05-20,2023-05-21,2023-05-21,WH-REG-02,FedEx Supply,REG-02,1.7,5,Compliant,4009.54,9.1,1.7
FUL-006813,ORD-006813,2023-05-20,2023-05-21,2023-05-23,WH-REG-01,Ecom Express,REG-01,3.7,5,Compliant,2211.52,9.3,0.86
FUL-006820,ORD-006820,2023-05-20,2023-05-22,2023-05-25,WH-REG-05,FedEx Supply,REG-05,5.0,5,Compliant,2473.89,11.0,0.61
FUL-007746,ORD-007746,2023-05-20,2023-05-21,2023-05-24,WH-REG-04,BlueDart Logistics,REG-04,4.6,5,Compliant,1825.83,7.2,1.19
FUL-008073,ORD-008073,2023-05-20,2023-05-21,2023-05-24,WH-REG-03,DHL Freight,REG-03,4.9,5,Compliant,1483.75,10.7,0.58
FUL-008127,ORD-008127,2023-05-20,2023-05-21,2023-05-21,WH-REG-05,DHL Freight,REG-05,1.8,5,Compliant,3939.35,6.7,1.13
FUL-008153,ORD-008153,2023-05-20,2023-05-21,2023-05-24,WH-REG-02,FedEx Supply,REG-02,4.7,5,Compliant,4308.81,9.9,1.01
FUL-000442,ORD-000442,2023-05-21,2023-05-22,2023-05-22,WH-REG-01,Delhivery Express,REG-01,1.5,5,Compliant,1083.02,5.7,0.41
FUL-003795,ORD-003795,2023-05-21,2023-05-23,2023-05-27,WH-REG-04,Ecom Express,REG-04,6.7,3,Breached,3019.97,6.0,0.34
FUL-007821,ORD-007821,2023-05-21,2023-05-22,2023-05-25,WH-REG-01,DHL Freight,REG-01,4.8,5,Compliant,3358.9,7.8,1.46
FUL-008313,ORD-008313,2023-05-21,2023-05-22,2023-05-23,WH-REG-01,Delhivery Express,REG-01,2.0,3,Compliant,4013.26,10.6,0.47
FUL-001222,ORD-001222,2023-05-22,2023-05-24,2023-05-27,WH-REG-03,BlueDart Logistics,REG-03,5.9,5,Breached,2392.57,11.6,1.24
FUL-003547,ORD-003547,2023-05-22,2023-05-24,2023-05-28,WH-REG-05,BlueDart Logistics,REG-05,6.3,5,Breached,2632.07,8.0,1.71
FUL-003600,ORD-003600,2023-05-22,2023-05-23,2023-05-23,WH-REG-02,DHL Freight,REG-02,1.3,5,Compliant,4044.1,5.6,0.69
FUL-006508,ORD-006508,2023-05-22,2023-05-24,2023-05-28,WH-REG-03,BlueDart Logistics,REG-03,6.4,3,Breached,1068.68,5.7,0.76
FUL-006687,ORD-006687,2023-05-22,2023-05-23,2023-05-23,WH-REG-03,BlueDart Logistics,REG-03,1.7,5,Compliant,2863.59,10.9,0.5
FUL-001077,ORD-001077,2023-05-23,2023-05-24,2023-05-27,WH-REG-03,BlueDart Logistics,REG-03,4.9,5,Compliant,998.57,7.3,1.12
FUL-002015,ORD-002015,2023-05-23,2023-05-25,2023-05-29,WH-REG-02,Ecom Express,REG-02,6.8,5,Breached,3833.25,6.2,0.58
FUL-003654,ORD-003654,2023-05-23,2023-05-25,2023-05-28,WH-REG-01,Delhivery Express,REG-01,5.3,5,Breached,2431.35,9.9,0.63
FUL-005043,ORD-005043,2023-05-23,2023-05-24,2023-05-25,WH-REG-05,Delhivery Express,REG-05,2.1,5,Compliant,1142.91,7.2,0.45
FUL-005809,ORD-005809,2023-05-23,2023-05-25,2023-05-29,WH-REG-03,FedEx Supply,REG-03,6.1,3,Breached,1229.54,9.1,0.75
FUL-005899,ORD-005899,2023-05-23,2023-05-25,2023-05-29,WH-REG-03,Delhivery Express,REG-03,6.1,3,Breached,2819.28,11.7,0.39
FUL-006691,ORD-006691,2023-05-23,2023-05-24,2023-05-26,WH-REG-01,Delhivery Express,REG-01,3.8,5,Compliant,3950.83,11.7,1.31
FUL-007748,ORD-007748,2023-05-23,2023-05-25,2023-05-28,WH-REG-03,DHL Freight,REG-03,5.6,5,Breached,2338.77,8.2,1.29
FUL-000776,ORD-000776,2023-05-24,2023-05-25,2023-05-26,WH-REG-04,Ecom Express,REG-04,2.7,5,Compliant,2714.16,8.4,1.53
FUL-003278,ORD-003278,2023-05-24,2023-05-26,2023-05-30,WH-REG-03,Ecom Express,REG-03,6.0,5,Breached,3111.21,9.8,0.88
FUL-003594,ORD-003594,2023-05-24,2023-05-25,2023-05-27,WH-REG-01,DHL Freight,REG-01,3.1,5,Compliant,4374.88,10.4,0.44
FUL-003789,ORD-003789,2023-05-24,2023-05-26,2023-05-29,WH-REG-02,FedEx Supply,REG-02,5.8,5,Breached,3675.74,9.5,1.09
FUL-004554,ORD-004554,2023-05-24,2023-05-25,2023-05-27,WH-REG-02,BlueDart Logistics,REG-02,3.8,5,Compliant,1977.62,10.9,0.82
FUL-005766,ORD-005766,2023-05-24,2023-05-25,2023-05-26,WH-REG-01,FedEx Supply,REG-01,2.6,5,Compliant,1076.14,10.8,1.45
FUL-005981,ORD-005981,2023-05-24,2023-05-25,2023-05-25,WH-REG-03,Delhivery Express,REG-03,1.5,5,Compliant,2581.17,10.6,1.58
FUL-006863,ORD-006863,2023-05-24,2023-05-26,2023-05-29,WH-REG-03,DHL Freight,REG-03,5.8,5,Breached,965.4,11.5,1.8
FUL-007971,ORD-007971,2023-05-24,2023-05-25,2023-05-27,WH-REG-04,Ecom Express,REG-04,3.6,3,Breached,4494.66,8.4,0.91
FUL-001902,ORD-001902,2023-05-25,2023-05-27,2023-05-31,WH-REG-04,Ecom Express,REG-04,6.8,5,Breached,1115.38,9.1,1.62
FUL-002706,ORD-002706,2023-05-25,2023-05-26,2023-05-29,WH-REG-01,Ecom Express,REG-01,4.2,3,Breached,3608.35,5.9,0.85
FUL-003205,ORD-003205,2023-05-25,2023-05-26,2023-05-26,WH-REG-05,BlueDart Logistics,REG-05,1.4,5,Compliant,2706.55,7.3,1.16
FUL-003270,ORD-003270,2023-05-25,2023-05-26,2023-05-27,WH-REG-01,FedEx Supply,REG-01,2.6,5,Compliant,1690.6,9.9,1.78
FUL-003363,ORD-003363,2023-05-25,2023-05-26,2023-05-28,WH-REG-04,FedEx Supply,REG-04,3.5,5,Compliant,4402.31,5.9,1.64
FUL-004290,ORD-004290,2023-05-25,2023-05-26,2023-05-26,WH-REG-03,FedEx Supply,REG-03,1.6,5,Compliant,877.64,10.2,0.49
FUL-004771,ORD-004771,2023-05-25,2023-05-26,2023-05-28,WH-REG-05,Delhivery Express,REG-05,3.5,5,Compliant,2767.48,6.0,1.68
FUL-006803,ORD-006803,2023-05-25,2023-05-26,2023-05-28,WH-REG-02,FedEx Supply,REG-02,3.2,3,Breached,2432.8,11.1,1.22
FUL-007964,ORD-007964,2023-05-25,2023-05-26,2023-05-26,WH-REG-04,BlueDart Logistics,REG-04,1.2,5,Compliant,2828.89,11.8,0.94
FUL-000289,ORD-000289,2023-05-26,2023-05-27,2023-05-30,WH-REG-01,DHL Freight,REG-01,4.8,3,Breached,3723.4,8.5,0.55
FUL-001663,ORD-001663,2023-05-26,2023-05-27,2023-05-28,WH-REG-02,DHL Freight,REG-02,2.1,5,Compliant,2195.79,8.3,1.7
FUL-001986,ORD-001986,2023-05-26,2023-05-28,2023-06-01,WH-REG-02,Ecom Express,REG-02,6.6,5,Breached,1135.37,9.2,1.36
FUL-003564,ORD-003564,2023-05-26,2023-05-27,2023-05-28,WH-REG-05,FedEx Supply,REG-05,2.8,5,Compliant,3486.15,8.7,1.3
FUL-004722,ORD-004722,2023-05-26,2023-05-27,2023-05-29,WH-REG-05,Delhivery Express,REG-05,3.8,5,Compliant,4288.28,9.3,1.53
FUL-006375,ORD-006375,2023-05-26,2023-05-28,2023-05-31,WH-REG-01,Ecom Express,REG-01,5.2,3,Breached,4344.62,6.1,0.81
FUL-006524,ORD-006524,2023-05-26,2023-05-28,2023-05-31,WH-REG-02,BlueDart Logistics,REG-02,5.6,5,Breached,2014.45,10.6,1.46
FUL-007068,ORD-007068,2023-05-26,2023-05-28,2023-06-01,WH-REG-04,FedEx Supply,REG-04,6.0,5,Breached,1610.74,7.5,1.69
FUL-007975,ORD-007975,2023-05-26,2023-05-27,2023-05-30,WH-REG-03,FedEx Supply,REG-03,4.9,5,Compliant,2947.3,5.6,0.07
FUL-008199,ORD-008199,2023-05-26,2023-05-28,2023-06-01,WH-REG-04,FedEx Supply,REG-04,6.4,5,Breached,3954.5,9.3,0.24
FUL-001926,ORD-001926,2023-05-27,2023-05-29,2023-06-01,WH-REG-02,Ecom Express,REG-02,5.8,5,Breached,2754.31,6.2,1.75
FUL-004829,ORD-004829,2023-05-27,2023-05-28,2023-05-29,WH-REG-05,Ecom Express,REG-05,2.0,5,Compliant,3581.86,8.0,0.08
FUL-006252,ORD-006252,2023-05-27,2023-05-28,2023-05-30,WH-REG-01,BlueDart Logistics,REG-01,3.0,3,Compliant,2959.41,7.6,0.65
FUL-006671,ORD-006671,2023-05-27,2023-05-29,2023-06-02,WH-REG-03,DHL Freight,REG-03,6.8,3,Breached,1375.95,8.3,0.4
FUL-008137,ORD-008137,2023-05-27,2023-05-28,2023-05-30,WH-REG-05,DHL Freight,REG-05,3.5,5,Compliant,2333.62,6.4,1.29
FUL-000312,ORD-000312,2023-05-28,2023-05-30,2023-06-03,WH-REG-05,FedEx Supply,REG-05,6.2,5,Breached,2244.64,11.5,1.62
FUL-002169,ORD-002169,2023-05-28,2023-05-29,2023-05-30,WH-REG-02,BlueDart Logistics,REG-02,2.2,5,Compliant,1633.69,8.7,1.35
FUL-005010,ORD-005010,2023-05-28,2023-05-31,2023-06-05,WH-REG-03,Delhivery Express,REG-03,8.7,5,Breached,4411.78,11.0,0.21
FUL-006390,ORD-006390,2023-05-28,2023-05-29,2023-05-30,WH-REG-01,DHL Freight,REG-01,2.2,3,Compliant,4123.77,10.5,0.94
FUL-006470,ORD-006470,2023-05-28,2023-05-29,2023-05-31,WH-REG-01,Delhivery Express,REG-01,3.9,5,Compliant,2760.95,9.7,1.56
FUL-006701,ORD-006701,2023-05-28,2023-05-29,2023-05-30,WH-REG-05,FedEx Supply,REG-05,2.2,5,Compliant,3544.8,8.1,0.52
FUL-006930,ORD-006930,2023-05-28,2023-05-29,2023-06-01,WH-REG-05,BlueDart Logistics,REG-05,4.7,5,Compliant,4336.38,8.8,0.73
FUL-001204,ORD-001204,2023-05-29,2023-05-30,2023-06-01,WH-REG-04,Ecom Express,REG-04,3.1,5,Compliant,3059.65,7.1,1.41
FUL-003638,ORD-003638,2023-05-29,2023-05-30,2023-05-30,WH-REG-01,Delhivery Express,REG-01,1.6,3,Compliant,3871.41,6.7,1.33
FUL-006081,ORD-006081,2023-05-29,2023-05-31,2023-06-04,WH-REG-02,BlueDart Logistics,REG-02,6.4,5,Breached,1196.57,12.0,1.09
FUL-006218,ORD-006218,2023-05-29,2023-05-31,2023-06-04,WH-REG-02,FedEx Supply,REG-02,6.6,5,Breached,2114.05,7.8,0.45
FUL-000948,ORD-000948,2023-05-30,2023-05-31,2023-06-01,WH-REG-03,BlueDart Logistics,REG-03,2.8,5,Compliant,1792.46,7.5,1.54
FUL-002312,ORD-002312,2023-05-30,2023-06-01,2023-06-05,WH-REG-03,FedEx Supply,REG-03,6.8,3,Breached,4250.86,10.2,0.17
FUL-004623,ORD-004623,2023-05-30,2023-06-01,2023-06-04,WH-REG-04,DHL Freight,REG-04,5.5,5,Breached,1197.54,5.9,0.1
FUL-005556,ORD-005556,2023-05-31,2023-06-05,2023-06-12,WH-REG-05,Delhivery Express,REG-05,12.600000000000001,5,Breached,4071.84,6.3,0.48
FUL-006918,ORD-006918,2023-05-31,2023-06-02,2023-06-05,WH-REG-05,Delhivery Express,REG-05,5.4,3,Breached,3783.04,5.6,1.21
FUL-000096,ORD-000096,2023-06-01,2023-06-02,2023-06-02,WH-REG-02,Ecom Express,REG-02,1.3,5,Compliant,3650.27,11.5,0.75
FUL-000542,ORD-000542,2023-06-01,2023-06-03,2023-06-06,WH-REG-01,Delhivery Express,REG-01,5.3,5,Breached,1203.31,8.8,0.9
FUL-001116,ORD-001116,2023-06-01,2023-06-02,2023-06-05,WH-REG-05,Ecom Express,REG-05,4.0,5,Compliant,1363.66,5.9,0.27
FUL-002580,ORD-002580,2023-06-01,2023-06-02,2023-06-03,WH-REG-05,FedEx Supply,REG-05,2.5,5,Compliant,2899.38,11.2,1.25
FUL-003421,ORD-003421,2023-06-01,2023-06-02,2023-06-03,WH-REG-04,Delhivery Express,REG-04,2.0,5,Compliant,2396.5,8.0,1.79
FUL-004192,ORD-004192,2023-06-01,2023-06-02,2023-06-03,WH-REG-04,DHL Freight,REG-04,2.5,5,Compliant,4098.14,11.7,0.94
FUL-004872,ORD-004872,2023-06-01,2023-06-03,2023-06-07,WH-REG-02,DHL Freight,REG-02,6.7,5,Breached,2035.31,8.9,0.06
FUL-000722,ORD-000722,2023-06-02,2023-06-03,2023-06-05,WH-REG-04,Ecom Express,REG-04,3.0,5,Compliant,1096.04,8.0,0.52
FUL-001358,ORD-001358,2023-06-02,2023-06-03,2023-06-05,WH-REG-01,BlueDart Logistics,REG-01,3.6,5,Compliant,3929.77,6.2,0.3
FUL-003144,ORD-003144,2023-06-02,2023-06-03,2023-06-03,WH-REG-05,DHL Freight,REG-05,1.6,5,Compliant,3961.2,6.1,0.26
FUL-005962,ORD-005962,2023-06-02,2023-06-03,2023-06-06,WH-REG-02,BlueDart Logistics,REG-02,4.1,3,Breached,3280.54,7.1,0.77
FUL-006223,ORD-006223,2023-06-02,2023-06-04,2023-06-08,WH-REG-05,DHL Freight,REG-05,6.3,5,Breached,2445.15,11.2,0.97
FUL-006241,ORD-006241,2023-06-02,2023-06-03,2023-06-05,WH-REG-01,FedEx Supply,REG-01,3.8,3,Breached,1339.37,6.1,0.59
FUL-008044,ORD-008044,2023-06-02,2023-06-04,2023-06-07,WH-REG-02,Ecom Express,REG-02,5.1,5,Breached,2873.49,5.6,0.16
FUL-001990,ORD-001990,2023-06-03,2023-06-04,2023-06-05,WH-REG-03,BlueDart Logistics,REG-03,2.9,5,Compliant,1732.48,6.4,0.69
FUL-003051,ORD-003051,2023-06-03,2023-06-04,2023-06-07,WH-REG-01,FedEx Supply,REG-01,4.8,5,Compliant,1270.02,11.7,0.6
FUL-003854,ORD-003854,2023-06-03,2023-06-05,2023-06-09,WH-REG-01,Ecom Express,REG-01,6.0,5,Breached,2104.14,6.0,1.42
FUL-005145,ORD-005145,2023-06-03,2023-06-04,2023-06-07,WH-REG-05,Ecom Express,REG-05,4.0,5,Compliant,4201.37,11.5,0.01
FUL-005227,ORD-005227,2023-06-03,2023-06-04,2023-06-04,WH-REG-03,DHL Freight,REG-03,1.7,5,Compliant,977.48,11.4,1.74
FUL-005837,ORD-005837,2023-06-03,2023-06-04,2023-06-07,WH-REG-04,BlueDart Logistics,REG-04,4.4,5,Compliant,3978.49,6.1,1.43
FUL-006064,ORD-006064,2023-06-03,2023-06-04,2023-06-05,WH-REG-02,Ecom Express,REG-02,2.3,5,Compliant,3391.12,6.8,0.78
FUL-006098,ORD-006098,2023-06-03,2023-06-05,2023-06-09,WH-REG-01,DHL Freight,REG-01,6.7,3,Breached,1941.13,6.0,0.03
FUL-006214,ORD-006214,2023-06-03,2023-06-04,2023-06-07,WH-REG-03,BlueDart Logistics,REG-03,4.3,5,Compliant,4043.16,10.8,1.73
FUL-007742,ORD-007742,2023-06-03,2023-06-05,2023-06-08,WH-REG-01,FedEx Supply,REG-01,5.4,5,Breached,3208.45,5.9,0.32
FUL-001852,ORD-001852,2023-06-04,2023-06-06,2023-06-09,WH-REG-03,Delhivery Express,REG-03,5.4,5,Breached,3465.91,11.8,1.58
FUL-003824,ORD-003824,2023-06-04,2023-06-06,2023-06-10,WH-REG-05,Ecom Express,REG-05,6.6,5,Breached,1326.08,10.8,0.11
FUL-004528,ORD-004528,2023-06-04,2023-06-05,2023-06-05,WH-REG-05,Delhivery Express,REG-05,1.6,3,Compliant,3231.48,7.1,1.13
FUL-005734,ORD-005734,2023-06-04,2023-06-05,2023-06-08,WH-REG-03,Delhivery Express,REG-03,4.3,3,Breached,1014.67,10.7,0.7
FUL-006024,ORD-006024,2023-06-04,2023-06-06,2023-06-09,WH-REG-01,Delhivery Express,REG-01,5.8,3,Breached,3001.25,11.8,1.08
FUL-006057,ORD-006057,2023-06-04,2023-06-06,2023-06-10,WH-REG-04,FedEx Supply,REG-04,6.5,5,Breached,3560.55,8.3,0.83
FUL-006395,ORD-006395,2023-06-04,2023-06-08,2023-06-15,WH-REG-05,FedEx Supply,REG-05,11.8,5,Breached,1974.28,8.6,0.25
FUL-007113,ORD-007113,2023-06-04,2023-06-05,2023-06-08,WH-REG-04,FedEx Supply,REG-04,4.6,5,Compliant,872.71,7.2,0.89
FUL-007217,ORD-007217,2023-06-04,2023-06-06,2023-06-09,WH-REG-04,FedEx Supply,REG-04,5.1,5,Breached,1713.72,9.4,0.04
FUL-000013,ORD-000013,2023-06-05,2023-06-07,2023-06-10,WH-REG-01,FedEx Supply,REG-01,5.3,5,Breached,3456.45,7.9,0.24
FUL-002426,ORD-002426,2023-06-05,2023-06-07,2023-06-11,WH-REG-02,FedEx Supply,REG-02,6.6,5,Breached,1783.05,8.8,0.23
FUL-002809,ORD-002809,2023-06-05,2023-06-06,2023-06-07,WH-REG-02,BlueDart Logistics,REG-02,2.7,5,Compliant,3596.18,6.5,1.33
FUL-006965,ORD-006965,2023-06-05,2023-06-06,2023-06-09,WH-REG-02,FedEx Supply,REG-02,4.2,5,Compliant,1246.19,6.7,0.38
FUL-007005,ORD-007005,2023-06-05,2023-06-06,2023-06-06,WH-REG-01,Delhivery Express,REG-01,1.3,5,Compliant,3796.01,7.0,1.13
FUL-001296,ORD-001296,2023-06-06,2023-06-07,2023-06-07,WH-REG-02,BlueDart Logistics,REG-02,1.9,5,Compliant,1741.06,6.8,0.25
FUL-004194,ORD-004194,2023-06-06,2023-06-07,2023-06-09,WH-REG-03,DHL Freight,REG-03,3.8,5,Compliant,1047.54,11.7,0.32
FUL-004314,ORD-004314,2023-06-06,2023-06-08,2023-06-11,WH-REG-03,Delhivery Express,REG-03,5.4,5,Breached,3157.1,6.5,1.33
FUL-007446,ORD-007446,2023-06-06,2023-06-07,2023-06-07,WH-REG-04,BlueDart Logistics,REG-04,1.6,3,Compliant,959.37,6.9,1.03
FUL-007950,ORD-007950,2023-06-06,2023-06-07,2023-06-10,WH-REG-02,BlueDart Logistics,REG-02,4.0,5,Compliant,1628.39,5.8,0.39
FUL-000348,ORD-000348,2023-06-07,2023-06-08,2023-06-09,WH-REG-02,BlueDart Logistics,REG-02,2.3,5,Compliant,3057.23,9.4,1.13
FUL-000592,ORD-000592,2023-06-07,2023-06-10,2023-06-16,WH-REG-02,DHL Freight,REG-02,9.899999999999999,5,Breached,3617.2,6.5,1.63
FUL-000943,ORD-000943,2023-06-07,2023-06-08,2023-06-10,WH-REG-01,Ecom Express,REG-01,3.5,5,Compliant,3522.8,9.0,1.14
FUL-002048,ORD-002048,2023-06-07,2023-06-08,2023-06-09,WH-REG-04,FedEx Supply,REG-04,2.5,5,Compliant,4218.4,12.0,1.16
FUL-004109,ORD-004109,2023-06-07,2023-06-08,2023-06-10,WH-REG-01,Ecom Express,REG-01,3.6,5,Compliant,1755.73,8.8,1.7
FUL-004525,ORD-004525,2023-06-07,2023-06-08,2023-06-08,WH-REG-04,Ecom Express,REG-04,1.2,5,Compliant,2765.0,8.7,1.39
FUL-006799,ORD-006799,2023-06-07,2023-06-08,2023-06-10,WH-REG-03,Ecom Express,REG-03,3.6,3,Breached,2338.67,5.8,0.89
FUL-007168,ORD-007168,2023-06-07,2023-06-08,2023-06-09,WH-REG-03,FedEx Supply,REG-03,2.8,5,Compliant,1428.55,7.7,0.36
FUL-007373,ORD-007373,2023-06-07,2023-06-08,2023-06-11,WH-REG-04,Ecom Express,REG-04,4.2,5,Compliant,3484.0,7.3,0.49
FUL-007864,ORD-007864,2023-06-07,2023-06-08,2023-06-09,WH-REG-04,Ecom Express,REG-04,2.2,5,Compliant,956.88,5.8,0.26
FUL-002034,ORD-002034,2023-06-08,2023-06-10,2023-06-14,WH-REG-01,DHL Freight,REG-01,6.3,5,Breached,1378.89,6.5,1.49
FUL-002107,ORD-002107,2023-06-08,2023-06-09,2023-06-12,WH-REG-01,FedEx Supply,REG-01,4.3,5,Compliant,1180.83,9.0,0.83
FUL-002236,ORD-002236,2023-06-08,2023-06-10,2023-06-13,WH-REG-03,Ecom Express,REG-03,5.5,5,Breached,3860.66,9.9,0.34
FUL-005588,ORD-005588,2023-06-08,2023-06-09,2023-06-11,WH-REG-05,BlueDart Logistics,REG-05,3.1,5,Compliant,2153.36,8.2,0.92
FUL-005718,ORD-005718,2023-06-08,2023-06-10,2023-06-13,WH-REG-05,Ecom Express,REG-05,5.2,5,Breached,1047.33,7.3,0.44
FUL-006233,ORD-006233,2023-06-08,2023-06-10,2023-06-14,WH-REG-04,FedEx Supply,REG-04,6.2,5,Breached,2033.93,9.2,0.76
FUL-006587,ORD-006587,2023-06-08,2023-06-09,2023-06-12,WH-REG-04,Delhivery Express,REG-04,4.9,5,Compliant,2370.57,7.7,0.39
FUL-007432,ORD-007432,2023-06-08,2023-06-09,2023-06-09,WH-REG-01,DHL Freight,REG-01,1.5,5,Compliant,1111.63,11.9,0.85
FUL-006928,ORD-006928,2023-06-09,2023-06-10,2023-06-12,WH-REG-01,Ecom Express,REG-01,3.3,5,Compliant,4325.98,9.8,0.52
FUL-007129,ORD-007129,2023-06-09,2023-06-10,2023-06-12,WH-REG-04,DHL Freight,REG-04,3.3,5,Compliant,4260.36,10.0,0.11
FUL-007804,ORD-007804,2023-06-09,2023-06-10,2023-06-12,WH-REG-01,FedEx Supply,REG-01,3.8,5,Compliant,1007.88,7.2,0.21
FUL-008283,ORD-008283,2023-06-09,2023-06-11,2023-06-15,WH-REG-03,BlueDart Logistics,REG-03,6.5,5,Breached,1631.35,11.3,1.15
FUL-000909,ORD-000909,2023-06-10,2023-06-11,2023-06-13,WH-REG-01,Ecom Express,REG-01,3.5,5,Compliant,2130.27,7.8,0.6
FUL-001237,ORD-001237,2023-06-10,2023-06-12,2023-06-16,WH-REG-04,Delhivery Express,REG-04,6.2,5,Breached,3779.68,9.4,0.65
FUL-002631,ORD-002631,2023-06-10,2023-06-11,2023-06-12,WH-REG-02,FedEx Supply,REG-02,2.8,3,Compliant,3776.91,8.8,0.49
FUL-002806,ORD-002806,2023-06-10,2023-06-11,2023-06-14,WH-REG-03,FedEx Supply,REG-03,4.2,5,Compliant,3327.98,5.9,1.3
FUL-003214,ORD-003214,2023-06-10,2023-06-11,2023-06-14,WH-REG-01,BlueDart Logistics,REG-01,4.0,5,Compliant,3580.08,8.9,0.79
FUL-003498,ORD-003498,2023-06-10,2023-06-11,2023-06-13,WH-REG-04,Delhivery Express,REG-04,3.6,3,Breached,2432.75,5.6,1.26
FUL-004839,ORD-004839,2023-06-10,2023-06-12,2023-06-16,WH-REG-01,BlueDart Logistics,REG-01,6.3,5,Breached,2588.97,7.0,1.69
FUL-004857,ORD-004857,2023-06-10,2023-06-11,2023-06-12,WH-REG-05,BlueDart Logistics,REG-05,2.4,5,Compliant,3097.75,5.7,1.55
FUL-005607,ORD-005607,2023-06-10,2023-06-11,2023-06-12,WH-REG-01,DHL Freight,REG-01,2.7,5,Compliant,4317.98,7.4,0.39
FUL-007505,ORD-007505,2023-06-10,2023-06-11,2023-06-14,WH-REG-05,BlueDart Logistics,REG-05,4.4,3,Breached,1045.95,10.6,0.61
FUL-007551,ORD-007551,2023-06-10,2023-06-12,2023-06-15,WH-REG-03,BlueDart Logistics,REG-03,5.1,5,Breached,1578.17,11.8,0.35
FUL-008375,ORD-008375,2023-06-10,2023-06-12,2023-06-16,WH-REG-02,FedEx Supply,REG-02,6.0,5,Breached,3574.13,8.6,1.77
FUL-000190,ORD-000190,2023-06-11,2023-06-13,2023-06-17,WH-REG-04,Delhivery Express,REG-04,6.7,3,Breached,1903.85,10.0,1.69
FUL-000466,ORD-000466,2023-06-11,2023-06-12,2023-06-15,WH-REG-02,BlueDart Logistics,REG-02,4.0,3,Breached,1705.52,10.5,0.46
FUL-001052,ORD-001052,2023-06-11,2023-06-13,2023-06-17,WH-REG-05,DHL Freight,REG-05,6.2,3,Breached,1027.34,8.9,0.6
FUL-002562,ORD-002562,2023-06-11,2023-06-13,2023-06-17,WH-REG-05,FedEx Supply,REG-05,6.6,3,Breached,1607.65,11.5,0.3
FUL-002649,ORD-002649,2023-06-11,2023-06-12,2023-06-14,WH-REG-03,BlueDart Logistics,REG-03,3.7,3,Breached,2748.66,11.5,1.27
FUL-002779,ORD-002779,2023-06-11,2023-06-12,2023-06-14,WH-REG-05,DHL Freight,REG-05,3.9,5,Compliant,1876.82,5.7,0.25
FUL-003195,ORD-003195,2023-06-11,2023-06-12,2023-06-13,WH-REG-02,FedEx Supply,REG-02,2.0,5,Compliant,1170.12,8.1,0.93
FUL-005151,ORD-005151,2023-06-11,2023-06-12,2023-06-13,WH-REG-04,Ecom Express,REG-04,2.2,5,Compliant,1678.03,6.0,0.55
FUL-006179,ORD-006179,2023-06-11,2023-06-12,2023-06-15,WH-REG-04,Ecom Express,REG-04,4.3,5,Compliant,2450.19,10.2,1.29
FUL-006302,ORD-006302,2023-06-11,2023-06-12,2023-06-15,WH-REG-05,BlueDart Logistics,REG-05,4.3,3,Breached,2686.25,8.5,1.56
FUL-007490,ORD-007490,2023-06-11,2023-06-13,2023-06-17,WH-REG-05,FedEx Supply,REG-05,6.5,3,Breached,4078.87,10.4,1.39
FUL-008252,ORD-008252,2023-06-11,2023-06-12,2023-06-13,WH-REG-03,Ecom Express,REG-03,2.7,5,Compliant,2814.95,8.5,1.38
FUL-008315,ORD-008315,2023-06-11,2023-06-12,2023-06-13,WH-REG-05,Delhivery Express,REG-05,2.7,5,Compliant,1810.48,8.4,0.42
FUL-000664,ORD-000664,2023-06-12,2023-06-13,2023-06-16,WH-REG-01,BlueDart Logistics,REG-01,4.2,5,Compliant,2779.66,10.4,1.15
FUL-003061,ORD-003061,2023-06-12,2023-06-14,2023-06-18,WH-REG-02,FedEx Supply,REG-02,6.7,5,Breached,1692.75,7.7,0.84
FUL-003166,ORD-003166,2023-06-12,2023-06-13,2023-06-14,WH-REG-02,BlueDart Logistics,REG-02,2.9,3,Compliant,3741.65,7.2,0.33
FUL-004019,ORD-004019,2023-06-12,2023-06-13,2023-06-16,WH-REG-03,DHL Freight,REG-03,4.5,3,Breached,4046.97,9.4,1.17
FUL-005297,ORD-005297,2023-06-12,2023-06-13,2023-06-15,WH-REG-03,BlueDart Logistics,REG-03,3.7,5,Compliant,1544.07,6.2,0.8
FUL-005691,ORD-005691,2023-06-12,2023-06-14,2023-06-17,WH-REG-01,Delhivery Express,REG-01,5.3,3,Breached,1836.79,6.5,1.44
FUL-005697,ORD-005697,2023-06-12,2023-06-13,2023-06-15,WH-REG-04,Delhivery Express,REG-04,3.7,5,Compliant,3009.37,10.1,0.81
FUL-005875,ORD-005875,2023-06-12,2023-06-13,2023-06-14,WH-REG-01,BlueDart Logistics,REG-01,2.7,3,Compliant,3887.17,11.7,0.61
FUL-006294,ORD-006294,2023-06-12,2023-06-14,2023-06-18,WH-REG-05,Ecom Express,REG-05,6.3,3,Breached,2291.02,7.1,0.35
FUL-006485,ORD-006485,2023-06-12,2023-06-14,2023-06-17,WH-REG-04,Ecom Express,REG-04,5.4,5,Breached,969.37,11.3,0.44
FUL-006705,ORD-006705,2023-06-12,2023-06-13,2023-06-15,WH-REG-02,DHL Freight,REG-02,3.7,3,Breached,4290.05,8.8,1.3
FUL-006958,ORD-006958,2023-06-12,2023-06-14,2023-06-17,WH-REG-05,BlueDart Logistics,REG-05,5.9,5,Breached,1097.61,11.7,0.01
FUL-007272,ORD-007272,2023-06-12,2023-06-13,2023-06-16,WH-REG-03,Ecom Express,REG-03,4.4,5,Compliant,2747.32,8.1,0.6
FUL-000438,ORD-000438,2023-06-13,2023-06-14,2023-06-14,WH-REG-03,BlueDart Logistics,REG-03,1.6,5,Compliant,3465.29,11.8,1.64
FUL-000467,ORD-000467,2023-06-13,2023-06-14,2023-06-17,WH-REG-03,DHL Freight,REG-03,4.4,3,Breached,2916.66,11.5,0.34
FUL-001465,ORD-001465,2023-06-13,2023-06-14,2023-06-16,WH-REG-05,Delhivery Express,REG-05,3.4,5,Compliant,4018.16,11.3,1.27
FUL-002269,ORD-002269,2023-06-13,2023-06-14,2023-06-17,WH-REG-04,Ecom Express,REG-04,4.1,5,Compliant,3953.12,9.9,0.88
FUL-002337,ORD-002337,2023-06-13,2023-06-15,2023-06-19,WH-REG-04,Ecom Express,REG-04,6.5,5,Breached,3818.04,11.4,0.9
FUL-003088,ORD-003088,2023-06-13,2023-06-14,2023-06-17,WH-REG-04,Ecom Express,REG-04,4.1,5,Compliant,4410.39,6.0,0.44
FUL-004992,ORD-004992,2023-06-13,2023-06-14,2023-06-14,WH-REG-03,BlueDart Logistics,REG-03,1.8,5,Compliant,2323.92,5.5,0.23
FUL-006657,ORD-006657,2023-06-13,2023-06-14,2023-06-14,WH-REG-04,Delhivery Express,REG-04,1.7,5,Compliant,3331.64,10.1,1.29
FUL-000547,ORD-000547,2023-06-14,2023-06-16,2023-06-19,WH-REG-03,FedEx Supply,REG-03,5.5,5,Breached,4043.14,8.2,1.67
FUL-002568,ORD-002568,2023-06-14,2023-06-16,2023-06-19,WH-REG-04,Delhivery Express,REG-04,5.3,5,Breached,1377.6,10.3,1.16
FUL-002628,ORD-002628,2023-06-14,2023-06-15,2023-06-17,WH-REG-01,BlueDart Logistics,REG-01,3.2,5,Compliant,2551.13,8.9,0.94
FUL-002770,ORD-002770,2023-06-14,2023-06-15,2023-06-18,WH-REG-03,FedEx Supply,REG-03,4.0,5,Compliant,3905.09,10.9,0.02
FUL-002971,ORD-002971,2023-06-14,2023-06-15,2023-06-18,WH-REG-02,FedEx Supply,REG-02,4.4,3,Breached,1896.97,6.3,0.01
FUL-004176,ORD-004176,2023-06-14,2023-06-16,2023-06-19,WH-REG-04,Ecom Express,REG-04,5.3,5,Breached,3762.72,8.4,0.4
FUL-006545,ORD-006545,2023-06-14,2023-06-16,2023-06-20,WH-REG-02,BlueDart Logistics,REG-02,6.6,5,Breached,3955.39,9.9,0.51
FUL-008438,ORD-008438,2023-06-14,2023-06-15,2023-06-15,WH-REG-04,Ecom Express,REG-04,1.5,5,Compliant,4172.75,11.5,0.83
FUL-001022,ORD-001022,2023-06-15,2023-06-16,2023-06-19,WH-REG-01,FedEx Supply,REG-01,4.6,5,Compliant,4012.8,10.6,1.49
FUL-002569,ORD-002569,2023-06-15,2023-06-16,2023-06-18,WH-REG-05,Ecom Express,REG-05,3.5,5,Compliant,2005.29,10.0,0.4
FUL-002604,ORD-002604,2023-06-15,2023-06-16,2023-06-17,WH-REG-02,FedEx Supply,REG-02,2.5,5,Compliant,3921.68,11.6,0.2
FUL-006210,ORD-006210,2023-06-15,2023-06-16,2023-06-18,WH-REG-03,BlueDart Logistics,REG-03,3.9,5,Compliant,3971.25,9.9,1.43
FUL-006565,ORD-006565,2023-06-15,2023-06-19,2023-06-26,WH-REG-03,BlueDart Logistics,REG-03,11.6,5,Breached,1397.99,5.7,0.89
FUL-008088,ORD-008088,2023-06-15,2023-06-16,2023-06-19,WH-REG-01,Delhivery Express,REG-01,4.8,5,Compliant,1156.88,10.2,1.41
FUL-000550,ORD-000550,2023-06-16,2023-06-17,2023-06-19,WH-REG-03,Delhivery Express,REG-03,3.8,5,Compliant,911.53,7.5,0.7
FUL-001830,ORD-001830,2023-06-16,2023-06-18,2023-06-21,WH-REG-02,Ecom Express,REG-02,5.0,3,Breached,4495.28,7.0,1.03
FUL-005299,ORD-005299,2023-06-16,2023-06-17,2023-06-19,WH-REG-04,FedEx Supply,REG-04,3.0,5,Compliant,3139.66,10.6,0.34
FUL-005481,ORD-005481,2023-06-16,2023-06-17,2023-06-17,WH-REG-03,BlueDart Logistics,REG-03,1.4,5,Compliant,2785.35,10.7,1.18
FUL-006572,ORD-006572,2023-06-16,2023-06-17,2023-06-18,WH-REG-01,FedEx Supply,REG-01,2.7,3,Compliant,3012.53,9.6,0.4
FUL-007303,ORD-007303,2023-06-16,2023-06-17,2023-06-17,WH-REG-05,BlueDart Logistics,REG-05,1.2,5,Compliant,3246.1,7.3,0.87
FUL-000043,ORD-000043,2023-06-17,2023-06-18,2023-06-19,WH-REG-01,Ecom Express,REG-01,2.3,5,Compliant,3805.66,7.3,1.59
FUL-000473,ORD-000473,2023-06-17,2023-06-18,2023-06-20,WH-REG-05,BlueDart Logistics,REG-05,3.3,5,Compliant,4093.87,6.7,0.92
FUL-000787,ORD-000787,2023-06-17,2023-06-18,2023-06-18,WH-REG-01,FedEx Supply,REG-01,1.8,3,Compliant,4021.6,9.3,1.34
FUL-003681,ORD-003681,2023-06-17,2023-06-18,2023-06-18,WH-REG-05,BlueDart Logistics,REG-05,1.6,5,Compliant,1502.96,6.5,1.58
FUL-003786,ORD-003786,2023-06-17,2023-06-18,2023-06-19,WH-REG-05,BlueDart Logistics,REG-05,2.4,5,Compliant,3338.69,9.0,1.67
FUL-001626,ORD-001626,2023-06-18,2023-06-20,2023-06-24,WH-REG-02,Ecom Express,REG-02,6.2,5,Breached,1531.17,5.7,0.42
FUL-002152,ORD-002152,2023-06-18,2023-06-19,2023-06-19,WH-REG-04,Delhivery Express,REG-04,1.8,5,Compliant,4268.29,8.1,1.11
FUL-002828,ORD-002828,2023-06-18,2023-06-19,2023-06-19,WH-REG-03,BlueDart Logistics,REG-03,1.5,5,Compliant,3038.96,7.7,1.52
FUL-004475,ORD-004475,2023-06-18,2023-06-23,2023-07-01,WH-REG-05,Delhivery Express,REG-05,13.7,5,Breached,2683.78,9.8,0.53
FUL-006905,ORD-006905,2023-06-18,2023-06-20,2023-06-23,WH-REG-01,Delhivery Express,REG-01,5.8,5,Breached,3266.38,7.4,0.16
FUL-007339,ORD-007339,2023-06-18,2023-06-19,2023-06-22,WH-REG-01,Delhivery Express,REG-01,4.8,3,Breached,3447.69,7.5,1.11
FUL-008149,ORD-008149,2023-06-18,2023-06-19,2023-06-22,WH-REG-03,BlueDart Logistics,REG-03,4.7,5,Compliant,4295.22,11.1,1.42
FUL-000263,ORD-000263,2023-06-19,2023-06-22,2023-06-27,WH-REG-05,DHL Freight,REG-05,8.0,5,Breached,3824.84,10.9,1.35
FUL-001030,ORD-001030,2023-06-19,2023-06-20,2023-06-20,WH-REG-01,BlueDart Logistics,REG-01,1.8,5,Compliant,4213.44,10.8,1.32
FUL-002890,ORD-002890,2023-06-19,2023-06-21,2023-06-25,WH-REG-03,DHL Freight,REG-03,6.8,5,Breached,1917.17,5.5,1.7
FUL-003201,ORD-003201,2023-06-19,2023-06-21,2023-06-24,WH-REG-05,FedEx Supply,REG-05,5.0,3,Breached,2893.38,5.7,0.25
FUL-003568,ORD-003568,2023-06-19,2023-06-20,2023-06-23,WH-REG-02,FedEx Supply,REG-02,4.9,5,Compliant,1381.6,9.6,1.13
FUL-003676,ORD-003676,2023-06-19,2023-06-20,2023-06-23,WH-REG-02,Ecom Express,REG-02,4.3,5,Compliant,3425.21,10.5,0.34
FUL-004094,ORD-004094,2023-06-19,2023-06-20,2023-06-23,WH-REG-01,Delhivery Express,REG-01,4.8,5,Compliant,4402.38,6.4,1.1
FUL-005169,ORD-005169,2023-06-19,2023-06-20,2023-06-20,WH-REG-04,Delhivery Express,REG-04,1.5,5,Compliant,2001.23,10.0,0.63
FUL-006050,ORD-006050,2023-06-19,2023-06-20,2023-06-23,WH-REG-01,DHL Freight,REG-01,4.7,3,Breached,3630.93,11.0,0.8
FUL-001049,ORD-001049,2023-06-20,2023-06-21,2023-06-23,WH-REG-05,Delhivery Express,REG-05,3.8,3,Breached,4099.57,7.3,0.56
FUL-001355,ORD-001355,2023-06-20,2023-06-24,2023-06-30,WH-REG-04,BlueDart Logistics,REG-04,10.6,5,Breached,2494.47,6.8,0.58
FUL-002261,ORD-002261,2023-06-20,2023-06-21,2023-06-22,WH-REG-05,Delhivery Express,REG-05,2.9,5,Compliant,2509.33,9.8,0.08
FUL-003451,ORD-003451,2023-06-20,2023-06-21,2023-06-23,WH-REG-04,BlueDart Logistics,REG-04,3.4,5,Compliant,2850.54,9.1,0.85
FUL-004122,ORD-004122,2023-06-20,2023-06-22,2023-06-25,WH-REG-01,DHL Freight,REG-01,5.8,5,Breached,4288.03,10.1,1.49
FUL-007942,ORD-007942,2023-06-20,2023-06-22,2023-06-25,WH-REG-03,Delhivery Express,REG-03,5.8,5,Breached,3410.89,7.2,0.52
FUL-008314,ORD-008314,2023-06-20,2023-06-21,2023-06-23,WH-REG-02,Delhivery Express,REG-02,3.5,5,Compliant,4003.61,8.9,1.41
FUL-008422,ORD-008422,2023-06-20,2023-06-21,2023-06-23,WH-REG-01,FedEx Supply,REG-01,3.0,5,Compliant,2015.32,9.7,0.78
FUL-001695,ORD-001695,2023-06-21,2023-06-22,2023-06-24,WH-REG-02,Delhivery Express,REG-02,3.1,5,Compliant,2742.02,5.6,1.12
FUL-002183,ORD-002183,2023-06-21,2023-06-22,2023-06-23,WH-REG-01,BlueDart Logistics,REG-01,2.8,5,Compliant,3581.79,10.1,0.98
FUL-002377,ORD-002377,2023-06-21,2023-06-22,2023-06-22,WH-REG-05,Ecom Express,REG-05,1.6,3,Compliant,4412.29,10.3,0.61
FUL-005749,ORD-005749,2023-06-21,2023-06-22,2023-06-25,WH-REG-03,FedEx Supply,REG-03,4.6,5,Compliant,1200.73,9.3,0.87
FUL-006972,ORD-006972,2023-06-21,2023-06-22,2023-06-24,WH-REG-05,Delhivery Express,REG-05,3.4,5,Compliant,1994.7,7.3,0.44
FUL-007369,ORD-007369,2023-06-21,2023-06-22,2023-06-23,WH-REG-03,FedEx Supply,REG-03,2.5,3,Compliant,3836.25,9.6,0.04
FUL-007917,ORD-007917,2023-06-21,2023-06-22,2023-06-25,WH-REG-02,DHL Freight,REG-02,4.6,5,Compliant,3229.05,5.8,0.38
FUL-000871,ORD-000871,2023-06-22,2023-06-24,2023-06-28,WH-REG-01,Delhivery Express,REG-01,6.3,3,Breached,2687.34,5.8,1.24
FUL-001783,ORD-001783,2023-06-22,2023-06-23,2023-06-25,WH-REG-04,FedEx Supply,REG-04,3.4,5,Compliant,2761.12,7.2,1.77
FUL-006051,ORD-006051,2023-06-22,2023-06-23,2023-06-25,WH-REG-01,BlueDart Logistics,REG-01,3.1,5,Compliant,2445.47,10.8,1.32
FUL-006959,ORD-006959,2023-06-22,2023-06-23,2023-06-26,WH-REG-02,BlueDart Logistics,REG-02,4.5,5,Compliant,1788.28,9.4,0.44
FUL-008410,ORD-008410,2023-06-22,2023-06-24,2023-06-28,WH-REG-03,FedEx Supply,REG-03,6.5,5,Breached,4045.95,12.0,1.35
FUL-000139,ORD-000139,2023-06-23,2023-06-25,2023-06-29,WH-REG-05,FedEx Supply,REG-05,6.1,5,Breached,3404.08,10.7,1.32
FUL-000531,ORD-000531,2023-06-23,2023-06-24,2023-06-27,WH-REG-02,BlueDart Logistics,REG-02,4.5,5,Compliant,2183.2,6.1,1.69
FUL-000580,ORD-000580,2023-06-23,2023-06-24,2023-06-25,WH-REG-03,Ecom Express,REG-03,2.4,3,Compliant,3792.62,9.2,1.6
FUL-004161,ORD-004161,2023-06-23,2023-06-25,2023-06-29,WH-REG-03,FedEx Supply,REG-03,6.4,5,Breached,4148.46,6.7,1.64
FUL-004804,ORD-004804,2023-06-23,2023-06-24,2023-06-25,WH-REG-01,Ecom Express,REG-01,2.5,5,Compliant,2942.57,11.3,1.2
FUL-005184,ORD-005184,2023-06-23,2023-06-24,2023-06-25,WH-REG-04,FedEx Supply,REG-04,2.1,3,Compliant,4160.62,10.9,1.6
FUL-006285,ORD-006285,2023-06-23,2023-06-27,2023-07-03,WH-REG-02,DHL Freight,REG-02,10.8,5,Breached,3981.72,7.7,1.48
FUL-006814,ORD-006814,2023-06-23,2023-06-25,2023-06-29,WH-REG-05,Ecom Express,REG-05,6.6,3,Breached,4399.4,9.9,0.96
FUL-001572,ORD-001572,2023-06-24,2023-06-25,2023-06-25,WH-REG-05,FedEx Supply,REG-05,1.6,5,Compliant,2844.11,8.8,1.5
FUL-001911,ORD-001911,2023-06-24,2023-06-25,2023-06-25,WH-REG-04,BlueDart Logistics,REG-04,1.3,5,Compliant,2077.95,10.4,1.51
FUL-002967,ORD-002967,2023-06-24,2023-06-25,2023-06-25,WH-REG-02,FedEx Supply,REG-02,1.8,5,Compliant,4029.3,10.2,0.91
FUL-003295,ORD-003295,2023-06-24,2023-06-25,2023-06-27,WH-REG-05,FedEx Supply,REG-05,3.3,5,Compliant,1234.32,11.9,0.15
FUL-003653,ORD-003653,2023-06-24,2023-06-25,2023-06-27,WH-REG-05,DHL Freight,REG-05,3.3,5,Compliant,2196.27,9.6,0.4
FUL-005720,ORD-005720,2023-06-24,2023-06-25,2023-06-25,WH-REG-05,Delhivery Express,REG-05,1.2,5,Compliant,1928.24,6.8,1.22
FUL-007616,ORD-007616,2023-06-24,2023-06-25,2023-06-28,WH-REG-03,FedEx Supply,REG-03,4.5,3,Breached,1137.76,7.4,0.71
FUL-002900,ORD-002900,2023-06-25,2023-06-26,2023-06-29,WH-REG-01,DHL Freight,REG-01,4.9,5,Compliant,3905.08,10.2,1.36
FUL-003452,ORD-003452,2023-06-25,2023-06-26,2023-06-27,WH-REG-02,Ecom Express,REG-02,2.8,5,Compliant,4250.75,11.4,1.76
FUL-003834,ORD-003834,2023-06-25,2023-06-26,2023-06-28,WH-REG-03,Delhivery Express,REG-03,3.1,5,Compliant,1381.23,10.2,0.91
FUL-004224,ORD-004224,2023-06-25,2023-06-26,2023-06-28,WH-REG-04,Ecom Express,REG-04,3.3,5,Compliant,3604.45,7.2,1.57
FUL-006183,ORD-006183,2023-06-25,2023-06-26,2023-06-29,WH-REG-03,BlueDart Logistics,REG-03,4.9,5,Compliant,3840.17,10.8,0.76
FUL-006230,ORD-006230,2023-06-25,2023-06-27,2023-06-30,WH-REG-02,DHL Freight,REG-02,5.0,5,Compliant,4142.24,5.6,0.72
FUL-007108,ORD-007108,2023-06-25,2023-06-26,2023-06-27,WH-REG-04,Delhivery Express,REG-04,2.6,5,Compliant,2706.95,6.3,0.21
FUL-001476,ORD-001476,2023-06-26,2023-06-27,2023-06-29,WH-REG-05,BlueDart Logistics,REG-05,3.6,5,Compliant,2527.47,7.0,0.7
FUL-002484,ORD-002484,2023-06-26,2023-06-27,2023-06-28,WH-REG-05,Delhivery Express,REG-05,2.8,5,Compliant,2334.37,7.5,0.28
FUL-002620,ORD-002620,2023-06-26,2023-06-27,2023-06-29,WH-REG-02,Delhivery Express,REG-02,3.6,5,Compliant,2686.84,7.7,0.57
FUL-003591,ORD-003591,2023-06-26,2023-06-28,2023-07-01,WH-REG-04,Delhivery Express,REG-04,5.2,5,Breached,2662.72,8.4,1.39
FUL-004449,ORD-004449,2023-06-26,2023-06-27,2023-06-27,WH-REG-01,FedEx Supply,REG-01,1.6,5,Compliant,1665.36,10.3,0.45
FUL-005353,ORD-005353,2023-06-26,2023-06-27,2023-06-27,WH-REG-02,BlueDart Logistics,REG-02,1.8,5,Compliant,4312.85,8.6,1.7
FUL-005398,ORD-005398,2023-06-26,2023-06-27,2023-06-29,WH-REG-04,BlueDart Logistics,REG-04,3.3,5,Compliant,4493.11,7.6,0.07
FUL-007066,ORD-007066,2023-06-26,2023-06-28,2023-07-01,WH-REG-03,Ecom Express,REG-03,5.9,3,Breached,1214.34,10.7,1.21
FUL-007656,ORD-007656,2023-06-26,2023-06-28,2023-07-02,WH-REG-05,FedEx Supply,REG-05,6.4,3,Breached,4085.79,9.6,1.13
FUL-008234,ORD-008234,2023-06-26,2023-06-27,2023-06-27,WH-REG-05,DHL Freight,REG-05,1.8,5,Compliant,2244.58,11.0,1.0
FUL-001025,ORD-001025,2023-06-27,2023-06-28,2023-06-28,WH-REG-03,DHL Freight,REG-03,1.2,5,Compliant,4343.21,11.4,1.54
FUL-001785,ORD-001785,2023-06-27,2023-06-28,2023-06-30,WH-REG-02,FedEx Supply,REG-02,3.6,3,Breached,1593.55,11.2,0.68
FUL-002096,ORD-002096,2023-06-27,2023-06-29,2023-07-03,WH-REG-03,Delhivery Express,REG-03,6.1,5,Breached,3697.29,6.4,0.73
FUL-004115,ORD-004115,2023-06-27,2023-06-29,2023-07-03,WH-REG-02,BlueDart Logistics,REG-02,6.3,5,Breached,1367.31,8.2,0.82
FUL-004915,ORD-004915,2023-06-27,2023-06-29,2023-07-03,WH-REG-01,FedEx Supply,REG-01,6.7,5,Breached,1695.57,8.0,1.09
FUL-006184,ORD-006184,2023-06-27,2023-06-29,2023-07-03,WH-REG-03,BlueDart Logistics,REG-03,6.4,5,Breached,2667.18,6.6,0.89
FUL-007577,ORD-007577,2023-06-27,2023-06-28,2023-06-30,WH-REG-05,Delhivery Express,REG-05,3.5,5,Compliant,2354.29,8.5,1.7
FUL-007999,ORD-007999,2023-06-27,2023-06-28,2023-06-30,WH-REG-01,DHL Freight,REG-01,3.5,5,Compliant,3563.08,9.6,1.72
FUL-008425,ORD-008425,2023-06-27,2023-06-28,2023-06-29,WH-REG-01,DHL Freight,REG-01,2.6,5,Compliant,1425.95,10.1,0.2
FUL-001720,ORD-001720,2023-06-28,2023-06-30,2023-07-03,WH-REG-03,Delhivery Express,REG-03,5.8,5,Breached,4189.58,10.8,1.27
FUL-003928,ORD-003928,2023-06-28,2023-06-30,2023-07-03,WH-REG-04,FedEx Supply,REG-04,5.3,5,Breached,3365.32,6.1,1.07
FUL-004113,ORD-004113,2023-06-28,2023-06-29,2023-06-30,WH-REG-02,DHL Freight,REG-02,2.7,3,Compliant,1521.12,10.7,0.17
FUL-004752,ORD-004752,2023-06-28,2023-06-29,2023-06-29,WH-REG-01,BlueDart Logistics,REG-01,1.3,5,Compliant,4209.16,8.6,1.65
FUL-006450,ORD-006450,2023-06-28,2023-06-30,2023-07-04,WH-REG-05,BlueDart Logistics,REG-05,6.6,5,Breached,2745.72,8.7,1.37
FUL-007544,ORD-007544,2023-06-28,2023-06-29,2023-06-30,WH-REG-05,BlueDart Logistics,REG-05,2.4,5,Compliant,1272.92,8.2,0.71
FUL-007601,ORD-007601,2023-06-28,2023-06-29,2023-06-29,WH-REG-01,DHL Freight,REG-01,1.3,5,Compliant,1756.83,9.9,1.77
FUL-004097,ORD-004097,2023-06-29,2023-07-01,2023-07-04,WH-REG-02,Ecom Express,REG-02,5.6,5,Breached,2804.8,8.0,0.98
FUL-004819,ORD-004819,2023-06-29,2023-06-30,2023-07-03,WH-REG-01,DHL Freight,REG-01,4.4,5,Compliant,1972.69,11.7,1.11
FUL-006736,ORD-006736,2023-06-29,2023-06-30,2023-07-02,WH-REG-02,FedEx Supply,REG-02,3.5,5,Compliant,1081.84,5.6,1.52
FUL-007503,ORD-007503,2023-06-29,2023-07-01,2023-07-04,WH-REG-02,Ecom Express,REG-02,5.9,5,Breached,4042.67,6.9,0.95
FUL-008122,ORD-008122,2023-06-29,2023-07-01,2023-07-05,WH-REG-05,BlueDart Logistics,REG-05,6.4,3,Breached,1932.38,11.6,0.48
FUL-008245,ORD-008245,2023-06-29,2023-06-30,2023-07-02,WH-REG-05,BlueDart Logistics,REG-05,3.4,5,Compliant,4449.48,10.7,0.18
FUL-001029,ORD-001029,2023-06-30,2023-07-01,2023-07-02,WH-REG-02,DHL Freight,REG-02,2.3,5,Compliant,2125.48,8.2,1.03
FUL-002771,ORD-002771,2023-06-30,2023-07-01,2023-07-02,WH-REG-02,BlueDart Logistics,REG-02,2.8,5,Compliant,922.49,5.5,1.01
FUL-003632,ORD-003632,2023-06-30,2023-07-02,2023-07-06,WH-REG-04,DHL Freight,REG-04,6.2,5,Breached,3331.79,10.1,0.94
FUL-004072,ORD-004072,2023-06-30,2023-07-01,2023-07-04,WH-REG-05,FedEx Supply,REG-05,4.2,5,Compliant,3704.39,6.6,1.53
FUL-004582,ORD-004582,2023-06-30,2023-07-01,2023-07-02,WH-REG-01,Ecom Express,REG-01,2.6,3,Compliant,3867.89,9.4,0.97
FUL-006353,ORD-006353,2023-06-30,2023-07-01,2023-07-03,WH-REG-03,Delhivery Express,REG-03,3.8,5,Compliant,2084.89,11.1,0.51
FUL-000521,ORD-000521,2023-07-01,2023-07-03,2023-07-06,WH-REG-01,FedEx Supply,REG-01,5.0,5,Compliant,4195.89,11.2,1.63
FUL-001549,ORD-001549,2023-07-01,2023-07-02,2023-07-02,WH-REG-05,Ecom Express,REG-05,1.3,5,Compliant,2447.43,9.7,1.46
FUL-001865,ORD-001865,2023-07-01,2023-07-02,2023-07-05,WH-REG-01,BlueDart Logistics,REG-01,4.5,5,Compliant,1332.63,7.3,0.13
FUL-003476,ORD-003476,2023-07-01,2023-07-03,2023-07-06,WH-REG-05,FedEx Supply,REG-05,5.6,3,Breached,2739.28,7.9,1.49
FUL-003584,ORD-003584,2023-07-01,2023-07-02,2023-07-04,WH-REG-05,DHL Freight,REG-05,3.6,5,Compliant,1021.55,8.9,0.2
FUL-005915,ORD-005915,2023-07-01,2023-07-02,2023-07-04,WH-REG-03,BlueDart Logistics,REG-03,3.5,3,Breached,3103.15,11.2,0.78
FUL-005965,ORD-005965,2023-07-01,2023-07-02,2023-07-03,WH-REG-03,DHL Freight,REG-03,2.6,5,Compliant,1575.11,10.9,1.57
FUL-006440,ORD-006440,2023-07-01,2023-07-02,2023-07-05,WH-REG-01,DHL Freight,REG-01,4.3,5,Compliant,2934.55,8.4,1.14
FUL-007813,ORD-007813,2023-07-01,2023-07-03,2023-07-06,WH-REG-02,BlueDart Logistics,REG-02,5.6,5,Breached,973.67,7.3,1.27
FUL-000006,ORD-000006,2023-07-02,2023-07-04,2023-07-08,WH-REG-05,BlueDart Logistics,REG-05,6.8,5,Breached,3074.36,7.6,0.36
FUL-000038,ORD-000038,2023-07-02,2023-07-03,2023-07-03,WH-REG-04,Delhivery Express,REG-04,1.9,5,Compliant,3824.27,11.7,0.43
FUL-003228,ORD-003228,2023-07-02,2023-07-04,2023-07-07,WH-REG-01,BlueDart Logistics,REG-01,5.5,5,Breached,4096.77,7.5,0.58
FUL-003640,ORD-003640,2023-07-02,2023-07-04,2023-07-07,WH-REG-04,Delhivery Express,REG-04,5.8,5,Breached,2802.03,8.8,0.0
FUL-004506,ORD-004506,2023-07-02,2023-07-03,2023-07-06,WH-REG-01,Ecom Express,REG-01,4.6,5,Compliant,3726.15,8.4,1.19
FUL-005354,ORD-005354,2023-07-02,2023-07-04,2023-07-08,WH-REG-04,Delhivery Express,REG-04,6.7,5,Breached,1980.25,11.2,1.24
FUL-007549,ORD-007549,2023-07-02,2023-07-04,2023-07-08,WH-REG-02,Delhivery Express,REG-02,6.2,5,Breached,1032.89,9.3,0.72
FUL-007840,ORD-007840,2023-07-02,2023-07-07,2023-07-14,WH-REG-04,BlueDart Logistics,REG-04,12.700000000000001,5,Breached,2956.6,9.2,0.07
FUL-008359,ORD-008359,2023-07-02,2023-07-03,2023-07-04,WH-REG-05,DHL Freight,REG-05,2.9,3,Compliant,4172.15,9.3,1.77
FUL-001211,ORD-001211,2023-07-03,2023-07-04,2023-07-05,WH-REG-04,Delhivery Express,REG-04,2.8,5,Compliant,4252.64,8.1,1.66
FUL-001526,ORD-001526,2023-07-03,2023-07-05,2023-07-09,WH-REG-01,BlueDart Logistics,REG-01,6.5,5,Breached,3223.6,6.8,1.51
FUL-001655,ORD-001655,2023-07-03,2023-07-04,2023-07-04,WH-REG-03,DHL Freight,REG-03,1.3,5,Compliant,1146.02,9.9,1.35
FUL-001927,ORD-001927,2023-07-03,2023-07-05,2023-07-08,WH-REG-04,Delhivery Express,REG-04,5.0,5,Compliant,1506.34,11.3,0.04
FUL-003133,ORD-003133,2023-07-03,2023-07-04,2023-07-05,WH-REG-03,DHL Freight,REG-03,2.1,5,Compliant,2460.29,5.8,1.8
FUL-003930,ORD-003930,2023-07-03,2023-07-04,2023-07-06,WH-REG-01,BlueDart Logistics,REG-01,3.5,5,Compliant,1571.7,10.2,0.05
FUL-004672,ORD-004672,2023-07-03,2023-07-05,2023-07-09,WH-REG-04,FedEx Supply,REG-04,6.6,5,Breached,1382.18,7.7,1.29
FUL-004767,ORD-004767,2023-07-03,2023-07-05,2023-07-08,WH-REG-01,Ecom Express,REG-01,5.4,5,Breached,1915.27,7.6,1.7
FUL-006094,ORD-006094,2023-07-03,2023-07-04,2023-07-07,WH-REG-05,BlueDart Logistics,REG-05,4.7,5,Compliant,2767.72,6.9,1.0
FUL-007220,ORD-007220,2023-07-03,2023-07-04,2023-07-04,WH-REG-05,Delhivery Express,REG-05,1.6,5,Compliant,1990.43,8.0,0.44
FUL-000905,ORD-000905,2023-07-04,2023-07-05,2023-07-07,WH-REG-02,Ecom Express,REG-02,3.1,5,Compliant,1558.35,9.9,1.44
FUL-001342,ORD-001342,2023-07-04,2023-07-05,2023-07-07,WH-REG-03,FedEx Supply,REG-03,3.4,5,Compliant,4395.04,10.3,0.77
FUL-001563,ORD-001563,2023-07-04,2023-07-05,2023-07-05,WH-REG-03,Ecom Express,REG-03,1.9,5,Compliant,4473.15,6.9,1.33
FUL-002082,ORD-002082,2023-07-04,2023-07-05,2023-07-06,WH-REG-05,BlueDart Logistics,REG-05,2.5,5,Compliant,2503.37,11.0,0.89
FUL-004963,ORD-004963,2023-07-04,2023-07-05,2023-07-06,WH-REG-02,FedEx Supply,REG-02,2.5,5,Compliant,911.54,6.6,0.93
FUL-004985,ORD-004985,2023-07-04,2023-07-05,2023-07-05,WH-REG-03,DHL Freight,REG-03,1.4,5,Compliant,3532.59,7.8,0.61
FUL-005230,ORD-005230,2023-07-04,2023-07-05,2023-07-08,WH-REG-02,Delhivery Express,REG-02,4.3,5,Compliant,2718.34,9.6,1.71
FUL-005679,ORD-005679,2023-07-04,2023-07-05,2023-07-05,WH-REG-04,Delhivery Express,REG-04,1.7,5,Compliant,1701.93,7.8,0.98
FUL-007374,ORD-007374,2023-07-04,2023-07-06,2023-07-09,WH-REG-05,FedEx Supply,REG-05,5.0,5,Compliant,3774.04,7.2,1.17
FUL-007462,ORD-007462,2023-07-04,2023-07-05,2023-07-08,WH-REG-02,Ecom Express,REG-02,4.5,5,Compliant,4051.67,10.9,0.94
FUL-008330,ORD-008330,2023-07-04,2023-07-09,2023-07-17,WH-REG-05,BlueDart Logistics,REG-05,13.899999999999999,5,Breached,2191.79,6.9,1.29
FUL-001475,ORD-001475,2023-07-05,2023-07-06,2023-07-07,WH-REG-03,Ecom Express,REG-03,2.5,5,Compliant,3003.28,10.5,1.57
FUL-002147,ORD-002147,2023-07-05,2023-07-07,2023-07-10,WH-REG-01,DHL Freight,REG-01,5.5,3,Breached,3709.77,11.1,1.72
FUL-002346,ORD-002346,2023-07-05,2023-07-06,2023-07-07,WH-REG-04,FedEx Supply,REG-04,2.2,5,Compliant,2728.92,8.2,1.08
FUL-003042,ORD-003042,2023-07-05,2023-07-06,2023-07-07,WH-REG-05,FedEx Supply,REG-05,2.8,5,Compliant,2768.29,11.3,1.13
FUL-003797,ORD-003797,2023-07-05,2023-07-06,2023-07-09,WH-REG-01,FedEx Supply,REG-01,4.7,5,Compliant,1639.17,9.7,1.38
FUL-004842,ORD-004842,2023-07-05,2023-07-07,2023-07-11,WH-REG-03,BlueDart Logistics,REG-03,6.3,5,Breached,4243.88,7.1,0.74
FUL-004881,ORD-004881,2023-07-05,2023-07-07,2023-07-11,WH-REG-03,BlueDart Logistics,REG-03,6.4,3,Breached,2658.24,10.6,0.07
FUL-005325,ORD-005325,2023-07-05,2023-07-06,2023-07-09,WH-REG-05,DHL Freight,REG-05,4.9,5,Compliant,2872.45,10.0,0.62
FUL-005494,ORD-005494,2023-07-05,2023-07-06,2023-07-07,WH-REG-02,FedEx Supply,REG-02,2.6,5,Compliant,2987.97,6.7,0.67
FUL-005497,ORD-005497,2023-07-05,2023-07-06,2023-07-09,WH-REG-01,FedEx Supply,REG-01,4.4,5,Compliant,874.3,7.6,0.81
FUL-000538,ORD-000538,2023-07-06,2023-07-07,2023-07-07,WH-REG-02,Delhivery Express,REG-02,1.7,3,Compliant,1588.91,5.8,1.39
FUL-002700,ORD-002700,2023-07-06,2023-07-08,2023-07-12,WH-REG-03,Ecom Express,REG-03,6.2,5,Breached,2750.02,10.2,1.45
FUL-003138,ORD-003138,2023-07-06,2023-07-07,2023-07-07,WH-REG-01,DHL Freight,REG-01,1.6,5,Compliant,3936.47,10.3,0.69
FUL-003666,ORD-003666,2023-07-06,2023-07-07,2023-07-08,WH-REG-05,BlueDart Logistics,REG-05,2.7,5,Compliant,4136.34,10.5,1.22
FUL-003754,ORD-003754,2023-07-06,2023-07-07,2023-07-07,WH-REG-05,BlueDart Logistics,REG-05,1.4,5,Compliant,1558.19,11.4,0.23
FUL-006099,ORD-006099,2023-07-06,2023-07-07,2023-07-09,WH-REG-02,FedEx Supply,REG-02,3.6,5,Compliant,966.35,7.7,1.69
FUL-006623,ORD-006623,2023-07-06,2023-07-07,2023-07-10,WH-REG-03,DHL Freight,REG-03,4.2,5,Compliant,3943.1,9.1,0.6
FUL-000145,ORD-000145,2023-07-07,2023-07-08,2023-07-10,WH-REG-04,DHL Freight,REG-04,3.4,5,Compliant,2406.81,6.9,1.4
FUL-001020,ORD-001020,2023-07-07,2023-07-09,2023-07-13,WH-REG-01,Delhivery Express,REG-01,6.0,5,Breached,3318.64,7.6,0.3
FUL-002479,ORD-002479,2023-07-07,2023-07-08,2023-07-08,WH-REG-03,DHL Freight,REG-03,1.7,5,Compliant,2611.1,8.8,1.04
FUL-004534,ORD-004534,2023-07-07,2023-07-09,2023-07-13,WH-REG-04,FedEx Supply,REG-04,6.2,5,Breached,1219.72,5.9,1.22
FUL-006086,ORD-006086,2023-07-07,2023-07-08,2023-07-10,WH-REG-01,Ecom Express,REG-01,3.5,3,Breached,1429.17,11.6,1.34
FUL-006448,ORD-006448,2023-07-07,2023-07-08,2023-07-11,WH-REG-05,Ecom Express,REG-05,4.5,5,Compliant,1374.87,6.2,0.4
FUL-007935,ORD-007935,2023-07-07,2023-07-10,2023-07-16,WH-REG-02,FedEx Supply,REG-02,9.3,5,Breached,1674.42,5.6,1.09
FUL-003592,ORD-003592,2023-07-08,2023-07-10,2023-07-13,WH-REG-03,DHL Freight,REG-03,5.2,5,Breached,4222.51,6.7,1.42
FUL-003601,ORD-003601,2023-07-08,2023-07-09,2023-07-10,WH-REG-01,FedEx Supply,REG-01,2.3,5,Compliant,2636.44,9.0,0.57
FUL-004698,ORD-004698,2023-07-08,2023-07-09,2023-07-09,WH-REG-02,BlueDart Logistics,REG-02,1.8,5,Compliant,2942.7,9.5,1.65
FUL-005543,ORD-005543,2023-07-08,2023-07-10,2023-07-14,WH-REG-01,DHL Freight,REG-01,6.5,5,Breached,1107.36,11.4,0.48
FUL-006091,ORD-006091,2023-07-08,2023-07-09,2023-07-11,WH-REG-03,DHL Freight,REG-03,3.7,5,Compliant,2251.0,7.6,0.21
FUL-007393,ORD-007393,2023-07-08,2023-07-09,2023-07-12,WH-REG-05,Delhivery Express,REG-05,4.1,3,Breached,2315.68,11.4,1.17
FUL-007651,ORD-007651,2023-07-08,2023-07-10,2023-07-13,WH-REG-05,Ecom Express,REG-05,5.4,3,Breached,1256.21,9.2,0.93
FUL-001422,ORD-001422,2023-07-09,2023-07-10,2023-07-11,WH-REG-02,Ecom Express,REG-02,2.1,5,Compliant,3459.46,11.6,1.39
FUL-003018,ORD-003018,2023-07-09,2023-07-10,2023-07-10,WH-REG-03,FedEx Supply,REG-03,1.4,3,Compliant,3190.1,9.8,1.48
FUL-003256,ORD-003256,2023-07-09,2023-07-10,2023-07-12,WH-REG-01,Delhivery Express,REG-01,3.1,5,Compliant,3524.7,8.5,1.34
FUL-003796,ORD-003796,2023-07-09,2023-07-10,2023-07-12,WH-REG-02,Delhivery Express,REG-02,3.3,5,Compliant,3957.09,8.8,1.67
FUL-004583,ORD-004583,2023-07-09,2023-07-11,2023-07-14,WH-REG-02,FedEx Supply,REG-02,5.5,5,Breached,1430.9,9.5,0.0
FUL-005755,ORD-005755,2023-07-09,2023-07-10,2023-07-13,WH-REG-02,FedEx Supply,REG-02,4.7,3,Breached,1504.04,11.5,0.89
FUL-008027,ORD-008027,2023-07-09,2023-07-10,2023-07-12,WH-REG-03,FedEx Supply,REG-03,3.6,5,Compliant,3587.65,9.1,0.74
FUL-001746,ORD-001746,2023-07-10,2023-07-11,2023-07-12,WH-REG-02,BlueDart Logistics,REG-02,2.9,5,Compliant,3205.84,10.9,1.36
FUL-002711,ORD-002711,2023-07-10,2023-07-12,2023-07-15,WH-REG-03,FedEx Supply,REG-03,5.8,5,Breached,4485.92,11.3,0.36
FUL-003402,ORD-003402,2023-07-10,2023-07-11,2023-07-12,WH-REG-02,DHL Freight,REG-02,2.3,5,Compliant,4367.42,11.0,1.19
FUL-005439,ORD-005439,2023-07-10,2023-07-11,2023-07-11,WH-REG-01,Ecom Express,REG-01,1.7,5,Compliant,1982.01,11.8,1.01
FUL-006010,ORD-006010,2023-07-10,2023-07-11,2023-07-11,WH-REG-03,Delhivery Express,REG-03,1.3,5,Compliant,3756.29,9.5,0.42
FUL-007583,ORD-007583,2023-07-10,2023-07-11,2023-07-14,WH-REG-02,BlueDart Logistics,REG-02,4.4,3,Breached,2002.19,8.8,1.78
FUL-008185,ORD-008185,2023-07-10,2023-07-12,2023-07-15,WH-REG-02,FedEx Supply,REG-02,5.1,5,Breached,3868.51,11.6,0.29
FUL-000518,ORD-000518,2023-07-11,2023-07-16,2023-07-25,WH-REG-01,BlueDart Logistics,REG-01,14.5,5,Breached,1390.93,8.4,1.59
FUL-000869,ORD-000869,2023-07-11,2023-07-12,2023-07-12,WH-REG-03,BlueDart Logistics,REG-03,1.9,5,Compliant,1426.08,12.0,0.51
FUL-001111,ORD-001111,2023-07-11,2023-07-12,2023-07-13,WH-REG-03,FedEx Supply,REG-03,2.1,5,Compliant,3143.35,11.2,1.41
FUL-002129,ORD-002129,2023-07-11,2023-07-12,2023-07-14,WH-REG-05,FedEx Supply,REG-05,3.5,5,Compliant,1648.98,6.5,0.75
FUL-003812,ORD-003812,2023-07-11,2023-07-13,2023-07-17,WH-REG-01,Ecom Express,REG-01,6.5,3,Breached,4200.26,11.5,0.76
FUL-005236,ORD-005236,2023-07-11,2023-07-12,2023-07-14,WH-REG-04,FedEx Supply,REG-04,3.3,5,Compliant,3196.09,10.6,1.15
FUL-005585,ORD-005585,2023-07-11,2023-07-13,2023-07-17,WH-REG-01,BlueDart Logistics,REG-01,6.4,5,Breached,1025.14,10.9,0.08
FUL-006146,ORD-006146,2023-07-11,2023-07-13,2023-07-17,WH-REG-04,Ecom Express,REG-04,6.3,5,Breached,4212.03,11.2,1.75
FUL-006753,ORD-006753,2023-07-11,2023-07-13,2023-07-16,WH-REG-04,DHL Freight,REG-04,5.6,5,Breached,4166.01,11.7,1.58
FUL-008445,ORD-008445,2023-07-11,2023-07-13,2023-07-17,WH-REG-01,Delhivery Express,REG-01,6.7,5,Breached,2503.85,6.8,0.46
FUL-001062,ORD-001062,2023-07-12,2023-07-14,2023-07-18,WH-REG-04,BlueDart Logistics,REG-04,6.7,5,Breached,3662.18,10.0,1.52
FUL-001096,ORD-001096,2023-07-12,2023-07-13,2023-07-15,WH-REG-05,Ecom Express,REG-05,3.2,5,Compliant,3195.07,10.0,1.11
FUL-001815,ORD-001815,2023-07-12,2023-07-14,2023-07-17,WH-REG-03,DHL Freight,REG-03,5.9,5,Breached,2679.49,7.6,0.88
FUL-002009,ORD-002009,2023-07-12,2023-07-14,2023-07-17,WH-REG-01,Ecom Express,REG-01,5.5,5,Breached,3001.99,9.6,0.22
FUL-002559,ORD-002559,2023-07-12,2023-07-13,2023-07-14,WH-REG-02,DHL Freight,REG-02,2.0,5,Compliant,2552.72,8.8,0.48
FUL-002696,ORD-002696,2023-07-12,2023-07-13,2023-07-13,WH-REG-01,DHL Freight,REG-01,1.6,5,Compliant,1138.48,11.9,1.54
FUL-008274,ORD-008274,2023-07-12,2023-07-15,2023-07-21,WH-REG-01,Delhivery Express,REG-01,9.7,5,Breached,917.94,10.1,1.63
FUL-000588,ORD-000588,2023-07-13,2023-07-15,2023-07-18,WH-REG-02,BlueDart Logistics,REG-02,5.6,5,Breached,1012.64,11.3,1.18
FUL-001587,ORD-001587,2023-07-13,2023-07-14,2023-07-16,WH-REG-05,Ecom Express,REG-05,3.1,3,Breached,3806.43,8.4,0.35
FUL-005426,ORD-005426,2023-07-13,2023-07-15,2023-07-19,WH-REG-05,BlueDart Logistics,REG-05,6.2,5,Breached,4478.68,11.5,1.58
FUL-005468,ORD-005468,2023-07-13,2023-07-14,2023-07-16,WH-REG-02,FedEx Supply,REG-02,3.6,5,Compliant,1150.36,11.1,0.26
FUL-006457,ORD-006457,2023-07-13,2023-07-14,2023-07-15,WH-REG-04,FedEx Supply,REG-04,2.2,5,Compliant,4371.6,11.9,0.35
FUL-003336,ORD-003336,2023-07-14,2023-07-15,2023-07-16,WH-REG-05,DHL Freight,REG-05,2.0,5,Compliant,3491.48,8.6,1.62
FUL-003799,ORD-003799,2023-07-14,2023-07-16,2023-07-20,WH-REG-02,BlueDart Logistics,REG-02,6.6,3,Breached,915.71,8.1,0.67
FUL-003981,ORD-003981,2023-07-14,2023-07-16,2023-07-20,WH-REG-01,Delhivery Express,REG-01,6.8,5,Breached,2265.12,7.0,0.29
FUL-004338,ORD-004338,2023-07-14,2023-07-15,2023-07-15,WH-REG-05,Delhivery Express,REG-05,1.5,5,Compliant,4493.05,11.1,0.52
FUL-005132,ORD-005132,2023-07-14,2023-07-16,2023-07-19,WH-REG-04,FedEx Supply,REG-04,5.2,5,Breached,2445.56,10.1,0.06
FUL-005533,ORD-005533,2023-07-14,2023-07-15,2023-07-17,WH-REG-03,Ecom Express,REG-03,3.4,5,Compliant,2683.25,5.6,0.15
FUL-006430,ORD-006430,2023-07-14,2023-07-15,2023-07-18,WH-REG-01,BlueDart Logistics,REG-01,4.5,3,Breached,2832.85,9.3,0.35
FUL-007526,ORD-007526,2023-07-14,2023-07-16,2023-07-19,WH-REG-02,Delhivery Express,REG-02,5.3,5,Breached,1531.4,8.7,0.77
FUL-007571,ORD-007571,2023-07-14,2023-07-15,2023-07-17,WH-REG-03,FedEx Supply,REG-03,3.7,5,Compliant,3995.06,6.4,0.95
FUL-008019,ORD-008019,2023-07-14,2023-07-16,2023-07-19,WH-REG-05,FedEx Supply,REG-05,5.0,5,Compliant,3068.61,6.2,0.9
FUL-000593,ORD-000593,2023-07-15,2023-07-16,2023-07-17,WH-REG-03,Delhivery Express,REG-03,2.4,5,Compliant,2644.26,6.3,0.36
FUL-001931,ORD-001931,2023-07-15,2023-07-16,2023-07-17,WH-REG-05,Ecom Express,REG-05,2.1,5,Compliant,3108.52,11.0,1.27
FUL-002209,ORD-002209,2023-07-15,2023-07-16,2023-07-17,WH-REG-05,FedEx Supply,REG-05,2.9,5,Compliant,4068.49,7.9,0.85
FUL-002803,ORD-002803,2023-07-15,2023-07-16,2023-07-17,WH-REG-04,FedEx Supply,REG-04,2.8,5,Compliant,3759.49,7.4,0.6
FUL-004106,ORD-004106,2023-07-15,2023-07-16,2023-07-18,WH-REG-04,FedEx Supply,REG-04,3.2,5,Compliant,4427.61,8.2,1.66
FUL-005074,ORD-005074,2023-07-15,2023-07-16,2023-07-16,WH-REG-05,Ecom Express,REG-05,1.4,5,Compliant,3757.4,9.7,0.28
FUL-007810,ORD-007810,2023-07-15,2023-07-16,2023-07-19,WH-REG-05,Ecom Express,REG-05,4.6,3,Breached,3311.81,8.6,0.02
FUL-001114,ORD-001114,2023-07-16,2023-07-17,2023-07-19,WH-REG-03,BlueDart Logistics,REG-03,3.8,5,Compliant,2726.87,10.4,0.76
FUL-002202,ORD-002202,2023-07-16,2023-07-18,2023-07-21,WH-REG-04,Delhivery Express,REG-04,5.1,5,Breached,852.0,11.7,1.5
FUL-002470,ORD-002470,2023-07-16,2023-07-17,2023-07-19,WH-REG-01,FedEx Supply,REG-01,3.1,5,Compliant,1359.88,7.0,1.55
FUL-002725,ORD-002725,2023-07-16,2023-07-17,2023-07-19,WH-REG-01,Delhivery Express,REG-01,3.7,5,Compliant,2297.19,9.2,1.64
FUL-002934,ORD-002934,2023-07-16,2023-07-17,2023-07-18,WH-REG-05,FedEx Supply,REG-05,2.3,5,Compliant,1989.97,8.6,1.02
FUL-003151,ORD-003151,2023-07-16,2023-07-17,2023-07-18,WH-REG-03,BlueDart Logistics,REG-03,2.1,5,Compliant,4163.63,6.0,0.57
FUL-005375,ORD-005375,2023-07-16,2023-07-17,2023-07-19,WH-REG-01,Delhivery Express,REG-01,3.5,3,Breached,4044.41,6.1,0.11
FUL-005421,ORD-005421,2023-07-16,2023-07-18,2023-07-22,WH-REG-03,Delhivery Express,REG-03,6.8,3,Breached,2714.96,7.5,0.42
FUL-006212,ORD-006212,2023-07-16,2023-07-17,2023-07-18,WH-REG-01,BlueDart Logistics,REG-01,2.0,3,Compliant,911.58,7.8,1.66
FUL-006490,ORD-006490,2023-07-16,2023-07-18,2023-07-22,WH-REG-02,Ecom Express,REG-02,6.8,5,Breached,2573.41,9.8,1.69
FUL-006523,ORD-006523,2023-07-16,2023-07-17,2023-07-17,WH-REG-05,BlueDart Logistics,REG-05,1.6,5,Compliant,2653.37,8.0,1.0
FUL-007263,ORD-007263,2023-07-16,2023-07-17,2023-07-20,WH-REG-03,DHL Freight,REG-03,4.3,5,Compliant,3903.7,8.0,1.63
FUL-007744,ORD-007744,2023-07-16,2023-07-17,2023-07-18,WH-REG-04,Delhivery Express,REG-04,2.7,5,Compliant,2057.9,9.6,1.65
FUL-000025,ORD-000025,2023-07-17,2023-07-18,2023-07-18,WH-REG-05,Delhivery Express,REG-05,1.8,5,Compliant,1925.03,8.6,0.54
FUL-000254,ORD-000254,2023-07-17,2023-07-19,2023-07-23,WH-REG-02,FedEx Supply,REG-02,6.7,5,Breached,3760.22,7.6,1.78
FUL-003573,ORD-003573,2023-07-17,2023-07-18,2023-07-20,WH-REG-02,BlueDart Logistics,REG-02,3.1,5,Compliant,896.58,7.1,1.37
FUL-006400,ORD-006400,2023-07-17,2023-07-18,2023-07-20,WH-REG-03,FedEx Supply,REG-03,3.6,3,Breached,1438.34,11.3,1.76
FUL-008171,ORD-008171,2023-07-17,2023-07-18,2023-07-18,WH-REG-03,BlueDart Logistics,REG-03,1.3,5,Compliant,1062.42,6.1,1.39
FUL-000123,ORD-000123,2023-07-18,2023-07-20,2023-07-24,WH-REG-03,BlueDart Logistics,REG-03,6.7,5,Breached,2176.16,9.1,0.79
FUL-001395,ORD-001395,2023-07-18,2023-07-19,2023-07-21,WH-REG-05,BlueDart Logistics,REG-05,3.8,5,Compliant,1806.62,9.1,1.0
FUL-001571,ORD-001571,2023-07-18,2023-07-19,2023-07-21,WH-REG-05,FedEx Supply,REG-05,3.9,5,Compliant,3247.27,9.9,0.13
FUL-005733,ORD-005733,2023-07-18,2023-07-19,2023-07-21,WH-REG-01,BlueDart Logistics,REG-01,3.2,5,Compliant,2026.65,5.9,1.78
FUL-005958,ORD-005958,2023-07-18,2023-07-19,2023-07-20,WH-REG-01,FedEx Supply,REG-01,2.4,5,Compliant,3189.62,8.9,0.95
FUL-007351,ORD-007351,2023-07-18,2023-07-19,2023-07-21,WH-REG-03,Delhivery Express,REG-03,3.4,5,Compliant,2535.72,9.4,0.0
FUL-007786,ORD-007786,2023-07-18,2023-07-20,2023-07-24,WH-REG-05,FedEx Supply,REG-05,6.0,5,Breached,2865.34,10.6,0.75
FUL-003484,ORD-003484,2023-07-19,2023-07-21,2023-07-24,WH-REG-04,Ecom Express,REG-04,5.0,5,Compliant,4231.51,8.7,1.31
FUL-005363,ORD-005363,2023-07-19,2023-07-20,2023-07-23,WH-REG-05,BlueDart Logistics,REG-05,4.5,5,Compliant,2845.95,9.6,1.48
FUL-007753,ORD-007753,2023-07-19,2023-07-20,2023-07-20,WH-REG-03,Delhivery Express,REG-03,1.5,5,Compliant,3381.8,8.6,0.62
FUL-008016,ORD-008016,2023-07-19,2023-07-20,2023-07-22,WH-REG-05,Ecom Express,REG-05,3.5,5,Compliant,2235.34,7.1,1.55
FUL-000980,ORD-000980,2023-07-20,2023-07-22,2023-07-25,WH-REG-01,Delhivery Express,REG-01,5.9,5,Breached,3941.39,6.5,0.37
FUL-001747,ORD-001747,2023-07-20,2023-07-21,2023-07-23,WH-REG-04,BlueDart Logistics,REG-04,3.5,5,Compliant,928.54,8.7,1.17
FUL-002855,ORD-002855,2023-07-20,2023-07-22,2023-07-26,WH-REG-03,Ecom Express,REG-03,6.6,5,Breached,3697.9,7.5,1.07
FUL-002930,ORD-002930,2023-07-20,2023-07-25,2023-08-02,WH-REG-01,BlueDart Logistics,REG-01,13.600000000000001,3,Breached,3410.31,6.7,1.26
FUL-002943,ORD-002943,2023-07-20,2023-07-21,2023-07-22,WH-REG-03,DHL Freight,REG-03,2.3,3,Compliant,3358.13,7.5,0.32
FUL-003066,ORD-003066,2023-07-20,2023-07-22,2023-07-26,WH-REG-04,Ecom Express,REG-04,6.1,5,Breached,3891.56,5.9,1.38
FUL-004987,ORD-004987,2023-07-20,2023-07-21,2023-07-23,WH-REG-04,BlueDart Logistics,REG-04,3.1,5,Compliant,1438.32,7.6,1.34
FUL-005478,ORD-005478,2023-07-20,2023-07-21,2023-07-21,WH-REG-01,Ecom Express,REG-01,1.7,5,Compliant,2539.0,9.7,1.05
FUL-006121,ORD-006121,2023-07-20,2023-07-21,2023-07-23,WH-REG-02,Delhivery Express,REG-02,3.1,5,Compliant,2398.41,9.0,1.76
FUL-006195,ORD-006195,2023-07-20,2023-07-21,2023-07-22,WH-REG-05,Delhivery Express,REG-05,2.4,3,Compliant,1653.68,6.4,1.52
FUL-007310,ORD-007310,2023-07-20,2023-07-21,2023-07-21,WH-REG-03,BlueDart Logistics,REG-03,1.4,5,Compliant,2818.97,6.7,0.19
FUL-007921,ORD-007921,2023-07-20,2023-07-22,2023-07-26,WH-REG-04,Delhivery Express,REG-04,6.3,5,Breached,2765.97,11.6,1.69
FUL-008350,ORD-008350,2023-07-20,2023-07-22,2023-07-26,WH-REG-01,BlueDart Logistics,REG-01,6.4,3,Breached,1367.47,7.2,0.16
FUL-001624,ORD-001624,2023-07-21,2023-07-23,2023-07-26,WH-REG-04,Delhivery Express,REG-04,5.4,5,Breached,3739.43,11.6,0.75
FUL-002118,ORD-002118,2023-07-21,2023-07-22,2023-07-22,WH-REG-01,BlueDart Logistics,REG-01,1.5,5,Compliant,3779.59,6.7,0.49
FUL-002505,ORD-002505,2023-07-21,2023-07-23,2023-07-26,WH-REG-03,BlueDart Logistics,REG-03,5.3,3,Breached,975.68,6.0,1.65
FUL-003125,ORD-003125,2023-07-21,2023-07-22,2023-07-25,WH-REG-04,Ecom Express,REG-04,4.7,5,Compliant,2023.69,10.7,0.05
FUL-004017,ORD-004017,2023-07-21,2023-07-22,2023-07-22,WH-REG-02,BlueDart Logistics,REG-02,1.7,5,Compliant,3905.41,11.2,1.53
FUL-004551,ORD-004551,2023-07-21,2023-07-22,2023-07-25,WH-REG-05,BlueDart Logistics,REG-05,4.9,3,Breached,1454.23,11.0,0.29
FUL-006917,ORD-006917,2023-07-21,2023-07-23,2023-07-26,WH-REG-05,BlueDart Logistics,REG-05,5.9,5,Breached,1457.95,10.6,0.91
FUL-000057,ORD-000057,2023-07-22,2023-07-23,2023-07-23,WH-REG-03,FedEx Supply,REG-03,1.5,5,Compliant,2292.77,6.8,1.44
FUL-002156,ORD-002156,2023-07-22,2023-07-23,2023-07-26,WH-REG-01,BlueDart Logistics,REG-01,4.5,3,Breached,880.22,6.1,1.11
FUL-003650,ORD-003650,2023-07-22,2023-07-24,2023-07-28,WH-REG-02,Ecom Express,REG-02,6.5,5,Breached,4111.3,6.1,0.19
FUL-004228,ORD-004228,2023-07-22,2023-07-23,2023-07-25,WH-REG-02,FedEx Supply,REG-02,3.3,5,Compliant,1783.75,8.8,1.27
FUL-005042,ORD-005042,2023-07-22,2023-07-24,2023-07-27,WH-REG-02,BlueDart Logistics,REG-02,5.6,5,Breached,2344.83,7.8,0.08
FUL-005160,ORD-005160,2023-07-22,2023-07-24,2023-07-27,WH-REG-04,Delhivery Express,REG-04,5.6,5,Breached,3488.19,9.4,0.61
FUL-005486,ORD-005486,2023-07-22,2023-07-23,2023-07-25,WH-REG-01,Delhivery Express,REG-01,3.8,5,Compliant,4355.96,7.5,1.34
FUL-006487,ORD-006487,2023-07-22,2023-07-23,2023-07-26,WH-REG-04,DHL Freight,REG-04,4.6,5,Compliant,1054.26,7.0,0.33
FUL-007120,ORD-007120,2023-07-22,2023-07-24,2023-07-28,WH-REG-01,Delhivery Express,REG-01,6.5,5,Breached,1973.71,10.7,0.61
FUL-007817,ORD-007817,2023-07-22,2023-07-24,2023-07-28,WH-REG-01,Ecom Express,REG-01,6.0,3,Breached,2859.89,8.2,0.64
FUL-008341,ORD-008341,2023-07-22,2023-07-24,2023-07-28,WH-REG-05,DHL Freight,REG-05,6.4,3,Breached,978.09,9.6,1.14
FUL-004063,ORD-004063,2023-07-23,2023-07-24,2023-07-27,WH-REG-03,FedEx Supply,REG-03,4.2,3,Breached,2867.1,7.9,0.18
FUL-004472,ORD-004472,2023-07-23,2023-07-24,2023-07-26,WH-REG-03,DHL Freight,REG-03,3.9,5,Compliant,935.39,7.8,1.52
FUL-006076,ORD-006076,2023-07-23,2023-07-25,2023-07-29,WH-REG-03,DHL Freight,REG-03,6.8,5,Breached,1331.02,6.0,1.64
FUL-006715,ORD-006715,2023-07-23,2023-07-24,2023-07-24,WH-REG-01,DHL Freight,REG-01,1.8,3,Compliant,1479.79,7.1,1.37
FUL-007252,ORD-007252,2023-07-23,2023-07-24,2023-07-25,WH-REG-02,DHL Freight,REG-02,2.4,5,Compliant,2123.53,8.9,1.01
FUL-008196,ORD-008196,2023-07-23,2023-07-24,2023-07-24,WH-REG-03,Ecom Express,REG-03,1.6,5,Compliant,4349.05,5.6,0.97
FUL-002190,ORD-002190,2023-07-24,2023-07-26,2023-07-30,WH-REG-01,DHL Freight,REG-01,6.4,5,Breached,2898.73,11.5,1.6
FUL-002624,ORD-002624,2023-07-24,2023-07-25,2023-07-28,WH-REG-02,DHL Freight,REG-02,4.6,5,Compliant,2750.63,10.1,0.44
FUL-002823,ORD-002823,2023-07-24,2023-07-25,2023-07-27,WH-REG-05,FedEx Supply,REG-05,3.0,5,Compliant,1936.07,7.2,0.94
FUL-002907,ORD-002907,2023-07-24,2023-07-25,2023-07-26,WH-REG-02,FedEx Supply,REG-02,2.5,5,Compliant,1874.58,6.6,1.34
FUL-004093,ORD-004093,2023-07-24,2023-07-25,2023-07-26,WH-REG-02,DHL Freight,REG-02,2.2,5,Compliant,3028.57,9.3,0.62
FUL-005069,ORD-005069,2023-07-24,2023-07-25,2023-07-25,WH-REG-05,Ecom Express,REG-05,1.8,5,Compliant,2800.06,6.7,1.66
FUL-005584,ORD-005584,2023-07-24,2023-07-25,2023-07-28,WH-REG-01,Ecom Express,REG-01,4.8,5,Compliant,2013.79,6.7,0.61
FUL-005844,ORD-005844,2023-07-24,2023-07-25,2023-07-26,WH-REG-02,Ecom Express,REG-02,2.1,5,Compliant,4476.69,6.7,0.82
FUL-006916,ORD-006916,2023-07-24,2023-07-25,2023-07-28,WH-REG-03,Ecom Express,REG-03,4.7,5,Compliant,3212.02,10.8,0.21
FUL-008214,ORD-008214,2023-07-24,2023-07-25,2023-07-25,WH-REG-02,BlueDart Logistics,REG-02,1.5,3,Compliant,1275.43,11.9,1.48
FUL-000328,ORD-000328,2023-07-25,2023-07-26,2023-07-29,WH-REG-01,DHL Freight,REG-01,4.0,5,Compliant,4293.26,9.4,0.85
FUL-000464,ORD-000464,2023-07-25,2023-07-26,2023-07-29,WH-REG-01,DHL Freight,REG-01,4.9,5,Compliant,3942.7,11.1,0.3
FUL-000842,ORD-000842,2023-07-25,2023-07-26,2023-07-29,WH-REG-03,BlueDart Logistics,REG-03,4.4,3,Breached,2495.0,10.8,0.85
FUL-000987,ORD-000987,2023-07-25,2023-07-26,2023-07-27,WH-REG-04,Ecom Express,REG-04,2.9,5,Compliant,1039.1,11.1,1.15
FUL-002257,ORD-002257,2023-07-25,2023-07-30,2023-08-07,WH-REG-04,Delhivery Express,REG-04,13.7,5,Breached,1842.38,9.8,1.27
FUL-002969,ORD-002969,2023-07-25,2023-07-26,2023-07-28,WH-REG-02,BlueDart Logistics,REG-02,3.1,5,Compliant,856.81,5.7,0.93
FUL-004889,ORD-004889,2023-07-25,2023-07-27,2023-07-30,WH-REG-02,Delhivery Express,REG-02,5.8,5,Breached,3529.59,8.9,1.55
FUL-005581,ORD-005581,2023-07-25,2023-07-26,2023-07-28,WH-REG-05,Ecom Express,REG-05,3.7,5,Compliant,2889.25,9.8,0.05
FUL-007480,ORD-007480,2023-07-25,2023-07-27,2023-07-31,WH-REG-01,FedEx Supply,REG-01,6.1,5,Breached,1482.76,6.3,0.48
FUL-007555,ORD-007555,2023-07-25,2023-07-26,2023-07-29,WH-REG-01,BlueDart Logistics,REG-01,4.0,5,Compliant,1546.57,9.6,0.9
FUL-007880,ORD-007880,2023-07-25,2023-07-26,2023-07-26,WH-REG-02,Delhivery Express,REG-02,1.4,5,Compliant,2049.55,11.0,0.4
FUL-005838,ORD-005838,2023-07-26,2023-07-27,2023-07-27,WH-REG-01,BlueDart Logistics,REG-01,1.8,5,Compliant,2053.44,8.9,1.53
FUL-005923,ORD-005923,2023-07-26,2023-07-29,2023-08-04,WH-REG-04,DHL Freight,REG-04,9.399999999999999,3,Breached,3554.12,6.6,0.57
FUL-008011,ORD-008011,2023-07-26,2023-07-27,2023-07-28,WH-REG-01,BlueDart Logistics,REG-01,2.6,5,Compliant,4189.42,7.4,1.39
FUL-008323,ORD-008323,2023-07-26,2023-07-28,2023-07-31,WH-REG-01,FedEx Supply,REG-01,5.9,5,Breached,2107.46,5.8,0.68
FUL-001132,ORD-001132,2023-07-27,2023-07-28,2023-07-28,WH-REG-02,DHL Freight,REG-02,1.8,5,Compliant,3433.04,8.6,0.06
FUL-001419,ORD-001419,2023-07-27,2023-07-28,2023-07-31,WH-REG-04,Ecom Express,REG-04,4.1,5,Compliant,1393.72,10.9,0.97
FUL-001478,ORD-001478,2023-07-27,2023-07-28,2023-07-29,WH-REG-04,BlueDart Logistics,REG-04,2.0,5,Compliant,4426.12,11.4,1.62
FUL-002127,ORD-002127,2023-07-27,2023-07-28,2023-07-30,WH-REG-02,Delhivery Express,REG-02,3.5,5,Compliant,1025.23,9.9,1.19
FUL-003259,ORD-003259,2023-07-27,2023-07-29,2023-08-01,WH-REG-03,DHL Freight,REG-03,5.0,5,Compliant,3449.74,9.9,0.89
FUL-003803,ORD-003803,2023-07-27,2023-07-29,2023-08-01,WH-REG-01,BlueDart Logistics,REG-01,5.3,5,Breached,4080.68,8.4,1.41
FUL-005576,ORD-005576,2023-07-27,2023-07-30,2023-08-05,WH-REG-01,FedEx Supply,REG-01,9.5,5,Breached,2551.78,11.6,0.76
FUL-006114,ORD-006114,2023-07-27,2023-07-28,2023-07-30,WH-REG-05,Ecom Express,REG-05,3.7,5,Compliant,3434.42,10.0,0.47
FUL-006387,ORD-006387,2023-07-27,2023-07-28,2023-07-28,WH-REG-03,Delhivery Express,REG-03,1.9,5,Compliant,1251.85,12.0,1.58
FUL-007126,ORD-007126,2023-07-27,2023-07-28,2023-07-28,WH-REG-03,Ecom Express,REG-03,1.6,5,Compliant,1572.56,7.6,1.79
FUL-007906,ORD-007906,2023-07-27,2023-07-28,2023-07-28,WH-REG-05,DHL Freight,REG-05,1.6,5,Compliant,3007.23,10.5,0.35
FUL-007925,ORD-007925,2023-07-27,2023-07-29,2023-08-01,WH-REG-05,DHL Freight,REG-05,5.2,5,Breached,2344.69,8.8,0.91
FUL-000665,ORD-000665,2023-07-28,2023-07-30,2023-08-02,WH-REG-03,Ecom Express,REG-03,5.6,5,Breached,3842.88,10.9,1.45
FUL-001044,ORD-001044,2023-07-28,2023-07-29,2023-07-31,WH-REG-05,BlueDart Logistics,REG-05,3.6,5,Compliant,2494.94,7.8,0.24
FUL-002782,ORD-002782,2023-07-28,2023-07-30,2023-08-03,WH-REG-05,BlueDart Logistics,REG-05,6.2,5,Breached,1819.51,6.3,0.35
FUL-002817,ORD-002817,2023-07-28,2023-07-30,2023-08-03,WH-REG-05,DHL Freight,REG-05,6.6,5,Breached,3904.66,11.7,0.75
FUL-003211,ORD-003211,2023-07-28,2023-07-30,2023-08-03,WH-REG-03,Ecom Express,REG-03,6.6,5,Breached,3264.32,7.3,0.55
FUL-003720,ORD-003720,2023-07-28,2023-07-30,2023-08-03,WH-REG-03,Delhivery Express,REG-03,6.2,3,Breached,3360.46,9.4,1.53
FUL-005799,ORD-005799,2023-07-28,2023-07-29,2023-07-29,WH-REG-05,BlueDart Logistics,REG-05,1.5,5,Compliant,1245.14,8.3,0.56
FUL-001909,ORD-001909,2023-07-29,2023-07-30,2023-08-01,WH-REG-01,Delhivery Express,REG-01,3.0,5,Compliant,3925.96,8.8,1.49
FUL-002642,ORD-002642,2023-07-29,2023-07-30,2023-08-01,WH-REG-02,Ecom Express,REG-02,3.6,5,Compliant,1439.55,11.8,0.02
FUL-004728,ORD-004728,2023-07-29,2023-07-30,2023-08-02,WH-REG-04,Delhivery Express,REG-04,4.3,5,Compliant,2050.62,8.4,0.52
FUL-005760,ORD-005760,2023-07-29,2023-07-30,2023-07-30,WH-REG-02,BlueDart Logistics,REG-02,1.9,5,Compliant,3815.42,8.9,1.05
FUL-007009,ORD-007009,2023-07-29,2023-07-30,2023-08-02,WH-REG-04,DHL Freight,REG-04,4.8,5,Compliant,2938.14,6.1,0.8
FUL-007849,ORD-007849,2023-07-29,2023-07-31,2023-08-03,WH-REG-03,Ecom Express,REG-03,5.6,5,Breached,3827.89,9.7,0.89
FUL-007954,ORD-007954,2023-07-29,2023-07-30,2023-07-30,WH-REG-02,DHL Freight,REG-02,1.4,3,Compliant,931.29,11.5,1.12
FUL-003876,ORD-003876,2023-07-30,2023-07-31,2023-08-01,WH-REG-03,Delhivery Express,REG-03,2.7,5,Compliant,4201.34,10.4,1.65
FUL-004231,ORD-004231,2023-07-30,2023-07-31,2023-08-03,WH-REG-04,BlueDart Logistics,REG-04,4.3,5,Compliant,2275.4,11.1,0.24
FUL-007230,ORD-007230,2023-07-30,2023-08-01,2023-08-04,WH-REG-04,BlueDart Logistics,REG-04,5.1,3,Breached,1798.61,11.1,0.76
FUL-007865,ORD-007865,2023-07-30,2023-07-31,2023-08-02,WH-REG-03,DHL Freight,REG-03,3.2,5,Compliant,2827.33,6.7,0.06
FUL-000713,ORD-000713,2023-07-31,2023-08-01,2023-08-01,WH-REG-01,Ecom Express,REG-01,1.7,5,Compliant,3863.25,11.6,0.48
FUL-000967,ORD-000967,2023-07-31,2023-08-01,2023-08-03,WH-REG-02,Delhivery Express,REG-02,3.6,5,Compliant,2659.38,10.9,0.13
FUL-002427,ORD-002427,2023-07-31,2023-08-01,2023-08-02,WH-REG-05,Delhivery Express,REG-05,2.9,5,Compliant,3954.37,11.3,0.78
FUL-003082,ORD-003082,2023-07-31,2023-08-01,2023-08-03,WH-REG-02,BlueDart Logistics,REG-02,3.0,5,Compliant,4014.49,9.8,1.34
FUL-003178,ORD-003178,2023-07-31,2023-08-02,2023-08-05,WH-REG-01,BlueDart Logistics,REG-01,5.0,5,Compliant,4413.51,9.5,1.25
FUL-003404,ORD-003404,2023-07-31,2023-08-01,2023-08-04,WH-REG-02,Delhivery Express,REG-02,4.5,5,Compliant,4198.97,11.2,1.44
FUL-006483,ORD-006483,2023-07-31,2023-08-01,2023-08-02,WH-REG-04,BlueDart Logistics,REG-04,2.1,5,Compliant,1433.37,8.7,0.81
FUL-007239,ORD-007239,2023-07-31,2023-08-04,2023-08-10,WH-REG-05,Delhivery Express,REG-05,10.2,5,Breached,1157.5,6.0,1.66
FUL-000474,ORD-000474,2023-08-01,2023-08-02,2023-08-02,WH-REG-02,FedEx Supply,REG-02,1.4,5,Compliant,1680.41,8.9,0.73
FUL-000953,ORD-000953,2023-08-01,2023-08-02,2023-08-03,WH-REG-02,Ecom Express,REG-02,2.8,5,Compliant,3057.41,6.8,0.89
FUL-001331,ORD-001331,2023-08-01,2023-08-02,2023-08-04,WH-REG-01,DHL Freight,REG-01,3.9,5,Compliant,1534.48,7.7,1.72
FUL-002260,ORD-002260,2023-08-01,2023-08-03,2023-08-07,WH-REG-01,BlueDart Logistics,REG-01,6.5,5,Breached,2055.26,7.3,1.55
FUL-003215,ORD-003215,2023-08-01,2023-08-02,2023-08-05,WH-REG-01,DHL Freight,REG-01,4.2,3,Breached,4468.1,5.8,1.24
FUL-003252,ORD-003252,2023-08-01,2023-08-03,2023-08-07,WH-REG-04,BlueDart Logistics,REG-04,6.4,5,Breached,2833.61,6.2,0.86
FUL-003937,ORD-003937,2023-08-01,2023-08-02,2023-08-04,WH-REG-03,BlueDart Logistics,REG-03,3.4,5,Compliant,4401.75,7.3,1.5
FUL-005496,ORD-005496,2023-08-01,2023-08-02,2023-08-05,WH-REG-04,Delhivery Express,REG-04,4.8,5,Compliant,2976.36,10.9,0.38
FUL-005714,ORD-005714,2023-08-01,2023-08-02,2023-08-05,WH-REG-02,FedEx Supply,REG-02,4.0,5,Compliant,1982.52,9.8,1.05
FUL-006847,ORD-006847,2023-08-01,2023-08-03,2023-08-07,WH-REG-01,FedEx Supply,REG-01,6.6,5,Breached,3490.52,11.9,0.49
FUL-006934,ORD-006934,2023-08-01,2023-08-02,2023-08-03,WH-REG-01,BlueDart Logistics,REG-01,2.1,3,Compliant,1696.63,8.0,1.73
FUL-007541,ORD-007541,2023-08-01,2023-08-02,2023-08-05,WH-REG-03,BlueDart Logistics,REG-03,4.2,5,Compliant,2896.41,7.1,0.49
FUL-007910,ORD-007910,2023-08-01,2023-08-02,2023-08-04,WH-REG-01,Ecom Express,REG-01,3.9,5,Compliant,3381.21,6.8,1.74
FUL-008002,ORD-008002,2023-08-01,2023-08-02,2023-08-05,WH-REG-02,Ecom Express,REG-02,4.4,3,Breached,2958.0,10.1,0.99
FUL-008348,ORD-008348,2023-08-01,2023-08-02,2023-08-05,WH-REG-03,FedEx Supply,REG-03,4.6,5,Compliant,2682.65,6.3,0.54
FUL-001388,ORD-001388,2023-08-02,2023-08-03,2023-08-06,WH-REG-04,FedEx Supply,REG-04,4.1,5,Compliant,3864.79,11.3,1.23
FUL-002144,ORD-002144,2023-08-02,2023-08-03,2023-08-03,WH-REG-03,BlueDart Logistics,REG-03,1.6,3,Compliant,864.66,7.3,0.42
FUL-003358,ORD-003358,2023-08-02,2023-08-04,2023-08-08,WH-REG-03,DHL Freight,REG-03,6.0,5,Breached,2392.25,10.7,0.39
FUL-004511,ORD-004511,2023-08-02,2023-08-03,2023-08-04,WH-REG-02,DHL Freight,REG-02,2.5,5,Compliant,3626.11,8.7,0.71
FUL-004991,ORD-004991,2023-08-02,2023-08-04,2023-08-08,WH-REG-05,BlueDart Logistics,REG-05,6.4,5,Breached,1107.31,9.1,0.67
FUL-006200,ORD-006200,2023-08-02,2023-08-03,2023-08-05,WH-REG-01,Delhivery Express,REG-01,3.4,5,Compliant,1969.51,8.0,0.62
FUL-006421,ORD-006421,2023-08-02,2023-08-03,2023-08-06,WH-REG-03,Ecom Express,REG-03,4.0,5,Compliant,4455.63,6.2,0.04
FUL-006467,ORD-006467,2023-08-02,2023-08-04,2023-08-08,WH-REG-05,FedEx Supply,REG-05,6.7,5,Breached,1073.49,6.0,1.77
FUL-001197,ORD-001197,2023-08-03,2023-08-04,2023-08-06,WH-REG-02,FedEx Supply,REG-02,3.2,3,Breached,3278.12,9.1,0.59
FUL-002132,ORD-002132,2023-08-03,2023-08-04,2023-08-04,WH-REG-01,FedEx Supply,REG-01,1.7,5,Compliant,4288.33,11.0,0.04
FUL-004911,ORD-004911,2023-08-03,2023-08-04,2023-08-05,WH-REG-02,FedEx Supply,REG-02,2.5,5,Compliant,2751.15,6.4,1.08
FUL-005748,ORD-005748,2023-08-03,2023-08-04,2023-08-05,WH-REG-05,Ecom Express,REG-05,2.5,5,Compliant,3018.84,10.9,1.64
FUL-006784,ORD-006784,2023-08-03,2023-08-05,2023-08-08,WH-REG-04,Ecom Express,REG-04,5.0,5,Compliant,1143.22,8.7,1.0
FUL-008450,ORD-008450,2023-08-03,2023-08-04,2023-08-04,WH-REG-02,BlueDart Logistics,REG-02,1.5,5,Compliant,1665.61,6.6,0.26
FUL-003021,ORD-003021,2023-08-04,2023-08-05,2023-08-06,WH-REG-04,FedEx Supply,REG-04,2.4,5,Compliant,3260.85,11.7,0.69
FUL-004291,ORD-004291,2023-08-04,2023-08-05,2023-08-07,WH-REG-02,Delhivery Express,REG-02,3.0,3,Compliant,1355.85,11.4,0.5
FUL-004608,ORD-004608,2023-08-04,2023-08-06,2023-08-09,WH-REG-05,FedEx Supply,REG-05,5.8,5,Breached,1355.19,7.4,1.63
FUL-004630,ORD-004630,2023-08-04,2023-08-05,2023-08-06,WH-REG-05,DHL Freight,REG-05,2.0,3,Compliant,3192.11,10.4,0.39
FUL-004704,ORD-004704,2023-08-04,2023-08-05,2023-08-08,WH-REG-05,Delhivery Express,REG-05,4.7,5,Compliant,4083.45,6.9,1.24
FUL-005469,ORD-005469,2023-08-04,2023-08-05,2023-08-06,WH-REG-02,Delhivery Express,REG-02,2.0,5,Compliant,2220.47,11.3,0.9
FUL-001497,ORD-001497,2023-08-05,2023-08-06,2023-08-09,WH-REG-02,FedEx Supply,REG-02,4.2,5,Compliant,1843.17,10.8,1.63
FUL-005036,ORD-005036,2023-08-05,2023-08-06,2023-08-06,WH-REG-05,Delhivery Express,REG-05,1.3,3,Compliant,2701.34,6.0,1.57
FUL-005143,ORD-005143,2023-08-05,2023-08-07,2023-08-10,WH-REG-02,Ecom Express,REG-02,5.4,3,Breached,2946.22,6.4,1.79
FUL-007423,ORD-007423,2023-08-05,2023-08-06,2023-08-07,WH-REG-03,Delhivery Express,REG-03,2.8,5,Compliant,1472.55,7.0,0.79
FUL-007569,ORD-007569,2023-08-05,2023-08-06,2023-08-09,WH-REG-04,Ecom Express,REG-04,4.0,5,Compliant,2721.54,6.5,0.91
FUL-000251,ORD-000251,2023-08-06,2023-08-07,2023-08-08,WH-REG-03,Ecom Express,REG-03,2.4,3,Compliant,1805.35,10.8,0.99
FUL-001093,ORD-001093,2023-08-06,2023-08-07,2023-08-08,WH-REG-05,Ecom Express,REG-05,2.2,5,Compliant,2465.87,10.9,0.96
FUL-002289,ORD-002289,2023-08-06,2023-08-08,2023-08-12,WH-REG-02,FedEx Supply,REG-02,6.5,5,Breached,3660.82,7.3,1.07
FUL-003188,ORD-003188,2023-08-06,2023-08-07,2023-08-08,WH-REG-03,FedEx Supply,REG-03,2.0,3,Compliant,4148.89,6.9,0.83
FUL-003925,ORD-003925,2023-08-06,2023-08-07,2023-08-09,WH-REG-05,Delhivery Express,REG-05,3.6,5,Compliant,3741.29,10.7,0.37
FUL-005880,ORD-005880,2023-08-06,2023-08-07,2023-08-08,WH-REG-05,Ecom Express,REG-05,2.4,5,Compliant,2138.42,8.4,1.78
FUL-007871,ORD-007871,2023-08-06,2023-08-07,2023-08-10,WH-REG-03,Delhivery Express,REG-03,4.0,3,Breached,1696.29,11.9,1.07
FUL-008036,ORD-008036,2023-08-06,2023-08-07,2023-08-07,WH-REG-01,BlueDart Logistics,REG-01,1.8,5,Compliant,2271.27,6.4,0.39
FUL-000472,ORD-000472,2023-08-07,2023-08-08,2023-08-09,WH-REG-03,DHL Freight,REG-03,2.6,5,Compliant,3385.62,8.4,1.11
FUL-001704,ORD-001704,2023-08-07,2023-08-09,2023-08-12,WH-REG-02,FedEx Supply,REG-02,5.9,5,Breached,2593.56,8.6,1.48
FUL-002949,ORD-002949,2023-08-07,2023-08-08,2023-08-11,WH-REG-02,FedEx Supply,REG-02,4.7,5,Compliant,2820.66,10.6,1.63
FUL-003076,ORD-003076,2023-08-07,2023-08-08,2023-08-09,WH-REG-05,Delhivery Express,REG-05,2.5,5,Compliant,3669.39,7.9,1.18
FUL-003227,ORD-003227,2023-08-07,2023-08-08,2023-08-08,WH-REG-01,BlueDart Logistics,REG-01,1.9,3,Compliant,2861.31,10.5,0.2
FUL-004222,ORD-004222,2023-08-07,2023-08-09,2023-08-12,WH-REG-01,Delhivery Express,REG-01,5.3,5,Breached,4118.05,10.8,0.79
FUL-004547,ORD-004547,2023-08-07,2023-08-08,2023-08-08,WH-REG-04,Delhivery Express,REG-04,1.3,5,Compliant,3241.12,6.0,0.24
FUL-005332,ORD-005332,2023-08-07,2023-08-08,2023-08-09,WH-REG-04,DHL Freight,REG-04,2.5,5,Compliant,4494.12,9.6,1.53
FUL-005850,ORD-005850,2023-08-07,2023-08-09,2023-08-13,WH-REG-04,BlueDart Logistics,REG-04,6.6,5,Breached,2287.62,11.9,1.76
FUL-007376,ORD-007376,2023-08-07,2023-08-11,2023-08-17,WH-REG-02,DHL Freight,REG-02,10.0,5,Breached,3129.95,10.7,1.75
FUL-007866,ORD-007866,2023-08-07,2023-08-09,2023-08-13,WH-REG-02,Ecom Express,REG-02,6.6,5,Breached,1683.48,9.5,1.07
FUL-008494,ORD-008494,2023-08-07,2023-08-08,2023-08-10,WH-REG-03,DHL Freight,REG-03,3.0,3,Compliant,4305.87,9.6,1.04
FUL-000140,ORD-000140,2023-08-08,2023-08-09,2023-08-12,WH-REG-04,FedEx Supply,REG-04,4.4,5,Compliant,1165.4,9.5,0.03
FUL-001437,ORD-001437,2023-08-08,2023-08-09,2023-08-10,WH-REG-05,Ecom Express,REG-05,2.9,3,Compliant,2769.98,5.6,0.34
FUL-001588,ORD-001588,2023-08-08,2023-08-09,2023-08-10,WH-REG-03,Ecom Express,REG-03,2.6,3,Compliant,2197.22,10.2,0.23
FUL-002898,ORD-002898,2023-08-08,2023-08-09,2023-08-10,WH-REG-02,Ecom Express,REG-02,2.8,5,Compliant,2296.54,9.8,1.57
FUL-008159,ORD-008159,2023-08-08,2023-08-10,2023-08-13,WH-REG-01,BlueDart Logistics,REG-01,5.1,5,Breached,1735.15,5.6,1.69
FUL-000192,ORD-000192,2023-08-09,2023-08-11,2023-08-14,WH-REG-05,DHL Freight,REG-05,5.9,5,Breached,1585.7,10.0,0.43
FUL-000413,ORD-000413,2023-08-09,2023-08-11,2023-08-15,WH-REG-05,DHL Freight,REG-05,6.3,5,Breached,1108.35,9.1,0.18
FUL-000726,ORD-000726,2023-08-09,2023-08-10,2023-08-11,WH-REG-03,DHL Freight,REG-03,2.9,5,Compliant,1254.63,6.1,0.13
FUL-002476,ORD-002476,2023-08-09,2023-08-10,2023-08-11,WH-REG-04,DHL Freight,REG-04,2.8,5,Compliant,3291.08,8.2,0.45
FUL-003418,ORD-003418,2023-08-09,2023-08-10,2023-08-13,WH-REG-04,FedEx Supply,REG-04,4.6,5,Compliant,3119.68,11.5,1.4
FUL-003819,ORD-003819,2023-08-09,2023-08-10,2023-08-12,WH-REG-03,Ecom Express,REG-03,3.8,5,Compliant,2984.14,5.6,0.09
FUL-005103,ORD-005103,2023-08-09,2023-08-10,2023-08-12,WH-REG-05,FedEx Supply,REG-05,3.7,5,Compliant,1434.96,5.6,0.07
FUL-006898,ORD-006898,2023-08-09,2023-08-10,2023-08-13,WH-REG-03,Ecom Express,REG-03,4.0,5,Compliant,1967.07,6.7,1.68
FUL-006900,ORD-006900,2023-08-09,2023-08-10,2023-08-10,WH-REG-04,Ecom Express,REG-04,1.7,5,Compliant,1825.98,6.3,0.83
FUL-006940,ORD-006940,2023-08-09,2023-08-11,2023-08-15,WH-REG-04,BlueDart Logistics,REG-04,6.6,5,Breached,2739.79,9.4,1.16
FUL-007132,ORD-007132,2023-08-09,2023-08-11,2023-08-14,WH-REG-05,BlueDart Logistics,REG-05,5.5,5,Breached,879.76,10.3,1.57
FUL-000829,ORD-000829,2023-08-10,2023-08-11,2023-08-14,WH-REG-01,Delhivery Express,REG-01,4.0,5,Compliant,1378.62,6.3,1.33
FUL-000891,ORD-000891,2023-08-10,2023-08-15,2023-08-24,WH-REG-05,BlueDart Logistics,REG-05,14.3,5,Breached,4158.89,11.9,0.27
FUL-003848,ORD-003848,2023-08-10,2023-08-11,2023-08-14,WH-REG-02,Ecom Express,REG-02,4.7,5,Compliant,3450.33,6.3,0.31
FUL-005133,ORD-005133,2023-08-10,2023-08-11,2023-08-11,WH-REG-04,BlueDart Logistics,REG-04,1.4,5,Compliant,3613.24,8.2,0.01
FUL-007428,ORD-007428,2023-08-10,2023-08-12,2023-08-16,WH-REG-03,BlueDart Logistics,REG-03,6.0,3,Breached,3798.64,8.6,0.54
FUL-008173,ORD-008173,2023-08-10,2023-08-11,2023-08-12,WH-REG-01,BlueDart Logistics,REG-01,2.8,5,Compliant,1413.65,8.3,0.06
FUL-008355,ORD-008355,2023-08-10,2023-08-12,2023-08-15,WH-REG-03,DHL Freight,REG-03,5.9,5,Breached,4166.91,7.1,1.21
FUL-000532,ORD-000532,2023-08-11,2023-08-12,2023-08-12,WH-REG-01,BlueDart Logistics,REG-01,1.5,5,Compliant,2069.37,10.2,0.14
FUL-000615,ORD-000615,2023-08-11,2023-08-12,2023-08-13,WH-REG-05,FedEx Supply,REG-05,2.0,5,Compliant,2250.34,7.0,1.34
FUL-001611,ORD-001611,2023-08-11,2023-08-12,2023-08-12,WH-REG-05,DHL Freight,REG-05,1.6,5,Compliant,2607.82,9.7,1.25
FUL-002115,ORD-002115,2023-08-11,2023-08-12,2023-08-12,WH-REG-03,FedEx Supply,REG-03,1.3,5,Compliant,3810.85,10.8,0.35
FUL-007017,ORD-007017,2023-08-11,2023-08-13,2023-08-17,WH-REG-05,DHL Freight,REG-05,6.3,3,Breached,2972.72,7.5,0.49
FUL-000582,ORD-000582,2023-08-12,2023-08-13,2023-08-16,WH-REG-04,FedEx Supply,REG-04,4.1,3,Breached,4259.0,11.6,1.4
FUL-000730,ORD-000730,2023-08-12,2023-08-14,2023-08-17,WH-REG-04,FedEx Supply,REG-04,5.4,5,Breached,1631.61,10.7,0.75
FUL-003248,ORD-003248,2023-08-12,2023-08-13,2023-08-15,WH-REG-02,BlueDart Logistics,REG-02,3.4,5,Compliant,2720.47,10.6,1.7
FUL-004360,ORD-004360,2023-08-12,2023-08-13,2023-08-14,WH-REG-02,DHL Freight,REG-02,2.5,5,Compliant,2619.9,6.5,0.84
FUL-004399,ORD-004399,2023-08-12,2023-08-13,2023-08-15,WH-REG-02,FedEx Supply,REG-02,3.9,5,Compliant,2786.84,9.4,0.73
FUL-004913,ORD-004913,2023-08-12,2023-08-14,2023-08-17,WH-REG-01,DHL Freight,REG-01,5.8,3,Breached,1622.81,9.1,0.92
FUL-006326,ORD-006326,2023-08-12,2023-08-13,2023-08-13,WH-REG-02,BlueDart Logistics,REG-02,1.2,5,Compliant,3856.34,6.3,1.0
FUL-006933,ORD-006933,2023-08-12,2023-08-14,2023-08-18,WH-REG-02,Delhivery Express,REG-02,6.4,5,Breached,4449.04,11.5,1.57
FUL-007765,ORD-007765,2023-08-12,2023-08-13,2023-08-16,WH-REG-05,FedEx Supply,REG-05,4.2,5,Compliant,1848.52,9.8,1.55
FUL-001302,ORD-001302,2023-08-13,2023-08-15,2023-08-18,WH-REG-03,Delhivery Express,REG-03,5.8,5,Breached,1328.61,6.0,0.75
FUL-002421,ORD-002421,2023-08-13,2023-08-14,2023-08-15,WH-REG-03,BlueDart Logistics,REG-03,2.6,5,Compliant,3770.76,5.5,0.35
FUL-004555,ORD-004555,2023-08-13,2023-08-15,2023-08-18,WH-REG-01,DHL Freight,REG-01,5.8,3,Breached,3605.48,5.6,0.81
FUL-007054,ORD-007054,2023-08-13,2023-08-14,2023-08-14,WH-REG-04,DHL Freight,REG-04,1.8,5,Compliant,2153.65,7.2,0.22
FUL-007295,ORD-007295,2023-08-13,2023-08-16,2023-08-20,WH-REG-05,FedEx Supply,REG-05,7.8,5,Breached,4481.39,8.8,0.97
FUL-008225,ORD-008225,2023-08-13,2023-08-15,2023-08-19,WH-REG-02,Ecom Express,REG-02,6.1,5,Breached,2919.94,6.2,0.45
FUL-000355,ORD-000355,2023-08-14,2023-08-15,2023-08-17,WH-REG-04,Ecom Express,REG-04,3.5,5,Compliant,4306.01,11.7,0.02
FUL-007794,ORD-007794,2023-08-14,2023-08-15,2023-08-18,WH-REG-05,DHL Freight,REG-05,4.9,5,Compliant,2585.45,7.7,1.34
FUL-008192,ORD-008192,2023-08-14,2023-08-15,2023-08-17,WH-REG-01,BlueDart Logistics,REG-01,3.7,5,Compliant,3271.58,10.1,1.79
FUL-008413,ORD-008413,2023-08-14,2023-08-15,2023-08-16,WH-REG-02,BlueDart Logistics,REG-02,2.0,5,Compliant,3775.36,11.5,1.23
FUL-008428,ORD-008428,2023-08-14,2023-08-15,2023-08-17,WH-REG-05,Ecom Express,REG-05,3.0,5,Compliant,2514.93,10.6,0.77
FUL-000486,ORD-000486,2023-08-15,2023-08-16,2023-08-17,WH-REG-01,Ecom Express,REG-01,2.1,5,Compliant,3032.81,11.8,1.6
FUL-001543,ORD-001543,2023-08-15,2023-08-16,2023-08-19,WH-REG-05,Delhivery Express,REG-05,4.3,3,Breached,3922.13,7.4,0.82
FUL-003242,ORD-003242,2023-08-15,2023-08-17,2023-08-21,WH-REG-03,Ecom Express,REG-03,6.7,5,Breached,3460.65,10.1,0.33
FUL-004647,ORD-004647,2023-08-15,2023-08-16,2023-08-18,WH-REG-04,FedEx Supply,REG-04,3.8,5,Compliant,1926.43,9.1,0.81
FUL-006718,ORD-006718,2023-08-15,2023-08-16,2023-08-16,WH-REG-04,Delhivery Express,REG-04,1.4,5,Compliant,2639.83,7.1,0.7
FUL-001669,ORD-001669,2023-08-16,2023-08-18,2023-08-22,WH-REG-01,Delhivery Express,REG-01,6.6,5,Breached,2756.16,6.3,0.42
FUL-002301,ORD-002301,2023-08-16,2023-08-17,2023-08-18,WH-REG-02,FedEx Supply,REG-02,2.2,3,Compliant,4312.05,7.9,0.76
FUL-002974,ORD-002974,2023-08-16,2023-08-17,2023-08-18,WH-REG-03,FedEx Supply,REG-03,2.1,5,Compliant,3172.26,10.8,1.76
FUL-006535,ORD-006535,2023-08-16,2023-08-17,2023-08-18,WH-REG-02,DHL Freight,REG-02,2.0,5,Compliant,2509.11,11.3,0.99
FUL-007815,ORD-007815,2023-08-16,2023-08-17,2023-08-18,WH-REG-03,BlueDart Logistics,REG-03,2.0,5,Compliant,1551.95,6.8,0.48
FUL-008325,ORD-008325,2023-08-16,2023-08-17,2023-08-19,WH-REG-04,DHL Freight,REG-04,3.8,5,Compliant,3486.33,6.3,1.15
FUL-001952,ORD-001952,2023-08-17,2023-08-19,2023-08-22,WH-REG-01,BlueDart Logistics,REG-01,5.9,5,Breached,1508.79,7.5,0.9
FUL-005670,ORD-005670,2023-08-17,2023-08-18,2023-08-21,WH-REG-03,Ecom Express,REG-03,4.6,5,Compliant,885.78,10.9,1.44
FUL-006553,ORD-006553,2023-08-17,2023-08-18,2023-08-18,WH-REG-01,DHL Freight,REG-01,1.9,5,Compliant,2252.39,9.0,0.13
FUL-007086,ORD-007086,2023-08-17,2023-08-18,2023-08-19,WH-REG-02,FedEx Supply,REG-02,2.7,5,Compliant,2426.4,10.2,0.81
FUL-007311,ORD-007311,2023-08-17,2023-08-19,2023-08-22,WH-REG-01,FedEx Supply,REG-01,5.2,5,Breached,3172.78,11.8,1.43
FUL-007671,ORD-007671,2023-08-17,2023-08-18,2023-08-20,WH-REG-02,DHL Freight,REG-02,3.0,3,Compliant,1161.65,7.6,1.79
FUL-003780,ORD-003780,2023-08-18,2023-08-20,2023-08-24,WH-REG-03,FedEx Supply,REG-03,6.3,5,Breached,2611.04,10.6,0.49
FUL-004165,ORD-004165,2023-08-18,2023-08-20,2023-08-23,WH-REG-03,BlueDart Logistics,REG-03,5.6,3,Breached,1377.24,8.4,1.0
FUL-004178,ORD-004178,2023-08-18,2023-08-19,2023-08-22,WH-REG-01,Ecom Express,REG-01,4.0,5,Compliant,948.08,7.7,1.02
FUL-004943,ORD-004943,2023-08-18,2023-08-19,2023-08-19,WH-REG-05,FedEx Supply,REG-05,1.5,5,Compliant,1598.78,8.6,0.61
FUL-006707,ORD-006707,2023-08-18,2023-08-19,2023-08-22,WH-REG-04,Delhivery Express,REG-04,4.9,3,Breached,3240.45,11.3,0.34
FUL-007451,ORD-007451,2023-08-18,2023-08-20,2023-08-24,WH-REG-03,FedEx Supply,REG-03,6.5,3,Breached,4388.78,8.3,1.17
FUL-000285,ORD-000285,2023-08-19,2023-08-20,2023-08-21,WH-REG-05,DHL Freight,REG-05,2.1,5,Compliant,4416.71,9.6,0.1
FUL-000485,ORD-000485,2023-08-19,2023-08-20,2023-08-23,WH-REG-01,BlueDart Logistics,REG-01,4.7,5,Compliant,1749.68,8.1,0.43
FUL-001329,ORD-001329,2023-08-19,2023-08-20,2023-08-20,WH-REG-01,Ecom Express,REG-01,1.4,5,Compliant,3895.85,8.3,1.16
FUL-001659,ORD-001659,2023-08-19,2023-08-24,2023-09-01,WH-REG-03,DHL Freight,REG-03,13.7,5,Breached,3200.59,7.7,0.04
FUL-001866,ORD-001866,2023-08-19,2023-08-21,2023-08-24,WH-REG-05,Ecom Express,REG-05,5.4,5,Breached,2981.31,11.9,0.5
FUL-002643,ORD-002643,2023-08-19,2023-08-20,2023-08-21,WH-REG-05,FedEx Supply,REG-05,2.7,5,Compliant,1096.45,6.1,1.17
FUL-003637,ORD-003637,2023-08-19,2023-08-20,2023-08-20,WH-REG-02,Ecom Express,REG-02,1.4,5,Compliant,2451.21,11.2,1.26
FUL-005141,ORD-005141,2023-08-19,2023-08-20,2023-08-23,WH-REG-04,DHL Freight,REG-04,4.9,5,Compliant,2034.13,8.4,1.65
FUL-005946,ORD-005946,2023-08-19,2023-08-21,2023-08-25,WH-REG-03,FedEx Supply,REG-03,6.1,5,Breached,4177.48,12.0,1.29
FUL-008357,ORD-008357,2023-08-19,2023-08-20,2023-08-23,WH-REG-05,BlueDart Logistics,REG-05,4.1,5,Compliant,989.4,7.0,0.69
FUL-008429,ORD-008429,2023-08-19,2023-08-20,2023-08-21,WH-REG-02,Delhivery Express,REG-02,2.7,5,Compliant,1171.49,11.2,1.36
FUL-008440,ORD-008440,2023-08-19,2023-08-21,2023-08-25,WH-REG-04,BlueDart Logistics,REG-04,6.3,5,Breached,1300.17,11.1,1.67
FUL-004042,ORD-004042,2023-08-20,2023-08-21,2023-08-23,WH-REG-02,Delhivery Express,REG-02,3.3,5,Compliant,3747.49,5.7,0.31
FUL-004639,ORD-004639,2023-08-20,2023-08-21,2023-08-22,WH-REG-05,Delhivery Express,REG-05,2.3,5,Compliant,2259.79,10.8,0.5
FUL-005293,ORD-005293,2023-08-20,2023-08-21,2023-08-21,WH-REG-01,Ecom Express,REG-01,1.7,5,Compliant,4403.69,6.1,0.75
FUL-006866,ORD-006866,2023-08-20,2023-08-22,2023-08-26,WH-REG-05,FedEx Supply,REG-05,6.1,5,Breached,2346.89,11.8,0.2
FUL-002650,ORD-002650,2023-08-21,2023-08-22,2023-08-22,WH-REG-04,Ecom Express,REG-04,1.8,5,Compliant,1951.06,9.6,1.35
FUL-004206,ORD-004206,2023-08-21,2023-08-22,2023-08-23,WH-REG-05,Ecom Express,REG-05,2.6,5,Compliant,3236.46,11.9,1.59
FUL-004243,ORD-004243,2023-08-21,2023-08-22,2023-08-24,WH-REG-05,BlueDart Logistics,REG-05,3.6,3,Breached,4473.34,6.1,1.76
FUL-008026,ORD-008026,2023-08-21,2023-08-22,2023-08-24,WH-REG-01,FedEx Supply,REG-01,3.7,5,Compliant,961.87,9.0,1.25
FUL-002371,ORD-002371,2023-08-22,2023-08-24,2023-08-28,WH-REG-01,Delhivery Express,REG-01,6.5,3,Breached,2857.49,8.3,1.61
FUL-002655,ORD-002655,2023-08-22,2023-08-23,2023-08-25,WH-REG-01,FedEx Supply,REG-01,3.9,5,Compliant,2631.91,10.8,1.1
FUL-002668,ORD-002668,2023-08-22,2023-08-24,2023-08-28,WH-REG-01,BlueDart Logistics,REG-01,6.7,3,Breached,3679.72,6.7,1.19
FUL-003586,ORD-003586,2023-08-22,2023-08-24,2023-08-27,WH-REG-04,BlueDart Logistics,REG-04,5.0,5,Compliant,3114.87,10.4,1.65
FUL-005350,ORD-005350,2023-08-22,2023-08-23,2023-08-24,WH-REG-02,DHL Freight,REG-02,2.9,3,Compliant,875.56,9.1,0.56
FUL-006060,ORD-006060,2023-08-22,2023-08-23,2023-08-23,WH-REG-02,BlueDart Logistics,REG-02,1.7,5,Compliant,1103.11,8.2,0.56
FUL-007069,ORD-007069,2023-08-22,2023-08-23,2023-08-25,WH-REG-03,FedEx Supply,REG-03,3.5,5,Compliant,1084.51,5.9,1.52
FUL-007777,ORD-007777,2023-08-22,2023-08-23,2023-08-26,WH-REG-01,Delhivery Express,REG-01,4.0,5,Compliant,1488.83,10.6,1.63
FUL-007870,ORD-007870,2023-08-22,2023-08-23,2023-08-24,WH-REG-01,FedEx Supply,REG-01,2.2,5,Compliant,2769.42,7.4,1.73
FUL-008462,ORD-008462,2023-08-22,2023-08-23,2023-08-25,WH-REG-05,FedEx Supply,REG-05,3.4,3,Breached,2104.94,8.2,0.22
FUL-000973,ORD-000973,2023-08-23,2023-08-24,2023-08-24,WH-REG-03,Ecom Express,REG-03,1.6,5,Compliant,3680.62,7.3,0.04
FUL-001793,ORD-001793,2023-08-23,2023-08-24,2023-08-25,WH-REG-03,DHL Freight,REG-03,2.5,5,Compliant,2858.24,5.8,0.07
FUL-002596,ORD-002596,2023-08-23,2023-08-25,2023-08-29,WH-REG-05,Delhivery Express,REG-05,6.4,5,Breached,3816.98,8.4,1.1
FUL-002989,ORD-002989,2023-08-23,2023-08-24,2023-08-24,WH-REG-04,FedEx Supply,REG-04,1.9,5,Compliant,4392.34,11.9,1.1
FUL-005390,ORD-005390,2023-08-23,2023-08-24,2023-08-27,WH-REG-05,FedEx Supply,REG-05,4.1,5,Compliant,2687.25,12.0,0.12
FUL-007839,ORD-007839,2023-08-23,2023-08-24,2023-08-27,WH-REG-01,DHL Freight,REG-01,4.7,5,Compliant,1464.66,10.5,1.13
FUL-008001,ORD-008001,2023-08-23,2023-08-24,2023-08-24,WH-REG-05,Delhivery Express,REG-05,1.7,5,Compliant,3360.78,8.3,1.05
FUL-008146,ORD-008146,2023-08-23,2023-08-24,2023-08-27,WH-REG-04,DHL Freight,REG-04,4.1,5,Compliant,1434.38,11.3,0.61
FUL-002670,ORD-002670,2023-08-24,2023-08-25,2023-08-25,WH-REG-02,Delhivery Express,REG-02,1.8,5,Compliant,1711.94,6.6,1.72
FUL-003322,ORD-003322,2023-08-24,2023-08-26,2023-08-30,WH-REG-04,Delhivery Express,REG-04,6.4,3,Breached,4323.32,6.7,0.56
FUL-004023,ORD-004023,2023-08-24,2023-08-25,2023-08-25,WH-REG-05,Delhivery Express,REG-05,1.6,5,Compliant,4437.1,11.3,0.87
FUL-000204,ORD-000204,2023-08-25,2023-08-26,2023-08-29,WH-REG-01,DHL Freight,REG-01,4.7,5,Compliant,881.16,10.3,1.57
FUL-002307,ORD-002307,2023-08-25,2023-08-27,2023-08-30,WH-REG-03,Ecom Express,REG-03,5.5,3,Breached,4284.8,6.0,1.79
FUL-003889,ORD-003889,2023-08-25,2023-08-26,2023-08-26,WH-REG-03,Delhivery Express,REG-03,1.3,5,Compliant,1996.62,7.7,0.41
FUL-003939,ORD-003939,2023-08-25,2023-08-26,2023-08-27,WH-REG-01,FedEx Supply,REG-01,2.6,5,Compliant,4151.63,11.0,0.5
FUL-006278,ORD-006278,2023-08-25,2023-08-27,2023-08-31,WH-REG-04,BlueDart Logistics,REG-04,6.4,5,Breached,3275.69,9.0,1.01
FUL-008449,ORD-008449,2023-08-25,2023-08-27,2023-08-31,WH-REG-03,Ecom Express,REG-03,6.4,3,Breached,1129.94,9.2,0.79
FUL-000274,ORD-000274,2023-08-26,2023-08-27,2023-08-28,WH-REG-04,BlueDart Logistics,REG-04,2.7,5,Compliant,2496.74,6.7,1.5
FUL-002454,ORD-002454,2023-08-26,2023-08-28,2023-09-01,WH-REG-01,Delhivery Express,REG-01,6.0,5,Breached,3890.97,9.1,0.18
FUL-003346,ORD-003346,2023-08-26,2023-08-27,2023-08-27,WH-REG-01,DHL Freight,REG-01,1.5,5,Compliant,3175.13,9.6,1.08
FUL-004398,ORD-004398,2023-08-26,2023-08-27,2023-08-28,WH-REG-03,Delhivery Express,REG-03,2.0,5,Compliant,3820.26,6.2,0.1
FUL-006604,ORD-006604,2023-08-26,2023-08-28,2023-08-31,WH-REG-03,Delhivery Express,REG-03,5.9,3,Breached,1170.49,10.7,0.75
FUL-007994,ORD-007994,2023-08-26,2023-08-27,2023-08-28,WH-REG-01,DHL Freight,REG-01,2.6,5,Compliant,2742.74,8.5,1.47
FUL-001080,ORD-001080,2023-08-27,2023-08-28,2023-08-31,WH-REG-04,FedEx Supply,REG-04,4.7,5,Compliant,966.79,6.0,0.88
FUL-002632,ORD-002632,2023-08-27,2023-08-31,2023-09-06,WH-REG-01,Ecom Express,REG-01,10.8,5,Breached,4125.99,9.8,1.16
FUL-003365,ORD-003365,2023-08-28,2023-08-29,2023-08-31,WH-REG-03,DHL Freight,REG-03,3.2,3,Breached,1870.4,5.6,1.61
FUL-005861,ORD-005861,2023-08-28,2023-08-29,2023-08-31,WH-REG-05,Delhivery Express,REG-05,3.6,5,Compliant,1151.53,6.4,0.12
FUL-007444,ORD-007444,2023-08-28,2023-08-29,2023-08-31,WH-REG-04,DHL Freight,REG-04,3.7,5,Compliant,3078.98,7.7,1.02
FUL-008193,ORD-008193,2023-08-28,2023-08-30,2023-09-02,WH-REG-05,Delhivery Express,REG-05,5.0,3,Breached,3148.76,10.9,0.77
FUL-008204,ORD-008204,2023-08-28,2023-08-29,2023-08-31,WH-REG-02,Ecom Express,REG-02,3.5,5,Compliant,4075.59,11.4,1.4
FUL-001947,ORD-001947,2023-08-29,2023-08-30,2023-09-02,WH-REG-04,BlueDart Logistics,REG-04,4.0,5,Compliant,2918.04,11.6,0.43
FUL-003558,ORD-003558,2023-08-29,2023-08-31,2023-09-03,WH-REG-01,FedEx Supply,REG-01,5.0,5,Compliant,1378.48,7.2,1.63
FUL-003664,ORD-003664,2023-08-29,2023-08-30,2023-09-02,WH-REG-01,Ecom Express,REG-01,4.7,5,Compliant,1222.12,10.5,1.48
FUL-004004,ORD-004004,2023-08-29,2023-08-30,2023-09-02,WH-REG-04,BlueDart Logistics,REG-04,4.2,5,Compliant,3573.22,5.6,0.17
FUL-004031,ORD-004031,2023-08-29,2023-08-30,2023-08-31,WH-REG-03,Ecom Express,REG-03,2.1,5,Compliant,3760.91,9.1,0.42
FUL-004928,ORD-004928,2023-08-29,2023-08-30,2023-09-01,WH-REG-02,DHL Freight,REG-02,3.4,3,Breached,4133.05,6.2,0.85
FUL-005066,ORD-005066,2023-08-29,2023-08-31,2023-09-04,WH-REG-01,FedEx Supply,REG-01,6.7,5,Breached,1452.73,7.2,0.08
FUL-005620,ORD-005620,2023-08-29,2023-08-30,2023-09-02,WH-REG-02,Delhivery Express,REG-02,4.3,5,Compliant,1112.11,8.7,0.69
FUL-005756,ORD-005756,2023-08-29,2023-08-30,2023-09-02,WH-REG-01,Delhivery Express,REG-01,4.8,5,Compliant,2620.44,9.3,0.62
FUL-006036,ORD-006036,2023-08-29,2023-08-30,2023-09-01,WH-REG-05,BlueDart Logistics,REG-05,3.4,3,Breached,3085.46,6.5,0.39
FUL-008280,ORD-008280,2023-08-29,2023-08-31,2023-09-03,WH-REG-05,BlueDart Logistics,REG-05,5.1,3,Breached,4241.87,9.4,0.05
FUL-000633,ORD-000633,2023-08-30,2023-08-31,2023-08-31,WH-REG-05,Ecom Express,REG-05,1.8,5,Compliant,3002.65,10.2,0.33
FUL-000638,ORD-000638,2023-08-30,2023-08-31,2023-09-03,WH-REG-05,FedEx Supply,REG-05,4.1,3,Breached,1192.98,6.1,1.23
FUL-003993,ORD-003993,2023-08-30,2023-09-01,2023-09-05,WH-REG-04,Delhivery Express,REG-04,6.1,3,Breached,945.85,10.0,0.84
FUL-005244,ORD-005244,2023-08-30,2023-09-01,2023-09-05,WH-REG-02,BlueDart Logistics,REG-02,6.2,5,Breached,1061.22,10.2,1.23
FUL-005680,ORD-005680,2023-08-30,2023-08-31,2023-09-01,WH-REG-03,Ecom Express,REG-03,2.5,5,Compliant,2163.92,7.9,1.64
FUL-000395,ORD-000395,2023-08-31,2023-09-01,2023-09-04,WH-REG-04,Ecom Express,REG-04,4.9,5,Compliant,2038.9,8.0,0.5
FUL-001059,ORD-001059,2023-08-31,2023-09-01,2023-09-04,WH-REG-03,BlueDart Logistics,REG-03,4.7,5,Compliant,3869.08,10.2,1.6
FUL-001398,ORD-001398,2023-08-31,2023-09-01,2023-09-01,WH-REG-04,BlueDart Logistics,REG-04,1.3,3,Compliant,1700.72,10.6,0.35
FUL-001968,ORD-001968,2023-08-31,2023-09-01,2023-09-03,WH-REG-05,FedEx Supply,REG-05,3.9,5,Compliant,980.74,5.9,0.13
FUL-002120,ORD-002120,2023-08-31,2023-09-02,2023-09-05,WH-REG-01,Ecom Express,REG-01,5.8,5,Breached,4282.91,8.7,1.42
FUL-004714,ORD-004714,2023-08-31,2023-09-01,2023-09-02,WH-REG-01,Ecom Express,REG-01,2.5,5,Compliant,2771.48,7.4,0.74
FUL-006295,ORD-006295,2023-08-31,2023-09-01,2023-09-03,WH-REG-01,FedEx Supply,REG-01,3.4,5,Compliant,3896.83,8.4,1.73
FUL-006896,ORD-006896,2023-08-31,2023-09-01,2023-09-01,WH-REG-02,Delhivery Express,REG-02,1.6,3,Compliant,4257.82,11.1,1.78
FUL-008294,ORD-008294,2023-08-31,2023-09-01,2023-09-04,WH-REG-05,Ecom Express,REG-05,4.6,5,Compliant,3946.18,7.6,0.33
FUL-001151,ORD-001151,2023-09-01,2023-09-02,2023-09-03,WH-REG-04,BlueDart Logistics,REG-04,2.7,5,Compliant,1079.1,7.8,1.8
FUL-002263,ORD-002263,2023-09-01,2023-09-02,2023-09-02,WH-REG-04,Ecom Express,REG-04,1.7,5,Compliant,1590.01,8.7,1.1
FUL-003850,ORD-003850,2023-09-01,2023-09-02,2023-09-03,WH-REG-02,FedEx Supply,REG-02,2.7,5,Compliant,1089.84,11.2,1.66
FUL-006001,ORD-006001,2023-09-01,2023-09-02,2023-09-05,WH-REG-03,Ecom Express,REG-03,4.8,5,Compliant,2372.33,7.3,1.55
FUL-006480,ORD-006480,2023-09-01,2023-09-03,2023-09-06,WH-REG-01,Ecom Express,REG-01,5.8,5,Breached,1432.94,11.0,0.46
FUL-007175,ORD-007175,2023-09-01,2023-09-03,2023-09-07,WH-REG-04,Delhivery Express,REG-04,6.1,3,Breached,3815.17,6.5,1.55
FUL-005136,ORD-005136,2023-09-02,2023-09-04,2023-09-07,WH-REG-02,BlueDart Logistics,REG-02,5.8,5,Breached,968.08,9.3,0.94
FUL-006320,ORD-006320,2023-09-02,2023-09-03,2023-09-04,WH-REG-01,BlueDart Logistics,REG-01,2.0,5,Compliant,3571.81,9.5,0.51
FUL-000598,ORD-000598,2023-09-03,2023-09-05,2023-09-09,WH-REG-03,BlueDart Logistics,REG-03,6.6,5,Breached,4437.29,6.5,0.19
FUL-003980,ORD-003980,2023-09-03,2023-09-04,2023-09-07,WH-REG-03,Delhivery Express,REG-03,4.4,5,Compliant,3269.63,9.3,1.21
FUL-005310,ORD-005310,2023-09-03,2023-09-05,2023-09-09,WH-REG-01,BlueDart Logistics,REG-01,6.1,5,Breached,1293.66,10.9,1.49
FUL-007993,ORD-007993,2023-09-03,2023-09-04,2023-09-07,WH-REG-03,FedEx Supply,REG-03,4.7,5,Compliant,2920.64,6.8,1.67
FUL-008262,ORD-008262,2023-09-03,2023-09-04,2023-09-07,WH-REG-03,FedEx Supply,REG-03,4.4,5,Compliant,1258.14,8.3,1.06
FUL-008354,ORD-008354,2023-09-03,2023-09-04,2023-09-04,WH-REG-01,DHL Freight,REG-01,1.4,3,Compliant,4087.95,6.0,1.12
FUL-008433,ORD-008433,2023-09-03,2023-09-04,2023-09-07,WH-REG-02,DHL Freight,REG-02,4.4,5,Compliant,3750.58,9.7,1.3
FUL-000051,ORD-000051,2023-09-04,2023-09-05,2023-09-07,WH-REG-02,DHL Freight,REG-02,3.8,5,Compliant,4338.48,11.4,0.49
FUL-000644,ORD-000644,2023-09-04,2023-09-05,2023-09-08,WH-REG-03,DHL Freight,REG-03,4.6,3,Breached,3386.39,6.3,0.83
FUL-000851,ORD-000851,2023-09-04,2023-09-06,2023-09-09,WH-REG-02,DHL Freight,REG-02,5.9,5,Breached,3214.98,11.6,1.26
FUL-000865,ORD-000865,2023-09-04,2023-09-09,2023-09-16,WH-REG-01,DHL Freight,REG-01,12.6,5,Breached,2325.97,7.1,0.92
FUL-001637,ORD-001637,2023-09-04,2023-09-05,2023-09-06,WH-REG-03,DHL Freight,REG-03,2.8,5,Compliant,4316.01,9.8,0.54
FUL-001828,ORD-001828,2023-09-04,2023-09-05,2023-09-06,WH-REG-04,DHL Freight,REG-04,2.3,5,Compliant,2722.16,6.8,1.31
FUL-002671,ORD-002671,2023-09-04,2023-09-05,2023-09-05,WH-REG-01,BlueDart Logistics,REG-01,1.7,5,Compliant,1902.41,7.5,1.1
FUL-004840,ORD-004840,2023-09-04,2023-09-05,2023-09-07,WH-REG-04,DHL Freight,REG-04,3.8,5,Compliant,3745.7,7.5,1.65
FUL-005645,ORD-005645,2023-09-04,2023-09-05,2023-09-05,WH-REG-01,Delhivery Express,REG-01,1.9,5,Compliant,2807.95,7.9,1.57
FUL-006702,ORD-006702,2023-09-04,2023-09-05,2023-09-05,WH-REG-04,DHL Freight,REG-04,1.6,5,Compliant,1527.61,11.9,1.58
FUL-006853,ORD-006853,2023-09-04,2023-09-05,2023-09-08,WH-REG-05,Delhivery Express,REG-05,4.7,3,Breached,1915.13,11.1,0.78
FUL-007634,ORD-007634,2023-09-04,2023-09-05,2023-09-07,WH-REG-03,FedEx Supply,REG-03,3.4,3,Breached,2463.42,8.6,0.54
FUL-000255,ORD-000255,2023-09-05,2023-09-07,2023-09-10,WH-REG-01,FedEx Supply,REG-01,5.8,3,Breached,4014.68,10.2,0.08
FUL-000280,ORD-000280,2023-09-05,2023-09-06,2023-09-08,WH-REG-03,Ecom Express,REG-03,3.9,5,Compliant,2613.79,8.7,1.41
FUL-000764,ORD-000764,2023-09-05,2023-09-07,2023-09-11,WH-REG-02,Ecom Express,REG-02,6.3,5,Breached,1777.36,11.6,0.15
FUL-001967,ORD-001967,2023-09-05,2023-09-06,2023-09-08,WH-REG-01,Delhivery Express,REG-01,3.9,5,Compliant,1114.01,6.6,1.32
FUL-003679,ORD-003679,2023-09-05,2023-09-07,2023-09-10,WH-REG-01,FedEx Supply,REG-01,5.1,5,Breached,3525.05,10.4,0.37
FUL-003959,ORD-003959,2023-09-05,2023-09-07,2023-09-11,WH-REG-04,BlueDart Logistics,REG-04,6.0,5,Breached,1533.8,10.7,0.55
FUL-005395,ORD-005395,2023-09-05,2023-09-07,2023-09-10,WH-REG-03,DHL Freight,REG-03,5.9,3,Breached,3914.63,6.6,0.35
FUL-005949,ORD-005949,2023-09-05,2023-09-07,2023-09-11,WH-REG-01,Ecom Express,REG-01,6.7,5,Breached,3447.18,10.7,1.69
FUL-006282,ORD-006282,2023-09-05,2023-09-06,2023-09-09,WH-REG-03,DHL Freight,REG-03,4.4,3,Breached,1140.44,6.0,0.19
FUL-006299,ORD-006299,2023-09-05,2023-09-06,2023-09-08,WH-REG-03,BlueDart Logistics,REG-03,3.9,5,Compliant,2264.52,10.5,1.44
FUL-006561,ORD-006561,2023-09-05,2023-09-06,2023-09-08,WH-REG-04,DHL Freight,REG-04,3.8,5,Compliant,2454.65,8.3,1.72
FUL-008012,ORD-008012,2023-09-05,2023-09-06,2023-09-08,WH-REG-03,Ecom Express,REG-03,3.7,5,Compliant,1482.07,6.1,0.68
FUL-008013,ORD-008013,2023-09-05,2023-09-06,2023-09-06,WH-REG-04,FedEx Supply,REG-04,1.6,5,Compliant,1484.1,7.9,1.2
FUL-008386,ORD-008386,2023-09-05,2023-09-06,2023-09-06,WH-REG-03,DHL Freight,REG-03,1.4,5,Compliant,4251.36,11.4,1.78
FUL-000444,ORD-000444,2023-09-06,2023-09-07,2023-09-09,WH-REG-01,Delhivery Express,REG-01,3.7,5,Compliant,4215.78,7.8,0.15
FUL-001467,ORD-001467,2023-09-06,2023-09-08,2023-09-11,WH-REG-05,Ecom Express,REG-05,5.7,5,Breached,4346.32,8.1,1.09
FUL-002858,ORD-002858,2023-09-06,2023-09-07,2023-09-09,WH-REG-03,Delhivery Express,REG-03,3.8,5,Compliant,2415.13,7.1,0.37
FUL-004351,ORD-004351,2023-09-06,2023-09-07,2023-09-10,WH-REG-03,Ecom Express,REG-03,4.7,5,Compliant,1795.03,8.9,0.78
FUL-004617,ORD-004617,2023-09-06,2023-09-08,2023-09-11,WH-REG-03,BlueDart Logistics,REG-03,5.8,3,Breached,1871.07,9.0,0.58
FUL-000174,ORD-000174,2023-09-07,2023-09-08,2023-09-08,WH-REG-04,BlueDart Logistics,REG-04,1.9,5,Compliant,1312.28,10.8,0.68
FUL-001173,ORD-001173,2023-09-07,2023-09-08,2023-09-10,WH-REG-04,Delhivery Express,REG-04,3.8,5,Compliant,1821.66,11.8,1.22
FUL-003208,ORD-003208,2023-09-07,2023-09-08,2023-09-10,WH-REG-04,Ecom Express,REG-04,3.8,3,Breached,3409.16,9.7,0.66
FUL-004589,ORD-004589,2023-09-07,2023-09-09,2023-09-12,WH-REG-02,Ecom Express,REG-02,5.4,3,Breached,4302.84,8.7,1.75
FUL-000587,ORD-000587,2023-09-08,2023-09-10,2023-09-14,WH-REG-01,BlueDart Logistics,REG-01,6.6,3,Breached,2154.67,6.9,0.91
FUL-002841,ORD-002841,2023-09-08,2023-09-10,2023-09-13,WH-REG-03,Ecom Express,REG-03,5.0,3,Breached,2643.96,9.3,1.3
FUL-003822,ORD-003822,2023-09-08,2023-09-09,2023-09-12,WH-REG-01,DHL Freight,REG-01,4.0,5,Compliant,1820.74,5.9,0.21
FUL-001469,ORD-001469,2023-09-09,2023-09-11,2023-09-14,WH-REG-03,Delhivery Express,REG-03,5.2,5,Breached,4480.14,5.9,1.06
FUL-004962,ORD-004962,2023-09-09,2023-09-10,2023-09-13,WH-REG-05,Delhivery Express,REG-05,4.2,5,Compliant,2628.16,11.4,0.68
FUL-005170,ORD-005170,2023-09-09,2023-09-10,2023-09-13,WH-REG-01,Delhivery Express,REG-01,4.6,5,Compliant,3415.39,8.3,1.76
FUL-005502,ORD-005502,2023-09-09,2023-09-10,2023-09-11,WH-REG-03,DHL Freight,REG-03,2.5,5,Compliant,2388.68,7.5,1.52
FUL-006849,ORD-006849,2023-09-09,2023-09-10,2023-09-12,WH-REG-01,Delhivery Express,REG-01,3.6,5,Compliant,2493.15,6.1,0.38
FUL-007405,ORD-007405,2023-09-09,2023-09-11,2023-09-14,WH-REG-05,Delhivery Express,REG-05,5.8,5,Breached,1349.28,9.9,1.22
FUL-000813,ORD-000813,2023-09-10,2023-09-11,2023-09-12,WH-REG-02,Delhivery Express,REG-02,2.8,5,Compliant,2520.65,11.3,1.26
FUL-001994,ORD-001994,2023-09-10,2023-09-11,2023-09-12,WH-REG-01,DHL Freight,REG-01,2.0,3,Compliant,2313.15,8.9,0.47
FUL-001997,ORD-001997,2023-09-10,2023-09-13,2023-09-19,WH-REG-01,FedEx Supply,REG-01,9.7,5,Breached,1765.93,7.0,1.75
FUL-002831,ORD-002831,2023-09-10,2023-09-11,2023-09-13,WH-REG-01,BlueDart Logistics,REG-01,3.4,5,Compliant,3691.44,9.5,1.3
FUL-003449,ORD-003449,2023-09-10,2023-09-11,2023-09-12,WH-REG-04,DHL Freight,REG-04,2.0,5,Compliant,1279.47,7.8,1.77
FUL-003836,ORD-003836,2023-09-10,2023-09-11,2023-09-11,WH-REG-05,DHL Freight,REG-05,1.2,5,Compliant,1127.99,8.9,0.47
FUL-005073,ORD-005073,2023-09-10,2023-09-11,2023-09-14,WH-REG-02,DHL Freight,REG-02,4.3,5,Compliant,2416.25,9.4,0.61
FUL-005210,ORD-005210,2023-09-10,2023-09-12,2023-09-15,WH-REG-05,FedEx Supply,REG-05,5.0,5,Compliant,3191.77,9.9,1.51
FUL-005922,ORD-005922,2023-09-10,2023-09-11,2023-09-13,WH-REG-01,Delhivery Express,REG-01,3.6,3,Breached,2583.12,12.0,0.04
FUL-007990,ORD-007990,2023-09-10,2023-09-11,2023-09-12,WH-REG-04,FedEx Supply,REG-04,2.4,5,Compliant,3477.91,6.5,0.02
FUL-002676,ORD-002676,2023-09-11,2023-09-12,2023-09-13,WH-REG-02,Ecom Express,REG-02,2.7,5,Compliant,3409.77,11.1,0.33
FUL-003330,ORD-003330,2023-09-11,2023-09-13,2023-09-17,WH-REG-01,DHL Freight,REG-01,6.2,5,Breached,4322.89,9.4,1.47
FUL-003852,ORD-003852,2023-09-11,2023-09-13,2023-09-16,WH-REG-05,FedEx Supply,REG-05,5.2,5,Breached,3944.34,6.4,0.1
FUL-004185,ORD-004185,2023-09-11,2023-09-12,2023-09-14,WH-REG-02,BlueDart Logistics,REG-02,3.8,5,Compliant,1007.23,7.5,0.59
FUL-005565,ORD-005565,2023-09-11,2023-09-12,2023-09-14,WH-REG-04,BlueDart Logistics,REG-04,3.5,3,Breached,1236.8,8.7,0.94
FUL-006310,ORD-006310,2023-09-11,2023-09-13,2023-09-16,WH-REG-05,FedEx Supply,REG-05,5.0,5,Compliant,932.48,10.1,0.97
FUL-007642,ORD-007642,2023-09-11,2023-09-12,2023-09-14,WH-REG-05,BlueDart Logistics,REG-05,3.0,5,Compliant,4390.74,11.9,1.16
FUL-000349,ORD-000349,2023-09-12,2023-09-13,2023-09-15,WH-REG-05,BlueDart Logistics,REG-05,3.7,3,Breached,2363.94,7.9,0.55
FUL-001977,ORD-001977,2023-09-12,2023-09-14,2023-09-18,WH-REG-04,Delhivery Express,REG-04,6.0,3,Breached,1199.87,6.3,1.0
FUL-002654,ORD-002654,2023-09-12,2023-09-13,2023-09-14,WH-REG-02,DHL Freight,REG-02,2.9,3,Compliant,3462.88,7.3,0.11
FUL-004000,ORD-004000,2023-09-12,2023-09-13,2023-09-15,WH-REG-03,Delhivery Express,REG-03,3.4,3,Breached,2030.12,6.0,1.06
FUL-004675,ORD-004675,2023-09-12,2023-09-13,2023-09-13,WH-REG-01,DHL Freight,REG-01,1.5,5,Compliant,3435.78,9.9,0.27
FUL-007314,ORD-007314,2023-09-12,2023-09-14,2023-09-18,WH-REG-02,FedEx Supply,REG-02,6.3,5,Breached,4049.06,8.2,1.11
FUL-007529,ORD-007529,2023-09-12,2023-09-13,2023-09-14,WH-REG-03,Delhivery Express,REG-03,2.9,3,Compliant,4136.59,6.1,1.31
FUL-007826,ORD-007826,2023-09-12,2023-09-14,2023-09-17,WH-REG-05,DHL Freight,REG-05,5.6,5,Breached,1087.43,9.9,0.54
FUL-008457,ORD-008457,2023-09-12,2023-09-13,2023-09-16,WH-REG-04,BlueDart Logistics,REG-04,4.2,5,Compliant,2270.79,9.7,1.73
FUL-000480,ORD-000480,2023-09-13,2023-09-14,2023-09-16,WH-REG-05,Ecom Express,REG-05,3.3,3,Breached,3087.26,11.8,1.18
FUL-000819,ORD-000819,2023-09-13,2023-09-15,2023-09-18,WH-REG-02,BlueDart Logistics,REG-02,5.1,5,Breached,1661.49,9.0,1.22
FUL-002502,ORD-002502,2023-09-13,2023-09-14,2023-09-16,WH-REG-03,FedEx Supply,REG-03,3.9,5,Compliant,1472.03,8.8,0.31
FUL-003083,ORD-003083,2023-09-13,2023-09-14,2023-09-16,WH-REG-02,DHL Freight,REG-02,3.9,5,Compliant,1824.64,10.7,1.67
FUL-003674,ORD-003674,2023-09-13,2023-09-14,2023-09-16,WH-REG-01,Ecom Express,REG-01,3.4,5,Compliant,1082.15,5.8,1.61
FUL-004354,ORD-004354,2023-09-13,2023-09-14,2023-09-17,WH-REG-01,BlueDart Logistics,REG-01,4.2,5,Compliant,2338.56,8.9,1.28
FUL-005029,ORD-005029,2023-09-13,2023-09-14,2023-09-16,WH-REG-05,Delhivery Express,REG-05,3.0,5,Compliant,3165.44,6.7,0.18
FUL-002159,ORD-002159,2023-09-14,2023-09-15,2023-09-18,WH-REG-01,BlueDart Logistics,REG-01,4.5,5,Compliant,3023.89,11.5,1.31
FUL-002452,ORD-002452,2023-09-14,2023-09-15,2023-09-16,WH-REG-02,BlueDart Logistics,REG-02,2.0,3,Compliant,2977.35,11.7,0.6
FUL-003260,ORD-003260,2023-09-14,2023-09-15,2023-09-18,WH-REG-03,Delhivery Express,REG-03,4.7,5,Compliant,1901.88,8.3,0.3
FUL-004247,ORD-004247,2023-09-14,2023-09-16,2023-09-19,WH-REG-02,DHL Freight,REG-02,5.1,5,Breached,1015.34,7.6,1.01
FUL-006771,ORD-006771,2023-09-14,2023-09-16,2023-09-19,WH-REG-05,DHL Freight,REG-05,5.6,5,Breached,1008.61,9.5,1.56
FUL-007546,ORD-007546,2023-09-14,2023-09-15,2023-09-18,WH-REG-03,Delhivery Express,REG-03,4.1,5,Compliant,1958.68,6.0,0.13
FUL-000911,ORD-000911,2023-09-15,2023-09-19,2023-09-25,WH-REG-01,BlueDart Logistics,REG-01,10.6,5,Breached,1414.68,6.1,0.68
FUL-002832,ORD-002832,2023-09-15,2023-09-16,2023-09-18,WH-REG-05,FedEx Supply,REG-05,3.3,5,Compliant,3479.52,11.5,0.83
FUL-003101,ORD-003101,2023-09-15,2023-09-17,2023-09-20,WH-REG-05,DHL Freight,REG-05,5.0,3,Breached,1846.31,7.5,1.61
FUL-006589,ORD-006589,2023-09-15,2023-09-16,2023-09-17,WH-REG-01,FedEx Supply,REG-01,2.0,5,Compliant,2571.77,8.3,0.52
FUL-006613,ORD-006613,2023-09-15,2023-09-16,2023-09-16,WH-REG-04,Ecom Express,REG-04,1.3,5,Compliant,3106.76,7.1,1.27
FUL-007332,ORD-007332,2023-09-15,2023-09-17,2023-09-20,WH-REG-04,Ecom Express,REG-04,5.1,5,Breached,951.03,6.2,1.27
FUL-000541,ORD-000541,2023-09-16,2023-09-18,2023-09-22,WH-REG-03,Ecom Express,REG-03,6.6,5,Breached,3528.03,12.0,0.69
FUL-001088,ORD-001088,2023-09-16,2023-09-17,2023-09-19,WH-REG-01,Delhivery Express,REG-01,3.9,5,Compliant,2891.46,6.6,0.19
FUL-001605,ORD-001605,2023-09-16,2023-09-17,2023-09-18,WH-REG-02,BlueDart Logistics,REG-02,2.9,5,Compliant,2331.98,8.3,0.41
FUL-001898,ORD-001898,2023-09-16,2023-09-17,2023-09-18,WH-REG-04,BlueDart Logistics,REG-04,2.2,5,Compliant,1827.94,10.4,0.98
FUL-002214,ORD-002214,2023-09-16,2023-09-18,2023-09-21,WH-REG-02,Ecom Express,REG-02,5.1,5,Breached,3657.81,8.4,1.66
FUL-002314,ORD-002314,2023-09-16,2023-09-18,2023-09-22,WH-REG-05,Delhivery Express,REG-05,6.0,5,Breached,3791.13,10.9,0.88
FUL-005560,ORD-005560,2023-09-16,2023-09-17,2023-09-19,WH-REG-01,FedEx Supply,REG-01,3.5,5,Compliant,1907.35,6.8,1.55
FUL-005646,ORD-005646,2023-09-16,2023-09-17,2023-09-20,WH-REG-01,Delhivery Express,REG-01,4.7,5,Compliant,4250.43,10.1,0.97
FUL-006824,ORD-006824,2023-09-16,2023-09-17,2023-09-17,WH-REG-03,DHL Freight,REG-03,1.4,3,Compliant,4383.32,10.0,0.32
FUL-000475,ORD-000475,2023-09-17,2023-09-19,2023-09-22,WH-REG-04,Ecom Express,REG-04,5.3,5,Breached,4077.71,6.1,1.15
FUL-000997,ORD-000997,2023-09-17,2023-09-18,2023-09-18,WH-REG-05,DHL Freight,REG-05,1.7,5,Compliant,880.79,6.8,1.38
FUL-001145,ORD-001145,2023-09-17,2023-09-18,2023-09-21,WH-REG-01,FedEx Supply,REG-01,4.7,5,Compliant,3353.95,6.5,0.22
FUL-002014,ORD-002014,2023-09-17,2023-09-18,2023-09-21,WH-REG-02,BlueDart Logistics,REG-02,4.7,5,Compliant,4227.27,5.7,1.4
FUL-006382,ORD-006382,2023-09-17,2023-09-18,2023-09-20,WH-REG-02,DHL Freight,REG-02,3.8,5,Compliant,2482.45,7.9,0.17
FUL-006428,ORD-006428,2023-09-17,2023-09-18,2023-09-20,WH-REG-04,FedEx Supply,REG-04,3.4,5,Compliant,1537.72,8.7,1.23
FUL-006975,ORD-006975,2023-09-17,2023-09-19,2023-09-23,WH-REG-02,FedEx Supply,REG-02,6.2,5,Breached,3419.41,7.3,0.11
FUL-000294,ORD-000294,2023-09-18,2023-09-19,2023-09-21,WH-REG-05,FedEx Supply,REG-05,3.8,5,Compliant,3110.77,12.0,1.26
FUL-001365,ORD-001365,2023-09-18,2023-09-19,2023-09-22,WH-REG-05,BlueDart Logistics,REG-05,4.4,5,Compliant,3501.49,5.7,1.66
FUL-001719,ORD-001719,2023-09-18,2023-09-19,2023-09-22,WH-REG-05,FedEx Supply,REG-05,4.5,5,Compliant,1073.08,11.0,0.68
FUL-003199,ORD-003199,2023-09-18,2023-09-19,2023-09-21,WH-REG-01,Delhivery Express,REG-01,3.4,3,Breached,2331.21,10.2,1.48
FUL-003900,ORD-003900,2023-09-18,2023-09-20,2023-09-23,WH-REG-01,FedEx Supply,REG-01,5.3,5,Breached,1204.05,5.7,1.53
FUL-004526,ORD-004526,2023-09-18,2023-09-20,2023-09-23,WH-REG-04,DHL Freight,REG-04,5.7,5,Breached,852.84,7.3,1.71
FUL-007018,ORD-007018,2023-09-18,2023-09-20,2023-09-24,WH-REG-02,DHL Freight,REG-02,6.4,5,Breached,3128.76,9.7,0.76
FUL-007144,ORD-007144,2023-09-18,2023-09-20,2023-09-23,WH-REG-02,DHL Freight,REG-02,5.3,5,Breached,1922.04,5.8,0.1
FUL-007858,ORD-007858,2023-09-18,2023-09-19,2023-09-22,WH-REG-02,Ecom Express,REG-02,4.9,5,Compliant,2564.94,9.2,0.28
FUL-008485,ORD-008485,2023-09-18,2023-09-19,2023-09-22,WH-REG-01,DHL Freight,REG-01,4.0,5,Compliant,3660.11,7.8,0.95
FUL-000596,ORD-000596,2023-09-19,2023-09-21,2023-09-24,WH-REG-03,FedEx Supply,REG-03,5.9,5,Breached,4276.05,11.9,0.46
FUL-000939,ORD-000939,2023-09-19,2023-09-20,2023-09-20,WH-REG-03,Ecom Express,REG-03,1.7,3,Compliant,1129.98,7.0,0.09
FUL-001553,ORD-001553,2023-09-19,2023-09-21,2023-09-24,WH-REG-02,FedEx Supply,REG-02,5.8,5,Breached,998.87,7.0,1.59
FUL-006260,ORD-006260,2023-09-19,2023-09-21,2023-09-25,WH-REG-05,Delhivery Express,REG-05,6.6,5,Breached,1974.42,7.3,1.07
FUL-000266,ORD-000266,2023-09-20,2023-09-21,2023-09-22,WH-REG-03,DHL Freight,REG-03,2.8,5,Compliant,2418.12,9.1,0.72
FUL-002018,ORD-002018,2023-09-20,2023-09-21,2023-09-22,WH-REG-02,FedEx Supply,REG-02,2.4,5,Compliant,4142.9,8.8,1.69
FUL-002455,ORD-002455,2023-09-20,2023-09-21,2023-09-23,WH-REG-01,Delhivery Express,REG-01,3.3,5,Compliant,3349.66,7.1,1.67
FUL-006714,ORD-006714,2023-09-20,2023-09-22,2023-09-26,WH-REG-04,BlueDart Logistics,REG-04,6.6,5,Breached,1349.77,10.6,0.75
FUL-008487,ORD-008487,2023-09-20,2023-09-21,2023-09-23,WH-REG-02,DHL Freight,REG-02,3.2,5,Compliant,4315.16,10.1,0.53
FUL-000076,ORD-000076,2023-09-21,2023-09-22,2023-09-24,WH-REG-03,BlueDart Logistics,REG-03,3.1,5,Compliant,3493.54,7.9,1.03
FUL-000806,ORD-000806,2023-09-21,2023-09-22,2023-09-25,WH-REG-01,FedEx Supply,REG-01,4.1,5,Compliant,4030.69,6.4,0.32
FUL-001890,ORD-001890,2023-09-21,2023-09-23,2023-09-26,WH-REG-01,DHL Freight,REG-01,5.5,5,Breached,1749.62,5.7,1.12
FUL-002206,ORD-002206,2023-09-21,2023-09-23,2023-09-26,WH-REG-04,Ecom Express,REG-04,5.7,5,Breached,3338.78,10.5,0.5
FUL-002316,ORD-002316,2023-09-21,2023-09-22,2023-09-24,WH-REG-05,BlueDart Logistics,REG-05,3.9,3,Breached,2134.66,11.6,0.35
FUL-002960,ORD-002960,2023-09-21,2023-09-22,2023-09-22,WH-REG-02,Delhivery Express,REG-02,1.8,3,Compliant,1912.18,5.9,0.28
FUL-003323,ORD-003323,2023-09-21,2023-09-22,2023-09-22,WH-REG-03,FedEx Supply,REG-03,1.9,5,Compliant,3742.38,9.6,1.04
FUL-003590,ORD-003590,2023-09-21,2023-09-23,2023-09-26,WH-REG-01,DHL Freight,REG-01,5.4,5,Breached,2382.37,8.7,1.04
FUL-004363,ORD-004363,2023-09-21,2023-09-22,2023-09-23,WH-REG-04,DHL Freight,REG-04,2.3,5,Compliant,2203.65,6.1,0.18
FUL-006431,ORD-006431,2023-09-21,2023-09-22,2023-09-25,WH-REG-03,Delhivery Express,REG-03,4.7,3,Breached,2413.65,11.6,0.97
FUL-001337,ORD-001337,2023-09-22,2023-09-23,2023-09-24,WH-REG-04,DHL Freight,REG-04,2.3,5,Compliant,1216.49,9.9,0.41
FUL-002089,ORD-002089,2023-09-22,2023-09-24,2023-09-28,WH-REG-05,DHL Freight,REG-05,6.1,5,Breached,2489.9,8.5,0.56
FUL-003563,ORD-003563,2023-09-22,2023-09-23,2023-09-23,WH-REG-04,DHL Freight,REG-04,1.4,5,Compliant,4483.81,8.2,0.25
FUL-003874,ORD-003874,2023-09-22,2023-09-24,2023-09-27,WH-REG-04,Ecom Express,REG-04,5.5,5,Breached,954.21,6.5,0.36
FUL-004520,ORD-004520,2023-09-22,2023-09-24,2023-09-28,WH-REG-02,Ecom Express,REG-02,6.8,3,Breached,1333.06,11.5,0.35
FUL-004680,ORD-004680,2023-09-22,2023-09-23,2023-09-25,WH-REG-05,FedEx Supply,REG-05,3.1,5,Compliant,1743.68,7.3,0.86
FUL-006939,ORD-006939,2023-09-22,2023-09-23,2023-09-24,WH-REG-03,FedEx Supply,REG-03,2.6,5,Compliant,1416.55,6.4,0.67
FUL-007805,ORD-007805,2023-09-22,2023-09-23,2023-09-26,WH-REG-04,Delhivery Express,REG-04,4.0,5,Compliant,1518.97,8.6,1.13
FUL-008391,ORD-008391,2023-09-22,2023-09-23,2023-09-23,WH-REG-04,FedEx Supply,REG-04,1.6,3,Compliant,3310.43,9.5,0.69
FUL-000439,ORD-000439,2023-09-23,2023-09-24,2023-09-27,WH-REG-01,DHL Freight,REG-01,4.0,5,Compliant,1328.72,7.4,0.91
FUL-003717,ORD-003717,2023-09-23,2023-09-24,2023-09-27,WH-REG-04,Delhivery Express,REG-04,4.1,5,Compliant,3638.69,11.4,1.33
FUL-003838,ORD-003838,2023-09-23,2023-09-24,2023-09-26,WH-REG-03,DHL Freight,REG-03,3.6,3,Breached,1833.73,10.0,0.02
FUL-005187,ORD-005187,2023-09-23,2023-09-25,2023-09-28,WH-REG-04,BlueDart Logistics,REG-04,5.3,5,Breached,4165.05,9.0,1.32
FUL-005591,ORD-005591,2023-09-23,2023-09-24,2023-09-24,WH-REG-03,DHL Freight,REG-03,1.4,5,Compliant,1127.98,6.1,0.66
FUL-008257,ORD-008257,2023-09-23,2023-09-24,2023-09-27,WH-REG-02,FedEx Supply,REG-02,4.8,5,Compliant,4487.18,7.3,1.73
FUL-002744,ORD-002744,2023-09-24,2023-09-25,2023-09-25,WH-REG-01,BlueDart Logistics,REG-01,1.5,5,Compliant,3358.17,6.1,0.45
FUL-002777,ORD-002777,2023-09-24,2023-09-25,2023-09-25,WH-REG-05,Delhivery Express,REG-05,1.9,5,Compliant,2373.76,6.7,1.05
FUL-004001,ORD-004001,2023-09-24,2023-09-25,2023-09-27,WH-REG-04,Delhivery Express,REG-04,3.7,5,Compliant,1974.83,9.9,1.23
FUL-005224,ORD-005224,2023-09-24,2023-09-26,2023-09-30,WH-REG-01,BlueDart Logistics,REG-01,6.1,5,Breached,2959.72,8.6,0.38
FUL-005357,ORD-005357,2023-09-24,2023-09-26,2023-09-30,WH-REG-03,FedEx Supply,REG-03,6.6,5,Breached,1519.05,6.5,1.62
FUL-006899,ORD-006899,2023-09-24,2023-09-25,2023-09-26,WH-REG-02,FedEx Supply,REG-02,2.3,3,Compliant,3206.49,6.5,1.4
FUL-000114,ORD-000114,2023-09-25,2023-09-27,2023-09-30,WH-REG-01,DHL Freight,REG-01,5.4,5,Breached,1900.76,10.4,0.46
FUL-000134,ORD-000134,2023-09-25,2023-09-26,2023-09-27,WH-REG-05,BlueDart Logistics,REG-05,2.8,5,Compliant,3500.15,8.0,0.73
FUL-000920,ORD-000920,2023-09-25,2023-09-26,2023-09-28,WH-REG-03,FedEx Supply,REG-03,3.1,5,Compliant,2175.89,9.0,0.64
FUL-000921,ORD-000921,2023-09-25,2023-09-27,2023-10-01,WH-REG-04,FedEx Supply,REG-04,6.7,3,Breached,3529.59,8.9,1.52
FUL-001539,ORD-001539,2023-09-25,2023-09-26,2023-09-27,WH-REG-01,BlueDart Logistics,REG-01,2.4,5,Compliant,2526.16,7.3,1.68
FUL-003078,ORD-003078,2023-09-25,2023-09-26,2023-09-29,WH-REG-05,Ecom Express,REG-05,4.4,5,Compliant,4387.07,10.1,0.6
FUL-003770,ORD-003770,2023-09-25,2023-09-26,2023-09-26,WH-REG-01,BlueDart Logistics,REG-01,1.9,5,Compliant,3905.98,5.9,0.4
FUL-004171,ORD-004171,2023-09-25,2023-09-27,2023-09-30,WH-REG-04,Ecom Express,REG-04,5.8,5,Breached,3901.7,6.7,0.15
FUL-004310,ORD-004310,2023-09-25,2023-09-26,2023-09-26,WH-REG-03,DHL Freight,REG-03,1.8,3,Compliant,3627.99,11.3,1.73
FUL-006792,ORD-006792,2023-09-25,2023-09-26,2023-09-27,WH-REG-01,DHL Freight,REG-01,2.0,5,Compliant,3623.07,6.8,1.03
FUL-008065,ORD-008065,2023-09-25,2023-09-26,2023-09-29,WH-REG-05,BlueDart Logistics,REG-05,4.8,5,Compliant,3178.17,9.6,1.08
FUL-003352,ORD-003352,2023-09-26,2023-09-27,2023-09-28,WH-REG-03,Delhivery Express,REG-03,2.4,3,Compliant,2445.3,6.4,1.68
FUL-003791,ORD-003791,2023-09-26,2023-09-27,2023-09-27,WH-REG-05,Ecom Express,REG-05,1.7,5,Compliant,4145.53,11.0,0.51
FUL-006356,ORD-006356,2023-09-26,2023-09-27,2023-09-30,WH-REG-01,Ecom Express,REG-01,4.3,5,Compliant,2815.24,5.6,0.14
FUL-008291,ORD-008291,2023-09-26,2023-09-27,2023-09-30,WH-REG-01,FedEx Supply,REG-01,4.1,3,Breached,3709.02,10.8,1.57
FUL-000733,ORD-000733,2023-09-27,2023-09-28,2023-09-28,WH-REG-03,BlueDart Logistics,REG-03,1.5,5,Compliant,2343.2,11.7,0.6
FUL-001105,ORD-001105,2023-09-27,2023-09-28,2023-09-30,WH-REG-05,BlueDart Logistics,REG-05,3.0,5,Compliant,1755.67,6.5,1.77
FUL-002243,ORD-002243,2023-09-27,2023-09-29,2023-10-02,WH-REG-03,Delhivery Express,REG-03,5.5,5,Breached,4411.71,10.5,0.69
FUL-003053,ORD-003053,2023-09-27,2023-09-28,2023-09-30,WH-REG-02,Ecom Express,REG-02,3.2,3,Breached,1984.78,10.0,1.67
FUL-003065,ORD-003065,2023-09-27,2023-09-29,2023-10-03,WH-REG-05,Ecom Express,REG-05,6.3,5,Breached,2173.92,8.9,0.94
FUL-003814,ORD-003814,2023-09-27,2023-09-28,2023-09-30,WH-REG-04,BlueDart Logistics,REG-04,3.8,5,Compliant,2193.99,8.2,1.08
FUL-004087,ORD-004087,2023-09-27,2023-09-29,2023-10-02,WH-REG-01,Ecom Express,REG-01,5.0,3,Breached,4133.56,9.4,0.3
FUL-005431,ORD-005431,2023-09-27,2023-09-28,2023-09-29,WH-REG-03,FedEx Supply,REG-03,2.2,3,Compliant,995.24,8.1,1.1
FUL-006213,ORD-006213,2023-09-27,2023-09-28,2023-09-30,WH-REG-03,Delhivery Express,REG-03,3.7,5,Compliant,1336.66,8.7,1.42
FUL-008014,ORD-008014,2023-09-27,2023-09-28,2023-09-29,WH-REG-02,BlueDart Logistics,REG-02,2.0,5,Compliant,3964.51,8.6,0.51
FUL-001943,ORD-001943,2023-09-28,2023-09-29,2023-10-02,WH-REG-04,Ecom Express,REG-04,4.1,5,Compliant,2598.27,8.8,1.22
FUL-003077,ORD-003077,2023-09-28,2023-09-29,2023-10-02,WH-REG-02,Ecom Express,REG-02,4.7,5,Compliant,2656.57,8.8,1.58
FUL-003844,ORD-003844,2023-09-28,2023-09-30,2023-10-03,WH-REG-02,Ecom Express,REG-02,5.8,5,Breached,1599.15,7.8,0.1
FUL-006756,ORD-006756,2023-09-28,2023-09-29,2023-10-01,WH-REG-04,Ecom Express,REG-04,3.4,5,Compliant,3382.44,11.4,0.79
FUL-000667,ORD-000667,2023-09-29,2023-10-01,2023-10-05,WH-REG-05,Delhivery Express,REG-05,6.1,5,Breached,3835.56,10.8,0.8
FUL-002693,ORD-002693,2023-09-29,2023-10-01,2023-10-04,WH-REG-04,DHL Freight,REG-04,5.8,5,Breached,992.91,11.2,0.74
FUL-004182,ORD-004182,2023-09-29,2023-10-01,2023-10-05,WH-REG-01,Ecom Express,REG-01,6.4,5,Breached,3347.85,10.9,1.33
FUL-006293,ORD-006293,2023-09-29,2023-09-30,2023-10-01,WH-REG-02,BlueDart Logistics,REG-02,2.2,3,Compliant,2613.43,6.6,0.26
FUL-000963,ORD-000963,2023-09-30,2023-10-01,2023-10-02,WH-REG-05,Ecom Express,REG-05,2.7,5,Compliant,3549.38,11.5,1.68
FUL-001505,ORD-001505,2023-09-30,2023-10-01,2023-10-02,WH-REG-04,Delhivery Express,REG-04,2.9,5,Compliant,2222.59,9.9,1.12
FUL-002417,ORD-002417,2023-09-30,2023-10-01,2023-10-02,WH-REG-03,DHL Freight,REG-03,2.9,5,Compliant,2816.6,8.7,0.85
FUL-005186,ORD-005186,2023-09-30,2023-10-01,2023-10-03,WH-REG-02,FedEx Supply,REG-02,3.1,5,Compliant,1855.91,7.0,0.9
FUL-006049,ORD-006049,2023-09-30,2023-10-04,2023-10-12,WH-REG-02,Ecom Express,REG-02,12.3,5,Breached,2769.37,11.4,1.76
FUL-007313,ORD-007313,2023-09-30,2023-10-01,2023-10-04,WH-REG-03,BlueDart Logistics,REG-03,4.5,5,Compliant,921.95,7.4,1.08
FUL-000401,ORD-000401,2023-10-01,2023-10-03,2023-10-06,WH-REG-04,Ecom Express,REG-04,5.5,5,Breached,3884.7,7.8,1.71
FUL-001868,ORD-001868,2023-10-01,2023-10-03,2023-10-06,WH-REG-02,Delhivery Express,REG-02,5.8,5,Breached,1690.02,9.6,1.74
FUL-002005,ORD-002005,2023-10-01,2023-10-02,2023-10-04,WH-REG-03,FedEx Supply,REG-03,3.0,5,Compliant,952.87,11.1,0.05
FUL-004372,ORD-004372,2023-10-01,2023-10-02,2023-10-05,WH-REG-04,BlueDart Logistics,REG-04,4.2,5,Compliant,2550.98,10.3,0.36
FUL-004510,ORD-004510,2023-10-01,2023-10-02,2023-10-02,WH-REG-04,DHL Freight,REG-04,1.5,5,Compliant,4365.24,11.7,0.85
FUL-006207,ORD-006207,2023-10-01,2023-10-02,2023-10-02,WH-REG-03,Delhivery Express,REG-03,1.9,5,Compliant,3909.54,11.5,0.61
FUL-007764,ORD-007764,2023-10-01,2023-10-02,2023-10-05,WH-REG-04,Delhivery Express,REG-04,4.7,3,Breached,1569.42,6.3,1.56
FUL-008393,ORD-008393,2023-10-01,2023-10-02,2023-10-05,WH-REG-04,FedEx Supply,REG-04,4.1,5,Compliant,2548.81,11.7,0.49
FUL-001318,ORD-001318,2023-10-02,2023-10-03,2023-10-03,WH-REG-02,DHL Freight,REG-02,1.3,5,Compliant,3110.67,7.1,0.94
FUL-002704,ORD-002704,2023-10-02,2023-10-04,2023-10-07,WH-REG-01,Delhivery Express,REG-01,5.3,5,Breached,1266.69,10.3,1.79
FUL-008048,ORD-008048,2023-10-02,2023-10-03,2023-10-03,WH-REG-01,FedEx Supply,REG-01,1.2,5,Compliant,995.05,10.1,1.06
FUL-000024,ORD-000024,2023-10-03,2023-10-05,2023-10-09,WH-REG-02,DHL Freight,REG-02,6.7,5,Breached,3781.9,9.9,0.93
FUL-000527,ORD-000527,2023-10-03,2023-10-05,2023-10-08,WH-REG-04,DHL Freight,REG-04,5.0,5,Compliant,2110.67,7.0,1.52
FUL-000780,ORD-000780,2023-10-03,2023-10-04,2023-10-04,WH-REG-05,Ecom Express,REG-05,1.9,5,Compliant,1446.27,12.0,0.73
FUL-002141,ORD-002141,2023-10-03,2023-10-04,2023-10-06,WH-REG-03,BlueDart Logistics,REG-03,3.7,5,Compliant,3797.93,10.3,1.31
FUL-003073,ORD-003073,2023-10-03,2023-10-05,2023-10-09,WH-REG-04,Ecom Express,REG-04,6.7,5,Breached,3908.17,11.8,0.11
FUL-003325,ORD-003325,2023-10-03,2023-10-04,2023-10-07,WH-REG-03,DHL Freight,REG-03,4.3,5,Compliant,1477.05,9.4,0.82
FUL-004284,ORD-004284,2023-10-03,2023-10-04,2023-10-04,WH-REG-04,Ecom Express,REG-04,1.9,5,Compliant,3957.85,8.8,0.58
FUL-004442,ORD-004442,2023-10-03,2023-10-04,2023-10-07,WH-REG-03,Ecom Express,REG-03,4.3,5,Compliant,4104.69,10.2,0.12
FUL-005595,ORD-005595,2023-10-03,2023-10-04,2023-10-04,WH-REG-03,DHL Freight,REG-03,1.4,5,Compliant,1889.16,8.9,1.15
FUL-007262,ORD-007262,2023-10-03,2023-10-04,2023-10-06,WH-REG-05,FedEx Supply,REG-05,3.5,3,Breached,1714.63,11.0,0.37
FUL-007509,ORD-007509,2023-10-03,2023-10-04,2023-10-04,WH-REG-01,Delhivery Express,REG-01,1.8,5,Compliant,2970.14,8.4,0.06
FUL-000127,ORD-000127,2023-10-04,2023-10-05,2023-10-08,WH-REG-01,FedEx Supply,REG-01,4.8,5,Compliant,3547.41,7.2,1.05
FUL-000540,ORD-000540,2023-10-04,2023-10-06,2023-10-10,WH-REG-04,Ecom Express,REG-04,6.7,5,Breached,1563.94,7.6,0.88
FUL-003183,ORD-003183,2023-10-04,2023-10-06,2023-10-10,WH-REG-04,Delhivery Express,REG-04,6.5,5,Breached,879.32,11.1,0.63
FUL-004931,ORD-004931,2023-10-04,2023-10-06,2023-10-10,WH-REG-01,BlueDart Logistics,REG-01,6.6,3,Breached,3210.05,11.0,1.57
FUL-005423,ORD-005423,2023-10-04,2023-10-05,2023-10-08,WH-REG-01,Delhivery Express,REG-01,4.5,3,Breached,3254.03,10.7,0.75
FUL-005652,ORD-005652,2023-10-04,2023-10-06,2023-10-10,WH-REG-01,BlueDart Logistics,REG-01,6.5,3,Breached,2662.89,7.0,1.54
FUL-007023,ORD-007023,2023-10-04,2023-10-05,2023-10-05,WH-REG-02,DHL Freight,REG-02,1.6,5,Compliant,3721.82,9.4,0.27
FUL-007610,ORD-007610,2023-10-04,2023-10-05,2023-10-05,WH-REG-04,DHL Freight,REG-04,1.8,5,Compliant,2138.11,9.5,1.45
FUL-007962,ORD-007962,2023-10-04,2023-10-05,2023-10-08,WH-REG-02,Ecom Express,REG-02,4.9,5,Compliant,3385.75,10.6,0.34
FUL-001103,ORD-001103,2023-10-05,2023-10-07,2023-10-10,WH-REG-01,BlueDart Logistics,REG-01,5.0,5,Compliant,3864.86,10.1,0.09
FUL-001906,ORD-001906,2023-10-05,2023-10-06,2023-10-07,WH-REG-04,Ecom Express,REG-04,2.2,5,Compliant,2207.16,9.9,0.43
FUL-003816,ORD-003816,2023-10-05,2023-10-08,2023-10-12,WH-REG-01,BlueDart Logistics,REG-01,7.7,5,Breached,1194.0,5.8,0.38
FUL-004382,ORD-004382,2023-10-05,2023-10-07,2023-10-10,WH-REG-05,Ecom Express,REG-05,5.7,5,Breached,1051.87,8.2,0.83
FUL-004791,ORD-004791,2023-10-05,2023-10-07,2023-10-11,WH-REG-01,DHL Freight,REG-01,6.2,5,Breached,1219.94,11.6,1.49
FUL-005047,ORD-005047,2023-10-05,2023-10-06,2023-10-07,WH-REG-05,Ecom Express,REG-05,2.6,5,Compliant,1856.09,6.4,0.67
FUL-005258,ORD-005258,2023-10-05,2023-10-07,2023-10-10,WH-REG-05,Delhivery Express,REG-05,5.4,5,Breached,3259.56,9.9,1.35
FUL-006725,ORD-006725,2023-10-05,2023-10-06,2023-10-06,WH-REG-01,Ecom Express,REG-01,1.8,3,Compliant,3768.13,11.7,1.31
FUL-007943,ORD-007943,2023-10-05,2023-10-06,2023-10-08,WH-REG-04,DHL Freight,REG-04,3.5,5,Compliant,2085.88,8.6,1.5
FUL-000544,ORD-000544,2023-10-06,2023-10-07,2023-10-07,WH-REG-05,Delhivery Express,REG-05,1.6,5,Compliant,1290.52,7.5,0.39
FUL-001014,ORD-001014,2023-10-06,2023-10-07,2023-10-07,WH-REG-02,Delhivery Express,REG-02,1.6,5,Compliant,4160.1,6.3,0.68
FUL-001023,ORD-001023,2023-10-06,2023-10-08,2023-10-12,WH-REG-02,FedEx Supply,REG-02,6.1,5,Breached,3578.74,7.3,0.7
FUL-001081,ORD-001081,2023-10-06,2023-10-08,2023-10-12,WH-REG-05,FedEx Supply,REG-05,6.5,5,Breached,940.57,10.4,1.03
FUL-003279,ORD-003279,2023-10-06,2023-10-08,2023-10-11,WH-REG-03,Delhivery Express,REG-03,5.6,5,Breached,1304.18,9.4,0.17
FUL-003504,ORD-003504,2023-10-06,2023-10-07,2023-10-09,WH-REG-02,DHL Freight,REG-02,3.1,3,Breached,858.92,10.3,0.27
FUL-003716,ORD-003716,2023-10-06,2023-10-07,2023-10-10,WH-REG-05,DHL Freight,REG-05,4.6,3,Breached,1705.92,9.6,1.71
FUL-005181,ORD-005181,2023-10-06,2023-10-08,2023-10-11,WH-REG-04,Delhivery Express,REG-04,5.4,5,Breached,3448.06,8.4,1.75
FUL-005550,ORD-005550,2023-10-06,2023-10-07,2023-10-10,WH-REG-01,BlueDart Logistics,REG-01,4.5,5,Compliant,2202.77,11.9,1.56
FUL-008242,ORD-008242,2023-10-06,2023-10-08,2023-10-11,WH-REG-03,FedEx Supply,REG-03,5.1,5,Breached,1069.03,10.1,0.35
FUL-004484,ORD-004484,2023-10-07,2023-10-08,2023-10-11,WH-REG-01,Ecom Express,REG-01,4.2,5,Compliant,1423.31,11.5,0.67
FUL-005578,ORD-005578,2023-10-07,2023-10-09,2023-10-13,WH-REG-02,FedEx Supply,REG-02,6.8,5,Breached,2953.22,5.5,0.45
FUL-006556,ORD-006556,2023-10-07,2023-10-08,2023-10-10,WH-REG-01,Ecom Express,REG-01,3.8,5,Compliant,3622.2,11.2,0.73
FUL-006667,ORD-006667,2023-10-07,2023-10-09,2023-10-13,WH-REG-02,Ecom Express,REG-02,6.6,5,Breached,4291.7,6.2,1.49
FUL-007290,ORD-007290,2023-10-07,2023-10-09,2023-10-13,WH-REG-04,Delhivery Express,REG-04,6.2,5,Breached,1326.35,9.3,0.22
FUL-000460,ORD-000460,2023-10-08,2023-10-09,2023-10-11,WH-REG-01,BlueDart Logistics,REG-01,3.6,5,Compliant,3431.57,9.2,0.25
FUL-000470,ORD-000470,2023-10-08,2023-10-09,2023-10-11,WH-REG-03,DHL Freight,REG-03,3.8,5,Compliant,3989.47,8.4,1.07
FUL-000512,ORD-000512,2023-10-08,2023-10-09,2023-10-10,WH-REG-04,BlueDart Logistics,REG-04,2.3,5,Compliant,1559.5,7.0,0.78
FUL-000658,ORD-000658,2023-10-08,2023-10-10,2023-10-14,WH-REG-03,Ecom Express,REG-03,6.7,3,Breached,1959.35,7.9,0.42
FUL-001975,ORD-001975,2023-10-08,2023-10-09,2023-10-12,WH-REG-01,FedEx Supply,REG-01,4.4,5,Compliant,2455.37,8.7,1.78
FUL-002602,ORD-002602,2023-10-08,2023-10-09,2023-10-11,WH-REG-05,DHL Freight,REG-05,3.7,5,Compliant,2346.31,10.0,0.94
FUL-003614,ORD-003614,2023-10-08,2023-10-09,2023-10-10,WH-REG-04,FedEx Supply,REG-04,2.5,5,Compliant,1805.55,8.0,0.71
FUL-005590,ORD-005590,2023-10-08,2023-10-10,2023-10-13,WH-REG-01,BlueDart Logistics,REG-01,5.7,5,Breached,1217.5,9.4,1.66
FUL-000243,ORD-000243,2023-10-09,2023-10-10,2023-10-10,WH-REG-05,DHL Freight,REG-05,1.2,5,Compliant,3417.13,6.5,1.16
FUL-000300,ORD-000300,2023-10-09,2023-10-10,2023-10-11,WH-REG-05,Delhivery Express,REG-05,2.6,5,Compliant,1396.47,10.8,0.28
FUL-000887,ORD-000887,2023-10-09,2023-10-13,2023-10-19,WH-REG-02,Ecom Express,REG-02,10.0,5,Breached,2117.73,10.5,0.13
FUL-000964,ORD-000964,2023-10-09,2023-10-10,2023-10-10,WH-REG-02,Ecom Express,REG-02,1.8,5,Compliant,2754.59,8.4,1.11
FUL-003064,ORD-003064,2023-10-09,2023-10-11,2023-10-14,WH-REG-04,Delhivery Express,REG-04,5.1,5,Breached,3730.38,9.8,0.18
FUL-004361,ORD-004361,2023-10-09,2023-10-10,2023-10-13,WH-REG-02,FedEx Supply,REG-02,4.3,5,Compliant,4009.65,11.5,1.11
FUL-007379,ORD-007379,2023-10-09,2023-10-11,2023-10-14,WH-REG-01,DHL Freight,REG-01,5.5,5,Breached,1703.99,6.2,0.11
FUL-007581,ORD-007581,2023-10-09,2023-10-10,2023-10-13,WH-REG-01,DHL Freight,REG-01,4.4,5,Compliant,3911.99,9.0,0.18
FUL-008059,ORD-008059,2023-10-09,2023-10-10,2023-10-12,WH-REG-01,Ecom Express,REG-01,3.3,3,Breached,1763.89,10.7,0.82
FUL-001836,ORD-001836,2023-10-10,2023-10-11,2023-10-12,WH-REG-05,FedEx Supply,REG-05,2.5,5,Compliant,4175.52,9.1,1.42
FUL-002394,ORD-002394,2023-10-10,2023-10-12,2023-10-15,WH-REG-05,DHL Freight,REG-05,5.1,5,Breached,3108.19,11.6,1.72
FUL-004016,ORD-004016,2023-10-10,2023-10-12,2023-10-16,WH-REG-02,Ecom Express,REG-02,6.1,5,Breached,2533.67,10.8,1.23
FUL-006974,ORD-006974,2023-10-10,2023-10-11,2023-10-11,WH-REG-02,DHL Freight,REG-02,1.5,5,Compliant,3462.1,11.5,1.31
FUL-007198,ORD-007198,2023-10-10,2023-10-12,2023-10-16,WH-REG-05,Delhivery Express,REG-05,6.5,3,Breached,994.42,10.2,1.73
FUL-002011,ORD-002011,2023-10-11,2023-10-12,2023-10-14,WH-REG-04,FedEx Supply,REG-04,3.3,5,Compliant,3228.11,5.7,1.46
FUL-005830,ORD-005830,2023-10-11,2023-10-13,2023-10-16,WH-REG-01,BlueDart Logistics,REG-01,5.2,5,Breached,2364.8,8.9,0.99
FUL-006298,ORD-006298,2023-10-11,2023-10-12,2023-10-12,WH-REG-02,Ecom Express,REG-02,1.5,5,Compliant,1847.89,10.1,0.56
FUL-006354,ORD-006354,2023-10-11,2023-10-13,2023-10-16,WH-REG-05,Delhivery Express,REG-05,5.9,5,Breached,1223.54,8.2,0.84
FUL-006889,ORD-006889,2023-10-11,2023-10-12,2023-10-13,WH-REG-05,BlueDart Logistics,REG-05,2.1,5,Compliant,1831.34,7.1,1.17
FUL-006987,ORD-006987,2023-10-11,2023-10-13,2023-10-17,WH-REG-04,BlueDart Logistics,REG-04,6.2,5,Breached,3155.54,6.2,1.74
FUL-007918,ORD-007918,2023-10-11,2023-10-13,2023-10-16,WH-REG-03,DHL Freight,REG-03,5.3,3,Breached,1555.77,6.7,0.69
FUL-007931,ORD-007931,2023-10-11,2023-10-12,2023-10-15,WH-REG-03,DHL Freight,REG-03,4.8,3,Breached,1402.42,11.7,0.23
FUL-008170,ORD-008170,2023-10-11,2023-10-15,2023-10-21,WH-REG-03,FedEx Supply,REG-03,10.5,5,Breached,4335.49,8.6,1.71
FUL-000144,ORD-000144,2023-10-12,2023-10-13,2023-10-13,WH-REG-02,FedEx Supply,REG-02,1.3,5,Compliant,1379.77,11.3,1.06
FUL-004855,ORD-004855,2023-10-12,2023-10-13,2023-10-13,WH-REG-02,FedEx Supply,REG-02,1.9,5,Compliant,3311.06,10.0,0.66
FUL-006139,ORD-006139,2023-10-12,2023-10-14,2023-10-18,WH-REG-02,DHL Freight,REG-02,6.5,5,Breached,2338.32,6.3,1.2
FUL-007187,ORD-007187,2023-10-12,2023-10-14,2023-10-17,WH-REG-01,Delhivery Express,REG-01,5.9,5,Breached,982.35,11.0,0.64
FUL-008373,ORD-008373,2023-10-12,2023-10-13,2023-10-15,WH-REG-05,FedEx Supply,REG-05,3.1,5,Compliant,3586.08,8.6,0.45
FUL-008481,ORD-008481,2023-10-12,2023-10-13,2023-10-14,WH-REG-01,FedEx Supply,REG-01,2.3,3,Compliant,1594.46,11.3,0.83
FUL-000603,ORD-000603,2023-10-13,2023-10-15,2023-10-19,WH-REG-05,DHL Freight,REG-05,6.0,5,Breached,4149.7,6.9,1.09
FUL-001756,ORD-001756,2023-10-13,2023-10-14,2023-10-17,WH-REG-05,FedEx Supply,REG-05,4.7,3,Breached,1893.95,7.4,0.35
FUL-002164,ORD-002164,2023-10-13,2023-10-15,2023-10-19,WH-REG-02,Ecom Express,REG-02,6.3,5,Breached,3362.24,5.6,0.98
FUL-002344,ORD-002344,2023-10-13,2023-10-14,2023-10-14,WH-REG-04,DHL Freight,REG-04,1.6,5,Compliant,2626.77,10.0,1.69
FUL-002560,ORD-002560,2023-10-13,2023-10-14,2023-10-17,WH-REG-01,BlueDart Logistics,REG-01,4.3,5,Compliant,2995.78,6.9,0.44
FUL-003312,ORD-003312,2023-10-13,2023-10-15,2023-10-18,WH-REG-04,FedEx Supply,REG-04,5.5,5,Breached,3140.19,8.7,1.69
FUL-003899,ORD-003899,2023-10-13,2023-10-14,2023-10-14,WH-REG-04,BlueDart Logistics,REG-04,1.9,5,Compliant,1052.25,8.8,0.39
FUL-004249,ORD-004249,2023-10-13,2023-10-15,2023-10-19,WH-REG-02,BlueDart Logistics,REG-02,6.1,5,Breached,2783.86,7.1,1.41
FUL-004459,ORD-004459,2023-10-13,2023-10-15,2023-10-18,WH-REG-03,Ecom Express,REG-03,5.3,5,Breached,2921.0,9.1,1.46
FUL-005538,ORD-005538,2023-10-13,2023-10-14,2023-10-15,WH-REG-01,DHL Freight,REG-01,2.4,5,Compliant,1551.22,11.5,0.18
FUL-007071,ORD-007071,2023-10-13,2023-10-14,2023-10-17,WH-REG-03,BlueDart Logistics,REG-03,4.6,5,Compliant,1539.87,7.3,0.44
FUL-007978,ORD-007978,2023-10-13,2023-10-15,2023-10-19,WH-REG-02,FedEx Supply,REG-02,6.6,5,Breached,2917.82,10.2,1.35
FUL-000199,ORD-000199,2023-10-14,2023-10-16,2023-10-20,WH-REG-03,Delhivery Express,REG-03,6.5,5,Breached,3096.57,11.8,0.42
FUL-000545,ORD-000545,2023-10-14,2023-10-15,2023-10-17,WH-REG-01,Delhivery Express,REG-01,3.7,5,Compliant,1596.35,7.6,1.18
FUL-000657,ORD-000657,2023-10-14,2023-10-15,2023-10-15,WH-REG-01,Ecom Express,REG-01,1.5,5,Compliant,2855.53,10.9,1.1
FUL-001472,ORD-001472,2023-10-14,2023-10-16,2023-10-20,WH-REG-05,Ecom Express,REG-05,6.4,5,Breached,2089.33,5.9,1.35
FUL-001758,ORD-001758,2023-10-14,2023-10-15,2023-10-18,WH-REG-01,Ecom Express,REG-01,4.2,5,Compliant,3094.92,7.7,0.12
FUL-002173,ORD-002173,2023-10-14,2023-10-15,2023-10-16,WH-REG-01,DHL Freight,REG-01,2.7,3,Compliant,3936.63,8.5,1.58
FUL-002242,ORD-002242,2023-10-14,2023-10-15,2023-10-15,WH-REG-05,BlueDart Logistics,REG-05,1.4,5,Compliant,1919.58,10.7,0.07
FUL-004286,ORD-004286,2023-10-14,2023-10-15,2023-10-15,WH-REG-02,DHL Freight,REG-02,1.5,3,Compliant,2786.08,11.8,1.13
FUL-004888,ORD-004888,2023-10-14,2023-10-16,2023-10-20,WH-REG-02,Ecom Express,REG-02,6.2,5,Breached,3053.81,11.4,1.12
FUL-005793,ORD-005793,2023-10-14,2023-10-15,2023-10-17,WH-REG-05,FedEx Supply,REG-05,3.7,5,Compliant,3169.8,10.5,0.82
FUL-000422,ORD-000422,2023-10-15,2023-10-17,2023-10-21,WH-REG-03,Ecom Express,REG-03,6.1,5,Breached,4243.72,10.6,1.4
FUL-001225,ORD-001225,2023-10-15,2023-10-19,2023-10-26,WH-REG-04,BlueDart Logistics,REG-04,11.6,5,Breached,2418.94,7.3,0.02
FUL-002410,ORD-002410,2023-10-15,2023-10-16,2023-10-19,WH-REG-04,BlueDart Logistics,REG-04,4.5,3,Breached,2649.96,5.6,1.02
FUL-002574,ORD-002574,2023-10-15,2023-10-16,2023-10-18,WH-REG-01,FedEx Supply,REG-01,3.7,5,Compliant,3311.61,5.6,0.39
FUL-004569,ORD-004569,2023-10-15,2023-10-17,2023-10-20,WH-REG-04,BlueDart Logistics,REG-04,5.3,3,Breached,1104.12,8.2,0.41
FUL-006885,ORD-006885,2023-10-15,2023-10-17,2023-10-21,WH-REG-01,Delhivery Express,REG-01,6.3,5,Breached,2749.19,9.2,0.13
FUL-008180,ORD-008180,2023-10-15,2023-10-16,2023-10-17,WH-REG-01,Delhivery Express,REG-01,2.0,5,Compliant,1276.61,8.8,1.48
FUL-000990,ORD-000990,2023-10-16,2023-10-17,2023-10-20,WH-REG-01,DHL Freight,REG-01,4.7,5,Compliant,1098.25,11.1,0.73
FUL-001006,ORD-001006,2023-10-16,2023-10-17,2023-10-17,WH-REG-01,DHL Freight,REG-01,1.3,5,Compliant,1141.31,7.6,1.36
FUL-001338,ORD-001338,2023-10-16,2023-10-17,2023-10-18,WH-REG-03,DHL Freight,REG-03,2.1,5,Compliant,4222.66,10.3,1.0
FUL-002917,ORD-002917,2023-10-16,2023-10-17,2023-10-19,WH-REG-04,FedEx Supply,REG-04,3.2,5,Compliant,3499.93,8.8,1.02
FUL-003821,ORD-003821,2023-10-16,2023-10-17,2023-10-20,WH-REG-01,BlueDart Logistics,REG-01,4.7,5,Compliant,2124.92,7.5,1.31
FUL-004195,ORD-004195,2023-10-16,2023-10-17,2023-10-18,WH-REG-02,FedEx Supply,REG-02,2.4,5,Compliant,1893.54,10.9,0.33
FUL-004461,ORD-004461,2023-10-16,2023-10-17,2023-10-17,WH-REG-03,Delhivery Express,REG-03,1.4,5,Compliant,3656.52,9.5,0.85
FUL-004636,ORD-004636,2023-10-16,2023-10-17,2023-10-18,WH-REG-02,Delhivery Express,REG-02,2.7,5,Compliant,1111.06,9.8,0.4
FUL-004773,ORD-004773,2023-10-16,2023-10-18,2023-10-22,WH-REG-05,DHL Freight,REG-05,6.6,5,Breached,2509.74,9.8,0.54
FUL-006067,ORD-006067,2023-10-16,2023-10-18,2023-10-21,WH-REG-02,FedEx Supply,REG-02,5.9,5,Breached,3094.19,10.2,0.24
FUL-006162,ORD-006162,2023-10-16,2023-10-17,2023-10-20,WH-REG-01,Ecom Express,REG-01,4.4,5,Compliant,2858.32,10.1,0.05
FUL-000572,ORD-000572,2023-10-17,2023-10-18,2023-10-20,WH-REG-04,Delhivery Express,REG-04,3.9,5,Compliant,4033.62,8.6,0.81
FUL-001424,ORD-001424,2023-10-17,2023-10-19,2023-10-22,WH-REG-05,Delhivery Express,REG-05,5.3,3,Breached,1578.48,8.9,1.37
FUL-002045,ORD-002045,2023-10-17,2023-10-18,2023-10-18,WH-REG-03,DHL Freight,REG-03,1.8,5,Compliant,1252.31,6.8,1.01
FUL-002483,ORD-002483,2023-10-17,2023-10-19,2023-10-22,WH-REG-04,Ecom Express,REG-04,5.9,5,Breached,1228.56,6.1,0.89
FUL-002598,ORD-002598,2023-10-17,2023-10-18,2023-10-19,WH-REG-05,FedEx Supply,REG-05,2.1,3,Compliant,2020.49,8.4,0.34
FUL-003577,ORD-003577,2023-10-17,2023-10-18,2023-10-19,WH-REG-01,Ecom Express,REG-01,2.4,5,Compliant,1110.91,10.1,0.21
FUL-003623,ORD-003623,2023-10-17,2023-10-19,2023-10-23,WH-REG-01,Delhivery Express,REG-01,6.1,5,Breached,3150.26,10.6,0.85
FUL-003964,ORD-003964,2023-10-17,2023-10-18,2023-10-19,WH-REG-05,BlueDart Logistics,REG-05,2.9,5,Compliant,934.38,9.3,0.59
FUL-005430,ORD-005430,2023-10-17,2023-10-18,2023-10-21,WH-REG-05,DHL Freight,REG-05,4.6,5,Compliant,1152.18,6.6,0.61
FUL-000072,ORD-000072,2023-10-18,2023-10-21,2023-10-26,WH-REG-03,Ecom Express,REG-03,8.0,3,Breached,2437.19,5.8,0.61
FUL-000674,ORD-000674,2023-10-18,2023-10-20,2023-10-23,WH-REG-01,FedEx Supply,REG-01,5.5,5,Breached,1505.17,5.5,1.7
FUL-001157,ORD-001157,2023-10-18,2023-10-19,2023-10-22,WH-REG-05,DHL Freight,REG-05,4.2,3,Breached,2116.5,6.5,0.29
FUL-001280,ORD-001280,2023-10-18,2023-10-20,2023-10-25,WH-REG-05,FedEx Supply,REG-05,7.4,3,Breached,1390.61,11.4,0.5
FUL-001404,ORD-001404,2023-10-18,2023-10-19,2023-10-20,WH-REG-03,BlueDart Logistics,REG-03,2.7,5,Compliant,4431.6,11.9,0.53
FUL-001751,ORD-001751,2023-10-18,2023-10-20,2023-10-24,WH-REG-01,BlueDart Logistics,REG-01,6.8,5,Breached,2611.38,5.6,0.53
FUL-001856,ORD-001856,2023-10-18,2023-10-19,2023-10-20,WH-REG-01,Ecom Express,REG-01,2.5,5,Compliant,3938.02,11.3,0.95
FUL-005615,ORD-005615,2023-10-18,2023-10-20,2023-10-23,WH-REG-05,Ecom Express,REG-05,5.0,5,Compliant,2029.1,9.2,0.12
FUL-006601,ORD-006601,2023-10-18,2023-10-19,2023-10-21,WH-REG-01,Delhivery Express,REG-01,3.3,5,Compliant,3263.85,6.1,0.55
FUL-007458,ORD-007458,2023-10-18,2023-10-19,2023-10-22,WH-REG-03,Delhivery Express,REG-03,4.5,3,Breached,4231.59,8.7,0.05
FUL-007687,ORD-007687,2023-10-18,2023-10-20,2023-10-24,WH-REG-01,FedEx Supply,REG-01,6.3,5,Breached,2160.1,10.1,0.21
FUL-001046,ORD-001046,2023-10-19,2023-10-21,2023-10-25,WH-REG-03,DHL Freight,REG-03,6.2,3,Breached,1346.43,9.4,0.94
FUL-002991,ORD-002991,2023-10-19,2023-10-20,2023-10-23,WH-REG-04,DHL Freight,REG-04,4.4,5,Compliant,1550.56,6.6,1.0
FUL-003722,ORD-003722,2023-10-19,2023-10-20,2023-10-23,WH-REG-05,FedEx Supply,REG-05,4.1,3,Breached,1363.39,5.6,0.91
FUL-006775,ORD-006775,2023-10-19,2023-10-20,2023-10-22,WH-REG-02,DHL Freight,REG-02,3.2,5,Compliant,2594.12,11.0,0.5
FUL-007592,ORD-007592,2023-10-19,2023-10-20,2023-10-21,WH-REG-01,BlueDart Logistics,REG-01,2.4,5,Compliant,2376.42,10.0,1.14
FUL-000084,ORD-000084,2023-10-20,2023-10-21,2023-10-21,WH-REG-05,Ecom Express,REG-05,1.9,5,Compliant,2410.03,5.6,0.56
FUL-000616,ORD-000616,2023-10-20,2023-10-22,2023-10-25,WH-REG-02,Ecom Express,REG-02,5.3,5,Breached,1272.46,6.9,0.05
FUL-001148,ORD-001148,2023-10-20,2023-10-22,2023-10-26,WH-REG-05,BlueDart Logistics,REG-05,6.6,5,Breached,4273.47,8.5,1.26
FUL-002360,ORD-002360,2023-10-20,2023-10-22,2023-10-25,WH-REG-03,BlueDart Logistics,REG-03,5.0,5,Compliant,2086.23,7.4,1.12
FUL-002396,ORD-002396,2023-10-20,2023-10-22,2023-10-26,WH-REG-01,FedEx Supply,REG-01,6.2,5,Breached,2880.63,5.6,0.6
FUL-003212,ORD-003212,2023-10-20,2023-10-21,2023-10-22,WH-REG-05,DHL Freight,REG-05,2.1,5,Compliant,2942.66,11.1,0.05
FUL-004603,ORD-004603,2023-10-20,2023-10-22,2023-10-25,WH-REG-02,Ecom Express,REG-02,5.6,5,Breached,1939.26,10.5,0.24
FUL-005661,ORD-005661,2023-10-20,2023-10-22,2023-10-25,WH-REG-03,BlueDart Logistics,REG-03,5.2,5,Breached,1422.19,9.1,1.46
FUL-000183,ORD-000183,2023-10-21,2023-10-23,2023-10-27,WH-REG-03,Delhivery Express,REG-03,6.0,5,Breached,1356.74,10.5,0.18
FUL-001415,ORD-001415,2023-10-21,2023-10-23,2023-10-26,WH-REG-01,Delhivery Express,REG-01,5.6,5,Breached,1576.74,10.1,1.09
FUL-003571,ORD-003571,2023-10-21,2023-10-23,2023-10-27,WH-REG-01,DHL Freight,REG-01,6.0,5,Breached,2129.4,8.8,1.48
FUL-007436,ORD-007436,2023-10-21,2023-10-23,2023-10-26,WH-REG-03,FedEx Supply,REG-03,5.5,3,Breached,4189.88,10.6,1.27
FUL-007631,ORD-007631,2023-10-21,2023-10-22,2023-10-25,WH-REG-03,Ecom Express,REG-03,4.6,3,Breached,3797.7,7.0,0.64
FUL-000654,ORD-000654,2023-10-22,2023-10-23,2023-10-24,WH-REG-02,Ecom Express,REG-02,2.5,5,Compliant,4172.17,7.1,1.25
FUL-000685,ORD-000685,2023-10-22,2023-10-24,2023-10-27,WH-REG-01,Delhivery Express,REG-01,5.6,5,Breached,4488.8,10.9,0.85
FUL-000769,ORD-000769,2023-10-22,2023-10-23,2023-10-24,WH-REG-04,FedEx Supply,REG-04,2.6,5,Compliant,2925.7,5.5,1.24
FUL-002003,ORD-002003,2023-10-22,2023-10-24,2023-10-28,WH-REG-05,Delhivery Express,REG-05,6.4,5,Breached,1377.42,8.4,1.22
FUL-002406,ORD-002406,2023-10-22,2023-10-23,2023-10-26,WH-REG-04,BlueDart Logistics,REG-04,4.9,5,Compliant,3823.91,8.9,1.25
FUL-003559,ORD-003559,2023-10-22,2023-10-23,2023-10-26,WH-REG-01,Ecom Express,REG-01,4.6,5,Compliant,1066.08,9.9,0.33
FUL-004400,ORD-004400,2023-10-22,2023-10-23,2023-10-23,WH-REG-04,DHL Freight,REG-04,1.4,5,Compliant,1357.14,10.4,0.76
FUL-005098,ORD-005098,2023-10-22,2023-10-24,2023-10-27,WH-REG-05,BlueDart Logistics,REG-05,5.4,5,Breached,1248.74,10.7,0.04
FUL-006471,ORD-006471,2023-10-22,2023-10-24,2023-10-28,WH-REG-05,Ecom Express,REG-05,6.3,5,Breached,2579.86,7.7,1.16
FUL-007088,ORD-007088,2023-10-22,2023-10-23,2023-10-24,WH-REG-05,Delhivery Express,REG-05,2.6,5,Compliant,3275.75,6.8,0.87
FUL-007152,ORD-007152,2023-10-22,2023-10-24,2023-10-27,WH-REG-03,DHL Freight,REG-03,5.3,5,Breached,2464.18,11.9,0.6
FUL-007648,ORD-007648,2023-10-22,2023-10-23,2023-10-24,WH-REG-05,DHL Freight,REG-05,2.1,5,Compliant,3476.95,10.8,1.69
FUL-007728,ORD-007728,2023-10-22,2023-10-24,2023-10-27,WH-REG-02,FedEx Supply,REG-02,5.1,5,Breached,3047.4,10.3,0.79
FUL-000034,ORD-000034,2023-10-23,2023-10-25,2023-10-28,WH-REG-02,Delhivery Express,REG-02,5.3,3,Breached,1043.51,9.0,1.71
FUL-001512,ORD-001512,2023-10-23,2023-10-25,2023-10-29,WH-REG-04,Ecom Express,REG-04,6.1,3,Breached,1151.6,11.2,0.1
FUL-001534,ORD-001534,2023-10-23,2023-10-25,2023-10-29,WH-REG-02,BlueDart Logistics,REG-02,6.3,5,Breached,2051.27,8.4,0.24
FUL-001599,ORD-001599,2023-10-23,2023-10-24,2023-10-27,WH-REG-05,FedEx Supply,REG-05,4.8,5,Compliant,885.64,11.5,0.04
FUL-002100,ORD-002100,2023-10-23,2023-10-24,2023-10-25,WH-REG-02,BlueDart Logistics,REG-02,2.2,5,Compliant,3938.47,9.1,1.39
FUL-003731,ORD-003731,2023-10-23,2023-10-25,2023-10-29,WH-REG-03,FedEx Supply,REG-03,6.5,5,Breached,4065.86,8.6,0.23
FUL-004074,ORD-004074,2023-10-23,2023-10-24,2023-10-25,WH-REG-02,BlueDart Logistics,REG-02,2.6,3,Compliant,1699.97,9.9,1.3
FUL-005157,ORD-005157,2023-10-23,2023-10-24,2023-10-27,WH-REG-03,DHL Freight,REG-03,4.9,3,Breached,3789.44,7.6,0.78
FUL-008134,ORD-008134,2023-10-23,2023-10-24,2023-10-26,WH-REG-03,BlueDart Logistics,REG-03,3.6,5,Compliant,2636.25,6.9,1.06
FUL-000500,ORD-000500,2023-10-24,2023-10-25,2023-10-25,WH-REG-05,Ecom Express,REG-05,1.4,5,Compliant,1154.09,7.8,0.63
FUL-000895,ORD-000895,2023-10-24,2023-10-25,2023-10-27,WH-REG-02,BlueDart Logistics,REG-02,3.3,5,Compliant,1796.9,11.2,0.93
FUL-001004,ORD-001004,2023-10-24,2023-10-26,2023-10-30,WH-REG-03,Delhivery Express,REG-03,6.2,5,Breached,4123.68,10.8,0.18
FUL-002587,ORD-002587,2023-10-24,2023-10-25,2023-10-26,WH-REG-05,DHL Freight,REG-05,2.8,5,Compliant,931.33,8.6,1.5
FUL-006026,ORD-006026,2023-10-24,2023-10-25,2023-10-26,WH-REG-02,Delhivery Express,REG-02,2.6,5,Compliant,1590.5,7.1,1.6
FUL-006038,ORD-006038,2023-10-24,2023-10-25,2023-10-26,WH-REG-03,Delhivery Express,REG-03,2.3,5,Compliant,3622.79,11.5,0.72
FUL-007304,ORD-007304,2023-10-24,2023-10-26,2023-10-29,WH-REG-01,BlueDart Logistics,REG-01,5.1,5,Breached,2258.43,11.4,0.73
FUL-008347,ORD-008347,2023-10-24,2023-10-25,2023-10-25,WH-REG-02,Delhivery Express,REG-02,1.9,5,Compliant,2184.07,7.7,0.9
FUL-001189,ORD-001189,2023-10-25,2023-10-27,2023-10-31,WH-REG-03,BlueDart Logistics,REG-03,6.5,5,Breached,2198.5,11.5,1.08
FUL-001949,ORD-001949,2023-10-25,2023-10-26,2023-10-29,WH-REG-04,Delhivery Express,REG-04,4.5,5,Compliant,2811.38,6.4,0.51
FUL-003628,ORD-003628,2023-10-25,2023-10-27,2023-10-30,WH-REG-03,Delhivery Express,REG-03,5.3,5,Breached,3003.73,6.8,1.71
FUL-004127,ORD-004127,2023-10-25,2023-10-26,2023-10-27,WH-REG-03,FedEx Supply,REG-03,2.0,5,Compliant,2984.76,6.9,0.28
FUL-004401,ORD-004401,2023-10-25,2023-10-26,2023-10-27,WH-REG-05,FedEx Supply,REG-05,2.6,5,Compliant,873.36,5.6,0.2
FUL-005802,ORD-005802,2023-10-25,2023-10-27,2023-10-31,WH-REG-01,FedEx Supply,REG-01,6.8,5,Breached,4010.5,9.5,1.64
FUL-008064,ORD-008064,2023-10-25,2023-10-26,2023-10-26,WH-REG-05,BlueDart Logistics,REG-05,1.6,5,Compliant,2505.17,6.6,1.41
FUL-000297,ORD-000297,2023-10-26,2023-10-28,2023-11-01,WH-REG-03,DHL Freight,REG-03,6.7,5,Breached,3606.48,9.0,0.73
FUL-000372,ORD-000372,2023-10-26,2023-10-28,2023-10-31,WH-REG-03,BlueDart Logistics,REG-03,5.6,5,Breached,2085.37,11.4,1.24
FUL-000643,ORD-000643,2023-10-26,2023-10-27,2023-10-27,WH-REG-03,BlueDart Logistics,REG-03,1.3,3,Compliant,2721.77,7.8,0.73
FUL-002291,ORD-002291,2023-10-26,2023-10-27,2023-10-28,WH-REG-04,BlueDart Logistics,REG-04,2.2,3,Compliant,1339.71,7.2,0.36
FUL-002320,ORD-002320,2023-10-26,2023-10-28,2023-10-31,WH-REG-04,DHL Freight,REG-04,5.0,5,Compliant,1018.36,8.4,0.02
FUL-004078,ORD-004078,2023-10-26,2023-10-28,2023-11-01,WH-REG-04,FedEx Supply,REG-04,6.7,5,Breached,4345.17,7.8,1.36
FUL-000185,ORD-000185,2023-10-27,2023-10-29,2023-11-01,WH-REG-03,BlueDart Logistics,REG-03,5.1,5,Breached,3645.71,8.5,1.25
FUL-002612,ORD-002612,2023-10-27,2023-10-29,2023-11-01,WH-REG-03,DHL Freight,REG-03,5.9,5,Breached,1464.57,10.0,0.71
FUL-002834,ORD-002834,2023-10-27,2023-10-28,2023-10-30,WH-REG-05,DHL Freight,REG-05,3.5,3,Breached,2856.08,6.3,1.74
FUL-004941,ORD-004941,2023-10-27,2023-10-29,2023-11-01,WH-REG-05,BlueDart Logistics,REG-05,5.9,5,Breached,4444.8,10.5,0.89
FUL-005312,ORD-005312,2023-10-27,2023-10-29,2023-11-02,WH-REG-02,DHL Freight,REG-02,6.0,5,Breached,3718.43,9.5,0.1
FUL-005432,ORD-005432,2023-10-27,2023-10-28,2023-10-30,WH-REG-05,BlueDart Logistics,REG-05,3.4,5,Compliant,3195.5,10.9,0.3
FUL-006936,ORD-006936,2023-10-27,2023-10-29,2023-11-02,WH-REG-05,Ecom Express,REG-05,6.5,5,Breached,1167.01,8.3,1.19
FUL-007347,ORD-007347,2023-10-27,2023-10-28,2023-10-31,WH-REG-01,Delhivery Express,REG-01,4.7,5,Compliant,3290.06,6.7,0.22
FUL-000628,ORD-000628,2023-10-28,2023-10-29,2023-10-30,WH-REG-01,Delhivery Express,REG-01,2.6,5,Compliant,3668.08,8.6,0.48
FUL-000684,ORD-000684,2023-10-28,2023-10-29,2023-10-30,WH-REG-03,Ecom Express,REG-03,2.4,5,Compliant,1713.98,10.2,0.61
FUL-001130,ORD-001130,2023-10-28,2023-10-29,2023-11-01,WH-REG-04,Delhivery Express,REG-04,4.7,5,Compliant,2260.4,6.5,1.19
FUL-001619,ORD-001619,2023-10-28,2023-10-29,2023-10-30,WH-REG-01,DHL Freight,REG-01,2.3,5,Compliant,1244.89,7.0,1.64
FUL-001792,ORD-001792,2023-10-28,2023-10-29,2023-10-30,WH-REG-03,BlueDart Logistics,REG-03,2.3,5,Compliant,2495.18,7.5,1.75
FUL-002754,ORD-002754,2023-10-28,2023-10-30,2023-11-02,WH-REG-04,FedEx Supply,REG-04,5.8,5,Breached,3925.46,10.5,0.12
FUL-003423,ORD-003423,2023-10-28,2023-10-29,2023-10-31,WH-REG-03,BlueDart Logistics,REG-03,3.4,5,Compliant,1689.93,7.6,0.75
FUL-003969,ORD-003969,2023-10-28,2023-10-29,2023-10-31,WH-REG-05,Delhivery Express,REG-05,3.7,5,Compliant,4321.02,8.5,1.67
FUL-004138,ORD-004138,2023-10-28,2023-10-29,2023-10-29,WH-REG-03,BlueDart Logistics,REG-03,1.8,5,Compliant,3529.98,9.8,1.05
FUL-004240,ORD-004240,2023-10-28,2023-10-30,2023-11-02,WH-REG-01,DHL Freight,REG-01,5.5,5,Breached,1957.53,6.2,0.01
FUL-005890,ORD-005890,2023-10-28,2023-10-29,2023-10-31,WH-REG-05,BlueDart Logistics,REG-05,3.2,3,Breached,1463.01,11.3,0.04
FUL-006532,ORD-006532,2023-10-28,2023-10-30,2023-11-02,WH-REG-03,DHL Freight,REG-03,5.3,5,Breached,2230.35,9.5,1.42
FUL-007331,ORD-007331,2023-10-28,2023-10-30,2023-11-02,WH-REG-03,DHL Freight,REG-03,5.5,5,Breached,2139.7,6.8,0.44
FUL-000639,ORD-000639,2023-10-29,2023-10-30,2023-10-31,WH-REG-04,Delhivery Express,REG-04,2.3,5,Compliant,2452.21,7.5,1.13
FUL-001702,ORD-001702,2023-10-29,2023-10-30,2023-10-30,WH-REG-03,DHL Freight,REG-03,1.3,3,Compliant,996.0,6.7,0.8
FUL-002235,ORD-002235,2023-10-29,2023-10-30,2023-10-31,WH-REG-05,FedEx Supply,REG-05,2.6,3,Compliant,1812.68,7.5,0.49
FUL-002752,ORD-002752,2023-10-29,2023-10-30,2023-11-01,WH-REG-01,Delhivery Express,REG-01,3.9,5,Compliant,2601.48,9.0,1.5
FUL-004725,ORD-004725,2023-10-29,2023-10-30,2023-10-31,WH-REG-01,BlueDart Logistics,REG-01,2.2,3,Compliant,1058.46,9.9,1.1
FUL-005594,ORD-005594,2023-10-29,2023-10-30,2023-10-31,WH-REG-01,FedEx Supply,REG-01,2.1,5,Compliant,1413.86,8.9,1.72
FUL-005917,ORD-005917,2023-10-29,2023-10-30,2023-11-01,WH-REG-03,FedEx Supply,REG-03,3.1,5,Compliant,2310.77,5.9,1.57
FUL-007133,ORD-007133,2023-10-29,2023-10-30,2023-11-01,WH-REG-03,FedEx Supply,REG-03,3.9,3,Breached,2527.41,6.1,1.48
FUL-008228,ORD-008228,2023-10-29,2023-10-31,2023-11-03,WH-REG-04,Delhivery Express,REG-04,5.6,5,Breached,4442.61,6.7,0.83
FUL-001163,ORD-001163,2023-10-30,2023-11-01,2023-11-05,WH-REG-02,BlueDart Logistics,REG-02,6.4,3,Breached,2280.39,6.0,0.97
FUL-006368,ORD-006368,2023-10-30,2023-10-31,2023-10-31,WH-REG-02,BlueDart Logistics,REG-02,1.2,5,Compliant,1227.11,10.4,0.35
FUL-008456,ORD-008456,2023-10-30,2023-11-01,2023-11-05,WH-REG-05,Delhivery Express,REG-05,6.0,5,Breached,2881.37,10.2,0.08
FUL-001292,ORD-001292,2023-10-31,2023-11-02,2023-11-06,WH-REG-01,DHL Freight,REG-01,6.2,5,Breached,2338.63,11.7,1.42
FUL-003845,ORD-003845,2023-10-31,2023-11-01,2023-11-01,WH-REG-05,FedEx Supply,REG-05,1.7,5,Compliant,1362.05,10.8,0.98
FUL-005641,ORD-005641,2023-10-31,2023-11-01,2023-11-02,WH-REG-01,Ecom Express,REG-01,2.7,3,Compliant,2270.07,7.8,0.05
FUL-005773,ORD-005773,2023-10-31,2023-11-01,2023-11-02,WH-REG-03,Ecom Express,REG-03,2.1,3,Compliant,3521.08,6.8,1.39
FUL-007165,ORD-007165,2023-10-31,2023-11-01,2023-11-03,WH-REG-03,FedEx Supply,REG-03,3.9,5,Compliant,4092.09,8.9,0.62
FUL-002184,ORD-002184,2023-11-01,2023-11-02,2023-11-03,WH-REG-05,Delhivery Express,REG-05,2.3,3,Compliant,3402.35,7.8,0.2
FUL-002380,ORD-002380,2023-11-01,2023-11-03,2023-11-07,WH-REG-05,DHL Freight,REG-05,6.3,5,Breached,1706.84,9.3,0.98
FUL-002713,ORD-002713,2023-11-01,2023-11-02,2023-11-04,WH-REG-05,Delhivery Express,REG-05,3.8,5,Compliant,3651.0,8.2,1.16
FUL-003463,ORD-003463,2023-11-01,2023-11-03,2023-11-06,WH-REG-05,DHL Freight,REG-05,5.2,5,Breached,4086.3,6.8,0.82
FUL-003857,ORD-003857,2023-11-01,2023-11-03,2023-11-06,WH-REG-03,Ecom Express,REG-03,5.3,5,Breached,2248.02,5.7,0.94
FUL-004683,ORD-004683,2023-11-01,2023-11-02,2023-11-04,WH-REG-01,Ecom Express,REG-01,3.0,5,Compliant,3254.2,7.8,0.73
FUL-005509,ORD-005509,2023-11-01,2023-11-03,2023-11-07,WH-REG-03,BlueDart Logistics,REG-03,6.4,5,Breached,1646.88,9.6,1.24
FUL-005555,ORD-005555,2023-11-01,2023-11-02,2023-11-04,WH-REG-03,Ecom Express,REG-03,3.9,3,Breached,2231.93,11.1,0.48
FUL-006264,ORD-006264,2023-11-01,2023-11-02,2023-11-02,WH-REG-04,Ecom Express,REG-04,1.3,5,Compliant,4235.79,8.8,1.17
FUL-007486,ORD-007486,2023-11-01,2023-11-02,2023-11-05,WH-REG-05,Delhivery Express,REG-05,4.9,5,Compliant,4219.03,5.5,0.22
FUL-000164,ORD-000164,2023-11-02,2023-11-04,2023-11-07,WH-REG-02,Delhivery Express,REG-02,5.7,3,Breached,2800.83,11.0,0.58
FUL-000645,ORD-000645,2023-11-02,2023-11-03,2023-11-06,WH-REG-03,FedEx Supply,REG-03,4.8,5,Compliant,2759.8,7.0,1.25
FUL-003204,ORD-003204,2023-11-02,2023-11-03,2023-11-05,WH-REG-01,Delhivery Express,REG-01,3.3,5,Compliant,4406.67,11.5,0.44
FUL-004340,ORD-004340,2023-11-02,2023-11-03,2023-11-04,WH-REG-03,Ecom Express,REG-03,2.2,5,Compliant,3866.95,10.0,0.79
FUL-004479,ORD-004479,2023-11-02,2023-11-03,2023-11-05,WH-REG-05,BlueDart Logistics,REG-05,3.4,5,Compliant,866.26,11.2,1.11
FUL-005076,ORD-005076,2023-11-02,2023-11-04,2023-11-07,WH-REG-05,DHL Freight,REG-05,5.3,5,Breached,4031.23,6.1,1.75
FUL-005349,ORD-005349,2023-11-02,2023-11-04,2023-11-07,WH-REG-03,Ecom Express,REG-03,5.2,5,Breached,3756.39,10.1,1.64
FUL-007641,ORD-007641,2023-11-02,2023-11-03,2023-11-06,WH-REG-01,DHL Freight,REG-01,4.8,5,Compliant,3495.35,10.3,0.44
FUL-000803,ORD-000803,2023-11-03,2023-11-04,2023-11-06,WH-REG-05,DHL Freight,REG-05,3.9,5,Compliant,2309.19,7.2,0.61
FUL-001076,ORD-001076,2023-11-03,2023-11-04,2023-11-04,WH-REG-05,BlueDart Logistics,REG-05,1.7,5,Compliant,3522.98,6.0,0.39
FUL-001305,ORD-001305,2023-11-03,2023-11-04,2023-11-04,WH-REG-02,Delhivery Express,REG-02,1.3,3,Compliant,4030.19,6.2,0.3
FUL-003415,ORD-003415,2023-11-03,2023-11-05,2023-11-09,WH-REG-04,Delhivery Express,REG-04,6.5,3,Breached,3291.54,9.5,1.13
FUL-005863,ORD-005863,2023-11-03,2023-11-05,2023-11-09,WH-REG-02,Delhivery Express,REG-02,6.8,5,Breached,3259.8,11.9,0.44
FUL-006815,ORD-006815,2023-11-03,2023-11-04,2023-11-07,WH-REG-02,BlueDart Logistics,REG-02,4.6,5,Compliant,2291.85,8.3,0.58
FUL-007685,ORD-007685,2023-11-03,2023-11-04,2023-11-05,WH-REG-03,Delhivery Express,REG-03,2.6,5,Compliant,3700.31,6.4,1.57
FUL-008342,ORD-008342,2023-11-03,2023-11-04,2023-11-07,WH-REG-02,Delhivery Express,REG-02,4.5,3,Breached,4034.3,11.3,0.76
FUL-000329,ORD-000329,2023-11-04,2023-11-06,2023-11-09,WH-REG-05,DHL Freight,REG-05,5.8,5,Breached,4019.94,6.4,0.81
FUL-002441,ORD-002441,2023-11-04,2023-11-05,2023-11-07,WH-REG-01,DHL Freight,REG-01,3.6,5,Compliant,4232.38,6.6,1.12
FUL-002769,ORD-002769,2023-11-04,2023-11-08,2023-11-15,WH-REG-05,Ecom Express,REG-05,11.0,5,Breached,1662.16,9.6,0.85
FUL-004013,ORD-004013,2023-11-04,2023-11-05,2023-11-05,WH-REG-05,DHL Freight,REG-05,1.3,5,Compliant,4442.83,6.8,1.4
FUL-004204,ORD-004204,2023-11-04,2023-11-05,2023-11-05,WH-REG-03,FedEx Supply,REG-03,1.6,5,Compliant,3369.83,6.2,0.45
FUL-005477,ORD-005477,2023-11-04,2023-11-05,2023-11-08,WH-REG-01,Delhivery Express,REG-01,4.5,5,Compliant,1181.91,7.7,1.06
FUL-005537,ORD-005537,2023-11-04,2023-11-05,2023-11-08,WH-REG-03,FedEx Supply,REG-03,4.9,5,Compliant,4244.11,6.0,0.63
FUL-006720,ORD-006720,2023-11-04,2023-11-05,2023-11-06,WH-REG-04,FedEx Supply,REG-04,2.1,5,Compliant,3336.43,8.4,1.01
FUL-007235,ORD-007235,2023-11-04,2023-11-05,2023-11-05,WH-REG-01,FedEx Supply,REG-01,1.3,3,Compliant,4099.83,6.0,0.82
FUL-007980,ORD-007980,2023-11-04,2023-11-05,2023-11-05,WH-REG-02,Delhivery Express,REG-02,1.9,3,Compliant,1653.55,10.1,1.47
FUL-000117,ORD-000117,2023-11-05,2023-11-06,2023-11-09,WH-REG-01,BlueDart Logistics,REG-01,4.4,5,Compliant,1231.81,8.0,0.56
FUL-001177,ORD-001177,2023-11-05,2023-11-07,2023-11-11,WH-REG-04,FedEx Supply,REG-04,6.3,5,Breached,3414.12,11.0,0.59
FUL-002230,ORD-002230,2023-11-05,2023-11-06,2023-11-09,WH-REG-05,Delhivery Express,REG-05,4.4,3,Breached,1669.25,6.7,1.75
FUL-002758,ORD-002758,2023-11-05,2023-11-07,2023-11-10,WH-REG-02,Delhivery Express,REG-02,5.8,3,Breached,992.85,6.3,1.1
FUL-004951,ORD-004951,2023-11-05,2023-11-06,2023-11-06,WH-REG-05,Ecom Express,REG-05,1.6,5,Compliant,3719.95,9.6,1.1
FUL-006597,ORD-006597,2023-11-05,2023-11-06,2023-11-08,WH-REG-02,FedEx Supply,REG-02,3.1,5,Compliant,1077.61,9.9,1.57
FUL-000794,ORD-000794,2023-11-06,2023-11-07,2023-11-09,WH-REG-03,BlueDart Logistics,REG-03,3.4,5,Compliant,4282.07,5.9,1.04
FUL-001319,ORD-001319,2023-11-06,2023-11-07,2023-11-08,WH-REG-05,Delhivery Express,REG-05,2.8,5,Compliant,994.0,5.7,1.13
FUL-001750,ORD-001750,2023-11-06,2023-11-07,2023-11-09,WH-REG-04,FedEx Supply,REG-04,3.4,5,Compliant,3305.21,7.5,0.89
FUL-001907,ORD-001907,2023-11-06,2023-11-08,2023-11-12,WH-REG-04,Delhivery Express,REG-04,6.8,5,Breached,1623.09,11.9,1.53
FUL-004450,ORD-004450,2023-11-06,2023-11-07,2023-11-10,WH-REG-03,Ecom Express,REG-03,4.3,3,Breached,2660.96,11.2,0.87
FUL-004853,ORD-004853,2023-11-06,2023-11-07,2023-11-10,WH-REG-05,Delhivery Express,REG-05,4.3,3,Breached,3022.47,5.9,0.88
FUL-005269,ORD-005269,2023-11-06,2023-11-07,2023-11-08,WH-REG-03,DHL Freight,REG-03,2.4,5,Compliant,3210.69,9.0,0.23
FUL-005405,ORD-005405,2023-11-06,2023-11-08,2023-11-11,WH-REG-01,BlueDart Logistics,REG-01,5.3,5,Breached,3330.41,8.1,0.37
FUL-005757,ORD-005757,2023-11-06,2023-11-07,2023-11-10,WH-REG-01,Ecom Express,REG-01,4.0,5,Compliant,3970.76,8.7,0.36
FUL-007016,ORD-007016,2023-11-06,2023-11-08,2023-11-11,WH-REG-03,Ecom Express,REG-03,5.4,5,Breached,3458.68,9.6,0.24
FUL-007862,ORD-007862,2023-11-07,2023-11-08,2023-11-10,WH-REG-04,BlueDart Logistics,REG-04,3.0,5,Compliant,933.88,11.4,0.82
FUL-008352,ORD-008352,2023-11-07,2023-11-08,2023-11-10,WH-REG-03,Delhivery Express,REG-03,3.4,5,Compliant,2268.06,9.5,1.59
FUL-000120,ORD-000120,2023-11-08,2023-11-10,2023-11-14,WH-REG-04,Ecom Express,REG-04,6.4,5,Breached,3222.73,10.7,1.67
FUL-000400,ORD-000400,2023-11-08,2023-11-09,2023-11-09,WH-REG-04,DHL Freight,REG-04,1.9,5,Compliant,4106.71,11.6,1.13
FUL-001565,ORD-001565,2023-11-08,2023-11-10,2023-11-13,WH-REG-01,BlueDart Logistics,REG-01,5.8,5,Breached,857.91,11.3,0.04
FUL-001581,ORD-001581,2023-11-08,2023-11-09,2023-11-11,WH-REG-05,Ecom Express,REG-05,3.1,5,Compliant,3784.34,8.6,1.0
FUL-003254,ORD-003254,2023-11-08,2023-11-09,2023-11-10,WH-REG-02,DHL Freight,REG-02,2.7,3,Compliant,2491.33,8.5,0.75
FUL-003298,ORD-003298,2023-11-08,2023-11-10,2023-11-13,WH-REG-05,Delhivery Express,REG-05,5.9,5,Breached,1742.9,10.2,1.37
FUL-004237,ORD-004237,2023-11-08,2023-11-10,2023-11-13,WH-REG-04,FedEx Supply,REG-04,5.9,5,Breached,3925.49,7.0,1.32
FUL-005924,ORD-005924,2023-11-08,2023-11-09,2023-11-10,WH-REG-02,DHL Freight,REG-02,2.7,5,Compliant,2541.24,9.7,0.51
FUL-005976,ORD-005976,2023-11-08,2023-11-09,2023-11-12,WH-REG-01,Ecom Express,REG-01,4.5,5,Compliant,2971.15,11.3,0.57
FUL-007204,ORD-007204,2023-11-08,2023-11-10,2023-11-13,WH-REG-01,DHL Freight,REG-01,5.4,5,Breached,2039.87,7.4,1.03
FUL-007632,ORD-007632,2023-11-08,2023-11-09,2023-11-11,WH-REG-02,FedEx Supply,REG-02,3.3,5,Compliant,1251.95,10.7,0.71
FUL-007678,ORD-007678,2023-11-08,2023-11-09,2023-11-12,WH-REG-02,Delhivery Express,REG-02,4.8,5,Compliant,2716.76,9.9,1.62
FUL-003747,ORD-003747,2023-11-09,2023-11-10,2023-11-12,WH-REG-05,Ecom Express,REG-05,3.9,5,Compliant,3082.61,11.2,0.19
FUL-005399,ORD-005399,2023-11-09,2023-11-10,2023-11-10,WH-REG-03,DHL Freight,REG-03,1.9,5,Compliant,3374.9,8.9,0.64
FUL-007956,ORD-007956,2023-11-09,2023-11-11,2023-11-15,WH-REG-03,Delhivery Express,REG-03,6.1,5,Breached,3328.5,11.1,0.95
FUL-000099,ORD-000099,2023-11-10,2023-11-11,2023-11-12,WH-REG-04,BlueDart Logistics,REG-04,2.9,5,Compliant,4034.6,11.8,0.07
FUL-001269,ORD-001269,2023-11-10,2023-11-12,2023-11-16,WH-REG-01,FedEx Supply,REG-01,6.6,5,Breached,4333.34,11.0,1.36
FUL-002075,ORD-002075,2023-11-10,2023-11-11,2023-11-11,WH-REG-04,Ecom Express,REG-04,1.4,5,Compliant,2362.74,5.8,1.25
FUL-004622,ORD-004622,2023-11-10,2023-11-11,2023-11-14,WH-REG-03,DHL Freight,REG-03,4.2,5,Compliant,1713.2,9.8,0.68
FUL-005531,ORD-005531,2023-11-10,2023-11-11,2023-11-14,WH-REG-05,Ecom Express,REG-05,4.5,5,Compliant,3262.99,9.7,1.35
FUL-006061,ORD-006061,2023-11-10,2023-11-11,2023-11-11,WH-REG-03,DHL Freight,REG-03,1.6,5,Compliant,1279.95,6.3,0.27
FUL-007388,ORD-007388,2023-11-10,2023-11-11,2023-11-14,WH-REG-05,Ecom Express,REG-05,4.2,5,Compliant,2801.99,10.2,0.94
FUL-008265,ORD-008265,2023-11-10,2023-11-11,2023-11-13,WH-REG-04,BlueDart Logistics,REG-04,3.6,5,Compliant,2391.65,8.8,0.72
FUL-001674,ORD-001674,2023-11-11,2023-11-13,2023-11-16,WH-REG-01,FedEx Supply,REG-01,5.4,5,Breached,4060.21,11.1,1.58
FUL-002084,ORD-002084,2023-11-11,2023-11-13,2023-11-17,WH-REG-03,Ecom Express,REG-03,6.4,5,Breached,1961.53,5.9,0.56
FUL-002899,ORD-002899,2023-11-11,2023-11-12,2023-11-15,WH-REG-01,DHL Freight,REG-01,4.4,5,Compliant,2006.78,7.9,1.07
FUL-005209,ORD-005209,2023-11-11,2023-11-13,2023-11-16,WH-REG-02,DHL Freight,REG-02,5.8,5,Breached,3855.0,5.6,0.79
FUL-005938,ORD-005938,2023-11-11,2023-11-13,2023-11-17,WH-REG-03,Ecom Express,REG-03,6.5,5,Breached,1979.42,7.9,1.14
FUL-006602,ORD-006602,2023-11-11,2023-11-12,2023-11-14,WH-REG-05,Delhivery Express,REG-05,3.4,5,Compliant,2072.42,9.8,0.13
FUL-007491,ORD-007491,2023-11-11,2023-11-13,2023-11-17,WH-REG-02,Ecom Express,REG-02,6.1,5,Breached,4187.71,6.1,0.41
FUL-007769,ORD-007769,2023-11-11,2023-11-12,2023-11-12,WH-REG-05,Ecom Express,REG-05,1.8,5,Compliant,2577.32,10.9,0.07
FUL-008346,ORD-008346,2023-11-11,2023-11-13,2023-11-17,WH-REG-01,BlueDart Logistics,REG-01,6.3,5,Breached,1245.78,11.5,1.78
FUL-000141,ORD-000141,2023-11-12,2023-11-13,2023-11-15,WH-REG-05,Delhivery Express,REG-05,3.6,3,Breached,2239.68,7.8,1.23
FUL-000394,ORD-000394,2023-11-12,2023-11-14,2023-11-18,WH-REG-01,DHL Freight,REG-01,6.1,3,Breached,3564.89,9.7,1.66
FUL-001174,ORD-001174,2023-11-12,2023-11-13,2023-11-14,WH-REG-04,DHL Freight,REG-04,2.8,5,Compliant,1037.92,11.5,0.99
FUL-001192,ORD-001192,2023-11-12,2023-11-14,2023-11-18,WH-REG-04,FedEx Supply,REG-04,6.6,3,Breached,3489.58,11.2,0.24
FUL-001322,ORD-001322,2023-11-12,2023-11-14,2023-11-17,WH-REG-04,DHL Freight,REG-04,5.6,3,Breached,1804.73,9.0,0.29
FUL-001842,ORD-001842,2023-11-12,2023-11-13,2023-11-13,WH-REG-04,Ecom Express,REG-04,1.6,5,Compliant,4282.72,10.5,0.78
FUL-001984,ORD-001984,2023-11-12,2023-11-13,2023-11-15,WH-REG-05,Ecom Express,REG-05,3.9,3,Breached,2765.47,6.5,0.44
FUL-002229,ORD-002229,2023-11-12,2023-11-13,2023-11-15,WH-REG-03,Ecom Express,REG-03,3.0,5,Compliant,2862.79,10.4,1.12
FUL-002677,ORD-002677,2023-11-12,2023-11-13,2023-11-14,WH-REG-04,Delhivery Express,REG-04,2.4,5,Compliant,2970.67,7.0,1.39
FUL-002895,ORD-002895,2023-11-12,2023-11-14,2023-11-17,WH-REG-03,FedEx Supply,REG-03,5.6,5,Breached,4402.06,6.1,0.99
FUL-005747,ORD-005747,2023-11-12,2023-11-13,2023-11-13,WH-REG-03,DHL Freight,REG-03,1.8,3,Compliant,2248.82,7.7,0.79
FUL-006546,ORD-006546,2023-11-12,2023-11-14,2023-11-18,WH-REG-01,Ecom Express,REG-01,6.2,5,Breached,3594.91,9.6,1.35
FUL-007536,ORD-007536,2023-11-12,2023-11-13,2023-11-14,WH-REG-01,Delhivery Express,REG-01,2.9,5,Compliant,2333.79,6.4,0.06
FUL-007693,ORD-007693,2023-11-12,2023-11-13,2023-11-16,WH-REG-04,DHL Freight,REG-04,4.9,3,Breached,3923.49,6.1,0.13
FUL-000049,ORD-000049,2023-11-13,2023-11-14,2023-11-16,WH-REG-02,FedEx Supply,REG-02,3.5,5,Compliant,3242.06,6.2,1.72
FUL-002017,ORD-002017,2023-11-13,2023-11-15,2023-11-18,WH-REG-04,DHL Freight,REG-04,5.8,3,Breached,3098.52,9.3,1.48
FUL-002117,ORD-002117,2023-11-13,2023-11-14,2023-11-16,WH-REG-03,FedEx Supply,REG-03,3.8,5,Compliant,3726.32,7.8,0.24
FUL-003253,ORD-003253,2023-11-13,2023-11-14,2023-11-16,WH-REG-02,DHL Freight,REG-02,3.4,3,Breached,2800.05,7.5,1.64
FUL-004462,ORD-004462,2023-11-13,2023-11-14,2023-11-17,WH-REG-01,BlueDart Logistics,REG-01,4.7,5,Compliant,3985.92,10.2,1.21
FUL-006219,ORD-006219,2023-11-13,2023-11-15,2023-11-18,WH-REG-01,DHL Freight,REG-01,5.4,5,Breached,3102.06,8.3,1.47
FUL-006495,ORD-006495,2023-11-13,2023-11-15,2023-11-19,WH-REG-05,BlueDart Logistics,REG-05,6.7,5,Breached,1841.62,11.7,0.2
FUL-006504,ORD-006504,2023-11-13,2023-11-14,2023-11-17,WH-REG-01,Ecom Express,REG-01,4.4,5,Compliant,3252.84,7.2,0.14
FUL-007422,ORD-007422,2023-11-13,2023-11-14,2023-11-16,WH-REG-01,FedEx Supply,REG-01,3.0,5,Compliant,3391.57,7.2,0.71
FUL-000053,ORD-000053,2023-11-14,2023-11-16,2023-11-20,WH-REG-05,Ecom Express,REG-05,6.2,5,Breached,3835.14,8.8,0.15
FUL-000203,ORD-000203,2023-11-14,2023-11-16,2023-11-19,WH-REG-04,BlueDart Logistics,REG-04,5.8,5,Breached,2238.58,7.6,1.48
FUL-002303,ORD-002303,2023-11-14,2023-11-16,2023-11-20,WH-REG-04,Delhivery Express,REG-04,6.6,5,Breached,3032.48,6.4,1.52
FUL-003441,ORD-003441,2023-11-14,2023-11-15,2023-11-17,WH-REG-04,DHL Freight,REG-04,3.5,5,Compliant,1545.25,7.6,1.18
FUL-003491,ORD-003491,2023-11-14,2023-11-15,2023-11-16,WH-REG-02,DHL Freight,REG-02,2.2,5,Compliant,1868.42,11.2,1.47
FUL-004040,ORD-004040,2023-11-14,2023-11-15,2023-11-15,WH-REG-02,Delhivery Express,REG-02,1.9,5,Compliant,3868.34,8.5,1.11
FUL-004359,ORD-004359,2023-11-14,2023-11-15,2023-11-18,WH-REG-05,FedEx Supply,REG-05,4.4,5,Compliant,3436.07,9.7,0.5
FUL-005261,ORD-005261,2023-11-14,2023-11-15,2023-11-17,WH-REG-02,Delhivery Express,REG-02,3.7,5,Compliant,3752.54,5.6,0.93
FUL-006158,ORD-006158,2023-11-14,2023-11-16,2023-11-19,WH-REG-05,FedEx Supply,REG-05,5.6,3,Breached,1035.5,8.2,1.27
FUL-006651,ORD-006651,2023-11-14,2023-11-15,2023-11-18,WH-REG-03,Ecom Express,REG-03,4.2,3,Breached,3779.55,6.4,0.01
FUL-007109,ORD-007109,2023-11-14,2023-11-15,2023-11-17,WH-REG-04,Ecom Express,REG-04,3.5,3,Breached,3829.84,9.7,1.33
FUL-007725,ORD-007725,2023-11-14,2023-11-16,2023-11-20,WH-REG-05,Delhivery Express,REG-05,6.4,5,Breached,1024.91,8.2,1.04
FUL-001667,ORD-001667,2023-11-15,2023-11-17,2023-11-21,WH-REG-02,Ecom Express,REG-02,6.1,5,Breached,4230.6,10.7,0.29
FUL-002375,ORD-002375,2023-11-15,2023-11-16,2023-11-17,WH-REG-04,Ecom Express,REG-04,2.2,3,Compliant,3688.97,5.6,0.44
FUL-002698,ORD-002698,2023-11-15,2023-11-16,2023-11-18,WH-REG-05,Ecom Express,REG-05,3.5,5,Compliant,4163.48,12.0,0.67
FUL-007118,ORD-007118,2023-11-15,2023-11-16,2023-11-18,WH-REG-05,BlueDart Logistics,REG-05,3.7,5,Compliant,1771.11,11.9,1.68
FUL-000812,ORD-000812,2023-11-16,2023-11-18,2023-11-22,WH-REG-01,BlueDart Logistics,REG-01,6.6,5,Breached,2366.45,11.6,0.91
FUL-001858,ORD-001858,2023-11-16,2023-11-17,2023-11-18,WH-REG-03,FedEx Supply,REG-03,2.4,3,Compliant,1184.58,8.7,1.8
FUL-002266,ORD-002266,2023-11-16,2023-11-18,2023-11-21,WH-REG-02,BlueDart Logistics,REG-02,5.4,5,Breached,1930.52,10.8,1.58
FUL-002407,ORD-002407,2023-11-16,2023-11-18,2023-11-21,WH-REG-01,Delhivery Express,REG-01,5.0,3,Breached,4414.34,6.7,1.38
FUL-003394,ORD-003394,2023-11-16,2023-11-18,2023-11-21,WH-REG-05,Ecom Express,REG-05,5.0,3,Breached,1835.49,8.8,0.83
FUL-006627,ORD-006627,2023-11-16,2023-11-17,2023-11-18,WH-REG-02,BlueDart Logistics,REG-02,2.7,5,Compliant,2046.01,7.7,0.1
FUL-006703,ORD-006703,2023-11-16,2023-11-18,2023-11-21,WH-REG-03,BlueDart Logistics,REG-03,5.8,5,Breached,3179.69,8.3,0.39
FUL-008500,ORD-008500,2023-11-16,2023-11-17,2023-11-19,WH-REG-02,FedEx Supply,REG-02,3.7,5,Compliant,4125.3,10.6,0.47
FUL-000417,ORD-000417,2023-11-17,2023-11-18,2023-11-20,WH-REG-01,DHL Freight,REG-01,3.1,3,Breached,981.04,9.6,1.16
FUL-000577,ORD-000577,2023-11-17,2023-11-18,2023-11-19,WH-REG-02,Delhivery Express,REG-02,2.2,3,Compliant,2108.88,8.8,1.48
FUL-002231,ORD-002231,2023-11-17,2023-11-18,2023-11-19,WH-REG-05,Ecom Express,REG-05,2.5,3,Compliant,4475.73,11.4,0.12
FUL-003095,ORD-003095,2023-11-17,2023-11-19,2023-11-22,WH-REG-05,BlueDart Logistics,REG-05,5.9,5,Breached,2852.51,10.9,0.26
FUL-003136,ORD-003136,2023-11-17,2023-11-18,2023-11-18,WH-REG-03,Ecom Express,REG-03,1.9,5,Compliant,1633.17,10.0,0.46
FUL-003217,ORD-003217,2023-11-17,2023-11-18,2023-11-20,WH-REG-05,DHL Freight,REG-05,3.2,5,Compliant,3098.55,6.9,1.58
FUL-003388,ORD-003388,2023-11-17,2023-11-19,2023-11-22,WH-REG-02,DHL Freight,REG-02,5.6,3,Breached,2726.56,7.7,1.53
FUL-003927,ORD-003927,2023-11-17,2023-11-18,2023-11-18,WH-REG-01,Ecom Express,REG-01,1.4,5,Compliant,2631.6,6.1,1.56
FUL-005117,ORD-005117,2023-11-17,2023-11-19,2023-11-22,WH-REG-02,Ecom Express,REG-02,5.0,5,Compliant,3589.75,6.2,1.24
FUL-005884,ORD-005884,2023-11-17,2023-11-18,2023-11-21,WH-REG-05,BlueDart Logistics,REG-05,4.6,5,Compliant,2673.85,9.9,1.28
FUL-007026,ORD-007026,2023-11-17,2023-11-18,2023-11-20,WH-REG-01,DHL Freight,REG-01,3.0,5,Compliant,3983.8,7.1,0.45
FUL-008310,ORD-008310,2023-11-17,2023-11-18,2023-11-20,WH-REG-04,DHL Freight,REG-04,3.3,5,Compliant,3299.52,6.6,1.58
FUL-001327,ORD-001327,2023-11-18,2023-11-19,2023-11-20,WH-REG-05,Ecom Express,REG-05,2.1,5,Compliant,4478.09,11.2,1.68
FUL-002347,ORD-002347,2023-11-18,2023-11-20,2023-11-24,WH-REG-05,Ecom Express,REG-05,6.3,5,Breached,2622.89,10.8,0.06
FUL-002352,ORD-002352,2023-11-18,2023-11-19,2023-11-22,WH-REG-01,Delhivery Express,REG-01,4.4,5,Compliant,4163.8,8.3,0.81
FUL-003191,ORD-003191,2023-11-18,2023-11-19,2023-11-20,WH-REG-04,Delhivery Express,REG-04,2.4,5,Compliant,3303.29,7.2,1.3
FUL-004015,ORD-004015,2023-11-18,2023-11-20,2023-11-23,WH-REG-02,DHL Freight,REG-02,5.6,5,Breached,1742.2,6.1,1.34
FUL-005488,ORD-005488,2023-11-18,2023-11-20,2023-11-23,WH-REG-02,FedEx Supply,REG-02,5.8,5,Breached,1326.78,9.3,0.46
FUL-006256,ORD-006256,2023-11-18,2023-11-20,2023-11-23,WH-REG-03,BlueDart Logistics,REG-03,5.3,5,Breached,2808.45,8.2,1.18
FUL-006522,ORD-006522,2023-11-18,2023-11-19,2023-11-20,WH-REG-01,DHL Freight,REG-01,2.3,3,Compliant,1799.57,9.7,0.22
FUL-008399,ORD-008399,2023-11-18,2023-11-20,2023-11-24,WH-REG-05,Ecom Express,REG-05,6.1,5,Breached,4347.13,11.5,1.16
FUL-000295,ORD-000295,2023-11-19,2023-11-21,2023-11-24,WH-REG-01,FedEx Supply,REG-01,5.0,5,Compliant,2058.64,8.8,1.69
FUL-001153,ORD-001153,2023-11-19,2023-11-20,2023-11-20,WH-REG-03,Delhivery Express,REG-03,1.2,5,Compliant,1186.34,9.7,1.14
FUL-004665,ORD-004665,2023-11-19,2023-11-20,2023-11-23,WH-REG-01,BlueDart Logistics,REG-01,4.9,5,Compliant,2842.62,8.2,1.02
FUL-004757,ORD-004757,2023-11-19,2023-11-20,2023-11-21,WH-REG-04,Delhivery Express,REG-04,2.9,5,Compliant,1075.42,10.2,0.2
FUL-007983,ORD-007983,2023-11-19,2023-11-21,2023-11-24,WH-REG-04,FedEx Supply,REG-04,5.4,5,Breached,3477.49,7.0,0.85
FUL-005717,ORD-005717,2023-11-20,2023-11-21,2023-11-24,WH-REG-02,Ecom Express,REG-02,4.1,3,Breached,2568.58,6.7,0.87
FUL-000173,ORD-000173,2023-11-21,2023-11-22,2023-11-22,WH-REG-01,BlueDart Logistics,REG-01,1.8,5,Compliant,2867.18,8.2,1.53
FUL-000077,ORD-000077,2023-11-22,2023-11-24,2023-11-27,WH-REG-02,Delhivery Express,REG-02,5.0,5,Compliant,1901.86,7.8,0.01
FUL-000342,ORD-000342,2023-11-22,2023-11-23,2023-11-23,WH-REG-04,DHL Freight,REG-04,1.2,5,Compliant,2699.05,7.2,1.35
FUL-000529,ORD-000529,2023-11-22,2023-11-24,2023-11-27,WH-REG-04,BlueDart Logistics,REG-04,5.9,5,Breached,3687.7,6.1,1.23
FUL-001117,ORD-001117,2023-11-22,2023-11-23,2023-11-24,WH-REG-02,DHL Freight,REG-02,2.2,3,Compliant,2443.79,9.3,1.67
FUL-001953,ORD-001953,2023-11-22,2023-11-24,2023-11-27,WH-REG-03,Delhivery Express,REG-03,5.2,3,Breached,3727.69,9.0,0.87
FUL-002509,ORD-002509,2023-11-22,2023-11-23,2023-11-25,WH-REG-05,FedEx Supply,REG-05,3.5,5,Compliant,1542.13,7.1,0.81
FUL-002903,ORD-002903,2023-11-22,2023-11-23,2023-11-25,WH-REG-05,DHL Freight,REG-05,3.4,5,Compliant,3263.13,11.0,0.69
FUL-004527,ORD-004527,2023-11-22,2023-11-23,2023-11-26,WH-REG-04,FedEx Supply,REG-04,4.7,5,Compliant,1213.28,11.6,0.93
FUL-005078,ORD-005078,2023-11-22,2023-11-23,2023-11-25,WH-REG-04,FedEx Supply,REG-04,3.8,5,Compliant,3212.96,9.3,1.64
FUL-005597,ORD-005597,2023-11-22,2023-11-23,2023-11-24,WH-REG-01,FedEx Supply,REG-01,2.3,5,Compliant,935.71,6.4,1.73
FUL-005856,ORD-005856,2023-11-22,2023-11-23,2023-11-26,WH-REG-04,BlueDart Logistics,REG-04,4.3,5,Compliant,2582.7,6.5,0.65
FUL-007385,ORD-007385,2023-11-22,2023-11-24,2023-11-27,WH-REG-01,BlueDart Logistics,REG-01,5.5,5,Breached,1485.59,10.4,1.24
FUL-007421,ORD-007421,2023-11-22,2023-11-23,2023-11-26,WH-REG-04,BlueDart Logistics,REG-04,4.2,5,Compliant,3176.05,8.9,1.41
FUL-008326,ORD-008326,2023-11-22,2023-11-24,2023-11-27,WH-REG-03,BlueDart Logistics,REG-03,5.7,5,Breached,3155.93,6.2,0.43
FUL-001274,ORD-001274,2023-11-23,2023-11-25,2023-11-28,WH-REG-01,FedEx Supply,REG-01,5.2,5,Breached,2759.17,9.3,0.68
FUL-002226,ORD-002226,2023-11-23,2023-11-27,2023-12-05,WH-REG-04,BlueDart Logistics,REG-04,12.399999999999999,5,Breached,1050.69,9.3,1.25
FUL-003054,ORD-003054,2023-11-23,2023-11-25,2023-11-28,WH-REG-02,FedEx Supply,REG-02,5.6,3,Breached,1437.39,8.8,0.13
FUL-003718,ORD-003718,2023-11-23,2023-11-24,2023-11-26,WH-REG-03,DHL Freight,REG-03,3.5,5,Compliant,1960.67,8.8,0.9
FUL-004485,ORD-004485,2023-11-23,2023-11-24,2023-11-24,WH-REG-05,Delhivery Express,REG-05,1.3,5,Compliant,2305.7,11.9,1.24
FUL-006000,ORD-006000,2023-11-23,2023-11-24,2023-11-27,WH-REG-02,DHL Freight,REG-02,4.0,5,Compliant,1307.72,8.3,1.52
FUL-006128,ORD-006128,2023-11-23,2023-11-25,2023-11-29,WH-REG-04,Delhivery Express,REG-04,6.4,5,Breached,2846.97,11.8,1.06
FUL-000213,ORD-000213,2023-11-24,2023-11-25,2023-11-27,WH-REG-02,FedEx Supply,REG-02,3.1,5,Compliant,3604.71,8.5,0.78
FUL-001314,ORD-001314,2023-11-24,2023-11-25,2023-11-26,WH-REG-04,DHL Freight,REG-04,2.0,3,Compliant,2865.38,8.8,1.18
FUL-002368,ORD-002368,2023-11-24,2023-11-26,2023-11-29,WH-REG-01,FedEx Supply,REG-01,5.0,5,Compliant,3972.05,10.7,0.68
FUL-003401,ORD-003401,2023-11-24,2023-11-25,2023-11-28,WH-REG-04,Delhivery Express,REG-04,4.1,5,Compliant,3819.26,10.6,0.88
FUL-004154,ORD-004154,2023-11-24,2023-11-25,2023-11-26,WH-REG-05,Ecom Express,REG-05,2.8,3,Compliant,2404.29,6.1,1.22
FUL-004424,ORD-004424,2023-11-24,2023-11-26,2023-11-30,WH-REG-01,DHL Freight,REG-01,6.1,3,Breached,2744.23,8.2,0.47
FUL-004620,ORD-004620,2023-11-24,2023-11-26,2023-11-30,WH-REG-02,FedEx Supply,REG-02,6.2,5,Breached,2961.98,9.8,0.27
FUL-006645,ORD-006645,2023-11-24,2023-11-25,2023-11-27,WH-REG-03,Delhivery Express,REG-03,3.6,5,Compliant,1379.79,11.3,0.93
FUL-000448,ORD-000448,2023-11-25,2023-11-26,2023-11-29,WH-REG-01,Delhivery Express,REG-01,4.6,5,Compliant,2713.79,10.9,1.41
FUL-001527,ORD-001527,2023-11-25,2023-11-27,2023-11-30,WH-REG-05,Delhivery Express,REG-05,5.5,3,Breached,3578.45,9.2,0.08
FUL-003158,ORD-003158,2023-11-25,2023-11-27,2023-12-01,WH-REG-05,DHL Freight,REG-05,6.3,3,Breached,4221.31,7.7,0.7
FUL-003570,ORD-003570,2023-11-25,2023-11-26,2023-11-28,WH-REG-04,Ecom Express,REG-04,3.6,3,Breached,3831.84,12.0,1.78
FUL-003704,ORD-003704,2023-11-25,2023-11-27,2023-12-01,WH-REG-02,Delhivery Express,REG-02,6.1,5,Breached,4212.35,9.5,0.87
FUL-003892,ORD-003892,2023-11-25,2023-11-26,2023-11-26,WH-REG-03,Ecom Express,REG-03,1.7,3,Compliant,2837.49,8.4,1.11
FUL-007160,ORD-007160,2023-11-25,2023-11-27,2023-11-30,WH-REG-02,FedEx Supply,REG-02,5.8,5,Breached,1651.15,9.6,0.99
FUL-007241,ORD-007241,2023-11-25,2023-11-27,2023-11-30,WH-REG-03,Delhivery Express,REG-03,5.8,3,Breached,4040.14,6.2,0.07
FUL-002333,ORD-002333,2023-11-26,2023-11-28,2023-12-02,WH-REG-03,DHL Freight,REG-03,6.7,3,Breached,4202.16,6.0,0.63
FUL-004316,ORD-004316,2023-11-26,2023-11-28,2023-12-01,WH-REG-03,Ecom Express,REG-03,5.0,5,Compliant,4109.51,8.7,0.33
FUL-004350,ORD-004350,2023-11-26,2023-11-27,2023-11-28,WH-REG-04,Delhivery Express,REG-04,2.1,5,Compliant,1932.82,5.9,0.91
FUL-005172,ORD-005172,2023-11-26,2023-11-27,2023-11-27,WH-REG-04,DHL Freight,REG-04,1.4,5,Compliant,2489.39,8.4,0.62
FUL-006441,ORD-006441,2023-11-26,2023-11-27,2023-11-29,WH-REG-01,DHL Freight,REG-01,3.6,5,Compliant,3497.32,7.5,1.03
FUL-006630,ORD-006630,2023-11-26,2023-11-27,2023-11-27,WH-REG-01,Ecom Express,REG-01,1.7,5,Compliant,2663.29,10.6,1.78
FUL-007712,ORD-007712,2023-11-26,2023-11-28,2023-12-01,WH-REG-01,FedEx Supply,REG-01,5.2,5,Breached,2633.79,7.5,0.66
FUL-008178,ORD-008178,2023-11-26,2023-11-27,2023-11-30,WH-REG-05,DHL Freight,REG-05,4.6,5,Compliant,2544.64,5.8,1.59
FUL-001190,ORD-001190,2023-11-27,2023-11-28,2023-11-29,WH-REG-04,Ecom Express,REG-04,2.0,5,Compliant,2541.09,8.6,1.1
FUL-001347,ORD-001347,2023-11-27,2023-11-28,2023-12-01,WH-REG-02,Ecom Express,REG-02,4.7,5,Compliant,2582.03,11.7,1.76
FUL-002043,ORD-002043,2023-11-27,2023-11-28,2023-12-01,WH-REG-04,BlueDart Logistics,REG-04,4.6,3,Breached,4015.55,9.1,0.06
FUL-002154,ORD-002154,2023-11-27,2023-11-28,2023-11-30,WH-REG-03,BlueDart Logistics,REG-03,3.5,5,Compliant,3793.3,5.8,0.2
FUL-004211,ORD-004211,2023-11-27,2023-11-28,2023-11-30,WH-REG-05,DHL Freight,REG-05,3.4,5,Compliant,1445.2,11.8,0.27
FUL-005059,ORD-005059,2023-11-27,2023-11-28,2023-12-01,WH-REG-01,DHL Freight,REG-01,4.4,5,Compliant,1727.17,9.0,1.26
FUL-006126,ORD-006126,2023-11-27,2023-11-28,2023-11-30,WH-REG-04,FedEx Supply,REG-04,3.1,5,Compliant,3160.57,6.4,1.16
FUL-001089,ORD-001089,2023-11-28,2023-11-29,2023-12-02,WH-REG-03,FedEx Supply,REG-03,4.8,3,Breached,3623.03,10.9,1.43
FUL-001741,ORD-001741,2023-11-28,2023-11-29,2023-12-01,WH-REG-02,Ecom Express,REG-02,3.7,5,Compliant,3363.02,5.7,0.24
FUL-003516,ORD-003516,2023-11-28,2023-11-30,2023-12-04,WH-REG-03,FedEx Supply,REG-03,6.2,5,Breached,4485.28,6.8,1.1
FUL-004408,ORD-004408,2023-11-28,2023-11-29,2023-12-02,WH-REG-03,DHL Freight,REG-03,4.6,5,Compliant,1507.0,10.3,1.22
FUL-004837,ORD-004837,2023-11-28,2023-11-29,2023-12-01,WH-REG-03,Ecom Express,REG-03,3.3,5,Compliant,3283.65,8.2,0.01
FUL-007484,ORD-007484,2023-11-28,2023-11-30,2023-12-04,WH-REG-04,BlueDart Logistics,REG-04,6.0,5,Breached,2110.62,11.6,0.95
FUL-008282,ORD-008282,2023-11-28,2023-11-29,2023-11-29,WH-REG-01,FedEx Supply,REG-01,1.7,5,Compliant,4185.98,7.9,0.43
FUL-008409,ORD-008409,2023-11-28,2023-11-29,2023-11-29,WH-REG-03,Ecom Express,REG-03,1.8,5,Compliant,3322.89,10.0,1.21
FUL-001372,ORD-001372,2023-11-29,2023-11-30,2023-12-02,WH-REG-02,BlueDart Logistics,REG-02,3.5,5,Compliant,2147.56,12.0,1.53
FUL-001650,ORD-001650,2023-11-29,2023-11-30,2023-12-02,WH-REG-03,DHL Freight,REG-03,3.9,5,Compliant,3184.33,8.3,0.34
FUL-003019,ORD-003019,2023-11-29,2023-11-30,2023-12-03,WH-REG-02,BlueDart Logistics,REG-02,4.2,5,Compliant,3479.49,5.7,0.38
FUL-004236,ORD-004236,2023-11-29,2023-12-01,2023-12-05,WH-REG-05,BlueDart Logistics,REG-05,6.3,3,Breached,1746.62,11.3,1.1
FUL-004505,ORD-004505,2023-11-29,2023-11-30,2023-12-03,WH-REG-03,DHL Freight,REG-03,4.2,5,Compliant,3967.59,10.1,0.76
FUL-007019,ORD-007019,2023-11-29,2023-11-30,2023-11-30,WH-REG-05,BlueDart Logistics,REG-05,1.3,3,Compliant,3497.56,8.9,0.9
FUL-000735,ORD-000735,2023-11-30,2023-12-02,2023-12-05,WH-REG-01,Delhivery Express,REG-01,5.8,5,Breached,1213.33,9.9,0.69
FUL-001286,ORD-001286,2023-11-30,2023-12-02,2023-12-06,WH-REG-04,Ecom Express,REG-04,6.2,5,Breached,1183.37,5.7,0.98
FUL-001951,ORD-001951,2023-11-30,2023-12-01,2023-12-02,WH-REG-03,DHL Freight,REG-03,2.2,5,Compliant,2056.19,5.7,1.6
FUL-003802,ORD-003802,2023-11-30,2023-12-01,2023-12-02,WH-REG-02,Ecom Express,REG-02,2.4,5,Compliant,4048.81,5.9,0.87
FUL-006329,ORD-006329,2023-11-30,2023-12-01,2023-12-01,WH-REG-03,Delhivery Express,REG-03,1.3,5,Compliant,2132.43,9.8,0.59
FUL-007653,ORD-007653,2023-11-30,2023-12-01,2023-12-04,WH-REG-05,BlueDart Logistics,REG-05,4.9,5,Compliant,2834.02,9.3,1.7
FUL-008084,ORD-008084,2023-11-30,2023-12-01,2023-12-04,WH-REG-02,BlueDart Logistics,REG-02,4.9,5,Compliant,3001.32,6.4,1.38
FUL-004688,ORD-004688,2023-12-01,2023-12-02,2023-12-04,WH-REG-02,Delhivery Express,REG-02,3.2,5,Compliant,4061.01,6.8,0.36
FUL-005168,ORD-005168,2023-12-01,2023-12-02,2023-12-03,WH-REG-05,Ecom Express,REG-05,2.2,5,Compliant,1485.57,11.5,1.41
FUL-005249,ORD-005249,2023-12-01,2023-12-04,2023-12-09,WH-REG-03,FedEx Supply,REG-03,8.0,5,Breached,3250.25,7.1,1.64
FUL-005956,ORD-005956,2023-12-01,2023-12-02,2023-12-03,WH-REG-02,BlueDart Logistics,REG-02,2.4,3,Compliant,1721.93,8.7,0.25
FUL-000441,ORD-000441,2023-12-02,2023-12-06,2023-12-12,WH-REG-03,DHL Freight,REG-03,10.6,3,Breached,3220.19,11.7,1.26
FUL-001162,ORD-001162,2023-12-02,2023-12-03,2023-12-04,WH-REG-05,FedEx Supply,REG-05,2.9,5,Compliant,4020.76,9.6,0.02
FUL-001385,ORD-001385,2023-12-02,2023-12-03,2023-12-03,WH-REG-04,Ecom Express,REG-04,1.8,5,Compliant,3915.02,9.7,0.8
FUL-004364,ORD-004364,2023-12-02,2023-12-03,2023-12-03,WH-REG-05,Ecom Express,REG-05,1.3,3,Compliant,2888.21,8.0,0.75
FUL-004643,ORD-004643,2023-12-02,2023-12-03,2023-12-04,WH-REG-03,Ecom Express,REG-03,2.9,5,Compliant,4234.83,9.7,0.52
FUL-004891,ORD-004891,2023-12-02,2023-12-03,2023-12-05,WH-REG-01,Delhivery Express,REG-01,3.2,5,Compliant,2720.04,5.8,0.39
FUL-005286,ORD-005286,2023-12-02,2023-12-04,2023-12-07,WH-REG-02,BlueDart Logistics,REG-02,5.0,5,Compliant,4314.04,6.8,0.08
FUL-006733,ORD-006733,2023-12-02,2023-12-04,2023-12-08,WH-REG-02,DHL Freight,REG-02,6.1,3,Breached,1625.85,7.6,1.27
FUL-007673,ORD-007673,2023-12-02,2023-12-03,2023-12-03,WH-REG-05,DHL Freight,REG-05,1.3,3,Compliant,1738.15,7.9,1.3
FUL-007791,ORD-007791,2023-12-02,2023-12-03,2023-12-05,WH-REG-04,BlueDart Logistics,REG-04,3.4,3,Breached,3503.96,9.1,1.39
FUL-008109,ORD-008109,2023-12-02,2023-12-04,2023-12-08,WH-REG-02,FedEx Supply,REG-02,6.7,5,Breached,4206.2,7.0,1.13
FUL-000211,ORD-000211,2023-12-03,2023-12-04,2023-12-06,WH-REG-05,Delhivery Express,REG-05,3.2,5,Compliant,896.82,9.7,0.48
FUL-000244,ORD-000244,2023-12-03,2023-12-07,2023-12-14,WH-REG-03,DHL Freight,REG-03,11.8,5,Breached,1712.42,8.1,1.66
FUL-000523,ORD-000523,2023-12-03,2023-12-04,2023-12-07,WH-REG-01,Ecom Express,REG-01,4.6,3,Breached,2493.56,8.5,1.15
FUL-002171,ORD-002171,2023-12-03,2023-12-04,2023-12-05,WH-REG-02,Delhivery Express,REG-02,2.2,5,Compliant,901.43,8.7,1.06
FUL-002341,ORD-002341,2023-12-03,2023-12-05,2023-12-08,WH-REG-02,BlueDart Logistics,REG-02,5.9,5,Breached,3693.09,9.4,1.02
FUL-006404,ORD-006404,2023-12-03,2023-12-05,2023-12-09,WH-REG-03,FedEx Supply,REG-03,6.7,5,Breached,3735.44,8.2,0.74
FUL-000248,ORD-000248,2023-12-04,2023-12-05,2023-12-08,WH-REG-03,Ecom Express,REG-03,4.4,5,Compliant,2236.39,7.8,1.62
FUL-000397,ORD-000397,2023-12-04,2023-12-05,2023-12-08,WH-REG-03,Ecom Express,REG-03,4.9,3,Breached,2462.22,11.3,0.38
FUL-003582,ORD-003582,2023-12-04,2023-12-05,2023-12-06,WH-REG-05,Delhivery Express,REG-05,2.1,5,Compliant,3714.25,6.6,0.53
FUL-003901,ORD-003901,2023-12-04,2023-12-05,2023-12-05,WH-REG-01,Delhivery Express,REG-01,1.8,5,Compliant,3537.95,6.1,0.39
FUL-004333,ORD-004333,2023-12-04,2023-12-06,2023-12-10,WH-REG-04,Delhivery Express,REG-04,6.1,5,Breached,986.15,5.8,0.11
FUL-005900,ORD-005900,2023-12-04,2023-12-05,2023-12-08,WH-REG-01,Delhivery Express,REG-01,4.7,3,Breached,1543.09,9.4,1.35
FUL-005980,ORD-005980,2023-12-04,2023-12-05,2023-12-08,WH-REG-05,BlueDart Logistics,REG-05,4.5,3,Breached,2639.85,6.6,0.33
FUL-006150,ORD-006150,2023-12-04,2023-12-05,2023-12-07,WH-REG-05,DHL Freight,REG-05,3.2,5,Compliant,3910.37,7.8,0.31
FUL-006283,ORD-006283,2023-12-04,2023-12-05,2023-12-06,WH-REG-01,Ecom Express,REG-01,2.4,3,Compliant,2427.87,6.6,0.78
FUL-007629,ORD-007629,2023-12-04,2023-12-05,2023-12-06,WH-REG-03,BlueDart Logistics,REG-03,2.7,5,Compliant,1877.45,11.0,0.42
FUL-008436,ORD-008436,2023-12-04,2023-12-05,2023-12-07,WH-REG-01,BlueDart Logistics,REG-01,3.2,5,Compliant,3097.88,8.7,0.24
FUL-000222,ORD-000222,2023-12-05,2023-12-06,2023-12-06,WH-REG-03,Delhivery Express,REG-03,1.3,5,Compliant,4457.34,10.5,0.88
FUL-004002,ORD-004002,2023-12-05,2023-12-06,2023-12-08,WH-REG-01,Delhivery Express,REG-01,3.0,5,Compliant,1741.26,8.0,0.79
FUL-004187,ORD-004187,2023-12-05,2023-12-06,2023-12-09,WH-REG-02,FedEx Supply,REG-02,4.3,5,Compliant,4312.58,6.5,0.17
FUL-005763,ORD-005763,2023-12-05,2023-12-06,2023-12-07,WH-REG-04,BlueDart Logistics,REG-04,2.5,3,Compliant,3681.01,7.5,1.11
FUL-001765,ORD-001765,2023-12-06,2023-12-07,2023-12-08,WH-REG-01,FedEx Supply,REG-01,2.6,5,Compliant,955.92,8.9,0.42
FUL-002093,ORD-002093,2023-12-06,2023-12-08,2023-12-11,WH-REG-02,DHL Freight,REG-02,5.1,5,Breached,4380.39,10.1,0.66
FUL-004605,ORD-004605,2023-12-06,2023-12-08,2023-12-11,WH-REG-02,Delhivery Express,REG-02,5.2,5,Breached,2727.69,11.3,1.06
FUL-005579,ORD-005579,2023-12-06,2023-12-07,2023-12-10,WH-REG-02,Delhivery Express,REG-02,4.2,5,Compliant,3741.15,9.0,1.26
FUL-001639,ORD-001639,2023-12-07,2023-12-08,2023-12-10,WH-REG-02,Ecom Express,REG-02,3.3,5,Compliant,2681.26,9.0,0.33
FUL-001754,ORD-001754,2023-12-07,2023-12-08,2023-12-09,WH-REG-02,FedEx Supply,REG-02,2.0,5,Compliant,1036.43,9.7,1.48
FUL-002800,ORD-002800,2023-12-07,2023-12-08,2023-12-09,WH-REG-03,DHL Freight,REG-03,2.7,3,Compliant,3947.58,6.1,0.65
FUL-002961,ORD-002961,2023-12-07,2023-12-08,2023-12-10,WH-REG-03,FedEx Supply,REG-03,3.2,5,Compliant,1805.12,10.9,1.65
FUL-003904,ORD-003904,2023-12-07,2023-12-09,2023-12-13,WH-REG-03,Delhivery Express,REG-03,6.1,5,Breached,1291.9,7.1,0.83
FUL-005013,ORD-005013,2023-12-07,2023-12-09,2023-12-12,WH-REG-05,FedEx Supply,REG-05,5.3,5,Breached,2850.43,9.1,1.56
FUL-005465,ORD-005465,2023-12-07,2023-12-08,2023-12-09,WH-REG-04,FedEx Supply,REG-04,2.1,5,Compliant,3958.62,5.6,1.11
FUL-006248,ORD-006248,2023-12-07,2023-12-08,2023-12-10,WH-REG-03,BlueDart Logistics,REG-03,3.5,3,Breached,1014.99,6.0,0.77
FUL-007399,ORD-007399,2023-12-07,2023-12-08,2023-12-11,WH-REG-03,FedEx Supply,REG-03,4.7,3,Breached,3448.34,6.5,0.69
FUL-007997,ORD-007997,2023-12-07,2023-12-09,2023-12-12,WH-REG-03,FedEx Supply,REG-03,5.0,5,Compliant,1520.26,7.9,0.77
FUL-000345,ORD-000345,2023-12-08,2023-12-09,2023-12-11,WH-REG-01,BlueDart Logistics,REG-01,3.2,5,Compliant,2494.91,11.3,1.48
FUL-001822,ORD-001822,2023-12-08,2023-12-09,2023-12-12,WH-REG-05,FedEx Supply,REG-05,4.9,5,Compliant,4412.12,7.3,0.24
FUL-002453,ORD-002453,2023-12-08,2023-12-09,2023-12-10,WH-REG-02,Ecom Express,REG-02,2.9,5,Compliant,3339.75,11.3,0.84
FUL-002575,ORD-002575,2023-12-08,2023-12-09,2023-12-12,WH-REG-02,Ecom Express,REG-02,4.6,5,Compliant,4207.26,8.4,0.68
FUL-004706,ORD-004706,2023-12-08,2023-12-09,2023-12-10,WH-REG-04,FedEx Supply,REG-04,2.5,5,Compliant,3428.25,7.4,0.52
FUL-005110,ORD-005110,2023-12-08,2023-12-09,2023-12-11,WH-REG-02,BlueDart Logistics,REG-02,3.6,5,Compliant,1971.74,5.9,1.1
FUL-006510,ORD-006510,2023-12-08,2023-12-09,2023-12-11,WH-REG-03,Delhivery Express,REG-03,3.4,5,Compliant,2701.47,5.9,1.65
FUL-007062,ORD-007062,2023-12-08,2023-12-10,2023-12-13,WH-REG-01,DHL Freight,REG-01,5.4,3,Breached,2415.67,5.8,0.53
FUL-000078,ORD-000078,2023-12-09,2023-12-11,2023-12-14,WH-REG-03,Delhivery Express,REG-03,5.5,5,Breached,2152.59,8.1,1.36
FUL-001531,ORD-001531,2023-12-09,2023-12-11,2023-12-14,WH-REG-01,Ecom Express,REG-01,5.7,5,Breached,4270.07,9.0,0.11
FUL-002888,ORD-002888,2023-12-09,2023-12-10,2023-12-11,WH-REG-04,BlueDart Logistics,REG-04,2.8,5,Compliant,3170.32,10.0,0.56
FUL-003468,ORD-003468,2023-12-09,2023-12-10,2023-12-11,WH-REG-04,FedEx Supply,REG-04,2.7,5,Compliant,1508.07,6.6,1.79
FUL-006178,ORD-006178,2023-12-09,2023-12-10,2023-12-13,WH-REG-03,Delhivery Express,REG-03,4.6,5,Compliant,1065.81,6.0,1.38
FUL-007397,ORD-007397,2023-12-09,2023-12-10,2023-12-11,WH-REG-01,Ecom Express,REG-01,2.2,5,Compliant,2580.11,10.5,0.29
FUL-007474,ORD-007474,2023-12-09,2023-12-11,2023-12-14,WH-REG-01,FedEx Supply,REG-01,5.8,5,Breached,2888.15,8.9,0.78
FUL-007846,ORD-007846,2023-12-09,2023-12-10,2023-12-11,WH-REG-01,Delhivery Express,REG-01,2.4,5,Compliant,2969.02,8.3,0.87
FUL-000708,ORD-000708,2023-12-10,2023-12-11,2023-12-13,WH-REG-01,DHL Freight,REG-01,3.5,3,Breached,1911.14,8.1,1.6
FUL-000751,ORD-000751,2023-12-10,2023-12-11,2023-12-14,WH-REG-02,DHL Freight,REG-02,4.3,5,Compliant,3259.63,9.3,0.63
FUL-002743,ORD-002743,2023-12-10,2023-12-12,2023-12-16,WH-REG-04,DHL Freight,REG-04,6.4,5,Breached,4166.01,9.5,1.39
FUL-003036,ORD-003036,2023-12-10,2023-12-12,2023-12-15,WH-REG-03,DHL Freight,REG-03,5.1,5,Breached,2743.25,10.3,0.2
FUL-003100,ORD-003100,2023-12-10,2023-12-12,2023-12-16,WH-REG-01,BlueDart Logistics,REG-01,6.4,5,Breached,2595.82,8.5,0.97
FUL-003360,ORD-003360,2023-12-10,2023-12-11,2023-12-12,WH-REG-01,DHL Freight,REG-01,2.1,5,Compliant,3678.13,6.6,1.3
FUL-003529,ORD-003529,2023-12-10,2023-12-12,2023-12-15,WH-REG-01,DHL Freight,REG-01,5.4,5,Breached,2371.79,9.8,0.61
FUL-003530,ORD-003530,2023-12-10,2023-12-11,2023-12-12,WH-REG-03,Ecom Express,REG-03,2.4,5,Compliant,2613.47,5.8,0.71
FUL-004772,ORD-004772,2023-12-10,2023-12-12,2023-12-16,WH-REG-04,Delhivery Express,REG-04,6.5,5,Breached,4315.42,8.6,1.28
FUL-004801,ORD-004801,2023-12-10,2023-12-12,2023-12-16,WH-REG-01,Ecom Express,REG-01,6.7,3,Breached,3102.64,11.0,0.33
FUL-005953,ORD-005953,2023-12-10,2023-12-11,2023-12-14,WH-REG-01,BlueDart Logistics,REG-01,4.8,5,Compliant,1372.12,11.5,0.62
FUL-006512,ORD-006512,2023-12-10,2023-12-12,2023-12-15,WH-REG-05,BlueDart Logistics,REG-05,5.3,5,Breached,3838.48,9.9,0.51
FUL-008400,ORD-008400,2023-12-10,2023-12-11,2023-12-12,WH-REG-03,FedEx Supply,REG-03,2.1,5,Compliant,2750.23,11.1,0.62
FUL-008401,ORD-008401,2023-12-10,2023-12-12,2023-12-15,WH-REG-04,FedEx Supply,REG-04,5.3,5,Breached,1277.78,6.9,0.39
FUL-001346,ORD-001346,2023-12-11,2023-12-12,2023-12-14,WH-REG-04,Delhivery Express,REG-04,3.1,5,Compliant,4228.42,9.9,0.69
FUL-003299,ORD-003299,2023-12-11,2023-12-12,2023-12-12,WH-REG-04,Ecom Express,REG-04,1.9,5,Compliant,1102.55,10.0,0.35
FUL-004235,ORD-004235,2023-12-11,2023-12-12,2023-12-14,WH-REG-03,BlueDart Logistics,REG-03,3.2,3,Breached,4499.24,9.8,1.41
FUL-004721,ORD-004721,2023-12-11,2023-12-13,2023-12-16,WH-REG-03,Delhivery Express,REG-03,5.2,5,Breached,1881.77,8.9,0.51
FUL-006073,ORD-006073,2023-12-11,2023-12-13,2023-12-16,WH-REG-01,FedEx Supply,REG-01,5.9,5,Breached,4416.47,8.2,0.8
FUL-006311,ORD-006311,2023-12-11,2023-12-12,2023-12-14,WH-REG-02,DHL Freight,REG-02,3.9,5,Compliant,1121.25,8.6,1.08
FUL-007278,ORD-007278,2023-12-11,2023-12-12,2023-12-13,WH-REG-05,FedEx Supply,REG-05,2.0,5,Compliant,3088.2,10.9,0.89
FUL-008187,ORD-008187,2023-12-11,2023-12-12,2023-12-13,WH-REG-04,BlueDart Logistics,REG-04,2.5,5,Compliant,1990.56,7.3,0.33
FUL-000340,ORD-000340,2023-12-12,2023-12-14,2023-12-18,WH-REG-05,DHL Freight,REG-05,6.5,5,Breached,4378.67,6.5,1.76
FUL-000670,ORD-000670,2023-12-12,2023-12-14,2023-12-18,WH-REG-04,BlueDart Logistics,REG-04,6.6,5,Breached,1066.73,7.4,0.66
FUL-000938,ORD-000938,2023-12-12,2023-12-13,2023-12-15,WH-REG-04,Ecom Express,REG-04,3.4,3,Breached,1195.25,11.0,1.35
FUL-003661,ORD-003661,2023-12-12,2023-12-13,2023-12-14,WH-REG-02,DHL Freight,REG-02,2.2,5,Compliant,3303.54,5.6,0.52
FUL-004071,ORD-004071,2023-12-12,2023-12-14,2023-12-17,WH-REG-01,DHL Freight,REG-01,5.5,5,Breached,2948.68,6.1,0.35
FUL-005016,ORD-005016,2023-12-12,2023-12-13,2023-12-13,WH-REG-03,Delhivery Express,REG-03,1.9,5,Compliant,3068.83,10.9,1.36
FUL-006462,ORD-006462,2023-12-12,2023-12-13,2023-12-15,WH-REG-05,BlueDart Logistics,REG-05,3.8,5,Compliant,2370.29,11.3,0.33
FUL-002279,ORD-002279,2023-12-13,2023-12-15,2023-12-18,WH-REG-01,DHL Freight,REG-01,5.1,5,Breached,2337.58,9.0,0.76
FUL-002512,ORD-002512,2023-12-13,2023-12-14,2023-12-15,WH-REG-02,DHL Freight,REG-02,2.7,3,Compliant,3169.72,5.6,0.61
FUL-002617,ORD-002617,2023-12-13,2023-12-14,2023-12-16,WH-REG-03,FedEx Supply,REG-03,3.3,3,Breached,3644.73,11.7,0.75
FUL-001520,ORD-001520,2023-12-14,2023-12-15,2023-12-17,WH-REG-01,Ecom Express,REG-01,3.2,3,Breached,3836.92,10.2,1.14
FUL-001918,ORD-001918,2023-12-14,2023-12-15,2023-12-18,WH-REG-05,FedEx Supply,REG-05,4.6,5,Compliant,3782.48,11.7,0.95
FUL-004140,ORD-004140,2023-12-14,2023-12-16,2023-12-20,WH-REG-03,DHL Freight,REG-03,6.6,5,Breached,1118.98,11.4,1.25
FUL-004214,ORD-004214,2023-12-14,2023-12-15,2023-12-16,WH-REG-02,DHL Freight,REG-02,2.5,3,Compliant,1547.58,7.1,0.21
FUL-005828,ORD-005828,2023-12-14,2023-12-15,2023-12-15,WH-REG-05,BlueDart Logistics,REG-05,1.7,3,Compliant,4249.39,8.3,1.34
FUL-006097,ORD-006097,2023-12-14,2023-12-15,2023-12-17,WH-REG-01,FedEx Supply,REG-01,3.0,3,Compliant,4061.36,6.8,1.42
FUL-006156,ORD-006156,2023-12-14,2023-12-16,2023-12-19,WH-REG-05,Ecom Express,REG-05,5.4,5,Breached,921.31,8.6,1.53
FUL-007293,ORD-007293,2023-12-14,2023-12-15,2023-12-15,WH-REG-04,BlueDart Logistics,REG-04,1.3,3,Compliant,1615.48,9.3,1.49
FUL-002608,ORD-002608,2023-12-15,2023-12-16,2023-12-18,WH-REG-02,BlueDart Logistics,REG-02,3.5,5,Compliant,2072.37,9.5,0.0
FUL-002653,ORD-002653,2023-12-15,2023-12-16,2023-12-18,WH-REG-04,DHL Freight,REG-04,3.7,5,Compliant,1789.43,9.4,1.52
FUL-003244,ORD-003244,2023-12-15,2023-12-17,2023-12-20,WH-REG-02,BlueDart Logistics,REG-02,5.1,5,Breached,2456.41,9.7,1.52
FUL-004978,ORD-004978,2023-12-15,2023-12-17,2023-12-21,WH-REG-03,FedEx Supply,REG-03,6.6,3,Breached,3554.42,5.8,0.71
FUL-005396,ORD-005396,2023-12-15,2023-12-16,2023-12-17,WH-REG-02,FedEx Supply,REG-02,2.1,5,Compliant,2118.92,5.7,0.88
FUL-006506,ORD-006506,2023-12-15,2023-12-16,2023-12-19,WH-REG-01,Ecom Express,REG-01,4.0,5,Compliant,1240.09,7.4,0.55
FUL-002193,ORD-002193,2023-12-16,2023-12-17,2023-12-18,WH-REG-04,BlueDart Logistics,REG-04,2.6,5,Compliant,4246.74,7.6,1.51
FUL-004742,ORD-004742,2023-12-16,2023-12-18,2023-12-21,WH-REG-05,Delhivery Express,REG-05,5.2,5,Breached,2132.64,7.0,0.26
FUL-006159,ORD-006159,2023-12-16,2023-12-17,2023-12-18,WH-REG-01,Delhivery Express,REG-01,2.6,5,Compliant,4464.83,6.2,0.69
FUL-006581,ORD-006581,2023-12-16,2023-12-17,2023-12-20,WH-REG-04,DHL Freight,REG-04,4.7,5,Compliant,1013.54,6.9,1.53
FUL-007035,ORD-007035,2023-12-16,2023-12-20,2023-12-27,WH-REG-01,BlueDart Logistics,REG-01,11.399999999999999,5,Breached,859.74,9.6,1.7
FUL-007317,ORD-007317,2023-12-16,2023-12-17,2023-12-17,WH-REG-05,FedEx Supply,REG-05,1.4,5,Compliant,1304.14,7.2,0.01
FUL-007793,ORD-007793,2023-12-16,2023-12-17,2023-12-20,WH-REG-02,DHL Freight,REG-02,4.0,5,Compliant,3259.19,8.6,1.07
FUL-000663,ORD-000663,2023-12-17,2023-12-19,2023-12-23,WH-REG-05,Delhivery Express,REG-05,6.8,5,Breached,1383.77,9.4,0.19
FUL-001091,ORD-001091,2023-12-17,2023-12-18,2023-12-18,WH-REG-05,BlueDart Logistics,REG-05,1.5,5,Compliant,1867.79,9.4,1.3
FUL-001244,ORD-001244,2023-12-17,2023-12-19,2023-12-22,WH-REG-01,BlueDart Logistics,REG-01,5.0,3,Breached,4063.31,11.4,1.03
FUL-001351,ORD-001351,2023-12-17,2023-12-19,2023-12-22,WH-REG-05,Ecom Express,REG-05,5.9,5,Breached,3120.59,10.9,1.11
FUL-006584,ORD-006584,2023-12-17,2023-12-19,2023-12-22,WH-REG-02,Delhivery Express,REG-02,5.0,3,Breached,1788.29,5.6,0.7
FUL-007224,ORD-007224,2023-12-17,2023-12-21,2023-12-27,WH-REG-03,DHL Freight,REG-03,10.899999999999999,5,Breached,1656.35,10.2,0.42
FUL-007244,ORD-007244,2023-12-17,2023-12-19,2023-12-22,WH-REG-04,Delhivery Express,REG-04,5.0,5,Compliant,3152.87,7.1,0.3
FUL-008482,ORD-008482,2023-12-17,2023-12-18,2023-12-20,WH-REG-02,Delhivery Express,REG-02,3.8,5,Compliant,2663.33,10.0,0.24
FUL-000716,ORD-000716,2023-12-18,2023-12-19,2023-12-22,WH-REG-01,FedEx Supply,REG-01,4.6,5,Compliant,2006.98,11.7,1.17
FUL-000859,ORD-000859,2023-12-18,2023-12-19,2023-12-21,WH-REG-02,Ecom Express,REG-02,3.7,5,Compliant,3101.09,10.5,0.65
FUL-001768,ORD-001768,2023-12-18,2023-12-19,2023-12-22,WH-REG-02,DHL Freight,REG-02,4.0,5,Compliant,3505.94,9.1,1.6
FUL-003314,ORD-003314,2023-12-18,2023-12-19,2023-12-21,WH-REG-05,Ecom Express,REG-05,3.8,5,Compliant,886.27,10.8,1.13
FUL-006650,ORD-006650,2023-12-18,2023-12-19,2023-12-20,WH-REG-01,Ecom Express,REG-01,2.4,5,Compliant,855.52,10.1,0.07
FUL-007287,ORD-007287,2023-12-18,2023-12-19,2023-12-19,WH-REG-03,Delhivery Express,REG-03,1.9,5,Compliant,2704.66,7.9,0.97
FUL-007914,ORD-007914,2023-12-18,2023-12-19,2023-12-20,WH-REG-02,DHL Freight,REG-02,2.9,3,Compliant,2989.15,7.1,1.41
FUL-000112,ORD-000112,2023-12-19,2023-12-21,2023-12-25,WH-REG-02,DHL Freight,REG-02,6.0,3,Breached,2425.11,10.1,0.12
FUL-001775,ORD-001775,2023-12-19,2023-12-23,2023-12-30,WH-REG-03,DHL Freight,REG-03,11.399999999999999,5,Breached,1130.53,7.4,1.3
FUL-002059,ORD-002059,2023-12-19,2023-12-20,2023-12-21,WH-REG-05,BlueDart Logistics,REG-05,2.6,5,Compliant,2824.21,11.0,0.16
FUL-003465,ORD-003465,2023-12-19,2023-12-20,2023-12-22,WH-REG-01,BlueDart Logistics,REG-01,3.2,5,Compliant,887.98,9.0,0.65
FUL-005404,ORD-005404,2023-12-19,2023-12-21,2023-12-24,WH-REG-01,FedEx Supply,REG-01,5.0,5,Compliant,2827.66,9.1,1.17
FUL-006461,ORD-006461,2023-12-19,2023-12-20,2023-12-22,WH-REG-05,Delhivery Express,REG-05,3.1,5,Compliant,1855.19,5.9,1.65
FUL-000165,ORD-000165,2023-12-20,2023-12-22,2023-12-26,WH-REG-02,DHL Freight,REG-02,6.5,5,Breached,4073.82,8.4,1.55
FUL-000288,ORD-000288,2023-12-20,2023-12-21,2023-12-21,WH-REG-01,BlueDart Logistics,REG-01,1.7,5,Compliant,4410.77,7.8,0.34
FUL-000822,ORD-000822,2023-12-20,2023-12-21,2023-12-24,WH-REG-03,Ecom Express,REG-03,4.1,3,Breached,3406.54,10.0,1.07
FUL-000969,ORD-000969,2023-12-20,2023-12-21,2023-12-24,WH-REG-01,Delhivery Express,REG-01,4.8,5,Compliant,1802.78,10.4,1.31
FUL-001683,ORD-001683,2023-12-20,2023-12-21,2023-12-22,WH-REG-05,Ecom Express,REG-05,2.3,5,Compliant,1038.87,6.7,1.37
FUL-001773,ORD-001773,2023-12-20,2023-12-25,2024-01-03,WH-REG-05,Ecom Express,REG-05,14.100000000000001,3,Breached,3334.61,5.9,1.28
FUL-004732,ORD-004732,2023-12-20,2023-12-22,2023-12-26,WH-REG-03,Delhivery Express,REG-03,6.4,3,Breached,3502.84,8.8,1.01
FUL-005503,ORD-005503,2023-12-20,2023-12-22,2023-12-25,WH-REG-01,Ecom Express,REG-01,5.3,5,Breached,1530.38,7.5,1.47
FUL-006585,ORD-006585,2023-12-20,2023-12-21,2023-12-24,WH-REG-02,FedEx Supply,REG-02,4.0,5,Compliant,1704.56,7.5,1.17
FUL-006668,ORD-006668,2023-12-20,2023-12-21,2023-12-24,WH-REG-05,FedEx Supply,REG-05,4.7,5,Compliant,1419.34,9.3,0.73
FUL-007307,ORD-007307,2023-12-20,2023-12-21,2023-12-24,WH-REG-02,Delhivery Express,REG-02,4.5,5,Compliant,4042.62,11.2,1.31
FUL-008168,ORD-008168,2023-12-20,2023-12-21,2023-12-22,WH-REG-02,Ecom Express,REG-02,2.1,5,Compliant,2438.61,9.1,0.97
FUL-000932,ORD-000932,2023-12-21,2023-12-22,2023-12-23,WH-REG-02,FedEx Supply,REG-02,2.0,3,Compliant,994.77,7.7,0.82
FUL-001328,ORD-001328,2023-12-21,2023-12-22,2023-12-22,WH-REG-01,BlueDart Logistics,REG-01,1.6,5,Compliant,3835.0,11.3,0.63
FUL-001591,ORD-001591,2023-12-21,2023-12-22,2023-12-25,WH-REG-05,BlueDart Logistics,REG-05,4.8,5,Compliant,3764.01,7.2,0.15
FUL-002815,ORD-002815,2023-12-21,2023-12-22,2023-12-23,WH-REG-02,Delhivery Express,REG-02,2.0,5,Compliant,3752.38,11.2,0.03
FUL-004057,ORD-004057,2023-12-21,2023-12-22,2023-12-24,WH-REG-01,Ecom Express,REG-01,3.0,5,Compliant,2180.21,7.6,1.65
FUL-005120,ORD-005120,2023-12-21,2023-12-22,2023-12-23,WH-REG-05,DHL Freight,REG-05,2.4,5,Compliant,3060.3,9.7,0.48
FUL-005204,ORD-005204,2023-12-21,2023-12-22,2023-12-22,WH-REG-05,DHL Freight,REG-05,1.2,5,Compliant,1012.21,8.1,1.77
FUL-007860,ORD-007860,2023-12-21,2023-12-23,2023-12-26,WH-REG-05,FedEx Supply,REG-05,5.6,5,Breached,1249.51,11.7,1.37
FUL-007889,ORD-007889,2023-12-21,2023-12-23,2023-12-26,WH-REG-04,Delhivery Express,REG-04,5.9,3,Breached,3732.01,11.7,1.47
FUL-008368,ORD-008368,2023-12-21,2023-12-22,2023-12-24,WH-REG-02,FedEx Supply,REG-02,3.5,5,Compliant,2546.94,5.6,0.29
FUL-008388,ORD-008388,2023-12-21,2023-12-22,2023-12-23,WH-REG-02,BlueDart Logistics,REG-02,2.6,3,Compliant,3106.77,8.8,1.48
FUL-000064,ORD-000064,2023-12-22,2023-12-23,2023-12-25,WH-REG-05,Delhivery Express,REG-05,3.9,5,Compliant,4129.68,7.7,0.09
FUL-000727,ORD-000727,2023-12-22,2023-12-23,2023-12-25,WH-REG-05,Delhivery Express,REG-05,3.8,3,Breached,1583.25,9.0,0.51
FUL-003056,ORD-003056,2023-12-22,2023-12-23,2023-12-23,WH-REG-01,BlueDart Logistics,REG-01,1.9,5,Compliant,2843.87,11.0,0.96
FUL-003142,ORD-003142,2023-12-22,2023-12-23,2023-12-24,WH-REG-02,FedEx Supply,REG-02,2.0,5,Compliant,3950.06,9.2,0.52
FUL-004336,ORD-004336,2023-12-22,2023-12-24,2023-12-28,WH-REG-01,BlueDart Logistics,REG-01,6.0,5,Breached,3787.3,8.5,1.67
FUL-007476,ORD-007476,2023-12-22,2023-12-23,2023-12-25,WH-REG-01,Delhivery Express,REG-01,3.0,3,Compliant,4413.25,5.6,1.77
FUL-000269,ORD-000269,2023-12-23,2023-12-25,2023-12-29,WH-REG-04,Delhivery Express,REG-04,6.0,3,Breached,1695.19,7.1,1.37
FUL-000634,ORD-000634,2023-12-23,2023-12-24,2023-12-25,WH-REG-02,FedEx Supply,REG-02,2.9,5,Compliant,2183.92,10.0,0.42
FUL-000689,ORD-000689,2023-12-23,2023-12-28,2024-01-06,WH-REG-03,FedEx Supply,REG-03,14.5,5,Breached,2374.0,10.9,1.75
FUL-001888,ORD-001888,2023-12-23,2023-12-24,2023-12-27,WH-REG-02,DHL Freight,REG-02,4.2,5,Compliant,1071.89,11.6,1.28
FUL-005832,ORD-005832,2023-12-23,2023-12-25,2023-12-29,WH-REG-04,Ecom Express,REG-04,6.2,5,Breached,2673.14,8.0,1.12
FUL-006527,ORD-006527,2023-12-23,2023-12-25,2023-12-29,WH-REG-04,Ecom Express,REG-04,6.4,5,Breached,1326.77,12.0,1.59
FUL-006846,ORD-006846,2023-12-23,2023-12-25,2023-12-28,WH-REG-01,BlueDart Logistics,REG-01,5.8,5,Breached,2027.47,6.2,0.97
FUL-007092,ORD-007092,2023-12-23,2023-12-24,2023-12-25,WH-REG-02,Delhivery Express,REG-02,2.2,5,Compliant,4040.13,10.7,0.04
FUL-007240,ORD-007240,2023-12-23,2023-12-24,2023-12-26,WH-REG-03,BlueDart Logistics,REG-03,3.2,5,Compliant,3988.4,10.8,0.14
FUL-008183,ORD-008183,2023-12-23,2023-12-24,2023-12-26,WH-REG-02,DHL Freight,REG-02,3.9,5,Compliant,3449.62,5.6,1.02
FUL-003496,ORD-003496,2023-12-24,2023-12-25,2023-12-27,WH-REG-05,FedEx Supply,REG-05,3.8,5,Compliant,891.75,6.7,1.79
FUL-004686,ORD-004686,2023-12-24,2023-12-26,2023-12-29,WH-REG-02,FedEx Supply,REG-02,5.8,5,Breached,1127.32,8.7,0.81
FUL-005217,ORD-005217,2023-12-24,2023-12-25,2023-12-25,WH-REG-02,Ecom Express,REG-02,1.6,5,Compliant,3781.36,5.7,1.16
FUL-007475,ORD-007475,2023-12-24,2023-12-26,2023-12-30,WH-REG-01,Ecom Express,REG-01,6.4,3,Breached,2904.68,8.2,1.48
FUL-008090,ORD-008090,2023-12-24,2023-12-26,2023-12-29,WH-REG-01,BlueDart Logistics,REG-01,5.1,5,Breached,2619.54,10.2,0.84
FUL-008275,ORD-008275,2023-12-24,2023-12-25,2023-12-27,WH-REG-05,BlueDart Logistics,REG-05,3.5,5,Compliant,2159.68,11.3,1.11
FUL-000119,ORD-000119,2023-12-25,2023-12-26,2023-12-28,WH-REG-03,Delhivery Express,REG-03,3.8,5,Compliant,3729.87,9.1,1.55
FUL-002551,ORD-002551,2023-12-25,2023-12-27,2023-12-30,WH-REG-03,BlueDart Logistics,REG-03,5.3,3,Breached,3937.7,11.1,1.07
FUL-004936,ORD-004936,2023-12-25,2023-12-27,2023-12-31,WH-REG-01,Delhivery Express,REG-01,6.3,5,Breached,3428.07,10.6,0.96
FUL-006216,ORD-006216,2023-12-25,2023-12-26,2023-12-28,WH-REG-03,BlueDart Logistics,REG-03,3.6,5,Compliant,1912.65,7.7,0.46
FUL-006423,ORD-006423,2023-12-25,2023-12-26,2023-12-29,WH-REG-04,DHL Freight,REG-04,4.6,5,Compliant,1635.35,7.2,0.03
FUL-006872,ORD-006872,2023-12-25,2023-12-26,2023-12-29,WH-REG-04,Ecom Express,REG-04,4.9,5,Compliant,2751.21,7.6,0.4
FUL-007819,ORD-007819,2023-12-25,2023-12-27,2023-12-30,WH-REG-05,BlueDart Logistics,REG-05,5.7,5,Breached,4380.58,7.4,0.82
FUL-000555,ORD-000555,2023-12-26,2023-12-27,2023-12-28,WH-REG-01,Ecom Express,REG-01,2.6,5,Compliant,4054.06,6.2,1.54
FUL-001594,ORD-001594,2023-12-26,2023-12-27,2023-12-29,WH-REG-04,DHL Freight,REG-04,3.2,5,Compliant,1875.8,8.2,0.97
FUL-002719,ORD-002719,2023-12-26,2023-12-27,2023-12-30,WH-REG-03,BlueDart Logistics,REG-03,4.4,5,Compliant,1328.6,9.5,1.36
FUL-005678,ORD-005678,2023-12-26,2023-12-28,2024-01-01,WH-REG-02,Ecom Express,REG-02,6.5,5,Breached,1067.0,5.9,0.28
FUL-007247,ORD-007247,2023-12-26,2023-12-27,2023-12-28,WH-REG-04,Ecom Express,REG-04,2.3,5,Compliant,3279.98,11.7,0.4
FUL-007638,ORD-007638,2023-12-26,2023-12-27,2023-12-27,WH-REG-01,Delhivery Express,REG-01,1.5,3,Compliant,2846.25,5.6,1.44
FUL-008303,ORD-008303,2023-12-26,2023-12-28,2023-12-31,WH-REG-01,Delhivery Express,REG-01,5.6,5,Breached,1881.36,9.1,1.42
FUL-000150,ORD-000150,2023-12-27,2023-12-28,2023-12-29,WH-REG-02,Delhivery Express,REG-02,2.6,5,Compliant,2006.3,11.5,1.47
FUL-002688,ORD-002688,2023-12-27,2023-12-29,2024-01-01,WH-REG-04,Delhivery Express,REG-04,5.9,5,Breached,1378.56,11.8,0.68
FUL-003515,ORD-003515,2023-12-27,2023-12-28,2023-12-31,WH-REG-03,Delhivery Express,REG-03,4.3,3,Breached,2764.31,10.5,0.31
FUL-003581,ORD-003581,2023-12-27,2023-12-29,2024-01-01,WH-REG-04,BlueDart Logistics,REG-04,5.0,5,Compliant,3974.9,5.8,0.12
FUL-004902,ORD-004902,2023-12-27,2023-12-29,2024-01-01,WH-REG-01,Ecom Express,REG-01,5.4,5,Breached,2281.42,7.4,0.31
FUL-005891,ORD-005891,2023-12-27,2023-12-28,2023-12-29,WH-REG-02,DHL Freight,REG-02,2.8,5,Compliant,3637.32,5.6,0.03
FUL-006196,ORD-006196,2023-12-27,2023-12-28,2023-12-30,WH-REG-01,FedEx Supply,REG-01,3.1,5,Compliant,2149.28,8.7,0.59
FUL-008176,ORD-008176,2023-12-27,2023-12-28,2023-12-29,WH-REG-02,FedEx Supply,REG-02,2.1,5,Compliant,2307.86,9.3,1.66
FUL-000272,ORD-000272,2023-12-28,2023-12-30,2024-01-02,WH-REG-01,FedEx Supply,REG-01,5.4,3,Breached,2920.62,6.2,1.57
FUL-000446,ORD-000446,2023-12-28,2023-12-30,2024-01-02,WH-REG-01,Ecom Express,REG-01,5.3,5,Breached,1814.37,8.3,1.03
FUL-001589,ORD-001589,2023-12-28,2023-12-30,2024-01-02,WH-REG-02,FedEx Supply,REG-02,5.2,5,Breached,3561.42,6.5,0.26
FUL-005079,ORD-005079,2023-12-28,2023-12-29,2024-01-01,WH-REG-03,BlueDart Logistics,REG-03,4.9,5,Compliant,2262.92,6.0,0.77
FUL-006084,ORD-006084,2023-12-28,2023-12-30,2024-01-03,WH-REG-05,BlueDart Logistics,REG-05,6.1,5,Breached,2470.81,5.6,0.1
FUL-006647,ORD-006647,2023-12-28,2023-12-29,2024-01-01,WH-REG-04,FedEx Supply,REG-04,4.6,5,Compliant,3066.31,8.2,0.02
FUL-006843,ORD-006843,2023-12-28,2023-12-29,2023-12-29,WH-REG-03,Ecom Express,REG-03,1.4,5,Compliant,4184.22,7.9,0.21
FUL-007520,ORD-007520,2023-12-28,2023-12-29,2023-12-31,WH-REG-01,DHL Freight,REG-01,3.8,3,Breached,1527.53,8.2,1.77
FUL-008382,ORD-008382,2023-12-28,2023-12-29,2024-01-01,WH-REG-04,FedEx Supply,REG-04,4.7,5,Compliant,3134.29,7.5,1.32
FUL-002367,ORD-002367,2023-12-29,2024-01-03,2024-01-10,WH-REG-03,FedEx Supply,REG-03,12.5,5,Breached,2029.54,12.0,0.82
FUL-003348,ORD-003348,2023-12-29,2023-12-30,2024-01-02,WH-REG-04,Ecom Express,REG-04,4.4,5,Compliant,3744.6,9.5,1.12
FUL-007593,ORD-007593,2023-12-29,2023-12-30,2024-01-01,WH-REG-02,Ecom Express,REG-02,3.8,5,Compliant,4290.01,9.8,1.23
FUL-000569,ORD-000569,2023-12-30,2023-12-31,2023-12-31,WH-REG-02,FedEx Supply,REG-02,1.9,5,Compliant,2675.47,7.4,0.89
FUL-001784,ORD-001784,2023-12-30,2024-01-01,2024-01-05,WH-REG-04,Delhivery Express,REG-04,6.8,5,Breached,4477.62,6.9,0.84
FUL-002220,ORD-002220,2023-12-30,2023-12-31,2023-12-31,WH-REG-04,DHL Freight,REG-04,1.3,5,Compliant,2025.48,6.6,1.68
FUL-002714,ORD-002714,2023-12-30,2024-01-01,2024-01-04,WH-REG-05,Delhivery Express,REG-05,5.5,5,Breached,1901.78,5.7,1.15
FUL-004221,ORD-004221,2023-12-30,2023-12-31,2024-01-02,WH-REG-01,BlueDart Logistics,REG-01,3.9,5,Compliant,2940.25,7.4,0.4
FUL-004558,ORD-004558,2023-12-30,2024-01-01,2024-01-05,WH-REG-01,BlueDart Logistics,REG-01,6.1,3,Breached,2713.73,5.6,0.74
FUL-004625,ORD-004625,2023-12-30,2023-12-31,2024-01-01,WH-REG-03,BlueDart Logistics,REG-03,2.6,5,Compliant,3219.4,9.8,1.08
FUL-004820,ORD-004820,2023-12-30,2024-01-01,2024-01-05,WH-REG-01,Delhivery Express,REG-01,6.4,3,Breached,1751.99,8.0,0.35
FUL-005264,ORD-005264,2023-12-30,2024-01-01,2024-01-05,WH-REG-03,BlueDart Logistics,REG-03,6.3,5,Breached,2577.37,5.8,1.32
FUL-006090,ORD-006090,2023-12-30,2023-12-31,2024-01-01,WH-REG-05,DHL Freight,REG-05,2.3,5,Compliant,3906.91,8.2,1.37
FUL-007644,ORD-007644,2023-12-30,2024-01-01,2024-01-04,WH-REG-03,DHL Freight,REG-03,5.0,5,Compliant,2685.34,9.0,0.77
FUL-008493,ORD-008493,2023-12-30,2024-01-01,2024-01-06,WH-REG-04,DHL Freight,REG-04,7.0,5,Breached,2224.61,5.9,0.14
FUL-001169,ORD-001169,2023-12-31,2024-01-02,2024-01-06,WH-REG-04,BlueDart Logistics,REG-04,6.7,5,Breached,2761.55,10.5,1.46
FUL-002742,ORD-002742,2023-12-31,2024-01-01,2024-01-02,WH-REG-01,FedEx Supply,REG-01,2.1,3,Compliant,4227.47,7.8,0.01
FUL-002811,ORD-002811,2023-12-31,2024-01-01,2024-01-03,WH-REG-01,DHL Freight,REG-01,3.2,3,Breached,3911.44,9.5,1.19
FUL-003089,ORD-003089,2023-12-31,2024-01-02,2024-01-06,WH-REG-03,Delhivery Express,REG-03,6.8,5,Breached,3072.95,10.1,1.04
FUL-005009,ORD-005009,2023-12-31,2024-01-02,2024-01-06,WH-REG-04,Ecom Express,REG-04,6.2,5,Breached,4047.2,11.8,0.01
FUL-005211,ORD-005211,2023-12-31,2024-01-02,2024-01-06,WH-REG-02,Ecom Express,REG-02,6.8,5,Breached,3396.51,11.0,0.14
FUL-005558,ORD-005558,2023-12-31,2024-01-01,2024-01-02,WH-REG-02,Ecom Express,REG-02,2.2,3,Compliant,3209.26,8.5,1.42
FUL-007223,ORD-007223,2023-12-31,2024-01-01,2024-01-03,WH-REG-01,FedEx Supply,REG-01,3.5,5,Compliant,4334.13,10.8,1.01
FUL-007292,ORD-007292,2023-12-31,2024-01-01,2024-01-01,WH-REG-05,DHL Freight,REG-05,1.9,5,Compliant,2494.26,10.3,1.29
FUL-007655,ORD-007655,2023-12-31,2024-01-01,2024-01-02,WH-REG-02,FedEx Supply,REG-02,2.9,5,Compliant,2228.23,6.9,0.81
FUL-008387,ORD-008387,2023-12-31,2024-01-02,2024-01-06,WH-REG-04,DHL Freight,REG-04,6.2,5,Breached,4384.95,6.7,1.08
FUL-008404,ORD-008404,2023-12-31,2024-01-01,2024-01-01,WH-REG-02,Ecom Express,REG-02,1.6,5,Compliant,2816.24,8.8,1.71
FUL-003551,ORD-003551,2024-01-01,2024-01-03,2024-01-06,WH-REG-02,BlueDart Logistics,REG-02,5.6,5,Breached,3098.17,8.8,0.66
FUL-004230,ORD-004230,2024-01-01,2024-01-02,2024-01-04,WH-REG-04,FedEx Supply,REG-04,3.0,3,Compliant,2035.29,5.7,0.7
FUL-006396,ORD-006396,2024-01-01,2024-01-02,2024-01-02,WH-REG-03,DHL Freight,REG-03,1.8,5,Compliant,1961.8,9.2,1.13
FUL-007513,ORD-007513,2024-01-01,2024-01-02,2024-01-02,WH-REG-02,Delhivery Express,REG-02,1.8,3,Compliant,4217.38,8.7,0.67
FUL-000350,ORD-000350,2024-01-02,2024-01-04,2024-01-08,WH-REG-05,BlueDart Logistics,REG-05,6.6,5,Breached,2426.08,10.7,0.58
FUL-000802,ORD-000802,2024-01-02,2024-01-03,2024-01-06,WH-REG-02,BlueDart Logistics,REG-02,4.7,5,Compliant,1718.1,8.2,1.46
FUL-001387,ORD-001387,2024-01-02,2024-01-03,2024-01-04,WH-REG-05,BlueDart Logistics,REG-05,2.1,5,Compliant,2495.75,6.4,1.03
FUL-003128,ORD-003128,2024-01-02,2024-01-03,2024-01-04,WH-REG-05,Delhivery Express,REG-05,2.3,5,Compliant,3239.42,9.4,1.67
FUL-004988,ORD-004988,2024-01-02,2024-01-03,2024-01-03,WH-REG-01,BlueDart Logistics,REG-01,1.6,5,Compliant,3064.21,10.8,1.47
FUL-005108,ORD-005108,2024-01-02,2024-01-04,2024-01-07,WH-REG-03,Delhivery Express,REG-03,5.9,5,Breached,3477.37,6.1,1.78
FUL-005577,ORD-005577,2024-01-02,2024-01-03,2024-01-04,WH-REG-05,Ecom Express,REG-05,2.6,5,Compliant,3397.87,11.6,0.16
FUL-005752,ORD-005752,2024-01-02,2024-01-04,2024-01-07,WH-REG-02,DHL Freight,REG-02,5.1,5,Breached,1424.35,7.6,0.22
FUL-005954,ORD-005954,2024-01-02,2024-01-04,2024-01-08,WH-REG-03,Delhivery Express,REG-03,6.7,3,Breached,3611.21,8.6,0.31
FUL-006956,ORD-006956,2024-01-02,2024-01-03,2024-01-03,WH-REG-05,DHL Freight,REG-05,1.3,5,Compliant,4091.75,11.1,1.12
FUL-007039,ORD-007039,2024-01-02,2024-01-03,2024-01-03,WH-REG-01,Ecom Express,REG-01,1.7,5,Compliant,2198.48,8.1,0.41
FUL-008110,ORD-008110,2024-01-02,2024-01-04,2024-01-08,WH-REG-02,DHL Freight,REG-02,6.6,5,Breached,3932.34,9.1,1.31
FUL-004707,ORD-004707,2024-01-03,2024-01-04,2024-01-04,WH-REG-01,Delhivery Express,REG-01,1.8,5,Compliant,4041.91,9.4,0.57
FUL-004776,ORD-004776,2024-01-03,2024-01-04,2024-01-05,WH-REG-01,DHL Freight,REG-01,2.8,5,Compliant,2705.73,10.4,1.18
FUL-006596,ORD-006596,2024-01-03,2024-01-04,2024-01-06,WH-REG-01,Ecom Express,REG-01,3.0,5,Compliant,2320.24,11.5,0.88
FUL-007450,ORD-007450,2024-01-03,2024-01-05,2024-01-08,WH-REG-02,FedEx Supply,REG-02,5.0,5,Compliant,2305.61,8.4,1.08
FUL-001323,ORD-001323,2024-01-04,2024-01-05,2024-01-06,WH-REG-03,FedEx Supply,REG-03,2.1,5,Compliant,3877.05,9.5,0.1
FUL-002493,ORD-002493,2024-01-04,2024-01-05,2024-01-07,WH-REG-02,BlueDart Logistics,REG-02,3.4,5,Compliant,2718.37,6.2,0.19
FUL-003250,ORD-003250,2024-01-04,2024-01-05,2024-01-07,WH-REG-05,BlueDart Logistics,REG-05,3.9,5,Compliant,1907.42,9.0,1.61
FUL-004152,ORD-004152,2024-01-04,2024-01-05,2024-01-06,WH-REG-03,DHL Freight,REG-03,2.5,5,Compliant,1029.92,10.2,0.24
FUL-007930,ORD-007930,2024-01-04,2024-01-06,2024-01-09,WH-REG-02,DHL Freight,REG-02,5.3,5,Breached,2673.46,11.0,0.44
FUL-008147,ORD-008147,2024-01-04,2024-01-05,2024-01-08,WH-REG-04,BlueDart Logistics,REG-04,4.7,5,Compliant,1680.33,6.3,0.22
FUL-000052,ORD-000052,2024-01-05,2024-01-06,2024-01-09,WH-REG-04,FedEx Supply,REG-04,4.1,5,Compliant,1039.03,8.6,1.63
FUL-000907,ORD-000907,2024-01-05,2024-01-06,2024-01-08,WH-REG-04,Ecom Express,REG-04,3.4,5,Compliant,2435.09,11.7,1.56
FUL-001761,ORD-001761,2024-01-05,2024-01-07,2024-01-10,WH-REG-02,BlueDart Logistics,REG-02,5.0,5,Compliant,3874.96,9.1,0.73
FUL-001776,ORD-001776,2024-01-05,2024-01-07,2024-01-11,WH-REG-05,Ecom Express,REG-05,6.7,3,Breached,3632.16,7.4,0.97
FUL-002791,ORD-002791,2024-01-05,2024-01-06,2024-01-07,WH-REG-01,FedEx Supply,REG-01,2.7,5,Compliant,2095.52,10.3,1.62
FUL-007260,ORD-007260,2024-01-05,2024-01-06,2024-01-09,WH-REG-03,Ecom Express,REG-03,4.1,5,Compliant,2142.23,9.1,0.9
FUL-001535,ORD-001535,2024-01-06,2024-01-07,2024-01-09,WH-REG-03,FedEx Supply,REG-03,3.0,5,Compliant,2054.12,11.3,0.32
FUL-002524,ORD-002524,2024-01-06,2024-01-08,2024-01-12,WH-REG-01,DHL Freight,REG-01,6.5,5,Breached,4397.7,7.7,1.71
FUL-004557,ORD-004557,2024-01-06,2024-01-07,2024-01-09,WH-REG-01,Delhivery Express,REG-01,3.0,5,Compliant,3387.51,12.0,1.49
FUL-004601,ORD-004601,2024-01-06,2024-01-07,2024-01-07,WH-REG-05,Delhivery Express,REG-05,1.7,5,Compliant,4325.71,9.1,1.71
FUL-005295,ORD-005295,2024-01-06,2024-01-07,2024-01-09,WH-REG-01,Ecom Express,REG-01,3.3,5,Compliant,2276.65,11.8,0.54
FUL-006096,ORD-006096,2024-01-06,2024-01-08,2024-01-11,WH-REG-04,Ecom Express,REG-04,5.0,5,Compliant,3361.87,8.7,0.88
FUL-007426,ORD-007426,2024-01-06,2024-01-07,2024-01-08,WH-REG-03,BlueDart Logistics,REG-03,2.8,5,Compliant,2224.46,10.4,1.77
FUL-000037,ORD-000037,2024-01-07,2024-01-08,2024-01-09,WH-REG-01,Ecom Express,REG-01,2.2,5,Compliant,1712.34,7.5,0.32
FUL-000267,ORD-000267,2024-01-07,2024-01-08,2024-01-10,WH-REG-01,Delhivery Express,REG-01,3.2,5,Compliant,4042.94,5.6,1.15
FUL-003934,ORD-003934,2024-01-07,2024-01-08,2024-01-10,WH-REG-02,BlueDart Logistics,REG-02,3.1,3,Breached,3756.83,8.6,0.71
FUL-006857,ORD-006857,2024-01-07,2024-01-08,2024-01-10,WH-REG-04,Delhivery Express,REG-04,3.0,5,Compliant,2320.9,6.1,0.91
FUL-007418,ORD-007418,2024-01-07,2024-01-08,2024-01-08,WH-REG-04,FedEx Supply,REG-04,1.3,5,Compliant,4373.39,8.5,1.31
FUL-008213,ORD-008213,2024-01-07,2024-01-08,2024-01-10,WH-REG-04,Delhivery Express,REG-04,3.5,3,Breached,3708.68,10.7,0.84
FUL-001313,ORD-001313,2024-01-08,2024-01-10,2024-01-13,WH-REG-05,BlueDart Logistics,REG-05,5.5,5,Breached,1308.17,9.6,0.67
FUL-001480,ORD-001480,2024-01-08,2024-01-10,2024-01-14,WH-REG-01,Delhivery Express,REG-01,6.3,5,Breached,970.75,6.2,0.76
FUL-003906,ORD-003906,2024-01-08,2024-01-10,2024-01-13,WH-REG-05,Ecom Express,REG-05,5.6,5,Breached,3075.55,9.5,1.68
FUL-005319,ORD-005319,2024-01-08,2024-01-10,2024-01-13,WH-REG-02,DHL Freight,REG-02,5.6,5,Breached,3693.31,11.1,0.02
FUL-005476,ORD-005476,2024-01-08,2024-01-09,2024-01-10,WH-REG-02,Delhivery Express,REG-02,2.5,3,Compliant,1433.97,8.9,0.57
FUL-006619,ORD-006619,2024-01-08,2024-01-10,2024-01-13,WH-REG-01,FedEx Supply,REG-01,5.0,3,Breached,1709.86,11.8,1.01
FUL-000746,ORD-000746,2024-01-09,2024-01-10,2024-01-11,WH-REG-05,Ecom Express,REG-05,2.9,3,Compliant,1902.69,8.1,1.75
FUL-001050,ORD-001050,2024-01-09,2024-01-10,2024-01-13,WH-REG-03,Ecom Express,REG-03,4.1,3,Breached,2043.15,6.8,0.78
FUL-002681,ORD-002681,2024-01-09,2024-01-10,2024-01-12,WH-REG-04,Ecom Express,REG-04,3.6,5,Compliant,3748.61,9.7,0.56
FUL-003618,ORD-003618,2024-01-09,2024-01-13,2024-01-19,WH-REG-02,BlueDart Logistics,REG-02,10.9,5,Breached,3742.33,9.1,0.58
FUL-004684,ORD-004684,2024-01-09,2024-01-10,2024-01-12,WH-REG-03,DHL Freight,REG-03,3.3,3,Breached,2971.23,10.6,0.36
FUL-005592,ORD-005592,2024-01-09,2024-01-10,2024-01-12,WH-REG-04,FedEx Supply,REG-04,3.9,5,Compliant,2429.53,7.8,1.41
FUL-007706,ORD-007706,2024-01-09,2024-01-11,2024-01-14,WH-REG-03,Ecom Express,REG-03,5.8,5,Breached,3004.58,5.6,1.43
FUL-000855,ORD-000855,2024-01-10,2024-01-12,2024-01-15,WH-REG-02,FedEx Supply,REG-02,5.4,5,Breached,1388.96,8.4,1.11
FUL-001053,ORD-001053,2024-01-10,2024-01-11,2024-01-11,WH-REG-02,Ecom Express,REG-02,1.3,5,Compliant,2665.94,11.8,0.82
FUL-001186,ORD-001186,2024-01-10,2024-01-13,2024-01-19,WH-REG-01,FedEx Supply,REG-01,9.5,5,Breached,1889.94,7.2,0.68
FUL-001290,ORD-001290,2024-01-10,2024-01-11,2024-01-14,WH-REG-02,Ecom Express,REG-02,4.0,3,Breached,4333.99,6.2,0.42
FUL-001339,ORD-001339,2024-01-10,2024-01-11,2024-01-13,WH-REG-01,Ecom Express,REG-01,3.1,5,Compliant,1393.31,6.5,1.59
FUL-001538,ORD-001538,2024-01-10,2024-01-11,2024-01-13,WH-REG-04,BlueDart Logistics,REG-04,3.4,5,Compliant,3217.6,11.8,1.25
FUL-001802,ORD-001802,2024-01-10,2024-01-12,2024-01-15,WH-REG-05,BlueDart Logistics,REG-05,5.3,3,Breached,1466.33,9.8,1.24
FUL-002176,ORD-002176,2024-01-10,2024-01-11,2024-01-12,WH-REG-02,FedEx Supply,REG-02,2.6,5,Compliant,3219.12,10.3,0.24
FUL-004325,ORD-004325,2024-01-10,2024-01-11,2024-01-14,WH-REG-02,BlueDart Logistics,REG-02,4.8,5,Compliant,3792.91,11.3,0.66
FUL-004530,ORD-004530,2024-01-10,2024-01-11,2024-01-12,WH-REG-04,DHL Freight,REG-04,2.6,5,Compliant,1241.6,8.6,1.65
FUL-005253,ORD-005253,2024-01-10,2024-01-12,2024-01-15,WH-REG-05,Ecom Express,REG-05,5.0,3,Breached,2448.0,9.4,0.76
FUL-005701,ORD-005701,2024-01-10,2024-01-11,2024-01-11,WH-REG-04,BlueDart Logistics,REG-04,1.8,5,Compliant,4087.66,5.8,1.12
FUL-001774,ORD-001774,2024-01-11,2024-01-13,2024-01-17,WH-REG-01,FedEx Supply,REG-01,6.4,5,Breached,2556.27,9.4,1.23
FUL-003123,ORD-003123,2024-01-11,2024-01-12,2024-01-14,WH-REG-02,Delhivery Express,REG-02,3.3,5,Compliant,3544.13,10.6,0.94
FUL-003977,ORD-003977,2024-01-11,2024-01-13,2024-01-16,WH-REG-01,DHL Freight,REG-01,5.3,5,Breached,4107.56,11.4,1.15
FUL-007609,ORD-007609,2024-01-11,2024-01-12,2024-01-14,WH-REG-01,Delhivery Express,REG-01,3.5,5,Compliant,2924.73,9.2,1.28
FUL-007843,ORD-007843,2024-01-11,2024-01-12,2024-01-13,WH-REG-03,FedEx Supply,REG-03,2.9,3,Compliant,1122.42,9.3,0.07
FUL-001074,ORD-001074,2024-01-12,2024-01-13,2024-01-15,WH-REG-05,DHL Freight,REG-05,3.9,5,Compliant,2014.47,11.3,1.41
FUL-001075,ORD-001075,2024-01-12,2024-01-13,2024-01-14,WH-REG-02,BlueDart Logistics,REG-02,2.9,3,Compliant,3807.84,9.8,0.91
FUL-001871,ORD-001871,2024-01-12,2024-01-13,2024-01-15,WH-REG-02,BlueDart Logistics,REG-02,3.7,5,Compliant,1868.85,10.3,0.09
FUL-001922,ORD-001922,2024-01-12,2024-01-13,2024-01-15,WH-REG-03,Ecom Express,REG-03,3.8,5,Compliant,3165.49,10.6,1.65
FUL-002523,ORD-002523,2024-01-12,2024-01-13,2024-01-16,WH-REG-02,DHL Freight,REG-02,4.1,5,Compliant,1834.68,9.4,1.51
FUL-002826,ORD-002826,2024-01-12,2024-01-13,2024-01-15,WH-REG-03,Delhivery Express,REG-03,3.0,5,Compliant,2954.51,9.0,0.44
FUL-003033,ORD-003033,2024-01-12,2024-01-13,2024-01-15,WH-REG-04,Ecom Express,REG-04,3.3,5,Compliant,2333.87,6.3,0.11
FUL-004300,ORD-004300,2024-01-12,2024-01-13,2024-01-16,WH-REG-05,BlueDart Logistics,REG-05,4.9,5,Compliant,1851.75,5.9,0.65
FUL-005365,ORD-005365,2024-01-12,2024-01-14,2024-01-18,WH-REG-05,DHL Freight,REG-05,6.2,5,Breached,4095.25,8.2,0.61
FUL-006984,ORD-006984,2024-01-12,2024-01-13,2024-01-14,WH-REG-04,DHL Freight,REG-04,2.7,5,Compliant,1695.86,6.3,1.7
FUL-008143,ORD-008143,2024-01-12,2024-01-13,2024-01-16,WH-REG-04,Delhivery Express,REG-04,4.3,5,Compliant,3848.41,11.2,0.43
FUL-001406,ORD-001406,2024-01-13,2024-01-14,2024-01-15,WH-REG-03,BlueDart Logistics,REG-03,2.6,5,Compliant,2282.44,8.2,1.1
FUL-001709,ORD-001709,2024-01-13,2024-01-14,2024-01-16,WH-REG-03,FedEx Supply,REG-03,3.9,3,Breached,3029.44,9.5,0.69
FUL-002335,ORD-002335,2024-01-13,2024-01-14,2024-01-17,WH-REG-03,Delhivery Express,REG-03,4.7,5,Compliant,3704.83,6.3,0.42
FUL-002679,ORD-002679,2024-01-13,2024-01-14,2024-01-16,WH-REG-03,DHL Freight,REG-03,3.4,5,Compliant,2223.51,8.8,0.39
FUL-003105,ORD-003105,2024-01-13,2024-01-14,2024-01-14,WH-REG-03,Ecom Express,REG-03,1.8,5,Compliant,1403.53,7.7,1.4
FUL-004602,ORD-004602,2024-01-13,2024-01-15,2024-01-18,WH-REG-02,Delhivery Express,REG-02,5.7,5,Breached,2741.73,10.6,1.55
FUL-005406,ORD-005406,2024-01-13,2024-01-14,2024-01-15,WH-REG-02,Delhivery Express,REG-02,2.9,5,Compliant,3174.86,9.4,1.54
FUL-000216,ORD-000216,2024-01-14,2024-01-18,2024-01-24,WH-REG-03,BlueDart Logistics,REG-03,10.4,5,Breached,1841.88,8.0,0.06
FUL-000630,ORD-000630,2024-01-14,2024-01-15,2024-01-18,WH-REG-03,Ecom Express,REG-03,4.7,5,Compliant,3077.35,8.1,1.13
FUL-001003,ORD-001003,2024-01-14,2024-01-16,2024-01-19,WH-REG-01,BlueDart Logistics,REG-01,5.2,5,Breached,3566.37,10.4,1.04
FUL-001414,ORD-001414,2024-01-14,2024-01-18,2024-01-24,WH-REG-01,FedEx Supply,REG-01,10.0,5,Breached,2627.98,6.8,0.33
FUL-002695,ORD-002695,2024-01-14,2024-01-15,2024-01-15,WH-REG-04,Ecom Express,REG-04,1.9,3,Compliant,1114.16,9.1,0.43
FUL-003684,ORD-003684,2024-01-14,2024-01-15,2024-01-17,WH-REG-03,DHL Freight,REG-03,3.1,5,Compliant,2378.65,6.2,1.75
FUL-003992,ORD-003992,2024-01-14,2024-01-15,2024-01-16,WH-REG-04,Delhivery Express,REG-04,2.2,5,Compliant,1795.62,6.9,0.18
FUL-004497,ORD-004497,2024-01-14,2024-01-15,2024-01-18,WH-REG-02,Delhivery Express,REG-02,4.3,5,Compliant,3361.1,7.6,1.13
FUL-004587,ORD-004587,2024-01-14,2024-01-15,2024-01-16,WH-REG-04,FedEx Supply,REG-04,2.4,5,Compliant,1798.67,7.1,0.73
FUL-006203,ORD-006203,2024-01-14,2024-01-16,2024-01-20,WH-REG-03,BlueDart Logistics,REG-03,6.0,5,Breached,4443.01,9.1,0.44
FUL-006211,ORD-006211,2024-01-14,2024-01-15,2024-01-15,WH-REG-01,FedEx Supply,REG-01,1.6,5,Compliant,2779.98,11.0,1.29
FUL-006957,ORD-006957,2024-01-14,2024-01-16,2024-01-20,WH-REG-05,DHL Freight,REG-05,6.2,5,Breached,2354.55,7.0,1.55
FUL-007213,ORD-007213,2024-01-14,2024-01-15,2024-01-17,WH-REG-04,BlueDart Logistics,REG-04,3.3,3,Breached,4252.55,5.7,1.6
FUL-002282,ORD-002282,2024-01-15,2024-01-16,2024-01-18,WH-REG-04,FedEx Supply,REG-04,3.8,5,Compliant,2213.79,11.8,0.34
FUL-003746,ORD-003746,2024-01-15,2024-01-16,2024-01-19,WH-REG-01,BlueDart Logistics,REG-01,4.0,5,Compliant,3840.08,6.3,0.74
FUL-004961,ORD-004961,2024-01-15,2024-01-16,2024-01-19,WH-REG-02,Delhivery Express,REG-02,4.5,5,Compliant,4411.03,10.0,1.32
FUL-005387,ORD-005387,2024-01-15,2024-01-16,2024-01-19,WH-REG-05,BlueDart Logistics,REG-05,4.9,5,Compliant,1973.26,7.4,1.75
FUL-005929,ORD-005929,2024-01-15,2024-01-16,2024-01-19,WH-REG-01,Delhivery Express,REG-01,4.8,5,Compliant,2105.87,6.5,1.62
FUL-006215,ORD-006215,2024-01-15,2024-01-16,2024-01-18,WH-REG-01,BlueDart Logistics,REG-01,3.0,3,Compliant,1642.64,6.6,1.14
FUL-008290,ORD-008290,2024-01-15,2024-01-16,2024-01-17,WH-REG-01,DHL Freight,REG-01,2.9,3,Compliant,4193.45,8.6,1.7
FUL-003707,ORD-003707,2024-01-16,2024-01-17,2024-01-17,WH-REG-03,Ecom Express,REG-03,1.9,5,Compliant,2860.61,6.0,0.64
FUL-003757,ORD-003757,2024-01-16,2024-01-17,2024-01-17,WH-REG-04,DHL Freight,REG-04,1.5,3,Compliant,3443.22,8.4,1.33
FUL-003866,ORD-003866,2024-01-16,2024-01-17,2024-01-19,WH-REG-04,Ecom Express,REG-04,3.8,5,Compliant,4439.29,9.1,1.64
FUL-005566,ORD-005566,2024-01-16,2024-01-17,2024-01-20,WH-REG-01,Ecom Express,REG-01,4.8,3,Breached,2521.52,12.0,1.78
FUL-008058,ORD-008058,2024-01-16,2024-01-17,2024-01-20,WH-REG-01,DHL Freight,REG-01,4.7,5,Compliant,3097.89,8.3,1.61
FUL-000148,ORD-000148,2024-01-17,2024-01-18,2024-01-21,WH-REG-02,Delhivery Express,REG-02,4.4,5,Compliant,4070.68,7.6,1.06
FUL-000766,ORD-000766,2024-01-17,2024-01-18,2024-01-19,WH-REG-02,DHL Freight,REG-02,2.2,5,Compliant,1601.67,6.3,0.57
FUL-001083,ORD-001083,2024-01-17,2024-01-18,2024-01-21,WH-REG-03,FedEx Supply,REG-03,4.2,5,Compliant,1282.89,11.6,1.47
FUL-001175,ORD-001175,2024-01-17,2024-01-18,2024-01-21,WH-REG-03,Ecom Express,REG-03,4.7,5,Compliant,2798.69,11.7,1.68
FUL-001729,ORD-001729,2024-01-17,2024-01-18,2024-01-19,WH-REG-01,Delhivery Express,REG-01,2.6,5,Compliant,2421.35,9.8,1.23
FUL-002842,ORD-002842,2024-01-17,2024-01-18,2024-01-21,WH-REG-04,FedEx Supply,REG-04,4.4,5,Compliant,2030.89,10.5,1.21
FUL-004099,ORD-004099,2024-01-17,2024-01-18,2024-01-21,WH-REG-05,FedEx Supply,REG-05,4.6,5,Compliant,3784.15,7.3,0.08
FUL-008117,ORD-008117,2024-01-17,2024-01-18,2024-01-20,WH-REG-04,DHL Freight,REG-04,3.4,3,Breached,2878.94,10.1,0.6
FUL-008190,ORD-008190,2024-01-17,2024-01-19,2024-01-23,WH-REG-01,BlueDart Logistics,REG-01,6.1,5,Breached,874.71,10.8,1.41
FUL-008270,ORD-008270,2024-01-17,2024-01-18,2024-01-19,WH-REG-03,DHL Freight,REG-03,2.7,3,Compliant,1825.69,9.5,0.41
FUL-000578,ORD-000578,2024-01-18,2024-01-20,2024-01-23,WH-REG-01,DHL Freight,REG-01,5.4,5,Breached,1322.29,11.4,0.2
FUL-000675,ORD-000675,2024-01-18,2024-01-19,2024-01-21,WH-REG-03,BlueDart Logistics,REG-03,3.6,5,Compliant,1742.87,9.3,1.65
FUL-000699,ORD-000699,2024-01-18,2024-01-19,2024-01-20,WH-REG-02,BlueDart Logistics,REG-02,2.9,5,Compliant,1105.25,10.8,1.63
FUL-001136,ORD-001136,2024-01-18,2024-01-19,2024-01-19,WH-REG-03,Delhivery Express,REG-03,1.2,5,Compliant,4355.73,5.9,1.68
FUL-001839,ORD-001839,2024-01-18,2024-01-20,2024-01-23,WH-REG-02,FedEx Supply,REG-02,5.4,5,Breached,4150.0,10.3,1.4
FUL-006744,ORD-006744,2024-01-18,2024-01-19,2024-01-21,WH-REG-03,BlueDart Logistics,REG-03,3.1,5,Compliant,3059.14,8.7,0.66
FUL-004627,ORD-004627,2024-01-19,2024-01-20,2024-01-22,WH-REG-01,FedEx Supply,REG-01,3.4,5,Compliant,1120.04,6.9,0.41
FUL-004663,ORD-004663,2024-01-19,2024-01-20,2024-01-21,WH-REG-05,FedEx Supply,REG-05,2.4,5,Compliant,1661.06,9.3,0.17
FUL-006536,ORD-006536,2024-01-19,2024-01-20,2024-01-21,WH-REG-02,Ecom Express,REG-02,2.0,5,Compliant,3208.59,6.9,1.4
FUL-006548,ORD-006548,2024-01-19,2024-01-21,2024-01-25,WH-REG-01,Ecom Express,REG-01,6.0,5,Breached,4102.71,11.8,0.86
FUL-007623,ORD-007623,2024-01-19,2024-01-20,2024-01-21,WH-REG-01,DHL Freight,REG-01,2.1,5,Compliant,2472.98,10.5,1.61
FUL-007741,ORD-007741,2024-01-19,2024-01-20,2024-01-23,WH-REG-03,Delhivery Express,REG-03,4.4,5,Compliant,4105.51,9.9,0.3
FUL-008198,ORD-008198,2024-01-19,2024-01-21,2024-01-25,WH-REG-02,DHL Freight,REG-02,6.0,5,Breached,869.94,6.4,0.86
FUL-001452,ORD-001452,2024-01-20,2024-01-22,2024-01-26,WH-REG-04,FedEx Supply,REG-04,6.1,3,Breached,1896.9,5.8,1.35
FUL-003472,ORD-003472,2024-01-20,2024-01-21,2024-01-24,WH-REG-05,Delhivery Express,REG-05,4.9,5,Compliant,4436.95,8.3,0.52
FUL-004830,ORD-004830,2024-01-20,2024-01-22,2024-01-26,WH-REG-02,FedEx Supply,REG-02,6.3,3,Breached,3145.03,9.9,1.21
FUL-005085,ORD-005085,2024-01-20,2024-01-21,2024-01-23,WH-REG-03,DHL Freight,REG-03,3.6,3,Breached,2645.74,8.7,0.87
FUL-007588,ORD-007588,2024-01-20,2024-01-22,2024-01-25,WH-REG-02,FedEx Supply,REG-02,5.4,5,Breached,1262.24,9.6,0.24
FUL-008272,ORD-008272,2024-01-20,2024-01-22,2024-01-25,WH-REG-05,FedEx Supply,REG-05,5.3,5,Breached,1793.55,6.8,0.47
FUL-000306,ORD-000306,2024-01-21,2024-01-22,2024-01-22,WH-REG-02,BlueDart Logistics,REG-02,1.6,5,Compliant,3101.73,9.1,0.39
FUL-000781,ORD-000781,2024-01-21,2024-01-23,2024-01-27,WH-REG-03,FedEx Supply,REG-03,6.5,5,Breached,2982.62,9.9,0.25
FUL-003517,ORD-003517,2024-01-21,2024-01-23,2024-01-26,WH-REG-01,Delhivery Express,REG-01,5.6,5,Breached,1842.19,8.0,0.54
FUL-004567,ORD-004567,2024-01-21,2024-01-22,2024-01-22,WH-REG-01,Delhivery Express,REG-01,1.3,5,Compliant,4008.55,8.3,0.08
FUL-007878,ORD-007878,2024-01-21,2024-01-22,2024-01-25,WH-REG-01,FedEx Supply,REG-01,4.3,5,Compliant,1897.21,5.6,1.1
FUL-000287,ORD-000287,2024-01-22,2024-01-24,2024-01-28,WH-REG-03,DHL Freight,REG-03,6.6,5,Breached,1950.09,7.9,0.73
FUL-001348,ORD-001348,2024-01-22,2024-01-23,2024-01-25,WH-REG-03,FedEx Supply,REG-03,3.8,5,Compliant,2958.34,11.9,1.25
FUL-002010,ORD-002010,2024-01-22,2024-01-24,2024-01-28,WH-REG-01,BlueDart Logistics,REG-01,6.7,3,Breached,1589.71,9.3,1.42
FUL-002162,ORD-002162,2024-01-22,2024-01-24,2024-01-28,WH-REG-04,Delhivery Express,REG-04,6.3,5,Breached,1933.01,12.0,0.59
FUL-003069,ORD-003069,2024-01-22,2024-01-23,2024-01-25,WH-REG-02,BlueDart Logistics,REG-02,3.9,5,Compliant,3822.99,9.9,1.47
FUL-004277,ORD-004277,2024-01-22,2024-01-27,2024-02-04,WH-REG-01,Delhivery Express,REG-01,13.7,5,Breached,4383.23,7.2,1.23
FUL-004533,ORD-004533,2024-01-22,2024-01-26,2024-02-01,WH-REG-02,BlueDart Logistics,REG-02,10.3,5,Breached,2431.9,9.3,1.79
FUL-005684,ORD-005684,2024-01-22,2024-01-23,2024-01-25,WH-REG-01,DHL Freight,REG-01,3.9,5,Compliant,4275.84,10.9,1.3
FUL-000151,ORD-000151,2024-01-23,2024-01-24,2024-01-26,WH-REG-05,Ecom Express,REG-05,3.3,5,Compliant,4405.66,11.6,0.28
FUL-002530,ORD-002530,2024-01-23,2024-01-24,2024-01-27,WH-REG-02,DHL Freight,REG-02,4.5,5,Compliant,2760.52,10.0,1.43
FUL-003003,ORD-003003,2024-01-23,2024-01-24,2024-01-27,WH-REG-01,DHL Freight,REG-01,4.4,5,Compliant,2506.43,7.0,1.46
FUL-004146,ORD-004146,2024-01-23,2024-01-24,2024-01-27,WH-REG-02,FedEx Supply,REG-02,4.0,5,Compliant,3111.96,6.7,1.74
FUL-004179,ORD-004179,2024-01-23,2024-01-24,2024-01-26,WH-REG-02,FedEx Supply,REG-02,3.9,5,Compliant,4102.09,6.1,0.36
FUL-004937,ORD-004937,2024-01-23,2024-01-25,2024-01-28,WH-REG-01,Delhivery Express,REG-01,5.5,5,Breached,971.66,8.5,1.24
FUL-005392,ORD-005392,2024-01-23,2024-01-24,2024-01-27,WH-REG-02,FedEx Supply,REG-02,4.3,5,Compliant,2014.27,5.7,0.22
FUL-006654,ORD-006654,2024-01-23,2024-01-25,2024-01-28,WH-REG-04,BlueDart Logistics,REG-04,5.4,5,Breached,2527.0,7.2,0.11
FUL-006921,ORD-006921,2024-01-23,2024-01-24,2024-01-26,WH-REG-05,FedEx Supply,REG-05,3.9,5,Compliant,2930.79,8.8,0.97
FUL-007212,ORD-007212,2024-01-23,2024-01-25,2024-01-28,WH-REG-04,BlueDart Logistics,REG-04,5.1,5,Breached,865.04,6.6,1.23
FUL-000011,ORD-000011,2024-01-24,2024-01-25,2024-01-28,WH-REG-05,Ecom Express,REG-05,4.0,3,Breached,1038.06,10.5,1.71
FUL-001312,ORD-001312,2024-01-24,2024-01-26,2024-01-29,WH-REG-02,DHL Freight,REG-02,5.2,5,Breached,3492.96,10.7,1.37
FUL-003149,ORD-003149,2024-01-24,2024-01-25,2024-01-27,WH-REG-04,Delhivery Express,REG-04,3.3,3,Breached,3421.99,10.2,1.42
FUL-003840,ORD-003840,2024-01-24,2024-01-25,2024-01-27,WH-REG-03,FedEx Supply,REG-03,3.7,5,Compliant,4286.6,10.1,0.33
FUL-000753,ORD-000753,2024-01-25,2024-01-27,2024-01-31,WH-REG-01,DHL Freight,REG-01,6.2,5,Breached,4141.65,8.1,0.52
FUL-001389,ORD-001389,2024-01-25,2024-01-26,2024-01-29,WH-REG-05,Ecom Express,REG-05,4.1,3,Breached,1459.88,9.5,1.64
FUL-005587,ORD-005587,2024-01-25,2024-01-26,2024-01-27,WH-REG-04,BlueDart Logistics,REG-04,2.0,5,Compliant,1984.68,9.5,0.34
FUL-006385,ORD-006385,2024-01-25,2024-01-27,2024-01-30,WH-REG-04,BlueDart Logistics,REG-04,5.2,5,Breached,2736.59,8.1,1.39
FUL-004262,ORD-004262,2024-01-26,2024-01-27,2024-01-28,WH-REG-02,DHL Freight,REG-02,2.0,5,Compliant,2600.44,10.1,0.04
FUL-005725,ORD-005725,2024-01-26,2024-01-27,2024-01-30,WH-REG-02,Delhivery Express,REG-02,4.9,3,Breached,1911.93,10.0,0.52
FUL-006629,ORD-006629,2024-01-26,2024-01-27,2024-01-28,WH-REG-04,BlueDart Logistics,REG-04,2.7,5,Compliant,1601.55,10.2,1.06
FUL-003091,ORD-003091,2024-01-27,2024-01-28,2024-01-29,WH-REG-05,Ecom Express,REG-05,2.1,5,Compliant,2464.96,6.9,0.2
FUL-004268,ORD-004268,2024-01-27,2024-02-01,2024-02-08,WH-REG-05,Delhivery Express,REG-05,12.6,5,Breached,1556.77,9.3,0.21
FUL-004729,ORD-004729,2024-01-27,2024-01-29,2024-02-01,WH-REG-02,DHL Freight,REG-02,5.7,5,Breached,1163.56,11.7,0.96
FUL-005417,ORD-005417,2024-01-27,2024-01-29,2024-02-02,WH-REG-01,FedEx Supply,REG-01,6.1,5,Breached,2415.14,11.3,1.22
FUL-006661,ORD-006661,2024-01-27,2024-01-29,2024-02-02,WH-REG-01,FedEx Supply,REG-01,6.7,5,Breached,1072.06,8.1,0.17
FUL-007635,ORD-007635,2024-01-27,2024-01-29,2024-02-02,WH-REG-05,FedEx Supply,REG-05,6.4,5,Breached,1356.76,6.3,1.04
FUL-000947,ORD-000947,2024-01-28,2024-01-29,2024-01-31,WH-REG-05,BlueDart Logistics,REG-05,3.9,5,Compliant,1748.23,9.1,0.74
FUL-000021,ORD-000021,2024-01-29,2024-01-30,2024-01-30,WH-REG-03,Ecom Express,REG-03,1.4,3,Compliant,4207.29,6.9,1.14
FUL-000130,ORD-000130,2024-01-29,2024-01-30,2024-01-31,WH-REG-01,BlueDart Logistics,REG-01,2.3,5,Compliant,1660.03,9.3,0.58
FUL-000404,ORD-000404,2024-01-29,2024-01-30,2024-01-31,WH-REG-04,FedEx Supply,REG-04,2.3,3,Compliant,890.36,10.1,1.59
FUL-002998,ORD-002998,2024-01-29,2024-02-03,2024-02-11,WH-REG-03,FedEx Supply,REG-03,13.0,5,Breached,3436.34,11.0,1.73
FUL-003597,ORD-003597,2024-01-29,2024-01-30,2024-02-02,WH-REG-05,BlueDart Logistics,REG-05,4.6,5,Compliant,3944.78,10.8,1.02
FUL-005337,ORD-005337,2024-01-29,2024-01-31,2024-02-03,WH-REG-02,Ecom Express,REG-02,5.8,5,Breached,1022.72,11.1,1.45
FUL-006692,ORD-006692,2024-01-29,2024-01-30,2024-01-30,WH-REG-04,BlueDart Logistics,REG-04,1.4,3,Compliant,930.53,10.4,0.18
FUL-006777,ORD-006777,2024-01-29,2024-02-01,2024-02-07,WH-REG-01,Delhivery Express,REG-01,9.4,5,Breached,1620.51,7.1,1.2
FUL-006949,ORD-006949,2024-01-29,2024-01-30,2024-01-31,WH-REG-04,FedEx Supply,REG-04,2.5,5,Compliant,3480.75,6.9,0.47
FUL-000147,ORD-000147,2024-01-30,2024-02-01,2024-02-04,WH-REG-01,DHL Freight,REG-01,5.1,3,Breached,987.3,8.6,0.25
FUL-000293,ORD-000293,2024-01-30,2024-02-01,2024-02-05,WH-REG-01,FedEx Supply,REG-01,6.1,5,Breached,1144.89,11.8,0.71
FUL-000478,ORD-000478,2024-01-30,2024-01-31,2024-02-01,WH-REG-02,Delhivery Express,REG-02,2.6,5,Compliant,2247.04,11.7,0.34
FUL-001585,ORD-001585,2024-01-30,2024-02-01,2024-02-05,WH-REG-05,Delhivery Express,REG-05,6.3,5,Breached,1372.35,9.0,1.24
FUL-002211,ORD-002211,2024-01-30,2024-01-31,2024-02-01,WH-REG-01,FedEx Supply,REG-01,2.4,3,Compliant,3538.18,9.4,1.29
FUL-002378,ORD-002378,2024-01-30,2024-01-31,2024-02-02,WH-REG-04,Ecom Express,REG-04,3.3,5,Compliant,2523.99,11.1,0.34
FUL-002567,ORD-002567,2024-01-30,2024-01-31,2024-02-02,WH-REG-01,BlueDart Logistics,REG-01,3.2,5,Compliant,3149.47,6.0,1.33
FUL-006188,ORD-006188,2024-01-30,2024-02-01,2024-02-05,WH-REG-03,BlueDart Logistics,REG-03,6.4,5,Breached,1132.66,10.9,1.36
FUL-006422,ORD-006422,2024-01-30,2024-02-01,2024-02-04,WH-REG-04,Delhivery Express,REG-04,5.1,5,Breached,3425.69,10.3,0.96
FUL-000138,ORD-000138,2024-01-31,2024-02-02,2024-02-05,WH-REG-01,BlueDart Logistics,REG-01,5.5,5,Breached,1584.19,5.9,1.53
FUL-003273,ORD-003273,2024-01-31,2024-02-01,2024-02-02,WH-REG-04,Ecom Express,REG-04,2.2,3,Compliant,2208.08,9.7,0.49
FUL-003386,ORD-003386,2024-01-31,2024-02-01,2024-02-03,WH-REG-02,Ecom Express,REG-02,3.1,5,Compliant,2015.23,10.2,1.74
FUL-003539,ORD-003539,2024-01-31,2024-02-02,2024-02-06,WH-REG-03,Ecom Express,REG-03,6.6,5,Breached,3814.84,8.9,0.47
FUL-005070,ORD-005070,2024-01-31,2024-02-01,2024-02-01,WH-REG-02,DHL Freight,REG-02,1.9,5,Compliant,2481.08,9.3,0.82
FUL-005480,ORD-005480,2024-01-31,2024-02-02,2024-02-06,WH-REG-03,Delhivery Express,REG-03,6.3,5,Breached,1828.46,9.7,1.28
FUL-006280,ORD-006280,2024-01-31,2024-02-01,2024-02-04,WH-REG-05,FedEx Supply,REG-05,4.6,5,Compliant,2759.94,6.8,1.06
FUL-006451,ORD-006451,2024-01-31,2024-02-01,2024-02-04,WH-REG-05,Ecom Express,REG-05,4.7,5,Compliant,2352.46,6.7,0.02
FUL-006879,ORD-006879,2024-01-31,2024-02-01,2024-02-03,WH-REG-05,DHL Freight,REG-05,3.3,3,Breached,1553.19,7.6,0.1
FUL-000371,ORD-000371,2024-02-01,2024-02-02,2024-02-04,WH-REG-01,DHL Freight,REG-01,3.5,5,Compliant,3735.78,9.5,1.33
FUL-000381,ORD-000381,2024-02-01,2024-02-02,2024-02-03,WH-REG-03,FedEx Supply,REG-03,2.0,5,Compliant,3917.26,8.8,0.16
FUL-003429,ORD-003429,2024-02-01,2024-02-02,2024-02-03,WH-REG-04,Delhivery Express,REG-04,2.1,5,Compliant,3850.99,10.6,0.68
FUL-003916,ORD-003916,2024-02-01,2024-02-02,2024-02-02,WH-REG-03,Ecom Express,REG-03,1.6,5,Compliant,1514.21,9.4,0.79
FUL-004107,ORD-004107,2024-02-01,2024-02-02,2024-02-02,WH-REG-04,Delhivery Express,REG-04,1.8,5,Compliant,3371.06,8.3,1.0
FUL-004445,ORD-004445,2024-02-01,2024-02-03,2024-02-07,WH-REG-01,Delhivery Express,REG-01,6.7,5,Breached,1685.31,11.0,0.74
FUL-006577,ORD-006577,2024-02-01,2024-02-03,2024-02-06,WH-REG-04,BlueDart Logistics,REG-04,5.2,5,Breached,1067.56,5.6,1.76
FUL-006848,ORD-006848,2024-02-01,2024-02-02,2024-02-03,WH-REG-02,Delhivery Express,REG-02,2.9,5,Compliant,4089.68,9.8,0.75
FUL-008046,ORD-008046,2024-02-01,2024-02-02,2024-02-04,WH-REG-04,Ecom Express,REG-04,3.9,5,Compliant,2674.9,9.6,0.86
FUL-000570,ORD-000570,2024-02-02,2024-02-05,2024-02-11,WH-REG-01,Ecom Express,REG-01,9.6,5,Breached,961.81,6.5,1.48
FUL-000721,ORD-000721,2024-02-02,2024-02-04,2024-02-08,WH-REG-01,Ecom Express,REG-01,6.5,5,Breached,2325.58,10.3,0.53
FUL-001781,ORD-001781,2024-02-02,2024-02-03,2024-02-04,WH-REG-01,DHL Freight,REG-01,2.3,3,Compliant,3354.35,10.1,0.45
FUL-001916,ORD-001916,2024-02-02,2024-02-04,2024-02-07,WH-REG-03,BlueDart Logistics,REG-03,5.7,3,Breached,3056.06,7.1,0.21
FUL-002308,ORD-002308,2024-02-02,2024-02-03,2024-02-04,WH-REG-05,FedEx Supply,REG-05,2.6,5,Compliant,2691.15,5.6,1.46
FUL-004068,ORD-004068,2024-02-02,2024-02-04,2024-02-07,WH-REG-01,FedEx Supply,REG-01,5.4,5,Breached,3837.85,5.9,1.63
FUL-005266,ORD-005266,2024-02-02,2024-02-04,2024-02-08,WH-REG-01,DHL Freight,REG-01,6.0,3,Breached,4168.09,6.6,1.56
FUL-005413,ORD-005413,2024-02-02,2024-02-03,2024-02-04,WH-REG-05,Delhivery Express,REG-05,2.7,5,Compliant,4084.77,11.0,1.59
FUL-007461,ORD-007461,2024-02-02,2024-02-03,2024-02-06,WH-REG-04,FedEx Supply,REG-04,4.8,5,Compliant,2667.63,9.0,1.03
FUL-007586,ORD-007586,2024-02-02,2024-02-04,2024-02-08,WH-REG-02,FedEx Supply,REG-02,6.2,5,Breached,4062.93,6.4,1.53
FUL-002511,ORD-002511,2024-02-03,2024-02-04,2024-02-07,WH-REG-03,Delhivery Express,REG-03,4.1,3,Breached,4276.35,9.2,0.05
FUL-003190,ORD-003190,2024-02-03,2024-02-04,2024-02-05,WH-REG-05,Delhivery Express,REG-05,2.4,3,Compliant,2393.88,6.8,0.04
FUL-007202,ORD-007202,2024-02-03,2024-02-05,2024-02-08,WH-REG-04,Delhivery Express,REG-04,5.7,5,Breached,4452.13,10.7,1.67
FUL-008370,ORD-008370,2024-02-03,2024-02-05,2024-02-08,WH-REG-05,Ecom Express,REG-05,5.4,5,Breached,4277.45,8.8,1.63
FUL-000187,ORD-000187,2024-02-04,2024-02-06,2024-02-09,WH-REG-03,FedEx Supply,REG-03,5.3,5,Breached,2973.83,10.1,0.76
FUL-002200,ORD-002200,2024-02-04,2024-02-05,2024-02-08,WH-REG-01,BlueDart Logistics,REG-01,4.1,5,Compliant,2706.0,11.0,0.44
FUL-003340,ORD-003340,2024-02-04,2024-02-05,2024-02-07,WH-REG-03,Ecom Express,REG-03,3.7,5,Compliant,3717.33,7.9,0.53
FUL-005263,ORD-005263,2024-02-04,2024-02-05,2024-02-05,WH-REG-02,FedEx Supply,REG-02,1.3,5,Compliant,4347.47,10.8,0.2
FUL-005935,ORD-005935,2024-02-04,2024-02-06,2024-02-10,WH-REG-02,FedEx Supply,REG-02,6.2,5,Breached,2557.79,6.9,0.65
FUL-006059,ORD-006059,2024-02-04,2024-02-05,2024-02-08,WH-REG-01,Ecom Express,REG-01,4.9,5,Compliant,1012.51,10.7,1.76
FUL-006206,ORD-006206,2024-02-04,2024-02-06,2024-02-10,WH-REG-05,Delhivery Express,REG-05,6.8,3,Breached,4171.69,9.9,1.16
FUL-006502,ORD-006502,2024-02-04,2024-02-06,2024-02-10,WH-REG-01,Delhivery Express,REG-01,6.7,5,Breached,3476.58,8.1,1.57
FUL-007587,ORD-007587,2024-02-04,2024-02-06,2024-02-09,WH-REG-03,Ecom Express,REG-03,5.5,5,Breached,1737.82,9.5,1.32
FUL-007995,ORD-007995,2024-02-04,2024-02-05,2024-02-07,WH-REG-04,Delhivery Express,REG-04,3.0,5,Compliant,3579.49,6.6,1.2
FUL-002532,ORD-002532,2024-02-05,2024-02-06,2024-02-06,WH-REG-02,Ecom Express,REG-02,1.2,5,Compliant,2228.48,9.1,1.36
FUL-002636,ORD-002636,2024-02-05,2024-02-07,2024-02-10,WH-REG-01,DHL Freight,REG-01,5.7,5,Breached,3367.3,9.4,0.68
FUL-003362,ORD-003362,2024-02-05,2024-02-07,2024-02-10,WH-REG-01,DHL Freight,REG-01,5.4,5,Breached,3460.76,8.6,0.2
FUL-003938,ORD-003938,2024-02-05,2024-02-07,2024-02-10,WH-REG-01,BlueDart Logistics,REG-01,5.3,5,Breached,3462.28,8.1,0.76
FUL-004666,ORD-004666,2024-02-05,2024-02-07,2024-02-10,WH-REG-02,Delhivery Express,REG-02,5.7,5,Breached,3494.66,10.0,0.02
FUL-006643,ORD-006643,2024-02-05,2024-02-06,2024-02-08,WH-REG-05,FedEx Supply,REG-05,3.1,5,Compliant,3444.27,7.3,0.19
FUL-006907,ORD-006907,2024-02-05,2024-02-07,2024-02-10,WH-REG-05,BlueDart Logistics,REG-05,5.9,5,Breached,1655.33,8.2,1.74
FUL-007149,ORD-007149,2024-02-05,2024-02-06,2024-02-08,WH-REG-03,FedEx Supply,REG-03,3.0,5,Compliant,1306.08,9.1,1.15
FUL-000509,ORD-000509,2024-02-06,2024-02-08,2024-02-11,WH-REG-01,Delhivery Express,REG-01,5.7,5,Breached,1084.66,6.1,1.28
FUL-000703,ORD-000703,2024-02-06,2024-02-08,2024-02-12,WH-REG-03,BlueDart Logistics,REG-03,6.7,5,Breached,2956.47,9.8,0.62
FUL-001106,ORD-001106,2024-02-06,2024-02-08,2024-02-11,WH-REG-01,FedEx Supply,REG-01,5.3,3,Breached,1221.42,7.6,0.55
FUL-002199,ORD-002199,2024-02-06,2024-02-07,2024-02-10,WH-REG-03,BlueDart Logistics,REG-03,4.8,5,Compliant,975.28,10.1,1.32
FUL-002365,ORD-002365,2024-02-06,2024-02-07,2024-02-09,WH-REG-01,FedEx Supply,REG-01,3.2,5,Compliant,3704.47,7.4,0.72
FUL-002401,ORD-002401,2024-02-06,2024-02-07,2024-02-09,WH-REG-02,FedEx Supply,REG-02,3.2,5,Compliant,3913.4,8.7,0.29
FUL-002526,ORD-002526,2024-02-06,2024-02-07,2024-02-08,WH-REG-02,Ecom Express,REG-02,2.0,5,Compliant,2004.35,7.1,0.96
FUL-002553,ORD-002553,2024-02-06,2024-02-07,2024-02-10,WH-REG-03,Ecom Express,REG-03,4.0,5,Compliant,2202.44,6.1,0.22
FUL-003989,ORD-003989,2024-02-06,2024-02-07,2024-02-07,WH-REG-05,BlueDart Logistics,REG-05,1.3,5,Compliant,2742.14,8.3,1.21
FUL-007447,ORD-007447,2024-02-06,2024-02-08,2024-02-12,WH-REG-05,DHL Freight,REG-05,6.1,5,Breached,1292.94,6.4,0.32
FUL-007683,ORD-007683,2024-02-06,2024-02-07,2024-02-09,WH-REG-03,DHL Freight,REG-03,3.4,5,Compliant,2096.17,9.8,1.5
FUL-007940,ORD-007940,2024-02-06,2024-02-07,2024-02-10,WH-REG-04,DHL Freight,REG-04,4.7,5,Compliant,1697.63,9.4,1.22
FUL-008092,ORD-008092,2024-02-06,2024-02-08,2024-02-12,WH-REG-05,DHL Freight,REG-05,6.7,3,Breached,1186.38,10.8,0.72
FUL-008287,ORD-008287,2024-02-06,2024-02-07,2024-02-09,WH-REG-02,Delhivery Express,REG-02,3.1,5,Compliant,3064.48,10.5,0.41
FUL-000281,ORD-000281,2024-02-07,2024-02-08,2024-02-09,WH-REG-03,DHL Freight,REG-03,2.1,3,Compliant,3223.83,9.6,0.97
FUL-000427,ORD-000427,2024-02-07,2024-02-09,2024-02-13,WH-REG-01,Delhivery Express,REG-01,6.1,5,Breached,3348.86,9.4,0.84
FUL-001126,ORD-001126,2024-02-07,2024-02-09,2024-02-13,WH-REG-01,Delhivery Express,REG-01,6.7,5,Breached,1328.57,6.1,0.64
FUL-001496,ORD-001496,2024-02-07,2024-02-09,2024-02-12,WH-REG-04,BlueDart Logistics,REG-04,5.6,5,Breached,2748.51,11.1,0.68
FUL-001796,ORD-001796,2024-02-07,2024-02-08,2024-02-08,WH-REG-05,DHL Freight,REG-05,1.6,5,Compliant,2763.8,8.6,1.64
FUL-002238,ORD-002238,2024-02-07,2024-02-09,2024-02-13,WH-REG-03,DHL Freight,REG-03,6.7,5,Breached,1943.0,8.4,1.14
FUL-002891,ORD-002891,2024-02-07,2024-02-09,2024-02-13,WH-REG-01,FedEx Supply,REG-01,6.3,5,Breached,1624.41,6.7,0.15
FUL-003724,ORD-003724,2024-02-07,2024-02-09,2024-02-13,WH-REG-05,Delhivery Express,REG-05,6.1,5,Breached,2333.87,10.8,0.33
FUL-004924,ORD-004924,2024-02-07,2024-02-08,2024-02-08,WH-REG-05,FedEx Supply,REG-05,1.5,5,Compliant,2515.38,11.1,0.28
FUL-006606,ORD-006606,2024-02-07,2024-02-09,2024-02-13,WH-REG-01,DHL Freight,REG-01,6.6,5,Breached,2531.12,7.7,0.01
FUL-006655,ORD-006655,2024-02-07,2024-02-08,2024-02-09,WH-REG-04,BlueDart Logistics,REG-04,2.5,3,Compliant,1302.81,8.2,1.64
FUL-006909,ORD-006909,2024-02-07,2024-02-08,2024-02-10,WH-REG-03,FedEx Supply,REG-03,3.2,5,Compliant,1863.32,11.1,0.86
FUL-000128,ORD-000128,2024-02-08,2024-02-10,2024-02-14,WH-REG-02,BlueDart Logistics,REG-02,6.3,5,Breached,2600.59,9.1,1.34
FUL-002429,ORD-002429,2024-02-08,2024-02-09,2024-02-11,WH-REG-01,Delhivery Express,REG-01,3.2,3,Breached,4022.11,7.1,0.64
FUL-002618,ORD-002618,2024-02-08,2024-02-09,2024-02-11,WH-REG-03,Ecom Express,REG-03,3.5,5,Compliant,3718.53,9.8,1.54
FUL-004056,ORD-004056,2024-02-08,2024-02-09,2024-02-12,WH-REG-03,BlueDart Logistics,REG-03,4.7,5,Compliant,1147.92,10.7,1.24
FUL-004186,ORD-004186,2024-02-08,2024-02-09,2024-02-11,WH-REG-05,BlueDart Logistics,REG-05,3.6,5,Compliant,1881.97,9.2,0.5
FUL-006646,ORD-006646,2024-02-08,2024-02-09,2024-02-09,WH-REG-01,DHL Freight,REG-01,1.9,5,Compliant,2077.17,9.7,0.19
FUL-007979,ORD-007979,2024-02-08,2024-02-10,2024-02-14,WH-REG-02,BlueDart Logistics,REG-02,6.7,5,Breached,1593.33,7.0,1.33
FUL-003241,ORD-003241,2024-02-09,2024-02-11,2024-02-14,WH-REG-02,FedEx Supply,REG-02,5.2,5,Breached,856.88,11.0,0.75
FUL-003763,ORD-003763,2024-02-09,2024-02-11,2024-02-14,WH-REG-02,BlueDart Logistics,REG-02,5.6,5,Breached,3139.78,11.4,0.04
FUL-005128,ORD-005128,2024-02-09,2024-02-11,2024-02-14,WH-REG-05,FedEx Supply,REG-05,5.4,5,Breached,920.97,10.0,1.18
FUL-007937,ORD-007937,2024-02-09,2024-02-10,2024-02-11,WH-REG-01,Delhivery Express,REG-01,2.8,5,Compliant,2601.55,6.5,1.36
FUL-000113,ORD-000113,2024-02-10,2024-02-12,2024-02-16,WH-REG-04,BlueDart Logistics,REG-04,6.7,5,Breached,1746.99,9.5,1.72
FUL-000590,ORD-000590,2024-02-10,2024-02-11,2024-02-12,WH-REG-05,FedEx Supply,REG-05,2.5,3,Compliant,1049.93,11.1,1.36
FUL-001645,ORD-001645,2024-02-10,2024-02-12,2024-02-16,WH-REG-04,Ecom Express,REG-04,6.7,3,Breached,2134.04,11.8,0.34
FUL-003222,ORD-003222,2024-02-10,2024-02-12,2024-02-16,WH-REG-05,BlueDart Logistics,REG-05,6.1,5,Breached,2374.81,6.5,0.04
FUL-004252,ORD-004252,2024-02-10,2024-02-11,2024-02-14,WH-REG-01,DHL Freight,REG-01,4.7,5,Compliant,1822.68,8.8,1.23
FUL-004836,ORD-004836,2024-02-10,2024-02-12,2024-02-15,WH-REG-03,BlueDart Logistics,REG-03,5.8,3,Breached,3258.66,10.4,0.46
FUL-006599,ORD-006599,2024-02-10,2024-02-11,2024-02-12,WH-REG-02,DHL Freight,REG-02,2.0,5,Compliant,2806.47,6.3,0.82
FUL-006641,ORD-006641,2024-02-10,2024-02-12,2024-02-15,WH-REG-04,BlueDart Logistics,REG-04,5.9,3,Breached,1372.64,10.6,1.76
FUL-008034,ORD-008034,2024-02-10,2024-02-11,2024-02-13,WH-REG-01,DHL Freight,REG-01,3.1,5,Compliant,1415.89,10.8,0.56
FUL-000363,ORD-000363,2024-02-11,2024-02-13,2024-02-16,WH-REG-05,FedEx Supply,REG-05,5.9,5,Breached,880.19,6.2,1.72
FUL-001713,ORD-001713,2024-02-11,2024-02-13,2024-02-16,WH-REG-05,DHL Freight,REG-05,5.5,5,Breached,4047.1,7.7,0.11
FUL-001763,ORD-001763,2024-02-11,2024-02-12,2024-02-14,WH-REG-05,FedEx Supply,REG-05,3.5,5,Compliant,3030.87,11.2,1.37
FUL-002374,ORD-002374,2024-02-11,2024-02-12,2024-02-12,WH-REG-02,FedEx Supply,REG-02,1.8,5,Compliant,985.96,10.4,0.13
FUL-002973,ORD-002973,2024-02-11,2024-02-12,2024-02-15,WH-REG-04,Delhivery Express,REG-04,4.0,5,Compliant,3236.3,7.2,0.62
FUL-003345,ORD-003345,2024-02-11,2024-02-12,2024-02-14,WH-REG-03,Delhivery Express,REG-03,3.2,5,Compliant,2308.94,9.0,0.96
FUL-003645,ORD-003645,2024-02-11,2024-02-13,2024-02-16,WH-REG-05,Ecom Express,REG-05,5.6,5,Breached,1940.85,8.5,1.27
FUL-004285,ORD-004285,2024-02-11,2024-02-12,2024-02-12,WH-REG-04,Delhivery Express,REG-04,1.2,5,Compliant,3864.31,11.5,1.27
FUL-005806,ORD-005806,2024-02-11,2024-02-13,2024-02-17,WH-REG-05,Ecom Express,REG-05,6.1,5,Breached,1623.52,9.9,0.03
FUL-005886,ORD-005886,2024-02-11,2024-02-13,2024-02-16,WH-REG-01,BlueDart Logistics,REG-01,5.2,3,Breached,3752.12,7.2,0.86
FUL-006795,ORD-006795,2024-02-11,2024-02-13,2024-02-16,WH-REG-02,Delhivery Express,REG-02,5.6,5,Breached,4199.45,10.7,0.87
FUL-005006,ORD-005006,2024-02-12,2024-02-13,2024-02-15,WH-REG-02,Delhivery Express,REG-02,3.2,3,Breached,2126.06,8.8,1.46
FUL-007732,ORD-007732,2024-02-12,2024-02-13,2024-02-13,WH-REG-05,BlueDart Logistics,REG-05,1.9,5,Compliant,2985.99,9.5,1.79
FUL-000508,ORD-000508,2024-02-13,2024-02-15,2024-02-19,WH-REG-04,BlueDart Logistics,REG-04,6.4,5,Breached,2231.37,9.3,1.56
FUL-000833,ORD-000833,2024-02-13,2024-02-14,2024-02-14,WH-REG-01,BlueDart Logistics,REG-01,1.3,5,Compliant,1222.87,8.4,1.05
FUL-000186,ORD-000186,2024-02-14,2024-02-15,2024-02-18,WH-REG-02,Delhivery Express,REG-02,4.4,5,Compliant,3611.7,5.5,0.44
FUL-000209,ORD-000209,2024-02-14,2024-02-15,2024-02-18,WH-REG-04,Delhivery Express,REG-04,4.6,3,Breached,853.15,10.9,1.18
FUL-001791,ORD-001791,2024-02-14,2024-02-16,2024-02-20,WH-REG-02,BlueDart Logistics,REG-02,6.3,3,Breached,2535.33,9.4,1.46
FUL-002573,ORD-002573,2024-02-14,2024-02-15,2024-02-16,WH-REG-02,BlueDart Logistics,REG-02,2.3,5,Compliant,3317.99,11.0,0.98
FUL-002663,ORD-002663,2024-02-14,2024-02-16,2024-02-19,WH-REG-04,Ecom Express,REG-04,5.3,5,Breached,1475.75,8.1,0.45
FUL-003714,ORD-003714,2024-02-14,2024-02-15,2024-02-16,WH-REG-03,Ecom Express,REG-03,2.8,3,Compliant,1607.43,11.4,1.14
FUL-004514,ORD-004514,2024-02-14,2024-02-15,2024-02-16,WH-REG-05,DHL Freight,REG-05,2.8,5,Compliant,2639.86,10.2,1.07
FUL-005464,ORD-005464,2024-02-14,2024-02-15,2024-02-15,WH-REG-05,Delhivery Express,REG-05,1.3,5,Compliant,1328.44,6.8,0.49
FUL-005776,ORD-005776,2024-02-14,2024-02-16,2024-02-20,WH-REG-03,Delhivery Express,REG-03,6.4,5,Breached,1465.17,11.2,0.39
FUL-006808,ORD-006808,2024-02-14,2024-02-16,2024-02-19,WH-REG-04,BlueDart Logistics,REG-04,5.9,5,Breached,3679.55,9.6,1.6
FUL-008335,ORD-008335,2024-02-14,2024-02-15,2024-02-16,WH-REG-05,Delhivery Express,REG-05,2.0,5,Compliant,1481.64,6.2,0.62
FUL-001188,ORD-001188,2024-02-15,2024-02-17,2024-02-21,WH-REG-02,Ecom Express,REG-02,6.1,5,Breached,1208.32,7.6,0.88
FUL-002466,ORD-002466,2024-02-15,2024-02-16,2024-02-19,WH-REG-03,Delhivery Express,REG-03,4.5,5,Compliant,1396.64,11.6,0.64
FUL-002875,ORD-002875,2024-02-15,2024-02-17,2024-02-21,WH-REG-02,Delhivery Express,REG-02,6.6,5,Breached,4261.31,9.6,1.15
FUL-005030,ORD-005030,2024-02-15,2024-02-17,2024-02-21,WH-REG-02,FedEx Supply,REG-02,6.1,5,Breached,2274.45,8.8,0.08
FUL-005055,ORD-005055,2024-02-15,2024-02-16,2024-02-18,WH-REG-05,Delhivery Express,REG-05,3.1,3,Breached,1889.15,11.5,0.18
FUL-007556,ORD-007556,2024-02-15,2024-02-16,2024-02-19,WH-REG-05,Ecom Express,REG-05,4.8,5,Compliant,3983.22,6.1,0.85
FUL-000059,ORD-000059,2024-02-16,2024-02-18,2024-02-21,WH-REG-03,Ecom Express,REG-03,5.3,5,Breached,2282.33,8.1,0.47
FUL-001359,ORD-001359,2024-02-16,2024-02-17,2024-02-17,WH-REG-03,BlueDart Logistics,REG-03,1.5,3,Compliant,2320.08,6.0,0.55
FUL-003257,ORD-003257,2024-02-16,2024-02-17,2024-02-19,WH-REG-01,BlueDart Logistics,REG-01,3.8,5,Compliant,1770.69,10.1,0.26
FUL-006459,ORD-006459,2024-02-16,2024-02-17,2024-02-19,WH-REG-03,BlueDart Logistics,REG-03,3.0,5,Compliant,3562.82,6.7,1.47
FUL-006837,ORD-006837,2024-02-16,2024-02-17,2024-02-20,WH-REG-01,BlueDart Logistics,REG-01,4.0,5,Compliant,4103.22,9.6,1.5
FUL-008087,ORD-008087,2024-02-16,2024-02-17,2024-02-20,WH-REG-01,Ecom Express,REG-01,4.4,5,Compliant,3080.83,11.3,0.11
FUL-002715,ORD-002715,2024-02-17,2024-02-18,2024-02-20,WH-REG-01,BlueDart Logistics,REG-01,3.7,5,Compliant,2206.1,11.7,1.21
FUL-006111,ORD-006111,2024-02-17,2024-02-18,2024-02-21,WH-REG-04,FedEx Supply,REG-04,4.6,5,Compliant,3036.34,6.6,1.22
FUL-000080,ORD-000080,2024-02-18,2024-02-20,2024-02-23,WH-REG-01,Ecom Express,REG-01,5.0,5,Compliant,3700.05,12.0,0.83
FUL-000649,ORD-000649,2024-02-18,2024-02-20,2024-02-23,WH-REG-03,Ecom Express,REG-03,5.9,5,Breached,4271.22,9.0,0.41
FUL-003672,ORD-003672,2024-02-18,2024-02-19,2024-02-20,WH-REG-01,Delhivery Express,REG-01,2.7,5,Compliant,2767.64,7.3,0.27
FUL-004638,ORD-004638,2024-02-18,2024-02-20,2024-02-23,WH-REG-04,BlueDart Logistics,REG-04,5.2,5,Breached,3229.22,9.0,0.09
FUL-004921,ORD-004921,2024-02-18,2024-02-19,2024-02-21,WH-REG-04,BlueDart Logistics,REG-04,3.1,5,Compliant,4431.84,11.2,1.59
FUL-006432,ORD-006432,2024-02-18,2024-02-19,2024-02-19,WH-REG-01,Ecom Express,REG-01,1.3,5,Compliant,2799.93,11.7,0.73
FUL-007128,ORD-007128,2024-02-18,2024-02-20,2024-02-23,WH-REG-05,BlueDart Logistics,REG-05,5.1,3,Breached,929.1,8.4,0.84
FUL-007302,ORD-007302,2024-02-18,2024-02-19,2024-02-20,WH-REG-04,Delhivery Express,REG-04,2.9,5,Compliant,924.95,8.1,0.91
FUL-007508,ORD-007508,2024-02-18,2024-02-19,2024-02-21,WH-REG-03,Delhivery Express,REG-03,3.9,5,Compliant,2346.04,6.5,0.51
FUL-000009,ORD-000009,2024-02-19,2024-02-20,2024-02-20,WH-REG-01,FedEx Supply,REG-01,1.4,5,Compliant,2519.01,9.2,0.3
FUL-000423,ORD-000423,2024-02-19,2024-02-21,2024-02-24,WH-REG-03,Ecom Express,REG-03,5.3,5,Breached,2833.14,10.0,0.39
FUL-004123,ORD-004123,2024-02-19,2024-02-20,2024-02-21,WH-REG-03,Ecom Express,REG-03,2.5,5,Compliant,2700.66,8.4,0.46
FUL-004150,ORD-004150,2024-02-19,2024-02-20,2024-02-20,WH-REG-04,DHL Freight,REG-04,1.6,3,Compliant,2169.55,6.2,0.59
FUL-004779,ORD-004779,2024-02-19,2024-02-20,2024-02-21,WH-REG-04,BlueDart Logistics,REG-04,2.6,5,Compliant,941.42,6.7,0.35
FUL-004955,ORD-004955,2024-02-19,2024-02-20,2024-02-22,WH-REG-01,DHL Freight,REG-01,3.0,5,Compliant,2463.79,6.2,1.63
FUL-005930,ORD-005930,2024-02-19,2024-02-21,2024-02-24,WH-REG-04,BlueDart Logistics,REG-04,5.5,5,Breached,2252.25,11.0,0.0
FUL-006065,ORD-006065,2024-02-19,2024-02-20,2024-02-23,WH-REG-02,DHL Freight,REG-02,4.6,5,Compliant,4488.48,7.3,0.14
FUL-001120,ORD-001120,2024-02-20,2024-02-21,2024-02-24,WH-REG-03,Ecom Express,REG-03,4.1,5,Compliant,2187.12,6.0,1.08
FUL-001498,ORD-001498,2024-02-20,2024-02-21,2024-02-24,WH-REG-03,Delhivery Express,REG-03,4.5,5,Compliant,2892.1,7.1,0.1
FUL-002501,ORD-002501,2024-02-20,2024-02-21,2024-02-24,WH-REG-02,FedEx Supply,REG-02,4.8,5,Compliant,2945.51,8.6,0.2
FUL-002592,ORD-002592,2024-02-20,2024-02-21,2024-02-22,WH-REG-02,Delhivery Express,REG-02,2.0,3,Compliant,4402.67,6.1,0.9
FUL-000611,ORD-000611,2024-02-21,2024-02-23,2024-02-26,WH-REG-03,DHL Freight,REG-03,5.5,5,Breached,3607.81,8.0,1.69
FUL-001427,ORD-001427,2024-02-21,2024-02-22,2024-02-25,WH-REG-03,DHL Freight,REG-03,4.9,5,Compliant,3035.01,11.0,0.44
FUL-001677,ORD-001677,2024-02-21,2024-02-22,2024-02-25,WH-REG-02,DHL Freight,REG-02,4.6,5,Compliant,1067.16,9.5,1.6
FUL-001859,ORD-001859,2024-02-21,2024-02-22,2024-02-25,WH-REG-05,DHL Freight,REG-05,4.9,5,Compliant,2755.35,10.4,0.89
FUL-002474,ORD-002474,2024-02-21,2024-02-22,2024-02-25,WH-REG-01,Delhivery Express,REG-01,4.6,5,Compliant,1097.24,10.3,1.23
FUL-004703,ORD-004703,2024-02-21,2024-02-22,2024-02-24,WH-REG-05,Delhivery Express,REG-05,3.0,5,Compliant,3766.31,6.7,0.5
FUL-006760,ORD-006760,2024-02-21,2024-02-23,2024-02-27,WH-REG-04,BlueDart Logistics,REG-04,6.6,5,Breached,2844.01,6.7,1.75
FUL-007345,ORD-007345,2024-02-21,2024-02-23,2024-02-26,WH-REG-03,Ecom Express,REG-03,5.4,5,Breached,1194.94,11.2,0.63
FUL-002019,ORD-002019,2024-02-22,2024-02-23,2024-02-23,WH-REG-01,DHL Freight,REG-01,1.4,5,Compliant,4212.73,7.1,0.51
FUL-005805,ORD-005805,2024-02-22,2024-02-23,2024-02-23,WH-REG-02,Delhivery Express,REG-02,1.7,3,Compliant,3413.69,11.3,1.18
FUL-003575,ORD-003575,2024-02-23,2024-02-24,2024-02-25,WH-REG-02,Delhivery Express,REG-02,2.0,5,Compliant,1915.78,9.5,0.39
FUL-004712,ORD-004712,2024-02-23,2024-02-24,2024-02-24,WH-REG-05,Delhivery Express,REG-05,1.5,5,Compliant,4397.22,10.8,1.15
FUL-004925,ORD-004925,2024-02-23,2024-02-27,2024-03-06,WH-REG-03,FedEx Supply,REG-03,12.0,3,Breached,2884.04,10.1,1.19
FUL-006151,ORD-006151,2024-02-23,2024-02-25,2024-02-28,WH-REG-02,BlueDart Logistics,REG-02,5.4,5,Breached,1151.58,8.5,1.13
FUL-007620,ORD-007620,2024-02-23,2024-02-25,2024-02-29,WH-REG-02,Delhivery Express,REG-02,6.4,5,Breached,2316.81,6.1,0.44
FUL-000319,ORD-000319,2024-02-24,2024-02-25,2024-02-27,WH-REG-03,BlueDart Logistics,REG-03,3.8,5,Compliant,1079.72,6.9,1.46
FUL-001514,ORD-001514,2024-02-24,2024-02-25,2024-02-27,WH-REG-05,Delhivery Express,REG-05,3.2,3,Breached,3720.11,7.7,0.51
FUL-001602,ORD-001602,2024-02-24,2024-02-26,2024-03-01,WH-REG-02,BlueDart Logistics,REG-02,6.2,5,Breached,1198.67,7.6,0.5
FUL-003328,ORD-003328,2024-02-24,2024-02-26,2024-02-29,WH-REG-01,Delhivery Express,REG-01,5.6,5,Breached,990.79,11.8,0.94
FUL-004166,ORD-004166,2024-02-24,2024-02-25,2024-02-25,WH-REG-04,FedEx Supply,REG-04,1.7,3,Compliant,881.65,7.4,0.71
FUL-006453,ORD-006453,2024-02-24,2024-02-25,2024-02-27,WH-REG-05,Ecom Express,REG-05,3.5,5,Compliant,1488.06,9.3,1.16
FUL-007901,ORD-007901,2024-02-24,2024-02-25,2024-02-26,WH-REG-03,Ecom Express,REG-03,2.1,5,Compliant,3345.68,10.5,1.42
FUL-000330,ORD-000330,2024-02-25,2024-02-26,2024-02-26,WH-REG-03,DHL Freight,REG-03,1.8,5,Compliant,2185.17,8.4,1.07
FUL-000332,ORD-000332,2024-02-25,2024-02-27,2024-03-02,WH-REG-01,FedEx Supply,REG-01,6.4,5,Breached,2786.45,5.7,0.9
FUL-001724,ORD-001724,2024-02-25,2024-02-27,2024-03-01,WH-REG-01,Ecom Express,REG-01,5.2,5,Breached,4229.66,7.8,0.83
FUL-005532,ORD-005532,2024-02-25,2024-02-29,2024-03-06,WH-REG-05,Delhivery Express,REG-05,10.600000000000001,5,Breached,1610.73,9.6,1.25
FUL-006570,ORD-006570,2024-02-25,2024-02-26,2024-02-26,WH-REG-05,BlueDart Logistics,REG-05,1.8,5,Compliant,2927.19,10.6,1.49
FUL-000217,ORD-000217,2024-02-26,2024-02-28,2024-03-02,WH-REG-04,BlueDart Logistics,REG-04,5.1,5,Breached,3092.93,9.6,0.5
FUL-002610,ORD-002610,2024-02-26,2024-02-28,2024-03-02,WH-REG-02,FedEx Supply,REG-02,5.0,3,Breached,4314.21,11.1,0.25
FUL-003603,ORD-003603,2024-02-26,2024-02-28,2024-03-02,WH-REG-04,BlueDart Logistics,REG-04,5.4,5,Breached,1227.82,11.3,0.99
FUL-003885,ORD-003885,2024-02-26,2024-02-28,2024-03-02,WH-REG-05,BlueDart Logistics,REG-05,5.1,5,Breached,2103.97,8.1,0.09
FUL-004792,ORD-004792,2024-02-26,2024-02-27,2024-03-01,WH-REG-01,FedEx Supply,REG-01,4.6,3,Breached,1676.9,6.1,0.71
FUL-007063,ORD-007063,2024-02-26,2024-03-02,2024-03-10,WH-REG-02,FedEx Supply,REG-02,13.7,5,Breached,1949.73,11.3,0.63
FUL-001454,ORD-001454,2024-02-27,2024-02-28,2024-03-01,WH-REG-02,Ecom Express,REG-02,3.4,5,Compliant,3013.24,8.6,1.45
FUL-001701,ORD-001701,2024-02-27,2024-02-28,2024-02-29,WH-REG-03,FedEx Supply,REG-03,2.7,5,Compliant,4230.93,9.8,0.45
FUL-001732,ORD-001732,2024-02-27,2024-02-28,2024-02-29,WH-REG-03,FedEx Supply,REG-03,2.2,5,Compliant,4254.59,9.4,0.48
FUL-002191,ORD-002191,2024-02-27,2024-02-28,2024-03-02,WH-REG-02,Ecom Express,REG-02,4.4,3,Breached,1686.5,5.7,0.22
FUL-002690,ORD-002690,2024-02-27,2024-02-28,2024-03-01,WH-REG-04,DHL Freight,REG-04,3.4,3,Breached,3379.4,9.1,0.59
FUL-004846,ORD-004846,2024-02-27,2024-02-29,2024-03-03,WH-REG-01,BlueDart Logistics,REG-01,5.4,5,Breached,1309.98,5.8,1.12
FUL-005418,ORD-005418,2024-02-27,2024-02-28,2024-02-29,WH-REG-05,DHL Freight,REG-05,2.6,5,Compliant,1933.62,12.0,1.14
FUL-006997,ORD-006997,2024-02-27,2024-02-28,2024-03-01,WH-REG-03,DHL Freight,REG-03,3.7,3,Breached,2062.67,7.5,0.05
FUL-007394,ORD-007394,2024-02-27,2024-02-28,2024-03-01,WH-REG-05,DHL Freight,REG-05,3.8,5,Compliant,4101.66,8.8,1.16
FUL-007961,ORD-007961,2024-02-27,2024-02-28,2024-03-02,WH-REG-01,BlueDart Logistics,REG-01,4.3,5,Compliant,2323.43,9.7,1.51
FUL-008236,ORD-008236,2024-02-27,2024-02-29,2024-03-04,WH-REG-03,Delhivery Express,REG-03,6.7,5,Breached,4353.12,11.9,1.67
FUL-001687,ORD-001687,2024-02-28,2024-03-01,2024-03-05,WH-REG-01,BlueDart Logistics,REG-01,6.1,5,Breached,2546.16,11.5,1.63
FUL-001942,ORD-001942,2024-02-28,2024-02-29,2024-03-02,WH-REG-04,BlueDart Logistics,REG-04,3.3,5,Compliant,3704.59,6.6,0.95
FUL-002475,ORD-002475,2024-02-28,2024-02-29,2024-03-02,WH-REG-05,BlueDart Logistics,REG-05,3.1,5,Compliant,875.18,9.2,1.25
FUL-002884,ORD-002884,2024-02-28,2024-02-29,2024-03-01,WH-REG-01,Delhivery Express,REG-01,2.0,3,Compliant,1084.81,7.3,0.83
FUL-003598,ORD-003598,2024-02-28,2024-03-01,2024-03-05,WH-REG-04,FedEx Supply,REG-04,6.7,5,Breached,3152.84,8.2,0.27
FUL-004851,ORD-004851,2024-02-28,2024-02-29,2024-03-01,WH-REG-04,BlueDart Logistics,REG-04,2.1,5,Compliant,3177.79,10.0,0.17
FUL-005282,ORD-005282,2024-02-28,2024-03-01,2024-03-05,WH-REG-05,DHL Freight,REG-05,6.7,5,Breached,2810.64,9.2,0.4
FUL-006696,ORD-006696,2024-02-28,2024-02-29,2024-02-29,WH-REG-03,BlueDart Logistics,REG-03,1.3,5,Compliant,2838.51,5.7,1.29
FUL-007667,ORD-007667,2024-02-28,2024-02-29,2024-03-03,WH-REG-01,Ecom Express,REG-01,4.5,5,Compliant,2381.59,5.6,1.16
FUL-007829,ORD-007829,2024-02-28,2024-03-01,2024-03-06,WH-REG-04,Delhivery Express,REG-04,7.199999999999999,5,Breached,2880.92,6.5,1.54
FUL-002439,ORD-002439,2024-02-29,2024-03-01,2024-03-02,WH-REG-02,Ecom Express,REG-02,2.7,5,Compliant,918.77,8.0,1.66
FUL-002738,ORD-002738,2024-02-29,2024-03-02,2024-03-05,WH-REG-02,Delhivery Express,REG-02,5.7,5,Breached,1919.19,8.0,0.94
FUL-003153,ORD-003153,2024-02-29,2024-03-01,2024-03-03,WH-REG-02,Delhivery Express,REG-02,3.2,5,Compliant,1697.83,11.7,1.49
FUL-004100,ORD-004100,2024-02-29,2024-03-02,2024-03-05,WH-REG-03,BlueDart Logistics,REG-03,5.9,5,Breached,2266.25,9.9,1.06
FUL-004983,ORD-004983,2024-02-29,2024-03-01,2024-03-02,WH-REG-01,DHL Freight,REG-01,2.0,5,Compliant,1477.69,7.9,0.9
FUL-005466,ORD-005466,2024-02-29,2024-03-02,2024-03-05,WH-REG-02,DHL Freight,REG-02,5.4,5,Breached,2586.14,7.2,1.0
FUL-006888,ORD-006888,2024-02-29,2024-03-01,2024-03-04,WH-REG-01,BlueDart Logistics,REG-01,4.1,5,Compliant,3849.6,6.1,0.94
FUL-007197,ORD-007197,2024-02-29,2024-03-01,2024-03-04,WH-REG-03,Ecom Express,REG-03,4.2,5,Compliant,2341.32,5.5,1.49
FUL-001265,ORD-001265,2024-03-01,2024-03-02,2024-03-04,WH-REG-04,FedEx Supply,REG-04,3.9,5,Compliant,3652.95,9.4,1.11
FUL-002036,ORD-002036,2024-03-01,2024-03-02,2024-03-04,WH-REG-03,DHL Freight,REG-03,3.8,3,Breached,3840.9,10.8,0.55
FUL-002683,ORD-002683,2024-03-01,2024-03-02,2024-03-04,WH-REG-05,Ecom Express,REG-05,3.8,5,Compliant,2319.37,7.2,1.66
FUL-002772,ORD-002772,2024-03-01,2024-03-02,2024-03-05,WH-REG-01,Ecom Express,REG-01,4.2,5,Compliant,3025.27,9.2,0.59
FUL-003804,ORD-003804,2024-03-01,2024-03-03,2024-03-07,WH-REG-01,DHL Freight,REG-01,6.2,3,Breached,3381.52,9.4,0.22
FUL-004080,ORD-004080,2024-03-01,2024-03-03,2024-03-07,WH-REG-04,FedEx Supply,REG-04,6.4,5,Breached,2575.38,6.6,0.86
FUL-006519,ORD-006519,2024-03-01,2024-03-02,2024-03-04,WH-REG-05,Ecom Express,REG-05,3.3,5,Compliant,3794.27,6.4,1.79
FUL-006678,ORD-006678,2024-03-01,2024-03-02,2024-03-04,WH-REG-05,DHL Freight,REG-05,3.6,3,Breached,2062.78,5.9,0.6
FUL-000258,ORD-000258,2024-03-02,2024-03-04,2024-03-08,WH-REG-05,DHL Freight,REG-05,6.3,5,Breached,2695.31,6.8,0.12
FUL-001559,ORD-001559,2024-03-02,2024-03-03,2024-03-06,WH-REG-01,BlueDart Logistics,REG-01,4.5,5,Compliant,2110.67,9.0,0.28
FUL-001737,ORD-001737,2024-03-02,2024-03-03,2024-03-03,WH-REG-03,Delhivery Express,REG-03,1.8,5,Compliant,2175.06,5.8,1.24
FUL-002142,ORD-002142,2024-03-02,2024-03-04,2024-03-07,WH-REG-04,Ecom Express,REG-04,5.2,5,Breached,3754.65,6.9,0.47
FUL-002179,ORD-002179,2024-03-02,2024-03-03,2024-03-06,WH-REG-02,Delhivery Express,REG-02,4.9,3,Breached,2402.07,6.2,0.2
FUL-002446,ORD-002446,2024-03-02,2024-03-03,2024-03-04,WH-REG-05,FedEx Supply,REG-05,2.2,5,Compliant,2723.83,9.6,1.19
FUL-002751,ORD-002751,2024-03-02,2024-03-03,2024-03-06,WH-REG-05,FedEx Supply,REG-05,4.9,5,Compliant,4187.85,10.9,0.85
FUL-005797,ORD-005797,2024-03-02,2024-03-03,2024-03-06,WH-REG-05,DHL Freight,REG-05,4.9,3,Breached,1307.02,9.9,1.54
FUL-005952,ORD-005952,2024-03-02,2024-03-03,2024-03-05,WH-REG-02,Ecom Express,REG-02,3.8,5,Compliant,2223.71,7.1,1.72
FUL-002032,ORD-002032,2024-03-03,2024-03-04,2024-03-05,WH-REG-01,Ecom Express,REG-01,2.5,5,Compliant,1798.72,7.9,1.2
FUL-002382,ORD-002382,2024-03-03,2024-03-05,2024-03-09,WH-REG-04,BlueDart Logistics,REG-04,6.7,5,Breached,4000.58,7.8,0.97
FUL-003419,ORD-003419,2024-03-03,2024-03-04,2024-03-04,WH-REG-05,BlueDart Logistics,REG-05,1.3,5,Compliant,982.52,8.7,0.01
FUL-003608,ORD-003608,2024-03-03,2024-03-04,2024-03-07,WH-REG-05,Ecom Express,REG-05,4.1,5,Compliant,2224.02,8.9,1.51
FUL-004402,ORD-004402,2024-03-03,2024-03-04,2024-03-06,WH-REG-05,BlueDart Logistics,REG-05,3.0,5,Compliant,2840.5,9.4,1.73
FUL-006612,ORD-006612,2024-03-03,2024-03-04,2024-03-05,WH-REG-05,Delhivery Express,REG-05,2.8,5,Compliant,3145.05,9.4,1.0
FUL-006805,ORD-006805,2024-03-03,2024-03-04,2024-03-07,WH-REG-02,Delhivery Express,REG-02,4.2,5,Compliant,1579.32,5.6,1.79
FUL-000517,ORD-000517,2024-03-04,2024-03-05,2024-03-07,WH-REG-05,Ecom Express,REG-05,3.8,3,Breached,3253.75,10.5,1.48
FUL-001159,ORD-001159,2024-03-04,2024-03-05,2024-03-06,WH-REG-01,BlueDart Logistics,REG-01,2.8,5,Compliant,1397.01,5.9,0.7
FUL-003379,ORD-003379,2024-03-04,2024-03-06,2024-03-09,WH-REG-02,BlueDart Logistics,REG-02,5.6,3,Breached,4240.32,8.6,1.31
FUL-004980,ORD-004980,2024-03-04,2024-03-06,2024-03-10,WH-REG-01,DHL Freight,REG-01,6.2,5,Breached,4268.32,5.6,0.72
FUL-006366,ORD-006366,2024-03-04,2024-03-06,2024-03-10,WH-REG-02,FedEx Supply,REG-02,6.1,5,Breached,4135.78,5.7,0.0
FUL-008230,ORD-008230,2024-03-04,2024-03-05,2024-03-08,WH-REG-01,BlueDart Logistics,REG-01,4.2,5,Compliant,4343.57,9.8,0.11
FUL-001613,ORD-001613,2024-03-05,2024-03-07,2024-03-11,WH-REG-03,DHL Freight,REG-03,6.5,5,Breached,1525.55,6.3,1.72
FUL-001632,ORD-001632,2024-03-05,2024-03-06,2024-03-06,WH-REG-05,Ecom Express,REG-05,1.2,3,Compliant,2806.79,5.5,0.86
FUL-002094,ORD-002094,2024-03-05,2024-03-06,2024-03-06,WH-REG-03,Ecom Express,REG-03,1.4,3,Compliant,1973.76,11.7,0.44
FUL-002350,ORD-002350,2024-03-05,2024-03-06,2024-03-07,WH-REG-03,DHL Freight,REG-03,2.5,5,Compliant,2313.33,9.6,0.61
FUL-003518,ORD-003518,2024-03-05,2024-03-07,2024-03-10,WH-REG-05,FedEx Supply,REG-05,5.5,5,Breached,3010.25,6.5,0.53
FUL-003715,ORD-003715,2024-03-05,2024-03-07,2024-03-10,WH-REG-02,FedEx Supply,REG-02,5.9,3,Breached,906.01,7.0,0.11
FUL-004369,ORD-004369,2024-03-05,2024-03-10,2024-03-18,WH-REG-02,FedEx Supply,REG-02,13.7,5,Breached,4140.47,11.2,1.71
FUL-005708,ORD-005708,2024-03-05,2024-03-06,2024-03-09,WH-REG-01,FedEx Supply,REG-01,4.4,5,Compliant,2383.46,9.7,0.22
FUL-007665,ORD-007665,2024-03-05,2024-03-07,2024-03-10,WH-REG-02,Delhivery Express,REG-02,5.1,3,Breached,1303.73,11.0,0.62
FUL-008271,ORD-008271,2024-03-05,2024-03-06,2024-03-07,WH-REG-04,DHL Freight,REG-04,2.9,5,Compliant,2389.83,6.5,1.59
FUL-000085,ORD-000085,2024-03-06,2024-03-08,2024-03-11,WH-REG-05,FedEx Supply,REG-05,5.1,5,Breached,2728.23,8.9,1.22
FUL-000957,ORD-000957,2024-03-06,2024-03-07,2024-03-09,WH-REG-02,FedEx Supply,REG-02,3.9,5,Compliant,3187.98,10.0,1.16
FUL-001921,ORD-001921,2024-03-06,2024-03-08,2024-03-12,WH-REG-05,DHL Freight,REG-05,6.6,5,Breached,3319.22,11.9,0.68
FUL-002385,ORD-002385,2024-03-06,2024-03-07,2024-03-10,WH-REG-03,DHL Freight,REG-03,4.2,5,Compliant,4057.66,6.3,0.46
FUL-003025,ORD-003025,2024-03-06,2024-03-08,2024-03-13,WH-REG-05,FedEx Supply,REG-05,7.4,3,Breached,1928.27,5.6,1.57
FUL-003976,ORD-003976,2024-03-06,2024-03-08,2024-03-11,WH-REG-02,FedEx Supply,REG-02,5.0,5,Compliant,2620.8,7.0,0.34
FUL-004358,ORD-004358,2024-03-06,2024-03-07,2024-03-10,WH-REG-05,FedEx Supply,REG-05,4.5,3,Breached,3174.14,8.2,0.95
FUL-004411,ORD-004411,2024-03-06,2024-03-07,2024-03-08,WH-REG-05,BlueDart Logistics,REG-05,2.5,5,Compliant,2753.92,7.7,0.38
FUL-004976,ORD-004976,2024-03-06,2024-03-07,2024-03-07,WH-REG-01,DHL Freight,REG-01,1.4,5,Compliant,1205.08,9.5,0.16
FUL-005817,ORD-005817,2024-03-06,2024-03-08,2024-03-11,WH-REG-03,FedEx Supply,REG-03,5.8,5,Breached,1468.33,7.6,1.25
FUL-006995,ORD-006995,2024-03-06,2024-03-08,2024-03-12,WH-REG-01,Delhivery Express,REG-01,6.1,5,Breached,900.12,5.7,0.54
FUL-007161,ORD-007161,2024-03-06,2024-03-07,2024-03-09,WH-REG-02,DHL Freight,REG-02,3.2,3,Breached,2990.99,9.8,0.58
FUL-007567,ORD-007567,2024-03-06,2024-03-07,2024-03-07,WH-REG-05,FedEx Supply,REG-05,1.2,5,Compliant,3518.39,9.1,1.05
FUL-007684,ORD-007684,2024-03-06,2024-03-07,2024-03-10,WH-REG-02,Delhivery Express,REG-02,4.9,3,Breached,3834.55,10.7,1.16
FUL-008006,ORD-008006,2024-03-06,2024-03-08,2024-03-11,WH-REG-03,Ecom Express,REG-03,5.5,5,Breached,3497.66,5.6,0.34
FUL-000411,ORD-000411,2024-03-07,2024-03-08,2024-03-11,WH-REG-03,Delhivery Express,REG-03,4.6,5,Compliant,4493.85,10.8,0.25
FUL-002919,ORD-002919,2024-03-07,2024-03-09,2024-03-13,WH-REG-01,BlueDart Logistics,REG-01,6.8,5,Breached,1685.12,9.6,1.01
FUL-003384,ORD-003384,2024-03-07,2024-03-08,2024-03-09,WH-REG-01,FedEx Supply,REG-01,2.6,5,Compliant,4442.41,6.7,1.78
FUL-005037,ORD-005037,2024-03-07,2024-03-08,2024-03-09,WH-REG-01,DHL Freight,REG-01,2.5,5,Compliant,2374.07,7.9,1.07
FUL-005553,ORD-005553,2024-03-07,2024-03-08,2024-03-11,WH-REG-05,FedEx Supply,REG-05,4.5,5,Compliant,894.44,7.6,0.61
FUL-006363,ORD-006363,2024-03-07,2024-03-08,2024-03-09,WH-REG-04,FedEx Supply,REG-04,2.3,5,Compliant,1471.65,10.2,0.43
FUL-007188,ORD-007188,2024-03-07,2024-03-08,2024-03-11,WH-REG-02,BlueDart Logistics,REG-02,4.4,5,Compliant,3677.92,9.2,1.76
FUL-002662,ORD-002662,2024-03-08,2024-03-10,2024-03-14,WH-REG-02,DHL Freight,REG-02,6.7,5,Breached,1625.83,8.3,0.95
FUL-003213,ORD-003213,2024-03-08,2024-03-09,2024-03-10,WH-REG-04,Ecom Express,REG-04,2.0,5,Compliant,2137.51,11.5,1.79
FUL-004062,ORD-004062,2024-03-08,2024-03-09,2024-03-12,WH-REG-04,DHL Freight,REG-04,4.1,5,Compliant,2949.24,5.8,1.37
FUL-004513,ORD-004513,2024-03-08,2024-03-09,2024-03-09,WH-REG-03,FedEx Supply,REG-03,1.9,5,Compliant,1969.81,6.5,1.05
FUL-005026,ORD-005026,2024-03-08,2024-03-09,2024-03-10,WH-REG-05,Ecom Express,REG-05,2.4,5,Compliant,2677.19,6.9,1.34
FUL-005589,ORD-005589,2024-03-08,2024-03-09,2024-03-12,WH-REG-02,FedEx Supply,REG-02,4.0,5,Compliant,2253.86,7.9,0.45
FUL-007131,ORD-007131,2024-03-08,2024-03-09,2024-03-11,WH-REG-04,Ecom Express,REG-04,3.1,5,Compliant,1899.39,9.3,1.16
FUL-005000,ORD-005000,2024-03-09,2024-03-10,2024-03-10,WH-REG-05,BlueDart Logistics,REG-05,1.8,5,Compliant,3927.99,8.9,0.88
FUL-006850,ORD-006850,2024-03-09,2024-03-10,2024-03-11,WH-REG-01,DHL Freight,REG-01,2.5,5,Compliant,2341.57,5.7,0.98
FUL-007041,ORD-007041,2024-03-09,2024-03-11,2024-03-14,WH-REG-04,BlueDart Logistics,REG-04,5.1,5,Breached,1201.87,7.4,0.6
FUL-007238,ORD-007238,2024-03-09,2024-03-11,2024-03-15,WH-REG-05,BlueDart Logistics,REG-05,6.6,3,Breached,3579.22,5.6,1.46
FUL-000620,ORD-000620,2024-03-10,2024-03-11,2024-03-11,WH-REG-05,BlueDart Logistics,REG-05,1.3,5,Compliant,4133.81,9.8,0.44
FUL-000970,ORD-000970,2024-03-10,2024-03-11,2024-03-13,WH-REG-04,DHL Freight,REG-04,3.0,5,Compliant,3168.59,6.9,0.95
FUL-002500,ORD-002500,2024-03-10,2024-03-11,2024-03-14,WH-REG-05,FedEx Supply,REG-05,4.7,5,Compliant,2859.95,10.0,1.58
FUL-004532,ORD-004532,2024-03-10,2024-03-11,2024-03-13,WH-REG-01,Delhivery Express,REG-01,3.6,5,Compliant,986.46,11.3,1.21
FUL-004539,ORD-004539,2024-03-10,2024-03-11,2024-03-14,WH-REG-05,Ecom Express,REG-05,4.0,5,Compliant,3403.05,10.3,1.16
FUL-006348,ORD-006348,2024-03-10,2024-03-12,2024-03-15,WH-REG-01,Delhivery Express,REG-01,5.7,5,Breached,3595.64,8.5,1.13
FUL-006416,ORD-006416,2024-03-10,2024-03-12,2024-03-15,WH-REG-05,Delhivery Express,REG-05,5.9,5,Breached,1154.71,6.9,1.03
FUL-006988,ORD-006988,2024-03-10,2024-03-11,2024-03-14,WH-REG-01,Ecom Express,REG-01,4.0,5,Compliant,1263.58,10.0,1.21
FUL-008371,ORD-008371,2024-03-10,2024-03-11,2024-03-13,WH-REG-04,Delhivery Express,REG-04,3.5,3,Breached,2236.79,11.9,1.53
FUL-001073,ORD-001073,2024-03-11,2024-03-13,2024-03-16,WH-REG-04,FedEx Supply,REG-04,5.6,5,Breached,2988.39,6.1,1.1
FUL-004180,ORD-004180,2024-03-11,2024-03-12,2024-03-13,WH-REG-01,Delhivery Express,REG-01,2.3,5,Compliant,956.24,7.3,1.53
FUL-004631,ORD-004631,2024-03-11,2024-03-12,2024-03-12,WH-REG-04,Ecom Express,REG-04,1.4,5,Compliant,4046.38,7.7,0.51
FUL-007757,ORD-007757,2024-03-11,2024-03-13,2024-03-16,WH-REG-02,Ecom Express,REG-02,5.0,5,Compliant,1621.72,6.3,1.43
FUL-007976,ORD-007976,2024-03-11,2024-03-13,2024-03-16,WH-REG-05,DHL Freight,REG-05,5.4,5,Breached,4338.17,11.9,0.44
FUL-001033,ORD-001033,2024-03-12,2024-03-13,2024-03-14,WH-REG-01,FedEx Supply,REG-01,2.0,5,Compliant,4373.57,6.6,0.6
FUL-002275,ORD-002275,2024-03-12,2024-03-14,2024-03-17,WH-REG-03,BlueDart Logistics,REG-03,5.8,5,Breached,2138.49,6.9,1.01
FUL-004303,ORD-004303,2024-03-12,2024-03-13,2024-03-15,WH-REG-01,FedEx Supply,REG-01,3.1,5,Compliant,3893.08,7.9,1.46
FUL-007926,ORD-007926,2024-03-12,2024-03-13,2024-03-14,WH-REG-03,Ecom Express,REG-03,2.2,5,Compliant,2251.57,6.6,1.4
FUL-001102,ORD-001102,2024-03-13,2024-03-14,2024-03-16,WH-REG-05,Delhivery Express,REG-05,3.6,3,Breached,1155.27,6.1,1.53
FUL-001154,ORD-001154,2024-03-13,2024-03-14,2024-03-17,WH-REG-01,Ecom Express,REG-01,4.8,3,Breached,1498.83,8.4,1.24
FUL-002186,ORD-002186,2024-03-13,2024-03-14,2024-03-15,WH-REG-01,BlueDart Logistics,REG-01,2.0,3,Compliant,2416.87,6.9,1.17
FUL-002932,ORD-002932,2024-03-13,2024-03-14,2024-03-17,WH-REG-05,Ecom Express,REG-05,4.4,3,Breached,1415.65,9.9,0.39
FUL-005176,ORD-005176,2024-03-13,2024-03-15,2024-03-18,WH-REG-03,DHL Freight,REG-03,5.9,5,Breached,4389.8,7.6,1.16
FUL-000396,ORD-000396,2024-03-14,2024-03-15,2024-03-16,WH-REG-01,Delhivery Express,REG-01,2.0,5,Compliant,3357.08,11.1,0.0
FUL-000767,ORD-000767,2024-03-14,2024-03-16,2024-03-19,WH-REG-02,DHL Freight,REG-02,5.8,3,Breached,877.37,10.0,0.8
FUL-000800,ORD-000800,2024-03-14,2024-03-15,2024-03-16,WH-REG-03,FedEx Supply,REG-03,2.8,5,Compliant,3630.79,5.7,1.64
FUL-001516,ORD-001516,2024-03-14,2024-03-15,2024-03-15,WH-REG-04,DHL Freight,REG-04,1.8,5,Compliant,2202.76,6.5,1.03
FUL-003588,ORD-003588,2024-03-14,2024-03-16,2024-03-20,WH-REG-02,Delhivery Express,REG-02,6.3,3,Breached,2847.19,7.6,1.05
FUL-003775,ORD-003775,2024-03-14,2024-03-15,2024-03-18,WH-REG-03,BlueDart Logistics,REG-03,4.0,5,Compliant,3323.21,7.8,1.57
FUL-005541,ORD-005541,2024-03-14,2024-03-15,2024-03-16,WH-REG-02,Delhivery Express,REG-02,2.3,3,Compliant,1218.93,11.4,0.3
FUL-007091,ORD-007091,2024-03-14,2024-03-16,2024-03-19,WH-REG-04,FedEx Supply,REG-04,5.6,5,Breached,2722.05,11.4,1.07
FUL-008148,ORD-008148,2024-03-14,2024-03-15,2024-03-17,WH-REG-04,DHL Freight,REG-04,3.4,5,Compliant,2260.19,5.7,0.59
FUL-001060,ORD-001060,2024-03-15,2024-03-16,2024-03-18,WH-REG-03,DHL Freight,REG-03,3.0,5,Compliant,1823.66,7.7,0.46
FUL-001501,ORD-001501,2024-03-15,2024-03-16,2024-03-17,WH-REG-01,Ecom Express,REG-01,2.0,5,Compliant,882.19,10.3,0.96
FUL-002948,ORD-002948,2024-03-15,2024-03-16,2024-03-16,WH-REG-04,BlueDart Logistics,REG-04,1.6,5,Compliant,2934.54,10.0,0.48
FUL-004046,ORD-004046,2024-03-15,2024-03-17,2024-03-21,WH-REG-01,FedEx Supply,REG-01,6.0,3,Breached,3356.29,11.7,0.76
FUL-004640,ORD-004640,2024-03-15,2024-03-16,2024-03-17,WH-REG-03,FedEx Supply,REG-03,2.4,3,Compliant,2094.51,11.9,1.18
FUL-005071,ORD-005071,2024-03-15,2024-03-16,2024-03-19,WH-REG-02,Ecom Express,REG-02,4.3,5,Compliant,3426.59,6.6,0.76
FUL-007342,ORD-007342,2024-03-15,2024-03-16,2024-03-19,WH-REG-01,DHL Freight,REG-01,4.8,5,Compliant,4341.3,9.1,0.52
FUL-000032,ORD-000032,2024-03-16,2024-03-17,2024-03-19,WH-REG-04,FedEx Supply,REG-04,3.8,3,Breached,3856.74,8.4,1.15
FUL-000226,ORD-000226,2024-03-16,2024-03-18,2024-03-22,WH-REG-04,Delhivery Express,REG-04,6.4,3,Breached,1445.1,9.1,0.18
FUL-000765,ORD-000765,2024-03-16,2024-03-17,2024-03-19,WH-REG-01,DHL Freight,REG-01,3.4,5,Compliant,1039.1,8.4,1.59
FUL-001874,ORD-001874,2024-03-16,2024-03-18,2024-03-22,WH-REG-02,DHL Freight,REG-02,6.6,5,Breached,1446.89,11.6,0.93
FUL-002583,ORD-002583,2024-03-16,2024-03-18,2024-03-22,WH-REG-03,DHL Freight,REG-03,6.1,5,Breached,3202.24,7.7,1.67
FUL-002863,ORD-002863,2024-03-16,2024-03-18,2024-03-22,WH-REG-03,FedEx Supply,REG-03,6.8,5,Breached,1129.7,9.3,1.5
FUL-003875,ORD-003875,2024-03-16,2024-03-17,2024-03-19,WH-REG-04,Ecom Express,REG-04,3.2,5,Compliant,2546.24,9.8,1.61
FUL-004687,ORD-004687,2024-03-16,2024-03-17,2024-03-17,WH-REG-01,Delhivery Express,REG-01,1.7,5,Compliant,2882.73,7.0,0.3
FUL-007482,ORD-007482,2024-03-16,2024-03-17,2024-03-19,WH-REG-05,FedEx Supply,REG-05,3.1,5,Compliant,1221.48,11.2,1.4
FUL-007639,ORD-007639,2024-03-16,2024-03-18,2024-03-22,WH-REG-01,Delhivery Express,REG-01,6.2,5,Breached,2449.46,10.8,0.09
FUL-008452,ORD-008452,2024-03-16,2024-03-17,2024-03-18,WH-REG-02,BlueDart Logistics,REG-02,2.7,5,Compliant,2779.87,8.6,0.31
FUL-000604,ORD-000604,2024-03-17,2024-03-19,2024-03-23,WH-REG-04,Delhivery Express,REG-04,6.0,5,Breached,2421.59,10.4,0.07
FUL-001214,ORD-001214,2024-03-17,2024-03-18,2024-03-20,WH-REG-03,BlueDart Logistics,REG-03,3.2,5,Compliant,3921.99,9.6,0.42
FUL-004959,ORD-004959,2024-03-17,2024-03-18,2024-03-18,WH-REG-05,BlueDart Logistics,REG-05,1.3,5,Compliant,2710.4,7.7,0.98
FUL-005338,ORD-005338,2024-03-17,2024-03-18,2024-03-21,WH-REG-01,Ecom Express,REG-01,4.8,3,Breached,3049.97,11.2,1.42
FUL-006315,ORD-006315,2024-03-17,2024-03-18,2024-03-18,WH-REG-05,Ecom Express,REG-05,1.8,5,Compliant,920.43,8.7,1.43
FUL-006852,ORD-006852,2024-03-17,2024-03-18,2024-03-21,WH-REG-01,DHL Freight,REG-01,4.5,5,Compliant,2850.88,10.9,0.78
FUL-007363,ORD-007363,2024-03-17,2024-03-18,2024-03-18,WH-REG-01,Ecom Express,REG-01,1.8,3,Compliant,2018.2,11.5,1.65
FUL-007532,ORD-007532,2024-03-17,2024-03-18,2024-03-20,WH-REG-03,BlueDart Logistics,REG-03,3.8,3,Breached,879.27,11.5,0.34
FUL-007570,ORD-007570,2024-03-17,2024-03-18,2024-03-19,WH-REG-05,BlueDart Logistics,REG-05,2.3,3,Compliant,4053.72,9.2,0.01
FUL-008049,ORD-008049,2024-03-17,2024-03-18,2024-03-21,WH-REG-02,BlueDart Logistics,REG-02,4.8,5,Compliant,3458.03,11.9,1.61
FUL-008102,ORD-008102,2024-03-17,2024-03-18,2024-03-20,WH-REG-04,Delhivery Express,REG-04,3.1,5,Compliant,4180.68,6.3,1.11
FUL-000853,ORD-000853,2024-03-18,2024-03-19,2024-03-21,WH-REG-04,DHL Freight,REG-04,3.9,3,Breached,1264.4,7.4,0.69
FUL-001058,ORD-001058,2024-03-18,2024-03-20,2024-03-23,WH-REG-05,BlueDart Logistics,REG-05,5.7,5,Breached,2019.59,11.7,0.62
FUL-001098,ORD-001098,2024-03-18,2024-03-19,2024-03-20,WH-REG-02,FedEx Supply,REG-02,2.7,5,Compliant,2576.88,10.4,0.96
FUL-004174,ORD-004174,2024-03-18,2024-03-19,2024-03-22,WH-REG-04,BlueDart Logistics,REG-04,4.0,5,Compliant,4255.93,7.6,0.89
FUL-004413,ORD-004413,2024-03-18,2024-03-20,2024-03-24,WH-REG-03,FedEx Supply,REG-03,6.7,5,Breached,2279.8,11.6,0.96
FUL-005764,ORD-005764,2024-03-18,2024-03-19,2024-03-20,WH-REG-02,Ecom Express,REG-02,2.3,5,Compliant,2002.58,9.1,0.19
FUL-007022,ORD-007022,2024-03-18,2024-03-20,2024-03-23,WH-REG-03,BlueDart Logistics,REG-03,5.4,3,Breached,4464.69,10.4,0.89
FUL-000172,ORD-000172,2024-03-19,2024-03-20,2024-03-22,WH-REG-04,Delhivery Express,REG-04,3.4,5,Compliant,2329.43,8.6,1.78
FUL-002037,ORD-002037,2024-03-19,2024-03-21,2024-03-24,WH-REG-02,BlueDart Logistics,REG-02,5.4,5,Breached,2164.21,8.7,0.25
FUL-002259,ORD-002259,2024-03-19,2024-03-21,2024-03-24,WH-REG-03,Delhivery Express,REG-03,5.0,5,Compliant,2108.75,11.4,1.65
FUL-002937,ORD-002937,2024-03-19,2024-03-20,2024-03-22,WH-REG-02,FedEx Supply,REG-02,3.8,5,Compliant,3346.56,6.6,0.21
FUL-004181,ORD-004181,2024-03-19,2024-03-20,2024-03-22,WH-REG-03,BlueDart Logistics,REG-03,3.9,5,Compliant,2916.17,7.7,1.12
FUL-004452,ORD-004452,2024-03-19,2024-03-20,2024-03-21,WH-REG-04,Ecom Express,REG-04,2.3,5,Compliant,2864.7,9.4,0.48
FUL-005140,ORD-005140,2024-03-19,2024-03-21,2024-03-25,WH-REG-03,DHL Freight,REG-03,6.2,5,Breached,2934.51,7.5,0.15
FUL-005655,ORD-005655,2024-03-19,2024-03-20,2024-03-20,WH-REG-02,FedEx Supply,REG-02,1.3,5,Compliant,1502.7,6.5,0.35
FUL-005919,ORD-005919,2024-03-19,2024-03-21,2024-03-25,WH-REG-03,Ecom Express,REG-03,6.8,5,Breached,2917.07,7.2,0.2
FUL-006003,ORD-006003,2024-03-19,2024-03-20,2024-03-22,WH-REG-02,Delhivery Express,REG-02,3.9,5,Compliant,3332.13,6.2,0.91
FUL-006511,ORD-006511,2024-03-19,2024-03-20,2024-03-22,WH-REG-05,Ecom Express,REG-05,3.3,5,Compliant,4100.78,10.7,0.98
FUL-008152,ORD-008152,2024-03-19,2024-03-20,2024-03-22,WH-REG-04,Delhivery Express,REG-04,3.8,5,Compliant,1792.18,10.7,0.78
FUL-002361,ORD-002361,2024-03-20,2024-03-21,2024-03-24,WH-REG-05,Delhivery Express,REG-05,4.6,5,Compliant,1821.35,7.6,0.94
FUL-002488,ORD-002488,2024-03-20,2024-03-21,2024-03-22,WH-REG-05,BlueDart Logistics,REG-05,2.8,5,Compliant,1065.12,8.1,0.7
FUL-003862,ORD-003862,2024-03-20,2024-03-22,2024-03-26,WH-REG-05,BlueDart Logistics,REG-05,6.0,5,Breached,4453.19,7.2,1.76
FUL-004549,ORD-004549,2024-03-20,2024-03-22,2024-03-26,WH-REG-05,Ecom Express,REG-05,6.8,5,Breached,4294.87,11.5,0.39
FUL-004624,ORD-004624,2024-03-20,2024-03-22,2024-03-25,WH-REG-02,BlueDart Logistics,REG-02,5.0,5,Compliant,1647.83,6.5,0.94
FUL-005329,ORD-005329,2024-03-20,2024-03-22,2024-03-25,WH-REG-04,Ecom Express,REG-04,5.9,3,Breached,2652.97,10.1,1.49
FUL-006697,ORD-006697,2024-03-20,2024-03-22,2024-03-25,WH-REG-03,DHL Freight,REG-03,5.0,5,Compliant,2826.51,11.4,0.63
FUL-007768,ORD-007768,2024-03-20,2024-03-22,2024-03-25,WH-REG-02,BlueDart Logistics,REG-02,5.7,3,Breached,1697.46,8.6,0.22
FUL-008474,ORD-008474,2024-03-20,2024-03-22,2024-03-25,WH-REG-02,Delhivery Express,REG-02,5.6,3,Breached,2473.48,9.8,1.39
FUL-000958,ORD-000958,2024-03-21,2024-03-22,2024-03-23,WH-REG-04,BlueDart Logistics,REG-04,2.4,5,Compliant,3974.64,7.1,1.57
FUL-001429,ORD-001429,2024-03-21,2024-03-22,2024-03-25,WH-REG-03,DHL Freight,REG-03,4.2,5,Compliant,2985.05,11.8,1.18
FUL-001456,ORD-001456,2024-03-21,2024-03-22,2024-03-25,WH-REG-01,DHL Freight,REG-01,4.5,5,Compliant,2460.81,11.7,0.86
FUL-002901,ORD-002901,2024-03-21,2024-03-22,2024-03-22,WH-REG-04,Delhivery Express,REG-04,1.3,5,Compliant,952.86,7.5,0.66
FUL-003108,ORD-003108,2024-03-21,2024-03-22,2024-03-24,WH-REG-01,BlueDart Logistics,REG-01,3.0,5,Compliant,2851.6,8.7,1.69
FUL-003890,ORD-003890,2024-03-21,2024-03-22,2024-03-25,WH-REG-01,FedEx Supply,REG-01,4.1,5,Compliant,2843.59,9.7,0.57
FUL-005361,ORD-005361,2024-03-21,2024-03-23,2024-03-27,WH-REG-01,Delhivery Express,REG-01,6.3,5,Breached,4488.31,9.1,0.18
FUL-006413,ORD-006413,2024-03-21,2024-03-26,2024-04-02,WH-REG-04,Delhivery Express,REG-04,12.7,5,Breached,4158.73,10.1,0.16
FUL-007111,ORD-007111,2024-03-21,2024-03-23,2024-03-26,WH-REG-04,Delhivery Express,REG-04,5.8,5,Breached,4282.79,11.7,0.01
FUL-007887,ORD-007887,2024-03-21,2024-03-23,2024-03-27,WH-REG-05,DHL Freight,REG-05,6.3,5,Breached,2227.85,8.8,0.33
FUL-001069,ORD-001069,2024-03-22,2024-03-23,2024-03-24,WH-REG-03,Ecom Express,REG-03,2.8,5,Compliant,1167.41,5.6,0.12
FUL-001072,ORD-001072,2024-03-22,2024-03-24,2024-03-27,WH-REG-05,Ecom Express,REG-05,5.8,5,Breached,1924.9,8.1,1.49
FUL-003275,ORD-003275,2024-03-22,2024-03-23,2024-03-24,WH-REG-05,BlueDart Logistics,REG-05,2.3,5,Compliant,1479.89,10.8,0.99
FUL-007524,ORD-007524,2024-03-22,2024-03-23,2024-03-25,WH-REG-02,FedEx Supply,REG-02,3.9,5,Compliant,1226.43,11.2,0.98
FUL-007595,ORD-007595,2024-03-22,2024-03-23,2024-03-25,WH-REG-03,DHL Freight,REG-03,3.8,5,Compliant,2121.5,9.7,1.16
FUL-008311,ORD-008311,2024-03-22,2024-03-23,2024-03-24,WH-REG-03,BlueDart Logistics,REG-03,2.1,5,Compliant,4133.44,8.9,0.76
FUL-000373,ORD-000373,2024-03-23,2024-03-24,2024-03-25,WH-REG-01,Delhivery Express,REG-01,2.0,3,Compliant,3477.7,9.2,1.61
FUL-000752,ORD-000752,2024-03-23,2024-03-25,2024-03-28,WH-REG-03,Ecom Express,REG-03,5.4,5,Breached,1499.35,5.9,0.04
FUL-001246,ORD-001246,2024-03-23,2024-03-25,2024-03-29,WH-REG-03,DHL Freight,REG-03,6.4,5,Breached,1429.98,10.2,1.43
FUL-001259,ORD-001259,2024-03-23,2024-03-24,2024-03-27,WH-REG-03,BlueDart Logistics,REG-03,4.9,5,Compliant,3780.8,10.4,0.87
FUL-001320,ORD-001320,2024-03-23,2024-03-24,2024-03-24,WH-REG-01,FedEx Supply,REG-01,1.5,3,Compliant,1325.74,11.0,1.56
FUL-002548,ORD-002548,2024-03-23,2024-03-24,2024-03-27,WH-REG-03,FedEx Supply,REG-03,4.0,3,Breached,3677.41,9.4,0.04
FUL-002640,ORD-002640,2024-03-23,2024-03-27,2024-04-02,WH-REG-03,FedEx Supply,REG-03,10.600000000000001,5,Breached,4356.35,6.6,1.76
FUL-003307,ORD-003307,2024-03-23,2024-03-25,2024-03-29,WH-REG-02,BlueDart Logistics,REG-02,6.1,5,Breached,3188.79,8.2,0.39
FUL-004225,ORD-004225,2024-03-23,2024-03-24,2024-03-24,WH-REG-03,Delhivery Express,REG-03,1.4,5,Compliant,3341.08,9.3,1.45
FUL-004256,ORD-004256,2024-03-23,2024-03-24,2024-03-25,WH-REG-04,BlueDart Logistics,REG-04,2.7,3,Compliant,3524.97,6.4,1.33
FUL-004746,ORD-004746,2024-03-23,2024-03-25,2024-03-29,WH-REG-03,Delhivery Express,REG-03,6.4,5,Breached,2733.41,9.0,1.46
FUL-004777,ORD-004777,2024-03-23,2024-03-24,2024-03-27,WH-REG-05,BlueDart Logistics,REG-05,4.6,5,Compliant,2166.79,8.5,1.63
FUL-006332,ORD-006332,2024-03-23,2024-03-24,2024-03-27,WH-REG-02,FedEx Supply,REG-02,4.9,5,Compliant,3015.23,6.3,0.74
FUL-000206,ORD-000206,2024-03-24,2024-03-25,2024-03-28,WH-REG-05,DHL Freight,REG-05,4.2,5,Compliant,1742.88,7.1,1.79
FUL-000250,ORD-000250,2024-03-24,2024-03-25,2024-03-28,WH-REG-05,Ecom Express,REG-05,4.5,5,Compliant,2209.1,9.3,0.45
FUL-000666,ORD-000666,2024-03-24,2024-03-26,2024-03-30,WH-REG-01,Delhivery Express,REG-01,6.7,5,Breached,1075.23,11.0,0.24
FUL-001036,ORD-001036,2024-03-24,2024-03-25,2024-03-25,WH-REG-01,BlueDart Logistics,REG-01,1.6,5,Compliant,3638.75,6.2,0.66
FUL-002225,ORD-002225,2024-03-24,2024-03-25,2024-03-27,WH-REG-01,BlueDart Logistics,REG-01,3.8,5,Compliant,4379.46,6.5,1.36
FUL-002892,ORD-002892,2024-03-24,2024-03-25,2024-03-26,WH-REG-02,FedEx Supply,REG-02,2.4,5,Compliant,2284.43,8.3,0.75
FUL-004580,ORD-004580,2024-03-24,2024-03-25,2024-03-28,WH-REG-03,Ecom Express,REG-03,4.9,3,Breached,3159.1,10.7,1.64
FUL-005034,ORD-005034,2024-03-24,2024-03-25,2024-03-26,WH-REG-03,BlueDart Logistics,REG-03,2.4,5,Compliant,1821.91,10.0,0.91
FUL-005580,ORD-005580,2024-03-24,2024-03-25,2024-03-27,WH-REG-03,BlueDart Logistics,REG-03,3.0,5,Compliant,3752.88,5.7,0.73
FUL-005990,ORD-005990,2024-03-24,2024-03-25,2024-03-25,WH-REG-05,DHL Freight,REG-05,1.4,5,Compliant,3863.14,10.0,0.65
FUL-007598,ORD-007598,2024-03-24,2024-03-25,2024-03-27,WH-REG-01,FedEx Supply,REG-01,3.5,5,Compliant,4488.21,10.4,1.49
FUL-008066,ORD-008066,2024-03-24,2024-03-25,2024-03-28,WH-REG-01,Ecom Express,REG-01,4.8,5,Compliant,4088.13,10.8,0.24
FUL-004261,ORD-004261,2024-03-25,2024-03-26,2024-03-29,WH-REG-04,Ecom Express,REG-04,4.7,5,Compliant,1797.83,7.7,1.3
FUL-006166,ORD-006166,2024-03-25,2024-03-27,2024-03-31,WH-REG-01,DHL Freight,REG-01,6.2,3,Breached,4385.63,7.1,0.39
FUL-006946,ORD-006946,2024-03-25,2024-03-27,2024-03-30,WH-REG-05,Ecom Express,REG-05,5.5,5,Breached,1743.16,5.7,0.4
FUL-006970,ORD-006970,2024-03-25,2024-03-26,2024-03-29,WH-REG-05,BlueDart Logistics,REG-05,4.6,5,Compliant,2473.78,10.2,1.52
FUL-002091,ORD-002091,2024-03-26,2024-03-27,2024-03-29,WH-REG-01,BlueDart Logistics,REG-01,3.4,3,Breached,3924.92,10.2,1.57
FUL-002166,ORD-002166,2024-03-26,2024-03-27,2024-03-30,WH-REG-05,BlueDart Logistics,REG-05,4.3,5,Compliant,1091.31,9.8,1.58
FUL-002571,ORD-002571,2024-03-26,2024-03-28,2024-04-01,WH-REG-01,Ecom Express,REG-01,6.6,3,Breached,1170.42,11.5,0.59
FUL-006812,ORD-006812,2024-03-26,2024-03-27,2024-03-29,WH-REG-01,DHL Freight,REG-01,3.9,3,Breached,1813.45,10.8,1.75
FUL-007221,ORD-007221,2024-03-26,2024-03-27,2024-03-27,WH-REG-01,Delhivery Express,REG-01,1.4,5,Compliant,2466.36,10.4,1.47
FUL-008353,ORD-008353,2024-03-26,2024-03-27,2024-03-28,WH-REG-04,FedEx Supply,REG-04,2.2,5,Compliant,3630.84,5.9,1.68
FUL-008491,ORD-008491,2024-03-26,2024-03-28,2024-03-31,WH-REG-05,DHL Freight,REG-05,5.9,5,Breached,2309.26,11.8,0.55
FUL-000326,ORD-000326,2024-03-27,2024-03-29,2024-04-01,WH-REG-01,DHL Freight,REG-01,5.4,3,Breached,3870.1,11.6,0.74
FUL-000498,ORD-000498,2024-03-27,2024-03-29,2024-04-02,WH-REG-01,Ecom Express,REG-01,6.2,5,Breached,1154.49,11.3,0.83
FUL-001230,ORD-001230,2024-03-27,2024-03-29,2024-04-02,WH-REG-01,Ecom Express,REG-01,6.5,5,Breached,2722.3,10.0,1.75
FUL-002388,ORD-002388,2024-03-27,2024-03-28,2024-03-28,WH-REG-02,BlueDart Logistics,REG-02,1.5,5,Compliant,1243.23,11.5,0.95
FUL-002494,ORD-002494,2024-03-27,2024-03-28,2024-03-28,WH-REG-01,Ecom Express,REG-01,1.8,5,Compliant,1015.27,11.4,1.35
FUL-002499,ORD-002499,2024-03-27,2024-03-28,2024-03-29,WH-REG-05,Delhivery Express,REG-05,2.7,5,Compliant,4022.99,11.7,1.39
FUL-002812,ORD-002812,2024-03-27,2024-03-28,2024-03-29,WH-REG-01,Delhivery Express,REG-01,2.2,5,Compliant,2904.17,5.7,0.13
FUL-003367,ORD-003367,2024-03-27,2024-03-29,2024-04-02,WH-REG-02,Ecom Express,REG-02,6.4,5,Breached,2775.56,11.6,1.72
FUL-003829,ORD-003829,2024-03-27,2024-03-28,2024-03-28,WH-REG-04,DHL Freight,REG-04,1.2,3,Compliant,3517.26,11.5,1.57
FUL-004544,ORD-004544,2024-03-27,2024-03-28,2024-03-29,WH-REG-01,DHL Freight,REG-01,2.6,5,Compliant,1564.62,9.8,1.75
FUL-005383,ORD-005383,2024-03-27,2024-04-01,2024-04-10,WH-REG-01,BlueDart Logistics,REG-01,14.399999999999999,5,Breached,1471.29,6.6,1.25
FUL-005702,ORD-005702,2024-03-27,2024-03-28,2024-03-29,WH-REG-01,Delhivery Express,REG-01,2.7,5,Compliant,3913.61,6.1,0.23
FUL-006037,ORD-006037,2024-03-27,2024-03-29,2024-04-01,WH-REG-05,FedEx Supply,REG-05,5.4,5,Breached,929.07,11.1,0.48
FUL-006910,ORD-006910,2024-03-27,2024-03-28,2024-03-31,WH-REG-02,Ecom Express,REG-02,4.0,5,Compliant,2504.32,5.7,0.78
FUL-007257,ORD-007257,2024-03-27,2024-03-28,2024-03-31,WH-REG-02,Delhivery Express,REG-02,4.5,5,Compliant,1488.35,10.1,0.72
FUL-008205,ORD-008205,2024-03-27,2024-03-28,2024-03-28,WH-REG-05,Ecom Express,REG-05,1.3,5,Compliant,1829.27,9.9,0.57
FUL-000325,ORD-000325,2024-03-28,2024-03-29,2024-03-30,WH-REG-01,Ecom Express,REG-01,2.2,5,Compliant,4178.19,10.5,1.39
FUL-000919,ORD-000919,2024-03-28,2024-03-29,2024-03-29,WH-REG-01,Ecom Express,REG-01,1.9,5,Compliant,3843.93,6.5,1.11
FUL-002749,ORD-002749,2024-03-28,2024-03-29,2024-03-30,WH-REG-03,FedEx Supply,REG-03,2.4,5,Compliant,3398.19,7.6,0.88
FUL-003102,ORD-003102,2024-03-28,2024-03-29,2024-03-30,WH-REG-03,DHL Freight,REG-03,2.7,3,Compliant,1530.43,10.4,0.98
FUL-004038,ORD-004038,2024-03-28,2024-03-30,2024-04-03,WH-REG-02,BlueDart Logistics,REG-02,6.3,5,Breached,2807.53,6.8,0.75
FUL-006516,ORD-006516,2024-03-28,2024-03-29,2024-03-31,WH-REG-05,BlueDart Logistics,REG-05,3.5,3,Breached,4341.2,7.0,1.74
FUL-002342,ORD-002342,2024-03-29,2024-03-31,2024-04-04,WH-REG-02,Delhivery Express,REG-02,6.7,3,Breached,3627.04,11.6,0.96
FUL-003961,ORD-003961,2024-03-29,2024-03-30,2024-04-02,WH-REG-02,DHL Freight,REG-02,4.6,5,Compliant,4280.0,11.0,1.75
FUL-005420,ORD-005420,2024-03-29,2024-03-30,2024-04-01,WH-REG-01,FedEx Supply,REG-01,3.1,5,Compliant,3300.79,7.3,1.34
FUL-006244,ORD-006244,2024-03-29,2024-03-31,2024-04-03,WH-REG-01,Delhivery Express,REG-01,5.9,5,Breached,2441.49,6.0,1.69
FUL-001179,ORD-001179,2024-03-30,2024-04-01,2024-04-04,WH-REG-02,Delhivery Express,REG-02,5.9,5,Breached,967.24,11.0,1.19
FUL-003537,ORD-003537,2024-03-30,2024-03-31,2024-03-31,WH-REG-04,Ecom Express,REG-04,1.6,5,Compliant,1643.52,11.8,1.35
FUL-007085,ORD-007085,2024-03-30,2024-03-31,2024-04-03,WH-REG-01,FedEx Supply,REG-01,4.6,3,Breached,3669.2,10.6,0.45
FUL-002130,ORD-002130,2024-03-31,2024-04-01,2024-04-02,WH-REG-04,FedEx Supply,REG-04,2.0,5,Compliant,2142.57,8.7,0.74
FUL-002983,ORD-002983,2024-03-31,2024-04-01,2024-04-04,WH-REG-04,Ecom Express,REG-04,4.8,5,Compliant,4305.29,10.5,1.16
FUL-003124,ORD-003124,2024-03-31,2024-04-01,2024-04-02,WH-REG-05,BlueDart Logistics,REG-05,2.6,5,Compliant,2851.21,8.0,0.86
FUL-003225,ORD-003225,2024-03-31,2024-04-01,2024-04-03,WH-REG-03,Ecom Express,REG-03,3.1,5,Compliant,938.32,6.6,1.77
FUL-003293,ORD-003293,2024-03-31,2024-04-01,2024-04-01,WH-REG-02,Delhivery Express,REG-02,1.2,5,Compliant,3437.57,8.5,0.78
FUL-003487,ORD-003487,2024-03-31,2024-04-02,2024-04-05,WH-REG-03,Ecom Express,REG-03,5.7,5,Breached,1224.4,11.7,0.86
FUL-003732,ORD-003732,2024-03-31,2024-04-02,2024-04-05,WH-REG-01,BlueDart Logistics,REG-01,5.9,5,Breached,3447.15,9.6,0.87
FUL-003855,ORD-003855,2024-03-31,2024-04-01,2024-04-04,WH-REG-02,Delhivery Express,REG-02,4.1,5,Compliant,4159.56,9.9,0.1
FUL-004986,ORD-004986,2024-03-31,2024-04-01,2024-04-04,WH-REG-01,Delhivery Express,REG-01,4.5,5,Compliant,1249.24,5.8,1.01
FUL-007974,ORD-007974,2024-03-31,2024-04-02,2024-04-05,WH-REG-05,Delhivery Express,REG-05,5.8,5,Breached,1260.11,5.5,1.73
FUL-001875,ORD-001875,2024-04-01,2024-04-03,2024-04-06,WH-REG-02,Ecom Express,REG-02,5.9,5,Breached,2717.67,11.3,0.6
FUL-002330,ORD-002330,2024-04-01,2024-04-02,2024-04-04,WH-REG-03,BlueDart Logistics,REG-03,3.8,5,Compliant,1436.03,11.8,0.66
FUL-002651,ORD-002651,2024-04-01,2024-04-03,2024-04-07,WH-REG-05,BlueDart Logistics,REG-05,6.1,5,Breached,1493.07,6.4,0.51
FUL-006783,ORD-006783,2024-04-01,2024-04-03,2024-04-07,WH-REG-04,FedEx Supply,REG-04,6.4,5,Breached,2194.29,8.6,0.4
FUL-006871,ORD-006871,2024-04-01,2024-04-02,2024-04-04,WH-REG-03,Ecom Express,REG-03,3.9,5,Compliant,2008.23,11.8,0.54
FUL-007268,ORD-007268,2024-04-01,2024-04-03,2024-04-07,WH-REG-03,Delhivery Express,REG-03,6.4,3,Breached,1037.14,6.8,0.99
FUL-000390,ORD-000390,2024-04-02,2024-04-04,2024-04-07,WH-REG-05,Delhivery Express,REG-05,5.2,5,Breached,1078.62,8.9,0.67
FUL-001254,ORD-001254,2024-04-02,2024-04-03,2024-04-05,WH-REG-02,DHL Freight,REG-02,3.0,5,Compliant,3076.63,7.2,0.39
FUL-002821,ORD-002821,2024-04-02,2024-04-04,2024-04-08,WH-REG-04,Delhivery Express,REG-04,6.8,5,Breached,2280.3,8.7,0.1
FUL-003139,ORD-003139,2024-04-02,2024-04-03,2024-04-04,WH-REG-01,Ecom Express,REG-01,2.6,5,Compliant,1520.65,9.5,0.04
FUL-003186,ORD-003186,2024-04-02,2024-04-03,2024-04-03,WH-REG-04,BlueDart Logistics,REG-04,1.8,3,Compliant,3704.65,5.8,0.18
FUL-003356,ORD-003356,2024-04-02,2024-04-03,2024-04-05,WH-REG-05,BlueDart Logistics,REG-05,3.6,5,Compliant,2461.18,8.3,0.05
FUL-005113,ORD-005113,2024-04-02,2024-04-03,2024-04-04,WH-REG-01,BlueDart Logistics,REG-01,2.6,5,Compliant,1436.0,11.7,0.2
FUL-005571,ORD-005571,2024-04-02,2024-04-03,2024-04-04,WH-REG-05,Ecom Express,REG-05,2.4,5,Compliant,2687.83,7.9,1.46
FUL-006225,ORD-006225,2024-04-02,2024-04-03,2024-04-04,WH-REG-02,Delhivery Express,REG-02,2.3,5,Compliant,2674.5,6.3,0.13
FUL-006569,ORD-006569,2024-04-02,2024-04-04,2024-04-07,WH-REG-04,Ecom Express,REG-04,5.4,5,Breached,1298.99,10.8,0.42
FUL-007714,ORD-007714,2024-04-02,2024-04-04,2024-04-07,WH-REG-01,Delhivery Express,REG-01,5.0,3,Breached,1260.11,7.3,0.15
FUL-005237,ORD-005237,2024-04-03,2024-04-04,2024-04-07,WH-REG-05,Delhivery Express,REG-05,4.4,3,Breached,884.03,9.3,0.4
FUL-005552,ORD-005552,2024-04-03,2024-04-04,2024-04-07,WH-REG-03,Ecom Express,REG-03,4.4,3,Breached,3253.86,8.7,0.6
FUL-005942,ORD-005942,2024-04-03,2024-04-05,2024-04-08,WH-REG-04,Ecom Express,REG-04,5.2,3,Breached,1953.0,8.9,1.5
FUL-007682,ORD-007682,2024-04-03,2024-04-04,2024-04-06,WH-REG-04,BlueDart Logistics,REG-04,3.6,5,Compliant,1533.24,10.1,0.21
FUL-002232,ORD-002232,2024-04-04,2024-04-05,2024-04-06,WH-REG-04,DHL Freight,REG-04,2.0,5,Compliant,1915.68,6.1,0.21
FUL-002251,ORD-002251,2024-04-04,2024-04-06,2024-04-09,WH-REG-01,Delhivery Express,REG-01,5.1,5,Breached,2911.87,7.8,0.27
FUL-005334,ORD-005334,2024-04-04,2024-04-05,2024-04-06,WH-REG-04,FedEx Supply,REG-04,2.7,5,Compliant,953.15,7.2,1.31
FUL-005937,ORD-005937,2024-04-04,2024-04-05,2024-04-06,WH-REG-02,DHL Freight,REG-02,2.5,5,Compliant,2871.29,5.6,0.8
FUL-006781,ORD-006781,2024-04-04,2024-04-06,2024-04-09,WH-REG-05,DHL Freight,REG-05,5.5,5,Breached,3563.79,8.3,1.64
FUL-007316,ORD-007316,2024-04-04,2024-04-05,2024-04-05,WH-REG-01,DHL Freight,REG-01,1.7,5,Compliant,4238.82,7.4,1.4
FUL-007867,ORD-007867,2024-04-04,2024-04-05,2024-04-07,WH-REG-05,DHL Freight,REG-05,3.5,5,Compliant,2632.25,8.8,0.89
FUL-000986,ORD-000986,2024-04-05,2024-04-07,2024-04-11,WH-REG-05,Ecom Express,REG-05,6.6,5,Breached,3347.8,8.2,0.28
FUL-001137,ORD-001137,2024-04-05,2024-04-06,2024-04-07,WH-REG-05,FedEx Supply,REG-05,2.4,5,Compliant,3456.86,9.1,1.16
FUL-002593,ORD-002593,2024-04-05,2024-04-07,2024-04-11,WH-REG-05,Ecom Express,REG-05,6.2,3,Breached,2101.52,6.5,1.41
FUL-002675,ORD-002675,2024-04-05,2024-04-06,2024-04-09,WH-REG-02,Ecom Express,REG-02,4.1,5,Compliant,3244.25,7.8,1.24
FUL-003121,ORD-003121,2024-04-05,2024-04-07,2024-04-11,WH-REG-04,FedEx Supply,REG-04,6.8,5,Breached,2882.77,10.1,1.57
FUL-003457,ORD-003457,2024-04-05,2024-04-06,2024-04-07,WH-REG-01,FedEx Supply,REG-01,2.4,5,Compliant,3780.02,10.2,0.12
FUL-007105,ORD-007105,2024-04-05,2024-04-06,2024-04-07,WH-REG-02,BlueDart Logistics,REG-02,2.4,5,Compliant,1093.41,7.7,1.3
FUL-007365,ORD-007365,2024-04-05,2024-04-07,2024-04-11,WH-REG-01,DHL Freight,REG-01,6.7,5,Breached,1826.24,11.7,1.39
FUL-007578,ORD-007578,2024-04-05,2024-04-07,2024-04-10,WH-REG-01,Ecom Express,REG-01,5.8,3,Breached,3150.21,11.4,0.23
FUL-007751,ORD-007751,2024-04-05,2024-04-07,2024-04-10,WH-REG-02,DHL Freight,REG-02,5.5,5,Breached,1231.43,6.7,0.65
FUL-001411,ORD-001411,2024-04-06,2024-04-07,2024-04-08,WH-REG-04,FedEx Supply,REG-04,2.9,3,Compliant,2726.85,8.1,0.76
FUL-001533,ORD-001533,2024-04-06,2024-04-07,2024-04-10,WH-REG-03,BlueDart Logistics,REG-03,4.4,5,Compliant,4226.84,8.1,0.47
FUL-001731,ORD-001731,2024-04-06,2024-04-08,2024-04-12,WH-REG-05,BlueDart Logistics,REG-05,6.5,5,Breached,917.16,7.7,0.54
FUL-001807,ORD-001807,2024-04-06,2024-04-07,2024-04-09,WH-REG-02,Delhivery Express,REG-02,3.2,5,Compliant,2841.81,6.3,1.68
FUL-006095,ORD-006095,2024-04-06,2024-04-07,2024-04-07,WH-REG-04,FedEx Supply,REG-04,1.4,5,Compliant,2041.5,11.1,0.17
FUL-007216,ORD-007216,2024-04-06,2024-04-08,2024-04-12,WH-REG-02,Ecom Express,REG-02,6.3,5,Breached,1560.59,6.3,0.72
FUL-000019,ORD-000019,2024-04-07,2024-04-08,2024-04-10,WH-REG-04,FedEx Supply,REG-04,3.9,5,Compliant,2015.28,11.8,0.97
FUL-003187,ORD-003187,2024-04-07,2024-04-08,2024-04-09,WH-REG-02,BlueDart Logistics,REG-02,2.6,5,Compliant,1600.98,11.4,0.2
FUL-008247,ORD-008247,2024-04-07,2024-04-08,2024-04-09,WH-REG-05,Ecom Express,REG-05,2.9,5,Compliant,4441.9,6.0,1.25
FUL-000966,ORD-000966,2024-04-08,2024-04-09,2024-04-10,WH-REG-04,BlueDart Logistics,REG-04,2.3,5,Compliant,4427.84,5.6,1.65
FUL-001436,ORD-001436,2024-04-08,2024-04-09,2024-04-10,WH-REG-05,Delhivery Express,REG-05,2.1,5,Compliant,2573.74,5.9,0.94
FUL-002255,ORD-002255,2024-04-08,2024-04-09,2024-04-12,WH-REG-02,FedEx Supply,REG-02,4.5,3,Breached,3300.45,11.8,0.77
FUL-002692,ORD-002692,2024-04-08,2024-04-09,2024-04-11,WH-REG-03,BlueDart Logistics,REG-03,3.4,5,Compliant,2088.12,11.9,0.58
FUL-005158,ORD-005158,2024-04-08,2024-04-09,2024-04-12,WH-REG-05,Ecom Express,REG-05,4.4,5,Compliant,1498.34,6.7,1.59
FUL-008032,ORD-008032,2024-04-08,2024-04-09,2024-04-12,WH-REG-05,FedEx Supply,REG-05,4.9,5,Compliant,1221.33,6.2,1.45
FUL-007155,ORD-007155,2024-04-09,2024-04-11,2024-04-15,WH-REG-03,Delhivery Express,REG-03,6.2,5,Breached,4151.85,10.5,0.46
FUL-008112,ORD-008112,2024-04-09,2024-04-10,2024-04-12,WH-REG-05,BlueDart Logistics,REG-05,3.3,3,Breached,4447.9,5.5,1.51
FUL-001291,ORD-001291,2024-04-10,2024-04-12,2024-04-15,WH-REG-04,FedEx Supply,REG-04,5.0,5,Compliant,1472.32,8.9,1.75
FUL-001353,ORD-001353,2024-04-10,2024-04-14,2024-04-20,WH-REG-04,Delhivery Express,REG-04,10.5,5,Breached,2232.4,10.4,0.96
FUL-002319,ORD-002319,2024-04-10,2024-04-12,2024-04-15,WH-REG-03,Ecom Express,REG-03,5.3,5,Breached,1093.43,8.1,0.52
FUL-002554,ORD-002554,2024-04-10,2024-04-11,2024-04-13,WH-REG-05,Ecom Express,REG-05,3.5,5,Compliant,1782.47,7.3,1.49
FUL-003364,ORD-003364,2024-04-10,2024-04-11,2024-04-11,WH-REG-04,Delhivery Express,REG-04,1.8,5,Compliant,1093.86,8.0,1.38
FUL-003883,ORD-003883,2024-04-10,2024-04-11,2024-04-14,WH-REG-04,Delhivery Express,REG-04,4.7,5,Compliant,4405.76,11.4,0.55
FUL-005903,ORD-005903,2024-04-10,2024-04-12,2024-04-15,WH-REG-01,DHL Freight,REG-01,5.3,3,Breached,902.84,11.3,1.36
FUL-007932,ORD-007932,2024-04-10,2024-04-11,2024-04-11,WH-REG-05,Ecom Express,REG-05,1.3,5,Compliant,1263.76,7.8,0.56
FUL-000007,ORD-000007,2024-04-11,2024-04-13,2024-04-16,WH-REG-04,FedEx Supply,REG-04,5.1,3,Breached,3679.05,6.2,1.26
FUL-000026,ORD-000026,2024-04-11,2024-04-12,2024-04-12,WH-REG-03,Delhivery Express,REG-03,1.8,3,Compliant,2648.86,11.9,0.02
FUL-000152,ORD-000152,2024-04-11,2024-04-13,2024-04-16,WH-REG-03,Delhivery Express,REG-03,5.0,5,Compliant,4116.52,6.8,1.27
FUL-000303,ORD-000303,2024-04-11,2024-04-13,2024-04-16,WH-REG-02,BlueDart Logistics,REG-02,5.1,5,Breached,2638.32,6.7,1.77
FUL-004384,ORD-004384,2024-04-11,2024-04-12,2024-04-15,WH-REG-02,Delhivery Express,REG-02,4.5,5,Compliant,1449.05,5.8,1.31
FUL-004422,ORD-004422,2024-04-11,2024-04-13,2024-04-17,WH-REG-03,Ecom Express,REG-03,6.8,5,Breached,3870.41,5.5,1.59
FUL-005014,ORD-005014,2024-04-11,2024-04-12,2024-04-13,WH-REG-02,Delhivery Express,REG-02,2.8,5,Compliant,3463.94,9.0,1.15
FUL-005630,ORD-005630,2024-04-11,2024-04-12,2024-04-15,WH-REG-01,DHL Freight,REG-01,4.4,3,Breached,1052.23,10.7,0.05
FUL-005943,ORD-005943,2024-04-11,2024-04-13,2024-04-17,WH-REG-03,FedEx Supply,REG-03,6.0,5,Breached,2959.88,5.7,0.04
FUL-007698,ORD-007698,2024-04-11,2024-04-12,2024-04-12,WH-REG-01,Ecom Express,REG-01,1.4,5,Compliant,2605.55,8.2,1.15
FUL-008279,ORD-008279,2024-04-11,2024-04-12,2024-04-14,WH-REG-05,DHL Freight,REG-05,3.4,5,Compliant,1820.61,7.0,1.0
FUL-003286,ORD-003286,2024-04-12,2024-04-14,2024-04-17,WH-REG-02,FedEx Supply,REG-02,5.9,3,Breached,3846.98,8.6,1.25
FUL-003858,ORD-003858,2024-04-12,2024-04-13,2024-04-14,WH-REG-04,FedEx Supply,REG-04,2.2,5,Compliant,3786.66,10.3,0.62
FUL-004813,ORD-004813,2024-04-12,2024-04-13,2024-04-16,WH-REG-03,Delhivery Express,REG-03,4.6,5,Compliant,3754.84,11.2,0.52
FUL-007184,ORD-007184,2024-04-12,2024-04-14,2024-04-18,WH-REG-03,DHL Freight,REG-03,6.8,5,Breached,1174.6,7.2,0.27
FUL-000082,ORD-000082,2024-04-13,2024-04-15,2024-04-19,WH-REG-03,FedEx Supply,REG-03,6.4,5,Breached,3192.51,8.1,1.73
FUL-000179,ORD-000179,2024-04-13,2024-04-15,2024-04-19,WH-REG-05,Delhivery Express,REG-05,6.2,5,Breached,3168.91,8.2,1.34
FUL-000339,ORD-000339,2024-04-13,2024-04-14,2024-04-14,WH-REG-01,FedEx Supply,REG-01,1.7,5,Compliant,2590.64,12.0,0.85
FUL-002181,ORD-002181,2024-04-13,2024-04-14,2024-04-14,WH-REG-01,Ecom Express,REG-01,1.2,3,Compliant,3042.39,7.3,1.56
FUL-002543,ORD-002543,2024-04-13,2024-04-17,2024-04-23,WH-REG-04,Ecom Express,REG-04,10.700000000000001,5,Breached,1980.62,6.9,1.07
FUL-002599,ORD-002599,2024-04-13,2024-04-14,2024-04-15,WH-REG-01,DHL Freight,REG-01,2.8,5,Compliant,4422.23,10.0,1.51
FUL-005279,ORD-005279,2024-04-13,2024-04-14,2024-04-17,WH-REG-01,BlueDart Logistics,REG-01,4.6,5,Compliant,3676.18,8.8,1.16
FUL-005625,ORD-005625,2024-04-13,2024-04-14,2024-04-16,WH-REG-04,Delhivery Express,REG-04,3.8,5,Compliant,3444.15,5.5,1.5
FUL-006104,ORD-006104,2024-04-13,2024-04-14,2024-04-17,WH-REG-03,BlueDart Logistics,REG-03,4.8,5,Compliant,4066.96,6.1,1.02
FUL-007696,ORD-007696,2024-04-13,2024-04-14,2024-04-14,WH-REG-03,Ecom Express,REG-03,1.5,3,Compliant,1470.07,7.5,1.36
FUL-008249,ORD-008249,2024-04-13,2024-04-14,2024-04-16,WH-REG-04,BlueDart Logistics,REG-04,3.3,5,Compliant,3841.76,10.3,0.07
FUL-001198,ORD-001198,2024-04-14,2024-04-16,2024-04-20,WH-REG-02,DHL Freight,REG-02,6.2,5,Breached,1379.27,10.2,0.9
FUL-001748,ORD-001748,2024-04-14,2024-04-16,2024-04-20,WH-REG-01,Delhivery Express,REG-01,6.7,5,Breached,2696.73,10.5,1.17
FUL-002302,ORD-002302,2024-04-14,2024-04-15,2024-04-15,WH-REG-03,BlueDart Logistics,REG-03,1.6,3,Compliant,3770.5,7.5,1.47
FUL-004216,ORD-004216,2024-04-14,2024-04-15,2024-04-16,WH-REG-05,Ecom Express,REG-05,2.9,3,Compliant,3713.43,6.3,1.46
FUL-006370,ORD-006370,2024-04-14,2024-04-15,2024-04-16,WH-REG-04,FedEx Supply,REG-04,2.2,5,Compliant,3377.74,6.7,1.33
FUL-007402,ORD-007402,2024-04-14,2024-04-15,2024-04-18,WH-REG-03,BlueDart Logistics,REG-03,4.3,3,Breached,961.11,10.6,0.58
FUL-000219,ORD-000219,2024-04-15,2024-04-16,2024-04-17,WH-REG-02,Ecom Express,REG-02,2.2,5,Compliant,1420.66,10.0,1.55
FUL-000539,ORD-000539,2024-04-15,2024-04-17,2024-04-20,WH-REG-01,FedEx Supply,REG-01,5.5,5,Breached,4421.56,6.5,0.87
FUL-000952,ORD-000952,2024-04-15,2024-04-17,2024-04-21,WH-REG-01,DHL Freight,REG-01,6.0,3,Breached,4259.07,9.3,1.22
FUL-001277,ORD-001277,2024-04-15,2024-04-16,2024-04-18,WH-REG-04,Ecom Express,REG-04,3.2,5,Compliant,1674.45,10.7,0.47
FUL-001490,ORD-001490,2024-04-15,2024-04-16,2024-04-19,WH-REG-03,BlueDart Logistics,REG-03,4.8,5,Compliant,1946.16,7.1,0.1
FUL-003038,ORD-003038,2024-04-15,2024-04-16,2024-04-18,WH-REG-04,Ecom Express,REG-04,3.2,5,Compliant,2600.59,5.8,0.0
FUL-003464,ORD-003464,2024-04-15,2024-04-17,2024-04-21,WH-REG-02,DHL Freight,REG-02,6.4,5,Breached,4060.32,11.7,0.43
FUL-004124,ORD-004124,2024-04-15,2024-04-16,2024-04-18,WH-REG-04,Delhivery Express,REG-04,3.0,5,Compliant,939.85,11.4,1.04
FUL-004886,ORD-004886,2024-04-15,2024-04-16,2024-04-17,WH-REG-01,Ecom Express,REG-01,2.3,5,Compliant,1176.72,8.8,0.75
FUL-004287,ORD-004287,2024-04-16,2024-04-17,2024-04-20,WH-REG-04,Delhivery Express,REG-04,4.9,5,Compliant,2028.68,7.2,0.12
FUL-004373,ORD-004373,2024-04-16,2024-04-17,2024-04-20,WH-REG-05,DHL Freight,REG-05,4.7,5,Compliant,2223.68,8.0,1.3
FUL-005231,ORD-005231,2024-04-16,2024-04-17,2024-04-17,WH-REG-04,Ecom Express,REG-04,1.6,3,Compliant,1032.3,8.8,1.05
FUL-005303,ORD-005303,2024-04-16,2024-04-18,2024-04-22,WH-REG-04,BlueDart Logistics,REG-04,6.2,5,Breached,1435.22,9.3,0.17
FUL-006632,ORD-006632,2024-04-16,2024-04-17,2024-04-17,WH-REG-04,FedEx Supply,REG-04,1.9,5,Compliant,1083.73,6.8,0.88
FUL-006880,ORD-006880,2024-04-16,2024-04-17,2024-04-19,WH-REG-02,Ecom Express,REG-02,3.4,5,Compliant,4067.9,10.3,0.82
FUL-000335,ORD-000335,2024-04-17,2024-04-18,2024-04-19,WH-REG-04,FedEx Supply,REG-04,2.8,5,Compliant,916.72,11.6,1.15
FUL-000430,ORD-000430,2024-04-17,2024-04-18,2024-04-21,WH-REG-03,DHL Freight,REG-03,4.0,5,Compliant,946.86,8.7,1.4
FUL-001113,ORD-001113,2024-04-17,2024-04-18,2024-04-18,WH-REG-04,Ecom Express,REG-04,1.5,5,Compliant,1166.21,6.7,1.74
FUL-001740,ORD-001740,2024-04-17,2024-04-18,2024-04-20,WH-REG-03,Ecom Express,REG-03,3.2,5,Compliant,2824.56,9.3,1.68
FUL-002492,ORD-002492,2024-04-17,2024-04-18,2024-04-19,WH-REG-01,BlueDart Logistics,REG-01,2.6,5,Compliant,1279.26,10.3,0.88
FUL-004213,ORD-004213,2024-04-17,2024-04-19,2024-04-22,WH-REG-02,Ecom Express,REG-02,5.9,5,Breached,3002.4,10.8,0.19
FUL-004491,ORD-004491,2024-04-17,2024-04-18,2024-04-21,WH-REG-05,DHL Freight,REG-05,4.4,5,Compliant,2914.92,9.3,1.58
FUL-006019,ORD-006019,2024-04-17,2024-04-18,2024-04-21,WH-REG-03,DHL Freight,REG-03,4.5,5,Compliant,1674.95,7.9,0.45
FUL-006182,ORD-006182,2024-04-17,2024-04-18,2024-04-21,WH-REG-02,Delhivery Express,REG-02,4.5,5,Compliant,3983.51,5.9,0.5
FUL-007827,ORD-007827,2024-04-17,2024-04-18,2024-04-20,WH-REG-02,BlueDart Logistics,REG-02,3.2,5,Compliant,1697.07,11.2,0.56
FUL-007869,ORD-007869,2024-04-17,2024-04-19,2024-04-22,WH-REG-02,FedEx Supply,REG-02,5.2,5,Breached,3842.55,8.2,1.24
FUL-001215,ORD-001215,2024-04-18,2024-04-19,2024-04-21,WH-REG-05,DHL Freight,REG-05,3.2,3,Breached,3016.74,11.5,1.06
FUL-001972,ORD-001972,2024-04-18,2024-04-19,2024-04-20,WH-REG-05,Ecom Express,REG-05,2.6,5,Compliant,3265.17,10.2,1.48
FUL-002122,ORD-002122,2024-04-18,2024-04-19,2024-04-20,WH-REG-02,BlueDart Logistics,REG-02,2.0,5,Compliant,1179.08,11.4,0.91
FUL-002647,ORD-002647,2024-04-18,2024-04-19,2024-04-22,WH-REG-03,Ecom Express,REG-03,4.8,5,Compliant,2235.85,5.7,0.22
FUL-003422,ORD-003422,2024-04-18,2024-04-19,2024-04-21,WH-REG-03,Ecom Express,REG-03,3.1,5,Compliant,2586.34,10.9,1.02
FUL-004393,ORD-004393,2024-04-18,2024-04-19,2024-04-19,WH-REG-05,FedEx Supply,REG-05,1.8,5,Compliant,1233.33,6.8,0.95
FUL-004406,ORD-004406,2024-04-18,2024-04-19,2024-04-20,WH-REG-02,Delhivery Express,REG-02,2.4,5,Compliant,2805.49,8.5,1.38
FUL-005447,ORD-005447,2024-04-18,2024-04-19,2024-04-19,WH-REG-01,DHL Freight,REG-01,1.3,3,Compliant,2419.64,6.3,0.23
FUL-005901,ORD-005901,2024-04-18,2024-04-19,2024-04-20,WH-REG-03,BlueDart Logistics,REG-03,2.9,5,Compliant,2288.43,11.0,1.24
FUL-006628,ORD-006628,2024-04-18,2024-04-20,2024-04-23,WH-REG-02,BlueDart Logistics,REG-02,5.7,5,Breached,3329.71,9.5,1.07
FUL-006955,ORD-006955,2024-04-18,2024-04-19,2024-04-20,WH-REG-05,Ecom Express,REG-05,2.8,5,Compliant,1865.16,5.9,1.43
FUL-007857,ORD-007857,2024-04-18,2024-04-20,2024-04-23,WH-REG-04,BlueDart Logistics,REG-04,5.2,5,Breached,2753.16,8.0,1.53
FUL-002710,ORD-002710,2024-04-19,2024-04-21,2024-04-25,WH-REG-03,Delhivery Express,REG-03,6.2,5,Breached,4066.79,7.0,1.46
FUL-003009,ORD-003009,2024-04-19,2024-04-20,2024-04-22,WH-REG-04,DHL Freight,REG-04,3.7,5,Compliant,3239.3,12.0,0.66
FUL-003644,ORD-003644,2024-04-19,2024-04-20,2024-04-20,WH-REG-05,BlueDart Logistics,REG-05,1.4,5,Compliant,3555.33,10.4,1.05
FUL-005015,ORD-005015,2024-04-19,2024-04-20,2024-04-20,WH-REG-01,DHL Freight,REG-01,1.3,5,Compliant,4113.89,10.4,0.35
FUL-005028,ORD-005028,2024-04-19,2024-04-20,2024-04-21,WH-REG-05,Delhivery Express,REG-05,2.7,5,Compliant,1066.03,10.0,1.08
FUL-005568,ORD-005568,2024-04-19,2024-04-20,2024-04-22,WH-REG-01,DHL Freight,REG-01,3.4,5,Compliant,1736.8,9.1,0.75
FUL-005876,ORD-005876,2024-04-19,2024-04-20,2024-04-20,WH-REG-03,Ecom Express,REG-03,1.9,5,Compliant,1533.07,8.9,1.05
FUL-007028,ORD-007028,2024-04-19,2024-04-21,2024-04-24,WH-REG-04,DHL Freight,REG-04,5.1,5,Breached,1888.34,7.2,0.8
FUL-007215,ORD-007215,2024-04-19,2024-04-21,2024-04-25,WH-REG-02,FedEx Supply,REG-02,6.0,5,Breached,2416.63,10.8,0.35
FUL-000743,ORD-000743,2024-04-20,2024-04-22,2024-04-25,WH-REG-03,FedEx Supply,REG-03,5.0,5,Compliant,1298.85,6.7,0.07
FUL-001908,ORD-001908,2024-04-20,2024-04-22,2024-04-26,WH-REG-05,BlueDart Logistics,REG-05,6.8,5,Breached,1958.35,7.2,1.49
FUL-003246,ORD-003246,2024-04-20,2024-04-22,2024-04-25,WH-REG-02,Delhivery Express,REG-02,5.5,5,Breached,1793.94,7.7,0.1
FUL-004309,ORD-004309,2024-04-20,2024-04-21,2024-04-23,WH-REG-01,Ecom Express,REG-01,3.8,5,Compliant,2254.79,8.5,0.25
FUL-004910,ORD-004910,2024-04-20,2024-04-21,2024-04-24,WH-REG-03,BlueDart Logistics,REG-03,4.6,5,Compliant,3148.59,7.9,0.03
FUL-005099,ORD-005099,2024-04-20,2024-04-21,2024-04-24,WH-REG-01,BlueDart Logistics,REG-01,4.9,5,Compliant,2262.43,7.0,0.01
FUL-001706,ORD-001706,2024-04-21,2024-04-23,2024-04-27,WH-REG-03,Delhivery Express,REG-03,6.2,3,Breached,3436.96,8.3,0.95
FUL-002503,ORD-002503,2024-04-21,2024-04-23,2024-04-27,WH-REG-01,DHL Freight,REG-01,6.4,5,Breached,1573.61,8.8,0.23
FUL-002561,ORD-002561,2024-04-21,2024-04-23,2024-04-26,WH-REG-02,Ecom Express,REG-02,5.0,5,Compliant,3116.55,11.8,0.14
FUL-003137,ORD-003137,2024-04-21,2024-04-22,2024-04-23,WH-REG-05,DHL Freight,REG-05,2.0,5,Compliant,4390.89,9.1,1.74
FUL-004692,ORD-004692,2024-04-21,2024-04-22,2024-04-22,WH-REG-03,Ecom Express,REG-03,1.8,5,Compliant,1199.59,10.5,0.78
FUL-006319,ORD-006319,2024-04-21,2024-04-22,2024-04-25,WH-REG-05,Delhivery Express,REG-05,4.0,3,Breached,3422.39,6.9,0.04
FUL-006794,ORD-006794,2024-04-21,2024-04-23,2024-04-26,WH-REG-01,Ecom Express,REG-01,5.6,5,Breached,3896.23,5.9,0.48
FUL-008269,ORD-008269,2024-04-21,2024-04-22,2024-04-24,WH-REG-05,FedEx Supply,REG-05,3.2,5,Compliant,2204.09,8.9,0.73
FUL-008432,ORD-008432,2024-04-21,2024-04-23,2024-04-26,WH-REG-03,Ecom Express,REG-03,5.4,5,Breached,3077.31,9.9,1.1
FUL-000866,ORD-000866,2024-04-22,2024-04-23,2024-04-23,WH-REG-04,BlueDart Logistics,REG-04,1.4,5,Compliant,1818.78,10.8,1.11
FUL-002067,ORD-002067,2024-04-22,2024-04-23,2024-04-23,WH-REG-05,BlueDart Logistics,REG-05,1.6,5,Compliant,3096.36,8.3,0.16
FUL-006841,ORD-006841,2024-04-22,2024-04-24,2024-04-27,WH-REG-02,BlueDart Logistics,REG-02,5.3,3,Breached,2859.61,11.8,1.58
FUL-007604,ORD-007604,2024-04-22,2024-04-24,2024-04-28,WH-REG-05,Ecom Express,REG-05,6.7,5,Breached,1416.92,11.8,0.2
FUL-000094,ORD-000094,2024-04-23,2024-04-24,2024-04-25,WH-REG-04,BlueDart Logistics,REG-04,2.7,5,Compliant,1931.64,10.6,0.06
FUL-001275,ORD-001275,2024-04-23,2024-04-24,2024-04-26,WH-REG-04,BlueDart Logistics,REG-04,3.1,5,Compliant,956.35,12.0,1.23
FUL-001620,ORD-001620,2024-04-23,2024-04-24,2024-04-25,WH-REG-04,Delhivery Express,REG-04,2.3,5,Compliant,4317.37,5.9,1.51
FUL-001692,ORD-001692,2024-04-23,2024-04-24,2024-04-24,WH-REG-04,DHL Freight,REG-04,1.4,5,Compliant,911.22,6.4,0.77
FUL-002182,ORD-002182,2024-04-23,2024-04-24,2024-04-26,WH-REG-01,DHL Freight,REG-01,3.7,5,Compliant,2380.78,9.0,0.93
FUL-003580,ORD-003580,2024-04-23,2024-04-24,2024-04-24,WH-REG-03,Delhivery Express,REG-03,1.5,5,Compliant,2391.13,9.5,0.73
FUL-004481,ORD-004481,2024-04-23,2024-04-25,2024-04-28,WH-REG-01,FedEx Supply,REG-01,5.3,3,Breached,3465.84,7.5,0.86
FUL-004641,ORD-004641,2024-04-23,2024-04-24,2024-04-26,WH-REG-05,Delhivery Express,REG-05,3.8,5,Compliant,3207.46,8.2,1.11
FUL-004650,ORD-004650,2024-04-23,2024-04-24,2024-04-26,WH-REG-05,Delhivery Express,REG-05,3.4,5,Compliant,1062.76,6.4,0.72
FUL-006727,ORD-006727,2024-04-23,2024-04-24,2024-04-25,WH-REG-01,BlueDart Logistics,REG-01,2.9,5,Compliant,3145.9,9.9,1.0
FUL-007203,ORD-007203,2024-04-23,2024-04-24,2024-04-24,WH-REG-01,Delhivery Express,REG-01,1.4,3,Compliant,1036.5,8.4,1.72
FUL-007301,ORD-007301,2024-04-23,2024-04-24,2024-04-24,WH-REG-02,DHL Freight,REG-02,1.4,5,Compliant,2746.15,5.9,0.56
FUL-007787,ORD-007787,2024-04-23,2024-04-25,2024-04-29,WH-REG-04,Ecom Express,REG-04,6.1,5,Breached,2452.27,5.5,1.45
FUL-004464,ORD-004464,2024-04-24,2024-04-25,2024-04-28,WH-REG-03,DHL Freight,REG-03,4.1,5,Compliant,3115.92,10.6,0.89
FUL-004756,ORD-004756,2024-04-24,2024-04-25,2024-04-26,WH-REG-02,DHL Freight,REG-02,2.6,5,Compliant,4274.73,7.1,1.65
FUL-005995,ORD-005995,2024-04-24,2024-04-25,2024-04-25,WH-REG-03,BlueDart Logistics,REG-03,1.5,5,Compliant,3449.28,11.5,1.12
FUL-006832,ORD-006832,2024-04-24,2024-04-25,2024-04-27,WH-REG-03,Ecom Express,REG-03,3.8,5,Compliant,1760.44,5.6,0.2
FUL-007435,ORD-007435,2024-04-24,2024-04-25,2024-04-26,WH-REG-01,DHL Freight,REG-01,2.5,3,Compliant,1133.89,7.4,0.36
FUL-000230,ORD-000230,2024-04-25,2024-04-26,2024-04-26,WH-REG-02,BlueDart Logistics,REG-02,1.7,5,Compliant,924.34,10.5,1.39
FUL-001812,ORD-001812,2024-04-25,2024-04-26,2024-04-29,WH-REG-05,FedEx Supply,REG-05,4.8,5,Compliant,2517.18,8.3,1.4
FUL-001846,ORD-001846,2024-04-25,2024-04-26,2024-04-28,WH-REG-02,Ecom Express,REG-02,3.0,5,Compliant,3694.44,6.2,1.63
FUL-002490,ORD-002490,2024-04-25,2024-04-27,2024-05-01,WH-REG-01,Delhivery Express,REG-01,6.6,5,Breached,2128.97,9.0,0.64
FUL-003058,ORD-003058,2024-04-25,2024-04-26,2024-04-27,WH-REG-05,Delhivery Express,REG-05,2.8,5,Compliant,4026.73,11.5,0.26
FUL-004430,ORD-004430,2024-04-25,2024-04-27,2024-05-01,WH-REG-03,BlueDart Logistics,REG-03,6.0,5,Breached,2484.85,6.6,1.72
FUL-004717,ORD-004717,2024-04-25,2024-04-26,2024-04-28,WH-REG-02,Delhivery Express,REG-02,3.4,3,Breached,1150.84,10.6,1.29
FUL-007116,ORD-007116,2024-04-25,2024-04-27,2024-04-30,WH-REG-04,FedEx Supply,REG-04,5.7,5,Breached,2796.6,11.6,1.19
FUL-000200,ORD-000200,2024-04-26,2024-04-28,2024-05-02,WH-REG-04,FedEx Supply,REG-04,6.5,5,Breached,3705.0,11.9,0.32
FUL-000734,ORD-000734,2024-04-26,2024-04-28,2024-05-02,WH-REG-01,Ecom Express,REG-01,6.5,5,Breached,3768.0,9.0,0.09
FUL-001693,ORD-001693,2024-04-26,2024-04-28,2024-05-01,WH-REG-04,DHL Freight,REG-04,5.1,5,Breached,3965.17,10.6,1.7
FUL-003626,ORD-003626,2024-04-26,2024-04-27,2024-04-30,WH-REG-03,Ecom Express,REG-03,4.0,5,Compliant,2855.37,7.7,0.08
FUL-003910,ORD-003910,2024-04-26,2024-04-27,2024-04-28,WH-REG-05,BlueDart Logistics,REG-05,2.5,5,Compliant,3538.0,9.1,0.31
FUL-004616,ORD-004616,2024-04-26,2024-04-27,2024-04-27,WH-REG-04,Ecom Express,REG-04,1.7,5,Compliant,2308.18,6.2,0.51
FUL-007067,ORD-007067,2024-04-26,2024-04-27,2024-04-30,WH-REG-04,DHL Freight,REG-04,4.7,5,Compliant,3197.0,5.9,1.67
FUL-007358,ORD-007358,2024-04-26,2024-04-27,2024-04-30,WH-REG-05,DHL Freight,REG-05,4.1,5,Compliant,3348.51,8.3,1.45
FUL-008210,ORD-008210,2024-04-26,2024-04-27,2024-04-30,WH-REG-01,Delhivery Express,REG-01,4.7,3,Breached,3566.04,6.4,0.11
FUL-001298,ORD-001298,2024-04-27,2024-04-29,2024-05-02,WH-REG-04,BlueDart Logistics,REG-04,5.4,5,Breached,4436.42,10.6,1.41
FUL-003629,ORD-003629,2024-04-27,2024-04-29,2024-05-02,WH-REG-05,DHL Freight,REG-05,5.5,5,Breached,2532.11,11.1,0.56
FUL-004096,ORD-004096,2024-04-27,2024-04-28,2024-05-01,WH-REG-02,FedEx Supply,REG-02,4.0,5,Compliant,4084.45,8.2,1.37
FUL-004543,ORD-004543,2024-04-27,2024-04-28,2024-04-28,WH-REG-03,Ecom Express,REG-03,1.3,3,Compliant,2076.5,6.2,0.08
FUL-005364,ORD-005364,2024-04-27,2024-04-28,2024-05-01,WH-REG-03,FedEx Supply,REG-03,4.9,5,Compliant,3427.95,6.1,1.01
FUL-006004,ORD-006004,2024-04-27,2024-04-29,2024-05-02,WH-REG-02,DHL Freight,REG-02,5.1,5,Breached,3862.42,6.0,0.55
FUL-006276,ORD-006276,2024-04-27,2024-04-28,2024-04-28,WH-REG-05,DHL Freight,REG-05,1.3,5,Compliant,1333.2,10.4,0.22
FUL-007688,ORD-007688,2024-04-27,2024-04-29,2024-05-02,WH-REG-04,DHL Freight,REG-04,5.7,5,Breached,2807.56,8.1,1.02
FUL-007701,ORD-007701,2024-04-27,2024-04-28,2024-04-28,WH-REG-01,BlueDart Logistics,REG-01,1.3,5,Compliant,1910.32,10.3,1.66
FUL-007929,ORD-007929,2024-04-27,2024-04-28,2024-05-01,WH-REG-05,DHL Freight,REG-05,4.9,5,Compliant,1248.22,9.2,1.46
FUL-000724,ORD-000724,2024-04-28,2024-04-30,2024-05-04,WH-REG-01,FedEx Supply,REG-01,6.6,5,Breached,1693.05,11.4,1.39
FUL-001407,ORD-001407,2024-04-28,2024-04-29,2024-04-29,WH-REG-04,Ecom Express,REG-04,1.8,3,Compliant,3974.79,9.8,1.38
FUL-001760,ORD-001760,2024-04-28,2024-04-30,2024-05-03,WH-REG-02,DHL Freight,REG-02,5.7,5,Breached,3416.1,6.9,0.65
FUL-001824,ORD-001824,2024-04-28,2024-04-30,2024-05-03,WH-REG-03,FedEx Supply,REG-03,5.4,5,Breached,1308.31,7.9,1.45
FUL-003825,ORD-003825,2024-04-28,2024-04-30,2024-05-03,WH-REG-02,FedEx Supply,REG-02,5.8,3,Breached,1873.22,8.9,0.18
FUL-004451,ORD-004451,2024-04-28,2024-05-02,2024-05-09,WH-REG-04,BlueDart Logistics,REG-04,11.2,5,Breached,2908.89,11.6,0.31
FUL-004664,ORD-004664,2024-04-28,2024-04-29,2024-04-30,WH-REG-05,Delhivery Express,REG-05,2.8,5,Compliant,3028.16,10.2,0.29
FUL-008182,ORD-008182,2024-04-28,2024-04-29,2024-05-02,WH-REG-03,FedEx Supply,REG-03,4.3,5,Compliant,3750.0,9.4,1.29
FUL-001601,ORD-001601,2024-04-29,2024-04-30,2024-05-01,WH-REG-04,DHL Freight,REG-04,2.2,5,Compliant,2745.61,11.4,0.67
FUL-002944,ORD-002944,2024-04-29,2024-04-30,2024-05-03,WH-REG-05,FedEx Supply,REG-05,4.9,5,Compliant,1761.17,9.5,1.41
FUL-004014,ORD-004014,2024-04-29,2024-05-01,2024-05-05,WH-REG-02,DHL Freight,REG-02,6.5,3,Breached,2231.76,9.0,0.82
FUL-005049,ORD-005049,2024-04-29,2024-04-30,2024-05-03,WH-REG-05,Delhivery Express,REG-05,4.2,5,Compliant,2940.62,8.8,0.25
FUL-005461,ORD-005461,2024-04-29,2024-04-30,2024-04-30,WH-REG-04,Ecom Express,REG-04,1.3,5,Compliant,1316.33,7.5,1.02
FUL-006055,ORD-006055,2024-04-29,2024-05-01,2024-05-04,WH-REG-05,Delhivery Express,REG-05,5.7,5,Breached,4186.25,10.2,1.49
FUL-006112,ORD-006112,2024-04-29,2024-04-30,2024-04-30,WH-REG-02,BlueDart Logistics,REG-02,1.8,5,Compliant,1036.12,6.0,0.2
FUL-007382,ORD-007382,2024-04-29,2024-04-30,2024-05-02,WH-REG-02,Delhivery Express,REG-02,3.4,5,Compliant,3031.68,8.8,0.99
FUL-001390,ORD-001390,2024-04-30,2024-05-01,2024-05-03,WH-REG-04,Ecom Express,REG-04,3.5,5,Compliant,2326.66,12.0,0.36
FUL-002978,ORD-002978,2024-04-30,2024-05-01,2024-05-01,WH-REG-02,Ecom Express,REG-02,1.9,5,Compliant,1724.98,10.7,1.03
FUL-003372,ORD-003372,2024-04-30,2024-05-01,2024-05-02,WH-REG-04,BlueDart Logistics,REG-04,2.2,5,Compliant,1148.84,6.8,0.03
FUL-003405,ORD-003405,2024-04-30,2024-05-01,2024-05-01,WH-REG-05,DHL Freight,REG-05,1.4,5,Compliant,2934.66,7.0,0.48
FUL-006752,ORD-006752,2024-04-30,2024-05-02,2024-05-05,WH-REG-04,FedEx Supply,REG-04,5.1,5,Breached,3493.99,10.8,1.61
FUL-000608,ORD-000608,2024-05-01,2024-05-02,2024-05-03,WH-REG-05,Ecom Express,REG-05,2.7,3,Compliant,1091.34,8.2,0.14
FUL-000705,ORD-000705,2024-05-01,2024-05-02,2024-05-05,WH-REG-02,BlueDart Logistics,REG-02,4.6,5,Compliant,4322.21,11.1,0.38
FUL-002853,ORD-002853,2024-05-01,2024-05-02,2024-05-03,WH-REG-03,Delhivery Express,REG-03,2.2,5,Compliant,3733.7,7.7,0.16
FUL-004025,ORD-004025,2024-05-01,2024-05-02,2024-05-04,WH-REG-05,Ecom Express,REG-05,3.8,5,Compliant,922.12,7.3,1.5
FUL-004283,ORD-004283,2024-05-01,2024-05-02,2024-05-03,WH-REG-03,DHL Freight,REG-03,2.7,5,Compliant,4139.87,9.0,0.72
FUL-007340,ORD-007340,2024-05-01,2024-05-02,2024-05-05,WH-REG-05,Ecom Express,REG-05,4.4,5,Compliant,1976.58,11.7,1.79
FUL-008392,ORD-008392,2024-05-01,2024-05-03,2024-05-06,WH-REG-02,FedEx Supply,REG-02,5.3,5,Breached,4459.31,10.0,1.03
FUL-002716,ORD-002716,2024-05-02,2024-05-03,2024-05-06,WH-REG-01,FedEx Supply,REG-01,4.8,5,Compliant,1650.56,7.7,0.91
FUL-004871,ORD-004871,2024-05-02,2024-05-03,2024-05-03,WH-REG-05,FedEx Supply,REG-05,1.8,5,Compliant,2716.35,11.4,1.29
FUL-005521,ORD-005521,2024-05-02,2024-05-04,2024-05-08,WH-REG-05,DHL Freight,REG-05,6.4,5,Breached,856.07,9.2,1.19
FUL-008107,ORD-008107,2024-05-02,2024-05-03,2024-05-03,WH-REG-05,Delhivery Express,REG-05,1.8,3,Compliant,3238.9,5.6,1.23
FUL-003951,ORD-003951,2024-05-03,2024-05-05,2024-05-09,WH-REG-03,FedEx Supply,REG-03,6.3,5,Breached,4371.48,10.1,0.87
FUL-004173,ORD-004173,2024-05-03,2024-05-05,2024-05-08,WH-REG-01,FedEx Supply,REG-01,5.5,5,Breached,3140.16,10.5,1.37
FUL-004720,ORD-004720,2024-05-03,2024-05-04,2024-05-07,WH-REG-05,DHL Freight,REG-05,4.6,3,Breached,3438.36,9.9,0.1
FUL-005178,ORD-005178,2024-05-03,2024-05-05,2024-05-09,WH-REG-05,Delhivery Express,REG-05,6.4,5,Breached,4068.62,7.8,0.42
FUL-006161,ORD-006161,2024-05-03,2024-05-04,2024-05-04,WH-REG-04,Ecom Express,REG-04,1.8,5,Compliant,854.4,6.4,0.18
FUL-007029,ORD-007029,2024-05-03,2024-05-04,2024-05-04,WH-REG-05,DHL Freight,REG-05,1.3,5,Compliant,1888.53,11.2,1.06
FUL-002277,ORD-002277,2024-05-04,2024-05-05,2024-05-08,WH-REG-01,BlueDart Logistics,REG-01,4.2,5,Compliant,1266.34,9.4,0.33
FUL-007309,ORD-007309,2024-05-04,2024-05-05,2024-05-05,WH-REG-05,DHL Freight,REG-05,1.9,5,Compliant,1209.37,10.5,1.28
FUL-007368,ORD-007368,2024-05-04,2024-05-05,2024-05-06,WH-REG-01,FedEx Supply,REG-01,2.4,5,Compliant,1058.28,8.5,0.9
FUL-001430,ORD-001430,2024-05-05,2024-05-07,2024-05-11,WH-REG-01,DHL Freight,REG-01,6.1,3,Breached,4429.34,10.1,0.33
FUL-002862,ORD-002862,2024-05-05,2024-05-06,2024-05-06,WH-REG-05,Ecom Express,REG-05,1.9,5,Compliant,3792.24,7.1,0.85
FUL-002999,ORD-002999,2024-05-05,2024-05-06,2024-05-08,WH-REG-05,Delhivery Express,REG-05,3.4,3,Breached,3452.68,8.7,1.58
FUL-003669,ORD-003669,2024-05-05,2024-05-06,2024-05-06,WH-REG-03,BlueDart Logistics,REG-03,1.5,5,Compliant,1319.92,5.9,1.07
FUL-004069,ORD-004069,2024-05-05,2024-05-07,2024-05-10,WH-REG-05,Ecom Express,REG-05,5.7,5,Breached,1118.86,11.9,0.9
FUL-005818,ORD-005818,2024-05-05,2024-05-06,2024-05-06,WH-REG-04,FedEx Supply,REG-04,1.9,5,Compliant,2522.32,9.0,1.27
FUL-006737,ORD-006737,2024-05-05,2024-05-10,2024-05-18,WH-REG-01,Ecom Express,REG-01,13.4,3,Breached,1947.82,11.4,1.6
FUL-007681,ORD-007681,2024-05-05,2024-05-06,2024-05-09,WH-REG-02,DHL Freight,REG-02,4.9,5,Compliant,3026.01,11.4,0.17
FUL-004693,ORD-004693,2024-05-06,2024-05-07,2024-05-08,WH-REG-02,Delhivery Express,REG-02,2.8,5,Compliant,4424.13,10.5,0.57
FUL-006839,ORD-006839,2024-05-06,2024-05-07,2024-05-09,WH-REG-04,Delhivery Express,REG-04,3.6,5,Compliant,3046.38,9.8,1.12
FUL-007305,ORD-007305,2024-05-06,2024-05-08,2024-05-11,WH-REG-01,Ecom Express,REG-01,5.6,5,Breached,4131.01,8.3,0.74
FUL-007327,ORD-007327,2024-05-06,2024-05-08,2024-05-11,WH-REG-05,Ecom Express,REG-05,5.8,5,Breached,2555.86,10.7,0.31
FUL-007947,ORD-007947,2024-05-06,2024-05-07,2024-05-09,WH-REG-04,BlueDart Logistics,REG-04,3.4,5,Compliant,1804.4,8.7,1.37
FUL-001085,ORD-001085,2024-05-07,2024-05-08,2024-05-09,WH-REG-05,DHL Freight,REG-05,2.7,5,Compliant,4185.01,10.8,1.74
FUL-002579,ORD-002579,2024-05-07,2024-05-08,2024-05-09,WH-REG-03,BlueDart Logistics,REG-03,2.4,5,Compliant,1196.56,11.2,0.43
FUL-002633,ORD-002633,2024-05-07,2024-05-08,2024-05-10,WH-REG-05,BlueDart Logistics,REG-05,3.3,5,Compliant,3177.44,6.0,0.87
FUL-003288,ORD-003288,2024-05-07,2024-05-08,2024-05-08,WH-REG-01,Delhivery Express,REG-01,1.3,5,Compliant,2573.83,11.5,0.55
FUL-003655,ORD-003655,2024-05-07,2024-05-08,2024-05-09,WH-REG-03,Ecom Express,REG-03,2.2,5,Compliant,2114.33,10.9,0.02
FUL-004044,ORD-004044,2024-05-07,2024-05-08,2024-05-09,WH-REG-03,Ecom Express,REG-03,2.8,5,Compliant,1405.19,6.8,0.21
FUL-005621,ORD-005621,2024-05-07,2024-05-08,2024-05-09,WH-REG-05,BlueDart Logistics,REG-05,2.0,5,Compliant,4472.95,10.5,0.35
FUL-005696,ORD-005696,2024-05-07,2024-05-08,2024-05-11,WH-REG-03,Delhivery Express,REG-03,4.8,5,Compliant,1750.05,7.0,0.81
FUL-001138,ORD-001138,2024-05-08,2024-05-10,2024-05-13,WH-REG-02,Delhivery Express,REG-02,5.5,5,Breached,4162.34,9.6,0.88
FUL-004292,ORD-004292,2024-05-08,2024-05-09,2024-05-09,WH-REG-02,Ecom Express,REG-02,1.6,5,Compliant,3024.69,10.1,1.64
FUL-004607,ORD-004607,2024-05-08,2024-05-10,2024-05-14,WH-REG-02,FedEx Supply,REG-02,6.7,5,Breached,3415.64,7.9,0.42
FUL-006950,ORD-006950,2024-05-08,2024-05-09,2024-05-11,WH-REG-03,BlueDart Logistics,REG-03,3.0,5,Compliant,4432.5,9.9,0.68
FUL-008154,ORD-008154,2024-05-08,2024-05-09,2024-05-09,WH-REG-04,DHL Freight,REG-04,1.5,5,Compliant,2436.32,6.1,0.48
FUL-002160,ORD-002160,2024-05-09,2024-05-10,2024-05-11,WH-REG-02,FedEx Supply,REG-02,2.4,5,Compliant,2327.86,9.2,1.47
FUL-003514,ORD-003514,2024-05-09,2024-05-10,2024-05-13,WH-REG-04,FedEx Supply,REG-04,4.2,5,Compliant,2513.49,7.6,0.19
FUL-003710,ORD-003710,2024-05-09,2024-05-10,2024-05-13,WH-REG-01,DHL Freight,REG-01,4.5,3,Breached,940.71,7.0,1.52
FUL-004515,ORD-004515,2024-05-09,2024-05-10,2024-05-13,WH-REG-03,DHL Freight,REG-03,4.8,3,Breached,1719.44,11.7,0.09
FUL-005539,ORD-005539,2024-05-09,2024-05-11,2024-05-15,WH-REG-02,Delhivery Express,REG-02,6.6,5,Breached,1107.09,9.4,1.51
FUL-005689,ORD-005689,2024-05-09,2024-05-11,2024-05-14,WH-REG-01,Delhivery Express,REG-01,5.8,5,Breached,999.33,6.7,0.61
FUL-005933,ORD-005933,2024-05-09,2024-05-11,2024-05-15,WH-REG-05,Ecom Express,REG-05,6.6,5,Breached,3536.17,9.0,0.42
FUL-006006,ORD-006006,2024-05-09,2024-05-11,2024-05-14,WH-REG-02,Ecom Express,REG-02,5.2,5,Breached,2897.02,7.6,1.61
FUL-002708,ORD-002708,2024-05-10,2024-05-11,2024-05-13,WH-REG-02,BlueDart Logistics,REG-02,3.6,5,Compliant,3391.34,8.0,1.77
FUL-002775,ORD-002775,2024-05-10,2024-05-11,2024-05-13,WH-REG-05,BlueDart Logistics,REG-05,3.0,5,Compliant,2730.44,6.6,1.68
FUL-003037,ORD-003037,2024-05-10,2024-05-11,2024-05-12,WH-REG-02,DHL Freight,REG-02,2.1,5,Compliant,2233.12,9.1,0.61
FUL-003175,ORD-003175,2024-05-10,2024-05-12,2024-05-15,WH-REG-05,FedEx Supply,REG-05,5.2,5,Breached,3094.58,7.7,1.52
FUL-003578,ORD-003578,2024-05-10,2024-05-12,2024-05-15,WH-REG-05,BlueDart Logistics,REG-05,5.2,5,Breached,2838.94,6.4,1.6
FUL-003748,ORD-003748,2024-05-10,2024-05-12,2024-05-15,WH-REG-02,DHL Freight,REG-02,5.0,5,Compliant,1553.59,7.9,0.91
FUL-004250,ORD-004250,2024-05-10,2024-05-11,2024-05-14,WH-REG-04,FedEx Supply,REG-04,4.0,5,Compliant,4049.55,10.9,1.1
FUL-005359,ORD-005359,2024-05-10,2024-05-12,2024-05-16,WH-REG-05,DHL Freight,REG-05,6.1,5,Breached,3769.73,6.0,1.07
FUL-005631,ORD-005631,2024-05-10,2024-05-11,2024-05-14,WH-REG-04,DHL Freight,REG-04,4.2,5,Compliant,2663.52,6.1,0.71
FUL-006817,ORD-006817,2024-05-10,2024-05-11,2024-05-12,WH-REG-02,FedEx Supply,REG-02,2.6,3,Compliant,3540.89,11.7,1.77
FUL-007052,ORD-007052,2024-05-10,2024-05-11,2024-05-11,WH-REG-02,DHL Freight,REG-02,1.8,3,Compliant,1042.05,11.9,1.77
FUL-007747,ORD-007747,2024-05-10,2024-05-11,2024-05-13,WH-REG-05,DHL Freight,REG-05,3.0,5,Compliant,880.52,7.8,0.76
FUL-008123,ORD-008123,2024-05-10,2024-05-11,2024-05-14,WH-REG-02,DHL Freight,REG-02,4.6,5,Compliant,1980.15,11.0,0.8
FUL-001878,ORD-001878,2024-05-11,2024-05-12,2024-05-15,WH-REG-05,FedEx Supply,REG-05,4.5,5,Compliant,2243.95,10.8,0.49
FUL-002219,ORD-002219,2024-05-11,2024-05-12,2024-05-12,WH-REG-04,Delhivery Express,REG-04,1.9,5,Compliant,3046.0,10.5,0.57
FUL-002586,ORD-002586,2024-05-11,2024-05-13,2024-05-16,WH-REG-01,FedEx Supply,REG-01,5.8,5,Breached,984.82,10.7,1.15
FUL-002685,ORD-002685,2024-05-11,2024-05-12,2024-05-13,WH-REG-01,FedEx Supply,REG-01,2.2,3,Compliant,2533.44,6.8,0.42
FUL-003110,ORD-003110,2024-05-11,2024-05-12,2024-05-14,WH-REG-05,Delhivery Express,REG-05,3.0,5,Compliant,1239.4,5.8,0.43
FUL-004926,ORD-004926,2024-05-11,2024-05-14,2024-05-19,WH-REG-03,FedEx Supply,REG-03,8.899999999999999,5,Breached,2019.74,10.5,0.16
FUL-005784,ORD-005784,2024-05-11,2024-05-12,2024-05-14,WH-REG-02,Delhivery Express,REG-02,3.0,5,Compliant,2487.69,10.7,0.53
FUL-008017,ORD-008017,2024-05-11,2024-05-12,2024-05-15,WH-REG-03,DHL Freight,REG-03,4.5,3,Breached,4329.72,7.6,0.62
FUL-000679,ORD-000679,2024-05-12,2024-05-14,2024-05-18,WH-REG-01,Ecom Express,REG-01,6.6,5,Breached,3860.75,8.6,1.25
FUL-000779,ORD-000779,2024-05-12,2024-05-13,2024-05-14,WH-REG-05,Ecom Express,REG-05,2.9,5,Compliant,1375.28,11.7,0.2
FUL-000884,ORD-000884,2024-05-12,2024-05-13,2024-05-15,WH-REG-05,Delhivery Express,REG-05,3.9,5,Compliant,1163.64,10.1,1.49
FUL-000946,ORD-000946,2024-05-12,2024-05-14,2024-05-17,WH-REG-03,Ecom Express,REG-03,5.9,5,Breached,1703.76,7.9,0.1
FUL-001743,ORD-001743,2024-05-12,2024-05-14,2024-05-18,WH-REG-04,Ecom Express,REG-04,6.4,5,Breached,3664.32,7.8,0.13
FUL-005606,ORD-005606,2024-05-12,2024-05-17,2024-05-25,WH-REG-03,Delhivery Express,REG-03,13.7,3,Breached,4177.25,8.4,1.66
FUL-007201,ORD-007201,2024-05-12,2024-05-13,2024-05-13,WH-REG-03,DHL Freight,REG-03,1.8,5,Compliant,4320.4,6.1,0.05
FUL-001212,ORD-001212,2024-05-13,2024-05-14,2024-05-17,WH-REG-05,Delhivery Express,REG-05,4.2,5,Compliant,3693.58,7.7,1.48
FUL-003621,ORD-003621,2024-05-13,2024-05-14,2024-05-16,WH-REG-04,BlueDart Logistics,REG-04,3.7,5,Compliant,1838.64,9.4,0.99
FUL-005084,ORD-005084,2024-05-13,2024-05-14,2024-05-15,WH-REG-02,Delhivery Express,REG-02,2.4,5,Compliant,1185.14,8.3,0.92
FUL-005343,ORD-005343,2024-05-13,2024-05-14,2024-05-16,WH-REG-03,Delhivery Express,REG-03,3.2,5,Compliant,1354.82,8.1,0.58
FUL-005690,ORD-005690,2024-05-13,2024-05-14,2024-05-14,WH-REG-04,FedEx Supply,REG-04,1.3,5,Compliant,937.83,7.5,0.61
FUL-007766,ORD-007766,2024-05-13,2024-05-15,2024-05-19,WH-REG-05,Delhivery Express,REG-05,6.3,5,Breached,889.43,9.5,0.92
FUL-000020,ORD-000020,2024-05-14,2024-05-16,2024-05-19,WH-REG-04,BlueDart Logistics,REG-04,5.7,5,Breached,2673.19,11.6,0.32
FUL-000336,ORD-000336,2024-05-14,2024-05-16,2024-05-19,WH-REG-04,BlueDart Logistics,REG-04,5.5,5,Breached,1753.36,6.6,1.2
FUL-000977,ORD-000977,2024-05-14,2024-05-15,2024-05-18,WH-REG-03,Ecom Express,REG-03,4.2,3,Breached,3653.04,7.7,0.59
FUL-001110,ORD-001110,2024-05-14,2024-05-15,2024-05-17,WH-REG-01,Ecom Express,REG-01,3.4,5,Compliant,1190.88,9.1,0.35
FUL-001958,ORD-001958,2024-05-14,2024-05-16,2024-05-19,WH-REG-01,Ecom Express,REG-01,5.1,5,Breached,1072.65,8.9,0.48
FUL-002615,ORD-002615,2024-05-14,2024-05-15,2024-05-16,WH-REG-05,FedEx Supply,REG-05,2.7,5,Compliant,3611.42,5.8,1.76
FUL-003285,ORD-003285,2024-05-14,2024-05-15,2024-05-16,WH-REG-05,Delhivery Express,REG-05,2.9,5,Compliant,2673.27,8.5,1.58
FUL-004897,ORD-004897,2024-05-14,2024-05-15,2024-05-16,WH-REG-02,DHL Freight,REG-02,2.3,5,Compliant,1734.13,9.5,1.2
FUL-005638,ORD-005638,2024-05-14,2024-05-16,2024-05-19,WH-REG-05,Delhivery Express,REG-05,5.8,3,Breached,3196.64,12.0,0.06
FUL-006966,ORD-006966,2024-05-14,2024-05-15,2024-05-18,WH-REG-02,Delhivery Express,REG-02,4.9,5,Compliant,3993.88,7.3,0.06
FUL-007442,ORD-007442,2024-05-14,2024-05-16,2024-05-20,WH-REG-01,Ecom Express,REG-01,6.3,3,Breached,3205.04,9.5,1.5
FUL-000770,ORD-000770,2024-05-15,2024-05-17,2024-05-21,WH-REG-01,Delhivery Express,REG-01,6.4,5,Breached,3254.77,11.8,0.6
FUL-002198,ORD-002198,2024-05-15,2024-05-17,2024-05-21,WH-REG-05,FedEx Supply,REG-05,6.1,5,Breached,3958.05,10.3,0.82
FUL-002757,ORD-002757,2024-05-15,2024-05-16,2024-05-18,WH-REG-05,DHL Freight,REG-05,3.3,5,Compliant,4468.96,8.5,1.42
FUL-003413,ORD-003413,2024-05-15,2024-05-17,2024-05-21,WH-REG-04,Ecom Express,REG-04,6.1,5,Breached,3507.93,11.8,1.13
FUL-004083,ORD-004083,2024-05-15,2024-05-17,2024-05-21,WH-REG-04,Ecom Express,REG-04,6.7,5,Breached,1911.38,9.8,0.05
FUL-004189,ORD-004189,2024-05-15,2024-05-16,2024-05-18,WH-REG-03,BlueDart Logistics,REG-03,3.2,3,Breached,3377.82,6.4,0.17
FUL-004626,ORD-004626,2024-05-15,2024-05-17,2024-05-20,WH-REG-03,BlueDart Logistics,REG-03,5.2,5,Breached,3870.29,10.5,1.19
FUL-005197,ORD-005197,2024-05-15,2024-05-17,2024-05-20,WH-REG-04,DHL Freight,REG-04,5.2,5,Breached,2051.69,10.5,0.12
FUL-005498,ORD-005498,2024-05-15,2024-05-16,2024-05-17,WH-REG-05,Delhivery Express,REG-05,2.8,5,Compliant,3842.7,10.2,0.64
FUL-006107,ORD-006107,2024-05-15,2024-05-16,2024-05-19,WH-REG-03,FedEx Supply,REG-03,4.8,3,Breached,2219.91,7.2,0.82
FUL-003277,ORD-003277,2024-05-16,2024-05-18,2024-05-21,WH-REG-01,Ecom Express,REG-01,5.0,3,Breached,4359.88,6.7,1.79
FUL-004604,ORD-004604,2024-05-16,2024-05-18,2024-05-22,WH-REG-05,Delhivery Express,REG-05,6.8,5,Breached,2475.72,6.0,0.31
FUL-004798,ORD-004798,2024-05-16,2024-05-17,2024-05-17,WH-REG-02,Delhivery Express,REG-02,1.2,5,Compliant,1616.66,5.7,0.23
FUL-005232,ORD-005232,2024-05-16,2024-05-19,2024-05-24,WH-REG-02,FedEx Supply,REG-02,8.399999999999999,5,Breached,1847.91,7.4,0.39
FUL-005782,ORD-005782,2024-05-16,2024-05-18,2024-05-21,WH-REG-01,DHL Freight,REG-01,5.8,5,Breached,1467.65,11.4,1.73
FUL-007037,ORD-007037,2024-05-16,2024-05-18,2024-05-21,WH-REG-02,Ecom Express,REG-02,5.9,5,Breached,2651.29,7.3,0.87
FUL-007483,ORD-007483,2024-05-16,2024-05-17,2024-05-18,WH-REG-01,Delhivery Express,REG-01,2.3,5,Compliant,1460.9,11.1,0.04
FUL-002935,ORD-002935,2024-05-17,2024-05-19,2024-05-22,WH-REG-03,Ecom Express,REG-03,5.6,5,Breached,1724.71,12.0,1.48
FUL-003671,ORD-003671,2024-05-17,2024-05-18,2024-05-21,WH-REG-02,Delhivery Express,REG-02,4.8,5,Compliant,2078.14,9.4,0.66
FUL-004207,ORD-004207,2024-05-17,2024-05-18,2024-05-19,WH-REG-01,Ecom Express,REG-01,2.8,5,Compliant,3731.2,9.3,0.89
FUL-007326,ORD-007326,2024-05-17,2024-05-18,2024-05-20,WH-REG-05,FedEx Supply,REG-05,3.3,5,Compliant,2432.75,9.6,1.58
FUL-007473,ORD-007473,2024-05-17,2024-05-18,2024-05-19,WH-REG-04,Ecom Express,REG-04,2.6,5,Compliant,1718.16,8.8,0.04
FUL-007853,ORD-007853,2024-05-17,2024-05-18,2024-05-18,WH-REG-01,DHL Freight,REG-01,1.7,5,Compliant,1652.16,9.7,1.38
FUL-000106,ORD-000106,2024-05-18,2024-05-19,2024-05-22,WH-REG-01,DHL Freight,REG-01,4.4,5,Compliant,2692.89,7.2,1.21
FUL-000558,ORD-000558,2024-05-18,2024-05-20,2024-05-23,WH-REG-01,FedEx Supply,REG-01,5.9,5,Breached,3308.96,11.0,1.05
FUL-001458,ORD-001458,2024-05-18,2024-05-20,2024-05-24,WH-REG-03,DHL Freight,REG-03,6.1,5,Breached,3273.77,10.0,0.6
FUL-001654,ORD-001654,2024-05-18,2024-05-21,2024-05-26,WH-REG-02,BlueDart Logistics,REG-02,8.3,3,Breached,1366.73,7.5,1.44
FUL-002859,ORD-002859,2024-05-18,2024-05-20,2024-05-23,WH-REG-05,Delhivery Express,REG-05,5.3,5,Breached,1258.31,8.5,1.36
FUL-003395,ORD-003395,2024-05-18,2024-05-19,2024-05-20,WH-REG-01,Delhivery Express,REG-01,2.8,5,Compliant,2066.67,9.4,0.87
FUL-004112,ORD-004112,2024-05-18,2024-05-20,2024-05-24,WH-REG-03,FedEx Supply,REG-03,6.7,5,Breached,3654.26,7.4,0.52
FUL-004468,ORD-004468,2024-05-18,2024-05-19,2024-05-21,WH-REG-01,DHL Freight,REG-01,3.0,5,Compliant,3175.52,11.6,0.4
FUL-004874,ORD-004874,2024-05-18,2024-05-19,2024-05-21,WH-REG-04,FedEx Supply,REG-04,3.8,5,Compliant,1841.81,7.6,0.53
FUL-005023,ORD-005023,2024-05-18,2024-05-19,2024-05-20,WH-REG-04,DHL Freight,REG-04,2.9,5,Compliant,2094.68,6.4,0.02
FUL-007318,ORD-007318,2024-05-18,2024-05-19,2024-05-21,WH-REG-01,Ecom Express,REG-01,3.0,3,Compliant,3546.65,9.2,1.19
FUL-001416,ORD-001416,2024-05-19,2024-05-21,2024-05-25,WH-REG-04,DHL Freight,REG-04,6.5,5,Breached,1122.94,7.8,1.26
FUL-001738,ORD-001738,2024-05-19,2024-05-20,2024-05-23,WH-REG-05,Ecom Express,REG-05,4.6,5,Compliant,1074.58,8.2,0.94
FUL-002174,ORD-002174,2024-05-19,2024-05-20,2024-05-20,WH-REG-01,Ecom Express,REG-01,1.9,5,Compliant,1867.26,5.7,1.36
FUL-002234,ORD-002234,2024-05-19,2024-05-21,2024-05-24,WH-REG-02,FedEx Supply,REG-02,5.3,3,Breached,2404.3,9.2,1.39
FUL-002588,ORD-002588,2024-05-19,2024-05-20,2024-05-23,WH-REG-02,Ecom Express,REG-02,4.9,5,Compliant,1416.25,10.2,1.47
FUL-002600,ORD-002600,2024-05-19,2024-05-20,2024-05-21,WH-REG-05,Delhivery Express,REG-05,2.1,5,Compliant,3527.24,11.9,1.08
FUL-004674,ORD-004674,2024-05-19,2024-05-20,2024-05-20,WH-REG-03,FedEx Supply,REG-03,1.9,5,Compliant,1832.01,11.9,1.08
FUL-004860,ORD-004860,2024-05-19,2024-05-20,2024-05-22,WH-REG-02,FedEx Supply,REG-02,3.8,5,Compliant,2690.32,7.7,0.11
FUL-005135,ORD-005135,2024-05-19,2024-05-20,2024-05-22,WH-REG-03,FedEx Supply,REG-03,3.5,3,Breached,1938.75,10.3,1.11
FUL-005248,ORD-005248,2024-05-19,2024-05-20,2024-05-23,WH-REG-04,Delhivery Express,REG-04,4.5,5,Compliant,4171.61,10.0,1.68
FUL-005569,ORD-005569,2024-05-19,2024-05-20,2024-05-20,WH-REG-01,Delhivery Express,REG-01,1.4,5,Compliant,1196.84,6.4,0.1
FUL-007090,ORD-007090,2024-05-19,2024-05-21,2024-05-25,WH-REG-03,DHL Freight,REG-03,6.0,3,Breached,2654.32,9.7,1.12
FUL-000309,ORD-000309,2024-05-20,2024-05-22,2024-05-25,WH-REG-04,DHL Freight,REG-04,5.1,5,Breached,2936.42,8.0,0.91
FUL-003915,ORD-003915,2024-05-20,2024-05-22,2024-05-26,WH-REG-05,Ecom Express,REG-05,6.3,5,Breached,4308.15,11.8,0.82
FUL-005177,ORD-005177,2024-05-20,2024-05-21,2024-05-21,WH-REG-05,FedEx Supply,REG-05,1.3,5,Compliant,3732.73,9.4,0.85
FUL-005183,ORD-005183,2024-05-20,2024-05-21,2024-05-23,WH-REG-01,Ecom Express,REG-01,3.8,3,Breached,3534.6,10.8,1.77
FUL-005195,ORD-005195,2024-05-20,2024-05-21,2024-05-24,WH-REG-04,BlueDart Logistics,REG-04,4.2,3,Breached,4298.91,9.5,1.2
FUL-005307,ORD-005307,2024-05-20,2024-05-21,2024-05-23,WH-REG-04,BlueDart Logistics,REG-04,3.1,5,Compliant,3921.12,7.8,0.74
FUL-007072,ORD-007072,2024-05-20,2024-05-21,2024-05-24,WH-REG-04,Delhivery Express,REG-04,4.5,3,Breached,3903.89,6.8,1.05
FUL-007582,ORD-007582,2024-05-20,2024-05-21,2024-05-21,WH-REG-03,Ecom Express,REG-03,1.5,3,Compliant,1570.09,10.8,0.8
FUL-007939,ORD-007939,2024-05-20,2024-05-24,2024-05-30,WH-REG-02,Delhivery Express,REG-02,10.6,5,Breached,3997.43,6.4,0.72
FUL-000773,ORD-000773,2024-05-21,2024-05-22,2024-05-23,WH-REG-02,FedEx Supply,REG-02,2.7,5,Compliant,1189.85,10.4,1.29
FUL-001295,ORD-001295,2024-05-21,2024-05-22,2024-05-23,WH-REG-05,Ecom Express,REG-05,2.8,5,Compliant,3523.91,10.1,0.47
FUL-002218,ORD-002218,2024-05-21,2024-05-22,2024-05-25,WH-REG-03,DHL Freight,REG-03,4.3,5,Compliant,1975.99,8.4,0.65
FUL-002442,ORD-002442,2024-05-21,2024-05-22,2024-05-23,WH-REG-01,BlueDart Logistics,REG-01,2.5,5,Compliant,1357.54,7.6,0.31
FUL-005254,ORD-005254,2024-05-21,2024-05-23,2024-05-26,WH-REG-01,FedEx Supply,REG-01,5.4,5,Breached,4465.37,7.9,1.33
FUL-005408,ORD-005408,2024-05-21,2024-05-23,2024-05-27,WH-REG-03,BlueDart Logistics,REG-03,6.6,5,Breached,3261.11,5.7,0.78
FUL-005681,ORD-005681,2024-05-21,2024-05-22,2024-05-23,WH-REG-04,BlueDart Logistics,REG-04,2.1,5,Compliant,1224.83,6.1,0.09
FUL-006173,ORD-006173,2024-05-21,2024-05-22,2024-05-25,WH-REG-03,FedEx Supply,REG-03,4.1,5,Compliant,4165.5,7.4,1.24
FUL-008332,ORD-008332,2024-05-21,2024-05-22,2024-05-22,WH-REG-02,DHL Freight,REG-02,1.2,5,Compliant,1993.58,11.7,1.12
FUL-004362,ORD-004362,2024-05-22,2024-05-23,2024-05-23,WH-REG-04,BlueDart Logistics,REG-04,1.9,5,Compliant,2682.25,8.1,0.6
FUL-004619,ORD-004619,2024-05-22,2024-05-23,2024-05-24,WH-REG-04,DHL Freight,REG-04,2.0,5,Compliant,1346.08,10.2,0.07
FUL-004770,ORD-004770,2024-05-22,2024-05-23,2024-05-23,WH-REG-05,BlueDart Logistics,REG-05,1.9,5,Compliant,3651.15,11.3,1.04
FUL-006394,ORD-006394,2024-05-22,2024-05-23,2024-05-24,WH-REG-02,BlueDart Logistics,REG-02,2.6,5,Compliant,1250.45,11.4,1.56
FUL-006757,ORD-006757,2024-05-22,2024-05-26,2024-06-03,WH-REG-02,BlueDart Logistics,REG-02,12.2,5,Breached,4319.17,10.9,1.76
FUL-007056,ORD-007056,2024-05-22,2024-05-23,2024-05-25,WH-REG-04,Delhivery Express,REG-04,3.1,5,Compliant,4000.32,6.9,1.34
FUL-000223,ORD-000223,2024-05-23,2024-05-25,2024-05-28,WH-REG-01,BlueDart Logistics,REG-01,5.5,5,Breached,2710.45,9.5,1.4
FUL-000890,ORD-000890,2024-05-23,2024-05-25,2024-05-28,WH-REG-05,FedEx Supply,REG-05,5.4,3,Breached,4320.6,7.4,0.51
FUL-003984,ORD-003984,2024-05-23,2024-05-24,2024-05-27,WH-REG-02,Ecom Express,REG-02,4.9,5,Compliant,3116.2,10.4,0.7
FUL-004817,ORD-004817,2024-05-23,2024-05-24,2024-05-27,WH-REG-02,Ecom Express,REG-02,4.7,5,Compliant,3229.82,6.0,1.24
FUL-005407,ORD-005407,2024-05-23,2024-05-24,2024-05-26,WH-REG-03,FedEx Supply,REG-03,3.4,5,Compliant,3140.17,8.3,0.33
FUL-006325,ORD-006325,2024-05-23,2024-05-24,2024-05-27,WH-REG-03,BlueDart Logistics,REG-03,4.1,5,Compliant,4372.43,9.7,0.91
FUL-006481,ORD-006481,2024-05-23,2024-05-24,2024-05-26,WH-REG-02,DHL Freight,REG-02,3.3,5,Compliant,1395.47,9.6,0.67
FUL-006674,ORD-006674,2024-05-23,2024-05-25,2024-05-28,WH-REG-04,Ecom Express,REG-04,5.9,5,Breached,2420.41,12.0,0.33
FUL-007640,ORD-007640,2024-05-23,2024-05-24,2024-05-26,WH-REG-04,Delhivery Express,REG-04,3.1,5,Compliant,1931.8,7.4,0.92
FUL-008301,ORD-008301,2024-05-23,2024-05-24,2024-05-25,WH-REG-03,Delhivery Express,REG-03,2.9,5,Compliant,4455.11,8.2,1.41
FUL-000483,ORD-000483,2024-05-24,2024-05-25,2024-05-26,WH-REG-04,Ecom Express,REG-04,2.3,5,Compliant,4048.78,9.9,0.32
FUL-001936,ORD-001936,2024-05-24,2024-05-25,2024-05-27,WH-REG-04,FedEx Supply,REG-04,3.8,3,Breached,3768.3,6.7,0.06
FUL-002993,ORD-002993,2024-05-24,2024-05-25,2024-05-25,WH-REG-01,DHL Freight,REG-01,1.5,3,Compliant,1940.74,8.6,0.02
FUL-003132,ORD-003132,2024-05-24,2024-05-26,2024-05-30,WH-REG-01,FedEx Supply,REG-01,6.3,5,Breached,4248.35,7.0,0.31
FUL-005563,ORD-005563,2024-05-24,2024-05-26,2024-05-30,WH-REG-02,BlueDart Logistics,REG-02,6.6,5,Breached,2779.5,5.7,1.14
FUL-006455,ORD-006455,2024-05-24,2024-05-27,2024-06-02,WH-REG-03,DHL Freight,REG-03,9.899999999999999,5,Breached,1396.76,11.0,1.68
FUL-006732,ORD-006732,2024-05-24,2024-05-25,2024-05-25,WH-REG-02,DHL Freight,REG-02,1.7,3,Compliant,2234.75,12.0,0.84
FUL-008096,ORD-008096,2024-05-24,2024-05-25,2024-05-28,WH-REG-05,FedEx Supply,REG-05,4.7,5,Compliant,1333.03,9.9,0.97
FUL-005705,ORD-005705,2024-05-25,2024-05-26,2024-05-29,WH-REG-04,Delhivery Express,REG-04,4.6,5,Compliant,2724.39,10.0,0.37
FUL-001877,ORD-001877,2024-05-26,2024-05-27,2024-05-27,WH-REG-01,Delhivery Express,REG-01,1.3,3,Compliant,4176.24,10.3,1.34
FUL-002945,ORD-002945,2024-05-26,2024-05-27,2024-05-30,WH-REG-01,DHL Freight,REG-01,4.1,5,Compliant,2929.41,9.6,0.73
FUL-004867,ORD-004867,2024-05-26,2024-05-28,2024-05-31,WH-REG-01,BlueDart Logistics,REG-01,5.3,5,Breached,2639.19,11.0,1.3
FUL-005137,ORD-005137,2024-05-26,2024-05-27,2024-05-28,WH-REG-02,BlueDart Logistics,REG-02,2.1,3,Compliant,1049.69,11.8,1.75
FUL-006227,ORD-006227,2024-05-26,2024-05-27,2024-05-30,WH-REG-04,Delhivery Express,REG-04,4.6,3,Breached,1049.07,10.2,0.56
FUL-006476,ORD-006476,2024-05-26,2024-05-27,2024-05-30,WH-REG-04,DHL Freight,REG-04,4.0,5,Compliant,1452.28,9.2,0.15
FUL-008461,ORD-008461,2024-05-26,2024-05-27,2024-05-27,WH-REG-04,Ecom Express,REG-04,1.5,5,Compliant,4118.05,6.2,0.5
FUL-000673,ORD-000673,2024-05-27,2024-05-28,2024-05-30,WH-REG-04,DHL Freight,REG-04,3.8,5,Compliant,3319.3,10.8,0.24
FUL-000914,ORD-000914,2024-05-27,2024-05-28,2024-05-31,WH-REG-02,Ecom Express,REG-02,4.3,5,Compliant,1642.84,10.0,1.14
FUL-002192,ORD-002192,2024-05-27,2024-05-28,2024-05-29,WH-REG-01,Ecom Express,REG-01,2.7,3,Compliant,1389.19,7.1,1.12
FUL-003929,ORD-003929,2024-05-27,2024-05-29,2024-06-01,WH-REG-05,Delhivery Express,REG-05,5.6,5,Breached,1844.16,9.9,1.54
FUL-005471,ORD-005471,2024-05-27,2024-05-28,2024-05-31,WH-REG-05,BlueDart Logistics,REG-05,4.1,5,Compliant,2615.14,6.6,0.84
FUL-000694,ORD-000694,2024-05-28,2024-05-29,2024-05-30,WH-REG-05,Ecom Express,REG-05,2.3,5,Compliant,2547.65,6.0,0.78
FUL-001686,ORD-001686,2024-05-28,2024-05-30,2024-06-03,WH-REG-02,DHL Freight,REG-02,6.7,5,Breached,1265.99,8.0,1.07
FUL-002081,ORD-002081,2024-05-28,2024-05-30,2024-06-02,WH-REG-04,Ecom Express,REG-04,5.7,5,Breached,4135.18,9.9,1.63
FUL-003265,ORD-003265,2024-05-28,2024-05-29,2024-06-01,WH-REG-01,DHL Freight,REG-01,4.3,5,Compliant,2873.34,8.7,1.64
FUL-004612,ORD-004612,2024-05-28,2024-05-29,2024-05-30,WH-REG-05,Delhivery Express,REG-05,2.7,5,Compliant,2430.66,6.2,0.67
FUL-004865,ORD-004865,2024-05-28,2024-05-29,2024-05-30,WH-REG-03,DHL Freight,REG-03,2.7,5,Compliant,3398.18,9.2,0.81
FUL-004965,ORD-004965,2024-05-28,2024-05-30,2024-06-02,WH-REG-05,BlueDart Logistics,REG-05,5.2,5,Breached,4211.28,11.3,0.83
FUL-005017,ORD-005017,2024-05-28,2024-05-30,2024-06-02,WH-REG-05,BlueDart Logistics,REG-05,5.0,5,Compliant,3782.14,10.3,0.77
FUL-008403,ORD-008403,2024-05-28,2024-05-29,2024-05-31,WH-REG-02,Delhivery Express,REG-02,3.9,5,Compliant,3609.5,7.2,1.54
FUL-000823,ORD-000823,2024-05-29,2024-05-31,2024-06-03,WH-REG-03,FedEx Supply,REG-03,5.6,5,Breached,2587.99,6.3,0.04
FUL-001759,ORD-001759,2024-05-29,2024-05-31,2024-06-04,WH-REG-05,DHL Freight,REG-05,6.3,5,Breached,1208.73,11.1,1.49
FUL-003779,ORD-003779,2024-05-29,2024-05-30,2024-06-02,WH-REG-04,DHL Freight,REG-04,4.9,5,Compliant,4138.37,6.5,0.89
FUL-004416,ORD-004416,2024-05-29,2024-05-30,2024-06-02,WH-REG-02,DHL Freight,REG-02,4.0,5,Compliant,2266.58,11.1,0.02
FUL-004560,ORD-004560,2024-05-29,2024-05-30,2024-05-30,WH-REG-01,Delhivery Express,REG-01,1.6,5,Compliant,1612.36,8.8,1.57
FUL-005126,ORD-005126,2024-05-29,2024-05-30,2024-06-01,WH-REG-05,Delhivery Express,REG-05,3.6,5,Compliant,1679.57,6.2,0.68
FUL-005161,ORD-005161,2024-05-29,2024-05-31,2024-06-04,WH-REG-02,Delhivery Express,REG-02,6.6,5,Breached,2997.56,6.5,0.36
FUL-006729,ORD-006729,2024-05-29,2024-05-30,2024-06-01,WH-REG-02,FedEx Supply,REG-02,3.1,5,Compliant,1419.91,10.6,1.63
FUL-007762,ORD-007762,2024-05-29,2024-05-31,2024-06-04,WH-REG-01,Delhivery Express,REG-01,6.5,3,Breached,3431.66,6.0,1.19
FUL-007806,ORD-007806,2024-05-29,2024-05-30,2024-06-01,WH-REG-04,BlueDart Logistics,REG-04,3.2,5,Compliant,3509.97,9.8,0.6
FUL-000155,ORD-000155,2024-05-30,2024-05-31,2024-06-02,WH-REG-04,Ecom Express,REG-04,3.9,5,Compliant,2704.61,10.3,0.18
FUL-000302,ORD-000302,2024-05-30,2024-05-31,2024-05-31,WH-REG-05,Ecom Express,REG-05,1.8,5,Compliant,2471.07,9.4,1.6
FUL-001301,ORD-001301,2024-05-30,2024-05-31,2024-05-31,WH-REG-02,FedEx Supply,REG-02,1.5,3,Compliant,1655.53,9.6,0.98
FUL-003055,ORD-003055,2024-05-30,2024-05-31,2024-05-31,WH-REG-02,BlueDart Logistics,REG-02,1.8,5,Compliant,1319.17,8.1,0.06
FUL-004326,ORD-004326,2024-05-30,2024-05-31,2024-06-02,WH-REG-05,Ecom Express,REG-05,3.4,5,Compliant,2650.2,8.1,1.01
FUL-004710,ORD-004710,2024-05-30,2024-06-01,2024-06-05,WH-REG-04,BlueDart Logistics,REG-04,6.7,5,Breached,3855.29,10.6,0.81
FUL-006804,ORD-006804,2024-05-30,2024-05-31,2024-05-31,WH-REG-02,Ecom Express,REG-02,1.5,5,Compliant,1759.3,7.4,0.52
FUL-007117,ORD-007117,2024-05-30,2024-05-31,2024-06-03,WH-REG-05,DHL Freight,REG-05,4.6,5,Compliant,3181.2,6.5,0.2
FUL-007291,ORD-007291,2024-05-30,2024-05-31,2024-06-03,WH-REG-02,BlueDart Logistics,REG-02,4.4,5,Compliant,2971.12,10.4,1.49
FUL-007606,ORD-007606,2024-05-30,2024-06-01,2024-06-05,WH-REG-04,Ecom Express,REG-04,6.4,5,Breached,1828.44,5.5,0.73
FUL-002477,ORD-002477,2024-05-31,2024-06-02,2024-06-06,WH-REG-05,Ecom Express,REG-05,6.2,5,Breached,4178.93,6.9,1.06
FUL-002657,ORD-002657,2024-05-31,2024-06-02,2024-06-05,WH-REG-01,Ecom Express,REG-01,5.1,5,Breached,1069.4,6.9,0.87
FUL-003271,ORD-003271,2024-05-31,2024-06-02,2024-06-05,WH-REG-01,BlueDart Logistics,REG-01,5.6,5,Breached,2957.99,8.9,1.02
FUL-003497,ORD-003497,2024-05-31,2024-06-01,2024-06-03,WH-REG-01,BlueDart Logistics,REG-01,3.0,5,Compliant,1238.77,7.3,1.66
FUL-006491,ORD-006491,2024-05-31,2024-06-01,2024-06-01,WH-REG-01,BlueDart Logistics,REG-01,1.8,5,Compliant,3135.98,5.7,0.77
FUL-003374,ORD-003374,2024-06-01,2024-06-03,2024-06-07,WH-REG-04,FedEx Supply,REG-04,6.2,5,Breached,1118.22,7.1,0.85
FUL-004389,ORD-004389,2024-06-01,2024-06-02,2024-06-03,WH-REG-01,FedEx Supply,REG-01,2.3,3,Compliant,4354.81,6.6,1.23
FUL-005005,ORD-005005,2024-06-01,2024-06-02,2024-06-04,WH-REG-03,Delhivery Express,REG-03,3.6,3,Breached,4237.78,7.9,0.86
FUL-005871,ORD-005871,2024-06-01,2024-06-02,2024-06-05,WH-REG-02,FedEx Supply,REG-02,4.6,5,Compliant,2856.44,10.9,0.69
FUL-007193,ORD-007193,2024-06-01,2024-06-02,2024-06-03,WH-REG-04,Delhivery Express,REG-04,2.9,5,Compliant,3701.26,9.5,0.6
FUL-000482,ORD-000482,2024-06-02,2024-06-03,2024-06-06,WH-REG-04,BlueDart Logistics,REG-04,4.0,5,Compliant,2329.33,9.0,1.18
FUL-002413,ORD-002413,2024-06-02,2024-06-04,2024-06-07,WH-REG-05,FedEx Supply,REG-05,5.3,3,Breached,3847.96,11.6,1.75
FUL-002797,ORD-002797,2024-06-02,2024-06-03,2024-06-06,WH-REG-01,Delhivery Express,REG-01,4.8,3,Breached,2404.57,11.7,1.75
FUL-003318,ORD-003318,2024-06-02,2024-06-03,2024-06-04,WH-REG-03,Ecom Express,REG-03,2.0,5,Compliant,1322.79,6.0,0.93
FUL-004914,ORD-004914,2024-06-02,2024-06-06,2024-06-12,WH-REG-05,FedEx Supply,REG-05,10.5,5,Breached,2790.23,11.7,1.48
FUL-007898,ORD-007898,2024-06-02,2024-06-04,2024-06-07,WH-REG-03,Delhivery Express,REG-03,5.5,5,Breached,2625.89,8.0,0.15
FUL-000002,ORD-000002,2024-06-03,2024-06-05,2024-06-09,WH-REG-05,DHL Freight,REG-05,6.7,5,Breached,969.34,10.6,1.7
FUL-000075,ORD-000075,2024-06-03,2024-06-04,2024-06-06,WH-REG-05,BlueDart Logistics,REG-05,3.0,5,Compliant,983.21,7.1,0.19
FUL-000836,ORD-000836,2024-06-03,2024-06-04,2024-06-05,WH-REG-04,BlueDart Logistics,REG-04,2.0,5,Compliant,3445.93,9.5,0.81
FUL-001714,ORD-001714,2024-06-03,2024-06-04,2024-06-04,WH-REG-01,Ecom Express,REG-01,1.9,3,Compliant,1851.16,5.6,1.67
FUL-002755,ORD-002755,2024-06-03,2024-06-05,2024-06-08,WH-REG-05,Delhivery Express,REG-05,5.2,5,Breached,1774.9,5.8,1.78
FUL-002767,ORD-002767,2024-06-03,2024-06-04,2024-06-05,WH-REG-02,FedEx Supply,REG-02,2.7,5,Compliant,2704.23,6.3,1.63
FUL-003000,ORD-003000,2024-06-03,2024-06-04,2024-06-06,WH-REG-02,Ecom Express,REG-02,3.8,5,Compliant,2579.5,8.2,0.53
FUL-008140,ORD-008140,2024-06-03,2024-06-05,2024-06-08,WH-REG-02,Delhivery Express,REG-02,5.2,5,Breached,1588.69,10.9,0.64
FUL-002148,ORD-002148,2024-06-04,2024-06-06,2024-06-10,WH-REG-03,BlueDart Logistics,REG-03,6.1,5,Breached,1852.38,10.2,1.61
FUL-002213,ORD-002213,2024-06-04,2024-06-05,2024-06-05,WH-REG-01,FedEx Supply,REG-01,1.3,5,Compliant,1218.81,10.5,1.66
FUL-002680,ORD-002680,2024-06-04,2024-06-05,2024-06-07,WH-REG-05,Ecom Express,REG-05,3.8,3,Breached,1403.47,6.3,0.12
FUL-003332,ORD-003332,2024-06-04,2024-06-05,2024-06-08,WH-REG-01,DHL Freight,REG-01,4.5,5,Compliant,1868.06,6.1,1.49
FUL-004386,ORD-004386,2024-06-04,2024-06-05,2024-06-07,WH-REG-03,FedEx Supply,REG-03,3.4,5,Compliant,3133.62,6.7,1.51
FUL-005001,ORD-005001,2024-06-04,2024-06-06,2024-06-09,WH-REG-01,DHL Freight,REG-01,5.9,5,Breached,2058.26,6.5,1.27
FUL-006362,ORD-006362,2024-06-04,2024-06-05,2024-06-08,WH-REG-02,BlueDart Logistics,REG-02,4.0,5,Compliant,1820.33,10.7,1.13
FUL-008223,ORD-008223,2024-06-04,2024-06-05,2024-06-08,WH-REG-02,FedEx Supply,REG-02,4.2,3,Breached,4080.46,8.5,1.21
FUL-000501,ORD-000501,2024-06-05,2024-06-06,2024-06-07,WH-REG-03,FedEx Supply,REG-03,2.4,3,Compliant,2626.58,6.2,0.34
FUL-001125,ORD-001125,2024-06-05,2024-06-07,2024-06-10,WH-REG-03,FedEx Supply,REG-03,5.7,5,Breached,3469.09,7.1,0.73
FUL-003305,ORD-003305,2024-06-05,2024-06-07,2024-06-10,WH-REG-01,BlueDart Logistics,REG-01,5.6,5,Breached,1292.12,8.5,0.97
FUL-005609,ORD-005609,2024-06-05,2024-06-06,2024-06-09,WH-REG-01,FedEx Supply,REG-01,4.4,5,Compliant,1663.02,8.7,0.53
FUL-006328,ORD-006328,2024-06-05,2024-06-06,2024-06-09,WH-REG-05,Delhivery Express,REG-05,4.8,5,Compliant,2901.15,11.0,1.8
FUL-007134,ORD-007134,2024-06-05,2024-06-06,2024-06-09,WH-REG-04,DHL Freight,REG-04,4.9,3,Breached,4095.33,7.9,0.61
FUL-000382,ORD-000382,2024-06-06,2024-06-08,2024-06-12,WH-REG-02,Ecom Express,REG-02,6.4,5,Breached,3511.34,11.9,0.66
FUL-000606,ORD-000606,2024-06-06,2024-06-07,2024-06-09,WH-REG-03,FedEx Supply,REG-03,3.7,5,Compliant,3267.96,9.1,1.36
FUL-002063,ORD-002063,2024-06-06,2024-06-07,2024-06-08,WH-REG-04,Delhivery Express,REG-04,2.5,5,Compliant,2847.21,8.3,0.11
FUL-004024,ORD-004024,2024-06-06,2024-06-07,2024-06-09,WH-REG-04,Ecom Express,REG-04,3.6,5,Compliant,1412.15,11.0,1.21
FUL-006192,ORD-006192,2024-06-06,2024-06-08,2024-06-11,WH-REG-01,FedEx Supply,REG-01,5.3,5,Breached,1663.16,10.1,1.16
FUL-006821,ORD-006821,2024-06-06,2024-06-08,2024-06-12,WH-REG-02,DHL Freight,REG-02,6.4,5,Breached,2988.23,6.9,1.62
FUL-001087,ORD-001087,2024-06-07,2024-06-08,2024-06-11,WH-REG-05,FedEx Supply,REG-05,4.4,5,Compliant,2998.12,9.5,0.7
FUL-001880,ORD-001880,2024-06-07,2024-06-09,2024-06-13,WH-REG-01,Delhivery Express,REG-01,6.1,5,Breached,2654.01,9.5,0.98
FUL-001929,ORD-001929,2024-06-07,2024-06-08,2024-06-09,WH-REG-03,Ecom Express,REG-03,2.6,5,Compliant,1405.51,10.5,0.93
FUL-003709,ORD-003709,2024-06-07,2024-06-08,2024-06-11,WH-REG-03,BlueDart Logistics,REG-03,4.5,5,Compliant,3107.08,8.4,0.66
FUL-004088,ORD-004088,2024-06-07,2024-06-08,2024-06-08,WH-REG-02,Ecom Express,REG-02,1.3,3,Compliant,1121.44,10.8,1.37
FUL-004810,ORD-004810,2024-06-07,2024-06-08,2024-06-09,WH-REG-03,Ecom Express,REG-03,2.7,5,Compliant,2016.8,9.9,0.67
FUL-006119,ORD-006119,2024-06-07,2024-06-08,2024-06-08,WH-REG-03,DHL Freight,REG-03,1.9,5,Compliant,3298.0,8.2,0.8
FUL-006386,ORD-006386,2024-06-07,2024-06-09,2024-06-13,WH-REG-05,Delhivery Express,REG-05,6.1,5,Breached,1884.98,8.0,1.26
FUL-008024,ORD-008024,2024-06-07,2024-06-08,2024-06-11,WH-REG-01,FedEx Supply,REG-01,4.4,5,Compliant,2182.0,12.0,0.25
FUL-003605,ORD-003605,2024-06-08,2024-06-10,2024-06-14,WH-REG-02,FedEx Supply,REG-02,6.1,3,Breached,1903.11,8.0,1.1
FUL-006030,ORD-006030,2024-06-08,2024-06-09,2024-06-11,WH-REG-03,DHL Freight,REG-03,3.0,5,Compliant,1877.17,8.8,1.08
FUL-006706,ORD-006706,2024-06-08,2024-06-09,2024-06-12,WH-REG-05,Ecom Express,REG-05,4.5,3,Breached,1642.89,11.5,1.32
FUL-006961,ORD-006961,2024-06-08,2024-06-09,2024-06-10,WH-REG-05,BlueDart Logistics,REG-05,2.8,5,Compliant,1066.44,11.4,1.55
FUL-007700,ORD-007700,2024-06-08,2024-06-10,2024-06-13,WH-REG-01,FedEx Supply,REG-01,5.0,3,Breached,4220.12,10.9,1.32
FUL-008041,ORD-008041,2024-06-08,2024-06-10,2024-06-13,WH-REG-01,Delhivery Express,REG-01,5.7,3,Breached,1563.47,7.6,1.59
FUL-001483,ORD-001483,2024-06-09,2024-06-10,2024-06-12,WH-REG-03,BlueDart Logistics,REG-03,3.4,5,Compliant,4334.19,11.9,1.76
FUL-001532,ORD-001532,2024-06-09,2024-06-10,2024-06-13,WH-REG-01,Ecom Express,REG-01,4.8,5,Compliant,3863.23,11.3,1.33
FUL-001616,ORD-001616,2024-06-09,2024-06-10,2024-06-12,WH-REG-04,DHL Freight,REG-04,3.6,5,Compliant,1933.27,6.2,0.92
FUL-003407,ORD-003407,2024-06-09,2024-06-11,2024-06-15,WH-REG-04,BlueDart Logistics,REG-04,6.0,3,Breached,1168.62,10.3,0.22
FUL-004198,ORD-004198,2024-06-09,2024-06-10,2024-06-10,WH-REG-03,Ecom Express,REG-03,1.7,5,Compliant,2799.47,11.4,0.72
FUL-006338,ORD-006338,2024-06-09,2024-06-10,2024-06-11,WH-REG-02,Ecom Express,REG-02,2.4,5,Compliant,2986.87,11.0,0.82
FUL-008430,ORD-008430,2024-06-09,2024-06-10,2024-06-13,WH-REG-03,FedEx Supply,REG-03,4.6,5,Compliant,2015.94,7.0,1.53
FUL-008442,ORD-008442,2024-06-09,2024-06-10,2024-06-12,WH-REG-03,DHL Freight,REG-03,3.8,5,Compliant,1104.46,6.9,1.45
FUL-008468,ORD-008468,2024-06-09,2024-06-10,2024-06-13,WH-REG-01,Ecom Express,REG-01,4.0,5,Compliant,3513.09,6.4,0.61
FUL-000440,ORD-000440,2024-06-10,2024-06-11,2024-06-13,WH-REG-04,DHL Freight,REG-04,3.6,5,Compliant,3826.39,9.8,0.63
FUL-001028,ORD-001028,2024-06-10,2024-06-11,2024-06-12,WH-REG-02,DHL Freight,REG-02,2.7,5,Compliant,3024.93,10.1,0.89
FUL-001441,ORD-001441,2024-06-10,2024-06-11,2024-06-14,WH-REG-02,Ecom Express,REG-02,4.0,5,Compliant,2077.7,11.6,0.23
FUL-002038,ORD-002038,2024-06-10,2024-06-12,2024-06-15,WH-REG-02,BlueDart Logistics,REG-02,5.5,5,Breached,4330.89,8.9,0.21
FUL-003435,ORD-003435,2024-06-10,2024-06-12,2024-06-16,WH-REG-01,Ecom Express,REG-01,6.0,5,Breached,2882.24,10.4,0.31
FUL-004632,ORD-004632,2024-06-10,2024-06-12,2024-06-16,WH-REG-01,Delhivery Express,REG-01,6.4,5,Breached,3379.02,11.9,0.53
FUL-006352,ORD-006352,2024-06-10,2024-06-12,2024-06-16,WH-REG-04,Ecom Express,REG-04,6.5,5,Breached,3393.01,7.9,1.56
FUL-007333,ORD-007333,2024-06-10,2024-06-11,2024-06-14,WH-REG-05,FedEx Supply,REG-05,4.4,5,Compliant,3058.76,6.3,0.61
FUL-007471,ORD-007471,2024-06-10,2024-06-12,2024-06-15,WH-REG-02,BlueDart Logistics,REG-02,5.2,5,Breached,887.76,9.5,0.01
FUL-007507,ORD-007507,2024-06-10,2024-06-12,2024-06-16,WH-REG-05,Ecom Express,REG-05,6.4,5,Breached,1462.05,5.6,1.03
FUL-000044,ORD-000044,2024-06-11,2024-06-13,2024-06-16,WH-REG-03,Ecom Express,REG-03,5.6,5,Breached,1581.39,6.3,0.35
FUL-001915,ORD-001915,2024-06-11,2024-06-13,2024-06-16,WH-REG-05,DHL Freight,REG-05,5.8,3,Breached,4385.0,11.7,0.67
FUL-003963,ORD-003963,2024-06-11,2024-06-12,2024-06-15,WH-REG-01,Ecom Express,REG-01,4.1,5,Compliant,1581.14,5.5,0.85
FUL-004148,ORD-004148,2024-06-11,2024-06-12,2024-06-13,WH-REG-01,Ecom Express,REG-01,2.7,5,Compliant,3426.75,6.7,1.39
FUL-005610,ORD-005610,2024-06-11,2024-06-13,2024-06-16,WH-REG-02,FedEx Supply,REG-02,5.8,5,Breached,2658.7,6.1,0.89
FUL-007344,ORD-007344,2024-06-11,2024-06-12,2024-06-15,WH-REG-04,Ecom Express,REG-04,4.7,5,Compliant,2657.51,11.7,0.11
FUL-008181,ORD-008181,2024-06-11,2024-06-12,2024-06-14,WH-REG-04,Ecom Express,REG-04,3.5,5,Compliant,1198.37,11.5,1.43
FUL-001569,ORD-001569,2024-06-12,2024-06-14,2024-06-17,WH-REG-04,Delhivery Express,REG-04,5.5,5,Breached,4028.42,10.9,0.65
FUL-002265,ORD-002265,2024-06-12,2024-06-13,2024-06-16,WH-REG-05,DHL Freight,REG-05,4.2,5,Compliant,2085.28,8.2,0.69
FUL-002383,ORD-002383,2024-06-12,2024-06-14,2024-06-18,WH-REG-05,Delhivery Express,REG-05,6.1,5,Breached,1457.13,5.8,1.76
FUL-002730,ORD-002730,2024-06-12,2024-06-13,2024-06-14,WH-REG-01,Ecom Express,REG-01,2.0,5,Compliant,2499.64,6.4,1.7
FUL-002756,ORD-002756,2024-06-12,2024-06-14,2024-06-18,WH-REG-01,FedEx Supply,REG-01,6.1,5,Breached,1984.63,5.8,1.46
FUL-003370,ORD-003370,2024-06-12,2024-06-13,2024-06-15,WH-REG-04,Ecom Express,REG-04,3.7,3,Breached,1911.86,8.1,0.15
FUL-003469,ORD-003469,2024-06-12,2024-06-13,2024-06-15,WH-REG-03,BlueDart Logistics,REG-03,3.9,5,Compliant,913.45,10.0,0.27
FUL-003853,ORD-003853,2024-06-12,2024-06-13,2024-06-16,WH-REG-05,FedEx Supply,REG-05,4.8,3,Breached,1786.57,11.9,0.34
FUL-004483,ORD-004483,2024-06-12,2024-06-13,2024-06-15,WH-REG-05,BlueDart Logistics,REG-05,3.2,3,Breached,992.02,10.6,1.39
FUL-004808,ORD-004808,2024-06-12,2024-06-14,2024-06-17,WH-REG-03,FedEx Supply,REG-03,5.0,5,Compliant,3030.9,10.8,1.34
FUL-005146,ORD-005146,2024-06-12,2024-06-13,2024-06-15,WH-REG-02,DHL Freight,REG-02,3.1,3,Breached,3686.82,9.9,0.47
FUL-005800,ORD-005800,2024-06-12,2024-06-13,2024-06-14,WH-REG-03,Delhivery Express,REG-03,2.4,5,Compliant,881.09,10.0,1.79
FUL-007000,ORD-007000,2024-06-12,2024-06-13,2024-06-14,WH-REG-04,FedEx Supply,REG-04,2.3,5,Compliant,1338.68,9.3,1.22
FUL-008378,ORD-008378,2024-06-12,2024-06-13,2024-06-14,WH-REG-01,Delhivery Express,REG-01,2.1,5,Compliant,2054.78,9.3,1.03
FUL-000875,ORD-000875,2024-06-13,2024-06-15,2024-06-19,WH-REG-04,Ecom Express,REG-04,6.1,5,Breached,3773.25,11.6,1.13
FUL-001242,ORD-001242,2024-06-13,2024-06-14,2024-06-16,WH-REG-01,Ecom Express,REG-01,3.2,5,Compliant,3534.38,8.8,0.2
FUL-001283,ORD-001283,2024-06-13,2024-06-14,2024-06-15,WH-REG-01,DHL Freight,REG-01,2.7,5,Compliant,3522.27,11.5,1.46
FUL-002467,ORD-002467,2024-06-13,2024-06-14,2024-06-15,WH-REG-03,Ecom Express,REG-03,2.6,5,Compliant,2204.34,6.4,0.55
FUL-003955,ORD-003955,2024-06-13,2024-06-14,2024-06-15,WH-REG-05,DHL Freight,REG-05,2.3,5,Compliant,1569.61,10.0,0.61
FUL-004938,ORD-004938,2024-06-13,2024-06-15,2024-06-18,WH-REG-03,FedEx Supply,REG-03,5.9,5,Breached,3544.26,5.8,0.5
FUL-005081,ORD-005081,2024-06-13,2024-06-15,2024-06-19,WH-REG-05,Ecom Express,REG-05,6.4,5,Breached,3580.73,8.2,1.55
FUL-008033,ORD-008033,2024-06-13,2024-06-14,2024-06-17,WH-REG-04,FedEx Supply,REG-04,4.0,5,Compliant,2064.49,6.1,1.23
FUL-001324,ORD-001324,2024-06-14,2024-06-15,2024-06-18,WH-REG-01,Ecom Express,REG-01,4.4,5,Compliant,3588.55,9.9,1.57
FUL-001548,ORD-001548,2024-06-14,2024-06-15,2024-06-17,WH-REG-03,BlueDart Logistics,REG-03,3.6,3,Breached,3380.71,6.9,0.85
FUL-003378,ORD-003378,2024-06-14,2024-06-15,2024-06-15,WH-REG-01,Ecom Express,REG-01,1.4,5,Compliant,3237.65,7.6,0.86
FUL-005245,ORD-005245,2024-06-14,2024-06-16,2024-06-19,WH-REG-03,DHL Freight,REG-03,5.1,5,Breached,1983.77,8.2,0.06
FUL-008398,ORD-008398,2024-06-14,2024-06-15,2024-06-16,WH-REG-05,FedEx Supply,REG-05,2.3,5,Compliant,3443.71,8.5,0.9
FUL-002849,ORD-002849,2024-06-15,2024-06-16,2024-06-19,WH-REG-03,BlueDart Logistics,REG-03,4.3,5,Compliant,1133.08,11.8,0.45
FUL-003072,ORD-003072,2024-06-15,2024-06-16,2024-06-17,WH-REG-01,DHL Freight,REG-01,2.0,5,Compliant,1106.48,10.9,0.23
FUL-004293,ORD-004293,2024-06-15,2024-06-17,2024-06-21,WH-REG-02,Ecom Express,REG-02,6.7,5,Breached,1016.88,7.7,0.19
FUL-004655,ORD-004655,2024-06-15,2024-06-17,2024-06-21,WH-REG-05,FedEx Supply,REG-05,6.4,5,Breached,3372.66,9.5,0.85
FUL-005911,ORD-005911,2024-06-15,2024-06-16,2024-06-17,WH-REG-05,BlueDart Logistics,REG-05,2.4,5,Compliant,2469.97,11.3,0.66
FUL-007565,ORD-007565,2024-06-15,2024-06-16,2024-06-18,WH-REG-05,Delhivery Express,REG-05,3.4,5,Compliant,4374.19,6.6,0.11
FUL-007868,ORD-007868,2024-06-15,2024-06-16,2024-06-19,WH-REG-03,DHL Freight,REG-03,4.6,3,Breached,4323.21,9.6,1.34
FUL-008160,ORD-008160,2024-06-15,2024-06-17,2024-06-20,WH-REG-02,Ecom Express,REG-02,5.9,3,Breached,2282.12,9.1,1.38
FUL-004718,ORD-004718,2024-06-16,2024-06-17,2024-06-20,WH-REG-02,Delhivery Express,REG-02,4.1,5,Compliant,1643.81,10.5,0.9
FUL-006281,ORD-006281,2024-06-16,2024-06-17,2024-06-19,WH-REG-05,Delhivery Express,REG-05,3.9,5,Compliant,4354.16,6.8,0.13
FUL-007566,ORD-007566,2024-06-16,2024-06-17,2024-06-20,WH-REG-03,BlueDart Logistics,REG-03,4.3,3,Breached,4099.37,7.5,1.27
FUL-008486,ORD-008486,2024-06-16,2024-06-17,2024-06-17,WH-REG-05,Delhivery Express,REG-05,1.4,5,Compliant,3193.97,12.0,0.3
FUL-000214,ORD-000214,2024-06-17,2024-06-18,2024-06-19,WH-REG-03,BlueDart Logistics,REG-03,2.6,5,Compliant,2329.06,9.0,1.51
FUL-005239,ORD-005239,2024-06-17,2024-06-18,2024-06-19,WH-REG-01,Ecom Express,REG-01,2.0,5,Compliant,4171.54,10.5,0.23
FUL-005738,ORD-005738,2024-06-17,2024-06-18,2024-06-20,WH-REG-03,Delhivery Express,REG-03,3.0,3,Compliant,3949.52,9.7,1.06
FUL-006456,ORD-006456,2024-06-17,2024-06-18,2024-06-19,WH-REG-04,Delhivery Express,REG-04,2.2,5,Compliant,3807.69,10.0,1.26
FUL-007670,ORD-007670,2024-06-17,2024-06-19,2024-06-23,WH-REG-04,FedEx Supply,REG-04,6.7,5,Breached,3963.75,9.1,1.73
FUL-000677,ORD-000677,2024-06-18,2024-06-20,2024-06-24,WH-REG-02,DHL Freight,REG-02,6.2,3,Breached,2344.77,8.7,1.0
FUL-002732,ORD-002732,2024-06-18,2024-06-19,2024-06-20,WH-REG-04,BlueDart Logistics,REG-04,2.7,5,Compliant,1135.48,6.3,0.18
FUL-007130,ORD-007130,2024-06-18,2024-06-19,2024-06-22,WH-REG-03,DHL Freight,REG-03,4.5,3,Breached,3076.12,9.0,1.38
FUL-007412,ORD-007412,2024-06-18,2024-06-20,2024-06-23,WH-REG-02,BlueDart Logistics,REG-02,5.0,5,Compliant,3885.82,8.9,0.45
FUL-002473,ORD-002473,2024-06-19,2024-06-20,2024-06-20,WH-REG-01,Ecom Express,REG-01,1.5,3,Compliant,4023.92,5.8,1.08
FUL-003909,ORD-003909,2024-06-19,2024-06-21,2024-06-24,WH-REG-01,BlueDart Logistics,REG-01,5.6,5,Breached,929.91,7.0,1.01
FUL-005131,ORD-005131,2024-06-19,2024-06-21,2024-06-25,WH-REG-04,Delhivery Express,REG-04,6.4,5,Breached,2771.63,11.7,0.22
FUL-006747,ORD-006747,2024-06-19,2024-06-20,2024-06-21,WH-REG-02,BlueDart Logistics,REG-02,2.0,5,Compliant,2128.75,7.2,0.27
FUL-007296,ORD-007296,2024-06-19,2024-06-20,2024-06-21,WH-REG-05,Ecom Express,REG-05,2.9,5,Compliant,3441.77,9.2,1.75
FUL-007420,ORD-007420,2024-06-19,2024-06-21,2024-06-25,WH-REG-02,Delhivery Express,REG-02,6.1,5,Breached,2483.9,8.4,0.16
FUL-007951,ORD-007951,2024-06-19,2024-06-20,2024-06-23,WH-REG-05,BlueDart Logistics,REG-05,4.1,5,Compliant,1967.74,8.5,1.07
FUL-001187,ORD-001187,2024-06-20,2024-06-23,2024-06-28,WH-REG-03,DHL Freight,REG-03,8.5,5,Breached,4079.22,6.3,1.62
FUL-001816,ORD-001816,2024-06-20,2024-06-21,2024-06-24,WH-REG-01,FedEx Supply,REG-01,4.4,5,Compliant,2506.64,8.4,1.5
FUL-002845,ORD-002845,2024-06-20,2024-06-22,2024-06-25,WH-REG-05,Ecom Express,REG-05,5.2,3,Breached,2213.45,11.5,1.15
FUL-003282,ORD-003282,2024-06-20,2024-06-21,2024-06-24,WH-REG-04,DHL Freight,REG-04,4.9,5,Compliant,2433.57,10.4,0.39
FUL-003576,ORD-003576,2024-06-20,2024-06-22,2024-06-25,WH-REG-01,BlueDart Logistics,REG-01,5.1,5,Breached,3450.91,9.5,1.7
FUL-003587,ORD-003587,2024-06-20,2024-06-21,2024-06-22,WH-REG-02,Delhivery Express,REG-02,2.2,5,Compliant,2985.71,10.6,1.35
FUL-005906,ORD-005906,2024-06-20,2024-06-21,2024-06-21,WH-REG-05,Ecom Express,REG-05,1.4,5,Compliant,1030.3,10.5,0.05
FUL-006008,ORD-006008,2024-06-20,2024-06-21,2024-06-21,WH-REG-02,DHL Freight,REG-02,1.8,5,Compliant,3252.97,9.0,0.38
FUL-006835,ORD-006835,2024-06-20,2024-06-21,2024-06-23,WH-REG-01,FedEx Supply,REG-01,3.6,5,Compliant,1074.65,9.3,0.11
FUL-007277,ORD-007277,2024-06-20,2024-06-22,2024-06-25,WH-REG-03,Ecom Express,REG-03,5.9,5,Breached,3681.42,9.9,0.47
FUL-007854,ORD-007854,2024-06-20,2024-06-21,2024-06-21,WH-REG-05,Ecom Express,REG-05,1.5,5,Compliant,889.0,6.9,0.65
FUL-007905,ORD-007905,2024-06-20,2024-06-21,2024-06-24,WH-REG-03,DHL Freight,REG-03,4.7,5,Compliant,2158.28,7.8,0.27
FUL-000845,ORD-000845,2024-06-21,2024-06-22,2024-06-24,WH-REG-03,Ecom Express,REG-03,3.7,5,Compliant,4254.04,9.3,0.86
FUL-001780,ORD-001780,2024-06-21,2024-06-23,2024-06-27,WH-REG-01,BlueDart Logistics,REG-01,6.5,5,Breached,3273.68,7.1,0.97
FUL-001837,ORD-001837,2024-06-21,2024-06-23,2024-06-26,WH-REG-01,FedEx Supply,REG-01,5.8,3,Breached,1190.84,8.3,1.23
FUL-001970,ORD-001970,2024-06-21,2024-06-22,2024-06-25,WH-REG-01,FedEx Supply,REG-01,4.6,5,Compliant,3260.78,9.6,1.36
FUL-002248,ORD-002248,2024-06-21,2024-06-22,2024-06-23,WH-REG-04,Delhivery Express,REG-04,2.3,5,Compliant,2655.93,8.0,0.31
FUL-002931,ORD-002931,2024-06-21,2024-06-22,2024-06-25,WH-REG-05,Delhivery Express,REG-05,4.5,5,Compliant,2121.16,7.8,1.67
FUL-003196,ORD-003196,2024-06-21,2024-06-23,2024-06-27,WH-REG-03,Delhivery Express,REG-03,6.2,5,Breached,1362.85,11.4,1.49
FUL-003828,ORD-003828,2024-06-21,2024-06-23,2024-06-26,WH-REG-02,FedEx Supply,REG-02,5.7,5,Breached,4206.14,7.6,0.25
FUL-005925,ORD-005925,2024-06-21,2024-06-22,2024-06-25,WH-REG-04,DHL Freight,REG-04,4.7,5,Compliant,2217.7,9.4,1.05
FUL-000004,ORD-000004,2024-06-22,2024-06-23,2024-06-24,WH-REG-05,DHL Freight,REG-05,2.1,5,Compliant,956.26,8.3,1.08
FUL-002922,ORD-002922,2024-06-22,2024-06-23,2024-06-25,WH-REG-03,BlueDart Logistics,REG-03,3.8,5,Compliant,4385.48,7.9,0.58
FUL-003262,ORD-003262,2024-06-22,2024-06-24,2024-06-28,WH-REG-05,BlueDart Logistics,REG-05,6.4,5,Breached,2190.95,9.4,0.59
FUL-003735,ORD-003735,2024-06-22,2024-06-23,2024-06-25,WH-REG-04,FedEx Supply,REG-04,3.1,5,Compliant,1464.04,8.9,1.49
FUL-005600,ORD-005600,2024-06-22,2024-06-23,2024-06-24,WH-REG-03,FedEx Supply,REG-03,2.1,5,Compliant,4023.3,10.1,0.14
FUL-005786,ORD-005786,2024-06-22,2024-06-24,2024-06-28,WH-REG-04,BlueDart Logistics,REG-04,6.6,3,Breached,3020.82,9.2,0.83
FUL-006274,ORD-006274,2024-06-22,2024-06-23,2024-06-24,WH-REG-05,FedEx Supply,REG-05,2.2,5,Compliant,3587.46,6.2,1.42
FUL-007110,ORD-007110,2024-06-22,2024-06-23,2024-06-24,WH-REG-02,Delhivery Express,REG-02,2.9,3,Compliant,4172.04,10.3,0.91
FUL-007200,ORD-007200,2024-06-22,2024-06-24,2024-06-27,WH-REG-05,Ecom Express,REG-05,5.4,3,Breached,1269.79,7.6,0.63
FUL-008144,ORD-008144,2024-06-22,2024-06-23,2024-06-25,WH-REG-02,FedEx Supply,REG-02,3.2,5,Compliant,4385.92,8.1,0.41
FUL-001118,ORD-001118,2024-06-23,2024-06-24,2024-06-27,WH-REG-04,BlueDart Logistics,REG-04,4.7,5,Compliant,3512.15,11.8,0.68
FUL-001489,ORD-001489,2024-06-23,2024-06-24,2024-06-26,WH-REG-01,BlueDart Logistics,REG-01,3.9,5,Compliant,2292.29,9.8,1.13
FUL-002112,ORD-002112,2024-06-23,2024-06-25,2024-06-29,WH-REG-05,DHL Freight,REG-05,6.6,3,Breached,4369.0,9.3,1.07
FUL-002846,ORD-002846,2024-06-23,2024-06-24,2024-06-24,WH-REG-02,Delhivery Express,REG-02,1.2,5,Compliant,2192.63,8.0,0.92
FUL-003604,ORD-003604,2024-06-23,2024-06-24,2024-06-26,WH-REG-02,Delhivery Express,REG-02,3.9,5,Compliant,2354.15,8.9,1.02
FUL-003878,ORD-003878,2024-06-23,2024-06-24,2024-06-27,WH-REG-02,BlueDart Logistics,REG-02,4.4,5,Compliant,1399.56,8.3,1.62
FUL-004137,ORD-004137,2024-06-23,2024-06-24,2024-06-24,WH-REG-02,DHL Freight,REG-02,1.8,5,Compliant,1642.96,6.8,0.25
FUL-005149,ORD-005149,2024-06-23,2024-06-24,2024-06-26,WH-REG-05,Ecom Express,REG-05,3.9,5,Compliant,4398.39,10.7,1.41
FUL-005895,ORD-005895,2024-06-23,2024-06-24,2024-06-24,WH-REG-03,DHL Freight,REG-03,1.6,5,Compliant,1639.93,6.9,1.71
FUL-008465,ORD-008465,2024-06-23,2024-06-24,2024-06-27,WH-REG-02,DHL Freight,REG-02,4.5,5,Compliant,2634.93,10.6,1.13
FUL-002216,ORD-002216,2024-06-24,2024-06-25,2024-06-28,WH-REG-05,Delhivery Express,REG-05,4.0,5,Compliant,2608.47,5.8,0.54
FUL-003893,ORD-003893,2024-06-24,2024-06-25,2024-06-25,WH-REG-04,DHL Freight,REG-04,1.5,5,Compliant,3124.12,9.9,1.65
FUL-006296,ORD-006296,2024-06-24,2024-06-25,2024-06-27,WH-REG-03,BlueDart Logistics,REG-03,3.5,3,Breached,1839.5,9.5,1.16
FUL-008434,ORD-008434,2024-06-24,2024-06-26,2024-06-30,WH-REG-05,DHL Freight,REG-05,6.0,5,Breached,1784.18,6.4,1.08
FUL-001596,ORD-001596,2024-06-25,2024-06-26,2024-06-28,WH-REG-01,BlueDart Logistics,REG-01,3.7,5,Compliant,3903.26,9.9,1.27
FUL-001992,ORD-001992,2024-06-25,2024-06-27,2024-06-30,WH-REG-03,DHL Freight,REG-03,5.2,5,Breached,1372.69,6.9,0.02
FUL-004353,ORD-004353,2024-06-25,2024-06-26,2024-06-28,WH-REG-01,FedEx Supply,REG-01,3.8,5,Compliant,3324.17,8.9,1.75
FUL-004396,ORD-004396,2024-06-25,2024-06-26,2024-06-26,WH-REG-03,DHL Freight,REG-03,1.7,3,Compliant,2569.04,8.8,0.88
FUL-005916,ORD-005916,2024-06-25,2024-06-27,2024-06-30,WH-REG-01,DHL Freight,REG-01,5.6,3,Breached,2631.61,6.9,0.92
FUL-006669,ORD-006669,2024-06-25,2024-06-26,2024-06-27,WH-REG-05,FedEx Supply,REG-05,2.8,5,Compliant,2139.25,8.5,1.58
FUL-006963,ORD-006963,2024-06-25,2024-06-26,2024-06-28,WH-REG-05,FedEx Supply,REG-05,3.3,5,Compliant,3507.72,10.2,0.57
FUL-007034,ORD-007034,2024-06-25,2024-06-28,2024-07-03,WH-REG-05,FedEx Supply,REG-05,8.7,5,Breached,2992.54,6.8,0.32
FUL-000688,ORD-000688,2024-06-26,2024-06-28,2024-07-01,WH-REG-01,Ecom Express,REG-01,5.3,5,Breached,2381.4,6.3,1.37
FUL-000881,ORD-000881,2024-06-26,2024-06-28,2024-07-01,WH-REG-04,Delhivery Express,REG-04,5.1,3,Breached,940.99,11.7,0.98
FUL-005385,ORD-005385,2024-06-26,2024-06-28,2024-07-01,WH-REG-05,BlueDart Logistics,REG-05,5.2,5,Breached,3019.3,7.7,1.64
FUL-005746,ORD-005746,2024-06-26,2024-06-27,2024-06-28,WH-REG-02,Delhivery Express,REG-02,2.6,5,Compliant,4116.53,8.7,1.11
FUL-006442,ORD-006442,2024-06-26,2024-06-28,2024-07-02,WH-REG-02,BlueDart Logistics,REG-02,6.0,5,Breached,2150.92,11.1,0.57
FUL-006463,ORD-006463,2024-06-26,2024-06-28,2024-07-01,WH-REG-02,Ecom Express,REG-02,5.3,3,Breached,4018.02,11.6,1.64
FUL-007497,ORD-007497,2024-06-26,2024-06-27,2024-06-30,WH-REG-05,BlueDart Logistics,REG-05,4.0,3,Breached,2700.69,6.6,0.35
FUL-008081,ORD-008081,2024-06-26,2024-06-28,2024-07-02,WH-REG-03,Ecom Express,REG-03,6.2,5,Breached,1250.48,9.0,0.2
FUL-000383,ORD-000383,2024-06-27,2024-06-29,2024-07-03,WH-REG-05,Delhivery Express,REG-05,6.6,5,Breached,3061.19,5.9,1.29
FUL-002258,ORD-002258,2024-06-27,2024-06-28,2024-06-29,WH-REG-04,Ecom Express,REG-04,2.0,5,Compliant,3627.71,11.8,1.08
FUL-003400,ORD-003400,2024-06-27,2024-06-28,2024-06-30,WH-REG-03,Ecom Express,REG-03,3.4,5,Compliant,2853.18,10.4,1.76
FUL-003778,ORD-003778,2024-06-27,2024-06-29,2024-07-03,WH-REG-02,Ecom Express,REG-02,6.4,3,Breached,1061.43,10.7,0.64
FUL-000182,ORD-000182,2024-06-28,2024-06-30,2024-07-03,WH-REG-02,FedEx Supply,REG-02,5.5,5,Breached,2063.18,11.4,1.43
FUL-000760,ORD-000760,2024-06-28,2024-06-29,2024-07-01,WH-REG-02,BlueDart Logistics,REG-02,3.6,5,Compliant,1011.78,10.9,1.71
FUL-004454,ORD-004454,2024-06-28,2024-06-29,2024-07-01,WH-REG-05,Delhivery Express,REG-05,3.1,3,Breached,2819.79,9.6,0.82
FUL-004489,ORD-004489,2024-06-28,2024-06-29,2024-06-29,WH-REG-01,FedEx Supply,REG-01,1.6,5,Compliant,3472.45,11.8,0.32
FUL-005020,ORD-005020,2024-06-28,2024-06-29,2024-07-02,WH-REG-04,Delhivery Express,REG-04,4.0,5,Compliant,4060.43,6.4,0.56
FUL-006878,ORD-006878,2024-06-28,2024-06-29,2024-06-30,WH-REG-02,Ecom Express,REG-02,2.0,5,Compliant,1180.89,7.3,0.11
FUL-000854,ORD-000854,2024-06-29,2024-06-30,2024-06-30,WH-REG-04,Delhivery Express,REG-04,1.3,5,Compliant,3887.85,11.9,0.07
FUL-001008,ORD-001008,2024-06-29,2024-06-30,2024-07-02,WH-REG-01,FedEx Supply,REG-01,3.5,5,Compliant,1210.04,9.6,1.33
FUL-001876,ORD-001876,2024-06-29,2024-06-30,2024-07-02,WH-REG-03,DHL Freight,REG-03,3.1,3,Breached,4359.98,7.4,1.16
FUL-004691,ORD-004691,2024-06-29,2024-06-30,2024-07-03,WH-REG-04,Delhivery Express,REG-04,4.9,5,Compliant,2954.52,5.7,0.35
FUL-004727,ORD-004727,2024-06-29,2024-07-01,2024-07-04,WH-REG-03,DHL Freight,REG-03,5.8,3,Breached,1547.25,7.1,0.99
FUL-005572,ORD-005572,2024-06-29,2024-06-30,2024-07-01,WH-REG-01,BlueDart Logistics,REG-01,2.9,3,Compliant,2897.81,9.2,0.09
FUL-005836,ORD-005836,2024-06-29,2024-06-30,2024-06-30,WH-REG-02,FedEx Supply,REG-02,1.4,5,Compliant,4053.9,11.4,0.25
FUL-006679,ORD-006679,2024-06-29,2024-06-30,2024-07-02,WH-REG-03,Delhivery Express,REG-03,3.6,3,Breached,4493.59,10.3,1.28
FUL-007912,ORD-007912,2024-06-29,2024-06-30,2024-07-01,WH-REG-05,Ecom Express,REG-05,2.2,5,Compliant,1511.19,7.1,1.06
FUL-008284,ORD-008284,2024-06-29,2024-06-30,2024-07-02,WH-REG-01,Delhivery Express,REG-01,3.3,5,Compliant,2459.91,9.4,0.75
FUL-000321,ORD-000321,2024-06-30,2024-07-02,2024-07-06,WH-REG-03,DHL Freight,REG-03,6.2,5,Breached,1914.12,6.9,0.16
FUL-001140,ORD-001140,2024-06-30,2024-07-01,2024-07-01,WH-REG-01,Ecom Express,REG-01,1.8,5,Compliant,1102.63,5.7,0.41
FUL-002138,ORD-002138,2024-06-30,2024-07-02,2024-07-06,WH-REG-01,BlueDart Logistics,REG-01,6.4,5,Breached,3146.25,10.3,1.31
FUL-002827,ORD-002827,2024-06-30,2024-07-02,2024-07-06,WH-REG-04,BlueDart Logistics,REG-04,6.0,3,Breached,1783.23,10.4,0.4
FUL-003996,ORD-003996,2024-06-30,2024-07-01,2024-07-02,WH-REG-01,Delhivery Express,REG-01,2.6,5,Compliant,1097.35,8.0,0.61
FUL-004561,ORD-004561,2024-06-30,2024-07-02,2024-07-06,WH-REG-05,Delhivery Express,REG-05,6.2,5,Breached,3859.66,9.2,0.68
FUL-007915,ORD-007915,2024-06-30,2024-07-01,2024-07-02,WH-REG-05,DHL Freight,REG-05,2.3,5,Compliant,2077.6,8.2,0.56
FUL-000235,ORD-000235,2024-07-01,2024-07-02,2024-07-02,WH-REG-03,Ecom Express,REG-03,1.6,5,Compliant,1478.88,9.7,1.09
FUL-000874,ORD-000874,2024-07-01,2024-07-02,2024-07-02,WH-REG-04,Ecom Express,REG-04,1.2,5,Compliant,1112.04,11.7,0.86
FUL-002707,ORD-002707,2024-07-01,2024-07-03,2024-07-06,WH-REG-01,FedEx Supply,REG-01,5.0,5,Compliant,4267.88,8.7,1.4
FUL-002896,ORD-002896,2024-07-01,2024-07-02,2024-07-03,WH-REG-01,BlueDart Logistics,REG-01,2.0,5,Compliant,3309.28,9.1,0.36
FUL-006700,ORD-006700,2024-07-01,2024-07-02,2024-07-03,WH-REG-01,DHL Freight,REG-01,2.7,5,Compliant,2808.17,8.2,1.26
FUL-008188,ORD-008188,2024-07-01,2024-07-02,2024-07-04,WH-REG-01,DHL Freight,REG-01,3.2,3,Breached,2496.14,10.4,0.84
FUL-001205,ORD-001205,2024-07-02,2024-07-03,2024-07-04,WH-REG-05,Delhivery Express,REG-05,2.1,5,Compliant,4021.53,8.4,1.34
FUL-001811,ORD-001811,2024-07-02,2024-07-03,2024-07-04,WH-REG-03,Delhivery Express,REG-03,2.3,5,Compliant,2236.17,9.9,1.62
FUL-002217,ORD-002217,2024-07-02,2024-07-03,2024-07-05,WH-REG-04,Delhivery Express,REG-04,3.7,5,Compliant,1072.2,10.7,0.57
FUL-002306,ORD-002306,2024-07-02,2024-07-03,2024-07-05,WH-REG-01,FedEx Supply,REG-01,3.2,3,Breached,1083.69,11.7,0.12
FUL-002542,ORD-002542,2024-07-02,2024-07-04,2024-07-07,WH-REG-04,Ecom Express,REG-04,5.5,5,Breached,1696.43,11.6,1.24
FUL-002953,ORD-002953,2024-07-02,2024-07-03,2024-07-03,WH-REG-04,FedEx Supply,REG-04,1.5,3,Compliant,1447.22,6.1,0.87
FUL-003758,ORD-003758,2024-07-02,2024-07-03,2024-07-06,WH-REG-04,Ecom Express,REG-04,4.1,3,Breached,2756.11,10.9,0.4
FUL-005045,ORD-005045,2024-07-02,2024-07-03,2024-07-04,WH-REG-04,Delhivery Express,REG-04,2.1,5,Compliant,1368.68,7.2,1.78
FUL-005761,ORD-005761,2024-07-02,2024-07-03,2024-07-06,WH-REG-04,Delhivery Express,REG-04,4.7,3,Breached,2452.23,6.4,0.31
FUL-005959,ORD-005959,2024-07-02,2024-07-03,2024-07-03,WH-REG-01,Delhivery Express,REG-01,1.4,5,Compliant,1631.33,5.5,0.02
FUL-006118,ORD-006118,2024-07-02,2024-07-04,2024-07-08,WH-REG-01,DHL Freight,REG-01,6.7,5,Breached,1387.63,9.7,1.54
FUL-006185,ORD-006185,2024-07-02,2024-07-03,2024-07-04,WH-REG-02,FedEx Supply,REG-02,2.7,5,Compliant,1069.91,6.8,0.61
FUL-006658,ORD-006658,2024-07-02,2024-07-04,2024-07-08,WH-REG-01,DHL Freight,REG-01,6.1,5,Breached,2816.82,7.7,0.1
FUL-008005,ORD-008005,2024-07-02,2024-07-03,2024-07-03,WH-REG-03,Ecom Express,REG-03,1.3,5,Compliant,3556.58,10.5,1.56
FUL-008166,ORD-008166,2024-07-02,2024-07-03,2024-07-06,WH-REG-03,Ecom Express,REG-03,4.8,5,Compliant,3097.85,9.2,0.09
FUL-000318,ORD-000318,2024-07-03,2024-07-04,2024-07-07,WH-REG-05,Ecom Express,REG-05,4.1,5,Compliant,1576.86,10.7,1.5
FUL-000691,ORD-000691,2024-07-03,2024-07-05,2024-07-09,WH-REG-01,Delhivery Express,REG-01,6.2,5,Breached,4160.85,11.2,0.3
FUL-001142,ORD-001142,2024-07-03,2024-07-05,2024-07-08,WH-REG-01,Delhivery Express,REG-01,5.5,5,Breached,1405.08,8.8,0.09
FUL-002697,ORD-002697,2024-07-03,2024-07-05,2024-07-09,WH-REG-01,BlueDart Logistics,REG-01,6.7,3,Breached,2219.14,7.4,0.71
FUL-003103,ORD-003103,2024-07-03,2024-07-04,2024-07-04,WH-REG-03,DHL Freight,REG-03,1.5,5,Compliant,2520.74,9.7,0.79
FUL-004076,ORD-004076,2024-07-03,2024-07-04,2024-07-05,WH-REG-04,BlueDart Logistics,REG-04,2.5,5,Compliant,2872.72,9.6,0.54
FUL-006198,ORD-006198,2024-07-03,2024-07-04,2024-07-05,WH-REG-05,BlueDart Logistics,REG-05,2.9,5,Compliant,3765.56,11.3,0.88
FUL-006275,ORD-006275,2024-07-03,2024-07-04,2024-07-04,WH-REG-03,Delhivery Express,REG-03,1.3,5,Compliant,1043.34,7.0,1.35
FUL-006534,ORD-006534,2024-07-03,2024-07-05,2024-07-08,WH-REG-01,Delhivery Express,REG-01,5.6,5,Breached,4463.68,7.9,1.3
FUL-008235,ORD-008235,2024-07-03,2024-07-04,2024-07-05,WH-REG-05,FedEx Supply,REG-05,2.5,5,Compliant,1140.58,10.7,1.72
FUL-008358,ORD-008358,2024-07-03,2024-07-04,2024-07-07,WH-REG-03,DHL Freight,REG-03,4.8,5,Compliant,4311.25,9.1,1.71
FUL-000984,ORD-000984,2024-07-04,2024-07-05,2024-07-07,WH-REG-04,Ecom Express,REG-04,3.1,5,Compliant,3242.1,10.5,0.75
FUL-001141,ORD-001141,2024-07-04,2024-07-05,2024-07-06,WH-REG-02,Delhivery Express,REG-02,2.3,5,Compliant,3696.35,7.7,0.76
FUL-001554,ORD-001554,2024-07-04,2024-07-05,2024-07-08,WH-REG-03,Ecom Express,REG-03,4.7,5,Compliant,3710.63,11.1,0.79
FUL-001753,ORD-001753,2024-07-04,2024-07-05,2024-07-06,WH-REG-03,Delhivery Express,REG-03,2.4,5,Compliant,2519.62,11.2,0.6
FUL-003466,ORD-003466,2024-07-04,2024-07-05,2024-07-05,WH-REG-05,BlueDart Logistics,REG-05,1.3,5,Compliant,1343.94,12.0,0.19
FUL-006249,ORD-006249,2024-07-04,2024-07-05,2024-07-05,WH-REG-05,Delhivery Express,REG-05,1.9,5,Compliant,2154.54,6.2,1.79
FUL-006598,ORD-006598,2024-07-04,2024-07-06,2024-07-10,WH-REG-01,BlueDart Logistics,REG-01,6.5,3,Breached,2375.69,8.6,1.32
FUL-006665,ORD-006665,2024-07-04,2024-07-06,2024-07-10,WH-REG-02,Delhivery Express,REG-02,6.7,5,Breached,2746.17,6.1,0.29
FUL-006716,ORD-006716,2024-07-04,2024-07-06,2024-07-09,WH-REG-03,DHL Freight,REG-03,5.5,5,Breached,4111.82,6.7,1.79
FUL-006937,ORD-006937,2024-07-04,2024-07-06,2024-07-10,WH-REG-04,Delhivery Express,REG-04,6.8,5,Breached,1110.88,8.9,0.37
FUL-000561,ORD-000561,2024-07-05,2024-07-06,2024-07-07,WH-REG-04,Ecom Express,REG-04,2.7,5,Compliant,3765.57,11.0,0.68
FUL-002399,ORD-002399,2024-07-05,2024-07-06,2024-07-06,WH-REG-03,DHL Freight,REG-03,1.6,5,Compliant,2971.89,9.3,0.08
FUL-003636,ORD-003636,2024-07-05,2024-07-06,2024-07-09,WH-REG-02,Delhivery Express,REG-02,4.9,5,Compliant,888.74,9.6,1.67
FUL-005656,ORD-005656,2024-07-05,2024-07-06,2024-07-08,WH-REG-01,Delhivery Express,REG-01,3.2,5,Compliant,1165.47,8.3,1.09
FUL-005921,ORD-005921,2024-07-05,2024-07-06,2024-07-09,WH-REG-04,Delhivery Express,REG-04,4.3,5,Compliant,3388.88,12.0,1.62
FUL-006539,ORD-006539,2024-07-05,2024-07-06,2024-07-08,WH-REG-04,BlueDart Logistics,REG-04,3.2,5,Compliant,3729.92,5.6,1.12
FUL-006864,ORD-006864,2024-07-05,2024-07-06,2024-07-07,WH-REG-03,BlueDart Logistics,REG-03,2.5,5,Compliant,2426.76,11.7,1.43
FUL-007383,ORD-007383,2024-07-05,2024-07-06,2024-07-09,WH-REG-05,BlueDart Logistics,REG-05,4.8,3,Breached,2594.21,8.5,0.4
FUL-008417,ORD-008417,2024-07-05,2024-07-07,2024-07-10,WH-REG-01,Ecom Express,REG-01,5.5,3,Breached,3349.09,9.5,1.15
FUL-000324,ORD-000324,2024-07-06,2024-07-07,2024-07-07,WH-REG-02,Delhivery Express,REG-02,1.6,5,Compliant,2749.98,6.7,1.11
FUL-000846,ORD-000846,2024-07-06,2024-07-07,2024-07-09,WH-REG-03,FedEx Supply,REG-03,3.8,5,Compliant,2078.04,7.7,0.73
FUL-001243,ORD-001243,2024-07-06,2024-07-08,2024-07-11,WH-REG-01,DHL Freight,REG-01,5.1,5,Breached,2183.5,7.5,0.53
FUL-001247,ORD-001247,2024-07-06,2024-07-07,2024-07-10,WH-REG-01,Delhivery Express,REG-01,4.2,5,Compliant,4020.24,6.7,1.73
FUL-003642,ORD-003642,2024-07-06,2024-07-08,2024-07-11,WH-REG-04,BlueDart Logistics,REG-04,5.4,5,Breached,1637.46,9.5,1.76
FUL-004371,ORD-004371,2024-07-06,2024-07-07,2024-07-07,WH-REG-03,BlueDart Logistics,REG-03,1.6,5,Compliant,3515.22,11.8,1.57
FUL-004736,ORD-004736,2024-07-06,2024-07-07,2024-07-08,WH-REG-05,DHL Freight,REG-05,2.2,5,Compliant,3994.46,7.9,0.43
FUL-005454,ORD-005454,2024-07-06,2024-07-07,2024-07-08,WH-REG-03,DHL Freight,REG-03,2.8,5,Compliant,3583.39,8.7,0.06
FUL-006588,ORD-006588,2024-07-06,2024-07-07,2024-07-10,WH-REG-05,DHL Freight,REG-05,4.9,3,Breached,1877.31,6.0,0.92
FUL-007166,ORD-007166,2024-07-06,2024-07-07,2024-07-09,WH-REG-03,Delhivery Express,REG-03,3.4,5,Compliant,3210.7,9.3,1.21
FUL-000136,ORD-000136,2024-07-07,2024-07-08,2024-07-08,WH-REG-05,BlueDart Logistics,REG-05,1.5,5,Compliant,954.28,11.4,1.59
FUL-000655,ORD-000655,2024-07-07,2024-07-08,2024-07-08,WH-REG-02,BlueDart Logistics,REG-02,1.8,5,Compliant,3764.47,7.2,0.24
FUL-000872,ORD-000872,2024-07-07,2024-07-08,2024-07-10,WH-REG-03,FedEx Supply,REG-03,3.5,5,Compliant,1065.63,7.0,1.03
FUL-004232,ORD-004232,2024-07-07,2024-07-09,2024-07-12,WH-REG-01,Ecom Express,REG-01,5.6,5,Breached,2951.96,10.7,1.26
FUL-004443,ORD-004443,2024-07-07,2024-07-08,2024-07-08,WH-REG-04,FedEx Supply,REG-04,1.5,5,Compliant,3768.89,6.0,0.29
FUL-004697,ORD-004697,2024-07-07,2024-07-08,2024-07-11,WH-REG-01,Delhivery Express,REG-01,4.2,5,Compliant,4016.1,10.5,1.6
FUL-006023,ORD-006023,2024-07-07,2024-07-09,2024-07-12,WH-REG-04,DHL Freight,REG-04,5.1,5,Breached,2790.51,11.9,1.47
FUL-006954,ORD-006954,2024-07-07,2024-07-08,2024-07-08,WH-REG-04,FedEx Supply,REG-04,1.7,5,Compliant,2934.56,10.8,0.66
FUL-007357,ORD-007357,2024-07-07,2024-07-08,2024-07-09,WH-REG-01,BlueDart Logistics,REG-01,2.5,5,Compliant,3870.84,5.8,0.25
FUL-001284,ORD-001284,2024-07-08,2024-07-09,2024-07-10,WH-REG-02,BlueDart Logistics,REG-02,2.3,5,Compliant,3236.27,11.6,0.37
FUL-001510,ORD-001510,2024-07-08,2024-07-09,2024-07-10,WH-REG-03,Delhivery Express,REG-03,2.2,5,Compliant,2071.65,9.1,1.71
FUL-006676,ORD-006676,2024-07-08,2024-07-10,2024-07-13,WH-REG-05,Delhivery Express,REG-05,5.8,5,Breached,2199.71,8.0,1.57
FUL-007552,ORD-007552,2024-07-08,2024-07-10,2024-07-13,WH-REG-04,BlueDart Logistics,REG-04,5.2,5,Breached,2854.5,9.8,0.74
FUL-008116,ORD-008116,2024-07-08,2024-07-09,2024-07-11,WH-REG-01,FedEx Supply,REG-01,3.2,3,Breached,3455.51,6.8,0.39
FUL-001854,ORD-001854,2024-07-09,2024-07-10,2024-07-11,WH-REG-02,FedEx Supply,REG-02,2.8,5,Compliant,3175.99,7.1,0.86
FUL-002050,ORD-002050,2024-07-09,2024-07-10,2024-07-13,WH-REG-01,DHL Freight,REG-01,4.5,5,Compliant,1923.83,8.6,0.44
FUL-003699,ORD-003699,2024-07-09,2024-07-10,2024-07-11,WH-REG-04,Delhivery Express,REG-04,2.1,5,Compliant,3031.49,7.3,0.68
FUL-003881,ORD-003881,2024-07-09,2024-07-10,2024-07-11,WH-REG-01,Delhivery Express,REG-01,2.2,5,Compliant,1280.53,6.3,0.16
FUL-004128,ORD-004128,2024-07-09,2024-07-11,2024-07-14,WH-REG-04,DHL Freight,REG-04,5.2,5,Breached,1628.23,10.5,1.03
FUL-005866,ORD-005866,2024-07-09,2024-07-11,2024-07-15,WH-REG-01,BlueDart Logistics,REG-01,6.5,5,Breached,1580.67,11.6,1.39
FUL-006361,ORD-006361,2024-07-09,2024-07-11,2024-07-15,WH-REG-02,FedEx Supply,REG-02,6.8,5,Breached,2497.15,9.5,1.06
FUL-002299,ORD-002299,2024-07-10,2024-07-11,2024-07-14,WH-REG-05,DHL Freight,REG-05,4.3,3,Breached,3067.25,8.6,0.18
FUL-003063,ORD-003063,2024-07-10,2024-07-11,2024-07-14,WH-REG-02,BlueDart Logistics,REG-02,4.9,5,Compliant,1047.94,10.8,1.3
FUL-003327,ORD-003327,2024-07-10,2024-07-12,2024-07-16,WH-REG-05,FedEx Supply,REG-05,6.8,3,Breached,2001.8,8.5,0.13
FUL-004030,ORD-004030,2024-07-10,2024-07-11,2024-07-13,WH-REG-01,DHL Freight,REG-01,3.9,5,Compliant,4311.24,6.3,0.24
FUL-005075,ORD-005075,2024-07-10,2024-07-11,2024-07-11,WH-REG-03,Ecom Express,REG-03,1.7,5,Compliant,2686.81,8.4,0.87
FUL-005651,ORD-005651,2024-07-10,2024-07-11,2024-07-14,WH-REG-05,BlueDart Logistics,REG-05,4.4,3,Breached,3837.16,8.7,0.47
FUL-005658,ORD-005658,2024-07-10,2024-07-11,2024-07-13,WH-REG-05,DHL Freight,REG-05,3.1,5,Compliant,1137.9,11.6,0.27
FUL-006520,ORD-006520,2024-07-10,2024-07-11,2024-07-14,WH-REG-01,DHL Freight,REG-01,4.6,5,Compliant,3568.02,9.5,1.54
FUL-001882,ORD-001882,2024-07-11,2024-07-12,2024-07-14,WH-REG-03,FedEx Supply,REG-03,3.2,5,Compliant,1892.88,11.5,0.45
FUL-002254,ORD-002254,2024-07-11,2024-07-12,2024-07-15,WH-REG-01,Ecom Express,REG-01,4.7,5,Compliant,1396.55,7.1,0.82
FUL-003656,ORD-003656,2024-07-11,2024-07-13,2024-07-17,WH-REG-01,DHL Freight,REG-01,6.5,5,Breached,2895.05,6.6,1.72
FUL-008427,ORD-008427,2024-07-11,2024-07-12,2024-07-13,WH-REG-04,Ecom Express,REG-04,2.9,5,Compliant,1900.85,7.3,0.66
FUL-000133,ORD-000133,2024-07-12,2024-07-14,2024-07-18,WH-REG-04,BlueDart Logistics,REG-04,6.0,3,Breached,2626.01,10.6,0.62
FUL-002765,ORD-002765,2024-07-12,2024-07-13,2024-07-16,WH-REG-05,FedEx Supply,REG-05,4.1,5,Compliant,3280.44,6.1,0.95
FUL-002894,ORD-002894,2024-07-12,2024-07-13,2024-07-15,WH-REG-02,FedEx Supply,REG-02,3.7,3,Breached,2167.76,8.0,0.76
FUL-002964,ORD-002964,2024-07-12,2024-07-14,2024-07-17,WH-REG-01,Delhivery Express,REG-01,5.1,5,Breached,2320.68,12.0,0.33
FUL-003954,ORD-003954,2024-07-12,2024-07-13,2024-07-15,WH-REG-02,Ecom Express,REG-02,3.0,3,Compliant,4377.3,8.2,0.4
FUL-004201,ORD-004201,2024-07-12,2024-07-14,2024-07-18,WH-REG-04,FedEx Supply,REG-04,6.6,5,Breached,2591.6,10.6,1.77
FUL-005134,ORD-005134,2024-07-12,2024-07-13,2024-07-16,WH-REG-01,DHL Freight,REG-01,4.4,5,Compliant,2693.72,11.4,0.85
FUL-005663,ORD-005663,2024-07-12,2024-07-13,2024-07-16,WH-REG-02,DHL Freight,REG-02,4.2,5,Compliant,2724.31,11.6,1.73
FUL-007033,ORD-007033,2024-07-12,2024-07-14,2024-07-17,WH-REG-04,FedEx Supply,REG-04,5.9,5,Breached,2970.29,7.9,0.22
FUL-007148,ORD-007148,2024-07-12,2024-07-14,2024-07-17,WH-REG-05,DHL Freight,REG-05,5.4,5,Breached,4105.22,7.5,1.79
FUL-007625,ORD-007625,2024-07-12,2024-07-13,2024-07-15,WH-REG-01,BlueDart Logistics,REG-01,3.4,3,Breached,1639.0,11.3,1.31
FUL-008443,ORD-008443,2024-07-12,2024-07-14,2024-07-17,WH-REG-04,BlueDart Logistics,REG-04,5.7,5,Breached,2385.95,10.6,1.29
FUL-001578,ORD-001578,2024-07-13,2024-07-15,2024-07-18,WH-REG-01,DHL Freight,REG-01,5.7,5,Breached,4280.44,11.5,0.1
FUL-004064,ORD-004064,2024-07-13,2024-07-15,2024-07-18,WH-REG-02,DHL Freight,REG-02,5.7,5,Breached,1229.99,5.9,0.82
FUL-004615,ORD-004615,2024-07-13,2024-07-14,2024-07-15,WH-REG-01,BlueDart Logistics,REG-01,2.1,5,Compliant,4025.86,9.4,1.11
FUL-004669,ORD-004669,2024-07-13,2024-07-14,2024-07-14,WH-REG-03,Delhivery Express,REG-03,1.5,5,Compliant,3756.52,7.6,1.55
FUL-004740,ORD-004740,2024-07-13,2024-07-15,2024-07-18,WH-REG-01,BlueDart Logistics,REG-01,5.8,5,Breached,1880.4,11.6,0.53
FUL-005728,ORD-005728,2024-07-13,2024-07-17,2024-07-23,WH-REG-04,BlueDart Logistics,REG-04,10.9,5,Breached,2557.77,7.5,1.58
FUL-007492,ORD-007492,2024-07-13,2024-07-14,2024-07-15,WH-REG-05,Delhivery Express,REG-05,2.9,5,Compliant,1669.32,11.3,0.63
FUL-008000,ORD-008000,2024-07-13,2024-07-15,2024-07-19,WH-REG-04,DHL Freight,REG-04,6.5,5,Breached,921.98,5.9,1.16
FUL-001777,ORD-001777,2024-07-14,2024-07-16,2024-07-19,WH-REG-02,Delhivery Express,REG-02,5.7,5,Breached,956.0,9.4,0.84
FUL-004379,ORD-004379,2024-07-14,2024-07-15,2024-07-16,WH-REG-05,Ecom Express,REG-05,2.8,5,Compliant,4143.17,7.7,1.67
FUL-006593,ORD-006593,2024-07-14,2024-07-16,2024-07-19,WH-REG-05,FedEx Supply,REG-05,5.8,3,Breached,855.05,9.0,1.54
FUL-008397,ORD-008397,2024-07-14,2024-07-16,2024-07-19,WH-REG-02,DHL Freight,REG-02,5.7,3,Breached,2535.95,6.3,0.01
FUL-000915,ORD-000915,2024-07-15,2024-07-19,2024-07-25,WH-REG-04,BlueDart Logistics,REG-04,10.7,5,Breached,3999.85,8.5,0.5
FUL-003617,ORD-003617,2024-07-15,2024-07-16,2024-07-19,WH-REG-02,FedEx Supply,REG-02,4.5,3,Breached,2145.74,8.9,1.78
FUL-002386,ORD-002386,2024-07-16,2024-07-18,2024-07-22,WH-REG-05,Ecom Express,REG-05,6.3,3,Breached,4108.81,11.2,0.91
FUL-005623,ORD-005623,2024-07-16,2024-07-18,2024-07-22,WH-REG-02,BlueDart Logistics,REG-02,6.2,5,Breached,1059.12,9.8,1.17
FUL-000489,ORD-000489,2024-07-17,2024-07-18,2024-07-19,WH-REG-01,DHL Freight,REG-01,2.1,5,Compliant,2700.59,6.0,0.22
FUL-000524,ORD-000524,2024-07-17,2024-07-18,2024-07-20,WH-REG-03,BlueDart Logistics,REG-03,3.6,5,Compliant,985.61,7.8,1.79
FUL-000605,ORD-000605,2024-07-17,2024-07-19,2024-07-23,WH-REG-05,DHL Freight,REG-05,6.7,5,Breached,1687.93,6.1,0.97
FUL-004423,ORD-004423,2024-07-17,2024-07-18,2024-07-19,WH-REG-05,FedEx Supply,REG-05,2.0,5,Compliant,3134.39,8.2,0.94
FUL-005712,ORD-005712,2024-07-17,2024-07-18,2024-07-18,WH-REG-03,DHL Freight,REG-03,1.9,5,Compliant,1013.45,6.7,0.35
FUL-006637,ORD-006637,2024-07-17,2024-07-18,2024-07-21,WH-REG-04,DHL Freight,REG-04,4.3,5,Compliant,3402.2,10.6,0.95
FUL-006816,ORD-006816,2024-07-17,2024-07-19,2024-07-22,WH-REG-04,Ecom Express,REG-04,5.2,5,Breached,2923.48,9.6,0.04
FUL-007024,ORD-007024,2024-07-17,2024-07-18,2024-07-21,WH-REG-05,FedEx Supply,REG-05,4.0,5,Compliant,2102.02,9.4,1.68
FUL-007608,ORD-007608,2024-07-17,2024-07-18,2024-07-20,WH-REG-03,DHL Freight,REG-03,3.8,3,Breached,2818.07,9.5,0.41
FUL-000497,ORD-000497,2024-07-18,2024-07-19,2024-07-21,WH-REG-01,DHL Freight,REG-01,3.8,5,Compliant,3738.88,7.1,1.15
FUL-001950,ORD-001950,2024-07-18,2024-07-19,2024-07-19,WH-REG-05,Delhivery Express,REG-05,1.9,5,Compliant,3158.15,10.2,1.1
FUL-004500,ORD-004500,2024-07-18,2024-07-20,2024-07-24,WH-REG-03,Ecom Express,REG-03,6.8,5,Breached,3806.44,9.7,1.21
FUL-005083,ORD-005083,2024-07-18,2024-07-19,2024-07-21,WH-REG-05,Delhivery Express,REG-05,3.4,3,Breached,2906.94,7.3,0.89
FUL-005855,ORD-005855,2024-07-18,2024-07-19,2024-07-22,WH-REG-04,BlueDart Logistics,REG-04,4.1,5,Compliant,2396.84,6.0,0.23
FUL-007286,ORD-007286,2024-07-18,2024-07-20,2024-07-24,WH-REG-03,DHL Freight,REG-03,6.1,5,Breached,3359.53,10.9,0.22
FUL-007455,ORD-007455,2024-07-18,2024-07-20,2024-07-23,WH-REG-04,Delhivery Express,REG-04,5.5,5,Breached,3579.22,9.9,1.36
FUL-007739,ORD-007739,2024-07-18,2024-07-20,2024-07-23,WH-REG-04,Ecom Express,REG-04,5.9,5,Breached,2917.19,8.4,0.71
FUL-007783,ORD-007783,2024-07-18,2024-07-20,2024-07-24,WH-REG-04,DHL Freight,REG-04,6.4,5,Breached,3790.99,5.7,0.3
FUL-007824,ORD-007824,2024-07-18,2024-07-20,2024-07-23,WH-REG-05,DHL Freight,REG-05,5.2,3,Breached,4211.68,11.1,1.7
FUL-000978,ORD-000978,2024-07-19,2024-07-20,2024-07-21,WH-REG-03,Ecom Express,REG-03,2.0,5,Compliant,3293.14,8.8,1.28
FUL-002287,ORD-002287,2024-07-19,2024-07-21,2024-07-24,WH-REG-01,DHL Freight,REG-01,5.6,5,Breached,1040.52,11.1,1.27
FUL-002790,ORD-002790,2024-07-19,2024-07-20,2024-07-20,WH-REG-01,FedEx Supply,REG-01,1.5,5,Compliant,1624.77,6.0,1.69
FUL-003349,ORD-003349,2024-07-19,2024-07-20,2024-07-22,WH-REG-02,FedEx Supply,REG-02,3.7,5,Compliant,3107.74,10.6,0.53
FUL-003785,ORD-003785,2024-07-19,2024-07-20,2024-07-20,WH-REG-05,FedEx Supply,REG-05,1.9,5,Compliant,1942.23,9.8,0.35
FUL-006913,ORD-006913,2024-07-19,2024-07-21,2024-07-25,WH-REG-02,BlueDart Logistics,REG-02,6.2,3,Breached,4413.88,7.0,0.56
FUL-006932,ORD-006932,2024-07-19,2024-07-21,2024-07-24,WH-REG-02,FedEx Supply,REG-02,5.1,5,Breached,3020.06,8.1,1.64
FUL-007002,ORD-007002,2024-07-19,2024-07-23,2024-07-30,WH-REG-04,Delhivery Express,REG-04,11.6,5,Breached,4360.71,7.7,1.57
FUL-001617,ORD-001617,2024-07-20,2024-07-22,2024-07-26,WH-REG-04,Ecom Express,REG-04,6.6,5,Breached,3766.87,11.3,0.76
FUL-002090,ORD-002090,2024-07-20,2024-07-21,2024-07-24,WH-REG-02,FedEx Supply,REG-02,4.1,5,Compliant,3411.56,7.8,1.32
FUL-002783,ORD-002783,2024-07-20,2024-07-22,2024-07-26,WH-REG-03,Delhivery Express,REG-03,6.4,5,Breached,4215.88,8.6,0.54
FUL-004184,ORD-004184,2024-07-20,2024-07-21,2024-07-22,WH-REG-03,Delhivery Express,REG-03,2.0,3,Compliant,1453.05,8.8,1.17
FUL-004258,ORD-004258,2024-07-20,2024-07-21,2024-07-23,WH-REG-05,Delhivery Express,REG-05,3.0,5,Compliant,3203.59,11.7,0.15
FUL-004404,ORD-004404,2024-07-20,2024-07-22,2024-07-25,WH-REG-02,FedEx Supply,REG-02,5.2,5,Breached,2223.13,11.2,1.31
FUL-006246,ORD-006246,2024-07-20,2024-07-22,2024-07-25,WH-REG-01,FedEx Supply,REG-01,5.4,5,Breached,3623.15,8.6,0.01
FUL-007659,ORD-007659,2024-07-20,2024-07-21,2024-07-23,WH-REG-05,FedEx Supply,REG-05,3.8,5,Compliant,1199.12,11.7,1.1
FUL-008089,ORD-008089,2024-07-20,2024-07-21,2024-07-21,WH-REG-01,Delhivery Express,REG-01,1.4,3,Compliant,1243.92,11.0,1.36
FUL-000314,ORD-000314,2024-07-21,2024-07-23,2024-07-26,WH-REG-01,Delhivery Express,REG-01,5.8,5,Breached,3372.49,7.9,1.32
FUL-000320,ORD-000320,2024-07-21,2024-07-22,2024-07-23,WH-REG-03,DHL Freight,REG-03,2.8,5,Compliant,3433.12,9.7,1.18
FUL-000791,ORD-000791,2024-07-21,2024-07-22,2024-07-25,WH-REG-04,Delhivery Express,REG-04,4.5,5,Compliant,4309.98,5.6,1.22
FUL-001108,ORD-001108,2024-07-21,2024-07-22,2024-07-24,WH-REG-05,Ecom Express,REG-05,3.9,5,Compliant,3646.35,9.5,1.72
FUL-002536,ORD-002536,2024-07-21,2024-07-22,2024-07-22,WH-REG-03,Delhivery Express,REG-03,1.7,5,Compliant,4246.68,5.9,0.59
FUL-002909,ORD-002909,2024-07-21,2024-07-22,2024-07-22,WH-REG-02,Delhivery Express,REG-02,1.8,3,Compliant,2904.71,7.8,0.87
FUL-002992,ORD-002992,2024-07-21,2024-07-22,2024-07-24,WH-REG-05,Delhivery Express,REG-05,3.2,5,Compliant,3300.96,9.0,0.79
FUL-003126,ORD-003126,2024-07-21,2024-07-22,2024-07-25,WH-REG-02,FedEx Supply,REG-02,4.7,5,Compliant,3769.87,8.5,0.52
FUL-004335,ORD-004335,2024-07-21,2024-07-22,2024-07-22,WH-REG-04,FedEx Supply,REG-04,1.8,5,Compliant,4340.28,5.6,1.54
FUL-005129,ORD-005129,2024-07-21,2024-07-22,2024-07-25,WH-REG-01,DHL Freight,REG-01,4.7,3,Breached,4055.74,9.2,0.01
FUL-005936,ORD-005936,2024-07-21,2024-07-22,2024-07-22,WH-REG-01,DHL Freight,REG-01,1.4,5,Compliant,1621.75,11.7,0.66
FUL-007011,ORD-007011,2024-07-21,2024-07-22,2024-07-24,WH-REG-03,FedEx Supply,REG-03,3.7,5,Compliant,4080.87,7.6,0.47
FUL-000168,ORD-000168,2024-07-22,2024-07-24,2024-07-28,WH-REG-01,Delhivery Express,REG-01,6.5,3,Breached,3804.98,12.0,0.28
FUL-001343,ORD-001343,2024-07-22,2024-07-23,2024-07-24,WH-REG-03,BlueDart Logistics,REG-03,2.3,5,Compliant,945.2,8.6,1.73
FUL-001576,ORD-001576,2024-07-22,2024-07-26,2024-08-01,WH-REG-01,Ecom Express,REG-01,10.899999999999999,3,Breached,2641.78,11.5,0.08
FUL-002057,ORD-002057,2024-07-22,2024-07-23,2024-07-23,WH-REG-01,FedEx Supply,REG-01,1.3,5,Compliant,1712.14,7.6,1.47
FUL-003678,ORD-003678,2024-07-22,2024-07-23,2024-07-26,WH-REG-05,DHL Freight,REG-05,4.3,5,Compliant,3006.57,7.7,1.42
FUL-006172,ORD-006172,2024-07-22,2024-07-23,2024-07-26,WH-REG-05,Ecom Express,REG-05,4.5,5,Compliant,3839.45,9.4,0.25
FUL-006297,ORD-006297,2024-07-22,2024-07-23,2024-07-25,WH-REG-01,BlueDart Logistics,REG-01,3.6,5,Compliant,2604.55,6.8,0.08
FUL-001493,ORD-001493,2024-07-23,2024-07-24,2024-07-27,WH-REG-03,Delhivery Express,REG-03,4.2,3,Breached,1334.58,9.1,0.64
FUL-002072,ORD-002072,2024-07-23,2024-07-24,2024-07-24,WH-REG-04,FedEx Supply,REG-04,1.4,3,Compliant,1159.96,7.5,0.84
FUL-002245,ORD-002245,2024-07-23,2024-07-27,2024-08-03,WH-REG-02,DHL Freight,REG-02,11.100000000000001,3,Breached,2895.97,7.9,0.68
FUL-002324,ORD-002324,2024-07-23,2024-07-24,2024-07-25,WH-REG-03,Delhivery Express,REG-03,2.0,5,Compliant,1533.47,7.0,0.47
FUL-004863,ORD-004863,2024-07-23,2024-07-25,2024-07-29,WH-REG-05,DHL Freight,REG-05,6.6,5,Breached,4258.48,8.8,0.62
FUL-005520,ORD-005520,2024-07-23,2024-07-24,2024-07-26,WH-REG-04,Ecom Express,REG-04,3.6,5,Compliant,2606.5,11.8,0.41
FUL-005570,ORD-005570,2024-07-23,2024-07-24,2024-07-24,WH-REG-03,DHL Freight,REG-03,1.4,3,Compliant,4433.67,11.9,0.78
FUL-005628,ORD-005628,2024-07-23,2024-07-24,2024-07-27,WH-REG-04,Ecom Express,REG-04,4.6,5,Compliant,2738.78,10.6,0.77
FUL-005961,ORD-005961,2024-07-23,2024-07-25,2024-07-29,WH-REG-04,Delhivery Express,REG-04,6.0,5,Breached,3262.73,8.6,0.06
FUL-007330,ORD-007330,2024-07-23,2024-07-24,2024-07-24,WH-REG-04,Ecom Express,REG-04,1.9,5,Compliant,2757.28,11.7,1.79
FUL-001104,ORD-001104,2024-07-24,2024-07-26,2024-07-30,WH-REG-04,Delhivery Express,REG-04,6.1,5,Breached,3019.29,11.7,1.09
FUL-001955,ORD-001955,2024-07-24,2024-07-26,2024-07-30,WH-REG-05,Ecom Express,REG-05,6.7,3,Breached,4179.08,11.6,1.17
FUL-003291,ORD-003291,2024-07-24,2024-07-26,2024-07-29,WH-REG-04,DHL Freight,REG-04,5.6,5,Breached,1353.27,11.8,0.89
FUL-004453,ORD-004453,2024-07-24,2024-07-26,2024-07-29,WH-REG-04,Ecom Express,REG-04,5.5,5,Breached,3639.21,10.1,0.31
FUL-007392,ORD-007392,2024-07-24,2024-07-26,2024-07-29,WH-REG-04,Delhivery Express,REG-04,5.5,5,Breached,1139.21,9.3,1.22
FUL-007847,ORD-007847,2024-07-24,2024-07-26,2024-07-30,WH-REG-02,DHL Freight,REG-02,6.1,5,Breached,3746.74,5.9,0.25
FUL-000354,ORD-000354,2024-07-25,2024-07-27,2024-07-30,WH-REG-05,FedEx Supply,REG-05,5.2,3,Breached,1571.04,11.3,0.19
FUL-000651,ORD-000651,2024-07-25,2024-07-26,2024-07-29,WH-REG-03,FedEx Supply,REG-03,4.5,5,Compliant,3882.13,9.6,0.98
FUL-004329,ORD-004329,2024-07-25,2024-07-26,2024-07-26,WH-REG-01,DHL Freight,REG-01,1.8,5,Compliant,2511.85,11.6,0.19
FUL-004952,ORD-004952,2024-07-25,2024-07-26,2024-07-29,WH-REG-05,Delhivery Express,REG-05,4.9,5,Compliant,3076.58,11.0,0.16
FUL-005164,ORD-005164,2024-07-25,2024-07-26,2024-07-26,WH-REG-01,DHL Freight,REG-01,1.8,5,Compliant,1465.29,7.6,1.39
FUL-005632,ORD-005632,2024-07-25,2024-07-26,2024-07-27,WH-REG-02,Ecom Express,REG-02,2.6,5,Compliant,3175.52,7.0,1.51
FUL-006305,ORD-006305,2024-07-25,2024-07-26,2024-07-28,WH-REG-02,Delhivery Express,REG-02,3.3,5,Compliant,1638.92,8.3,1.16
FUL-008114,ORD-008114,2024-07-25,2024-07-26,2024-07-29,WH-REG-02,FedEx Supply,REG-02,4.2,3,Breached,2655.31,6.1,1.16
FUL-008302,ORD-008302,2024-07-25,2024-07-26,2024-07-29,WH-REG-05,Delhivery Express,REG-05,4.5,5,Compliant,4341.91,11.8,1.26
FUL-001508,ORD-001508,2024-07-26,2024-07-27,2024-07-28,WH-REG-01,Delhivery Express,REG-01,2.6,5,Compliant,2239.95,10.5,0.55
FUL-002389,ORD-002389,2024-07-26,2024-07-27,2024-07-30,WH-REG-02,Delhivery Express,REG-02,4.5,5,Compliant,972.8,5.7,0.61
FUL-003764,ORD-003764,2024-07-26,2024-07-27,2024-07-28,WH-REG-01,FedEx Supply,REG-01,2.0,5,Compliant,3192.4,6.6,1.31
FUL-003956,ORD-003956,2024-07-26,2024-07-27,2024-07-29,WH-REG-01,Delhivery Express,REG-01,3.3,5,Compliant,3907.95,5.7,0.9
FUL-004275,ORD-004275,2024-07-26,2024-07-27,2024-07-29,WH-REG-05,Delhivery Express,REG-05,3.5,3,Breached,1792.82,9.0,0.41
FUL-004435,ORD-004435,2024-07-26,2024-07-28,2024-07-31,WH-REG-02,FedEx Supply,REG-02,5.1,3,Breached,2537.77,8.3,0.67
FUL-005422,ORD-005422,2024-07-26,2024-07-28,2024-07-31,WH-REG-03,DHL Freight,REG-03,5.1,3,Breached,3877.33,6.4,1.06
FUL-006232,ORD-006232,2024-07-26,2024-07-27,2024-07-28,WH-REG-01,BlueDart Logistics,REG-01,2.7,5,Compliant,2312.61,6.9,0.86
FUL-006412,ORD-006412,2024-07-26,2024-07-28,2024-08-01,WH-REG-01,DHL Freight,REG-01,6.1,5,Breached,3753.06,6.2,1.59
FUL-000227,ORD-000227,2024-07-27,2024-07-28,2024-07-30,WH-REG-03,Ecom Express,REG-03,3.0,5,Compliant,3506.36,11.7,0.75
FUL-001675,ORD-001675,2024-07-27,2024-07-29,2024-08-01,WH-REG-01,DHL Freight,REG-01,5.0,5,Compliant,2437.26,6.1,0.15
FUL-003495,ORD-003495,2024-07-27,2024-07-29,2024-08-01,WH-REG-03,BlueDart Logistics,REG-03,5.7,3,Breached,2880.58,11.6,0.93
FUL-003562,ORD-003562,2024-07-27,2024-07-28,2024-07-31,WH-REG-02,DHL Freight,REG-02,4.8,5,Compliant,1715.01,8.0,0.18
FUL-004302,ORD-004302,2024-07-27,2024-07-29,2024-08-01,WH-REG-04,Delhivery Express,REG-04,5.3,5,Breached,1882.25,10.1,1.6
FUL-004861,ORD-004861,2024-07-27,2024-07-28,2024-07-31,WH-REG-03,BlueDart Logistics,REG-03,4.4,3,Breached,1600.84,5.7,1.37
FUL-007464,ORD-007464,2024-07-27,2024-07-29,2024-08-02,WH-REG-03,BlueDart Logistics,REG-03,6.7,5,Breached,2117.93,6.4,0.94
FUL-008377,ORD-008377,2024-07-27,2024-07-28,2024-07-29,WH-REG-01,Ecom Express,REG-01,2.5,5,Compliant,873.44,8.0,1.44
FUL-001870,ORD-001870,2024-07-28,2024-07-30,2024-08-03,WH-REG-01,FedEx Supply,REG-01,6.3,5,Breached,2371.38,7.6,1.05
FUL-002540,ORD-002540,2024-07-28,2024-07-30,2024-08-03,WH-REG-05,DHL Freight,REG-05,6.4,5,Breached,2444.65,9.1,1.51
FUL-003826,ORD-003826,2024-07-28,2024-07-29,2024-08-01,WH-REG-02,Ecom Express,REG-02,4.7,5,Compliant,3631.98,9.1,0.08
FUL-004747,ORD-004747,2024-07-28,2024-07-29,2024-08-01,WH-REG-05,Ecom Express,REG-05,4.7,5,Compliant,1311.72,5.7,0.31
FUL-007535,ORD-007535,2024-07-28,2024-07-29,2024-08-01,WH-REG-01,BlueDart Logistics,REG-01,4.3,5,Compliant,2527.42,8.3,1.31
FUL-000122,ORD-000122,2024-07-29,2024-07-30,2024-08-02,WH-REG-01,Delhivery Express,REG-01,4.9,5,Compliant,2358.82,8.1,1.15
FUL-000928,ORD-000928,2024-07-29,2024-07-30,2024-08-01,WH-REG-01,DHL Freight,REG-01,3.2,5,Compliant,965.19,7.6,1.68
FUL-003646,ORD-003646,2024-07-29,2024-07-30,2024-07-31,WH-REG-04,Delhivery Express,REG-04,2.1,5,Compliant,2009.63,7.5,1.62
FUL-003725,ORD-003725,2024-07-29,2024-07-31,2024-08-04,WH-REG-03,DHL Freight,REG-03,6.6,5,Breached,4099.66,6.2,0.81
FUL-005205,ORD-005205,2024-07-29,2024-07-31,2024-08-03,WH-REG-05,DHL Freight,REG-05,5.5,5,Breached,3935.12,9.6,1.62
FUL-007354,ORD-007354,2024-07-29,2024-07-30,2024-08-02,WH-REG-04,Ecom Express,REG-04,4.0,5,Compliant,3667.45,7.5,1.6
FUL-008243,ORD-008243,2024-07-29,2024-07-30,2024-08-01,WH-REG-05,BlueDart Logistics,REG-05,3.5,5,Compliant,2760.3,7.4,1.75
FUL-000212,ORD-000212,2024-07-30,2024-08-01,2024-08-05,WH-REG-04,BlueDart Logistics,REG-04,6.2,5,Breached,2240.87,8.0,1.52
FUL-000656,ORD-000656,2024-07-30,2024-07-31,2024-08-01,WH-REG-01,FedEx Supply,REG-01,2.2,3,Compliant,1654.02,9.4,1.21
FUL-001341,ORD-001341,2024-07-30,2024-08-01,2024-08-05,WH-REG-05,Ecom Express,REG-05,6.5,5,Breached,1636.69,8.8,0.93
FUL-001789,ORD-001789,2024-07-30,2024-07-31,2024-08-01,WH-REG-01,Delhivery Express,REG-01,2.7,5,Compliant,2969.69,10.8,1.77
FUL-001976,ORD-001976,2024-07-30,2024-07-31,2024-08-03,WH-REG-05,BlueDart Logistics,REG-05,4.6,5,Compliant,2010.32,6.5,1.31
FUL-004780,ORD-004780,2024-07-30,2024-08-01,2024-08-05,WH-REG-01,BlueDart Logistics,REG-01,6.6,5,Breached,1570.73,11.5,1.78
FUL-006340,ORD-006340,2024-07-30,2024-08-01,2024-08-04,WH-REG-03,Delhivery Express,REG-03,5.0,5,Compliant,2569.91,8.8,1.59
FUL-006683,ORD-006683,2024-07-30,2024-08-01,2024-08-05,WH-REG-01,FedEx Supply,REG-01,6.0,5,Breached,1535.08,11.1,1.43
FUL-007156,ORD-007156,2024-07-30,2024-07-31,2024-07-31,WH-REG-03,BlueDart Logistics,REG-03,1.9,5,Compliant,4342.15,9.2,1.17
FUL-007391,ORD-007391,2024-07-30,2024-07-31,2024-08-01,WH-REG-05,BlueDart Logistics,REG-05,2.0,5,Compliant,4155.74,9.8,0.34
FUL-007449,ORD-007449,2024-07-30,2024-07-31,2024-08-02,WH-REG-03,Ecom Express,REG-03,3.8,5,Compliant,3803.84,8.1,0.54
FUL-001294,ORD-001294,2024-07-31,2024-08-01,2024-08-02,WH-REG-05,DHL Freight,REG-05,2.9,5,Compliant,3059.61,7.8,0.45
FUL-001948,ORD-001948,2024-07-31,2024-08-01,2024-08-02,WH-REG-02,DHL Freight,REG-02,2.9,3,Compliant,4461.51,6.7,0.87
FUL-003670,ORD-003670,2024-07-31,2024-08-02,2024-08-06,WH-REG-02,BlueDart Logistics,REG-02,6.2,3,Breached,3100.02,10.8,1.33
FUL-005038,ORD-005038,2024-07-31,2024-08-02,2024-08-05,WH-REG-03,Ecom Express,REG-03,5.8,5,Breached,3901.88,8.5,0.6
FUL-005191,ORD-005191,2024-07-31,2024-08-01,2024-08-01,WH-REG-02,Ecom Express,REG-02,1.5,3,Compliant,2343.8,7.2,0.57
FUL-007395,ORD-007395,2024-07-31,2024-08-02,2024-08-06,WH-REG-02,Ecom Express,REG-02,6.8,5,Breached,966.89,9.1,0.51
FUL-007776,ORD-007776,2024-07-31,2024-08-02,2024-08-05,WH-REG-02,DHL Freight,REG-02,5.8,5,Breached,939.84,5.8,1.51
FUL-000097,ORD-000097,2024-08-01,2024-08-02,2024-08-02,WH-REG-01,BlueDart Logistics,REG-01,1.5,5,Compliant,2219.35,8.3,1.48
FUL-000414,ORD-000414,2024-08-01,2024-08-02,2024-08-05,WH-REG-05,Delhivery Express,REG-05,4.0,5,Compliant,1516.21,11.0,0.91
FUL-002288,ORD-002288,2024-08-01,2024-08-02,2024-08-02,WH-REG-04,DHL Freight,REG-04,1.6,5,Compliant,1349.74,10.6,0.93
FUL-003863,ORD-003863,2024-08-01,2024-08-02,2024-08-03,WH-REG-02,FedEx Supply,REG-02,2.7,5,Compliant,2192.79,8.2,1.17
FUL-004111,ORD-004111,2024-08-01,2024-08-03,2024-08-07,WH-REG-03,Delhivery Express,REG-03,6.3,3,Breached,3048.93,8.8,1.29
FUL-004331,ORD-004331,2024-08-01,2024-08-02,2024-08-04,WH-REG-04,DHL Freight,REG-04,3.0,3,Compliant,3844.31,8.7,0.96
FUL-004917,ORD-004917,2024-08-01,2024-08-02,2024-08-05,WH-REG-01,FedEx Supply,REG-01,4.5,5,Compliant,3794.67,7.1,0.74
FUL-005397,ORD-005397,2024-08-01,2024-08-02,2024-08-03,WH-REG-05,FedEx Supply,REG-05,2.2,5,Compliant,4236.82,7.5,0.63
FUL-005783,ORD-005783,2024-08-01,2024-08-02,2024-08-03,WH-REG-05,DHL Freight,REG-05,2.1,5,Compliant,2404.4,6.5,0.73
FUL-005905,ORD-005905,2024-08-01,2024-08-02,2024-08-04,WH-REG-02,Delhivery Express,REG-02,3.0,5,Compliant,2237.62,8.9,0.64
FUL-006102,ORD-006102,2024-08-01,2024-08-02,2024-08-02,WH-REG-05,Ecom Express,REG-05,1.5,5,Compliant,1141.31,8.1,0.9
FUL-006983,ORD-006983,2024-08-01,2024-08-03,2024-08-07,WH-REG-02,DHL Freight,REG-02,6.5,5,Breached,2414.43,11.1,0.9
FUL-007077,ORD-007077,2024-08-01,2024-08-02,2024-08-04,WH-REG-05,FedEx Supply,REG-05,3.5,5,Compliant,4099.91,8.4,1.14
FUL-007627,ORD-007627,2024-08-01,2024-08-02,2024-08-05,WH-REG-01,FedEx Supply,REG-01,4.4,5,Compliant,2492.03,8.5,1.12
FUL-000503,ORD-000503,2024-08-02,2024-08-03,2024-08-05,WH-REG-04,DHL Freight,REG-04,3.3,5,Compliant,3673.16,10.4,1.43
FUL-001979,ORD-001979,2024-08-02,2024-08-03,2024-08-04,WH-REG-01,BlueDart Logistics,REG-01,2.2,5,Compliant,3587.96,8.5,0.17
FUL-003177,ORD-003177,2024-08-02,2024-08-04,2024-08-07,WH-REG-02,DHL Freight,REG-02,5.4,5,Breached,4416.6,7.5,1.74
FUL-003926,ORD-003926,2024-08-02,2024-08-03,2024-08-05,WH-REG-05,FedEx Supply,REG-05,3.8,3,Breached,4055.7,7.1,1.65
FUL-004434,ORD-004434,2024-08-02,2024-08-03,2024-08-04,WH-REG-02,BlueDart Logistics,REG-02,2.2,5,Compliant,1290.15,11.9,1.1
FUL-006827,ORD-006827,2024-08-02,2024-08-03,2024-08-04,WH-REG-03,DHL Freight,REG-03,2.8,3,Compliant,2409.15,8.4,1.42
FUL-007967,ORD-007967,2024-08-02,2024-08-03,2024-08-04,WH-REG-03,Ecom Express,REG-03,2.8,5,Compliant,3258.31,10.8,0.84
FUL-008008,ORD-008008,2024-08-02,2024-08-03,2024-08-06,WH-REG-03,Delhivery Express,REG-03,4.9,5,Compliant,4098.75,5.8,1.57
FUL-008118,ORD-008118,2024-08-02,2024-08-03,2024-08-06,WH-REG-01,BlueDart Logistics,REG-01,4.3,3,Breached,4011.97,10.4,0.68
FUL-006693,ORD-006693,2024-08-03,2024-08-04,2024-08-04,WH-REG-02,Delhivery Express,REG-02,1.8,5,Compliant,3366.92,8.6,1.3
FUL-007334,ORD-007334,2024-08-03,2024-08-06,2024-08-10,WH-REG-03,DHL Freight,REG-03,7.7,5,Breached,3925.39,7.3,1.37
FUL-000408,ORD-000408,2024-08-04,2024-08-05,2024-08-06,WH-REG-05,Ecom Express,REG-05,2.6,5,Compliant,3551.6,6.8,0.23
FUL-001224,ORD-001224,2024-08-04,2024-08-06,2024-08-10,WH-REG-04,Delhivery Express,REG-04,6.2,5,Breached,2834.06,8.9,1.28
FUL-003668,ORD-003668,2024-08-04,2024-08-06,2024-08-09,WH-REG-04,FedEx Supply,REG-04,5.0,5,Compliant,2726.53,9.2,1.62
FUL-004212,ORD-004212,2024-08-04,2024-08-06,2024-08-11,WH-REG-04,Delhivery Express,REG-04,7.1,5,Breached,1475.37,8.4,1.53
FUL-004522,ORD-004522,2024-08-04,2024-08-06,2024-08-09,WH-REG-05,Ecom Express,REG-05,5.0,5,Compliant,4097.54,11.7,0.75
FUL-004984,ORD-004984,2024-08-04,2024-08-05,2024-08-07,WH-REG-05,BlueDart Logistics,REG-05,3.4,5,Compliant,4267.4,8.8,0.07
FUL-006267,ORD-006267,2024-08-04,2024-08-05,2024-08-05,WH-REG-01,BlueDart Logistics,REG-01,1.7,5,Compliant,1585.58,11.1,0.63
FUL-006351,ORD-006351,2024-08-04,2024-08-05,2024-08-08,WH-REG-02,DHL Freight,REG-02,4.1,5,Compliant,1288.22,10.1,0.8
FUL-007361,ORD-007361,2024-08-04,2024-08-05,2024-08-07,WH-REG-03,BlueDart Logistics,REG-03,3.3,3,Breached,1648.33,9.0,0.9
FUL-001061,ORD-001061,2024-08-05,2024-08-07,2024-08-10,WH-REG-05,FedEx Supply,REG-05,5.4,5,Breached,2478.1,9.0,1.21
FUL-001340,ORD-001340,2024-08-05,2024-08-07,2024-08-10,WH-REG-04,Ecom Express,REG-04,5.3,5,Breached,4489.26,9.4,0.7
FUL-001378,ORD-001378,2024-08-05,2024-08-06,2024-08-06,WH-REG-01,Ecom Express,REG-01,1.3,5,Compliant,1935.51,7.7,0.73
FUL-002376,ORD-002376,2024-08-05,2024-08-06,2024-08-09,WH-REG-05,Ecom Express,REG-05,4.4,5,Compliant,3593.02,7.5,0.45
FUL-002468,ORD-002468,2024-08-05,2024-08-07,2024-08-11,WH-REG-05,DHL Freight,REG-05,6.0,3,Breached,2558.02,11.2,1.03
FUL-003470,ORD-003470,2024-08-05,2024-08-06,2024-08-06,WH-REG-04,DHL Freight,REG-04,1.7,5,Compliant,3203.86,8.7,0.11
FUL-003663,ORD-003663,2024-08-05,2024-08-06,2024-08-07,WH-REG-03,DHL Freight,REG-03,2.6,5,Compliant,2830.53,8.4,1.23
FUL-003817,ORD-003817,2024-08-05,2024-08-06,2024-08-06,WH-REG-04,DHL Freight,REG-04,1.6,3,Compliant,1578.74,8.9,0.95
FUL-004133,ORD-004133,2024-08-05,2024-08-06,2024-08-08,WH-REG-01,Ecom Express,REG-01,3.9,5,Compliant,3603.95,7.3,1.0
FUL-007883,ORD-007883,2024-08-05,2024-08-06,2024-08-09,WH-REG-04,Ecom Express,REG-04,4.3,5,Compliant,2350.33,7.8,0.63
FUL-000079,ORD-000079,2024-08-06,2024-08-07,2024-08-07,WH-REG-03,Delhivery Express,REG-03,1.7,3,Compliant,3332.2,7.6,0.38
FUL-000672,ORD-000672,2024-08-06,2024-08-08,2024-08-11,WH-REG-04,Delhivery Express,REG-04,5.7,5,Breached,1164.69,5.5,1.09
FUL-001636,ORD-001636,2024-08-06,2024-08-08,2024-08-12,WH-REG-05,Delhivery Express,REG-05,6.8,5,Breached,3551.84,10.9,0.25
FUL-001934,ORD-001934,2024-08-06,2024-08-08,2024-08-11,WH-REG-04,BlueDart Logistics,REG-04,5.2,5,Breached,3325.15,11.9,0.38
FUL-004586,ORD-004586,2024-08-06,2024-08-07,2024-08-09,WH-REG-01,FedEx Supply,REG-01,3.1,5,Compliant,3768.29,8.9,0.61
FUL-004884,ORD-004884,2024-08-06,2024-08-10,2024-08-17,WH-REG-02,BlueDart Logistics,REG-02,11.0,5,Breached,4161.33,6.0,0.93
FUL-005987,ORD-005987,2024-08-06,2024-08-07,2024-08-10,WH-REG-03,DHL Freight,REG-03,4.7,3,Breached,1217.62,11.5,0.21
FUL-006154,ORD-006154,2024-08-06,2024-08-07,2024-08-10,WH-REG-05,FedEx Supply,REG-05,4.6,5,Compliant,1373.27,8.9,0.47
FUL-000942,ORD-000942,2024-08-07,2024-08-08,2024-08-09,WH-REG-05,Delhivery Express,REG-05,2.8,5,Compliant,1044.52,8.2,1.29
FUL-002591,ORD-002591,2024-08-07,2024-08-08,2024-08-08,WH-REG-02,FedEx Supply,REG-02,1.6,5,Compliant,1270.89,8.9,0.42
FUL-005445,ORD-005445,2024-08-07,2024-08-08,2024-08-08,WH-REG-01,Ecom Express,REG-01,1.8,5,Compliant,4183.3,9.3,1.13
FUL-005666,ORD-005666,2024-08-07,2024-08-08,2024-08-10,WH-REG-04,Ecom Express,REG-04,3.4,5,Compliant,2718.32,10.6,1.09
FUL-006304,ORD-006304,2024-08-07,2024-08-08,2024-08-09,WH-REG-04,FedEx Supply,REG-04,2.3,5,Compliant,1980.75,10.0,1.15
FUL-006531,ORD-006531,2024-08-07,2024-08-08,2024-08-10,WH-REG-04,Delhivery Express,REG-04,3.6,5,Compliant,2078.12,10.2,0.36
FUL-007329,ORD-007329,2024-08-07,2024-08-08,2024-08-09,WH-REG-04,DHL Freight,REG-04,2.6,5,Compliant,907.89,11.6,1.14
FUL-007543,ORD-007543,2024-08-07,2024-08-09,2024-08-13,WH-REG-05,Ecom Express,REG-05,6.4,3,Breached,1590.78,8.2,0.62
FUL-008237,ORD-008237,2024-08-07,2024-08-09,2024-08-12,WH-REG-01,BlueDart Logistics,REG-01,5.6,3,Breached,3277.5,6.4,0.96
FUL-008316,ORD-008316,2024-08-07,2024-08-08,2024-08-08,WH-REG-01,DHL Freight,REG-01,1.6,5,Compliant,1685.02,5.8,1.74
FUL-008369,ORD-008369,2024-08-07,2024-08-08,2024-08-10,WH-REG-02,DHL Freight,REG-02,3.7,5,Compliant,3973.95,6.2,0.92
FUL-003579,ORD-003579,2024-08-08,2024-08-09,2024-08-10,WH-REG-04,Delhivery Express,REG-04,2.8,5,Compliant,3908.03,10.8,1.41
FUL-003835,ORD-003835,2024-08-08,2024-08-09,2024-08-10,WH-REG-05,Ecom Express,REG-05,2.7,5,Compliant,2920.25,8.6,1.27
FUL-004754,ORD-004754,2024-08-08,2024-08-09,2024-08-10,WH-REG-04,BlueDart Logistics,REG-04,2.4,5,Compliant,3806.68,9.9,0.23
FUL-005703,ORD-005703,2024-08-08,2024-08-09,2024-08-11,WH-REG-03,FedEx Supply,REG-03,3.5,5,Compliant,4214.78,8.7,1.3
FUL-006635,ORD-006635,2024-08-08,2024-08-10,2024-08-13,WH-REG-01,Ecom Express,REG-01,5.9,3,Breached,3696.24,6.4,1.62
FUL-003508,ORD-003508,2024-08-09,2024-08-11,2024-08-15,WH-REG-05,DHL Freight,REG-05,6.8,3,Breached,3909.36,5.8,1.51
FUL-003569,ORD-003569,2024-08-09,2024-08-10,2024-08-13,WH-REG-01,Delhivery Express,REG-01,4.1,5,Compliant,1635.16,6.5,0.15
FUL-005175,ORD-005175,2024-08-09,2024-08-11,2024-08-15,WH-REG-05,DHL Freight,REG-05,6.3,5,Breached,1776.24,6.6,0.46
FUL-006478,ORD-006478,2024-08-09,2024-08-10,2024-08-13,WH-REG-03,DHL Freight,REG-03,4.9,3,Breached,2244.7,11.6,0.33
FUL-006557,ORD-006557,2024-08-09,2024-08-10,2024-08-13,WH-REG-02,Delhivery Express,REG-02,4.0,5,Compliant,2439.99,8.8,0.39
FUL-007861,ORD-007861,2024-08-09,2024-08-10,2024-08-10,WH-REG-04,Delhivery Express,REG-04,1.7,5,Compliant,4459.57,6.2,0.76
FUL-000100,ORD-000100,2024-08-10,2024-08-12,2024-08-15,WH-REG-03,Delhivery Express,REG-03,5.1,5,Breached,2872.86,11.8,0.45
FUL-000601,ORD-000601,2024-08-10,2024-08-11,2024-08-12,WH-REG-05,Delhivery Express,REG-05,2.3,5,Compliant,3469.18,10.6,1.34
FUL-001201,ORD-001201,2024-08-10,2024-08-12,2024-08-15,WH-REG-03,FedEx Supply,REG-03,5.9,5,Breached,1986.46,6.5,1.51
FUL-003098,ORD-003098,2024-08-10,2024-08-11,2024-08-14,WH-REG-04,Delhivery Express,REG-04,4.7,5,Compliant,2855.43,6.1,1.2
FUL-004895,ORD-004895,2024-08-10,2024-08-11,2024-08-11,WH-REG-03,DHL Freight,REG-03,1.7,5,Compliant,4146.51,6.1,1.5
FUL-007715,ORD-007715,2024-08-10,2024-08-12,2024-08-15,WH-REG-02,Ecom Express,REG-02,5.3,5,Breached,4063.23,10.2,1.6
FUL-008177,ORD-008177,2024-08-10,2024-08-11,2024-08-14,WH-REG-01,DHL Freight,REG-01,4.0,5,Compliant,3109.88,11.7,0.56
FUL-000436,ORD-000436,2024-08-11,2024-08-12,2024-08-12,WH-REG-01,Ecom Express,REG-01,1.5,5,Compliant,1392.17,11.0,1.6
FUL-000494,ORD-000494,2024-08-11,2024-08-12,2024-08-14,WH-REG-01,FedEx Supply,REG-01,3.3,5,Compliant,3795.07,6.5,1.25
FUL-001412,ORD-001412,2024-08-11,2024-08-13,2024-08-16,WH-REG-03,Ecom Express,REG-03,5.2,5,Breached,2184.58,6.3,1.72
FUL-001621,ORD-001621,2024-08-11,2024-08-13,2024-08-17,WH-REG-01,BlueDart Logistics,REG-01,6.3,5,Breached,1067.04,8.8,1.5
FUL-002463,ORD-002463,2024-08-11,2024-08-12,2024-08-12,WH-REG-04,FedEx Supply,REG-04,1.3,5,Compliant,3909.43,11.1,0.45
FUL-005257,ORD-005257,2024-08-11,2024-08-12,2024-08-15,WH-REG-02,BlueDart Logistics,REG-02,4.5,5,Compliant,1164.69,9.8,0.36
FUL-005549,ORD-005549,2024-08-11,2024-08-13,2024-08-16,WH-REG-01,Delhivery Express,REG-01,5.0,3,Breached,4351.02,10.1,1.4
FUL-005810,ORD-005810,2024-08-11,2024-08-12,2024-08-15,WH-REG-01,BlueDart Logistics,REG-01,4.5,5,Compliant,3717.03,7.0,0.9
FUL-006626,ORD-006626,2024-08-11,2024-08-12,2024-08-15,WH-REG-01,FedEx Supply,REG-01,4.4,5,Compliant,3139.25,11.3,1.2
FUL-000832,ORD-000832,2024-08-12,2024-08-13,2024-08-13,WH-REG-03,BlueDart Logistics,REG-03,1.6,5,Compliant,3268.41,8.8,0.3
FUL-002024,ORD-002024,2024-08-12,2024-08-13,2024-08-14,WH-REG-05,FedEx Supply,REG-05,2.4,3,Compliant,3527.7,10.1,1.75
FUL-002393,ORD-002393,2024-08-12,2024-08-13,2024-08-14,WH-REG-03,DHL Freight,REG-03,2.7,3,Compliant,3381.68,12.0,0.9
FUL-007321,ORD-007321,2024-08-12,2024-08-13,2024-08-14,WH-REG-04,DHL Freight,REG-04,2.7,5,Compliant,1356.54,9.8,0.73
FUL-007346,ORD-007346,2024-08-12,2024-08-13,2024-08-16,WH-REG-03,BlueDart Logistics,REG-03,4.3,5,Compliant,911.13,9.3,1.18
FUL-001409,ORD-001409,2024-08-13,2024-08-14,2024-08-15,WH-REG-05,BlueDart Logistics,REG-05,2.2,5,Compliant,4374.22,9.2,0.05
FUL-002905,ORD-002905,2024-08-13,2024-08-15,2024-08-19,WH-REG-03,Delhivery Express,REG-03,6.4,3,Breached,854.29,7.7,0.24
FUL-004032,ORD-004032,2024-08-13,2024-08-15,2024-08-19,WH-REG-04,BlueDart Logistics,REG-04,6.6,5,Breached,3153.93,8.9,0.33
FUL-005559,ORD-005559,2024-08-13,2024-08-14,2024-08-14,WH-REG-04,Delhivery Express,REG-04,1.8,5,Compliant,1337.21,6.7,0.63
FUL-007007,ORD-007007,2024-08-13,2024-08-15,2024-08-19,WH-REG-03,BlueDart Logistics,REG-03,6.3,5,Breached,2991.49,10.6,0.9
FUL-007949,ORD-007949,2024-08-13,2024-08-15,2024-08-19,WH-REG-03,FedEx Supply,REG-03,6.6,5,Breached,1760.33,6.4,0.93
FUL-000692,ORD-000692,2024-08-14,2024-08-15,2024-08-17,WH-REG-02,FedEx Supply,REG-02,3.0,3,Compliant,4492.79,9.2,1.78
FUL-001380,ORD-001380,2024-08-14,2024-08-15,2024-08-17,WH-REG-04,DHL Freight,REG-04,3.9,3,Breached,1582.22,11.6,0.1
FUL-001582,ORD-001582,2024-08-14,2024-08-15,2024-08-18,WH-REG-01,FedEx Supply,REG-01,4.4,5,Compliant,3325.42,5.9,0.72
FUL-002638,ORD-002638,2024-08-14,2024-08-15,2024-08-15,WH-REG-05,BlueDart Logistics,REG-05,1.3,5,Compliant,4257.52,11.8,0.36
FUL-003750,ORD-003750,2024-08-14,2024-08-16,2024-08-20,WH-REG-04,FedEx Supply,REG-04,6.1,5,Breached,2088.57,7.8,0.82
FUL-005335,ORD-005335,2024-08-14,2024-08-16,2024-08-19,WH-REG-04,Delhivery Express,REG-04,5.3,5,Breached,1018.84,6.2,0.2
FUL-006541,ORD-006541,2024-08-14,2024-08-15,2024-08-15,WH-REG-04,FedEx Supply,REG-04,1.5,3,Compliant,2750.07,8.1,1.23
FUL-006564,ORD-006564,2024-08-14,2024-08-16,2024-08-20,WH-REG-01,FedEx Supply,REG-01,6.4,5,Breached,1337.3,5.7,1.79
FUL-006614,ORD-006614,2024-08-14,2024-08-16,2024-08-19,WH-REG-01,Delhivery Express,REG-01,5.1,3,Breached,3506.59,9.4,0.26
FUL-006770,ORD-006770,2024-08-14,2024-08-15,2024-08-18,WH-REG-04,DHL Freight,REG-04,4.8,5,Compliant,4268.68,7.2,0.48
FUL-007401,ORD-007401,2024-08-14,2024-08-15,2024-08-16,WH-REG-04,FedEx Supply,REG-04,2.9,5,Compliant,2649.32,10.8,1.05
FUL-007429,ORD-007429,2024-08-14,2024-08-16,2024-08-19,WH-REG-03,Delhivery Express,REG-03,5.8,5,Breached,3657.62,6.3,0.27
FUL-000856,ORD-000856,2024-08-15,2024-08-17,2024-08-20,WH-REG-01,Delhivery Express,REG-01,5.0,5,Compliant,2755.75,8.7,0.05
FUL-001957,ORD-001957,2024-08-15,2024-08-17,2024-08-20,WH-REG-05,BlueDart Logistics,REG-05,5.0,5,Compliant,1323.91,8.3,0.86
FUL-002273,ORD-002273,2024-08-15,2024-08-17,2024-08-20,WH-REG-04,FedEx Supply,REG-04,5.5,5,Breached,3206.12,6.2,1.67
FUL-004847,ORD-004847,2024-08-15,2024-08-16,2024-08-16,WH-REG-01,BlueDart Logistics,REG-01,1.8,5,Compliant,3917.64,11.8,1.7
FUL-004979,ORD-004979,2024-08-15,2024-08-16,2024-08-19,WH-REG-03,Delhivery Express,REG-03,4.0,3,Breached,1818.44,5.8,1.5
FUL-005434,ORD-005434,2024-08-15,2024-08-17,2024-08-20,WH-REG-01,Delhivery Express,REG-01,5.5,5,Breached,1568.58,10.4,1.33
FUL-005716,ORD-005716,2024-08-15,2024-08-16,2024-08-17,WH-REG-05,DHL Freight,REG-05,2.7,5,Compliant,1827.7,11.0,1.18
FUL-006694,ORD-006694,2024-08-15,2024-08-16,2024-08-17,WH-REG-03,BlueDart Logistics,REG-03,2.8,5,Compliant,1532.17,11.7,1.7
FUL-007802,ORD-007802,2024-08-15,2024-08-16,2024-08-17,WH-REG-05,Ecom Express,REG-05,2.5,3,Compliant,3574.3,6.0,1.2
FUL-001766,ORD-001766,2024-08-16,2024-08-17,2024-08-20,WH-REG-03,FedEx Supply,REG-03,4.2,5,Compliant,2585.7,7.2,0.02
FUL-001899,ORD-001899,2024-08-16,2024-08-17,2024-08-18,WH-REG-05,FedEx Supply,REG-05,2.1,3,Compliant,3866.27,7.3,0.4
FUL-004246,ORD-004246,2024-08-16,2024-08-18,2024-08-21,WH-REG-05,Delhivery Express,REG-05,5.2,5,Breached,1182.29,10.4,0.13
FUL-005737,ORD-005737,2024-08-16,2024-08-17,2024-08-17,WH-REG-01,DHL Freight,REG-01,1.4,5,Compliant,1108.17,9.8,1.56
FUL-007478,ORD-007478,2024-08-16,2024-08-18,2024-08-22,WH-REG-03,Delhivery Express,REG-03,6.2,5,Breached,3818.18,10.1,1.78
FUL-008268,ORD-008268,2024-08-16,2024-08-17,2024-08-20,WH-REG-04,Ecom Express,REG-04,4.9,5,Compliant,3288.11,10.0,1.25
FUL-000070,ORD-000070,2024-08-17,2024-08-18,2024-08-20,WH-REG-03,BlueDart Logistics,REG-03,3.8,5,Compliant,1706.13,7.9,1.61
FUL-000428,ORD-000428,2024-08-17,2024-08-18,2024-08-20,WH-REG-05,DHL Freight,REG-05,3.8,5,Compliant,3228.79,6.0,1.14
FUL-001914,ORD-001914,2024-08-17,2024-08-19,2024-08-23,WH-REG-05,DHL Freight,REG-05,6.6,5,Breached,4455.86,6.5,1.79
FUL-002458,ORD-002458,2024-08-17,2024-08-19,2024-08-22,WH-REG-01,BlueDart Logistics,REG-01,5.4,5,Breached,3888.59,6.6,0.73
FUL-003335,ORD-003335,2024-08-17,2024-08-18,2024-08-20,WH-REG-04,DHL Freight,REG-04,3.7,5,Compliant,2207.97,8.9,1.72
FUL-004923,ORD-004923,2024-08-17,2024-08-18,2024-08-21,WH-REG-05,FedEx Supply,REG-05,4.1,5,Compliant,2748.42,10.0,0.68
FUL-005686,ORD-005686,2024-08-17,2024-08-18,2024-08-19,WH-REG-01,DHL Freight,REG-01,2.7,5,Compliant,2388.38,9.3,0.05
FUL-006120,ORD-006120,2024-08-17,2024-08-18,2024-08-21,WH-REG-04,Ecom Express,REG-04,4.8,5,Compliant,4051.11,7.0,0.94
FUL-007660,ORD-007660,2024-08-17,2024-08-18,2024-08-20,WH-REG-02,BlueDart Logistics,REG-02,3.9,3,Breached,1693.35,10.4,1.34
FUL-007888,ORD-007888,2024-08-17,2024-08-18,2024-08-19,WH-REG-03,Delhivery Express,REG-03,2.4,5,Compliant,1798.61,8.6,0.99
FUL-000581,ORD-000581,2024-08-18,2024-08-20,2024-08-23,WH-REG-03,FedEx Supply,REG-03,5.8,5,Breached,2584.07,9.1,1.12
FUL-001002,ORD-001002,2024-08-18,2024-08-19,2024-08-19,WH-REG-02,Ecom Express,REG-02,1.5,3,Compliant,3239.17,5.8,0.68
FUL-002518,ORD-002518,2024-08-18,2024-08-19,2024-08-22,WH-REG-03,DHL Freight,REG-03,4.8,3,Breached,2141.91,8.6,1.5
FUL-003315,ORD-003315,2024-08-18,2024-08-20,2024-08-24,WH-REG-01,DHL Freight,REG-01,6.5,5,Breached,2804.14,7.0,1.31
FUL-005440,ORD-005440,2024-08-18,2024-08-19,2024-08-22,WH-REG-03,Ecom Express,REG-03,4.3,5,Compliant,4001.98,11.8,0.08
FUL-006435,ORD-006435,2024-08-18,2024-08-19,2024-08-22,WH-REG-04,DHL Freight,REG-04,4.4,5,Compliant,3890.12,7.3,1.69
FUL-007141,ORD-007141,2024-08-18,2024-08-19,2024-08-21,WH-REG-02,FedEx Supply,REG-02,3.5,5,Compliant,1645.82,6.7,0.77
FUL-007372,ORD-007372,2024-08-18,2024-08-22,2024-08-28,WH-REG-01,Delhivery Express,REG-01,10.7,5,Breached,2029.43,9.1,0.87
FUL-007554,ORD-007554,2024-08-18,2024-08-19,2024-08-22,WH-REG-03,DHL Freight,REG-03,4.5,5,Compliant,1554.89,7.7,1.2
FUL-000405,ORD-000405,2024-08-19,2024-08-20,2024-08-23,WH-REG-02,FedEx Supply,REG-02,4.9,3,Breached,2510.46,6.5,0.1
FUL-002878,ORD-002878,2024-08-19,2024-08-20,2024-08-22,WH-REG-03,Delhivery Express,REG-03,3.8,5,Compliant,2316.94,6.2,1.22
FUL-004440,ORD-004440,2024-08-19,2024-08-21,2024-08-25,WH-REG-05,BlueDart Logistics,REG-05,6.8,5,Breached,1803.05,8.1,1.17
FUL-006133,ORD-006133,2024-08-19,2024-08-21,2024-08-24,WH-REG-03,FedEx Supply,REG-03,5.4,3,Breached,4031.86,7.3,1.17
FUL-006284,ORD-006284,2024-08-19,2024-08-20,2024-08-21,WH-REG-05,DHL Freight,REG-05,2.7,5,Compliant,3114.68,9.1,1.41
FUL-006649,ORD-006649,2024-08-19,2024-08-20,2024-08-22,WH-REG-01,Ecom Express,REG-01,3.4,3,Breached,4060.46,10.4,0.36
FUL-008289,ORD-008289,2024-08-19,2024-08-20,2024-08-23,WH-REG-01,BlueDart Logistics,REG-01,4.1,5,Compliant,3849.74,9.0,1.51
FUL-001550,ORD-001550,2024-08-20,2024-08-21,2024-08-22,WH-REG-03,BlueDart Logistics,REG-03,2.9,5,Compliant,966.07,11.0,0.76
FUL-001845,ORD-001845,2024-08-20,2024-08-21,2024-08-24,WH-REG-01,DHL Freight,REG-01,4.4,3,Breached,1774.96,10.9,1.59
FUL-002585,ORD-002585,2024-08-20,2024-08-21,2024-08-23,WH-REG-05,BlueDart Logistics,REG-05,3.5,5,Compliant,3963.63,9.1,1.58
FUL-003309,ORD-003309,2024-08-20,2024-08-21,2024-08-23,WH-REG-05,FedEx Supply,REG-05,3.8,5,Compliant,3784.76,6.6,1.18
FUL-006254,ORD-006254,2024-08-20,2024-08-21,2024-08-24,WH-REG-04,DHL Freight,REG-04,4.2,5,Compliant,925.43,10.1,1.41
FUL-006437,ORD-006437,2024-08-20,2024-08-21,2024-08-21,WH-REG-01,Ecom Express,REG-01,1.7,5,Compliant,1489.24,9.5,0.33
FUL-007506,ORD-007506,2024-08-20,2024-08-22,2024-08-25,WH-REG-04,Delhivery Express,REG-04,5.3,5,Breached,3317.69,11.1,0.97
FUL-000553,ORD-000553,2024-08-21,2024-08-23,2024-08-26,WH-REG-01,BlueDart Logistics,REG-01,5.4,5,Breached,3729.18,7.0,0.62
FUL-001191,ORD-001191,2024-08-21,2024-08-22,2024-08-25,WH-REG-02,DHL Freight,REG-02,4.0,5,Compliant,970.18,10.8,0.67
FUL-003685,ORD-003685,2024-08-21,2024-08-23,2024-08-27,WH-REG-03,Delhivery Express,REG-03,6.3,5,Breached,2804.1,9.6,1.39
FUL-004306,ORD-004306,2024-08-21,2024-08-22,2024-08-24,WH-REG-01,Ecom Express,REG-01,3.3,5,Compliant,3387.11,9.9,0.77
FUL-005920,ORD-005920,2024-08-21,2024-08-22,2024-08-22,WH-REG-05,Ecom Express,REG-05,1.2,5,Compliant,3957.16,9.4,0.48
FUL-006874,ORD-006874,2024-08-21,2024-08-22,2024-08-24,WH-REG-04,DHL Freight,REG-04,3.2,5,Compliant,1911.87,6.2,0.14
FUL-007414,ORD-007414,2024-08-21,2024-08-22,2024-08-25,WH-REG-04,FedEx Supply,REG-04,4.4,5,Compliant,2167.4,11.6,0.45
FUL-007553,ORD-007553,2024-08-21,2024-08-22,2024-08-23,WH-REG-05,DHL Freight,REG-05,2.0,5,Compliant,1103.66,7.3,1.03
FUL-000060,ORD-000060,2024-08-22,2024-08-23,2024-08-23,WH-REG-04,BlueDart Logistics,REG-04,1.8,5,Compliant,2254.92,7.7,0.34
FUL-000852,ORD-000852,2024-08-22,2024-08-23,2024-08-23,WH-REG-03,DHL Freight,REG-03,1.6,5,Compliant,904.22,11.9,0.26
FUL-001382,ORD-001382,2024-08-22,2024-08-23,2024-08-26,WH-REG-04,Delhivery Express,REG-04,4.0,5,Compliant,3919.5,9.2,1.72
FUL-001438,ORD-001438,2024-08-22,2024-08-24,2024-08-28,WH-REG-02,FedEx Supply,REG-02,6.2,5,Breached,2435.93,6.6,1.35
FUL-001660,ORD-001660,2024-08-22,2024-08-23,2024-08-24,WH-REG-03,BlueDart Logistics,REG-03,2.7,5,Compliant,2748.54,7.2,1.67
FUL-002737,ORD-002737,2024-08-22,2024-08-23,2024-08-25,WH-REG-01,DHL Freight,REG-01,3.2,5,Compliant,1638.2,8.1,1.0
FUL-004456,ORD-004456,2024-08-22,2024-08-24,2024-08-28,WH-REG-03,Delhivery Express,REG-03,6.7,5,Breached,2992.92,8.0,0.5
FUL-006043,ORD-006043,2024-08-22,2024-08-23,2024-08-23,WH-REG-03,FedEx Supply,REG-03,1.7,5,Compliant,2574.07,6.4,0.45
FUL-006484,ORD-006484,2024-08-22,2024-08-24,2024-08-28,WH-REG-05,Delhivery Express,REG-05,6.8,3,Breached,2840.9,8.2,0.28
FUL-007511,ORD-007511,2024-08-22,2024-08-23,2024-08-24,WH-REG-02,Ecom Express,REG-02,2.6,5,Compliant,4029.89,6.8,1.43
FUL-000459,ORD-000459,2024-08-23,2024-08-25,2024-08-28,WH-REG-04,DHL Freight,REG-04,5.1,5,Breached,2774.93,11.7,0.49
FUL-001026,ORD-001026,2024-08-23,2024-08-24,2024-08-27,WH-REG-03,Delhivery Express,REG-03,4.8,5,Compliant,3084.04,11.4,0.36
FUL-001609,ORD-001609,2024-08-23,2024-08-24,2024-08-27,WH-REG-02,FedEx Supply,REG-02,4.4,5,Compliant,3995.04,11.9,0.11
FUL-001649,ORD-001649,2024-08-23,2024-08-25,2024-08-29,WH-REG-02,Ecom Express,REG-02,6.8,5,Breached,3658.04,9.9,1.06
FUL-003502,ORD-003502,2024-08-23,2024-08-25,2024-08-29,WH-REG-02,Ecom Express,REG-02,6.1,5,Breached,3144.78,8.6,1.13
FUL-003945,ORD-003945,2024-08-23,2024-08-24,2024-08-26,WH-REG-04,Ecom Express,REG-04,3.8,5,Compliant,2829.69,9.8,0.34
FUL-004705,ORD-004705,2024-08-23,2024-08-24,2024-08-25,WH-REG-03,Ecom Express,REG-03,2.0,3,Compliant,4478.59,9.3,1.55
FUL-006110,ORD-006110,2024-08-23,2024-08-24,2024-08-25,WH-REG-01,Delhivery Express,REG-01,2.5,5,Compliant,4352.52,6.7,1.44
FUL-007138,ORD-007138,2024-08-23,2024-08-24,2024-08-25,WH-REG-03,BlueDart Logistics,REG-03,2.7,3,Compliant,2280.73,9.5,1.08
FUL-007267,ORD-007267,2024-08-23,2024-08-24,2024-08-26,WH-REG-03,Delhivery Express,REG-03,3.8,5,Compliant,2820.87,6.5,1.69
FUL-007366,ORD-007366,2024-08-23,2024-08-24,2024-08-27,WH-REG-05,BlueDart Logistics,REG-05,4.6,3,Breached,3052.02,9.6,1.73
FUL-007985,ORD-007985,2024-08-23,2024-08-25,2024-08-29,WH-REG-03,BlueDart Logistics,REG-03,6.7,5,Breached,2975.03,11.9,1.34
FUL-000016,ORD-000016,2024-08-24,2024-08-25,2024-08-26,WH-REG-03,BlueDart Logistics,REG-03,2.6,3,Compliant,4456.2,10.1,1.09
FUL-001009,ORD-001009,2024-08-24,2024-08-25,2024-08-28,WH-REG-01,BlueDart Logistics,REG-01,4.5,5,Compliant,3382.52,9.4,1.11
FUL-002392,ORD-002392,2024-08-24,2024-08-25,2024-08-28,WH-REG-05,Delhivery Express,REG-05,4.3,5,Compliant,4358.72,11.2,0.91
FUL-003459,ORD-003459,2024-08-24,2024-08-25,2024-08-26,WH-REG-03,DHL Freight,REG-03,2.6,3,Compliant,1816.7,8.8,1.1
FUL-004050,ORD-004050,2024-08-24,2024-08-25,2024-08-27,WH-REG-01,DHL Freight,REG-01,3.9,3,Breached,1306.5,6.4,0.17
FUL-004345,ORD-004345,2024-08-24,2024-08-25,2024-08-27,WH-REG-01,Ecom Express,REG-01,3.4,5,Compliant,1533.8,10.9,1.58
FUL-004981,ORD-004981,2024-08-24,2024-08-25,2024-08-25,WH-REG-04,BlueDart Logistics,REG-04,1.6,5,Compliant,1524.68,6.4,0.2
FUL-005090,ORD-005090,2024-08-24,2024-08-26,2024-08-30,WH-REG-01,Ecom Express,REG-01,6.6,5,Breached,1961.85,8.7,0.69
FUL-005814,ORD-005814,2024-08-24,2024-08-26,2024-08-30,WH-REG-05,BlueDart Logistics,REG-05,6.6,5,Breached,4479.9,7.2,1.36
FUL-007481,ORD-007481,2024-08-24,2024-08-26,2024-08-29,WH-REG-05,BlueDart Logistics,REG-05,5.2,3,Breached,1307.83,7.3,0.89
FUL-007617,ORD-007617,2024-08-24,2024-08-25,2024-08-27,WH-REG-02,BlueDart Logistics,REG-02,3.4,3,Breached,4090.22,10.0,1.13
FUL-000671,ORD-000671,2024-08-25,2024-08-26,2024-08-28,WH-REG-05,FedEx Supply,REG-05,3.1,5,Compliant,3903.41,7.5,0.14
FUL-000711,ORD-000711,2024-08-25,2024-08-27,2024-08-30,WH-REG-01,DHL Freight,REG-01,5.5,5,Breached,1207.46,8.0,1.4
FUL-000925,ORD-000925,2024-08-25,2024-08-26,2024-08-28,WH-REG-03,Ecom Express,REG-03,3.3,5,Compliant,1144.7,9.1,0.05
FUL-002295,ORD-002295,2024-08-25,2024-08-27,2024-08-30,WH-REG-05,Ecom Express,REG-05,5.1,5,Breached,1566.31,11.1,1.13
FUL-004278,ORD-004278,2024-08-25,2024-08-26,2024-08-29,WH-REG-03,Delhivery Express,REG-03,4.4,5,Compliant,1644.28,7.5,0.74
FUL-004305,ORD-004305,2024-08-25,2024-08-26,2024-08-26,WH-REG-03,Delhivery Express,REG-03,1.5,3,Compliant,2156.78,8.5,1.77
FUL-004595,ORD-004595,2024-08-25,2024-08-26,2024-08-27,WH-REG-02,FedEx Supply,REG-02,2.0,5,Compliant,1816.08,11.2,0.94
FUL-005374,ORD-005374,2024-08-25,2024-08-26,2024-08-29,WH-REG-04,Delhivery Express,REG-04,4.5,5,Compliant,3462.72,6.3,1.66
FUL-005412,ORD-005412,2024-08-25,2024-08-26,2024-08-28,WH-REG-05,Delhivery Express,REG-05,3.5,5,Compliant,3756.24,9.6,1.04
FUL-005602,ORD-005602,2024-08-25,2024-08-27,2024-08-31,WH-REG-01,BlueDart Logistics,REG-01,6.6,3,Breached,1595.0,7.2,1.41
FUL-006779,ORD-006779,2024-08-25,2024-08-27,2024-08-31,WH-REG-02,DHL Freight,REG-02,6.1,5,Breached,1871.01,5.5,1.68
FUL-003503,ORD-003503,2024-08-26,2024-08-28,2024-08-31,WH-REG-04,Ecom Express,REG-04,5.2,3,Breached,3829.55,7.8,1.59
FUL-004377,ORD-004377,2024-08-26,2024-08-27,2024-08-29,WH-REG-02,FedEx Supply,REG-02,3.0,5,Compliant,1453.49,9.8,1.28
FUL-008045,ORD-008045,2024-08-26,2024-08-30,2024-09-05,WH-REG-05,FedEx Supply,REG-05,10.2,5,Breached,2890.85,9.8,0.33
FUL-008337,ORD-008337,2024-08-26,2024-08-28,2024-09-01,WH-REG-02,Delhivery Express,REG-02,6.6,5,Breached,2238.49,9.5,0.28
FUL-000526,ORD-000526,2024-08-27,2024-08-28,2024-08-31,WH-REG-05,Ecom Express,REG-05,4.4,5,Compliant,3360.52,5.6,0.31
FUL-001482,ORD-001482,2024-08-27,2024-08-28,2024-08-31,WH-REG-05,BlueDart Logistics,REG-05,4.8,3,Breached,4028.95,8.8,1.37
FUL-001873,ORD-001873,2024-08-27,2024-08-29,2024-09-02,WH-REG-03,DHL Freight,REG-03,6.5,3,Breached,2938.66,11.8,0.32
FUL-003353,ORD-003353,2024-08-27,2024-08-28,2024-08-31,WH-REG-05,FedEx Supply,REG-05,4.4,5,Compliant,3155.35,8.4,1.4
FUL-003843,ORD-003843,2024-08-27,2024-08-28,2024-08-31,WH-REG-04,Ecom Express,REG-04,4.2,5,Compliant,4142.51,11.3,1.01
FUL-004733,ORD-004733,2024-08-27,2024-08-28,2024-08-31,WH-REG-01,Delhivery Express,REG-01,4.3,5,Compliant,2992.88,11.3,0.69
FUL-004892,ORD-004892,2024-08-27,2024-08-29,2024-09-02,WH-REG-01,Delhivery Express,REG-01,6.2,5,Breached,4283.92,5.7,0.59
FUL-005182,ORD-005182,2024-08-27,2024-08-29,2024-09-01,WH-REG-05,Ecom Express,REG-05,5.1,5,Breached,1759.74,10.4,0.63
FUL-006677,ORD-006677,2024-08-27,2024-08-31,2024-09-07,WH-REG-01,BlueDart Logistics,REG-01,11.5,5,Breached,3008.31,7.0,0.78
FUL-007154,ORD-007154,2024-08-27,2024-08-29,2024-09-02,WH-REG-03,Ecom Express,REG-03,6.5,5,Breached,4199.74,8.9,0.3
FUL-007514,ORD-007514,2024-08-27,2024-08-28,2024-08-31,WH-REG-05,BlueDart Logistics,REG-05,4.2,5,Compliant,3439.22,10.0,0.96
FUL-000368,ORD-000368,2024-08-28,2024-08-29,2024-08-29,WH-REG-02,BlueDart Logistics,REG-02,1.7,5,Compliant,3447.64,10.2,1.3
FUL-000975,ORD-000975,2024-08-28,2024-08-29,2024-08-31,WH-REG-01,DHL Freight,REG-01,3.1,5,Compliant,981.1,11.4,1.14
FUL-001425,ORD-001425,2024-08-28,2024-08-29,2024-09-01,WH-REG-05,DHL Freight,REG-05,4.8,5,Compliant,3768.48,9.1,0.61
FUL-003338,ORD-003338,2024-08-28,2024-08-30,2024-09-02,WH-REG-03,FedEx Supply,REG-03,5.2,5,Breached,2768.91,6.1,1.15
FUL-003730,ORD-003730,2024-08-28,2024-08-29,2024-08-29,WH-REG-04,Ecom Express,REG-04,1.3,5,Compliant,4106.03,10.4,0.44
FUL-005613,ORD-005613,2024-08-28,2024-08-29,2024-08-29,WH-REG-01,Delhivery Express,REG-01,1.9,5,Compliant,4002.45,11.6,0.01
FUL-007258,ORD-007258,2024-08-28,2024-08-29,2024-08-30,WH-REG-03,Delhivery Express,REG-03,2.4,5,Compliant,2647.31,7.2,1.13
FUL-008194,ORD-008194,2024-08-28,2024-08-30,2024-09-03,WH-REG-03,BlueDart Logistics,REG-03,6.5,5,Breached,4137.38,9.3,1.5
FUL-000012,ORD-000012,2024-08-29,2024-08-31,2024-09-03,WH-REG-05,Delhivery Express,REG-05,5.1,3,Breached,3149.51,9.2,1.34
FUL-000189,ORD-000189,2024-08-29,2024-08-31,2024-09-04,WH-REG-05,DHL Freight,REG-05,6.6,5,Breached,3223.21,5.6,0.29
FUL-001862,ORD-001862,2024-08-29,2024-08-30,2024-09-01,WH-REG-02,Ecom Express,REG-02,3.1,3,Breached,1465.2,10.6,0.89
FUL-002462,ORD-002462,2024-08-29,2024-08-31,2024-09-04,WH-REG-03,FedEx Supply,REG-03,6.2,5,Breached,1697.18,9.8,1.16
FUL-004149,ORD-004149,2024-08-29,2024-08-31,2024-09-04,WH-REG-02,DHL Freight,REG-02,6.6,3,Breached,3836.16,11.6,0.85
FUL-005174,ORD-005174,2024-08-29,2024-08-31,2024-09-03,WH-REG-04,Ecom Express,REG-04,5.7,5,Breached,1940.8,9.8,1.4
FUL-000669,ORD-000669,2024-08-30,2024-09-01,2024-09-04,WH-REG-04,DHL Freight,REG-04,5.9,5,Breached,1291.48,10.4,1.45
FUL-001681,ORD-001681,2024-08-30,2024-09-01,2024-09-05,WH-REG-05,Delhivery Express,REG-05,6.6,5,Breached,3676.74,9.7,1.59
FUL-004439,ORD-004439,2024-08-30,2024-09-01,2024-09-05,WH-REG-03,DHL Freight,REG-03,6.4,3,Breached,3132.45,7.3,1.15
FUL-004878,ORD-004878,2024-08-30,2024-08-31,2024-09-03,WH-REG-01,DHL Freight,REG-01,4.5,5,Compliant,3247.42,11.6,0.83
FUL-005450,ORD-005450,2024-08-30,2024-08-31,2024-09-02,WH-REG-03,FedEx Supply,REG-03,3.8,5,Compliant,3694.65,10.8,1.72
FUL-007377,ORD-007377,2024-08-30,2024-08-31,2024-09-03,WH-REG-04,DHL Freight,REG-04,4.8,5,Compliant,4040.0,8.3,0.57
FUL-008029,ORD-008029,2024-08-30,2024-08-31,2024-09-01,WH-REG-03,DHL Freight,REG-03,2.1,3,Compliant,2888.06,5.9,0.33
FUL-008095,ORD-008095,2024-08-30,2024-08-31,2024-09-03,WH-REG-04,DHL Freight,REG-04,4.2,5,Compliant,3774.95,7.6,0.71
FUL-001820,ORD-001820,2024-08-31,2024-09-02,2024-09-05,WH-REG-02,BlueDart Logistics,REG-02,5.5,5,Breached,1475.2,10.5,0.66
FUL-002305,ORD-002305,2024-08-31,2024-09-02,2024-09-06,WH-REG-05,Delhivery Express,REG-05,6.7,5,Breached,3399.53,7.3,1.04
FUL-003373,ORD-003373,2024-08-31,2024-09-02,2024-09-05,WH-REG-04,Delhivery Express,REG-04,5.4,5,Breached,1257.61,11.1,0.87
FUL-005808,ORD-005808,2024-08-31,2024-09-02,2024-09-06,WH-REG-01,DHL Freight,REG-01,6.7,5,Breached,1060.42,9.7,0.77
FUL-006142,ORD-006142,2024-08-31,2024-09-01,2024-09-04,WH-REG-05,BlueDart Logistics,REG-05,4.2,5,Compliant,3562.0,11.7,0.97
FUL-006689,ORD-006689,2024-08-31,2024-09-02,2024-09-05,WH-REG-03,BlueDart Logistics,REG-03,5.0,5,Compliant,2474.06,7.8,1.63
FUL-007792,ORD-007792,2024-08-31,2024-09-01,2024-09-03,WH-REG-04,DHL Freight,REG-04,3.1,5,Compliant,2176.54,9.7,1.1
FUL-000468,ORD-000468,2024-09-01,2024-09-02,2024-09-04,WH-REG-05,Delhivery Express,REG-05,3.9,3,Breached,1602.69,6.6,1.13
FUL-002025,ORD-002025,2024-09-01,2024-09-02,2024-09-05,WH-REG-05,Delhivery Express,REG-05,4.4,5,Compliant,2861.61,10.7,1.69
FUL-002244,ORD-002244,2024-09-01,2024-09-03,2024-09-06,WH-REG-05,BlueDart Logistics,REG-05,5.0,5,Compliant,2320.14,10.3,1.74
FUL-002984,ORD-002984,2024-09-01,2024-09-02,2024-09-05,WH-REG-03,DHL Freight,REG-03,4.8,3,Breached,3995.37,9.5,0.78
FUL-004271,ORD-004271,2024-09-01,2024-09-02,2024-09-02,WH-REG-02,Delhivery Express,REG-02,1.3,5,Compliant,2474.57,8.8,0.94
FUL-005219,ORD-005219,2024-09-01,2024-09-02,2024-09-03,WH-REG-04,Delhivery Express,REG-04,2.2,5,Compliant,1961.23,10.6,1.6
FUL-005846,ORD-005846,2024-09-01,2024-09-03,2024-09-07,WH-REG-01,Delhivery Express,REG-01,6.6,3,Breached,1505.77,11.7,1.0
FUL-006869,ORD-006869,2024-09-01,2024-09-02,2024-09-04,WH-REG-04,BlueDart Logistics,REG-04,3.2,3,Breached,4001.81,8.7,0.6
FUL-007057,ORD-007057,2024-09-01,2024-09-02,2024-09-05,WH-REG-02,BlueDart Logistics,REG-02,4.4,5,Compliant,888.42,8.8,0.33
FUL-008106,ORD-008106,2024-09-01,2024-09-03,2024-09-07,WH-REG-02,FedEx Supply,REG-02,6.0,3,Breached,1083.39,7.4,1.17
FUL-008476,ORD-008476,2024-09-01,2024-09-03,2024-09-07,WH-REG-04,Delhivery Express,REG-04,6.0,5,Breached,2802.09,10.1,0.05
FUL-001038,ORD-001038,2024-09-02,2024-09-03,2024-09-03,WH-REG-04,Delhivery Express,REG-04,1.6,5,Compliant,1775.39,11.7,1.07
FUL-001656,ORD-001656,2024-09-02,2024-09-04,2024-09-07,WH-REG-04,Delhivery Express,REG-04,5.0,5,Compliant,4007.39,8.2,1.29
FUL-002069,ORD-002069,2024-09-02,2024-09-03,2024-09-05,WH-REG-01,Ecom Express,REG-01,3.3,5,Compliant,2956.86,6.3,1.51
FUL-004818,ORD-004818,2024-09-02,2024-09-03,2024-09-04,WH-REG-03,Delhivery Express,REG-03,2.2,5,Compliant,2065.62,10.5,0.58
FUL-004848,ORD-004848,2024-09-02,2024-09-03,2024-09-04,WH-REG-01,DHL Freight,REG-01,2.7,3,Compliant,2788.84,7.2,0.93
FUL-005241,ORD-005241,2024-09-02,2024-09-04,2024-09-07,WH-REG-04,Delhivery Express,REG-04,5.4,5,Breached,3183.95,6.8,0.27
FUL-006199,ORD-006199,2024-09-02,2024-09-03,2024-09-05,WH-REG-01,Delhivery Express,REG-01,3.5,5,Compliant,864.48,7.4,1.08
FUL-008246,ORD-008246,2024-09-02,2024-09-06,2024-09-12,WH-REG-01,DHL Freight,REG-01,10.399999999999999,5,Breached,3110.07,8.5,0.25
FUL-001239,ORD-001239,2024-09-03,2024-09-04,2024-09-07,WH-REG-01,DHL Freight,REG-01,4.8,5,Compliant,1016.16,10.2,0.73
FUL-001260,ORD-001260,2024-09-03,2024-09-04,2024-09-05,WH-REG-01,Delhivery Express,REG-01,2.4,5,Compliant,4126.35,7.7,0.76
FUL-001515,ORD-001515,2024-09-03,2024-09-04,2024-09-06,WH-REG-02,FedEx Supply,REG-02,3.5,3,Breached,2101.47,11.7,1.5
FUL-002177,ORD-002177,2024-09-03,2024-09-04,2024-09-05,WH-REG-03,FedEx Supply,REG-03,2.3,5,Compliant,2304.45,10.4,0.11
FUL-002215,ORD-002215,2024-09-03,2024-09-04,2024-09-04,WH-REG-01,DHL Freight,REG-01,1.7,5,Compliant,1854.42,8.6,0.57
FUL-005593,ORD-005593,2024-09-03,2024-09-04,2024-09-04,WH-REG-03,FedEx Supply,REG-03,1.2,5,Compliant,2959.86,6.0,0.29
FUL-006834,ORD-006834,2024-09-03,2024-09-04,2024-09-07,WH-REG-05,BlueDart Logistics,REG-05,4.9,5,Compliant,2608.82,8.4,0.11
FUL-006944,ORD-006944,2024-09-03,2024-09-05,2024-09-08,WH-REG-04,Ecom Express,REG-04,5.0,5,Compliant,2890.96,5.9,0.47
FUL-007811,ORD-007811,2024-09-03,2024-09-04,2024-09-06,WH-REG-01,Ecom Express,REG-01,3.5,5,Compliant,1583.78,11.0,1.76
FUL-007875,ORD-007875,2024-09-03,2024-09-05,2024-09-09,WH-REG-02,FedEx Supply,REG-02,6.7,5,Breached,2846.77,11.9,1.31
FUL-002274,ORD-002274,2024-09-04,2024-09-05,2024-09-07,WH-REG-03,Delhivery Express,REG-03,3.0,5,Compliant,4174.5,11.2,0.06
FUL-003135,ORD-003135,2024-09-04,2024-09-05,2024-09-06,WH-REG-04,Delhivery Express,REG-04,2.2,3,Compliant,1251.81,10.4,0.64
FUL-003873,ORD-003873,2024-09-04,2024-09-05,2024-09-06,WH-REG-05,DHL Freight,REG-05,2.3,5,Compliant,3750.86,10.1,0.0
FUL-004651,ORD-004651,2024-09-04,2024-09-06,2024-09-10,WH-REG-02,FedEx Supply,REG-02,6.5,5,Breached,1160.67,11.4,1.51
FUL-007174,ORD-007174,2024-09-04,2024-09-06,2024-09-10,WH-REG-05,Ecom Express,REG-05,6.5,5,Breached,4317.8,8.8,0.57
FUL-007709,ORD-007709,2024-09-04,2024-09-06,2024-09-09,WH-REG-03,Delhivery Express,REG-03,5.4,5,Breached,1685.29,9.4,0.43
FUL-007816,ORD-007816,2024-09-04,2024-09-05,2024-09-05,WH-REG-01,BlueDart Logistics,REG-01,1.8,3,Compliant,2218.02,6.7,0.99
FUL-008383,ORD-008383,2024-09-04,2024-09-05,2024-09-06,WH-REG-05,FedEx Supply,REG-05,2.3,5,Compliant,3372.83,8.9,0.59
FUL-000870,ORD-000870,2024-09-05,2024-09-06,2024-09-08,WH-REG-01,DHL Freight,REG-01,3.2,5,Compliant,1977.38,9.8,1.53
FUL-001470,ORD-001470,2024-09-05,2024-09-06,2024-09-08,WH-REG-04,Delhivery Express,REG-04,3.5,5,Compliant,4161.92,7.6,0.32
FUL-001485,ORD-001485,2024-09-05,2024-09-06,2024-09-07,WH-REG-01,BlueDart Logistics,REG-01,2.5,5,Compliant,1905.79,8.6,0.71
FUL-005677,ORD-005677,2024-09-05,2024-09-06,2024-09-09,WH-REG-02,BlueDart Logistics,REG-02,4.0,3,Breached,3545.67,6.3,1.27
FUL-001426,ORD-001426,2024-09-06,2024-09-07,2024-09-09,WH-REG-04,DHL Freight,REG-04,3.3,5,Compliant,1140.17,8.6,0.14
FUL-001540,ORD-001540,2024-09-06,2024-09-08,2024-09-11,WH-REG-04,FedEx Supply,REG-04,5.4,3,Breached,4448.35,7.5,0.84
FUL-001944,ORD-001944,2024-09-06,2024-09-07,2024-09-09,WH-REG-04,DHL Freight,REG-04,3.0,3,Compliant,2745.96,7.0,1.41
FUL-003206,ORD-003206,2024-09-06,2024-09-07,2024-09-07,WH-REG-03,Delhivery Express,REG-03,1.4,5,Compliant,3922.12,6.2,1.21
FUL-003768,ORD-003768,2024-09-06,2024-09-07,2024-09-08,WH-REG-02,FedEx Supply,REG-02,2.2,5,Compliant,3594.28,7.0,0.12
FUL-004029,ORD-004029,2024-09-06,2024-09-07,2024-09-08,WH-REG-03,DHL Freight,REG-03,2.0,3,Compliant,3654.37,10.3,0.68
FUL-004916,ORD-004916,2024-09-06,2024-09-08,2024-09-11,WH-REG-03,Delhivery Express,REG-03,5.2,5,Breached,1567.31,11.1,1.41
FUL-005688,ORD-005688,2024-09-06,2024-09-07,2024-09-09,WH-REG-05,BlueDart Logistics,REG-05,3.7,5,Compliant,1512.3,8.7,0.73
FUL-006873,ORD-006873,2024-09-06,2024-09-08,2024-09-11,WH-REG-01,Ecom Express,REG-01,5.8,5,Breached,1660.19,8.3,1.04
FUL-003236,ORD-003236,2024-09-07,2024-09-09,2024-09-12,WH-REG-02,BlueDart Logistics,REG-02,5.3,5,Breached,3559.06,11.3,0.03
FUL-003864,ORD-003864,2024-09-07,2024-09-08,2024-09-10,WH-REG-02,FedEx Supply,REG-02,3.1,5,Compliant,2788.15,11.5,0.24
FUL-006401,ORD-006401,2024-09-07,2024-09-08,2024-09-10,WH-REG-03,Ecom Express,REG-03,3.9,5,Compliant,1412.12,7.1,1.78
FUL-006881,ORD-006881,2024-09-07,2024-09-09,2024-09-13,WH-REG-02,DHL Freight,REG-02,6.5,5,Breached,1655.48,9.2,1.71
FUL-008030,ORD-008030,2024-09-07,2024-09-08,2024-09-11,WH-REG-02,BlueDart Logistics,REG-02,4.3,5,Compliant,4377.78,6.3,0.29
FUL-001171,ORD-001171,2024-09-08,2024-09-09,2024-09-11,WH-REG-03,BlueDart Logistics,REG-03,3.2,5,Compliant,2019.48,6.0,0.45
FUL-001895,ORD-001895,2024-09-08,2024-09-10,2024-09-13,WH-REG-03,BlueDart Logistics,REG-03,5.9,5,Breached,3133.65,11.6,0.79
FUL-002400,ORD-002400,2024-09-08,2024-09-10,2024-09-13,WH-REG-03,FedEx Supply,REG-03,5.9,5,Breached,3104.6,10.0,1.25
FUL-002746,ORD-002746,2024-09-08,2024-09-09,2024-09-11,WH-REG-01,DHL Freight,REG-01,3.1,5,Compliant,2028.25,10.6,1.4
FUL-002970,ORD-002970,2024-09-08,2024-09-10,2024-09-13,WH-REG-01,Ecom Express,REG-01,5.0,5,Compliant,2846.16,11.3,1.59
FUL-003113,ORD-003113,2024-09-08,2024-09-09,2024-09-10,WH-REG-02,FedEx Supply,REG-02,2.9,5,Compliant,2434.1,8.6,0.54
FUL-004812,ORD-004812,2024-09-08,2024-09-09,2024-09-10,WH-REG-01,Ecom Express,REG-01,2.4,3,Compliant,4498.96,9.8,0.06
FUL-007705,ORD-007705,2024-09-08,2024-09-10,2024-09-13,WH-REG-04,Ecom Express,REG-04,5.1,5,Breached,4423.06,9.3,1.75
FUL-007936,ORD-007936,2024-09-08,2024-09-10,2024-09-13,WH-REG-01,FedEx Supply,REG-01,5.8,3,Breached,1492.42,10.0,1.8
FUL-001612,ORD-001612,2024-09-09,2024-09-10,2024-09-10,WH-REG-03,DHL Freight,REG-03,1.7,5,Compliant,4108.27,9.0,1.27
FUL-001661,ORD-001661,2024-09-09,2024-09-10,2024-09-11,WH-REG-05,Delhivery Express,REG-05,2.7,5,Compliant,4194.89,7.3,0.48
FUL-002278,ORD-002278,2024-09-09,2024-09-11,2024-09-15,WH-REG-01,Ecom Express,REG-01,6.0,3,Breached,1827.38,10.2,1.68
FUL-002336,ORD-002336,2024-09-09,2024-09-10,2024-09-13,WH-REG-05,FedEx Supply,REG-05,4.1,5,Compliant,3700.39,10.5,1.46
FUL-003988,ORD-003988,2024-09-09,2024-09-10,2024-09-13,WH-REG-05,FedEx Supply,REG-05,4.2,5,Compliant,3345.32,6.8,1.59
FUL-004826,ORD-004826,2024-09-09,2024-09-10,2024-09-12,WH-REG-04,Ecom Express,REG-04,3.2,5,Compliant,1870.69,7.3,1.15
FUL-005807,ORD-005807,2024-09-09,2024-09-11,2024-09-15,WH-REG-03,Delhivery Express,REG-03,6.3,3,Breached,2015.99,8.4,1.7
FUL-007454,ORD-007454,2024-09-09,2024-09-10,2024-09-12,WH-REG-05,BlueDart Logistics,REG-05,3.6,5,Compliant,2175.64,5.9,1.29
FUL-000228,ORD-000228,2024-09-10,2024-09-12,2024-09-16,WH-REG-03,Ecom Express,REG-03,6.0,5,Breached,2261.57,6.5,1.14
FUL-001149,ORD-001149,2024-09-10,2024-09-11,2024-09-14,WH-REG-01,FedEx Supply,REG-01,4.3,5,Compliant,2561.39,6.7,0.29
FUL-001308,ORD-001308,2024-09-10,2024-09-11,2024-09-13,WH-REG-04,DHL Freight,REG-04,3.5,5,Compliant,4198.2,6.6,0.9
FUL-006460,ORD-006460,2024-09-10,2024-09-11,2024-09-14,WH-REG-01,FedEx Supply,REG-01,4.1,5,Compliant,2858.09,7.6,1.61
FUL-007271,ORD-007271,2024-09-10,2024-09-11,2024-09-12,WH-REG-04,FedEx Supply,REG-04,2.5,5,Compliant,3654.34,10.5,0.31
FUL-000416,ORD-000416,2024-09-11,2024-09-13,2024-09-17,WH-REG-03,BlueDart Logistics,REG-03,6.5,5,Breached,4347.27,9.4,1.28
FUL-002064,ORD-002064,2024-09-11,2024-09-12,2024-09-15,WH-REG-02,DHL Freight,REG-02,4.7,3,Breached,2108.71,8.7,0.97
FUL-002110,ORD-002110,2024-09-11,2024-09-12,2024-09-14,WH-REG-04,BlueDart Logistics,REG-04,3.9,5,Compliant,2522.27,6.1,0.94
FUL-004541,ORD-004541,2024-09-11,2024-09-12,2024-09-14,WH-REG-05,Ecom Express,REG-05,3.0,5,Compliant,3441.97,8.5,0.27
FUL-006903,ORD-006903,2024-09-11,2024-09-12,2024-09-14,WH-REG-03,Delhivery Express,REG-03,3.2,5,Compliant,2072.79,8.2,1.06
FUL-000065,ORD-000065,2024-09-12,2024-09-13,2024-09-14,WH-REG-05,FedEx Supply,REG-05,2.3,5,Compliant,4105.85,5.9,0.83
FUL-000380,ORD-000380,2024-09-12,2024-09-13,2024-09-14,WH-REG-03,DHL Freight,REG-03,2.5,5,Compliant,3157.04,6.1,0.17
FUL-001401,ORD-001401,2024-09-12,2024-09-14,2024-09-17,WH-REG-04,Delhivery Express,REG-04,5.7,5,Breached,920.84,5.7,1.01
FUL-002824,ORD-002824,2024-09-12,2024-09-13,2024-09-14,WH-REG-04,BlueDart Logistics,REG-04,2.5,3,Compliant,2719.3,7.9,1.17
FUL-003772,ORD-003772,2024-09-12,2024-09-13,2024-09-13,WH-REG-04,Delhivery Express,REG-04,1.3,5,Compliant,2658.1,7.3,1.19
FUL-005305,ORD-005305,2024-09-12,2024-09-13,2024-09-14,WH-REG-03,FedEx Supply,REG-03,2.7,5,Compliant,3419.15,5.7,0.97
FUL-005650,ORD-005650,2024-09-12,2024-09-13,2024-09-15,WH-REG-03,BlueDart Logistics,REG-03,3.7,5,Compliant,1493.36,11.1,0.82
FUL-000218,ORD-000218,2024-09-13,2024-09-14,2024-09-14,WH-REG-03,DHL Freight,REG-03,1.9,5,Compliant,4355.44,9.8,0.85
FUL-000286,ORD-000286,2024-09-13,2024-09-14,2024-09-17,WH-REG-01,Delhivery Express,REG-01,4.4,5,Compliant,1508.67,10.5,1.01
FUL-001037,ORD-001037,2024-09-13,2024-09-14,2024-09-16,WH-REG-05,DHL Freight,REG-05,3.0,3,Compliant,2800.25,6.4,1.27
FUL-004597,ORD-004597,2024-09-13,2024-09-18,2024-09-26,WH-REG-03,Ecom Express,REG-03,13.9,5,Breached,2779.66,9.4,1.08
FUL-004859,ORD-004859,2024-09-14,2024-09-15,2024-09-18,WH-REG-02,Ecom Express,REG-02,4.4,5,Compliant,2589.69,10.6,1.65
FUL-006022,ORD-006022,2024-09-14,2024-09-15,2024-09-15,WH-REG-04,DHL Freight,REG-04,1.8,5,Compliant,2429.73,8.6,1.04
FUL-006255,ORD-006255,2024-09-14,2024-09-16,2024-09-19,WH-REG-05,BlueDart Logistics,REG-05,5.2,5,Breached,2477.36,7.7,0.89
FUL-006780,ORD-006780,2024-09-14,2024-09-15,2024-09-15,WH-REG-04,BlueDart Logistics,REG-04,1.7,3,Compliant,3738.41,9.4,0.71
FUL-007245,ORD-007245,2024-09-14,2024-09-15,2024-09-18,WH-REG-05,FedEx Supply,REG-05,4.4,3,Breached,2485.26,8.1,1.1
FUL-007398,ORD-007398,2024-09-14,2024-09-15,2024-09-17,WH-REG-04,BlueDart Logistics,REG-04,3.9,5,Compliant,3771.63,11.5,0.32
FUL-000033,ORD-000033,2024-09-15,2024-09-17,2024-09-21,WH-REG-01,DHL Freight,REG-01,6.6,5,Breached,1746.67,9.3,1.37
FUL-002146,ORD-002146,2024-09-15,2024-09-16,2024-09-16,WH-REG-01,BlueDart Logistics,REG-01,1.8,5,Compliant,3146.82,7.0,0.65
FUL-003002,ORD-003002,2024-09-15,2024-09-16,2024-09-17,WH-REG-01,BlueDart Logistics,REG-01,2.9,5,Compliant,4163.98,6.8,1.06
FUL-004634,ORD-004634,2024-09-15,2024-09-17,2024-09-20,WH-REG-02,Delhivery Express,REG-02,5.3,5,Breached,4296.36,8.2,0.87
FUL-005362,ORD-005362,2024-09-15,2024-09-17,2024-09-20,WH-REG-04,DHL Freight,REG-04,5.8,5,Breached,4253.77,5.9,0.54
FUL-006806,ORD-006806,2024-09-15,2024-09-16,2024-09-19,WH-REG-03,Ecom Express,REG-03,4.2,5,Compliant,3787.22,10.8,0.62
FUL-007614,ORD-007614,2024-09-15,2024-09-16,2024-09-16,WH-REG-05,DHL Freight,REG-05,1.4,5,Compliant,4424.77,7.5,1.77
FUL-007808,ORD-007808,2024-09-15,2024-09-16,2024-09-16,WH-REG-05,Delhivery Express,REG-05,1.6,5,Compliant,851.51,11.8,1.32
FUL-003831,ORD-003831,2024-09-16,2024-09-17,2024-09-19,WH-REG-01,BlueDart Logistics,REG-01,3.4,3,Breached,3989.1,10.0,0.38
FUL-007107,ORD-007107,2024-09-16,2024-09-17,2024-09-18,WH-REG-02,Ecom Express,REG-02,2.5,5,Compliant,2026.76,7.4,1.36
FUL-001418,ORD-001418,2024-09-17,2024-09-18,2024-09-21,WH-REG-04,DHL Freight,REG-04,4.1,3,Breached,2899.88,10.0,1.17
FUL-004592,ORD-004592,2024-09-17,2024-09-19,2024-09-22,WH-REG-03,Ecom Express,REG-03,5.3,3,Breached,2069.7,10.8,1.4
FUL-005080,ORD-005080,2024-09-17,2024-09-18,2024-09-20,WH-REG-02,FedEx Supply,REG-02,3.4,5,Compliant,2454.08,6.7,1.62
FUL-005694,ORD-005694,2024-09-17,2024-09-19,2024-09-22,WH-REG-01,DHL Freight,REG-01,5.8,5,Breached,1318.94,6.8,1.6
FUL-006174,ORD-006174,2024-09-17,2024-09-19,2024-09-22,WH-REG-01,Delhivery Express,REG-01,5.0,5,Compliant,3493.18,8.7,1.75
FUL-006208,ORD-006208,2024-09-17,2024-09-18,2024-09-21,WH-REG-01,DHL Freight,REG-01,4.5,5,Compliant,911.92,6.7,1.09
FUL-007308,ORD-007308,2024-09-17,2024-09-22,2024-09-30,WH-REG-05,Delhivery Express,REG-05,13.0,5,Breached,2938.86,10.2,0.91
FUL-008219,ORD-008219,2024-09-17,2024-09-18,2024-09-18,WH-REG-01,FedEx Supply,REG-01,1.6,5,Compliant,3118.83,7.9,0.48
FUL-001435,ORD-001435,2024-09-18,2024-09-20,2024-09-23,WH-REG-04,Ecom Express,REG-04,5.6,3,Breached,1548.02,5.6,0.54
FUL-002915,ORD-002915,2024-09-18,2024-09-20,2024-09-23,WH-REG-02,Ecom Express,REG-02,5.3,3,Breached,1211.14,7.5,1.58
FUL-004989,ORD-004989,2024-09-18,2024-09-20,2024-09-23,WH-REG-03,Delhivery Express,REG-03,5.3,5,Breached,2642.87,7.1,0.79
FUL-006719,ORD-006719,2024-09-18,2024-09-19,2024-09-20,WH-REG-03,Delhivery Express,REG-03,2.6,5,Compliant,3652.1,7.8,0.27
FUL-000132,ORD-000132,2024-09-19,2024-09-21,2024-09-24,WH-REG-02,Delhivery Express,REG-02,5.2,5,Breached,2847.34,10.0,1.64
FUL-000253,ORD-000253,2024-09-19,2024-09-20,2024-09-21,WH-REG-01,Delhivery Express,REG-01,2.3,5,Compliant,3824.82,9.4,1.42
FUL-000507,ORD-000507,2024-09-19,2024-09-20,2024-09-23,WH-REG-04,Delhivery Express,REG-04,4.4,5,Compliant,3352.34,9.6,1.38
FUL-001147,ORD-001147,2024-09-19,2024-09-20,2024-09-22,WH-REG-01,DHL Freight,REG-01,3.9,5,Compliant,1568.74,9.8,0.66
FUL-002784,ORD-002784,2024-09-19,2024-09-20,2024-09-22,WH-REG-01,BlueDart Logistics,REG-01,3.6,5,Compliant,2219.62,11.5,1.12
FUL-003109,ORD-003109,2024-09-19,2024-09-20,2024-09-23,WH-REG-01,BlueDart Logistics,REG-01,4.8,5,Compliant,2183.09,9.1,0.46
FUL-004397,ORD-004397,2024-09-19,2024-09-21,2024-09-24,WH-REG-02,BlueDart Logistics,REG-02,5.3,5,Breached,1075.32,10.1,0.76
FUL-004679,ORD-004679,2024-09-19,2024-09-20,2024-09-21,WH-REG-04,BlueDart Logistics,REG-04,2.0,5,Compliant,1102.67,7.3,1.78
FUL-006712,ORD-006712,2024-09-19,2024-09-20,2024-09-22,WH-REG-05,DHL Freight,REG-05,3.4,5,Compliant,3416.26,7.4,1.03
FUL-007115,ORD-007115,2024-09-19,2024-09-20,2024-09-22,WH-REG-05,BlueDart Logistics,REG-05,3.7,3,Breached,1495.49,8.1,0.39
FUL-000108,ORD-000108,2024-09-20,2024-09-24,2024-10-02,WH-REG-02,BlueDart Logistics,REG-02,12.399999999999999,5,Breached,3562.96,11.9,0.36
FUL-000811,ORD-000811,2024-09-20,2024-09-21,2024-09-23,WH-REG-04,Delhivery Express,REG-04,3.2,5,Compliant,4194.44,10.2,1.56
FUL-001680,ORD-001680,2024-09-20,2024-09-22,2024-09-25,WH-REG-01,DHL Freight,REG-01,5.6,3,Breached,1395.62,8.0,0.51
FUL-003639,ORD-003639,2024-09-20,2024-09-22,2024-09-25,WH-REG-05,Delhivery Express,REG-05,5.3,5,Breached,3870.05,11.8,1.31
FUL-004208,ORD-004208,2024-09-20,2024-09-21,2024-09-21,WH-REG-01,BlueDart Logistics,REG-01,1.8,5,Compliant,3125.18,8.9,0.65
FUL-006341,ORD-006341,2024-09-20,2024-09-21,2024-09-23,WH-REG-01,DHL Freight,REG-01,3.5,5,Compliant,4342.49,8.4,1.7
FUL-006445,ORD-006445,2024-09-20,2024-09-21,2024-09-22,WH-REG-01,DHL Freight,REG-01,2.9,5,Compliant,1172.06,7.3,0.3
FUL-007922,ORD-007922,2024-09-20,2024-09-21,2024-09-23,WH-REG-01,FedEx Supply,REG-01,3.3,5,Compliant,925.67,9.9,1.11
FUL-007970,ORD-007970,2024-09-20,2024-09-21,2024-09-22,WH-REG-05,DHL Freight,REG-05,2.1,3,Compliant,1971.58,9.5,1.13
FUL-000573,ORD-000573,2024-09-21,2024-09-23,2024-09-26,WH-REG-05,BlueDart Logistics,REG-05,5.3,5,Breached,1387.98,10.6,0.03
FUL-001240,ORD-001240,2024-09-21,2024-09-22,2024-09-23,WH-REG-01,FedEx Supply,REG-01,2.3,5,Compliant,4442.03,7.6,1.14
FUL-003094,ORD-003094,2024-09-21,2024-09-23,2024-09-26,WH-REG-03,Delhivery Express,REG-03,5.5,5,Breached,3488.52,10.9,1.22
FUL-003706,ORD-003706,2024-09-21,2024-09-23,2024-09-26,WH-REG-05,Ecom Express,REG-05,5.6,5,Breached,2780.48,9.4,0.46
FUL-004238,ORD-004238,2024-09-21,2024-09-22,2024-09-24,WH-REG-05,DHL Freight,REG-05,3.3,5,Compliant,2922.26,8.1,0.44
FUL-005790,ORD-005790,2024-09-21,2024-09-22,2024-09-25,WH-REG-03,Ecom Express,REG-03,4.3,5,Compliant,2750.65,11.7,1.48
FUL-007196,ORD-007196,2024-09-21,2024-09-23,2024-09-26,WH-REG-01,DHL Freight,REG-01,5.2,3,Breached,1565.48,6.5,0.12
FUL-007798,ORD-007798,2024-09-21,2024-09-22,2024-09-24,WH-REG-03,FedEx Supply,REG-03,3.3,3,Breached,2639.43,9.8,0.75
FUL-000771,ORD-000771,2024-09-22,2024-09-23,2024-09-24,WH-REG-05,Delhivery Express,REG-05,2.7,5,Compliant,1314.44,9.2,0.55
FUL-002860,ORD-002860,2024-09-22,2024-09-23,2024-09-24,WH-REG-05,BlueDart Logistics,REG-05,2.1,5,Compliant,2241.91,8.3,0.96
FUL-004346,ORD-004346,2024-09-22,2024-09-24,2024-09-28,WH-REG-02,FedEx Supply,REG-02,6.5,5,Breached,1824.79,11.5,1.06
FUL-005676,ORD-005676,2024-09-22,2024-09-23,2024-09-23,WH-REG-04,BlueDart Logistics,REG-04,1.8,5,Compliant,3341.79,8.6,1.68
FUL-006941,ORD-006941,2024-09-22,2024-09-24,2024-09-28,WH-REG-02,Ecom Express,REG-02,6.2,5,Breached,1437.43,8.3,0.11
FUL-000299,ORD-000299,2024-09-23,2024-09-25,2024-09-28,WH-REG-03,DHL Freight,REG-03,5.1,3,Breached,2407.66,8.6,1.37
FUL-000327,ORD-000327,2024-09-23,2024-09-25,2024-09-29,WH-REG-02,BlueDart Logistics,REG-02,6.6,5,Breached,1334.72,9.4,0.74
FUL-000462,ORD-000462,2024-09-23,2024-09-25,2024-09-28,WH-REG-01,BlueDart Logistics,REG-01,5.0,5,Compliant,1295.89,10.3,1.67
FUL-005573,ORD-005573,2024-09-23,2024-09-25,2024-09-29,WH-REG-05,Delhivery Express,REG-05,6.8,5,Breached,2719.58,10.2,1.56
FUL-006181,ORD-006181,2024-09-23,2024-09-24,2024-09-25,WH-REG-02,DHL Freight,REG-02,2.3,5,Compliant,3986.07,6.6,0.26
FUL-006911,ORD-006911,2024-09-23,2024-09-25,2024-09-29,WH-REG-01,BlueDart Logistics,REG-01,6.6,3,Breached,3294.0,5.8,1.73
FUL-007758,ORD-007758,2024-09-23,2024-09-24,2024-09-26,WH-REG-01,FedEx Supply,REG-01,3.8,5,Compliant,1824.29,9.7,1.48
FUL-001219,ORD-001219,2024-09-24,2024-09-25,2024-09-26,WH-REG-04,Ecom Express,REG-04,2.7,5,Compliant,2227.85,11.1,0.23
FUL-001574,ORD-001574,2024-09-24,2024-09-25,2024-09-28,WH-REG-02,DHL Freight,REG-02,4.4,5,Compliant,3546.78,8.2,0.42
FUL-002702,ORD-002702,2024-09-24,2024-09-26,2024-09-29,WH-REG-03,Ecom Express,REG-03,5.5,5,Breached,2545.76,8.2,0.11
FUL-004474,ORD-004474,2024-09-24,2024-09-26,2024-09-29,WH-REG-04,DHL Freight,REG-04,5.1,5,Breached,3426.85,8.0,0.84
FUL-004572,ORD-004572,2024-09-24,2024-09-25,2024-09-26,WH-REG-05,Delhivery Express,REG-05,2.0,3,Compliant,3637.92,9.9,1.63
FUL-004598,ORD-004598,2024-09-24,2024-09-26,2024-09-29,WH-REG-03,BlueDart Logistics,REG-03,5.3,5,Breached,1321.62,7.8,1.42
FUL-004909,ORD-004909,2024-09-24,2024-09-25,2024-09-25,WH-REG-04,Delhivery Express,REG-04,1.3,5,Compliant,4004.69,9.5,1.39
FUL-005858,ORD-005858,2024-09-24,2024-09-26,2024-09-30,WH-REG-01,FedEx Supply,REG-01,6.3,5,Breached,3567.81,8.3,0.64
FUL-007162,ORD-007162,2024-09-24,2024-09-26,2024-09-30,WH-REG-04,Delhivery Express,REG-04,6.1,5,Breached,1797.47,10.9,0.84
FUL-007530,ORD-007530,2024-09-24,2024-09-26,2024-09-30,WH-REG-01,BlueDart Logistics,REG-01,6.1,5,Breached,2069.43,8.3,0.56
FUL-007752,ORD-007752,2024-09-24,2024-09-26,2024-09-30,WH-REG-01,DHL Freight,REG-01,6.8,5,Breached,1082.24,9.0,1.0
FUL-007944,ORD-007944,2024-09-24,2024-09-25,2024-09-27,WH-REG-04,FedEx Supply,REG-04,3.6,5,Compliant,4472.9,7.0,1.25
FUL-001226,ORD-001226,2024-09-25,2024-09-26,2024-09-28,WH-REG-01,DHL Freight,REG-01,3.7,5,Compliant,1119.86,11.2,0.75
FUL-002271,ORD-002271,2024-09-25,2024-09-26,2024-09-29,WH-REG-02,FedEx Supply,REG-02,4.2,3,Breached,1503.04,7.8,1.25
FUL-003383,ORD-003383,2024-09-25,2024-09-27,2024-10-01,WH-REG-01,Delhivery Express,REG-01,6.8,5,Breached,4160.11,8.9,1.76
FUL-003762,ORD-003762,2024-09-25,2024-09-27,2024-09-30,WH-REG-01,DHL Freight,REG-01,5.5,5,Breached,4148.59,10.8,0.09
FUL-004599,ORD-004599,2024-09-25,2024-09-27,2024-09-30,WH-REG-04,BlueDart Logistics,REG-04,5.3,5,Breached,2312.32,6.9,0.14
FUL-005546,ORD-005546,2024-09-25,2024-09-26,2024-09-26,WH-REG-02,Ecom Express,REG-02,1.9,5,Compliant,3127.25,6.1,0.83
FUL-005635,ORD-005635,2024-09-25,2024-09-27,2024-09-30,WH-REG-05,Delhivery Express,REG-05,5.5,5,Breached,2833.46,6.5,0.88
FUL-007437,ORD-007437,2024-09-25,2024-09-27,2024-09-30,WH-REG-02,BlueDart Logistics,REG-02,5.4,5,Breached,3728.82,7.1,0.54
FUL-007730,ORD-007730,2024-09-25,2024-09-26,2024-09-26,WH-REG-01,FedEx Supply,REG-01,1.2,3,Compliant,3364.61,6.1,0.48
FUL-007989,ORD-007989,2024-09-25,2024-09-27,2024-09-30,WH-REG-04,Delhivery Express,REG-04,5.6,5,Breached,4095.52,9.7,1.72
FUL-008028,ORD-008028,2024-09-25,2024-09-26,2024-09-27,WH-REG-05,BlueDart Logistics,REG-05,2.5,5,Compliant,2937.14,12.0,0.84
FUL-008042,ORD-008042,2024-09-25,2024-09-27,2024-10-01,WH-REG-02,Delhivery Express,REG-02,6.5,5,Breached,3138.9,11.3,1.6
FUL-008288,ORD-008288,2024-09-25,2024-09-26,2024-09-27,WH-REG-01,FedEx Supply,REG-01,2.2,5,Compliant,4003.78,11.2,1.72
FUL-000073,ORD-000073,2024-09-26,2024-09-27,2024-09-30,WH-REG-01,FedEx Supply,REG-01,4.3,5,Compliant,3955.17,11.2,0.19
FUL-000220,ORD-000220,2024-09-26,2024-09-28,2024-10-01,WH-REG-03,BlueDart Logistics,REG-03,5.4,5,Breached,3750.06,7.2,1.2
FUL-000629,ORD-000629,2024-09-26,2024-09-27,2024-09-29,WH-REG-05,BlueDart Logistics,REG-05,3.7,5,Compliant,4287.92,10.5,0.77
FUL-001264,ORD-001264,2024-09-26,2024-09-27,2024-09-28,WH-REG-05,DHL Freight,REG-05,2.6,5,Compliant,1996.08,11.6,0.34
FUL-002951,ORD-002951,2024-09-26,2024-09-27,2024-09-29,WH-REG-03,Ecom Express,REG-03,3.9,5,Compliant,1724.03,7.7,0.59
FUL-003086,ORD-003086,2024-09-26,2024-09-28,2024-10-02,WH-REG-05,Ecom Express,REG-05,6.2,3,Breached,2482.97,9.3,1.25
FUL-004815,ORD-004815,2024-09-26,2024-09-27,2024-09-28,WH-REG-03,DHL Freight,REG-03,2.6,5,Compliant,2754.06,11.1,0.79
FUL-005053,ORD-005053,2024-09-26,2024-09-27,2024-09-30,WH-REG-05,Delhivery Express,REG-05,4.4,5,Compliant,4054.1,11.6,1.13
FUL-007176,ORD-007176,2024-09-26,2024-09-27,2024-09-28,WH-REG-01,FedEx Supply,REG-01,2.9,5,Compliant,3483.34,6.8,1.75
FUL-007211,ORD-007211,2024-09-26,2024-09-28,2024-10-01,WH-REG-04,Ecom Express,REG-04,5.1,5,Breached,3965.31,6.9,0.84
FUL-007227,ORD-007227,2024-09-26,2024-09-28,2024-10-02,WH-REG-03,Delhivery Express,REG-03,6.0,5,Breached,1367.16,7.0,1.64
FUL-002428,ORD-002428,2024-09-27,2024-09-28,2024-10-01,WH-REG-04,FedEx Supply,REG-04,4.3,3,Breached,2459.04,5.9,1.25
FUL-002616,ORD-002616,2024-09-27,2024-09-28,2024-09-30,WH-REG-03,FedEx Supply,REG-03,3.9,5,Compliant,2591.77,10.6,1.53
FUL-004492,ORD-004492,2024-09-27,2024-09-29,2024-10-03,WH-REG-03,DHL Freight,REG-03,6.1,5,Breached,1525.18,8.6,0.12
FUL-005892,ORD-005892,2024-09-27,2024-09-29,2024-10-02,WH-REG-03,FedEx Supply,REG-03,5.4,5,Breached,3926.73,9.7,1.63
FUL-006117,ORD-006117,2024-09-27,2024-09-28,2024-10-01,WH-REG-03,Ecom Express,REG-03,4.8,3,Breached,3772.99,10.5,1.18
FUL-006791,ORD-006791,2024-09-27,2024-09-28,2024-09-29,WH-REG-04,Ecom Express,REG-04,2.5,5,Compliant,4390.3,8.4,1.2
FUL-008286,ORD-008286,2024-09-27,2024-09-28,2024-09-29,WH-REG-04,FedEx Supply,REG-04,2.3,5,Compliant,4306.52,9.1,0.89
FUL-000917,ORD-000917,2024-09-28,2024-09-29,2024-10-01,WH-REG-05,DHL Freight,REG-05,3.9,5,Compliant,4066.36,9.2,1.23
FUL-002741,ORD-002741,2024-09-28,2024-09-30,2024-10-04,WH-REG-02,Ecom Express,REG-02,6.2,5,Breached,2511.09,10.4,1.11
FUL-003046,ORD-003046,2024-09-28,2024-09-30,2024-10-03,WH-REG-01,Delhivery Express,REG-01,5.6,3,Breached,3451.83,7.6,0.96
FUL-000600,ORD-000600,2024-09-29,2024-09-30,2024-10-03,WH-REG-03,Delhivery Express,REG-03,4.8,5,Compliant,978.44,6.9,0.63
FUL-001134,ORD-001134,2024-09-29,2024-10-01,2024-10-04,WH-REG-05,DHL Freight,REG-05,5.8,3,Breached,3372.48,5.8,0.01
FUL-003630,ORD-003630,2024-09-29,2024-09-30,2024-10-01,WH-REG-02,Ecom Express,REG-02,2.0,5,Compliant,1772.28,9.8,1.55
FUL-004590,ORD-004590,2024-09-29,2024-10-01,2024-10-04,WH-REG-03,DHL Freight,REG-03,5.9,3,Breached,2383.73,10.8,1.4
FUL-004786,ORD-004786,2024-09-29,2024-09-30,2024-10-01,WH-REG-01,DHL Freight,REG-01,2.6,5,Compliant,1813.2,8.9,0.29
FUL-006558,ORD-006558,2024-09-29,2024-09-30,2024-10-02,WH-REG-02,DHL Freight,REG-02,3.5,5,Compliant,866.24,6.8,0.35
FUL-007177,ORD-007177,2024-09-29,2024-09-30,2024-10-02,WH-REG-03,DHL Freight,REG-03,3.3,3,Breached,2690.35,8.0,0.83
FUL-008365,ORD-008365,2024-09-29,2024-09-30,2024-10-03,WH-REG-02,DHL Freight,REG-02,4.9,5,Compliant,4415.63,9.9,0.37
FUL-003410,ORD-003410,2024-09-30,2024-10-01,2024-10-02,WH-REG-02,BlueDart Logistics,REG-02,2.0,5,Compliant,2169.87,9.3,0.6
FUL-005835,ORD-005835,2024-09-30,2024-10-01,2024-10-04,WH-REG-04,FedEx Supply,REG-04,4.1,5,Compliant,1643.13,10.7,0.99
FUL-006600,ORD-006600,2024-09-30,2024-10-02,2024-10-06,WH-REG-01,DHL Freight,REG-01,6.7,5,Breached,1265.76,7.8,0.37
FUL-006746,ORD-006746,2024-09-30,2024-10-01,2024-10-02,WH-REG-01,FedEx Supply,REG-01,2.5,5,Compliant,1827.2,6.0,1.18
FUL-006960,ORD-006960,2024-09-30,2024-10-01,2024-10-03,WH-REG-01,Delhivery Express,REG-01,3.0,5,Compliant,2162.32,10.6,1.0
FUL-000882,ORD-000882,2024-10-01,2024-10-03,2024-10-07,WH-REG-03,Ecom Express,REG-03,6.0,5,Breached,3615.57,8.8,1.52
FUL-001598,ORD-001598,2024-10-01,2024-10-02,2024-10-04,WH-REG-05,Ecom Express,REG-05,3.9,5,Compliant,1394.76,11.8,0.99
FUL-004242,ORD-004242,2024-10-01,2024-10-03,2024-10-06,WH-REG-02,DHL Freight,REG-02,5.5,3,Breached,2178.45,5.5,1.39
FUL-005077,ORD-005077,2024-10-01,2024-10-02,2024-10-04,WH-REG-02,Delhivery Express,REG-02,3.2,5,Compliant,2901.95,11.9,0.42
FUL-005163,ORD-005163,2024-10-01,2024-10-02,2024-10-04,WH-REG-03,Ecom Express,REG-03,3.0,5,Compliant,1073.1,10.8,0.05
FUL-005463,ORD-005463,2024-10-01,2024-10-02,2024-10-04,WH-REG-01,Ecom Express,REG-01,3.6,5,Compliant,1000.33,9.2,1.35
FUL-006769,ORD-006769,2024-10-01,2024-10-02,2024-10-03,WH-REG-04,DHL Freight,REG-04,2.6,5,Compliant,4218.94,11.8,0.7
FUL-000552,ORD-000552,2024-10-02,2024-10-03,2024-10-04,WH-REG-04,Ecom Express,REG-04,2.5,5,Compliant,3767.06,6.1,0.57
FUL-001095,ORD-001095,2024-10-02,2024-10-05,2024-10-10,WH-REG-05,Delhivery Express,REG-05,8.6,3,Breached,3029.73,9.9,0.9
FUL-003554,ORD-003554,2024-10-02,2024-10-03,2024-10-03,WH-REG-01,Delhivery Express,REG-01,1.2,5,Compliant,3862.87,11.2,1.19
FUL-004367,ORD-004367,2024-10-02,2024-10-03,2024-10-06,WH-REG-04,Ecom Express,REG-04,4.7,5,Compliant,2794.68,12.0,0.27
FUL-004576,ORD-004576,2024-10-02,2024-10-03,2024-10-03,WH-REG-03,DHL Freight,REG-03,1.7,5,Compliant,2039.8,6.1,0.22
FUL-008203,ORD-008203,2024-10-02,2024-10-04,2024-10-08,WH-REG-04,Delhivery Express,REG-04,6.7,5,Breached,1886.8,11.9,1.37
FUL-000160,ORD-000160,2024-10-03,2024-10-04,2024-10-07,WH-REG-04,Ecom Express,REG-04,4.1,3,Breached,1174.39,11.5,1.75
FUL-000316,ORD-000316,2024-10-03,2024-10-05,2024-10-08,WH-REG-01,Ecom Express,REG-01,5.7,5,Breached,1277.94,8.3,0.39
FUL-001462,ORD-001462,2024-10-03,2024-10-05,2024-10-08,WH-REG-02,DHL Freight,REG-02,5.7,5,Breached,4074.73,11.5,0.19
FUL-002023,ORD-002023,2024-10-03,2024-10-04,2024-10-05,WH-REG-05,Ecom Express,REG-05,2.5,5,Compliant,3127.37,6.4,1.4
FUL-002645,ORD-002645,2024-10-03,2024-10-05,2024-10-09,WH-REG-02,DHL Freight,REG-02,6.6,5,Breached,2970.63,11.3,1.73
FUL-002763,ORD-002763,2024-10-03,2024-10-07,2024-10-13,WH-REG-05,FedEx Supply,REG-05,10.299999999999999,3,Breached,2667.11,9.5,0.69
FUL-003788,ORD-003788,2024-10-03,2024-10-04,2024-10-06,WH-REG-04,BlueDart Logistics,REG-04,3.6,5,Compliant,1703.82,6.8,1.15
FUL-005780,ORD-005780,2024-10-03,2024-10-04,2024-10-04,WH-REG-01,Ecom Express,REG-01,1.5,3,Compliant,2309.12,11.7,1.11
FUL-007194,ORD-007194,2024-10-03,2024-10-05,2024-10-09,WH-REG-01,BlueDart Logistics,REG-01,6.0,3,Breached,1021.41,9.7,0.18
FUL-007266,ORD-007266,2024-10-03,2024-10-05,2024-10-09,WH-REG-05,FedEx Supply,REG-05,6.3,5,Breached,2275.44,7.3,0.39
FUL-007288,ORD-007288,2024-10-03,2024-10-07,2024-10-14,WH-REG-01,DHL Freight,REG-01,11.6,5,Breached,1228.63,8.0,0.52
FUL-007957,ORD-007957,2024-10-03,2024-10-05,2024-10-08,WH-REG-04,Ecom Express,REG-04,5.2,5,Breached,1993.9,6.9,1.25
FUL-001268,ORD-001268,2024-10-04,2024-10-05,2024-10-08,WH-REG-01,BlueDart Logistics,REG-01,4.1,5,Compliant,4479.16,8.0,0.84
FUL-002684,ORD-002684,2024-10-04,2024-10-06,2024-10-09,WH-REG-03,BlueDart Logistics,REG-03,5.7,5,Breached,1914.26,10.8,1.39
FUL-002952,ORD-002952,2024-10-04,2024-10-06,2024-10-09,WH-REG-04,Delhivery Express,REG-04,5.3,5,Breached,1232.58,11.6,0.02
FUL-003393,ORD-003393,2024-10-04,2024-10-06,2024-10-09,WH-REG-05,BlueDart Logistics,REG-05,5.2,5,Breached,1830.67,7.1,0.91
FUL-003790,ORD-003790,2024-10-04,2024-10-05,2024-10-07,WH-REG-01,Delhivery Express,REG-01,3.6,3,Breached,3681.96,7.0,0.75
FUL-004806,ORD-004806,2024-10-04,2024-10-06,2024-10-10,WH-REG-03,DHL Freight,REG-03,6.7,5,Breached,4397.86,6.6,0.7
FUL-005058,ORD-005058,2024-10-04,2024-10-05,2024-10-06,WH-REG-04,DHL Freight,REG-04,2.3,3,Compliant,3139.61,9.9,1.75
FUL-005940,ORD-005940,2024-10-04,2024-10-06,2024-10-09,WH-REG-03,FedEx Supply,REG-03,5.6,5,Breached,3274.3,10.1,0.3
FUL-001696,ORD-001696,2024-10-05,2024-10-07,2024-10-11,WH-REG-04,FedEx Supply,REG-04,6.1,5,Breached,2619.04,11.4,0.71
FUL-002927,ORD-002927,2024-10-05,2024-10-07,2024-10-11,WH-REG-03,BlueDart Logistics,REG-03,6.4,5,Breached,2916.87,7.6,0.73
FUL-004119,ORD-004119,2024-10-05,2024-10-06,2024-10-08,WH-REG-03,FedEx Supply,REG-03,3.2,5,Compliant,4207.1,9.6,1.03
FUL-005867,ORD-005867,2024-10-05,2024-10-06,2024-10-07,WH-REG-02,FedEx Supply,REG-02,2.7,3,Compliant,3544.25,12.0,0.12
FUL-007797,ORD-007797,2024-10-05,2024-10-06,2024-10-07,WH-REG-05,FedEx Supply,REG-05,2.1,5,Compliant,2998.12,7.1,0.33
FUL-007838,ORD-007838,2024-10-05,2024-10-06,2024-10-09,WH-REG-01,FedEx Supply,REG-01,4.2,5,Compliant,3790.93,5.5,0.75
FUL-000979,ORD-000979,2024-10-06,2024-10-07,2024-10-10,WH-REG-02,BlueDart Logistics,REG-02,4.9,5,Compliant,1763.24,6.4,0.97
FUL-001835,ORD-001835,2024-10-06,2024-10-08,2024-10-12,WH-REG-03,DHL Freight,REG-03,6.4,5,Breached,3029.1,9.1,0.07
FUL-003223,ORD-003223,2024-10-06,2024-10-08,2024-10-12,WH-REG-04,BlueDart Logistics,REG-04,6.6,5,Breached,3092.59,11.8,0.28
FUL-004793,ORD-004793,2024-10-06,2024-10-07,2024-10-10,WH-REG-03,FedEx Supply,REG-03,4.1,3,Breached,3849.01,6.5,0.0
FUL-005792,ORD-005792,2024-10-06,2024-10-07,2024-10-08,WH-REG-02,DHL Freight,REG-02,2.8,5,Compliant,4256.21,8.9,1.74
FUL-006176,ORD-006176,2024-10-06,2024-10-08,2024-10-11,WH-REG-03,Ecom Express,REG-03,5.0,5,Compliant,2738.93,8.2,0.87
FUL-006266,ORD-006266,2024-10-06,2024-10-07,2024-10-09,WH-REG-02,BlueDart Logistics,REG-02,3.1,5,Compliant,879.34,6.9,0.44
FUL-008007,ORD-008007,2024-10-06,2024-10-08,2024-10-11,WH-REG-02,Ecom Express,REG-02,5.6,5,Breached,2858.81,9.7,1.58
FUL-002035,ORD-002035,2024-10-07,2024-10-08,2024-10-10,WH-REG-05,Ecom Express,REG-05,3.6,5,Compliant,2564.55,7.4,1.48
FUL-004790,ORD-004790,2024-10-07,2024-10-09,2024-10-13,WH-REG-03,DHL Freight,REG-03,6.7,5,Breached,1614.23,8.7,0.09
FUL-005327,ORD-005327,2024-10-07,2024-10-09,2024-10-13,WH-REG-04,BlueDart Logistics,REG-04,6.5,5,Breached,1023.41,9.0,1.37
FUL-005812,ORD-005812,2024-10-07,2024-10-09,2024-10-12,WH-REG-05,Delhivery Express,REG-05,5.1,5,Breached,2917.9,10.6,0.08
FUL-006138,ORD-006138,2024-10-07,2024-10-09,2024-10-13,WH-REG-01,Ecom Express,REG-01,6.8,5,Breached,3642.99,7.7,1.7
FUL-006355,ORD-006355,2024-10-07,2024-10-08,2024-10-10,WH-REG-01,DHL Freight,REG-01,3.8,5,Compliant,4192.5,5.7,1.12
FUL-000118,ORD-000118,2024-10-08,2024-10-10,2024-10-13,WH-REG-03,FedEx Supply,REG-03,5.8,5,Breached,2173.01,6.9,1.59
FUL-000536,ORD-000536,2024-10-08,2024-10-10,2024-10-14,WH-REG-02,Ecom Express,REG-02,6.0,3,Breached,3922.78,5.9,0.77
FUL-003304,ORD-003304,2024-10-08,2024-10-10,2024-10-14,WH-REG-04,FedEx Supply,REG-04,6.1,5,Breached,2163.21,8.3,0.95
FUL-003427,ORD-003427,2024-10-08,2024-10-09,2024-10-12,WH-REG-05,Ecom Express,REG-05,4.6,5,Compliant,2127.81,8.6,0.03
FUL-003793,ORD-003793,2024-10-08,2024-10-09,2024-10-10,WH-REG-01,Ecom Express,REG-01,2.7,5,Compliant,4468.53,10.5,0.67
FUL-003997,ORD-003997,2024-10-08,2024-10-10,2024-10-14,WH-REG-04,BlueDart Logistics,REG-04,6.7,3,Breached,3062.81,6.2,1.68
FUL-005484,ORD-005484,2024-10-08,2024-10-09,2024-10-10,WH-REG-03,BlueDart Logistics,REG-03,2.8,5,Compliant,3666.11,9.8,0.95
FUL-005723,ORD-005723,2024-10-08,2024-10-10,2024-10-14,WH-REG-03,FedEx Supply,REG-03,6.6,5,Breached,1467.76,6.5,1.38
FUL-008053,ORD-008053,2024-10-08,2024-10-10,2024-10-14,WH-REG-03,Ecom Express,REG-03,6.1,3,Breached,4451.98,11.9,1.58
FUL-001383,ORD-001383,2024-10-09,2024-10-10,2024-10-11,WH-REG-01,DHL Freight,REG-01,2.4,3,Compliant,4186.8,8.4,0.81
FUL-001530,ORD-001530,2024-10-09,2024-10-10,2024-10-10,WH-REG-01,Ecom Express,REG-01,1.8,3,Compliant,2858.96,7.9,0.44
FUL-001662,ORD-001662,2024-10-09,2024-10-11,2024-10-15,WH-REG-01,FedEx Supply,REG-01,6.6,3,Breached,922.58,8.2,0.36
FUL-001988,ORD-001988,2024-10-09,2024-10-10,2024-10-13,WH-REG-02,Ecom Express,REG-02,4.6,5,Compliant,1420.08,10.7,1.66
FUL-002103,ORD-002103,2024-10-09,2024-10-10,2024-10-13,WH-REG-03,Delhivery Express,REG-03,4.4,5,Compliant,4130.84,6.0,0.72
FUL-002124,ORD-002124,2024-10-09,2024-10-10,2024-10-13,WH-REG-02,Delhivery Express,REG-02,4.7,3,Breached,3058.91,11.6,1.73
FUL-003145,ORD-003145,2024-10-09,2024-10-10,2024-10-11,WH-REG-02,Ecom Express,REG-02,2.1,5,Compliant,1969.58,7.4,0.02
FUL-003525,ORD-003525,2024-10-09,2024-10-10,2024-10-11,WH-REG-03,Delhivery Express,REG-03,2.5,5,Compliant,2164.44,8.4,1.73
FUL-004132,ORD-004132,2024-10-09,2024-10-11,2024-10-14,WH-REG-03,Ecom Express,REG-03,5.5,5,Breached,3624.95,8.5,0.19
FUL-004366,ORD-004366,2024-10-09,2024-10-11,2024-10-15,WH-REG-01,FedEx Supply,REG-01,6.4,5,Breached,2834.32,6.7,1.64
FUL-004715,ORD-004715,2024-10-09,2024-10-10,2024-10-12,WH-REG-01,Ecom Express,REG-01,3.3,5,Compliant,1356.86,11.3,1.38
FUL-004939,ORD-004939,2024-10-09,2024-10-11,2024-10-15,WH-REG-01,BlueDart Logistics,REG-01,6.5,3,Breached,1426.18,7.6,1.76
FUL-008318,ORD-008318,2024-10-09,2024-10-11,2024-10-15,WH-REG-03,Ecom Express,REG-03,6.3,5,Breached,3065.5,8.4,0.08
FUL-000322,ORD-000322,2024-10-10,2024-10-11,2024-10-13,WH-REG-02,DHL Freight,REG-02,3.9,5,Compliant,3932.61,8.0,0.02
FUL-001293,ORD-001293,2024-10-10,2024-10-11,2024-10-12,WH-REG-02,FedEx Supply,REG-02,2.4,5,Compliant,2235.85,11.0,1.14
FUL-004953,ORD-004953,2024-10-10,2024-10-11,2024-10-14,WH-REG-05,BlueDart Logistics,REG-05,4.2,5,Compliant,3183.9,6.3,0.13
FUL-007652,ORD-007652,2024-10-10,2024-10-11,2024-10-11,WH-REG-02,FedEx Supply,REG-02,1.3,5,Compliant,3658.53,7.4,1.59
FUL-007733,ORD-007733,2024-10-10,2024-10-11,2024-10-13,WH-REG-01,Ecom Express,REG-01,3.5,5,Compliant,1209.18,6.9,0.14
FUL-003483,ORD-003483,2024-10-11,2024-10-13,2024-10-16,WH-REG-04,FedEx Supply,REG-04,5.7,5,Breached,3738.24,8.6,1.55
FUL-004289,ORD-004289,2024-10-11,2024-10-12,2024-10-13,WH-REG-02,Ecom Express,REG-02,2.7,3,Compliant,2117.14,11.1,1.43
FUL-005504,ORD-005504,2024-10-11,2024-10-12,2024-10-13,WH-REG-01,DHL Freight,REG-01,2.8,5,Compliant,2107.36,8.9,1.64
FUL-005955,ORD-005955,2024-10-11,2024-10-12,2024-10-15,WH-REG-05,FedEx Supply,REG-05,4.0,5,Compliant,1134.75,10.8,1.46
FUL-006790,ORD-006790,2024-10-11,2024-10-12,2024-10-13,WH-REG-04,Delhivery Express,REG-04,2.9,5,Compliant,2673.34,8.4,1.01
FUL-006902,ORD-006902,2024-10-11,2024-10-12,2024-10-12,WH-REG-05,Delhivery Express,REG-05,1.7,3,Compliant,2945.15,11.8,1.59
FUL-000091,ORD-000091,2024-10-12,2024-10-13,2024-10-14,WH-REG-01,FedEx Supply,REG-01,2.6,5,Compliant,3453.64,6.8,1.49
FUL-002430,ORD-002430,2024-10-12,2024-10-14,2024-10-17,WH-REG-05,BlueDart Logistics,REG-05,5.9,5,Breached,3986.8,9.9,1.53
FUL-002605,ORD-002605,2024-10-12,2024-10-13,2024-10-14,WH-REG-01,BlueDart Logistics,REG-01,2.4,5,Compliant,3896.7,9.3,0.39
FUL-004896,ORD-004896,2024-10-12,2024-10-13,2024-10-14,WH-REG-05,Ecom Express,REG-05,2.0,5,Compliant,2921.18,11.5,0.23
FUL-005427,ORD-005427,2024-10-12,2024-10-14,2024-10-18,WH-REG-02,Delhivery Express,REG-02,6.3,5,Breached,2549.58,10.3,1.09
FUL-005492,ORD-005492,2024-10-12,2024-10-13,2024-10-13,WH-REG-05,Delhivery Express,REG-05,1.4,5,Compliant,1015.13,8.5,0.79
FUL-006175,ORD-006175,2024-10-12,2024-10-14,2024-10-17,WH-REG-01,BlueDart Logistics,REG-01,5.6,5,Breached,1962.97,6.3,1.45
FUL-006709,ORD-006709,2024-10-12,2024-10-13,2024-10-16,WH-REG-05,BlueDart Logistics,REG-05,4.0,5,Compliant,962.85,9.7,1.21
FUL-007545,ORD-007545,2024-10-12,2024-10-14,2024-10-17,WH-REG-05,BlueDart Logistics,REG-05,5.0,5,Compliant,2152.83,7.1,1.1
FUL-000465,ORD-000465,2024-10-13,2024-10-14,2024-10-16,WH-REG-05,Ecom Express,REG-05,3.3,5,Compliant,3381.86,8.4,1.07
FUL-000896,ORD-000896,2024-10-13,2024-10-14,2024-10-16,WH-REG-04,BlueDart Logistics,REG-04,3.4,5,Compliant,3999.57,11.2,0.96
FUL-002514,ORD-002514,2024-10-13,2024-10-14,2024-10-17,WH-REG-05,Ecom Express,REG-05,4.4,5,Compliant,4252.29,10.4,1.1
FUL-004967,ORD-004967,2024-10-13,2024-10-14,2024-10-15,WH-REG-05,DHL Freight,REG-05,2.1,5,Compliant,3646.06,8.8,1.71
FUL-006935,ORD-006935,2024-10-13,2024-10-15,2024-10-19,WH-REG-03,DHL Freight,REG-03,6.2,5,Breached,3654.0,11.8,1.79
FUL-007336,ORD-007336,2024-10-13,2024-10-15,2024-10-19,WH-REG-03,FedEx Supply,REG-03,6.1,5,Breached,2675.96,7.4,1.76
FUL-007407,ORD-007407,2024-10-13,2024-10-15,2024-10-18,WH-REG-05,Ecom Express,REG-05,5.0,5,Compliant,3775.12,9.8,1.26
FUL-000131,ORD-000131,2024-10-14,2024-10-15,2024-10-15,WH-REG-05,FedEx Supply,REG-05,1.8,5,Compliant,1876.54,8.8,0.8
FUL-000680,ORD-000680,2024-10-14,2024-10-15,2024-10-16,WH-REG-04,DHL Freight,REG-04,2.5,3,Compliant,3568.19,6.6,1.13
FUL-001271,ORD-001271,2024-10-14,2024-10-15,2024-10-16,WH-REG-04,Delhivery Express,REG-04,2.5,5,Compliant,1826.24,6.1,1.7
FUL-005242,ORD-005242,2024-10-14,2024-10-16,2024-10-19,WH-REG-01,FedEx Supply,REG-01,5.0,3,Breached,1850.58,8.5,1.2
FUL-005510,ORD-005510,2024-10-14,2024-10-15,2024-10-18,WH-REG-03,Delhivery Express,REG-03,4.8,3,Breached,1132.04,10.3,0.58
FUL-005648,ORD-005648,2024-10-14,2024-10-15,2024-10-15,WH-REG-04,FedEx Supply,REG-04,1.9,5,Compliant,2096.33,6.2,0.94
FUL-006578,ORD-006578,2024-10-14,2024-10-15,2024-10-16,WH-REG-05,DHL Freight,REG-05,2.7,5,Compliant,3762.88,9.4,0.36
FUL-006811,ORD-006811,2024-10-14,2024-10-16,2024-10-19,WH-REG-02,Ecom Express,REG-02,5.6,5,Breached,2494.39,9.1,0.37
FUL-001935,ORD-001935,2024-10-15,2024-10-17,2024-10-21,WH-REG-02,FedEx Supply,REG-02,6.4,5,Breached,4492.01,9.9,0.65
FUL-002550,ORD-002550,2024-10-15,2024-10-20,2024-10-28,WH-REG-02,FedEx Supply,REG-02,13.7,5,Breached,3625.19,6.1,0.59
FUL-003520,ORD-003520,2024-10-15,2024-10-16,2024-10-17,WH-REG-01,DHL Freight,REG-01,2.5,5,Compliant,3175.69,9.6,1.71
FUL-004193,ORD-004193,2024-10-15,2024-10-16,2024-10-18,WH-REG-02,BlueDart Logistics,REG-02,3.2,5,Compliant,2802.76,9.2,0.8
FUL-004318,ORD-004318,2024-10-15,2024-10-18,2024-10-24,WH-REG-02,Delhivery Express,REG-02,9.299999999999999,5,Breached,3755.88,9.1,1.03
FUL-007360,ORD-007360,2024-10-15,2024-10-20,2024-10-28,WH-REG-01,BlueDart Logistics,REG-01,13.0,5,Breached,2695.11,6.9,1.04
FUL-007650,ORD-007650,2024-10-15,2024-10-16,2024-10-18,WH-REG-04,FedEx Supply,REG-04,3.0,5,Compliant,1695.77,11.0,1.41
FUL-007723,ORD-007723,2024-10-15,2024-10-16,2024-10-18,WH-REG-03,Ecom Express,REG-03,3.9,5,Compliant,2756.45,11.4,0.89
FUL-007845,ORD-007845,2024-10-15,2024-10-16,2024-10-16,WH-REG-01,Delhivery Express,REG-01,1.9,5,Compliant,3162.78,7.2,0.48
FUL-002204,ORD-002204,2024-10-16,2024-10-18,2024-10-22,WH-REG-02,DHL Freight,REG-02,6.0,5,Breached,4207.56,8.3,0.19
FUL-002207,ORD-002207,2024-10-16,2024-10-17,2024-10-20,WH-REG-03,BlueDart Logistics,REG-03,4.9,5,Compliant,3243.74,9.2,0.48
FUL-002398,ORD-002398,2024-10-16,2024-10-17,2024-10-18,WH-REG-04,Ecom Express,REG-04,2.4,5,Compliant,2589.76,9.3,0.16
FUL-002936,ORD-002936,2024-10-16,2024-10-18,2024-10-21,WH-REG-05,BlueDart Logistics,REG-05,5.1,3,Breached,1798.1,6.4,1.37
FUL-003302,ORD-003302,2024-10-16,2024-10-17,2024-10-20,WH-REG-03,Ecom Express,REG-03,4.5,3,Breached,3551.39,11.5,0.87
FUL-004566,ORD-004566,2024-10-16,2024-10-17,2024-10-19,WH-REG-03,Ecom Express,REG-03,3.6,3,Breached,4134.33,6.3,1.2
FUL-004998,ORD-004998,2024-10-16,2024-10-17,2024-10-20,WH-REG-01,Delhivery Express,REG-01,4.6,5,Compliant,2871.17,9.3,1.57
FUL-005302,ORD-005302,2024-10-16,2024-10-17,2024-10-19,WH-REG-05,BlueDart Logistics,REG-05,3.6,5,Compliant,3435.03,6.3,1.3
FUL-005525,ORD-005525,2024-10-16,2024-10-17,2024-10-17,WH-REG-02,FedEx Supply,REG-02,1.6,3,Compliant,2204.71,6.8,1.63
FUL-006378,ORD-006378,2024-10-16,2024-10-18,2024-10-22,WH-REG-02,Ecom Express,REG-02,6.4,5,Breached,2868.63,8.3,0.02
FUL-007576,ORD-007576,2024-10-16,2024-10-18,2024-10-22,WH-REG-01,BlueDart Logistics,REG-01,6.5,5,Breached,2530.65,8.2,1.62
FUL-008244,ORD-008244,2024-10-16,2024-10-17,2024-10-20,WH-REG-02,DHL Freight,REG-02,4.6,3,Breached,1665.03,10.3,1.01
FUL-000068,ORD-000068,2024-10-17,2024-10-18,2024-10-18,WH-REG-05,Delhivery Express,REG-05,1.6,5,Compliant,2377.13,7.9,0.87
FUL-001668,ORD-001668,2024-10-17,2024-10-19,2024-10-23,WH-REG-03,DHL Freight,REG-03,6.5,3,Breached,1557.55,11.1,0.79
FUL-004288,ORD-004288,2024-10-17,2024-10-21,2024-10-27,WH-REG-05,Ecom Express,REG-05,10.7,5,Breached,4070.38,9.7,0.55
FUL-004629,ORD-004629,2024-10-17,2024-10-19,2024-10-23,WH-REG-04,Ecom Express,REG-04,6.3,5,Breached,1279.38,8.0,1.24
FUL-004796,ORD-004796,2024-10-17,2024-10-19,2024-10-23,WH-REG-03,Ecom Express,REG-03,6.2,3,Breached,1329.6,6.6,1.2
FUL-004908,ORD-004908,2024-10-17,2024-10-18,2024-10-20,WH-REG-01,Ecom Express,REG-01,3.2,5,Compliant,3304.52,5.7,1.05
FUL-005273,ORD-005273,2024-10-17,2024-10-18,2024-10-20,WH-REG-03,Delhivery Express,REG-03,3.1,5,Compliant,1987.77,8.9,0.4
FUL-005347,ORD-005347,2024-10-17,2024-10-18,2024-10-20,WH-REG-05,BlueDart Logistics,REG-05,3.1,5,Compliant,4329.98,10.5,1.07
FUL-005894,ORD-005894,2024-10-17,2024-10-18,2024-10-20,WH-REG-03,Delhivery Express,REG-03,3.7,5,Compliant,3725.09,7.4,0.4
FUL-007222,ORD-007222,2024-10-17,2024-10-19,2024-10-23,WH-REG-02,FedEx Supply,REG-02,6.0,5,Breached,2378.43,11.1,0.1
FUL-000613,ORD-000613,2024-10-18,2024-10-19,2024-10-22,WH-REG-04,Delhivery Express,REG-04,4.1,5,Compliant,1498.89,8.2,0.3
FUL-000720,ORD-000720,2024-10-18,2024-10-19,2024-10-22,WH-REG-01,BlueDart Logistics,REG-01,4.3,5,Compliant,3376.36,9.7,0.64
FUL-000959,ORD-000959,2024-10-18,2024-10-20,2024-10-23,WH-REG-03,BlueDart Logistics,REG-03,5.8,5,Breached,2507.47,8.0,0.78
FUL-001306,ORD-001306,2024-10-18,2024-10-20,2024-10-24,WH-REG-05,BlueDart Logistics,REG-05,6.1,5,Breached,3367.98,7.2,0.11
FUL-002595,ORD-002595,2024-10-18,2024-10-19,2024-10-22,WH-REG-05,DHL Freight,REG-05,4.6,5,Compliant,2200.05,5.8,0.63
FUL-003751,ORD-003751,2024-10-18,2024-10-19,2024-10-22,WH-REG-05,DHL Freight,REG-05,4.7,5,Compliant,2341.86,8.9,0.66
FUL-005654,ORD-005654,2024-10-18,2024-10-19,2024-10-21,WH-REG-04,Ecom Express,REG-04,3.9,3,Breached,2222.1,9.2,1.0
FUL-007460,ORD-007460,2024-10-18,2024-10-19,2024-10-22,WH-REG-03,Ecom Express,REG-03,4.6,5,Compliant,3571.09,11.7,1.43
FUL-008111,ORD-008111,2024-10-18,2024-10-22,2024-10-28,WH-REG-02,Delhivery Express,REG-02,10.4,5,Breached,1241.43,9.8,1.14
FUL-000893,ORD-000893,2024-10-19,2024-10-21,2024-10-25,WH-REG-02,Delhivery Express,REG-02,6.2,5,Breached,2294.4,8.8,1.52
FUL-001417,ORD-001417,2024-10-19,2024-10-20,2024-10-23,WH-REG-01,DHL Freight,REG-01,4.3,5,Compliant,4194.55,8.6,0.41
FUL-002013,ORD-002013,2024-10-19,2024-10-21,2024-10-25,WH-REG-01,BlueDart Logistics,REG-01,6.4,5,Breached,1266.58,7.0,0.15
FUL-003289,ORD-003289,2024-10-19,2024-10-20,2024-10-20,WH-REG-03,Delhivery Express,REG-03,1.6,5,Compliant,2429.02,8.0,1.63
FUL-005072,ORD-005072,2024-10-19,2024-10-21,2024-10-25,WH-REG-04,BlueDart Logistics,REG-04,6.4,3,Breached,3743.76,9.1,1.74
FUL-005574,ORD-005574,2024-10-19,2024-10-21,2024-10-24,WH-REG-05,BlueDart Logistics,REG-05,5.5,5,Breached,3499.77,5.9,0.97
FUL-006180,ORD-006180,2024-10-19,2024-10-20,2024-10-22,WH-REG-01,FedEx Supply,REG-01,3.2,5,Compliant,4017.39,11.4,0.65
FUL-006642,ORD-006642,2024-10-19,2024-10-20,2024-10-22,WH-REG-02,FedEx Supply,REG-02,3.4,5,Compliant,3879.15,7.6,0.85
FUL-007633,ORD-007633,2024-10-19,2024-10-20,2024-10-22,WH-REG-04,FedEx Supply,REG-04,3.0,5,Compliant,3388.1,7.2,0.79
FUL-007863,ORD-007863,2024-10-19,2024-10-20,2024-10-22,WH-REG-03,BlueDart Logistics,REG-03,3.0,5,Compliant,2161.58,10.4,0.03
FUL-000093,ORD-000093,2024-10-20,2024-10-21,2024-10-21,WH-REG-03,Ecom Express,REG-03,1.6,5,Compliant,4408.96,9.1,1.49
FUL-000181,ORD-000181,2024-10-20,2024-10-21,2024-10-23,WH-REG-02,FedEx Supply,REG-02,3.1,5,Compliant,1819.81,6.9,1.2
FUL-000652,ORD-000652,2024-10-20,2024-10-21,2024-10-24,WH-REG-01,Ecom Express,REG-01,4.3,5,Compliant,2768.12,10.1,0.06
FUL-004807,ORD-004807,2024-10-20,2024-10-21,2024-10-24,WH-REG-02,BlueDart Logistics,REG-02,4.5,3,Breached,1599.35,9.6,1.44
FUL-007250,ORD-007250,2024-10-20,2024-10-22,2024-10-25,WH-REG-05,FedEx Supply,REG-05,5.7,5,Breached,1659.37,10.8,1.18
FUL-000005,ORD-000005,2024-10-21,2024-10-23,2024-10-26,WH-REG-04,DHL Freight,REG-04,5.9,5,Breached,3957.04,9.7,0.61
FUL-006496,ORD-006496,2024-10-21,2024-10-22,2024-10-24,WH-REG-04,DHL Freight,REG-04,3.5,5,Compliant,3603.82,11.9,0.88
FUL-008097,ORD-008097,2024-10-21,2024-10-22,2024-10-24,WH-REG-05,Ecom Express,REG-05,3.6,3,Breached,3970.08,8.2,1.19
FUL-002058,ORD-002058,2024-10-22,2024-10-23,2024-10-24,WH-REG-02,FedEx Supply,REG-02,2.3,5,Compliant,4116.33,11.8,1.3
FUL-004759,ORD-004759,2024-10-22,2024-10-24,2024-10-28,WH-REG-02,Ecom Express,REG-02,6.4,5,Breached,1042.32,11.6,1.09
FUL-006018,ORD-006018,2024-10-22,2024-10-23,2024-10-24,WH-REG-02,Delhivery Express,REG-02,2.0,5,Compliant,2460.91,10.6,1.14
FUL-007127,ORD-007127,2024-10-22,2024-10-24,2024-10-27,WH-REG-03,FedEx Supply,REG-03,5.2,5,Breached,3938.34,8.4,0.59
FUL-000207,ORD-000207,2024-10-23,2024-10-24,2024-10-26,WH-REG-04,BlueDart Logistics,REG-04,3.6,5,Compliant,3531.36,7.8,1.23
FUL-000591,ORD-000591,2024-10-23,2024-10-24,2024-10-27,WH-REG-03,BlueDart Logistics,REG-03,4.2,3,Breached,2487.99,10.6,0.78
FUL-002105,ORD-002105,2024-10-23,2024-10-25,2024-10-29,WH-REG-04,Delhivery Express,REG-04,6.4,5,Breached,891.79,10.6,0.09
FUL-003202,ORD-003202,2024-10-23,2024-10-25,2024-10-29,WH-REG-02,Ecom Express,REG-02,6.0,3,Breached,2535.33,7.7,1.38
FUL-003556,ORD-003556,2024-10-23,2024-10-24,2024-10-26,WH-REG-02,Ecom Express,REG-02,3.4,5,Compliant,4003.78,8.9,1.18
FUL-003733,ORD-003733,2024-10-23,2024-10-24,2024-10-25,WH-REG-02,DHL Freight,REG-02,2.5,5,Compliant,1474.88,8.2,1.03
FUL-005107,ORD-005107,2024-10-23,2024-10-24,2024-10-26,WH-REG-04,Ecom Express,REG-04,3.6,3,Breached,2412.76,10.9,1.68
FUL-005262,ORD-005262,2024-10-23,2024-10-25,2024-10-28,WH-REG-02,BlueDart Logistics,REG-02,5.2,5,Breached,3047.07,9.3,1.08
FUL-005881,ORD-005881,2024-10-23,2024-10-24,2024-10-26,WH-REG-05,DHL Freight,REG-05,3.2,5,Compliant,4061.13,6.3,0.11
FUL-001371,ORD-001371,2024-10-24,2024-10-25,2024-10-27,WH-REG-02,Ecom Express,REG-02,3.3,5,Compliant,2680.41,6.6,1.46
FUL-002745,ORD-002745,2024-10-24,2024-10-25,2024-10-26,WH-REG-02,FedEx Supply,REG-02,2.4,5,Compliant,2726.47,10.7,1.42
FUL-003776,ORD-003776,2024-10-24,2024-10-25,2024-10-28,WH-REG-02,FedEx Supply,REG-02,4.2,5,Compliant,4352.87,9.1,0.97
FUL-004429,ORD-004429,2024-10-24,2024-10-26,2024-10-29,WH-REG-03,DHL Freight,REG-03,5.4,3,Breached,4434.48,9.8,0.8
FUL-004509,ORD-004509,2024-10-24,2024-10-25,2024-10-28,WH-REG-03,DHL Freight,REG-03,4.5,5,Compliant,3306.98,10.4,0.36
FUL-005513,ORD-005513,2024-10-24,2024-10-26,2024-10-29,WH-REG-02,FedEx Supply,REG-02,5.2,5,Breached,3357.24,10.2,1.14
FUL-006303,ORD-006303,2024-10-24,2024-10-25,2024-10-27,WH-REG-04,Ecom Express,REG-04,3.9,5,Compliant,1999.76,8.5,1.57
FUL-001199,ORD-001199,2024-10-25,2024-10-26,2024-10-28,WH-REG-02,BlueDart Logistics,REG-02,3.8,3,Breached,3852.37,10.3,0.82
FUL-003567,ORD-003567,2024-10-25,2024-10-27,2024-10-31,WH-REG-03,Ecom Express,REG-03,6.1,5,Breached,1897.44,6.7,0.11
FUL-004614,ORD-004614,2024-10-25,2024-10-26,2024-10-29,WH-REG-04,Ecom Express,REG-04,4.8,5,Compliant,4047.04,11.6,0.09
FUL-005087,ORD-005087,2024-10-25,2024-10-26,2024-10-29,WH-REG-04,Ecom Express,REG-04,4.3,5,Compliant,3677.45,11.2,1.71
FUL-007719,ORD-007719,2024-10-25,2024-10-26,2024-10-29,WH-REG-01,Delhivery Express,REG-01,4.2,5,Compliant,2511.69,6.7,1.17
FUL-000940,ORD-000940,2024-10-26,2024-10-27,2024-10-30,WH-REG-02,DHL Freight,REG-02,4.7,5,Compliant,2305.98,6.0,1.52
FUL-002135,ORD-002135,2024-10-26,2024-10-28,2024-10-31,WH-REG-05,BlueDart Logistics,REG-05,5.9,5,Breached,1339.16,7.2,0.42
FUL-003815,ORD-003815,2024-10-26,2024-10-28,2024-11-01,WH-REG-01,Ecom Express,REG-01,6.5,5,Breached,2625.58,5.9,0.42
FUL-004200,ORD-004200,2024-10-26,2024-10-27,2024-10-30,WH-REG-02,BlueDart Logistics,REG-02,4.1,3,Breached,3970.46,9.0,1.71
FUL-005633,ORD-005633,2024-10-26,2024-10-27,2024-10-29,WH-REG-01,BlueDart Logistics,REG-01,3.1,5,Compliant,2650.5,10.1,1.72
FUL-006923,ORD-006923,2024-10-26,2024-10-28,2024-11-01,WH-REG-02,FedEx Supply,REG-02,6.6,5,Breached,2292.17,9.0,0.65
FUL-001584,ORD-001584,2024-10-27,2024-10-28,2024-10-30,WH-REG-02,FedEx Supply,REG-02,3.1,5,Compliant,2245.5,11.0,1.26
FUL-001718,ORD-001718,2024-10-27,2024-10-29,2024-11-02,WH-REG-05,DHL Freight,REG-05,6.1,5,Breached,3071.67,11.1,1.76
FUL-006675,ORD-006675,2024-10-27,2024-10-29,2024-11-02,WH-REG-01,Ecom Express,REG-01,6.1,5,Breached,3502.28,8.9,1.68
FUL-000351,ORD-000351,2024-10-28,2024-10-29,2024-10-29,WH-REG-04,Ecom Express,REG-04,1.8,5,Compliant,903.73,10.5,0.02
FUL-004323,ORD-004323,2024-10-28,2024-10-30,2024-11-02,WH-REG-05,Ecom Express,REG-05,5.3,5,Breached,3794.51,7.2,1.22
FUL-004559,ORD-004559,2024-10-28,2024-10-29,2024-11-01,WH-REG-04,Ecom Express,REG-04,4.0,5,Compliant,4211.84,9.1,1.6
FUL-005202,ORD-005202,2024-10-28,2024-10-29,2024-11-01,WH-REG-03,Ecom Express,REG-03,4.5,5,Compliant,2030.72,6.6,0.59
FUL-005376,ORD-005376,2024-10-28,2024-10-29,2024-10-31,WH-REG-01,DHL Freight,REG-01,3.6,5,Compliant,1796.84,11.1,0.36
FUL-006708,ORD-006708,2024-10-28,2024-10-30,2024-11-02,WH-REG-05,DHL Freight,REG-05,5.9,5,Breached,2006.44,10.0,1.74
FUL-006734,ORD-006734,2024-10-28,2024-10-29,2024-11-01,WH-REG-02,Ecom Express,REG-02,4.5,5,Compliant,3391.67,8.9,0.35
FUL-007065,ORD-007065,2024-10-28,2024-10-30,2024-11-03,WH-REG-05,Delhivery Express,REG-05,6.1,5,Breached,1301.99,11.5,0.91
FUL-007456,ORD-007456,2024-10-28,2024-10-30,2024-11-03,WH-REG-04,Ecom Express,REG-04,6.5,3,Breached,3559.95,7.3,1.44
FUL-008431,ORD-008431,2024-10-28,2024-10-30,2024-11-03,WH-REG-05,Ecom Express,REG-05,6.4,5,Breached,3386.97,9.4,1.34
FUL-000105,ORD-000105,2024-10-29,2024-10-31,2024-11-04,WH-REG-04,DHL Freight,REG-04,6.6,5,Breached,4211.77,7.6,1.52
FUL-000744,ORD-000744,2024-10-29,2024-10-30,2024-10-31,WH-REG-03,DHL Freight,REG-03,2.2,5,Compliant,4122.12,10.9,1.4
FUL-002914,ORD-002914,2024-10-29,2024-10-30,2024-10-31,WH-REG-01,Ecom Express,REG-01,2.0,5,Compliant,3699.87,5.8,0.23
FUL-003052,ORD-003052,2024-10-29,2024-10-31,2024-11-03,WH-REG-05,Ecom Express,REG-05,5.4,5,Breached,2898.19,5.5,1.41
FUL-003522,ORD-003522,2024-10-29,2024-10-30,2024-11-02,WH-REG-04,FedEx Supply,REG-04,4.8,5,Compliant,1375.18,11.5,1.77
FUL-005094,ORD-005094,2024-10-29,2024-10-30,2024-11-01,WH-REG-04,FedEx Supply,REG-04,3.7,5,Compliant,1209.26,9.3,0.47
FUL-005234,ORD-005234,2024-10-29,2024-10-30,2024-11-01,WH-REG-03,DHL Freight,REG-03,3.9,3,Breached,3756.96,8.8,0.32
FUL-007590,ORD-007590,2024-10-29,2024-10-30,2024-11-01,WH-REG-03,DHL Freight,REG-03,3.0,3,Compliant,3853.87,11.6,1.48
FUL-008451,ORD-008451,2024-10-29,2024-10-30,2024-11-02,WH-REG-03,Delhivery Express,REG-03,4.1,5,Compliant,885.59,7.1,1.61
FUL-000177,ORD-000177,2024-10-30,2024-10-31,2024-11-01,WH-REG-05,FedEx Supply,REG-05,2.0,5,Compliant,3595.74,5.8,0.29
FUL-000902,ORD-000902,2024-10-30,2024-10-31,2024-11-01,WH-REG-03,Ecom Express,REG-03,2.8,5,Compliant,2138.59,10.6,1.75
FUL-001349,ORD-001349,2024-10-30,2024-10-31,2024-10-31,WH-REG-02,Delhivery Express,REG-02,1.8,3,Compliant,2803.96,7.1,0.53
FUL-004344,ORD-004344,2024-10-30,2024-10-31,2024-11-03,WH-REG-01,DHL Freight,REG-01,4.2,5,Compliant,3179.56,7.6,1.15
FUL-007328,ORD-007328,2024-10-30,2024-10-31,2024-11-01,WH-REG-01,Ecom Express,REG-01,2.9,3,Compliant,4112.59,9.0,1.2
FUL-008362,ORD-008362,2024-10-30,2024-11-01,2024-11-05,WH-REG-05,FedEx Supply,REG-05,6.1,5,Breached,3053.94,9.9,0.82
FUL-000768,ORD-000768,2024-10-31,2024-11-01,2024-11-03,WH-REG-01,Ecom Express,REG-01,3.1,5,Compliant,2650.78,6.6,0.04
FUL-002304,ORD-002304,2024-10-31,2024-11-01,2024-11-02,WH-REG-01,FedEx Supply,REG-01,2.8,5,Compliant,1128.5,7.4,1.63
FUL-006334,ORD-006334,2024-10-31,2024-11-02,2024-11-05,WH-REG-04,Delhivery Express,REG-04,5.5,5,Breached,4487.87,5.5,0.95
FUL-007236,ORD-007236,2024-10-31,2024-11-02,2024-11-06,WH-REG-01,Delhivery Express,REG-01,6.2,5,Breached,4318.51,9.1,0.89
FUL-001897,ORD-001897,2024-11-01,2024-11-02,2024-11-05,WH-REG-04,DHL Freight,REG-04,4.3,5,Compliant,3577.85,5.8,1.48
FUL-002799,ORD-002799,2024-11-01,2024-11-02,2024-11-05,WH-REG-05,DHL Freight,REG-05,4.3,3,Breached,2882.15,11.6,1.65
FUL-005222,ORD-005222,2024-11-01,2024-11-03,2024-11-07,WH-REG-03,BlueDart Logistics,REG-03,6.8,5,Breached,2799.13,9.2,1.45
FUL-005527,ORD-005527,2024-11-01,2024-11-02,2024-11-04,WH-REG-03,DHL Freight,REG-03,3.8,3,Breached,1891.74,9.0,0.29
FUL-008480,ORD-008480,2024-11-01,2024-11-02,2024-11-03,WH-REG-03,Ecom Express,REG-03,2.2,5,Compliant,1524.0,9.6,1.5
FUL-000463,ORD-000463,2024-11-02,2024-11-04,2024-11-07,WH-REG-03,BlueDart Logistics,REG-03,5.1,5,Breached,1428.3,9.8,1.53
FUL-000714,ORD-000714,2024-11-02,2024-11-03,2024-11-05,WH-REG-03,Delhivery Express,REG-03,3.3,5,Compliant,3006.96,7.7,0.56
FUL-001015,ORD-001015,2024-11-02,2024-11-03,2024-11-04,WH-REG-05,DHL Freight,REG-05,2.2,5,Compliant,2481.5,10.0,0.19
FUL-002808,ORD-002808,2024-11-02,2024-11-04,2024-11-07,WH-REG-02,BlueDart Logistics,REG-02,5.9,5,Breached,1246.6,11.1,1.02
FUL-003224,ORD-003224,2024-11-02,2024-11-03,2024-11-03,WH-REG-03,BlueDart Logistics,REG-03,1.8,3,Compliant,2463.35,10.8,1.64
FUL-003264,ORD-003264,2024-11-02,2024-11-03,2024-11-05,WH-REG-03,DHL Freight,REG-03,3.6,5,Compliant,3949.39,5.8,1.17
FUL-004764,ORD-004764,2024-11-02,2024-11-03,2024-11-05,WH-REG-04,BlueDart Logistics,REG-04,3.1,5,Compliant,1965.56,9.5,0.44
FUL-004904,ORD-004904,2024-11-02,2024-11-04,2024-11-08,WH-REG-02,Delhivery Express,REG-02,6.8,3,Breached,3342.07,7.3,0.6
FUL-005724,ORD-005724,2024-11-02,2024-11-06,2024-11-13,WH-REG-05,Delhivery Express,REG-05,11.0,5,Breached,3238.88,11.1,0.98
FUL-005788,ORD-005788,2024-11-02,2024-11-03,2024-11-06,WH-REG-05,DHL Freight,REG-05,4.8,5,Compliant,927.74,6.6,1.43
FUL-007089,ORD-007089,2024-11-02,2024-11-03,2024-11-03,WH-REG-02,FedEx Supply,REG-02,1.8,3,Compliant,2082.94,11.2,1.7
FUL-007430,ORD-007430,2024-11-02,2024-11-04,2024-11-08,WH-REG-02,Delhivery Express,REG-02,6.0,5,Breached,1794.54,11.9,1.22
FUL-000437,ORD-000437,2024-11-03,2024-11-05,2024-11-08,WH-REG-05,BlueDart Logistics,REG-05,5.1,3,Breached,2328.21,8.6,0.78
FUL-003505,ORD-003505,2024-11-03,2024-11-04,2024-11-07,WH-REG-01,BlueDart Logistics,REG-01,4.4,5,Compliant,3075.78,6.1,0.49
FUL-004021,ORD-004021,2024-11-03,2024-11-04,2024-11-07,WH-REG-04,FedEx Supply,REG-04,4.5,3,Breached,3732.91,10.7,0.97
FUL-004594,ORD-004594,2024-11-03,2024-11-05,2024-11-09,WH-REG-04,Ecom Express,REG-04,6.2,5,Breached,3695.06,9.3,1.04
FUL-005040,ORD-005040,2024-11-03,2024-11-05,2024-11-09,WH-REG-04,FedEx Supply,REG-04,6.1,5,Breached,1837.13,10.5,1.58
FUL-006009,ORD-006009,2024-11-03,2024-11-04,2024-11-06,WH-REG-03,BlueDart Logistics,REG-03,3.7,5,Compliant,3813.4,8.0,1.18
FUL-008241,ORD-008241,2024-11-03,2024-11-04,2024-11-07,WH-REG-03,Delhivery Express,REG-03,4.1,5,Compliant,1296.54,8.7,1.53
FUL-000001,ORD-000001,2024-11-04,2024-11-06,2024-11-10,WH-REG-03,Ecom Express,REG-03,6.7,3,Breached,1053.39,6.9,0.75
FUL-000950,ORD-000950,2024-11-04,2024-11-05,2024-11-06,WH-REG-05,BlueDart Logistics,REG-05,2.5,5,Compliant,3064.19,11.0,0.19
FUL-002689,ORD-002689,2024-11-04,2024-11-05,2024-11-06,WH-REG-02,BlueDart Logistics,REG-02,2.4,5,Compliant,2735.97,9.6,0.89
FUL-004227,ORD-004227,2024-11-04,2024-11-06,2024-11-10,WH-REG-01,DHL Freight,REG-01,6.0,5,Breached,1991.25,11.6,0.06
FUL-005934,ORD-005934,2024-11-04,2024-11-05,2024-11-05,WH-REG-02,DHL Freight,REG-02,1.8,5,Compliant,3175.94,10.2,1.69
FUL-006337,ORD-006337,2024-11-04,2024-11-05,2024-11-07,WH-REG-05,BlueDart Logistics,REG-05,3.2,5,Compliant,1699.53,6.2,0.06
FUL-007265,ORD-007265,2024-11-04,2024-11-06,2024-11-09,WH-REG-01,DHL Freight,REG-01,5.0,5,Compliant,3310.57,8.8,1.58
FUL-007986,ORD-007986,2024-11-04,2024-11-08,2024-11-15,WH-REG-01,BlueDart Logistics,REG-01,11.0,5,Breached,1160.23,8.8,0.92
FUL-000982,ORD-000982,2024-11-05,2024-11-06,2024-11-08,WH-REG-04,BlueDart Logistics,REG-04,3.5,5,Compliant,982.16,7.9,1.03
FUL-002313,ORD-002313,2024-11-05,2024-11-06,2024-11-08,WH-REG-03,DHL Freight,REG-03,3.1,5,Compliant,2822.33,8.8,1.52
FUL-002672,ORD-002672,2024-11-05,2024-11-06,2024-11-09,WH-REG-01,Delhivery Express,REG-01,4.7,5,Compliant,4409.54,5.6,0.99
FUL-003255,ORD-003255,2024-11-05,2024-11-06,2024-11-06,WH-REG-05,Ecom Express,REG-05,1.5,5,Compliant,2325.32,8.3,1.66
FUL-003851,ORD-003851,2024-11-05,2024-11-07,2024-11-10,WH-REG-05,BlueDart Logistics,REG-05,5.9,5,Breached,4063.26,11.7,0.45
FUL-004183,ORD-004183,2024-11-05,2024-11-06,2024-11-07,WH-REG-04,FedEx Supply,REG-04,2.3,5,Compliant,4465.4,9.5,1.23
FUL-005944,ORD-005944,2024-11-05,2024-11-06,2024-11-07,WH-REG-03,FedEx Supply,REG-03,2.1,5,Compliant,2173.64,7.8,0.57
FUL-007097,ORD-007097,2024-11-05,2024-11-07,2024-11-11,WH-REG-05,Delhivery Express,REG-05,6.2,5,Breached,3998.02,6.5,0.87
FUL-007452,ORD-007452,2024-11-05,2024-11-07,2024-11-10,WH-REG-02,FedEx Supply,REG-02,5.9,5,Breached,2764.43,7.0,0.14
FUL-001206,ORD-001206,2024-11-06,2024-11-07,2024-11-08,WH-REG-03,Delhivery Express,REG-03,2.3,5,Compliant,3528.9,9.5,0.52
FUL-001665,ORD-001665,2024-11-06,2024-11-07,2024-11-10,WH-REG-05,Ecom Express,REG-05,4.4,5,Compliant,2621.0,8.1,1.39
FUL-002876,ORD-002876,2024-11-06,2024-11-07,2024-11-08,WH-REG-02,DHL Freight,REG-02,2.2,5,Compliant,3761.95,7.6,0.86
FUL-004051,ORD-004051,2024-11-06,2024-11-07,2024-11-09,WH-REG-02,FedEx Supply,REG-02,3.0,5,Compliant,2374.29,8.6,0.59
FUL-004866,ORD-004866,2024-11-06,2024-11-07,2024-11-07,WH-REG-02,Ecom Express,REG-02,1.8,5,Compliant,4013.09,9.4,0.02
FUL-004869,ORD-004869,2024-11-06,2024-11-07,2024-11-07,WH-REG-03,FedEx Supply,REG-03,1.4,5,Compliant,1195.49,9.2,0.5
FUL-000403,ORD-000403,2024-11-07,2024-11-09,2024-11-12,WH-REG-01,Ecom Express,REG-01,5.5,5,Breached,2322.69,11.7,1.51
FUL-002445,ORD-002445,2024-11-07,2024-11-08,2024-11-11,WH-REG-02,FedEx Supply,REG-02,4.5,5,Compliant,3888.7,6.1,0.77
FUL-003552,ORD-003552,2024-11-07,2024-11-09,2024-11-13,WH-REG-01,Ecom Express,REG-01,6.6,5,Breached,1268.33,8.6,0.96
FUL-004553,ORD-004553,2024-11-07,2024-11-08,2024-11-11,WH-REG-03,Ecom Express,REG-03,4.1,5,Compliant,1500.19,6.2,1.6
FUL-005448,ORD-005448,2024-11-07,2024-11-12,2024-11-20,WH-REG-04,DHL Freight,REG-04,13.399999999999999,5,Breached,2696.91,7.7,1.63
FUL-006991,ORD-006991,2024-11-07,2024-11-08,2024-11-10,WH-REG-04,BlueDart Logistics,REG-04,3.1,5,Compliant,1196.27,9.3,1.19
FUL-007073,ORD-007073,2024-11-07,2024-11-08,2024-11-09,WH-REG-05,BlueDart Logistics,REG-05,2.1,3,Compliant,2071.13,8.8,0.61
FUL-007386,ORD-007386,2024-11-07,2024-11-08,2024-11-08,WH-REG-04,Ecom Express,REG-04,1.8,5,Compliant,2819.62,9.2,0.93
FUL-008133,ORD-008133,2024-11-07,2024-11-08,2024-11-11,WH-REG-05,Delhivery Express,REG-05,4.2,3,Breached,3579.88,10.2,0.46
FUL-008135,ORD-008135,2024-11-07,2024-11-09,2024-11-13,WH-REG-04,BlueDart Logistics,REG-04,6.6,5,Breached,3036.57,10.6,1.1
FUL-000386,ORD-000386,2024-11-08,2024-11-09,2024-11-12,WH-REG-05,Delhivery Express,REG-05,4.5,3,Breached,4260.68,7.4,0.58
FUL-000693,ORD-000693,2024-11-08,2024-11-13,2024-11-21,WH-REG-05,BlueDart Logistics,REG-05,13.100000000000001,3,Breached,1589.63,8.4,0.45
FUL-001229,ORD-001229,2024-11-08,2024-11-09,2024-11-11,WH-REG-01,Delhivery Express,REG-01,3.3,5,Compliant,3491.87,9.0,0.91
FUL-002338,ORD-002338,2024-11-08,2024-11-10,2024-11-13,WH-REG-04,Delhivery Express,REG-04,5.5,3,Breached,2195.97,10.0,1.39
FUL-004034,ORD-004034,2024-11-08,2024-11-09,2024-11-11,WH-REG-03,FedEx Supply,REG-03,3.5,5,Compliant,3315.77,6.4,0.76
FUL-004758,ORD-004758,2024-11-08,2024-11-10,2024-11-13,WH-REG-03,Delhivery Express,REG-03,5.1,5,Breached,1643.35,8.0,1.4
FUL-004761,ORD-004761,2024-11-08,2024-11-09,2024-11-11,WH-REG-04,Ecom Express,REG-04,3.1,5,Compliant,893.79,9.1,1.56
FUL-004788,ORD-004788,2024-11-08,2024-11-10,2024-11-13,WH-REG-01,Ecom Express,REG-01,5.8,5,Breached,3947.95,10.1,0.99
FUL-006367,ORD-006367,2024-11-08,2024-11-10,2024-11-14,WH-REG-05,BlueDart Logistics,REG-05,6.5,5,Breached,4093.28,6.0,1.63
FUL-006721,ORD-006721,2024-11-08,2024-11-09,2024-11-12,WH-REG-02,Delhivery Express,REG-02,4.7,3,Breached,1220.85,11.6,0.83
FUL-006798,ORD-006798,2024-11-08,2024-11-09,2024-11-09,WH-REG-04,Delhivery Express,REG-04,1.5,3,Compliant,3268.83,9.5,0.72
FUL-007903,ORD-007903,2024-11-08,2024-11-09,2024-11-11,WH-REG-04,Ecom Express,REG-04,3.9,5,Compliant,1036.65,7.8,1.47
FUL-000270,ORD-000270,2024-11-09,2024-11-10,2024-11-13,WH-REG-04,BlueDart Logistics,REG-04,4.4,5,Compliant,2982.05,8.2,0.43
FUL-000392,ORD-000392,2024-11-09,2024-11-11,2024-11-15,WH-REG-02,Ecom Express,REG-02,6.3,3,Breached,1933.48,8.7,0.66
FUL-002281,ORD-002281,2024-11-09,2024-11-10,2024-11-11,WH-REG-04,BlueDart Logistics,REG-04,2.9,5,Compliant,2782.04,7.9,0.39
FUL-002363,ORD-002363,2024-11-09,2024-11-11,2024-11-15,WH-REG-01,FedEx Supply,REG-01,6.0,3,Breached,3771.1,7.4,1.64
FUL-003174,ORD-003174,2024-11-09,2024-11-10,2024-11-11,WH-REG-05,Ecom Express,REG-05,2.2,5,Compliant,3458.62,7.4,0.19
FUL-004990,ORD-004990,2024-11-09,2024-11-10,2024-11-11,WH-REG-01,Ecom Express,REG-01,2.1,3,Compliant,2386.52,11.2,0.36
FUL-005801,ORD-005801,2024-11-09,2024-11-10,2024-11-13,WH-REG-05,Delhivery Express,REG-05,4.1,5,Compliant,3147.43,7.6,1.23
FUL-006469,ORD-006469,2024-11-09,2024-11-10,2024-11-11,WH-REG-01,Ecom Express,REG-01,2.6,5,Compliant,1708.98,6.0,0.79
FUL-007225,ORD-007225,2024-11-09,2024-11-10,2024-11-11,WH-REG-03,Ecom Express,REG-03,2.9,5,Compliant,3973.82,9.7,0.99
FUL-007253,ORD-007253,2024-11-09,2024-11-10,2024-11-12,WH-REG-01,Ecom Express,REG-01,3.0,3,Compliant,1561.53,6.2,0.17
FUL-001100,ORD-001100,2024-11-10,2024-11-11,2024-11-13,WH-REG-03,FedEx Supply,REG-03,3.7,3,Breached,4320.52,6.7,0.1
FUL-001755,ORD-001755,2024-11-10,2024-11-12,2024-11-16,WH-REG-02,DHL Freight,REG-02,6.1,3,Breached,2634.57,11.4,1.27
FUL-006239,ORD-006239,2024-11-10,2024-11-11,2024-11-14,WH-REG-01,Ecom Express,REG-01,4.2,5,Compliant,4036.36,9.5,1.33
FUL-007904,ORD-007904,2024-11-10,2024-11-11,2024-11-13,WH-REG-01,DHL Freight,REG-01,3.1,3,Breached,1717.21,7.9,0.4
FUL-003233,ORD-003233,2024-11-11,2024-11-13,2024-11-17,WH-REG-01,Ecom Express,REG-01,6.5,5,Breached,2860.12,8.8,1.57
FUL-003827,ORD-003827,2024-11-11,2024-11-12,2024-11-12,WH-REG-05,DHL Freight,REG-05,1.2,5,Compliant,4115.67,9.4,0.12
FUL-008455,ORD-008455,2024-11-11,2024-11-13,2024-11-16,WH-REG-02,Delhivery Express,REG-02,5.5,5,Breached,2688.1,6.9,1.33
FUL-002897,ORD-002897,2024-11-12,2024-11-14,2024-11-17,WH-REG-02,BlueDart Logistics,REG-02,5.0,5,Compliant,3487.9,10.3,1.7
FUL-003408,ORD-003408,2024-11-12,2024-11-13,2024-11-14,WH-REG-01,DHL Freight,REG-01,2.8,5,Compliant,2261.89,9.8,1.43
FUL-005024,ORD-005024,2024-11-12,2024-11-13,2024-11-15,WH-REG-03,Delhivery Express,REG-03,3.1,5,Compliant,4358.11,11.6,1.21
FUL-005970,ORD-005970,2024-11-12,2024-11-14,2024-11-18,WH-REG-01,BlueDart Logistics,REG-01,6.6,5,Breached,2457.21,10.2,1.06
FUL-007781,ORD-007781,2024-11-12,2024-11-13,2024-11-16,WH-REG-01,BlueDart Logistics,REG-01,4.0,5,Compliant,1164.01,8.8,0.73
FUL-008070,ORD-008070,2024-11-12,2024-11-13,2024-11-14,WH-REG-01,DHL Freight,REG-01,2.9,5,Compliant,2111.6,10.2,0.94
FUL-001913,ORD-001913,2024-11-13,2024-11-15,2024-11-19,WH-REG-02,Ecom Express,REG-02,6.6,5,Breached,2085.78,10.4,0.96
FUL-002481,ORD-002481,2024-11-13,2024-11-15,2024-11-18,WH-REG-02,DHL Freight,REG-02,5.2,3,Breached,3328.38,7.7,0.81
FUL-004374,ORD-004374,2024-11-13,2024-11-14,2024-11-15,WH-REG-04,BlueDart Logistics,REG-04,2.4,5,Compliant,4216.74,11.8,1.01
FUL-004649,ORD-004649,2024-11-13,2024-11-14,2024-11-15,WH-REG-01,FedEx Supply,REG-01,2.4,5,Compliant,2067.82,11.8,0.63
FUL-004695,ORD-004695,2024-11-13,2024-11-15,2024-11-18,WH-REG-03,FedEx Supply,REG-03,5.5,3,Breached,3865.16,8.1,0.87
FUL-006071,ORD-006071,2024-11-13,2024-11-15,2024-11-19,WH-REG-03,DHL Freight,REG-03,6.2,5,Breached,1502.84,7.5,0.07
FUL-007774,ORD-007774,2024-11-13,2024-11-14,2024-11-17,WH-REG-01,FedEx Supply,REG-01,4.9,3,Breached,1475.44,11.6,0.4
FUL-007850,ORD-007850,2024-11-13,2024-11-15,2024-11-18,WH-REG-05,BlueDart Logistics,REG-05,5.2,5,Breached,4170.13,11.7,0.05
FUL-008206,ORD-008206,2024-11-13,2024-11-15,2024-11-19,WH-REG-05,BlueDart Logistics,REG-05,6.0,5,Breached,2815.55,9.3,0.91
FUL-000597,ORD-000597,2024-11-14,2024-11-16,2024-11-20,WH-REG-03,Delhivery Express,REG-03,6.3,3,Breached,3399.98,8.0,1.64
FUL-001525,ORD-001525,2024-11-14,2024-11-15,2024-11-18,WH-REG-02,DHL Freight,REG-02,4.0,5,Compliant,1778.32,11.2,1.03
FUL-001920,ORD-001920,2024-11-14,2024-11-15,2024-11-17,WH-REG-05,Ecom Express,REG-05,3.4,5,Compliant,3953.26,9.8,0.16
FUL-002776,ORD-002776,2024-11-14,2024-11-15,2024-11-18,WH-REG-01,Ecom Express,REG-01,4.3,5,Compliant,861.31,6.2,0.13
FUL-004805,ORD-004805,2024-11-14,2024-11-16,2024-11-20,WH-REG-02,FedEx Supply,REG-02,6.7,3,Breached,3146.11,5.6,0.76
FUL-005671,ORD-005671,2024-11-14,2024-11-15,2024-11-17,WH-REG-04,BlueDart Logistics,REG-04,3.9,5,Compliant,2906.33,6.2,0.12
FUL-006078,ORD-006078,2024-11-14,2024-11-15,2024-11-17,WH-REG-02,DHL Freight,REG-02,3.3,5,Compliant,4202.94,8.0,0.51
FUL-007173,ORD-007173,2024-11-14,2024-11-15,2024-11-18,WH-REG-05,BlueDart Logistics,REG-05,4.6,5,Compliant,4377.49,6.2,1.37
FUL-007419,ORD-007419,2024-11-14,2024-11-16,2024-11-19,WH-REG-05,DHL Freight,REG-05,5.9,5,Breached,4067.16,10.0,0.56
FUL-007771,ORD-007771,2024-11-14,2024-11-15,2024-11-17,WH-REG-01,BlueDart Logistics,REG-01,3.7,5,Compliant,4352.91,6.5,1.27
FUL-000374,ORD-000374,2024-11-15,2024-11-17,2024-11-21,WH-REG-05,Ecom Express,REG-05,6.0,5,Breached,3877.05,6.5,1.61
FUL-001039,ORD-001039,2024-11-15,2024-11-16,2024-11-17,WH-REG-04,Ecom Express,REG-04,2.1,5,Compliant,3098.68,6.2,0.19
FUL-001082,ORD-001082,2024-11-15,2024-11-16,2024-11-19,WH-REG-05,DHL Freight,REG-05,4.2,5,Compliant,3179.64,9.1,0.95
FUL-002766,ORD-002766,2024-11-15,2024-11-17,2024-11-20,WH-REG-03,FedEx Supply,REG-03,5.5,5,Breached,3830.8,5.7,1.27
FUL-003985,ORD-003985,2024-11-15,2024-11-16,2024-11-16,WH-REG-02,FedEx Supply,REG-02,1.9,5,Compliant,3377.09,6.0,1.63
FUL-004575,ORD-004575,2024-11-15,2024-11-17,2024-11-21,WH-REG-04,DHL Freight,REG-04,6.4,5,Breached,3049.65,11.5,0.88
FUL-006308,ORD-006308,2024-11-15,2024-11-16,2024-11-19,WH-REG-05,FedEx Supply,REG-05,4.6,5,Compliant,1714.14,5.7,1.52
FUL-006608,ORD-006608,2024-11-15,2024-11-16,2024-11-19,WH-REG-05,BlueDart Logistics,REG-05,4.8,3,Breached,3208.45,7.5,1.51
FUL-006640,ORD-006640,2024-11-15,2024-11-17,2024-11-21,WH-REG-02,FedEx Supply,REG-02,6.1,5,Breached,4007.62,10.5,1.16
FUL-006810,ORD-006810,2024-11-15,2024-11-16,2024-11-17,WH-REG-03,BlueDart Logistics,REG-03,2.4,5,Compliant,3504.97,6.9,0.92
FUL-007952,ORD-007952,2024-11-15,2024-11-17,2024-11-20,WH-REG-03,Delhivery Express,REG-03,5.8,5,Breached,2063.53,6.8,1.4
FUL-000650,ORD-000650,2024-11-16,2024-11-17,2024-11-17,WH-REG-01,BlueDart Logistics,REG-01,1.8,5,Compliant,1740.66,8.6,1.77
FUL-001221,ORD-001221,2024-11-16,2024-11-17,2024-11-18,WH-REG-04,FedEx Supply,REG-04,2.2,5,Compliant,2649.65,11.4,1.38
FUL-001823,ORD-001823,2024-11-16,2024-11-17,2024-11-19,WH-REG-03,Delhivery Express,REG-03,3.0,5,Compliant,1277.64,8.9,0.41
FUL-002221,ORD-002221,2024-11-16,2024-11-19,2024-11-25,WH-REG-04,FedEx Supply,REG-04,9.9,5,Breached,2892.14,7.5,0.02
FUL-002469,ORD-002469,2024-11-16,2024-11-17,2024-11-20,WH-REG-02,Ecom Express,REG-02,4.0,5,Compliant,1504.56,7.0,0.83
FUL-002656,ORD-002656,2024-11-16,2024-11-17,2024-11-19,WH-REG-02,Ecom Express,REG-02,3.4,5,Compliant,3611.89,10.4,1.77
FUL-003492,ORD-003492,2024-11-16,2024-11-17,2024-11-20,WH-REG-02,BlueDart Logistics,REG-02,4.8,5,Compliant,4065.59,10.7,1.72
FUL-004073,ORD-004073,2024-11-16,2024-11-17,2024-11-18,WH-REG-01,Delhivery Express,REG-01,2.7,5,Compliant,1103.31,11.8,0.64
FUL-005025,ORD-005025,2024-11-16,2024-11-18,2024-11-22,WH-REG-05,Ecom Express,REG-05,6.2,5,Breached,2930.06,9.6,1.22
FUL-005125,ORD-005125,2024-11-16,2024-11-17,2024-11-17,WH-REG-01,Ecom Express,REG-01,1.7,5,Compliant,4460.96,7.3,1.4
FUL-006560,ORD-006560,2024-11-16,2024-11-17,2024-11-19,WH-REG-02,BlueDart Logistics,REG-02,3.5,5,Compliant,3473.07,10.3,0.75
FUL-007153,ORD-007153,2024-11-16,2024-11-18,2024-11-21,WH-REG-05,Ecom Express,REG-05,5.1,3,Breached,2694.9,7.6,0.55
FUL-007320,ORD-007320,2024-11-16,2024-11-17,2024-11-17,WH-REG-01,FedEx Supply,REG-01,1.7,3,Compliant,3775.06,7.1,0.68
FUL-001238,ORD-001238,2024-11-17,2024-11-19,2024-11-22,WH-REG-05,Delhivery Express,REG-05,5.5,5,Breached,1810.6,11.7,1.46
FUL-001521,ORD-001521,2024-11-17,2024-11-18,2024-11-18,WH-REG-04,BlueDart Logistics,REG-04,1.3,5,Compliant,1520.45,11.5,1.0
FUL-001805,ORD-001805,2024-11-17,2024-11-19,2024-11-23,WH-REG-04,Ecom Express,REG-04,6.1,5,Breached,1932.68,8.1,0.97
FUL-002201,ORD-002201,2024-11-17,2024-11-18,2024-11-21,WH-REG-03,Ecom Express,REG-03,4.0,5,Compliant,876.79,10.3,1.12
FUL-002740,ORD-002740,2024-11-17,2024-11-18,2024-11-20,WH-REG-01,Delhivery Express,REG-01,3.3,3,Breached,2996.23,9.1,0.79
FUL-003658,ORD-003658,2024-11-17,2024-11-18,2024-11-21,WH-REG-01,Delhivery Express,REG-01,4.7,5,Compliant,3961.87,8.9,0.8
FUL-006680,ORD-006680,2024-11-17,2024-11-18,2024-11-19,WH-REG-05,Delhivery Express,REG-05,2.8,5,Compliant,1623.8,6.2,0.81
FUL-007051,ORD-007051,2024-11-17,2024-11-18,2024-11-20,WH-REG-02,Delhivery Express,REG-02,3.0,3,Compliant,1379.07,7.7,1.08
FUL-008054,ORD-008054,2024-11-17,2024-11-18,2024-11-21,WH-REG-04,Delhivery Express,REG-04,4.3,3,Breached,4442.09,7.4,0.35
FUL-008419,ORD-008419,2024-11-17,2024-11-19,2024-11-22,WH-REG-05,DHL Freight,REG-05,5.4,5,Breached,3559.7,7.8,1.28
FUL-002660,ORD-002660,2024-11-18,2024-11-20,2024-11-23,WH-REG-03,FedEx Supply,REG-03,5.2,5,Breached,2179.55,8.0,0.98
FUL-004995,ORD-004995,2024-11-18,2024-11-19,2024-11-20,WH-REG-02,DHL Freight,REG-02,2.0,5,Compliant,1596.79,7.3,0.24
FUL-005356,ORD-005356,2024-11-18,2024-11-19,2024-11-20,WH-REG-03,BlueDart Logistics,REG-03,2.5,5,Compliant,2297.62,7.0,0.44
FUL-005410,ORD-005410,2024-11-18,2024-11-20,2024-11-24,WH-REG-04,Delhivery Express,REG-04,6.2,5,Breached,2800.06,11.6,0.09
FUL-006145,ORD-006145,2024-11-18,2024-11-19,2024-11-20,WH-REG-05,FedEx Supply,REG-05,2.2,5,Compliant,2206.12,9.8,1.36
FUL-006967,ORD-006967,2024-11-18,2024-11-19,2024-11-22,WH-REG-02,Ecom Express,REG-02,4.6,5,Compliant,2723.2,7.6,0.83
FUL-001615,ORD-001615,2024-11-19,2024-11-20,2024-11-23,WH-REG-04,BlueDart Logistics,REG-04,4.6,5,Compliant,3659.96,6.9,0.55
FUL-002701,ORD-002701,2024-11-19,2024-11-20,2024-11-22,WH-REG-02,DHL Freight,REG-02,3.3,3,Breached,1256.73,6.5,0.59
FUL-003044,ORD-003044,2024-11-19,2024-11-21,2024-11-25,WH-REG-03,DHL Freight,REG-03,6.2,5,Breached,3158.39,9.9,0.58
FUL-001568,ORD-001568,2024-11-20,2024-11-22,2024-11-26,WH-REG-01,FedEx Supply,REG-01,6.4,5,Breached,1340.55,10.6,0.38
FUL-007171,ORD-007171,2024-11-20,2024-11-22,2024-11-25,WH-REG-01,FedEx Supply,REG-01,5.4,5,Breached,1218.36,10.3,0.19
FUL-007891,ORD-007891,2024-11-20,2024-11-22,2024-11-26,WH-REG-04,Delhivery Express,REG-04,6.1,5,Breached,4380.74,11.7,1.72
FUL-008448,ORD-008448,2024-11-20,2024-11-21,2024-11-23,WH-REG-03,DHL Freight,REG-03,3.3,3,Breached,1125.91,8.8,0.65
FUL-000264,ORD-000264,2024-11-21,2024-11-22,2024-11-25,WH-REG-01,Ecom Express,REG-01,4.3,5,Compliant,4201.46,7.6,1.19
FUL-000805,ORD-000805,2024-11-21,2024-11-22,2024-11-25,WH-REG-01,Delhivery Express,REG-01,4.7,3,Breached,2132.62,9.5,1.39
FUL-001034,ORD-001034,2024-11-21,2024-11-23,2024-11-26,WH-REG-03,Ecom Express,REG-03,5.4,5,Breached,3690.54,6.2,0.11
FUL-002549,ORD-002549,2024-11-21,2024-11-22,2024-11-22,WH-REG-01,Ecom Express,REG-01,1.8,5,Compliant,955.85,7.7,0.31
FUL-004220,ORD-004220,2024-11-21,2024-11-23,2024-11-27,WH-REG-02,Ecom Express,REG-02,6.4,5,Breached,3955.78,6.2,0.96
FUL-005768,ORD-005768,2024-11-21,2024-11-22,2024-11-25,WH-REG-03,DHL Freight,REG-03,4.4,5,Compliant,2696.89,11.3,0.86
FUL-007579,ORD-007579,2024-11-21,2024-11-23,2024-11-26,WH-REG-03,Ecom Express,REG-03,5.9,5,Breached,2895.98,7.7,0.9
FUL-007972,ORD-007972,2024-11-21,2024-11-22,2024-11-23,WH-REG-04,Delhivery Express,REG-04,2.7,3,Compliant,3938.19,10.3,0.8
FUL-000110,ORD-000110,2024-11-22,2024-11-23,2024-11-24,WH-REG-02,Ecom Express,REG-02,2.5,3,Compliant,1617.07,6.9,0.07
FUL-000548,ORD-000548,2024-11-22,2024-11-23,2024-11-25,WH-REG-03,Ecom Express,REG-03,3.3,5,Compliant,2416.48,6.5,0.28
FUL-000695,ORD-000695,2024-11-22,2024-11-23,2024-11-26,WH-REG-03,FedEx Supply,REG-03,4.9,3,Breached,1171.17,11.9,1.0
FUL-000738,ORD-000738,2024-11-22,2024-11-24,2024-11-27,WH-REG-03,Delhivery Express,REG-03,5.1,5,Breached,1116.27,7.8,0.1
FUL-001638,ORD-001638,2024-11-22,2024-11-24,2024-11-27,WH-REG-05,BlueDart Logistics,REG-05,5.9,5,Breached,3274.94,6.6,1.4
FUL-001735,ORD-001735,2024-11-22,2024-11-23,2024-11-23,WH-REG-04,FedEx Supply,REG-04,1.7,5,Compliant,3472.69,11.8,0.98
FUL-001825,ORD-001825,2024-11-22,2024-11-23,2024-11-24,WH-REG-03,Ecom Express,REG-03,2.6,5,Compliant,1558.56,8.3,1.68
FUL-002686,ORD-002686,2024-11-22,2024-11-23,2024-11-25,WH-REG-05,Delhivery Express,REG-05,3.5,5,Compliant,1773.3,10.4,1.46
FUL-003619,ORD-003619,2024-11-22,2024-11-24,2024-11-27,WH-REG-05,BlueDart Logistics,REG-05,5.8,5,Breached,1467.63,7.3,1.11
FUL-005731,ORD-005731,2024-11-22,2024-11-24,2024-11-28,WH-REG-01,FedEx Supply,REG-01,6.6,5,Breached,1581.9,11.1,0.4
FUL-007325,ORD-007325,2024-11-22,2024-11-23,2024-11-25,WH-REG-01,DHL Freight,REG-01,3.9,5,Compliant,2405.92,10.2,1.32
FUL-007584,ORD-007584,2024-11-22,2024-11-24,2024-11-27,WH-REG-04,BlueDart Logistics,REG-04,5.0,5,Compliant,3019.63,10.7,1.04
FUL-008304,ORD-008304,2024-11-22,2024-11-23,2024-11-25,WH-REG-05,BlueDart Logistics,REG-05,3.1,5,Compliant,1978.58,5.6,1.14
FUL-000883,ORD-000883,2024-11-23,2024-11-24,2024-11-27,WH-REG-03,FedEx Supply,REG-03,4.0,5,Compliant,4313.08,5.6,1.26
FUL-001688,ORD-001688,2024-11-23,2024-11-24,2024-11-26,WH-REG-01,Delhivery Express,REG-01,3.7,5,Compliant,2886.42,8.2,0.96
FUL-001941,ORD-001941,2024-11-23,2024-11-24,2024-11-26,WH-REG-03,Ecom Express,REG-03,3.9,5,Compliant,1286.98,8.3,1.74
FUL-002008,ORD-002008,2024-11-23,2024-11-24,2024-11-24,WH-REG-01,Ecom Express,REG-01,1.5,5,Compliant,1964.34,6.8,1.53
FUL-002126,ORD-002126,2024-11-23,2024-11-25,2024-11-29,WH-REG-02,Ecom Express,REG-02,6.4,5,Breached,2234.49,8.1,0.35
FUL-002339,ORD-002339,2024-11-23,2024-11-25,2024-11-29,WH-REG-03,DHL Freight,REG-03,6.3,5,Breached,2310.23,6.6,0.09
FUL-003533,ORD-003533,2024-11-23,2024-11-24,2024-11-26,WH-REG-02,Ecom Express,REG-02,3.7,5,Compliant,3697.57,9.6,1.51
FUL-003787,ORD-003787,2024-11-23,2024-11-25,2024-11-28,WH-REG-02,BlueDart Logistics,REG-02,5.6,3,Breached,1499.38,6.2,1.33
FUL-004117,ORD-004117,2024-11-23,2024-11-24,2024-11-24,WH-REG-04,Delhivery Express,REG-04,1.6,5,Compliant,2888.69,8.4,1.36
FUL-004255,ORD-004255,2024-11-23,2024-11-25,2024-11-28,WH-REG-05,Delhivery Express,REG-05,5.8,5,Breached,4360.12,11.2,1.78
FUL-004438,ORD-004438,2024-11-23,2024-11-24,2024-11-25,WH-REG-05,Delhivery Express,REG-05,2.1,5,Compliant,1343.99,7.9,0.49
FUL-004677,ORD-004677,2024-11-23,2024-11-24,2024-11-27,WH-REG-03,Delhivery Express,REG-03,4.7,5,Compliant,1563.48,11.5,1.73
FUL-006108,ORD-006108,2024-11-23,2024-11-24,2024-11-26,WH-REG-05,Delhivery Express,REG-05,3.3,3,Breached,3043.14,9.2,0.7
FUL-001135,ORD-001135,2024-11-24,2024-11-29,2024-12-08,WH-REG-05,Delhivery Express,REG-05,14.6,5,Breached,4459.1,10.0,0.57
FUL-002630,ORD-002630,2024-11-24,2024-11-25,2024-11-26,WH-REG-03,Ecom Express,REG-03,2.6,5,Compliant,2428.79,7.2,1.24
FUL-004022,ORD-004022,2024-11-24,2024-11-25,2024-11-27,WH-REG-01,FedEx Supply,REG-01,3.7,3,Breached,3945.93,10.4,0.89
FUL-004409,ORD-004409,2024-11-24,2024-11-25,2024-11-28,WH-REG-03,Ecom Express,REG-03,4.9,5,Compliant,2173.41,9.7,0.77
FUL-005893,ORD-005893,2024-11-24,2024-11-25,2024-11-26,WH-REG-01,Ecom Express,REG-01,2.6,3,Compliant,920.95,8.8,1.42
FUL-007729,ORD-007729,2024-11-24,2024-11-25,2024-11-28,WH-REG-05,BlueDart Logistics,REG-05,4.3,5,Compliant,1040.34,7.4,0.68
FUL-001810,ORD-001810,2024-11-25,2024-11-26,2024-11-27,WH-REG-05,Delhivery Express,REG-05,2.4,3,Compliant,2144.48,6.6,0.69
FUL-001864,ORD-001864,2024-11-25,2024-11-27,2024-11-30,WH-REG-05,FedEx Supply,REG-05,5.0,5,Compliant,2137.3,7.7,1.62
FUL-002910,ORD-002910,2024-11-25,2024-11-26,2024-11-26,WH-REG-04,FedEx Supply,REG-04,1.7,5,Compliant,3041.99,11.9,0.82
FUL-006755,ORD-006755,2024-11-25,2024-11-26,2024-11-29,WH-REG-01,Delhivery Express,REG-01,4.3,5,Compliant,976.39,9.5,1.78
FUL-000739,ORD-000739,2024-11-26,2024-11-27,2024-11-27,WH-REG-01,DHL Freight,REG-01,1.5,5,Compliant,2484.27,9.3,1.59
FUL-001054,ORD-001054,2024-11-26,2024-11-27,2024-11-30,WH-REG-05,DHL Freight,REG-05,4.3,5,Compliant,1108.36,8.5,0.89
FUL-001325,ORD-001325,2024-11-26,2024-11-27,2024-11-27,WH-REG-04,Delhivery Express,REG-04,1.9,5,Compliant,1419.07,11.5,1.42
FUL-002040,ORD-002040,2024-11-26,2024-11-27,2024-11-29,WH-REG-01,Ecom Express,REG-01,3.3,3,Breached,997.37,5.6,1.21
FUL-004766,ORD-004766,2024-11-26,2024-11-28,2024-12-01,WH-REG-01,Delhivery Express,REG-01,5.9,5,Breached,2077.71,11.3,0.57
FUL-006132,ORD-006132,2024-11-26,2024-11-27,2024-11-28,WH-REG-05,BlueDart Logistics,REG-05,2.2,3,Compliant,1263.45,9.5,1.51
FUL-007600,ORD-007600,2024-11-26,2024-11-27,2024-11-29,WH-REG-05,BlueDart Logistics,REG-05,3.2,5,Compliant,2428.36,8.0,1.07
FUL-007996,ORD-007996,2024-11-26,2024-11-27,2024-11-29,WH-REG-04,Ecom Express,REG-04,3.0,5,Compliant,1008.83,8.0,1.16
FUL-008420,ORD-008420,2024-11-26,2024-11-27,2024-11-29,WH-REG-04,FedEx Supply,REG-04,3.5,5,Compliant,1877.3,9.3,1.66
FUL-000273,ORD-000273,2024-11-27,2024-11-28,2024-11-28,WH-REG-05,BlueDart Logistics,REG-05,1.8,5,Compliant,2597.8,8.6,1.41
FUL-000579,ORD-000579,2024-11-27,2024-11-29,2024-12-02,WH-REG-05,Delhivery Express,REG-05,5.0,5,Compliant,4390.72,7.1,0.76
FUL-000678,ORD-000678,2024-11-27,2024-11-28,2024-12-01,WH-REG-03,Ecom Express,REG-03,4.5,5,Compliant,2559.28,8.5,0.25
FUL-000745,ORD-000745,2024-11-27,2024-11-28,2024-11-28,WH-REG-01,FedEx Supply,REG-01,1.3,5,Compliant,1105.77,9.8,1.11
FUL-000918,ORD-000918,2024-11-27,2024-11-28,2024-11-30,WH-REG-03,Delhivery Express,REG-03,3.2,5,Compliant,2587.79,9.7,0.44
FUL-001443,ORD-001443,2024-11-27,2024-11-29,2024-12-03,WH-REG-04,Delhivery Express,REG-04,6.7,5,Breached,2140.45,9.7,1.79
FUL-001800,ORD-001800,2024-11-27,2024-11-28,2024-11-28,WH-REG-01,Ecom Express,REG-01,1.3,5,Compliant,2560.18,8.9,0.12
FUL-002128,ORD-002128,2024-11-27,2024-11-28,2024-12-01,WH-REG-03,Delhivery Express,REG-03,4.8,5,Compliant,1605.31,7.3,0.59
FUL-002527,ORD-002527,2024-11-27,2024-11-28,2024-11-29,WH-REG-01,Ecom Express,REG-01,2.3,5,Compliant,4074.4,10.7,1.57
FUL-003016,ORD-003016,2024-11-27,2024-11-28,2024-12-01,WH-REG-04,BlueDart Logistics,REG-04,4.3,5,Compliant,3322.91,8.5,0.87
FUL-003907,ORD-003907,2024-11-27,2024-11-29,2024-12-02,WH-REG-01,DHL Freight,REG-01,5.6,3,Breached,3617.05,11.6,0.85
FUL-005885,ORD-005885,2024-11-27,2024-11-28,2024-12-01,WH-REG-03,Ecom Express,REG-03,4.4,5,Compliant,1389.37,10.2,0.64
FUL-000178,ORD-000178,2024-11-28,2024-11-29,2024-12-01,WH-REG-01,Ecom Express,REG-01,3.6,5,Compliant,2810.33,10.4,1.02
FUL-000614,ORD-000614,2024-11-28,2024-11-29,2024-11-29,WH-REG-04,Delhivery Express,REG-04,1.5,5,Compliant,2612.92,9.5,1.32
FUL-001064,ORD-001064,2024-11-28,2024-11-30,2024-12-04,WH-REG-03,Delhivery Express,REG-03,6.2,3,Breached,4449.78,9.1,0.38
FUL-001444,ORD-001444,2024-11-28,2024-11-29,2024-12-01,WH-REG-01,DHL Freight,REG-01,3.9,5,Compliant,4439.99,9.4,1.17
FUL-003687,ORD-003687,2024-11-28,2024-11-30,2024-12-03,WH-REG-03,BlueDart Logistics,REG-03,5.2,5,Breached,1787.09,8.4,1.06
FUL-004217,ORD-004217,2024-11-28,2024-11-30,2024-12-03,WH-REG-01,DHL Freight,REG-01,5.7,5,Breached,4072.45,7.9,1.28
FUL-004769,ORD-004769,2024-11-28,2024-11-30,2024-12-03,WH-REG-04,Delhivery Express,REG-04,5.3,3,Breached,3743.67,7.4,0.63
FUL-006555,ORD-006555,2024-11-28,2024-11-30,2024-12-04,WH-REG-01,Delhivery Express,REG-01,6.7,5,Breached,2818.78,10.2,0.72
FUL-007646,ORD-007646,2024-11-28,2024-11-29,2024-12-02,WH-REG-01,BlueDart Logistics,REG-01,4.7,5,Compliant,3792.89,6.5,0.16
FUL-007662,ORD-007662,2024-11-28,2024-11-29,2024-11-30,WH-REG-04,BlueDart Logistics,REG-04,2.2,3,Compliant,4412.71,9.2,1.63
FUL-002447,ORD-002447,2024-11-29,2024-12-01,2024-12-04,WH-REG-03,Ecom Express,REG-03,5.7,5,Breached,1189.02,6.7,1.24
FUL-003041,ORD-003041,2024-11-29,2024-12-01,2024-12-04,WH-REG-03,Delhivery Express,REG-03,5.2,3,Breached,3499.27,8.6,1.3
FUL-005142,ORD-005142,2024-11-29,2024-11-30,2024-12-01,WH-REG-04,Delhivery Express,REG-04,2.2,5,Compliant,1991.44,6.9,0.53
FUL-006468,ORD-006468,2024-11-29,2024-12-01,2024-12-05,WH-REG-04,FedEx Supply,REG-04,6.2,5,Breached,3461.43,5.7,1.02
FUL-007106,ORD-007106,2024-11-29,2024-11-30,2024-11-30,WH-REG-01,BlueDart Logistics,REG-01,1.7,5,Compliant,2805.44,11.1,0.65
FUL-007778,ORD-007778,2024-11-29,2024-12-01,2024-12-04,WH-REG-05,FedEx Supply,REG-05,5.8,5,Breached,2847.64,9.7,0.48
FUL-007796,ORD-007796,2024-11-29,2024-12-01,2024-12-05,WH-REG-01,Delhivery Express,REG-01,6.4,5,Breached,2849.03,11.3,0.78
FUL-000086,ORD-000086,2024-11-30,2024-12-01,2024-12-01,WH-REG-05,BlueDart Logistics,REG-05,1.8,3,Compliant,1713.34,8.5,0.48
FUL-000245,ORD-000245,2024-11-30,2024-12-02,2024-12-05,WH-REG-01,BlueDart Logistics,REG-01,5.0,5,Compliant,2721.53,10.2,1.07
FUL-002357,ORD-002357,2024-11-30,2024-12-02,2024-12-05,WH-REG-03,FedEx Supply,REG-03,5.7,3,Breached,2013.72,6.1,0.6
FUL-002515,ORD-002515,2024-11-30,2024-12-02,2024-12-06,WH-REG-01,BlueDart Logistics,REG-01,6.3,5,Breached,3952.08,9.3,1.08
FUL-003444,ORD-003444,2024-11-30,2024-12-01,2024-12-01,WH-REG-02,Delhivery Express,REG-02,1.5,3,Compliant,2131.9,11.4,0.88
FUL-003846,ORD-003846,2024-11-30,2024-12-02,2024-12-06,WH-REG-05,Delhivery Express,REG-05,6.8,5,Breached,1548.8,9.7,0.39
FUL-004852,ORD-004852,2024-11-30,2024-12-01,2024-12-03,WH-REG-02,DHL Freight,REG-02,3.2,5,Compliant,1406.21,5.7,0.55
FUL-005419,ORD-005419,2024-11-30,2024-12-02,2024-12-05,WH-REG-05,Delhivery Express,REG-05,5.3,5,Breached,4059.41,7.2,1.24
FUL-005659,ORD-005659,2024-11-30,2024-12-02,2024-12-06,WH-REG-04,Delhivery Express,REG-04,6.5,3,Breached,3408.65,9.6,1.55
FUL-006393,ORD-006393,2024-11-30,2024-12-01,2024-12-04,WH-REG-05,Delhivery Express,REG-05,4.0,3,Breached,3515.6,9.3,1.72
FUL-003999,ORD-003999,2024-12-01,2024-12-02,2024-12-02,WH-REG-04,DHL Freight,REG-04,1.5,5,Compliant,3446.51,8.5,1.4
FUL-004496,ORD-004496,2024-12-01,2024-12-02,2024-12-05,WH-REG-03,BlueDart Logistics,REG-03,4.3,5,Compliant,3243.54,9.0,1.28
FUL-000301,ORD-000301,2024-12-02,2024-12-04,2024-12-07,WH-REG-02,BlueDart Logistics,REG-02,5.2,5,Breached,3325.26,9.1,0.11
FUL-002925,ORD-002925,2024-12-02,2024-12-03,2024-12-06,WH-REG-04,Ecom Express,REG-04,4.1,5,Compliant,2109.83,9.4,0.63
FUL-005348,ORD-005348,2024-12-02,2024-12-03,2024-12-06,WH-REG-05,BlueDart Logistics,REG-05,4.7,5,Compliant,1943.03,9.7,1.27
FUL-007169,ORD-007169,2024-12-02,2024-12-03,2024-12-04,WH-REG-05,Delhivery Express,REG-05,2.0,5,Compliant,4264.96,10.2,1.63
FUL-008231,ORD-008231,2024-12-02,2024-12-04,2024-12-07,WH-REG-05,Ecom Express,REG-05,5.7,3,Breached,2898.32,5.9,0.76
FUL-008376,ORD-008376,2024-12-02,2024-12-04,2024-12-08,WH-REG-05,Delhivery Express,REG-05,6.2,5,Breached,3311.19,8.9,1.56
FUL-001471,ORD-001471,2024-12-03,2024-12-04,2024-12-07,WH-REG-04,Ecom Express,REG-04,4.5,3,Breached,2395.89,9.5,1.71
FUL-002870,ORD-002870,2024-12-03,2024-12-05,2024-12-08,WH-REG-01,DHL Freight,REG-01,5.5,5,Breached,2736.18,9.5,1.03
FUL-003566,ORD-003566,2024-12-03,2024-12-05,2024-12-09,WH-REG-03,Delhivery Express,REG-03,6.7,3,Breached,2538.39,11.6,1.73
FUL-003712,ORD-003712,2024-12-03,2024-12-04,2024-12-06,WH-REG-03,FedEx Supply,REG-03,3.3,3,Breached,4471.16,6.8,0.98
FUL-005862,ORD-005862,2024-12-03,2024-12-05,2024-12-09,WH-REG-01,FedEx Supply,REG-01,6.4,5,Breached,1608.79,9.1,1.44
FUL-000040,ORD-000040,2024-12-04,2024-12-05,2024-12-07,WH-REG-05,Ecom Express,REG-05,3.0,5,Compliant,4088.89,10.9,0.87
FUL-001131,ORD-001131,2024-12-04,2024-12-06,2024-12-09,WH-REG-05,Ecom Express,REG-05,5.3,5,Breached,2957.77,10.3,1.78
FUL-004417,ORD-004417,2024-12-04,2024-12-05,2024-12-08,WH-REG-02,Ecom Express,REG-02,4.4,5,Compliant,1305.3,6.2,1.19
FUL-004699,ORD-004699,2024-12-04,2024-12-05,2024-12-07,WH-REG-05,Ecom Express,REG-05,3.0,3,Compliant,2066.37,9.4,1.47
FUL-005119,ORD-005119,2024-12-04,2024-12-06,2024-12-09,WH-REG-01,Delhivery Express,REG-01,5.9,5,Breached,3359.25,8.0,1.7
FUL-006554,ORD-006554,2024-12-04,2024-12-06,2024-12-09,WH-REG-01,FedEx Supply,REG-01,5.8,5,Breached,3041.4,6.4,1.19
FUL-008105,ORD-008105,2024-12-04,2024-12-06,2024-12-10,WH-REG-01,DHL Freight,REG-01,6.2,5,Breached,2780.53,5.7,0.09
FUL-000126,ORD-000126,2024-12-05,2024-12-07,2024-12-10,WH-REG-01,Delhivery Express,REG-01,5.1,5,Breached,942.58,7.3,1.6
FUL-001734,ORD-001734,2024-12-05,2024-12-06,2024-12-07,WH-REG-01,BlueDart Logistics,REG-01,2.2,5,Compliant,1024.96,6.1,1.47
FUL-002929,ORD-002929,2024-12-05,2024-12-06,2024-12-06,WH-REG-02,Delhivery Express,REG-02,1.6,5,Compliant,2478.52,9.4,1.13
FUL-004950,ORD-004950,2024-12-05,2024-12-07,2024-12-10,WH-REG-01,Ecom Express,REG-01,5.0,3,Breached,3231.43,8.4,0.51
FUL-006193,ORD-006193,2024-12-05,2024-12-07,2024-12-11,WH-REG-05,DHL Freight,REG-05,6.5,5,Breached,1497.08,9.5,1.8
FUL-008415,ORD-008415,2024-12-05,2024-12-06,2024-12-06,WH-REG-04,FedEx Supply,REG-04,1.4,5,Compliant,4204.08,9.6,0.7
FUL-001698,ORD-001698,2024-12-06,2024-12-07,2024-12-09,WH-REG-05,Ecom Express,REG-05,3.4,5,Compliant,2073.48,10.5,0.66
FUL-002246,ORD-002246,2024-12-06,2024-12-07,2024-12-07,WH-REG-01,DHL Freight,REG-01,1.3,5,Compliant,3156.58,7.9,0.9
FUL-002283,ORD-002283,2024-12-06,2024-12-07,2024-12-09,WH-REG-05,BlueDart Logistics,REG-05,3.7,5,Compliant,3008.86,9.4,0.94
FUL-002318,ORD-002318,2024-12-06,2024-12-07,2024-12-10,WH-REG-01,DHL Freight,REG-01,4.4,5,Compliant,2641.25,6.0,0.77
FUL-004944,ORD-004944,2024-12-06,2024-12-08,2024-12-12,WH-REG-01,FedEx Supply,REG-01,6.6,5,Breached,1701.48,9.9,0.5
FUL-004960,ORD-004960,2024-12-06,2024-12-08,2024-12-11,WH-REG-02,Delhivery Express,REG-02,5.4,5,Breached,1341.72,6.6,1.76
FUL-005171,ORD-005171,2024-12-06,2024-12-07,2024-12-08,WH-REG-01,FedEx Supply,REG-01,2.3,5,Compliant,975.99,6.1,1.13
FUL-006447,ORD-006447,2024-12-06,2024-12-08,2024-12-12,WH-REG-05,DHL Freight,REG-05,6.3,5,Breached,1988.45,9.4,1.07
FUL-000154,ORD-000154,2024-12-07,2024-12-11,2024-12-17,WH-REG-03,Ecom Express,REG-03,10.2,5,Breached,3846.27,6.3,1.7
FUL-000337,ORD-000337,2024-12-07,2024-12-09,2024-12-12,WH-REG-05,FedEx Supply,REG-05,5.4,5,Breached,3820.31,11.1,0.89
FUL-000757,ORD-000757,2024-12-07,2024-12-09,2024-12-13,WH-REG-03,FedEx Supply,REG-03,6.7,5,Breached,3493.06,11.5,0.88
FUL-001393,ORD-001393,2024-12-07,2024-12-08,2024-12-11,WH-REG-05,Ecom Express,REG-05,4.8,5,Compliant,2301.17,11.6,1.5
FUL-001541,ORD-001541,2024-12-07,2024-12-08,2024-12-11,WH-REG-05,BlueDart Logistics,REG-05,4.2,3,Breached,4474.49,11.6,0.73
FUL-003001,ORD-003001,2024-12-07,2024-12-09,2024-12-12,WH-REG-03,BlueDart Logistics,REG-03,5.7,5,Breached,1404.48,9.3,0.98
FUL-004864,ORD-004864,2024-12-07,2024-12-08,2024-12-10,WH-REG-04,Ecom Express,REG-04,3.5,5,Compliant,2850.46,9.3,1.26
FUL-005281,ORD-005281,2024-12-07,2024-12-08,2024-12-11,WH-REG-03,BlueDart Logistics,REG-03,4.5,5,Compliant,1094.6,5.5,1.79
FUL-005904,ORD-005904,2024-12-07,2024-12-08,2024-12-08,WH-REG-01,BlueDart Logistics,REG-01,1.9,5,Compliant,3058.59,10.2,1.68
FUL-006408,ORD-006408,2024-12-07,2024-12-08,2024-12-08,WH-REG-01,DHL Freight,REG-01,1.2,3,Compliant,3583.4,9.6,0.4
FUL-008197,ORD-008197,2024-12-07,2024-12-09,2024-12-13,WH-REG-01,FedEx Supply,REG-01,6.7,5,Breached,2700.11,6.1,1.55
FUL-000808,ORD-000808,2024-12-08,2024-12-10,2024-12-13,WH-REG-04,DHL Freight,REG-04,5.0,5,Compliant,3739.4,7.9,0.21
FUL-000955,ORD-000955,2024-12-08,2024-12-09,2024-12-11,WH-REG-05,BlueDart Logistics,REG-05,3.2,5,Compliant,1981.44,9.8,1.68
FUL-002151,ORD-002151,2024-12-08,2024-12-09,2024-12-09,WH-REG-01,Delhivery Express,REG-01,1.3,3,Compliant,2388.58,6.5,1.65
FUL-002555,ORD-002555,2024-12-08,2024-12-09,2024-12-12,WH-REG-03,FedEx Supply,REG-03,4.5,5,Compliant,3423.53,11.6,0.3
FUL-002836,ORD-002836,2024-12-08,2024-12-09,2024-12-10,WH-REG-02,Ecom Express,REG-02,2.2,5,Compliant,4408.41,10.6,1.25
FUL-004755,ORD-004755,2024-12-08,2024-12-09,2024-12-09,WH-REG-02,Ecom Express,REG-02,1.3,3,Compliant,3173.75,10.1,0.96
FUL-006659,ORD-006659,2024-12-08,2024-12-09,2024-12-10,WH-REG-01,FedEx Supply,REG-01,2.5,5,Compliant,2932.24,11.4,0.34
FUL-007790,ORD-007790,2024-12-08,2024-12-10,2024-12-14,WH-REG-01,DHL Freight,REG-01,6.0,5,Breached,2653.64,7.1,0.28
FUL-008331,ORD-008331,2024-12-08,2024-12-10,2024-12-13,WH-REG-03,FedEx Supply,REG-03,5.5,5,Breached,1536.61,8.9,1.78
FUL-005004,ORD-005004,2024-12-09,2024-12-10,2024-12-12,WH-REG-05,FedEx Supply,REG-05,3.0,3,Compliant,941.71,9.5,0.01
FUL-005048,ORD-005048,2024-12-09,2024-12-10,2024-12-13,WH-REG-02,Ecom Express,REG-02,4.3,5,Compliant,3466.91,7.8,0.27
FUL-005185,ORD-005185,2024-12-09,2024-12-10,2024-12-11,WH-REG-02,Delhivery Express,REG-02,2.7,5,Compliant,3670.39,8.8,1.02
FUL-006865,ORD-006865,2024-12-09,2024-12-13,2024-12-19,WH-REG-05,DHL Freight,REG-05,10.899999999999999,5,Breached,3605.51,8.3,0.71
FUL-008136,ORD-008136,2024-12-09,2024-12-10,2024-12-13,WH-REG-05,DHL Freight,REG-05,4.6,5,Compliant,3734.88,9.8,0.53
FUL-003165,ORD-003165,2024-12-10,2024-12-12,2024-12-16,WH-REG-04,Delhivery Express,REG-04,6.0,5,Breached,1139.66,7.4,1.62
FUL-006528,ORD-006528,2024-12-10,2024-12-12,2024-12-16,WH-REG-01,FedEx Supply,REG-01,6.1,5,Breached,3530.9,10.6,1.37
FUL-006740,ORD-006740,2024-12-10,2024-12-12,2024-12-16,WH-REG-02,BlueDart Logistics,REG-02,6.7,3,Breached,2049.26,8.8,1.69
FUL-007727,ORD-007727,2024-12-10,2024-12-11,2024-12-11,WH-REG-02,DHL Freight,REG-02,1.7,5,Compliant,3846.57,9.7,1.5
FUL-008052,ORD-008052,2024-12-10,2024-12-12,2024-12-16,WH-REG-01,Ecom Express,REG-01,6.5,5,Breached,2246.74,5.8,0.71
FUL-000240,ORD-000240,2024-12-11,2024-12-12,2024-12-12,WH-REG-01,Ecom Express,REG-01,1.7,5,Compliant,4132.54,6.6,0.43
FUL-000696,ORD-000696,2024-12-11,2024-12-13,2024-12-16,WH-REG-04,DHL Freight,REG-04,5.5,3,Breached,1537.56,6.9,0.94
FUL-000788,ORD-000788,2024-12-11,2024-12-12,2024-12-12,WH-REG-02,DHL Freight,REG-02,1.5,5,Compliant,1619.45,10.2,1.2
FUL-000923,ORD-000923,2024-12-11,2024-12-13,2024-12-16,WH-REG-01,DHL Freight,REG-01,5.4,3,Breached,3065.17,11.3,0.95
FUL-001928,ORD-001928,2024-12-11,2024-12-12,2024-12-15,WH-REG-03,Delhivery Express,REG-03,4.9,5,Compliant,1692.7,9.2,0.76
FUL-005147,ORD-005147,2024-12-11,2024-12-12,2024-12-15,WH-REG-02,FedEx Supply,REG-02,4.2,5,Compliant,3695.8,11.7,0.14
FUL-007835,ORD-007835,2024-12-11,2024-12-12,2024-12-12,WH-REG-02,DHL Freight,REG-02,1.4,3,Compliant,905.1,5.9,1.59
FUL-001391,ORD-001391,2024-12-12,2024-12-14,2024-12-17,WH-REG-04,BlueDart Logistics,REG-04,5.2,5,Breached,2375.61,9.5,0.2
FUL-002722,ORD-002722,2024-12-12,2024-12-13,2024-12-16,WH-REG-04,FedEx Supply,REG-04,4.1,5,Compliant,1933.07,9.6,1.39
FUL-004824,ORD-004824,2024-12-12,2024-12-14,2024-12-18,WH-REG-05,Delhivery Express,REG-05,6.5,5,Breached,1698.12,11.3,1.64
FUL-006419,ORD-006419,2024-12-12,2024-12-14,2024-12-17,WH-REG-05,Delhivery Express,REG-05,5.8,5,Breached,1077.57,10.6,1.54
FUL-007242,ORD-007242,2024-12-12,2024-12-14,2024-12-17,WH-REG-03,DHL Freight,REG-03,5.4,5,Breached,1984.26,10.4,1.57
FUL-007408,ORD-007408,2024-12-12,2024-12-13,2024-12-13,WH-REG-05,BlueDart Logistics,REG-05,1.3,5,Compliant,4149.54,10.8,0.47
FUL-007800,ORD-007800,2024-12-12,2024-12-13,2024-12-15,WH-REG-05,Delhivery Express,REG-05,3.5,5,Compliant,1884.89,11.3,0.47
FUL-000496,ORD-000496,2024-12-13,2024-12-14,2024-12-17,WH-REG-01,Delhivery Express,REG-01,4.7,5,Compliant,1858.46,11.5,0.34
FUL-001250,ORD-001250,2024-12-13,2024-12-15,2024-12-19,WH-REG-03,BlueDart Logistics,REG-03,6.6,5,Breached,2844.24,10.6,0.17
FUL-002161,ORD-002161,2024-12-13,2024-12-14,2024-12-15,WH-REG-01,Delhivery Express,REG-01,2.9,5,Compliant,1993.45,8.1,1.79
FUL-002611,ORD-002611,2024-12-13,2024-12-14,2024-12-16,WH-REG-05,DHL Freight,REG-05,3.5,3,Breached,1833.17,6.3,1.63
FUL-008161,ORD-008161,2024-12-13,2024-12-14,2024-12-15,WH-REG-03,BlueDart Logistics,REG-03,2.4,3,Compliant,857.39,7.1,0.74
FUL-000304,ORD-000304,2024-12-14,2024-12-15,2024-12-16,WH-REG-01,DHL Freight,REG-01,2.8,5,Compliant,3137.41,11.8,1.64
FUL-000790,ORD-000790,2024-12-14,2024-12-16,2024-12-19,WH-REG-03,Ecom Express,REG-03,5.5,5,Breached,1436.48,6.6,0.64
FUL-001449,ORD-001449,2024-12-14,2024-12-16,2024-12-19,WH-REG-03,FedEx Supply,REG-03,5.6,5,Breached,880.33,11.3,0.01
FUL-004330,ORD-004330,2024-12-14,2024-12-15,2024-12-15,WH-REG-03,Delhivery Express,REG-03,1.5,3,Compliant,4183.86,9.0,1.63
FUL-004927,ORD-004927,2024-12-14,2024-12-15,2024-12-17,WH-REG-05,DHL Freight,REG-05,3.9,5,Compliant,2110.9,11.1,1.26
FUL-005993,ORD-005993,2024-12-14,2024-12-15,2024-12-17,WH-REG-01,FedEx Supply,REG-01,3.6,5,Compliant,3495.77,9.7,0.87
FUL-006562,ORD-006562,2024-12-14,2024-12-15,2024-12-18,WH-REG-04,FedEx Supply,REG-04,4.7,5,Compliant,1734.94,10.2,1.51
FUL-006653,ORD-006653,2024-12-14,2024-12-15,2024-12-18,WH-REG-01,BlueDart Logistics,REG-01,4.7,5,Compliant,2464.22,10.9,0.44
FUL-007100,ORD-007100,2024-12-14,2024-12-15,2024-12-15,WH-REG-03,DHL Freight,REG-03,1.3,5,Compliant,3028.09,8.7,1.41
FUL-007707,ORD-007707,2024-12-14,2024-12-15,2024-12-17,WH-REG-01,FedEx Supply,REG-01,3.0,3,Compliant,1815.1,10.7,0.21
FUL-005683,ORD-005683,2024-12-15,2024-12-16,2024-12-19,WH-REG-03,Delhivery Express,REG-03,4.6,5,Compliant,4145.0,8.2,0.95
FUL-006125,ORD-006125,2024-12-15,2024-12-16,2024-12-19,WH-REG-03,FedEx Supply,REG-03,4.1,3,Breached,868.88,7.9,0.14
FUL-006929,ORD-006929,2024-12-15,2024-12-17,2024-12-20,WH-REG-05,FedEx Supply,REG-05,5.6,5,Breached,2843.85,8.1,0.35
FUL-007381,ORD-007381,2024-12-15,2024-12-16,2024-12-17,WH-REG-02,Ecom Express,REG-02,2.9,5,Compliant,2734.44,11.3,1.2
FUL-007911,ORD-007911,2024-12-15,2024-12-16,2024-12-17,WH-REG-03,Delhivery Express,REG-03,2.8,5,Compliant,3449.28,11.2,1.3
FUL-000686,ORD-000686,2024-12-16,2024-12-17,2024-12-19,WH-REG-02,FedEx Supply,REG-02,3.0,5,Compliant,1610.16,11.8,1.38
FUL-003509,ORD-003509,2024-12-16,2024-12-17,2024-12-20,WH-REG-01,BlueDart Logistics,REG-01,4.6,5,Compliant,2838.72,7.9,0.33
FUL-004999,ORD-004999,2024-12-16,2024-12-17,2024-12-19,WH-REG-01,Delhivery Express,REG-01,3.7,3,Breached,1681.74,10.4,1.35
FUL-007809,ORD-007809,2024-12-16,2024-12-17,2024-12-20,WH-REG-02,DHL Freight,REG-02,4.2,3,Breached,4446.74,11.6,1.38
FUL-008473,ORD-008473,2024-12-16,2024-12-18,2024-12-22,WH-REG-03,Ecom Express,REG-03,6.4,3,Breached,1479.15,6.3,0.17
FUL-001603,ORD-001603,2024-12-17,2024-12-18,2024-12-18,WH-REG-02,BlueDart Logistics,REG-02,1.8,5,Compliant,4108.8,7.1,1.64
FUL-004681,ORD-004681,2024-12-17,2024-12-19,2024-12-23,WH-REG-04,FedEx Supply,REG-04,6.1,5,Breached,1802.76,5.5,1.14
FUL-005811,ORD-005811,2024-12-17,2024-12-19,2024-12-23,WH-REG-04,DHL Freight,REG-04,6.2,5,Breached,3934.13,10.3,1.53
FUL-007049,ORD-007049,2024-12-17,2024-12-18,2024-12-20,WH-REG-05,Delhivery Express,REG-05,3.0,5,Compliant,3707.1,10.7,1.65
FUL-007772,ORD-007772,2024-12-17,2024-12-19,2024-12-22,WH-REG-01,Ecom Express,REG-01,5.6,3,Breached,1207.69,6.7,0.38
FUL-004055,ORD-004055,2024-12-18,2024-12-19,2024-12-20,WH-REG-05,FedEx Supply,REG-05,2.5,5,Compliant,1640.88,11.7,0.72
FUL-007390,ORD-007390,2024-12-18,2024-12-19,2024-12-22,WH-REG-03,Delhivery Express,REG-03,4.4,5,Compliant,4276.88,8.6,0.66
FUL-007927,ORD-007927,2024-12-18,2024-12-20,2024-12-23,WH-REG-04,Ecom Express,REG-04,5.4,5,Breached,2648.9,6.2,1.57
FUL-001494,ORD-001494,2024-12-19,2024-12-21,2024-12-24,WH-REG-05,DHL Freight,REG-05,5.9,5,Breached,2165.13,7.2,1.69
FUL-003230,ORD-003230,2024-12-19,2024-12-20,2024-12-21,WH-REG-05,Ecom Express,REG-05,2.1,5,Compliant,3820.43,5.9,0.19
FUL-003756,ORD-003756,2024-12-19,2024-12-20,2024-12-22,WH-REG-05,Ecom Express,REG-05,3.5,5,Compliant,3879.03,11.8,0.15
FUL-007692,ORD-007692,2024-12-19,2024-12-20,2024-12-22,WH-REG-03,Delhivery Express,REG-03,3.5,5,Compliant,978.39,8.3,0.69
FUL-008239,ORD-008239,2024-12-19,2024-12-21,2024-12-24,WH-REG-01,BlueDart Logistics,REG-01,5.9,5,Breached,1144.55,7.3,1.26
FUL-000449,ORD-000449,2024-12-20,2024-12-22,2024-12-25,WH-REG-03,BlueDart Logistics,REG-03,5.0,5,Compliant,3206.2,10.4,1.78
FUL-001818,ORD-001818,2024-12-20,2024-12-21,2024-12-22,WH-REG-04,Delhivery Express,REG-04,2.7,5,Compliant,1107.16,10.2,0.19
FUL-003023,ORD-003023,2024-12-20,2024-12-21,2024-12-21,WH-REG-03,DHL Freight,REG-03,1.5,5,Compliant,3586.0,9.3,0.96
FUL-005322,ORD-005322,2024-12-20,2024-12-21,2024-12-23,WH-REG-02,Delhivery Express,REG-02,3.9,5,Compliant,1490.94,7.9,0.5
FUL-006371,ORD-006371,2024-12-20,2024-12-21,2024-12-24,WH-REG-03,BlueDart Logistics,REG-03,4.4,5,Compliant,1661.0,10.3,1.42
FUL-007522,ORD-007522,2024-12-20,2024-12-21,2024-12-24,WH-REG-03,Delhivery Express,REG-03,4.8,3,Breached,4460.12,9.4,0.6
FUL-002837,ORD-002837,2024-12-21,2024-12-22,2024-12-22,WH-REG-05,Ecom Express,REG-05,1.3,3,Compliant,3885.45,10.8,1.3
FUL-003962,ORD-003962,2024-12-21,2024-12-22,2024-12-24,WH-REG-01,FedEx Supply,REG-01,3.5,5,Compliant,1927.35,5.7,1.3
FUL-004168,ORD-004168,2024-12-21,2024-12-22,2024-12-24,WH-REG-04,FedEx Supply,REG-04,3.7,5,Compliant,2862.1,7.2,0.89
FUL-005401,ORD-005401,2024-12-21,2024-12-22,2024-12-24,WH-REG-02,Delhivery Express,REG-02,3.2,3,Breached,1020.47,7.7,1.55
FUL-007079,ORD-007079,2024-12-21,2024-12-22,2024-12-24,WH-REG-01,BlueDart Logistics,REG-01,3.0,5,Compliant,2847.26,8.0,0.4
FUL-007965,ORD-007965,2024-12-21,2024-12-23,2024-12-27,WH-REG-01,DHL Freight,REG-01,6.6,5,Breached,3481.78,8.0,1.37
FUL-001218,ORD-001218,2024-12-22,2024-12-24,2024-12-27,WH-REG-05,DHL Freight,REG-05,5.8,5,Breached,3680.81,8.4,0.05
FUL-002520,ORD-002520,2024-12-22,2024-12-24,2024-12-28,WH-REG-05,Ecom Express,REG-05,6.5,3,Breached,3499.78,11.1,0.55
FUL-002664,ORD-002664,2024-12-22,2024-12-23,2024-12-26,WH-REG-04,BlueDart Logistics,REG-04,4.7,5,Compliant,1450.64,5.7,0.67
FUL-000103,ORD-000103,2024-12-23,2024-12-24,2024-12-25,WH-REG-01,Ecom Express,REG-01,2.3,5,Compliant,3186.38,11.6,0.83
FUL-001432,ORD-001432,2024-12-23,2024-12-24,2024-12-24,WH-REG-04,Ecom Express,REG-04,1.9,5,Compliant,1967.17,11.2,0.4
FUL-002563,ORD-002563,2024-12-23,2024-12-24,2024-12-24,WH-REG-01,Delhivery Express,REG-01,1.6,3,Compliant,978.38,9.2,0.86
FUL-003079,ORD-003079,2024-12-23,2024-12-25,2024-12-29,WH-REG-03,BlueDart Logistics,REG-03,6.1,5,Breached,1889.7,10.0,1.72
FUL-003354,ORD-003354,2024-12-23,2024-12-25,2024-12-29,WH-REG-03,Ecom Express,REG-03,6.0,3,Breached,2459.04,11.1,0.99
FUL-003805,ORD-003805,2024-12-23,2024-12-24,2024-12-26,WH-REG-04,DHL Freight,REG-04,3.5,5,Compliant,2091.98,8.7,0.9
FUL-004495,ORD-004495,2024-12-23,2024-12-24,2024-12-27,WH-REG-04,FedEx Supply,REG-04,4.9,5,Compliant,1748.04,10.6,1.44
FUL-004760,ORD-004760,2024-12-23,2024-12-24,2024-12-27,WH-REG-04,DHL Freight,REG-04,4.1,5,Compliant,1499.75,11.9,1.23
FUL-005619,ORD-005619,2024-12-23,2024-12-24,2024-12-25,WH-REG-05,Ecom Express,REG-05,2.7,3,Compliant,1389.06,8.6,0.36
FUL-006482,ORD-006482,2024-12-23,2024-12-24,2024-12-24,WH-REG-01,FedEx Supply,REG-01,1.4,5,Compliant,2583.22,10.6,1.79
FUL-007874,ORD-007874,2024-12-23,2024-12-24,2024-12-26,WH-REG-05,FedEx Supply,REG-05,3.9,3,Breached,1699.83,6.8,0.26
FUL-008469,ORD-008469,2024-12-23,2024-12-24,2024-12-25,WH-REG-03,BlueDart Logistics,REG-03,2.3,5,Compliant,1514.99,5.8,1.22
FUL-000334,ORD-000334,2024-12-24,2024-12-25,2024-12-27,WH-REG-01,Ecom Express,REG-01,3.9,5,Compliant,3358.42,11.6,1.3
FUL-001985,ORD-001985,2024-12-24,2024-12-25,2024-12-26,WH-REG-01,DHL Freight,REG-01,2.2,5,Compliant,2272.86,6.5,1.04
FUL-005216,ORD-005216,2024-12-24,2024-12-25,2024-12-25,WH-REG-02,FedEx Supply,REG-02,1.9,5,Compliant,2417.17,7.6,0.46
FUL-005270,ORD-005270,2024-12-24,2024-12-26,2024-12-30,WH-REG-01,Delhivery Express,REG-01,6.0,5,Breached,1336.14,5.7,1.22
FUL-007558,ORD-007558,2024-12-24,2024-12-25,2024-12-28,WH-REG-01,FedEx Supply,REG-01,4.5,5,Compliant,2726.73,10.4,0.19
FUL-000015,ORD-000015,2024-12-25,2024-12-26,2024-12-26,WH-REG-05,Delhivery Express,REG-05,1.6,5,Compliant,943.49,11.0,0.14
FUL-004900,ORD-004900,2024-12-25,2024-12-27,2024-12-31,WH-REG-04,FedEx Supply,REG-04,6.4,5,Breached,3626.03,6.8,0.77
FUL-005152,ORD-005152,2024-12-25,2024-12-26,2024-12-29,WH-REG-05,BlueDart Logistics,REG-05,4.2,5,Compliant,1255.59,8.4,1.43
FUL-005425,ORD-005425,2024-12-25,2024-12-27,2024-12-30,WH-REG-05,FedEx Supply,REG-05,5.1,3,Breached,2899.76,7.8,0.64
FUL-005437,ORD-005437,2024-12-25,2024-12-26,2024-12-29,WH-REG-05,Delhivery Express,REG-05,4.1,5,Compliant,1013.53,9.3,1.58
FUL-006153,ORD-006153,2024-12-25,2024-12-26,2024-12-29,WH-REG-01,BlueDart Logistics,REG-01,4.6,5,Compliant,2719.73,7.9,0.72
FUL-006171,ORD-006171,2024-12-25,2024-12-26,2024-12-27,WH-REG-04,Delhivery Express,REG-04,2.5,3,Compliant,4014.13,10.2,0.6
FUL-007183,ORD-007183,2024-12-25,2024-12-26,2024-12-28,WH-REG-03,Delhivery Express,REG-03,3.5,5,Compliant,919.04,7.6,1.51
FUL-007745,ORD-007745,2024-12-25,2024-12-27,2024-12-31,WH-REG-04,BlueDart Logistics,REG-04,6.2,5,Breached,3795.2,8.0,1.54
FUL-007900,ORD-007900,2024-12-25,2024-12-26,2024-12-26,WH-REG-02,BlueDart Logistics,REG-02,1.8,5,Compliant,3264.9,5.9,0.27
FUL-000030,ORD-000030,2024-12-26,2024-12-27,2024-12-28,WH-REG-03,BlueDart Logistics,REG-03,2.9,5,Compliant,1230.47,9.0,1.06
FUL-001185,ORD-001185,2024-12-26,2024-12-27,2024-12-28,WH-REG-05,Ecom Express,REG-05,2.4,5,Compliant,3386.23,6.8,0.07
FUL-002557,ORD-002557,2024-12-26,2024-12-27,2024-12-28,WH-REG-02,BlueDart Logistics,REG-02,2.2,5,Compliant,3536.83,7.2,0.13
FUL-002850,ORD-002850,2024-12-26,2024-12-27,2024-12-27,WH-REG-03,Delhivery Express,REG-03,1.4,5,Compliant,1814.15,7.2,0.06
FUL-004279,ORD-004279,2024-12-26,2024-12-27,2024-12-30,WH-REG-05,Ecom Express,REG-05,4.9,5,Compliant,2922.46,9.7,1.53
FUL-004387,ORD-004387,2024-12-26,2024-12-27,2024-12-27,WH-REG-04,Delhivery Express,REG-04,1.8,5,Compliant,3952.03,7.6,1.18
FUL-005011,ORD-005011,2024-12-26,2024-12-27,2024-12-28,WH-REG-05,Delhivery Express,REG-05,2.3,5,Compliant,3227.38,6.1,1.37
FUL-005153,ORD-005153,2024-12-26,2024-12-27,2024-12-30,WH-REG-05,FedEx Supply,REG-05,4.7,5,Compliant,1519.43,7.9,0.86
FUL-005529,ORD-005529,2024-12-26,2024-12-28,2024-12-31,WH-REG-03,FedEx Supply,REG-03,5.7,3,Breached,4311.73,10.4,0.65
FUL-006473,ORD-006473,2024-12-26,2024-12-27,2024-12-28,WH-REG-05,FedEx Supply,REG-05,2.1,5,Compliant,1826.48,7.8,1.42
FUL-007619,ORD-007619,2024-12-26,2024-12-27,2024-12-29,WH-REG-03,FedEx Supply,REG-03,3.8,5,Compliant,3853.22,10.5,0.32
FUL-001635,ORD-001635,2024-12-27,2024-12-28,2024-12-31,WH-REG-01,Ecom Express,REG-01,4.7,5,Compliant,2753.55,6.6,0.82
FUL-002351,ORD-002351,2024-12-27,2024-12-29,2025-01-01,WH-REG-01,Ecom Express,REG-01,5.0,5,Compliant,2736.61,6.6,0.8
FUL-003774,ORD-003774,2024-12-27,2024-12-28,2024-12-28,WH-REG-04,DHL Freight,REG-04,1.9,5,Compliant,2154.95,7.4,0.27
FUL-005380,ORD-005380,2024-12-27,2024-12-28,2024-12-28,WH-REG-02,Delhivery Express,REG-02,1.7,5,Compliant,1327.67,10.2,0.99
FUL-005997,ORD-005997,2024-12-27,2024-12-29,2025-01-02,WH-REG-05,Ecom Express,REG-05,6.2,5,Breached,3248.63,9.8,0.77
FUL-007710,ORD-007710,2024-12-27,2024-12-28,2024-12-30,WH-REG-05,Ecom Express,REG-05,3.5,5,Compliant,2334.22,7.6,1.18
FUL-000454,ORD-000454,2024-12-28,2025-01-01,2025-01-09,WH-REG-01,BlueDart Logistics,REG-01,12.3,5,Breached,4110.46,7.2,1.12
FUL-000586,ORD-000586,2024-12-28,2024-12-30,2025-01-03,WH-REG-02,FedEx Supply,REG-02,6.2,5,Breached,2071.34,9.3,1.18
FUL-004517,ORD-004517,2024-12-28,2024-12-29,2024-12-31,WH-REG-03,FedEx Supply,REG-03,3.3,5,Compliant,1590.18,9.3,0.46
FUL-005967,ORD-005967,2024-12-28,2024-12-29,2024-12-30,WH-REG-04,DHL Freight,REG-04,2.1,5,Compliant,2714.64,10.3,1.33
FUL-006731,ORD-006731,2024-12-28,2024-12-29,2024-12-31,WH-REG-04,BlueDart Logistics,REG-04,3.1,5,Compliant,3518.04,9.1,1.72
FUL-001255,ORD-001255,2024-12-29,2024-12-30,2024-12-31,WH-REG-01,Ecom Express,REG-01,2.8,3,Compliant,3241.69,9.8,0.63
FUL-001394,ORD-001394,2024-12-29,2024-12-30,2024-12-31,WH-REG-01,Ecom Express,REG-01,2.8,3,Compliant,2257.33,10.8,0.61
FUL-003481,ORD-003481,2024-12-29,2024-12-31,2025-01-03,WH-REG-04,DHL Freight,REG-04,5.3,5,Breached,1082.34,6.8,1.65
FUL-006530,ORD-006530,2024-12-29,2024-12-30,2025-01-01,WH-REG-01,DHL Freight,REG-01,3.4,5,Compliant,3908.16,9.6,1.34
FUL-007158,ORD-007158,2024-12-29,2024-12-31,2025-01-03,WH-REG-01,Ecom Express,REG-01,5.4,5,Breached,3394.49,10.1,1.6
FUL-007189,ORD-007189,2024-12-29,2024-12-31,2025-01-04,WH-REG-04,Ecom Express,REG-04,6.4,5,Breached,4109.61,8.4,1.77
FUL-007210,ORD-007210,2024-12-29,2024-12-31,2025-01-04,WH-REG-04,Delhivery Express,REG-04,6.3,5,Breached,1005.52,12.0,0.22
FUL-001507,ORD-001507,2024-12-30,2025-01-01,2025-01-04,WH-REG-04,DHL Freight,REG-04,5.3,5,Breached,4009.48,9.8,1.2
FUL-002056,ORD-002056,2024-12-30,2024-12-31,2025-01-02,WH-REG-05,BlueDart Logistics,REG-05,3.2,5,Compliant,4212.5,11.6,1.55
FUL-002820,ORD-002820,2024-12-30,2024-12-31,2025-01-03,WH-REG-01,BlueDart Logistics,REG-01,4.1,5,Compliant,4109.66,10.3,1.48
FUL-003624,ORD-003624,2024-12-30,2025-01-01,2025-01-05,WH-REG-02,FedEx Supply,REG-02,6.2,5,Breached,3186.63,9.5,1.52
FUL-004048,ORD-004048,2024-12-30,2025-01-01,2025-01-04,WH-REG-02,FedEx Supply,REG-02,5.5,5,Breached,2721.6,6.9,0.63
FUL-004600,ORD-004600,2024-12-30,2024-12-31,2025-01-02,WH-REG-02,DHL Freight,REG-02,3.1,3,Breached,4159.03,10.1,0.27
FUL-006829,ORD-006829,2024-12-30,2024-12-31,2024-12-31,WH-REG-03,Delhivery Express,REG-03,1.3,5,Compliant,3413.5,8.8,0.08
FUL-008396,ORD-008396,2024-12-30,2024-12-31,2025-01-03,WH-REG-05,FedEx Supply,REG-05,4.8,3,Breached,1526.4,11.5,1.72
FUL-001653,ORD-001653,2024-12-31,2025-01-02,2025-01-05,WH-REG-01,FedEx Supply,REG-01,5.5,5,Breached,1634.8,9.7,0.85
FUL-002175,ORD-002175,2024-12-31,2025-01-02,2025-01-05,WH-REG-05,DHL Freight,REG-05,5.5,5,Breached,2997.54,5.8,1.14
FUL-003245,ORD-003245,2024-12-31,2025-01-02,2025-01-05,WH-REG-05,Ecom Express,REG-05,5.5,5,Breached,3142.34,9.8,0.34
FUL-003359,ORD-003359,2024-12-31,2025-01-01,2025-01-03,WH-REG-02,DHL Freight,REG-02,3.1,5,Compliant,2459.41,5.9,0.74
FUL-005825,ORD-005825,2024-12-31,2025-01-01,2025-01-04,WH-REG-05,BlueDart Logistics,REG-05,4.8,5,Compliant,4046.58,10.1,1.12
FUL-005948,ORD-005948,2024-12-31,2025-01-01,2025-01-01,WH-REG-02,Ecom Express,REG-02,1.5,5,Compliant,3646.17,7.1,1.13
FUL-006087,ORD-006087,2024-12-31,2025-01-01,2025-01-04,WH-REG-03,Ecom Express,REG-03,4.0,3,Breached,2290.55,12.0,1.71
FUL-006380,ORD-006380,2024-12-31,2025-01-04,2025-01-10,WH-REG-04,FedEx Supply,REG-04,10.1,3,Breached,2168.81,8.9,1.27
FUL-007375,ORD-007375,2024-12-31,2025-01-01,2025-01-01,WH-REG-01,FedEx Supply,REG-01,1.4,3,Compliant,1824.98,9.3,1.77
FUL-007832,ORD-007832,2024-12-31,2025-01-02,2025-01-05,WH-REG-02,BlueDart Logistics,REG-02,5.3,5,Breached,3772.78,5.5,1.58
FUL-000402,ORD-000402,2025-01-01,2025-01-02,2025-01-04,WH-REG-05,DHL Freight,REG-05,3.8,3,Breached,2158.4,7.6,0.34
FUL-002674,ORD-002674,2025-01-01,2025-01-02,2025-01-05,WH-REG-01,FedEx Supply,REG-01,4.6,5,Compliant,1995.93,10.2,1.53
FUL-002761,ORD-002761,2025-01-01,2025-01-03,2025-01-06,WH-REG-01,FedEx Supply,REG-01,5.6,5,Breached,3991.26,6.7,1.27
FUL-002801,ORD-002801,2025-01-01,2025-01-02,2025-01-02,WH-REG-05,FedEx Supply,REG-05,1.8,5,Compliant,3248.7,7.3,1.42
FUL-003397,ORD-003397,2025-01-01,2025-01-02,2025-01-05,WH-REG-05,BlueDart Logistics,REG-05,4.3,5,Compliant,2878.87,7.8,1.76
FUL-004006,ORD-004006,2025-01-01,2025-01-03,2025-01-07,WH-REG-01,Ecom Express,REG-01,6.7,3,Breached,3690.14,11.0,1.69
FUL-004546,ORD-004546,2025-01-01,2025-01-03,2025-01-06,WH-REG-01,DHL Freight,REG-01,5.0,3,Breached,1856.83,8.4,0.05
FUL-006999,ORD-006999,2025-01-01,2025-01-02,2025-01-04,WH-REG-05,Ecom Express,REG-05,3.9,5,Compliant,2589.54,8.4,1.62
FUL-007255,ORD-007255,2025-01-01,2025-01-03,2025-01-07,WH-REG-05,Delhivery Express,REG-05,6.0,5,Breached,3921.62,8.8,0.99
FUL-007561,ORD-007561,2025-01-01,2025-01-02,2025-01-04,WH-REG-03,DHL Freight,REG-03,3.8,3,Breached,2064.8,7.4,1.5
FUL-008453,ORD-008453,2025-01-01,2025-01-03,2025-01-06,WH-REG-02,Ecom Express,REG-02,5.3,5,Breached,1283.81,6.2,0.75
FUL-000279,ORD-000279,2025-01-02,2025-01-03,2025-01-06,WH-REG-03,Delhivery Express,REG-03,4.8,5,Compliant,2648.86,10.7,0.32
FUL-001208,ORD-001208,2025-01-02,2025-01-03,2025-01-06,WH-REG-03,Ecom Express,REG-03,4.6,5,Compliant,1208.07,5.5,1.57
FUL-004395,ORD-004395,2025-01-02,2025-01-03,2025-01-05,WH-REG-01,Ecom Express,REG-01,3.7,5,Compliant,2607.42,5.8,1.15
FUL-005692,ORD-005692,2025-01-02,2025-01-04,2025-01-07,WH-REG-03,BlueDart Logistics,REG-03,5.5,5,Breached,1642.1,7.9,1.09
FUL-006897,ORD-006897,2025-01-02,2025-01-04,2025-01-08,WH-REG-05,Ecom Express,REG-05,6.6,3,Breached,2853.26,5.6,0.41
FUL-000035,ORD-000035,2025-01-03,2025-01-05,2025-01-09,WH-REG-03,Ecom Express,REG-03,6.5,5,Breached,2972.63,11.0,0.21
FUL-000159,ORD-000159,2025-01-03,2025-01-05,2025-01-08,WH-REG-02,Ecom Express,REG-02,5.2,5,Breached,1694.51,7.2,0.98
FUL-001233,ORD-001233,2025-01-03,2025-01-05,2025-01-08,WH-REG-05,BlueDart Logistics,REG-05,5.8,5,Breached,2720.34,11.1,0.25
FUL-001676,ORD-001676,2025-01-03,2025-01-04,2025-01-05,WH-REG-04,Ecom Express,REG-04,2.4,5,Compliant,1641.02,11.8,1.43
FUL-001689,ORD-001689,2025-01-03,2025-01-05,2025-01-09,WH-REG-01,BlueDart Logistics,REG-01,6.3,5,Breached,1066.94,11.2,0.09
FUL-002168,ORD-002168,2025-01-03,2025-01-05,2025-01-09,WH-REG-02,Delhivery Express,REG-02,6.0,3,Breached,1205.0,11.0,0.4
FUL-002564,ORD-002564,2025-01-03,2025-01-04,2025-01-06,WH-REG-03,FedEx Supply,REG-03,3.1,5,Compliant,1939.58,5.6,1.15
FUL-003141,ORD-003141,2025-01-03,2025-01-04,2025-01-07,WH-REG-04,FedEx Supply,REG-04,4.2,5,Compliant,3042.04,9.5,0.2
FUL-003607,ORD-003607,2025-01-03,2025-01-04,2025-01-04,WH-REG-02,Delhivery Express,REG-02,1.9,5,Compliant,4046.4,10.4,0.41
FUL-003745,ORD-003745,2025-01-03,2025-01-04,2025-01-05,WH-REG-05,FedEx Supply,REG-05,2.0,5,Compliant,1588.77,6.0,0.46
FUL-005474,ORD-005474,2025-01-03,2025-01-04,2025-01-05,WH-REG-02,FedEx Supply,REG-02,2.9,5,Compliant,1946.79,5.5,0.92
FUL-007249,ORD-007249,2025-01-03,2025-01-04,2025-01-06,WH-REG-02,FedEx Supply,REG-02,3.2,5,Compliant,3549.15,10.5,0.06
FUL-000998,ORD-000998,2025-01-04,2025-01-05,2025-01-08,WH-REG-04,FedEx Supply,REG-04,4.9,5,Compliant,2219.97,7.6,0.55
FUL-001316,ORD-001316,2025-01-04,2025-01-05,2025-01-06,WH-REG-03,DHL Freight,REG-03,2.8,5,Compliant,2583.4,6.8,1.36
FUL-002343,ORD-002343,2025-01-04,2025-01-06,2025-01-10,WH-REG-01,Delhivery Express,REG-01,6.1,5,Breached,1208.58,11.9,0.78
FUL-003148,ORD-003148,2025-01-04,2025-01-05,2025-01-06,WH-REG-05,Ecom Express,REG-05,2.9,3,Compliant,2205.13,10.4,1.71
FUL-003350,ORD-003350,2025-01-04,2025-01-06,2025-01-09,WH-REG-01,Delhivery Express,REG-01,5.1,5,Breached,2869.89,10.7,1.5
FUL-005612,ORD-005612,2025-01-04,2025-01-05,2025-01-05,WH-REG-03,Ecom Express,REG-03,1.7,3,Compliant,3730.88,11.6,0.23
FUL-006730,ORD-006730,2025-01-04,2025-01-05,2025-01-06,WH-REG-05,Delhivery Express,REG-05,2.4,3,Compliant,2340.39,10.3,0.15
FUL-000810,ORD-000810,2025-01-05,2025-01-06,2025-01-06,WH-REG-05,BlueDart Logistics,REG-05,1.3,5,Compliant,3087.57,7.4,0.7
FUL-001063,ORD-001063,2025-01-05,2025-01-07,2025-01-11,WH-REG-02,Delhivery Express,REG-02,6.0,5,Breached,3453.98,10.3,0.06
FUL-002349,ORD-002349,2025-01-05,2025-01-07,2025-01-10,WH-REG-03,BlueDart Logistics,REG-03,5.3,5,Breached,1814.62,6.1,0.13
FUL-003820,ORD-003820,2025-01-05,2025-01-07,2025-01-10,WH-REG-05,BlueDart Logistics,REG-05,5.5,5,Breached,1730.16,11.6,0.04
FUL-004245,ORD-004245,2025-01-05,2025-01-07,2025-01-10,WH-REG-04,Ecom Express,REG-04,5.7,5,Breached,2320.68,9.5,0.79
FUL-006860,ORD-006860,2025-01-05,2025-01-06,2025-01-09,WH-REG-05,BlueDart Logistics,REG-05,4.5,5,Compliant,2716.6,8.8,0.34
FUL-007981,ORD-007981,2025-01-05,2025-01-06,2025-01-07,WH-REG-05,FedEx Supply,REG-05,2.3,5,Compliant,4381.01,7.7,0.78
FUL-008209,ORD-008209,2025-01-05,2025-01-06,2025-01-08,WH-REG-03,Delhivery Express,REG-03,3.6,5,Compliant,1142.86,7.8,0.39
FUL-000956,ORD-000956,2025-01-06,2025-01-07,2025-01-08,WH-REG-04,BlueDart Logistics,REG-04,2.1,5,Compliant,2784.33,9.3,0.11
FUL-002310,ORD-002310,2025-01-06,2025-01-08,2025-01-11,WH-REG-01,Ecom Express,REG-01,5.5,5,Breached,1807.83,11.7,0.48
FUL-007612,ORD-007612,2025-01-06,2025-01-08,2025-01-11,WH-REG-03,FedEx Supply,REG-03,5.7,5,Breached,3873.42,8.3,1.01
FUL-008306,ORD-008306,2025-01-06,2025-01-07,2025-01-08,WH-REG-01,Delhivery Express,REG-01,2.3,5,Compliant,1968.73,6.9,0.69
FUL-001040,ORD-001040,2025-01-07,2025-01-09,2025-01-12,WH-REG-05,FedEx Supply,REG-05,5.3,5,Breached,2202.73,6.1,1.07
FUL-002002,ORD-002002,2025-01-07,2025-01-08,2025-01-10,WH-REG-02,Delhivery Express,REG-02,3.3,3,Breached,4239.15,7.9,1.52
FUL-003020,ORD-003020,2025-01-07,2025-01-08,2025-01-10,WH-REG-02,FedEx Supply,REG-02,3.7,5,Compliant,2947.53,6.0,1.47
FUL-003249,ORD-003249,2025-01-07,2025-01-08,2025-01-10,WH-REG-03,Ecom Express,REG-03,3.0,5,Compliant,872.49,5.6,0.29
FUL-003726,ORD-003726,2025-01-07,2025-01-08,2025-01-11,WH-REG-04,Delhivery Express,REG-04,4.1,5,Compliant,1207.58,11.4,0.12
FUL-003849,ORD-003849,2025-01-07,2025-01-08,2025-01-11,WH-REG-01,FedEx Supply,REG-01,4.0,3,Breached,3940.08,10.8,1.39
FUL-004613,ORD-004613,2025-01-07,2025-01-08,2025-01-08,WH-REG-05,FedEx Supply,REG-05,1.9,3,Compliant,3168.63,6.4,0.93
FUL-004972,ORD-004972,2025-01-07,2025-01-08,2025-01-11,WH-REG-02,Delhivery Express,REG-02,4.7,5,Compliant,4463.97,8.1,0.85
FUL-005400,ORD-005400,2025-01-07,2025-01-08,2025-01-11,WH-REG-03,BlueDart Logistics,REG-03,4.4,3,Breached,1257.03,6.1,1.15
FUL-006549,ORD-006549,2025-01-07,2025-01-09,2025-01-12,WH-REG-01,BlueDart Logistics,REG-01,5.8,5,Breached,3302.21,9.2,1.07
FUL-006603,ORD-006603,2025-01-07,2025-01-08,2025-01-11,WH-REG-05,BlueDart Logistics,REG-05,4.9,5,Compliant,3051.1,9.1,1.34
FUL-007689,ORD-007689,2025-01-07,2025-01-08,2025-01-11,WH-REG-02,FedEx Supply,REG-02,4.0,5,Compliant,3929.52,8.7,1.09
FUL-007844,ORD-007844,2025-01-07,2025-01-08,2025-01-08,WH-REG-05,DHL Freight,REG-05,1.9,3,Compliant,3503.59,9.7,0.49
FUL-008151,ORD-008151,2025-01-07,2025-01-08,2025-01-10,WH-REG-01,BlueDart Logistics,REG-01,3.5,5,Compliant,1848.36,8.3,0.11
FUL-000424,ORD-000424,2025-01-08,2025-01-09,2025-01-10,WH-REG-03,Delhivery Express,REG-03,2.4,5,Compliant,3035.34,8.6,0.4
FUL-000706,ORD-000706,2025-01-08,2025-01-09,2025-01-09,WH-REG-05,DHL Freight,REG-05,1.6,5,Compliant,2843.94,9.0,0.47
FUL-001522,ORD-001522,2025-01-08,2025-01-10,2025-01-14,WH-REG-04,Ecom Express,REG-04,6.4,5,Breached,2206.55,7.5,1.63
FUL-002092,ORD-002092,2025-01-08,2025-01-09,2025-01-12,WH-REG-02,FedEx Supply,REG-02,4.1,5,Compliant,3983.01,5.9,0.48
FUL-003595,ORD-003595,2025-01-08,2025-01-09,2025-01-12,WH-REG-01,FedEx Supply,REG-01,4.7,3,Breached,3769.58,7.4,1.23
FUL-003691,ORD-003691,2025-01-08,2025-01-10,2025-01-14,WH-REG-01,Ecom Express,REG-01,6.0,3,Breached,3076.04,8.5,1.66
FUL-006029,ORD-006029,2025-01-08,2025-01-09,2025-01-10,WH-REG-04,BlueDart Logistics,REG-04,2.8,3,Compliant,1959.95,10.8,0.03
FUL-006876,ORD-006876,2025-01-08,2025-01-10,2025-01-13,WH-REG-03,BlueDart Logistics,REG-03,5.5,5,Breached,4377.58,7.1,0.14
FUL-007782,ORD-007782,2025-01-08,2025-01-09,2025-01-12,WH-REG-01,BlueDart Logistics,REG-01,4.4,5,Compliant,4228.21,11.9,1.53
FUL-007789,ORD-007789,2025-01-08,2025-01-09,2025-01-09,WH-REG-05,Delhivery Express,REG-05,1.8,5,Compliant,1712.05,8.5,0.61
FUL-003219,ORD-003219,2025-01-09,2025-01-10,2025-01-10,WH-REG-01,DHL Freight,REG-01,1.7,3,Compliant,4488.77,7.8,1.44
FUL-003450,ORD-003450,2025-01-09,2025-01-11,2025-01-15,WH-REG-03,BlueDart Logistics,REG-03,6.6,5,Breached,3722.57,5.6,0.43
FUL-003692,ORD-003692,2025-01-09,2025-01-11,2025-01-15,WH-REG-02,BlueDart Logistics,REG-02,6.6,5,Breached,3119.26,7.9,0.51
FUL-004026,ORD-004026,2025-01-09,2025-01-10,2025-01-13,WH-REG-04,Delhivery Express,REG-04,4.4,5,Compliant,2419.2,7.5,1.17
FUL-006047,ORD-006047,2025-01-09,2025-01-10,2025-01-11,WH-REG-04,Delhivery Express,REG-04,2.8,5,Compliant,4014.85,9.5,0.15
FUL-006292,ORD-006292,2025-01-09,2025-01-10,2025-01-13,WH-REG-02,DHL Freight,REG-02,4.4,5,Compliant,3715.15,7.9,0.29
FUL-008145,ORD-008145,2025-01-09,2025-01-11,2025-01-14,WH-REG-02,DHL Freight,REG-02,5.7,5,Breached,3948.19,10.9,0.91
FUL-008402,ORD-008402,2025-01-09,2025-01-10,2025-01-12,WH-REG-01,DHL Freight,REG-01,3.4,5,Compliant,1842.13,9.6,0.43
FUL-000010,ORD-000010,2025-01-10,2025-01-11,2025-01-12,WH-REG-02,FedEx Supply,REG-02,2.4,3,Compliant,3512.2,10.5,1.69
FUL-000307,ORD-000307,2025-01-10,2025-01-11,2025-01-13,WH-REG-01,Ecom Express,REG-01,3.6,5,Compliant,2668.49,9.7,1.63
FUL-000559,ORD-000559,2025-01-10,2025-01-12,2025-01-16,WH-REG-02,BlueDart Logistics,REG-02,6.1,3,Breached,2258.09,10.6,0.73
FUL-000636,ORD-000636,2025-01-10,2025-01-11,2025-01-11,WH-REG-03,BlueDart Logistics,REG-03,1.3,5,Compliant,1180.69,9.1,1.74
FUL-002098,ORD-002098,2025-01-10,2025-01-11,2025-01-12,WH-REG-01,BlueDart Logistics,REG-01,2.0,5,Compliant,4376.64,6.0,1.0
FUL-002293,ORD-002293,2025-01-10,2025-01-11,2025-01-11,WH-REG-01,BlueDart Logistics,REG-01,1.3,5,Compliant,1437.75,10.0,1.16
FUL-002780,ORD-002780,2025-01-10,2025-01-11,2025-01-12,WH-REG-05,Delhivery Express,REG-05,2.4,3,Compliant,2086.83,9.5,1.57
FUL-004324,ORD-004324,2025-01-10,2025-01-11,2025-01-13,WH-REG-02,FedEx Supply,REG-02,3.7,5,Compliant,1299.94,9.8,0.73
FUL-004501,ORD-004501,2025-01-10,2025-01-11,2025-01-13,WH-REG-03,DHL Freight,REG-03,3.1,5,Compliant,2067.91,9.6,0.83
FUL-005603,ORD-005603,2025-01-10,2025-01-11,2025-01-11,WH-REG-05,DHL Freight,REG-05,1.6,3,Compliant,4006.79,10.5,1.41
FUL-006819,ORD-006819,2025-01-10,2025-01-12,2025-01-15,WH-REG-05,Ecom Express,REG-05,5.4,5,Breached,2489.71,11.8,1.43
FUL-008250,ORD-008250,2025-01-10,2025-01-11,2025-01-12,WH-REG-03,FedEx Supply,REG-03,2.1,5,Compliant,3670.8,10.4,0.29
FUL-008363,ORD-008363,2025-01-10,2025-01-12,2025-01-16,WH-REG-02,BlueDart Logistics,REG-02,6.2,5,Breached,4260.49,11.8,1.55
FUL-001124,ORD-001124,2025-01-11,2025-01-12,2025-01-14,WH-REG-03,DHL Freight,REG-03,3.8,3,Breached,2920.17,11.1,0.28
FUL-001672,ORD-001672,2025-01-11,2025-01-12,2025-01-14,WH-REG-04,Delhivery Express,REG-04,3.2,5,Compliant,2974.27,11.6,0.8
FUL-003093,ORD-003093,2025-01-11,2025-01-13,2025-01-16,WH-REG-02,Ecom Express,REG-02,5.8,5,Breached,1399.79,11.1,0.74
FUL-003462,ORD-003462,2025-01-11,2025-01-13,2025-01-16,WH-REG-03,Delhivery Express,REG-03,5.7,5,Breached,1955.13,8.0,0.97
FUL-005189,ORD-005189,2025-01-11,2025-01-13,2025-01-17,WH-REG-03,Ecom Express,REG-03,6.0,3,Breached,1862.21,7.6,0.07
FUL-005472,ORD-005472,2025-01-11,2025-01-12,2025-01-13,WH-REG-02,DHL Freight,REG-02,2.2,5,Compliant,1639.36,6.0,0.43
FUL-006306,ORD-006306,2025-01-11,2025-01-15,2025-01-21,WH-REG-01,Delhivery Express,REG-01,10.4,5,Breached,4247.2,9.8,0.08
FUL-007525,ORD-007525,2025-01-11,2025-01-12,2025-01-14,WH-REG-04,DHL Freight,REG-04,3.8,3,Breached,1024.5,9.7,0.13
FUL-007574,ORD-007574,2025-01-11,2025-01-13,2025-01-16,WH-REG-01,BlueDart Logistics,REG-01,5.6,5,Breached,1835.8,10.4,0.08
FUL-001771,ORD-001771,2025-01-12,2025-01-14,2025-01-18,WH-REG-03,Delhivery Express,REG-03,6.5,5,Breached,853.61,9.0,0.36
FUL-004556,ORD-004556,2025-01-12,2025-01-13,2025-01-14,WH-REG-03,BlueDart Logistics,REG-03,2.8,5,Compliant,3065.69,6.1,1.33
FUL-005460,ORD-005460,2025-01-12,2025-01-14,2025-01-18,WH-REG-01,DHL Freight,REG-01,6.5,5,Breached,2337.56,9.6,0.29
FUL-006479,ORD-006479,2025-01-12,2025-01-13,2025-01-14,WH-REG-04,Ecom Express,REG-04,2.3,5,Compliant,3287.36,10.3,0.89
FUL-007636,ORD-007636,2025-01-12,2025-01-14,2025-01-18,WH-REG-01,FedEx Supply,REG-01,6.2,5,Breached,2819.04,9.7,0.63
FUL-007977,ORD-007977,2025-01-12,2025-01-13,2025-01-14,WH-REG-04,FedEx Supply,REG-04,2.2,5,Compliant,2498.53,11.5,0.06
FUL-003477,ORD-003477,2025-01-13,2025-01-14,2025-01-15,WH-REG-01,Ecom Express,REG-01,2.4,5,Compliant,1611.66,9.6,0.41
FUL-005124,ORD-005124,2025-01-13,2025-01-14,2025-01-17,WH-REG-01,BlueDart Logistics,REG-01,4.4,5,Compliant,2810.98,8.5,0.94
FUL-005524,ORD-005524,2025-01-13,2025-01-15,2025-01-19,WH-REG-01,BlueDart Logistics,REG-01,6.7,5,Breached,4258.87,11.2,0.44
FUL-006968,ORD-006968,2025-01-13,2025-01-15,2025-01-19,WH-REG-04,Ecom Express,REG-04,6.8,5,Breached,1565.19,11.5,0.71
FUL-007335,ORD-007335,2025-01-13,2025-01-15,2025-01-19,WH-REG-04,Ecom Express,REG-04,6.6,3,Breached,3076.32,10.3,0.44
FUL-008124,ORD-008124,2025-01-13,2025-01-14,2025-01-17,WH-REG-02,BlueDart Logistics,REG-02,4.6,5,Compliant,4096.71,6.1,0.32
FUL-000107,ORD-000107,2025-01-14,2025-01-15,2025-01-17,WH-REG-01,Delhivery Express,REG-01,3.0,5,Compliant,2864.19,9.0,0.61
FUL-001727,ORD-001727,2025-01-14,2025-01-15,2025-01-16,WH-REG-01,FedEx Supply,REG-01,2.4,3,Compliant,2893.58,11.4,0.01
FUL-002285,ORD-002285,2025-01-14,2025-01-15,2025-01-18,WH-REG-04,Ecom Express,REG-04,4.9,5,Compliant,1990.96,8.2,0.84
FUL-002534,ORD-002534,2025-01-14,2025-01-16,2025-01-19,WH-REG-05,FedEx Supply,REG-05,5.8,5,Breached,2689.23,10.3,1.23
FUL-004045,ORD-004045,2025-01-14,2025-01-16,2025-01-19,WH-REG-02,DHL Freight,REG-02,5.2,5,Breached,2294.04,9.2,0.54
FUL-005758,ORD-005758,2025-01-14,2025-01-17,2025-01-23,WH-REG-04,BlueDart Logistics,REG-04,9.0,3,Breached,4010.86,8.0,0.93
FUL-006135,ORD-006135,2025-01-14,2025-01-15,2025-01-16,WH-REG-03,DHL Freight,REG-03,2.6,5,Compliant,3683.12,6.6,1.14
FUL-006682,ORD-006682,2025-01-14,2025-01-15,2025-01-17,WH-REG-04,FedEx Supply,REG-04,3.2,5,Compliant,4355.9,11.9,1.02
FUL-007899,ORD-007899,2025-01-14,2025-01-16,2025-01-20,WH-REG-05,Ecom Express,REG-05,6.3,5,Breached,3856.2,9.5,1.51
FUL-002955,ORD-002955,2025-01-15,2025-01-17,2025-01-21,WH-REG-02,Ecom Express,REG-02,6.0,5,Breached,3722.35,7.1,0.64
FUL-004702,ORD-004702,2025-01-15,2025-01-16,2025-01-19,WH-REG-04,BlueDart Logistics,REG-04,4.9,5,Compliant,1156.11,9.6,1.42
FUL-005247,ORD-005247,2025-01-15,2025-01-17,2025-01-20,WH-REG-03,Delhivery Express,REG-03,5.8,3,Breached,3798.89,7.3,0.12
FUL-005551,ORD-005551,2025-01-15,2025-01-17,2025-01-20,WH-REG-05,FedEx Supply,REG-05,5.4,3,Breached,4137.67,10.1,1.11
FUL-007050,ORD-007050,2025-01-15,2025-01-16,2025-01-18,WH-REG-01,BlueDart Logistics,REG-01,3.5,5,Compliant,2704.68,10.9,1.49
FUL-007226,ORD-007226,2025-01-15,2025-01-16,2025-01-17,WH-REG-01,Delhivery Express,REG-01,2.7,5,Compliant,3412.92,11.2,0.21
FUL-000023,ORD-000023,2025-01-16,2025-01-17,2025-01-19,WH-REG-04,FedEx Supply,REG-04,3.6,3,Breached,1123.42,8.3,1.62
FUL-002807,ORD-002807,2025-01-16,2025-01-18,2025-01-22,WH-REG-04,FedEx Supply,REG-04,6.1,5,Breached,4027.51,7.3,0.6
FUL-004701,ORD-004701,2025-01-16,2025-01-21,2025-01-30,WH-REG-02,Delhivery Express,REG-02,14.4,5,Breached,1856.76,5.6,1.1
FUL-004883,ORD-004883,2025-01-16,2025-01-17,2025-01-18,WH-REG-02,FedEx Supply,REG-02,2.4,5,Compliant,3221.76,8.2,1.07
FUL-005706,ORD-005706,2025-01-16,2025-01-17,2025-01-20,WH-REG-03,FedEx Supply,REG-03,4.1,3,Breached,1238.24,8.5,0.55
FUL-006410,ORD-006410,2025-01-16,2025-01-18,2025-01-21,WH-REG-04,FedEx Supply,REG-04,5.7,5,Breached,2054.68,9.7,0.12
FUL-007246,ORD-007246,2025-01-16,2025-01-21,2025-01-29,WH-REG-01,FedEx Supply,REG-01,13.6,5,Breached,2543.63,11.0,0.9
FUL-002480,ORD-002480,2025-01-17,2025-01-18,2025-01-18,WH-REG-01,Delhivery Express,REG-01,1.7,3,Compliant,4237.64,6.8,1.18
FUL-004825,ORD-004825,2025-01-17,2025-01-18,2025-01-20,WH-REG-04,BlueDart Logistics,REG-04,3.9,5,Compliant,3554.72,10.4,0.31
FUL-005039,ORD-005039,2025-01-17,2025-01-18,2025-01-20,WH-REG-02,FedEx Supply,REG-02,3.1,5,Compliant,1997.0,11.5,1.71
FUL-006681,ORD-006681,2025-01-17,2025-01-18,2025-01-18,WH-REG-03,Delhivery Express,REG-03,1.8,5,Compliant,2969.32,7.7,0.8
FUL-007163,ORD-007163,2025-01-17,2025-01-18,2025-01-21,WH-REG-04,FedEx Supply,REG-04,4.4,5,Compliant,4387.26,9.2,0.34
FUL-007485,ORD-007485,2025-01-17,2025-01-19,2025-01-23,WH-REG-02,Delhivery Express,REG-02,6.5,5,Breached,2879.03,11.4,0.6
FUL-000055,ORD-000055,2025-01-18,2025-01-19,2025-01-22,WH-REG-04,Ecom Express,REG-04,4.6,5,Compliant,3542.37,10.5,1.64
FUL-001202,ORD-001202,2025-01-18,2025-01-19,2025-01-22,WH-REG-02,DHL Freight,REG-02,4.6,5,Compliant,1315.4,9.0,1.72
FUL-002390,ORD-002390,2025-01-18,2025-01-19,2025-01-21,WH-REG-01,Delhivery Express,REG-01,3.1,3,Breached,2494.27,8.6,1.47
FUL-003432,ORD-003432,2025-01-18,2025-01-19,2025-01-21,WH-REG-03,FedEx Supply,REG-03,3.3,5,Compliant,1640.92,9.6,0.18
FUL-003869,ORD-003869,2025-01-18,2025-01-20,2025-01-23,WH-REG-04,Ecom Express,REG-04,5.3,5,Breached,1213.84,8.5,0.49
FUL-004365,ORD-004365,2025-01-18,2025-01-20,2025-01-24,WH-REG-04,DHL Freight,REG-04,6.6,5,Breached,3032.13,9.4,1.32
FUL-005456,ORD-005456,2025-01-18,2025-01-19,2025-01-21,WH-REG-02,DHL Freight,REG-02,3.4,5,Compliant,2216.58,5.7,1.61
FUL-007124,ORD-007124,2025-01-18,2025-01-19,2025-01-21,WH-REG-01,Delhivery Express,REG-01,3.0,5,Compliant,1655.31,8.2,0.71
FUL-000627,ORD-000627,2025-01-19,2025-01-20,2025-01-22,WH-REG-04,DHL Freight,REG-04,3.8,5,Compliant,1842.37,8.2,1.06
FUL-000687,ORD-000687,2025-01-19,2025-01-20,2025-01-20,WH-REG-01,BlueDart Logistics,REG-01,1.9,3,Compliant,3256.89,9.6,1.39
FUL-003766,ORD-003766,2025-01-19,2025-01-20,2025-01-21,WH-REG-03,Ecom Express,REG-03,2.1,5,Compliant,2613.86,9.7,0.01
FUL-005123,ORD-005123,2025-01-19,2025-01-20,2025-01-23,WH-REG-02,Ecom Express,REG-02,4.3,5,Compliant,3039.36,6.5,1.09
FUL-007833,ORD-007833,2025-01-19,2025-01-20,2025-01-22,WH-REG-02,FedEx Supply,REG-02,3.0,3,Compliant,1507.12,7.3,0.96
FUL-000528,ORD-000528,2025-01-20,2025-01-22,2025-01-25,WH-REG-05,Ecom Express,REG-05,5.5,5,Breached,2821.52,9.3,1.53
FUL-000828,ORD-000828,2025-01-20,2025-01-21,2025-01-21,WH-REG-02,FedEx Supply,REG-02,1.7,5,Compliant,2608.64,5.8,0.44
FUL-002464,ORD-002464,2025-01-20,2025-01-21,2025-01-24,WH-REG-05,BlueDart Logistics,REG-05,4.6,5,Compliant,4061.98,11.5,0.03
FUL-004307,ORD-004307,2025-01-20,2025-01-21,2025-01-24,WH-REG-05,FedEx Supply,REG-05,4.1,5,Compliant,1663.55,8.8,1.55
FUL-004405,ORD-004405,2025-01-20,2025-01-21,2025-01-22,WH-REG-03,Delhivery Express,REG-03,2.7,5,Compliant,3681.54,6.2,1.61
FUL-004577,ORD-004577,2025-01-20,2025-01-22,2025-01-25,WH-REG-03,Ecom Express,REG-03,5.3,5,Breached,1989.24,11.1,1.16
FUL-004974,ORD-004974,2025-01-20,2025-01-21,2025-01-22,WH-REG-02,FedEx Supply,REG-02,2.9,5,Compliant,3106.71,5.9,1.42
FUL-006595,ORD-006595,2025-01-20,2025-01-21,2025-01-22,WH-REG-01,Ecom Express,REG-01,2.6,3,Compliant,2752.18,8.0,0.65
FUL-007055,ORD-007055,2025-01-20,2025-01-22,2025-01-25,WH-REG-04,DHL Freight,REG-04,5.8,5,Breached,1869.41,10.6,0.91
FUL-001011,ORD-001011,2025-01-21,2025-01-23,2025-01-26,WH-REG-03,Delhivery Express,REG-03,5.6,5,Breached,2710.75,6.9,1.12
FUL-004337,ORD-004337,2025-01-21,2025-01-23,2025-01-26,WH-REG-03,Delhivery Express,REG-03,5.1,3,Breached,3962.86,9.2,0.45
FUL-004708,ORD-004708,2025-01-21,2025-01-22,2025-01-22,WH-REG-01,Ecom Express,REG-01,1.6,5,Compliant,3395.29,10.9,1.45
FUL-006261,ORD-006261,2025-01-21,2025-01-23,2025-01-26,WH-REG-03,BlueDart Logistics,REG-03,5.9,5,Breached,3580.93,9.6,0.92
FUL-007060,ORD-007060,2025-01-21,2025-01-22,2025-01-24,WH-REG-04,DHL Freight,REG-04,3.7,3,Breached,2536.19,5.7,0.69
FUL-000238,ORD-000238,2025-01-22,2025-01-24,2025-01-27,WH-REG-01,DHL Freight,REG-01,5.2,5,Breached,2763.46,9.3,0.52
FUL-000361,ORD-000361,2025-01-22,2025-01-23,2025-01-24,WH-REG-01,BlueDart Logistics,REG-01,2.4,5,Compliant,3524.95,10.8,1.53
FUL-001881,ORD-001881,2025-01-22,2025-01-23,2025-01-23,WH-REG-02,Delhivery Express,REG-02,1.8,5,Compliant,3289.87,9.7,0.6
FUL-004266,ORD-004266,2025-01-22,2025-01-24,2025-01-27,WH-REG-04,BlueDart Logistics,REG-04,5.6,5,Breached,2448.03,6.8,1.07
FUL-006891,ORD-006891,2025-01-22,2025-01-24,2025-01-28,WH-REG-03,DHL Freight,REG-03,6.0,5,Breached,4234.79,5.6,0.43
FUL-008057,ORD-008057,2025-01-22,2025-01-23,2025-01-26,WH-REG-05,Ecom Express,REG-05,4.3,5,Compliant,1054.54,6.5,0.59
FUL-001235,ORD-001235,2025-01-23,2025-01-24,2025-01-24,WH-REG-05,BlueDart Logistics,REG-05,1.9,5,Compliant,2693.25,6.1,0.87
FUL-001850,ORD-001850,2025-01-23,2025-01-24,2025-01-25,WH-REG-02,FedEx Supply,REG-02,2.0,5,Compliant,2154.52,5.8,0.96
FUL-002699,ORD-002699,2025-01-23,2025-01-25,2025-01-29,WH-REG-04,FedEx Supply,REG-04,6.2,5,Breached,1509.68,7.2,1.68
FUL-002946,ORD-002946,2025-01-23,2025-01-24,2025-01-25,WH-REG-05,FedEx Supply,REG-05,2.0,3,Compliant,2775.87,6.3,0.53
FUL-002997,ORD-002997,2025-01-23,2025-01-24,2025-01-25,WH-REG-02,FedEx Supply,REG-02,2.9,5,Compliant,2185.17,11.4,0.02
FUL-003565,ORD-003565,2025-01-23,2025-01-25,2025-01-29,WH-REG-05,Ecom Express,REG-05,6.7,3,Breached,4289.1,5.6,0.9
FUL-003752,ORD-003752,2025-01-23,2025-01-25,2025-01-28,WH-REG-01,Delhivery Express,REG-01,5.5,5,Breached,2063.49,5.6,0.46
FUL-004966,ORD-004966,2025-01-23,2025-01-24,2025-01-26,WH-REG-03,Delhivery Express,REG-03,3.7,5,Compliant,2778.53,6.7,0.92
FUL-005451,ORD-005451,2025-01-23,2025-01-24,2025-01-25,WH-REG-01,DHL Freight,REG-01,2.7,5,Compliant,3189.44,7.1,0.5
FUL-005813,ORD-005813,2025-01-23,2025-01-24,2025-01-26,WH-REG-04,BlueDart Logistics,REG-04,3.6,5,Compliant,3759.24,10.3,1.51
FUL-006670,ORD-006670,2025-01-23,2025-01-24,2025-01-24,WH-REG-04,Ecom Express,REG-04,1.4,5,Compliant,941.46,8.2,0.04
FUL-007424,ORD-007424,2025-01-23,2025-01-25,2025-01-29,WH-REG-01,DHL Freight,REG-01,6.6,5,Breached,3628.68,6.2,0.77
FUL-008086,ORD-008086,2025-01-23,2025-01-25,2025-01-28,WH-REG-05,Ecom Express,REG-05,5.5,5,Breached,2761.3,7.4,1.68
FUL-008305,ORD-008305,2025-01-23,2025-01-24,2025-01-24,WH-REG-04,Ecom Express,REG-04,1.3,5,Compliant,2652.96,8.9,0.83
FUL-001000,ORD-001000,2025-01-24,2025-01-26,2025-01-29,WH-REG-02,FedEx Supply,REG-02,5.4,5,Breached,1147.3,7.3,1.03
FUL-001420,ORD-001420,2025-01-24,2025-01-25,2025-01-25,WH-REG-01,BlueDart Logistics,REG-01,1.9,5,Compliant,1805.73,7.1,1.38
FUL-002359,ORD-002359,2025-01-24,2025-01-26,2025-01-30,WH-REG-05,Ecom Express,REG-05,6.1,5,Breached,2962.29,11.7,1.54
FUL-003538,ORD-003538,2025-01-24,2025-01-25,2025-01-28,WH-REG-02,BlueDart Logistics,REG-02,4.6,5,Compliant,2951.73,7.9,0.58
FUL-004027,ORD-004027,2025-01-24,2025-01-27,2025-02-01,WH-REG-05,BlueDart Logistics,REG-05,8.8,5,Breached,2699.66,7.9,0.88
FUL-004135,ORD-004135,2025-01-24,2025-01-25,2025-01-27,WH-REG-05,BlueDart Logistics,REG-05,3.0,5,Compliant,1860.37,9.3,0.51
FUL-004584,ORD-004584,2025-01-24,2025-01-25,2025-01-25,WH-REG-04,Ecom Express,REG-04,1.6,5,Compliant,2975.47,10.9,0.95
FUL-004739,ORD-004739,2025-01-24,2025-01-25,2025-01-28,WH-REG-05,BlueDart Logistics,REG-05,4.6,5,Compliant,2538.7,6.3,0.81
FUL-005653,ORD-005653,2025-01-24,2025-01-25,2025-01-26,WH-REG-05,BlueDart Logistics,REG-05,2.2,5,Compliant,988.33,7.0,1.22
FUL-006034,ORD-006034,2025-01-24,2025-01-26,2025-01-29,WH-REG-04,Delhivery Express,REG-04,5.9,5,Breached,904.39,11.3,0.21
FUL-000195,ORD-000195,2025-01-25,2025-01-27,2025-01-31,WH-REG-03,BlueDart Logistics,REG-03,6.0,5,Breached,1537.96,10.8,0.88
FUL-000488,ORD-000488,2025-01-25,2025-01-27,2025-01-30,WH-REG-04,FedEx Supply,REG-04,5.9,5,Breached,4320.54,6.0,1.26
FUL-005389,ORD-005389,2025-01-25,2025-01-26,2025-01-29,WH-REG-02,FedEx Supply,REG-02,4.6,3,Breached,4261.63,6.7,0.73
FUL-005475,ORD-005475,2025-01-25,2025-01-26,2025-01-28,WH-REG-02,BlueDart Logistics,REG-02,3.5,5,Compliant,2827.59,5.7,1.59
FUL-007495,ORD-007495,2025-01-25,2025-01-26,2025-01-29,WH-REG-04,Ecom Express,REG-04,4.0,5,Compliant,3322.55,8.0,1.51
FUL-007895,ORD-007895,2025-01-25,2025-01-26,2025-01-27,WH-REG-02,Delhivery Express,REG-02,2.3,5,Compliant,1964.47,11.0,0.8
FUL-008232,ORD-008232,2025-01-25,2025-01-26,2025-01-28,WH-REG-03,Ecom Express,REG-03,3.2,5,Compliant,2821.38,9.4,0.79
FUL-000861,ORD-000861,2025-01-26,2025-01-27,2025-01-29,WH-REG-05,Ecom Express,REG-05,3.1,5,Compliant,3614.31,6.7,0.81
FUL-001573,ORD-001573,2025-01-26,2025-01-27,2025-01-29,WH-REG-01,DHL Freight,REG-01,3.4,5,Compliant,868.75,9.0,0.27
FUL-002419,ORD-002419,2025-01-26,2025-01-28,2025-01-31,WH-REG-05,FedEx Supply,REG-05,5.1,3,Breached,3390.33,5.6,1.71
FUL-002517,ORD-002517,2025-01-26,2025-01-28,2025-02-01,WH-REG-03,Delhivery Express,REG-03,6.2,3,Breached,3794.2,6.0,0.12
FUL-004591,ORD-004591,2025-01-26,2025-01-28,2025-01-31,WH-REG-01,Delhivery Express,REG-01,5.8,5,Breached,878.22,8.8,1.54
FUL-005548,ORD-005548,2025-01-26,2025-01-28,2025-01-31,WH-REG-01,FedEx Supply,REG-01,5.9,5,Breached,1264.4,7.9,0.01
FUL-006986,ORD-006986,2025-01-26,2025-01-28,2025-01-31,WH-REG-03,DHL Freight,REG-03,5.7,3,Breached,3771.16,8.6,1.26
FUL-007170,ORD-007170,2025-01-26,2025-01-27,2025-01-27,WH-REG-05,FedEx Supply,REG-05,1.6,5,Compliant,4313.16,10.6,0.7
FUL-007411,ORD-007411,2025-01-26,2025-01-27,2025-01-30,WH-REG-01,Ecom Express,REG-01,4.1,5,Compliant,1485.84,6.6,0.19
FUL-007523,ORD-007523,2025-01-26,2025-01-27,2025-01-28,WH-REG-04,Ecom Express,REG-04,2.0,5,Compliant,3989.03,10.4,1.4
FUL-007548,ORD-007548,2025-01-26,2025-01-28,2025-02-01,WH-REG-03,FedEx Supply,REG-03,6.6,5,Breached,3333.55,8.4,0.92
FUL-002223,ORD-002223,2025-01-27,2025-01-28,2025-01-29,WH-REG-03,FedEx Supply,REG-03,2.7,3,Compliant,3030.45,11.1,1.47
FUL-002816,ORD-002816,2025-01-27,2025-01-29,2025-02-01,WH-REG-01,FedEx Supply,REG-01,5.0,5,Compliant,3846.35,10.2,1.28
FUL-006148,ORD-006148,2025-01-27,2025-01-29,2025-02-01,WH-REG-04,DHL Freight,REG-04,5.0,5,Compliant,1974.48,10.9,0.18
FUL-006831,ORD-006831,2025-01-27,2025-01-28,2025-01-31,WH-REG-03,DHL Freight,REG-03,4.7,3,Breached,4397.94,6.4,0.58
FUL-006877,ORD-006877,2025-01-27,2025-01-29,2025-02-02,WH-REG-03,DHL Freight,REG-03,6.8,5,Breached,1480.85,9.1,1.53
FUL-001251,ORD-001251,2025-01-28,2025-01-29,2025-01-31,WH-REG-03,BlueDart Logistics,REG-03,3.6,3,Breached,1792.9,9.7,0.46
FUL-001392,ORD-001392,2025-01-28,2025-01-29,2025-02-01,WH-REG-05,FedEx Supply,REG-05,4.5,3,Breached,4448.78,7.7,1.79
FUL-002908,ORD-002908,2025-01-28,2025-01-29,2025-01-30,WH-REG-03,Ecom Express,REG-03,2.8,5,Compliant,3615.13,7.2,0.36
FUL-004828,ORD-004828,2025-01-28,2025-01-30,2025-02-02,WH-REG-05,BlueDart Logistics,REG-05,5.2,5,Breached,3798.1,11.8,1.42
FUL-005167,ORD-005167,2025-01-28,2025-01-29,2025-02-01,WH-REG-02,Delhivery Express,REG-02,4.6,5,Compliant,2951.68,6.8,0.42
FUL-006290,ORD-006290,2025-01-28,2025-01-29,2025-01-30,WH-REG-01,DHL Freight,REG-01,2.0,5,Compliant,2181.53,7.8,1.57
FUL-006861,ORD-006861,2025-01-28,2025-01-30,2025-02-03,WH-REG-04,BlueDart Logistics,REG-04,6.0,5,Breached,2185.83,7.2,0.26
FUL-007406,ORD-007406,2025-01-28,2025-01-30,2025-02-03,WH-REG-01,DHL Freight,REG-01,6.8,3,Breached,4265.98,8.2,0.11
FUL-007440,ORD-007440,2025-01-28,2025-01-29,2025-01-30,WH-REG-01,DHL Freight,REG-01,2.8,3,Compliant,1704.55,5.7,1.5
FUL-000515,ORD-000515,2025-01-29,2025-01-30,2025-02-01,WH-REG-04,DHL Freight,REG-04,3.4,5,Compliant,2431.6,6.4,1.11
FUL-000821,ORD-000821,2025-01-29,2025-01-30,2025-01-31,WH-REG-04,Delhivery Express,REG-04,2.1,5,Compliant,1519.7,10.6,1.56
FUL-000985,ORD-000985,2025-01-29,2025-01-30,2025-02-01,WH-REG-02,Ecom Express,REG-02,3.3,3,Breached,1693.21,6.3,1.0
FUL-001143,ORD-001143,2025-01-29,2025-01-30,2025-02-02,WH-REG-04,FedEx Supply,REG-04,4.4,3,Breached,2863.62,9.6,0.55
FUL-001262,ORD-001262,2025-01-29,2025-01-30,2025-01-30,WH-REG-04,BlueDart Logistics,REG-04,1.8,5,Compliant,2341.9,11.6,1.69
FUL-001448,ORD-001448,2025-01-29,2025-01-31,2025-02-03,WH-REG-02,BlueDart Logistics,REG-02,5.1,5,Breached,4294.05,7.0,1.42
FUL-001625,ORD-001625,2025-01-29,2025-01-31,2025-02-03,WH-REG-03,DHL Freight,REG-03,5.0,3,Breached,4021.71,9.6,1.13
FUL-001703,ORD-001703,2025-01-29,2025-01-31,2025-02-03,WH-REG-05,FedEx Supply,REG-05,5.3,5,Breached,1459.99,6.3,1.68
FUL-001971,ORD-001971,2025-01-29,2025-01-30,2025-02-01,WH-REG-02,DHL Freight,REG-02,3.8,5,Compliant,2485.56,6.9,1.46
FUL-001980,ORD-001980,2025-01-29,2025-01-30,2025-02-02,WH-REG-05,Delhivery Express,REG-05,4.8,5,Compliant,4200.18,10.7,0.19
FUL-002449,ORD-002449,2025-01-29,2025-01-30,2025-01-31,WH-REG-02,BlueDart Logistics,REG-02,2.0,5,Compliant,2913.81,7.7,1.33
FUL-002450,ORD-002450,2025-01-29,2025-01-30,2025-02-02,WH-REG-01,FedEx Supply,REG-01,4.4,5,Compliant,3684.28,8.1,0.91
FUL-002904,ORD-002904,2025-01-29,2025-01-30,2025-01-30,WH-REG-03,DHL Freight,REG-03,1.6,3,Compliant,1993.33,10.8,0.1
FUL-004276,ORD-004276,2025-01-29,2025-01-30,2025-02-02,WH-REG-01,FedEx Supply,REG-01,4.0,5,Compliant,1270.71,8.1,0.07
FUL-004313,ORD-004313,2025-01-29,2025-01-31,2025-02-03,WH-REG-01,BlueDart Logistics,REG-01,5.0,3,Breached,3060.48,6.7,1.05
FUL-006033,ORD-006033,2025-01-29,2025-01-30,2025-01-31,WH-REG-03,Ecom Express,REG-03,2.4,5,Compliant,2552.78,6.7,0.64
FUL-000239,ORD-000239,2025-01-30,2025-02-01,2025-02-05,WH-REG-04,Delhivery Express,REG-04,6.4,5,Breached,2120.77,11.3,0.64
FUL-000551,ORD-000551,2025-01-30,2025-01-31,2025-01-31,WH-REG-03,FedEx Supply,REG-03,1.7,5,Compliant,3697.5,8.7,1.02
FUL-001094,ORD-001094,2025-01-30,2025-02-01,2025-02-04,WH-REG-05,FedEx Supply,REG-05,5.6,5,Breached,3827.12,7.8,0.76
FUL-006243,ORD-006243,2025-01-30,2025-01-31,2025-02-03,WH-REG-04,FedEx Supply,REG-04,4.1,5,Compliant,3633.6,6.5,0.49
FUL-006754,ORD-006754,2025-01-30,2025-02-01,2025-02-04,WH-REG-05,FedEx Supply,REG-05,5.1,5,Breached,1262.06,6.0,1.38
FUL-001194,ORD-001194,2025-01-31,2025-02-02,2025-02-05,WH-REG-01,BlueDart Logistics,REG-01,5.5,5,Breached,2887.1,8.8,0.33
FUL-001705,ORD-001705,2025-01-31,2025-02-01,2025-02-03,WH-REG-05,Delhivery Express,REG-05,3.0,5,Compliant,1472.74,9.6,0.09
FUL-003728,ORD-003728,2025-01-31,2025-02-01,2025-02-02,WH-REG-02,FedEx Supply,REG-02,2.8,5,Compliant,1306.61,6.1,0.49
FUL-004085,ORD-004085,2025-01-31,2025-02-02,2025-02-06,WH-REG-05,FedEx Supply,REG-05,6.0,5,Breached,969.69,11.0,0.08
FUL-005308,ORD-005308,2025-01-31,2025-02-02,2025-02-05,WH-REG-05,FedEx Supply,REG-05,5.4,5,Breached,1583.65,7.0,0.42
FUL-006748,ORD-006748,2025-01-31,2025-02-01,2025-02-03,WH-REG-05,DHL Freight,REG-05,3.4,3,Breached,1860.89,6.5,1.4
FUL-008175,ORD-008175,2025-01-31,2025-02-01,2025-02-03,WH-REG-02,Delhivery Express,REG-02,3.5,5,Compliant,4365.13,11.4,0.24
FUL-000385,ORD-000385,2025-02-01,2025-02-03,2025-02-06,WH-REG-02,Delhivery Express,REG-02,5.5,5,Breached,4051.79,7.8,0.02
FUL-000784,ORD-000784,2025-02-01,2025-02-02,2025-02-02,WH-REG-01,Ecom Express,REG-01,1.5,5,Compliant,3661.86,10.4,0.47
FUL-000912,ORD-000912,2025-02-01,2025-02-03,2025-02-07,WH-REG-01,Ecom Express,REG-01,6.6,3,Breached,3748.16,8.6,0.6
FUL-001400,ORD-001400,2025-02-01,2025-02-02,2025-02-05,WH-REG-05,Ecom Express,REG-05,4.7,5,Compliant,2997.76,8.2,1.51
FUL-001671,ORD-001671,2025-02-01,2025-02-02,2025-02-02,WH-REG-05,Ecom Express,REG-05,1.9,5,Compliant,2266.42,10.7,1.25
FUL-002635,ORD-002635,2025-02-01,2025-02-03,2025-02-06,WH-REG-03,DHL Freight,REG-03,5.6,5,Breached,2434.08,6.8,1.02
FUL-003341,ORD-003341,2025-02-01,2025-02-03,2025-02-07,WH-REG-03,Delhivery Express,REG-03,6.4,5,Breached,2610.57,6.6,0.18
FUL-003914,ORD-003914,2025-02-01,2025-02-03,2025-02-07,WH-REG-01,Delhivery Express,REG-01,6.8,3,Breached,4064.41,6.2,0.21
FUL-004295,ORD-004295,2025-02-01,2025-02-02,2025-02-05,WH-REG-04,Delhivery Express,REG-04,4.8,5,Compliant,2087.94,9.8,0.43
FUL-006313,ORD-006313,2025-02-01,2025-02-02,2025-02-05,WH-REG-02,Delhivery Express,REG-02,4.5,5,Compliant,2204.39,6.0,1.22
FUL-007773,ORD-007773,2025-02-01,2025-02-02,2025-02-03,WH-REG-04,Ecom Express,REG-04,2.2,5,Compliant,4317.16,8.3,1.66
FUL-001887,ORD-001887,2025-02-02,2025-02-04,2025-02-07,WH-REG-02,DHL Freight,REG-02,5.9,3,Breached,4205.62,5.6,0.4
FUL-002539,ORD-002539,2025-02-02,2025-02-04,2025-02-07,WH-REG-05,Delhivery Express,REG-05,5.2,5,Breached,2781.3,8.9,1.74
FUL-002774,ORD-002774,2025-02-02,2025-02-04,2025-02-08,WH-REG-01,BlueDart Logistics,REG-01,6.1,3,Breached,4447.47,11.6,1.18
FUL-002788,ORD-002788,2025-02-02,2025-02-03,2025-02-05,WH-REG-02,DHL Freight,REG-02,3.1,5,Compliant,2777.54,10.3,1.5
FUL-002928,ORD-002928,2025-02-02,2025-02-03,2025-02-04,WH-REG-03,FedEx Supply,REG-03,2.6,5,Compliant,3584.41,8.1,0.26
FUL-004633,ORD-004633,2025-02-02,2025-02-04,2025-02-07,WH-REG-03,FedEx Supply,REG-03,5.0,5,Compliant,3917.69,9.6,1.33
FUL-007749,ORD-007749,2025-02-02,2025-02-03,2025-02-04,WH-REG-02,FedEx Supply,REG-02,2.2,5,Compliant,2736.24,7.0,0.93
FUL-007756,ORD-007756,2025-02-02,2025-02-03,2025-02-05,WH-REG-05,BlueDart Logistics,REG-05,3.1,3,Breached,1475.42,7.9,0.6
FUL-000045,ORD-000045,2025-02-03,2025-02-04,2025-02-05,WH-REG-02,Ecom Express,REG-02,2.3,5,Compliant,3059.34,9.1,1.44
FUL-000175,ORD-000175,2025-02-03,2025-02-05,2025-02-09,WH-REG-04,Ecom Express,REG-04,6.6,5,Breached,4050.3,6.0,1.4
FUL-000249,ORD-000249,2025-02-03,2025-02-08,2025-02-16,WH-REG-02,DHL Freight,REG-02,13.5,5,Breached,3785.69,6.6,1.22
FUL-001176,ORD-001176,2025-02-03,2025-02-05,2025-02-09,WH-REG-01,Ecom Express,REG-01,6.0,5,Breached,3366.93,10.9,0.44
FUL-001772,ORD-001772,2025-02-03,2025-02-04,2025-02-07,WH-REG-03,Delhivery Express,REG-03,4.2,5,Compliant,2738.61,11.7,0.05
FUL-002723,ORD-002723,2025-02-03,2025-02-04,2025-02-06,WH-REG-01,Ecom Express,REG-01,3.5,5,Compliant,4431.32,7.3,1.11
FUL-002869,ORD-002869,2025-02-03,2025-02-04,2025-02-05,WH-REG-03,Delhivery Express,REG-03,2.2,5,Compliant,2547.25,11.9,1.04
FUL-002979,ORD-002979,2025-02-03,2025-02-04,2025-02-05,WH-REG-04,FedEx Supply,REG-04,2.6,5,Compliant,865.65,7.9,0.89
FUL-004190,ORD-004190,2025-02-03,2025-02-05,2025-02-08,WH-REG-04,DHL Freight,REG-04,5.3,5,Breached,3278.88,10.0,1.45
FUL-004197,ORD-004197,2025-02-03,2025-02-04,2025-02-07,WH-REG-02,Ecom Express,REG-02,4.1,5,Compliant,2295.28,8.4,0.04
FUL-005968,ORD-005968,2025-02-03,2025-02-04,2025-02-07,WH-REG-01,BlueDart Logistics,REG-01,4.6,3,Breached,1595.99,6.5,0.48
FUL-007014,ORD-007014,2025-02-03,2025-02-05,2025-02-09,WH-REG-05,DHL Freight,REG-05,6.2,5,Breached,1154.27,9.6,1.66
FUL-007282,ORD-007282,2025-02-03,2025-02-04,2025-02-06,WH-REG-03,BlueDart Logistics,REG-03,3.9,3,Breached,3727.96,5.7,0.44
FUL-007413,ORD-007413,2025-02-03,2025-02-05,2025-02-08,WH-REG-05,Ecom Express,REG-05,5.2,5,Breached,2420.91,8.3,0.53
FUL-007674,ORD-007674,2025-02-03,2025-02-04,2025-02-04,WH-REG-03,Delhivery Express,REG-03,1.4,5,Compliant,3972.19,11.0,0.22
FUL-007885,ORD-007885,2025-02-03,2025-02-04,2025-02-04,WH-REG-03,Delhivery Express,REG-03,1.8,5,Compliant,1537.44,8.1,0.64
FUL-001725,ORD-001725,2025-02-04,2025-02-05,2025-02-05,WH-REG-05,DHL Freight,REG-05,1.3,5,Compliant,2168.97,7.7,0.05
FUL-001962,ORD-001962,2025-02-04,2025-02-06,2025-02-09,WH-REG-02,Ecom Express,REG-02,5.8,5,Breached,2713.2,7.4,0.72
FUL-002355,ORD-002355,2025-02-04,2025-02-05,2025-02-05,WH-REG-03,BlueDart Logistics,REG-03,1.3,3,Compliant,3602.96,9.8,0.25
FUL-002805,ORD-002805,2025-02-04,2025-02-06,2025-02-09,WH-REG-03,Ecom Express,REG-03,5.4,3,Breached,4198.42,9.8,1.14
FUL-002990,ORD-002990,2025-02-04,2025-02-05,2025-02-07,WH-REG-02,BlueDart Logistics,REG-02,3.5,5,Compliant,1947.37,10.5,0.49
FUL-003798,ORD-003798,2025-02-04,2025-02-05,2025-02-05,WH-REG-03,Ecom Express,REG-03,1.6,5,Compliant,4024.79,6.2,1.02
FUL-007626,ORD-007626,2025-02-04,2025-02-05,2025-02-06,WH-REG-05,Delhivery Express,REG-05,2.8,5,Compliant,1320.39,8.3,1.29
FUL-007731,ORD-007731,2025-02-04,2025-02-05,2025-02-07,WH-REG-03,DHL Freight,REG-03,3.7,3,Breached,3649.33,6.8,0.08
FUL-003739,ORD-003739,2025-02-05,2025-02-06,2025-02-07,WH-REG-05,Ecom Express,REG-05,2.8,3,Compliant,4401.41,9.7,0.53
FUL-004803,ORD-004803,2025-02-05,2025-02-07,2025-02-11,WH-REG-04,FedEx Supply,REG-04,6.0,3,Breached,3963.05,6.8,0.4
FUL-005259,ORD-005259,2025-02-05,2025-02-06,2025-02-08,WH-REG-01,BlueDart Logistics,REG-01,3.2,5,Compliant,3962.15,7.0,1.07
FUL-005438,ORD-005438,2025-02-05,2025-02-07,2025-02-10,WH-REG-04,FedEx Supply,REG-04,5.3,5,Breached,4433.86,6.3,1.09
FUL-006607,ORD-006607,2025-02-05,2025-02-07,2025-02-10,WH-REG-04,BlueDart Logistics,REG-04,5.2,5,Breached,4305.59,10.6,1.46
FUL-008384,ORD-008384,2025-02-05,2025-02-06,2025-02-08,WH-REG-04,FedEx Supply,REG-04,3.8,5,Compliant,2242.62,6.1,0.66
FUL-000047,ORD-000047,2025-02-06,2025-02-07,2025-02-08,WH-REG-03,Delhivery Express,REG-03,2.3,5,Compliant,1374.74,7.6,0.0
FUL-000310,ORD-000310,2025-02-06,2025-02-07,2025-02-09,WH-REG-01,FedEx Supply,REG-01,3.5,5,Compliant,888.9,10.9,1.13
FUL-000709,ORD-000709,2025-02-06,2025-02-08,2025-02-11,WH-REG-05,Ecom Express,REG-05,5.2,5,Breached,1602.04,6.5,1.57
FUL-001070,ORD-001070,2025-02-06,2025-02-07,2025-02-09,WH-REG-05,FedEx Supply,REG-05,3.6,5,Compliant,4355.39,6.2,1.8
FUL-002789,ORD-002789,2025-02-06,2025-02-07,2025-02-08,WH-REG-02,BlueDart Logistics,REG-02,2.8,5,Compliant,2617.34,8.3,1.71
FUL-002965,ORD-002965,2025-02-06,2025-02-08,2025-02-12,WH-REG-03,FedEx Supply,REG-03,6.0,5,Breached,2706.01,9.9,1.64
FUL-003031,ORD-003031,2025-02-06,2025-02-07,2025-02-08,WH-REG-01,Delhivery Express,REG-01,2.4,3,Compliant,3249.77,10.0,0.74
FUL-003179,ORD-003179,2025-02-06,2025-02-07,2025-02-10,WH-REG-05,BlueDart Logistics,REG-05,4.3,5,Compliant,4304.22,10.3,0.91
FUL-004478,ORD-004478,2025-02-06,2025-02-07,2025-02-08,WH-REG-05,DHL Freight,REG-05,2.3,5,Compliant,3696.24,10.7,0.13
FUL-006271,ORD-006271,2025-02-06,2025-02-07,2025-02-07,WH-REG-01,DHL Freight,REG-01,1.2,3,Compliant,1205.53,10.7,0.26
FUL-007008,ORD-007008,2025-02-06,2025-02-07,2025-02-07,WH-REG-01,BlueDart Logistics,REG-01,1.9,5,Compliant,1053.03,10.2,1.05
FUL-007145,ORD-007145,2025-02-06,2025-02-08,2025-02-11,WH-REG-05,Ecom Express,REG-05,5.1,5,Breached,1813.83,6.2,1.55
FUL-007459,ORD-007459,2025-02-06,2025-02-07,2025-02-10,WH-REG-02,BlueDart Logistics,REG-02,4.6,3,Breached,3712.97,6.6,0.51
FUL-001577,ORD-001577,2025-02-07,2025-02-09,2025-02-12,WH-REG-04,Delhivery Express,REG-04,5.5,5,Breached,3513.56,6.6,0.75
FUL-001817,ORD-001817,2025-02-07,2025-02-09,2025-02-13,WH-REG-05,FedEx Supply,REG-05,6.0,5,Breached,2864.46,6.9,0.77
FUL-006123,ORD-006123,2025-02-07,2025-02-08,2025-02-08,WH-REG-05,Delhivery Express,REG-05,1.3,5,Compliant,1530.82,9.3,0.92
FUL-006257,ORD-006257,2025-02-07,2025-02-08,2025-02-08,WH-REG-05,BlueDart Logistics,REG-05,1.4,5,Compliant,1831.18,9.0,0.6
FUL-007499,ORD-007499,2025-02-07,2025-02-08,2025-02-08,WH-REG-01,BlueDart Logistics,REG-01,1.3,5,Compliant,4104.1,6.1,1.64
FUL-000362,ORD-000362,2025-02-08,2025-02-10,2025-02-13,WH-REG-05,BlueDart Logistics,REG-05,5.8,5,Breached,2131.7,11.5,0.07
FUL-001207,ORD-001207,2025-02-08,2025-02-09,2025-02-10,WH-REG-02,DHL Freight,REG-02,2.9,5,Compliant,2237.84,6.1,1.22
FUL-001960,ORD-001960,2025-02-08,2025-02-10,2025-02-14,WH-REG-04,Ecom Express,REG-04,6.7,5,Breached,1045.78,10.5,1.73
FUL-004147,ORD-004147,2025-02-08,2025-02-09,2025-02-11,WH-REG-03,FedEx Supply,REG-03,3.7,5,Compliant,3144.66,10.7,0.77
FUL-005627,ORD-005627,2025-02-08,2025-02-09,2025-02-10,WH-REG-01,Ecom Express,REG-01,2.7,5,Compliant,1857.58,10.1,1.4
FUL-005772,ORD-005772,2025-02-08,2025-02-09,2025-02-12,WH-REG-01,Ecom Express,REG-01,4.8,5,Compliant,4110.61,11.0,0.78
FUL-007618,ORD-007618,2025-02-08,2025-02-09,2025-02-12,WH-REG-05,BlueDart Logistics,REG-05,4.1,3,Breached,4219.35,8.1,0.91
FUL-007738,ORD-007738,2025-02-08,2025-02-09,2025-02-09,WH-REG-02,FedEx Supply,REG-02,1.2,3,Compliant,4319.54,10.4,1.58
FUL-008458,ORD-008458,2025-02-08,2025-02-09,2025-02-11,WH-REG-05,DHL Freight,REG-05,3.9,5,Compliant,3766.39,8.3,0.16
FUL-000668,ORD-000668,2025-02-09,2025-02-10,2025-02-11,WH-REG-03,Ecom Express,REG-03,2.7,5,Compliant,1739.28,11.4,1.17
FUL-003912,ORD-003912,2025-02-09,2025-02-10,2025-02-13,WH-REG-04,DHL Freight,REG-04,4.1,5,Compliant,2323.56,9.0,1.7
FUL-005727,ORD-005727,2025-02-09,2025-02-10,2025-02-11,WH-REG-04,Delhivery Express,REG-04,2.8,5,Compliant,2388.58,6.9,1.77
FUL-006155,ORD-006155,2025-02-09,2025-02-10,2025-02-10,WH-REG-04,BlueDart Logistics,REG-04,1.6,5,Compliant,1931.3,10.0,0.6
FUL-006830,ORD-006830,2025-02-09,2025-02-11,2025-02-14,WH-REG-02,BlueDart Logistics,REG-02,5.1,5,Breached,1412.87,6.2,0.48
FUL-007494,ORD-007494,2025-02-09,2025-02-10,2025-02-12,WH-REG-02,Ecom Express,REG-02,3.3,5,Compliant,1678.1,5.7,1.53
FUL-000398,ORD-000398,2025-02-10,2025-02-11,2025-02-13,WH-REG-03,Delhivery Express,REG-03,3.3,5,Compliant,4295.39,6.6,0.56
FUL-001128,ORD-001128,2025-02-10,2025-02-15,2025-02-22,WH-REG-03,Delhivery Express,REG-03,12.700000000000001,3,Breached,4475.83,11.9,0.33
FUL-002358,ORD-002358,2025-02-10,2025-02-12,2025-02-16,WH-REG-01,Delhivery Express,REG-01,6.7,5,Breached,1899.98,7.2,1.52
FUL-003475,ORD-003475,2025-02-10,2025-02-11,2025-02-12,WH-REG-03,Delhivery Express,REG-03,2.5,5,Compliant,1181.99,6.7,0.16
FUL-004794,ORD-004794,2025-02-10,2025-02-11,2025-02-12,WH-REG-01,DHL Freight,REG-01,2.4,5,Compliant,4320.48,11.5,0.78
FUL-006639,ORD-006639,2025-02-10,2025-02-12,2025-02-16,WH-REG-03,DHL Freight,REG-03,6.1,5,Breached,1036.67,11.5,1.37
FUL-007987,ORD-007987,2025-02-10,2025-02-11,2025-02-14,WH-REG-01,Ecom Express,REG-01,4.7,5,Compliant,1824.32,11.6,0.3
FUL-008296,ORD-008296,2025-02-10,2025-02-11,2025-02-13,WH-REG-04,BlueDart Logistics,REG-04,3.0,5,Compliant,3653.07,10.0,0.95
FUL-000232,ORD-000232,2025-02-11,2025-02-13,2025-02-16,WH-REG-03,FedEx Supply,REG-03,5.0,5,Compliant,1991.3,8.6,0.29
FUL-000878,ORD-000878,2025-02-11,2025-02-12,2025-02-12,WH-REG-02,Delhivery Express,REG-02,1.2,5,Compliant,2350.41,9.6,0.42
FUL-001892,ORD-001892,2025-02-11,2025-02-12,2025-02-15,WH-REG-04,BlueDart Logistics,REG-04,4.0,5,Compliant,2750.0,11.3,0.41
FUL-002606,ORD-002606,2025-02-11,2025-02-12,2025-02-14,WH-REG-01,BlueDart Logistics,REG-01,3.2,5,Compliant,1498.97,8.3,0.8
FUL-002652,ORD-002652,2025-02-11,2025-02-12,2025-02-14,WH-REG-04,Ecom Express,REG-04,3.9,5,Compliant,2854.83,11.7,0.84
FUL-005843,ORD-005843,2025-02-11,2025-02-12,2025-02-15,WH-REG-05,FedEx Supply,REG-05,4.6,3,Breached,3203.96,8.7,1.02
FUL-006116,ORD-006116,2025-02-11,2025-02-12,2025-02-15,WH-REG-01,Delhivery Express,REG-01,4.0,3,Breached,3751.85,8.3,1.52
FUL-006566,ORD-006566,2025-02-11,2025-02-12,2025-02-15,WH-REG-02,FedEx Supply,REG-02,4.3,5,Compliant,3414.37,6.4,1.09
FUL-007724,ORD-007724,2025-02-11,2025-02-12,2025-02-15,WH-REG-01,BlueDart Logistics,REG-01,4.7,3,Breached,2130.6,8.6,0.58
FUL-008260,ORD-008260,2025-02-11,2025-02-12,2025-02-12,WH-REG-04,Ecom Express,REG-04,1.3,5,Compliant,1360.7,9.7,1.48
FUL-008293,ORD-008293,2025-02-11,2025-02-12,2025-02-14,WH-REG-01,Delhivery Express,REG-01,3.6,5,Compliant,4401.34,9.5,1.29
FUL-000333,ORD-000333,2025-02-12,2025-02-13,2025-02-13,WH-REG-01,FedEx Supply,REG-01,1.7,3,Compliant,1218.83,10.8,0.71
FUL-000560,ORD-000560,2025-02-12,2025-02-13,2025-02-13,WH-REG-02,Ecom Express,REG-02,1.6,5,Compliant,1256.75,6.5,0.84
FUL-001311,ORD-001311,2025-02-12,2025-02-13,2025-02-13,WH-REG-05,Delhivery Express,REG-05,1.9,5,Compliant,1816.3,7.8,0.59
FUL-002163,ORD-002163,2025-02-12,2025-02-13,2025-02-13,WH-REG-03,Ecom Express,REG-03,1.8,5,Compliant,1510.84,11.6,1.64
FUL-003443,ORD-003443,2025-02-12,2025-02-14,2025-02-18,WH-REG-02,Ecom Express,REG-02,6.7,3,Breached,3244.87,10.9,0.1
FUL-004199,ORD-004199,2025-02-12,2025-02-13,2025-02-16,WH-REG-05,FedEx Supply,REG-05,4.3,5,Compliant,1733.57,7.4,0.62
FUL-005982,ORD-005982,2025-02-12,2025-02-14,2025-02-18,WH-REG-01,FedEx Supply,REG-01,6.2,5,Breached,1891.09,9.3,0.74
FUL-006068,ORD-006068,2025-02-12,2025-02-14,2025-02-17,WH-REG-01,FedEx Supply,REG-01,5.0,3,Breached,2587.63,7.5,0.12
FUL-006398,ORD-006398,2025-02-12,2025-02-14,2025-02-17,WH-REG-01,FedEx Supply,REG-01,5.4,5,Breached,3466.04,8.5,0.75
FUL-007828,ORD-007828,2025-02-12,2025-02-13,2025-02-13,WH-REG-05,BlueDart Logistics,REG-05,1.7,5,Compliant,4158.84,10.4,0.91
FUL-000641,ORD-000641,2025-02-13,2025-02-14,2025-02-15,WH-REG-03,FedEx Supply,REG-03,2.3,3,Compliant,2555.25,10.9,1.38
FUL-001223,ORD-001223,2025-02-13,2025-02-14,2025-02-15,WH-REG-01,BlueDart Logistics,REG-01,2.3,5,Compliant,1249.49,9.4,0.76
FUL-001614,ORD-001614,2025-02-13,2025-02-14,2025-02-16,WH-REG-02,Ecom Express,REG-02,3.6,5,Compliant,2655.03,10.1,0.94
FUL-003675,ORD-003675,2025-02-13,2025-02-14,2025-02-15,WH-REG-05,BlueDart Logistics,REG-05,2.5,5,Compliant,4202.41,9.4,0.67
FUL-004912,ORD-004912,2025-02-13,2025-02-15,2025-02-19,WH-REG-01,FedEx Supply,REG-01,6.2,5,Breached,4268.09,8.8,1.26
FUL-005033,ORD-005033,2025-02-13,2025-02-14,2025-02-17,WH-REG-01,FedEx Supply,REG-01,4.1,5,Compliant,1361.09,6.4,1.45
FUL-008497,ORD-008497,2025-02-13,2025-02-14,2025-02-16,WH-REG-01,Ecom Express,REG-01,3.5,5,Compliant,3534.85,10.8,1.36
FUL-002212,ORD-002212,2025-02-14,2025-02-15,2025-02-16,WH-REG-02,DHL Freight,REG-02,2.7,5,Compliant,2042.26,9.2,0.79
FUL-003842,ORD-003842,2025-02-14,2025-02-15,2025-02-17,WH-REG-02,FedEx Supply,REG-02,3.5,5,Compliant,4188.25,10.4,0.11
FUL-004075,ORD-004075,2025-02-14,2025-02-15,2025-02-17,WH-REG-03,Delhivery Express,REG-03,3.5,5,Compliant,1472.72,8.6,0.52
FUL-004574,ORD-004574,2025-02-14,2025-02-15,2025-02-16,WH-REG-05,FedEx Supply,REG-05,2.7,5,Compliant,1021.6,6.1,1.52
FUL-005192,ORD-005192,2025-02-14,2025-02-15,2025-02-16,WH-REG-01,FedEx Supply,REG-01,2.5,5,Compliant,1059.83,7.2,1.49
FUL-005769,ORD-005769,2025-02-14,2025-02-15,2025-02-15,WH-REG-03,Ecom Express,REG-03,1.4,5,Compliant,2488.15,7.7,0.4
FUL-006360,ORD-006360,2025-02-14,2025-02-16,2025-02-20,WH-REG-02,DHL Freight,REG-02,6.7,5,Breached,931.82,7.9,0.55
FUL-006507,ORD-006507,2025-02-14,2025-02-15,2025-02-16,WH-REG-01,Delhivery Express,REG-01,2.1,5,Compliant,4052.94,8.5,0.44
FUL-008495,ORD-008495,2025-02-14,2025-02-16,2025-02-19,WH-REG-02,Ecom Express,REG-02,5.0,5,Compliant,3260.18,11.7,0.06
FUL-002913,ORD-002913,2025-02-15,2025-02-16,2025-02-18,WH-REG-03,Delhivery Express,REG-03,3.9,5,Compliant,4460.05,8.3,0.28
FUL-003361,ORD-003361,2025-02-15,2025-02-16,2025-02-16,WH-REG-02,DHL Freight,REG-02,1.3,5,Compliant,1078.5,11.3,1.39
FUL-003611,ORD-003611,2025-02-15,2025-02-16,2025-02-17,WH-REG-04,Delhivery Express,REG-04,2.6,5,Compliant,1169.25,8.3,0.49
FUL-005207,ORD-005207,2025-02-15,2025-02-17,2025-02-21,WH-REG-04,Delhivery Express,REG-04,6.8,5,Breached,4172.53,11.4,1.76
FUL-006901,ORD-006901,2025-02-15,2025-02-17,2025-02-21,WH-REG-02,FedEx Supply,REG-02,6.0,5,Breached,3852.27,8.7,0.02
FUL-007596,ORD-007596,2025-02-15,2025-02-17,2025-02-21,WH-REG-02,FedEx Supply,REG-02,6.5,5,Breached,3321.05,8.2,0.03
FUL-000556,ORD-000556,2025-02-16,2025-02-17,2025-02-19,WH-REG-02,Ecom Express,REG-02,3.3,5,Compliant,3647.43,7.8,1.02
FUL-002465,ORD-002465,2025-02-16,2025-02-17,2025-02-19,WH-REG-05,DHL Freight,REG-05,3.4,5,Compliant,3978.62,5.8,1.1
FUL-004385,ORD-004385,2025-02-16,2025-02-17,2025-02-17,WH-REG-04,Delhivery Express,REG-04,1.7,5,Compliant,956.14,10.3,1.13
FUL-004996,ORD-004996,2025-02-16,2025-02-18,2025-02-22,WH-REG-04,Delhivery Express,REG-04,6.6,5,Breached,1338.29,6.3,0.82
FUL-005700,ORD-005700,2025-02-16,2025-02-17,2025-02-20,WH-REG-03,Delhivery Express,REG-03,4.8,5,Compliant,1947.66,7.0,1.42
FUL-005821,ORD-005821,2025-02-16,2025-02-18,2025-02-21,WH-REG-03,Ecom Express,REG-03,5.5,3,Breached,1160.49,8.8,0.53
FUL-007836,ORD-007836,2025-02-16,2025-02-18,2025-02-22,WH-REG-01,Ecom Express,REG-01,6.0,5,Breached,1381.36,9.9,1.53
FUL-008407,ORD-008407,2025-02-16,2025-02-17,2025-02-17,WH-REG-03,BlueDart Logistics,REG-03,1.8,5,Compliant,3078.69,6.9,0.79
FUL-000801,ORD-000801,2025-02-17,2025-02-19,2025-02-22,WH-REG-05,Delhivery Express,REG-05,5.0,5,Compliant,3606.43,8.9,1.25
FUL-000999,ORD-000999,2025-02-17,2025-02-18,2025-02-20,WH-REG-01,DHL Freight,REG-01,3.6,3,Breached,3044.33,9.6,0.11
FUL-002866,ORD-002866,2025-02-17,2025-02-19,2025-02-23,WH-REG-05,Delhivery Express,REG-05,6.5,5,Breached,2556.87,10.3,1.6
FUL-003027,ORD-003027,2025-02-17,2025-02-22,2025-03-02,WH-REG-04,BlueDart Logistics,REG-04,13.9,5,Breached,3685.9,8.9,0.46
FUL-003755,ORD-003755,2025-02-17,2025-02-18,2025-02-18,WH-REG-02,FedEx Supply,REG-02,1.8,5,Compliant,3535.64,5.5,0.86
FUL-005429,ORD-005429,2025-02-17,2025-02-18,2025-02-19,WH-REG-04,BlueDart Logistics,REG-04,2.5,5,Compliant,2063.06,9.0,0.75
FUL-006444,ORD-006444,2025-02-17,2025-02-18,2025-02-21,WH-REG-02,DHL Freight,REG-02,4.9,3,Breached,2998.86,7.3,1.53
FUL-006592,ORD-006592,2025-02-17,2025-02-19,2025-02-22,WH-REG-04,DHL Freight,REG-04,5.1,5,Breached,2878.2,10.2,1.61
FUL-006980,ORD-006980,2025-02-17,2025-02-18,2025-02-19,WH-REG-04,FedEx Supply,REG-04,2.2,3,Compliant,2964.78,10.8,0.76
FUL-007519,ORD-007519,2025-02-17,2025-02-19,2025-02-22,WH-REG-05,FedEx Supply,REG-05,5.8,5,Breached,2556.36,11.9,1.08
FUL-000807,ORD-000807,2025-02-18,2025-02-19,2025-02-21,WH-REG-01,BlueDart Logistics,REG-01,3.5,5,Compliant,3455.38,6.5,0.07
FUL-002276,ORD-002276,2025-02-18,2025-02-19,2025-02-20,WH-REG-05,DHL Freight,REG-05,2.1,3,Compliant,3270.23,8.0,1.28
FUL-004142,ORD-004142,2025-02-18,2025-02-19,2025-02-21,WH-REG-03,BlueDart Logistics,REG-03,3.2,5,Compliant,3856.03,8.5,1.04
FUL-004465,ORD-004465,2025-02-18,2025-02-19,2025-02-22,WH-REG-02,FedEx Supply,REG-02,4.9,5,Compliant,1905.13,10.7,0.93
FUL-006666,ORD-006666,2025-02-18,2025-02-19,2025-02-19,WH-REG-04,DHL Freight,REG-04,1.9,5,Compliant,3299.63,7.0,0.92
FUL-008075,ORD-008075,2025-02-18,2025-02-20,2025-02-23,WH-REG-02,FedEx Supply,REG-02,5.1,5,Breached,4075.43,5.7,1.38
FUL-000965,ORD-000965,2025-02-19,2025-02-21,2025-02-24,WH-REG-05,Delhivery Express,REG-05,5.7,5,Breached,2411.83,5.7,0.38
FUL-002639,ORD-002639,2025-02-19,2025-02-20,2025-02-22,WH-REG-04,BlueDart Logistics,REG-04,3.7,5,Compliant,2268.54,9.5,0.5
FUL-002852,ORD-002852,2025-02-19,2025-02-20,2025-02-21,WH-REG-01,Delhivery Express,REG-01,2.6,3,Compliant,2915.97,9.3,0.88
FUL-003711,ORD-003711,2025-02-19,2025-02-20,2025-02-20,WH-REG-05,FedEx Supply,REG-05,1.7,3,Compliant,1099.55,10.4,1.68
FUL-004357,ORD-004357,2025-02-19,2025-02-20,2025-02-22,WH-REG-02,FedEx Supply,REG-02,3.1,5,Compliant,2366.52,11.4,1.07
FUL-005534,ORD-005534,2025-02-19,2025-02-20,2025-02-20,WH-REG-04,Delhivery Express,REG-04,1.6,5,Compliant,3889.79,10.4,1.59
FUL-006093,ORD-006093,2025-02-19,2025-02-21,2025-02-24,WH-REG-05,FedEx Supply,REG-05,5.7,5,Breached,2247.35,6.1,0.34
FUL-007882,ORD-007882,2025-02-19,2025-02-20,2025-02-21,WH-REG-05,Ecom Express,REG-05,2.4,5,Compliant,1593.87,8.8,1.12
FUL-000225,ORD-000225,2025-02-20,2025-02-21,2025-02-24,WH-REG-05,FedEx Supply,REG-05,4.8,5,Compliant,2363.09,5.9,1.61
FUL-000908,ORD-000908,2025-02-20,2025-02-21,2025-02-24,WH-REG-04,FedEx Supply,REG-04,4.8,5,Compliant,2168.03,7.5,0.92
FUL-003531,ORD-003531,2025-02-20,2025-02-21,2025-02-24,WH-REG-04,Delhivery Express,REG-04,4.5,3,Breached,960.68,10.3,1.79
FUL-005736,ORD-005736,2025-02-20,2025-02-21,2025-02-24,WH-REG-04,BlueDart Logistics,REG-04,4.0,5,Compliant,1238.71,9.3,0.1
FUL-006622,ORD-006622,2025-02-20,2025-02-21,2025-02-23,WH-REG-01,FedEx Supply,REG-01,3.5,5,Compliant,1964.66,6.0,0.51
FUL-006947,ORD-006947,2025-02-20,2025-02-22,2025-02-26,WH-REG-05,Delhivery Express,REG-05,6.0,5,Breached,3672.35,6.9,1.24
FUL-007560,ORD-007560,2025-02-20,2025-02-22,2025-02-26,WH-REG-02,BlueDart Logistics,REG-02,6.6,5,Breached,1255.55,8.4,1.13
FUL-000191,ORD-000191,2025-02-21,2025-02-22,2025-02-25,WH-REG-04,DHL Freight,REG-04,4.8,5,Compliant,2532.64,10.6,1.06
FUL-001220,ORD-001220,2025-02-21,2025-02-23,2025-02-26,WH-REG-03,DHL Freight,REG-03,5.3,5,Breached,4164.34,8.3,1.76
FUL-003008,ORD-003008,2025-02-21,2025-02-22,2025-02-22,WH-REG-03,DHL Freight,REG-03,1.7,5,Compliant,2316.39,5.6,0.49
FUL-003194,ORD-003194,2025-02-21,2025-02-23,2025-02-26,WH-REG-04,Delhivery Express,REG-04,5.9,5,Breached,3306.5,10.5,1.16
FUL-003880,ORD-003880,2025-02-21,2025-02-22,2025-02-25,WH-REG-05,FedEx Supply,REG-05,4.5,5,Compliant,3744.2,6.2,0.13
FUL-004151,ORD-004151,2025-02-21,2025-02-22,2025-02-23,WH-REG-02,Delhivery Express,REG-02,2.7,5,Compliant,3461.76,11.0,1.42
FUL-007195,ORD-007195,2025-02-21,2025-02-22,2025-02-22,WH-REG-02,Ecom Express,REG-02,1.9,3,Compliant,2129.18,11.5,1.33
FUL-008132,ORD-008132,2025-02-21,2025-02-23,2025-02-26,WH-REG-01,BlueDart Logistics,REG-01,5.9,5,Breached,1477.89,11.7,1.52
FUL-008264,ORD-008264,2025-02-21,2025-02-23,2025-02-26,WH-REG-01,BlueDart Logistics,REG-01,5.3,3,Breached,2961.93,7.8,1.05
FUL-001651,ORD-001651,2025-02-22,2025-02-24,2025-02-27,WH-REG-02,FedEx Supply,REG-02,5.7,3,Breached,1293.68,8.1,0.83
FUL-002829,ORD-002829,2025-02-22,2025-02-23,2025-02-23,WH-REG-05,Delhivery Express,REG-05,1.6,5,Compliant,2938.73,7.1,0.51
FUL-004529,ORD-004529,2025-02-22,2025-02-23,2025-02-23,WH-REG-04,Delhivery Express,REG-04,1.7,5,Compliant,2203.94,11.6,1.77
FUL-007933,ORD-007933,2025-02-22,2025-02-23,2025-02-24,WH-REG-03,BlueDart Logistics,REG-03,2.0,5,Compliant,2573.81,5.7,0.12
FUL-001600,ORD-001600,2025-02-23,2025-02-24,2025-02-24,WH-REG-05,Delhivery Express,REG-05,1.3,5,Compliant,2255.67,11.6,0.36
FUL-002941,ORD-002941,2025-02-23,2025-02-24,2025-02-26,WH-REG-05,Ecom Express,REG-05,3.3,5,Compliant,4000.81,11.0,0.17
FUL-004155,ORD-004155,2025-02-23,2025-02-24,2025-02-25,WH-REG-04,FedEx Supply,REG-04,2.6,5,Compliant,3656.15,9.6,1.13
FUL-005122,ORD-005122,2025-02-23,2025-02-25,2025-03-01,WH-REG-02,BlueDart Logistics,REG-02,6.6,3,Breached,2274.3,9.9,0.97
FUL-005166,ORD-005166,2025-02-23,2025-02-25,2025-03-01,WH-REG-01,BlueDart Logistics,REG-01,6.7,5,Breached,1735.35,7.4,0.07
FUL-008172,ORD-008172,2025-02-23,2025-02-24,2025-02-24,WH-REG-01,Ecom Express,REG-01,1.3,5,Compliant,2077.2,10.1,0.16
FUL-008411,ORD-008411,2025-02-23,2025-02-24,2025-02-27,WH-REG-02,BlueDart Logistics,REG-02,4.5,5,Compliant,4416.59,11.5,1.09
FUL-002720,ORD-002720,2025-02-24,2025-02-26,2025-03-02,WH-REG-02,BlueDart Logistics,REG-02,6.5,5,Breached,1968.47,11.6,0.04
FUL-002787,ORD-002787,2025-02-24,2025-02-25,2025-02-26,WH-REG-02,DHL Freight,REG-02,2.2,5,Compliant,2045.55,9.2,0.67
FUL-004053,ORD-004053,2025-02-24,2025-02-25,2025-02-26,WH-REG-05,FedEx Supply,REG-05,2.3,5,Compliant,4339.27,7.4,0.63
FUL-005699,ORD-005699,2025-02-24,2025-02-25,2025-02-27,WH-REG-05,DHL Freight,REG-05,3.5,3,Breached,883.27,7.7,0.48
FUL-006072,ORD-006072,2025-02-24,2025-02-26,2025-03-02,WH-REG-01,DHL Freight,REG-01,6.8,5,Breached,2194.23,7.1,1.03
FUL-007389,ORD-007389,2025-02-24,2025-02-26,2025-03-01,WH-REG-04,DHL Freight,REG-04,5.5,5,Breached,2334.4,7.2,1.19
FUL-000379,ORD-000379,2025-02-25,2025-02-26,2025-02-27,WH-REG-01,BlueDart Logistics,REG-01,2.5,5,Compliant,4083.96,10.4,0.24
FUL-001644,ORD-001644,2025-02-25,2025-02-27,2025-03-03,WH-REG-01,FedEx Supply,REG-01,6.2,5,Breached,3555.63,11.3,0.87
FUL-001678,ORD-001678,2025-02-25,2025-02-26,2025-02-28,WH-REG-04,DHL Freight,REG-04,3.0,3,Compliant,4299.05,5.7,1.33
FUL-002095,ORD-002095,2025-02-25,2025-02-27,2025-03-02,WH-REG-01,BlueDart Logistics,REG-01,5.7,5,Breached,3244.35,6.3,1.25
FUL-005252,ORD-005252,2025-02-25,2025-02-26,2025-02-28,WH-REG-03,BlueDart Logistics,REG-03,3.3,5,Compliant,2228.77,8.5,0.88
FUL-000701,ORD-000701,2025-02-26,2025-02-27,2025-03-02,WH-REG-03,Delhivery Express,REG-03,4.4,5,Compliant,2541.23,7.4,0.13
FUL-001370,ORD-001370,2025-02-26,2025-02-27,2025-02-28,WH-REG-02,Delhivery Express,REG-02,2.6,5,Compliant,972.73,6.4,0.72
FUL-001961,ORD-001961,2025-02-26,2025-02-28,2025-03-03,WH-REG-05,DHL Freight,REG-05,5.1,5,Breached,3055.7,8.6,0.36
FUL-004642,ORD-004642,2025-02-26,2025-02-27,2025-02-27,WH-REG-05,DHL Freight,REG-05,1.7,5,Compliant,1209.46,11.0,0.79
FUL-005596,ORD-005596,2025-02-26,2025-02-27,2025-03-02,WH-REG-05,Ecom Express,REG-05,4.1,5,Compliant,1789.19,7.6,0.18
FUL-005960,ORD-005960,2025-02-26,2025-02-27,2025-02-28,WH-REG-04,DHL Freight,REG-04,2.8,5,Compliant,3927.9,8.3,1.11
FUL-006369,ORD-006369,2025-02-26,2025-02-28,2025-03-04,WH-REG-01,FedEx Supply,REG-01,6.4,3,Breached,2119.5,8.0,1.2
FUL-007415,ORD-007415,2025-02-26,2025-02-27,2025-02-27,WH-REG-05,Delhivery Express,REG-05,1.8,5,Compliant,2728.42,10.0,1.12
FUL-008079,ORD-008079,2025-02-26,2025-02-27,2025-03-01,WH-REG-03,Ecom Express,REG-03,3.0,5,Compliant,1815.37,11.6,0.32
FUL-008437,ORD-008437,2025-02-26,2025-02-28,2025-03-03,WH-REG-01,BlueDart Logistics,REG-01,5.5,3,Breached,4361.17,11.4,0.89
FUL-002814,ORD-002814,2025-02-27,2025-03-01,2025-03-04,WH-REG-01,BlueDart Logistics,REG-01,5.9,5,Breached,4281.17,6.5,1.44
FUL-003010,ORD-003010,2025-02-27,2025-02-28,2025-03-02,WH-REG-02,DHL Freight,REG-02,3.4,5,Compliant,1336.21,7.8,0.74
FUL-004084,ORD-004084,2025-02-27,2025-02-28,2025-03-02,WH-REG-05,BlueDart Logistics,REG-05,3.7,5,Compliant,3497.32,6.1,0.55
FUL-004494,ORD-004494,2025-02-27,2025-03-01,2025-03-04,WH-REG-01,FedEx Supply,REG-01,5.2,5,Breached,3279.37,10.2,1.46
FUL-005114,ORD-005114,2025-02-27,2025-02-28,2025-03-03,WH-REG-04,DHL Freight,REG-04,4.4,5,Compliant,3150.76,11.6,0.72
FUL-005411,ORD-005411,2025-02-27,2025-02-28,2025-03-03,WH-REG-03,FedEx Supply,REG-03,4.7,5,Compliant,2947.2,10.3,0.82
FUL-006498,ORD-006498,2025-02-27,2025-02-28,2025-03-01,WH-REG-05,Ecom Express,REG-05,2.5,5,Compliant,1800.05,10.5,1.57
FUL-006648,ORD-006648,2025-02-27,2025-03-01,2025-03-04,WH-REG-03,Delhivery Express,REG-03,5.8,3,Breached,3513.96,10.2,0.94
FUL-006906,ORD-006906,2025-02-27,2025-02-28,2025-03-03,WH-REG-01,DHL Freight,REG-01,4.8,5,Compliant,3297.54,6.1,0.72
FUL-007896,ORD-007896,2025-02-27,2025-02-28,2025-03-03,WH-REG-03,Delhivery Express,REG-03,4.4,5,Compliant,1123.63,6.5,0.92
FUL-008329,ORD-008329,2025-02-27,2025-02-28,2025-03-01,WH-REG-01,Delhivery Express,REG-01,2.9,5,Compliant,3165.13,9.4,0.21
FUL-000163,ORD-000163,2025-02-28,2025-03-01,2025-03-04,WH-REG-04,DHL Freight,REG-04,4.8,5,Compliant,4214.23,12.0,1.2
FUL-001129,ORD-001129,2025-02-28,2025-03-02,2025-03-05,WH-REG-04,Delhivery Express,REG-04,5.0,5,Compliant,2022.11,7.2,1.56
FUL-001200,ORD-001200,2025-02-28,2025-03-01,2025-03-04,WH-REG-03,Delhivery Express,REG-03,4.4,5,Compliant,3022.55,11.6,0.64
FUL-001228,ORD-001228,2025-02-28,2025-03-01,2025-03-04,WH-REG-01,Ecom Express,REG-01,4.7,3,Breached,1465.74,5.6,1.38
FUL-001354,ORD-001354,2025-02-28,2025-03-01,2025-03-04,WH-REG-04,BlueDart Logistics,REG-04,4.1,5,Compliant,926.47,8.4,1.07
FUL-003229,ORD-003229,2025-02-28,2025-03-01,2025-03-02,WH-REG-02,FedEx Supply,REG-02,2.0,5,Compliant,2034.11,6.8,1.25
FUL-003376,ORD-003376,2025-02-28,2025-03-02,2025-03-06,WH-REG-02,Delhivery Express,REG-02,6.7,5,Breached,2905.06,10.5,1.29
FUL-003729,ORD-003729,2025-02-28,2025-03-01,2025-03-01,WH-REG-01,DHL Freight,REG-01,1.8,5,Compliant,3183.34,7.3,0.99
FUL-003808,ORD-003808,2025-02-28,2025-03-02,2025-03-06,WH-REG-04,FedEx Supply,REG-04,6.4,5,Breached,3800.79,7.1,1.45
FUL-004241,ORD-004241,2025-02-28,2025-03-01,2025-03-02,WH-REG-05,Ecom Express,REG-05,2.9,5,Compliant,3403.49,11.5,1.32
FUL-006559,ORD-006559,2025-02-28,2025-03-01,2025-03-04,WH-REG-04,DHL Freight,REG-04,4.4,5,Compliant,2150.74,7.3,0.09
FUL-007564,ORD-007564,2025-02-28,2025-03-01,2025-03-02,WH-REG-05,Ecom Express,REG-05,2.6,5,Compliant,2290.59,7.7,0.68
FUL-000937,ORD-000937,2025-03-01,2025-03-03,2025-03-07,WH-REG-01,Ecom Express,REG-01,6.0,5,Breached,3114.12,11.7,0.55
FUL-001231,ORD-001231,2025-03-01,2025-03-02,2025-03-04,WH-REG-01,Ecom Express,REG-01,3.3,5,Compliant,3839.59,8.1,0.92
FUL-003154,ORD-003154,2025-03-01,2025-03-02,2025-03-03,WH-REG-04,Delhivery Express,REG-04,2.7,5,Compliant,2790.09,9.5,1.36
FUL-003251,ORD-003251,2025-03-01,2025-03-02,2025-03-05,WH-REG-01,BlueDart Logistics,REG-01,4.6,5,Compliant,3955.7,10.3,0.84
FUL-004905,ORD-004905,2025-03-01,2025-03-02,2025-03-05,WH-REG-03,FedEx Supply,REG-03,4.8,5,Compliant,1610.44,6.9,0.27
FUL-005771,ORD-005771,2025-03-01,2025-03-02,2025-03-05,WH-REG-01,FedEx Supply,REG-01,4.5,5,Compliant,1159.19,10.3,1.19
FUL-008273,ORD-008273,2025-03-01,2025-03-02,2025-03-05,WH-REG-04,Delhivery Express,REG-04,4.8,5,Compliant,964.97,9.2,0.09
FUL-002157,ORD-002157,2025-03-02,2025-03-04,2025-03-07,WH-REG-04,DHL Freight,REG-04,5.2,5,Breached,3573.6,9.2,0.47
FUL-004578,ORD-004578,2025-03-02,2025-03-04,2025-03-08,WH-REG-05,BlueDart Logistics,REG-05,6.6,3,Breached,1549.45,10.5,0.03
FUL-004609,ORD-004609,2025-03-02,2025-03-04,2025-03-07,WH-REG-02,FedEx Supply,REG-02,5.8,5,Breached,2466.6,5.8,1.24
FUL-005467,ORD-005467,2025-03-02,2025-03-04,2025-03-08,WH-REG-04,Delhivery Express,REG-04,6.1,5,Breached,1039.7,8.2,1.56
FUL-006063,ORD-006063,2025-03-02,2025-03-03,2025-03-06,WH-REG-02,FedEx Supply,REG-02,4.4,3,Breached,3485.16,10.9,1.23
FUL-006931,ORD-006931,2025-03-02,2025-03-03,2025-03-05,WH-REG-03,Ecom Express,REG-03,3.0,5,Compliant,2432.58,8.7,0.63
FUL-007669,ORD-007669,2025-03-02,2025-03-03,2025-03-06,WH-REG-02,BlueDart Logistics,REG-02,4.1,5,Compliant,3111.41,8.8,1.17
FUL-000022,ORD-000022,2025-03-03,2025-03-04,2025-03-06,WH-REG-04,Delhivery Express,REG-04,3.5,5,Compliant,2217.71,9.9,0.71
FUL-001119,ORD-001119,2025-03-03,2025-03-04,2025-03-07,WH-REG-05,Ecom Express,REG-05,4.3,5,Compliant,1110.03,11.5,0.15
FUL-002052,ORD-002052,2025-03-03,2025-03-04,2025-03-07,WH-REG-03,Ecom Express,REG-03,4.4,5,Compliant,2738.39,6.5,1.73
FUL-003659,ORD-003659,2025-03-03,2025-03-05,2025-03-08,WH-REG-05,Delhivery Express,REG-05,5.1,5,Breached,3760.34,10.3,1.42
FUL-003839,ORD-003839,2025-03-03,2025-03-04,2025-03-07,WH-REG-01,BlueDart Logistics,REG-01,4.2,5,Compliant,3597.93,7.8,0.86
FUL-004876,ORD-004876,2025-03-03,2025-03-05,2025-03-09,WH-REG-05,DHL Freight,REG-05,6.0,5,Breached,3834.39,8.6,0.3
FUL-005061,ORD-005061,2025-03-03,2025-03-05,2025-03-08,WH-REG-05,Ecom Express,REG-05,5.9,5,Breached,2444.75,10.7,0.7
FUL-005233,ORD-005233,2025-03-03,2025-03-04,2025-03-05,WH-REG-01,FedEx Supply,REG-01,2.4,5,Compliant,1322.09,9.0,1.47
FUL-005495,ORD-005495,2025-03-03,2025-03-04,2025-03-06,WH-REG-01,Ecom Express,REG-01,3.1,5,Compliant,3316.84,10.9,1.06
FUL-006273,ORD-006273,2025-03-03,2025-03-04,2025-03-06,WH-REG-01,Delhivery Express,REG-01,3.9,5,Compliant,2485.12,6.4,0.03
FUL-000039,ORD-000039,2025-03-04,2025-03-05,2025-03-05,WH-REG-05,DHL Freight,REG-05,1.5,5,Compliant,2163.19,8.4,0.92
FUL-000095,ORD-000095,2025-03-04,2025-03-05,2025-03-07,WH-REG-03,FedEx Supply,REG-03,3.1,5,Compliant,1651.96,10.1,1.04
FUL-002478,ORD-002478,2025-03-04,2025-03-06,2025-03-09,WH-REG-04,BlueDart Logistics,REG-04,5.4,5,Breached,4001.07,11.7,1.21
FUL-003189,ORD-003189,2025-03-04,2025-03-05,2025-03-05,WH-REG-05,DHL Freight,REG-05,1.7,5,Compliant,4178.84,9.4,0.82
FUL-003879,ORD-003879,2025-03-04,2025-03-06,2025-03-10,WH-REG-01,FedEx Supply,REG-01,6.2,5,Breached,1290.04,6.3,0.93
FUL-003949,ORD-003949,2025-03-04,2025-03-05,2025-03-05,WH-REG-05,FedEx Supply,REG-05,1.5,5,Compliant,2617.65,10.8,0.44
FUL-004920,ORD-004920,2025-03-04,2025-03-06,2025-03-09,WH-REG-03,BlueDart Logistics,REG-03,5.1,5,Breached,3511.44,7.8,1.74
FUL-005624,ORD-005624,2025-03-04,2025-03-06,2025-03-09,WH-REG-01,DHL Freight,REG-01,5.4,5,Breached,2317.09,5.6,1.46
FUL-005833,ORD-005833,2025-03-04,2025-03-06,2025-03-09,WH-REG-04,FedEx Supply,REG-04,5.4,5,Breached,4171.57,11.2,1.75
FUL-005988,ORD-005988,2025-03-04,2025-03-06,2025-03-10,WH-REG-02,Delhivery Express,REG-02,6.1,3,Breached,3922.83,8.5,0.6
FUL-006100,ORD-006100,2025-03-04,2025-03-05,2025-03-05,WH-REG-05,Delhivery Express,REG-05,1.9,5,Compliant,1551.95,7.6,1.36
FUL-007760,ORD-007760,2025-03-04,2025-03-05,2025-03-06,WH-REG-05,Ecom Express,REG-05,2.5,5,Compliant,2871.97,11.6,0.07
FUL-001261,ORD-001261,2025-03-05,2025-03-06,2025-03-08,WH-REG-04,DHL Freight,REG-04,3.6,5,Compliant,3813.06,8.4,0.36
FUL-001664,ORD-001664,2025-03-05,2025-03-07,2025-03-10,WH-REG-03,Delhivery Express,REG-03,5.7,5,Breached,1173.21,11.2,0.29
FUL-001819,ORD-001819,2025-03-05,2025-03-06,2025-03-09,WH-REG-05,BlueDart Logistics,REG-05,4.1,5,Compliant,2894.72,10.6,0.91
FUL-002443,ORD-002443,2025-03-05,2025-03-06,2025-03-07,WH-REG-04,BlueDart Logistics,REG-04,2.3,5,Compliant,2751.24,11.3,1.68
FUL-004827,ORD-004827,2025-03-05,2025-03-07,2025-03-11,WH-REG-05,DHL Freight,REG-05,6.3,3,Breached,2678.76,10.9,1.26
FUL-004834,ORD-004834,2025-03-05,2025-03-06,2025-03-07,WH-REG-02,FedEx Supply,REG-02,2.3,5,Compliant,1659.94,9.1,1.07
FUL-001797,ORD-001797,2025-03-06,2025-03-08,2025-03-11,WH-REG-04,FedEx Supply,REG-04,5.2,3,Breached,3326.87,9.2,0.98
FUL-001963,ORD-001963,2025-03-06,2025-03-07,2025-03-07,WH-REG-01,FedEx Supply,REG-01,1.4,5,Compliant,2304.32,8.2,0.92
FUL-002327,ORD-002327,2025-03-06,2025-03-07,2025-03-09,WH-REG-02,DHL Freight,REG-02,3.3,5,Compliant,936.23,11.8,0.01
FUL-002795,ORD-002795,2025-03-06,2025-03-07,2025-03-08,WH-REG-02,Ecom Express,REG-02,2.4,5,Compliant,1979.46,5.8,1.39
FUL-002939,ORD-002939,2025-03-06,2025-03-07,2025-03-10,WH-REG-04,BlueDart Logistics,REG-04,4.7,5,Compliant,2434.18,9.5,1.74
FUL-003809,ORD-003809,2025-03-06,2025-03-07,2025-03-10,WH-REG-02,FedEx Supply,REG-02,4.6,3,Breached,2858.62,7.0,0.48
FUL-003811,ORD-003811,2025-03-06,2025-03-07,2025-03-08,WH-REG-03,BlueDart Logistics,REG-03,2.5,5,Compliant,1539.69,11.1,1.19
FUL-004844,ORD-004844,2025-03-06,2025-03-07,2025-03-08,WH-REG-03,FedEx Supply,REG-03,2.1,5,Compliant,1827.11,10.9,1.42
FUL-005277,ORD-005277,2025-03-06,2025-03-07,2025-03-09,WH-REG-01,BlueDart Logistics,REG-01,3.7,5,Compliant,2175.25,10.9,0.59
FUL-006704,ORD-006704,2025-03-06,2025-03-07,2025-03-10,WH-REG-01,Ecom Express,REG-01,4.1,5,Compliant,2994.95,6.0,0.22
FUL-007032,ORD-007032,2025-03-06,2025-03-08,2025-03-12,WH-REG-02,FedEx Supply,REG-02,6.4,5,Breached,3878.46,8.0,0.78
FUL-001047,ORD-001047,2025-03-07,2025-03-08,2025-03-10,WH-REG-02,BlueDart Logistics,REG-02,3.2,5,Compliant,2494.0,7.7,1.1
FUL-001795,ORD-001795,2025-03-07,2025-03-08,2025-03-08,WH-REG-04,DHL Freight,REG-04,1.5,5,Compliant,2955.49,9.7,0.27
FUL-004457,ORD-004457,2025-03-07,2025-03-08,2025-03-08,WH-REG-03,DHL Freight,REG-03,1.7,3,Compliant,1748.08,11.8,1.33
FUL-004838,ORD-004838,2025-03-07,2025-03-08,2025-03-10,WH-REG-03,DHL Freight,REG-03,3.6,5,Compliant,3367.06,6.0,1.61
FUL-005150,ORD-005150,2025-03-07,2025-03-09,2025-03-12,WH-REG-03,Ecom Express,REG-03,5.0,5,Compliant,1356.3,11.1,1.78
FUL-006494,ORD-006494,2025-03-07,2025-03-09,2025-03-13,WH-REG-04,Delhivery Express,REG-04,6.5,5,Breached,1723.46,7.6,0.56
FUL-008238,ORD-008238,2025-03-07,2025-03-08,2025-03-08,WH-REG-04,DHL Freight,REG-04,1.2,3,Compliant,1232.22,8.6,1.35
FUL-000490,ORD-000490,2025-03-08,2025-03-09,2025-03-11,WH-REG-04,DHL Freight,REG-04,3.5,5,Compliant,1942.23,7.0,0.99
FUL-001018,ORD-001018,2025-03-08,2025-03-09,2025-03-10,WH-REG-03,Delhivery Express,REG-03,2.4,5,Compliant,3273.29,8.3,0.43
FUL-001216,ORD-001216,2025-03-08,2025-03-10,2025-03-13,WH-REG-03,DHL Freight,REG-03,5.3,5,Breached,1192.21,10.9,1.02
FUL-001978,ORD-001978,2025-03-08,2025-03-10,2025-03-14,WH-REG-05,Delhivery Express,REG-05,6.0,5,Breached,4390.45,7.4,0.72
FUL-002076,ORD-002076,2025-03-08,2025-03-10,2025-03-13,WH-REG-04,FedEx Supply,REG-04,5.8,5,Breached,3689.89,6.6,1.52
FUL-002975,ORD-002975,2025-03-08,2025-03-09,2025-03-12,WH-REG-04,Delhivery Express,REG-04,4.9,5,Compliant,1087.27,7.3,0.14
FUL-003333,ORD-003333,2025-03-08,2025-03-09,2025-03-11,WH-REG-03,Delhivery Express,REG-03,3.6,5,Compliant,1158.27,11.5,0.97
FUL-004723,ORD-004723,2025-03-08,2025-03-09,2025-03-12,WH-REG-05,DHL Freight,REG-05,4.3,5,Compliant,4027.03,6.0,0.92
FUL-004753,ORD-004753,2025-03-08,2025-03-10,2025-03-14,WH-REG-03,Ecom Express,REG-03,6.3,5,Breached,1987.94,7.0,1.29
FUL-007275,ORD-007275,2025-03-08,2025-03-10,2025-03-15,WH-REG-04,DHL Freight,REG-04,7.1,5,Breached,4276.43,10.7,1.21
FUL-007649,ORD-007649,2025-03-08,2025-03-09,2025-03-12,WH-REG-03,Delhivery Express,REG-03,4.7,5,Compliant,1044.65,5.7,0.73
FUL-000071,ORD-000071,2025-03-09,2025-03-10,2025-03-12,WH-REG-01,DHL Freight,REG-01,3.8,3,Breached,1625.77,6.6,1.27
FUL-001446,ORD-001446,2025-03-09,2025-03-10,2025-03-13,WH-REG-04,DHL Freight,REG-04,4.8,3,Breached,3627.68,11.7,1.75
FUL-003777,ORD-003777,2025-03-09,2025-03-10,2025-03-10,WH-REG-03,Delhivery Express,REG-03,1.7,5,Compliant,1749.78,10.1,0.69
FUL-003994,ORD-003994,2025-03-09,2025-03-11,2025-03-15,WH-REG-02,Ecom Express,REG-02,6.3,5,Breached,3641.98,8.8,1.55
FUL-004957,ORD-004957,2025-03-09,2025-03-10,2025-03-13,WH-REG-05,Delhivery Express,REG-05,4.3,5,Compliant,3997.11,7.0,0.54
FUL-006250,ORD-006250,2025-03-09,2025-03-10,2025-03-12,WH-REG-04,DHL Freight,REG-04,3.6,5,Compliant,2886.58,6.1,1.28
FUL-007030,ORD-007030,2025-03-09,2025-03-10,2025-03-12,WH-REG-04,Delhivery Express,REG-04,3.9,5,Compliant,2167.77,6.0,0.96
FUL-007098,ORD-007098,2025-03-09,2025-03-11,2025-03-15,WH-REG-02,DHL Freight,REG-02,6.1,5,Breached,3443.6,8.4,0.31
FUL-007959,ORD-007959,2025-03-09,2025-03-10,2025-03-10,WH-REG-05,FedEx Supply,REG-05,1.7,5,Compliant,3833.68,8.2,0.81
FUL-002111,ORD-002111,2025-03-10,2025-03-12,2025-03-16,WH-REG-04,FedEx Supply,REG-04,6.5,5,Breached,939.33,11.5,0.68
FUL-004490,ORD-004490,2025-03-10,2025-03-11,2025-03-12,WH-REG-04,Delhivery Express,REG-04,2.7,5,Compliant,1705.36,7.6,0.92
FUL-005294,ORD-005294,2025-03-10,2025-03-11,2025-03-12,WH-REG-04,FedEx Supply,REG-04,2.0,5,Compliant,3562.26,9.8,0.99
FUL-005878,ORD-005878,2025-03-10,2025-03-12,2025-03-15,WH-REG-03,BlueDart Logistics,REG-03,5.7,5,Breached,1788.5,6.8,1.22
FUL-006058,ORD-006058,2025-03-10,2025-03-11,2025-03-12,WH-REG-01,Ecom Express,REG-01,2.3,5,Compliant,1958.59,10.6,1.19
FUL-008035,ORD-008035,2025-03-10,2025-03-11,2025-03-11,WH-REG-02,BlueDart Logistics,REG-02,1.7,5,Compliant,3140.52,11.3,0.28
FUL-008047,ORD-008047,2025-03-10,2025-03-11,2025-03-14,WH-REG-03,Delhivery Express,REG-03,4.3,5,Compliant,1404.39,8.4,0.96
FUL-008091,ORD-008091,2025-03-10,2025-03-12,2025-03-15,WH-REG-05,Ecom Express,REG-05,5.3,3,Breached,1587.01,7.5,1.75
FUL-000284,ORD-000284,2025-03-11,2025-03-12,2025-03-13,WH-REG-01,BlueDart Logistics,REG-01,2.5,5,Compliant,1791.56,9.3,0.44
FUL-001369,ORD-001369,2025-03-11,2025-03-16,2025-03-25,WH-REG-01,FedEx Supply,REG-01,14.2,3,Breached,4283.7,9.3,0.34
FUL-000166,ORD-000166,2025-03-12,2025-03-14,2025-03-17,WH-REG-03,Ecom Express,REG-03,5.9,3,Breached,1676.7,11.2,1.71
FUL-000718,ORD-000718,2025-03-12,2025-03-13,2025-03-14,WH-REG-04,DHL Freight,REG-04,2.8,5,Compliant,2677.34,11.7,0.94
FUL-001455,ORD-001455,2025-03-12,2025-03-13,2025-03-14,WH-REG-04,DHL Freight,REG-04,2.5,3,Compliant,2778.26,7.4,0.7
FUL-003759,ORD-003759,2025-03-12,2025-03-13,2025-03-14,WH-REG-05,Delhivery Express,REG-05,2.6,5,Compliant,1039.13,9.4,0.53
FUL-004858,ORD-004858,2025-03-12,2025-03-13,2025-03-15,WH-REG-05,DHL Freight,REG-05,3.8,3,Breached,4445.42,11.4,1.44
FUL-006797,ORD-006797,2025-03-12,2025-03-15,2025-03-21,WH-REG-01,DHL Freight,REG-01,9.399999999999999,5,Breached,975.36,6.8,1.01
FUL-000599,ORD-000599,2025-03-13,2025-03-14,2025-03-15,WH-REG-02,Delhivery Express,REG-02,2.8,5,Compliant,3660.53,9.5,0.02
FUL-001257,ORD-001257,2025-03-13,2025-03-15,2025-03-18,WH-REG-03,BlueDart Logistics,REG-03,5.6,3,Breached,4304.4,10.2,0.68
FUL-001867,ORD-001867,2025-03-13,2025-03-14,2025-03-16,WH-REG-04,DHL Freight,REG-04,3.7,5,Compliant,3120.39,6.3,0.78
FUL-005328,ORD-005328,2025-03-13,2025-03-15,2025-03-19,WH-REG-01,Delhivery Express,REG-01,6.5,5,Breached,2765.68,6.4,0.38
FUL-007716,ORD-007716,2025-03-13,2025-03-14,2025-03-14,WH-REG-05,Delhivery Express,REG-05,1.6,3,Compliant,4106.69,10.7,0.45
FUL-000763,ORD-000763,2025-03-14,2025-03-15,2025-03-15,WH-REG-04,Ecom Express,REG-04,1.5,5,Compliant,1437.08,10.0,1.15
FUL-001932,ORD-001932,2025-03-14,2025-03-15,2025-03-16,WH-REG-05,DHL Freight,REG-05,2.2,3,Compliant,1277.91,6.6,0.19
FUL-003022,ORD-003022,2025-03-14,2025-03-15,2025-03-17,WH-REG-04,DHL Freight,REG-04,3.6,5,Compliant,2105.73,6.8,1.68
FUL-003057,ORD-003057,2025-03-14,2025-03-16,2025-03-19,WH-REG-04,Delhivery Express,REG-04,5.4,5,Breached,3028.06,9.5,1.31
FUL-005393,ORD-005393,2025-03-14,2025-03-16,2025-03-19,WH-REG-05,DHL Freight,REG-05,5.0,5,Compliant,1714.57,8.1,1.58
FUL-006391,ORD-006391,2025-03-14,2025-03-16,2025-03-20,WH-REG-03,Ecom Express,REG-03,6.1,5,Breached,4172.06,9.1,1.11
FUL-006859,ORD-006859,2025-03-14,2025-03-16,2025-03-20,WH-REG-02,FedEx Supply,REG-02,6.2,5,Breached,4483.31,7.2,1.4
FUL-007101,ORD-007101,2025-03-14,2025-03-15,2025-03-18,WH-REG-01,DHL Freight,REG-01,4.4,5,Compliant,2959.27,9.3,0.98
FUL-007214,ORD-007214,2025-03-14,2025-03-15,2025-03-16,WH-REG-03,Ecom Express,REG-03,2.4,5,Compliant,3663.64,10.7,1.61
FUL-007621,ORD-007621,2025-03-14,2025-03-16,2025-03-19,WH-REG-04,FedEx Supply,REG-04,5.3,3,Breached,3503.26,10.9,0.93
FUL-008215,ORD-008215,2025-03-14,2025-03-15,2025-03-18,WH-REG-04,Ecom Express,REG-04,4.9,5,Compliant,1354.69,7.3,0.22
FUL-001742,ORD-001742,2025-03-15,2025-03-17,2025-03-20,WH-REG-02,FedEx Supply,REG-02,5.4,5,Breached,2227.77,11.2,1.01
FUL-003392,ORD-003392,2025-03-15,2025-03-16,2025-03-16,WH-REG-03,Ecom Express,REG-03,1.3,5,Compliant,4066.71,9.1,1.46
FUL-004751,ORD-004751,2025-03-15,2025-03-17,2025-03-20,WH-REG-01,BlueDart Logistics,REG-01,5.6,5,Breached,3558.22,5.6,1.43
FUL-005104,ORD-005104,2025-03-15,2025-03-16,2025-03-16,WH-REG-04,Ecom Express,REG-04,1.4,5,Compliant,4046.73,11.1,0.96
FUL-006418,ORD-006418,2025-03-15,2025-03-16,2025-03-16,WH-REG-01,FedEx Supply,REG-01,1.4,3,Compliant,4369.91,9.1,1.02
FUL-007770,ORD-007770,2025-03-15,2025-03-17,2025-03-21,WH-REG-02,Ecom Express,REG-02,6.2,5,Breached,2763.55,11.3,0.01
FUL-007872,ORD-007872,2025-03-15,2025-03-17,2025-03-20,WH-REG-02,DHL Freight,REG-02,5.0,5,Compliant,4163.15,12.0,1.23
FUL-001122,ORD-001122,2025-03-16,2025-03-17,2025-03-18,WH-REG-05,DHL Freight,REG-05,2.6,5,Compliant,3855.6,9.8,1.03
FUL-001402,ORD-001402,2025-03-16,2025-03-18,2025-03-21,WH-REG-02,Ecom Express,REG-02,5.8,5,Breached,4011.71,8.1,1.07
FUL-001964,ORD-001964,2025-03-16,2025-03-17,2025-03-20,WH-REG-04,Ecom Express,REG-04,4.1,5,Compliant,3542.42,6.6,1.26
FUL-006466,ORD-006466,2025-03-16,2025-03-17,2025-03-18,WH-REG-04,BlueDart Logistics,REG-04,2.3,5,Compliant,4273.68,9.0,0.51
FUL-007876,ORD-007876,2025-03-16,2025-03-17,2025-03-18,WH-REG-03,BlueDart Logistics,REG-03,2.6,3,Compliant,3439.55,8.3,1.27
FUL-008040,ORD-008040,2025-03-16,2025-03-17,2025-03-17,WH-REG-03,Delhivery Express,REG-03,1.8,5,Compliant,2006.06,11.2,1.51
FUL-001123,ORD-001123,2025-03-17,2025-03-19,2025-03-22,WH-REG-02,DHL Freight,REG-02,5.7,5,Breached,3706.86,5.6,1.33
FUL-002864,ORD-002864,2025-03-17,2025-03-18,2025-03-21,WH-REG-05,DHL Freight,REG-05,4.6,3,Breached,1611.84,11.7,1.0
FUL-003948,ORD-003948,2025-03-17,2025-03-19,2025-03-22,WH-REG-02,FedEx Supply,REG-02,5.3,3,Breached,1108.58,8.4,1.34
FUL-004458,ORD-004458,2025-03-17,2025-03-19,2025-03-23,WH-REG-02,BlueDart Logistics,REG-02,6.4,5,Breached,2274.08,6.5,1.62
FUL-006723,ORD-006723,2025-03-17,2025-03-18,2025-03-20,WH-REG-03,Delhivery Express,REG-03,3.7,5,Compliant,2051.76,5.8,1.74
FUL-007096,ORD-007096,2025-03-17,2025-03-18,2025-03-20,WH-REG-05,FedEx Supply,REG-05,3.9,3,Breached,4223.3,7.1,0.87
FUL-000725,ORD-000725,2025-03-18,2025-03-20,2025-03-24,WH-REG-03,Delhivery Express,REG-03,6.1,5,Breached,2693.63,10.0,0.24
FUL-001384,ORD-001384,2025-03-18,2025-03-19,2025-03-22,WH-REG-01,BlueDart Logistics,REG-01,4.1,3,Breached,2936.56,9.3,1.58
FUL-002963,ORD-002963,2025-03-18,2025-03-20,2025-03-24,WH-REG-05,Ecom Express,REG-05,6.2,5,Breached,1298.14,8.1,1.65
FUL-003933,ORD-003933,2025-03-18,2025-03-19,2025-03-21,WH-REG-03,Ecom Express,REG-03,3.6,5,Compliant,1545.15,6.5,1.01
FUL-003967,ORD-003967,2025-03-18,2025-03-20,2025-03-23,WH-REG-03,BlueDart Logistics,REG-03,5.3,5,Breached,3298.94,7.6,1.61
FUL-004982,ORD-004982,2025-03-18,2025-03-19,2025-03-21,WH-REG-05,BlueDart Logistics,REG-05,3.0,5,Compliant,4211.05,6.0,1.33
FUL-005218,ORD-005218,2025-03-18,2025-03-19,2025-03-20,WH-REG-03,Delhivery Express,REG-03,2.5,5,Compliant,3091.98,9.5,1.48
FUL-000849,ORD-000849,2025-03-19,2025-03-20,2025-03-21,WH-REG-03,DHL Freight,REG-03,2.6,5,Compliant,3217.43,10.8,0.75
FUL-000910,ORD-000910,2025-03-19,2025-03-20,2025-03-20,WH-REG-01,Delhivery Express,REG-01,1.3,3,Compliant,2080.71,8.7,0.81
FUL-001464,ORD-001464,2025-03-19,2025-03-20,2025-03-23,WH-REG-02,BlueDart Logistics,REG-02,4.7,5,Compliant,3077.08,9.6,0.89
FUL-002408,ORD-002408,2025-03-19,2025-03-20,2025-03-21,WH-REG-01,FedEx Supply,REG-01,2.4,3,Compliant,3762.52,8.3,1.63
FUL-002976,ORD-002976,2025-03-19,2025-03-21,2025-03-25,WH-REG-04,BlueDart Logistics,REG-04,6.4,5,Breached,3071.02,6.3,0.15
FUL-003702,ORD-003702,2025-03-19,2025-03-21,2025-03-25,WH-REG-04,FedEx Supply,REG-04,6.6,3,Breached,1924.4,7.2,0.23
FUL-003966,ORD-003966,2025-03-19,2025-03-21,2025-03-25,WH-REG-05,Delhivery Express,REG-05,6.4,5,Breached,2622.58,11.7,0.55
FUL-005240,ORD-005240,2025-03-19,2025-03-20,2025-03-23,WH-REG-04,Ecom Express,REG-04,4.4,5,Compliant,3456.01,9.4,1.4
FUL-005695,ORD-005695,2025-03-19,2025-03-21,2025-03-24,WH-REG-02,FedEx Supply,REG-02,5.1,5,Breached,859.59,10.4,1.61
FUL-005973,ORD-005973,2025-03-19,2025-03-20,2025-03-23,WH-REG-01,Ecom Express,REG-01,4.8,5,Compliant,1239.87,7.1,1.63
FUL-007103,ORD-007103,2025-03-19,2025-03-20,2025-03-21,WH-REG-04,Delhivery Express,REG-04,2.4,5,Compliant,1190.94,9.7,0.27
FUL-007754,ORD-007754,2025-03-19,2025-03-20,2025-03-20,WH-REG-02,DHL Freight,REG-02,1.3,5,Compliant,2254.51,7.5,0.05
FUL-002682,ORD-002682,2025-03-20,2025-03-21,2025-03-22,WH-REG-02,BlueDart Logistics,REG-02,2.4,5,Compliant,1937.14,10.7,1.31
FUL-003266,ORD-003266,2025-03-20,2025-03-21,2025-03-22,WH-REG-03,DHL Freight,REG-03,2.1,3,Compliant,2538.14,5.9,0.44
FUL-003300,ORD-003300,2025-03-20,2025-03-21,2025-03-21,WH-REG-05,BlueDart Logistics,REG-05,1.4,5,Compliant,2229.5,7.5,1.45
FUL-003703,ORD-003703,2025-03-20,2025-03-21,2025-03-22,WH-REG-03,DHL Freight,REG-03,2.2,5,Compliant,989.51,10.8,1.22
FUL-004253,ORD-004253,2025-03-20,2025-03-21,2025-03-23,WH-REG-03,FedEx Supply,REG-03,3.8,3,Breached,2323.86,7.8,0.59
FUL-004581,ORD-004581,2025-03-20,2025-03-22,2025-03-25,WH-REG-01,Delhivery Express,REG-01,5.7,5,Breached,4352.91,7.5,1.09
FUL-004734,ORD-004734,2025-03-20,2025-03-21,2025-03-21,WH-REG-05,Ecom Express,REG-05,1.3,5,Compliant,1078.84,11.5,0.93
FUL-001112,ORD-001112,2025-03-21,2025-03-22,2025-03-25,WH-REG-03,DHL Freight,REG-03,4.1,5,Compliant,2616.1,9.4,1.71
FUL-001241,ORD-001241,2025-03-21,2025-03-22,2025-03-23,WH-REG-05,DHL Freight,REG-05,2.3,5,Compliant,3487.59,6.7,0.38
FUL-004210,ORD-004210,2025-03-21,2025-03-22,2025-03-24,WH-REG-04,Delhivery Express,REG-04,3.2,5,Compliant,3692.12,10.4,1.33
FUL-004610,ORD-004610,2025-03-21,2025-03-23,2025-03-26,WH-REG-05,FedEx Supply,REG-05,5.6,5,Breached,1926.07,7.4,0.44
FUL-005707,ORD-005707,2025-03-21,2025-03-23,2025-03-26,WH-REG-02,Ecom Express,REG-02,5.1,5,Breached,2734.51,9.1,0.18
FUL-005710,ORD-005710,2025-03-21,2025-03-23,2025-03-27,WH-REG-02,Delhivery Express,REG-02,6.6,5,Breached,2785.98,12.0,1.79
FUL-006109,ORD-006109,2025-03-21,2025-03-23,2025-03-26,WH-REG-02,DHL Freight,REG-02,5.5,5,Breached,2723.74,10.8,1.64
FUL-000246,ORD-000246,2025-03-22,2025-03-24,2025-03-28,WH-REG-01,FedEx Supply,REG-01,6.4,5,Breached,1096.45,8.2,1.3
FUL-001267,ORD-001267,2025-03-22,2025-03-23,2025-03-23,WH-REG-01,Ecom Express,REG-01,1.4,5,Compliant,2899.64,9.6,0.4
FUL-001376,ORD-001376,2025-03-22,2025-03-23,2025-03-24,WH-REG-05,DHL Freight,REG-05,2.7,5,Compliant,3776.8,8.9,0.47
FUL-002885,ORD-002885,2025-03-22,2025-03-23,2025-03-26,WH-REG-04,Ecom Express,REG-04,4.5,5,Compliant,2241.68,10.0,1.27
FUL-007251,ORD-007251,2025-03-22,2025-03-23,2025-03-26,WH-REG-01,Delhivery Express,REG-01,4.8,5,Compliant,3450.54,8.2,0.3
FUL-002508,ORD-002508,2025-03-23,2025-03-25,2025-03-28,WH-REG-03,FedEx Supply,REG-03,5.2,5,Breached,1304.66,10.7,1.75
FUL-003871,ORD-003871,2025-03-23,2025-03-24,2025-03-26,WH-REG-04,FedEx Supply,REG-04,3.4,5,Compliant,1219.01,11.3,0.04
FUL-004234,ORD-004234,2025-03-23,2025-03-25,2025-03-28,WH-REG-01,Ecom Express,REG-01,5.8,5,Breached,2414.17,5.5,0.09
FUL-005091,ORD-005091,2025-03-23,2025-03-24,2025-03-26,WH-REG-04,Ecom Express,REG-04,3.1,5,Compliant,4466.85,10.5,0.69
FUL-006323,ORD-006323,2025-03-23,2025-03-24,2025-03-26,WH-REG-03,Delhivery Express,REG-03,3.0,5,Compliant,1515.42,9.3,0.14
FUL-007488,ORD-007488,2025-03-23,2025-03-24,2025-03-26,WH-REG-05,Delhivery Express,REG-05,3.3,5,Compliant,3370.37,9.7,1.68
FUL-007740,ORD-007740,2025-03-23,2025-03-24,2025-03-24,WH-REG-02,DHL Freight,REG-02,1.9,5,Compliant,2222.51,9.6,0.07
FUL-007955,ORD-007955,2025-03-23,2025-03-24,2025-03-25,WH-REG-01,BlueDart Logistics,REG-01,2.1,3,Compliant,4048.58,7.0,1.63
FUL-000433,ORD-000433,2025-03-24,2025-03-25,2025-03-27,WH-REG-04,Delhivery Express,REG-04,3.9,5,Compliant,1332.16,6.7,1.45
FUL-000602,ORD-000602,2025-03-24,2025-03-28,2025-04-03,WH-REG-05,Ecom Express,REG-05,10.3,5,Breached,1779.52,8.1,0.76
FUL-001041,ORD-001041,2025-03-24,2025-03-25,2025-03-28,WH-REG-02,Ecom Express,REG-02,4.9,3,Breached,3047.66,8.3,0.28
FUL-001181,ORD-001181,2025-03-24,2025-03-25,2025-03-28,WH-REG-01,BlueDart Logistics,REG-01,4.2,5,Compliant,3917.58,5.8,1.45
FUL-004041,ORD-004041,2025-03-24,2025-03-25,2025-03-25,WH-REG-03,Ecom Express,REG-03,1.5,5,Compliant,1450.75,8.0,1.56
FUL-004390,ORD-004390,2025-03-24,2025-03-25,2025-03-26,WH-REG-02,BlueDart Logistics,REG-02,2.6,5,Compliant,2356.53,7.9,1.69
FUL-006854,ORD-006854,2025-03-24,2025-03-26,2025-03-29,WH-REG-01,Delhivery Express,REG-01,5.2,5,Breached,2027.42,9.7,1.52
FUL-007004,ORD-007004,2025-03-24,2025-03-25,2025-03-27,WH-REG-02,DHL Freight,REG-02,3.0,5,Compliant,1147.12,10.5,0.48
FUL-007256,ORD-007256,2025-03-24,2025-03-25,2025-03-25,WH-REG-05,Ecom Express,REG-05,1.5,5,Compliant,3651.72,6.3,1.15
FUL-007539,ORD-007539,2025-03-24,2025-03-25,2025-03-25,WH-REG-05,BlueDart Logistics,REG-05,1.3,5,Compliant,4155.71,6.3,1.55
FUL-008015,ORD-008015,2025-03-24,2025-03-25,2025-03-26,WH-REG-01,Ecom Express,REG-01,2.2,5,Compliant,2773.69,7.1,0.37
FUL-000419,ORD-000419,2025-03-25,2025-03-26,2025-03-28,WH-REG-02,Ecom Express,REG-02,3.7,5,Compliant,1165.4,8.9,0.48
FUL-001590,ORD-001590,2025-03-25,2025-03-26,2025-03-26,WH-REG-03,Ecom Express,REG-03,1.5,5,Compliant,3659.82,8.2,1.71
FUL-001717,ORD-001717,2025-03-25,2025-03-27,2025-03-31,WH-REG-04,DHL Freight,REG-04,6.0,5,Breached,1060.23,11.3,1.68
FUL-001770,ORD-001770,2025-03-25,2025-03-27,2025-03-31,WH-REG-03,Delhivery Express,REG-03,6.2,3,Breached,4093.3,9.4,1.19
FUL-003071,ORD-003071,2025-03-25,2025-03-27,2025-03-31,WH-REG-02,FedEx Supply,REG-02,6.2,5,Breached,888.75,7.2,0.08
FUL-005156,ORD-005156,2025-03-25,2025-03-26,2025-03-28,WH-REG-05,Delhivery Express,REG-05,3.9,5,Compliant,4368.74,10.5,0.08
FUL-006389,ORD-006389,2025-03-25,2025-03-27,2025-03-31,WH-REG-02,FedEx Supply,REG-02,6.3,5,Breached,2166.36,9.7,1.65
FUL-006624,ORD-006624,2025-03-25,2025-03-27,2025-03-30,WH-REG-05,FedEx Supply,REG-05,5.9,5,Breached,2366.2,6.4,0.38
FUL-007046,ORD-007046,2025-03-25,2025-03-26,2025-03-29,WH-REG-01,Ecom Express,REG-01,4.1,5,Compliant,3104.94,8.5,1.18
FUL-007243,ORD-007243,2025-03-25,2025-03-26,2025-03-28,WH-REG-05,Delhivery Express,REG-05,3.0,3,Compliant,3252.36,9.4,0.69
FUL-007916,ORD-007916,2025-03-25,2025-03-26,2025-03-27,WH-REG-05,Ecom Express,REG-05,2.9,3,Compliant,3057.22,11.2,0.64
FUL-008328,ORD-008328,2025-03-25,2025-03-27,2025-03-30,WH-REG-03,BlueDart Logistics,REG-03,5.7,3,Breached,2550.14,7.5,0.58
FUL-008339,ORD-008339,2025-03-25,2025-03-26,2025-03-29,WH-REG-04,FedEx Supply,REG-04,4.6,5,Compliant,2527.95,9.7,1.01
FUL-008446,ORD-008446,2025-03-25,2025-03-26,2025-03-26,WH-REG-01,DHL Freight,REG-01,1.6,5,Compliant,4487.73,6.9,0.9
FUL-000879,ORD-000879,2025-03-26,2025-03-27,2025-03-30,WH-REG-04,BlueDart Logistics,REG-04,4.8,5,Compliant,4165.95,10.9,0.25
FUL-001933,ORD-001933,2025-03-26,2025-03-27,2025-03-28,WH-REG-01,DHL Freight,REG-01,2.0,5,Compliant,1170.62,7.6,1.14
FUL-003068,ORD-003068,2025-03-26,2025-03-27,2025-03-30,WH-REG-04,DHL Freight,REG-04,4.5,5,Compliant,4496.79,5.9,1.26
FUL-003643,ORD-003643,2025-03-26,2025-03-27,2025-03-29,WH-REG-02,DHL Freight,REG-02,3.9,5,Compliant,1050.72,11.2,1.34
FUL-004114,ORD-004114,2025-03-26,2025-03-28,2025-03-31,WH-REG-04,BlueDart Logistics,REG-04,5.0,5,Compliant,2585.81,10.5,1.09
FUL-005667,ORD-005667,2025-03-26,2025-03-27,2025-03-27,WH-REG-03,BlueDart Logistics,REG-03,1.2,5,Compliant,3298.24,5.8,0.79
FUL-005767,ORD-005767,2025-03-26,2025-03-27,2025-03-30,WH-REG-03,Delhivery Express,REG-03,4.9,5,Compliant,1461.99,5.6,0.04
FUL-000826,ORD-000826,2025-03-27,2025-03-28,2025-03-30,WH-REG-05,Ecom Express,REG-05,3.6,3,Breached,2688.92,6.9,0.62
FUL-001381,ORD-001381,2025-03-27,2025-03-29,2025-04-01,WH-REG-02,DHL Freight,REG-02,5.4,3,Breached,3298.76,10.0,0.43
FUL-002114,ORD-002114,2025-03-27,2025-03-28,2025-03-29,WH-REG-03,FedEx Supply,REG-03,2.3,5,Compliant,4007.54,5.8,1.27
FUL-003599,ORD-003599,2025-03-27,2025-03-28,2025-03-31,WH-REG-01,Delhivery Express,REG-01,4.9,5,Compliant,3400.77,7.6,0.78
FUL-006384,ORD-006384,2025-03-27,2025-03-29,2025-04-02,WH-REG-04,Delhivery Express,REG-04,6.8,5,Breached,3890.86,10.2,0.36
FUL-006411,ORD-006411,2025-03-27,2025-03-28,2025-03-31,WH-REG-01,DHL Freight,REG-01,4.0,5,Compliant,3577.01,10.4,1.74
FUL-006768,ORD-006768,2025-03-27,2025-03-29,2025-04-01,WH-REG-01,Ecom Express,REG-01,5.1,5,Breached,3865.3,7.5,0.57
FUL-000864,ORD-000864,2025-03-28,2025-04-01,2025-04-09,WH-REG-02,Ecom Express,REG-02,12.2,3,Breached,3670.75,9.3,0.78
FUL-001317,ORD-001317,2025-03-28,2025-03-30,2025-04-02,WH-REG-03,FedEx Supply,REG-03,5.1,5,Breached,2968.92,6.7,1.61
FUL-001336,ORD-001336,2025-03-28,2025-03-29,2025-03-31,WH-REG-03,Delhivery Express,REG-03,3.3,3,Breached,1582.89,12.0,0.49
FUL-001939,ORD-001939,2025-03-28,2025-03-29,2025-03-31,WH-REG-02,DHL Freight,REG-02,3.2,5,Compliant,2287.28,5.5,0.13
FUL-002180,ORD-002180,2025-03-28,2025-03-30,2025-04-03,WH-REG-02,BlueDart Logistics,REG-02,6.0,5,Breached,1237.31,8.4,0.57
FUL-002329,ORD-002329,2025-03-28,2025-03-29,2025-03-29,WH-REG-05,Delhivery Express,REG-05,1.7,5,Compliant,1867.55,7.2,1.4
FUL-005121,ORD-005121,2025-03-28,2025-03-29,2025-04-01,WH-REG-03,Ecom Express,REG-03,4.6,3,Breached,2903.63,11.7,1.21
FUL-006291,ORD-006291,2025-03-28,2025-03-29,2025-03-29,WH-REG-05,Ecom Express,REG-05,1.3,5,Compliant,3577.61,6.8,0.53
FUL-006620,ORD-006620,2025-03-28,2025-03-29,2025-03-30,WH-REG-05,BlueDart Logistics,REG-05,2.1,5,Compliant,3389.94,7.3,0.33
FUL-007053,ORD-007053,2025-03-28,2025-03-31,2025-04-06,WH-REG-03,Ecom Express,REG-03,9.700000000000001,3,Breached,1199.81,11.5,0.31
FUL-007104,ORD-007104,2025-03-28,2025-03-29,2025-03-30,WH-REG-05,BlueDart Logistics,REG-05,2.4,5,Compliant,1975.34,11.9,0.58
FUL-007209,ORD-007209,2025-03-28,2025-03-29,2025-03-31,WH-REG-01,Ecom Express,REG-01,3.2,5,Compliant,3130.2,10.7,0.92
FUL-000571,ORD-000571,2025-03-29,2025-03-30,2025-03-31,WH-REG-01,BlueDart Logistics,REG-01,2.3,5,Compliant,1939.15,10.8,0.39
FUL-004272,ORD-004272,2025-03-29,2025-03-30,2025-03-31,WH-REG-04,Ecom Express,REG-04,2.6,5,Compliant,4111.43,8.9,1.18
FUL-005887,ORD-005887,2025-03-29,2025-03-30,2025-04-02,WH-REG-05,DHL Freight,REG-05,4.7,5,Compliant,4104.3,10.0,0.17
FUL-006787,ORD-006787,2025-03-29,2025-03-30,2025-04-02,WH-REG-03,Ecom Express,REG-03,4.8,5,Compliant,1475.05,10.9,1.08
FUL-007438,ORD-007438,2025-03-29,2025-03-31,2025-04-03,WH-REG-04,Ecom Express,REG-04,5.5,5,Breached,1510.18,9.7,0.54
FUL-007516,ORD-007516,2025-03-29,2025-03-30,2025-03-30,WH-REG-03,BlueDart Logistics,REG-03,1.8,5,Compliant,1680.17,8.5,0.15
FUL-001386,ORD-001386,2025-03-30,2025-04-01,2025-04-05,WH-REG-03,FedEx Supply,REG-03,6.6,5,Breached,2637.91,10.6,0.51
FUL-001607,ORD-001607,2025-03-30,2025-04-01,2025-04-05,WH-REG-05,DHL Freight,REG-05,6.3,5,Breached,2840.24,7.1,0.69
FUL-001884,ORD-001884,2025-03-30,2025-03-31,2025-04-02,WH-REG-05,BlueDart Logistics,REG-05,3.8,3,Breached,948.42,11.8,0.62
FUL-002893,ORD-002893,2025-03-30,2025-03-31,2025-04-01,WH-REG-02,DHL Freight,REG-02,2.5,5,Compliant,3644.91,10.7,0.54
FUL-003122,ORD-003122,2025-03-30,2025-04-01,2025-04-05,WH-REG-03,FedEx Supply,REG-03,6.3,3,Breached,3499.56,11.9,0.81
FUL-005883,ORD-005883,2025-03-30,2025-03-31,2025-04-02,WH-REG-04,Delhivery Express,REG-04,3.1,5,Compliant,1142.59,10.7,1.73
FUL-006870,ORD-006870,2025-03-30,2025-03-31,2025-03-31,WH-REG-05,FedEx Supply,REG-05,1.7,3,Compliant,2475.57,7.6,0.3
FUL-007045,ORD-007045,2025-03-30,2025-03-31,2025-04-01,WH-REG-01,FedEx Supply,REG-01,2.4,5,Compliant,4180.44,11.7,1.48
FUL-007919,ORD-007919,2025-03-30,2025-03-31,2025-04-01,WH-REG-04,Delhivery Express,REG-04,2.1,5,Compliant,2234.6,8.9,1.71
FUL-001403,ORD-001403,2025-03-31,2025-04-02,2025-04-06,WH-REG-02,Delhivery Express,REG-02,6.2,5,Breached,2687.52,7.2,1.59
FUL-001749,ORD-001749,2025-03-31,2025-04-01,2025-04-02,WH-REG-04,Ecom Express,REG-04,2.3,5,Compliant,3701.16,9.4,0.61
FUL-002049,ORD-002049,2025-03-31,2025-04-02,2025-04-05,WH-REG-05,Ecom Express,REG-05,5.0,5,Compliant,3580.73,10.7,0.85
FUL-002055,ORD-002055,2025-03-31,2025-04-02,2025-04-05,WH-REG-04,Ecom Express,REG-04,5.5,5,Breached,4374.92,6.5,1.46
FUL-003119,ORD-003119,2025-03-31,2025-04-01,2025-04-03,WH-REG-02,Ecom Express,REG-02,3.2,5,Compliant,3733.63,7.3,1.17
FUL-003480,ORD-003480,2025-03-31,2025-04-01,2025-04-01,WH-REG-03,BlueDart Logistics,REG-03,1.3,5,Compliant,3935.25,6.1,1.76
FUL-006994,ORD-006994,2025-03-31,2025-04-02,2025-04-05,WH-REG-05,BlueDart Logistics,REG-05,5.7,5,Breached,4284.74,9.3,0.68
FUL-000410,ORD-000410,2025-04-01,2025-04-02,2025-04-04,WH-REG-03,FedEx Supply,REG-03,3.7,5,Compliant,2380.59,10.2,0.91
FUL-001276,ORD-001276,2025-04-01,2025-04-02,2025-04-03,WH-REG-04,DHL Freight,REG-04,2.2,5,Compliant,1664.57,6.3,0.98
FUL-002472,ORD-002472,2025-04-01,2025-04-02,2025-04-05,WH-REG-04,BlueDart Logistics,REG-04,4.5,5,Compliant,4294.01,8.6,1.13
FUL-002986,ORD-002986,2025-04-01,2025-04-03,2025-04-06,WH-REG-03,Delhivery Express,REG-03,5.7,5,Breached,1621.92,8.4,1.61
FUL-003680,ORD-003680,2025-04-01,2025-04-02,2025-04-03,WH-REG-01,DHL Freight,REG-01,2.3,5,Compliant,1225.1,7.9,0.06
FUL-003792,ORD-003792,2025-04-01,2025-04-02,2025-04-02,WH-REG-01,DHL Freight,REG-01,1.4,5,Compliant,1151.95,8.4,0.73
FUL-004444,ORD-004444,2025-04-01,2025-04-02,2025-04-05,WH-REG-01,BlueDart Logistics,REG-01,4.9,3,Breached,1133.55,6.3,1.7
FUL-004668,ORD-004668,2025-04-01,2025-04-02,2025-04-05,WH-REG-05,DHL Freight,REG-05,4.4,5,Compliant,2703.62,6.9,0.61
FUL-005859,ORD-005859,2025-04-01,2025-04-02,2025-04-04,WH-REG-02,Ecom Express,REG-02,3.6,5,Compliant,3350.37,10.5,0.93
FUL-006287,ORD-006287,2025-04-01,2025-04-02,2025-04-05,WH-REG-04,DHL Freight,REG-04,4.3,5,Compliant,2719.76,9.4,0.74
FUL-007941,ORD-007941,2025-04-01,2025-04-03,2025-04-07,WH-REG-05,BlueDart Logistics,REG-05,6.0,5,Breached,3764.17,9.2,1.2
FUL-000042,ORD-000042,2025-04-02,2025-04-03,2025-04-06,WH-REG-04,Ecom Express,REG-04,4.0,5,Compliant,1555.76,6.2,0.19
FUL-000698,ORD-000698,2025-04-02,2025-04-04,2025-04-07,WH-REG-03,BlueDart Logistics,REG-03,5.0,3,Breached,3704.94,10.0,1.09
FUL-001627,ORD-001627,2025-04-02,2025-04-03,2025-04-03,WH-REG-01,BlueDart Logistics,REG-01,1.7,5,Compliant,3833.44,9.6,0.04
FUL-001838,ORD-001838,2025-04-02,2025-04-04,2025-04-08,WH-REG-04,DHL Freight,REG-04,6.5,5,Breached,3542.94,6.6,0.44
FUL-002529,ORD-002529,2025-04-02,2025-04-04,2025-04-08,WH-REG-03,BlueDart Logistics,REG-03,6.4,3,Breached,1642.05,10.8,0.06
FUL-002634,ORD-002634,2025-04-02,2025-04-04,2025-04-07,WH-REG-05,Delhivery Express,REG-05,5.6,5,Breached,3849.97,8.2,0.25
FUL-002819,ORD-002819,2025-04-02,2025-04-04,2025-04-07,WH-REG-03,DHL Freight,REG-03,5.5,5,Breached,1228.59,7.7,0.78
FUL-002994,ORD-002994,2025-04-02,2025-04-03,2025-04-06,WH-REG-04,FedEx Supply,REG-04,4.6,5,Compliant,2408.02,6.6,0.11
FUL-003182,ORD-003182,2025-04-02,2025-04-03,2025-04-04,WH-REG-04,DHL Freight,REG-04,2.1,3,Compliant,3538.58,7.2,0.07
FUL-003447,ORD-003447,2025-04-02,2025-04-04,2025-04-07,WH-REG-01,Ecom Express,REG-01,5.8,5,Breached,4335.46,11.5,0.79
FUL-005056,ORD-005056,2025-04-02,2025-04-03,2025-04-03,WH-REG-01,Ecom Express,REG-01,1.3,5,Compliant,1321.98,11.6,0.13
FUL-005452,ORD-005452,2025-04-02,2025-04-04,2025-04-07,WH-REG-01,BlueDart Logistics,REG-01,5.0,5,Compliant,1601.79,9.3,0.93
FUL-005873,ORD-005873,2025-04-02,2025-04-03,2025-04-06,WH-REG-01,BlueDart Logistics,REG-01,4.4,5,Compliant,4482.51,7.4,0.63
FUL-007894,ORD-007894,2025-04-02,2025-04-03,2025-04-06,WH-REG-04,DHL Freight,REG-04,4.6,3,Breached,1417.91,7.6,0.54
FUL-007913,ORD-007913,2025-04-02,2025-04-04,2025-04-08,WH-REG-05,BlueDart Logistics,REG-05,6.4,5,Breached,4058.46,11.0,1.65
FUL-008423,ORD-008423,2025-04-02,2025-04-03,2025-04-03,WH-REG-03,DHL Freight,REG-03,1.6,5,Compliant,3955.95,7.2,1.33
FUL-001321,ORD-001321,2025-04-03,2025-04-05,2025-04-08,WH-REG-05,DHL Freight,REG-05,5.1,5,Breached,3339.91,6.3,1.37
FUL-002290,ORD-002290,2025-04-03,2025-04-05,2025-04-08,WH-REG-01,FedEx Supply,REG-01,5.8,5,Breached,955.13,9.3,0.22
FUL-002729,ORD-002729,2025-04-03,2025-04-04,2025-04-05,WH-REG-02,DHL Freight,REG-02,2.3,5,Compliant,4120.38,10.4,1.42
FUL-002833,ORD-002833,2025-04-03,2025-04-04,2025-04-07,WH-REG-02,BlueDart Logistics,REG-02,4.8,5,Compliant,1264.52,6.5,1.46
FUL-003171,ORD-003171,2025-04-03,2025-04-04,2025-04-06,WH-REG-01,Ecom Express,REG-01,3.3,3,Breached,3960.49,8.2,1.47
FUL-003287,ORD-003287,2025-04-03,2025-04-04,2025-04-04,WH-REG-04,DHL Freight,REG-04,1.6,5,Compliant,1239.95,7.8,1.24
FUL-003510,ORD-003510,2025-04-03,2025-04-04,2025-04-07,WH-REG-02,FedEx Supply,REG-02,4.7,5,Compliant,1564.99,8.9,1.22
FUL-003898,ORD-003898,2025-04-03,2025-04-04,2025-04-04,WH-REG-03,FedEx Supply,REG-03,1.2,5,Compliant,1458.82,7.6,1.69
FUL-005626,ORD-005626,2025-04-03,2025-04-05,2025-04-09,WH-REG-04,BlueDart Logistics,REG-04,6.6,5,Breached,4369.52,6.4,0.7
FUL-006105,ORD-006105,2025-04-03,2025-04-05,2025-04-08,WH-REG-02,FedEx Supply,REG-02,5.4,3,Breached,2224.78,7.1,0.76
FUL-006414,ORD-006414,2025-04-03,2025-04-04,2025-04-05,WH-REG-05,Ecom Express,REG-05,2.6,5,Compliant,4491.62,7.3,0.67
FUL-008475,ORD-008475,2025-04-03,2025-04-04,2025-04-06,WH-REG-02,FedEx Supply,REG-02,3.1,5,Compliant,3503.75,7.1,1.02
FUL-000797,ORD-000797,2025-04-04,2025-04-06,2025-04-09,WH-REG-05,Delhivery Express,REG-05,5.6,5,Breached,2034.02,9.1,0.7
FUL-000838,ORD-000838,2025-04-04,2025-04-06,2025-04-09,WH-REG-04,BlueDart Logistics,REG-04,5.4,5,Breached,2503.94,8.3,0.99
FUL-001005,ORD-001005,2025-04-04,2025-04-05,2025-04-07,WH-REG-05,BlueDart Logistics,REG-05,3.9,5,Compliant,3102.8,9.7,0.58
FUL-001356,ORD-001356,2025-04-04,2025-04-06,2025-04-10,WH-REG-05,BlueDart Logistics,REG-05,6.2,3,Breached,4212.17,6.0,1.44
FUL-003613,ORD-003613,2025-04-04,2025-04-06,2025-04-09,WH-REG-05,BlueDart Logistics,REG-05,5.4,5,Breached,3388.16,9.2,1.3
FUL-004954,ORD-004954,2025-04-04,2025-04-05,2025-04-05,WH-REG-01,Delhivery Express,REG-01,1.7,5,Compliant,2005.62,6.1,0.56
FUL-005969,ORD-005969,2025-04-04,2025-04-05,2025-04-08,WH-REG-02,FedEx Supply,REG-02,4.0,5,Compliant,2773.62,7.8,0.56
FUL-007666,ORD-007666,2025-04-04,2025-04-06,2025-04-09,WH-REG-01,DHL Freight,REG-01,5.9,5,Breached,2883.37,8.4,0.07
FUL-000162,ORD-000162,2025-04-05,2025-04-06,2025-04-09,WH-REG-01,BlueDart Logistics,REG-01,4.6,5,Compliant,2386.51,11.9,0.62
FUL-000257,ORD-000257,2025-04-05,2025-04-07,2025-04-10,WH-REG-05,Ecom Express,REG-05,5.9,5,Breached,3423.59,7.9,1.23
FUL-001032,ORD-001032,2025-04-05,2025-04-06,2025-04-08,WH-REG-02,FedEx Supply,REG-02,3.0,5,Compliant,3397.22,10.4,1.7
FUL-001561,ORD-001561,2025-04-05,2025-04-06,2025-04-08,WH-REG-02,DHL Freight,REG-02,3.5,5,Compliant,2795.16,5.8,1.0
FUL-003375,ORD-003375,2025-04-05,2025-04-06,2025-04-07,WH-REG-02,DHL Freight,REG-02,2.1,3,Compliant,3976.5,7.9,1.51
FUL-003742,ORD-003742,2025-04-05,2025-04-06,2025-04-07,WH-REG-05,FedEx Supply,REG-05,2.0,3,Compliant,3946.24,11.1,0.24
FUL-004239,ORD-004239,2025-04-05,2025-04-06,2025-04-08,WH-REG-03,FedEx Supply,REG-03,3.5,5,Compliant,3300.96,9.8,1.19
FUL-006981,ORD-006981,2025-04-05,2025-04-06,2025-04-08,WH-REG-03,FedEx Supply,REG-03,3.0,3,Compliant,3784.16,11.0,0.47
FUL-007988,ORD-007988,2025-04-05,2025-04-06,2025-04-08,WH-REG-05,DHL Freight,REG-05,3.0,5,Compliant,2239.75,6.6,0.21
FUL-008256,ORD-008256,2025-04-05,2025-04-06,2025-04-09,WH-REG-05,Delhivery Express,REG-05,4.8,3,Breached,2516.22,10.7,0.01
FUL-000502,ORD-000502,2025-04-06,2025-04-07,2025-04-09,WH-REG-03,DHL Freight,REG-03,3.5,5,Compliant,3521.66,8.9,0.61
FUL-002030,ORD-002030,2025-04-06,2025-04-07,2025-04-07,WH-REG-05,BlueDart Logistics,REG-05,1.6,3,Compliant,1232.94,11.5,0.35
FUL-002170,ORD-002170,2025-04-06,2025-04-07,2025-04-08,WH-REG-05,Ecom Express,REG-05,2.6,3,Compliant,2272.57,6.1,1.15
FUL-003011,ORD-003011,2025-04-06,2025-04-07,2025-04-10,WH-REG-05,BlueDart Logistics,REG-05,4.3,5,Compliant,3086.07,8.5,1.14
FUL-003978,ORD-003978,2025-04-06,2025-04-08,2025-04-12,WH-REG-04,DHL Freight,REG-04,6.4,5,Breached,3274.75,7.3,0.85
FUL-006025,ORD-006025,2025-04-06,2025-04-07,2025-04-09,WH-REG-03,DHL Freight,REG-03,3.5,5,Compliant,1249.93,5.7,0.11
FUL-006262,ORD-006262,2025-04-06,2025-04-08,2025-04-11,WH-REG-02,Delhivery Express,REG-02,5.7,5,Breached,4413.62,6.7,0.32
FUL-007021,ORD-007021,2025-04-06,2025-04-07,2025-04-07,WH-REG-04,FedEx Supply,REG-04,1.3,5,Compliant,2567.9,5.7,0.24
FUL-008492,ORD-008492,2025-04-06,2025-04-07,2025-04-09,WH-REG-01,Ecom Express,REG-01,3.3,5,Compliant,893.99,9.6,0.12
FUL-000358,ORD-000358,2025-04-07,2025-04-09,2025-04-12,WH-REG-04,Delhivery Express,REG-04,5.4,5,Breached,1714.34,10.4,0.4
FUL-000631,ORD-000631,2025-04-07,2025-04-08,2025-04-11,WH-REG-03,DHL Freight,REG-03,4.9,3,Breached,3797.2,9.4,0.65
FUL-003192,ORD-003192,2025-04-07,2025-04-08,2025-04-11,WH-REG-01,FedEx Supply,REG-01,4.6,3,Breached,4122.68,6.9,0.66
FUL-007036,ORD-007036,2025-04-07,2025-04-08,2025-04-11,WH-REG-05,Delhivery Express,REG-05,4.2,3,Breached,1631.34,7.8,1.1
FUL-000014,ORD-000014,2025-04-08,2025-04-09,2025-04-12,WH-REG-04,DHL Freight,REG-04,4.3,3,Breached,2699.02,6.3,0.85
FUL-000389,ORD-000389,2025-04-08,2025-04-09,2025-04-11,WH-REG-04,FedEx Supply,REG-04,3.7,5,Compliant,1841.69,7.5,1.61
FUL-001769,ORD-001769,2025-04-08,2025-04-09,2025-04-12,WH-REG-05,Delhivery Express,REG-05,4.4,5,Compliant,3203.44,6.6,1.39
FUL-001996,ORD-001996,2025-04-08,2025-04-09,2025-04-12,WH-REG-05,FedEx Supply,REG-05,4.6,5,Compliant,2316.73,9.2,0.04
FUL-002155,ORD-002155,2025-04-08,2025-04-10,2025-04-13,WH-REG-05,Delhivery Express,REG-05,5.8,5,Breached,3798.49,8.2,0.1
FUL-003986,ORD-003986,2025-04-08,2025-04-09,2025-04-12,WH-REG-03,Ecom Express,REG-03,4.2,5,Compliant,2634.79,6.5,1.21
FUL-004066,ORD-004066,2025-04-08,2025-04-09,2025-04-09,WH-REG-01,BlueDart Logistics,REG-01,1.3,5,Compliant,4013.4,6.6,1.56
FUL-006429,ORD-006429,2025-04-08,2025-04-09,2025-04-09,WH-REG-04,Delhivery Express,REG-04,1.7,5,Compliant,870.16,11.1,0.34
FUL-006914,ORD-006914,2025-04-08,2025-04-09,2025-04-11,WH-REG-03,FedEx Supply,REG-03,3.9,3,Breached,3778.92,9.4,1.43
FUL-000359,ORD-000359,2025-04-09,2025-04-10,2025-04-12,WH-REG-01,FedEx Supply,REG-01,3.6,5,Compliant,4260.36,11.7,1.18
FUL-000991,ORD-000991,2025-04-09,2025-04-10,2025-04-12,WH-REG-02,FedEx Supply,REG-02,3.9,3,Breached,1750.59,8.5,0.08
FUL-001736,ORD-001736,2025-04-09,2025-04-11,2025-04-15,WH-REG-05,Delhivery Express,REG-05,6.3,5,Breached,874.66,7.1,0.91
FUL-002004,ORD-002004,2025-04-09,2025-04-12,2025-04-18,WH-REG-04,Ecom Express,REG-04,9.6,5,Breached,4063.43,10.4,0.19
FUL-002029,ORD-002029,2025-04-09,2025-04-10,2025-04-11,WH-REG-04,Ecom Express,REG-04,2.4,3,Compliant,964.67,6.6,0.91
FUL-004118,ORD-004118,2025-04-09,2025-04-11,2025-04-14,WH-REG-04,FedEx Supply,REG-04,5.3,5,Breached,2774.6,9.6,0.2
FUL-005636,ORD-005636,2025-04-09,2025-04-11,2025-04-14,WH-REG-04,BlueDart Logistics,REG-04,5.0,3,Breached,2103.57,11.3,0.88
FUL-006766,ORD-006766,2025-04-09,2025-04-10,2025-04-11,WH-REG-04,BlueDart Logistics,REG-04,2.0,5,Compliant,981.49,6.1,0.75
FUL-007897,ORD-007897,2025-04-09,2025-04-10,2025-04-11,WH-REG-02,Delhivery Express,REG-02,2.6,3,Compliant,1844.08,10.3,0.53
FUL-002415,ORD-002415,2025-04-10,2025-04-11,2025-04-12,WH-REG-02,Ecom Express,REG-02,2.2,5,Compliant,4044.18,7.5,0.97
FUL-000008,ORD-000008,2025-04-11,2025-04-13,2025-04-17,WH-REG-04,Ecom Express,REG-04,6.5,3,Breached,1575.1,8.4,0.36
FUL-000537,ORD-000537,2025-04-11,2025-04-12,2025-04-14,WH-REG-01,Delhivery Express,REG-01,3.8,5,Compliant,1981.24,7.3,0.49
FUL-001048,ORD-001048,2025-04-11,2025-04-12,2025-04-13,WH-REG-04,DHL Freight,REG-04,2.9,3,Compliant,4299.55,11.8,0.64
FUL-003690,ORD-003690,2025-04-11,2025-04-13,2025-04-16,WH-REG-02,FedEx Supply,REG-02,5.1,3,Breached,1422.27,8.9,1.78
FUL-004930,ORD-004930,2025-04-11,2025-04-12,2025-04-14,WH-REG-01,Delhivery Express,REG-01,3.1,3,Breached,3143.52,5.9,0.71
FUL-005770,ORD-005770,2025-04-11,2025-04-12,2025-04-12,WH-REG-01,DHL Freight,REG-01,1.3,3,Compliant,3132.63,5.8,1.61
FUL-006270,ORD-006270,2025-04-11,2025-04-12,2025-04-14,WH-REG-04,Delhivery Express,REG-04,3.4,5,Compliant,3445.87,7.8,0.25
FUL-007003,ORD-007003,2025-04-11,2025-04-12,2025-04-15,WH-REG-04,DHL Freight,REG-04,4.4,5,Compliant,886.71,6.1,0.34
FUL-007025,ORD-007025,2025-04-11,2025-04-13,2025-04-16,WH-REG-03,DHL Freight,REG-03,5.2,5,Breached,3440.11,5.6,1.34
FUL-007080,ORD-007080,2025-04-11,2025-04-12,2025-04-12,WH-REG-01,Delhivery Express,REG-01,1.4,5,Compliant,878.97,10.3,1.03
FUL-008334,ORD-008334,2025-04-11,2025-04-12,2025-04-14,WH-REG-03,DHL Freight,REG-03,3.7,5,Compliant,2062.77,10.1,0.53
FUL-000564,ORD-000564,2025-04-12,2025-04-13,2025-04-15,WH-REG-05,BlueDart Logistics,REG-05,3.5,3,Breached,4446.85,7.8,1.26
FUL-002802,ORD-002802,2025-04-12,2025-04-14,2025-04-17,WH-REG-02,DHL Freight,REG-02,5.8,5,Breached,1961.95,11.6,1.43
FUL-002881,ORD-002881,2025-04-12,2025-04-14,2025-04-18,WH-REG-04,BlueDart Logistics,REG-04,6.5,5,Breached,4376.21,6.1,1.21
FUL-003032,ORD-003032,2025-04-12,2025-04-13,2025-04-14,WH-REG-02,DHL Freight,REG-02,2.1,3,Compliant,2339.01,11.6,0.35
FUL-003585,ORD-003585,2025-04-12,2025-04-13,2025-04-15,WH-REG-02,Delhivery Express,REG-02,3.8,3,Breached,1840.53,6.8,1.12
FUL-004104,ORD-004104,2025-04-12,2025-04-13,2025-04-13,WH-REG-02,FedEx Supply,REG-02,1.5,5,Compliant,3805.68,10.6,1.01
FUL-004548,ORD-004548,2025-04-12,2025-04-13,2025-04-13,WH-REG-05,BlueDart Logistics,REG-05,1.3,5,Compliant,850.02,9.8,1.1
FUL-005614,ORD-005614,2025-04-12,2025-04-13,2025-04-15,WH-REG-03,Ecom Express,REG-03,3.3,5,Compliant,4161.43,8.6,0.18
FUL-006318,ORD-006318,2025-04-12,2025-04-13,2025-04-14,WH-REG-05,FedEx Supply,REG-05,2.8,5,Compliant,1297.57,6.1,0.43
FUL-007779,ORD-007779,2025-04-12,2025-04-13,2025-04-15,WH-REG-03,BlueDart Logistics,REG-03,3.8,5,Compliant,1276.94,5.7,1.44
FUL-007946,ORD-007946,2025-04-12,2025-04-17,2025-04-25,WH-REG-04,BlueDart Logistics,REG-04,13.2,5,Breached,3565.35,11.6,1.69
FUL-000137,ORD-000137,2025-04-13,2025-04-14,2025-04-15,WH-REG-04,Ecom Express,REG-04,2.4,3,Compliant,1398.0,11.7,1.31
FUL-003247,ORD-003247,2025-04-13,2025-04-14,2025-04-15,WH-REG-01,BlueDart Logistics,REG-01,2.0,5,Compliant,3821.77,8.1,1.46
FUL-005366,ORD-005366,2025-04-13,2025-04-14,2025-04-15,WH-REG-03,BlueDart Logistics,REG-03,2.9,5,Compliant,2974.07,5.9,0.62
FUL-007280,ORD-007280,2025-04-13,2025-04-14,2025-04-14,WH-REG-02,FedEx Supply,REG-02,1.6,5,Compliant,2269.21,10.1,0.95
FUL-007472,ORD-007472,2025-04-13,2025-04-14,2025-04-15,WH-REG-05,BlueDart Logistics,REG-05,2.0,5,Compliant,1250.38,6.8,0.26
FUL-000607,ORD-000607,2025-04-14,2025-04-15,2025-04-17,WH-REG-03,Delhivery Express,REG-03,3.9,5,Compliant,1403.26,10.5,1.08
FUL-001065,ORD-001065,2025-04-14,2025-04-16,2025-04-19,WH-REG-04,FedEx Supply,REG-04,5.8,5,Breached,4441.49,9.5,0.21
FUL-001263,ORD-001263,2025-04-14,2025-04-15,2025-04-15,WH-REG-02,Delhivery Express,REG-02,1.6,5,Compliant,2184.17,8.6,1.04
FUL-002348,ORD-002348,2025-04-14,2025-04-16,2025-04-19,WH-REG-01,DHL Freight,REG-01,5.1,5,Breached,1323.75,9.1,0.9
FUL-004774,ORD-004774,2025-04-14,2025-04-15,2025-04-16,WH-REG-01,BlueDart Logistics,REG-01,2.7,5,Compliant,2552.73,8.4,0.51
FUL-007795,ORD-007795,2025-04-14,2025-04-15,2025-04-15,WH-REG-04,FedEx Supply,REG-04,1.4,3,Compliant,1297.32,8.9,1.19
FUL-000242,ORD-000242,2025-04-15,2025-04-16,2025-04-19,WH-REG-01,BlueDart Logistics,REG-01,4.3,5,Compliant,3540.59,11.2,0.43
FUL-001959,ORD-001959,2025-04-15,2025-04-16,2025-04-19,WH-REG-01,BlueDart Logistics,REG-01,4.0,5,Compliant,3258.5,11.4,1.54
FUL-002228,ORD-002228,2025-04-15,2025-04-17,2025-04-20,WH-REG-05,Ecom Express,REG-05,5.8,5,Breached,2361.64,10.9,1.43
FUL-002537,ORD-002537,2025-04-15,2025-04-17,2025-04-21,WH-REG-04,FedEx Supply,REG-04,6.7,5,Breached,2153.49,6.9,1.08
FUL-004709,ORD-004709,2025-04-15,2025-04-16,2025-04-18,WH-REG-02,Ecom Express,REG-02,3.6,3,Breached,2134.81,11.1,1.07
FUL-004975,ORD-004975,2025-04-15,2025-04-16,2025-04-19,WH-REG-05,DHL Freight,REG-05,4.6,5,Compliant,2923.82,9.4,0.12
FUL-006062,ORD-006062,2025-04-15,2025-04-17,2025-04-20,WH-REG-03,Delhivery Express,REG-03,5.2,5,Breached,1702.91,6.7,0.03
FUL-006217,ORD-006217,2025-04-15,2025-04-16,2025-04-19,WH-REG-04,FedEx Supply,REG-04,4.0,5,Compliant,1621.23,10.8,0.05
FUL-006342,ORD-006342,2025-04-15,2025-04-16,2025-04-17,WH-REG-04,Ecom Express,REG-04,2.1,3,Compliant,1316.44,10.4,0.03
FUL-001982,ORD-001982,2025-04-16,2025-04-17,2025-04-18,WH-REG-03,DHL Freight,REG-03,2.5,5,Compliant,1937.98,7.4,1.78
