order_id,order_date,month,customer_id,product_id,sales_rep_id,region_id,channel,quantity,unit_price,discount,revenue,cost,profit,sales_target,status
ORD-HG-10000,2023-01-01,2023-01,CUST-1172,PROD-124,EMP-1016,REG-04,Retail Store,14,6865.62,0.0,96118.68,43233.09,52885.59,88429.19,Completed
ORD-HG-10001,2023-01-01,2023-01,CUST-1212,PROD-121,EMP-1017,REG-04,Field Sales,19,34121.42,0.0,648306.98,322501.55,325805.43,596442.42,Completed
ORD-HG-10002,2023-01-01,2023-01,CUST-1359,PROD-106,EMP-1017,REG-03,Retail Store,16,17174.69,0.03,266551.19,131258.0,135293.19,245227.09,Completed
ORD-HG-10003,2023-01-01,2023-01,CUST-1005,PROD-109,EMP-1048,REG-05,Enterprise Partner,34,25506.29,0.0,867213.86,454620.33,412593.53,797836.75,Completed
ORD-HG-10004,2023-01-02,2023-01,CUST-1395,PROD-123,EMP-1035,REG-05,Retail Store,6,24270.43,0.03,141253.9,63199.76,78054.14,129953.59,Completed
ORD-HG-10005,2023-01-02,2023-01,CUST-1105,PROD-105,EMP-1017,REG-04,Retail Store,30,8824.14,0.03,256782.47,117638.9,139143.57,236239.87,Completed
ORD-HG-10006,2023-01-02,2023-01,CUST-1473,PROD-122,EMP-1006,REG-05,Enterprise Partner,29,8462.17,0.03,238040.84,98704.93,139335.91,218997.57,Completed
ORD-HG-10007,2023-01-02,2023-01,CUST-1109,PROD-123,EMP-1038,REG-03,Enterprise Partner,25,24006.1,0.05,570144.88,297250.02,272894.86,524533.29,Completed
ORD-HG-10008,2023-01-02,2023-01,CUST-1067,PROD-106,EMP-1020,REG-03,Field Sales,13,25175.2,0.01,324004.82,165318.18,158686.64,298084.43,Completed
ORD-HG-10009,2023-01-02,2023-01,CUST-1273,PROD-114,EMP-1004,REG-02,Enterprise Partner,39,39949.93,0.02,1526886.32,793127.29,733759.03,1404735.41,Completed
ORD-HG-10010,2023-01-02,2023-01,CUST-1439,PROD-109,EMP-1027,REG-05,Retail Store,24,29235.13,0.03,680593.83,371908.88,308684.95,626146.32,Completed
ORD-HG-10011,2023-01-02,2023-01,CUST-1102,PROD-110,EMP-1037,REG-03,Enterprise Partner,39,21381.29,0.04,800515.5,406430.6,394084.9,736474.26,Completed
ORD-HG-10012,2023-01-03,2023-01,CUST-1354,PROD-123,EMP-1036,REG-04,Enterprise Partner,40,36704.8,0.04,1409464.32,656337.02,753127.3,1296707.17,Completed
ORD-HG-10013,2023-01-03,2023-01,CUST-1162,PROD-118,EMP-1035,REG-05,Field Sales,5,26652.95,0.04,127934.16,53124.62,74809.54,117699.43,Completed
ORD-HG-10014,2023-01-03,2023-01,CUST-1185,PROD-119,EMP-1030,REG-04,Direct Online,42,29342.93,0.0,1232403.06,547931.6,684471.46,1133810.82,Completed
ORD-HG-10015,2023-01-03,2023-01,CUST-1287,PROD-114,EMP-1005,REG-03,Enterprise Partner,42,17067.48,0.03,695329.14,372350.01,322979.13,639702.81,Completed
ORD-HG-10016,2023-01-03,2023-01,CUST-1349,PROD-121,EMP-1038,REG-02,Field Sales,11,38895.31,0.02,419291.44,217614.23,201677.21,385748.12,Completed
ORD-HG-10017,2023-01-03,2023-01,CUST-1393,PROD-123,EMP-1005,REG-01,Retail Store,43,24889.57,0.04,1027441.45,437632.45,589809.0,945246.13,Completed
ORD-HG-10018,2023-01-03,2023-01,CUST-1134,PROD-112,EMP-1034,REG-03,Field Sales,32,10434.51,0.0,333904.32,161930.27,171974.05,307191.97,Completed
ORD-HG-10019,2023-01-04,2023-01,CUST-1475,PROD-107,EMP-1005,REG-01,Direct Online,33,40561.04,0.03,1298358.89,684531.14,613827.75,1194490.18,Completed
ORD-HG-10020,2023-01-04,2023-01,CUST-1165,PROD-114,EMP-1047,REG-04,Retail Store,35,38758.75,0.02,1329425.12,544207.51,785217.61,1223071.11,Completed
ORD-HG-10021,2023-01-04,2023-01,CUST-1329,PROD-102,EMP-1014,REG-03,Enterprise Partner,42,43149.81,0.04,1739800.34,806860.1,932940.24,1600616.31,Completed
ORD-HG-10022,2023-01-04,2023-01,CUST-1367,PROD-107,EMP-1034,REG-04,Enterprise Partner,40,13611.77,0.01,539026.09,260406.22,278619.87,495904.0,Completed
ORD-HG-10023,2023-01-04,2023-01,CUST-1172,PROD-112,EMP-1010,REG-01,Enterprise Partner,34,8757.64,0.02,291804.56,137102.43,154702.13,268460.2,Completed
ORD-HG-10024,2023-01-04,2023-01,CUST-1073,PROD-117,EMP-1049,REG-01,Field Sales,11,16475.38,0.02,177604.6,84314.83,93289.77,163396.23,Completed
ORD-HG-10025,2023-01-04,2023-01,CUST-1453,PROD-121,EMP-1011,REG-04,Direct Online,24,16117.52,0.05,367479.46,179272.92,188206.54,338081.1,Completed
ORD-HG-10026,2023-01-04,2023-01,CUST-1021,PROD-103,EMP-1028,REG-01,Direct Online,37,27188.06,0.04,965719.89,526177.92,439541.97,888462.3,Completed
ORD-HG-10027,2023-01-04,2023-01,CUST-1111,PROD-107,EMP-1028,REG-04,Field Sales,33,20862.03,0.03,667793.58,362389.48,305404.1,614370.09,Completed
ORD-HG-10028,2023-01-04,2023-01,CUST-1467,PROD-119,EMP-1016,REG-05,Enterprise Partner,17,42633.0,0.02,710265.78,320078.17,390187.61,653444.52,Completed
ORD-HG-10029,2023-01-04,2023-01,CUST-1399,PROD-105,EMP-1048,REG-02,Retail Store,33,32946.94,0.04,1043759.06,468152.76,575606.3,960258.34,Completed
ORD-HG-10030,2023-01-05,2023-01,CUST-1252,PROD-107,EMP-1039,REG-01,Enterprise Partner,17,30148.17,0.01,507393.7,275200.37,232193.33,466802.2,Completed
ORD-HG-10031,2023-01-05,2023-01,CUST-1068,PROD-112,EMP-1025,REG-01,Direct Online,15,16275.93,0.01,241697.56,101450.08,140247.48,222361.76,Completed
ORD-HG-10032,2023-01-05,2023-01,CUST-1466,PROD-124,EMP-1037,REG-02,Direct Online,36,15454.14,0.01,550785.55,226475.44,324310.11,506722.71,Completed
ORD-HG-10033,2023-01-05,2023-01,CUST-1212,PROD-110,EMP-1005,REG-02,Retail Store,10,11425.63,0.0,114256.3,48362.72,65893.58,105115.8,Completed
ORD-HG-10034,2023-01-05,2023-01,CUST-1093,PROD-112,EMP-1040,REG-03,Retail Store,17,30087.84,0.03,496148.48,237276.46,258872.02,456456.6,Completed
ORD-HG-10035,2023-01-05,2023-01,CUST-1145,PROD-106,EMP-1027,REG-05,Retail Store,15,39877.07,0.03,580211.37,314010.76,266200.61,533794.46,Completed
ORD-HG-10036,2023-01-05,2023-01,CUST-1106,PROD-120,EMP-1039,REG-04,Enterprise Partner,22,42368.01,0.01,922775.26,492355.22,430420.04,848953.24,Completed
ORD-HG-10037,2023-01-06,2023-01,CUST-1292,PROD-119,EMP-1010,REG-01,Enterprise Partner,12,40067.4,0.01,476000.71,250659.26,225341.45,437920.65,Completed
ORD-HG-10038,2023-01-06,2023-01,CUST-1214,PROD-119,EMP-1004,REG-01,Retail Store,23,13570.6,0.0,312123.8,164924.74,147199.06,287153.9,Completed
ORD-HG-10039,2023-01-06,2023-01,CUST-1011,PROD-106,EMP-1011,REG-03,Enterprise Partner,16,24121.59,0.03,374367.08,150256.17,224110.91,344417.71,Completed
ORD-HG-10040,2023-01-06,2023-01,CUST-1413,PROD-108,EMP-1033,REG-02,Enterprise Partner,42,31882.83,0.0,1339078.86,637132.72,701946.14,1231952.55,Completed
ORD-HG-10041,2023-01-06,2023-01,CUST-1393,PROD-108,EMP-1014,REG-02,Field Sales,34,44955.11,0.01,1513189.0,659147.59,854041.41,1392133.88,Completed
ORD-HG-10042,2023-01-06,2023-01,CUST-1021,PROD-104,EMP-1003,REG-05,Direct Online,23,5976.63,0.01,136087.87,70579.2,65508.67,125200.84,Completed
ORD-HG-10043,2023-01-06,2023-01,CUST-1138,PROD-112,EMP-1023,REG-02,Enterprise Partner,22,40364.0,0.04,852487.68,353379.58,499108.1,784288.67,Completed
ORD-HG-10044,2023-01-07,2023-01,CUST-1086,PROD-110,EMP-1044,REG-05,Direct Online,39,36032.7,0.01,1391222.55,657281.33,733941.22,1279924.75,Completed
ORD-HG-10045,2023-01-07,2023-01,CUST-1130,PROD-107,EMP-1004,REG-02,Enterprise Partner,21,41332.57,0.03,841944.45,461926.97,380017.48,774588.89,Completed
ORD-HG-10046,2023-01-07,2023-01,CUST-1306,PROD-119,EMP-1040,REG-02,Field Sales,14,11292.99,0.03,153358.8,69331.48,84027.32,141090.1,Completed
ORD-HG-10047,2023-01-07,2023-01,CUST-1434,PROD-119,EMP-1008,REG-04,Enterprise Partner,34,13107.24,0.04,427820.31,220262.11,207558.2,393594.69,Completed
ORD-HG-10048,2023-01-07,2023-01,CUST-1013,PROD-123,EMP-1003,REG-05,Direct Online,42,28074.08,0.03,1143738.02,550854.16,592883.86,1052238.98,Completed
ORD-HG-10049,2023-01-07,2023-01,CUST-1427,PROD-112,EMP-1010,REG-01,Direct Online,16,41870.49,0.02,656529.28,309769.43,346759.85,604006.94,Completed
ORD-HG-10050,2023-01-07,2023-01,CUST-1233,PROD-112,EMP-1033,REG-04,Enterprise Partner,31,17993.31,0.02,546636.76,296634.61,250002.15,502905.82,Completed
ORD-HG-10051,2023-01-08,2023-01,CUST-1328,PROD-103,EMP-1043,REG-03,Field Sales,44,13779.84,0.05,575997.31,232621.22,343376.09,529917.53,Completed
ORD-HG-10052,2023-01-08,2023-01,CUST-1268,PROD-110,EMP-1005,REG-05,Field Sales,22,20064.13,0.03,428168.53,218318.83,209849.7,393915.05,Completed
ORD-HG-10053,2023-01-08,2023-01,CUST-1098,PROD-117,EMP-1013,REG-01,Direct Online,39,40348.88,0.04,1510662.07,742954.02,767708.05,1389809.1,Completed
ORD-HG-10054,2023-01-08,2023-01,CUST-1465,PROD-107,EMP-1042,REG-05,Direct Online,29,5899.34,0.03,165948.43,67002.52,98945.91,152672.56,Completed
ORD-HG-10055,2023-01-08,2023-01,CUST-1202,PROD-119,EMP-1044,REG-02,Retail Store,24,14275.64,0.04,328910.75,144734.32,184176.43,302597.89,Completed
ORD-HG-10056,2023-01-08,2023-01,CUST-1004,PROD-111,EMP-1037,REG-03,Field Sales,15,32296.18,0.04,465064.99,198744.64,266320.35,427859.79,Completed
ORD-HG-10057,2023-01-08,2023-01,CUST-1064,PROD-113,EMP-1046,REG-02,Direct Online,30,33361.56,0.04,960812.93,450059.24,510753.69,883947.9,Completed
ORD-HG-10058,2023-01-08,2023-01,CUST-1277,PROD-101,EMP-1043,REG-05,Retail Store,26,19196.66,0.04,479148.63,241681.7,237466.93,440816.74,Completed
ORD-HG-10059,2023-01-09,2023-01,CUST-1130,PROD-110,EMP-1020,REG-02,Field Sales,43,18502.44,0.04,763780.72,416303.29,347477.43,702678.26,Completed
ORD-HG-10060,2023-01-09,2023-01,CUST-1410,PROD-108,EMP-1007,REG-02,Direct Online,18,12630.7,0.03,220532.02,105187.42,115344.6,202889.46,Completed
ORD-HG-10061,2023-01-09,2023-01,CUST-1089,PROD-104,EMP-1047,REG-01,Field Sales,43,38997.6,0.02,1643358.86,852782.51,790576.35,1511890.15,Completed
ORD-HG-10062,2023-01-09,2023-01,CUST-1398,PROD-123,EMP-1034,REG-01,Enterprise Partner,34,41105.17,0.0,1397575.78,572538.05,825037.73,1285769.72,Completed
ORD-HG-10063,2023-01-09,2023-01,CUST-1299,PROD-107,EMP-1004,REG-02,Enterprise Partner,23,21378.43,0.04,472035.73,243476.21,228559.52,434272.87,Completed
ORD-HG-10064,2023-01-09,2023-01,CUST-1251,PROD-117,EMP-1019,REG-02,Direct Online,12,24408.81,0.05,278260.43,152778.69,125481.74,255999.6,Completed
ORD-HG-10065,2023-01-09,2023-01,CUST-1288,PROD-115,EMP-1034,REG-03,Retail Store,12,34539.85,0.01,410333.42,184968.47,225364.95,377506.75,Completed
ORD-HG-10066,2023-01-09,2023-01,CUST-1027,PROD-122,EMP-1010,REG-04,Direct Online,36,8276.26,0.05,283048.09,125194.03,157854.06,260404.24,Completed
ORD-HG-10067,2023-01-09,2023-01,CUST-1126,PROD-102,EMP-1026,REG-02,Enterprise Partner,39,5729.69,0.04,214519.59,87467.48,127052.11,197358.02,Completed
ORD-HG-10068,2023-01-09,2023-01,CUST-1151,PROD-120,EMP-1030,REG-03,Field Sales,42,8254.86,0.02,339770.04,165524.96,174245.08,312588.44,Completed
ORD-HG-10069,2023-01-09,2023-01,CUST-1351,PROD-122,EMP-1047,REG-04,Enterprise Partner,26,43814.76,0.04,1093616.41,483585.04,610031.37,1006127.1,Completed
ORD-HG-10070,2023-01-10,2023-01,CUST-1021,PROD-108,EMP-1002,REG-01,Enterprise Partner,22,12842.38,0.03,274056.39,133187.25,140869.14,252131.88,Completed
ORD-HG-10071,2023-01-10,2023-01,CUST-1147,PROD-106,EMP-1013,REG-03,Retail Store,19,18246.03,0.0,346674.57,147223.64,199450.93,318940.6,Completed
ORD-HG-10072,2023-01-10,2023-01,CUST-1419,PROD-102,EMP-1037,REG-03,Retail Store,26,38483.67,0.03,970558.16,529648.99,440909.17,892913.51,Completed
ORD-HG-10073,2023-01-11,2023-01,CUST-1456,PROD-120,EMP-1040,REG-03,Direct Online,44,23915.86,0.02,1031251.88,470287.37,560964.51,948751.73,Completed
ORD-HG-10074,2023-01-11,2023-01,CUST-1169,PROD-112,EMP-1044,REG-02,Enterprise Partner,42,44610.14,0.04,1798680.84,969179.24,829501.6,1654786.37,Completed
ORD-HG-10075,2023-01-11,2023-01,CUST-1218,PROD-101,EMP-1005,REG-04,Retail Store,7,23487.44,0.05,156191.48,67398.44,88793.04,143696.16,Completed
ORD-HG-10076,2023-01-11,2023-01,CUST-1406,PROD-118,EMP-1012,REG-01,Enterprise Partner,35,15574.34,0.05,517846.8,221054.19,296792.61,476419.06,Completed
ORD-HG-10077,2023-01-11,2023-01,CUST-1105,PROD-112,EMP-1035,REG-02,Retail Store,37,29851.67,0.02,1082421.55,488845.12,593576.43,995827.83,Completed
ORD-HG-10078,2023-01-11,2023-01,CUST-1362,PROD-113,EMP-1008,REG-02,Retail Store,26,27876.68,0.02,710297.81,342254.81,368043.0,653473.99,Completed
ORD-HG-10079,2023-01-11,2023-01,CUST-1116,PROD-101,EMP-1032,REG-02,Enterprise Partner,12,5539.29,0.05,63147.91,32559.55,30588.36,58096.08,Completed
ORD-HG-10080,2023-01-11,2023-01,CUST-1430,PROD-114,EMP-1015,REG-04,Retail Store,43,23563.19,0.02,992952.83,497506.71,495446.12,913516.6,Completed
ORD-HG-10081,2023-01-11,2023-01,CUST-1062,PROD-108,EMP-1033,REG-03,Retail Store,11,42779.87,0.05,447049.64,212361.31,234688.33,411285.67,Completed
ORD-HG-10082,2023-01-12,2023-01,CUST-1320,PROD-104,EMP-1014,REG-03,Enterprise Partner,35,27012.4,0.03,917070.98,471578.93,445492.05,843705.3,Completed
ORD-HG-10083,2023-01-12,2023-01,CUST-1002,PROD-106,EMP-1010,REG-02,Field Sales,42,14128.49,0.01,587462.61,237696.6,349766.01,540465.6,Completed
ORD-HG-10084,2023-01-12,2023-01,CUST-1107,PROD-105,EMP-1006,REG-01,Retail Store,33,44254.04,0.0,1460383.32,604154.18,856229.14,1343552.65,Completed
ORD-HG-10085,2023-01-12,2023-01,CUST-1360,PROD-104,EMP-1013,REG-03,Enterprise Partner,24,44785.45,0.02,1053353.78,555967.66,497386.12,969085.48,Completed
ORD-HG-10086,2023-01-12,2023-01,CUST-1374,PROD-111,EMP-1040,REG-03,Field Sales,20,23178.41,0.03,449661.15,194262.45,255398.7,413688.26,Completed
ORD-HG-10087,2023-01-12,2023-01,CUST-1338,PROD-120,EMP-1039,REG-05,Enterprise Partner,43,11709.85,0.02,493453.08,271386.74,222066.34,453976.83,Completed
ORD-HG-10088,2023-01-12,2023-01,CUST-1190,PROD-101,EMP-1044,REG-01,Direct Online,41,9152.08,0.0,375235.28,154156.87,221078.41,345216.46,Completed
ORD-HG-10089,2023-01-12,2023-01,CUST-1049,PROD-101,EMP-1014,REG-03,Field Sales,9,12955.95,0.01,115437.51,47070.98,68366.53,106202.51,Completed
ORD-HG-10090,2023-01-12,2023-01,CUST-1064,PROD-101,EMP-1001,REG-02,Direct Online,37,43983.09,0.04,1562279.36,828780.67,733498.69,1437297.01,Completed
ORD-HG-10091,2023-01-12,2023-01,CUST-1469,PROD-104,EMP-1040,REG-01,Field Sales,43,35798.07,0.04,1477744.33,690186.66,787557.67,1359524.78,Completed
ORD-HG-10092,2023-01-13,2023-01,CUST-1271,PROD-103,EMP-1044,REG-01,Direct Online,35,6807.45,0.0,238260.75,105890.32,132370.43,219199.89,Completed
ORD-HG-10093,2023-01-13,2023-01,CUST-1454,PROD-101,EMP-1002,REG-05,Field Sales,31,26229.13,0.02,796840.97,337586.55,459254.42,733093.69,Completed
ORD-HG-10094,2023-01-13,2023-01,CUST-1152,PROD-117,EMP-1035,REG-01,Direct Online,35,25278.35,0.05,840505.14,372375.5,468129.64,773264.73,Completed
ORD-HG-10095,2023-01-13,2023-01,CUST-1020,PROD-124,EMP-1007,REG-04,Enterprise Partner,28,22507.9,0.04,605012.35,291542.19,313470.16,556611.36,Completed
ORD-HG-10096,2023-01-13,2023-01,CUST-1022,PROD-116,EMP-1008,REG-01,Field Sales,26,15322.64,0.02,390420.87,194026.67,196394.2,359187.2,Completed
ORD-HG-10097,2023-01-13,2023-01,CUST-1277,PROD-108,EMP-1017,REG-05,Retail Store,15,26906.94,0.03,391495.98,209270.0,182225.98,360176.3,Completed
ORD-HG-10098,2023-01-14,2023-01,CUST-1415,PROD-119,EMP-1039,REG-05,Direct Online,41,21147.71,0.02,849714.99,340028.03,509686.96,781737.79,Completed
ORD-HG-10099,2023-01-14,2023-01,CUST-1405,PROD-119,EMP-1002,REG-01,Enterprise Partner,24,13072.54,0.04,301191.32,145721.91,155469.41,277096.01,Completed
ORD-HG-10100,2023-01-14,2023-01,CUST-1059,PROD-115,EMP-1032,REG-01,Direct Online,43,44712.42,0.05,1826502.36,840384.08,986118.28,1680382.17,Completed
ORD-HG-10101,2023-01-14,2023-01,CUST-1379,PROD-116,EMP-1020,REG-01,Enterprise Partner,33,36337.9,0.01,1187159.19,641427.52,545731.67,1092186.45,Completed
ORD-HG-10102,2023-01-14,2023-01,CUST-1434,PROD-119,EMP-1031,REG-04,Enterprise Partner,8,36941.29,0.05,280753.8,116659.86,164093.94,258293.5,Completed
ORD-HG-10103,2023-01-14,2023-01,CUST-1412,PROD-121,EMP-1003,REG-05,Field Sales,8,19951.07,0.03,154820.3,81634.66,73185.64,142434.68,Completed
ORD-HG-10104,2023-01-14,2023-01,CUST-1421,PROD-124,EMP-1038,REG-02,Direct Online,36,14215.57,0.02,501525.31,254953.5,246571.81,461403.29,Completed
ORD-HG-10105,2023-01-14,2023-01,CUST-1059,PROD-115,EMP-1040,REG-04,Retail Store,29,5124.06,0.02,145625.79,63554.95,82070.84,133975.73,Completed
ORD-HG-10106,2023-01-14,2023-01,CUST-1195,PROD-115,EMP-1033,REG-01,Retail Store,18,31855.6,0.0,573400.8,297413.02,275987.78,527528.74,Completed
ORD-HG-10107,2023-01-15,2023-01,CUST-1322,PROD-118,EMP-1046,REG-04,Direct Online,7,10764.69,0.01,74599.3,38227.13,36372.17,68631.36,Completed
ORD-HG-10108,2023-01-15,2023-01,CUST-1146,PROD-118,EMP-1043,REG-05,Enterprise Partner,42,17295.47,0.05,690089.25,318371.57,371717.68,634882.11,Completed
ORD-HG-10109,2023-01-15,2023-01,CUST-1303,PROD-111,EMP-1041,REG-01,Enterprise Partner,12,28882.42,0.03,336191.37,180485.92,155705.45,309296.06,Completed
ORD-HG-10110,2023-01-15,2023-01,CUST-1299,PROD-124,EMP-1019,REG-05,Field Sales,17,42163.88,0.03,695282.38,329475.38,365807.0,639659.79,Completed
ORD-HG-10111,2023-01-15,2023-01,CUST-1328,PROD-124,EMP-1020,REG-02,Field Sales,26,34385.35,0.04,858258.34,376661.85,481596.49,789597.67,Completed
ORD-HG-10112,2023-01-15,2023-01,CUST-1278,PROD-101,EMP-1020,REG-01,Direct Online,34,7572.44,0.01,254888.33,107566.56,147321.77,234497.26,Completed
ORD-HG-10113,2023-01-15,2023-01,CUST-1400,PROD-111,EMP-1037,REG-05,Field Sales,20,12475.23,0.02,244514.51,101176.31,143338.2,224953.35,Completed
ORD-HG-10114,2023-01-15,2023-01,CUST-1315,PROD-115,EMP-1022,REG-02,Direct Online,9,32670.4,0.03,285212.59,131254.44,153958.15,262395.58,Completed
ORD-HG-10115,2023-01-16,2023-01,CUST-1216,PROD-116,EMP-1012,REG-02,Enterprise Partner,36,28981.46,0.03,1012032.58,506101.23,505931.35,931069.97,Completed
ORD-HG-10116,2023-01-16,2023-01,CUST-1430,PROD-107,EMP-1048,REG-01,Retail Store,36,22275.07,0.02,785864.47,395617.22,390247.25,722995.31,Completed
ORD-HG-10117,2023-01-16,2023-01,CUST-1259,PROD-124,EMP-1021,REG-04,Direct Online,31,17724.8,0.02,538479.42,287459.58,251019.84,495401.07,Completed
ORD-HG-10118,2023-01-16,2023-01,CUST-1303,PROD-101,EMP-1026,REG-03,Retail Store,38,30270.61,0.05,1092769.02,489667.41,603101.61,1005347.5,Completed
ORD-HG-10119,2023-01-16,2023-01,CUST-1297,PROD-108,EMP-1034,REG-02,Direct Online,34,14999.89,0.04,489596.41,197207.92,292388.49,450428.7,Completed
ORD-HG-10120,2023-01-16,2023-01,CUST-1331,PROD-120,EMP-1026,REG-04,Enterprise Partner,6,10002.27,0.03,58213.21,28087.85,30125.36,53556.15,Completed
ORD-HG-10121,2023-01-16,2023-01,CUST-1141,PROD-114,EMP-1001,REG-01,Retail Store,20,18927.78,0.01,374770.04,168115.54,206654.5,344788.44,Completed
ORD-HG-10122,2023-01-16,2023-01,CUST-1320,PROD-112,EMP-1027,REG-02,Enterprise Partner,6,12605.56,0.02,74120.69,30961.46,43159.23,68191.03,Completed
ORD-HG-10123,2023-01-17,2023-01,CUST-1142,PROD-109,EMP-1021,REG-04,Field Sales,12,42864.13,0.04,493794.78,225242.74,268552.04,454291.2,Completed
ORD-HG-10124,2023-01-17,2023-01,CUST-1436,PROD-107,EMP-1003,REG-02,Retail Store,9,15892.21,0.01,141599.59,62569.68,79029.91,130271.62,Completed
ORD-HG-10125,2023-01-17,2023-01,CUST-1276,PROD-109,EMP-1014,REG-02,Direct Online,13,26158.49,0.05,323057.35,164378.7,158678.65,297212.76,Completed
ORD-HG-10126,2023-01-17,2023-01,CUST-1488,PROD-124,EMP-1025,REG-03,Direct Online,10,28120.53,0.05,267145.03,136269.25,130875.78,245773.43,Completed
ORD-HG-10127,2023-01-17,2023-01,CUST-1017,PROD-124,EMP-1043,REG-01,Field Sales,24,23831.25,0.01,566230.5,235513.3,330717.2,520932.06,Completed
ORD-HG-10128,2023-01-17,2023-01,CUST-1130,PROD-119,EMP-1009,REG-04,Retail Store,41,41974.57,0.0,1720957.37,714671.04,1006286.33,1583280.78,Completed
ORD-HG-10129,2023-01-17,2023-01,CUST-1370,PROD-113,EMP-1036,REG-03,Retail Store,43,14021.24,0.04,578796.79,258686.48,320110.31,532493.05,Completed
ORD-HG-10130,2023-01-17,2023-01,CUST-1188,PROD-121,EMP-1028,REG-05,Direct Online,14,27396.22,0.03,372040.67,184942.4,187098.27,342277.42,Completed
ORD-HG-10131,2023-01-17,2023-01,CUST-1258,PROD-102,EMP-1021,REG-05,Enterprise Partner,24,17801.64,0.05,405877.39,210024.87,195852.52,373407.2,Completed
ORD-HG-10132,2023-01-17,2023-01,CUST-1110,PROD-118,EMP-1020,REG-02,Field Sales,44,33371.81,0.01,1453676.04,749656.28,704019.76,1337381.96,Completed
ORD-HG-10133,2023-01-17,2023-01,CUST-1355,PROD-107,EMP-1012,REG-04,Enterprise Partner,25,6564.7,0.0,164117.5,83086.77,81030.73,150988.1,Completed
ORD-HG-10134,2023-01-18,2023-01,CUST-1189,PROD-124,EMP-1047,REG-02,Direct Online,18,19541.67,0.01,348232.56,188060.88,160171.68,320373.96,Completed
ORD-HG-10135,2023-01-18,2023-01,CUST-1211,PROD-109,EMP-1016,REG-02,Enterprise Partner,7,13059.28,0.02,89586.66,48198.73,41387.93,82419.73,Completed
ORD-HG-10136,2023-01-18,2023-01,CUST-1360,PROD-102,EMP-1005,REG-03,Retail Store,25,31718.77,0.04,761250.48,355258.95,405991.53,700350.44,Completed
ORD-HG-10137,2023-01-18,2023-01,CUST-1211,PROD-110,EMP-1005,REG-02,Field Sales,26,13210.92,0.01,340049.08,174845.84,165203.24,312845.15,Completed
ORD-HG-10138,2023-01-18,2023-01,CUST-1060,PROD-107,EMP-1046,REG-02,Enterprise Partner,29,15777.99,0.03,443834.86,234366.64,209468.22,408328.07,Completed
ORD-HG-10139,2023-01-18,2023-01,CUST-1221,PROD-116,EMP-1039,REG-01,Enterprise Partner,42,25143.36,0.02,1034900.7,427324.01,607576.69,952108.64,Completed
ORD-HG-10140,2023-01-18,2023-01,CUST-1366,PROD-108,EMP-1013,REG-01,Direct Online,39,11795.78,0.02,450834.71,229232.86,221601.85,414767.93,Completed
ORD-HG-10141,2023-01-18,2023-01,CUST-1430,PROD-114,EMP-1028,REG-01,Direct Online,5,29112.58,0.05,138284.76,62969.55,75315.21,127221.98,Completed
ORD-HG-10142,2023-01-18,2023-01,CUST-1265,PROD-115,EMP-1045,REG-05,Retail Store,24,28599.54,0.03,665797.29,315367.37,350429.92,612533.51,Completed
ORD-HG-10143,2023-01-19,2023-01,CUST-1335,PROD-105,EMP-1024,REG-03,Retail Store,29,6211.41,0.01,178329.58,89272.61,89056.97,164063.21,Completed
ORD-HG-10144,2023-01-19,2023-01,CUST-1250,PROD-111,EMP-1023,REG-05,Direct Online,29,33940.01,0.01,974417.69,525009.41,449408.28,896464.27,Completed
ORD-HG-10145,2023-01-19,2023-01,CUST-1252,PROD-115,EMP-1002,REG-01,Direct Online,12,35649.61,0.0,427795.32,175080.49,252714.83,393571.69,Completed
ORD-HG-10146,2023-01-19,2023-01,CUST-1438,PROD-114,EMP-1013,REG-01,Field Sales,43,34485.66,0.02,1453225.71,716055.98,737169.73,1336967.65,Completed
ORD-HG-10147,2023-01-19,2023-01,CUST-1184,PROD-121,EMP-1048,REG-02,Retail Store,42,32240.93,0.01,1340577.87,710524.39,630053.48,1233331.64,Completed
ORD-HG-10148,2023-01-19,2023-01,CUST-1485,PROD-103,EMP-1039,REG-04,Field Sales,30,13674.93,0.01,406145.42,187648.2,218497.22,373653.79,Completed
ORD-HG-10149,2023-01-19,2023-01,CUST-1119,PROD-112,EMP-1042,REG-05,Field Sales,22,18865.47,0.01,410889.94,212543.37,198346.57,378018.74,Completed
ORD-HG-10150,2023-01-19,2023-01,CUST-1118,PROD-106,EMP-1022,REG-01,Enterprise Partner,19,9493.15,0.03,174958.75,94721.55,80237.2,160962.05,Completed
ORD-HG-10151,2023-01-20,2023-01,CUST-1176,PROD-107,EMP-1011,REG-05,Direct Online,34,18445.71,0.05,595796.43,269461.71,326334.72,548132.72,Completed
ORD-HG-10152,2023-01-20,2023-01,CUST-1416,PROD-119,EMP-1026,REG-04,Enterprise Partner,15,27921.4,0.0,418821.0,190604.59,228216.41,385315.32,Completed
ORD-HG-10153,2023-01-20,2023-01,CUST-1344,PROD-118,EMP-1010,REG-05,Field Sales,28,37325.47,0.0,1045113.16,430555.32,614557.84,961504.11,Completed
ORD-HG-10154,2023-01-20,2023-01,CUST-1192,PROD-109,EMP-1037,REG-05,Field Sales,27,40375.54,0.01,1079238.18,495648.1,583590.08,992899.13,Completed
ORD-HG-10155,2023-01-20,2023-01,CUST-1034,PROD-121,EMP-1011,REG-04,Retail Store,21,26227.94,0.04,528755.27,212242.11,316513.16,486454.85,Completed
ORD-HG-10156,2023-01-20,2023-01,CUST-1296,PROD-120,EMP-1033,REG-03,Direct Online,35,13517.61,0.0,473116.35,218520.82,254595.53,435267.04,Completed
ORD-HG-10157,2023-01-20,2023-01,CUST-1387,PROD-105,EMP-1007,REG-01,Retail Store,41,13248.3,0.01,537748.5,288568.72,249179.78,494728.62,Completed
ORD-HG-10158,2023-01-21,2023-01,CUST-1283,PROD-101,EMP-1031,REG-03,Direct Online,38,41911.42,0.03,1544854.94,818495.4,726359.54,1421266.54,Completed
ORD-HG-10159,2023-01-21,2023-01,CUST-1300,PROD-110,EMP-1049,REG-04,Enterprise Partner,41,17242.04,0.04,678646.69,301098.02,377548.67,624354.95,Completed
ORD-HG-10160,2023-01-21,2023-01,CUST-1395,PROD-114,EMP-1002,REG-04,Field Sales,14,5105.68,0.01,70764.72,34095.75,36668.97,65103.54,Completed
ORD-HG-10161,2023-01-21,2023-01,CUST-1289,PROD-115,EMP-1025,REG-03,Direct Online,20,36508.47,0.04,700962.62,336321.27,364641.35,644885.61,Completed
ORD-HG-10162,2023-01-21,2023-01,CUST-1041,PROD-112,EMP-1034,REG-03,Direct Online,41,43895.82,0.0,1799728.62,925412.2,874316.42,1655750.33,Completed
ORD-HG-10163,2023-01-21,2023-01,CUST-1298,PROD-105,EMP-1043,REG-04,Field Sales,6,14843.01,0.0,89058.06,45886.5,43171.56,81933.42,Completed
ORD-HG-10164,2023-01-21,2023-01,CUST-1370,PROD-103,EMP-1001,REG-04,Retail Store,42,33445.47,0.04,1348521.35,558512.77,790008.58,1240639.64,Completed
ORD-HG-10165,2023-01-22,2023-01,CUST-1479,PROD-117,EMP-1002,REG-03,Field Sales,41,25681.14,0.02,1031868.21,539697.43,492170.78,949318.75,Completed
ORD-HG-10166,2023-01-22,2023-01,CUST-1031,PROD-107,EMP-1047,REG-04,Direct Online,22,26703.64,0.03,569855.68,255005.69,314849.99,524267.23,Completed
ORD-HG-10167,2023-01-22,2023-01,CUST-1121,PROD-112,EMP-1004,REG-05,Direct Online,33,7030.04,0.01,229671.41,111285.05,118386.36,211297.7,Completed
ORD-HG-10168,2023-01-22,2023-01,CUST-1083,PROD-107,EMP-1045,REG-03,Enterprise Partner,25,27146.62,0.04,651518.88,326070.47,325448.41,599397.37,Completed
ORD-HG-10169,2023-01-22,2023-01,CUST-1177,PROD-113,EMP-1018,REG-03,Field Sales,27,29454.67,0.05,755512.29,346233.74,409278.55,695071.31,Completed
ORD-HG-10170,2023-01-22,2023-01,CUST-1012,PROD-105,EMP-1037,REG-02,Field Sales,44,35747.96,0.05,1494264.73,778648.9,715615.83,1374723.55,Completed
ORD-HG-10171,2023-01-22,2023-01,CUST-1154,PROD-105,EMP-1025,REG-04,Enterprise Partner,41,7640.12,0.0,313244.92,134841.08,178403.84,288185.33,Completed
ORD-HG-10172,2023-01-22,2023-01,CUST-1292,PROD-117,EMP-1031,REG-05,Retail Store,18,12246.73,0.02,216032.32,102303.43,113728.89,198749.73,Completed
ORD-HG-10173,2023-01-22,2023-01,CUST-1089,PROD-115,EMP-1033,REG-05,Direct Online,30,21054.53,0.04,606370.46,310347.0,296023.46,557860.82,Completed
ORD-HG-10174,2023-01-22,2023-01,CUST-1399,PROD-120,EMP-1008,REG-03,Retail Store,12,43252.48,0.03,503458.87,202009.75,301449.12,463182.16,Completed
ORD-HG-10175,2023-01-23,2023-01,CUST-1057,PROD-108,EMP-1003,REG-01,Enterprise Partner,38,34573.09,0.0,1313777.42,594007.76,719769.66,1208675.23,Completed
ORD-HG-10176,2023-01-23,2023-01,CUST-1106,PROD-112,EMP-1014,REG-03,Retail Store,12,8627.93,0.03,100429.11,43684.72,56744.39,92394.78,Completed
ORD-HG-10177,2023-01-23,2023-01,CUST-1090,PROD-112,EMP-1003,REG-05,Enterprise Partner,9,25324.06,0.0,227916.54,103523.48,124393.06,209683.22,Completed
ORD-HG-10178,2023-01-23,2023-01,CUST-1096,PROD-103,EMP-1047,REG-04,Enterprise Partner,42,44955.17,0.03,1831473.63,760985.55,1070488.08,1684955.74,Completed
ORD-HG-10179,2023-01-23,2023-01,CUST-1319,PROD-110,EMP-1048,REG-04,Enterprise Partner,21,37916.48,0.05,756433.78,354714.14,401719.64,695919.08,Completed
ORD-HG-10180,2023-01-23,2023-01,CUST-1431,PROD-123,EMP-1010,REG-02,Enterprise Partner,15,8325.78,0.01,123637.83,66188.84,57448.99,113746.8,Completed
ORD-HG-10181,2023-01-24,2023-01,CUST-1374,PROD-102,EMP-1027,REG-02,Field Sales,29,6023.97,0.05,165960.37,73939.46,92020.91,152683.54,Completed
ORD-HG-10182,2023-01-24,2023-01,CUST-1021,PROD-106,EMP-1024,REG-03,Field Sales,21,5092.24,0.01,105867.67,52207.9,53659.77,97398.26,Completed
ORD-HG-10183,2023-01-24,2023-01,CUST-1077,PROD-123,EMP-1029,REG-03,Direct Online,29,33150.78,0.05,913303.99,494177.24,419126.75,840239.67,Completed
ORD-HG-10184,2023-01-24,2023-01,CUST-1257,PROD-101,EMP-1030,REG-01,Retail Store,28,10769.92,0.02,295526.6,155157.03,140369.57,271884.47,Completed
ORD-HG-10185,2023-01-24,2023-01,CUST-1338,PROD-102,EMP-1043,REG-04,Direct Online,20,20332.78,0.03,394455.93,187276.12,207179.81,362899.46,Completed
ORD-HG-10186,2023-01-24,2023-01,CUST-1086,PROD-118,EMP-1026,REG-03,Field Sales,18,30878.05,0.02,544688.8,260887.55,283801.25,501113.7,Completed
ORD-HG-10187,2023-01-24,2023-01,CUST-1233,PROD-107,EMP-1029,REG-02,Enterprise Partner,11,13912.63,0.05,145386.98,72432.39,72954.59,133756.02,Completed
ORD-HG-10188,2023-01-24,2023-01,CUST-1275,PROD-107,EMP-1025,REG-03,Field Sales,35,41189.4,0.02,1412796.42,568549.92,844246.5,1299772.71,Completed
ORD-HG-10189,2023-01-24,2023-01,CUST-1369,PROD-101,EMP-1011,REG-05,Direct Online,9,25993.52,0.0,233941.68,123496.23,110445.45,215226.35,Completed
ORD-HG-10190,2023-01-24,2023-01,CUST-1265,PROD-102,EMP-1002,REG-02,Retail Store,36,36169.17,0.02,1276048.32,620007.82,656040.5,1173964.45,Completed
ORD-HG-10191,2023-01-24,2023-01,CUST-1291,PROD-113,EMP-1007,REG-04,Enterprise Partner,17,38972.76,0.0,662536.92,273349.17,389187.75,609533.97,Completed
ORD-HG-10192,2023-01-25,2023-01,CUST-1356,PROD-104,EMP-1040,REG-05,Retail Store,36,14598.43,0.04,504521.74,251019.21,253502.53,464160.0,Completed
ORD-HG-10193,2023-01-25,2023-01,CUST-1429,PROD-124,EMP-1028,REG-02,Enterprise Partner,9,7698.59,0.04,66515.82,36271.7,30244.12,61194.55,Completed
ORD-HG-10194,2023-01-25,2023-01,CUST-1305,PROD-117,EMP-1002,REG-01,Retail Store,9,6321.15,0.03,55183.64,22795.72,32387.92,50768.95,Completed
ORD-HG-10195,2023-01-25,2023-01,CUST-1037,PROD-102,EMP-1030,REG-03,Retail Store,38,30811.3,0.05,1112287.93,504583.47,607704.46,1023304.9,Completed
ORD-HG-10196,2023-01-25,2023-01,CUST-1218,PROD-112,EMP-1033,REG-05,Direct Online,10,15650.81,0.01,154943.02,74298.75,80644.27,142547.58,Completed
ORD-HG-10197,2023-01-25,2023-01,CUST-1283,PROD-119,EMP-1028,REG-01,Field Sales,11,5667.88,0.03,60476.28,26758.08,33718.2,55638.18,Completed
ORD-HG-10198,2023-01-25,2023-01,CUST-1015,PROD-103,EMP-1029,REG-04,Enterprise Partner,28,11439.26,0.05,304284.32,160578.03,143706.29,279941.57,Completed
ORD-HG-10199,2023-01-25,2023-01,CUST-1376,PROD-112,EMP-1026,REG-05,Field Sales,7,37064.4,0.01,256856.29,117273.86,139582.43,236307.79,Completed
ORD-HG-10200,2023-01-25,2023-01,CUST-1201,PROD-110,EMP-1031,REG-05,Retail Store,30,26430.63,0.0,792918.9,394565.74,398353.16,729485.39,Completed
ORD-HG-10201,2023-01-25,2023-01,CUST-1288,PROD-102,EMP-1008,REG-04,Direct Online,40,13118.68,0.0,524747.2,284760.18,239987.02,482767.42,Completed
ORD-HG-10202,2023-01-26,2023-01,CUST-1222,PROD-117,EMP-1033,REG-05,Field Sales,15,42992.04,0.03,625534.18,286606.13,338928.05,575491.45,Completed
ORD-HG-10203,2023-01-26,2023-01,CUST-1342,PROD-117,EMP-1029,REG-01,Field Sales,24,5547.78,0.01,131815.25,53420.62,78394.63,121270.03,Completed
ORD-HG-10204,2023-01-26,2023-01,CUST-1369,PROD-118,EMP-1047,REG-05,Enterprise Partner,35,14566.16,0.04,489422.98,225804.01,263618.97,450269.14,Completed
ORD-HG-10205,2023-01-26,2023-01,CUST-1072,PROD-103,EMP-1018,REG-01,Field Sales,7,25699.46,0.04,172700.37,90883.32,81817.05,158884.34,Completed
ORD-HG-10206,2023-01-26,2023-01,CUST-1415,PROD-122,EMP-1036,REG-01,Retail Store,31,14596.8,0.02,443450.78,213061.1,230389.68,407974.72,Completed
ORD-HG-10207,2023-01-26,2023-01,CUST-1069,PROD-118,EMP-1007,REG-01,Field Sales,40,33772.08,0.03,1310356.7,575694.86,734661.84,1205528.16,Completed
ORD-HG-10208,2023-01-26,2023-01,CUST-1141,PROD-103,EMP-1018,REG-05,Field Sales,22,20557.42,0.03,438695.34,199396.32,239299.02,403599.71,Completed
ORD-HG-10209,2023-01-26,2023-01,CUST-1173,PROD-113,EMP-1004,REG-02,Field Sales,16,23656.66,0.02,370936.43,201147.24,169789.19,341261.52,Completed
ORD-HG-10210,2023-01-26,2023-01,CUST-1364,PROD-122,EMP-1007,REG-02,Field Sales,11,33777.8,0.02,364124.68,193705.0,170419.68,334994.71,Completed
ORD-HG-10211,2023-01-26,2023-01,CUST-1449,PROD-111,EMP-1037,REG-05,Direct Online,41,44863.89,0.03,1784236.91,749548.91,1034688.0,1641497.96,Completed
ORD-HG-10212,2023-01-26,2023-01,CUST-1221,PROD-119,EMP-1002,REG-05,Field Sales,14,9145.29,0.0,128034.06,57242.43,70791.63,117791.34,Completed
ORD-HG-10213,2023-01-27,2023-01,CUST-1394,PROD-115,EMP-1047,REG-03,Retail Store,24,34347.09,0.05,783113.65,421629.5,361484.15,720464.56,Completed
ORD-HG-10214,2023-01-27,2023-01,CUST-1451,PROD-111,EMP-1005,REG-01,Field Sales,36,20475.58,0.03,715007.25,327650.34,387356.91,657806.67,Completed
ORD-HG-10215,2023-01-27,2023-01,CUST-1452,PROD-112,EMP-1049,REG-03,Enterprise Partner,27,30789.66,0.01,823007.61,368289.12,454718.49,757167.0,Completed
ORD-HG-10216,2023-01-27,2023-01,CUST-1114,PROD-113,EMP-1012,REG-04,Field Sales,32,38470.36,0.05,1169498.94,605491.72,564007.22,1075939.02,Completed
ORD-HG-10217,2023-01-27,2023-01,CUST-1304,PROD-105,EMP-1007,REG-04,Direct Online,44,35443.96,0.03,1512748.21,651000.48,861747.73,1391728.35,Completed
ORD-HG-10218,2023-01-27,2023-01,CUST-1431,PROD-109,EMP-1027,REG-01,Field Sales,38,43995.18,0.01,1655098.67,818750.19,836348.48,1522690.78,Completed
ORD-HG-10219,2023-01-27,2023-01,CUST-1243,PROD-106,EMP-1038,REG-04,Enterprise Partner,21,7471.31,0.04,150621.61,73262.79,77358.82,138571.88,Completed
ORD-HG-10220,2023-01-27,2023-01,CUST-1101,PROD-107,EMP-1025,REG-02,Direct Online,25,20208.17,0.03,490048.12,267810.22,222237.9,450844.27,Completed
ORD-HG-10221,2023-01-27,2023-01,CUST-1424,PROD-101,EMP-1025,REG-01,Enterprise Partner,31,24882.76,0.04,740510.94,313897.35,426613.59,681270.06,Completed
ORD-HG-10222,2023-01-28,2023-01,CUST-1153,PROD-113,EMP-1003,REG-03,Enterprise Partner,24,16743.49,0.01,397825.32,199902.41,197922.91,365999.29,Completed
ORD-HG-10223,2023-01-28,2023-01,CUST-1379,PROD-106,EMP-1036,REG-05,Retail Store,32,22476.06,0.0,719233.92,374512.52,344721.4,661695.21,Completed
ORD-HG-10224,2023-01-28,2023-01,CUST-1011,PROD-117,EMP-1017,REG-04,Field Sales,9,30694.1,0.04,265197.02,122874.45,142322.57,243981.26,Completed
ORD-HG-10225,2023-01-28,2023-01,CUST-1038,PROD-112,EMP-1049,REG-02,Field Sales,19,12187.08,0.0,231554.52,121868.83,109685.69,213030.16,Completed
ORD-HG-10226,2023-01-28,2023-01,CUST-1148,PROD-106,EMP-1008,REG-02,Direct Online,25,43012.94,0.05,1021557.32,432530.04,589027.28,939832.73,Completed
ORD-HG-10227,2023-01-28,2023-01,CUST-1351,PROD-110,EMP-1043,REG-02,Field Sales,23,42226.9,0.02,951794.33,482766.19,469028.14,875650.78,Completed
ORD-HG-10228,2023-01-28,2023-01,CUST-1425,PROD-115,EMP-1017,REG-04,Field Sales,41,30081.85,0.03,1196355.17,483117.21,713237.96,1100646.76,Completed
ORD-HG-10229,2023-01-29,2023-01,CUST-1281,PROD-122,EMP-1006,REG-05,Field Sales,6,15370.89,0.05,87614.07,35358.31,52255.76,80604.94,Completed
ORD-HG-10230,2023-01-29,2023-01,CUST-1220,PROD-121,EMP-1006,REG-04,Direct Online,20,33426.21,0.02,655153.72,299706.27,355447.45,602741.42,Completed
ORD-HG-10231,2023-01-29,2023-01,CUST-1222,PROD-120,EMP-1006,REG-03,Field Sales,25,17561.25,0.01,434640.94,207123.32,227517.62,399869.66,Completed
ORD-HG-10232,2023-01-29,2023-01,CUST-1434,PROD-111,EMP-1043,REG-05,Retail Store,12,14070.41,0.02,165468.02,82044.52,83423.5,152230.58,Completed
ORD-HG-10233,2023-01-29,2023-01,CUST-1195,PROD-109,EMP-1028,REG-01,Direct Online,27,33436.21,0.05,857638.79,444639.83,412998.96,789027.69,Completed
ORD-HG-10234,2023-01-29,2023-01,CUST-1356,PROD-124,EMP-1022,REG-02,Field Sales,5,40186.91,0.04,192897.17,77468.22,115428.95,177465.4,Completed
ORD-HG-10235,2023-01-29,2023-01,CUST-1251,PROD-109,EMP-1005,REG-03,Field Sales,40,27577.23,0.05,1047934.74,552585.31,495349.43,964099.96,Completed
ORD-HG-10236,2023-01-29,2023-01,CUST-1070,PROD-101,EMP-1030,REG-01,Field Sales,32,14444.91,0.04,443747.64,219691.19,224056.45,408247.83,Completed
ORD-HG-10237,2023-01-29,2023-01,CUST-1022,PROD-119,EMP-1024,REG-01,Enterprise Partner,22,33952.15,0.03,724538.88,371012.69,353526.19,666575.77,Completed
ORD-HG-10238,2023-01-29,2023-01,CUST-1393,PROD-120,EMP-1040,REG-05,Direct Online,28,43929.47,0.02,1205424.66,511497.75,693926.91,1108990.69,Completed
ORD-HG-10239,2023-01-30,2023-01,CUST-1196,PROD-124,EMP-1043,REG-01,Field Sales,13,29420.38,0.03,370990.99,170609.79,200381.2,341311.71,Completed
ORD-HG-10240,2023-01-30,2023-01,CUST-1496,PROD-103,EMP-1009,REG-05,Field Sales,39,43684.77,0.02,1669631.91,867905.14,801726.77,1536061.36,Completed
ORD-HG-10241,2023-01-30,2023-01,CUST-1367,PROD-122,EMP-1008,REG-02,Direct Online,42,31211.31,0.0,1310875.02,614580.39,696294.63,1206005.02,Completed
ORD-HG-10242,2023-01-30,2023-01,CUST-1032,PROD-107,EMP-1042,REG-03,Enterprise Partner,12,44910.46,0.05,511979.24,262819.84,249159.4,471020.9,Completed
ORD-HG-10243,2023-01-30,2023-01,CUST-1207,PROD-110,EMP-1018,REG-04,Retail Store,15,7500.45,0.02,110256.62,55535.22,54721.4,101436.09,Completed
ORD-HG-10244,2023-01-30,2023-01,CUST-1393,PROD-123,EMP-1019,REG-02,Retail Store,5,18639.44,0.04,89469.31,38321.75,51147.56,82311.77,Completed
ORD-HG-10245,2023-01-31,2023-01,CUST-1065,PROD-124,EMP-1023,REG-05,Field Sales,30,37067.67,0.01,1100909.8,471870.69,629039.11,1012837.02,Completed
ORD-HG-10246,2023-01-31,2023-01,CUST-1148,PROD-104,EMP-1026,REG-02,Retail Store,27,12445.51,0.01,332668.48,147839.18,184829.3,306055.0,Completed
ORD-HG-10247,2023-01-31,2023-01,CUST-1162,PROD-108,EMP-1017,REG-02,Field Sales,43,29329.79,0.03,1223345.54,564346.24,658999.3,1125477.9,Completed
ORD-HG-10248,2023-01-31,2023-01,CUST-1460,PROD-104,EMP-1041,REG-02,Retail Store,6,19791.01,0.03,115183.68,56343.5,58840.18,105968.99,Completed
ORD-HG-10249,2023-02-01,2023-02,CUST-1231,PROD-116,EMP-1025,REG-05,Retail Store,27,24685.75,0.05,633189.49,299581.29,333608.2,582534.33,Completed
ORD-HG-10250,2023-02-01,2023-02,CUST-1024,PROD-123,EMP-1025,REG-01,Retail Store,34,22832.99,0.05,737505.58,338538.53,398967.05,678505.13,Completed
ORD-HG-10251,2023-02-01,2023-02,CUST-1147,PROD-119,EMP-1043,REG-01,Retail Store,44,32762.61,0.0,1441554.84,694492.78,747062.06,1326230.45,Completed
ORD-HG-10252,2023-02-01,2023-02,CUST-1362,PROD-119,EMP-1045,REG-04,Retail Store,8,5963.56,0.04,45800.14,24224.32,21575.82,42136.13,Completed
ORD-HG-10253,2023-02-01,2023-02,CUST-1122,PROD-122,EMP-1011,REG-04,Retail Store,34,10425.48,0.02,347376.99,176212.22,171164.77,319586.83,Completed
ORD-HG-10254,2023-02-01,2023-02,CUST-1069,PROD-111,EMP-1032,REG-03,Retail Store,33,17708.06,0.0,584365.98,296390.09,287975.89,537616.7,Completed
ORD-HG-10255,2023-02-01,2023-02,CUST-1300,PROD-108,EMP-1041,REG-02,Direct Online,44,9484.2,0.03,404785.66,207438.4,197347.26,372402.81,Completed
ORD-HG-10256,2023-02-01,2023-02,CUST-1400,PROD-105,EMP-1018,REG-04,Enterprise Partner,22,31393.45,0.03,669936.22,366333.98,303602.24,616341.32,Completed
ORD-HG-10257,2023-02-01,2023-02,CUST-1354,PROD-105,EMP-1018,REG-05,Field Sales,11,25853.81,0.05,270172.31,126714.25,143458.06,248558.53,Completed
ORD-HG-10258,2023-02-02,2023-02,CUST-1059,PROD-121,EMP-1036,REG-05,Field Sales,36,34863.0,0.03,1217415.96,580530.5,636885.46,1120022.68,Completed
ORD-HG-10259,2023-02-02,2023-02,CUST-1257,PROD-116,EMP-1049,REG-01,Retail Store,12,13609.29,0.03,158412.14,65090.65,93321.49,145739.17,Completed
ORD-HG-10260,2023-02-02,2023-02,CUST-1382,PROD-117,EMP-1039,REG-03,Retail Store,43,14117.29,0.02,594902.6,325814.29,269088.31,547310.39,Completed
ORD-HG-10261,2023-02-02,2023-02,CUST-1116,PROD-112,EMP-1003,REG-04,Retail Store,7,6179.01,0.03,41955.48,22077.92,19877.56,38599.04,Completed
ORD-HG-10262,2023-02-02,2023-02,CUST-1251,PROD-116,EMP-1048,REG-01,Enterprise Partner,37,21131.61,0.04,750594.79,349507.97,401086.82,690547.21,Completed
ORD-HG-10263,2023-02-02,2023-02,CUST-1163,PROD-108,EMP-1027,REG-05,Enterprise Partner,19,13163.42,0.01,247603.93,130416.09,117187.84,227795.62,Completed
ORD-HG-10264,2023-02-02,2023-02,CUST-1123,PROD-123,EMP-1041,REG-01,Retail Store,39,19437.63,0.05,720164.19,337692.44,382471.75,662551.05,Completed
ORD-HG-10265,2023-02-02,2023-02,CUST-1059,PROD-108,EMP-1003,REG-02,Direct Online,6,30572.46,0.03,177931.72,76796.71,101135.01,163697.18,Completed
ORD-HG-10266,2023-02-03,2023-02,CUST-1171,PROD-105,EMP-1025,REG-01,Direct Online,40,40637.32,0.04,1560473.09,852658.74,707814.35,1435635.24,Completed
ORD-HG-10267,2023-02-03,2023-02,CUST-1162,PROD-106,EMP-1044,REG-02,Direct Online,19,12952.45,0.01,243635.58,104887.08,138748.5,224144.73,Completed
ORD-HG-10268,2023-02-03,2023-02,CUST-1445,PROD-116,EMP-1002,REG-03,Retail Store,6,8220.66,0.04,47351.0,23722.73,23628.27,43562.92,Completed
ORD-HG-10269,2023-02-03,2023-02,CUST-1308,PROD-103,EMP-1048,REG-02,Enterprise Partner,38,36287.61,0.04,1323772.01,545303.64,778468.37,1217870.25,Completed
ORD-HG-10270,2023-02-03,2023-02,CUST-1016,PROD-123,EMP-1001,REG-02,Field Sales,26,43434.14,0.04,1084116.13,469091.94,615024.19,997386.84,Completed
ORD-HG-10271,2023-02-03,2023-02,CUST-1443,PROD-116,EMP-1047,REG-02,Field Sales,34,12083.19,0.05,390287.04,203326.47,186960.57,359064.08,Completed
ORD-HG-10272,2023-02-03,2023-02,CUST-1304,PROD-105,EMP-1008,REG-03,Field Sales,31,32870.51,0.0,1018985.81,420267.37,598718.44,937466.95,Completed
ORD-HG-10273,2023-02-03,2023-02,CUST-1270,PROD-112,EMP-1037,REG-04,Enterprise Partner,8,20526.24,0.02,160925.72,81212.71,79713.01,148051.66,Completed
ORD-HG-10274,2023-02-03,2023-02,CUST-1321,PROD-102,EMP-1047,REG-05,Enterprise Partner,20,24782.52,0.03,480780.89,257960.42,222820.47,442318.42,Completed
ORD-HG-10275,2023-02-03,2023-02,CUST-1076,PROD-113,EMP-1037,REG-04,Enterprise Partner,13,13919.35,0.02,177332.52,86401.85,90930.67,163145.92,Completed
ORD-HG-10276,2023-02-04,2023-02,CUST-1139,PROD-105,EMP-1043,REG-04,Retail Store,30,26348.47,0.01,782549.56,355856.12,426693.44,719945.6,Completed
ORD-HG-10277,2023-02-04,2023-02,CUST-1074,PROD-105,EMP-1014,REG-05,Retail Store,27,39003.9,0.03,1021512.14,497615.92,523896.22,939791.17,Completed
ORD-HG-10278,2023-02-04,2023-02,CUST-1491,PROD-116,EMP-1044,REG-05,Retail Store,39,31547.35,0.01,1218043.18,570154.9,647888.28,1120599.73,Completed
ORD-HG-10279,2023-02-04,2023-02,CUST-1367,PROD-114,EMP-1007,REG-03,Direct Online,26,25278.77,0.03,637530.58,320856.42,316674.16,586528.13,Completed
ORD-HG-10280,2023-02-04,2023-02,CUST-1432,PROD-122,EMP-1039,REG-04,Enterprise Partner,43,42412.25,0.03,1769014.95,808948.21,960066.74,1627493.75,Completed
ORD-HG-10281,2023-02-04,2023-02,CUST-1094,PROD-110,EMP-1026,REG-01,Field Sales,40,36307.57,0.03,1408733.72,686068.9,722664.82,1296035.02,Completed
ORD-HG-10282,2023-02-04,2023-02,CUST-1389,PROD-111,EMP-1044,REG-05,Direct Online,44,20202.05,0.03,862223.49,385712.77,476510.72,793245.61,Completed
ORD-HG-10283,2023-02-04,2023-02,CUST-1469,PROD-118,EMP-1028,REG-01,Enterprise Partner,36,32744.06,0.02,1155210.44,628526.29,526684.15,1062793.6,Completed
ORD-HG-10284,2023-02-05,2023-02,CUST-1159,PROD-118,EMP-1026,REG-04,Direct Online,30,34664.43,0.02,1019134.24,413268.05,605866.19,937603.5,Completed
ORD-HG-10285,2023-02-05,2023-02,CUST-1033,PROD-103,EMP-1001,REG-02,Enterprise Partner,24,25749.06,0.03,599438.12,292292.39,307145.73,551483.07,Completed
ORD-HG-10286,2023-02-05,2023-02,CUST-1129,PROD-110,EMP-1047,REG-04,Enterprise Partner,44,36271.92,0.03,1548085.55,759523.48,788562.07,1424238.71,Completed
ORD-HG-10287,2023-02-05,2023-02,CUST-1491,PROD-123,EMP-1039,REG-04,Direct Online,15,30296.65,0.0,454449.75,189030.71,265419.04,418093.77,Completed
ORD-HG-10288,2023-02-05,2023-02,CUST-1056,PROD-113,EMP-1049,REG-03,Enterprise Partner,27,12447.57,0.03,326001.86,155345.39,170656.47,299921.71,Completed
ORD-HG-10289,2023-02-06,2023-02,CUST-1061,PROD-103,EMP-1035,REG-01,Direct Online,9,6589.77,0.02,58121.77,30026.62,28095.15,53472.03,Completed
ORD-HG-10290,2023-02-06,2023-02,CUST-1251,PROD-110,EMP-1034,REG-03,Enterprise Partner,17,41881.33,0.0,711982.61,389296.22,322686.39,655024.0,Completed
ORD-HG-10291,2023-02-06,2023-02,CUST-1476,PROD-113,EMP-1020,REG-02,Field Sales,29,30876.46,0.03,868554.82,373305.19,495249.63,799070.43,Completed
ORD-HG-10292,2023-02-06,2023-02,CUST-1270,PROD-103,EMP-1008,REG-02,Direct Online,18,38310.62,0.0,689591.16,329655.04,359936.12,634423.87,Completed
ORD-HG-10293,2023-02-06,2023-02,CUST-1325,PROD-104,EMP-1008,REG-01,Field Sales,38,25586.88,0.05,923686.37,377791.89,545894.48,849791.46,Completed
ORD-HG-10294,2023-02-06,2023-02,CUST-1126,PROD-111,EMP-1026,REG-05,Retail Store,24,5370.5,0.01,127603.08,64758.6,62844.48,117394.83,Completed
ORD-HG-10295,2023-02-06,2023-02,CUST-1434,PROD-112,EMP-1019,REG-03,Field Sales,32,8212.14,0.03,254904.83,134940.49,119964.34,234512.44,Completed
ORD-HG-10296,2023-02-06,2023-02,CUST-1190,PROD-117,EMP-1038,REG-01,Retail Store,15,12208.14,0.01,181290.88,92892.19,88398.69,166787.61,Completed
ORD-HG-10297,2023-02-07,2023-02,CUST-1308,PROD-102,EMP-1033,REG-02,Field Sales,44,24037.31,0.01,1047065.22,516879.89,530185.33,963300.0,Completed
ORD-HG-10298,2023-02-07,2023-02,CUST-1488,PROD-124,EMP-1013,REG-03,Direct Online,29,44208.79,0.04,1230772.71,512211.06,718561.65,1132310.89,Completed
ORD-HG-10299,2023-02-07,2023-02,CUST-1020,PROD-118,EMP-1014,REG-01,Enterprise Partner,33,28163.39,0.05,882922.28,448624.2,434298.08,812288.5,Completed
ORD-HG-10300,2023-02-07,2023-02,CUST-1492,PROD-111,EMP-1013,REG-04,Enterprise Partner,12,43230.32,0.03,503200.92,261313.49,241887.43,462944.85,Completed
ORD-HG-10301,2023-02-07,2023-02,CUST-1360,PROD-106,EMP-1049,REG-04,Field Sales,22,33904.82,0.02,730987.92,367341.07,363646.85,672508.89,Completed
ORD-HG-10302,2023-02-07,2023-02,CUST-1257,PROD-101,EMP-1019,REG-05,Retail Store,32,35272.95,0.0,1128734.4,474302.63,654431.77,1038435.65,Completed
ORD-HG-10303,2023-02-08,2023-02,CUST-1411,PROD-111,EMP-1027,REG-01,Direct Online,10,37370.71,0.02,366232.96,193465.78,172767.18,336934.32,Completed
ORD-HG-10304,2023-02-08,2023-02,CUST-1459,PROD-105,EMP-1014,REG-02,Retail Store,32,30692.71,0.04,942880.05,399351.23,543528.82,867449.65,Completed
ORD-HG-10305,2023-02-08,2023-02,CUST-1414,PROD-119,EMP-1011,REG-01,Retail Store,33,18686.76,0.03,598163.19,303807.27,294355.92,550310.13,Completed
ORD-HG-10306,2023-02-08,2023-02,CUST-1175,PROD-102,EMP-1013,REG-03,Retail Store,19,39689.46,0.05,716394.75,291809.83,424584.92,659083.17,Completed
ORD-HG-10307,2023-02-08,2023-02,CUST-1257,PROD-104,EMP-1045,REG-03,Retail Store,41,6562.81,0.02,263693.71,123860.18,139833.53,242598.21,Completed
ORD-HG-10308,2023-02-08,2023-02,CUST-1217,PROD-118,EMP-1038,REG-04,Field Sales,22,38654.61,0.01,841897.41,446242.84,395654.57,774545.62,Completed
ORD-HG-10309,2023-02-08,2023-02,CUST-1344,PROD-112,EMP-1033,REG-01,Retail Store,14,6480.83,0.05,86195.04,35988.25,50206.79,79299.44,Completed
ORD-HG-10310,2023-02-08,2023-02,CUST-1099,PROD-109,EMP-1036,REG-04,Field Sales,14,5154.54,0.04,69277.02,31724.21,37552.81,63734.86,Completed
ORD-HG-10311,2023-02-08,2023-02,CUST-1051,PROD-113,EMP-1044,REG-04,Direct Online,36,12499.7,0.0,449989.2,235064.35,214924.85,413990.06,Completed
ORD-HG-10312,2023-02-08,2023-02,CUST-1099,PROD-102,EMP-1005,REG-05,Field Sales,35,12749.56,0.0,446234.6,187867.51,258367.09,410535.83,Completed
ORD-HG-10313,2023-02-08,2023-02,CUST-1046,PROD-105,EMP-1006,REG-02,Field Sales,11,15128.74,0.03,161423.66,72387.85,89035.81,148509.77,Completed
ORD-HG-10314,2023-02-08,2023-02,CUST-1014,PROD-104,EMP-1039,REG-04,Field Sales,39,27422.21,0.05,1015992.88,528558.47,487434.41,934713.45,Completed
ORD-HG-10315,2023-02-09,2023-02,CUST-1453,PROD-120,EMP-1044,REG-05,Retail Store,29,22723.38,0.02,645798.46,350487.31,295311.15,594134.58,Completed
ORD-HG-10316,2023-02-09,2023-02,CUST-1329,PROD-111,EMP-1022,REG-05,Direct Online,24,15464.94,0.01,367446.97,200818.17,166628.8,338051.21,Completed
ORD-HG-10317,2023-02-09,2023-02,CUST-1240,PROD-115,EMP-1009,REG-02,Retail Store,12,31864.64,0.01,378551.92,169756.62,208795.3,348267.77,Completed
ORD-HG-10318,2023-02-09,2023-02,CUST-1181,PROD-117,EMP-1034,REG-05,Enterprise Partner,37,36594.3,0.03,1313369.43,578360.98,735008.45,1208299.88,Completed
ORD-HG-10319,2023-02-10,2023-02,CUST-1320,PROD-117,EMP-1033,REG-03,Retail Store,22,17599.2,0.04,371695.1,202859.07,168836.03,341959.49,Completed
ORD-HG-10320,2023-02-10,2023-02,CUST-1245,PROD-122,EMP-1006,REG-04,Enterprise Partner,43,15868.78,0.0,682357.54,340880.27,341477.27,627768.94,Completed
ORD-HG-10321,2023-02-10,2023-02,CUST-1114,PROD-101,EMP-1027,REG-03,Field Sales,30,10818.42,0.05,308324.97,155016.05,153308.92,283658.97,Completed
ORD-HG-10322,2023-02-10,2023-02,CUST-1127,PROD-107,EMP-1014,REG-01,Field Sales,15,21048.68,0.02,309415.6,156582.71,152832.89,284662.35,Completed
ORD-HG-10323,2023-02-10,2023-02,CUST-1453,PROD-118,EMP-1039,REG-02,Retail Store,19,33654.19,0.01,633035.31,268771.95,364263.36,582392.49,Completed
ORD-HG-10324,2023-02-10,2023-02,CUST-1270,PROD-119,EMP-1012,REG-03,Enterprise Partner,7,12611.99,0.02,86518.25,44808.14,41710.11,79596.79,Completed
ORD-HG-10325,2023-02-10,2023-02,CUST-1264,PROD-102,EMP-1023,REG-01,Enterprise Partner,14,31357.96,0.03,425841.1,218320.91,207520.19,391773.81,Completed
ORD-HG-10326,2023-02-10,2023-02,CUST-1420,PROD-112,EMP-1008,REG-01,Enterprise Partner,35,24721.23,0.01,856590.62,468918.48,387672.14,788063.37,Completed
ORD-HG-10327,2023-02-10,2023-02,CUST-1294,PROD-111,EMP-1015,REG-02,Field Sales,29,8033.18,0.03,225973.35,119404.32,106569.03,207895.48,Completed
ORD-HG-10328,2023-02-10,2023-02,CUST-1274,PROD-111,EMP-1045,REG-01,Direct Online,7,20594.06,0.02,141275.25,77139.72,64135.53,129973.23,Completed
ORD-HG-10329,2023-02-10,2023-02,CUST-1371,PROD-123,EMP-1019,REG-04,Retail Store,38,6989.71,0.0,265608.98,127910.07,137698.91,244360.26,Completed
ORD-HG-10330,2023-02-10,2023-02,CUST-1350,PROD-114,EMP-1048,REG-02,Retail Store,10,16344.08,0.04,156903.17,65601.49,91301.68,144350.92,Completed
ORD-HG-10331,2023-02-10,2023-02,CUST-1025,PROD-117,EMP-1037,REG-04,Retail Store,34,29552.78,0.05,954554.79,386343.71,568211.08,878190.41,Completed
ORD-HG-10332,2023-02-10,2023-02,CUST-1193,PROD-120,EMP-1026,REG-01,Retail Store,22,5924.9,0.04,125133.89,61109.39,64024.5,115123.18,Completed
ORD-HG-10333,2023-02-10,2023-02,CUST-1197,PROD-108,EMP-1022,REG-04,Enterprise Partner,25,27938.77,0.01,691484.56,283384.65,408099.91,636165.8,Completed
ORD-HG-10334,2023-02-10,2023-02,CUST-1437,PROD-115,EMP-1025,REG-03,Retail Store,21,38669.47,0.01,803938.28,364028.84,439909.44,739623.22,Completed
ORD-HG-10335,2023-02-11,2023-02,CUST-1377,PROD-120,EMP-1008,REG-02,Enterprise Partner,26,21794.6,0.03,549659.81,254015.22,295644.59,505687.03,Completed
ORD-HG-10336,2023-02-11,2023-02,CUST-1217,PROD-105,EMP-1004,REG-02,Enterprise Partner,26,6792.4,0.03,171304.33,75575.57,95728.76,157599.98,Completed
ORD-HG-10337,2023-02-11,2023-02,CUST-1319,PROD-120,EMP-1014,REG-03,Field Sales,38,5462.67,0.03,201354.02,101597.21,99756.81,185245.7,Completed
ORD-HG-10338,2023-02-12,2023-02,CUST-1250,PROD-101,EMP-1043,REG-03,Enterprise Partner,14,13429.28,0.04,180489.52,95658.92,84830.6,166050.36,Completed
ORD-HG-10339,2023-02-12,2023-02,CUST-1032,PROD-108,EMP-1015,REG-04,Enterprise Partner,40,21474.3,0.03,833202.84,371128.49,462074.35,766546.61,Completed
ORD-HG-10340,2023-02-12,2023-02,CUST-1197,PROD-108,EMP-1028,REG-01,Field Sales,29,24727.81,0.04,688422.23,275746.44,412675.79,633348.45,Completed
ORD-HG-10341,2023-02-12,2023-02,CUST-1171,PROD-101,EMP-1036,REG-04,Enterprise Partner,5,40670.85,0.05,193186.54,87043.02,106143.52,177731.62,Completed
ORD-HG-10342,2023-02-12,2023-02,CUST-1248,PROD-116,EMP-1026,REG-05,Field Sales,6,29144.87,0.0,174869.22,84086.24,90782.98,160879.68,Completed
ORD-HG-10343,2023-02-12,2023-02,CUST-1108,PROD-122,EMP-1025,REG-03,Field Sales,32,44498.8,0.04,1367003.14,662934.78,704068.36,1257642.89,Completed
ORD-HG-10344,2023-02-13,2023-02,CUST-1236,PROD-103,EMP-1048,REG-02,Field Sales,21,43608.52,0.03,888305.55,408564.5,479741.05,817241.11,Completed
ORD-HG-10345,2023-02-13,2023-02,CUST-1212,PROD-112,EMP-1039,REG-01,Enterprise Partner,39,31316.35,0.02,1196910.9,551935.87,644975.03,1101158.03,Completed
ORD-HG-10346,2023-02-13,2023-02,CUST-1334,PROD-123,EMP-1048,REG-01,Field Sales,43,40201.24,0.02,1694080.25,758054.3,936025.95,1558553.83,Completed
ORD-HG-10347,2023-02-13,2023-02,CUST-1199,PROD-103,EMP-1041,REG-04,Enterprise Partner,6,28791.96,0.03,167569.21,92088.63,75480.58,154163.67,Completed
ORD-HG-10348,2023-02-13,2023-02,CUST-1080,PROD-123,EMP-1023,REG-03,Direct Online,15,41545.03,0.04,598248.43,264104.73,334143.7,550388.56,Completed
ORD-HG-10349,2023-02-13,2023-02,CUST-1449,PROD-119,EMP-1019,REG-03,Field Sales,41,29243.66,0.04,1151030.46,586899.23,564131.23,1058948.02,Completed
ORD-HG-10350,2023-02-14,2023-02,CUST-1384,PROD-103,EMP-1046,REG-04,Enterprise Partner,34,15553.89,0.01,523543.94,247617.94,275926.0,481660.42,Completed
ORD-HG-10351,2023-02-14,2023-02,CUST-1028,PROD-112,EMP-1044,REG-01,Direct Online,26,7262.49,0.03,183160.0,85096.64,98063.36,168507.2,Completed
ORD-HG-10352,2023-02-14,2023-02,CUST-1372,PROD-104,EMP-1006,REG-05,Field Sales,27,22332.25,0.05,572822.21,308679.15,264143.06,526996.43,Completed
ORD-HG-10353,2023-02-14,2023-02,CUST-1241,PROD-119,EMP-1037,REG-03,Field Sales,27,40141.42,0.02,1062141.97,530654.94,531487.03,977170.61,Completed
ORD-HG-10354,2023-02-14,2023-02,CUST-1393,PROD-122,EMP-1025,REG-04,Direct Online,28,28704.29,0.04,771571.32,341151.9,430419.42,709845.61,Completed
ORD-HG-10355,2023-02-14,2023-02,CUST-1282,PROD-116,EMP-1042,REG-03,Enterprise Partner,13,37193.07,0.04,464169.51,206396.18,257773.33,427035.95,Completed
ORD-HG-10356,2023-02-14,2023-02,CUST-1268,PROD-124,EMP-1012,REG-04,Enterprise Partner,24,37481.09,0.02,881555.24,365564.49,515990.75,811030.82,Completed
ORD-HG-10357,2023-02-14,2023-02,CUST-1009,PROD-118,EMP-1034,REG-02,Enterprise Partner,43,28801.64,0.02,1213701.11,558133.66,655567.45,1116605.02,Completed
ORD-HG-10358,2023-02-14,2023-02,CUST-1009,PROD-112,EMP-1028,REG-03,Direct Online,15,12500.88,0.04,180012.67,95213.12,84799.55,165611.66,Completed
ORD-HG-10359,2023-02-15,2023-02,CUST-1202,PROD-115,EMP-1035,REG-04,Direct Online,44,13619.26,0.04,575277.54,275576.18,299701.36,529255.34,Completed
ORD-HG-10360,2023-02-15,2023-02,CUST-1095,PROD-113,EMP-1046,REG-03,Direct Online,17,28206.57,0.03,465126.34,221000.71,244125.63,427916.23,Completed
ORD-HG-10361,2023-02-15,2023-02,CUST-1034,PROD-121,EMP-1022,REG-05,Direct Online,20,39130.82,0.01,774790.24,414007.3,360782.94,712807.02,Completed
ORD-HG-10362,2023-02-15,2023-02,CUST-1374,PROD-107,EMP-1006,REG-02,Direct Online,7,10272.95,0.02,70472.44,33094.94,37377.5,64834.64,Completed
ORD-HG-10363,2023-02-16,2023-02,CUST-1207,PROD-121,EMP-1033,REG-04,Field Sales,42,41095.72,0.02,1691499.84,871707.0,819792.84,1556179.85,Completed
ORD-HG-10364,2023-02-16,2023-02,CUST-1198,PROD-124,EMP-1039,REG-01,Enterprise Partner,32,21668.28,0.02,679517.26,278588.09,400929.17,625155.88,Completed
ORD-HG-10365,2023-02-16,2023-02,CUST-1442,PROD-104,EMP-1023,REG-04,Field Sales,42,32078.68,0.02,1320358.47,535969.45,784389.02,1214729.79,Completed
ORD-HG-10366,2023-02-16,2023-02,CUST-1127,PROD-109,EMP-1003,REG-04,Retail Store,8,29627.47,0.04,227538.97,120848.9,106690.07,209335.85,Completed
ORD-HG-10367,2023-02-16,2023-02,CUST-1262,PROD-118,EMP-1025,REG-01,Retail Store,16,19134.39,0.05,290842.73,138398.44,152444.29,267575.31,Completed
ORD-HG-10368,2023-02-16,2023-02,CUST-1378,PROD-121,EMP-1036,REG-01,Field Sales,44,16352.46,0.0,719508.24,388172.15,331336.09,661947.58,Completed
ORD-HG-10369,2023-02-16,2023-02,CUST-1154,PROD-122,EMP-1029,REG-05,Enterprise Partner,25,31544.27,0.04,757062.48,312443.27,444619.21,696497.48,Completed
ORD-HG-10370,2023-02-16,2023-02,CUST-1062,PROD-118,EMP-1034,REG-04,Field Sales,18,30529.29,0.04,527546.13,262697.05,264849.08,485342.44,Completed
ORD-HG-10371,2023-02-17,2023-02,CUST-1307,PROD-103,EMP-1003,REG-05,Direct Online,22,5040.68,0.04,106459.16,56908.4,49550.76,97942.43,Completed
ORD-HG-10372,2023-02-17,2023-02,CUST-1446,PROD-101,EMP-1035,REG-04,Field Sales,35,42160.45,0.02,1446103.44,687432.6,758670.84,1330415.16,Completed
ORD-HG-10373,2023-02-17,2023-02,CUST-1495,PROD-110,EMP-1027,REG-04,Retail Store,23,43281.49,0.04,955655.3,505693.33,449961.97,879202.88,Completed
ORD-HG-10374,2023-02-17,2023-02,CUST-1035,PROD-108,EMP-1024,REG-04,Retail Store,14,25127.25,0.05,334192.42,142910.36,191282.06,307457.03,Completed
ORD-HG-10375,2023-02-17,2023-02,CUST-1162,PROD-104,EMP-1045,REG-02,Field Sales,13,31295.52,0.01,402773.34,186717.84,216055.5,370551.47,Completed
ORD-HG-10376,2023-02-17,2023-02,CUST-1189,PROD-120,EMP-1023,REG-04,Field Sales,21,7634.76,0.03,155520.06,67416.23,88103.83,143078.46,Completed
ORD-HG-10377,2023-02-17,2023-02,CUST-1485,PROD-106,EMP-1031,REG-05,Direct Online,41,12199.2,0.01,495165.53,266420.58,228744.95,455552.29,Completed
ORD-HG-10378,2023-02-17,2023-02,CUST-1315,PROD-104,EMP-1031,REG-05,Retail Store,13,21884.97,0.01,281659.56,143439.53,138220.03,259126.8,Completed
ORD-HG-10379,2023-02-17,2023-02,CUST-1278,PROD-121,EMP-1013,REG-05,Enterprise Partner,18,28110.39,0.03,490807.41,238608.68,252198.73,451542.82,Completed
ORD-HG-10380,2023-02-17,2023-02,CUST-1072,PROD-124,EMP-1003,REG-04,Field Sales,10,12966.01,0.04,124473.7,64645.09,59828.61,114515.8,Completed
ORD-HG-10381,2023-02-17,2023-02,CUST-1286,PROD-107,EMP-1033,REG-02,Direct Online,13,32270.36,0.03,406929.24,198530.74,208398.5,374374.9,Completed
ORD-HG-10382,2023-02-17,2023-02,CUST-1457,PROD-110,EMP-1018,REG-02,Retail Store,40,18586.22,0.02,728579.82,385389.91,343189.91,670293.43,Completed
ORD-HG-10383,2023-02-17,2023-02,CUST-1200,PROD-104,EMP-1039,REG-02,Retail Store,7,18939.42,0.05,125947.14,64858.15,61088.99,115871.37,Completed
ORD-HG-10384,2023-02-18,2023-02,CUST-1374,PROD-114,EMP-1022,REG-02,Field Sales,35,18943.01,0.02,649745.24,295410.49,354334.75,597765.62,Completed
ORD-HG-10385,2023-02-18,2023-02,CUST-1025,PROD-108,EMP-1037,REG-05,Enterprise Partner,24,17758.04,0.01,421931.03,215560.1,206370.93,388176.55,Completed
ORD-HG-10386,2023-02-18,2023-02,CUST-1212,PROD-115,EMP-1041,REG-01,Retail Store,41,36430.96,0.0,1493669.36,665316.21,828353.15,1374175.81,Completed
ORD-HG-10387,2023-02-18,2023-02,CUST-1231,PROD-105,EMP-1033,REG-04,Enterprise Partner,15,16424.46,0.04,236512.22,108737.86,127774.36,217591.24,Completed
ORD-HG-10388,2023-02-18,2023-02,CUST-1030,PROD-112,EMP-1049,REG-02,Enterprise Partner,41,31998.96,0.03,1272598.64,613734.55,658864.09,1170790.75,Completed
ORD-HG-10389,2023-02-18,2023-02,CUST-1085,PROD-105,EMP-1027,REG-02,Field Sales,22,43370.18,0.0,954143.96,481981.83,472162.13,877812.44,Completed
ORD-HG-10390,2023-02-19,2023-02,CUST-1044,PROD-112,EMP-1034,REG-02,Field Sales,20,29880.25,0.05,567724.75,293263.6,274461.15,522306.77,Completed
ORD-HG-10391,2023-02-19,2023-02,CUST-1369,PROD-109,EMP-1038,REG-01,Enterprise Partner,16,16076.36,0.03,249505.11,128167.2,121337.91,229544.7,Completed
ORD-HG-10392,2023-02-19,2023-02,CUST-1392,PROD-107,EMP-1010,REG-03,Direct Online,12,20748.75,0.03,241515.45,107083.79,134431.66,222194.21,Completed
ORD-HG-10393,2023-02-19,2023-02,CUST-1458,PROD-110,EMP-1015,REG-05,Direct Online,10,10537.81,0.03,102216.76,50952.82,51263.94,94039.42,Completed
ORD-HG-10394,2023-02-19,2023-02,CUST-1445,PROD-107,EMP-1001,REG-04,Field Sales,28,5434.26,0.04,146072.91,69287.79,76785.12,134387.08,Completed
ORD-HG-10395,2023-02-19,2023-02,CUST-1074,PROD-107,EMP-1031,REG-01,Enterprise Partner,24,26462.18,0.02,622390.47,326810.98,295579.49,572599.23,Completed
ORD-HG-10396,2023-02-19,2023-02,CUST-1118,PROD-103,EMP-1043,REG-02,Field Sales,8,41076.6,0.03,318754.42,157479.41,161275.01,293254.07,Completed
ORD-HG-10397,2023-02-19,2023-02,CUST-1444,PROD-107,EMP-1035,REG-02,Retail Store,34,32864.64,0.04,1072701.85,550443.4,522258.45,986885.7,Completed
ORD-HG-10398,2023-02-19,2023-02,CUST-1238,PROD-120,EMP-1023,REG-04,Direct Online,20,32836.37,0.02,643592.85,267234.63,376358.22,592105.42,Completed
ORD-HG-10399,2023-02-19,2023-02,CUST-1282,PROD-112,EMP-1025,REG-02,Enterprise Partner,8,11733.12,0.03,91049.01,47244.69,43804.32,83765.09,Completed
ORD-HG-10400,2023-02-20,2023-02,CUST-1409,PROD-113,EMP-1016,REG-04,Enterprise Partner,10,16803.73,0.02,164676.55,88926.73,75749.82,151502.43,Completed
ORD-HG-10401,2023-02-20,2023-02,CUST-1208,PROD-113,EMP-1010,REG-04,Retail Store,13,26318.08,0.02,335292.34,149308.41,185983.93,308468.95,Completed
ORD-HG-10402,2023-02-20,2023-02,CUST-1193,PROD-118,EMP-1028,REG-05,Enterprise Partner,30,24615.13,0.05,701531.2,363639.96,337891.24,645408.7,Completed
ORD-HG-10403,2023-02-20,2023-02,CUST-1081,PROD-103,EMP-1023,REG-05,Enterprise Partner,12,22300.72,0.01,264932.55,112637.63,152294.92,243737.95,Completed
ORD-HG-10404,2023-02-20,2023-02,CUST-1299,PROD-108,EMP-1021,REG-05,Direct Online,34,12335.29,0.0,419399.86,197785.42,221614.44,385847.87,Completed
ORD-HG-10405,2023-02-21,2023-02,CUST-1217,PROD-122,EMP-1005,REG-05,Field Sales,17,14758.09,0.04,240852.03,131838.13,109013.9,221583.87,Completed
ORD-HG-10406,2023-02-21,2023-02,CUST-1213,PROD-118,EMP-1008,REG-02,Enterprise Partner,26,29318.52,0.03,739413.07,367160.22,372252.85,680260.02,Completed
ORD-HG-10407,2023-02-21,2023-02,CUST-1100,PROD-109,EMP-1021,REG-05,Retail Store,11,9418.78,0.02,101534.45,41000.36,60534.09,93411.69,Completed
ORD-HG-10408,2023-02-21,2023-02,CUST-1017,PROD-101,EMP-1021,REG-02,Field Sales,12,9335.53,0.04,107545.31,46933.98,60611.33,98941.69,Completed
ORD-HG-10409,2023-02-21,2023-02,CUST-1132,PROD-111,EMP-1049,REG-05,Enterprise Partner,38,10953.69,0.04,399590.61,199018.43,200572.18,367623.36,Completed
ORD-HG-10410,2023-02-21,2023-02,CUST-1312,PROD-106,EMP-1039,REG-02,Field Sales,25,34399.71,0.03,834192.97,367486.75,466706.22,767457.53,Completed
ORD-HG-10411,2023-02-21,2023-02,CUST-1367,PROD-117,EMP-1025,REG-05,Retail Store,43,34965.83,0.04,1443389.46,582225.01,861164.45,1327918.3,Completed
ORD-HG-10412,2023-02-21,2023-02,CUST-1032,PROD-122,EMP-1042,REG-01,Field Sales,29,8351.03,0.01,239758.07,128631.19,111126.88,220577.42,Completed
ORD-HG-10413,2023-02-21,2023-02,CUST-1007,PROD-108,EMP-1043,REG-02,Direct Online,34,20945.1,0.0,712133.4,294509.8,417623.6,655162.73,Completed
ORD-HG-10414,2023-02-21,2023-02,CUST-1332,PROD-116,EMP-1024,REG-01,Retail Store,34,9752.69,0.0,331591.46,159373.49,172217.97,305064.14,Completed
ORD-HG-10415,2023-02-22,2023-02,CUST-1103,PROD-112,EMP-1037,REG-01,Field Sales,7,32363.53,0.03,219748.37,100555.08,119193.29,202168.5,Completed
ORD-HG-10416,2023-02-22,2023-02,CUST-1375,PROD-114,EMP-1030,REG-05,Field Sales,11,19245.4,0.03,205348.42,110077.16,95271.26,188920.55,Completed
ORD-HG-10417,2023-02-22,2023-02,CUST-1115,PROD-106,EMP-1014,REG-03,Enterprise Partner,12,29246.96,0.04,336924.98,160332.99,176591.99,309970.98,Completed
ORD-HG-10418,2023-02-22,2023-02,CUST-1441,PROD-118,EMP-1030,REG-04,Direct Online,18,39376.03,0.01,701680.85,327228.38,374452.47,645546.38,Completed
ORD-HG-10419,2023-02-22,2023-02,CUST-1014,PROD-117,EMP-1048,REG-01,Field Sales,41,20489.97,0.02,823286.99,345958.88,477328.11,757424.03,Completed
ORD-HG-10420,2023-02-22,2023-02,CUST-1192,PROD-111,EMP-1023,REG-04,Retail Store,28,32080.61,0.0,898257.08,447543.93,450713.15,826396.51,Completed
ORD-HG-10421,2023-02-22,2023-02,CUST-1219,PROD-112,EMP-1001,REG-02,Enterprise Partner,19,15041.5,0.02,280072.73,139050.51,141022.22,257666.91,Completed
ORD-HG-10422,2023-02-22,2023-02,CUST-1385,PROD-110,EMP-1049,REG-05,Enterprise Partner,35,7541.01,0.02,258656.64,108219.09,150437.55,237964.11,Completed
ORD-HG-10423,2023-02-22,2023-02,CUST-1138,PROD-104,EMP-1030,REG-02,Field Sales,8,19412.09,0.01,153743.75,80577.45,73166.3,141444.25,Completed
ORD-HG-10424,2023-02-23,2023-02,CUST-1069,PROD-102,EMP-1028,REG-05,Enterprise Partner,41,11630.31,0.03,462537.43,251078.81,211458.62,425534.44,Completed
ORD-HG-10425,2023-02-23,2023-02,CUST-1492,PROD-117,EMP-1031,REG-04,Direct Online,35,42128.6,0.02,1445010.98,675690.83,769320.15,1329410.1,Completed
ORD-HG-10426,2023-02-23,2023-02,CUST-1447,PROD-108,EMP-1042,REG-03,Retail Store,6,7818.14,0.02,45970.66,19640.44,26330.22,42293.01,Completed
ORD-HG-10427,2023-02-23,2023-02,CUST-1283,PROD-107,EMP-1029,REG-03,Field Sales,32,17306.6,0.0,553811.2,256157.81,297653.39,509506.3,Completed
ORD-HG-10428,2023-02-23,2023-02,CUST-1332,PROD-117,EMP-1004,REG-03,Field Sales,29,18304.92,0.02,520225.83,283865.28,236360.55,478607.76,Completed
ORD-HG-10429,2023-02-23,2023-02,CUST-1196,PROD-116,EMP-1021,REG-04,Retail Store,14,7995.1,0.04,107454.14,54476.42,52977.72,98857.81,Completed
ORD-HG-10430,2023-02-23,2023-02,CUST-1281,PROD-121,EMP-1028,REG-05,Field Sales,39,38809.64,0.02,1483304.44,746069.77,737234.67,1364640.08,Completed
ORD-HG-10431,2023-02-23,2023-02,CUST-1228,PROD-107,EMP-1036,REG-02,Retail Store,41,31961.61,0.01,1297321.75,657255.94,640065.81,1193536.01,Completed
ORD-HG-10432,2023-02-23,2023-02,CUST-1338,PROD-118,EMP-1006,REG-02,Retail Store,5,19933.66,0.04,95681.57,46539.76,49141.81,88027.04,Completed
ORD-HG-10433,2023-02-23,2023-02,CUST-1440,PROD-101,EMP-1032,REG-01,Field Sales,25,11060.86,0.05,262695.42,144318.29,118377.13,241679.79,Completed
ORD-HG-10434,2023-02-23,2023-02,CUST-1183,PROD-101,EMP-1034,REG-05,Retail Store,44,38548.84,0.03,1645264.49,729178.14,916086.35,1513643.33,Completed
ORD-HG-10435,2023-02-23,2023-02,CUST-1448,PROD-121,EMP-1033,REG-03,Retail Store,9,9374.9,0.05,80155.39,38405.26,41750.13,73742.96,Completed
ORD-HG-10436,2023-02-24,2023-02,CUST-1385,PROD-112,EMP-1020,REG-04,Direct Online,42,19950.3,0.02,821154.35,361964.68,459189.67,755462.0,Completed
ORD-HG-10437,2023-02-24,2023-02,CUST-1283,PROD-113,EMP-1001,REG-05,Enterprise Partner,11,22261.74,0.02,239981.56,117127.04,122854.52,220783.04,Completed
ORD-HG-10438,2023-02-24,2023-02,CUST-1426,PROD-102,EMP-1008,REG-03,Field Sales,6,9168.77,0.01,54462.49,29048.12,25414.37,50105.49,Completed
ORD-HG-10439,2023-02-24,2023-02,CUST-1396,PROD-111,EMP-1027,REG-03,Direct Online,9,40796.98,0.0,367172.82,196078.97,171093.85,337798.99,Completed
ORD-HG-10440,2023-02-25,2023-02,CUST-1431,PROD-119,EMP-1030,REG-04,Enterprise Partner,22,9494.24,0.0,208873.28,91380.94,117492.34,192163.42,Completed
ORD-HG-10441,2023-02-25,2023-02,CUST-1348,PROD-107,EMP-1045,REG-02,Direct Online,39,6682.5,0.05,247586.62,126598.03,120988.59,227779.69,Completed
ORD-HG-10442,2023-02-25,2023-02,CUST-1394,PROD-113,EMP-1021,REG-03,Direct Online,31,15813.08,0.02,480401.37,255776.28,224625.09,441969.26,Completed
ORD-HG-10443,2023-02-25,2023-02,CUST-1168,PROD-112,EMP-1015,REG-03,Enterprise Partner,28,38646.19,0.04,1038809.59,501525.38,537284.21,955704.82,Completed
ORD-HG-10444,2023-02-25,2023-02,CUST-1087,PROD-120,EMP-1044,REG-04,Field Sales,40,33765.98,0.0,1350639.2,709421.52,641217.68,1242588.06,Completed
ORD-HG-10445,2023-02-25,2023-02,CUST-1169,PROD-101,EMP-1014,REG-01,Field Sales,38,22717.24,0.03,837357.47,343797.39,493560.08,770368.87,Completed
ORD-HG-10446,2023-02-25,2023-02,CUST-1358,PROD-123,EMP-1027,REG-04,Retail Store,21,38294.5,0.04,772017.12,318714.87,453302.25,710255.75,Completed
ORD-HG-10447,2023-02-26,2023-02,CUST-1166,PROD-102,EMP-1027,REG-04,Retail Store,27,17245.92,0.03,451670.64,229283.2,222387.44,415536.99,Completed
ORD-HG-10448,2023-02-26,2023-02,CUST-1486,PROD-124,EMP-1034,REG-05,Field Sales,23,37199.97,0.04,821375.34,393070.21,428305.13,755665.31,Completed
ORD-HG-10449,2023-02-26,2023-02,CUST-1417,PROD-105,EMP-1012,REG-01,Direct Online,12,39379.03,0.05,448920.94,228213.1,220707.84,413007.26,Completed
ORD-HG-10450,2023-02-27,2023-02,CUST-1218,PROD-102,EMP-1010,REG-04,Enterprise Partner,11,11187.56,0.05,116910.0,63924.28,52985.72,107557.2,Completed
ORD-HG-10451,2023-02-27,2023-02,CUST-1211,PROD-115,EMP-1021,REG-03,Field Sales,35,8989.53,0.02,308340.88,153424.85,154916.03,283673.61,Completed
ORD-HG-10452,2023-02-27,2023-02,CUST-1356,PROD-120,EMP-1002,REG-01,Field Sales,31,31191.69,0.03,937934.12,451193.33,486740.79,862899.39,Completed
ORD-HG-10453,2023-02-27,2023-02,CUST-1454,PROD-111,EMP-1036,REG-05,Direct Online,40,14154.54,0.02,554857.97,252937.16,301920.81,510469.33,Completed
ORD-HG-10454,2023-02-27,2023-02,CUST-1374,PROD-104,EMP-1026,REG-05,Direct Online,36,19421.96,0.05,664231.03,355249.3,308981.73,611092.55,Completed
ORD-HG-10455,2023-02-27,2023-02,CUST-1485,PROD-113,EMP-1004,REG-01,Retail Store,23,9087.93,0.05,198571.27,108920.21,89651.06,182685.57,Completed
ORD-HG-10456,2023-02-27,2023-02,CUST-1070,PROD-105,EMP-1040,REG-03,Field Sales,43,38307.8,0.03,1597818.34,765365.95,832452.39,1469992.87,Completed
ORD-HG-10457,2023-02-27,2023-02,CUST-1055,PROD-121,EMP-1019,REG-01,Enterprise Partner,20,15809.77,0.04,303547.58,154770.64,148776.94,279263.77,Completed
ORD-HG-10458,2023-02-27,2023-02,CUST-1327,PROD-117,EMP-1022,REG-01,Retail Store,6,19790.09,0.03,115178.32,49819.41,65358.91,105964.05,Completed
ORD-HG-10459,2023-02-27,2023-02,CUST-1265,PROD-115,EMP-1006,REG-03,Field Sales,27,38785.74,0.03,1015798.53,494970.03,520828.5,934534.65,Completed
ORD-HG-10460,2023-02-27,2023-02,CUST-1308,PROD-121,EMP-1038,REG-01,Enterprise Partner,29,13389.52,0.03,376647.2,174809.74,201837.46,346515.42,Completed
ORD-HG-10461,2023-02-28,2023-02,CUST-1321,PROD-111,EMP-1037,REG-03,Retail Store,40,37524.79,0.04,1440951.94,719092.33,721859.61,1325675.78,Completed
ORD-HG-10462,2023-02-28,2023-02,CUST-1253,PROD-115,EMP-1032,REG-02,Direct Online,12,30102.09,0.01,357612.83,185634.75,171978.08,329003.8,Completed
ORD-HG-10463,2023-02-28,2023-02,CUST-1065,PROD-117,EMP-1012,REG-01,Retail Store,32,41285.33,0.04,1268285.34,676408.52,591876.82,1166822.51,Completed
ORD-HG-10464,2023-02-28,2023-02,CUST-1024,PROD-109,EMP-1007,REG-05,Retail Store,21,41331.43,0.04,833241.63,431228.37,402013.26,766582.3,Completed
ORD-HG-10465,2023-02-28,2023-02,CUST-1333,PROD-107,EMP-1026,REG-04,Retail Store,43,38264.01,0.04,1579538.33,810032.05,769506.28,1453175.26,Completed
ORD-HG-10466,2023-02-28,2023-02,CUST-1362,PROD-116,EMP-1047,REG-02,Direct Online,34,23428.31,0.01,788596.91,423092.43,365504.48,725509.16,Completed
ORD-HG-10467,2023-02-28,2023-02,CUST-1013,PROD-121,EMP-1001,REG-01,Enterprise Partner,24,26627.4,0.05,607104.72,312335.96,294768.76,558536.34,Completed
ORD-HG-10468,2023-02-28,2023-02,CUST-1171,PROD-101,EMP-1047,REG-02,Field Sales,41,25367.29,0.02,1019257.71,531178.21,488079.5,937717.09,Completed
ORD-HG-10469,2023-02-28,2023-02,CUST-1494,PROD-122,EMP-1046,REG-05,Field Sales,18,9556.63,0.02,168578.95,89229.7,79349.25,155092.63,Completed
ORD-HG-10470,2023-02-28,2023-02,CUST-1294,PROD-102,EMP-1014,REG-03,Direct Online,40,35910.21,0.0,1436408.4,752972.62,683435.78,1321495.73,Completed
ORD-HG-10471,2023-02-28,2023-02,CUST-1425,PROD-109,EMP-1013,REG-05,Field Sales,24,34398.02,0.0,825552.48,372379.91,453172.57,759508.28,Completed
ORD-HG-10472,2023-02-28,2023-02,CUST-1215,PROD-118,EMP-1023,REG-02,Direct Online,34,11994.75,0.01,403743.28,165337.0,238406.28,371443.82,Completed
ORD-HG-10473,2023-02-28,2023-02,CUST-1066,PROD-114,EMP-1039,REG-05,Direct Online,32,35072.97,0.02,1099888.34,448102.71,651785.63,1011897.27,Completed
ORD-HG-10474,2023-02-28,2023-02,CUST-1320,PROD-123,EMP-1046,REG-01,Retail Store,15,35054.29,0.04,504781.78,252459.6,252322.18,464399.24,Completed
ORD-HG-10475,2023-03-01,2023-03,CUST-1124,PROD-117,EMP-1026,REG-02,Enterprise Partner,7,10217.89,0.04,68664.22,27516.9,41147.32,63171.08,Completed
ORD-HG-10476,2023-03-01,2023-03,CUST-1460,PROD-109,EMP-1034,REG-02,Retail Store,22,22150.03,0.03,472681.64,217219.6,255462.04,434867.11,Completed
ORD-HG-10477,2023-03-01,2023-03,CUST-1031,PROD-102,EMP-1021,REG-05,Enterprise Partner,15,44716.04,0.0,670740.6,329740.21,341000.39,617081.35,Completed
ORD-HG-10478,2023-03-01,2023-03,CUST-1201,PROD-121,EMP-1043,REG-04,Enterprise Partner,43,44059.02,0.03,1837701.72,925078.07,912623.65,1690685.58,Completed
ORD-HG-10479,2023-03-01,2023-03,CUST-1488,PROD-107,EMP-1017,REG-05,Enterprise Partner,24,14011.22,0.0,336269.28,183840.61,152428.67,309367.74,Completed
ORD-HG-10480,2023-03-01,2023-03,CUST-1427,PROD-110,EMP-1028,REG-01,Retail Store,33,31509.08,0.03,1008605.65,553961.46,454644.19,927917.2,Completed
ORD-HG-10481,2023-03-02,2023-03,CUST-1143,PROD-117,EMP-1034,REG-05,Field Sales,10,38323.82,0.03,371741.05,160783.47,210957.58,342001.77,Completed
ORD-HG-10482,2023-03-02,2023-03,CUST-1449,PROD-117,EMP-1043,REG-03,Direct Online,30,5428.52,0.01,161227.04,77914.74,83312.3,148328.88,Completed
ORD-HG-10483,2023-03-02,2023-03,CUST-1343,PROD-119,EMP-1004,REG-03,Direct Online,14,7311.21,0.03,99286.23,44223.6,55062.63,91343.33,Completed
ORD-HG-10484,2023-03-02,2023-03,CUST-1291,PROD-102,EMP-1043,REG-02,Field Sales,28,5141.99,0.01,142535.96,57712.78,84823.18,131133.08,Completed
ORD-HG-10485,2023-03-03,2023-03,CUST-1126,PROD-111,EMP-1047,REG-02,Retail Store,26,44276.35,0.0,1151185.1,485684.91,665500.19,1059090.29,Completed
ORD-HG-10486,2023-03-03,2023-03,CUST-1040,PROD-116,EMP-1039,REG-02,Direct Online,7,20579.2,0.02,141173.31,68808.37,72364.94,129879.45,Completed
ORD-HG-10487,2023-03-03,2023-03,CUST-1203,PROD-106,EMP-1014,REG-04,Direct Online,38,22391.27,0.03,825342.21,437458.96,387883.25,759314.83,Completed
ORD-HG-10488,2023-03-03,2023-03,CUST-1095,PROD-122,EMP-1035,REG-05,Retail Store,33,25660.29,0.02,829853.78,400880.42,428973.36,763465.48,Completed
ORD-HG-10489,2023-03-03,2023-03,CUST-1449,PROD-122,EMP-1026,REG-01,Direct Online,44,26475.03,0.01,1153252.31,561486.31,591766.0,1060992.13,Completed
ORD-HG-10490,2023-03-03,2023-03,CUST-1338,PROD-105,EMP-1038,REG-04,Retail Store,14,41154.39,0.01,570399.85,312905.05,257494.8,524767.86,Completed
ORD-HG-10491,2023-03-03,2023-03,CUST-1380,PROD-110,EMP-1043,REG-04,Retail Store,15,33396.7,0.05,475902.97,238742.79,237160.18,437830.73,Completed
ORD-HG-10492,2023-03-03,2023-03,CUST-1284,PROD-107,EMP-1007,REG-03,Direct Online,22,14892.95,0.05,311262.66,147772.47,163490.19,286361.65,Completed
ORD-HG-10493,2023-03-03,2023-03,CUST-1241,PROD-111,EMP-1039,REG-02,Retail Store,24,39858.77,0.0,956610.48,506231.09,450379.39,880081.64,Completed
ORD-HG-10494,2023-03-04,2023-03,CUST-1390,PROD-112,EMP-1031,REG-05,Retail Store,22,9848.85,0.03,210174.46,114789.71,95384.75,193360.5,Completed
ORD-HG-10495,2023-03-04,2023-03,CUST-1449,PROD-118,EMP-1028,REG-04,Enterprise Partner,41,12070.39,0.01,489937.13,235311.67,254625.46,450742.16,Completed
ORD-HG-10496,2023-03-04,2023-03,CUST-1144,PROD-112,EMP-1043,REG-04,Direct Online,36,16917.9,0.02,596863.51,308714.87,288148.64,549114.43,Completed
ORD-HG-10497,2023-03-04,2023-03,CUST-1182,PROD-103,EMP-1018,REG-03,Direct Online,13,14854.38,0.01,191175.87,104927.96,86247.91,175881.8,Completed
ORD-HG-10498,2023-03-04,2023-03,CUST-1406,PROD-112,EMP-1037,REG-05,Retail Store,14,9810.89,0.03,133231.89,63307.37,69924.52,122573.34,Completed
ORD-HG-10499,2023-03-04,2023-03,CUST-1485,PROD-104,EMP-1031,REG-04,Retail Store,34,12491.88,0.02,416229.44,168850.8,247378.64,382931.08,Completed
ORD-HG-10500,2023-03-04,2023-03,CUST-1211,PROD-109,EMP-1028,REG-05,Retail Store,8,43167.29,0.03,334978.17,143453.96,191524.21,308179.92,Completed
ORD-HG-10501,2023-03-04,2023-03,CUST-1091,PROD-104,EMP-1015,REG-04,Retail Store,24,43676.94,0.04,1006316.7,473599.43,532717.27,925811.36,Completed
ORD-HG-10502,2023-03-05,2023-03,CUST-1169,PROD-104,EMP-1024,REG-05,Retail Store,43,25237.56,0.03,1052658.63,476413.04,576245.59,968445.94,Completed
ORD-HG-10503,2023-03-05,2023-03,CUST-1004,PROD-106,EMP-1017,REG-04,Retail Store,40,23110.92,0.04,887459.33,487920.72,399538.61,816462.58,Completed
ORD-HG-10504,2023-03-05,2023-03,CUST-1280,PROD-116,EMP-1046,REG-04,Enterprise Partner,38,15750.13,0.01,592519.89,276265.7,316254.19,545118.3,Completed
ORD-HG-10505,2023-03-05,2023-03,CUST-1445,PROD-105,EMP-1004,REG-02,Enterprise Partner,5,9869.09,0.04,47371.63,19152.39,28219.24,43581.9,Completed
ORD-HG-10506,2023-03-05,2023-03,CUST-1290,PROD-103,EMP-1032,REG-05,Direct Online,18,12550.06,0.01,223642.07,114097.9,109544.17,205750.7,Completed
ORD-HG-10507,2023-03-05,2023-03,CUST-1003,PROD-120,EMP-1009,REG-03,Field Sales,18,35167.63,0.04,607696.65,292650.18,315046.47,559080.92,Completed
ORD-HG-10508,2023-03-05,2023-03,CUST-1466,PROD-101,EMP-1017,REG-04,Retail Store,26,34431.09,0.04,859400.01,354960.7,504439.31,790648.01,Completed
ORD-HG-10509,2023-03-05,2023-03,CUST-1201,PROD-117,EMP-1040,REG-01,Field Sales,11,22612.75,0.02,243765.44,104766.21,138999.23,224264.2,Completed
ORD-HG-10510,2023-03-06,2023-03,CUST-1271,PROD-123,EMP-1045,REG-05,Direct Online,18,42181.13,0.02,744075.13,402884.8,341190.33,684549.12,Completed
ORD-HG-10511,2023-03-06,2023-03,CUST-1212,PROD-106,EMP-1009,REG-04,Direct Online,32,6295.83,0.03,195422.56,98725.85,96696.71,179788.76,Completed
ORD-HG-10512,2023-03-06,2023-03,CUST-1003,PROD-107,EMP-1013,REG-02,Retail Store,30,20604.15,0.04,593399.52,238427.25,354972.27,545927.56,Completed
ORD-HG-10513,2023-03-06,2023-03,CUST-1175,PROD-117,EMP-1016,REG-03,Enterprise Partner,39,9379.52,0.01,362143.27,160038.54,202104.73,333171.81,Completed
ORD-HG-10514,2023-03-06,2023-03,CUST-1291,PROD-122,EMP-1006,REG-01,Retail Store,36,9149.27,0.04,316198.77,160232.29,155966.48,290902.87,Completed
ORD-HG-10515,2023-03-06,2023-03,CUST-1315,PROD-101,EMP-1017,REG-01,Retail Store,40,7276.9,0.02,285254.48,149328.72,135925.76,262434.12,Completed
ORD-HG-10516,2023-03-06,2023-03,CUST-1112,PROD-115,EMP-1001,REG-05,Enterprise Partner,7,31993.35,0.03,217234.85,93040.59,124194.26,199856.06,Completed
ORD-HG-10517,2023-03-07,2023-03,CUST-1460,PROD-115,EMP-1044,REG-04,Retail Store,13,19037.14,0.03,240058.34,125788.59,114269.75,220853.67,Completed
ORD-HG-10518,2023-03-07,2023-03,CUST-1300,PROD-109,EMP-1026,REG-01,Direct Online,31,18410.67,0.01,565023.46,271637.07,293386.39,519821.58,Completed
ORD-HG-10519,2023-03-07,2023-03,CUST-1046,PROD-116,EMP-1011,REG-04,Retail Store,43,42828.58,0.0,1841628.94,968588.17,873040.77,1694298.62,Completed
ORD-HG-10520,2023-03-07,2023-03,CUST-1247,PROD-102,EMP-1048,REG-02,Enterprise Partner,13,41924.22,0.03,528664.41,282467.61,246196.8,486371.26,Completed
ORD-HG-10521,2023-03-07,2023-03,CUST-1033,PROD-123,EMP-1016,REG-05,Enterprise Partner,14,7864.2,0.05,104593.86,54182.82,50411.04,96226.35,Completed
ORD-HG-10522,2023-03-07,2023-03,CUST-1278,PROD-112,EMP-1038,REG-02,Retail Store,20,26685.24,0.01,528367.75,217365.3,311002.45,486098.33,Completed
ORD-HG-10523,2023-03-08,2023-03,CUST-1392,PROD-117,EMP-1037,REG-02,Field Sales,28,9246.97,0.03,251147.71,124682.44,126465.27,231055.89,Completed
ORD-HG-10524,2023-03-08,2023-03,CUST-1430,PROD-110,EMP-1036,REG-02,Direct Online,36,7597.61,0.04,262573.4,106477.37,156096.03,241567.53,Completed
ORD-HG-10525,2023-03-08,2023-03,CUST-1068,PROD-116,EMP-1011,REG-03,Field Sales,12,34697.61,0.02,408043.89,166076.44,241967.45,375400.38,Completed
ORD-HG-10526,2023-03-08,2023-03,CUST-1054,PROD-118,EMP-1028,REG-03,Field Sales,25,7620.64,0.02,186705.68,77696.84,109008.84,171769.23,Completed
ORD-HG-10527,2023-03-08,2023-03,CUST-1211,PROD-118,EMP-1016,REG-03,Retail Store,20,40315.14,0.02,790176.74,425490.88,364685.86,726962.6,Completed
ORD-HG-10528,2023-03-08,2023-03,CUST-1084,PROD-119,EMP-1029,REG-04,Direct Online,5,21078.55,0.04,101177.04,54148.74,47028.3,93082.88,Completed
ORD-HG-10529,2023-03-09,2023-03,CUST-1377,PROD-110,EMP-1028,REG-02,Direct Online,31,26347.25,0.03,792261.81,332321.43,459940.38,728880.87,Completed
ORD-HG-10530,2023-03-09,2023-03,CUST-1024,PROD-123,EMP-1012,REG-03,Field Sales,42,31046.42,0.02,1277870.65,691021.52,586849.13,1175641.0,Completed
ORD-HG-10531,2023-03-09,2023-03,CUST-1383,PROD-113,EMP-1041,REG-04,Field Sales,15,33371.56,0.05,475544.73,216680.13,258864.6,437501.15,Completed
ORD-HG-10532,2023-03-09,2023-03,CUST-1499,PROD-104,EMP-1010,REG-04,Retail Store,27,6613.66,0.04,171426.07,68722.96,102703.11,157711.98,Completed
ORD-HG-10533,2023-03-09,2023-03,CUST-1134,PROD-103,EMP-1006,REG-02,Enterprise Partner,23,39317.66,0.0,904306.18,438215.13,466091.05,831961.69,Completed
ORD-HG-10534,2023-03-09,2023-03,CUST-1157,PROD-116,EMP-1048,REG-01,Retail Store,15,42494.96,0.04,611927.42,307636.67,304290.75,562973.23,Completed
ORD-HG-10535,2023-03-09,2023-03,CUST-1315,PROD-110,EMP-1010,REG-05,Direct Online,5,22722.36,0.01,112475.68,55429.78,57045.9,103477.63,Completed
ORD-HG-10536,2023-03-10,2023-03,CUST-1245,PROD-122,EMP-1043,REG-01,Field Sales,18,30230.86,0.01,538713.93,222322.23,316391.7,495616.82,Completed
ORD-HG-10537,2023-03-10,2023-03,CUST-1079,PROD-114,EMP-1028,REG-03,Retail Store,36,11412.1,0.04,394402.18,175652.72,218749.46,362850.01,Completed
ORD-HG-10538,2023-03-10,2023-03,CUST-1237,PROD-108,EMP-1041,REG-02,Enterprise Partner,9,27377.65,0.02,241470.87,125087.42,116383.45,222153.2,Completed
ORD-HG-10539,2023-03-10,2023-03,CUST-1045,PROD-114,EMP-1008,REG-03,Field Sales,11,16359.35,0.02,176353.79,82570.99,93782.8,162245.49,Completed
ORD-HG-10540,2023-03-10,2023-03,CUST-1283,PROD-124,EMP-1009,REG-01,Direct Online,32,7578.46,0.05,230385.18,98207.9,132177.28,211954.37,Completed
ORD-HG-10541,2023-03-10,2023-03,CUST-1076,PROD-124,EMP-1016,REG-04,Enterprise Partner,35,9327.55,0.02,319934.96,133615.5,186319.46,294340.16,Completed
ORD-HG-10542,2023-03-10,2023-03,CUST-1265,PROD-111,EMP-1009,REG-01,Enterprise Partner,12,17553.94,0.01,208540.81,91641.45,116899.36,191857.55,Completed
ORD-HG-10543,2023-03-10,2023-03,CUST-1075,PROD-117,EMP-1032,REG-02,Enterprise Partner,32,31938.15,0.04,981139.97,471319.94,509820.03,902648.77,Completed
ORD-HG-10544,2023-03-10,2023-03,CUST-1364,PROD-105,EMP-1013,REG-02,Direct Online,36,5382.43,0.02,189892.13,86179.5,103712.63,174700.76,Completed
ORD-HG-10545,2023-03-11,2023-03,CUST-1047,PROD-107,EMP-1018,REG-02,Direct Online,25,20913.97,0.03,507163.77,217542.14,289621.63,466590.67,Completed
ORD-HG-10546,2023-03-11,2023-03,CUST-1268,PROD-115,EMP-1037,REG-02,Field Sales,19,38301.02,0.01,720442.19,317593.3,402848.89,662806.81,Completed
ORD-HG-10547,2023-03-11,2023-03,CUST-1182,PROD-123,EMP-1022,REG-01,Retail Store,22,29174.47,0.02,629001.57,317397.27,311604.3,578681.44,Completed
ORD-HG-10548,2023-03-11,2023-03,CUST-1197,PROD-109,EMP-1041,REG-04,Enterprise Partner,35,16218.22,0.03,550608.57,288338.38,262270.19,506559.88,Completed
ORD-HG-10549,2023-03-11,2023-03,CUST-1474,PROD-119,EMP-1042,REG-02,Retail Store,30,32855.84,0.05,936391.44,387390.3,549001.14,861480.12,Completed
ORD-HG-10550,2023-03-11,2023-03,CUST-1432,PROD-114,EMP-1026,REG-04,Retail Store,42,35621.7,0.02,1466189.17,692231.73,773957.44,1348894.04,Completed
ORD-HG-10551,2023-03-11,2023-03,CUST-1115,PROD-117,EMP-1043,REG-02,Direct Online,15,21207.91,0.02,311756.28,139685.49,172070.79,286815.78,Completed
ORD-HG-10552,2023-03-11,2023-03,CUST-1203,PROD-117,EMP-1043,REG-02,Field Sales,41,25688.88,0.01,1042711.64,419667.65,623043.99,959294.71,Completed
ORD-HG-10553,2023-03-12,2023-03,CUST-1345,PROD-124,EMP-1001,REG-05,Field Sales,37,5315.0,0.03,190755.35,92392.04,98363.31,175494.92,Completed
ORD-HG-10554,2023-03-12,2023-03,CUST-1159,PROD-114,EMP-1038,REG-04,Direct Online,24,12247.38,0.01,290997.75,134638.77,156358.98,267717.93,Completed
ORD-HG-10555,2023-03-12,2023-03,CUST-1226,PROD-114,EMP-1001,REG-04,Enterprise Partner,23,20335.72,0.04,449012.7,201156.0,247856.7,413091.68,Completed
ORD-HG-10556,2023-03-12,2023-03,CUST-1456,PROD-112,EMP-1036,REG-02,Retail Store,34,7026.9,0.04,229358.02,124878.67,104479.35,211009.38,Completed
ORD-HG-10557,2023-03-12,2023-03,CUST-1019,PROD-113,EMP-1039,REG-04,Retail Store,41,34170.2,0.03,1358948.85,685959.55,672989.3,1250232.94,Completed
ORD-HG-10558,2023-03-12,2023-03,CUST-1380,PROD-107,EMP-1006,REG-04,Field Sales,10,18349.67,0.04,176156.83,92632.6,83524.23,162064.28,Completed
ORD-HG-10559,2023-03-13,2023-03,CUST-1351,PROD-117,EMP-1010,REG-05,Field Sales,40,10309.1,0.04,395869.44,185680.62,210188.82,364199.88,Completed
ORD-HG-10560,2023-03-13,2023-03,CUST-1213,PROD-112,EMP-1028,REG-02,Retail Store,22,35540.02,0.04,750605.22,349421.99,401183.23,690556.8,Completed
ORD-HG-10561,2023-03-13,2023-03,CUST-1212,PROD-109,EMP-1038,REG-01,Enterprise Partner,24,38922.75,0.04,896780.16,406516.97,490263.19,825037.75,Completed
ORD-HG-10562,2023-03-13,2023-03,CUST-1225,PROD-105,EMP-1030,REG-01,Field Sales,34,44782.63,0.03,1476931.14,743830.21,733100.93,1358776.65,Completed
ORD-HG-10563,2023-03-13,2023-03,CUST-1037,PROD-107,EMP-1022,REG-03,Enterprise Partner,43,10195.14,0.01,434007.11,234636.54,199370.57,399286.54,Completed
ORD-HG-10564,2023-03-13,2023-03,CUST-1271,PROD-105,EMP-1007,REG-02,Direct Online,25,13703.55,0.05,325459.31,140693.76,184765.55,299422.57,Completed
ORD-HG-10565,2023-03-13,2023-03,CUST-1190,PROD-106,EMP-1021,REG-05,Field Sales,33,12894.21,0.01,421253.84,195228.8,226025.04,387553.53,Completed
ORD-HG-10566,2023-03-13,2023-03,CUST-1308,PROD-103,EMP-1014,REG-03,Enterprise Partner,5,37424.48,0.03,181508.73,87053.17,94455.56,166988.03,Completed
ORD-HG-10567,2023-03-14,2023-03,CUST-1458,PROD-105,EMP-1008,REG-01,Field Sales,39,16313.5,0.02,623501.97,322598.83,300903.14,573621.81,Completed
ORD-HG-10568,2023-03-14,2023-03,CUST-1395,PROD-110,EMP-1019,REG-04,Direct Online,41,24330.39,0.0,997545.99,460929.06,536616.93,917742.31,Completed
ORD-HG-10569,2023-03-14,2023-03,CUST-1174,PROD-101,EMP-1047,REG-05,Enterprise Partner,24,14388.81,0.05,328064.87,168882.36,159182.51,301819.68,Completed
ORD-HG-10570,2023-03-14,2023-03,CUST-1335,PROD-108,EMP-1003,REG-01,Field Sales,22,27062.92,0.04,571568.87,296663.74,274905.13,525843.36,Completed
ORD-HG-10571,2023-03-14,2023-03,CUST-1335,PROD-113,EMP-1016,REG-03,Enterprise Partner,28,35997.1,0.05,957522.86,442115.26,515407.6,880921.03,Completed
ORD-HG-10572,2023-03-14,2023-03,CUST-1343,PROD-115,EMP-1023,REG-02,Field Sales,36,28526.92,0.03,996160.05,462848.19,533311.86,916467.25,Completed
ORD-HG-10573,2023-03-14,2023-03,CUST-1114,PROD-122,EMP-1004,REG-03,Retail Store,43,20619.56,0.04,851175.44,389778.29,461397.15,783081.4,Completed
ORD-HG-10574,2023-03-14,2023-03,CUST-1498,PROD-116,EMP-1014,REG-05,Field Sales,41,25845.25,0.04,1017269.04,509684.54,507584.5,935887.52,Completed
ORD-HG-10575,2023-03-14,2023-03,CUST-1067,PROD-119,EMP-1025,REG-02,Field Sales,20,13489.91,0.02,264402.24,131686.46,132715.78,243250.06,Completed
ORD-HG-10576,2023-03-14,2023-03,CUST-1376,PROD-104,EMP-1047,REG-03,Enterprise Partner,18,29795.37,0.0,536316.66,269169.3,267147.36,493411.33,Completed
ORD-HG-10577,2023-03-15,2023-03,CUST-1393,PROD-118,EMP-1017,REG-04,Retail Store,44,32557.75,0.05,1360913.95,670957.85,689956.1,1252040.83,Completed
ORD-HG-10578,2023-03-15,2023-03,CUST-1181,PROD-112,EMP-1003,REG-05,Direct Online,32,14816.5,0.05,450421.6,194691.58,255730.02,414387.87,Completed
ORD-HG-10579,2023-03-15,2023-03,CUST-1365,PROD-112,EMP-1024,REG-02,Enterprise Partner,7,38773.68,0.0,271415.76,120396.96,151018.8,249702.5,Completed
ORD-HG-10580,2023-03-15,2023-03,CUST-1092,PROD-101,EMP-1028,REG-03,Direct Online,10,30392.06,0.01,300881.39,133291.13,167590.26,276810.88,Completed
ORD-HG-10581,2023-03-15,2023-03,CUST-1130,PROD-108,EMP-1023,REG-03,Field Sales,6,6632.81,0.04,38204.99,16123.62,22081.37,35148.59,Completed
ORD-HG-10582,2023-03-15,2023-03,CUST-1327,PROD-120,EMP-1008,REG-02,Enterprise Partner,40,19022.3,0.02,745674.16,368765.12,376909.04,686020.23,Completed
ORD-HG-10583,2023-03-15,2023-03,CUST-1049,PROD-104,EMP-1047,REG-03,Retail Store,5,16950.34,0.02,83056.67,36899.37,46157.3,76412.14,Completed
ORD-HG-10584,2023-03-16,2023-03,CUST-1267,PROD-118,EMP-1003,REG-01,Field Sales,44,14817.58,0.03,632414.31,343940.53,288473.78,581821.17,Completed
ORD-HG-10585,2023-03-16,2023-03,CUST-1497,PROD-103,EMP-1027,REG-03,Field Sales,6,21069.79,0.01,125154.55,58960.35,66194.2,115142.19,Completed
ORD-HG-10586,2023-03-16,2023-03,CUST-1329,PROD-122,EMP-1005,REG-04,Enterprise Partner,9,25792.53,0.01,229811.44,94694.23,135117.21,211426.52,Completed
ORD-HG-10587,2023-03-16,2023-03,CUST-1088,PROD-114,EMP-1022,REG-02,Direct Online,14,26841.33,0.01,372020.83,167830.87,204189.96,342259.16,Completed
ORD-HG-10588,2023-03-16,2023-03,CUST-1075,PROD-113,EMP-1011,REG-04,Field Sales,39,6638.56,0.01,256314.8,131382.15,124932.65,235809.62,Completed
ORD-HG-10589,2023-03-16,2023-03,CUST-1126,PROD-116,EMP-1035,REG-05,Retail Store,15,24769.66,0.03,360398.55,178753.73,181644.82,331566.67,Completed
ORD-HG-10590,2023-03-16,2023-03,CUST-1173,PROD-109,EMP-1004,REG-04,Direct Online,32,28537.74,0.0,913207.68,470513.9,442693.78,840151.07,Completed
ORD-HG-10591,2023-03-17,2023-03,CUST-1366,PROD-119,EMP-1017,REG-02,Retail Store,24,17632.86,0.01,418956.75,228335.99,190620.76,385440.21,Completed
ORD-HG-10592,2023-03-17,2023-03,CUST-1325,PROD-117,EMP-1043,REG-03,Retail Store,12,44548.51,0.02,523890.48,227198.69,296691.79,481979.24,Completed
ORD-HG-10593,2023-03-17,2023-03,CUST-1435,PROD-109,EMP-1046,REG-03,Enterprise Partner,14,27015.34,0.03,366868.32,157974.8,208893.52,337518.85,Completed
ORD-HG-10594,2023-03-17,2023-03,CUST-1410,PROD-105,EMP-1043,REG-03,Field Sales,11,28158.6,0.02,303549.71,125127.65,178422.06,279265.73,Completed
ORD-HG-10595,2023-03-17,2023-03,CUST-1284,PROD-121,EMP-1026,REG-04,Retail Store,32,25651.19,0.05,779796.18,320509.03,459287.15,717412.49,Completed
ORD-HG-10596,2023-03-17,2023-03,CUST-1104,PROD-113,EMP-1033,REG-03,Enterprise Partner,15,33827.91,0.0,507418.65,260023.99,247394.66,466825.16,Completed
ORD-HG-10597,2023-03-17,2023-03,CUST-1421,PROD-104,EMP-1027,REG-03,Retail Store,21,37197.42,0.05,742088.53,309486.39,432602.14,682721.45,Completed
ORD-HG-10598,2023-03-17,2023-03,CUST-1139,PROD-119,EMP-1025,REG-04,Retail Store,17,23290.9,0.0,395945.3,190622.76,205322.54,364269.68,Completed
ORD-HG-10599,2023-03-17,2023-03,CUST-1338,PROD-107,EMP-1023,REG-01,Retail Store,6,35341.45,0.0,212048.7,86378.58,125670.12,195084.8,Completed
ORD-HG-10600,2023-03-17,2023-03,CUST-1088,PROD-113,EMP-1043,REG-05,Field Sales,33,25126.39,0.01,820879.16,362344.41,458534.75,755208.83,Completed
ORD-HG-10601,2023-03-17,2023-03,CUST-1328,PROD-120,EMP-1009,REG-03,Retail Store,6,15220.96,0.03,88585.99,39985.43,48600.56,81499.11,Completed
ORD-HG-10602,2023-03-17,2023-03,CUST-1341,PROD-107,EMP-1012,REG-01,Direct Online,6,31654.54,0.02,186128.7,95727.49,90401.21,171238.4,Completed
ORD-HG-10603,2023-03-18,2023-03,CUST-1083,PROD-102,EMP-1025,REG-01,Direct Online,43,8233.3,0.03,343410.94,137841.84,205569.1,315938.06,Completed
ORD-HG-10604,2023-03-18,2023-03,CUST-1371,PROD-113,EMP-1037,REG-04,Enterprise Partner,8,42428.81,0.03,329247.57,170679.45,158568.12,302907.76,Completed
ORD-HG-10605,2023-03-18,2023-03,CUST-1069,PROD-119,EMP-1027,REG-04,Direct Online,38,28741.29,0.03,1059403.95,533827.23,525576.72,974651.63,Completed
ORD-HG-10606,2023-03-18,2023-03,CUST-1126,PROD-119,EMP-1043,REG-02,Retail Store,30,10383.94,0.03,302172.65,122509.17,179663.48,277998.84,Completed
ORD-HG-10607,2023-03-18,2023-03,CUST-1372,PROD-106,EMP-1032,REG-02,Enterprise Partner,42,35002.87,0.04,1411315.72,710582.4,700733.32,1298410.46,Completed
ORD-HG-10608,2023-03-18,2023-03,CUST-1474,PROD-123,EMP-1047,REG-04,Enterprise Partner,43,23990.98,0.03,1000663.78,429540.03,571123.75,920610.68,Completed
ORD-HG-10609,2023-03-18,2023-03,CUST-1264,PROD-114,EMP-1029,REG-03,Field Sales,14,11011.29,0.04,147991.74,65500.66,82491.08,136152.4,Completed
ORD-HG-10610,2023-03-18,2023-03,CUST-1310,PROD-107,EMP-1016,REG-04,Field Sales,37,30020.65,0.02,1088548.77,551132.69,537416.08,1001464.87,Completed
ORD-HG-10611,2023-03-18,2023-03,CUST-1361,PROD-103,EMP-1012,REG-05,Enterprise Partner,40,22203.97,0.02,870395.62,439479.95,430915.67,800763.97,Completed
ORD-HG-10612,2023-03-18,2023-03,CUST-1485,PROD-118,EMP-1031,REG-03,Retail Store,42,17712.02,0.05,706709.6,297240.24,409469.36,650172.83,Completed
ORD-HG-10613,2023-03-19,2023-03,CUST-1000,PROD-114,EMP-1039,REG-03,Enterprise Partner,19,8252.11,0.03,152086.39,63527.37,88559.02,139919.48,Completed
ORD-HG-10614,2023-03-19,2023-03,CUST-1152,PROD-106,EMP-1022,REG-04,Enterprise Partner,36,40410.29,0.01,1440222.74,739960.98,700261.76,1325004.92,Completed
ORD-HG-10615,2023-03-19,2023-03,CUST-1340,PROD-108,EMP-1003,REG-04,Retail Store,37,36139.28,0.0,1337153.36,600732.0,736421.36,1230181.09,Completed
ORD-HG-10616,2023-03-19,2023-03,CUST-1283,PROD-119,EMP-1029,REG-04,Enterprise Partner,37,12366.57,0.04,439260.57,205471.72,233788.85,404119.72,Completed
ORD-HG-10617,2023-03-19,2023-03,CUST-1006,PROD-124,EMP-1043,REG-03,Retail Store,35,7232.0,0.02,248057.6,134244.94,113812.66,228212.99,Completed
ORD-HG-10618,2023-03-19,2023-03,CUST-1095,PROD-101,EMP-1041,REG-02,Retail Store,19,29873.43,0.0,567595.17,257649.66,309945.51,522187.56,Completed
ORD-HG-10619,2023-03-19,2023-03,CUST-1244,PROD-116,EMP-1008,REG-05,Direct Online,16,41182.28,0.05,625970.66,315715.78,310254.88,575893.01,Completed
ORD-HG-10620,2023-03-19,2023-03,CUST-1361,PROD-121,EMP-1044,REG-02,Direct Online,28,5930.59,0.05,157753.69,74514.61,83239.08,145133.39,Completed
ORD-HG-10621,2023-03-19,2023-03,CUST-1389,PROD-109,EMP-1044,REG-01,Enterprise Partner,6,12187.22,0.02,71660.85,36766.42,34894.43,65927.98,Completed
ORD-HG-10622,2023-03-20,2023-03,CUST-1064,PROD-104,EMP-1002,REG-01,Direct Online,23,32605.66,0.04,719932.97,313173.63,406759.34,662338.33,Completed
ORD-HG-10623,2023-03-20,2023-03,CUST-1441,PROD-123,EMP-1030,REG-03,Retail Store,17,30790.48,0.04,502500.63,265737.59,236763.04,462300.58,Completed
ORD-HG-10624,2023-03-20,2023-03,CUST-1342,PROD-103,EMP-1039,REG-02,Enterprise Partner,43,29366.32,0.05,1199614.17,602919.97,596694.2,1103645.04,Completed
ORD-HG-10625,2023-03-20,2023-03,CUST-1405,PROD-107,EMP-1013,REG-02,Retail Store,14,28827.55,0.02,395513.99,182967.55,212546.44,363872.87,Completed
ORD-HG-10626,2023-03-20,2023-03,CUST-1147,PROD-106,EMP-1021,REG-01,Retail Store,34,14016.34,0.03,462258.89,187760.94,274497.95,425278.18,Completed
ORD-HG-10627,2023-03-20,2023-03,CUST-1399,PROD-117,EMP-1009,REG-01,Retail Store,21,27256.01,0.02,560928.69,274224.23,286704.46,516054.39,Completed
ORD-HG-10628,2023-03-20,2023-03,CUST-1069,PROD-103,EMP-1007,REG-05,Field Sales,44,9400.15,0.03,401198.4,201309.0,199889.4,369102.53,Completed
ORD-HG-10629,2023-03-20,2023-03,CUST-1226,PROD-114,EMP-1013,REG-02,Direct Online,5,31337.35,0.02,153553.01,83868.26,69684.75,141268.77,Completed
ORD-HG-10630,2023-03-21,2023-03,CUST-1176,PROD-108,EMP-1018,REG-02,Field Sales,44,20600.7,0.05,861109.26,431690.32,429418.94,792220.52,Completed
ORD-HG-10631,2023-03-21,2023-03,CUST-1155,PROD-118,EMP-1034,REG-01,Direct Online,26,19720.29,0.02,502472.99,272696.05,229776.94,462275.15,Completed
ORD-HG-10632,2023-03-21,2023-03,CUST-1012,PROD-118,EMP-1039,REG-03,Direct Online,6,36043.19,0.01,214096.55,92827.14,121269.41,196968.83,Completed
ORD-HG-10633,2023-03-21,2023-03,CUST-1261,PROD-107,EMP-1009,REG-05,Direct Online,23,5954.42,0.04,131473.59,68549.43,62924.16,120955.7,Completed
ORD-HG-10634,2023-03-21,2023-03,CUST-1181,PROD-106,EMP-1019,REG-03,Retail Store,44,11946.38,0.03,509871.5,224078.59,285792.91,469081.78,Completed
ORD-HG-10635,2023-03-21,2023-03,CUST-1143,PROD-109,EMP-1020,REG-04,Enterprise Partner,15,8425.8,0.0,126387.0,55424.44,70962.56,116276.04,Completed
ORD-HG-10636,2023-03-21,2023-03,CUST-1061,PROD-117,EMP-1032,REG-05,Direct Online,32,29356.34,0.04,901826.76,488800.52,413026.24,829680.62,Completed
ORD-HG-10637,2023-03-21,2023-03,CUST-1217,PROD-112,EMP-1027,REG-02,Direct Online,44,11544.51,0.01,502878.86,245361.62,257517.24,462648.55,Completed
ORD-HG-10638,2023-03-21,2023-03,CUST-1384,PROD-103,EMP-1049,REG-05,Enterprise Partner,40,7706.41,0.01,305173.84,150763.52,154410.32,280759.93,Completed
ORD-HG-10639,2023-03-22,2023-03,CUST-1272,PROD-114,EMP-1009,REG-04,Retail Store,20,20155.52,0.0,403110.4,169344.54,233765.86,370861.57,Completed
ORD-HG-10640,2023-03-22,2023-03,CUST-1373,PROD-114,EMP-1014,REG-05,Retail Store,24,16472.4,0.03,383477.47,159213.7,224263.77,352799.27,Completed
ORD-HG-10641,2023-03-22,2023-03,CUST-1408,PROD-120,EMP-1036,REG-04,Retail Store,31,7127.52,0.0,220953.12,97990.33,122962.79,203276.87,Completed
ORD-HG-10642,2023-03-22,2023-03,CUST-1424,PROD-121,EMP-1034,REG-02,Retail Store,11,35606.05,0.01,387749.88,201021.16,186728.72,356729.89,Completed
ORD-HG-10643,2023-03-22,2023-03,CUST-1089,PROD-113,EMP-1031,REG-04,Enterprise Partner,14,41721.37,0.01,578258.19,264044.17,314214.02,531997.53,Completed
ORD-HG-10644,2023-03-22,2023-03,CUST-1321,PROD-106,EMP-1030,REG-01,Field Sales,18,23053.1,0.01,410806.24,189626.15,221180.09,377941.74,Completed
ORD-HG-10645,2023-03-22,2023-03,CUST-1411,PROD-113,EMP-1048,REG-04,Retail Store,18,17930.86,0.03,313072.82,142926.5,170146.32,288026.99,Completed
ORD-HG-10646,2023-03-23,2023-03,CUST-1364,PROD-103,EMP-1002,REG-01,Enterprise Partner,18,35353.86,0.02,623642.09,264826.84,358815.25,573750.72,Completed
ORD-HG-10647,2023-03-23,2023-03,CUST-1463,PROD-102,EMP-1034,REG-02,Enterprise Partner,40,40827.88,0.0,1633115.2,769521.62,863593.58,1502465.98,Completed
ORD-HG-10648,2023-03-23,2023-03,CUST-1134,PROD-118,EMP-1039,REG-05,Retail Store,36,40513.85,0.01,1443913.61,666995.73,776917.88,1328400.52,Completed
ORD-HG-10649,2023-03-23,2023-03,CUST-1399,PROD-107,EMP-1018,REG-04,Direct Online,9,15984.55,0.01,142422.34,60173.98,82248.36,131028.55,Completed
ORD-HG-10650,2023-03-23,2023-03,CUST-1438,PROD-114,EMP-1019,REG-01,Direct Online,40,17076.28,0.02,669390.18,318585.49,350804.69,615838.97,Completed
ORD-HG-10651,2023-03-23,2023-03,CUST-1215,PROD-105,EMP-1012,REG-01,Direct Online,40,17216.9,0.05,654242.2,290825.4,363416.8,601902.82,Completed
ORD-HG-10652,2023-03-23,2023-03,CUST-1146,PROD-111,EMP-1021,REG-04,Retail Store,23,30251.91,0.03,674920.11,349637.2,325282.91,620926.5,Completed
ORD-HG-10653,2023-03-24,2023-03,CUST-1372,PROD-122,EMP-1018,REG-01,Enterprise Partner,7,32275.33,0.04,216890.22,105894.15,110996.07,199539.0,Completed
ORD-HG-10654,2023-03-24,2023-03,CUST-1044,PROD-107,EMP-1009,REG-03,Direct Online,19,26279.17,0.04,479332.06,262231.63,217100.43,440985.5,Completed
ORD-HG-10655,2023-03-24,2023-03,CUST-1348,PROD-103,EMP-1011,REG-04,Retail Store,5,22540.9,0.02,110450.41,48144.07,62306.34,101614.38,Completed
ORD-HG-10656,2023-03-24,2023-03,CUST-1007,PROD-113,EMP-1012,REG-03,Enterprise Partner,30,38487.07,0.04,1108427.62,557505.59,550922.03,1019753.41,Completed
ORD-HG-10657,2023-03-24,2023-03,CUST-1000,PROD-115,EMP-1044,REG-05,Enterprise Partner,14,18289.94,0.03,248377.39,118820.21,129557.18,228507.2,Completed
ORD-HG-10658,2023-03-24,2023-03,CUST-1259,PROD-112,EMP-1010,REG-01,Field Sales,39,25698.01,0.01,992200.17,413057.05,579143.12,912824.16,Completed
ORD-HG-10659,2023-03-24,2023-03,CUST-1438,PROD-116,EMP-1022,REG-04,Retail Store,30,42482.66,0.03,1236245.41,586934.34,649311.07,1137345.78,Completed
ORD-HG-10660,2023-03-24,2023-03,CUST-1114,PROD-124,EMP-1044,REG-03,Enterprise Partner,14,20131.71,0.01,279025.5,124931.35,154094.15,256703.46,Completed
ORD-HG-10661,2023-03-25,2023-03,CUST-1208,PROD-101,EMP-1004,REG-01,Retail Store,39,10358.5,0.03,391862.06,190596.34,201265.72,360513.1,Completed
ORD-HG-10662,2023-03-25,2023-03,CUST-1281,PROD-111,EMP-1042,REG-01,Direct Online,43,11996.87,0.03,500389.45,226965.57,273423.88,460358.29,Completed
ORD-HG-10663,2023-03-25,2023-03,CUST-1215,PROD-122,EMP-1045,REG-04,Field Sales,30,36671.15,0.02,1078131.81,490316.45,587815.36,991881.27,Completed
ORD-HG-10664,2023-03-25,2023-03,CUST-1092,PROD-102,EMP-1045,REG-04,Field Sales,15,43754.89,0.01,649760.12,322804.53,326955.59,597779.31,Completed
ORD-HG-10665,2023-03-26,2023-03,CUST-1150,PROD-107,EMP-1040,REG-03,Direct Online,41,18969.13,0.04,746624.96,394975.77,351649.19,686894.96,Completed
ORD-HG-10666,2023-03-26,2023-03,CUST-1224,PROD-108,EMP-1047,REG-03,Field Sales,30,43655.4,0.04,1257275.52,525319.83,731955.69,1156693.48,Completed
ORD-HG-10667,2023-03-26,2023-03,CUST-1009,PROD-119,EMP-1013,REG-03,Retail Store,16,10428.46,0.02,163518.25,81565.29,81952.96,150436.79,Completed
ORD-HG-10668,2023-03-26,2023-03,CUST-1284,PROD-124,EMP-1049,REG-02,Enterprise Partner,27,31575.1,0.02,835477.15,422381.35,413095.8,768638.98,Completed
ORD-HG-10669,2023-03-26,2023-03,CUST-1125,PROD-114,EMP-1011,REG-03,Direct Online,34,19582.79,0.0,665814.86,335427.39,330387.47,612549.67,Completed
ORD-HG-10670,2023-03-26,2023-03,CUST-1259,PROD-123,EMP-1044,REG-02,Field Sales,31,36963.12,0.01,1134398.15,612241.27,522156.88,1043646.3,Completed
ORD-HG-10671,2023-03-26,2023-03,CUST-1377,PROD-104,EMP-1001,REG-05,Field Sales,41,40692.32,0.03,1618333.57,699065.11,919268.46,1488866.88,Completed
ORD-HG-10672,2023-03-26,2023-03,CUST-1255,PROD-116,EMP-1027,REG-02,Direct Online,7,36123.19,0.05,240219.21,122955.1,117264.11,221001.67,Completed
ORD-HG-10673,2023-03-26,2023-03,CUST-1066,PROD-103,EMP-1018,REG-03,Retail Store,38,34538.26,0.03,1273080.26,644992.19,628088.07,1171233.84,Completed
ORD-HG-10674,2023-03-27,2023-03,CUST-1183,PROD-110,EMP-1045,REG-05,Enterprise Partner,32,12706.34,0.03,394404.79,210824.43,183580.36,362852.41,Completed
ORD-HG-10675,2023-03-27,2023-03,CUST-1132,PROD-109,EMP-1004,REG-03,Enterprise Partner,25,22961.89,0.01,568306.78,310911.21,257395.57,522842.24,Completed
ORD-HG-10676,2023-03-27,2023-03,CUST-1010,PROD-120,EMP-1010,REG-03,Enterprise Partner,6,15670.07,0.03,91199.81,37236.65,53963.16,83903.83,Completed
ORD-HG-10677,2023-03-27,2023-03,CUST-1149,PROD-102,EMP-1048,REG-01,Direct Online,39,12946.11,0.02,494800.32,262923.76,231876.56,455216.29,Completed
ORD-HG-10678,2023-03-27,2023-03,CUST-1480,PROD-122,EMP-1039,REG-03,Direct Online,24,15005.44,0.02,352927.95,172875.79,180052.16,324693.71,Completed
ORD-HG-10679,2023-03-27,2023-03,CUST-1287,PROD-117,EMP-1034,REG-03,Retail Store,13,5426.69,0.02,69136.03,33408.67,35727.36,63605.15,Completed
ORD-HG-10680,2023-03-27,2023-03,CUST-1113,PROD-101,EMP-1002,REG-03,Direct Online,16,41798.88,0.05,635342.98,289644.29,345698.69,584515.54,Completed
ORD-HG-10681,2023-03-27,2023-03,CUST-1179,PROD-111,EMP-1010,REG-04,Retail Store,21,22960.97,0.03,467714.96,254138.62,213576.34,430297.76,Completed
ORD-HG-10682,2023-03-27,2023-03,CUST-1394,PROD-120,EMP-1023,REG-03,Retail Store,40,26013.22,0.04,998907.65,503736.57,495171.08,918995.04,Completed
ORD-HG-10683,2023-03-27,2023-03,CUST-1275,PROD-116,EMP-1047,REG-04,Retail Store,26,41030.74,0.02,1045463.26,479254.32,566208.94,961826.2,Completed
ORD-HG-10684,2023-03-27,2023-03,CUST-1317,PROD-122,EMP-1006,REG-01,Direct Online,16,33764.79,0.03,524029.54,280691.85,243337.69,482107.18,Completed
ORD-HG-10685,2023-03-28,2023-03,CUST-1363,PROD-101,EMP-1015,REG-04,Retail Store,5,29566.52,0.03,143397.62,60261.21,83136.41,131925.81,Completed
ORD-HG-10686,2023-03-28,2023-03,CUST-1211,PROD-120,EMP-1037,REG-03,Retail Store,18,39381.45,0.01,701777.44,304255.63,397521.81,645635.24,Completed
ORD-HG-10687,2023-03-28,2023-03,CUST-1435,PROD-102,EMP-1047,REG-02,Retail Store,10,24157.55,0.04,231912.48,99579.65,132332.83,213359.48,Completed
ORD-HG-10688,2023-03-28,2023-03,CUST-1219,PROD-114,EMP-1001,REG-05,Field Sales,23,43162.74,0.01,982815.59,482401.58,500414.01,904190.34,Completed
ORD-HG-10689,2023-03-28,2023-03,CUST-1479,PROD-110,EMP-1022,REG-01,Direct Online,16,30946.92,0.05,470393.18,256396.64,213996.54,432761.73,Completed
ORD-HG-10690,2023-03-28,2023-03,CUST-1263,PROD-122,EMP-1015,REG-04,Direct Online,36,15339.6,0.02,541181.09,230263.16,310917.93,497886.6,Completed
ORD-HG-10691,2023-03-28,2023-03,CUST-1417,PROD-105,EMP-1031,REG-03,Retail Store,11,27328.19,0.04,288585.69,158693.08,129892.61,265498.83,Completed
ORD-HG-10692,2023-03-28,2023-03,CUST-1098,PROD-108,EMP-1043,REG-01,Enterprise Partner,43,34633.5,0.03,1444563.28,700465.17,744098.11,1328998.22,Completed
ORD-HG-10693,2023-03-28,2023-03,CUST-1447,PROD-114,EMP-1008,REG-04,Field Sales,26,40085.9,0.03,1010966.4,441912.15,569054.25,930089.09,Completed
ORD-HG-10694,2023-03-28,2023-03,CUST-1016,PROD-121,EMP-1022,REG-01,Enterprise Partner,13,20362.84,0.01,262069.75,130931.34,131138.41,241104.17,Completed
ORD-HG-10695,2023-03-29,2023-03,CUST-1288,PROD-108,EMP-1036,REG-04,Direct Online,25,39533.07,0.04,948793.68,452807.96,495985.72,872890.19,Completed
ORD-HG-10696,2023-03-29,2023-03,CUST-1146,PROD-106,EMP-1040,REG-05,Retail Store,33,23558.95,0.03,754121.99,346209.66,407912.33,693792.23,Completed
ORD-HG-10697,2023-03-29,2023-03,CUST-1420,PROD-103,EMP-1010,REG-04,Field Sales,9,29510.7,0.05,252316.48,126256.55,126059.93,232131.16,Completed
ORD-HG-10698,2023-03-29,2023-03,CUST-1083,PROD-117,EMP-1027,REG-01,Direct Online,37,34505.94,0.05,1212883.79,517266.74,695617.05,1115853.09,Completed
ORD-HG-10699,2023-03-29,2023-03,CUST-1082,PROD-106,EMP-1009,REG-04,Field Sales,41,28162.45,0.01,1143113.85,477569.19,665544.66,1051664.74,Completed
ORD-HG-10700,2023-03-29,2023-03,CUST-1473,PROD-114,EMP-1015,REG-04,Direct Online,18,7229.18,0.03,126221.48,68320.32,57901.16,116123.76,Completed
ORD-HG-10701,2023-03-29,2023-03,CUST-1183,PROD-110,EMP-1039,REG-05,Field Sales,26,37693.74,0.0,980037.24,456607.43,523429.81,901634.26,Completed
ORD-HG-10702,2023-03-29,2023-03,CUST-1027,PROD-116,EMP-1024,REG-04,Direct Online,35,32395.87,0.04,1088501.23,552548.65,535952.58,1001421.13,Completed
ORD-HG-10703,2023-03-29,2023-03,CUST-1418,PROD-122,EMP-1048,REG-05,Direct Online,30,34723.98,0.01,1031302.21,475395.83,555906.38,948798.03,Completed
ORD-HG-10704,2023-03-29,2023-03,CUST-1171,PROD-114,EMP-1004,REG-04,Enterprise Partner,25,24091.83,0.04,578203.92,294320.63,283883.29,531947.61,Completed
ORD-HG-10705,2023-03-30,2023-03,CUST-1166,PROD-116,EMP-1030,REG-02,Field Sales,32,14717.36,0.04,452117.3,228747.96,223369.34,415947.92,Completed
ORD-HG-10706,2023-03-30,2023-03,CUST-1145,PROD-118,EMP-1030,REG-05,Enterprise Partner,16,41404.16,0.01,655841.89,262376.63,393465.26,603374.54,Completed
ORD-HG-10707,2023-03-30,2023-03,CUST-1097,PROD-108,EMP-1039,REG-04,Direct Online,40,34877.34,0.0,1395093.6,629094.52,765999.08,1283486.11,Completed
ORD-HG-10708,2023-03-30,2023-03,CUST-1048,PROD-121,EMP-1032,REG-01,Retail Store,40,18470.49,0.0,738819.6,337457.4,401362.2,679714.03,Completed
ORD-HG-10709,2023-03-30,2023-03,CUST-1316,PROD-119,EMP-1028,REG-01,Direct Online,31,14425.36,0.02,438242.44,233829.32,204413.12,403183.04,Completed
ORD-HG-10710,2023-03-30,2023-03,CUST-1000,PROD-119,EMP-1011,REG-01,Field Sales,13,17398.06,0.05,214866.04,107173.38,107692.66,197676.76,Completed
ORD-HG-10711,2023-03-30,2023-03,CUST-1292,PROD-119,EMP-1025,REG-05,Enterprise Partner,20,44410.51,0.02,870446.0,459910.54,410535.46,800810.32,Completed
ORD-HG-10712,2023-03-30,2023-03,CUST-1352,PROD-117,EMP-1026,REG-03,Retail Store,30,37689.88,0.05,1074161.58,527754.52,546407.06,988228.65,Completed
ORD-HG-10713,2023-03-30,2023-03,CUST-1140,PROD-114,EMP-1029,REG-03,Retail Store,19,27203.05,0.05,491015.05,236175.32,254839.73,451733.85,Completed
ORD-HG-10714,2023-03-30,2023-03,CUST-1258,PROD-115,EMP-1004,REG-03,Field Sales,15,28314.72,0.03,411979.18,191983.48,219995.7,379020.85,Completed
ORD-HG-10715,2023-03-30,2023-03,CUST-1206,PROD-122,EMP-1046,REG-05,Retail Store,28,42868.85,0.0,1200327.8,517665.02,682662.78,1104301.58,Completed
ORD-HG-10716,2023-03-30,2023-03,CUST-1042,PROD-113,EMP-1017,REG-02,Direct Online,9,40771.24,0.04,352263.51,154074.36,198189.15,324082.43,Completed
ORD-HG-10717,2023-03-30,2023-03,CUST-1469,PROD-113,EMP-1034,REG-05,Field Sales,10,26908.28,0.05,255628.66,108245.91,147382.75,235178.37,Completed
ORD-HG-10718,2023-03-31,2023-03,CUST-1306,PROD-109,EMP-1029,REG-03,Retail Store,21,42336.01,0.04,853493.96,428744.84,424749.12,785214.44,Completed
ORD-HG-10719,2023-03-31,2023-03,CUST-1130,PROD-113,EMP-1001,REG-05,Enterprise Partner,35,6159.97,0.03,209130.98,88198.96,120932.02,192400.5,Completed
ORD-HG-10720,2023-03-31,2023-03,CUST-1128,PROD-106,EMP-1008,REG-02,Retail Store,36,42179.27,0.03,1472900.11,618560.87,854339.24,1355068.1,Completed
ORD-HG-10721,2023-03-31,2023-03,CUST-1437,PROD-117,EMP-1022,REG-04,Direct Online,14,33622.07,0.05,447173.53,214559.71,232613.82,411399.65,Completed
ORD-HG-10722,2023-03-31,2023-03,CUST-1257,PROD-105,EMP-1021,REG-03,Retail Store,39,16020.99,0.02,612322.24,314152.76,298169.48,563336.46,Completed
ORD-HG-10723,2023-03-31,2023-03,CUST-1352,PROD-119,EMP-1014,REG-01,Field Sales,40,37178.81,0.0,1487152.4,811429.28,675723.12,1368180.21,Completed
ORD-HG-10724,2023-03-31,2023-03,CUST-1443,PROD-121,EMP-1010,REG-05,Direct Online,27,41102.94,0.01,1098681.59,535420.86,563260.73,1010787.06,Completed
ORD-HG-10725,2023-03-31,2023-03,CUST-1143,PROD-110,EMP-1033,REG-03,Direct Online,40,30150.22,0.02,1181888.62,473723.19,708165.43,1087337.53,Completed
ORD-HG-10726,2023-03-31,2023-03,CUST-1405,PROD-120,EMP-1004,REG-01,Direct Online,8,36771.22,0.02,288286.36,138354.06,149932.3,265223.45,Completed
ORD-HG-10727,2023-04-01,2023-04,CUST-1049,PROD-120,EMP-1025,REG-01,Direct Online,44,28911.73,0.04,1221231.48,517181.36,704050.12,1123532.96,Completed
ORD-HG-10728,2023-04-01,2023-04,CUST-1079,PROD-106,EMP-1031,REG-03,Enterprise Partner,35,16326.39,0.02,559995.18,232527.11,327468.07,515195.57,Completed
ORD-HG-10729,2023-04-01,2023-04,CUST-1132,PROD-119,EMP-1017,REG-04,Direct Online,27,5146.81,0.03,134794.95,65111.44,69683.51,124011.35,Completed
ORD-HG-10730,2023-04-01,2023-04,CUST-1297,PROD-110,EMP-1046,REG-05,Direct Online,43,43754.71,0.01,1862638.0,898196.49,964441.51,1713626.96,Completed
ORD-HG-10731,2023-04-01,2023-04,CUST-1082,PROD-122,EMP-1007,REG-04,Direct Online,14,41117.56,0.03,558376.46,292432.82,265943.64,513706.34,Completed
ORD-HG-10732,2023-04-01,2023-04,CUST-1358,PROD-114,EMP-1046,REG-04,Retail Store,7,35663.47,0.02,244651.4,112867.97,131783.43,225079.29,Completed
ORD-HG-10733,2023-04-01,2023-04,CUST-1184,PROD-123,EMP-1021,REG-01,Enterprise Partner,20,15086.29,0.03,292674.03,135773.22,156900.81,269260.11,Completed
ORD-HG-10734,2023-04-01,2023-04,CUST-1284,PROD-110,EMP-1032,REG-04,Retail Store,13,14919.42,0.04,186194.36,88666.64,97527.72,171298.81,Completed
ORD-HG-10735,2023-04-01,2023-04,CUST-1359,PROD-104,EMP-1015,REG-01,Direct Online,19,24472.46,0.0,464976.74,191041.62,273935.12,427778.6,Completed
ORD-HG-10736,2023-04-01,2023-04,CUST-1075,PROD-124,EMP-1039,REG-04,Retail Store,42,32719.45,0.03,1332990.39,700228.84,632761.55,1226351.16,Completed
ORD-HG-10737,2023-04-01,2023-04,CUST-1216,PROD-121,EMP-1018,REG-04,Retail Store,6,41434.95,0.02,243637.51,132764.77,110872.74,224146.51,Completed
ORD-HG-10738,2023-04-01,2023-04,CUST-1446,PROD-117,EMP-1003,REG-03,Direct Online,22,9121.25,0.03,194647.48,99534.19,95113.29,179075.68,Completed
ORD-HG-10739,2023-04-02,2023-04,CUST-1267,PROD-117,EMP-1024,REG-04,Retail Store,26,28457.6,0.04,710301.7,333147.46,377154.24,653477.56,Completed
ORD-HG-10740,2023-04-02,2023-04,CUST-1139,PROD-102,EMP-1030,REG-04,Field Sales,26,13299.65,0.05,328501.35,166237.44,162263.91,302221.24,Completed
ORD-HG-10741,2023-04-02,2023-04,CUST-1149,PROD-122,EMP-1022,REG-02,Enterprise Partner,33,22302.4,0.05,699180.24,323234.93,375945.31,643245.82,Completed
ORD-HG-10742,2023-04-02,2023-04,CUST-1050,PROD-114,EMP-1024,REG-05,Direct Online,11,13103.85,0.01,142700.93,77328.98,65371.95,131284.86,Completed
ORD-HG-10743,2023-04-02,2023-04,CUST-1424,PROD-112,EMP-1034,REG-04,Field Sales,25,5040.09,0.02,123482.2,50122.31,73359.89,113603.62,Completed
ORD-HG-10744,2023-04-02,2023-04,CUST-1104,PROD-113,EMP-1012,REG-05,Direct Online,5,15047.26,0.04,72226.85,32418.29,39808.56,66448.7,Completed
ORD-HG-10745,2023-04-03,2023-04,CUST-1040,PROD-102,EMP-1042,REG-05,Retail Store,25,21831.32,0.05,518493.85,241691.35,276802.5,477014.34,Completed
ORD-HG-10746,2023-04-03,2023-04,CUST-1496,PROD-116,EMP-1036,REG-05,Retail Store,41,15391.56,0.01,624743.42,317591.89,307151.53,574763.95,Completed
ORD-HG-10747,2023-04-03,2023-04,CUST-1337,PROD-105,EMP-1031,REG-01,Direct Online,24,8788.15,0.04,202478.98,89399.49,113079.49,186280.66,Completed
ORD-HG-10748,2023-04-03,2023-04,CUST-1000,PROD-107,EMP-1045,REG-02,Enterprise Partner,27,15834.96,0.01,423268.48,177009.2,246259.28,389407.0,Completed
ORD-HG-10749,2023-04-03,2023-04,CUST-1331,PROD-108,EMP-1043,REG-02,Field Sales,26,43915.04,0.04,1096119.4,548731.95,547387.45,1008429.85,Completed
ORD-HG-10750,2023-04-04,2023-04,CUST-1054,PROD-122,EMP-1010,REG-01,Retail Store,5,22224.72,0.02,108901.13,54045.76,54855.37,100189.04,Completed
ORD-HG-10751,2023-04-04,2023-04,CUST-1360,PROD-101,EMP-1047,REG-05,Enterprise Partner,9,44368.93,0.03,387340.76,164850.03,222490.73,356353.5,Completed
ORD-HG-10752,2023-04-04,2023-04,CUST-1035,PROD-119,EMP-1002,REG-04,Retail Store,34,9966.89,0.05,321930.55,155224.66,166705.89,296176.11,Completed
ORD-HG-10753,2023-04-04,2023-04,CUST-1206,PROD-102,EMP-1045,REG-02,Direct Online,21,28426.16,0.04,573071.39,241611.22,331460.17,527225.68,Completed
ORD-HG-10754,2023-04-04,2023-04,CUST-1169,PROD-106,EMP-1025,REG-02,Retail Store,12,29834.06,0.02,350848.55,144736.59,206111.96,322780.67,Completed
ORD-HG-10755,2023-04-04,2023-04,CUST-1080,PROD-108,EMP-1018,REG-03,Retail Store,14,33256.07,0.04,446961.58,220235.5,226726.08,411204.65,Completed
ORD-HG-10756,2023-04-04,2023-04,CUST-1255,PROD-122,EMP-1020,REG-05,Retail Store,22,34685.94,0.04,732567.05,334110.08,398456.97,673961.69,Completed
ORD-HG-10757,2023-04-04,2023-04,CUST-1035,PROD-121,EMP-1007,REG-03,Retail Store,37,20928.21,0.01,766600.33,357478.99,409121.34,705272.3,Completed
ORD-HG-10758,2023-04-05,2023-04,CUST-1026,PROD-109,EMP-1001,REG-04,Enterprise Partner,25,43765.86,0.0,1094146.5,558039.0,536107.5,1006614.78,Completed
ORD-HG-10759,2023-04-05,2023-04,CUST-1431,PROD-113,EMP-1005,REG-04,Direct Online,9,26032.23,0.03,227261.37,108357.46,118903.91,209080.46,Completed
ORD-HG-10760,2023-04-05,2023-04,CUST-1102,PROD-107,EMP-1033,REG-01,Direct Online,7,32107.8,0.04,215764.42,116846.64,98917.78,198503.27,Completed
ORD-HG-10761,2023-04-05,2023-04,CUST-1421,PROD-112,EMP-1040,REG-03,Field Sales,5,40046.25,0.05,190219.69,87167.25,103052.44,175002.11,Completed
ORD-HG-10762,2023-04-05,2023-04,CUST-1238,PROD-112,EMP-1026,REG-05,Direct Online,24,9971.75,0.02,234535.56,125210.83,109324.73,215772.72,Completed
ORD-HG-10763,2023-04-05,2023-04,CUST-1251,PROD-122,EMP-1044,REG-04,Direct Online,42,20102.54,0.01,835863.61,447824.95,388038.66,768994.52,Completed
ORD-HG-10764,2023-04-05,2023-04,CUST-1434,PROD-114,EMP-1007,REG-03,Enterprise Partner,36,8332.08,0.03,290956.23,134176.69,156779.54,267679.73,Completed
ORD-HG-10765,2023-04-05,2023-04,CUST-1392,PROD-110,EMP-1002,REG-01,Direct Online,32,14620.76,0.02,458507.03,193861.05,264645.98,421826.47,Completed
ORD-HG-10766,2023-04-05,2023-04,CUST-1489,PROD-117,EMP-1035,REG-04,Retail Store,17,44354.78,0.01,746490.95,382879.11,363611.84,686771.67,Completed
ORD-HG-10767,2023-04-05,2023-04,CUST-1234,PROD-118,EMP-1033,REG-02,Enterprise Partner,41,9031.09,0.05,351760.96,149215.79,202545.17,323620.08,Completed
ORD-HG-10768,2023-04-05,2023-04,CUST-1317,PROD-103,EMP-1008,REG-03,Direct Online,33,38738.22,0.03,1240010.42,510215.47,729794.95,1140809.59,Completed
ORD-HG-10769,2023-04-05,2023-04,CUST-1487,PROD-112,EMP-1020,REG-03,Retail Store,33,21320.24,0.05,668389.52,292602.98,375786.54,614918.36,Completed
ORD-HG-10770,2023-04-06,2023-04,CUST-1133,PROD-123,EMP-1001,REG-05,Direct Online,20,41233.37,0.02,808174.05,359913.65,448260.4,743520.13,Completed
ORD-HG-10771,2023-04-06,2023-04,CUST-1359,PROD-123,EMP-1027,REG-04,Direct Online,7,23248.81,0.02,159486.84,63900.52,95586.32,146727.89,Completed
ORD-HG-10772,2023-04-06,2023-04,CUST-1249,PROD-124,EMP-1034,REG-04,Field Sales,41,24652.8,0.04,970334.21,441411.36,528922.85,892707.47,Completed
ORD-HG-10773,2023-04-06,2023-04,CUST-1151,PROD-103,EMP-1048,REG-03,Field Sales,37,29287.62,0.03,1051132.68,546283.98,504848.7,967042.07,Completed
ORD-HG-10774,2023-04-06,2023-04,CUST-1454,PROD-104,EMP-1031,REG-01,Field Sales,43,11519.52,0.04,475525.79,192028.29,283497.5,437483.73,Completed
ORD-HG-10775,2023-04-06,2023-04,CUST-1265,PROD-102,EMP-1014,REG-03,Retail Store,21,40295.14,0.01,837735.96,383812.31,453923.65,770717.08,Completed
ORD-HG-10776,2023-04-06,2023-04,CUST-1287,PROD-101,EMP-1028,REG-03,Retail Store,5,42070.16,0.05,199833.26,88741.9,111091.36,183846.6,Completed
ORD-HG-10777,2023-04-07,2023-04,CUST-1416,PROD-108,EMP-1020,REG-05,Retail Store,12,9565.99,0.03,111348.12,59114.27,52233.85,102440.27,Completed
ORD-HG-10778,2023-04-07,2023-04,CUST-1285,PROD-111,EMP-1012,REG-01,Retail Store,13,25404.89,0.05,313750.39,140535.91,173214.48,288650.36,Completed
ORD-HG-10779,2023-04-07,2023-04,CUST-1367,PROD-108,EMP-1032,REG-05,Enterprise Partner,42,8473.4,0.0,355882.8,167894.93,187987.87,327412.18,Completed
ORD-HG-10780,2023-04-07,2023-04,CUST-1073,PROD-108,EMP-1037,REG-01,Enterprise Partner,32,11544.35,0.03,358336.62,189001.89,169334.73,329669.69,Completed
ORD-HG-10781,2023-04-07,2023-04,CUST-1005,PROD-106,EMP-1010,REG-05,Direct Online,21,14999.68,0.03,305543.48,124268.87,181274.61,281100.0,Completed
ORD-HG-10782,2023-04-07,2023-04,CUST-1113,PROD-114,EMP-1029,REG-02,Retail Store,40,35007.87,0.03,1358305.36,738860.35,619445.01,1249640.93,Completed
ORD-HG-10783,2023-04-07,2023-04,CUST-1021,PROD-101,EMP-1027,REG-04,Retail Store,38,22502.71,0.0,855102.98,393204.2,461898.78,786694.74,Completed
ORD-HG-10784,2023-04-07,2023-04,CUST-1352,PROD-120,EMP-1013,REG-04,Retail Store,16,34619.59,0.04,531756.9,260282.15,271474.75,489216.35,Completed
ORD-HG-10785,2023-04-07,2023-04,CUST-1128,PROD-115,EMP-1040,REG-02,Enterprise Partner,35,31675.28,0.0,1108634.8,602880.17,505754.63,1019944.02,Completed
ORD-HG-10786,2023-04-07,2023-04,CUST-1282,PROD-102,EMP-1007,REG-04,Retail Store,12,10566.46,0.01,125529.54,56561.06,68968.48,115487.18,Completed
ORD-HG-10787,2023-04-08,2023-04,CUST-1104,PROD-113,EMP-1043,REG-04,Field Sales,33,11288.39,0.03,361341.36,192237.39,169103.97,332434.05,Completed
ORD-HG-10788,2023-04-08,2023-04,CUST-1374,PROD-123,EMP-1046,REG-02,Field Sales,28,40552.62,0.04,1090054.43,591253.49,498800.94,1002850.08,Completed
ORD-HG-10789,2023-04-08,2023-04,CUST-1310,PROD-111,EMP-1013,REG-04,Retail Store,43,38107.07,0.02,1605831.93,829682.57,776149.36,1477365.38,Completed
ORD-HG-10790,2023-04-08,2023-04,CUST-1366,PROD-119,EMP-1023,REG-04,Enterprise Partner,7,19383.95,0.04,130260.14,54030.45,76229.69,119839.33,Completed
ORD-HG-10791,2023-04-08,2023-04,CUST-1462,PROD-116,EMP-1013,REG-05,Enterprise Partner,42,24007.98,0.04,968001.75,495723.14,472278.61,890561.61,Completed
ORD-HG-10792,2023-04-08,2023-04,CUST-1102,PROD-105,EMP-1034,REG-04,Direct Online,17,35712.16,0.03,588893.52,315489.01,273404.51,541782.04,Completed
ORD-HG-10793,2023-04-08,2023-04,CUST-1000,PROD-118,EMP-1003,REG-04,Retail Store,44,8003.77,0.01,348644.22,177225.43,171418.79,320752.68,Completed
ORD-HG-10794,2023-04-08,2023-04,CUST-1351,PROD-113,EMP-1037,REG-04,Enterprise Partner,6,32349.4,0.01,192155.44,79071.01,113084.43,176783.0,Completed
ORD-HG-10795,2023-04-09,2023-04,CUST-1247,PROD-110,EMP-1023,REG-02,Enterprise Partner,16,6188.43,0.02,97034.58,39351.94,57682.64,89271.81,Completed
ORD-HG-10796,2023-04-09,2023-04,CUST-1103,PROD-120,EMP-1003,REG-02,Retail Store,5,36900.7,0.03,178968.4,75028.27,103940.13,164650.93,Completed
ORD-HG-10797,2023-04-09,2023-04,CUST-1129,PROD-121,EMP-1010,REG-05,Enterprise Partner,14,44443.11,0.03,603537.43,287419.4,316118.03,555254.44,Completed
ORD-HG-10798,2023-04-09,2023-04,CUST-1099,PROD-106,EMP-1005,REG-03,Direct Online,23,18473.14,0.02,416384.58,187427.7,228956.88,383073.81,Completed
ORD-HG-10799,2023-04-09,2023-04,CUST-1345,PROD-119,EMP-1006,REG-03,Retail Store,33,7865.1,0.02,254357.33,130826.47,123530.86,234008.74,Completed
ORD-HG-10800,2023-04-09,2023-04,CUST-1101,PROD-105,EMP-1035,REG-03,Retail Store,5,42365.17,0.03,205471.07,101334.04,104137.03,189033.38,Completed
ORD-HG-10801,2023-04-09,2023-04,CUST-1193,PROD-109,EMP-1018,REG-05,Retail Store,15,26898.63,0.02,395409.86,184130.21,211279.65,363777.07,Completed
ORD-HG-10802,2023-04-09,2023-04,CUST-1109,PROD-121,EMP-1033,REG-01,Field Sales,19,5834.36,0.01,109744.31,47492.85,62251.46,100964.77,Completed
ORD-HG-10803,2023-04-10,2023-04,CUST-1045,PROD-106,EMP-1020,REG-03,Direct Online,15,43673.16,0.02,641995.45,277643.53,364351.92,590635.81,Completed
ORD-HG-10804,2023-04-10,2023-04,CUST-1222,PROD-112,EMP-1003,REG-04,Direct Online,26,8643.23,0.03,217982.26,107024.32,110957.94,200543.68,Completed
ORD-HG-10805,2023-04-10,2023-04,CUST-1213,PROD-121,EMP-1032,REG-01,Field Sales,35,27542.19,0.04,925417.58,458697.66,466719.92,851384.17,Completed
ORD-HG-10806,2023-04-10,2023-04,CUST-1275,PROD-115,EMP-1033,REG-01,Enterprise Partner,10,5160.51,0.0,51605.1,21783.85,29821.25,47476.69,Completed
ORD-HG-10807,2023-04-10,2023-04,CUST-1407,PROD-101,EMP-1049,REG-02,Retail Store,38,5134.42,0.01,193156.88,103875.43,89281.45,177704.33,Completed
ORD-HG-10808,2023-04-10,2023-04,CUST-1180,PROD-118,EMP-1049,REG-01,Direct Online,12,9220.58,0.04,106221.08,57362.67,48858.41,97723.39,Completed
ORD-HG-10809,2023-04-10,2023-04,CUST-1150,PROD-120,EMP-1004,REG-02,Enterprise Partner,6,37407.48,0.0,224444.88,123288.25,101156.63,206489.29,Completed
ORD-HG-10810,2023-04-11,2023-04,CUST-1125,PROD-116,EMP-1018,REG-01,Direct Online,32,24773.64,0.03,768973.79,347954.53,421019.26,707455.89,Completed
ORD-HG-10811,2023-04-11,2023-04,CUST-1308,PROD-115,EMP-1014,REG-03,Field Sales,21,13389.98,0.03,272753.89,126292.8,146461.09,250933.58,Completed
ORD-HG-10812,2023-04-11,2023-04,CUST-1075,PROD-104,EMP-1026,REG-03,Retail Store,12,29495.16,0.0,353941.92,163191.63,190750.29,325626.57,Completed
ORD-HG-10813,2023-04-11,2023-04,CUST-1259,PROD-113,EMP-1007,REG-04,Enterprise Partner,8,35329.5,0.03,274156.92,143575.6,130581.32,252224.37,Completed
ORD-HG-10814,2023-04-11,2023-04,CUST-1474,PROD-102,EMP-1002,REG-05,Enterprise Partner,37,42904.77,0.0,1587476.49,677998.08,909478.41,1460478.37,Completed
ORD-HG-10815,2023-04-12,2023-04,CUST-1204,PROD-121,EMP-1007,REG-01,Direct Online,24,33295.26,0.03,775113.65,345153.06,429960.59,713104.56,Completed
ORD-HG-10816,2023-04-12,2023-04,CUST-1153,PROD-115,EMP-1009,REG-02,Field Sales,13,12148.48,0.03,153192.33,78714.88,74477.45,140936.94,Completed
ORD-HG-10817,2023-04-12,2023-04,CUST-1204,PROD-116,EMP-1011,REG-01,Field Sales,10,29956.67,0.05,284588.36,120390.3,164198.06,261821.29,Completed
ORD-HG-10818,2023-04-12,2023-04,CUST-1410,PROD-111,EMP-1040,REG-04,Retail Store,42,29705.05,0.02,1222659.86,489487.79,733172.07,1124847.07,Completed
ORD-HG-10819,2023-04-12,2023-04,CUST-1363,PROD-108,EMP-1043,REG-04,Enterprise Partner,12,26082.83,0.02,306734.08,167442.32,139291.76,282195.35,Completed
ORD-HG-10820,2023-04-12,2023-04,CUST-1269,PROD-118,EMP-1047,REG-01,Field Sales,8,16683.52,0.02,130798.8,58186.95,72611.85,120334.9,Completed
ORD-HG-10821,2023-04-12,2023-04,CUST-1026,PROD-104,EMP-1045,REG-03,Enterprise Partner,24,28576.98,0.03,665272.09,358834.45,306437.64,612050.32,Completed
ORD-HG-10822,2023-04-12,2023-04,CUST-1305,PROD-122,EMP-1026,REG-05,Field Sales,14,34354.34,0.03,466531.94,242074.98,224456.96,429209.38,Completed
ORD-HG-10823,2023-04-12,2023-04,CUST-1229,PROD-107,EMP-1029,REG-05,Field Sales,21,37800.15,0.02,777927.09,382656.78,395270.31,715692.92,Completed
ORD-HG-10824,2023-04-12,2023-04,CUST-1060,PROD-109,EMP-1010,REG-01,Direct Online,25,24301.8,0.02,595394.1,250846.12,344547.98,547762.57,Completed
ORD-HG-10825,2023-04-12,2023-04,CUST-1365,PROD-116,EMP-1034,REG-03,Direct Online,22,28666.61,0.04,605438.8,321722.15,283716.65,557003.7,Completed
ORD-HG-10826,2023-04-13,2023-04,CUST-1394,PROD-104,EMP-1046,REG-01,Retail Store,41,27622.5,0.01,1121197.27,502095.35,619101.92,1031501.49,Completed
ORD-HG-10827,2023-04-13,2023-04,CUST-1148,PROD-104,EMP-1040,REG-05,Direct Online,25,10987.18,0.04,263692.32,127460.16,136232.16,242596.93,Completed
ORD-HG-10828,2023-04-13,2023-04,CUST-1325,PROD-124,EMP-1003,REG-01,Enterprise Partner,41,34308.2,0.01,1392569.84,573167.01,819402.83,1281164.25,Completed
ORD-HG-10829,2023-04-13,2023-04,CUST-1177,PROD-114,EMP-1032,REG-04,Direct Online,30,41661.26,0.01,1237339.42,598907.9,638431.52,1138352.27,Completed
ORD-HG-10830,2023-04-13,2023-04,CUST-1480,PROD-108,EMP-1044,REG-01,Retail Store,11,5904.83,0.05,61705.47,32946.65,28758.82,56769.03,Completed
ORD-HG-10831,2023-04-13,2023-04,CUST-1293,PROD-123,EMP-1004,REG-03,Retail Store,5,6534.56,0.04,31365.89,14561.36,16804.53,28856.62,Completed
ORD-HG-10832,2023-04-13,2023-04,CUST-1140,PROD-121,EMP-1017,REG-04,Field Sales,21,25690.71,0.05,512529.66,265762.98,246766.68,471527.29,Completed
ORD-HG-10833,2023-04-13,2023-04,CUST-1245,PROD-105,EMP-1038,REG-01,Direct Online,43,6199.42,0.01,263909.31,111734.57,152174.74,242796.57,Completed
ORD-HG-10834,2023-04-13,2023-04,CUST-1482,PROD-103,EMP-1015,REG-01,Retail Store,24,23238.45,0.01,552145.57,279707.25,272438.32,507973.92,Completed
ORD-HG-10835,2023-04-13,2023-04,CUST-1313,PROD-117,EMP-1036,REG-02,Enterprise Partner,27,26201.64,0.02,693295.39,379976.27,313319.12,637831.76,Completed
ORD-HG-10836,2023-04-14,2023-04,CUST-1307,PROD-103,EMP-1020,REG-01,Direct Online,22,22606.96,0.01,492379.59,232921.22,259458.37,452989.22,Completed
ORD-HG-10837,2023-04-14,2023-04,CUST-1077,PROD-109,EMP-1002,REG-02,Enterprise Partner,10,22942.14,0.05,217950.33,89729.27,128221.06,200514.3,Completed
ORD-HG-10838,2023-04-14,2023-04,CUST-1249,PROD-109,EMP-1003,REG-03,Direct Online,6,27767.16,0.04,159938.84,77505.42,82433.42,147143.73,Completed
ORD-HG-10839,2023-04-14,2023-04,CUST-1462,PROD-116,EMP-1008,REG-04,Retail Store,18,12169.76,0.02,214674.57,116626.16,98048.41,197500.6,Completed
ORD-HG-10840,2023-04-14,2023-04,CUST-1348,PROD-105,EMP-1005,REG-04,Field Sales,9,44691.12,0.03,390153.48,212792.97,177360.51,358941.2,Completed
ORD-HG-10841,2023-04-14,2023-04,CUST-1242,PROD-120,EMP-1033,REG-04,Direct Online,30,12628.01,0.02,371263.49,148836.46,222427.03,341562.41,Completed
ORD-HG-10842,2023-04-14,2023-04,CUST-1002,PROD-112,EMP-1024,REG-05,Field Sales,15,40829.3,0.03,594066.31,285750.66,308315.65,546541.01,Completed
ORD-HG-10843,2023-04-15,2023-04,CUST-1213,PROD-112,EMP-1043,REG-05,Enterprise Partner,16,26001.91,0.04,399389.34,170035.9,229353.44,367438.19,Completed
ORD-HG-10844,2023-04-15,2023-04,CUST-1223,PROD-122,EMP-1010,REG-05,Field Sales,30,16599.44,0.02,488023.54,204243.68,283779.86,448981.66,Completed
ORD-HG-10845,2023-04-15,2023-04,CUST-1437,PROD-115,EMP-1048,REG-04,Retail Store,20,16173.09,0.03,313757.95,125900.66,187857.29,288657.31,Completed
ORD-HG-10846,2023-04-15,2023-04,CUST-1364,PROD-101,EMP-1034,REG-01,Field Sales,30,17316.34,0.02,509100.4,226763.21,282337.19,468372.37,Completed
ORD-HG-10847,2023-04-15,2023-04,CUST-1118,PROD-120,EMP-1042,REG-01,Direct Online,21,20704.18,0.02,426092.02,214299.22,211792.8,392004.66,Completed
ORD-HG-10848,2023-04-15,2023-04,CUST-1287,PROD-117,EMP-1038,REG-02,Field Sales,36,11209.9,0.02,395485.27,214184.81,181300.46,363846.45,Completed
ORD-HG-10849,2023-04-15,2023-04,CUST-1297,PROD-107,EMP-1008,REG-05,Direct Online,28,10986.92,0.02,301481.08,147938.35,153542.73,277362.59,Completed
ORD-HG-10850,2023-04-16,2023-04,CUST-1039,PROD-105,EMP-1030,REG-04,Retail Store,43,27609.68,0.05,1127855.43,491734.41,636121.02,1037627.0,Completed
ORD-HG-10851,2023-04-16,2023-04,CUST-1412,PROD-111,EMP-1049,REG-05,Retail Store,12,16884.58,0.04,194510.36,85384.74,109125.62,178949.53,Completed
ORD-HG-10852,2023-04-16,2023-04,CUST-1288,PROD-120,EMP-1031,REG-03,Enterprise Partner,43,36561.06,0.01,1556404.32,685876.51,870527.81,1431891.97,Completed
ORD-HG-10853,2023-04-16,2023-04,CUST-1013,PROD-101,EMP-1048,REG-01,Direct Online,36,12075.3,0.04,417322.37,176790.3,240532.07,383936.58,Completed
ORD-HG-10854,2023-04-16,2023-04,CUST-1496,PROD-113,EMP-1012,REG-02,Field Sales,25,39451.12,0.05,936964.1,397953.48,539010.62,862006.97,Completed
ORD-HG-10855,2023-04-16,2023-04,CUST-1108,PROD-120,EMP-1008,REG-04,Field Sales,44,25727.48,0.01,1120689.03,540346.65,580342.38,1031033.91,Completed
ORD-HG-10856,2023-04-16,2023-04,CUST-1233,PROD-124,EMP-1040,REG-02,Enterprise Partner,13,22936.41,0.04,286246.4,131921.96,154324.44,263346.69,Completed
ORD-HG-10857,2023-04-16,2023-04,CUST-1035,PROD-121,EMP-1037,REG-02,Enterprise Partner,16,35693.07,0.04,548245.56,265128.67,283116.89,504385.92,Completed
ORD-HG-10858,2023-04-17,2023-04,CUST-1028,PROD-124,EMP-1036,REG-05,Field Sales,21,22066.57,0.04,444862.05,196096.39,248765.66,409273.09,Completed
ORD-HG-10859,2023-04-17,2023-04,CUST-1413,PROD-102,EMP-1025,REG-05,Enterprise Partner,15,8156.09,0.01,121117.94,57736.19,63381.75,111428.5,Completed
ORD-HG-10860,2023-04-17,2023-04,CUST-1442,PROD-120,EMP-1044,REG-05,Enterprise Partner,23,20161.25,0.04,445160.4,207744.97,237415.43,409547.57,Completed
ORD-HG-10861,2023-04-17,2023-04,CUST-1367,PROD-101,EMP-1030,REG-04,Retail Store,20,26132.68,0.0,522653.6,243506.08,279147.52,480841.31,Completed
ORD-HG-10862,2023-04-17,2023-04,CUST-1432,PROD-108,EMP-1049,REG-01,Enterprise Partner,11,19194.05,0.02,206911.86,83441.78,123470.08,190358.91,Completed
ORD-HG-10863,2023-04-17,2023-04,CUST-1267,PROD-116,EMP-1014,REG-04,Enterprise Partner,7,11384.75,0.01,78896.32,39373.8,39522.52,72584.61,Completed
ORD-HG-10864,2023-04-17,2023-04,CUST-1226,PROD-105,EMP-1046,REG-04,Direct Online,36,11690.46,0.01,416647.99,178112.17,238535.82,383316.15,Completed
ORD-HG-10865,2023-04-17,2023-04,CUST-1492,PROD-110,EMP-1021,REG-01,Direct Online,12,5156.86,0.01,61263.5,30164.07,31099.43,56362.42,Completed
ORD-HG-10866,2023-04-17,2023-04,CUST-1106,PROD-107,EMP-1047,REG-03,Direct Online,8,33077.3,0.02,259326.03,123785.53,135540.5,238579.95,Completed
ORD-HG-10867,2023-04-17,2023-04,CUST-1343,PROD-107,EMP-1046,REG-04,Retail Store,36,18966.55,0.02,669139.88,350054.42,319085.46,615608.69,Completed
ORD-HG-10868,2023-04-17,2023-04,CUST-1128,PROD-119,EMP-1049,REG-04,Retail Store,26,11442.3,0.01,294524.8,159479.92,135044.88,270962.82,Completed
ORD-HG-10869,2023-04-18,2023-04,CUST-1151,PROD-107,EMP-1043,REG-03,Direct Online,15,31591.23,0.01,469129.77,251967.35,217162.42,431599.39,Completed
ORD-HG-10870,2023-04-18,2023-04,CUST-1162,PROD-113,EMP-1020,REG-05,Direct Online,38,28369.26,0.01,1067251.56,477781.94,589469.62,981871.44,Completed
ORD-HG-10871,2023-04-18,2023-04,CUST-1337,PROD-102,EMP-1043,REG-03,Direct Online,23,24783.65,0.01,564323.71,273775.78,290547.93,519177.81,Completed
ORD-HG-10872,2023-04-18,2023-04,CUST-1310,PROD-118,EMP-1008,REG-03,Field Sales,27,44902.54,0.03,1175997.52,632240.21,543757.31,1081917.72,Completed
ORD-HG-10873,2023-04-18,2023-04,CUST-1026,PROD-105,EMP-1013,REG-04,Retail Store,18,27034.84,0.04,467162.04,237904.06,229257.98,429789.08,Completed
ORD-HG-10874,2023-04-18,2023-04,CUST-1142,PROD-113,EMP-1028,REG-05,Direct Online,28,28932.12,0.01,801998.37,376245.75,425752.62,737838.5,Completed
ORD-HG-10875,2023-04-18,2023-04,CUST-1347,PROD-120,EMP-1002,REG-03,Field Sales,38,11989.56,0.03,441935.18,196214.57,245720.61,406580.37,Completed
ORD-HG-10876,2023-04-18,2023-04,CUST-1172,PROD-117,EMP-1026,REG-03,Direct Online,30,17253.95,0.01,512442.32,240953.1,271489.22,471446.93,Completed
ORD-HG-10877,2023-04-18,2023-04,CUST-1220,PROD-104,EMP-1046,REG-02,Field Sales,34,40384.53,0.01,1359343.28,741720.36,617622.92,1250595.82,Completed
ORD-HG-10878,2023-04-18,2023-04,CUST-1312,PROD-124,EMP-1027,REG-04,Enterprise Partner,16,6828.69,0.01,108166.45,57573.32,50593.13,99513.13,Completed
ORD-HG-10879,2023-04-18,2023-04,CUST-1403,PROD-105,EMP-1018,REG-01,Direct Online,15,36657.68,0.02,538867.9,223288.47,315579.43,495758.47,Completed
ORD-HG-10880,2023-04-18,2023-04,CUST-1350,PROD-117,EMP-1041,REG-02,Field Sales,32,21030.85,0.02,659527.46,358586.17,300941.29,606765.26,Completed
ORD-HG-10881,2023-04-19,2023-04,CUST-1064,PROD-101,EMP-1016,REG-04,Retail Store,24,12853.55,0.03,299230.64,132500.87,166729.77,275292.19,Completed
ORD-HG-10882,2023-04-19,2023-04,CUST-1320,PROD-109,EMP-1039,REG-03,Direct Online,35,34202.07,0.01,1185101.73,541315.05,643786.68,1090293.59,Completed
ORD-HG-10883,2023-04-19,2023-04,CUST-1375,PROD-116,EMP-1045,REG-01,Direct Online,42,20722.9,0.02,852954.56,460907.68,392046.88,784718.2,Completed
ORD-HG-10884,2023-04-19,2023-04,CUST-1415,PROD-112,EMP-1003,REG-03,Retail Store,38,12740.96,0.02,474473.35,213742.51,260730.84,436515.48,Completed
ORD-HG-10885,2023-04-19,2023-04,CUST-1493,PROD-122,EMP-1005,REG-04,Retail Store,22,27119.8,0.05,566803.82,298802.83,268000.99,521459.51,Completed
ORD-HG-10886,2023-04-19,2023-04,CUST-1094,PROD-104,EMP-1038,REG-04,Retail Store,28,27619.58,0.01,765614.76,380003.78,385610.98,704365.58,Completed
ORD-HG-10887,2023-04-19,2023-04,CUST-1179,PROD-112,EMP-1020,REG-03,Field Sales,32,43748.5,0.03,1357953.44,733613.2,624340.24,1249317.16,Completed
ORD-HG-10888,2023-04-19,2023-04,CUST-1166,PROD-113,EMP-1027,REG-04,Field Sales,22,30773.38,0.02,663474.07,275713.43,387760.64,610396.14,Completed
ORD-HG-10889,2023-04-19,2023-04,CUST-1109,PROD-104,EMP-1021,REG-05,Retail Store,17,15515.7,0.0,263766.9,130476.57,133290.33,242665.55,Completed
ORD-HG-10890,2023-04-19,2023-04,CUST-1430,PROD-110,EMP-1026,REG-01,Enterprise Partner,26,15538.13,0.03,391871.64,160533.63,231338.01,360521.91,Completed
ORD-HG-10891,2023-04-19,2023-04,CUST-1399,PROD-103,EMP-1019,REG-03,Enterprise Partner,15,40010.32,0.0,600154.8,276603.84,323550.96,552142.42,Completed
ORD-HG-10892,2023-04-19,2023-04,CUST-1113,PROD-112,EMP-1031,REG-04,Enterprise Partner,5,11584.75,0.02,56765.28,24351.37,32413.91,52224.06,Completed
ORD-HG-10893,2023-04-19,2023-04,CUST-1253,PROD-105,EMP-1032,REG-01,Direct Online,22,12554.86,0.05,262396.57,143698.9,118697.67,241404.84,Completed
ORD-HG-10894,2023-04-19,2023-04,CUST-1138,PROD-124,EMP-1017,REG-04,Direct Online,17,31037.76,0.04,506536.24,226868.41,279667.83,466013.34,Completed
ORD-HG-10895,2023-04-20,2023-04,CUST-1473,PROD-103,EMP-1048,REG-03,Field Sales,39,37210.84,0.03,1407686.08,626459.85,781226.23,1295071.19,Completed
ORD-HG-10896,2023-04-20,2023-04,CUST-1241,PROD-107,EMP-1042,REG-02,Enterprise Partner,10,16337.24,0.01,161738.68,81187.48,80551.2,148799.59,Completed
ORD-HG-10897,2023-04-20,2023-04,CUST-1388,PROD-113,EMP-1018,REG-01,Retail Store,13,25404.03,0.04,317042.29,173023.83,144018.46,291678.91,Completed
ORD-HG-10898,2023-04-20,2023-04,CUST-1128,PROD-114,EMP-1007,REG-02,Enterprise Partner,32,15468.4,0.04,475189.25,193643.77,281545.48,437174.11,Completed
ORD-HG-10899,2023-04-21,2023-04,CUST-1312,PROD-109,EMP-1021,REG-03,Direct Online,32,34551.07,0.04,1061408.87,477250.3,584158.57,976496.16,Completed
ORD-HG-10900,2023-04-21,2023-04,CUST-1221,PROD-121,EMP-1019,REG-05,Field Sales,43,6375.96,0.02,268682.95,140448.27,128234.68,247188.31,Completed
ORD-HG-10901,2023-04-21,2023-04,CUST-1385,PROD-101,EMP-1007,REG-05,Retail Store,41,36174.43,0.01,1468320.11,775386.73,692933.38,1350854.5,Completed
ORD-HG-10902,2023-04-21,2023-04,CUST-1255,PROD-113,EMP-1006,REG-04,Direct Online,13,22823.88,0.05,281874.92,147032.85,134842.07,259324.93,Completed
ORD-HG-10903,2023-04-21,2023-04,CUST-1381,PROD-123,EMP-1044,REG-03,Direct Online,9,33915.19,0.04,293027.24,132333.64,160693.6,269585.06,Completed
ORD-HG-10904,2023-04-21,2023-04,CUST-1332,PROD-114,EMP-1011,REG-04,Field Sales,37,44184.33,0.01,1618472.01,730595.41,887876.6,1488994.25,Completed
ORD-HG-10905,2023-04-21,2023-04,CUST-1148,PROD-109,EMP-1013,REG-01,Direct Online,18,35638.46,0.0,641492.28,268008.76,373483.52,590172.9,Completed
ORD-HG-10906,2023-04-21,2023-04,CUST-1042,PROD-106,EMP-1041,REG-05,Field Sales,42,32046.72,0.01,1332502.62,654588.89,677913.73,1225902.41,Completed
ORD-HG-10907,2023-04-21,2023-04,CUST-1470,PROD-120,EMP-1028,REG-01,Field Sales,9,11098.63,0.01,98888.79,52012.09,46876.7,90977.69,Completed
ORD-HG-10908,2023-04-21,2023-04,CUST-1349,PROD-124,EMP-1013,REG-04,Direct Online,43,40089.98,0.03,1672153.07,806847.54,865305.53,1538380.82,Completed
ORD-HG-10909,2023-04-21,2023-04,CUST-1058,PROD-111,EMP-1019,REG-03,Enterprise Partner,37,11412.08,0.04,405357.08,193729.79,211627.29,372928.51,Completed
ORD-HG-10910,2023-04-21,2023-04,CUST-1477,PROD-108,EMP-1032,REG-05,Retail Store,7,12685.37,0.03,86133.66,44851.05,41282.61,79242.97,Completed
ORD-HG-10911,2023-04-21,2023-04,CUST-1384,PROD-124,EMP-1040,REG-04,Field Sales,22,27734.3,0.04,585748.42,240991.03,344757.39,538888.55,Completed
ORD-HG-10912,2023-04-21,2023-04,CUST-1483,PROD-124,EMP-1036,REG-02,Direct Online,42,7003.09,0.02,288247.18,153497.42,134749.76,265187.41,Completed
ORD-HG-10913,2023-04-21,2023-04,CUST-1321,PROD-104,EMP-1014,REG-01,Enterprise Partner,43,24256.98,0.02,1022189.14,503127.87,519061.27,940414.01,Completed
ORD-HG-10914,2023-04-21,2023-04,CUST-1049,PROD-120,EMP-1044,REG-05,Enterprise Partner,36,28175.62,0.04,973749.43,445110.4,528639.03,895849.48,Completed
ORD-HG-10915,2023-04-22,2023-04,CUST-1173,PROD-122,EMP-1015,REG-02,Field Sales,39,17883.08,0.0,697440.12,378777.92,318662.2,641644.91,Completed
ORD-HG-10916,2023-04-22,2023-04,CUST-1105,PROD-114,EMP-1020,REG-05,Direct Online,42,13537.99,0.01,562909.62,272303.2,290606.42,517876.85,Completed
ORD-HG-10917,2023-04-22,2023-04,CUST-1421,PROD-121,EMP-1049,REG-04,Direct Online,32,44918.84,0.02,1408654.82,615280.33,793374.49,1295962.43,Completed
ORD-HG-10918,2023-04-22,2023-04,CUST-1093,PROD-113,EMP-1013,REG-01,Field Sales,38,18076.8,0.01,680049.22,291127.39,388921.83,625645.28,Completed
ORD-HG-10919,2023-04-22,2023-04,CUST-1444,PROD-117,EMP-1045,REG-05,Field Sales,26,13027.54,0.03,328554.56,180516.08,148038.48,302270.2,Completed
ORD-HG-10920,2023-04-22,2023-04,CUST-1325,PROD-116,EMP-1048,REG-04,Field Sales,35,14300.36,0.02,490502.35,226651.35,263851.0,451262.16,Completed
ORD-HG-10921,2023-04-22,2023-04,CUST-1006,PROD-105,EMP-1010,REG-01,Direct Online,36,37500.42,0.03,1309514.67,591065.75,718448.92,1204753.5,Completed
ORD-HG-10922,2023-04-23,2023-04,CUST-1461,PROD-103,EMP-1005,REG-05,Direct Online,16,19423.66,0.01,307670.77,128743.26,178927.51,283057.11,Completed
ORD-HG-10923,2023-04-23,2023-04,CUST-1471,PROD-108,EMP-1034,REG-01,Enterprise Partner,29,8796.39,0.03,247442.45,110107.58,137334.87,227647.05,Completed
ORD-HG-10924,2023-04-23,2023-04,CUST-1033,PROD-101,EMP-1026,REG-04,Field Sales,36,24068.61,0.0,866469.96,367600.72,498869.24,797152.36,Completed
ORD-HG-10925,2023-04-23,2023-04,CUST-1088,PROD-106,EMP-1006,REG-05,Enterprise Partner,15,23187.83,0.05,330426.58,158431.83,171994.75,303992.45,Completed
ORD-HG-10926,2023-04-23,2023-04,CUST-1215,PROD-101,EMP-1003,REG-01,Retail Store,18,18968.95,0.04,327783.46,148389.72,179393.74,301560.78,Completed
ORD-HG-10927,2023-04-24,2023-04,CUST-1241,PROD-107,EMP-1032,REG-03,Enterprise Partner,34,10027.61,0.05,323891.8,148155.39,175736.41,297980.46,Completed
ORD-HG-10928,2023-04-24,2023-04,CUST-1192,PROD-108,EMP-1002,REG-04,Enterprise Partner,32,37788.07,0.03,1172941.69,616973.21,555968.48,1079106.35,Completed
ORD-HG-10929,2023-04-24,2023-04,CUST-1343,PROD-113,EMP-1044,REG-03,Retail Store,24,7376.93,0.03,171734.93,68749.04,102985.89,157996.14,Completed
ORD-HG-10930,2023-04-24,2023-04,CUST-1439,PROD-112,EMP-1035,REG-02,Field Sales,12,37993.42,0.04,437684.2,178050.74,259633.46,402669.46,Completed
ORD-HG-10931,2023-04-24,2023-04,CUST-1253,PROD-115,EMP-1006,REG-03,Retail Store,14,24523.14,0.01,339890.72,147255.58,192635.14,312699.46,Completed
ORD-HG-10932,2023-04-25,2023-04,CUST-1161,PROD-102,EMP-1041,REG-05,Retail Store,21,24756.28,0.01,514683.06,241375.36,273307.7,473508.42,Completed
ORD-HG-10933,2023-04-25,2023-04,CUST-1062,PROD-117,EMP-1014,REG-03,Field Sales,34,34568.18,0.03,1140058.58,512317.7,627740.88,1048853.89,Completed
ORD-HG-10934,2023-04-25,2023-04,CUST-1208,PROD-116,EMP-1041,REG-02,Enterprise Partner,17,12467.68,0.02,207711.55,86020.66,121690.89,191094.63,Completed
ORD-HG-10935,2023-04-25,2023-04,CUST-1178,PROD-121,EMP-1030,REG-05,Field Sales,30,29486.46,0.04,849210.05,342878.86,506331.19,781273.25,Completed
ORD-HG-10936,2023-04-26,2023-04,CUST-1023,PROD-107,EMP-1025,REG-02,Direct Online,5,26120.19,0.05,124070.9,53840.09,70230.81,114145.23,Completed
ORD-HG-10937,2023-04-26,2023-04,CUST-1145,PROD-113,EMP-1002,REG-02,Direct Online,5,19603.29,0.03,95075.96,42312.97,52762.99,87469.88,Completed
ORD-HG-10938,2023-04-26,2023-04,CUST-1354,PROD-124,EMP-1046,REG-02,Enterprise Partner,9,33293.32,0.01,296643.48,122067.83,174575.65,272912.0,Completed
ORD-HG-10939,2023-04-26,2023-04,CUST-1497,PROD-108,EMP-1033,REG-03,Enterprise Partner,14,18926.3,0.02,259668.84,125004.75,134664.09,238895.33,Completed
ORD-HG-10940,2023-04-26,2023-04,CUST-1017,PROD-105,EMP-1010,REG-04,Direct Online,11,31546.31,0.03,336599.13,164804.11,171795.02,309671.2,Completed
ORD-HG-10941,2023-04-26,2023-04,CUST-1398,PROD-109,EMP-1047,REG-03,Direct Online,6,28572.28,0.01,169719.34,88698.13,81021.21,156141.79,Completed
ORD-HG-10942,2023-04-26,2023-04,CUST-1469,PROD-116,EMP-1013,REG-01,Enterprise Partner,44,35347.13,0.02,1524168.25,610452.46,913715.79,1402234.79,Completed
ORD-HG-10943,2023-04-27,2023-04,CUST-1414,PROD-110,EMP-1035,REG-03,Direct Online,13,26120.2,0.02,332771.35,137824.9,194946.45,306149.64,Completed
ORD-HG-10944,2023-04-27,2023-04,CUST-1104,PROD-114,EMP-1026,REG-02,Field Sales,23,40409.63,0.02,910833.06,403944.49,506888.57,837966.42,Completed
ORD-HG-10945,2023-04-27,2023-04,CUST-1139,PROD-103,EMP-1014,REG-02,Field Sales,34,12673.76,0.04,413671.53,218510.54,195160.99,380577.81,Completed
ORD-HG-10946,2023-04-27,2023-04,CUST-1029,PROD-106,EMP-1001,REG-04,Direct Online,21,25968.06,0.05,518062.8,280382.43,237680.37,476617.78,Completed
ORD-HG-10947,2023-04-27,2023-04,CUST-1334,PROD-120,EMP-1029,REG-05,Retail Store,20,9552.56,0.05,181498.64,94324.51,87174.13,166978.75,Completed
ORD-HG-10948,2023-04-27,2023-04,CUST-1313,PROD-124,EMP-1001,REG-01,Direct Online,27,11981.8,0.04,310568.26,145682.51,164885.75,285722.8,Completed
ORD-HG-10949,2023-04-28,2023-04,CUST-1444,PROD-117,EMP-1024,REG-01,Enterprise Partner,18,21412.42,0.02,377715.09,175032.98,202682.11,347497.88,Completed
ORD-HG-10950,2023-04-28,2023-04,CUST-1179,PROD-123,EMP-1010,REG-05,Direct Online,43,12139.03,0.01,516758.51,260026.55,256731.96,475417.83,Completed
ORD-HG-10951,2023-04-28,2023-04,CUST-1163,PROD-103,EMP-1006,REG-03,Direct Online,9,32654.19,0.02,288009.96,158009.28,130000.68,264969.16,Completed
ORD-HG-10952,2023-04-28,2023-04,CUST-1259,PROD-104,EMP-1026,REG-05,Field Sales,8,7531.54,0.04,57842.23,29170.08,28672.15,53214.85,Completed
ORD-HG-10953,2023-04-28,2023-04,CUST-1470,PROD-122,EMP-1029,REG-01,Direct Online,12,35750.84,0.01,424719.98,202538.86,222181.12,390742.38,Completed
ORD-HG-10954,2023-04-28,2023-04,CUST-1161,PROD-117,EMP-1004,REG-03,Field Sales,40,16493.9,0.04,633365.76,268072.42,365293.34,582696.5,Completed
ORD-HG-10955,2023-04-29,2023-04,CUST-1123,PROD-119,EMP-1041,REG-01,Field Sales,19,13384.51,0.01,251762.63,137594.34,114168.29,231621.62,Completed
ORD-HG-10956,2023-04-29,2023-04,CUST-1427,PROD-122,EMP-1049,REG-01,Enterprise Partner,16,7904.61,0.02,123944.28,64692.64,59251.64,114028.74,Completed
ORD-HG-10957,2023-04-29,2023-04,CUST-1305,PROD-105,EMP-1015,REG-02,Enterprise Partner,15,35070.91,0.01,520803.01,242379.78,278423.23,479138.77,Completed
ORD-HG-10958,2023-04-29,2023-04,CUST-1261,PROD-111,EMP-1025,REG-05,Retail Store,16,40502.05,0.01,641552.47,312294.02,329258.45,590228.27,Completed
ORD-HG-10959,2023-04-29,2023-04,CUST-1068,PROD-123,EMP-1005,REG-05,Retail Store,43,16686.28,0.02,703159.84,300248.68,402911.16,646907.05,Completed
ORD-HG-10960,2023-04-30,2023-04,CUST-1275,PROD-109,EMP-1004,REG-05,Field Sales,33,12300.48,0.03,393738.36,202873.55,190864.81,362239.29,Completed
ORD-HG-10961,2023-04-30,2023-04,CUST-1126,PROD-121,EMP-1027,REG-04,Retail Store,10,39537.13,0.0,395371.3,208463.86,186907.44,363741.6,Completed
ORD-HG-10962,2023-04-30,2023-04,CUST-1449,PROD-108,EMP-1013,REG-05,Retail Store,17,12013.2,0.02,200139.91,87218.83,112921.08,184128.72,Completed
ORD-HG-10963,2023-04-30,2023-04,CUST-1258,PROD-109,EMP-1003,REG-03,Field Sales,42,38377.61,0.03,1563503.83,648676.89,914826.94,1438423.52,Completed
ORD-HG-10964,2023-04-30,2023-04,CUST-1116,PROD-103,EMP-1032,REG-03,Direct Online,9,25923.21,0.03,226309.62,112807.34,113502.28,208204.85,Completed
ORD-HG-10965,2023-04-30,2023-04,CUST-1367,PROD-114,EMP-1033,REG-01,Retail Store,42,34650.5,0.04,1397108.16,679551.98,717556.18,1285339.51,Completed
ORD-HG-10966,2023-04-30,2023-04,CUST-1178,PROD-119,EMP-1030,REG-04,Retail Store,18,32368.81,0.01,576812.19,275270.36,301541.83,530667.21,Completed
ORD-HG-10967,2023-04-30,2023-04,CUST-1032,PROD-109,EMP-1001,REG-02,Retail Store,24,28897.41,0.02,679667.08,286720.47,392946.61,625293.71,Completed
ORD-HG-10968,2023-04-30,2023-04,CUST-1244,PROD-124,EMP-1013,REG-04,Enterprise Partner,36,14888.37,0.02,525261.69,281450.83,243810.86,483240.75,Completed
ORD-HG-10969,2023-04-30,2023-04,CUST-1265,PROD-113,EMP-1006,REG-01,Retail Store,12,37295.11,0.01,443065.91,217550.22,225515.69,407620.64,Completed
ORD-HG-10970,2023-04-30,2023-04,CUST-1039,PROD-117,EMP-1012,REG-04,Direct Online,26,29235.49,0.04,729717.83,315177.56,414540.27,671340.4,Completed
ORD-HG-10971,2023-05-01,2023-05,CUST-1367,PROD-105,EMP-1002,REG-01,Field Sales,24,20642.05,0.03,480546.92,251729.27,228817.65,442103.17,Completed
ORD-HG-10972,2023-05-01,2023-05,CUST-1469,PROD-124,EMP-1046,REG-01,Retail Store,24,6949.66,0.04,160120.17,70109.82,90010.35,147310.56,Completed
ORD-HG-10973,2023-05-01,2023-05,CUST-1172,PROD-111,EMP-1031,REG-01,Retail Store,11,33613.52,0.04,354958.77,160405.72,194553.05,326562.07,Completed
ORD-HG-10974,2023-05-01,2023-05,CUST-1257,PROD-118,EMP-1005,REG-04,Enterprise Partner,28,36890.96,0.01,1022617.41,445739.67,576877.74,940808.02,Completed
ORD-HG-10975,2023-05-01,2023-05,CUST-1038,PROD-122,EMP-1006,REG-01,Field Sales,40,5552.6,0.03,215440.88,88424.26,127016.62,198205.61,Completed
ORD-HG-10976,2023-05-01,2023-05,CUST-1147,PROD-104,EMP-1043,REG-05,Enterprise Partner,16,15177.28,0.03,235551.39,116474.93,119076.46,216707.28,Completed
ORD-HG-10977,2023-05-01,2023-05,CUST-1132,PROD-117,EMP-1021,REG-02,Enterprise Partner,44,41421.56,0.03,1767872.18,944173.78,823698.4,1626442.41,Completed
ORD-HG-10978,2023-05-01,2023-05,CUST-1302,PROD-112,EMP-1009,REG-05,Enterprise Partner,20,38307.35,0.01,758485.53,362776.76,395708.77,697806.69,Completed
ORD-HG-10979,2023-05-02,2023-05,CUST-1236,PROD-102,EMP-1030,REG-02,Field Sales,44,30190.2,0.03,1288517.74,539254.92,749262.82,1185436.32,Completed
ORD-HG-10980,2023-05-02,2023-05,CUST-1480,PROD-105,EMP-1017,REG-01,Retail Store,29,18095.68,0.0,524774.72,243893.04,280881.68,482792.74,Completed
ORD-HG-10981,2023-05-02,2023-05,CUST-1262,PROD-105,EMP-1010,REG-01,Field Sales,34,21184.47,0.03,698663.82,321119.7,377544.12,642770.71,Completed
ORD-HG-10982,2023-05-02,2023-05,CUST-1464,PROD-104,EMP-1006,REG-05,Direct Online,13,5570.94,0.0,72422.22,37381.06,35041.16,66628.44,Completed
ORD-HG-10983,2023-05-02,2023-05,CUST-1147,PROD-106,EMP-1001,REG-01,Retail Store,24,42475.92,0.03,988839.42,463717.29,525122.13,909732.27,Completed
ORD-HG-10984,2023-05-03,2023-05,CUST-1433,PROD-124,EMP-1018,REG-03,Field Sales,26,34728.29,0.02,884876.83,468432.82,416444.01,814086.68,Completed
ORD-HG-10985,2023-05-03,2023-05,CUST-1308,PROD-102,EMP-1002,REG-02,Field Sales,41,32552.16,0.03,1294599.4,565705.19,728894.21,1191031.45,Completed
ORD-HG-10986,2023-05-03,2023-05,CUST-1163,PROD-119,EMP-1022,REG-02,Field Sales,24,6215.87,0.01,147689.07,60376.39,87312.68,135873.94,Completed
ORD-HG-10987,2023-05-03,2023-05,CUST-1468,PROD-109,EMP-1031,REG-01,Direct Online,28,36390.95,0.04,978188.74,494345.61,483843.13,899933.64,Completed
ORD-HG-10988,2023-05-03,2023-05,CUST-1158,PROD-106,EMP-1009,REG-02,Enterprise Partner,38,27348.45,0.05,987279.04,455765.02,531514.02,908296.72,Completed
ORD-HG-10989,2023-05-04,2023-05,CUST-1212,PROD-102,EMP-1022,REG-02,Field Sales,39,8579.29,0.02,327900.46,167308.93,160591.53,301668.42,Completed
ORD-HG-10990,2023-05-04,2023-05,CUST-1286,PROD-111,EMP-1041,REG-04,Retail Store,25,41323.58,0.01,1022758.6,414226.14,608532.46,940937.91,Completed
ORD-HG-10991,2023-05-04,2023-05,CUST-1091,PROD-111,EMP-1042,REG-01,Field Sales,10,22230.32,0.02,217857.14,89877.93,127979.21,200428.57,Completed
ORD-HG-10992,2023-05-04,2023-05,CUST-1100,PROD-106,EMP-1021,REG-05,Direct Online,42,32902.23,0.01,1368074.72,634668.86,733405.86,1258628.74,Completed
ORD-HG-10993,2023-05-05,2023-05,CUST-1221,PROD-109,EMP-1027,REG-03,Retail Store,38,11859.31,0.05,428121.09,203966.76,224154.33,393871.4,Completed
ORD-HG-10994,2023-05-05,2023-05,CUST-1085,PROD-106,EMP-1002,REG-04,Retail Store,34,9439.47,0.05,304894.88,145005.65,159889.23,280503.29,Completed
ORD-HG-10995,2023-05-05,2023-05,CUST-1033,PROD-104,EMP-1018,REG-04,Field Sales,35,29652.43,0.04,996321.65,427454.73,568866.92,916615.92,Completed
ORD-HG-10996,2023-05-05,2023-05,CUST-1170,PROD-101,EMP-1003,REG-01,Retail Store,21,15383.51,0.01,319823.17,172044.63,147778.54,294237.32,Completed
ORD-HG-10997,2023-05-05,2023-05,CUST-1428,PROD-111,EMP-1025,REG-04,Direct Online,26,39002.13,0.01,1003914.83,512710.61,491204.22,923601.64,Completed
ORD-HG-10998,2023-05-05,2023-05,CUST-1323,PROD-115,EMP-1014,REG-01,Enterprise Partner,8,12094.86,0.01,95791.29,41616.96,54174.33,88127.99,Completed
ORD-HG-10999,2023-05-05,2023-05,CUST-1348,PROD-124,EMP-1048,REG-03,Enterprise Partner,36,28058.9,0.01,1000019.2,452089.96,547929.24,920017.66,Completed
ORD-HG-11000,2023-05-05,2023-05,CUST-1391,PROD-120,EMP-1030,REG-05,Retail Store,15,36367.26,0.03,529143.63,253368.87,275774.76,486812.14,Completed
ORD-HG-11001,2023-05-05,2023-05,CUST-1174,PROD-101,EMP-1047,REG-04,Direct Online,6,36298.37,0.02,213434.42,104702.26,108732.16,196359.67,Completed
ORD-HG-11002,2023-05-05,2023-05,CUST-1045,PROD-114,EMP-1012,REG-04,Field Sales,18,25785.23,0.04,445568.77,208669.86,236898.91,409923.27,Completed
ORD-HG-11003,2023-05-05,2023-05,CUST-1067,PROD-108,EMP-1038,REG-01,Retail Store,36,17750.25,0.03,619838.73,315707.71,304131.02,570251.63,Completed
ORD-HG-11004,2023-05-05,2023-05,CUST-1173,PROD-123,EMP-1043,REG-04,Retail Store,24,44107.17,0.02,1037400.64,415910.38,621490.26,954408.59,Completed
ORD-HG-11005,2023-05-06,2023-05,CUST-1348,PROD-113,EMP-1045,REG-03,Direct Online,34,14812.66,0.02,493557.83,197641.77,295916.06,454073.2,Completed
ORD-HG-11006,2023-05-06,2023-05,CUST-1271,PROD-120,EMP-1017,REG-01,Enterprise Partner,21,26296.5,0.04,530137.44,260389.84,269747.6,487726.44,Completed
ORD-HG-11007,2023-05-06,2023-05,CUST-1306,PROD-120,EMP-1010,REG-01,Retail Store,26,8354.34,0.02,212868.58,106528.61,106339.97,195839.09,Completed
ORD-HG-11008,2023-05-06,2023-05,CUST-1091,PROD-109,EMP-1010,REG-05,Direct Online,30,8642.5,0.01,256682.25,137701.72,118980.53,236147.67,Completed
ORD-HG-11009,2023-05-06,2023-05,CUST-1387,PROD-111,EMP-1031,REG-01,Direct Online,5,40512.63,0.01,200537.52,88476.34,112061.18,184494.52,Completed
ORD-HG-11010,2023-05-06,2023-05,CUST-1337,PROD-106,EMP-1033,REG-05,Field Sales,9,17560.48,0.04,151722.55,66728.51,84994.04,139584.75,Completed
ORD-HG-11011,2023-05-06,2023-05,CUST-1390,PROD-117,EMP-1016,REG-05,Field Sales,23,19106.03,0.01,435044.3,175557.66,259486.64,400240.76,Completed
ORD-HG-11012,2023-05-06,2023-05,CUST-1252,PROD-120,EMP-1008,REG-03,Enterprise Partner,26,24207.35,0.02,616803.28,269150.82,347652.46,567459.02,Completed
ORD-HG-11013,2023-05-06,2023-05,CUST-1077,PROD-122,EMP-1021,REG-05,Direct Online,17,11852.08,0.05,191411.09,90983.59,100427.5,176098.2,Completed
ORD-HG-11014,2023-05-07,2023-05,CUST-1214,PROD-103,EMP-1047,REG-01,Field Sales,18,41039.06,0.01,731316.05,395137.6,336178.45,672810.77,Completed
ORD-HG-11015,2023-05-07,2023-05,CUST-1203,PROD-113,EMP-1012,REG-04,Field Sales,23,17589.66,0.01,400516.56,178883.98,221632.58,368475.24,Completed
ORD-HG-11016,2023-05-07,2023-05,CUST-1385,PROD-117,EMP-1044,REG-05,Enterprise Partner,18,18161.58,0.04,313832.1,136447.25,177384.85,288725.53,Completed
ORD-HG-11017,2023-05-07,2023-05,CUST-1449,PROD-121,EMP-1003,REG-02,Field Sales,43,27447.56,0.02,1156640.18,623483.62,533156.56,1064108.97,Completed
ORD-HG-11018,2023-05-07,2023-05,CUST-1131,PROD-123,EMP-1028,REG-01,Field Sales,18,31067.17,0.03,542432.79,234428.81,308003.98,499038.17,Completed
ORD-HG-11019,2023-05-08,2023-05,CUST-1435,PROD-104,EMP-1018,REG-04,Field Sales,44,9990.15,0.04,421983.94,221210.9,200773.04,388225.22,Completed
ORD-HG-11020,2023-05-08,2023-05,CUST-1112,PROD-123,EMP-1004,REG-01,Retail Store,29,39175.16,0.01,1124718.84,477026.28,647692.56,1034741.33,Completed
ORD-HG-11021,2023-05-08,2023-05,CUST-1040,PROD-108,EMP-1046,REG-05,Field Sales,34,22259.36,0.04,726545.51,308345.22,418200.29,668421.87,Completed
ORD-HG-11022,2023-05-08,2023-05,CUST-1147,PROD-104,EMP-1040,REG-04,Retail Store,42,26500.97,0.0,1113040.74,611910.85,501129.89,1023997.48,Completed
ORD-HG-11023,2023-05-08,2023-05,CUST-1321,PROD-104,EMP-1040,REG-05,Field Sales,35,34067.87,0.04,1144680.43,540076.95,604603.48,1053106.0,Completed
ORD-HG-11024,2023-05-08,2023-05,CUST-1342,PROD-124,EMP-1048,REG-04,Field Sales,34,19631.87,0.01,660808.74,278454.03,382354.71,607944.04,Completed
ORD-HG-11025,2023-05-08,2023-05,CUST-1017,PROD-116,EMP-1048,REG-05,Field Sales,44,17165.22,0.01,747716.98,335289.27,412427.71,687899.62,Completed
ORD-HG-11026,2023-05-09,2023-05,CUST-1413,PROD-119,EMP-1028,REG-03,Direct Online,16,8286.2,0.02,129927.62,53613.83,76313.79,119533.41,Completed
ORD-HG-11027,2023-05-09,2023-05,CUST-1268,PROD-110,EMP-1028,REG-03,Enterprise Partner,10,15098.25,0.0,150982.5,63168.12,87814.38,138903.9,Completed
ORD-HG-11028,2023-05-09,2023-05,CUST-1250,PROD-104,EMP-1044,REG-05,Direct Online,22,35178.1,0.01,766179.02,339896.72,426282.3,704884.7,Completed
ORD-HG-11029,2023-05-09,2023-05,CUST-1125,PROD-106,EMP-1001,REG-02,Direct Online,16,9438.48,0.02,147995.37,79870.04,68125.33,136155.74,Completed
ORD-HG-11030,2023-05-09,2023-05,CUST-1440,PROD-122,EMP-1017,REG-03,Enterprise Partner,6,15220.71,0.02,89497.77,43204.74,46293.03,82337.95,Completed
ORD-HG-11031,2023-05-09,2023-05,CUST-1452,PROD-105,EMP-1005,REG-04,Direct Online,39,29225.62,0.01,1128401.19,546574.75,581826.44,1038129.09,Completed
ORD-HG-11032,2023-05-09,2023-05,CUST-1229,PROD-105,EMP-1038,REG-03,Field Sales,42,34028.85,0.03,1386335.35,637168.89,749166.46,1275428.52,Completed
ORD-HG-11033,2023-05-09,2023-05,CUST-1332,PROD-102,EMP-1017,REG-04,Field Sales,39,20424.6,0.0,796559.4,406820.34,389739.06,732834.65,Completed
ORD-HG-11034,2023-05-09,2023-05,CUST-1125,PROD-103,EMP-1004,REG-01,Field Sales,21,37542.16,0.01,780501.51,336776.38,443725.13,718061.39,Completed
ORD-HG-11035,2023-05-09,2023-05,CUST-1452,PROD-118,EMP-1013,REG-03,Retail Store,44,13832.63,0.03,590376.65,262789.81,327586.84,543146.52,Completed
ORD-HG-11036,2023-05-09,2023-05,CUST-1333,PROD-101,EMP-1038,REG-04,Direct Online,27,31949.31,0.01,854005.06,394852.44,459152.62,785684.66,Completed
ORD-HG-11037,2023-05-09,2023-05,CUST-1030,PROD-121,EMP-1023,REG-05,Enterprise Partner,21,17154.3,0.02,353035.49,173301.54,179733.95,324792.65,Completed
ORD-HG-11038,2023-05-10,2023-05,CUST-1288,PROD-115,EMP-1033,REG-04,Field Sales,7,8482.3,0.02,58188.58,26546.18,31642.4,53533.49,Completed
ORD-HG-11039,2023-05-10,2023-05,CUST-1239,PROD-101,EMP-1027,REG-04,Direct Online,7,21091.41,0.0,147639.87,62349.57,85290.3,135828.68,Completed
ORD-HG-11040,2023-05-10,2023-05,CUST-1130,PROD-124,EMP-1035,REG-01,Field Sales,15,42232.12,0.04,608142.53,253777.45,354365.08,559491.13,Completed
ORD-HG-11041,2023-05-10,2023-05,CUST-1487,PROD-120,EMP-1007,REG-01,Retail Store,19,42885.14,0.02,798521.31,382509.2,416012.11,734639.61,Completed
ORD-HG-11042,2023-05-10,2023-05,CUST-1080,PROD-119,EMP-1040,REG-03,Field Sales,17,25555.33,0.04,417062.99,213752.23,203310.76,383697.95,Completed
ORD-HG-11043,2023-05-10,2023-05,CUST-1331,PROD-119,EMP-1004,REG-04,Retail Store,8,30125.64,0.04,231364.92,113617.72,117747.2,212855.73,Completed
ORD-HG-11044,2023-05-10,2023-05,CUST-1104,PROD-124,EMP-1043,REG-03,Retail Store,6,23979.09,0.03,139558.3,75670.24,63888.06,128393.64,Completed
ORD-HG-11045,2023-05-10,2023-05,CUST-1046,PROD-117,EMP-1024,REG-03,Field Sales,5,12781.95,0.03,61992.46,29412.03,32580.43,57033.06,Completed
ORD-HG-11046,2023-05-10,2023-05,CUST-1255,PROD-114,EMP-1020,REG-02,Retail Store,39,23843.46,0.05,883400.19,415109.19,468291.0,812728.17,Completed
ORD-HG-11047,2023-05-10,2023-05,CUST-1346,PROD-107,EMP-1018,REG-05,Enterprise Partner,26,6217.97,0.0,161667.22,80536.15,81131.07,148733.84,Completed
ORD-HG-11048,2023-05-10,2023-05,CUST-1089,PROD-115,EMP-1020,REG-03,Enterprise Partner,17,31030.03,0.05,501134.98,222533.52,278601.46,461044.18,Completed
ORD-HG-11049,2023-05-10,2023-05,CUST-1417,PROD-109,EMP-1018,REG-05,Direct Online,31,23423.37,0.04,697079.49,293541.14,403538.35,641313.13,Completed
ORD-HG-11050,2023-05-11,2023-05,CUST-1292,PROD-115,EMP-1018,REG-05,Retail Store,35,30531.96,0.02,1047246.23,508298.75,538947.48,963466.53,Completed
ORD-HG-11051,2023-05-11,2023-05,CUST-1276,PROD-113,EMP-1040,REG-05,Direct Online,27,20187.49,0.01,539611.61,250022.94,289588.67,496442.68,Completed
ORD-HG-11052,2023-05-11,2023-05,CUST-1173,PROD-103,EMP-1030,REG-04,Field Sales,13,26759.01,0.04,333952.44,149318.14,184634.3,307236.24,Completed
ORD-HG-11053,2023-05-11,2023-05,CUST-1253,PROD-111,EMP-1031,REG-01,Field Sales,24,44550.7,0.02,1047832.46,503772.51,544059.95,964005.86,Completed
ORD-HG-11054,2023-05-11,2023-05,CUST-1405,PROD-110,EMP-1032,REG-05,Retail Store,13,33067.92,0.04,412687.64,188037.17,224650.47,379672.63,Completed
ORD-HG-11055,2023-05-11,2023-05,CUST-1277,PROD-118,EMP-1022,REG-04,Enterprise Partner,13,37066.52,0.03,467408.82,225193.27,242215.55,430016.11,Completed
ORD-HG-11056,2023-05-11,2023-05,CUST-1198,PROD-113,EMP-1034,REG-04,Direct Online,21,32801.99,0.01,681953.37,366929.01,315024.36,627397.1,Completed
ORD-HG-11057,2023-05-11,2023-05,CUST-1091,PROD-105,EMP-1046,REG-01,Direct Online,11,6850.26,0.02,73845.8,36752.04,37093.76,67938.14,Completed
ORD-HG-11058,2023-05-11,2023-05,CUST-1085,PROD-118,EMP-1046,REG-05,Enterprise Partner,32,5041.36,0.04,154870.58,68959.93,85910.65,142480.93,Completed
ORD-HG-11059,2023-05-11,2023-05,CUST-1260,PROD-109,EMP-1033,REG-01,Enterprise Partner,29,15450.58,0.02,439105.48,233777.61,205327.87,403977.04,Completed
ORD-HG-11060,2023-05-12,2023-05,CUST-1014,PROD-117,EMP-1027,REG-01,Enterprise Partner,38,42881.43,0.03,1580609.51,732675.56,847933.95,1454160.75,Completed
ORD-HG-11061,2023-05-12,2023-05,CUST-1155,PROD-103,EMP-1024,REG-02,Enterprise Partner,42,30955.61,0.04,1248130.2,503693.07,744437.13,1148279.78,Completed
ORD-HG-11062,2023-05-12,2023-05,CUST-1023,PROD-116,EMP-1012,REG-04,Direct Online,37,23733.54,0.01,869359.57,392833.19,476526.38,799810.8,Completed
ORD-HG-11063,2023-05-12,2023-05,CUST-1056,PROD-118,EMP-1020,REG-02,Field Sales,27,44621.9,0.0,1204791.3,516721.13,688070.17,1108408.0,Completed
ORD-HG-11064,2023-05-12,2023-05,CUST-1188,PROD-122,EMP-1015,REG-01,Retail Store,11,33507.69,0.02,361212.9,165926.42,195286.48,332315.87,Completed
ORD-HG-11065,2023-05-12,2023-05,CUST-1179,PROD-117,EMP-1010,REG-05,Direct Online,39,43389.11,0.01,1675253.54,693748.98,981504.56,1541233.26,Completed
ORD-HG-11066,2023-05-12,2023-05,CUST-1083,PROD-115,EMP-1018,REG-04,Direct Online,6,19790.97,0.03,115183.45,47586.42,67597.03,105968.77,Completed
ORD-HG-11067,2023-05-12,2023-05,CUST-1223,PROD-117,EMP-1006,REG-05,Enterprise Partner,38,16946.9,0.05,611783.09,330225.37,281557.72,562840.44,Completed
ORD-HG-11068,2023-05-12,2023-05,CUST-1004,PROD-118,EMP-1011,REG-01,Enterprise Partner,7,16404.57,0.04,110238.71,57068.1,53170.61,101419.61,Completed
ORD-HG-11069,2023-05-12,2023-05,CUST-1433,PROD-116,EMP-1020,REG-04,Direct Online,32,18558.48,0.0,593871.36,321527.5,272343.86,546361.65,Completed
ORD-HG-11070,2023-05-12,2023-05,CUST-1369,PROD-110,EMP-1018,REG-03,Field Sales,43,26192.3,0.02,1103743.52,536914.64,566828.88,1015444.04,Completed
ORD-HG-11071,2023-05-12,2023-05,CUST-1338,PROD-124,EMP-1018,REG-03,Field Sales,6,37393.31,0.04,215385.47,105265.06,110120.41,198154.63,Completed
ORD-HG-11072,2023-05-13,2023-05,CUST-1268,PROD-124,EMP-1047,REG-02,Enterprise Partner,20,39290.15,0.04,754370.88,324896.84,429474.04,694021.21,Completed
ORD-HG-11073,2023-05-13,2023-05,CUST-1005,PROD-103,EMP-1028,REG-03,Field Sales,42,28102.48,0.03,1144895.04,488140.65,656754.39,1053303.44,Completed
ORD-HG-11074,2023-05-13,2023-05,CUST-1250,PROD-112,EMP-1029,REG-04,Retail Store,41,39836.16,0.04,1567951.26,655307.45,912643.81,1442515.16,Completed
ORD-HG-11075,2023-05-13,2023-05,CUST-1168,PROD-101,EMP-1045,REG-02,Retail Store,5,17217.87,0.04,82645.78,38596.34,44049.44,76034.12,Completed
ORD-HG-11076,2023-05-13,2023-05,CUST-1463,PROD-105,EMP-1017,REG-02,Enterprise Partner,32,25201.7,0.03,782260.77,388631.84,393628.93,719679.91,Completed
ORD-HG-11077,2023-05-13,2023-05,CUST-1394,PROD-110,EMP-1036,REG-04,Retail Store,28,14297.31,0.01,396321.43,179074.88,217246.55,364615.72,Completed
ORD-HG-11078,2023-05-13,2023-05,CUST-1431,PROD-124,EMP-1004,REG-02,Field Sales,34,42966.59,0.02,1431646.78,655875.45,775771.33,1317115.04,Completed
ORD-HG-11079,2023-05-13,2023-05,CUST-1122,PROD-108,EMP-1006,REG-01,Direct Online,8,15258.75,0.05,115966.5,54347.8,61618.7,106689.18,Completed
ORD-HG-11080,2023-05-13,2023-05,CUST-1221,PROD-123,EMP-1007,REG-02,Retail Store,27,21466.55,0.04,556412.98,286048.35,270364.63,511899.94,Completed
ORD-HG-11081,2023-05-13,2023-05,CUST-1115,PROD-108,EMP-1035,REG-02,Enterprise Partner,42,37223.63,0.01,1547758.54,672061.24,875697.3,1423937.86,Completed
ORD-HG-11082,2023-05-13,2023-05,CUST-1051,PROD-103,EMP-1034,REG-04,Field Sales,29,10296.87,0.02,292637.05,150651.35,141985.7,269226.09,Completed
ORD-HG-11083,2023-05-13,2023-05,CUST-1144,PROD-118,EMP-1009,REG-02,Retail Store,33,32649.34,0.02,1055879.66,462706.19,593173.47,971409.29,Completed
ORD-HG-11084,2023-05-14,2023-05,CUST-1455,PROD-124,EMP-1037,REG-01,Enterprise Partner,21,25434.22,0.01,528777.43,265381.63,263395.8,486475.24,Completed
ORD-HG-11085,2023-05-14,2023-05,CUST-1240,PROD-108,EMP-1035,REG-03,Field Sales,44,28103.44,0.04,1187089.31,496395.31,690694.0,1092122.17,Completed
ORD-HG-11086,2023-05-14,2023-05,CUST-1294,PROD-109,EMP-1030,REG-04,Direct Online,19,9294.33,0.04,169528.58,79653.94,89874.64,155966.29,Completed
ORD-HG-11087,2023-05-14,2023-05,CUST-1275,PROD-102,EMP-1015,REG-04,Direct Online,36,9461.02,0.0,340596.72,149113.95,191482.77,313348.98,Completed
ORD-HG-11088,2023-05-14,2023-05,CUST-1032,PROD-114,EMP-1010,REG-03,Direct Online,29,38064.41,0.04,1059713.17,473867.3,585845.87,974936.12,Completed
ORD-HG-11089,2023-05-14,2023-05,CUST-1057,PROD-114,EMP-1019,REG-05,Field Sales,23,28096.02,0.04,620360.12,339925.08,280435.04,570731.31,Completed
ORD-HG-11090,2023-05-15,2023-05,CUST-1346,PROD-109,EMP-1005,REG-04,Direct Online,22,7396.59,0.02,159470.48,75771.06,83699.42,146712.84,Completed
ORD-HG-11091,2023-05-15,2023-05,CUST-1273,PROD-117,EMP-1016,REG-05,Enterprise Partner,15,36480.71,0.01,541738.54,235943.84,305794.7,498399.46,Completed
ORD-HG-11092,2023-05-15,2023-05,CUST-1279,PROD-107,EMP-1013,REG-02,Field Sales,33,41886.4,0.01,1368428.69,648737.86,719690.83,1258954.39,Completed
ORD-HG-11093,2023-05-15,2023-05,CUST-1005,PROD-109,EMP-1013,REG-01,Retail Store,44,39337.18,0.01,1713527.56,808321.49,905206.07,1576445.36,Completed
ORD-HG-11094,2023-05-15,2023-05,CUST-1051,PROD-105,EMP-1029,REG-04,Retail Store,31,17243.0,0.04,513151.68,213142.31,300009.37,472099.55,Completed
ORD-HG-11095,2023-05-15,2023-05,CUST-1217,PROD-116,EMP-1045,REG-05,Retail Store,31,5795.6,0.04,172477.06,94534.61,77942.45,158678.9,Completed
ORD-HG-11096,2023-05-15,2023-05,CUST-1268,PROD-115,EMP-1029,REG-03,Enterprise Partner,37,15250.41,0.04,541694.56,258979.11,282715.45,498359.0,Completed
ORD-HG-11097,2023-05-15,2023-05,CUST-1024,PROD-102,EMP-1004,REG-05,Enterprise Partner,5,35759.29,0.02,175220.52,86673.94,88546.58,161202.88,Completed
ORD-HG-11098,2023-05-16,2023-05,CUST-1161,PROD-116,EMP-1012,REG-01,Direct Online,9,7149.91,0.04,61775.22,29862.44,31912.78,56833.2,Completed
ORD-HG-11099,2023-05-16,2023-05,CUST-1220,PROD-106,EMP-1009,REG-02,Direct Online,22,20943.97,0.0,460767.34,203954.67,256812.67,423905.95,Completed
ORD-HG-11100,2023-05-16,2023-05,CUST-1073,PROD-124,EMP-1032,REG-04,Enterprise Partner,7,28903.71,0.04,194232.93,88848.74,105384.19,178694.3,Completed
ORD-HG-11101,2023-05-16,2023-05,CUST-1278,PROD-110,EMP-1029,REG-04,Enterprise Partner,33,42257.49,0.01,1380552.2,561590.32,818961.88,1270108.02,Completed
ORD-HG-11102,2023-05-17,2023-05,CUST-1367,PROD-119,EMP-1049,REG-03,Enterprise Partner,31,19922.53,0.04,592894.49,249256.14,343638.35,545462.93,Completed
ORD-HG-11103,2023-05-17,2023-05,CUST-1130,PROD-105,EMP-1017,REG-04,Enterprise Partner,20,5686.09,0.0,113721.8,56667.65,57054.15,104624.06,Completed
ORD-HG-11104,2023-05-17,2023-05,CUST-1483,PROD-103,EMP-1032,REG-05,Direct Online,41,43143.74,0.04,1698137.61,890311.2,807826.41,1562286.6,Completed
ORD-HG-11105,2023-05-17,2023-05,CUST-1295,PROD-116,EMP-1045,REG-02,Field Sales,19,24861.93,0.01,467652.9,208609.12,259043.78,430240.67,Completed
ORD-HG-11106,2023-05-18,2023-05,CUST-1292,PROD-121,EMP-1045,REG-04,Direct Online,28,24798.21,0.01,687406.38,346906.2,340500.18,632413.87,Completed
ORD-HG-11107,2023-05-18,2023-05,CUST-1122,PROD-120,EMP-1030,REG-04,Field Sales,16,9123.15,0.01,144510.7,67501.61,77009.09,132949.84,Completed
ORD-HG-11108,2023-05-18,2023-05,CUST-1176,PROD-117,EMP-1027,REG-01,Direct Online,5,6227.32,0.02,30513.87,13257.5,17256.37,28072.76,Completed
ORD-HG-11109,2023-05-18,2023-05,CUST-1067,PROD-102,EMP-1003,REG-04,Direct Online,31,33385.98,0.01,1024615.73,539239.27,485376.46,942646.47,Completed
ORD-HG-11110,2023-05-18,2023-05,CUST-1446,PROD-116,EMP-1042,REG-04,Enterprise Partner,6,36588.08,0.04,210747.34,91545.31,119202.03,193887.55,Completed
ORD-HG-11111,2023-05-18,2023-05,CUST-1386,PROD-113,EMP-1036,REG-04,Retail Store,5,43405.49,0.02,212686.9,95021.17,117665.73,195671.95,Completed
ORD-HG-11112,2023-05-18,2023-05,CUST-1470,PROD-103,EMP-1037,REG-03,Direct Online,35,16039.46,0.03,544539.67,241028.58,303511.09,500976.5,Completed
ORD-HG-11113,2023-05-19,2023-05,CUST-1098,PROD-112,EMP-1032,REG-02,Field Sales,20,27286.68,0.01,540276.26,237032.15,303244.11,497054.16,Completed
ORD-HG-11114,2023-05-19,2023-05,CUST-1021,PROD-123,EMP-1031,REG-05,Retail Store,27,9548.31,0.01,255226.33,109671.84,145554.49,234808.22,Completed
ORD-HG-11115,2023-05-19,2023-05,CUST-1039,PROD-109,EMP-1026,REG-03,Direct Online,11,26338.17,0.03,281028.27,128533.48,152494.79,258546.01,Completed
ORD-HG-11116,2023-05-19,2023-05,CUST-1079,PROD-113,EMP-1042,REG-03,Direct Online,6,19604.82,0.04,112923.76,56108.78,56814.98,103889.86,Completed
ORD-HG-11117,2023-05-19,2023-05,CUST-1159,PROD-111,EMP-1022,REG-03,Retail Store,18,28776.6,0.02,507619.22,209820.06,297799.16,467009.68,Completed
ORD-HG-11118,2023-05-19,2023-05,CUST-1149,PROD-108,EMP-1045,REG-05,Retail Store,29,34901.53,0.01,1002022.93,527688.14,474334.79,921861.1,Completed
ORD-HG-11119,2023-05-19,2023-05,CUST-1064,PROD-124,EMP-1039,REG-02,Direct Online,35,31332.42,0.03,1063735.66,575444.41,488291.25,978636.81,Completed
ORD-HG-11120,2023-05-19,2023-05,CUST-1116,PROD-115,EMP-1014,REG-02,Enterprise Partner,6,43980.89,0.05,250691.07,107509.19,143181.88,230635.78,Completed
ORD-HG-11121,2023-05-19,2023-05,CUST-1002,PROD-124,EMP-1008,REG-04,Direct Online,37,30510.33,0.01,1117593.39,449132.47,668460.92,1028185.92,Completed
ORD-HG-11122,2023-05-19,2023-05,CUST-1254,PROD-116,EMP-1005,REG-03,Field Sales,10,42432.77,0.03,411597.87,175092.17,236505.7,378670.04,Completed
ORD-HG-11123,2023-05-20,2023-05,CUST-1234,PROD-106,EMP-1015,REG-04,Retail Store,25,5531.41,0.01,136902.4,72166.18,64736.22,125950.21,Completed
ORD-HG-11124,2023-05-20,2023-05,CUST-1240,PROD-113,EMP-1041,REG-04,Direct Online,36,27120.81,0.02,956822.18,447971.7,508850.48,880276.41,Completed
ORD-HG-11125,2023-05-20,2023-05,CUST-1052,PROD-104,EMP-1013,REG-01,Direct Online,39,32550.05,0.04,1218673.87,529847.68,688826.19,1121179.96,Completed
ORD-HG-11126,2023-05-20,2023-05,CUST-1425,PROD-103,EMP-1009,REG-04,Retail Store,28,29530.22,0.01,818577.7,426815.97,391761.73,753091.48,Completed
ORD-HG-11127,2023-05-20,2023-05,CUST-1121,PROD-121,EMP-1047,REG-03,Direct Online,37,44143.71,0.01,1616984.1,663023.26,953960.84,1487625.37,Completed
ORD-HG-11128,2023-05-20,2023-05,CUST-1206,PROD-113,EMP-1023,REG-03,Direct Online,19,12006.35,0.02,223558.24,116434.44,107123.8,205673.58,Completed
ORD-HG-11129,2023-05-20,2023-05,CUST-1163,PROD-114,EMP-1012,REG-04,Retail Store,20,8066.51,0.02,158103.6,86462.83,71640.77,145455.31,Completed
ORD-HG-11130,2023-05-21,2023-05,CUST-1436,PROD-101,EMP-1027,REG-02,Retail Store,16,30149.72,0.04,463099.7,235904.88,227194.82,426051.72,Completed
ORD-HG-11131,2023-05-21,2023-05,CUST-1057,PROD-104,EMP-1040,REG-02,Retail Store,43,13386.57,0.02,564110.06,231036.46,333073.6,518981.26,Completed
ORD-HG-11132,2023-05-21,2023-05,CUST-1224,PROD-121,EMP-1003,REG-01,Enterprise Partner,18,29842.5,0.05,510306.75,258914.97,251391.78,469482.21,Completed
ORD-HG-11133,2023-05-21,2023-05,CUST-1089,PROD-101,EMP-1045,REG-01,Enterprise Partner,21,25525.9,0.01,530683.46,246447.71,284235.75,488228.78,Completed
ORD-HG-11134,2023-05-21,2023-05,CUST-1020,PROD-117,EMP-1008,REG-05,Field Sales,21,27458.72,0.03,559334.13,289795.93,269538.2,514587.4,Completed
ORD-HG-11135,2023-05-21,2023-05,CUST-1163,PROD-115,EMP-1012,REG-03,Enterprise Partner,23,29743.67,0.02,670422.32,276715.29,393707.03,616788.53,Completed
ORD-HG-11136,2023-05-21,2023-05,CUST-1098,PROD-101,EMP-1012,REG-05,Enterprise Partner,36,31665.62,0.0,1139962.32,557230.89,582731.43,1048765.33,Completed
ORD-HG-11137,2023-05-21,2023-05,CUST-1218,PROD-102,EMP-1010,REG-04,Field Sales,17,36094.22,0.05,582921.65,267243.09,315678.56,536287.92,Completed
ORD-HG-11138,2023-05-21,2023-05,CUST-1053,PROD-105,EMP-1017,REG-04,Retail Store,18,19107.88,0.04,330184.17,171015.61,159168.56,303769.44,Completed
ORD-HG-11139,2023-05-21,2023-05,CUST-1240,PROD-112,EMP-1019,REG-04,Direct Online,19,10916.39,0.03,201189.07,90080.2,111108.87,185093.94,Completed
ORD-HG-11140,2023-05-22,2023-05,CUST-1075,PROD-102,EMP-1026,REG-05,Field Sales,34,29666.78,0.0,1008670.52,494105.63,514564.89,927976.88,Completed
ORD-HG-11141,2023-05-22,2023-05,CUST-1019,PROD-112,EMP-1009,REG-04,Retail Store,15,9163.72,0.0,137455.8,63382.53,74073.27,126459.34,Completed
ORD-HG-11142,2023-05-23,2023-05,CUST-1160,PROD-119,EMP-1040,REG-03,Enterprise Partner,8,44274.37,0.01,350653.01,187047.18,163605.83,322600.77,Completed
ORD-HG-11143,2023-05-23,2023-05,CUST-1342,PROD-103,EMP-1020,REG-02,Direct Online,22,31107.56,0.0,684366.32,328871.1,355495.22,629617.01,Completed
ORD-HG-11144,2023-05-23,2023-05,CUST-1453,PROD-123,EMP-1031,REG-02,Field Sales,40,35256.75,0.02,1382064.6,668830.49,713234.11,1271499.43,Completed
ORD-HG-11145,2023-05-23,2023-05,CUST-1228,PROD-122,EMP-1018,REG-02,Field Sales,38,26994.57,0.04,984761.91,533924.68,450837.23,905980.96,Completed
ORD-HG-11146,2023-05-23,2023-05,CUST-1366,PROD-121,EMP-1017,REG-03,Field Sales,6,30334.43,0.02,178366.45,76044.41,102322.04,164097.13,Completed
ORD-HG-11147,2023-05-23,2023-05,CUST-1412,PROD-122,EMP-1028,REG-04,Field Sales,6,34325.7,0.02,201835.12,105226.57,96608.55,185688.31,Completed
ORD-HG-11148,2023-05-23,2023-05,CUST-1238,PROD-119,EMP-1018,REG-04,Field Sales,33,24579.57,0.02,794903.29,373894.08,421009.21,731311.03,Completed
ORD-HG-11149,2023-05-23,2023-05,CUST-1015,PROD-110,EMP-1022,REG-01,Direct Online,21,16349.69,0.05,326176.32,138005.35,188170.97,300082.21,Completed
ORD-HG-11150,2023-05-23,2023-05,CUST-1456,PROD-120,EMP-1028,REG-05,Field Sales,36,35938.35,0.02,1267904.99,692234.21,575670.78,1166472.59,Completed
ORD-HG-11151,2023-05-23,2023-05,CUST-1398,PROD-106,EMP-1038,REG-05,Enterprise Partner,18,25220.45,0.02,444888.74,186126.39,258762.35,409297.64,Completed
ORD-HG-11152,2023-05-23,2023-05,CUST-1355,PROD-124,EMP-1017,REG-03,Enterprise Partner,42,39470.43,0.0,1657758.06,720945.73,936812.33,1525137.42,Completed
ORD-HG-11153,2023-05-24,2023-05,CUST-1111,PROD-101,EMP-1004,REG-05,Field Sales,30,39628.82,0.03,1153198.66,593788.36,559410.3,1060942.77,Completed
ORD-HG-11154,2023-05-24,2023-05,CUST-1222,PROD-124,EMP-1012,REG-02,Retail Store,8,20309.96,0.03,157605.29,83572.29,74033.0,144996.87,Completed
ORD-HG-11155,2023-05-24,2023-05,CUST-1008,PROD-112,EMP-1034,REG-03,Field Sales,42,32405.62,0.05,1292984.24,546387.89,746596.35,1189545.5,Completed
ORD-HG-11156,2023-05-24,2023-05,CUST-1145,PROD-101,EMP-1046,REG-02,Field Sales,20,9664.94,0.02,189432.82,103066.01,86366.81,174278.19,Completed
ORD-HG-11157,2023-05-24,2023-05,CUST-1484,PROD-122,EMP-1027,REG-04,Enterprise Partner,38,29514.04,0.01,1110318.18,468596.61,641721.57,1021492.73,Completed
ORD-HG-11158,2023-05-24,2023-05,CUST-1197,PROD-110,EMP-1013,REG-02,Enterprise Partner,13,43777.97,0.02,557731.34,260323.13,297408.21,513112.83,Completed
ORD-HG-11159,2023-05-24,2023-05,CUST-1362,PROD-106,EMP-1003,REG-03,Enterprise Partner,26,42707.7,0.05,1054880.19,471458.99,583421.2,970489.77,Completed
ORD-HG-11160,2023-05-25,2023-05,CUST-1019,PROD-115,EMP-1024,REG-04,Field Sales,29,33648.68,0.02,956295.49,438485.64,517809.85,879791.85,Completed
ORD-HG-11161,2023-05-25,2023-05,CUST-1400,PROD-119,EMP-1039,REG-05,Field Sales,30,34752.05,0.05,990433.42,412825.38,577608.04,911198.75,Completed
ORD-HG-11162,2023-05-25,2023-05,CUST-1211,PROD-109,EMP-1039,REG-01,Retail Store,40,35353.11,0.0,1414124.4,568413.51,845710.89,1300994.45,Completed
ORD-HG-11163,2023-05-25,2023-05,CUST-1471,PROD-102,EMP-1030,REG-05,Enterprise Partner,9,44119.24,0.02,389131.7,198247.9,190883.8,358001.16,Completed
ORD-HG-11164,2023-05-25,2023-05,CUST-1193,PROD-121,EMP-1038,REG-05,Enterprise Partner,42,28543.03,0.02,1174831.11,631330.19,543500.92,1080844.62,Completed
ORD-HG-11165,2023-05-25,2023-05,CUST-1108,PROD-119,EMP-1001,REG-05,Field Sales,34,31148.87,0.03,1027289.73,515603.03,511686.7,945106.55,Completed
ORD-HG-11166,2023-05-25,2023-05,CUST-1382,PROD-114,EMP-1029,REG-03,Direct Online,38,22085.47,0.01,830855.38,347032.58,483822.8,764386.95,Completed
ORD-HG-11167,2023-05-25,2023-05,CUST-1094,PROD-114,EMP-1041,REG-01,Direct Online,35,7725.67,0.04,259582.51,106346.94,153235.57,238815.91,Completed
ORD-HG-11168,2023-05-25,2023-05,CUST-1303,PROD-115,EMP-1021,REG-01,Field Sales,20,11926.57,0.03,231375.46,104552.81,126822.65,212865.42,Completed
ORD-HG-11169,2023-05-26,2023-05,CUST-1327,PROD-117,EMP-1013,REG-04,Field Sales,31,20678.88,0.01,634634.83,331683.34,302951.49,583864.04,Completed
ORD-HG-11170,2023-05-26,2023-05,CUST-1488,PROD-110,EMP-1016,REG-02,Retail Store,33,40784.65,0.03,1305516.65,656369.05,649147.6,1201075.32,Completed
ORD-HG-11171,2023-05-26,2023-05,CUST-1165,PROD-115,EMP-1044,REG-02,Direct Online,10,5077.32,0.02,49757.74,26360.87,23396.87,45777.12,Completed
ORD-HG-11172,2023-05-26,2023-05,CUST-1497,PROD-119,EMP-1024,REG-04,Enterprise Partner,41,24041.87,0.01,975859.5,476644.25,499215.25,897790.74,Completed
ORD-HG-11173,2023-05-26,2023-05,CUST-1433,PROD-107,EMP-1016,REG-05,Direct Online,39,13953.27,0.01,538735.75,261534.58,277201.17,495636.89,Completed
ORD-HG-11174,2023-05-26,2023-05,CUST-1481,PROD-120,EMP-1015,REG-01,Direct Online,13,37458.66,0.05,462614.45,193178.47,269435.98,425605.29,Completed
ORD-HG-11175,2023-05-26,2023-05,CUST-1265,PROD-102,EMP-1029,REG-05,Direct Online,26,21721.35,0.02,553460.0,265604.07,287855.93,509183.2,Completed
ORD-HG-11176,2023-05-26,2023-05,CUST-1416,PROD-116,EMP-1026,REG-03,Direct Online,25,17252.81,0.0,431320.25,213384.2,217936.05,396814.63,Completed
ORD-HG-11177,2023-05-26,2023-05,CUST-1171,PROD-101,EMP-1011,REG-03,Retail Store,25,18992.5,0.05,451071.88,246433.69,204638.19,414986.13,Completed
ORD-HG-11178,2023-05-26,2023-05,CUST-1156,PROD-122,EMP-1045,REG-02,Retail Store,32,12452.82,0.04,382550.63,199664.01,182886.62,351946.58,Completed
ORD-HG-11179,2023-05-26,2023-05,CUST-1343,PROD-124,EMP-1034,REG-05,Direct Online,27,20487.73,0.02,542105.34,281260.21,260845.13,498736.91,Completed
ORD-HG-11180,2023-05-27,2023-05,CUST-1161,PROD-118,EMP-1042,REG-04,Direct Online,26,37444.11,0.05,924869.52,447492.09,477377.43,850879.96,Completed
ORD-HG-11181,2023-05-27,2023-05,CUST-1101,PROD-105,EMP-1031,REG-04,Direct Online,35,6449.81,0.04,216713.62,109152.68,107560.94,199376.53,Completed
ORD-HG-11182,2023-05-27,2023-05,CUST-1269,PROD-106,EMP-1017,REG-02,Direct Online,23,25616.47,0.02,577395.23,260174.96,317220.27,531203.61,Completed
ORD-HG-11183,2023-05-27,2023-05,CUST-1410,PROD-124,EMP-1035,REG-04,Field Sales,15,31009.04,0.02,455832.89,199260.49,256572.4,419366.26,Completed
ORD-HG-11184,2023-05-27,2023-05,CUST-1495,PROD-123,EMP-1020,REG-01,Enterprise Partner,8,33238.61,0.02,260590.7,107602.08,152988.62,239743.44,Completed
ORD-HG-11185,2023-05-27,2023-05,CUST-1460,PROD-116,EMP-1038,REG-03,Field Sales,25,43562.27,0.03,1056385.05,558792.99,497592.06,971874.25,Completed
ORD-HG-11186,2023-05-27,2023-05,CUST-1204,PROD-120,EMP-1043,REG-04,Retail Store,10,13580.9,0.0,135809.0,67853.68,67955.32,124944.28,Completed
ORD-HG-11187,2023-05-27,2023-05,CUST-1072,PROD-110,EMP-1043,REG-05,Direct Online,40,8992.72,0.01,356111.71,183741.27,172370.44,327622.77,Completed
ORD-HG-11188,2023-05-27,2023-05,CUST-1336,PROD-124,EMP-1024,REG-05,Direct Online,18,34193.58,0.03,597019.91,309920.0,287099.91,549258.32,Completed
ORD-HG-11189,2023-05-28,2023-05,CUST-1439,PROD-120,EMP-1029,REG-04,Field Sales,29,10850.31,0.04,302072.63,159025.21,143047.42,277906.82,Completed
ORD-HG-11190,2023-05-28,2023-05,CUST-1333,PROD-101,EMP-1024,REG-05,Enterprise Partner,44,24926.1,0.04,1052878.46,459042.15,593836.31,968648.18,Completed
ORD-HG-11191,2023-05-28,2023-05,CUST-1067,PROD-105,EMP-1027,REG-01,Direct Online,8,25155.29,0.04,193192.63,85963.63,107229.0,177737.22,Completed
ORD-HG-11192,2023-05-28,2023-05,CUST-1174,PROD-118,EMP-1044,REG-04,Retail Store,26,28016.3,0.01,721139.56,320113.26,401026.3,663448.4,Completed
ORD-HG-11193,2023-05-28,2023-05,CUST-1297,PROD-123,EMP-1025,REG-03,Direct Online,33,10011.8,0.03,320477.72,160198.31,160279.41,294839.5,Completed
ORD-HG-11194,2023-05-28,2023-05,CUST-1318,PROD-119,EMP-1032,REG-02,Enterprise Partner,34,15821.41,0.02,527169.38,287760.02,239409.36,484995.83,Completed
ORD-HG-11195,2023-05-29,2023-05,CUST-1136,PROD-121,EMP-1017,REG-03,Retail Store,11,39864.51,0.02,429739.42,184549.75,245189.67,395360.27,Completed
ORD-HG-11196,2023-05-29,2023-05,CUST-1015,PROD-105,EMP-1042,REG-03,Enterprise Partner,19,34383.89,0.04,627162.15,294174.63,332987.52,576989.18,Completed
ORD-HG-11197,2023-05-29,2023-05,CUST-1020,PROD-122,EMP-1032,REG-03,Direct Online,10,36616.38,0.04,351517.25,154184.55,197332.7,323395.87,Completed
ORD-HG-11198,2023-05-29,2023-05,CUST-1103,PROD-111,EMP-1011,REG-01,Direct Online,37,20341.65,0.01,745114.64,332475.26,412639.38,685505.47,Completed
ORD-HG-11199,2023-05-29,2023-05,CUST-1410,PROD-119,EMP-1001,REG-04,Field Sales,15,13900.9,0.01,206428.36,92020.75,114407.61,189914.09,Completed
ORD-HG-11200,2023-05-29,2023-05,CUST-1431,PROD-118,EMP-1032,REG-01,Enterprise Partner,38,22389.79,0.04,816779.54,413398.18,403381.36,751437.18,Completed
ORD-HG-11201,2023-05-29,2023-05,CUST-1163,PROD-105,EMP-1001,REG-04,Retail Store,42,26207.69,0.03,1067701.29,457242.0,610459.29,982285.19,Completed
ORD-HG-11202,2023-05-29,2023-05,CUST-1038,PROD-113,EMP-1049,REG-03,Field Sales,16,15439.0,0.02,242083.52,115491.32,126592.2,222716.84,Completed
ORD-HG-11203,2023-05-29,2023-05,CUST-1474,PROD-119,EMP-1021,REG-02,Enterprise Partner,31,11583.24,0.02,351898.83,183041.18,168857.65,323746.92,Completed
ORD-HG-11204,2023-05-29,2023-05,CUST-1108,PROD-102,EMP-1018,REG-05,Enterprise Partner,17,25262.0,0.0,429454.0,182682.58,246771.42,395097.68,Completed
ORD-HG-11205,2023-05-30,2023-05,CUST-1499,PROD-120,EMP-1044,REG-03,Direct Online,26,19762.87,0.05,488142.89,226993.03,261149.86,449091.46,Completed
ORD-HG-11206,2023-05-30,2023-05,CUST-1443,PROD-114,EMP-1040,REG-02,Field Sales,22,31104.17,0.0,684291.74,371168.65,313123.09,629548.4,Completed
ORD-HG-11207,2023-05-30,2023-05,CUST-1434,PROD-109,EMP-1028,REG-04,Retail Store,13,9378.04,0.01,120695.37,58718.72,61976.65,111039.74,Completed
ORD-HG-11208,2023-05-30,2023-05,CUST-1480,PROD-117,EMP-1017,REG-05,Field Sales,23,24312.2,0.01,553588.79,296949.96,256638.83,509301.69,Completed
ORD-HG-11209,2023-05-30,2023-05,CUST-1453,PROD-107,EMP-1036,REG-04,Field Sales,35,27050.48,0.03,918363.8,382418.07,535945.73,844894.7,Completed
ORD-HG-11210,2023-05-30,2023-05,CUST-1049,PROD-111,EMP-1012,REG-03,Field Sales,29,26868.68,0.01,771399.8,311626.7,459773.1,709687.82,Completed
ORD-HG-11211,2023-05-30,2023-05,CUST-1030,PROD-115,EMP-1028,REG-05,Direct Online,41,43476.2,0.03,1729048.47,758703.15,970345.32,1590724.59,Completed
ORD-HG-11212,2023-05-31,2023-05,CUST-1200,PROD-124,EMP-1023,REG-02,Field Sales,13,39647.43,0.01,510262.42,235766.4,274496.02,469441.43,Completed
ORD-HG-11213,2023-05-31,2023-05,CUST-1235,PROD-115,EMP-1039,REG-02,Enterprise Partner,16,19003.34,0.02,297972.37,158861.91,139110.46,274134.58,Completed
ORD-HG-11214,2023-05-31,2023-05,CUST-1044,PROD-123,EMP-1021,REG-04,Field Sales,28,31491.6,0.02,864129.5,381294.93,482834.57,794999.14,Completed
ORD-HG-11215,2023-05-31,2023-05,CUST-1148,PROD-107,EMP-1009,REG-03,Enterprise Partner,18,38364.84,0.03,669850.11,358848.64,311001.47,616262.1,Completed
ORD-HG-11216,2023-05-31,2023-05,CUST-1137,PROD-113,EMP-1044,REG-04,Retail Store,33,35781.59,0.03,1145368.7,612355.9,533012.8,1053739.2,Completed
ORD-HG-11217,2023-05-31,2023-05,CUST-1074,PROD-103,EMP-1041,REG-02,Retail Store,35,10743.09,0.01,372248.07,199585.44,172662.63,342468.22,Completed
ORD-HG-11218,2023-05-31,2023-05,CUST-1395,PROD-109,EMP-1047,REG-02,Field Sales,5,33136.83,0.03,160713.63,71109.42,89604.21,147856.54,Completed
ORD-HG-11219,2023-05-31,2023-05,CUST-1163,PROD-117,EMP-1003,REG-02,Retail Store,38,27120.2,0.03,999650.57,504307.05,495343.52,919678.52,Completed
ORD-HG-11220,2023-05-31,2023-05,CUST-1333,PROD-108,EMP-1029,REG-01,Field Sales,29,31941.46,0.05,879987.22,478787.74,401199.48,809588.24,Completed
ORD-HG-11221,2023-06-01,2023-06,CUST-1289,PROD-119,EMP-1035,REG-05,Direct Online,35,36986.48,0.03,1255691.0,556957.1,698733.9,1155235.72,Completed
ORD-HG-11222,2023-06-01,2023-06,CUST-1089,PROD-110,EMP-1048,REG-01,Field Sales,12,43967.81,0.03,511785.31,228718.31,283067.0,470842.49,Completed
ORD-HG-11223,2023-06-01,2023-06,CUST-1122,PROD-105,EMP-1017,REG-01,Direct Online,11,11880.65,0.0,130687.15,66655.96,64031.19,120232.18,Completed
ORD-HG-11224,2023-06-01,2023-06,CUST-1008,PROD-112,EMP-1024,REG-04,Retail Store,34,25157.95,0.04,821155.49,366819.9,454335.59,755463.05,Completed
ORD-HG-11225,2023-06-01,2023-06,CUST-1004,PROD-108,EMP-1003,REG-04,Retail Store,34,34620.33,0.03,1141778.48,469897.18,671881.3,1050436.2,Completed
ORD-HG-11226,2023-06-01,2023-06,CUST-1103,PROD-113,EMP-1020,REG-04,Enterprise Partner,30,26722.66,0.04,769612.61,344637.53,424975.08,708043.6,Completed
ORD-HG-11227,2023-06-01,2023-06,CUST-1305,PROD-102,EMP-1028,REG-04,Field Sales,16,18210.43,0.0,291366.88,143007.81,148359.07,268057.53,Completed
ORD-HG-11228,2023-06-01,2023-06,CUST-1237,PROD-116,EMP-1033,REG-03,Retail Store,39,5266.72,0.02,201294.04,81260.9,120033.14,185190.52,Completed
ORD-HG-11229,2023-06-01,2023-06,CUST-1221,PROD-108,EMP-1035,REG-02,Retail Store,17,19141.81,0.04,312394.34,161612.35,150781.99,287402.79,Completed
ORD-HG-11230,2023-06-01,2023-06,CUST-1000,PROD-116,EMP-1014,REG-02,Field Sales,12,29550.81,0.03,343971.43,172886.16,171085.27,316453.72,Completed
ORD-HG-11231,2023-06-01,2023-06,CUST-1394,PROD-110,EMP-1016,REG-02,Retail Store,24,28936.77,0.02,680592.83,341666.88,338925.95,626145.4,Completed
ORD-HG-11232,2023-06-02,2023-06,CUST-1437,PROD-118,EMP-1021,REG-03,Direct Online,29,13898.42,0.01,399023.64,174132.54,224891.1,367101.75,Completed
ORD-HG-11233,2023-06-02,2023-06,CUST-1293,PROD-115,EMP-1016,REG-05,Direct Online,33,6732.86,0.04,213297.0,93348.62,119948.38,196233.24,Completed
ORD-HG-11234,2023-06-02,2023-06,CUST-1303,PROD-122,EMP-1007,REG-03,Direct Online,31,34549.73,0.05,1017489.55,539038.7,478450.85,936090.39,Completed
ORD-HG-11235,2023-06-02,2023-06,CUST-1372,PROD-101,EMP-1001,REG-02,Retail Store,43,16867.57,0.0,725305.51,388562.37,336743.14,667281.07,Completed
ORD-HG-11236,2023-06-02,2023-06,CUST-1069,PROD-121,EMP-1006,REG-05,Enterprise Partner,9,13806.06,0.04,119284.36,53370.23,65914.13,109741.61,Completed
ORD-HG-11237,2023-06-02,2023-06,CUST-1366,PROD-119,EMP-1013,REG-04,Retail Store,39,12168.61,0.04,455592.76,185626.13,269966.63,419145.34,Completed
ORD-HG-11238,2023-06-02,2023-06,CUST-1225,PROD-103,EMP-1044,REG-05,Retail Store,41,11747.53,0.01,476832.24,199250.8,277581.44,438685.66,Completed
ORD-HG-11239,2023-06-02,2023-06,CUST-1130,PROD-104,EMP-1015,REG-05,Enterprise Partner,20,44040.93,0.03,854394.04,466579.37,387814.67,786042.52,Completed
ORD-HG-11240,2023-06-02,2023-06,CUST-1031,PROD-115,EMP-1018,REG-05,Field Sales,14,6234.46,0.04,83791.14,44823.22,38967.92,77087.85,Completed
ORD-HG-11241,2023-06-03,2023-06,CUST-1018,PROD-107,EMP-1010,REG-03,Field Sales,27,17200.12,0.02,455115.18,195286.28,259828.9,418705.97,Completed
ORD-HG-11242,2023-06-03,2023-06,CUST-1456,PROD-121,EMP-1038,REG-04,Direct Online,28,15669.09,0.03,425572.48,202257.61,223314.87,391526.68,Completed
ORD-HG-11243,2023-06-03,2023-06,CUST-1272,PROD-104,EMP-1030,REG-01,Field Sales,30,28837.26,0.02,847815.44,397732.52,450082.92,779990.2,Completed
ORD-HG-11244,2023-06-03,2023-06,CUST-1402,PROD-112,EMP-1033,REG-02,Field Sales,37,14608.5,0.04,518893.92,272697.35,246196.57,477382.41,Completed
ORD-HG-11245,2023-06-03,2023-06,CUST-1361,PROD-114,EMP-1030,REG-03,Retail Store,33,14248.51,0.02,460796.81,193318.15,267478.66,423933.07,Completed
ORD-HG-11246,2023-06-03,2023-06,CUST-1430,PROD-107,EMP-1026,REG-03,Enterprise Partner,22,12108.05,0.02,261049.56,142687.91,118361.65,240165.6,Completed
ORD-HG-11247,2023-06-04,2023-06,CUST-1085,PROD-118,EMP-1029,REG-04,Retail Store,29,41711.25,0.03,1173337.46,619686.49,553650.97,1079470.46,Completed
ORD-HG-11248,2023-06-04,2023-06,CUST-1257,PROD-103,EMP-1004,REG-03,Field Sales,9,43242.8,0.05,369725.94,197806.62,171919.32,340147.86,Completed
ORD-HG-11249,2023-06-04,2023-06,CUST-1057,PROD-112,EMP-1005,REG-04,Field Sales,35,27443.47,0.01,950916.24,451915.34,499000.9,874842.94,Completed
ORD-HG-11250,2023-06-04,2023-06,CUST-1365,PROD-118,EMP-1001,REG-02,Direct Online,5,26914.42,0.02,131880.66,69117.47,62763.19,121330.21,Completed
ORD-HG-11251,2023-06-04,2023-06,CUST-1055,PROD-109,EMP-1035,REG-02,Field Sales,29,19338.59,0.01,555210.92,300373.34,254837.58,510794.05,Completed
ORD-HG-11252,2023-06-04,2023-06,CUST-1355,PROD-102,EMP-1014,REG-02,Retail Store,38,18237.54,0.04,665305.46,290358.8,374946.66,612081.02,Completed
ORD-HG-11253,2023-06-04,2023-06,CUST-1397,PROD-119,EMP-1035,REG-02,Direct Online,40,43415.98,0.03,1684540.02,674101.58,1010438.44,1549776.82,Completed
ORD-HG-11254,2023-06-04,2023-06,CUST-1492,PROD-105,EMP-1043,REG-01,Direct Online,43,34562.34,0.02,1456457.01,665552.92,790904.09,1339940.45,Completed
ORD-HG-11255,2023-06-04,2023-06,CUST-1484,PROD-120,EMP-1046,REG-02,Enterprise Partner,22,40316.22,0.01,878087.27,388504.28,489582.99,807840.29,Completed
ORD-HG-11256,2023-06-04,2023-06,CUST-1472,PROD-113,EMP-1024,REG-03,Retail Store,22,15990.89,0.05,334209.6,145689.82,188519.78,307472.83,Completed
ORD-HG-11257,2023-06-04,2023-06,CUST-1205,PROD-124,EMP-1016,REG-05,Field Sales,20,40833.63,0.0,816672.6,441140.73,375531.87,751338.79,Completed
ORD-HG-11258,2023-06-04,2023-06,CUST-1256,PROD-107,EMP-1009,REG-04,Direct Online,23,37366.19,0.01,850828.15,439483.96,411344.19,782761.9,Completed
ORD-HG-11259,2023-06-04,2023-06,CUST-1043,PROD-106,EMP-1013,REG-01,Field Sales,23,32344.69,0.03,721610.03,394968.57,326641.46,663881.23,Completed
ORD-HG-11260,2023-06-05,2023-06,CUST-1217,PROD-103,EMP-1025,REG-02,Retail Store,16,10489.22,0.01,166149.24,84337.84,81811.4,152857.3,Completed
ORD-HG-11261,2023-06-05,2023-06,CUST-1274,PROD-124,EMP-1002,REG-04,Field Sales,34,16287.81,0.01,548247.68,288492.22,259755.46,504387.87,Completed
ORD-HG-11262,2023-06-05,2023-06,CUST-1043,PROD-108,EMP-1037,REG-03,Enterprise Partner,16,26056.45,0.02,408565.14,167739.68,240825.46,375879.93,Completed
ORD-HG-11263,2023-06-05,2023-06,CUST-1428,PROD-105,EMP-1049,REG-04,Field Sales,12,38701.17,0.04,445837.48,243126.74,202710.74,410170.48,Completed
ORD-HG-11264,2023-06-05,2023-06,CUST-1060,PROD-106,EMP-1045,REG-05,Direct Online,16,44591.29,0.01,706326.03,384911.02,321415.01,649819.95,Completed
ORD-HG-11265,2023-06-05,2023-06,CUST-1460,PROD-123,EMP-1029,REG-04,Enterprise Partner,41,7276.18,0.03,289373.68,127549.75,161823.93,266223.79,Completed
ORD-HG-11266,2023-06-06,2023-06,CUST-1494,PROD-108,EMP-1030,REG-03,Field Sales,30,22990.72,0.03,669029.95,289236.49,379793.46,615507.55,Completed
ORD-HG-11267,2023-06-06,2023-06,CUST-1450,PROD-113,EMP-1010,REG-04,Retail Store,33,8504.62,0.02,275039.41,110359.76,164679.65,253036.26,Completed
ORD-HG-11268,2023-06-06,2023-06,CUST-1326,PROD-105,EMP-1019,REG-03,Field Sales,40,27983.17,0.02,1096940.26,520062.07,576878.19,1009185.04,Completed
ORD-HG-11269,2023-06-07,2023-06,CUST-1307,PROD-114,EMP-1010,REG-05,Retail Store,35,10141.91,0.03,344317.84,166387.82,177930.02,316772.41,Completed
ORD-HG-11270,2023-06-07,2023-06,CUST-1300,PROD-104,EMP-1028,REG-01,Field Sales,14,28000.7,0.03,380249.51,205516.16,174733.35,349829.55,Completed
ORD-HG-11271,2023-06-07,2023-06,CUST-1098,PROD-116,EMP-1030,REG-04,Direct Online,43,15914.89,0.02,670653.46,280774.6,389878.86,617001.18,Completed
ORD-HG-11272,2023-06-07,2023-06,CUST-1421,PROD-102,EMP-1010,REG-04,Enterprise Partner,31,24173.41,0.02,734388.2,352226.57,382161.63,675637.14,Completed
ORD-HG-11273,2023-06-07,2023-06,CUST-1102,PROD-109,EMP-1001,REG-05,Retail Store,14,11212.31,0.05,149123.72,79454.03,69669.69,137193.82,Completed
ORD-HG-11274,2023-06-07,2023-06,CUST-1284,PROD-105,EMP-1016,REG-01,Direct Online,26,41830.57,0.0,1087594.82,558429.97,529164.85,1000587.23,Completed
ORD-HG-11275,2023-06-07,2023-06,CUST-1292,PROD-107,EMP-1003,REG-03,Direct Online,37,24881.51,0.02,902203.55,473238.62,428964.93,830027.27,Completed
ORD-HG-11276,2023-06-07,2023-06,CUST-1491,PROD-101,EMP-1021,REG-05,Enterprise Partner,20,32032.97,0.03,621439.62,274678.16,346761.46,571724.45,Completed
ORD-HG-11277,2023-06-07,2023-06,CUST-1105,PROD-106,EMP-1014,REG-03,Enterprise Partner,7,39951.78,0.04,268475.96,123106.93,145369.03,246997.88,Completed
ORD-HG-11278,2023-06-08,2023-06,CUST-1191,PROD-122,EMP-1041,REG-04,Retail Store,20,20625.12,0.03,400127.33,172378.46,227748.87,368117.14,Completed
ORD-HG-11279,2023-06-08,2023-06,CUST-1188,PROD-124,EMP-1007,REG-04,Direct Online,29,21110.08,0.03,593826.55,311423.38,282403.17,546320.43,Completed
ORD-HG-11280,2023-06-08,2023-06,CUST-1147,PROD-120,EMP-1020,REG-04,Field Sales,6,24016.24,0.02,141215.49,57693.27,83522.22,129918.25,Completed
ORD-HG-11281,2023-06-08,2023-06,CUST-1458,PROD-104,EMP-1001,REG-05,Field Sales,27,41260.53,0.03,1080613.28,546407.96,534205.32,994164.22,Completed
ORD-HG-11282,2023-06-08,2023-06,CUST-1045,PROD-108,EMP-1034,REG-04,Field Sales,20,6509.1,0.02,127578.36,58025.38,69552.98,117372.09,Completed
ORD-HG-11283,2023-06-08,2023-06,CUST-1440,PROD-119,EMP-1031,REG-03,Direct Online,6,23413.7,0.01,139077.38,74605.2,64472.18,127951.19,Completed
ORD-HG-11284,2023-06-08,2023-06,CUST-1237,PROD-106,EMP-1012,REG-04,Field Sales,23,42331.76,0.04,934685.26,381778.39,552906.87,859910.44,Completed
ORD-HG-11285,2023-06-08,2023-06,CUST-1422,PROD-113,EMP-1045,REG-04,Direct Online,38,18398.25,0.04,671168.16,315211.32,355956.84,617474.71,Completed
ORD-HG-11286,2023-06-08,2023-06,CUST-1354,PROD-118,EMP-1030,REG-04,Enterprise Partner,36,26868.51,0.03,938248.37,391326.26,546922.11,863188.5,Completed
ORD-HG-11287,2023-06-09,2023-06,CUST-1123,PROD-110,EMP-1019,REG-04,Retail Store,41,13783.62,0.05,536872.0,292438.21,244433.79,493922.24,Completed
ORD-HG-11288,2023-06-09,2023-06,CUST-1188,PROD-122,EMP-1046,REG-01,Enterprise Partner,12,17925.78,0.01,212958.27,108000.41,104957.86,195921.61,Completed
ORD-HG-11289,2023-06-09,2023-06,CUST-1327,PROD-113,EMP-1044,REG-01,Retail Store,6,23041.7,0.05,131337.69,57070.63,74267.06,120830.67,Completed
ORD-HG-11290,2023-06-09,2023-06,CUST-1426,PROD-116,EMP-1015,REG-04,Retail Store,35,18003.87,0.04,604930.03,327926.24,277003.79,556535.63,Completed
ORD-HG-11291,2023-06-09,2023-06,CUST-1110,PROD-116,EMP-1029,REG-01,Retail Store,39,35864.77,0.04,1342776.99,594988.17,747788.82,1235354.83,Completed
ORD-HG-11292,2023-06-09,2023-06,CUST-1019,PROD-117,EMP-1013,REG-04,Field Sales,40,38352.5,0.0,1534100.0,651746.35,882353.65,1411372.0,Completed
ORD-HG-11293,2023-06-09,2023-06,CUST-1463,PROD-114,EMP-1044,REG-03,Enterprise Partner,43,17079.81,0.04,705054.56,347199.82,357854.74,648650.2,Completed
ORD-HG-11294,2023-06-09,2023-06,CUST-1421,PROD-105,EMP-1021,REG-05,Retail Store,12,10677.82,0.02,125571.16,52394.89,73176.27,115525.47,Completed
ORD-HG-11295,2023-06-09,2023-06,CUST-1293,PROD-122,EMP-1012,REG-03,Field Sales,13,18736.43,0.04,233830.65,122160.2,111670.45,215124.2,Completed
ORD-HG-11296,2023-06-10,2023-06,CUST-1140,PROD-120,EMP-1035,REG-04,Retail Store,16,20582.72,0.03,319443.81,128652.96,190790.85,293888.31,Completed
ORD-HG-11297,2023-06-10,2023-06,CUST-1482,PROD-116,EMP-1042,REG-02,Enterprise Partner,17,29866.57,0.02,497577.06,268799.78,228777.28,457770.9,Completed
ORD-HG-11298,2023-06-10,2023-06,CUST-1453,PROD-104,EMP-1043,REG-03,Retail Store,13,30344.26,0.02,386585.87,173793.67,212792.2,355659.0,Completed
ORD-HG-11299,2023-06-10,2023-06,CUST-1282,PROD-106,EMP-1011,REG-02,Field Sales,6,13399.8,0.05,76378.86,38993.77,37385.09,70268.55,Completed
ORD-HG-11300,2023-06-10,2023-06,CUST-1011,PROD-124,EMP-1006,REG-04,Retail Store,40,39444.25,0.04,1514659.2,664755.56,849903.64,1393486.46,Completed
ORD-HG-11301,2023-06-10,2023-06,CUST-1474,PROD-101,EMP-1017,REG-05,Retail Store,27,25313.36,0.04,656122.29,360226.81,295895.48,603632.51,Completed
ORD-HG-11302,2023-06-10,2023-06,CUST-1223,PROD-115,EMP-1010,REG-02,Enterprise Partner,20,23520.12,0.01,465698.38,246313.09,219385.29,428442.51,Completed
ORD-HG-11303,2023-06-11,2023-06,CUST-1398,PROD-120,EMP-1017,REG-04,Retail Store,25,18833.49,0.02,461420.51,251549.65,209870.86,424506.87,Completed
ORD-HG-11304,2023-06-11,2023-06,CUST-1435,PROD-106,EMP-1001,REG-03,Enterprise Partner,16,40020.51,0.03,621118.32,273857.77,347260.55,571428.85,Completed
ORD-HG-11305,2023-06-11,2023-06,CUST-1070,PROD-109,EMP-1034,REG-02,Retail Store,26,40754.7,0.03,1027833.53,478422.29,549411.24,945606.85,Completed
ORD-HG-11306,2023-06-11,2023-06,CUST-1315,PROD-113,EMP-1022,REG-04,Enterprise Partner,23,8986.41,0.04,198419.93,97331.62,101088.31,182546.34,Completed
ORD-HG-11307,2023-06-11,2023-06,CUST-1026,PROD-105,EMP-1001,REG-01,Field Sales,29,37478.76,0.03,1054277.52,526715.92,527561.6,969935.32,Completed
ORD-HG-11308,2023-06-12,2023-06,CUST-1317,PROD-115,EMP-1014,REG-04,Direct Online,35,38653.01,0.01,1339326.8,546487.68,792839.12,1232180.66,Completed
ORD-HG-11309,2023-06-12,2023-06,CUST-1378,PROD-108,EMP-1009,REG-01,Field Sales,8,19841.49,0.02,155557.28,74012.22,81545.06,143112.7,Completed
ORD-HG-11310,2023-06-12,2023-06,CUST-1019,PROD-104,EMP-1008,REG-01,Field Sales,42,10711.35,0.03,436380.4,189282.11,247098.29,401469.97,Completed
ORD-HG-11311,2023-06-12,2023-06,CUST-1350,PROD-101,EMP-1004,REG-03,Retail Store,34,12273.82,0.02,408963.68,178319.82,230643.86,376246.59,Completed
ORD-HG-11312,2023-06-12,2023-06,CUST-1280,PROD-118,EMP-1042,REG-01,Field Sales,35,11890.79,0.03,403692.32,212442.37,191249.95,371396.93,Completed
ORD-HG-11313,2023-06-12,2023-06,CUST-1423,PROD-115,EMP-1039,REG-04,Retail Store,12,22434.11,0.01,266517.23,129311.93,137205.3,245195.85,Completed
ORD-HG-11314,2023-06-12,2023-06,CUST-1490,PROD-107,EMP-1023,REG-04,Retail Store,32,11567.1,0.04,355341.31,165522.26,189819.05,326914.01,Completed
ORD-HG-11315,2023-06-13,2023-06,CUST-1492,PROD-118,EMP-1036,REG-01,Retail Store,7,14757.84,0.01,102271.83,47224.89,55046.94,94090.08,Completed
ORD-HG-11316,2023-06-13,2023-06,CUST-1033,PROD-119,EMP-1027,REG-03,Enterprise Partner,20,43944.66,0.0,878893.2,466876.28,412016.92,808581.74,Completed
ORD-HG-11317,2023-06-13,2023-06,CUST-1395,PROD-120,EMP-1047,REG-04,Direct Online,11,16347.72,0.01,178026.67,81869.94,96156.73,163784.54,Completed
ORD-HG-11318,2023-06-14,2023-06,CUST-1049,PROD-123,EMP-1047,REG-02,Retail Store,21,18106.35,0.04,365024.02,157092.74,207931.28,335822.1,Completed
ORD-HG-11319,2023-06-14,2023-06,CUST-1393,PROD-108,EMP-1002,REG-01,Retail Store,24,18234.69,0.01,433256.23,234336.82,198919.41,398595.73,Completed
ORD-HG-11320,2023-06-14,2023-06,CUST-1026,PROD-115,EMP-1020,REG-01,Enterprise Partner,7,20617.2,0.02,141433.99,68569.67,72864.32,130119.27,Completed
ORD-HG-11321,2023-06-14,2023-06,CUST-1281,PROD-108,EMP-1027,REG-04,Field Sales,5,10131.86,0.01,50152.71,23675.8,26476.91,46140.49,Completed
ORD-HG-11322,2023-06-14,2023-06,CUST-1158,PROD-120,EMP-1030,REG-02,Retail Store,40,8876.24,0.02,347948.61,178618.17,169330.44,320112.72,Completed
ORD-HG-11323,2023-06-14,2023-06,CUST-1274,PROD-123,EMP-1045,REG-04,Direct Online,6,37248.95,0.03,216788.89,102151.36,114637.53,199445.78,Completed
ORD-HG-11324,2023-06-14,2023-06,CUST-1294,PROD-109,EMP-1031,REG-02,Direct Online,35,11976.92,0.04,402424.51,187234.53,215189.98,370230.55,Completed
ORD-HG-11325,2023-06-15,2023-06,CUST-1063,PROD-102,EMP-1048,REG-02,Enterprise Partner,7,19660.45,0.04,132118.22,55399.22,76719.0,121548.76,Completed
ORD-HG-11326,2023-06-15,2023-06,CUST-1056,PROD-124,EMP-1030,REG-03,Retail Store,25,6587.45,0.01,163039.39,77711.76,85327.63,149996.24,Completed
ORD-HG-11327,2023-06-15,2023-06,CUST-1244,PROD-107,EMP-1030,REG-04,Retail Store,10,6246.62,0.02,61216.88,28217.13,32999.75,56319.53,Completed
ORD-HG-11328,2023-06-15,2023-06,CUST-1210,PROD-113,EMP-1041,REG-04,Field Sales,30,43330.7,0.02,1273922.58,695717.36,578205.22,1172008.77,Completed
ORD-HG-11329,2023-06-15,2023-06,CUST-1066,PROD-107,EMP-1002,REG-01,Direct Online,10,19177.94,0.03,186026.02,79210.62,106815.4,171143.94,Completed
ORD-HG-11330,2023-06-15,2023-06,CUST-1169,PROD-117,EMP-1030,REG-05,Direct Online,13,8949.47,0.01,115179.68,49675.06,65504.62,105965.31,Completed
ORD-HG-11331,2023-06-15,2023-06,CUST-1075,PROD-121,EMP-1019,REG-04,Field Sales,22,5870.52,0.02,126568.41,66939.48,59628.93,116442.94,Completed
ORD-HG-11332,2023-06-15,2023-06,CUST-1185,PROD-120,EMP-1036,REG-05,Enterprise Partner,16,28140.88,0.04,432243.92,211885.28,220358.64,397664.41,Completed
ORD-HG-11333,2023-06-15,2023-06,CUST-1458,PROD-113,EMP-1009,REG-05,Retail Store,24,10414.79,0.05,237457.21,113389.65,124067.56,218460.63,Completed
ORD-HG-11334,2023-06-15,2023-06,CUST-1283,PROD-103,EMP-1023,REG-04,Retail Store,24,10410.67,0.02,244858.96,127777.37,117081.59,225270.24,Completed
ORD-HG-11335,2023-06-16,2023-06,CUST-1137,PROD-101,EMP-1020,REG-02,Direct Online,10,12131.69,0.03,117677.39,58962.54,58714.85,108263.2,Completed
ORD-HG-11336,2023-06-16,2023-06,CUST-1350,PROD-103,EMP-1014,REG-03,Retail Store,28,16599.39,0.01,460135.09,236371.11,223763.98,423324.28,Completed
ORD-HG-11337,2023-06-16,2023-06,CUST-1216,PROD-111,EMP-1024,REG-02,Direct Online,29,13436.22,0.02,381857.37,181665.92,200191.45,351308.78,Completed
ORD-HG-11338,2023-06-16,2023-06,CUST-1090,PROD-124,EMP-1031,REG-04,Retail Store,33,24063.38,0.05,754386.96,404877.49,349509.47,694036.0,Completed
ORD-HG-11339,2023-06-16,2023-06,CUST-1045,PROD-110,EMP-1023,REG-02,Field Sales,26,34556.79,0.04,862537.48,456677.2,405860.28,793534.48,Completed
ORD-HG-11340,2023-06-16,2023-06,CUST-1427,PROD-102,EMP-1025,REG-05,Direct Online,44,25109.71,0.04,1060634.15,468089.54,592544.61,975783.42,Completed
ORD-HG-11341,2023-06-17,2023-06,CUST-1277,PROD-113,EMP-1038,REG-03,Direct Online,34,13202.81,0.04,430939.72,204710.79,226228.93,396464.54,Completed
ORD-HG-11342,2023-06-17,2023-06,CUST-1190,PROD-115,EMP-1005,REG-04,Retail Store,31,36910.93,0.01,1132796.44,467018.12,665778.32,1042172.72,Completed
ORD-HG-11343,2023-06-17,2023-06,CUST-1281,PROD-102,EMP-1049,REG-02,Retail Store,24,40991.07,0.0,983785.68,486485.81,497299.87,905082.83,Completed
ORD-HG-11344,2023-06-17,2023-06,CUST-1491,PROD-102,EMP-1015,REG-04,Direct Online,11,39483.24,0.04,416943.01,179458.52,237484.49,383587.57,Completed
ORD-HG-11345,2023-06-17,2023-06,CUST-1455,PROD-101,EMP-1001,REG-05,Enterprise Partner,43,11654.91,0.0,501161.13,266251.84,234909.29,461068.24,Completed
ORD-HG-11346,2023-06-17,2023-06,CUST-1057,PROD-103,EMP-1019,REG-05,Field Sales,14,35284.1,0.03,479158.08,200902.59,278255.49,440825.43,Completed
ORD-HG-11347,2023-06-17,2023-06,CUST-1211,PROD-106,EMP-1034,REG-03,Retail Store,28,36045.29,0.01,999175.44,475321.22,523854.22,919241.4,Completed
ORD-HG-11348,2023-06-17,2023-06,CUST-1121,PROD-117,EMP-1042,REG-04,Direct Online,40,22671.47,0.03,879653.04,431831.34,447821.7,809280.8,Completed
ORD-HG-11349,2023-06-17,2023-06,CUST-1159,PROD-123,EMP-1007,REG-03,Retail Store,6,10632.66,0.04,61244.12,30184.12,31060.0,56344.59,Completed
ORD-HG-11350,2023-06-17,2023-06,CUST-1045,PROD-103,EMP-1029,REG-05,Retail Store,37,5142.99,0.02,186484.82,100001.16,86483.66,171566.03,Completed
ORD-HG-11351,2023-06-18,2023-06,CUST-1430,PROD-115,EMP-1030,REG-04,Enterprise Partner,30,27322.85,0.03,795094.94,436732.84,358362.1,731487.34,Completed
ORD-HG-11352,2023-06-18,2023-06,CUST-1303,PROD-111,EMP-1024,REG-01,Retail Store,12,15169.11,0.03,176568.44,71854.12,104714.32,162442.96,Completed
ORD-HG-11353,2023-06-18,2023-06,CUST-1139,PROD-109,EMP-1016,REG-02,Direct Online,17,22306.7,0.04,364045.34,165746.93,198298.41,334921.71,Completed
ORD-HG-11354,2023-06-18,2023-06,CUST-1046,PROD-120,EMP-1031,REG-04,Direct Online,20,23715.91,0.02,464831.84,247931.67,216900.17,427645.29,Completed
ORD-HG-11355,2023-06-18,2023-06,CUST-1020,PROD-102,EMP-1036,REG-03,Direct Online,20,35770.17,0.03,693941.3,302848.0,391093.3,638426.0,Completed
ORD-HG-11356,2023-06-19,2023-06,CUST-1433,PROD-114,EMP-1018,REG-02,Direct Online,15,19957.38,0.04,287386.27,140130.37,147255.9,264395.37,Completed
ORD-HG-11357,2023-06-19,2023-06,CUST-1168,PROD-124,EMP-1043,REG-02,Retail Store,17,6237.84,0.03,102861.98,55671.38,47190.6,94633.02,Completed
ORD-HG-11358,2023-06-19,2023-06,CUST-1261,PROD-115,EMP-1034,REG-03,Direct Online,30,13527.34,0.02,397703.8,193013.59,204690.21,365887.5,Completed
ORD-HG-11359,2023-06-19,2023-06,CUST-1006,PROD-102,EMP-1040,REG-04,Field Sales,25,25284.78,0.04,606834.72,259230.08,347604.64,558287.94,Completed
ORD-HG-11360,2023-06-19,2023-06,CUST-1193,PROD-110,EMP-1012,REG-05,Retail Store,17,5048.25,0.03,83245.64,35818.32,47427.32,76585.99,Completed
ORD-HG-11361,2023-06-19,2023-06,CUST-1415,PROD-112,EMP-1031,REG-04,Direct Online,37,15121.85,0.0,559508.45,225232.54,334275.91,514747.77,Completed
ORD-HG-11362,2023-06-19,2023-06,CUST-1231,PROD-103,EMP-1032,REG-01,Retail Store,31,37891.07,0.02,1151130.71,508998.62,642132.09,1059040.25,Completed
ORD-HG-11363,2023-06-19,2023-06,CUST-1361,PROD-106,EMP-1028,REG-01,Retail Store,8,17004.77,0.02,133317.4,60295.29,73022.11,122652.01,Completed
ORD-HG-11364,2023-06-19,2023-06,CUST-1495,PROD-111,EMP-1027,REG-02,Retail Store,27,14188.97,0.02,375440.15,175386.41,200053.74,345404.94,Completed
ORD-HG-11365,2023-06-19,2023-06,CUST-1059,PROD-108,EMP-1029,REG-01,Field Sales,35,23822.95,0.03,808789.15,436818.02,371971.13,744086.02,Completed
ORD-HG-11366,2023-06-19,2023-06,CUST-1125,PROD-124,EMP-1032,REG-05,Direct Online,39,19300.56,0.02,737667.4,329678.0,407989.4,678654.01,Completed
ORD-HG-11367,2023-06-20,2023-06,CUST-1066,PROD-103,EMP-1019,REG-04,Enterprise Partner,19,10723.71,0.01,201712.99,86925.59,114787.4,185575.95,Completed
ORD-HG-11368,2023-06-20,2023-06,CUST-1498,PROD-103,EMP-1001,REG-05,Retail Store,8,11575.39,0.0,92603.12,49167.19,43435.93,85194.87,Completed
ORD-HG-11369,2023-06-20,2023-06,CUST-1079,PROD-123,EMP-1022,REG-02,Field Sales,30,32819.03,0.03,955033.77,447426.21,507607.56,878631.07,Completed
ORD-HG-11370,2023-06-20,2023-06,CUST-1417,PROD-123,EMP-1007,REG-02,Retail Store,18,30056.57,0.01,535608.08,228792.54,306815.54,492759.43,Completed
ORD-HG-11371,2023-06-20,2023-06,CUST-1080,PROD-111,EMP-1006,REG-05,Direct Online,23,10296.75,0.01,234457.0,128283.63,106173.37,215700.44,Completed
ORD-HG-11372,2023-06-20,2023-06,CUST-1042,PROD-109,EMP-1038,REG-02,Direct Online,34,12476.2,0.04,407223.17,192247.11,214976.06,374645.32,Completed
ORD-HG-11373,2023-06-20,2023-06,CUST-1072,PROD-114,EMP-1007,REG-01,Direct Online,40,19833.04,0.05,753655.52,409638.45,344017.07,693363.08,Completed
ORD-HG-11374,2023-06-20,2023-06,CUST-1247,PROD-113,EMP-1028,REG-03,Direct Online,10,8544.78,0.03,82884.37,39616.6,43267.77,76253.62,Completed
ORD-HG-11375,2023-06-20,2023-06,CUST-1356,PROD-114,EMP-1007,REG-01,Retail Store,14,31513.06,0.03,427947.35,172381.9,255565.45,393711.56,Completed
ORD-HG-11376,2023-06-20,2023-06,CUST-1323,PROD-124,EMP-1029,REG-02,Enterprise Partner,43,13238.28,0.03,552168.66,287443.98,264724.68,507995.17,Completed
ORD-HG-11377,2023-06-20,2023-06,CUST-1237,PROD-119,EMP-1030,REG-03,Field Sales,43,27912.89,0.03,1164246.64,607054.29,557192.35,1071106.91,Completed
ORD-HG-11378,2023-06-20,2023-06,CUST-1342,PROD-109,EMP-1047,REG-04,Direct Online,35,12672.38,0.01,439097.97,234206.64,204891.33,403970.13,Completed
ORD-HG-11379,2023-06-20,2023-06,CUST-1279,PROD-116,EMP-1044,REG-01,Enterprise Partner,7,27764.05,0.02,190461.38,95688.56,94772.82,175224.47,Completed
ORD-HG-11380,2023-06-20,2023-06,CUST-1477,PROD-104,EMP-1034,REG-04,Direct Online,9,38198.38,0.0,343785.42,182642.67,161142.75,316282.59,Completed
ORD-HG-11381,2023-06-20,2023-06,CUST-1397,PROD-123,EMP-1013,REG-01,Field Sales,28,13955.48,0.02,382938.37,198169.88,184768.49,352303.3,Completed
ORD-HG-11382,2023-06-21,2023-06,CUST-1100,PROD-114,EMP-1037,REG-01,Direct Online,16,43392.06,0.01,687330.23,360727.37,326602.86,632343.81,Completed
ORD-HG-11383,2023-06-21,2023-06,CUST-1234,PROD-103,EMP-1008,REG-01,Retail Store,17,20192.48,0.03,332974.0,172628.57,160345.43,306336.08,Completed
ORD-HG-11384,2023-06-21,2023-06,CUST-1263,PROD-110,EMP-1042,REG-04,Retail Store,7,30435.28,0.03,206655.55,107645.98,99009.57,190123.11,Completed
ORD-HG-11385,2023-06-21,2023-06,CUST-1346,PROD-105,EMP-1039,REG-02,Direct Online,14,18688.66,0.03,253792.0,139311.96,114480.04,233488.64,Completed
ORD-HG-11386,2023-06-21,2023-06,CUST-1122,PROD-121,EMP-1019,REG-01,Direct Online,18,11285.34,0.01,201104.76,83484.05,117620.71,185016.38,Completed
ORD-HG-11387,2023-06-21,2023-06,CUST-1276,PROD-105,EMP-1021,REG-04,Direct Online,41,42449.45,0.04,1670810.35,828366.07,842444.28,1537145.52,Completed
ORD-HG-11388,2023-06-21,2023-06,CUST-1305,PROD-116,EMP-1044,REG-03,Enterprise Partner,17,43243.38,0.02,720434.71,300436.85,419997.86,662799.93,Completed
ORD-HG-11389,2023-06-22,2023-06,CUST-1215,PROD-116,EMP-1022,REG-04,Enterprise Partner,10,33564.6,0.03,325576.62,158630.85,166945.77,299530.49,Completed
ORD-HG-11390,2023-06-22,2023-06,CUST-1315,PROD-111,EMP-1046,REG-05,Field Sales,20,8478.38,0.01,167871.92,82922.95,84948.97,154442.17,Completed
ORD-HG-11391,2023-06-22,2023-06,CUST-1415,PROD-115,EMP-1001,REG-05,Field Sales,21,24173.88,0.02,497498.45,202301.55,295196.9,457698.57,Completed
ORD-HG-11392,2023-06-22,2023-06,CUST-1234,PROD-110,EMP-1026,REG-01,Retail Store,41,13349.6,0.02,536386.93,273538.89,262848.04,493475.98,Completed
ORD-HG-11393,2023-06-22,2023-06,CUST-1064,PROD-117,EMP-1037,REG-03,Enterprise Partner,27,31962.19,0.05,819830.17,428255.23,391574.94,754243.76,Completed
ORD-HG-11394,2023-06-23,2023-06,CUST-1040,PROD-124,EMP-1021,REG-02,Retail Store,16,36905.14,0.01,584577.42,318819.8,265757.62,537811.23,Completed
ORD-HG-11395,2023-06-23,2023-06,CUST-1052,PROD-115,EMP-1024,REG-02,Direct Online,35,13791.73,0.02,473056.34,189499.46,283556.88,435211.83,Completed
ORD-HG-11396,2023-06-23,2023-06,CUST-1160,PROD-104,EMP-1034,REG-04,Retail Store,6,34967.07,0.04,201410.32,93361.84,108048.48,185297.49,Completed
ORD-HG-11397,2023-06-23,2023-06,CUST-1309,PROD-122,EMP-1047,REG-03,Retail Store,39,37000.57,0.01,1428592.01,766265.79,662326.22,1314304.65,Completed
ORD-HG-11398,2023-06-23,2023-06,CUST-1259,PROD-105,EMP-1026,REG-05,Enterprise Partner,22,10202.66,0.05,213235.59,108189.93,105045.66,196176.74,Completed
ORD-HG-11399,2023-06-23,2023-06,CUST-1128,PROD-124,EMP-1020,REG-01,Direct Online,41,9064.64,0.02,364217.24,148424.31,215792.93,335079.86,Completed
ORD-HG-11400,2023-06-23,2023-06,CUST-1135,PROD-103,EMP-1036,REG-02,Enterprise Partner,8,41629.68,0.04,319715.94,150037.66,169678.28,294138.66,Completed
ORD-HG-11401,2023-06-23,2023-06,CUST-1264,PROD-103,EMP-1029,REG-05,Direct Online,26,18865.5,0.03,475787.91,225899.14,249888.77,437724.88,Completed
ORD-HG-11402,2023-06-23,2023-06,CUST-1436,PROD-108,EMP-1037,REG-03,Direct Online,44,15227.05,0.0,669990.2,307103.86,362886.34,616390.98,Completed
ORD-HG-11403,2023-06-23,2023-06,CUST-1103,PROD-108,EMP-1039,REG-04,Retail Store,5,43125.15,0.0,215625.75,90609.98,125015.77,198375.69,Completed
ORD-HG-11404,2023-06-23,2023-06,CUST-1345,PROD-110,EMP-1006,REG-03,Enterprise Partner,25,13577.74,0.04,325865.76,172295.13,153570.63,299796.5,Completed
ORD-HG-11405,2023-06-24,2023-06,CUST-1024,PROD-120,EMP-1027,REG-01,Enterprise Partner,14,35769.01,0.02,490750.82,220573.67,270177.15,451490.75,Completed
ORD-HG-11406,2023-06-24,2023-06,CUST-1127,PROD-102,EMP-1021,REG-04,Retail Store,18,7699.03,0.03,134425.06,54322.64,80102.42,123671.06,Completed
ORD-HG-11407,2023-06-24,2023-06,CUST-1072,PROD-106,EMP-1040,REG-04,Direct Online,42,17626.33,0.02,725499.74,322908.87,402590.87,667459.76,Completed
ORD-HG-11408,2023-06-24,2023-06,CUST-1350,PROD-111,EMP-1029,REG-03,Retail Store,11,44390.17,0.03,473643.11,199746.7,273896.41,435751.66,Completed
ORD-HG-11409,2023-06-24,2023-06,CUST-1264,PROD-111,EMP-1034,REG-04,Direct Online,24,10020.69,0.02,235686.63,94427.35,141259.28,216831.7,Completed
ORD-HG-11410,2023-06-24,2023-06,CUST-1428,PROD-116,EMP-1015,REG-03,Enterprise Partner,42,15977.3,0.01,664336.13,349487.19,314848.94,611189.24,Completed
ORD-HG-11411,2023-06-24,2023-06,CUST-1478,PROD-122,EMP-1021,REG-01,Field Sales,17,12395.39,0.01,208614.41,93013.26,115601.15,191925.26,Completed
ORD-HG-11412,2023-06-24,2023-06,CUST-1276,PROD-102,EMP-1033,REG-04,Direct Online,15,30828.41,0.03,448553.37,221812.09,226741.28,412669.1,Completed
ORD-HG-11413,2023-06-24,2023-06,CUST-1456,PROD-103,EMP-1029,REG-01,Direct Online,7,31579.42,0.02,216634.82,103244.51,113390.31,199304.03,Completed
ORD-HG-11414,2023-06-24,2023-06,CUST-1083,PROD-115,EMP-1011,REG-04,Field Sales,5,21810.46,0.03,105780.73,51691.15,54089.58,97318.27,Completed
ORD-HG-11415,2023-06-24,2023-06,CUST-1260,PROD-118,EMP-1014,REG-04,Field Sales,7,6230.97,0.04,41872.12,18542.27,23329.85,38522.35,Completed
ORD-HG-11416,2023-06-24,2023-06,CUST-1181,PROD-110,EMP-1028,REG-04,Retail Store,31,29338.25,0.04,873106.32,436487.18,436619.14,803257.81,Completed
ORD-HG-11417,2023-06-25,2023-06,CUST-1103,PROD-103,EMP-1041,REG-01,Direct Online,18,16795.3,0.04,290222.78,143679.7,146543.08,267004.96,Completed
ORD-HG-11418,2023-06-25,2023-06,CUST-1416,PROD-123,EMP-1039,REG-03,Direct Online,29,7133.54,0.01,204803.93,93049.67,111754.26,188419.62,Completed
ORD-HG-11419,2023-06-25,2023-06,CUST-1047,PROD-122,EMP-1016,REG-01,Enterprise Partner,38,40628.78,0.02,1513015.77,778121.41,734894.36,1391974.51,Completed
ORD-HG-11420,2023-06-25,2023-06,CUST-1199,PROD-115,EMP-1019,REG-04,Retail Store,6,22355.63,0.04,128768.43,54074.46,74693.97,118466.96,Completed
ORD-HG-11421,2023-06-25,2023-06,CUST-1068,PROD-115,EMP-1010,REG-01,Retail Store,31,36347.44,0.0,1126770.64,549551.57,577219.07,1036628.99,Completed
ORD-HG-11422,2023-06-26,2023-06,CUST-1433,PROD-103,EMP-1023,REG-04,Field Sales,15,34969.49,0.01,519296.93,236652.69,282644.24,477753.18,Completed
ORD-HG-11423,2023-06-26,2023-06,CUST-1023,PROD-101,EMP-1017,REG-05,Retail Store,40,15686.16,0.03,608623.01,298205.77,310417.24,559933.17,Completed
ORD-HG-11424,2023-06-26,2023-06,CUST-1341,PROD-117,EMP-1023,REG-02,Direct Online,30,29897.29,0.04,861041.95,404977.94,456064.01,792158.59,Completed
ORD-HG-11425,2023-06-26,2023-06,CUST-1272,PROD-103,EMP-1047,REG-03,Direct Online,30,16847.7,0.02,495322.38,199962.94,295359.44,455696.59,Completed
ORD-HG-11426,2023-06-27,2023-06,CUST-1417,PROD-102,EMP-1044,REG-05,Field Sales,26,32905.65,0.02,838435.96,381458.23,456977.73,771361.08,Completed
ORD-HG-11427,2023-06-27,2023-06,CUST-1257,PROD-111,EMP-1002,REG-01,Enterprise Partner,32,36799.22,0.01,1165799.29,482305.26,683494.03,1072535.35,Completed
ORD-HG-11428,2023-06-27,2023-06,CUST-1190,PROD-121,EMP-1013,REG-05,Direct Online,30,40947.86,0.04,1179298.37,553520.89,625777.48,1084954.5,Completed
ORD-HG-11429,2023-06-27,2023-06,CUST-1368,PROD-106,EMP-1039,REG-02,Retail Store,35,23886.41,0.02,819303.86,393272.73,426031.13,753759.55,Completed
ORD-HG-11430,2023-06-27,2023-06,CUST-1490,PROD-104,EMP-1032,REG-05,Direct Online,43,34395.62,0.01,1464221.54,662647.27,801574.27,1347083.82,Completed
ORD-HG-11431,2023-06-27,2023-06,CUST-1178,PROD-115,EMP-1028,REG-04,Field Sales,38,21812.61,0.01,820590.39,390183.39,430407.0,754943.16,Completed
ORD-HG-11432,2023-06-27,2023-06,CUST-1379,PROD-114,EMP-1023,REG-02,Direct Online,22,14900.8,0.01,324539.42,137735.68,186803.74,298576.27,Completed
ORD-HG-11433,2023-06-28,2023-06,CUST-1366,PROD-119,EMP-1014,REG-01,Direct Online,28,36442.94,0.04,979586.23,423342.92,556243.31,901219.33,Completed
ORD-HG-11434,2023-06-28,2023-06,CUST-1430,PROD-109,EMP-1031,REG-03,Retail Store,31,6522.81,0.02,198162.97,98804.98,99357.99,182309.93,Completed
ORD-HG-11435,2023-06-28,2023-06,CUST-1306,PROD-116,EMP-1026,REG-02,Field Sales,33,11281.22,0.05,353666.25,147307.97,206358.28,325372.95,Completed
ORD-HG-11436,2023-06-28,2023-06,CUST-1337,PROD-123,EMP-1036,REG-03,Field Sales,42,41854.39,0.04,1687569.0,896430.84,791138.16,1552563.48,Completed
ORD-HG-11437,2023-06-28,2023-06,CUST-1181,PROD-108,EMP-1001,REG-01,Direct Online,42,26583.81,0.04,1071859.22,576598.46,495260.76,986110.48,Completed
ORD-HG-11438,2023-06-28,2023-06,CUST-1210,PROD-113,EMP-1022,REG-05,Direct Online,37,33739.52,0.04,1198427.75,568999.4,629428.35,1102553.53,Completed
ORD-HG-11439,2023-06-28,2023-06,CUST-1072,PROD-101,EMP-1005,REG-01,Direct Online,44,6895.9,0.04,291282.82,125573.52,165709.3,267980.19,Completed
ORD-HG-11440,2023-06-28,2023-06,CUST-1236,PROD-103,EMP-1001,REG-01,Field Sales,38,18092.53,0.05,653140.33,301177.41,351962.92,600889.1,Completed
ORD-HG-11441,2023-06-28,2023-06,CUST-1240,PROD-115,EMP-1043,REG-01,Field Sales,13,18951.61,0.02,241443.51,124677.8,116765.71,222128.03,Completed
ORD-HG-11442,2023-06-28,2023-06,CUST-1121,PROD-112,EMP-1036,REG-05,Retail Store,12,10708.98,0.01,127222.68,63258.2,63964.48,117044.87,Completed
ORD-HG-11443,2023-06-29,2023-06,CUST-1040,PROD-102,EMP-1027,REG-01,Retail Store,20,13476.65,0.04,258751.68,124305.84,134445.84,238051.55,Completed
ORD-HG-11444,2023-06-29,2023-06,CUST-1012,PROD-103,EMP-1008,REG-04,Retail Store,24,21557.16,0.03,501850.68,221374.77,280475.91,461702.63,Completed
ORD-HG-11445,2023-06-29,2023-06,CUST-1221,PROD-111,EMP-1044,REG-03,Enterprise Partner,16,6552.92,0.04,100652.85,52091.69,48561.16,92600.62,Completed
ORD-HG-11446,2023-06-29,2023-06,CUST-1240,PROD-107,EMP-1026,REG-01,Field Sales,30,11283.21,0.01,335111.34,168540.6,166570.74,308302.43,Completed
ORD-HG-11447,2023-06-29,2023-06,CUST-1383,PROD-112,EMP-1027,REG-01,Retail Store,43,27754.59,0.02,1169578.42,580537.12,589041.3,1076012.15,Completed
ORD-HG-11448,2023-06-29,2023-06,CUST-1247,PROD-120,EMP-1026,REG-04,Direct Online,41,23152.97,0.02,930286.33,390494.43,539791.9,855863.42,Completed
ORD-HG-11449,2023-06-30,2023-06,CUST-1366,PROD-124,EMP-1012,REG-01,Field Sales,7,13531.35,0.0,94719.45,49154.0,45565.45,87141.89,Completed
ORD-HG-11450,2023-06-30,2023-06,CUST-1495,PROD-105,EMP-1047,REG-01,Retail Store,35,24567.63,0.03,834071.04,333908.95,500162.09,767345.36,Completed
ORD-HG-11451,2023-06-30,2023-06,CUST-1027,PROD-124,EMP-1005,REG-03,Direct Online,9,33046.41,0.04,285520.98,114508.66,171012.32,262679.3,Completed
ORD-HG-11452,2023-06-30,2023-06,CUST-1022,PROD-118,EMP-1036,REG-04,Direct Online,7,41704.1,0.02,286090.13,136471.88,149618.25,263202.92,Completed
ORD-HG-11453,2023-06-30,2023-06,CUST-1336,PROD-109,EMP-1020,REG-02,Direct Online,23,36903.99,0.02,831815.93,442884.02,388931.91,765270.66,Completed
ORD-HG-11454,2023-07-01,2023-07,CUST-1474,PROD-101,EMP-1029,REG-02,Enterprise Partner,43,6593.56,0.01,280687.85,121879.42,158808.43,258232.82,Completed
ORD-HG-11455,2023-07-01,2023-07,CUST-1022,PROD-124,EMP-1023,REG-05,Retail Store,24,23314.58,0.02,548358.92,301018.1,247340.82,504490.21,Completed
ORD-HG-11456,2023-07-01,2023-07,CUST-1168,PROD-101,EMP-1021,REG-02,Field Sales,10,40832.74,0.0,408327.4,163942.83,244384.57,375661.21,Completed
ORD-HG-11457,2023-07-01,2023-07,CUST-1354,PROD-114,EMP-1037,REG-05,Enterprise Partner,27,12598.74,0.01,336764.32,160659.47,176104.85,309823.17,Completed
ORD-HG-11458,2023-07-01,2023-07,CUST-1478,PROD-110,EMP-1021,REG-03,Enterprise Partner,10,44619.4,0.04,428346.24,220705.69,207640.55,394078.54,Completed
ORD-HG-11459,2023-07-01,2023-07,CUST-1186,PROD-114,EMP-1010,REG-02,Enterprise Partner,37,43749.31,0.01,1602537.23,675836.31,926700.92,1474334.25,Completed
ORD-HG-11460,2023-07-01,2023-07,CUST-1421,PROD-112,EMP-1037,REG-05,Direct Online,36,26647.67,0.02,940129.8,407866.51,532263.29,864919.42,Completed
ORD-HG-11461,2023-07-01,2023-07,CUST-1297,PROD-117,EMP-1020,REG-05,Enterprise Partner,24,16592.91,0.05,378318.35,197714.11,180604.24,348052.88,Completed
ORD-HG-11462,2023-07-02,2023-07,CUST-1141,PROD-117,EMP-1026,REG-02,Enterprise Partner,20,31646.18,0.05,601277.42,258124.07,343153.35,553175.23,Completed
ORD-HG-11463,2023-07-02,2023-07,CUST-1226,PROD-109,EMP-1001,REG-03,Enterprise Partner,11,5755.88,0.02,62048.39,29428.58,32619.81,57084.52,Completed
ORD-HG-11464,2023-07-02,2023-07,CUST-1061,PROD-101,EMP-1046,REG-01,Retail Store,30,16715.84,0.02,491445.7,205608.32,285837.38,452130.04,Completed
ORD-HG-11465,2023-07-02,2023-07,CUST-1338,PROD-102,EMP-1002,REG-03,Enterprise Partner,19,42030.02,0.03,774613.27,361723.7,412889.57,712644.21,Completed
ORD-HG-11466,2023-07-03,2023-07,CUST-1196,PROD-109,EMP-1015,REG-05,Enterprise Partner,43,13227.03,0.02,557387.04,302230.76,255156.28,512796.08,Completed
ORD-HG-11467,2023-07-03,2023-07,CUST-1469,PROD-112,EMP-1022,REG-01,Field Sales,26,8925.72,0.05,220465.28,113363.36,107101.92,202828.06,Completed
ORD-HG-11468,2023-07-04,2023-07,CUST-1117,PROD-110,EMP-1043,REG-01,Direct Online,10,44133.84,0.01,436925.02,180028.66,256896.36,401971.02,Completed
ORD-HG-11469,2023-07-04,2023-07,CUST-1412,PROD-109,EMP-1042,REG-03,Field Sales,40,11322.93,0.03,439329.68,199350.42,239979.26,404183.31,Completed
ORD-HG-11470,2023-07-04,2023-07,CUST-1419,PROD-124,EMP-1037,REG-03,Direct Online,22,11853.6,0.04,250348.03,123929.61,126418.42,230320.19,Completed
ORD-HG-11471,2023-07-04,2023-07,CUST-1027,PROD-103,EMP-1004,REG-04,Direct Online,22,30719.88,0.0,675837.36,295800.1,380037.26,621770.37,Completed
ORD-HG-11472,2023-07-04,2023-07,CUST-1409,PROD-120,EMP-1020,REG-04,Enterprise Partner,29,6294.81,0.01,180724.0,86025.29,94698.71,166266.08,Completed
ORD-HG-11473,2023-07-04,2023-07,CUST-1020,PROD-113,EMP-1004,REG-03,Retail Store,36,41159.37,0.0,1481737.32,801214.96,680522.36,1363198.33,Completed
ORD-HG-11474,2023-07-04,2023-07,CUST-1140,PROD-110,EMP-1040,REG-01,Enterprise Partner,19,27456.58,0.05,495591.27,210200.79,285390.48,455943.97,Completed
ORD-HG-11475,2023-07-04,2023-07,CUST-1436,PROD-121,EMP-1004,REG-04,Retail Store,44,15960.61,0.0,702266.84,357623.93,344642.91,646085.49,Completed
ORD-HG-11476,2023-07-05,2023-07,CUST-1137,PROD-103,EMP-1025,REG-01,Field Sales,24,16417.7,0.02,386144.3,194666.32,191477.98,355252.76,Completed
ORD-HG-11477,2023-07-05,2023-07,CUST-1315,PROD-113,EMP-1036,REG-04,Field Sales,19,26879.55,0.01,505604.34,273361.02,232243.32,465155.99,Completed
ORD-HG-11478,2023-07-05,2023-07,CUST-1062,PROD-112,EMP-1040,REG-01,Field Sales,9,27248.58,0.01,242784.85,133170.33,109614.52,223362.06,Completed
ORD-HG-11479,2023-07-05,2023-07,CUST-1474,PROD-105,EMP-1021,REG-03,Direct Online,37,36750.23,0.03,1318965.75,564555.71,754410.04,1213448.49,Completed
ORD-HG-11480,2023-07-05,2023-07,CUST-1026,PROD-123,EMP-1016,REG-03,Retail Store,36,37569.95,0.05,1284892.29,657617.52,627274.77,1182100.91,Completed
ORD-HG-11481,2023-07-05,2023-07,CUST-1458,PROD-101,EMP-1037,REG-01,Retail Store,44,36026.51,0.01,1569314.78,637625.02,931689.76,1443769.6,Completed
ORD-HG-11482,2023-07-05,2023-07,CUST-1089,PROD-121,EMP-1002,REG-05,Field Sales,39,12798.94,0.01,494167.07,243719.92,250447.15,454633.7,Completed
ORD-HG-11483,2023-07-05,2023-07,CUST-1136,PROD-117,EMP-1014,REG-04,Direct Online,39,20763.83,0.04,777397.8,371844.59,405553.21,715205.98,Completed
ORD-HG-11484,2023-07-05,2023-07,CUST-1353,PROD-115,EMP-1008,REG-03,Retail Store,21,27191.73,0.02,559605.8,235755.53,323850.27,514837.34,Completed
ORD-HG-11485,2023-07-05,2023-07,CUST-1169,PROD-117,EMP-1001,REG-01,Direct Online,34,33389.56,0.02,1112540.14,565121.05,547419.09,1023536.93,Completed
ORD-HG-11486,2023-07-06,2023-07,CUST-1147,PROD-118,EMP-1004,REG-02,Enterprise Partner,17,39509.69,0.04,644798.14,342240.17,302557.97,593214.29,Completed
ORD-HG-11487,2023-07-06,2023-07,CUST-1169,PROD-115,EMP-1017,REG-01,Field Sales,41,12784.98,0.03,508458.65,235833.67,272624.98,467781.96,Completed
ORD-HG-11488,2023-07-06,2023-07,CUST-1370,PROD-123,EMP-1010,REG-03,Direct Online,35,12879.7,0.05,428250.02,209534.91,218715.11,393990.02,Completed
ORD-HG-11489,2023-07-06,2023-07,CUST-1027,PROD-103,EMP-1007,REG-05,Direct Online,15,34126.35,0.03,496538.39,216567.7,279970.69,456815.32,Completed
ORD-HG-11490,2023-07-06,2023-07,CUST-1378,PROD-111,EMP-1010,REG-04,Enterprise Partner,12,42857.11,0.03,498856.76,220747.95,278108.81,458948.22,Completed
ORD-HG-11491,2023-07-06,2023-07,CUST-1400,PROD-104,EMP-1047,REG-02,Enterprise Partner,27,6419.37,0.03,168123.3,77608.91,90514.39,154673.44,Completed
ORD-HG-11492,2023-07-07,2023-07,CUST-1338,PROD-104,EMP-1018,REG-01,Direct Online,13,22130.19,0.02,281938.62,133009.59,148929.03,259383.53,Completed
ORD-HG-11493,2023-07-07,2023-07,CUST-1405,PROD-115,EMP-1029,REG-04,Retail Store,11,12778.74,0.04,134943.49,72613.42,62330.07,124148.01,Completed
ORD-HG-11494,2023-07-07,2023-07,CUST-1105,PROD-102,EMP-1011,REG-04,Field Sales,19,13160.74,0.03,242552.44,122745.96,119806.48,223148.24,Completed
ORD-HG-11495,2023-07-07,2023-07,CUST-1393,PROD-118,EMP-1026,REG-02,Retail Store,10,8521.0,0.04,81801.6,43498.51,38303.09,75257.47,Completed
ORD-HG-11496,2023-07-07,2023-07,CUST-1404,PROD-105,EMP-1031,REG-04,Direct Online,35,33169.31,0.03,1126098.07,452438.45,673659.62,1036010.22,Completed
ORD-HG-11497,2023-07-07,2023-07,CUST-1461,PROD-105,EMP-1029,REG-01,Enterprise Partner,16,7529.84,0.02,118067.89,49791.69,68276.2,108622.46,Completed
ORD-HG-11498,2023-07-07,2023-07,CUST-1427,PROD-109,EMP-1009,REG-05,Field Sales,19,9079.96,0.04,165618.47,74121.53,91496.94,152368.99,Completed
ORD-HG-11499,2023-07-07,2023-07,CUST-1018,PROD-113,EMP-1028,REG-01,Retail Store,27,19820.93,0.0,535165.11,251751.43,283413.68,492351.9,Completed
ORD-HG-11500,2023-07-07,2023-07,CUST-1300,PROD-120,EMP-1009,REG-01,Retail Store,36,30308.42,0.01,1080192.09,464017.5,616174.59,993776.72,Completed
ORD-HG-11501,2023-07-07,2023-07,CUST-1163,PROD-102,EMP-1047,REG-04,Enterprise Partner,22,9916.57,0.01,215982.89,91010.37,124972.52,198704.26,Completed
ORD-HG-11502,2023-07-08,2023-07,CUST-1396,PROD-113,EMP-1035,REG-05,Retail Store,13,11810.23,0.02,150462.33,79173.21,71289.12,138425.34,Completed
ORD-HG-11503,2023-07-08,2023-07,CUST-1314,PROD-107,EMP-1012,REG-02,Enterprise Partner,16,21542.72,0.03,334343.01,159350.55,174992.46,307595.57,Completed
ORD-HG-11504,2023-07-08,2023-07,CUST-1369,PROD-110,EMP-1042,REG-03,Field Sales,27,38589.15,0.04,1000230.77,496220.14,504010.63,920212.31,Completed
ORD-HG-11505,2023-07-08,2023-07,CUST-1042,PROD-106,EMP-1028,REG-02,Direct Online,25,16426.29,0.03,398337.53,211605.57,186731.96,366470.53,Completed
ORD-HG-11506,2023-07-08,2023-07,CUST-1447,PROD-112,EMP-1024,REG-02,Retail Store,36,16345.37,0.02,576664.65,281860.54,294804.11,530531.48,Completed
ORD-HG-11507,2023-07-09,2023-07,CUST-1162,PROD-114,EMP-1028,REG-05,Retail Store,28,40172.1,0.01,1113570.61,469578.98,643991.63,1024484.96,Completed
ORD-HG-11508,2023-07-09,2023-07,CUST-1353,PROD-117,EMP-1014,REG-03,Enterprise Partner,23,21004.56,0.03,468611.73,206780.32,261831.41,431122.79,Completed
ORD-HG-11509,2023-07-09,2023-07,CUST-1474,PROD-117,EMP-1032,REG-03,Retail Store,32,33121.06,0.04,1017478.96,469341.0,548137.96,936080.64,Completed
ORD-HG-11510,2023-07-09,2023-07,CUST-1308,PROD-110,EMP-1028,REG-03,Field Sales,26,35649.77,0.01,917625.08,391937.89,525687.19,844215.07,Completed
ORD-HG-11511,2023-07-09,2023-07,CUST-1446,PROD-120,EMP-1005,REG-04,Enterprise Partner,38,38896.7,0.0,1478074.6,806043.58,672031.02,1359828.63,Completed
ORD-HG-11512,2023-07-09,2023-07,CUST-1209,PROD-112,EMP-1044,REG-04,Enterprise Partner,27,5424.08,0.03,142056.66,66285.18,75771.48,130692.13,Completed
ORD-HG-11513,2023-07-09,2023-07,CUST-1282,PROD-122,EMP-1041,REG-03,Enterprise Partner,26,8458.62,0.04,211127.16,103674.78,107452.38,194236.99,Completed
ORD-HG-11514,2023-07-10,2023-07,CUST-1354,PROD-111,EMP-1002,REG-01,Field Sales,9,33778.57,0.02,297926.99,161036.26,136890.73,274092.83,Completed
ORD-HG-11515,2023-07-10,2023-07,CUST-1301,PROD-106,EMP-1049,REG-04,Retail Store,38,21120.22,0.01,794542.68,378361.61,416181.07,730979.27,Completed
ORD-HG-11516,2023-07-10,2023-07,CUST-1386,PROD-101,EMP-1049,REG-05,Direct Online,9,11057.98,0.01,98526.6,49804.41,48722.19,90644.47,Completed
ORD-HG-11517,2023-07-10,2023-07,CUST-1141,PROD-106,EMP-1049,REG-02,Field Sales,26,35888.14,0.02,914429.81,439654.58,474775.23,841275.43,Completed
ORD-HG-11518,2023-07-10,2023-07,CUST-1228,PROD-109,EMP-1044,REG-05,Enterprise Partner,9,19933.9,0.03,174022.95,86971.71,87051.24,160101.11,Completed
ORD-HG-11519,2023-07-10,2023-07,CUST-1055,PROD-105,EMP-1018,REG-02,Retail Store,40,16778.55,0.02,657719.16,279685.89,378033.27,605101.63,Completed
ORD-HG-11520,2023-07-10,2023-07,CUST-1032,PROD-119,EMP-1023,REG-03,Enterprise Partner,40,5311.58,0.03,206089.3,96655.34,109433.96,189602.16,Completed
ORD-HG-11521,2023-07-10,2023-07,CUST-1160,PROD-115,EMP-1003,REG-03,Field Sales,13,23415.58,0.02,298314.49,129327.4,168987.09,274449.33,Completed
ORD-HG-11522,2023-07-10,2023-07,CUST-1010,PROD-122,EMP-1018,REG-03,Field Sales,41,24168.15,0.02,971076.27,451673.38,519402.89,893390.17,Completed
ORD-HG-11523,2023-07-11,2023-07,CUST-1257,PROD-113,EMP-1044,REG-03,Direct Online,18,41309.97,0.01,736143.67,391945.37,344198.3,677252.18,Completed
ORD-HG-11524,2023-07-11,2023-07,CUST-1010,PROD-121,EMP-1040,REG-01,Direct Online,16,19106.5,0.02,299589.92,121232.52,178357.4,275622.73,Completed
ORD-HG-11525,2023-07-11,2023-07,CUST-1027,PROD-119,EMP-1009,REG-02,Enterprise Partner,42,44799.75,0.01,1862773.6,795083.91,1067689.69,1713751.71,Completed
ORD-HG-11526,2023-07-11,2023-07,CUST-1292,PROD-111,EMP-1024,REG-05,Field Sales,27,12252.06,0.03,320881.45,161722.85,159158.6,295210.93,Completed
ORD-HG-11527,2023-07-11,2023-07,CUST-1152,PROD-121,EMP-1035,REG-02,Direct Online,36,11523.86,0.02,406561.78,208981.64,197580.14,374036.84,Completed
ORD-HG-11528,2023-07-11,2023-07,CUST-1021,PROD-120,EMP-1003,REG-02,Field Sales,43,33544.28,0.02,1413555.96,721914.43,691641.53,1300471.48,Completed
ORD-HG-11529,2023-07-11,2023-07,CUST-1359,PROD-119,EMP-1025,REG-05,Enterprise Partner,23,43690.63,0.03,974737.96,401573.32,573164.64,896758.92,Completed
ORD-HG-11530,2023-07-11,2023-07,CUST-1450,PROD-109,EMP-1049,REG-05,Direct Online,22,18074.11,0.02,389677.81,207755.25,181922.56,358503.59,Completed
ORD-HG-11531,2023-07-11,2023-07,CUST-1240,PROD-108,EMP-1001,REG-04,Enterprise Partner,25,6033.13,0.03,146303.4,69771.21,76532.19,134599.13,Completed
ORD-HG-11532,2023-07-12,2023-07,CUST-1368,PROD-102,EMP-1019,REG-01,Direct Online,13,41773.6,0.03,526765.1,212653.89,314111.21,484623.89,Completed
ORD-HG-11533,2023-07-12,2023-07,CUST-1262,PROD-104,EMP-1007,REG-01,Field Sales,17,26384.91,0.05,426116.3,187698.36,238417.94,392027.0,Completed
ORD-HG-11534,2023-07-12,2023-07,CUST-1030,PROD-101,EMP-1006,REG-02,Retail Store,16,30610.38,0.05,465277.78,244663.33,220614.45,428055.56,Completed
ORD-HG-11535,2023-07-12,2023-07,CUST-1234,PROD-115,EMP-1016,REG-03,Field Sales,14,29644.31,0.04,398419.53,176769.69,221649.84,366545.97,Completed
ORD-HG-11536,2023-07-12,2023-07,CUST-1212,PROD-122,EMP-1007,REG-01,Field Sales,27,21388.69,0.04,554394.84,247107.58,307287.26,510043.25,Completed
ORD-HG-11537,2023-07-12,2023-07,CUST-1214,PROD-121,EMP-1029,REG-02,Field Sales,11,9893.05,0.02,106647.08,46356.91,60290.17,98115.31,Completed
ORD-HG-11538,2023-07-12,2023-07,CUST-1418,PROD-115,EMP-1001,REG-01,Direct Online,31,6682.35,0.01,205081.32,95102.13,109979.19,188674.81,Completed
ORD-HG-11539,2023-07-12,2023-07,CUST-1372,PROD-114,EMP-1048,REG-01,Field Sales,26,14202.67,0.05,350805.95,161758.79,189047.16,322741.47,Completed
ORD-HG-11540,2023-07-12,2023-07,CUST-1142,PROD-107,EMP-1030,REG-05,Enterprise Partner,41,18512.75,0.03,736252.07,295941.34,440310.73,677351.9,Completed
ORD-HG-11541,2023-07-13,2023-07,CUST-1356,PROD-111,EMP-1019,REG-03,Retail Store,25,13181.5,0.03,319651.38,175077.1,144574.28,294079.27,Completed
ORD-HG-11542,2023-07-13,2023-07,CUST-1454,PROD-116,EMP-1004,REG-01,Retail Store,15,28358.8,0.02,416874.36,184198.52,232675.84,383524.41,Completed
ORD-HG-11543,2023-07-13,2023-07,CUST-1377,PROD-107,EMP-1021,REG-02,Retail Store,9,36046.2,0.02,317927.48,164729.37,153198.11,292493.28,Completed
ORD-HG-11544,2023-07-13,2023-07,CUST-1472,PROD-101,EMP-1007,REG-03,Direct Online,14,36373.6,0.03,493953.49,269897.25,224056.24,454437.21,Completed
ORD-HG-11545,2023-07-13,2023-07,CUST-1350,PROD-113,EMP-1036,REG-05,Retail Store,35,34233.66,0.04,1150250.98,622743.59,527507.39,1058230.9,Completed
ORD-HG-11546,2023-07-13,2023-07,CUST-1192,PROD-106,EMP-1033,REG-05,Direct Online,19,28553.79,0.04,520821.13,256732.67,264088.46,479155.44,Completed
ORD-HG-11547,2023-07-13,2023-07,CUST-1206,PROD-117,EMP-1017,REG-03,Direct Online,21,43069.67,0.03,877329.18,369417.22,507911.96,807142.85,Completed
ORD-HG-11548,2023-07-13,2023-07,CUST-1212,PROD-102,EMP-1034,REG-01,Direct Online,21,41932.39,0.03,854162.78,408276.64,445886.14,785829.76,Completed
ORD-HG-11549,2023-07-14,2023-07,CUST-1164,PROD-118,EMP-1042,REG-03,Field Sales,21,21112.04,0.01,438919.31,217967.54,220951.77,403805.77,Completed
ORD-HG-11550,2023-07-14,2023-07,CUST-1071,PROD-107,EMP-1008,REG-05,Enterprise Partner,13,6154.5,0.05,76008.08,34746.7,41261.38,69927.43,Completed
ORD-HG-11551,2023-07-14,2023-07,CUST-1254,PROD-114,EMP-1001,REG-03,Field Sales,28,22236.23,0.03,603936.01,277972.67,325963.34,555621.13,Completed
ORD-HG-11552,2023-07-14,2023-07,CUST-1185,PROD-112,EMP-1048,REG-02,Enterprise Partner,41,43880.66,0.05,1709151.71,722933.05,986218.66,1572419.57,Completed
ORD-HG-11553,2023-07-14,2023-07,CUST-1251,PROD-105,EMP-1022,REG-05,Enterprise Partner,38,13643.12,0.03,502885.4,242846.41,260038.99,462654.57,Completed
ORD-HG-11554,2023-07-14,2023-07,CUST-1068,PROD-119,EMP-1025,REG-03,Enterprise Partner,34,9432.29,0.02,314283.9,160630.98,153652.92,289141.19,Completed
ORD-HG-11555,2023-07-14,2023-07,CUST-1313,PROD-107,EMP-1030,REG-03,Enterprise Partner,10,33518.18,0.0,335181.8,149457.06,185724.74,308367.26,Completed
ORD-HG-11556,2023-07-14,2023-07,CUST-1154,PROD-105,EMP-1015,REG-01,Field Sales,37,24338.99,0.01,891537.2,397718.09,493819.11,820214.22,Completed
ORD-HG-11557,2023-07-14,2023-07,CUST-1166,PROD-117,EMP-1022,REG-01,Retail Store,16,40863.19,0.01,647272.93,346058.73,301214.2,595491.1,Completed
ORD-HG-11558,2023-07-15,2023-07,CUST-1430,PROD-107,EMP-1049,REG-03,Field Sales,27,19984.39,0.03,523391.17,254248.39,269142.78,481519.88,Completed
ORD-HG-11559,2023-07-15,2023-07,CUST-1183,PROD-123,EMP-1028,REG-03,Direct Online,17,6544.28,0.04,106802.65,52713.04,54089.61,98258.44,Completed
ORD-HG-11560,2023-07-15,2023-07,CUST-1197,PROD-123,EMP-1024,REG-05,Retail Store,19,35706.73,0.03,658075.03,269750.93,388324.1,605429.03,Completed
ORD-HG-11561,2023-07-15,2023-07,CUST-1391,PROD-121,EMP-1030,REG-04,Field Sales,26,20246.06,0.04,505341.66,266900.79,238440.87,464914.33,Completed
ORD-HG-11562,2023-07-15,2023-07,CUST-1420,PROD-119,EMP-1016,REG-03,Direct Online,44,36571.12,0.01,1593037.99,794239.24,798798.75,1465594.95,Completed
ORD-HG-11563,2023-07-15,2023-07,CUST-1368,PROD-122,EMP-1006,REG-02,Field Sales,15,11920.93,0.04,171661.39,78169.55,93491.84,157928.48,Completed
ORD-HG-11564,2023-07-15,2023-07,CUST-1410,PROD-116,EMP-1010,REG-05,Field Sales,33,14590.03,0.02,471841.57,215565.66,256275.91,434094.24,Completed
ORD-HG-11565,2023-07-15,2023-07,CUST-1153,PROD-108,EMP-1045,REG-02,Retail Store,24,42075.01,0.02,989604.24,419919.06,569685.18,910435.9,Completed
ORD-HG-11566,2023-07-15,2023-07,CUST-1074,PROD-113,EMP-1001,REG-01,Field Sales,34,5385.84,0.04,175793.82,81119.5,94674.32,161730.31,Completed
ORD-HG-11567,2023-07-16,2023-07,CUST-1126,PROD-104,EMP-1024,REG-04,Retail Store,26,35943.33,0.01,925181.31,409700.61,515480.7,851166.81,Completed
ORD-HG-11568,2023-07-16,2023-07,CUST-1445,PROD-106,EMP-1019,REG-03,Field Sales,28,15902.31,0.01,440812.03,241313.67,199498.36,405547.07,Completed
ORD-HG-11569,2023-07-16,2023-07,CUST-1460,PROD-110,EMP-1027,REG-04,Field Sales,25,22742.48,0.03,551505.14,300426.1,251079.04,507384.73,Completed
ORD-HG-11570,2023-07-16,2023-07,CUST-1270,PROD-103,EMP-1011,REG-02,Enterprise Partner,16,36445.57,0.02,571466.54,262215.59,309250.95,525749.22,Completed
ORD-HG-11571,2023-07-16,2023-07,CUST-1111,PROD-107,EMP-1018,REG-03,Field Sales,31,17829.15,0.02,541649.58,235788.49,305861.09,498317.61,Completed
ORD-HG-11572,2023-07-16,2023-07,CUST-1140,PROD-123,EMP-1009,REG-02,Field Sales,10,37406.35,0.01,370322.86,177084.92,193237.94,340697.03,Completed
ORD-HG-11573,2023-07-16,2023-07,CUST-1151,PROD-102,EMP-1010,REG-02,Field Sales,36,21216.51,0.02,748518.47,378985.51,369532.96,688636.99,Completed
ORD-HG-11574,2023-07-17,2023-07,CUST-1121,PROD-117,EMP-1037,REG-01,Retail Store,28,44409.77,0.0,1243473.56,638683.58,604789.98,1143995.68,Completed
ORD-HG-11575,2023-07-17,2023-07,CUST-1383,PROD-118,EMP-1021,REG-01,Direct Online,39,11625.56,0.04,435260.97,202499.27,232761.7,400440.09,Completed
ORD-HG-11576,2023-07-17,2023-07,CUST-1124,PROD-107,EMP-1022,REG-03,Enterprise Partner,28,20979.34,0.03,569798.87,258217.82,311581.05,524214.96,Completed
ORD-HG-11577,2023-07-17,2023-07,CUST-1465,PROD-109,EMP-1010,REG-03,Enterprise Partner,7,42431.86,0.03,288112.33,119750.41,168361.92,265063.34,Completed
ORD-HG-11578,2023-07-17,2023-07,CUST-1373,PROD-107,EMP-1015,REG-03,Enterprise Partner,24,19655.64,0.01,467018.01,218016.01,249002.0,429656.57,Completed
ORD-HG-11579,2023-07-17,2023-07,CUST-1473,PROD-110,EMP-1007,REG-03,Field Sales,21,11111.09,0.0,233332.89,112947.48,120385.41,214666.26,Completed
ORD-HG-11580,2023-07-17,2023-07,CUST-1199,PROD-115,EMP-1040,REG-03,Direct Online,32,7807.18,0.03,242334.87,123228.48,119106.39,222948.08,Completed
ORD-HG-11581,2023-07-17,2023-07,CUST-1079,PROD-109,EMP-1020,REG-02,Enterprise Partner,6,15266.12,0.04,87932.85,40193.36,47739.49,80898.22,Completed
ORD-HG-11582,2023-07-17,2023-07,CUST-1113,PROD-105,EMP-1012,REG-04,Enterprise Partner,29,20024.73,0.02,569102.83,250581.62,318521.21,523574.6,Completed
ORD-HG-11583,2023-07-17,2023-07,CUST-1323,PROD-108,EMP-1042,REG-03,Retail Store,38,44207.53,0.02,1646288.42,821139.04,825149.38,1514585.35,Completed
ORD-HG-11584,2023-07-17,2023-07,CUST-1418,PROD-107,EMP-1026,REG-05,Retail Store,24,5986.01,0.02,140790.96,60864.1,79926.86,129527.68,Completed
ORD-HG-11585,2023-07-17,2023-07,CUST-1156,PROD-104,EMP-1032,REG-02,Field Sales,6,29230.23,0.04,168366.12,85425.64,82940.48,154896.83,Completed
ORD-HG-11586,2023-07-18,2023-07,CUST-1105,PROD-121,EMP-1008,REG-01,Direct Online,11,8746.39,0.03,93323.98,47245.09,46078.89,85858.06,Completed
ORD-HG-11587,2023-07-18,2023-07,CUST-1395,PROD-119,EMP-1040,REG-02,Retail Store,23,18788.71,0.04,414854.72,176465.71,238389.01,381666.34,Completed
ORD-HG-11588,2023-07-18,2023-07,CUST-1308,PROD-113,EMP-1014,REG-03,Retail Store,35,19833.46,0.04,666404.26,279816.35,386587.91,613091.92,Completed
ORD-HG-11589,2023-07-18,2023-07,CUST-1406,PROD-115,EMP-1002,REG-05,Direct Online,35,13467.87,0.01,466661.7,227699.81,238961.89,429328.76,Completed
ORD-HG-11590,2023-07-19,2023-07,CUST-1469,PROD-120,EMP-1001,REG-01,Retail Store,41,39816.9,0.01,1616167.97,757844.94,858323.03,1486874.53,Completed
ORD-HG-11591,2023-07-19,2023-07,CUST-1008,PROD-119,EMP-1043,REG-02,Direct Online,19,33957.39,0.04,619382.79,276145.84,343236.95,569832.17,Completed
ORD-HG-11592,2023-07-19,2023-07,CUST-1465,PROD-102,EMP-1041,REG-01,Field Sales,30,20846.47,0.0,625394.1,307961.79,317432.31,575362.57,Completed
ORD-HG-11593,2023-07-19,2023-07,CUST-1167,PROD-103,EMP-1048,REG-03,Direct Online,16,23985.61,0.03,372256.67,180323.69,191932.98,342476.14,Completed
ORD-HG-11594,2023-07-19,2023-07,CUST-1264,PROD-105,EMP-1010,REG-02,Enterprise Partner,13,18813.99,0.04,234798.6,109063.97,125734.63,216014.71,Completed
ORD-HG-11595,2023-07-19,2023-07,CUST-1327,PROD-109,EMP-1044,REG-03,Retail Store,21,34896.22,0.04,703507.8,363503.43,340004.37,647227.18,Completed
ORD-HG-11596,2023-07-19,2023-07,CUST-1128,PROD-115,EMP-1017,REG-02,Enterprise Partner,16,17037.84,0.01,269879.39,110886.33,158993.06,248289.04,Completed
ORD-HG-11597,2023-07-19,2023-07,CUST-1408,PROD-118,EMP-1041,REG-05,Enterprise Partner,6,30956.35,0.03,180165.96,84735.07,95430.89,165752.68,Completed
ORD-HG-11598,2023-07-20,2023-07,CUST-1239,PROD-103,EMP-1048,REG-04,Direct Online,35,23321.93,0.02,799942.2,418624.29,381317.91,735946.82,Completed
ORD-HG-11599,2023-07-20,2023-07,CUST-1459,PROD-123,EMP-1048,REG-04,Field Sales,18,38598.72,0.01,687829.19,364501.33,323327.86,632802.85,Completed
ORD-HG-11600,2023-07-20,2023-07,CUST-1316,PROD-122,EMP-1009,REG-01,Field Sales,15,30809.67,0.03,448280.7,245858.2,202422.5,412418.24,Completed
ORD-HG-11601,2023-07-20,2023-07,CUST-1330,PROD-101,EMP-1038,REG-05,Field Sales,41,12994.5,0.02,522119.01,255781.96,266337.05,480349.49,Completed
ORD-HG-11602,2023-07-20,2023-07,CUST-1424,PROD-117,EMP-1014,REG-04,Enterprise Partner,13,18229.82,0.03,229878.03,101354.41,128523.62,211487.79,Completed
ORD-HG-11603,2023-07-20,2023-07,CUST-1299,PROD-119,EMP-1024,REG-05,Field Sales,14,29227.16,0.01,405088.44,204470.32,200618.12,372681.36,Completed
ORD-HG-11604,2023-07-20,2023-07,CUST-1375,PROD-113,EMP-1029,REG-02,Direct Online,39,36681.85,0.01,1416286.23,685715.82,730570.41,1302983.33,Completed
ORD-HG-11605,2023-07-20,2023-07,CUST-1264,PROD-120,EMP-1001,REG-05,Field Sales,31,5694.05,0.01,174750.39,76623.04,98127.35,160770.36,Completed
ORD-HG-11606,2023-07-20,2023-07,CUST-1105,PROD-115,EMP-1024,REG-02,Field Sales,5,19267.78,0.03,93448.73,49498.49,43950.24,85972.83,Completed
ORD-HG-11607,2023-07-21,2023-07,CUST-1320,PROD-118,EMP-1024,REG-03,Retail Store,23,11985.6,0.02,270155.42,115005.85,155149.57,248542.99,Completed
ORD-HG-11608,2023-07-21,2023-07,CUST-1492,PROD-121,EMP-1020,REG-02,Retail Store,17,30330.87,0.04,494999.8,266583.44,228416.36,455399.82,Completed
ORD-HG-11609,2023-07-21,2023-07,CUST-1128,PROD-106,EMP-1026,REG-03,Direct Online,12,12655.48,0.01,150347.1,60803.25,89543.85,138319.33,Completed
ORD-HG-11610,2023-07-21,2023-07,CUST-1452,PROD-101,EMP-1003,REG-02,Enterprise Partner,34,44669.25,0.01,1503566.96,767672.63,735894.33,1383281.6,Completed
ORD-HG-11611,2023-07-21,2023-07,CUST-1295,PROD-122,EMP-1037,REG-04,Direct Online,25,44213.31,0.04,1061119.44,521691.32,539428.12,976229.88,Completed
ORD-HG-11612,2023-07-21,2023-07,CUST-1391,PROD-117,EMP-1030,REG-04,Direct Online,15,26780.03,0.04,385632.43,197781.85,187850.58,354781.84,Completed
ORD-HG-11613,2023-07-21,2023-07,CUST-1317,PROD-120,EMP-1014,REG-03,Retail Store,34,24667.98,0.03,813549.98,393870.65,419679.33,748465.98,Completed
ORD-HG-11614,2023-07-21,2023-07,CUST-1417,PROD-115,EMP-1006,REG-03,Field Sales,33,15312.82,0.04,485110.14,239139.74,245970.4,446301.33,Completed
ORD-HG-11615,2023-07-21,2023-07,CUST-1390,PROD-120,EMP-1037,REG-02,Field Sales,32,31445.56,0.03,976070.18,504405.77,471664.41,897984.57,Completed
ORD-HG-11616,2023-07-22,2023-07,CUST-1453,PROD-110,EMP-1006,REG-05,Field Sales,10,36281.41,0.02,355557.82,184673.31,170884.51,327113.19,Completed
ORD-HG-11617,2023-07-22,2023-07,CUST-1190,PROD-120,EMP-1017,REG-02,Retail Store,26,20957.34,0.04,523095.21,259844.38,263250.83,481247.59,Completed
ORD-HG-11618,2023-07-22,2023-07,CUST-1106,PROD-107,EMP-1001,REG-05,Enterprise Partner,25,40199.84,0.02,984896.08,428741.1,556154.98,906104.39,Completed
ORD-HG-11619,2023-07-22,2023-07,CUST-1248,PROD-109,EMP-1041,REG-02,Retail Store,42,27757.47,0.03,1130839.33,517710.06,613129.27,1040372.18,Completed
ORD-HG-11620,2023-07-22,2023-07,CUST-1214,PROD-114,EMP-1019,REG-03,Enterprise Partner,18,12080.04,0.02,213091.91,110183.25,102908.66,196044.56,Completed
ORD-HG-11621,2023-07-22,2023-07,CUST-1244,PROD-110,EMP-1035,REG-04,Enterprise Partner,36,37190.53,0.04,1285304.72,521566.26,763738.46,1182480.34,Completed
ORD-HG-11622,2023-07-22,2023-07,CUST-1039,PROD-111,EMP-1028,REG-05,Enterprise Partner,14,41568.24,0.02,570316.25,282051.92,288264.33,524690.95,Completed
ORD-HG-11623,2023-07-22,2023-07,CUST-1454,PROD-121,EMP-1025,REG-05,Enterprise Partner,43,13018.15,0.01,554182.65,269254.17,284928.48,509848.04,Completed
ORD-HG-11624,2023-07-22,2023-07,CUST-1119,PROD-107,EMP-1037,REG-01,Enterprise Partner,36,35755.12,0.02,1261440.63,613661.0,647779.63,1160525.38,Completed
ORD-HG-11625,2023-07-22,2023-07,CUST-1402,PROD-121,EMP-1002,REG-04,Enterprise Partner,33,18406.21,0.02,595256.83,238845.93,356410.9,547636.28,Completed
ORD-HG-11626,2023-07-22,2023-07,CUST-1088,PROD-108,EMP-1019,REG-01,Retail Store,9,7150.12,0.02,63064.06,26564.3,36499.76,58018.94,Completed
ORD-HG-11627,2023-07-23,2023-07,CUST-1238,PROD-107,EMP-1043,REG-04,Field Sales,14,30649.87,0.0,429098.18,193574.9,235523.28,394770.33,Completed
ORD-HG-11628,2023-07-23,2023-07,CUST-1372,PROD-123,EMP-1033,REG-04,Retail Store,15,23454.11,0.04,337739.18,150559.61,187179.57,310720.05,Completed
ORD-HG-11629,2023-07-23,2023-07,CUST-1215,PROD-123,EMP-1042,REG-05,Retail Store,30,28429.78,0.05,810248.73,359853.95,450394.78,745428.83,Completed
ORD-HG-11630,2023-07-23,2023-07,CUST-1446,PROD-106,EMP-1005,REG-04,Enterprise Partner,40,37354.49,0.05,1419470.62,669915.04,749555.58,1305912.97,Completed
ORD-HG-11631,2023-07-23,2023-07,CUST-1172,PROD-114,EMP-1024,REG-04,Retail Store,30,6830.23,0.03,198759.69,105188.02,93571.67,182858.91,Completed
ORD-HG-11632,2023-07-23,2023-07,CUST-1035,PROD-124,EMP-1031,REG-02,Direct Online,14,43396.48,0.03,589324.2,258880.27,330443.93,542178.26,Completed
ORD-HG-11633,2023-07-23,2023-07,CUST-1293,PROD-105,EMP-1008,REG-02,Retail Store,17,16909.49,0.03,278837.49,121268.93,157568.56,256530.49,Completed
ORD-HG-11634,2023-07-23,2023-07,CUST-1120,PROD-117,EMP-1010,REG-03,Enterprise Partner,26,35334.05,0.02,900311.59,470394.19,429917.4,828286.66,Completed
ORD-HG-11635,2023-07-23,2023-07,CUST-1253,PROD-112,EMP-1021,REG-02,Field Sales,18,14395.26,0.02,253932.39,118461.93,135470.46,233617.8,Completed
ORD-HG-11636,2023-07-24,2023-07,CUST-1149,PROD-109,EMP-1004,REG-03,Retail Store,17,29513.28,0.04,481656.73,261404.41,220252.32,443124.19,Completed
ORD-HG-11637,2023-07-24,2023-07,CUST-1183,PROD-122,EMP-1017,REG-04,Retail Store,44,30311.18,0.03,1293681.16,556558.27,737122.89,1190186.67,Completed
ORD-HG-11638,2023-07-24,2023-07,CUST-1192,PROD-109,EMP-1034,REG-01,Retail Store,42,18126.45,0.04,730858.46,350638.63,380219.83,672389.78,Completed
ORD-HG-11639,2023-07-24,2023-07,CUST-1414,PROD-122,EMP-1005,REG-02,Enterprise Partner,20,18016.36,0.02,353120.66,188751.48,164369.18,324871.01,Completed
ORD-HG-11640,2023-07-24,2023-07,CUST-1432,PROD-105,EMP-1021,REG-01,Retail Store,23,5765.25,0.03,128622.73,63934.67,64688.06,118332.91,Completed
ORD-HG-11641,2023-07-24,2023-07,CUST-1137,PROD-108,EMP-1023,REG-03,Retail Store,29,29926.76,0.0,867876.04,427359.54,440516.5,798445.96,Completed
ORD-HG-11642,2023-07-24,2023-07,CUST-1259,PROD-123,EMP-1034,REG-03,Retail Store,29,32586.39,0.04,907205.1,442448.84,464756.26,834628.69,Completed
ORD-HG-11643,2023-07-24,2023-07,CUST-1334,PROD-124,EMP-1011,REG-05,Direct Online,29,6842.57,0.04,190497.15,81769.29,108727.86,175257.38,Completed
ORD-HG-11644,2023-07-24,2023-07,CUST-1477,PROD-104,EMP-1030,REG-04,Retail Store,11,5896.17,0.04,62263.56,30985.07,31278.49,57282.48,Completed
ORD-HG-11645,2023-07-24,2023-07,CUST-1238,PROD-117,EMP-1025,REG-04,Field Sales,18,11431.29,0.04,197532.69,100215.57,97317.12,181730.07,Completed
ORD-HG-11646,2023-07-24,2023-07,CUST-1140,PROD-118,EMP-1002,REG-05,Direct Online,13,7386.27,0.03,93140.86,49758.04,43382.82,85689.59,Completed
ORD-HG-11647,2023-07-25,2023-07,CUST-1442,PROD-117,EMP-1035,REG-01,Enterprise Partner,35,14659.6,0.03,497693.42,263755.52,233937.9,457877.95,Completed
ORD-HG-11648,2023-07-25,2023-07,CUST-1181,PROD-113,EMP-1038,REG-05,Field Sales,22,28881.19,0.03,616324.59,265476.85,350847.74,567018.62,Completed
ORD-HG-11649,2023-07-25,2023-07,CUST-1007,PROD-108,EMP-1040,REG-03,Retail Store,39,18529.81,0.01,715435.96,292084.31,423351.65,658201.08,Completed
ORD-HG-11650,2023-07-25,2023-07,CUST-1234,PROD-104,EMP-1045,REG-03,Field Sales,30,42222.39,0.05,1203338.12,510695.39,692642.73,1107071.07,Completed
ORD-HG-11651,2023-07-25,2023-07,CUST-1055,PROD-115,EMP-1029,REG-04,Enterprise Partner,35,7240.22,0.02,248339.55,119878.38,128461.17,228472.39,Completed
ORD-HG-11652,2023-07-25,2023-07,CUST-1033,PROD-111,EMP-1034,REG-05,Direct Online,24,13595.0,0.05,309966.0,124667.49,185298.51,285168.72,Completed
ORD-HG-11653,2023-07-25,2023-07,CUST-1318,PROD-112,EMP-1024,REG-04,Field Sales,20,41641.49,0.01,824501.5,449341.4,375160.1,758541.38,Completed
ORD-HG-11654,2023-07-25,2023-07,CUST-1336,PROD-104,EMP-1008,REG-01,Retail Store,36,40403.93,0.01,1439996.07,626924.72,813071.35,1324796.38,Completed
ORD-HG-11655,2023-07-25,2023-07,CUST-1298,PROD-115,EMP-1044,REG-02,Direct Online,16,28381.99,0.03,440488.48,212910.5,227577.98,405249.4,Completed
ORD-HG-11656,2023-07-26,2023-07,CUST-1275,PROD-120,EMP-1037,REG-05,Field Sales,36,11606.61,0.01,413659.58,216611.34,197048.24,380566.81,Completed
ORD-HG-11657,2023-07-26,2023-07,CUST-1109,PROD-106,EMP-1031,REG-04,Field Sales,7,36336.59,0.02,249269.01,101191.12,148077.89,229327.49,Completed
ORD-HG-11658,2023-07-26,2023-07,CUST-1282,PROD-119,EMP-1042,REG-01,Direct Online,13,10361.84,0.01,133356.88,60927.76,72429.12,122688.33,Completed
ORD-HG-11659,2023-07-26,2023-07,CUST-1144,PROD-106,EMP-1014,REG-03,Direct Online,9,10187.58,0.01,90771.34,39518.71,51252.63,83509.63,Completed
ORD-HG-11660,2023-07-26,2023-07,CUST-1256,PROD-117,EMP-1017,REG-03,Direct Online,18,25555.98,0.03,446207.41,190638.91,255568.5,410510.82,Completed
ORD-HG-11661,2023-07-26,2023-07,CUST-1322,PROD-121,EMP-1001,REG-03,Direct Online,16,8847.5,0.02,138728.8,57474.19,81254.61,127630.5,Completed
ORD-HG-11662,2023-07-26,2023-07,CUST-1121,PROD-111,EMP-1036,REG-05,Direct Online,38,16072.36,0.05,580212.2,287739.16,292473.04,533795.22,Completed
ORD-HG-11663,2023-07-26,2023-07,CUST-1490,PROD-103,EMP-1027,REG-04,Retail Store,9,11764.41,0.0,105879.69,56218.65,49661.04,97409.31,Completed
ORD-HG-11664,2023-07-27,2023-07,CUST-1496,PROD-117,EMP-1044,REG-04,Retail Store,34,25164.64,0.01,847041.78,438722.85,408318.93,779278.44,Completed
ORD-HG-11665,2023-07-27,2023-07,CUST-1072,PROD-117,EMP-1028,REG-03,Retail Store,29,39292.11,0.0,1139471.19,592159.11,547312.08,1048313.49,Completed
ORD-HG-11666,2023-07-27,2023-07,CUST-1432,PROD-113,EMP-1037,REG-04,Direct Online,37,5079.41,0.0,187938.17,90419.27,97518.9,172903.12,Completed
ORD-HG-11667,2023-07-27,2023-07,CUST-1109,PROD-110,EMP-1017,REG-05,Enterprise Partner,6,32250.44,0.03,187697.56,82502.41,105195.15,172681.76,Completed
ORD-HG-11668,2023-07-27,2023-07,CUST-1187,PROD-108,EMP-1010,REG-03,Retail Store,29,44678.72,0.04,1243855.56,517965.27,725890.29,1144347.12,Completed
ORD-HG-11669,2023-07-27,2023-07,CUST-1435,PROD-119,EMP-1029,REG-04,Enterprise Partner,36,7251.45,0.02,255831.16,128567.13,127264.03,235364.67,Completed
ORD-HG-11670,2023-07-27,2023-07,CUST-1238,PROD-119,EMP-1039,REG-05,Field Sales,40,34411.59,0.02,1348934.33,550946.18,797988.15,1241019.58,Completed
ORD-HG-11671,2023-07-27,2023-07,CUST-1333,PROD-101,EMP-1010,REG-02,Field Sales,7,23642.68,0.04,158878.81,64412.31,94466.5,146168.51,Completed
ORD-HG-11672,2023-07-27,2023-07,CUST-1474,PROD-104,EMP-1024,REG-05,Enterprise Partner,38,40505.25,0.03,1493023.52,665824.72,827198.8,1373581.64,Completed
ORD-HG-11673,2023-07-27,2023-07,CUST-1484,PROD-106,EMP-1013,REG-03,Direct Online,17,9008.54,0.0,153145.18,72599.35,80545.83,140893.57,Completed
ORD-HG-11674,2023-07-27,2023-07,CUST-1439,PROD-118,EMP-1019,REG-01,Enterprise Partner,34,24340.25,0.04,794465.76,415957.03,378508.73,730908.5,Completed
ORD-HG-11675,2023-07-27,2023-07,CUST-1303,PROD-112,EMP-1012,REG-01,Field Sales,40,38419.97,0.04,1475326.85,720326.68,755000.17,1357300.7,Completed
ORD-HG-11676,2023-07-27,2023-07,CUST-1477,PROD-123,EMP-1007,REG-02,Enterprise Partner,29,37875.84,0.03,1065447.38,509835.72,555611.66,980211.59,Completed
ORD-HG-11677,2023-07-27,2023-07,CUST-1077,PROD-102,EMP-1047,REG-05,Retail Store,16,7768.0,0.04,119316.48,50335.81,68980.67,109771.16,Completed
ORD-HG-11678,2023-07-27,2023-07,CUST-1152,PROD-110,EMP-1004,REG-04,Field Sales,44,8317.25,0.02,358639.82,179692.77,178947.05,329948.63,Completed
ORD-HG-11679,2023-07-27,2023-07,CUST-1150,PROD-121,EMP-1025,REG-02,Field Sales,13,44921.11,0.04,560615.45,306230.21,254385.24,515766.21,Completed
ORD-HG-11680,2023-07-27,2023-07,CUST-1097,PROD-112,EMP-1021,REG-03,Retail Store,8,38098.72,0.05,289550.27,142690.76,146859.51,266386.25,Completed
ORD-HG-11681,2023-07-28,2023-07,CUST-1474,PROD-114,EMP-1014,REG-05,Retail Store,24,17281.4,0.02,406458.53,222192.81,184265.72,373941.85,Completed
ORD-HG-11682,2023-07-28,2023-07,CUST-1213,PROD-111,EMP-1035,REG-01,Field Sales,41,15832.53,0.01,642642.39,302584.43,340057.96,591231.0,Completed
ORD-HG-11683,2023-07-28,2023-07,CUST-1338,PROD-124,EMP-1014,REG-03,Field Sales,24,24119.92,0.0,578878.08,309604.58,269273.5,532567.83,Completed
ORD-HG-11684,2023-07-28,2023-07,CUST-1389,PROD-101,EMP-1016,REG-02,Retail Store,22,31248.23,0.0,687461.06,326018.56,361442.5,632464.18,Completed
ORD-HG-11685,2023-07-28,2023-07,CUST-1351,PROD-114,EMP-1035,REG-03,Direct Online,30,28569.79,0.05,814239.02,420039.5,394199.52,749099.9,Completed
ORD-HG-11686,2023-07-28,2023-07,CUST-1336,PROD-124,EMP-1038,REG-01,Retail Store,7,20802.61,0.04,139793.54,57372.82,82420.72,128610.06,Completed
ORD-HG-11687,2023-07-28,2023-07,CUST-1161,PROD-117,EMP-1021,REG-02,Direct Online,34,21141.25,0.03,697238.42,290680.26,406558.16,641459.35,Completed
ORD-HG-11688,2023-07-28,2023-07,CUST-1331,PROD-112,EMP-1012,REG-04,Field Sales,6,33240.41,0.04,191464.76,79847.55,111617.21,176147.58,Completed
ORD-HG-11689,2023-07-28,2023-07,CUST-1279,PROD-117,EMP-1022,REG-05,Direct Online,37,41641.23,0.01,1525318.25,758660.55,766657.7,1403292.79,Completed
ORD-HG-11690,2023-07-28,2023-07,CUST-1082,PROD-106,EMP-1008,REG-01,Retail Store,35,21181.84,0.03,719123.47,393291.11,325832.36,661593.59,Completed
ORD-HG-11691,2023-07-28,2023-07,CUST-1396,PROD-101,EMP-1039,REG-01,Enterprise Partner,33,24385.63,0.04,772536.76,377657.88,394878.88,710733.82,Completed
ORD-HG-11692,2023-07-28,2023-07,CUST-1292,PROD-110,EMP-1023,REG-03,Direct Online,43,22973.94,0.0,987879.42,410294.14,577585.28,908849.07,Completed
ORD-HG-11693,2023-07-29,2023-07,CUST-1032,PROD-102,EMP-1019,REG-05,Direct Online,23,10159.84,0.04,224329.27,112378.33,111950.94,206382.93,Completed
ORD-HG-11694,2023-07-29,2023-07,CUST-1342,PROD-110,EMP-1001,REG-01,Direct Online,15,27949.87,0.0,419248.05,182365.3,236882.75,385708.21,Completed
ORD-HG-11695,2023-07-29,2023-07,CUST-1369,PROD-106,EMP-1039,REG-02,Retail Store,24,7341.44,0.01,174432.61,84226.26,90206.35,160478.0,Completed
ORD-HG-11696,2023-07-30,2023-07,CUST-1044,PROD-108,EMP-1010,REG-01,Direct Online,21,43381.68,0.02,892794.97,371623.94,521171.03,821371.37,Completed
ORD-HG-11697,2023-07-30,2023-07,CUST-1142,PROD-103,EMP-1047,REG-03,Enterprise Partner,10,42181.63,0.03,409161.81,207986.88,201174.93,376428.87,Completed
ORD-HG-11698,2023-07-30,2023-07,CUST-1393,PROD-114,EMP-1034,REG-05,Enterprise Partner,9,24888.44,0.03,217276.08,103853.22,113422.86,199893.99,Completed
ORD-HG-11699,2023-07-30,2023-07,CUST-1471,PROD-117,EMP-1017,REG-05,Field Sales,33,20155.63,0.01,658484.43,294002.44,364481.99,605805.68,Completed
ORD-HG-11700,2023-07-31,2023-07,CUST-1196,PROD-112,EMP-1017,REG-02,Enterprise Partner,32,34324.62,0.01,1087403.96,533442.97,553960.99,1000411.64,Completed
ORD-HG-11701,2023-07-31,2023-07,CUST-1478,PROD-117,EMP-1029,REG-03,Enterprise Partner,28,16959.22,0.01,470109.58,191248.28,278861.3,432500.81,Completed
ORD-HG-11702,2023-07-31,2023-07,CUST-1062,PROD-116,EMP-1034,REG-02,Retail Store,42,28407.61,0.05,1133463.64,586577.45,546886.19,1042786.55,Completed
ORD-HG-11703,2023-07-31,2023-07,CUST-1233,PROD-102,EMP-1002,REG-05,Direct Online,16,23447.35,0.03,363902.87,181975.79,181927.08,334790.64,Completed
ORD-HG-11704,2023-07-31,2023-07,CUST-1079,PROD-121,EMP-1017,REG-05,Enterprise Partner,8,28470.91,0.03,220934.26,101387.75,119546.51,203259.52,Completed
ORD-HG-11705,2023-07-31,2023-07,CUST-1037,PROD-101,EMP-1027,REG-04,Enterprise Partner,22,17797.34,0.03,379795.24,168430.3,211364.94,349411.62,Completed
ORD-HG-11706,2023-07-31,2023-07,CUST-1107,PROD-122,EMP-1014,REG-03,Field Sales,28,7828.57,0.05,208239.96,90903.09,117336.87,191580.76,Completed
ORD-HG-11707,2023-07-31,2023-07,CUST-1292,PROD-109,EMP-1046,REG-05,Direct Online,34,13261.08,0.03,437350.42,190511.01,246839.41,402362.39,Completed
ORD-HG-11708,2023-07-31,2023-07,CUST-1339,PROD-101,EMP-1028,REG-03,Enterprise Partner,31,33906.96,0.04,1009071.13,554325.98,454745.15,928345.44,Completed
ORD-HG-11709,2023-08-01,2023-08,CUST-1073,PROD-117,EMP-1001,REG-03,Retail Store,24,35027.82,0.04,807040.97,428245.95,378795.02,742477.69,Completed
ORD-HG-11710,2023-08-02,2023-08,CUST-1328,PROD-104,EMP-1027,REG-05,Enterprise Partner,24,10042.01,0.02,236188.08,109004.04,127184.04,217293.03,Completed
ORD-HG-11711,2023-08-02,2023-08,CUST-1382,PROD-109,EMP-1038,REG-03,Field Sales,5,34536.81,0.05,164049.85,80943.78,83106.07,150925.86,Completed
ORD-HG-11712,2023-08-02,2023-08,CUST-1272,PROD-122,EMP-1017,REG-05,Retail Store,16,38969.62,0.02,611043.64,262129.59,348914.05,562160.15,Completed
ORD-HG-11713,2023-08-02,2023-08,CUST-1293,PROD-101,EMP-1006,REG-02,Retail Store,31,35591.14,0.05,1048159.07,462706.12,585452.95,964306.34,Completed
ORD-HG-11714,2023-08-02,2023-08,CUST-1375,PROD-120,EMP-1036,REG-02,Direct Online,41,20132.64,0.03,800675.09,437128.9,363546.19,736621.08,Completed
ORD-HG-11715,2023-08-02,2023-08,CUST-1385,PROD-122,EMP-1038,REG-02,Enterprise Partner,39,44070.18,0.03,1667174.91,717403.67,949771.24,1533800.92,Completed
ORD-HG-11716,2023-08-02,2023-08,CUST-1323,PROD-101,EMP-1007,REG-01,Field Sales,11,34514.79,0.04,364476.18,159848.78,204627.4,335318.09,Completed
ORD-HG-11717,2023-08-03,2023-08,CUST-1002,PROD-121,EMP-1012,REG-03,Direct Online,5,18768.95,0.02,91967.86,44560.17,47407.69,84610.43,Completed
ORD-HG-11718,2023-08-03,2023-08,CUST-1437,PROD-108,EMP-1029,REG-02,Field Sales,32,38324.58,0.04,1177331.1,488591.71,688739.39,1083144.61,Completed
ORD-HG-11719,2023-08-03,2023-08,CUST-1366,PROD-114,EMP-1015,REG-04,Direct Online,33,27570.63,0.02,891634.17,467947.04,423687.13,820303.44,Completed
ORD-HG-11720,2023-08-03,2023-08,CUST-1282,PROD-103,EMP-1029,REG-02,Direct Online,25,9840.07,0.01,243541.73,108013.78,135527.95,224058.39,Completed
ORD-HG-11721,2023-08-03,2023-08,CUST-1218,PROD-111,EMP-1007,REG-03,Direct Online,17,20915.56,0.02,348453.23,154606.2,193847.03,320576.97,Completed
ORD-HG-11722,2023-08-03,2023-08,CUST-1261,PROD-103,EMP-1021,REG-03,Direct Online,12,17770.49,0.05,202583.59,88484.29,114099.3,186376.9,Completed
ORD-HG-11723,2023-08-03,2023-08,CUST-1016,PROD-107,EMP-1006,REG-03,Direct Online,14,41386.51,0.04,556234.69,251435.39,304799.3,511735.91,Completed
ORD-HG-11724,2023-08-03,2023-08,CUST-1297,PROD-115,EMP-1025,REG-01,Enterprise Partner,37,20512.43,0.05,721011.91,301355.51,419656.4,663330.96,Completed
ORD-HG-11725,2023-08-04,2023-08,CUST-1201,PROD-124,EMP-1003,REG-05,Retail Store,13,44471.51,0.03,560785.74,236534.85,324250.89,515922.88,Completed
ORD-HG-11726,2023-08-04,2023-08,CUST-1059,PROD-105,EMP-1020,REG-01,Field Sales,39,29034.5,0.02,1109698.59,542256.29,567442.3,1020922.7,Completed
ORD-HG-11727,2023-08-04,2023-08,CUST-1093,PROD-122,EMP-1025,REG-03,Direct Online,29,14310.21,0.02,406696.17,194063.44,212632.73,374160.48,Completed
ORD-HG-11728,2023-08-04,2023-08,CUST-1406,PROD-119,EMP-1049,REG-03,Retail Store,19,14892.54,0.01,280128.68,135324.85,144803.83,257718.39,Completed
ORD-HG-11729,2023-08-04,2023-08,CUST-1258,PROD-119,EMP-1010,REG-05,Direct Online,36,20366.93,0.0,733209.48,298303.44,434906.04,674552.72,Completed
ORD-HG-11730,2023-08-04,2023-08,CUST-1429,PROD-108,EMP-1004,REG-02,Enterprise Partner,26,11851.68,0.03,298899.37,152745.74,146153.63,274987.42,Completed
ORD-HG-11731,2023-08-04,2023-08,CUST-1161,PROD-106,EMP-1014,REG-01,Field Sales,6,22550.46,0.01,133949.73,73604.27,60345.46,123233.75,Completed
ORD-HG-11732,2023-08-04,2023-08,CUST-1094,PROD-124,EMP-1040,REG-01,Field Sales,21,8343.48,0.01,173460.95,75491.77,97969.18,159584.07,Completed
ORD-HG-11733,2023-08-05,2023-08,CUST-1104,PROD-108,EMP-1024,REG-02,Field Sales,10,16285.84,0.02,159601.23,76172.04,83429.19,146833.13,Completed
ORD-HG-11734,2023-08-05,2023-08,CUST-1492,PROD-107,EMP-1007,REG-02,Enterprise Partner,17,25902.46,0.03,427131.57,198872.05,228259.52,392961.04,Completed
ORD-HG-11735,2023-08-05,2023-08,CUST-1058,PROD-112,EMP-1023,REG-02,Enterprise Partner,22,11319.87,0.01,246546.77,116183.57,130363.2,226823.03,Completed
ORD-HG-11736,2023-08-06,2023-08,CUST-1309,PROD-115,EMP-1036,REG-01,Field Sales,7,29867.48,0.01,206981.64,111920.04,95061.6,190423.11,Completed
ORD-HG-11737,2023-08-06,2023-08,CUST-1350,PROD-102,EMP-1026,REG-02,Direct Online,16,21496.19,0.03,333620.87,158962.89,174657.98,306931.2,Completed
ORD-HG-11738,2023-08-06,2023-08,CUST-1181,PROD-112,EMP-1049,REG-05,Field Sales,23,27493.17,0.01,626019.48,327628.5,298390.98,575937.92,Completed
ORD-HG-11739,2023-08-06,2023-08,CUST-1076,PROD-114,EMP-1002,REG-01,Retail Store,44,18096.77,0.01,788295.3,363892.26,424403.04,725231.68,Completed
ORD-HG-11740,2023-08-06,2023-08,CUST-1445,PROD-118,EMP-1027,REG-03,Retail Store,16,42821.1,0.04,657732.1,274722.61,383009.49,605113.53,Completed
ORD-HG-11741,2023-08-06,2023-08,CUST-1242,PROD-103,EMP-1032,REG-03,Enterprise Partner,29,7522.2,0.01,215962.36,102632.51,113329.85,198685.37,Completed
ORD-HG-11742,2023-08-06,2023-08,CUST-1342,PROD-113,EMP-1014,REG-05,Field Sales,29,6549.58,0.01,188038.44,93556.85,94481.59,172995.36,Completed
ORD-HG-11743,2023-08-06,2023-08,CUST-1342,PROD-112,EMP-1016,REG-02,Direct Online,16,12788.97,0.05,194392.34,90877.36,103514.98,178840.95,Completed
ORD-HG-11744,2023-08-06,2023-08,CUST-1255,PROD-115,EMP-1013,REG-03,Direct Online,35,7769.62,0.03,263778.6,138121.12,125657.48,242676.31,Completed
ORD-HG-11745,2023-08-06,2023-08,CUST-1450,PROD-106,EMP-1024,REG-05,Field Sales,11,28913.38,0.03,308505.76,156191.35,152314.41,283825.3,Completed
ORD-HG-11746,2023-08-06,2023-08,CUST-1152,PROD-118,EMP-1005,REG-05,Enterprise Partner,7,14064.08,0.02,96479.59,47787.81,48691.78,88761.22,Completed
ORD-HG-11747,2023-08-07,2023-08,CUST-1015,PROD-106,EMP-1016,REG-04,Field Sales,17,21530.46,0.04,351377.11,165927.15,185449.96,323266.94,Completed
ORD-HG-11748,2023-08-07,2023-08,CUST-1180,PROD-116,EMP-1003,REG-01,Enterprise Partner,43,33826.13,0.04,1396342.65,574755.16,821587.49,1284635.24,Completed
ORD-HG-11749,2023-08-07,2023-08,CUST-1241,PROD-101,EMP-1004,REG-02,Field Sales,21,29696.16,0.02,611146.97,275113.65,336033.32,562255.21,Completed
ORD-HG-11750,2023-08-07,2023-08,CUST-1085,PROD-112,EMP-1048,REG-03,Field Sales,15,18106.37,0.05,258015.77,117759.38,140256.39,237374.51,Completed
ORD-HG-11751,2023-08-07,2023-08,CUST-1125,PROD-105,EMP-1013,REG-05,Enterprise Partner,30,28697.31,0.03,835091.72,442004.23,393087.49,768284.38,Completed
ORD-HG-11752,2023-08-07,2023-08,CUST-1261,PROD-115,EMP-1004,REG-05,Enterprise Partner,16,38582.55,0.04,592627.97,302928.92,289699.05,545217.73,Completed
ORD-HG-11753,2023-08-07,2023-08,CUST-1322,PROD-119,EMP-1012,REG-05,Direct Online,21,29955.9,0.04,603910.94,246279.59,357631.35,555598.06,Completed
ORD-HG-11754,2023-08-08,2023-08,CUST-1388,PROD-122,EMP-1025,REG-03,Retail Store,31,8955.15,0.03,269281.36,137634.37,131646.99,247738.85,Completed
ORD-HG-11755,2023-08-08,2023-08,CUST-1367,PROD-102,EMP-1007,REG-05,Enterprise Partner,32,36886.65,0.0,1180372.8,647830.61,532542.19,1085942.98,Completed
ORD-HG-11756,2023-08-08,2023-08,CUST-1436,PROD-122,EMP-1048,REG-04,Field Sales,14,17001.14,0.01,235635.8,125071.53,110564.27,216784.94,Completed
ORD-HG-11757,2023-08-08,2023-08,CUST-1285,PROD-115,EMP-1012,REG-05,Field Sales,14,37973.8,0.04,510367.87,204843.61,305524.26,469538.44,Completed
ORD-HG-11758,2023-08-08,2023-08,CUST-1113,PROD-107,EMP-1007,REG-03,Field Sales,37,25953.23,0.0,960269.51,449275.31,510994.2,883447.95,Completed
ORD-HG-11759,2023-08-08,2023-08,CUST-1351,PROD-121,EMP-1044,REG-01,Enterprise Partner,42,26165.31,0.04,1054985.3,502151.18,552834.12,970586.48,Completed
ORD-HG-11760,2023-08-08,2023-08,CUST-1261,PROD-115,EMP-1046,REG-02,Direct Online,11,20690.83,0.03,220771.16,94718.0,126053.16,203109.47,Completed
ORD-HG-11761,2023-08-08,2023-08,CUST-1122,PROD-103,EMP-1003,REG-04,Field Sales,21,33406.99,0.05,666469.45,338252.82,328216.63,613151.89,Completed
ORD-HG-11762,2023-08-08,2023-08,CUST-1051,PROD-110,EMP-1049,REG-03,Enterprise Partner,35,24674.4,0.02,846331.92,465436.53,380895.39,778625.37,Completed
ORD-HG-11763,2023-08-08,2023-08,CUST-1322,PROD-105,EMP-1016,REG-02,Direct Online,43,31762.9,0.01,1352146.65,706301.69,645844.96,1243974.92,Completed
ORD-HG-11764,2023-08-09,2023-08,CUST-1261,PROD-104,EMP-1005,REG-01,Field Sales,9,30607.35,0.03,267202.17,144256.77,122945.4,245826.0,Completed
ORD-HG-11765,2023-08-09,2023-08,CUST-1248,PROD-123,EMP-1027,REG-04,Direct Online,44,22564.71,0.03,963061.82,514241.25,448820.57,886016.87,Completed
ORD-HG-11766,2023-08-09,2023-08,CUST-1046,PROD-109,EMP-1034,REG-05,Field Sales,19,43367.29,0.02,807498.94,381316.28,426182.66,742899.02,Completed
ORD-HG-11767,2023-08-09,2023-08,CUST-1478,PROD-115,EMP-1018,REG-03,Retail Store,21,36543.65,0.04,736719.98,321074.89,415645.09,677782.38,Completed
ORD-HG-11768,2023-08-09,2023-08,CUST-1203,PROD-107,EMP-1019,REG-05,Retail Store,5,28331.31,0.0,141656.55,60556.45,81100.1,130324.03,Completed
ORD-HG-11769,2023-08-09,2023-08,CUST-1194,PROD-101,EMP-1043,REG-04,Field Sales,36,37143.53,0.04,1283680.4,685318.42,598361.98,1180985.97,Completed
ORD-HG-11770,2023-08-10,2023-08,CUST-1114,PROD-103,EMP-1005,REG-03,Retail Store,36,21848.73,0.02,770823.19,328192.06,442631.13,709157.33,Completed
ORD-HG-11771,2023-08-10,2023-08,CUST-1274,PROD-109,EMP-1007,REG-04,Direct Online,37,16338.59,0.01,598482.55,260445.08,338037.47,550603.95,Completed
ORD-HG-11772,2023-08-10,2023-08,CUST-1168,PROD-121,EMP-1038,REG-05,Retail Store,6,20614.79,0.04,118741.19,58121.0,60620.19,109241.89,Completed
ORD-HG-11773,2023-08-10,2023-08,CUST-1477,PROD-120,EMP-1044,REG-04,Retail Store,39,5615.92,0.05,208069.84,109026.8,99043.04,191424.25,Completed
ORD-HG-11774,2023-08-10,2023-08,CUST-1037,PROD-110,EMP-1046,REG-03,Direct Online,27,40140.14,0.01,1072945.94,448366.92,624579.02,987110.26,Completed
ORD-HG-11775,2023-08-10,2023-08,CUST-1053,PROD-123,EMP-1033,REG-01,Field Sales,6,22167.45,0.04,127684.51,51930.01,75754.5,117469.75,Completed
ORD-HG-11776,2023-08-10,2023-08,CUST-1144,PROD-110,EMP-1041,REG-04,Field Sales,44,28707.52,0.01,1250499.57,602143.11,648356.46,1150459.6,Completed
ORD-HG-11777,2023-08-10,2023-08,CUST-1077,PROD-107,EMP-1023,REG-05,Direct Online,31,16588.28,0.02,503951.95,225323.82,278628.13,463635.79,Completed
ORD-HG-11778,2023-08-11,2023-08,CUST-1080,PROD-119,EMP-1003,REG-03,Retail Store,29,37819.3,0.01,1085792.1,584455.82,501336.28,998928.73,Completed
ORD-HG-11779,2023-08-11,2023-08,CUST-1484,PROD-112,EMP-1020,REG-05,Field Sales,23,12506.24,0.05,273261.34,147667.89,125593.45,251400.43,Completed
ORD-HG-11780,2023-08-11,2023-08,CUST-1164,PROD-104,EMP-1020,REG-01,Retail Store,16,23684.56,0.03,367584.37,159375.62,208208.75,338177.62,Completed
ORD-HG-11781,2023-08-11,2023-08,CUST-1290,PROD-122,EMP-1001,REG-02,Retail Store,14,25248.28,0.05,335802.12,151663.4,184138.72,308937.95,Completed
ORD-HG-11782,2023-08-11,2023-08,CUST-1411,PROD-114,EMP-1017,REG-05,Direct Online,14,26818.37,0.03,364193.46,155382.24,208811.22,335057.98,Completed
ORD-HG-11783,2023-08-11,2023-08,CUST-1013,PROD-104,EMP-1002,REG-05,Enterprise Partner,27,17644.44,0.04,457343.88,216821.75,240522.13,420756.37,Completed
ORD-HG-11784,2023-08-11,2023-08,CUST-1234,PROD-117,EMP-1047,REG-01,Direct Online,42,21032.96,0.03,856882.79,402210.56,454672.23,788332.17,Completed
ORD-HG-11785,2023-08-11,2023-08,CUST-1468,PROD-123,EMP-1024,REG-04,Retail Store,42,27072.59,0.04,1091566.83,526939.89,564626.94,1004241.48,Completed
ORD-HG-11786,2023-08-11,2023-08,CUST-1125,PROD-114,EMP-1009,REG-04,Retail Store,15,32833.52,0.04,472802.69,217596.83,255205.86,434978.47,Completed
ORD-HG-11787,2023-08-11,2023-08,CUST-1311,PROD-117,EMP-1027,REG-01,Direct Online,40,23640.57,0.03,917254.12,396727.21,520526.91,843873.79,Completed
ORD-HG-11788,2023-08-11,2023-08,CUST-1401,PROD-105,EMP-1027,REG-04,Retail Store,9,12876.24,0.02,113568.44,54586.29,58982.15,104482.96,Completed
ORD-HG-11789,2023-08-11,2023-08,CUST-1278,PROD-119,EMP-1039,REG-05,Direct Online,41,9818.28,0.03,390473.0,180774.35,209698.65,359235.16,Completed
ORD-HG-11790,2023-08-12,2023-08,CUST-1238,PROD-113,EMP-1028,REG-05,Field Sales,30,24883.34,0.05,709175.19,386433.07,322742.12,652441.17,Completed
ORD-HG-11791,2023-08-12,2023-08,CUST-1184,PROD-104,EMP-1031,REG-03,Field Sales,18,5867.22,0.01,104553.86,44977.01,59576.85,96189.55,Completed
ORD-HG-11792,2023-08-12,2023-08,CUST-1325,PROD-110,EMP-1025,REG-02,Enterprise Partner,33,32698.51,0.03,1046679.31,464595.9,582083.41,962944.97,Completed
ORD-HG-11793,2023-08-12,2023-08,CUST-1128,PROD-107,EMP-1015,REG-03,Direct Online,15,18263.76,0.02,268477.27,144248.64,124228.63,246999.09,Completed
ORD-HG-11794,2023-08-12,2023-08,CUST-1251,PROD-118,EMP-1049,REG-05,Retail Store,16,26016.92,0.03,403782.6,204632.93,199149.67,371479.99,Completed
ORD-HG-11795,2023-08-12,2023-08,CUST-1460,PROD-111,EMP-1048,REG-01,Direct Online,10,40381.59,0.04,387663.26,176577.06,211086.2,356650.2,Completed
ORD-HG-11796,2023-08-12,2023-08,CUST-1003,PROD-111,EMP-1027,REG-04,Direct Online,30,20834.66,0.05,593787.81,241419.06,352368.75,546284.79,Completed
ORD-HG-11797,2023-08-12,2023-08,CUST-1262,PROD-109,EMP-1030,REG-02,Direct Online,15,44381.4,0.05,632434.95,268531.16,363903.79,581840.15,Completed
ORD-HG-11798,2023-08-13,2023-08,CUST-1320,PROD-113,EMP-1026,REG-03,Direct Online,9,25165.2,0.03,219692.2,106910.35,112781.85,202116.82,Completed
ORD-HG-11799,2023-08-13,2023-08,CUST-1188,PROD-110,EMP-1042,REG-05,Retail Store,17,14364.32,0.02,239309.57,102617.34,136692.23,220164.8,Completed
ORD-HG-11800,2023-08-13,2023-08,CUST-1236,PROD-123,EMP-1042,REG-05,Direct Online,32,44506.71,0.03,1381488.28,633343.41,748144.87,1270969.22,Completed
ORD-HG-11801,2023-08-13,2023-08,CUST-1411,PROD-109,EMP-1024,REG-01,Field Sales,38,20639.75,0.04,752938.08,361928.66,391009.42,692703.03,Completed
ORD-HG-11802,2023-08-13,2023-08,CUST-1497,PROD-119,EMP-1018,REG-04,Field Sales,16,22377.66,0.03,347301.28,184372.5,162928.78,319517.18,Completed
ORD-HG-11803,2023-08-14,2023-08,CUST-1409,PROD-120,EMP-1039,REG-03,Field Sales,38,42877.14,0.03,1580451.38,775105.33,805346.05,1454015.27,Completed
ORD-HG-11804,2023-08-14,2023-08,CUST-1126,PROD-108,EMP-1034,REG-02,Retail Store,40,34544.45,0.01,1367960.22,747579.65,620380.57,1258523.4,Completed
ORD-HG-11805,2023-08-14,2023-08,CUST-1161,PROD-112,EMP-1017,REG-05,Retail Store,24,17592.8,0.05,401115.84,193515.42,207600.42,369026.57,Completed
ORD-HG-11806,2023-08-14,2023-08,CUST-1334,PROD-106,EMP-1025,REG-02,Field Sales,27,32359.37,0.04,838754.87,369201.61,469553.26,771654.48,Completed
ORD-HG-11807,2023-08-14,2023-08,CUST-1089,PROD-101,EMP-1022,REG-01,Field Sales,33,20064.55,0.02,648887.55,305961.86,342925.69,596976.55,Completed
ORD-HG-11808,2023-08-14,2023-08,CUST-1063,PROD-106,EMP-1034,REG-01,Direct Online,12,28484.78,0.01,338399.19,159616.76,178782.43,311327.25,Completed
ORD-HG-11809,2023-08-14,2023-08,CUST-1459,PROD-103,EMP-1018,REG-03,Enterprise Partner,40,20854.73,0.01,825847.31,439273.54,386573.77,759779.53,Completed
ORD-HG-11810,2023-08-14,2023-08,CUST-1082,PROD-111,EMP-1015,REG-02,Field Sales,40,13797.83,0.02,540874.94,259605.37,281269.57,497604.94,Completed
ORD-HG-11811,2023-08-15,2023-08,CUST-1043,PROD-115,EMP-1003,REG-02,Enterprise Partner,15,22731.2,0.04,327329.28,159951.13,167378.15,301142.94,Completed
ORD-HG-11812,2023-08-15,2023-08,CUST-1422,PROD-117,EMP-1014,REG-04,Retail Store,34,30189.86,0.05,975132.48,488389.49,486742.99,897121.88,Completed
ORD-HG-11813,2023-08-15,2023-08,CUST-1274,PROD-105,EMP-1041,REG-04,Field Sales,38,30939.82,0.0,1175713.16,623354.92,552358.24,1081656.11,Completed
ORD-HG-11814,2023-08-15,2023-08,CUST-1065,PROD-123,EMP-1048,REG-03,Enterprise Partner,20,14936.67,0.03,289771.4,133310.68,156460.72,266589.69,Completed
ORD-HG-11815,2023-08-15,2023-08,CUST-1445,PROD-104,EMP-1047,REG-03,Field Sales,40,10050.22,0.03,389948.54,192613.98,197334.56,358752.66,Completed
ORD-HG-11816,2023-08-15,2023-08,CUST-1247,PROD-115,EMP-1034,REG-01,Enterprise Partner,44,21828.04,0.04,922016.41,472831.23,449185.18,848255.1,Completed
ORD-HG-11817,2023-08-15,2023-08,CUST-1480,PROD-102,EMP-1024,REG-01,Retail Store,30,6435.9,0.01,191146.23,92314.56,98831.67,175854.53,Completed
ORD-HG-11818,2023-08-16,2023-08,CUST-1239,PROD-119,EMP-1039,REG-02,Field Sales,30,43092.83,0.04,1241073.5,572878.7,668194.8,1141787.62,Completed
ORD-HG-11819,2023-08-16,2023-08,CUST-1360,PROD-103,EMP-1037,REG-01,Field Sales,24,33632.37,0.03,782961.57,370726.16,412235.41,720324.64,Completed
ORD-HG-11820,2023-08-16,2023-08,CUST-1044,PROD-105,EMP-1002,REG-03,Field Sales,31,29010.85,0.02,881349.62,407277.31,474072.31,810841.65,Completed
ORD-HG-11821,2023-08-16,2023-08,CUST-1129,PROD-111,EMP-1032,REG-02,Enterprise Partner,20,6813.13,0.01,134899.97,64660.5,70239.47,124107.97,Completed
ORD-HG-11822,2023-08-16,2023-08,CUST-1150,PROD-106,EMP-1027,REG-05,Retail Store,5,15812.27,0.04,75898.9,37649.57,38249.33,69826.99,Completed
ORD-HG-11823,2023-08-16,2023-08,CUST-1307,PROD-107,EMP-1025,REG-04,Field Sales,36,9915.47,0.02,349817.78,151951.74,197866.04,321832.36,Completed
ORD-HG-11824,2023-08-16,2023-08,CUST-1250,PROD-117,EMP-1023,REG-03,Enterprise Partner,29,44340.28,0.04,1234433.4,666886.45,567546.95,1135678.73,Completed
ORD-HG-11825,2023-08-16,2023-08,CUST-1196,PROD-103,EMP-1017,REG-05,Retail Store,20,8302.28,0.02,162724.69,84084.15,78640.54,149706.71,Completed
ORD-HG-11826,2023-08-17,2023-08,CUST-1112,PROD-109,EMP-1027,REG-01,Enterprise Partner,36,9188.32,0.03,320856.13,150462.11,170394.02,295187.64,Completed
ORD-HG-11827,2023-08-17,2023-08,CUST-1030,PROD-116,EMP-1034,REG-05,Direct Online,23,35178.85,0.04,776749.01,410432.6,366316.41,714609.09,Completed
ORD-HG-11828,2023-08-17,2023-08,CUST-1075,PROD-121,EMP-1039,REG-01,Enterprise Partner,32,30183.62,0.04,927240.81,480484.38,446756.43,853061.55,Completed
ORD-HG-11829,2023-08-17,2023-08,CUST-1013,PROD-110,EMP-1049,REG-04,Retail Store,39,43398.31,0.01,1675608.75,835590.32,840018.43,1541560.05,Completed
ORD-HG-11830,2023-08-17,2023-08,CUST-1352,PROD-121,EMP-1002,REG-03,Direct Online,21,12845.07,0.02,264351.54,142906.39,121445.15,243203.42,Completed
ORD-HG-11831,2023-08-18,2023-08,CUST-1318,PROD-124,EMP-1015,REG-05,Retail Store,41,8074.32,0.0,331047.12,159276.13,171770.99,304563.35,Completed
ORD-HG-11832,2023-08-18,2023-08,CUST-1432,PROD-122,EMP-1015,REG-04,Enterprise Partner,12,25563.96,0.04,294496.82,151845.25,142651.57,270937.07,Completed
ORD-HG-11833,2023-08-18,2023-08,CUST-1412,PROD-103,EMP-1013,REG-01,Enterprise Partner,7,5435.62,0.03,36907.86,16454.51,20453.35,33955.23,Completed
ORD-HG-11834,2023-08-18,2023-08,CUST-1071,PROD-106,EMP-1025,REG-03,Direct Online,7,7764.12,0.04,52174.89,23288.52,28886.37,48000.9,Completed
ORD-HG-11835,2023-08-18,2023-08,CUST-1035,PROD-120,EMP-1028,REG-02,Enterprise Partner,31,33632.12,0.05,990465.93,488712.07,501753.86,911228.66,Completed
ORD-HG-11836,2023-08-18,2023-08,CUST-1482,PROD-123,EMP-1041,REG-01,Enterprise Partner,38,39421.45,0.03,1453074.65,609179.33,843895.32,1336828.68,Completed
ORD-HG-11837,2023-08-18,2023-08,CUST-1430,PROD-102,EMP-1009,REG-03,Direct Online,30,17082.69,0.03,497106.28,207070.7,290035.58,457337.78,Completed
ORD-HG-11838,2023-08-18,2023-08,CUST-1462,PROD-106,EMP-1007,REG-05,Enterprise Partner,27,27087.53,0.04,702108.78,356937.02,345171.76,645940.08,Completed
ORD-HG-11839,2023-08-18,2023-08,CUST-1064,PROD-106,EMP-1015,REG-03,Direct Online,42,38003.55,0.01,1580187.61,844858.83,735328.78,1453772.6,Completed
ORD-HG-11840,2023-08-18,2023-08,CUST-1284,PROD-102,EMP-1015,REG-03,Field Sales,32,33919.63,0.04,1042011.03,512311.41,529699.62,958650.15,Completed
ORD-HG-11841,2023-08-19,2023-08,CUST-1413,PROD-101,EMP-1002,REG-01,Field Sales,43,29669.48,0.01,1263029.76,507028.36,756001.4,1161987.38,Completed
ORD-HG-11842,2023-08-19,2023-08,CUST-1124,PROD-113,EMP-1003,REG-04,Direct Online,7,9673.42,0.0,67713.94,37124.36,30589.58,62296.82,Completed
ORD-HG-11843,2023-08-19,2023-08,CUST-1455,PROD-107,EMP-1034,REG-02,Enterprise Partner,6,25797.03,0.01,153234.36,63847.53,89386.83,140975.61,Completed
ORD-HG-11844,2023-08-19,2023-08,CUST-1247,PROD-120,EMP-1011,REG-01,Enterprise Partner,40,29504.91,0.02,1156592.47,560373.17,596219.3,1064065.07,Completed
ORD-HG-11845,2023-08-19,2023-08,CUST-1286,PROD-123,EMP-1026,REG-01,Enterprise Partner,5,20917.66,0.01,103542.42,52962.03,50580.39,95259.03,Completed
ORD-HG-11846,2023-08-19,2023-08,CUST-1009,PROD-115,EMP-1040,REG-02,Retail Store,32,11643.64,0.03,361418.59,197299.6,164118.99,332505.1,Completed
ORD-HG-11847,2023-08-19,2023-08,CUST-1199,PROD-104,EMP-1002,REG-02,Field Sales,27,7771.98,0.03,203548.16,101943.22,101604.94,187264.31,Completed
ORD-HG-11848,2023-08-20,2023-08,CUST-1315,PROD-109,EMP-1001,REG-02,Enterprise Partner,17,44210.54,0.05,714000.22,339116.43,374883.79,656880.2,Completed
ORD-HG-11849,2023-08-20,2023-08,CUST-1071,PROD-109,EMP-1047,REG-02,Retail Store,29,24102.65,0.04,671017.78,276410.86,394606.92,617336.36,Completed
ORD-HG-11850,2023-08-20,2023-08,CUST-1077,PROD-119,EMP-1014,REG-05,Enterprise Partner,37,26839.38,0.04,953334.78,486880.87,466453.91,877068.0,Completed
ORD-HG-11851,2023-08-20,2023-08,CUST-1221,PROD-103,EMP-1041,REG-03,Retail Store,11,37907.28,0.02,408640.48,170859.72,237780.76,375949.24,Completed
ORD-HG-11852,2023-08-20,2023-08,CUST-1292,PROD-114,EMP-1047,REG-04,Direct Online,23,16284.53,0.01,370798.75,154022.46,216776.29,341134.85,Completed
ORD-HG-11853,2023-08-20,2023-08,CUST-1378,PROD-102,EMP-1005,REG-04,Retail Store,25,19829.79,0.03,480872.41,202858.68,278013.73,442402.62,Completed
ORD-HG-11854,2023-08-20,2023-08,CUST-1102,PROD-110,EMP-1006,REG-03,Field Sales,29,12418.45,0.03,349331.0,162084.18,187246.82,321384.52,Completed
ORD-HG-11855,2023-08-21,2023-08,CUST-1457,PROD-110,EMP-1033,REG-02,Retail Store,5,30907.0,0.03,149898.95,80913.02,68985.93,137907.03,Completed
ORD-HG-11856,2023-08-21,2023-08,CUST-1136,PROD-109,EMP-1008,REG-01,Retail Store,9,9596.35,0.03,83776.14,36172.02,47604.12,77074.05,Completed
ORD-HG-11857,2023-08-21,2023-08,CUST-1261,PROD-119,EMP-1045,REG-04,Direct Online,19,31367.85,0.02,584069.37,277725.04,306344.33,537343.82,Completed
ORD-HG-11858,2023-08-21,2023-08,CUST-1464,PROD-123,EMP-1049,REG-01,Enterprise Partner,33,13692.08,0.05,429246.71,185758.76,243487.95,394906.97,Completed
ORD-HG-11859,2023-08-21,2023-08,CUST-1388,PROD-122,EMP-1038,REG-03,Field Sales,35,13149.29,0.02,451020.65,206090.89,244929.76,414939.0,Completed
ORD-HG-11860,2023-08-21,2023-08,CUST-1212,PROD-103,EMP-1049,REG-02,Field Sales,8,5740.83,0.01,45467.37,22547.11,22920.26,41829.98,Completed
ORD-HG-11861,2023-08-22,2023-08,CUST-1355,PROD-111,EMP-1048,REG-02,Direct Online,23,11763.27,0.05,257027.45,103811.97,153215.48,236465.25,Completed
ORD-HG-11862,2023-08-22,2023-08,CUST-1225,PROD-113,EMP-1045,REG-02,Enterprise Partner,18,41514.68,0.02,732318.96,326732.53,405586.43,673733.44,Completed
ORD-HG-11863,2023-08-22,2023-08,CUST-1382,PROD-108,EMP-1017,REG-01,Field Sales,23,8812.31,0.01,200656.3,97010.36,103645.94,184603.8,Completed
ORD-HG-11864,2023-08-22,2023-08,CUST-1273,PROD-123,EMP-1011,REG-03,Enterprise Partner,8,5031.32,0.03,39043.04,19245.31,19797.73,35919.6,Completed
ORD-HG-11865,2023-08-22,2023-08,CUST-1136,PROD-121,EMP-1004,REG-04,Enterprise Partner,8,38653.12,0.04,296855.96,140771.41,156084.55,273107.48,Completed
ORD-HG-11866,2023-08-22,2023-08,CUST-1379,PROD-109,EMP-1047,REG-02,Direct Online,14,27699.2,0.02,380033.02,158206.5,221826.52,349630.38,Completed
ORD-HG-11867,2023-08-22,2023-08,CUST-1076,PROD-124,EMP-1043,REG-05,Retail Store,23,22633.16,0.02,510151.43,218908.04,291243.39,469339.32,Completed
ORD-HG-11868,2023-08-22,2023-08,CUST-1157,PROD-115,EMP-1005,REG-05,Retail Store,20,9117.87,0.02,178710.25,96301.42,82408.83,164413.43,Completed
ORD-HG-11869,2023-08-22,2023-08,CUST-1314,PROD-109,EMP-1041,REG-03,Enterprise Partner,20,43587.17,0.02,854308.53,434777.69,419530.84,785963.85,Completed
ORD-HG-11870,2023-08-22,2023-08,CUST-1347,PROD-118,EMP-1039,REG-04,Enterprise Partner,37,32930.65,0.01,1206249.71,530054.11,676195.6,1109749.73,Completed
ORD-HG-11871,2023-08-22,2023-08,CUST-1051,PROD-114,EMP-1021,REG-02,Field Sales,10,13959.06,0.04,134006.98,59531.67,74475.31,123286.42,Completed
ORD-HG-11872,2023-08-23,2023-08,CUST-1411,PROD-109,EMP-1046,REG-05,Direct Online,41,16493.53,0.01,669472.38,364872.28,304600.1,615914.59,Completed
ORD-HG-11873,2023-08-23,2023-08,CUST-1246,PROD-108,EMP-1036,REG-01,Retail Store,37,27868.16,0.02,1010499.48,419384.91,591114.57,929659.52,Completed
ORD-HG-11874,2023-08-23,2023-08,CUST-1433,PROD-122,EMP-1016,REG-03,Retail Store,27,41177.02,0.02,1089543.95,548075.46,541468.49,1002380.43,Completed
ORD-HG-11875,2023-08-23,2023-08,CUST-1368,PROD-120,EMP-1039,REG-03,Direct Online,6,18996.91,0.02,111701.83,60116.04,51585.79,102765.68,Completed
ORD-HG-11876,2023-08-23,2023-08,CUST-1231,PROD-105,EMP-1034,REG-01,Enterprise Partner,41,41773.62,0.02,1678464.05,805991.88,872472.17,1544186.93,Completed
ORD-HG-11877,2023-08-23,2023-08,CUST-1314,PROD-120,EMP-1002,REG-02,Direct Online,38,21623.01,0.02,805240.89,414178.16,391062.73,740821.62,Completed
ORD-HG-11878,2023-08-23,2023-08,CUST-1135,PROD-108,EMP-1005,REG-01,Direct Online,39,30636.8,0.02,1170938.5,578987.48,591951.02,1077263.42,Completed
ORD-HG-11879,2023-08-24,2023-08,CUST-1232,PROD-114,EMP-1040,REG-05,Enterprise Partner,5,33052.2,0.04,158650.56,65013.06,93637.5,145958.52,Completed
ORD-HG-11880,2023-08-24,2023-08,CUST-1415,PROD-101,EMP-1031,REG-04,Direct Online,7,30145.43,0.01,208907.83,110135.87,98771.96,192195.2,Completed
ORD-HG-11881,2023-08-24,2023-08,CUST-1497,PROD-103,EMP-1009,REG-03,Field Sales,38,27788.06,0.04,1013708.43,433382.55,580325.88,932611.76,Completed
ORD-HG-11882,2023-08-24,2023-08,CUST-1316,PROD-118,EMP-1031,REG-04,Field Sales,27,5311.64,0.03,139111.85,74292.1,64819.75,127982.9,Completed
ORD-HG-11883,2023-08-24,2023-08,CUST-1083,PROD-103,EMP-1032,REG-01,Direct Online,40,23542.6,0.04,904035.84,389467.09,514568.75,831712.97,Completed
ORD-HG-11884,2023-08-24,2023-08,CUST-1430,PROD-110,EMP-1049,REG-03,Enterprise Partner,10,26914.93,0.03,261074.82,116857.36,144217.46,240188.83,Completed
ORD-HG-11885,2023-08-24,2023-08,CUST-1077,PROD-124,EMP-1002,REG-01,Direct Online,17,25362.46,0.04,413915.35,217644.29,196271.06,380802.12,Completed
ORD-HG-11886,2023-08-24,2023-08,CUST-1303,PROD-101,EMP-1035,REG-03,Enterprise Partner,24,11165.13,0.01,265283.49,106670.71,158612.78,244060.81,Completed
ORD-HG-11887,2023-08-24,2023-08,CUST-1475,PROD-108,EMP-1035,REG-01,Field Sales,22,17156.13,0.02,369886.16,195344.54,174541.62,340295.27,Completed
ORD-HG-11888,2023-08-25,2023-08,CUST-1443,PROD-121,EMP-1042,REG-02,Retail Store,39,9976.64,0.04,373525.4,171131.74,202393.66,343643.37,Completed
ORD-HG-11889,2023-08-25,2023-08,CUST-1481,PROD-115,EMP-1016,REG-02,Enterprise Partner,27,12839.85,0.0,346675.95,146135.88,200540.07,318941.87,Completed
ORD-HG-11890,2023-08-25,2023-08,CUST-1245,PROD-117,EMP-1019,REG-02,Direct Online,27,5616.23,0.03,147089.06,71329.46,75759.6,135321.94,Completed
ORD-HG-11891,2023-08-25,2023-08,CUST-1104,PROD-123,EMP-1008,REG-03,Direct Online,44,29839.24,0.01,1299797.29,591481.58,708315.71,1195813.51,Completed
ORD-HG-11892,2023-08-25,2023-08,CUST-1327,PROD-122,EMP-1021,REG-01,Field Sales,31,12411.61,0.03,373217.11,157539.05,215678.06,343359.74,Completed
ORD-HG-11893,2023-08-25,2023-08,CUST-1126,PROD-111,EMP-1040,REG-04,Retail Store,43,6095.9,0.02,256881.23,105538.49,151342.74,236330.73,Completed
ORD-HG-11894,2023-08-26,2023-08,CUST-1460,PROD-108,EMP-1027,REG-02,Field Sales,12,6253.31,0.05,71287.73,37585.42,33702.31,65584.71,Completed
ORD-HG-11895,2023-08-26,2023-08,CUST-1268,PROD-106,EMP-1010,REG-03,Field Sales,15,19749.17,0.01,293275.17,126986.79,166288.38,269813.16,Completed
ORD-HG-11896,2023-08-26,2023-08,CUST-1353,PROD-106,EMP-1016,REG-01,Retail Store,44,37220.44,0.0,1637699.36,773446.33,864253.03,1506683.41,Completed
ORD-HG-11897,2023-08-26,2023-08,CUST-1251,PROD-104,EMP-1013,REG-03,Direct Online,21,9064.21,0.04,182734.47,84926.84,97807.63,168115.71,Completed
ORD-HG-11898,2023-08-26,2023-08,CUST-1046,PROD-101,EMP-1033,REG-04,Enterprise Partner,38,33016.94,0.03,1217004.41,648503.06,568501.35,1119644.06,Completed
ORD-HG-11899,2023-08-26,2023-08,CUST-1079,PROD-104,EMP-1004,REG-02,Enterprise Partner,38,28879.37,0.02,1075467.74,433396.5,642071.24,989430.32,Completed
ORD-HG-11900,2023-08-26,2023-08,CUST-1429,PROD-114,EMP-1003,REG-02,Direct Online,19,16842.8,0.02,313612.94,133250.49,180362.45,288523.9,Completed
ORD-HG-11901,2023-08-26,2023-08,CUST-1439,PROD-114,EMP-1035,REG-05,Retail Store,25,16282.57,0.04,390781.68,214848.53,175933.15,359519.15,Completed
ORD-HG-11902,2023-08-26,2023-08,CUST-1442,PROD-101,EMP-1011,REG-05,Enterprise Partner,36,42039.0,0.03,1468001.88,764426.97,703574.91,1350561.73,Completed
ORD-HG-11903,2023-08-26,2023-08,CUST-1111,PROD-121,EMP-1041,REG-01,Field Sales,28,12366.91,0.01,342810.75,154940.55,187870.2,315385.89,Completed
ORD-HG-11904,2023-08-26,2023-08,CUST-1108,PROD-109,EMP-1021,REG-05,Retail Store,10,18864.81,0.04,181102.18,88689.18,92413.0,166614.01,Completed
ORD-HG-11905,2023-08-27,2023-08,CUST-1225,PROD-119,EMP-1005,REG-03,Retail Store,11,18123.67,0.02,195373.16,93206.44,102166.72,179743.31,Completed
ORD-HG-11906,2023-08-27,2023-08,CUST-1466,PROD-116,EMP-1040,REG-04,Enterprise Partner,24,11132.26,0.04,256487.27,136147.77,120339.5,235968.29,Completed
ORD-HG-11907,2023-08-27,2023-08,CUST-1399,PROD-118,EMP-1018,REG-03,Enterprise Partner,43,8536.73,0.02,359737.8,192187.01,167550.79,330958.78,Completed
ORD-HG-11908,2023-08-27,2023-08,CUST-1186,PROD-108,EMP-1005,REG-01,Retail Store,6,43563.27,0.03,253538.23,123055.59,130482.64,233255.17,Completed
ORD-HG-11909,2023-08-27,2023-08,CUST-1355,PROD-117,EMP-1021,REG-03,Direct Online,23,32810.67,0.0,754645.41,385440.9,369204.51,694273.78,Completed
ORD-HG-11910,2023-08-27,2023-08,CUST-1340,PROD-103,EMP-1042,REG-02,Enterprise Partner,8,6689.03,0.01,52977.12,25575.03,27402.09,48738.95,Completed
ORD-HG-11911,2023-08-27,2023-08,CUST-1383,PROD-118,EMP-1042,REG-04,Field Sales,29,28890.05,0.02,821055.22,355548.96,465506.26,755370.8,Completed
ORD-HG-11912,2023-08-27,2023-08,CUST-1228,PROD-111,EMP-1018,REG-01,Direct Online,22,26579.63,0.02,573056.82,278122.21,294934.61,527212.27,Completed
ORD-HG-11913,2023-08-28,2023-08,CUST-1022,PROD-124,EMP-1023,REG-01,Direct Online,34,5689.49,0.0,193442.66,93863.12,99579.54,177967.25,Completed
ORD-HG-11914,2023-08-28,2023-08,CUST-1373,PROD-113,EMP-1036,REG-04,Retail Store,36,17977.13,0.01,640704.91,308367.15,332337.76,589448.52,Completed
ORD-HG-11915,2023-08-28,2023-08,CUST-1319,PROD-114,EMP-1028,REG-03,Direct Online,15,23351.16,0.0,350267.4,159046.03,191221.37,322246.01,Completed
ORD-HG-11916,2023-08-28,2023-08,CUST-1074,PROD-117,EMP-1004,REG-03,Field Sales,38,18546.69,0.01,697726.48,352301.02,345425.46,641908.36,Completed
ORD-HG-11917,2023-08-28,2023-08,CUST-1151,PROD-111,EMP-1013,REG-03,Direct Online,30,28166.98,0.04,811209.02,384110.98,427098.04,746312.3,Completed
ORD-HG-11918,2023-08-28,2023-08,CUST-1402,PROD-105,EMP-1033,REG-01,Direct Online,15,24621.29,0.05,350853.38,161470.41,189382.97,322785.11,Completed
ORD-HG-11919,2023-08-28,2023-08,CUST-1490,PROD-104,EMP-1027,REG-04,Field Sales,15,31898.87,0.02,468913.39,196160.47,272752.92,431400.32,Completed
ORD-HG-11920,2023-08-28,2023-08,CUST-1318,PROD-118,EMP-1015,REG-03,Enterprise Partner,29,37360.42,0.05,1029279.57,430555.21,598724.36,946937.2,Completed
ORD-HG-11921,2023-08-29,2023-08,CUST-1064,PROD-118,EMP-1036,REG-04,Field Sales,7,13178.81,0.04,88561.6,39785.27,48776.33,81476.67,Completed
ORD-HG-11922,2023-08-29,2023-08,CUST-1283,PROD-107,EMP-1022,REG-03,Field Sales,10,18253.41,0.01,180708.76,93453.33,87255.43,166252.06,Completed
ORD-HG-11923,2023-08-29,2023-08,CUST-1087,PROD-120,EMP-1011,REG-04,Direct Online,37,34881.14,0.01,1277696.16,702699.75,574996.41,1175480.47,Completed
ORD-HG-11924,2023-08-29,2023-08,CUST-1376,PROD-111,EMP-1001,REG-04,Field Sales,24,36237.6,0.02,852308.35,433027.34,419281.01,784123.68,Completed
ORD-HG-11925,2023-08-29,2023-08,CUST-1419,PROD-119,EMP-1043,REG-01,Field Sales,14,11598.97,0.02,159137.87,82655.11,76482.76,146406.84,Completed
ORD-HG-11926,2023-08-29,2023-08,CUST-1300,PROD-122,EMP-1014,REG-05,Direct Online,25,30288.8,0.01,749647.8,406679.13,342968.67,689675.98,Completed
ORD-HG-11927,2023-08-29,2023-08,CUST-1475,PROD-110,EMP-1022,REG-02,Retail Store,31,42676.15,0.02,1296501.44,529518.11,766983.33,1192781.32,Completed
ORD-HG-11928,2023-08-30,2023-08,CUST-1105,PROD-118,EMP-1046,REG-03,Enterprise Partner,27,14092.97,0.05,361484.68,163707.73,197776.95,332565.91,Completed
ORD-HG-11929,2023-08-30,2023-08,CUST-1458,PROD-101,EMP-1047,REG-03,Retail Store,43,5419.58,0.05,221389.84,117001.11,104388.73,203678.65,Completed
ORD-HG-11930,2023-08-30,2023-08,CUST-1132,PROD-120,EMP-1035,REG-03,Enterprise Partner,39,29402.05,0.0,1146679.95,583794.22,562885.73,1054945.55,Completed
ORD-HG-11931,2023-08-30,2023-08,CUST-1449,PROD-103,EMP-1018,REG-05,Field Sales,25,15365.91,0.02,376464.8,189688.03,186776.77,346347.62,Completed
ORD-HG-11932,2023-08-30,2023-08,CUST-1201,PROD-123,EMP-1029,REG-05,Field Sales,11,15238.57,0.01,165948.03,89652.52,76295.51,152672.19,Completed
ORD-HG-11933,2023-08-30,2023-08,CUST-1160,PROD-104,EMP-1016,REG-01,Field Sales,18,7362.71,0.04,127227.63,60534.31,66693.32,117049.42,Completed
ORD-HG-11934,2023-08-30,2023-08,CUST-1297,PROD-102,EMP-1035,REG-02,Enterprise Partner,26,30867.01,0.01,794516.84,403568.2,390948.64,730955.49,Completed
ORD-HG-11935,2023-08-31,2023-08,CUST-1390,PROD-115,EMP-1046,REG-05,Retail Store,11,30419.21,0.05,317880.74,136713.97,181166.77,292450.28,Completed
ORD-HG-11936,2023-08-31,2023-08,CUST-1002,PROD-104,EMP-1031,REG-05,Field Sales,8,19259.88,0.03,149456.67,70647.74,78808.93,137500.14,Completed
ORD-HG-11937,2023-08-31,2023-08,CUST-1050,PROD-114,EMP-1024,REG-05,Direct Online,39,44436.06,0.03,1681016.15,920555.71,760460.44,1546534.86,Completed
ORD-HG-11938,2023-08-31,2023-08,CUST-1105,PROD-109,EMP-1029,REG-01,Direct Online,19,39977.48,0.02,744380.68,320839.45,423541.23,684830.23,Completed
ORD-HG-11939,2023-08-31,2023-08,CUST-1210,PROD-115,EMP-1039,REG-03,Direct Online,19,9740.46,0.03,179516.68,89055.71,90460.97,165155.35,Completed
ORD-HG-11940,2023-08-31,2023-08,CUST-1495,PROD-115,EMP-1010,REG-03,Retail Store,27,19490.65,0.01,520985.07,213224.07,307761.0,479306.26,Completed
ORD-HG-11941,2023-08-31,2023-08,CUST-1483,PROD-124,EMP-1048,REG-03,Field Sales,13,37767.47,0.04,471338.03,200895.35,270442.68,433630.99,Completed
ORD-HG-11942,2023-08-31,2023-08,CUST-1103,PROD-115,EMP-1033,REG-01,Enterprise Partner,34,42324.63,0.05,1367085.55,612821.57,754263.98,1257718.71,Completed
ORD-HG-11943,2023-08-31,2023-08,CUST-1482,PROD-103,EMP-1024,REG-02,Enterprise Partner,20,5767.96,0.02,113052.02,58253.02,54799.0,104007.86,Completed
ORD-HG-11944,2023-08-31,2023-08,CUST-1480,PROD-121,EMP-1022,REG-02,Field Sales,38,39904.76,0.01,1501217.07,650149.18,851067.89,1381119.7,Completed
ORD-HG-11945,2023-09-01,2023-09,CUST-1043,PROD-108,EMP-1033,REG-01,Field Sales,25,44369.21,0.05,1053768.74,435325.57,618443.17,969467.24,Completed
ORD-HG-11946,2023-09-01,2023-09,CUST-1201,PROD-118,EMP-1001,REG-01,Retail Store,33,41588.2,0.04,1317514.18,602843.73,714670.45,1212113.05,Completed
ORD-HG-11947,2023-09-01,2023-09,CUST-1313,PROD-102,EMP-1039,REG-04,Retail Store,19,11368.94,0.03,209529.56,113384.46,96145.1,192767.2,Completed
ORD-HG-11948,2023-09-01,2023-09,CUST-1224,PROD-102,EMP-1043,REG-01,Retail Store,13,24187.72,0.01,311295.96,132751.09,178544.87,286392.28,Completed
ORD-HG-11949,2023-09-01,2023-09,CUST-1064,PROD-115,EMP-1024,REG-04,Direct Online,22,20146.52,0.04,425494.5,222856.4,202638.1,391454.94,Completed
ORD-HG-11950,2023-09-01,2023-09,CUST-1298,PROD-113,EMP-1037,REG-05,Direct Online,20,28348.78,0.01,561305.84,263966.37,297339.47,516401.37,Completed
ORD-HG-11951,2023-09-01,2023-09,CUST-1030,PROD-116,EMP-1036,REG-04,Retail Store,23,9345.45,0.02,210646.44,97232.87,113413.57,193794.72,Completed
ORD-HG-11952,2023-09-01,2023-09,CUST-1445,PROD-113,EMP-1031,REG-01,Direct Online,13,11004.08,0.02,140191.98,65896.68,74295.3,128976.62,Completed
ORD-HG-11953,2023-09-01,2023-09,CUST-1070,PROD-104,EMP-1022,REG-01,Field Sales,38,25938.32,0.03,956086.48,418843.29,537243.19,879599.56,Completed
ORD-HG-11954,2023-09-02,2023-09,CUST-1391,PROD-120,EMP-1010,REG-05,Field Sales,41,10276.86,0.01,417137.75,168850.0,248287.75,383766.73,Completed
ORD-HG-11955,2023-09-02,2023-09,CUST-1164,PROD-122,EMP-1007,REG-05,Field Sales,41,11329.64,0.01,459870.09,238254.49,221615.6,423080.48,Completed
ORD-HG-11956,2023-09-02,2023-09,CUST-1163,PROD-113,EMP-1012,REG-05,Direct Online,40,25262.09,0.04,970064.26,508280.38,461783.88,892459.12,Completed
ORD-HG-11957,2023-09-02,2023-09,CUST-1370,PROD-122,EMP-1027,REG-04,Retail Store,18,29695.02,0.01,529165.26,247297.17,281868.09,486832.04,Completed
ORD-HG-11958,2023-09-02,2023-09,CUST-1385,PROD-124,EMP-1003,REG-03,Direct Online,32,40177.9,0.04,1234265.09,644698.93,589566.16,1135523.88,Completed
ORD-HG-11959,2023-09-02,2023-09,CUST-1456,PROD-121,EMP-1024,REG-03,Enterprise Partner,24,26888.01,0.02,632406.0,312298.95,320107.05,581813.52,Completed
ORD-HG-11960,2023-09-02,2023-09,CUST-1315,PROD-121,EMP-1018,REG-05,Field Sales,8,17635.07,0.0,141080.56,72954.64,68125.92,129794.12,Completed
ORD-HG-11961,2023-09-02,2023-09,CUST-1160,PROD-122,EMP-1048,REG-05,Retail Store,41,23142.63,0.02,929870.87,425589.74,504281.13,855481.2,Completed
ORD-HG-11962,2023-09-03,2023-09,CUST-1036,PROD-109,EMP-1006,REG-02,Field Sales,36,13770.65,0.04,475913.66,248476.67,227436.99,437840.57,Completed
ORD-HG-11963,2023-09-03,2023-09,CUST-1267,PROD-105,EMP-1044,REG-01,Enterprise Partner,11,28650.48,0.04,302549.07,127032.12,175516.95,278345.14,Completed
ORD-HG-11964,2023-09-03,2023-09,CUST-1286,PROD-119,EMP-1023,REG-05,Field Sales,16,15169.44,0.04,233002.6,93392.41,139610.19,214362.39,Completed
ORD-HG-11965,2023-09-03,2023-09,CUST-1411,PROD-115,EMP-1005,REG-04,Direct Online,33,39803.75,0.02,1287253.27,609800.7,677452.57,1184273.01,Completed
ORD-HG-11966,2023-09-03,2023-09,CUST-1147,PROD-110,EMP-1044,REG-04,Retail Store,27,16425.34,0.01,439049.34,201546.79,237502.55,403925.39,Completed
ORD-HG-11967,2023-09-03,2023-09,CUST-1369,PROD-105,EMP-1022,REG-04,Field Sales,43,16947.25,0.02,714157.12,349622.12,364535.0,657024.55,Completed
ORD-HG-11968,2023-09-03,2023-09,CUST-1102,PROD-115,EMP-1004,REG-05,Field Sales,27,5054.84,0.01,135115.87,66978.2,68137.67,124306.6,Completed
ORD-HG-11969,2023-09-03,2023-09,CUST-1478,PROD-106,EMP-1014,REG-04,Direct Online,40,18623.52,0.02,730041.98,302147.02,427894.96,671638.62,Completed
ORD-HG-11970,2023-09-03,2023-09,CUST-1007,PROD-101,EMP-1016,REG-02,Retail Store,20,20068.67,0.01,397359.67,176877.21,220482.46,365570.9,Completed
ORD-HG-11971,2023-09-03,2023-09,CUST-1234,PROD-103,EMP-1036,REG-03,Field Sales,16,26971.79,0.04,414286.69,188146.07,226140.62,381143.75,Completed
ORD-HG-11972,2023-09-03,2023-09,CUST-1429,PROD-113,EMP-1010,REG-05,Enterprise Partner,6,22458.13,0.04,129358.83,51915.58,77443.25,119010.12,Completed
ORD-HG-11973,2023-09-03,2023-09,CUST-1394,PROD-120,EMP-1016,REG-03,Field Sales,14,34147.74,0.05,454164.94,248175.35,205989.59,417831.74,Completed
ORD-HG-11974,2023-09-03,2023-09,CUST-1464,PROD-116,EMP-1003,REG-04,Enterprise Partner,8,15309.27,0.04,117575.19,62053.34,55521.85,108169.17,Completed
ORD-HG-11975,2023-09-04,2023-09,CUST-1039,PROD-118,EMP-1045,REG-01,Enterprise Partner,29,13348.14,0.03,375483.18,177267.86,198215.32,345444.53,Completed
ORD-HG-11976,2023-09-04,2023-09,CUST-1364,PROD-104,EMP-1038,REG-01,Direct Online,10,44912.85,0.01,444637.22,235154.24,209482.98,409066.24,Completed
ORD-HG-11977,2023-09-04,2023-09,CUST-1171,PROD-111,EMP-1031,REG-05,Retail Store,40,38491.72,0.05,1462685.36,630801.98,831883.38,1345670.53,Completed
ORD-HG-11978,2023-09-04,2023-09,CUST-1305,PROD-117,EMP-1015,REG-03,Field Sales,17,8066.96,0.0,137138.32,75313.97,61824.35,126167.25,Completed
ORD-HG-11979,2023-09-05,2023-09,CUST-1123,PROD-108,EMP-1013,REG-05,Field Sales,39,12838.47,0.02,490686.32,268111.0,222575.32,451431.41,Completed
ORD-HG-11980,2023-09-05,2023-09,CUST-1260,PROD-103,EMP-1007,REG-04,Field Sales,37,20434.43,0.04,725830.95,301235.85,424595.1,667764.47,Completed
ORD-HG-11981,2023-09-06,2023-09,CUST-1439,PROD-106,EMP-1043,REG-05,Enterprise Partner,27,24416.26,0.02,646054.24,320877.69,325176.55,594369.9,Completed
ORD-HG-11982,2023-09-06,2023-09,CUST-1050,PROD-103,EMP-1045,REG-05,Enterprise Partner,28,32972.35,0.02,904761.28,404792.78,499968.5,832380.38,Completed
ORD-HG-11983,2023-09-06,2023-09,CUST-1429,PROD-121,EMP-1027,REG-03,Enterprise Partner,22,24440.91,0.04,516192.02,264325.41,251866.61,474896.66,Completed
ORD-HG-11984,2023-09-06,2023-09,CUST-1388,PROD-117,EMP-1004,REG-02,Enterprise Partner,31,36789.53,0.04,1094856.41,553634.34,541222.07,1007267.9,Completed
ORD-HG-11985,2023-09-06,2023-09,CUST-1403,PROD-107,EMP-1034,REG-01,Direct Online,29,41959.5,0.02,1192488.99,652473.36,540015.63,1097089.87,Completed
ORD-HG-11986,2023-09-06,2023-09,CUST-1255,PROD-121,EMP-1026,REG-03,Direct Online,20,34443.07,0.01,681972.79,311046.84,370925.95,627414.97,Completed
ORD-HG-11987,2023-09-06,2023-09,CUST-1184,PROD-106,EMP-1008,REG-04,Direct Online,30,22597.36,0.04,650803.97,319020.29,331783.68,598739.65,Completed
ORD-HG-11988,2023-09-06,2023-09,CUST-1076,PROD-121,EMP-1026,REG-05,Retail Store,13,44827.26,0.02,571099.29,269647.08,301452.21,525411.35,Completed
ORD-HG-11989,2023-09-06,2023-09,CUST-1086,PROD-123,EMP-1030,REG-02,Direct Online,35,5389.6,0.02,184863.28,94971.93,89891.35,170074.22,Completed
ORD-HG-11990,2023-09-06,2023-09,CUST-1337,PROD-124,EMP-1027,REG-01,Field Sales,16,35532.36,0.0,568517.76,232105.92,336411.84,523036.34,Completed
ORD-HG-11991,2023-09-06,2023-09,CUST-1242,PROD-107,EMP-1010,REG-03,Field Sales,19,12730.09,0.02,237034.28,122899.47,114134.81,218071.54,Completed
ORD-HG-11992,2023-09-07,2023-09,CUST-1107,PROD-108,EMP-1048,REG-02,Field Sales,28,38566.6,0.02,1058267.5,515052.79,543214.71,973606.1,Completed
ORD-HG-11993,2023-09-07,2023-09,CUST-1312,PROD-107,EMP-1016,REG-01,Direct Online,44,43214.13,0.03,1844379.07,782022.97,1062356.1,1696828.74,Completed
ORD-HG-11994,2023-09-07,2023-09,CUST-1381,PROD-114,EMP-1015,REG-02,Retail Store,20,18309.59,0.03,355206.05,171476.17,183729.88,326789.57,Completed
ORD-HG-11995,2023-09-07,2023-09,CUST-1356,PROD-111,EMP-1027,REG-03,Field Sales,16,38484.04,0.01,609587.19,261527.42,348059.77,560820.21,Completed
ORD-HG-11996,2023-09-07,2023-09,CUST-1448,PROD-110,EMP-1037,REG-02,Retail Store,34,30084.99,0.01,1012660.76,457323.63,555337.13,931647.9,Completed
ORD-HG-11997,2023-09-07,2023-09,CUST-1160,PROD-115,EMP-1012,REG-05,Field Sales,18,13223.03,0.01,235634.39,112449.62,123184.77,216783.64,Completed
ORD-HG-11998,2023-09-07,2023-09,CUST-1210,PROD-118,EMP-1003,REG-01,Enterprise Partner,43,37057.63,0.03,1545673.75,633414.15,912259.6,1422019.85,Completed
ORD-HG-11999,2023-09-07,2023-09,CUST-1315,PROD-104,EMP-1045,REG-05,Direct Online,26,36820.69,0.03,928617.8,506123.89,422493.91,854328.38,Completed
ORD-HG-12000,2023-09-07,2023-09,CUST-1080,PROD-103,EMP-1031,REG-01,Enterprise Partner,13,23610.64,0.04,294660.79,159195.63,135465.16,271087.93,Completed
ORD-HG-12001,2023-09-07,2023-09,CUST-1387,PROD-119,EMP-1041,REG-04,Retail Store,29,36644.18,0.02,1041427.6,548665.14,492762.46,958113.39,Completed
ORD-HG-12002,2023-09-07,2023-09,CUST-1213,PROD-115,EMP-1034,REG-01,Direct Online,9,32837.77,0.04,283718.33,152852.05,130866.28,261020.86,Completed
ORD-HG-12003,2023-09-07,2023-09,CUST-1265,PROD-119,EMP-1007,REG-03,Direct Online,15,41204.81,0.0,618072.15,286095.34,331976.81,568626.38,Completed
ORD-HG-12004,2023-09-08,2023-09,CUST-1128,PROD-105,EMP-1036,REG-02,Direct Online,27,14178.18,0.03,371326.53,169029.92,202296.61,341620.41,Completed
ORD-HG-12005,2023-09-08,2023-09,CUST-1329,PROD-105,EMP-1021,REG-03,Field Sales,9,38811.06,0.04,335327.56,157879.77,177447.79,308501.36,Completed
ORD-HG-12006,2023-09-08,2023-09,CUST-1023,PROD-113,EMP-1018,REG-04,Enterprise Partner,19,22252.35,0.0,422794.65,197707.15,225087.5,388971.08,Completed
ORD-HG-12007,2023-09-08,2023-09,CUST-1377,PROD-112,EMP-1013,REG-04,Retail Store,39,13654.84,0.01,527213.37,277206.96,250006.41,485036.3,Completed
ORD-HG-12008,2023-09-08,2023-09,CUST-1164,PROD-109,EMP-1035,REG-04,Direct Online,31,24766.28,0.01,760077.13,314764.12,445313.01,699270.96,Completed
ORD-HG-12009,2023-09-08,2023-09,CUST-1171,PROD-122,EMP-1030,REG-03,Retail Store,36,14289.54,0.05,488702.27,229348.61,259353.66,449606.09,Completed
ORD-HG-12010,2023-09-08,2023-09,CUST-1441,PROD-118,EMP-1009,REG-02,Field Sales,11,36228.2,0.05,378584.69,153088.25,225496.44,348297.91,Completed
ORD-HG-12011,2023-09-08,2023-09,CUST-1154,PROD-111,EMP-1012,REG-03,Retail Store,8,36734.86,0.03,285062.51,140200.92,144861.59,262257.51,Completed
ORD-HG-12012,2023-09-08,2023-09,CUST-1317,PROD-101,EMP-1001,REG-01,Direct Online,39,10784.06,0.05,399549.42,190701.16,208848.26,367585.47,Completed
ORD-HG-12013,2023-09-08,2023-09,CUST-1352,PROD-113,EMP-1021,REG-02,Retail Store,10,44862.07,0.02,439648.29,212322.13,227326.16,404476.43,Completed
ORD-HG-12014,2023-09-08,2023-09,CUST-1416,PROD-108,EMP-1009,REG-03,Direct Online,24,40013.9,0.01,950730.26,490706.16,460024.1,874671.84,Completed
ORD-HG-12015,2023-09-08,2023-09,CUST-1380,PROD-116,EMP-1018,REG-05,Direct Online,44,21699.6,0.0,954782.4,467910.09,486872.31,878399.81,Completed
ORD-HG-12016,2023-09-09,2023-09,CUST-1326,PROD-115,EMP-1014,REG-04,Direct Online,38,40032.26,0.0,1521225.88,694294.51,826931.37,1399527.81,Completed
ORD-HG-12017,2023-09-09,2023-09,CUST-1022,PROD-122,EMP-1037,REG-04,Direct Online,18,41797.61,0.03,729786.27,343044.22,386742.05,671403.37,Completed
ORD-HG-12018,2023-09-09,2023-09,CUST-1342,PROD-101,EMP-1007,REG-01,Field Sales,32,33215.63,0.01,1052271.16,425717.2,626553.96,968089.47,Completed
ORD-HG-12019,2023-09-09,2023-09,CUST-1404,PROD-103,EMP-1023,REG-02,Enterprise Partner,13,7672.46,0.03,96749.72,51898.82,44850.9,89009.74,Completed
ORD-HG-12020,2023-09-09,2023-09,CUST-1373,PROD-114,EMP-1039,REG-03,Field Sales,17,21132.93,0.01,355667.21,160374.58,195292.63,327213.83,Completed
ORD-HG-12021,2023-09-09,2023-09,CUST-1046,PROD-112,EMP-1033,REG-04,Field Sales,42,25936.1,0.03,1056636.71,457734.9,598901.81,972105.77,Completed
ORD-HG-12022,2023-09-09,2023-09,CUST-1434,PROD-121,EMP-1028,REG-03,Enterprise Partner,31,11838.34,0.01,363318.65,172226.21,191092.44,334253.16,Completed
ORD-HG-12023,2023-09-09,2023-09,CUST-1145,PROD-102,EMP-1012,REG-03,Retail Store,30,17639.96,0.02,518614.82,261345.49,257269.33,477125.63,Completed
ORD-HG-12024,2023-09-09,2023-09,CUST-1145,PROD-105,EMP-1032,REG-05,Direct Online,30,30014.94,0.02,882439.24,448255.72,434183.52,811844.1,Completed
ORD-HG-12025,2023-09-09,2023-09,CUST-1305,PROD-101,EMP-1038,REG-03,Retail Store,41,14508.33,0.02,582944.7,294197.32,288747.38,536309.12,Completed
ORD-HG-12026,2023-09-10,2023-09,CUST-1066,PROD-110,EMP-1010,REG-02,Retail Store,6,16615.89,0.05,94710.57,48464.37,46246.2,87133.72,Completed
ORD-HG-12027,2023-09-10,2023-09,CUST-1469,PROD-106,EMP-1011,REG-05,Retail Store,41,6151.93,0.05,239617.67,99524.99,140092.68,220448.26,Completed
ORD-HG-12028,2023-09-10,2023-09,CUST-1194,PROD-122,EMP-1008,REG-01,Retail Store,10,39930.4,0.0,399304.0,207882.77,191421.23,367359.68,Completed
ORD-HG-12029,2023-09-10,2023-09,CUST-1201,PROD-120,EMP-1045,REG-02,Field Sales,31,31944.68,0.0,990285.08,450717.61,539567.47,911062.27,Completed
ORD-HG-12030,2023-09-10,2023-09,CUST-1094,PROD-105,EMP-1012,REG-04,Direct Online,40,37452.56,0.04,1438178.3,649236.06,788942.24,1323124.04,Completed
ORD-HG-12031,2023-09-10,2023-09,CUST-1270,PROD-102,EMP-1026,REG-02,Direct Online,37,37311.36,0.05,1311494.3,607831.76,703662.54,1206574.76,Completed
ORD-HG-12032,2023-09-11,2023-09,CUST-1287,PROD-111,EMP-1017,REG-05,Field Sales,38,24782.69,0.04,904072.53,414568.68,489503.85,831746.73,Completed
ORD-HG-12033,2023-09-11,2023-09,CUST-1370,PROD-111,EMP-1014,REG-04,Enterprise Partner,14,35040.6,0.04,470945.66,200596.79,270348.87,433270.01,Completed
ORD-HG-12034,2023-09-11,2023-09,CUST-1339,PROD-106,EMP-1039,REG-03,Retail Store,35,17613.93,0.03,597992.92,275902.52,322090.4,550153.49,Completed
ORD-HG-12035,2023-09-11,2023-09,CUST-1126,PROD-104,EMP-1023,REG-03,Enterprise Partner,12,41289.82,0.02,485568.28,244466.82,241101.46,446722.82,Completed
ORD-HG-12036,2023-09-11,2023-09,CUST-1035,PROD-112,EMP-1019,REG-02,Direct Online,13,37919.62,0.05,468307.31,189446.12,278861.19,430842.73,Completed
ORD-HG-12037,2023-09-11,2023-09,CUST-1119,PROD-124,EMP-1007,REG-05,Retail Store,34,39545.54,0.03,1304211.91,554637.03,749574.88,1199874.96,Completed
ORD-HG-12038,2023-09-11,2023-09,CUST-1120,PROD-115,EMP-1037,REG-05,Field Sales,22,34634.3,0.03,739095.96,345285.77,393810.19,679968.28,Completed
ORD-HG-12039,2023-09-11,2023-09,CUST-1348,PROD-103,EMP-1006,REG-02,Retail Store,9,5872.82,0.02,51798.27,23165.62,28632.65,47654.41,Completed
ORD-HG-12040,2023-09-11,2023-09,CUST-1432,PROD-103,EMP-1019,REG-05,Field Sales,23,28212.62,0.0,648890.26,312661.72,336228.54,596979.04,Completed
ORD-HG-12041,2023-09-12,2023-09,CUST-1163,PROD-110,EMP-1042,REG-02,Direct Online,10,8262.35,0.04,79318.56,33299.72,46018.84,72973.08,Completed
ORD-HG-12042,2023-09-12,2023-09,CUST-1355,PROD-115,EMP-1001,REG-02,Direct Online,19,34548.88,0.03,636735.86,333026.43,303709.43,585796.99,Completed
ORD-HG-12043,2023-09-12,2023-09,CUST-1367,PROD-115,EMP-1021,REG-03,Field Sales,26,11841.66,0.02,301725.5,125733.13,175992.37,277587.46,Completed
ORD-HG-12044,2023-09-12,2023-09,CUST-1401,PROD-111,EMP-1015,REG-02,Direct Online,32,28919.55,0.02,906917.09,478063.68,428853.41,834363.72,Completed
ORD-HG-12045,2023-09-12,2023-09,CUST-1179,PROD-122,EMP-1019,REG-03,Retail Store,33,26858.12,0.04,850865.24,432968.16,417897.08,782796.02,Completed
ORD-HG-12046,2023-09-12,2023-09,CUST-1341,PROD-124,EMP-1021,REG-04,Field Sales,6,39790.68,0.04,229194.32,102967.05,126227.27,210858.77,Completed
ORD-HG-12047,2023-09-12,2023-09,CUST-1427,PROD-122,EMP-1038,REG-03,Enterprise Partner,32,32308.67,0.02,1013199.89,550796.62,462403.27,932143.9,Completed
ORD-HG-12048,2023-09-13,2023-09,CUST-1028,PROD-112,EMP-1006,REG-02,Enterprise Partner,18,25809.79,0.04,445993.17,225478.0,220515.17,410313.72,Completed
ORD-HG-12049,2023-09-13,2023-09,CUST-1037,PROD-107,EMP-1031,REG-04,Retail Store,22,28404.92,0.04,599911.91,261698.71,338213.2,551918.96,Completed
ORD-HG-12050,2023-09-13,2023-09,CUST-1124,PROD-114,EMP-1041,REG-03,Direct Online,13,40439.19,0.01,520452.38,263289.49,257162.89,478816.19,Completed
ORD-HG-12051,2023-09-13,2023-09,CUST-1490,PROD-114,EMP-1023,REG-03,Field Sales,43,8269.68,0.02,348484.32,183551.11,164933.21,320605.57,Completed
ORD-HG-12052,2023-09-13,2023-09,CUST-1394,PROD-111,EMP-1047,REG-02,Enterprise Partner,17,15250.55,0.04,248888.98,132835.01,116053.97,228977.86,Completed
ORD-HG-12053,2023-09-13,2023-09,CUST-1080,PROD-114,EMP-1027,REG-05,Enterprise Partner,31,15981.36,0.05,470651.05,229190.08,241460.97,432998.97,Completed
ORD-HG-12054,2023-09-13,2023-09,CUST-1368,PROD-109,EMP-1002,REG-01,Field Sales,6,35387.98,0.01,210204.6,111447.5,98757.1,193388.23,Completed
ORD-HG-12055,2023-09-13,2023-09,CUST-1265,PROD-121,EMP-1022,REG-03,Field Sales,40,36819.94,0.01,1458069.62,708900.13,749169.49,1341424.05,Completed
ORD-HG-12056,2023-09-13,2023-09,CUST-1268,PROD-118,EMP-1049,REG-01,Direct Online,40,36469.0,0.04,1400409.6,565004.35,835405.25,1288376.83,Completed
ORD-HG-12057,2023-09-14,2023-09,CUST-1156,PROD-109,EMP-1032,REG-05,Field Sales,39,10674.86,0.01,412156.34,187456.81,224699.53,379183.83,Completed
ORD-HG-12058,2023-09-14,2023-09,CUST-1030,PROD-108,EMP-1032,REG-02,Enterprise Partner,14,35679.21,0.01,494513.85,232969.79,261544.06,454952.74,Completed
ORD-HG-12059,2023-09-14,2023-09,CUST-1288,PROD-114,EMP-1002,REG-03,Field Sales,7,37993.44,0.02,260635.0,128090.49,132544.51,239784.2,Completed
ORD-HG-12060,2023-09-14,2023-09,CUST-1454,PROD-112,EMP-1029,REG-02,Field Sales,32,16057.93,0.02,503576.68,222219.28,281357.4,463290.55,Completed
ORD-HG-12061,2023-09-14,2023-09,CUST-1145,PROD-119,EMP-1014,REG-03,Enterprise Partner,13,35412.44,0.04,441947.25,236900.04,205047.21,406591.47,Completed
ORD-HG-12062,2023-09-15,2023-09,CUST-1098,PROD-121,EMP-1032,REG-02,Retail Store,20,24556.81,0.02,481313.48,238391.74,242921.74,442808.4,Completed
ORD-HG-12063,2023-09-16,2023-09,CUST-1365,PROD-123,EMP-1034,REG-04,Enterprise Partner,10,44297.89,0.04,425259.74,223340.21,201919.53,391238.96,Completed
ORD-HG-12064,2023-09-16,2023-09,CUST-1015,PROD-109,EMP-1018,REG-04,Field Sales,8,27362.21,0.03,212330.75,85046.52,127284.23,195344.29,Completed
ORD-HG-12065,2023-09-16,2023-09,CUST-1194,PROD-106,EMP-1030,REG-04,Direct Online,27,33909.16,0.01,906391.85,376447.23,529944.62,833880.5,Completed
ORD-HG-12066,2023-09-16,2023-09,CUST-1332,PROD-117,EMP-1002,REG-01,Field Sales,7,7354.42,0.03,49936.51,26830.49,23106.02,45941.59,Completed
ORD-HG-12067,2023-09-16,2023-09,CUST-1378,PROD-107,EMP-1021,REG-04,Enterprise Partner,33,29629.01,0.0,977757.33,471199.55,506557.78,899536.74,Completed
ORD-HG-12068,2023-09-16,2023-09,CUST-1006,PROD-106,EMP-1019,REG-01,Enterprise Partner,25,16250.23,0.01,402193.19,220028.78,182164.41,370017.73,Completed
ORD-HG-12069,2023-09-16,2023-09,CUST-1286,PROD-108,EMP-1031,REG-04,Retail Store,44,18248.13,0.0,802917.72,327742.86,475174.86,738684.3,Completed
ORD-HG-12070,2023-09-16,2023-09,CUST-1235,PROD-102,EMP-1004,REG-02,Direct Online,10,32368.08,0.03,313970.38,151715.46,162254.92,288852.75,Completed
ORD-HG-12071,2023-09-16,2023-09,CUST-1051,PROD-123,EMP-1019,REG-02,Enterprise Partner,5,6975.16,0.03,33829.53,14138.31,19691.22,31123.17,Completed
ORD-HG-12072,2023-09-16,2023-09,CUST-1373,PROD-118,EMP-1015,REG-02,Retail Store,28,10475.38,0.05,278645.11,117063.46,161581.65,256353.5,Completed
ORD-HG-12073,2023-09-16,2023-09,CUST-1224,PROD-113,EMP-1004,REG-02,Enterprise Partner,9,41868.06,0.01,373044.41,168507.63,204536.78,343200.86,Completed
ORD-HG-12074,2023-09-17,2023-09,CUST-1096,PROD-102,EMP-1049,REG-05,Retail Store,10,28859.82,0.05,274168.29,137810.96,136357.33,252234.83,Completed
ORD-HG-12075,2023-09-17,2023-09,CUST-1090,PROD-109,EMP-1037,REG-01,Enterprise Partner,16,6104.68,0.03,94744.63,42931.45,51813.18,87165.06,Completed
ORD-HG-12076,2023-09-17,2023-09,CUST-1272,PROD-124,EMP-1018,REG-05,Retail Store,33,12983.26,0.01,424163.1,230162.17,194000.93,390230.05,Completed
ORD-HG-12077,2023-09-17,2023-09,CUST-1178,PROD-124,EMP-1017,REG-01,Retail Store,40,23137.16,0.02,906976.67,386734.94,520241.73,834418.54,Completed
ORD-HG-12078,2023-09-17,2023-09,CUST-1220,PROD-117,EMP-1007,REG-05,Retail Store,18,20684.37,0.03,361149.1,191429.04,169720.06,332257.17,Completed
ORD-HG-12079,2023-09-17,2023-09,CUST-1377,PROD-117,EMP-1012,REG-02,Direct Online,38,39966.24,0.02,1488342.78,767813.01,720529.77,1369275.36,Completed
ORD-HG-12080,2023-09-17,2023-09,CUST-1362,PROD-122,EMP-1037,REG-01,Enterprise Partner,12,19726.37,0.01,234349.28,102992.83,131356.45,215601.34,Completed
ORD-HG-12081,2023-09-17,2023-09,CUST-1227,PROD-120,EMP-1044,REG-01,Enterprise Partner,26,30010.3,0.03,756859.77,343755.56,413104.21,696310.99,Completed
ORD-HG-12082,2023-09-18,2023-09,CUST-1498,PROD-120,EMP-1027,REG-03,Retail Store,44,5227.82,0.04,220823.12,102666.61,118156.51,203157.27,Completed
ORD-HG-12083,2023-09-18,2023-09,CUST-1182,PROD-109,EMP-1008,REG-01,Direct Online,38,25740.94,0.03,948811.05,493336.99,455474.06,872906.17,Completed
ORD-HG-12084,2023-09-18,2023-09,CUST-1284,PROD-109,EMP-1038,REG-04,Field Sales,36,43758.36,0.05,1496535.91,671504.15,825031.76,1376813.04,Completed
ORD-HG-12085,2023-09-18,2023-09,CUST-1362,PROD-104,EMP-1047,REG-01,Direct Online,28,19109.66,0.05,508316.96,278620.73,229696.23,467651.6,Completed
ORD-HG-12086,2023-09-18,2023-09,CUST-1200,PROD-103,EMP-1049,REG-05,Enterprise Partner,6,22380.12,0.03,130252.3,64547.24,65705.06,119832.12,Completed
ORD-HG-12087,2023-09-18,2023-09,CUST-1120,PROD-114,EMP-1014,REG-03,Retail Store,37,12383.16,0.0,458176.92,251718.26,206458.66,421522.77,Completed
ORD-HG-12088,2023-09-18,2023-09,CUST-1183,PROD-113,EMP-1027,REG-04,Direct Online,28,7360.27,0.02,201965.81,90156.21,111809.6,185808.55,Completed
ORD-HG-12089,2023-09-18,2023-09,CUST-1192,PROD-110,EMP-1045,REG-04,Enterprise Partner,20,25134.56,0.05,477556.64,233461.56,244095.08,439352.11,Completed
ORD-HG-12090,2023-09-18,2023-09,CUST-1310,PROD-116,EMP-1033,REG-01,Direct Online,15,22966.45,0.03,334161.85,180739.0,153422.85,307428.9,Completed
ORD-HG-12091,2023-09-18,2023-09,CUST-1477,PROD-113,EMP-1007,REG-05,Retail Store,12,13286.23,0.05,151463.02,81224.66,70238.36,139345.98,Completed
ORD-HG-12092,2023-09-19,2023-09,CUST-1126,PROD-117,EMP-1022,REG-04,Retail Store,14,11804.19,0.03,160300.9,68932.82,91368.08,147476.83,Completed
ORD-HG-12093,2023-09-19,2023-09,CUST-1479,PROD-118,EMP-1049,REG-05,Direct Online,37,40501.66,0.0,1498561.42,803091.38,695470.04,1378676.51,Completed
ORD-HG-12094,2023-09-19,2023-09,CUST-1300,PROD-110,EMP-1021,REG-03,Retail Store,33,41113.6,0.0,1356748.8,677313.75,679435.05,1248208.9,Completed
ORD-HG-12095,2023-09-19,2023-09,CUST-1361,PROD-115,EMP-1005,REG-03,Field Sales,34,39140.21,0.04,1277536.45,683233.4,594303.05,1175333.53,Completed
ORD-HG-12096,2023-09-19,2023-09,CUST-1362,PROD-111,EMP-1007,REG-01,Retail Store,5,25611.45,0.03,124215.53,54986.57,69228.96,114278.29,Completed
ORD-HG-12097,2023-09-19,2023-09,CUST-1072,PROD-115,EMP-1028,REG-03,Retail Store,34,38738.53,0.05,1251254.52,547506.69,703747.83,1151154.16,Completed
ORD-HG-12098,2023-09-19,2023-09,CUST-1244,PROD-116,EMP-1022,REG-03,Direct Online,19,11405.59,0.01,214539.15,97405.52,117133.63,197376.02,Completed
ORD-HG-12099,2023-09-19,2023-09,CUST-1255,PROD-121,EMP-1004,REG-02,Field Sales,36,18609.86,0.01,663255.41,271160.78,392094.63,610194.98,Completed
ORD-HG-12100,2023-09-19,2023-09,CUST-1039,PROD-115,EMP-1014,REG-02,Direct Online,16,11472.2,0.02,179884.1,94590.22,85293.88,165493.37,Completed
ORD-HG-12101,2023-09-19,2023-09,CUST-1060,PROD-108,EMP-1015,REG-03,Retail Store,23,27374.07,0.01,623307.57,295391.04,327916.53,573442.96,Completed
ORD-HG-12102,2023-09-20,2023-09,CUST-1350,PROD-115,EMP-1010,REG-05,Direct Online,26,35235.0,0.0,916110.0,433139.44,482970.56,842821.2,Completed
ORD-HG-12103,2023-09-20,2023-09,CUST-1304,PROD-115,EMP-1022,REG-03,Field Sales,15,7602.2,0.01,112892.67,60037.4,52855.27,103861.26,Completed
ORD-HG-12104,2023-09-20,2023-09,CUST-1050,PROD-118,EMP-1024,REG-02,Retail Store,38,16914.25,0.01,636314.08,273227.67,363086.41,585408.95,Completed
ORD-HG-12105,2023-09-20,2023-09,CUST-1483,PROD-108,EMP-1048,REG-02,Retail Store,42,17742.77,0.05,707936.52,301342.23,406594.29,651301.6,Completed
ORD-HG-12106,2023-09-20,2023-09,CUST-1145,PROD-119,EMP-1010,REG-05,Field Sales,23,11369.52,0.02,256268.98,133609.08,122659.9,235767.46,Completed
ORD-HG-12107,2023-09-20,2023-09,CUST-1137,PROD-111,EMP-1017,REG-02,Field Sales,14,27560.25,0.04,370409.76,191906.27,178503.49,340776.98,Completed
ORD-HG-12108,2023-09-21,2023-09,CUST-1101,PROD-124,EMP-1010,REG-05,Field Sales,7,40983.43,0.04,275408.65,136098.93,139309.72,253375.96,Completed
ORD-HG-12109,2023-09-21,2023-09,CUST-1298,PROD-119,EMP-1030,REG-01,Enterprise Partner,38,9439.66,0.0,358707.08,189559.59,169147.49,330010.51,Completed
ORD-HG-12110,2023-09-21,2023-09,CUST-1341,PROD-118,EMP-1043,REG-03,Direct Online,33,7421.88,0.02,240023.6,112010.2,128013.4,220821.71,Completed
ORD-HG-12111,2023-09-21,2023-09,CUST-1076,PROD-118,EMP-1008,REG-01,Retail Store,26,28446.8,0.03,717428.3,299607.88,417820.42,660034.04,Completed
ORD-HG-12112,2023-09-21,2023-09,CUST-1092,PROD-115,EMP-1018,REG-04,Retail Store,17,25354.09,0.03,418088.94,169951.36,248137.58,384641.82,Completed
ORD-HG-12113,2023-09-21,2023-09,CUST-1007,PROD-108,EMP-1047,REG-04,Enterprise Partner,18,34685.69,0.03,605612.15,283301.09,322311.06,557163.18,Completed
ORD-HG-12114,2023-09-21,2023-09,CUST-1297,PROD-117,EMP-1012,REG-01,Direct Online,15,20830.88,0.0,312463.2,125130.32,187332.88,287466.14,Completed
ORD-HG-12115,2023-09-21,2023-09,CUST-1048,PROD-120,EMP-1012,REG-02,Field Sales,8,24160.88,0.05,183622.69,83966.6,99656.09,168932.87,Completed
ORD-HG-12116,2023-09-21,2023-09,CUST-1315,PROD-108,EMP-1041,REG-05,Enterprise Partner,30,6465.69,0.03,188151.58,99996.01,88155.57,173099.45,Completed
ORD-HG-12117,2023-09-21,2023-09,CUST-1448,PROD-115,EMP-1027,REG-04,Direct Online,30,19569.3,0.0,587079.0,298367.12,288711.88,540112.68,Completed
ORD-HG-12118,2023-09-22,2023-09,CUST-1212,PROD-105,EMP-1010,REG-03,Enterprise Partner,7,17523.07,0.0,122661.49,53371.77,69289.72,112848.57,Completed
ORD-HG-12119,2023-09-22,2023-09,CUST-1322,PROD-123,EMP-1026,REG-05,Retail Store,12,40530.5,0.02,476638.68,207733.61,268905.07,438507.59,Completed
ORD-HG-12120,2023-09-22,2023-09,CUST-1174,PROD-104,EMP-1009,REG-01,Field Sales,11,15020.56,0.04,158617.11,67710.55,90906.56,145927.74,Completed
ORD-HG-12121,2023-09-22,2023-09,CUST-1408,PROD-104,EMP-1022,REG-01,Retail Store,15,24436.52,0.02,359216.84,177214.18,182002.66,330479.49,Completed
ORD-HG-12122,2023-09-22,2023-09,CUST-1361,PROD-104,EMP-1007,REG-04,Direct Online,14,30500.37,0.05,405654.92,208761.66,196893.26,373202.53,Completed
ORD-HG-12123,2023-09-22,2023-09,CUST-1153,PROD-110,EMP-1005,REG-01,Enterprise Partner,25,38611.28,0.02,945976.36,445270.77,500705.59,870298.25,Completed
ORD-HG-12124,2023-09-22,2023-09,CUST-1106,PROD-124,EMP-1037,REG-04,Direct Online,29,32751.25,0.03,921292.66,390687.68,530604.98,847589.25,Completed
ORD-HG-12125,2023-09-22,2023-09,CUST-1190,PROD-109,EMP-1049,REG-02,Field Sales,15,5973.91,0.0,89608.65,37714.25,51894.4,82439.96,Completed
ORD-HG-12126,2023-09-23,2023-09,CUST-1050,PROD-118,EMP-1010,REG-03,Direct Online,20,6745.69,0.0,134913.8,66360.35,68553.45,124120.7,Completed
ORD-HG-12127,2023-09-23,2023-09,CUST-1182,PROD-122,EMP-1020,REG-03,Field Sales,43,40095.59,0.0,1724110.37,696926.68,1027183.69,1586181.54,Completed
ORD-HG-12128,2023-09-23,2023-09,CUST-1294,PROD-106,EMP-1034,REG-03,Field Sales,16,29101.41,0.03,451653.88,227799.73,223854.15,415521.57,Completed
ORD-HG-12129,2023-09-23,2023-09,CUST-1408,PROD-113,EMP-1031,REG-05,Field Sales,36,21901.72,0.01,780577.3,370056.27,410521.03,718131.12,Completed
ORD-HG-12130,2023-09-23,2023-09,CUST-1154,PROD-124,EMP-1025,REG-03,Retail Store,17,18699.23,0.05,301992.56,151015.32,150977.24,277833.16,Completed
ORD-HG-12131,2023-09-24,2023-09,CUST-1455,PROD-114,EMP-1047,REG-03,Field Sales,31,43453.83,0.01,1333598.04,716434.87,617163.17,1226910.2,Completed
ORD-HG-12132,2023-09-24,2023-09,CUST-1395,PROD-108,EMP-1002,REG-04,Enterprise Partner,31,27201.54,0.03,817950.31,396024.28,421926.03,752514.29,Completed
ORD-HG-12133,2023-09-24,2023-09,CUST-1472,PROD-112,EMP-1002,REG-03,Field Sales,26,40518.56,0.03,1021878.08,467521.95,554356.13,940127.83,Completed
ORD-HG-12134,2023-09-24,2023-09,CUST-1458,PROD-107,EMP-1035,REG-01,Retail Store,11,6025.13,0.01,65613.67,27711.67,37902.0,60364.58,Completed
ORD-HG-12135,2023-09-24,2023-09,CUST-1224,PROD-105,EMP-1022,REG-03,Direct Online,12,14388.75,0.02,169211.7,68252.83,100958.87,155674.76,Completed
ORD-HG-12136,2023-09-24,2023-09,CUST-1327,PROD-114,EMP-1015,REG-05,Direct Online,17,24697.2,0.02,411455.35,180423.24,231032.11,378538.92,Completed
ORD-HG-12137,2023-09-24,2023-09,CUST-1274,PROD-109,EMP-1038,REG-04,Enterprise Partner,25,13674.6,0.01,338446.35,166126.98,172319.37,311370.64,Completed
ORD-HG-12138,2023-09-24,2023-09,CUST-1340,PROD-117,EMP-1020,REG-02,Retail Store,5,38520.9,0.01,190678.46,92045.26,98633.2,175424.18,Completed
ORD-HG-12139,2023-09-24,2023-09,CUST-1056,PROD-112,EMP-1028,REG-02,Field Sales,41,10385.52,0.02,417290.19,170506.64,246783.55,383906.97,Completed
ORD-HG-12140,2023-09-24,2023-09,CUST-1398,PROD-106,EMP-1035,REG-04,Field Sales,37,6633.84,0.04,235634.0,94331.58,141302.42,216783.28,Completed
ORD-HG-12141,2023-09-24,2023-09,CUST-1357,PROD-120,EMP-1042,REG-02,Retail Store,16,13998.78,0.02,219500.87,97453.01,122047.86,201940.8,Completed
ORD-HG-12142,2023-09-24,2023-09,CUST-1118,PROD-116,EMP-1020,REG-03,Enterprise Partner,7,10894.42,0.01,75498.33,37371.38,38126.95,69458.46,Completed
ORD-HG-12143,2023-09-25,2023-09,CUST-1446,PROD-119,EMP-1011,REG-04,Field Sales,25,24472.92,0.05,581231.85,251065.4,330166.45,534733.3,Completed
ORD-HG-12144,2023-09-25,2023-09,CUST-1286,PROD-118,EMP-1030,REG-05,Retail Store,30,13330.67,0.0,399920.1,185226.52,214693.58,367926.49,Completed
ORD-HG-12145,2023-09-25,2023-09,CUST-1331,PROD-108,EMP-1017,REG-01,Field Sales,18,43338.42,0.0,780091.56,412200.11,367891.45,717684.24,Completed
ORD-HG-12146,2023-09-25,2023-09,CUST-1255,PROD-113,EMP-1030,REG-01,Retail Store,40,20533.86,0.0,821354.4,411013.38,410341.02,755646.05,Completed
ORD-HG-12147,2023-09-25,2023-09,CUST-1152,PROD-115,EMP-1041,REG-02,Enterprise Partner,10,38422.73,0.0,384227.3,200393.99,183833.31,353489.12,Completed
ORD-HG-12148,2023-09-25,2023-09,CUST-1066,PROD-120,EMP-1029,REG-05,Enterprise Partner,41,16361.45,0.05,637278.48,310583.67,326694.81,586296.2,Completed
ORD-HG-12149,2023-09-25,2023-09,CUST-1381,PROD-108,EMP-1013,REG-04,Direct Online,43,25048.65,0.02,1055550.11,527935.57,527614.54,971106.1,Completed
ORD-HG-12150,2023-09-25,2023-09,CUST-1185,PROD-118,EMP-1018,REG-01,Retail Store,22,14357.82,0.02,309554.6,169700.88,139853.72,284790.23,Completed
ORD-HG-12151,2023-09-25,2023-09,CUST-1249,PROD-107,EMP-1012,REG-02,Enterprise Partner,21,5093.32,0.04,102681.33,49114.28,53567.05,94466.82,Completed
ORD-HG-12152,2023-09-25,2023-09,CUST-1459,PROD-101,EMP-1025,REG-01,Direct Online,25,14884.85,0.01,368400.04,185933.64,182466.4,338928.04,Completed
ORD-HG-12153,2023-09-25,2023-09,CUST-1007,PROD-105,EMP-1027,REG-02,Direct Online,42,17627.96,0.01,732970.58,330846.64,402123.94,674332.93,Completed
ORD-HG-12154,2023-09-25,2023-09,CUST-1146,PROD-122,EMP-1046,REG-05,Direct Online,30,17541.25,0.04,505188.0,247654.73,257533.27,464772.96,Completed
ORD-HG-12155,2023-09-26,2023-09,CUST-1413,PROD-118,EMP-1001,REG-04,Retail Store,36,37724.91,0.05,1290191.92,527093.51,763098.41,1186976.57,Completed
ORD-HG-12156,2023-09-26,2023-09,CUST-1376,PROD-117,EMP-1016,REG-04,Field Sales,21,40566.57,0.03,826341.03,387778.59,438562.44,760233.75,Completed
ORD-HG-12157,2023-09-26,2023-09,CUST-1337,PROD-116,EMP-1025,REG-03,Retail Store,38,39756.99,0.01,1495657.96,808149.52,687508.44,1376005.32,Completed
ORD-HG-12158,2023-09-26,2023-09,CUST-1469,PROD-122,EMP-1017,REG-02,Direct Online,11,40616.1,0.04,428906.02,195361.6,233544.42,394593.54,Completed
ORD-HG-12159,2023-09-26,2023-09,CUST-1401,PROD-105,EMP-1025,REG-04,Retail Store,25,9143.46,0.05,217157.17,116518.97,100638.2,199784.6,Completed
ORD-HG-12160,2023-09-26,2023-09,CUST-1341,PROD-111,EMP-1006,REG-04,Enterprise Partner,18,36280.67,0.04,626929.98,268868.25,358061.73,576775.58,Completed
ORD-HG-12161,2023-09-26,2023-09,CUST-1310,PROD-101,EMP-1025,REG-03,Retail Store,32,32362.57,0.02,1014890.2,439152.48,575737.72,933698.98,Completed
ORD-HG-12162,2023-09-26,2023-09,CUST-1179,PROD-101,EMP-1015,REG-05,Retail Store,15,24789.65,0.02,364407.86,179169.8,185238.06,335255.23,Completed
ORD-HG-12163,2023-09-27,2023-09,CUST-1427,PROD-104,EMP-1001,REG-01,Direct Online,5,30660.27,0.0,153301.35,79766.7,73534.65,141037.24,Completed
ORD-HG-12164,2023-09-27,2023-09,CUST-1312,PROD-112,EMP-1019,REG-03,Field Sales,19,19879.68,0.03,366382.5,181630.64,184751.86,337071.9,Completed
ORD-HG-12165,2023-09-27,2023-09,CUST-1167,PROD-119,EMP-1033,REG-04,Direct Online,11,33941.67,0.03,362157.62,163977.01,198180.61,333185.01,Completed
ORD-HG-12166,2023-09-27,2023-09,CUST-1489,PROD-111,EMP-1003,REG-05,Direct Online,42,41575.77,0.01,1728720.52,821863.16,906857.36,1590422.88,Completed
ORD-HG-12167,2023-09-27,2023-09,CUST-1433,PROD-120,EMP-1017,REG-05,Field Sales,10,6478.47,0.02,63489.01,28866.57,34622.44,58409.89,Completed
ORD-HG-12168,2023-09-27,2023-09,CUST-1485,PROD-110,EMP-1033,REG-03,Direct Online,40,18165.48,0.05,690288.24,341097.96,349190.28,635065.18,Completed
ORD-HG-12169,2023-09-27,2023-09,CUST-1477,PROD-101,EMP-1022,REG-03,Enterprise Partner,10,34847.89,0.02,341509.32,175181.66,166327.66,314188.57,Completed
ORD-HG-12170,2023-09-27,2023-09,CUST-1086,PROD-104,EMP-1032,REG-01,Field Sales,11,29453.75,0.04,311031.6,132262.86,178768.74,286149.07,Completed
ORD-HG-12171,2023-09-27,2023-09,CUST-1336,PROD-118,EMP-1049,REG-03,Enterprise Partner,15,20372.06,0.01,302525.09,122029.33,180495.76,278323.08,Completed
ORD-HG-12172,2023-09-27,2023-09,CUST-1290,PROD-109,EMP-1044,REG-05,Direct Online,9,23473.55,0.03,204924.09,94553.0,110371.09,188530.16,Completed
ORD-HG-12173,2023-09-28,2023-09,CUST-1392,PROD-121,EMP-1033,REG-05,Direct Online,9,26565.54,0.04,229526.27,116153.37,113372.9,211164.17,Completed
ORD-HG-12174,2023-09-28,2023-09,CUST-1241,PROD-122,EMP-1036,REG-03,Retail Store,29,42177.77,0.0,1223155.33,509820.83,713334.5,1125302.9,Completed
ORD-HG-12175,2023-09-28,2023-09,CUST-1053,PROD-115,EMP-1007,REG-01,Direct Online,28,26419.72,0.05,702764.55,361563.87,341200.68,646543.39,Completed
ORD-HG-12176,2023-09-28,2023-09,CUST-1278,PROD-110,EMP-1024,REG-05,Enterprise Partner,34,9134.35,0.05,295039.5,125931.76,169107.74,271436.34,Completed
ORD-HG-12177,2023-09-28,2023-09,CUST-1366,PROD-101,EMP-1029,REG-02,Enterprise Partner,20,15239.95,0.0,304799.0,155703.42,149095.58,280415.08,Completed
ORD-HG-12178,2023-09-28,2023-09,CUST-1082,PROD-114,EMP-1013,REG-01,Retail Store,39,12969.57,0.03,490638.83,204649.86,285988.97,451387.72,Completed
ORD-HG-12179,2023-09-28,2023-09,CUST-1151,PROD-118,EMP-1040,REG-03,Enterprise Partner,9,16777.51,0.02,147977.64,75379.34,72598.3,136139.43,Completed
ORD-HG-12180,2023-09-28,2023-09,CUST-1311,PROD-112,EMP-1016,REG-02,Field Sales,28,37629.27,0.04,1011474.78,445881.48,565593.3,930556.8,Completed
ORD-HG-12181,2023-09-28,2023-09,CUST-1158,PROD-106,EMP-1013,REG-02,Field Sales,27,13405.03,0.02,354697.09,146342.03,208355.06,326321.32,Completed
ORD-HG-12182,2023-09-28,2023-09,CUST-1375,PROD-102,EMP-1040,REG-02,Enterprise Partner,24,28749.01,0.01,683076.48,349643.43,333433.05,628430.36,Completed
ORD-HG-12183,2023-09-28,2023-09,CUST-1143,PROD-101,EMP-1005,REG-03,Field Sales,10,20802.73,0.01,205947.03,113033.37,92913.66,189471.27,Completed
ORD-HG-12184,2023-09-29,2023-09,CUST-1252,PROD-107,EMP-1031,REG-04,Enterprise Partner,38,38785.3,0.0,1473841.4,752170.05,721671.35,1355934.09,Completed
ORD-HG-12185,2023-09-29,2023-09,CUST-1416,PROD-122,EMP-1040,REG-01,Field Sales,38,17353.58,0.02,646247.32,307763.16,338484.16,594547.53,Completed
ORD-HG-12186,2023-09-29,2023-09,CUST-1432,PROD-116,EMP-1001,REG-03,Field Sales,7,9513.21,0.02,65260.62,30310.44,34950.18,60039.77,Completed
ORD-HG-12187,2023-09-29,2023-09,CUST-1014,PROD-114,EMP-1018,REG-01,Enterprise Partner,26,6677.89,0.05,164943.88,68368.43,96575.45,151748.37,Completed
ORD-HG-12188,2023-09-29,2023-09,CUST-1198,PROD-122,EMP-1011,REG-04,Enterprise Partner,31,9620.24,0.04,286298.34,119646.51,166651.83,263394.47,Completed
ORD-HG-12189,2023-09-30,2023-09,CUST-1263,PROD-112,EMP-1026,REG-02,Enterprise Partner,41,18989.3,0.01,770775.69,364622.08,406153.61,709113.63,Completed
ORD-HG-12190,2023-09-30,2023-09,CUST-1218,PROD-124,EMP-1018,REG-03,Field Sales,42,18336.32,0.04,739320.42,336440.81,402879.61,680174.79,Completed
ORD-HG-12191,2023-09-30,2023-09,CUST-1130,PROD-113,EMP-1034,REG-03,Direct Online,36,31085.5,0.02,1096696.44,446104.3,650592.14,1008960.72,Completed
ORD-HG-12192,2023-09-30,2023-09,CUST-1191,PROD-104,EMP-1001,REG-02,Retail Store,30,44382.47,0.04,1278215.14,646640.95,631574.19,1175957.93,Completed
ORD-HG-12193,2023-09-30,2023-09,CUST-1256,PROD-111,EMP-1003,REG-01,Field Sales,34,12736.37,0.03,420045.48,225080.68,194964.8,386441.84,Completed
ORD-HG-12194,2023-09-30,2023-09,CUST-1076,PROD-109,EMP-1023,REG-05,Enterprise Partner,16,41304.04,0.02,647647.35,312331.68,335315.67,595835.56,Completed
ORD-HG-12195,2023-09-30,2023-09,CUST-1149,PROD-116,EMP-1043,REG-01,Direct Online,7,36589.11,0.03,248440.06,120932.99,127507.07,228564.86,Completed
ORD-HG-12196,2023-09-30,2023-09,CUST-1484,PROD-113,EMP-1029,REG-03,Retail Store,25,33164.17,0.04,795940.08,328318.32,467621.76,732264.87,Completed
ORD-HG-12197,2023-10-01,2023-10,CUST-1489,PROD-115,EMP-1006,REG-03,Enterprise Partner,28,12857.92,0.02,352821.32,161665.71,191155.61,324595.61,Completed
ORD-HG-12198,2023-10-01,2023-10,CUST-1338,PROD-102,EMP-1015,REG-03,Field Sales,43,39228.26,0.03,1636210.72,759414.67,876796.05,1505313.86,Completed
ORD-HG-12199,2023-10-01,2023-10,CUST-1229,PROD-104,EMP-1001,REG-04,Field Sales,25,44456.74,0.01,1100304.32,523218.2,577086.12,1012279.97,Completed
ORD-HG-12200,2023-10-01,2023-10,CUST-1496,PROD-114,EMP-1015,REG-04,Enterprise Partner,24,42778.45,0.01,1016415.97,503037.99,513377.98,935102.69,Completed
ORD-HG-12201,2023-10-01,2023-10,CUST-1050,PROD-105,EMP-1036,REG-05,Direct Online,9,17431.34,0.04,150606.78,67429.28,83177.5,138558.24,Completed
ORD-HG-12202,2023-10-01,2023-10,CUST-1194,PROD-117,EMP-1041,REG-03,Direct Online,36,17803.1,0.03,621684.25,314469.24,307215.01,571949.51,Completed
ORD-HG-12203,2023-10-01,2023-10,CUST-1263,PROD-116,EMP-1028,REG-02,Retail Store,43,6179.69,0.01,263069.4,113571.1,149498.3,242023.85,Completed
ORD-HG-12204,2023-10-01,2023-10,CUST-1412,PROD-105,EMP-1007,REG-04,Direct Online,40,26011.7,0.03,1009253.96,504965.34,504288.62,928513.64,Completed
ORD-HG-12205,2023-10-01,2023-10,CUST-1446,PROD-106,EMP-1038,REG-04,Enterprise Partner,40,10429.44,0.01,413005.82,184075.87,228929.95,379965.35,Completed
ORD-HG-12206,2023-10-01,2023-10,CUST-1140,PROD-124,EMP-1041,REG-01,Retail Store,12,28358.35,0.01,336897.2,161347.06,175550.14,309945.42,Completed
ORD-HG-12207,2023-10-01,2023-10,CUST-1124,PROD-121,EMP-1037,REG-05,Field Sales,43,25864.69,0.05,1056572.59,452671.21,603901.38,972046.78,Completed
ORD-HG-12208,2023-10-01,2023-10,CUST-1486,PROD-119,EMP-1007,REG-01,Enterprise Partner,42,12614.56,0.02,519215.29,259578.17,259637.12,477678.07,Completed
ORD-HG-12209,2023-10-02,2023-10,CUST-1189,PROD-121,EMP-1010,REG-01,Retail Store,42,37879.75,0.03,1543221.02,701880.33,841340.69,1419763.34,Completed
ORD-HG-12210,2023-10-02,2023-10,CUST-1233,PROD-110,EMP-1034,REG-04,Field Sales,12,24670.81,0.03,287168.23,151149.98,136018.25,264194.77,Completed
ORD-HG-12211,2023-10-02,2023-10,CUST-1377,PROD-114,EMP-1030,REG-02,Enterprise Partner,24,26160.37,0.01,621570.39,334205.29,287365.1,571844.76,Completed
ORD-HG-12212,2023-10-02,2023-10,CUST-1317,PROD-111,EMP-1025,REG-01,Enterprise Partner,29,34385.84,0.01,987217.47,526666.53,460550.94,908240.07,Completed
ORD-HG-12213,2023-10-02,2023-10,CUST-1022,PROD-111,EMP-1047,REG-05,Direct Online,28,16309.79,0.03,442973.9,219168.7,223805.2,407535.99,Completed
ORD-HG-12214,2023-10-02,2023-10,CUST-1215,PROD-120,EMP-1036,REG-03,Field Sales,6,22281.45,0.04,128341.15,58484.69,69856.46,118073.86,Completed
ORD-HG-12215,2023-10-02,2023-10,CUST-1389,PROD-113,EMP-1009,REG-01,Field Sales,13,23603.33,0.03,297637.99,154924.18,142713.81,273826.95,Completed
ORD-HG-12216,2023-10-02,2023-10,CUST-1493,PROD-118,EMP-1032,REG-03,Direct Online,27,39175.22,0.01,1047153.63,468245.14,578908.49,963381.34,Completed
ORD-HG-12217,2023-10-03,2023-10,CUST-1372,PROD-119,EMP-1022,REG-03,Retail Store,44,33383.51,0.01,1454185.7,637676.28,816509.42,1337850.84,Completed
ORD-HG-12218,2023-10-03,2023-10,CUST-1006,PROD-117,EMP-1009,REG-05,Retail Store,12,23764.51,0.04,273767.16,134346.13,139421.03,251865.79,Completed
ORD-HG-12219,2023-10-03,2023-10,CUST-1155,PROD-116,EMP-1009,REG-04,Enterprise Partner,13,40521.19,0.05,500436.7,214221.16,286215.54,460401.76,Completed
ORD-HG-12220,2023-10-03,2023-10,CUST-1088,PROD-112,EMP-1041,REG-05,Enterprise Partner,13,12915.66,0.04,161187.44,65917.59,95269.85,148292.44,Completed
ORD-HG-12221,2023-10-03,2023-10,CUST-1389,PROD-119,EMP-1015,REG-02,Enterprise Partner,25,43588.19,0.03,1057013.61,530614.07,526399.54,972452.52,Completed
ORD-HG-12222,2023-10-03,2023-10,CUST-1006,PROD-103,EMP-1019,REG-05,Field Sales,21,22107.85,0.02,454979.55,190890.98,264088.57,418581.19,Completed
ORD-HG-12223,2023-10-03,2023-10,CUST-1275,PROD-119,EMP-1026,REG-05,Retail Store,15,6335.38,0.01,94080.39,47073.27,47007.12,86553.96,Completed
ORD-HG-12224,2023-10-03,2023-10,CUST-1149,PROD-113,EMP-1004,REG-05,Retail Store,26,7510.54,0.01,193321.3,102876.41,90444.89,177855.6,Completed
ORD-HG-12225,2023-10-03,2023-10,CUST-1068,PROD-101,EMP-1031,REG-05,Enterprise Partner,31,7411.17,0.02,225151.34,104030.47,121120.87,207139.23,Completed
ORD-HG-12226,2023-10-03,2023-10,CUST-1111,PROD-121,EMP-1036,REG-02,Retail Store,9,31273.74,0.02,275834.39,135992.35,139842.04,253767.64,Completed
ORD-HG-12227,2023-10-04,2023-10,CUST-1356,PROD-117,EMP-1035,REG-01,Retail Store,7,38001.33,0.0,266009.31,110926.83,155082.48,244728.57,Completed
ORD-HG-12228,2023-10-04,2023-10,CUST-1190,PROD-124,EMP-1049,REG-04,Enterprise Partner,8,24634.82,0.02,193136.99,89300.47,103836.52,177686.03,Completed
ORD-HG-12229,2023-10-04,2023-10,CUST-1084,PROD-102,EMP-1045,REG-04,Retail Store,13,27161.82,0.01,349572.62,143384.1,206188.52,321606.81,Completed
ORD-HG-12230,2023-10-04,2023-10,CUST-1083,PROD-114,EMP-1036,REG-01,Retail Store,38,9055.05,0.05,326887.3,132721.57,194165.73,300736.32,Completed
ORD-HG-12231,2023-10-04,2023-10,CUST-1103,PROD-118,EMP-1030,REG-05,Enterprise Partner,23,31705.15,0.05,692757.53,285321.19,407436.34,637336.93,Completed
ORD-HG-12232,2023-10-04,2023-10,CUST-1016,PROD-115,EMP-1005,REG-02,Field Sales,10,33251.16,0.02,325861.37,138052.37,187809.0,299792.46,Completed
ORD-HG-12233,2023-10-04,2023-10,CUST-1071,PROD-113,EMP-1013,REG-02,Enterprise Partner,15,18442.95,0.01,273877.81,115240.24,158637.57,251967.59,Completed
ORD-HG-12234,2023-10-04,2023-10,CUST-1480,PROD-112,EMP-1045,REG-03,Retail Store,7,27073.82,0.03,183831.24,100136.62,83694.62,169124.74,Completed
ORD-HG-12235,2023-10-04,2023-10,CUST-1397,PROD-114,EMP-1002,REG-05,Enterprise Partner,44,14539.07,0.05,607733.13,321726.57,286006.56,559114.48,Completed
ORD-HG-12236,2023-10-04,2023-10,CUST-1467,PROD-101,EMP-1014,REG-02,Retail Store,31,9127.58,0.03,274466.33,149870.14,124596.19,252509.02,Completed
ORD-HG-12237,2023-10-05,2023-10,CUST-1421,PROD-113,EMP-1045,REG-05,Field Sales,33,17486.17,0.05,548191.43,280683.67,267507.76,504336.12,Completed
ORD-HG-12238,2023-10-05,2023-10,CUST-1053,PROD-104,EMP-1034,REG-02,Direct Online,32,13078.63,0.05,397590.35,177771.87,219818.48,365783.12,Completed
ORD-HG-12239,2023-10-05,2023-10,CUST-1257,PROD-110,EMP-1016,REG-02,Direct Online,16,22738.97,0.0,363823.52,200020.58,163802.94,334717.64,Completed
ORD-HG-12240,2023-10-05,2023-10,CUST-1258,PROD-112,EMP-1045,REG-05,Field Sales,9,8771.08,0.04,75782.13,34267.9,41514.23,69719.56,Completed
ORD-HG-12241,2023-10-05,2023-10,CUST-1438,PROD-118,EMP-1043,REG-05,Field Sales,8,21913.7,0.02,171803.41,73896.43,97906.98,158059.14,Completed
ORD-HG-12242,2023-10-05,2023-10,CUST-1361,PROD-112,EMP-1047,REG-05,Field Sales,13,44673.96,0.04,557531.02,290520.99,267010.03,512928.54,Completed
ORD-HG-12243,2023-10-05,2023-10,CUST-1231,PROD-109,EMP-1032,REG-04,Direct Online,6,7374.49,0.03,42919.53,18333.35,24586.18,39485.97,Completed
ORD-HG-12244,2023-10-05,2023-10,CUST-1377,PROD-120,EMP-1026,REG-04,Field Sales,29,34110.12,0.02,969409.61,510815.83,458593.78,891856.84,Completed
ORD-HG-12245,2023-10-05,2023-10,CUST-1336,PROD-106,EMP-1010,REG-03,Field Sales,26,6972.39,0.01,179469.32,97733.87,81735.45,165111.77,Completed
ORD-HG-12246,2023-10-05,2023-10,CUST-1155,PROD-106,EMP-1002,REG-04,Field Sales,26,28388.53,0.04,708577.71,308495.2,400082.51,651891.49,Completed
ORD-HG-12247,2023-10-06,2023-10,CUST-1059,PROD-113,EMP-1038,REG-05,Direct Online,12,17972.08,0.04,207038.36,89995.66,117042.7,190475.29,Completed
ORD-HG-12248,2023-10-06,2023-10,CUST-1195,PROD-109,EMP-1036,REG-01,Enterprise Partner,6,25798.81,0.05,147053.22,70147.23,76905.99,135288.96,Completed
ORD-HG-12249,2023-10-06,2023-10,CUST-1414,PROD-117,EMP-1033,REG-01,Enterprise Partner,17,34750.33,0.02,578940.5,270155.36,308785.14,532625.26,Completed
ORD-HG-12250,2023-10-06,2023-10,CUST-1129,PROD-113,EMP-1023,REG-05,Direct Online,19,25390.51,0.01,477595.49,262060.51,215534.98,439387.85,Completed
ORD-HG-12251,2023-10-06,2023-10,CUST-1355,PROD-103,EMP-1001,REG-03,Retail Store,13,25768.69,0.04,321593.25,132470.53,189122.72,295865.79,Completed
ORD-HG-12252,2023-10-06,2023-10,CUST-1018,PROD-116,EMP-1037,REG-05,Direct Online,8,21416.45,0.02,167904.97,73499.03,94405.94,154472.57,Completed
ORD-HG-12253,2023-10-06,2023-10,CUST-1412,PROD-116,EMP-1019,REG-02,Retail Store,41,37559.44,0.04,1478339.56,613833.85,864505.71,1360072.4,Completed
ORD-HG-12254,2023-10-06,2023-10,CUST-1304,PROD-115,EMP-1046,REG-01,Retail Store,40,26564.34,0.01,1051947.86,434223.67,617724.19,967792.03,Completed
ORD-HG-12255,2023-10-06,2023-10,CUST-1375,PROD-123,EMP-1005,REG-03,Direct Online,44,36237.82,0.04,1530685.52,830336.77,700348.75,1408230.68,Completed
ORD-HG-12256,2023-10-06,2023-10,CUST-1295,PROD-102,EMP-1012,REG-05,Retail Store,33,37637.51,0.02,1217197.07,525472.69,691724.38,1119821.3,Completed
ORD-HG-12257,2023-10-07,2023-10,CUST-1312,PROD-111,EMP-1011,REG-05,Retail Store,5,30591.19,0.04,146837.71,73890.27,72947.44,135090.69,Completed
ORD-HG-12258,2023-10-07,2023-10,CUST-1444,PROD-104,EMP-1048,REG-02,Direct Online,39,37910.59,0.03,1434157.62,656520.25,777637.37,1319425.01,Completed
ORD-HG-12259,2023-10-07,2023-10,CUST-1360,PROD-117,EMP-1004,REG-04,Direct Online,38,13945.19,0.02,519318.88,280234.78,239084.1,477773.37,Completed
ORD-HG-12260,2023-10-07,2023-10,CUST-1395,PROD-103,EMP-1049,REG-05,Direct Online,42,8837.5,0.03,360039.75,188242.35,171797.4,331236.57,Completed
ORD-HG-12261,2023-10-07,2023-10,CUST-1093,PROD-112,EMP-1025,REG-03,Enterprise Partner,16,21013.01,0.04,322759.83,144718.13,178041.7,296939.04,Completed
ORD-HG-12262,2023-10-07,2023-10,CUST-1194,PROD-105,EMP-1025,REG-05,Direct Online,34,19613.09,0.02,653508.16,324635.05,328873.11,601227.51,Completed
ORD-HG-12263,2023-10-07,2023-10,CUST-1476,PROD-102,EMP-1025,REG-01,Enterprise Partner,26,37682.35,0.02,960146.28,527431.59,432714.69,883334.58,Completed
ORD-HG-12264,2023-10-07,2023-10,CUST-1232,PROD-115,EMP-1024,REG-05,Field Sales,36,7739.95,0.02,273065.44,142379.27,130686.17,251220.2,Completed
ORD-HG-12265,2023-10-07,2023-10,CUST-1333,PROD-112,EMP-1008,REG-04,Retail Store,29,31302.78,0.02,889625.01,421629.06,467995.95,818455.01,Completed
ORD-HG-12266,2023-10-07,2023-10,CUST-1073,PROD-120,EMP-1018,REG-05,Direct Online,18,30701.81,0.03,536053.6,278798.56,257255.04,493169.31,Completed
ORD-HG-12267,2023-10-07,2023-10,CUST-1081,PROD-116,EMP-1040,REG-04,Enterprise Partner,19,18368.31,0.04,335037.97,164285.45,170752.52,308234.93,Completed
ORD-HG-12268,2023-10-07,2023-10,CUST-1156,PROD-109,EMP-1042,REG-02,Retail Store,15,42612.7,0.02,626406.69,323833.08,302573.61,576294.15,Completed
ORD-HG-12269,2023-10-07,2023-10,CUST-1464,PROD-116,EMP-1027,REG-05,Retail Store,38,5711.03,0.05,206168.18,107599.22,98568.96,189674.73,Completed
ORD-HG-12270,2023-10-08,2023-10,CUST-1062,PROD-120,EMP-1033,REG-02,Retail Store,28,33463.23,0.0,936970.44,451884.53,485085.91,862012.8,Completed
ORD-HG-12271,2023-10-08,2023-10,CUST-1282,PROD-107,EMP-1025,REG-04,Enterprise Partner,16,16216.9,0.04,249091.58,134559.34,114532.24,229164.25,Completed
ORD-HG-12272,2023-10-08,2023-10,CUST-1087,PROD-106,EMP-1035,REG-01,Retail Store,25,5526.68,0.02,135403.66,67298.98,68104.68,124571.37,Completed
ORD-HG-12273,2023-10-08,2023-10,CUST-1011,PROD-122,EMP-1008,REG-04,Enterprise Partner,8,8937.81,0.04,68642.38,29464.19,39178.19,63150.99,Completed
ORD-HG-12274,2023-10-08,2023-10,CUST-1135,PROD-113,EMP-1031,REG-03,Enterprise Partner,5,24417.42,0.02,119645.36,53291.45,66353.91,110073.73,Completed
ORD-HG-12275,2023-10-08,2023-10,CUST-1316,PROD-121,EMP-1031,REG-03,Enterprise Partner,37,19572.57,0.01,716943.24,309425.15,407518.09,659587.78,Completed
ORD-HG-12276,2023-10-08,2023-10,CUST-1003,PROD-111,EMP-1024,REG-04,Direct Online,22,17110.54,0.02,368903.24,154819.63,214083.61,339390.98,Completed
ORD-HG-12277,2023-10-08,2023-10,CUST-1084,PROD-122,EMP-1044,REG-04,Direct Online,40,5468.35,0.01,216546.66,87678.74,128867.92,199222.93,Completed
ORD-HG-12278,2023-10-08,2023-10,CUST-1244,PROD-120,EMP-1046,REG-04,Retail Store,8,5124.43,0.0,40995.44,18448.69,22546.75,37715.8,Completed
ORD-HG-12279,2023-10-09,2023-10,CUST-1401,PROD-106,EMP-1026,REG-04,Direct Online,37,41212.48,0.04,1463867.29,604395.61,859471.68,1346757.91,Completed
ORD-HG-12280,2023-10-09,2023-10,CUST-1459,PROD-121,EMP-1027,REG-05,Direct Online,39,30693.28,0.02,1173097.16,480781.45,692315.71,1079249.39,Completed
ORD-HG-12281,2023-10-09,2023-10,CUST-1104,PROD-106,EMP-1030,REG-01,Retail Store,28,22623.24,0.01,627116.21,284088.82,343027.39,576946.91,Completed
ORD-HG-12282,2023-10-09,2023-10,CUST-1075,PROD-120,EMP-1026,REG-01,Enterprise Partner,28,13941.12,0.01,386447.85,181559.76,204888.09,355532.02,Completed
ORD-HG-12283,2023-10-09,2023-10,CUST-1369,PROD-114,EMP-1013,REG-01,Field Sales,21,7118.26,0.01,147988.63,65887.36,82101.27,136149.54,Completed
ORD-HG-12284,2023-10-09,2023-10,CUST-1307,PROD-117,EMP-1035,REG-01,Enterprise Partner,31,43631.38,0.03,1311995.6,609375.61,702619.99,1207035.95,Completed
ORD-HG-12285,2023-10-09,2023-10,CUST-1397,PROD-109,EMP-1046,REG-04,Retail Store,42,24263.23,0.05,968102.88,494978.12,473124.76,890654.65,Completed
ORD-HG-12286,2023-10-09,2023-10,CUST-1112,PROD-102,EMP-1031,REG-03,Direct Online,43,11276.85,0.05,460659.32,241589.64,219069.68,423806.57,Completed
ORD-HG-12287,2023-10-09,2023-10,CUST-1306,PROD-112,EMP-1030,REG-03,Enterprise Partner,37,41301.3,0.01,1512866.62,803411.87,709454.75,1391837.29,Completed
ORD-HG-12288,2023-10-09,2023-10,CUST-1216,PROD-108,EMP-1036,REG-01,Field Sales,32,15260.49,0.0,488335.68,223148.01,265187.67,449268.83,Completed
ORD-HG-12289,2023-10-09,2023-10,CUST-1312,PROD-102,EMP-1035,REG-05,Enterprise Partner,9,26250.52,0.0,236254.68,117639.88,118614.8,217354.31,Completed
ORD-HG-12290,2023-10-09,2023-10,CUST-1446,PROD-124,EMP-1049,REG-05,Direct Online,20,23580.64,0.0,471612.8,236193.44,235419.36,433883.78,Completed
ORD-HG-12291,2023-10-10,2023-10,CUST-1244,PROD-108,EMP-1029,REG-05,Retail Store,41,40285.4,0.02,1618667.37,674236.02,944431.35,1489173.98,Completed
ORD-HG-12292,2023-10-10,2023-10,CUST-1429,PROD-102,EMP-1031,REG-04,Retail Store,15,11803.48,0.04,169970.11,74283.27,95686.84,156372.5,Completed
ORD-HG-12293,2023-10-10,2023-10,CUST-1066,PROD-104,EMP-1046,REG-04,Direct Online,7,28357.02,0.01,196514.15,95357.37,101156.78,180793.02,Completed
ORD-HG-12294,2023-10-10,2023-10,CUST-1311,PROD-111,EMP-1011,REG-05,Retail Store,40,35454.84,0.02,1389829.73,699843.53,689986.2,1278643.35,Completed
ORD-HG-12295,2023-10-10,2023-10,CUST-1218,PROD-123,EMP-1045,REG-05,Direct Online,8,17989.35,0.04,138158.21,59468.61,78689.6,127105.55,Completed
ORD-HG-12296,2023-10-10,2023-10,CUST-1063,PROD-103,EMP-1033,REG-03,Direct Online,30,27043.14,0.04,778842.43,338027.98,440814.45,716535.04,Completed
ORD-HG-12297,2023-10-10,2023-10,CUST-1153,PROD-109,EMP-1027,REG-05,Field Sales,39,41361.11,0.03,1564690.79,705170.16,859520.63,1439515.53,Completed
ORD-HG-12298,2023-10-10,2023-10,CUST-1016,PROD-104,EMP-1024,REG-02,Field Sales,26,25424.91,0.03,641216.23,290952.45,350263.78,589918.93,Completed
ORD-HG-12299,2023-10-10,2023-10,CUST-1296,PROD-121,EMP-1037,REG-01,Field Sales,20,31444.13,0.03,610016.12,292670.78,317345.34,561214.83,Completed
ORD-HG-12300,2023-10-10,2023-10,CUST-1403,PROD-102,EMP-1034,REG-01,Retail Store,25,19776.08,0.02,484513.96,200527.26,283986.7,445752.84,Completed
ORD-HG-12301,2023-10-11,2023-10,CUST-1109,PROD-118,EMP-1011,REG-02,Enterprise Partner,32,22010.64,0.04,676166.86,334196.09,341970.77,622073.51,Completed
ORD-HG-12302,2023-10-11,2023-10,CUST-1360,PROD-123,EMP-1016,REG-04,Retail Store,15,10380.76,0.03,151040.06,82417.17,68622.89,138956.86,Completed
ORD-HG-12303,2023-10-11,2023-10,CUST-1017,PROD-119,EMP-1043,REG-01,Retail Store,24,17557.33,0.02,412948.4,171276.68,241671.72,379912.53,Completed
ORD-HG-12304,2023-10-11,2023-10,CUST-1479,PROD-118,EMP-1016,REG-03,Field Sales,12,37575.2,0.03,437375.33,180464.57,256910.76,402385.3,Completed
ORD-HG-12305,2023-10-11,2023-10,CUST-1139,PROD-107,EMP-1034,REG-02,Enterprise Partner,13,23878.98,0.03,301113.94,140143.41,160970.53,277024.82,Completed
ORD-HG-12306,2023-10-11,2023-10,CUST-1227,PROD-118,EMP-1026,REG-01,Field Sales,19,32997.08,0.01,620675.07,288096.82,332578.25,571021.06,Completed
ORD-HG-12307,2023-10-11,2023-10,CUST-1265,PROD-102,EMP-1014,REG-03,Retail Store,5,26084.19,0.05,123899.9,51701.78,72198.12,113987.91,Completed
ORD-HG-12308,2023-10-11,2023-10,CUST-1377,PROD-120,EMP-1047,REG-03,Field Sales,32,23434.97,0.03,727421.47,313145.01,414276.46,669227.75,Completed
ORD-HG-12309,2023-10-11,2023-10,CUST-1233,PROD-113,EMP-1047,REG-05,Field Sales,20,40204.4,0.03,779965.36,378076.67,401888.69,717568.13,Completed
ORD-HG-12310,2023-10-11,2023-10,CUST-1312,PROD-112,EMP-1046,REG-03,Retail Store,7,15276.45,0.04,102657.74,41896.03,60761.71,94445.12,Completed
ORD-HG-12311,2023-10-12,2023-10,CUST-1484,PROD-116,EMP-1008,REG-02,Field Sales,25,7852.4,0.04,188457.6,100650.82,87806.78,173380.99,Completed
ORD-HG-12312,2023-10-12,2023-10,CUST-1489,PROD-117,EMP-1006,REG-02,Enterprise Partner,27,32264.87,0.01,862439.98,375775.33,486664.65,793444.78,Completed
ORD-HG-12313,2023-10-12,2023-10,CUST-1164,PROD-113,EMP-1039,REG-01,Enterprise Partner,33,43829.48,0.02,1417445.38,723934.79,693510.59,1304049.75,Completed
ORD-HG-12314,2023-10-12,2023-10,CUST-1388,PROD-114,EMP-1002,REG-03,Retail Store,11,42296.84,0.01,460612.59,185229.58,275383.01,423763.58,Completed
ORD-HG-12315,2023-10-13,2023-10,CUST-1009,PROD-106,EMP-1009,REG-01,Direct Online,32,6390.92,0.01,202464.35,102169.8,100294.55,186267.2,Completed
ORD-HG-12316,2023-10-13,2023-10,CUST-1391,PROD-105,EMP-1008,REG-02,Enterprise Partner,41,20235.72,0.02,813071.23,374354.31,438716.92,748025.53,Completed
ORD-HG-12317,2023-10-13,2023-10,CUST-1050,PROD-112,EMP-1027,REG-03,Direct Online,9,25498.53,0.0,229486.77,103736.85,125749.92,211127.83,Completed
ORD-HG-12318,2023-10-13,2023-10,CUST-1390,PROD-124,EMP-1004,REG-03,Direct Online,5,36534.12,0.04,175363.78,70892.94,104470.84,161334.68,Completed
ORD-HG-12319,2023-10-13,2023-10,CUST-1032,PROD-114,EMP-1024,REG-05,Direct Online,7,42761.63,0.01,296338.1,137080.97,159257.13,272631.05,Completed
ORD-HG-12320,2023-10-13,2023-10,CUST-1105,PROD-111,EMP-1034,REG-01,Direct Online,37,31213.95,0.03,1120268.67,498224.29,622044.38,1030647.18,Completed
ORD-HG-12321,2023-10-13,2023-10,CUST-1353,PROD-116,EMP-1021,REG-05,Direct Online,18,12132.72,0.0,218388.96,96629.56,121759.4,200917.84,Completed
ORD-HG-12322,2023-10-14,2023-10,CUST-1002,PROD-107,EMP-1012,REG-05,Field Sales,17,7053.55,0.02,117512.14,50641.98,66870.16,108111.17,Completed
ORD-HG-12323,2023-10-14,2023-10,CUST-1168,PROD-110,EMP-1035,REG-03,Retail Store,31,16935.55,0.04,504001.97,268489.66,235512.31,463681.81,Completed
ORD-HG-12324,2023-10-14,2023-10,CUST-1102,PROD-117,EMP-1017,REG-01,Direct Online,18,36847.46,0.02,649989.19,331135.62,318853.57,597990.05,Completed
ORD-HG-12325,2023-10-14,2023-10,CUST-1435,PROD-117,EMP-1030,REG-05,Enterprise Partner,22,43207.74,0.02,931558.87,380506.45,551052.42,857034.16,Completed
ORD-HG-12326,2023-10-14,2023-10,CUST-1283,PROD-112,EMP-1041,REG-03,Enterprise Partner,21,22197.68,0.01,461489.77,193880.71,267609.06,424570.59,Completed
ORD-HG-12327,2023-10-14,2023-10,CUST-1366,PROD-117,EMP-1024,REG-01,Field Sales,22,8930.15,0.03,190569.4,82509.01,108060.39,175323.85,Completed
ORD-HG-12328,2023-10-14,2023-10,CUST-1348,PROD-118,EMP-1009,REG-02,Enterprise Partner,13,15944.24,0.02,203129.62,101353.06,101776.56,186879.25,Completed
ORD-HG-12329,2023-10-15,2023-10,CUST-1167,PROD-113,EMP-1004,REG-04,Field Sales,13,44352.28,0.0,576579.64,300555.31,276024.33,530453.27,Completed
ORD-HG-12330,2023-10-15,2023-10,CUST-1384,PROD-124,EMP-1039,REG-01,Direct Online,41,41781.43,0.04,1644517.08,743750.63,900766.45,1512955.71,Completed
ORD-HG-12331,2023-10-15,2023-10,CUST-1017,PROD-120,EMP-1046,REG-02,Direct Online,35,22992.11,0.0,804723.85,416130.84,388593.01,740345.94,Completed
ORD-HG-12332,2023-10-15,2023-10,CUST-1103,PROD-119,EMP-1037,REG-04,Retail Store,40,41461.96,0.01,1641893.62,699690.41,942203.21,1510542.13,Completed
ORD-HG-12333,2023-10-15,2023-10,CUST-1217,PROD-104,EMP-1034,REG-04,Direct Online,10,23192.69,0.04,222649.82,102740.01,119909.81,204837.83,Completed
ORD-HG-12334,2023-10-15,2023-10,CUST-1322,PROD-123,EMP-1040,REG-01,Direct Online,38,41454.43,0.03,1528010.29,729787.02,798223.27,1405769.47,Completed
ORD-HG-12335,2023-10-15,2023-10,CUST-1243,PROD-105,EMP-1026,REG-02,Direct Online,42,25551.47,0.01,1062430.12,575010.59,487419.53,977435.71,Completed
ORD-HG-12336,2023-10-15,2023-10,CUST-1352,PROD-114,EMP-1045,REG-03,Field Sales,34,11353.51,0.05,366718.37,150015.26,216703.11,337380.9,Completed
ORD-HG-12337,2023-10-15,2023-10,CUST-1156,PROD-115,EMP-1021,REG-01,Retail Store,38,29389.3,0.03,1083289.6,493001.29,590288.31,996626.43,Completed
ORD-HG-12338,2023-10-15,2023-10,CUST-1217,PROD-118,EMP-1044,REG-05,Direct Online,33,38850.77,0.03,1243613.15,650965.21,592647.94,1144124.1,Completed
ORD-HG-12339,2023-10-16,2023-10,CUST-1004,PROD-121,EMP-1028,REG-01,Direct Online,28,35421.42,0.04,952127.77,404193.21,547934.56,875957.55,Completed
ORD-HG-12340,2023-10-16,2023-10,CUST-1206,PROD-123,EMP-1043,REG-05,Field Sales,26,35665.48,0.04,890210.38,417432.88,472777.5,818993.55,Completed
ORD-HG-12341,2023-10-16,2023-10,CUST-1026,PROD-103,EMP-1010,REG-01,Direct Online,27,6390.92,0.02,169103.74,67929.78,101173.96,155575.44,Completed
ORD-HG-12342,2023-10-16,2023-10,CUST-1193,PROD-112,EMP-1048,REG-03,Retail Store,30,30010.53,0.01,891312.74,419713.32,471599.42,820007.72,Completed
ORD-HG-12343,2023-10-16,2023-10,CUST-1271,PROD-104,EMP-1043,REG-05,Direct Online,11,37073.04,0.05,387413.27,186064.43,201348.84,356420.21,Completed
ORD-HG-12344,2023-10-16,2023-10,CUST-1174,PROD-110,EMP-1040,REG-02,Direct Online,16,10290.89,0.0,164654.24,71645.22,93009.02,151481.9,Completed
ORD-HG-12345,2023-10-17,2023-10,CUST-1022,PROD-116,EMP-1010,REG-02,Field Sales,9,44856.08,0.03,391593.58,192994.44,198599.14,360266.09,Completed
ORD-HG-12346,2023-10-17,2023-10,CUST-1358,PROD-102,EMP-1009,REG-01,Direct Online,20,17291.26,0.05,328533.94,145069.94,183464.0,302251.22,Completed
ORD-HG-12347,2023-10-17,2023-10,CUST-1112,PROD-122,EMP-1016,REG-01,Enterprise Partner,35,29227.71,0.03,992280.75,480691.18,511589.57,912898.29,Completed
ORD-HG-12348,2023-10-17,2023-10,CUST-1339,PROD-124,EMP-1007,REG-01,Field Sales,33,34834.69,0.03,1115058.43,607170.82,507887.61,1025853.76,Completed
ORD-HG-12349,2023-10-17,2023-10,CUST-1273,PROD-119,EMP-1032,REG-03,Direct Online,13,8832.2,0.01,113670.41,45668.71,68001.7,104576.78,Completed
ORD-HG-12350,2023-10-17,2023-10,CUST-1285,PROD-114,EMP-1036,REG-02,Enterprise Partner,34,38130.84,0.03,1257555.1,558780.43,698774.67,1156950.69,Completed
ORD-HG-12351,2023-10-18,2023-10,CUST-1447,PROD-120,EMP-1015,REG-02,Enterprise Partner,42,44177.91,0.04,1781253.33,740095.01,1041158.32,1638753.06,Completed
ORD-HG-12352,2023-10-18,2023-10,CUST-1012,PROD-114,EMP-1047,REG-05,Direct Online,16,7740.28,0.04,118890.7,60351.36,58539.34,109379.44,Completed
ORD-HG-12353,2023-10-18,2023-10,CUST-1303,PROD-114,EMP-1022,REG-04,Field Sales,10,20001.9,0.02,196018.62,78569.98,117448.64,180337.13,Completed
ORD-HG-12354,2023-10-18,2023-10,CUST-1138,PROD-122,EMP-1023,REG-04,Field Sales,37,10653.89,0.03,382368.11,160031.82,222336.29,351778.66,Completed
ORD-HG-12355,2023-10-18,2023-10,CUST-1027,PROD-122,EMP-1003,REG-03,Field Sales,14,43843.81,0.01,607675.21,266234.8,341440.41,559061.19,Completed
ORD-HG-12356,2023-10-18,2023-10,CUST-1039,PROD-114,EMP-1039,REG-04,Retail Store,16,10307.15,0.0,164914.4,86341.13,78573.27,151721.25,Completed
ORD-HG-12357,2023-10-18,2023-10,CUST-1229,PROD-111,EMP-1024,REG-01,Field Sales,17,24798.23,0.01,417354.21,186500.36,230853.85,383965.87,Completed
ORD-HG-12358,2023-10-18,2023-10,CUST-1173,PROD-108,EMP-1045,REG-05,Direct Online,44,20823.17,0.03,888732.9,416148.6,472584.3,817634.27,Completed
ORD-HG-12359,2023-10-19,2023-10,CUST-1368,PROD-114,EMP-1044,REG-01,Enterprise Partner,33,38897.22,0.02,1257936.09,651662.62,606273.47,1157301.2,Completed
ORD-HG-12360,2023-10-19,2023-10,CUST-1125,PROD-108,EMP-1036,REG-02,Direct Online,18,11769.7,0.03,205498.96,83762.51,121736.45,189059.04,Completed
ORD-HG-12361,2023-10-19,2023-10,CUST-1127,PROD-120,EMP-1010,REG-02,Field Sales,23,12202.89,0.05,266633.15,119490.56,147142.59,245302.5,Completed
ORD-HG-12362,2023-10-19,2023-10,CUST-1191,PROD-112,EMP-1027,REG-04,Direct Online,41,16537.74,0.0,678047.34,302481.43,375565.91,623803.55,Completed
ORD-HG-12363,2023-10-19,2023-10,CUST-1426,PROD-118,EMP-1040,REG-02,Retail Store,20,42644.5,0.01,844361.1,356166.33,488194.77,776812.21,Completed
ORD-HG-12364,2023-10-19,2023-10,CUST-1217,PROD-123,EMP-1005,REG-02,Direct Online,15,22539.98,0.04,324575.71,164629.8,159945.91,298609.65,Completed
ORD-HG-12365,2023-10-19,2023-10,CUST-1054,PROD-108,EMP-1031,REG-05,Field Sales,8,16442.36,0.03,127592.71,52588.8,75003.91,117385.29,Completed
ORD-HG-12366,2023-10-19,2023-10,CUST-1154,PROD-117,EMP-1045,REG-04,Enterprise Partner,5,34760.03,0.05,165110.14,74247.75,90862.39,151901.33,Completed
ORD-HG-12367,2023-10-19,2023-10,CUST-1111,PROD-111,EMP-1022,REG-03,Retail Store,18,41498.99,0.05,709632.73,332688.41,376944.32,652862.11,Completed
ORD-HG-12368,2023-10-19,2023-10,CUST-1195,PROD-123,EMP-1017,REG-04,Enterprise Partner,25,29605.12,0.01,732726.72,303538.07,429188.65,674108.58,Completed
ORD-HG-12369,2023-10-20,2023-10,CUST-1111,PROD-101,EMP-1045,REG-03,Direct Online,11,5923.51,0.0,65158.61,27065.9,38092.71,59945.92,Completed
ORD-HG-12370,2023-10-20,2023-10,CUST-1374,PROD-121,EMP-1037,REG-01,Direct Online,32,23839.79,0.02,747615.81,330976.41,416639.4,687806.55,Completed
ORD-HG-12371,2023-10-20,2023-10,CUST-1474,PROD-123,EMP-1022,REG-02,Field Sales,42,14464.29,0.03,589275.17,317733.73,271541.44,542133.16,Completed
ORD-HG-12372,2023-10-20,2023-10,CUST-1162,PROD-119,EMP-1003,REG-03,Direct Online,18,43888.7,0.04,758396.74,366021.34,392375.4,697725.0,Completed
ORD-HG-12373,2023-10-20,2023-10,CUST-1119,PROD-119,EMP-1025,REG-03,Field Sales,36,42241.39,0.02,1490276.24,609475.93,880800.31,1371054.14,Completed
ORD-HG-12374,2023-10-20,2023-10,CUST-1107,PROD-110,EMP-1036,REG-05,Retail Store,12,31200.65,0.04,359431.49,181193.52,178237.97,330676.97,Completed
ORD-HG-12375,2023-10-20,2023-10,CUST-1107,PROD-104,EMP-1033,REG-04,Retail Store,40,40458.07,0.03,1569773.12,856129.17,713643.95,1444191.27,Completed
ORD-HG-12376,2023-10-20,2023-10,CUST-1459,PROD-116,EMP-1030,REG-05,Field Sales,43,15570.95,0.02,656159.83,288359.91,367799.92,603667.04,Completed
ORD-HG-12377,2023-10-20,2023-10,CUST-1052,PROD-111,EMP-1016,REG-01,Field Sales,26,7963.92,0.04,198779.44,103366.28,95413.16,182877.08,Completed
ORD-HG-12378,2023-10-20,2023-10,CUST-1210,PROD-120,EMP-1029,REG-04,Enterprise Partner,43,36272.9,0.03,1512942.66,638599.81,874342.85,1391907.25,Completed
ORD-HG-12379,2023-10-21,2023-10,CUST-1470,PROD-107,EMP-1027,REG-02,Retail Store,27,6046.28,0.01,161617.06,87035.19,74581.87,148687.7,Completed
ORD-HG-12380,2023-10-21,2023-10,CUST-1323,PROD-111,EMP-1005,REG-03,Retail Store,26,39323.78,0.03,991745.73,504416.81,487328.92,912406.07,Completed
ORD-HG-12381,2023-10-21,2023-10,CUST-1484,PROD-117,EMP-1014,REG-01,Field Sales,22,36950.84,0.0,812918.48,393698.71,419219.77,747885.0,Completed
ORD-HG-12382,2023-10-21,2023-10,CUST-1207,PROD-118,EMP-1035,REG-03,Retail Store,19,44903.51,0.04,819040.02,427497.74,391542.28,753516.82,Completed
ORD-HG-12383,2023-10-22,2023-10,CUST-1179,PROD-102,EMP-1041,REG-01,Retail Store,32,13393.9,0.01,424318.75,177589.8,246728.95,390373.25,Completed
ORD-HG-12384,2023-10-22,2023-10,CUST-1270,PROD-119,EMP-1043,REG-02,Enterprise Partner,20,14729.89,0.01,291651.82,138998.09,152653.73,268319.67,Completed
ORD-HG-12385,2023-10-22,2023-10,CUST-1010,PROD-115,EMP-1007,REG-05,Enterprise Partner,18,24932.63,0.04,430835.85,173937.39,256898.46,396368.98,Completed
ORD-HG-12386,2023-10-22,2023-10,CUST-1475,PROD-104,EMP-1028,REG-01,Field Sales,9,37301.34,0.02,328997.82,171993.89,157003.93,302677.99,Completed
ORD-HG-12387,2023-10-22,2023-10,CUST-1270,PROD-112,EMP-1026,REG-02,Direct Online,29,40933.3,0.05,1127712.42,533859.76,593852.66,1037495.43,Completed
ORD-HG-12388,2023-10-22,2023-10,CUST-1296,PROD-106,EMP-1038,REG-01,Enterprise Partner,19,38706.41,0.02,720713.35,345479.42,375233.93,663056.28,Completed
ORD-HG-12389,2023-10-22,2023-10,CUST-1158,PROD-109,EMP-1040,REG-04,Field Sales,33,28736.01,0.05,900873.91,422027.69,478846.22,828804.0,Completed
ORD-HG-12390,2023-10-22,2023-10,CUST-1121,PROD-116,EMP-1047,REG-05,Enterprise Partner,31,24571.67,0.04,731252.9,388181.72,343071.18,672752.67,Completed
ORD-HG-12391,2023-10-22,2023-10,CUST-1062,PROD-109,EMP-1013,REG-04,Field Sales,5,8519.17,0.02,41743.93,17707.35,24036.58,38404.42,Completed
ORD-HG-12392,2023-10-22,2023-10,CUST-1357,PROD-121,EMP-1011,REG-04,Retail Store,13,24312.91,0.03,306585.8,127642.1,178943.7,282058.94,Completed
ORD-HG-12393,2023-10-22,2023-10,CUST-1431,PROD-103,EMP-1049,REG-05,Field Sales,17,10525.34,0.04,171773.55,81921.1,89852.45,158031.67,Completed
ORD-HG-12394,2023-10-22,2023-10,CUST-1183,PROD-123,EMP-1018,REG-04,Field Sales,40,27263.62,0.04,1046923.01,564814.59,482108.42,963169.17,Completed
ORD-HG-12395,2023-10-22,2023-10,CUST-1081,PROD-122,EMP-1012,REG-05,Field Sales,19,12078.71,0.04,220315.67,111784.69,108530.98,202690.42,Completed
ORD-HG-12396,2023-10-23,2023-10,CUST-1157,PROD-106,EMP-1024,REG-03,Direct Online,21,18727.04,0.05,373604.45,159501.35,214103.1,343716.09,Completed
ORD-HG-12397,2023-10-23,2023-10,CUST-1102,PROD-107,EMP-1006,REG-03,Enterprise Partner,5,9326.63,0.02,45700.49,19006.31,26694.18,42044.45,Completed
ORD-HG-12398,2023-10-23,2023-10,CUST-1270,PROD-108,EMP-1006,REG-03,Enterprise Partner,9,24283.0,0.02,214176.06,87123.87,127052.19,197041.98,Completed
ORD-HG-12399,2023-10-23,2023-10,CUST-1032,PROD-116,EMP-1002,REG-05,Enterprise Partner,39,35127.83,0.05,1301486.1,558508.12,742977.98,1197367.21,Completed
ORD-HG-12400,2023-10-23,2023-10,CUST-1047,PROD-109,EMP-1021,REG-02,Enterprise Partner,32,29403.49,0.01,931502.56,392947.21,538555.35,856982.36,Completed
ORD-HG-12401,2023-10-23,2023-10,CUST-1091,PROD-113,EMP-1048,REG-01,Field Sales,33,5575.8,0.0,184001.4,100954.29,83047.11,169281.29,Completed
ORD-HG-12402,2023-10-23,2023-10,CUST-1222,PROD-109,EMP-1038,REG-02,Retail Store,8,24538.71,0.05,186494.2,91347.73,95146.47,171574.66,Completed
ORD-HG-12403,2023-10-23,2023-10,CUST-1300,PROD-103,EMP-1026,REG-05,Retail Store,43,17168.76,0.0,738256.68,385056.19,353200.49,679196.15,Completed
ORD-HG-12404,2023-10-24,2023-10,CUST-1182,PROD-104,EMP-1008,REG-01,Field Sales,41,28028.68,0.04,1103208.84,564940.25,538268.59,1014952.13,Completed
ORD-HG-12405,2023-10-24,2023-10,CUST-1281,PROD-123,EMP-1022,REG-02,Direct Online,32,11615.35,0.02,364257.38,169377.72,194879.66,335116.79,Completed
ORD-HG-12406,2023-10-24,2023-10,CUST-1432,PROD-103,EMP-1045,REG-02,Retail Store,21,34439.55,0.03,701533.63,349849.29,351684.34,645410.94,Completed
ORD-HG-12407,2023-10-24,2023-10,CUST-1177,PROD-109,EMP-1028,REG-03,Field Sales,25,44835.72,0.01,1109684.07,550661.03,559023.04,1020909.34,Completed
ORD-HG-12408,2023-10-24,2023-10,CUST-1117,PROD-110,EMP-1037,REG-05,Enterprise Partner,33,11561.05,0.01,377699.5,164221.45,213478.05,347483.54,Completed
ORD-HG-12409,2023-10-25,2023-10,CUST-1418,PROD-120,EMP-1032,REG-02,Direct Online,24,13465.97,0.04,310255.95,168577.58,141678.37,285435.47,Completed
ORD-HG-12410,2023-10-25,2023-10,CUST-1359,PROD-105,EMP-1033,REG-03,Direct Online,20,32864.31,0.01,650713.34,268208.99,382504.35,598656.27,Completed
ORD-HG-12411,2023-10-25,2023-10,CUST-1072,PROD-109,EMP-1024,REG-03,Retail Store,16,6782.64,0.01,107437.02,43135.9,64301.12,98842.06,Completed
ORD-HG-12412,2023-10-25,2023-10,CUST-1404,PROD-121,EMP-1020,REG-04,Retail Store,27,43661.29,0.03,1143489.19,563158.54,580330.65,1052010.05,Completed
ORD-HG-12413,2023-10-25,2023-10,CUST-1136,PROD-101,EMP-1049,REG-05,Enterprise Partner,16,38381.27,0.03,595677.31,245058.97,350618.34,548023.13,Completed
ORD-HG-12414,2023-10-25,2023-10,CUST-1126,PROD-102,EMP-1005,REG-01,Field Sales,38,19332.23,0.01,727278.49,344941.17,382337.32,669096.21,Completed
ORD-HG-12415,2023-10-25,2023-10,CUST-1183,PROD-102,EMP-1047,REG-05,Retail Store,10,22609.91,0.03,219316.13,117918.28,101397.85,201770.84,Completed
ORD-HG-12416,2023-10-25,2023-10,CUST-1255,PROD-115,EMP-1017,REG-05,Enterprise Partner,17,9735.33,0.0,165500.61,69498.02,96002.59,152260.56,Completed
ORD-HG-12417,2023-10-25,2023-10,CUST-1275,PROD-122,EMP-1039,REG-01,Field Sales,32,44596.58,0.01,1412819.65,698180.62,714639.03,1299794.08,Completed
ORD-HG-12418,2023-10-25,2023-10,CUST-1417,PROD-124,EMP-1043,REG-01,Field Sales,23,17795.62,0.03,397020.28,211785.87,185234.41,365258.66,Completed
ORD-HG-12419,2023-10-26,2023-10,CUST-1024,PROD-109,EMP-1029,REG-05,Direct Online,5,18047.89,0.0,90239.45,45953.23,44286.22,83020.29,Completed
ORD-HG-12420,2023-10-26,2023-10,CUST-1345,PROD-117,EMP-1045,REG-02,Direct Online,6,25969.33,0.04,149583.34,75697.88,73885.46,137616.67,Completed
ORD-HG-12421,2023-10-26,2023-10,CUST-1121,PROD-123,EMP-1039,REG-04,Retail Store,7,25864.05,0.04,173806.42,84100.07,89706.35,159901.91,Completed
ORD-HG-12422,2023-10-26,2023-10,CUST-1133,PROD-105,EMP-1002,REG-01,Enterprise Partner,34,44489.94,0.0,1512657.96,675603.61,837054.35,1391645.32,Completed
ORD-HG-12423,2023-10-26,2023-10,CUST-1030,PROD-101,EMP-1041,REG-02,Enterprise Partner,42,5677.17,0.02,233672.32,98724.62,134947.7,214978.53,Completed
ORD-HG-12424,2023-10-26,2023-10,CUST-1473,PROD-103,EMP-1015,REG-02,Field Sales,15,19707.31,0.04,283785.26,149304.99,134480.27,261082.44,Completed
ORD-HG-12425,2023-10-26,2023-10,CUST-1133,PROD-110,EMP-1004,REG-03,Enterprise Partner,26,35373.94,0.02,901327.99,443085.6,458242.39,829221.75,Completed
ORD-HG-12426,2023-10-26,2023-10,CUST-1372,PROD-105,EMP-1027,REG-04,Enterprise Partner,31,35336.47,0.02,1073521.96,474414.97,599106.99,987640.2,Completed
ORD-HG-12427,2023-10-26,2023-10,CUST-1031,PROD-119,EMP-1030,REG-02,Direct Online,25,37673.57,0.0,941839.25,417223.82,524615.43,866492.11,Completed
ORD-HG-12428,2023-10-27,2023-10,CUST-1362,PROD-119,EMP-1037,REG-03,Field Sales,25,25212.05,0.03,611392.21,259893.43,351498.78,562480.83,Completed
ORD-HG-12429,2023-10-27,2023-10,CUST-1363,PROD-112,EMP-1024,REG-02,Enterprise Partner,42,38362.92,0.04,1546792.93,792309.66,754483.27,1423049.5,Completed
ORD-HG-12430,2023-10-27,2023-10,CUST-1217,PROD-104,EMP-1049,REG-03,Field Sales,8,38201.2,0.01,302553.5,147359.28,155194.22,278349.22,Completed
ORD-HG-12431,2023-10-27,2023-10,CUST-1237,PROD-112,EMP-1004,REG-04,Direct Online,31,10741.41,0.01,329653.87,154207.37,175446.5,303281.56,Completed
ORD-HG-12432,2023-10-27,2023-10,CUST-1486,PROD-101,EMP-1042,REG-05,Enterprise Partner,30,12525.03,0.01,371993.39,193752.84,178240.55,342233.92,Completed
ORD-HG-12433,2023-10-27,2023-10,CUST-1198,PROD-114,EMP-1006,REG-01,Field Sales,5,20097.92,0.01,99484.7,52847.08,46637.62,91525.92,Completed
ORD-HG-12434,2023-10-27,2023-10,CUST-1129,PROD-120,EMP-1019,REG-02,Field Sales,44,38059.12,0.01,1657855.27,881223.01,776632.26,1525226.85,Completed
ORD-HG-12435,2023-10-27,2023-10,CUST-1410,PROD-102,EMP-1027,REG-02,Direct Online,39,33326.0,0.01,1286716.86,573430.72,713286.14,1183779.51,Completed
ORD-HG-12436,2023-10-27,2023-10,CUST-1232,PROD-112,EMP-1026,REG-04,Enterprise Partner,14,11210.29,0.04,150666.3,78634.98,72031.32,138613.0,Completed
ORD-HG-12437,2023-10-27,2023-10,CUST-1216,PROD-105,EMP-1001,REG-05,Field Sales,9,22780.43,0.04,196822.92,86553.65,110269.27,181077.09,Completed
ORD-HG-12438,2023-10-27,2023-10,CUST-1096,PROD-119,EMP-1041,REG-03,Retail Store,11,28489.23,0.0,313381.53,172026.87,141354.66,288311.01,Completed
ORD-HG-12439,2023-10-27,2023-10,CUST-1317,PROD-109,EMP-1013,REG-02,Enterprise Partner,16,17629.39,0.01,279249.54,151738.72,127510.82,256909.58,Completed
ORD-HG-12440,2023-10-27,2023-10,CUST-1070,PROD-123,EMP-1014,REG-01,Direct Online,18,39144.37,0.04,676414.71,355418.01,320996.7,622301.53,Completed
ORD-HG-12441,2023-10-27,2023-10,CUST-1427,PROD-101,EMP-1034,REG-04,Enterprise Partner,31,16585.32,0.01,509003.47,231657.53,277345.94,468283.19,Completed
ORD-HG-12442,2023-10-28,2023-10,CUST-1038,PROD-110,EMP-1001,REG-03,Enterprise Partner,18,8137.31,0.04,140612.72,62350.17,78262.55,129363.7,Completed
ORD-HG-12443,2023-10-28,2023-10,CUST-1060,PROD-121,EMP-1005,REG-05,Field Sales,11,17006.08,0.05,177713.54,88255.29,89458.25,163496.46,Completed
ORD-HG-12444,2023-10-28,2023-10,CUST-1225,PROD-112,EMP-1029,REG-01,Field Sales,29,40847.13,0.03,1149029.77,629734.51,519295.26,1057107.39,Completed
ORD-HG-12445,2023-10-28,2023-10,CUST-1453,PROD-109,EMP-1026,REG-02,Field Sales,39,36534.61,0.04,1367855.8,602600.25,765255.55,1258427.34,Completed
ORD-HG-12446,2023-10-29,2023-10,CUST-1128,PROD-112,EMP-1041,REG-01,Enterprise Partner,7,9987.93,0.01,69216.35,30893.04,38323.31,63679.04,Completed
ORD-HG-12447,2023-10-29,2023-10,CUST-1263,PROD-121,EMP-1015,REG-01,Retail Store,23,35833.86,0.01,815936.99,426792.71,389144.28,750662.03,Completed
ORD-HG-12448,2023-10-29,2023-10,CUST-1317,PROD-117,EMP-1041,REG-01,Enterprise Partner,13,8408.71,0.04,104940.7,54206.78,50733.92,96545.44,Completed
ORD-HG-12449,2023-10-29,2023-10,CUST-1061,PROD-124,EMP-1047,REG-02,Direct Online,44,15687.22,0.02,676432.93,310592.48,365840.45,622318.3,Completed
ORD-HG-12450,2023-10-29,2023-10,CUST-1149,PROD-111,EMP-1034,REG-05,Direct Online,25,34496.98,0.02,845176.01,378222.52,466953.49,777561.93,Completed
ORD-HG-12451,2023-10-30,2023-10,CUST-1479,PROD-119,EMP-1019,REG-01,Field Sales,26,9974.16,0.03,251548.32,101231.67,150316.65,231424.45,Completed
ORD-HG-12452,2023-10-30,2023-10,CUST-1211,PROD-113,EMP-1004,REG-04,Direct Online,6,17833.15,0.04,102718.94,47334.95,55383.99,94501.42,Completed
ORD-HG-12453,2023-10-30,2023-10,CUST-1398,PROD-113,EMP-1036,REG-04,Field Sales,19,40007.43,0.02,744938.35,398986.69,345951.66,685343.28,Completed
ORD-HG-12454,2023-10-30,2023-10,CUST-1173,PROD-119,EMP-1028,REG-02,Retail Store,27,11408.97,0.0,308042.19,161042.1,147000.09,283398.81,Completed
ORD-HG-12455,2023-10-30,2023-10,CUST-1375,PROD-112,EMP-1010,REG-04,Enterprise Partner,23,26956.58,0.03,601401.3,327882.26,273519.04,553289.2,Completed
ORD-HG-12456,2023-10-30,2023-10,CUST-1240,PROD-120,EMP-1033,REG-05,Direct Online,15,5632.55,0.01,83643.37,41923.81,41719.56,76951.9,Completed
ORD-HG-12457,2023-10-30,2023-10,CUST-1370,PROD-123,EMP-1025,REG-04,Retail Store,37,9155.67,0.05,321821.8,158195.77,163626.03,296076.06,Completed
ORD-HG-12458,2023-10-30,2023-10,CUST-1455,PROD-102,EMP-1032,REG-02,Field Sales,37,25996.6,0.02,942636.72,494326.68,448310.04,867225.78,Completed
ORD-HG-12459,2023-10-30,2023-10,CUST-1470,PROD-109,EMP-1034,REG-04,Field Sales,39,14504.43,0.0,565672.77,263460.47,302212.3,520418.95,Completed
ORD-HG-12460,2023-10-30,2023-10,CUST-1096,PROD-112,EMP-1048,REG-01,Field Sales,10,36925.86,0.04,354488.26,184593.25,169895.01,326129.2,Completed
ORD-HG-12461,2023-10-30,2023-10,CUST-1243,PROD-119,EMP-1031,REG-01,Field Sales,44,37313.17,0.02,1608943.89,786538.33,822405.56,1480228.38,Completed
ORD-HG-12462,2023-10-30,2023-10,CUST-1374,PROD-120,EMP-1021,REG-03,Enterprise Partner,19,26724.34,0.05,482374.34,241431.88,240942.46,443784.39,Completed
ORD-HG-12463,2023-10-30,2023-10,CUST-1183,PROD-118,EMP-1024,REG-05,Field Sales,8,31023.56,0.05,235779.06,104633.88,131145.18,216916.74,Completed
ORD-HG-12464,2023-10-30,2023-10,CUST-1371,PROD-111,EMP-1048,REG-02,Field Sales,20,36428.94,0.0,728578.8,327486.06,401092.74,670292.5,Completed
ORD-HG-12465,2023-10-30,2023-10,CUST-1357,PROD-120,EMP-1008,REG-02,Direct Online,5,35559.74,0.02,174242.73,94990.22,79252.51,160303.31,Completed
ORD-HG-12466,2023-10-30,2023-10,CUST-1484,PROD-103,EMP-1013,REG-02,Direct Online,19,44097.45,0.02,821094.52,385047.02,436047.5,755406.96,Completed
ORD-HG-12467,2023-10-30,2023-10,CUST-1478,PROD-112,EMP-1041,REG-01,Retail Store,37,33180.76,0.01,1215411.24,590148.7,625262.54,1118178.34,Completed
ORD-HG-12468,2023-10-30,2023-10,CUST-1121,PROD-113,EMP-1011,REG-01,Enterprise Partner,7,27076.8,0.03,183851.47,78842.29,105009.18,169143.35,Completed
ORD-HG-12469,2023-10-30,2023-10,CUST-1308,PROD-101,EMP-1014,REG-03,Retail Store,23,38800.76,0.01,883493.31,437868.39,445624.92,812813.85,Completed
ORD-HG-12470,2023-10-31,2023-10,CUST-1187,PROD-122,EMP-1036,REG-02,Field Sales,21,7301.92,0.03,148740.11,62791.92,85948.19,136840.9,Completed
ORD-HG-12471,2023-10-31,2023-10,CUST-1068,PROD-120,EMP-1030,REG-02,Field Sales,6,21138.32,0.02,124293.32,51544.23,72749.09,114349.85,Completed
ORD-HG-12472,2023-10-31,2023-10,CUST-1312,PROD-109,EMP-1028,REG-05,Field Sales,7,8744.04,0.05,58147.87,29969.63,28178.24,53496.04,Completed
ORD-HG-12473,2023-10-31,2023-10,CUST-1113,PROD-121,EMP-1020,REG-05,Enterprise Partner,28,6574.72,0.03,178569.4,88428.0,90141.4,164283.85,Completed
ORD-HG-12474,2023-10-31,2023-10,CUST-1459,PROD-111,EMP-1042,REG-03,Enterprise Partner,24,13016.05,0.02,306137.5,134947.16,171190.34,281646.5,Completed
ORD-HG-12475,2023-10-31,2023-10,CUST-1241,PROD-110,EMP-1016,REG-02,Enterprise Partner,24,40253.75,0.03,937107.3,429332.94,507774.36,862138.72,Completed
ORD-HG-12476,2023-10-31,2023-10,CUST-1402,PROD-107,EMP-1002,REG-03,Field Sales,11,34340.45,0.0,377744.95,166181.27,211563.68,347525.35,Completed
ORD-HG-12477,2023-10-31,2023-10,CUST-1017,PROD-121,EMP-1047,REG-05,Field Sales,23,12067.52,0.04,266450.84,139010.34,127440.5,245134.77,Completed
ORD-HG-12478,2023-11-01,2023-11,CUST-1036,PROD-120,EMP-1021,REG-05,Retail Store,34,15056.64,0.0,511925.76,260889.82,251035.94,470971.7,Completed
ORD-HG-12479,2023-11-01,2023-11,CUST-1471,PROD-110,EMP-1048,REG-02,Retail Store,11,7898.11,0.04,83404.04,33664.57,49739.47,76731.72,Completed
ORD-HG-12480,2023-11-02,2023-11,CUST-1196,PROD-102,EMP-1037,REG-04,Retail Store,41,26883.81,0.01,1091213.85,563643.97,527569.88,1003916.74,Completed
ORD-HG-12481,2023-11-02,2023-11,CUST-1151,PROD-109,EMP-1012,REG-04,Field Sales,42,13482.76,0.05,537962.12,238515.52,299446.6,494925.15,Completed
ORD-HG-12482,2023-11-02,2023-11,CUST-1021,PROD-122,EMP-1037,REG-03,Enterprise Partner,26,10422.22,0.04,260138.61,134311.28,125827.33,239327.52,Completed
ORD-HG-12483,2023-11-02,2023-11,CUST-1376,PROD-102,EMP-1042,REG-03,Direct Online,7,34314.56,0.05,228191.82,103142.82,125049.0,209936.47,Completed
ORD-HG-12484,2023-11-02,2023-11,CUST-1479,PROD-113,EMP-1047,REG-03,Retail Store,17,28218.33,0.04,460523.15,192538.41,267984.74,423681.3,Completed
ORD-HG-12485,2023-11-02,2023-11,CUST-1121,PROD-123,EMP-1031,REG-01,Enterprise Partner,8,40049.0,0.03,310780.24,140335.76,170444.48,285917.82,Completed
ORD-HG-12486,2023-11-02,2023-11,CUST-1000,PROD-103,EMP-1018,REG-03,Direct Online,26,6619.89,0.04,165232.45,86869.63,78362.82,152013.85,Completed
ORD-HG-12487,2023-11-02,2023-11,CUST-1373,PROD-110,EMP-1018,REG-01,Direct Online,30,35442.94,0.01,1052655.32,430670.82,621984.5,968442.89,Completed
ORD-HG-12488,2023-11-02,2023-11,CUST-1431,PROD-105,EMP-1026,REG-01,Field Sales,17,38548.5,0.01,648771.26,349881.15,298890.11,596869.56,Completed
ORD-HG-12489,2023-11-02,2023-11,CUST-1378,PROD-124,EMP-1028,REG-04,Retail Store,9,35576.25,0.03,310580.66,146994.28,163586.38,285734.21,Completed
ORD-HG-12490,2023-11-02,2023-11,CUST-1387,PROD-108,EMP-1029,REG-04,Direct Online,36,34264.12,0.04,1184167.99,562875.8,621292.19,1089434.55,Completed
ORD-HG-12491,2023-11-03,2023-11,CUST-1079,PROD-122,EMP-1042,REG-01,Direct Online,39,43285.64,0.0,1688139.96,817451.58,870688.38,1553088.76,Completed
ORD-HG-12492,2023-11-03,2023-11,CUST-1449,PROD-118,EMP-1018,REG-01,Enterprise Partner,8,41471.55,0.02,325136.95,167193.07,157943.88,299125.99,Completed
ORD-HG-12493,2023-11-03,2023-11,CUST-1103,PROD-102,EMP-1016,REG-02,Retail Store,23,27085.97,0.04,598058.22,303742.58,294315.64,550213.56,Completed
ORD-HG-12494,2023-11-03,2023-11,CUST-1394,PROD-106,EMP-1033,REG-04,Enterprise Partner,42,9239.42,0.04,372533.41,202092.14,170441.27,342730.74,Completed
ORD-HG-12495,2023-11-03,2023-11,CUST-1262,PROD-103,EMP-1033,REG-01,Enterprise Partner,38,31406.69,0.04,1145716.05,521767.77,623948.28,1054058.77,Completed
ORD-HG-12496,2023-11-03,2023-11,CUST-1419,PROD-110,EMP-1013,REG-01,Direct Online,34,20139.7,0.02,671054.8,286978.33,384076.47,617370.42,Completed
ORD-HG-12497,2023-11-04,2023-11,CUST-1255,PROD-102,EMP-1005,REG-02,Field Sales,31,9496.21,0.0,294382.51,132701.78,161680.73,270831.91,Completed
ORD-HG-12498,2023-11-04,2023-11,CUST-1366,PROD-108,EMP-1031,REG-04,Direct Online,29,5435.3,0.04,151318.75,62544.87,88773.88,139213.25,Completed
ORD-HG-12499,2023-11-04,2023-11,CUST-1450,PROD-111,EMP-1034,REG-04,Field Sales,21,19053.87,0.03,388127.33,164671.43,223455.9,357077.14,Completed
ORD-HG-12500,2023-11-04,2023-11,CUST-1020,PROD-106,EMP-1002,REG-03,Field Sales,38,38745.3,0.04,1413428.54,603831.36,809597.18,1300354.26,Completed
ORD-HG-12501,2023-11-04,2023-11,CUST-1108,PROD-119,EMP-1026,REG-05,Field Sales,40,5685.22,0.05,216038.36,112294.06,103744.3,198755.29,Completed
ORD-HG-12502,2023-11-04,2023-11,CUST-1214,PROD-122,EMP-1047,REG-03,Retail Store,5,31193.53,0.03,151288.62,65510.48,85778.14,139185.53,Completed
ORD-HG-12503,2023-11-05,2023-11,CUST-1405,PROD-107,EMP-1036,REG-04,Field Sales,16,37990.94,0.03,589619.39,244928.66,344690.73,542449.84,Completed
ORD-HG-12504,2023-11-05,2023-11,CUST-1387,PROD-104,EMP-1005,REG-02,Direct Online,23,19519.58,0.01,444460.84,181724.29,262736.55,408903.97,Completed
ORD-HG-12505,2023-11-05,2023-11,CUST-1138,PROD-109,EMP-1003,REG-04,Direct Online,35,25242.95,0.01,874668.22,369808.59,504859.63,804694.76,Completed
ORD-HG-12506,2023-11-05,2023-11,CUST-1306,PROD-114,EMP-1020,REG-01,Field Sales,38,42388.21,0.04,1546321.9,618759.57,927562.33,1422616.15,Completed
ORD-HG-12507,2023-11-05,2023-11,CUST-1103,PROD-115,EMP-1030,REG-05,Field Sales,8,7761.03,0.01,61467.36,31016.9,30450.46,56549.97,Completed
ORD-HG-12508,2023-11-05,2023-11,CUST-1347,PROD-117,EMP-1018,REG-03,Enterprise Partner,36,18923.69,0.01,674440.31,306869.81,367570.5,620485.09,Completed
ORD-HG-12509,2023-11-05,2023-11,CUST-1079,PROD-111,EMP-1008,REG-03,Retail Store,24,42445.02,0.0,1018680.48,502817.84,515862.64,937186.04,Completed
ORD-HG-12510,2023-11-05,2023-11,CUST-1283,PROD-124,EMP-1016,REG-05,Retail Store,44,20974.99,0.02,904441.57,471814.17,432627.4,832086.24,Completed
ORD-HG-12511,2023-11-05,2023-11,CUST-1439,PROD-113,EMP-1004,REG-04,Retail Store,37,7574.15,0.02,274638.68,150298.76,124339.92,252667.59,Completed
ORD-HG-12512,2023-11-05,2023-11,CUST-1428,PROD-106,EMP-1036,REG-05,Field Sales,13,28692.22,0.01,369268.87,168754.4,200514.47,339727.36,Completed
ORD-HG-12513,2023-11-06,2023-11,CUST-1465,PROD-103,EMP-1037,REG-03,Field Sales,7,40071.05,0.0,280497.35,126277.18,154220.17,258057.56,Completed
ORD-HG-12514,2023-11-06,2023-11,CUST-1469,PROD-101,EMP-1004,REG-03,Field Sales,14,27496.16,0.0,384946.24,176132.46,208813.78,354150.54,Completed
ORD-HG-12515,2023-11-06,2023-11,CUST-1249,PROD-122,EMP-1018,REG-05,Field Sales,40,33869.72,0.04,1300597.25,695845.01,604752.24,1196549.47,Completed
ORD-HG-12516,2023-11-06,2023-11,CUST-1233,PROD-102,EMP-1013,REG-03,Enterprise Partner,38,22464.79,0.03,828052.16,410688.57,417363.59,761807.99,Completed
ORD-HG-12517,2023-11-06,2023-11,CUST-1063,PROD-112,EMP-1006,REG-03,Direct Online,21,10762.2,0.0,226006.2,110887.38,115118.82,207925.7,Completed
ORD-HG-12518,2023-11-06,2023-11,CUST-1288,PROD-113,EMP-1020,REG-03,Enterprise Partner,17,25655.41,0.04,418696.29,224917.5,193778.79,385200.59,Completed
ORD-HG-12519,2023-11-06,2023-11,CUST-1134,PROD-115,EMP-1008,REG-03,Enterprise Partner,17,21777.47,0.01,366514.82,161978.86,204535.96,337193.63,Completed
ORD-HG-12520,2023-11-07,2023-11,CUST-1445,PROD-113,EMP-1024,REG-04,Direct Online,35,38357.44,0.01,1329085.3,716879.61,612205.69,1222758.48,Completed
ORD-HG-12521,2023-11-07,2023-11,CUST-1383,PROD-105,EMP-1039,REG-05,Field Sales,8,27843.68,0.01,220521.95,96887.53,123634.42,202880.19,Completed
ORD-HG-12522,2023-11-07,2023-11,CUST-1364,PROD-115,EMP-1047,REG-01,Field Sales,34,40534.21,0.03,1336818.25,704230.56,632587.69,1229872.79,Completed
ORD-HG-12523,2023-11-07,2023-11,CUST-1100,PROD-122,EMP-1021,REG-05,Field Sales,39,7565.83,0.04,283264.68,127643.52,155621.16,260603.51,Completed
ORD-HG-12524,2023-11-07,2023-11,CUST-1067,PROD-113,EMP-1015,REG-03,Enterprise Partner,16,24745.76,0.04,380094.87,153377.45,226717.42,349687.28,Completed
ORD-HG-12525,2023-11-07,2023-11,CUST-1392,PROD-116,EMP-1009,REG-03,Retail Store,13,8521.81,0.04,106352.19,54789.34,51562.85,97844.01,Completed
ORD-HG-12526,2023-11-07,2023-11,CUST-1378,PROD-123,EMP-1035,REG-04,Field Sales,30,41841.11,0.0,1255233.3,532816.19,722417.11,1154814.64,Completed
ORD-HG-12527,2023-11-07,2023-11,CUST-1149,PROD-101,EMP-1031,REG-02,Retail Store,19,42500.39,0.01,799432.34,372436.13,426996.21,735477.75,Completed
ORD-HG-12528,2023-11-07,2023-11,CUST-1246,PROD-108,EMP-1032,REG-03,Direct Online,30,35259.2,0.02,1036620.48,463886.35,572734.13,953690.84,Completed
ORD-HG-12529,2023-11-07,2023-11,CUST-1305,PROD-104,EMP-1036,REG-05,Field Sales,27,26146.07,0.05,670646.7,317856.02,352790.68,616994.96,Completed
ORD-HG-12530,2023-11-08,2023-11,CUST-1237,PROD-112,EMP-1037,REG-05,Retail Store,28,25311.22,0.05,673278.45,278425.77,394852.68,619416.17,Completed
ORD-HG-12531,2023-11-08,2023-11,CUST-1120,PROD-122,EMP-1016,REG-01,Direct Online,24,5262.17,0.04,121240.4,65992.15,55248.25,111541.17,Completed
ORD-HG-12532,2023-11-08,2023-11,CUST-1473,PROD-111,EMP-1046,REG-05,Direct Online,6,26816.57,0.03,156072.44,63886.9,92185.54,143586.64,Completed
ORD-HG-12533,2023-11-08,2023-11,CUST-1443,PROD-105,EMP-1038,REG-03,Enterprise Partner,7,41326.71,0.01,286394.1,143842.74,142551.36,263482.57,Completed
ORD-HG-12534,2023-11-08,2023-11,CUST-1260,PROD-123,EMP-1048,REG-05,Direct Online,19,33550.6,0.03,618337.56,275171.59,343165.97,568870.56,Completed
ORD-HG-12535,2023-11-08,2023-11,CUST-1311,PROD-118,EMP-1036,REG-04,Direct Online,27,8057.62,0.0,217555.74,97779.19,119776.55,200151.28,Completed
ORD-HG-12536,2023-11-08,2023-11,CUST-1360,PROD-115,EMP-1018,REG-01,Enterprise Partner,9,35185.01,0.04,303998.49,159671.51,144326.98,279678.61,Completed
ORD-HG-12537,2023-11-08,2023-11,CUST-1461,PROD-107,EMP-1026,REG-03,Retail Store,38,32048.94,0.05,1156966.73,559286.02,597680.71,1064409.39,Completed
ORD-HG-12538,2023-11-08,2023-11,CUST-1231,PROD-114,EMP-1030,REG-04,Field Sales,11,23744.18,0.04,250738.54,103248.88,147489.66,230679.46,Completed
ORD-HG-12539,2023-11-08,2023-11,CUST-1326,PROD-119,EMP-1033,REG-02,Enterprise Partner,15,30391.03,0.02,446748.14,232688.88,214059.26,411008.29,Completed
ORD-HG-12540,2023-11-08,2023-11,CUST-1005,PROD-118,EMP-1020,REG-02,Direct Online,33,13685.86,0.04,433568.04,218082.1,215485.94,398882.6,Completed
ORD-HG-12541,2023-11-08,2023-11,CUST-1151,PROD-108,EMP-1026,REG-04,Field Sales,36,8729.34,0.03,304828.55,128709.92,176118.63,280442.27,Completed
ORD-HG-12542,2023-11-08,2023-11,CUST-1496,PROD-124,EMP-1034,REG-02,Field Sales,5,21120.71,0.01,104547.51,52752.13,51795.38,96183.71,Completed
ORD-HG-12543,2023-11-08,2023-11,CUST-1175,PROD-117,EMP-1030,REG-03,Enterprise Partner,18,34466.4,0.02,607987.3,273330.51,334656.79,559348.32,Completed
ORD-HG-12544,2023-11-08,2023-11,CUST-1009,PROD-122,EMP-1025,REG-02,Enterprise Partner,9,30496.84,0.0,274471.56,128322.1,146149.46,252513.84,Completed
ORD-HG-12545,2023-11-08,2023-11,CUST-1039,PROD-105,EMP-1047,REG-05,Enterprise Partner,43,34001.35,0.03,1418196.31,610114.21,808082.1,1304740.61,Completed
ORD-HG-12546,2023-11-09,2023-11,CUST-1228,PROD-113,EMP-1042,REG-01,Field Sales,36,29441.49,0.05,1006898.96,535958.44,470940.52,926347.04,Completed
ORD-HG-12547,2023-11-09,2023-11,CUST-1113,PROD-101,EMP-1015,REG-02,Retail Store,24,28680.74,0.03,667687.63,350284.83,317402.8,614272.62,Completed
ORD-HG-12548,2023-11-09,2023-11,CUST-1303,PROD-122,EMP-1019,REG-03,Retail Store,8,37202.75,0.01,294645.78,139131.3,155514.48,271074.12,Completed
ORD-HG-12549,2023-11-09,2023-11,CUST-1121,PROD-114,EMP-1016,REG-04,Direct Online,23,21855.39,0.03,487593.75,254095.31,233498.44,448586.25,Completed
ORD-HG-12550,2023-11-09,2023-11,CUST-1248,PROD-111,EMP-1009,REG-04,Direct Online,35,37146.15,0.0,1300115.25,689446.85,610668.4,1196106.03,Completed
ORD-HG-12551,2023-11-10,2023-11,CUST-1241,PROD-116,EMP-1006,REG-01,Direct Online,8,23468.2,0.01,185868.14,84358.11,101510.03,170998.69,Completed
ORD-HG-12552,2023-11-10,2023-11,CUST-1051,PROD-117,EMP-1015,REG-01,Field Sales,33,30966.24,0.05,970791.62,397193.01,573598.61,893128.29,Completed
ORD-HG-12553,2023-11-10,2023-11,CUST-1422,PROD-122,EMP-1018,REG-04,Enterprise Partner,15,25690.96,0.02,377657.11,154265.69,223391.42,347444.54,Completed
ORD-HG-12554,2023-11-10,2023-11,CUST-1205,PROD-121,EMP-1027,REG-01,Field Sales,26,16450.99,0.01,423448.48,223375.2,200073.28,389572.6,Completed
ORD-HG-12555,2023-11-10,2023-11,CUST-1443,PROD-109,EMP-1029,REG-01,Field Sales,34,13559.08,0.04,442568.37,178101.3,264467.07,407162.9,Completed
ORD-HG-12556,2023-11-10,2023-11,CUST-1325,PROD-114,EMP-1032,REG-02,Direct Online,11,35476.55,0.02,382437.21,154810.3,227626.91,351842.23,Completed
ORD-HG-12557,2023-11-10,2023-11,CUST-1263,PROD-102,EMP-1016,REG-03,Direct Online,40,12656.38,0.03,491067.54,208558.82,282508.72,451782.14,Completed
ORD-HG-12558,2023-11-10,2023-11,CUST-1326,PROD-111,EMP-1012,REG-04,Retail Store,18,18041.79,0.03,315009.65,164535.24,150474.41,289808.88,Completed
ORD-HG-12559,2023-11-10,2023-11,CUST-1271,PROD-113,EMP-1043,REG-01,Enterprise Partner,5,29718.18,0.02,145619.08,76832.52,68786.56,133969.55,Completed
ORD-HG-12560,2023-11-10,2023-11,CUST-1370,PROD-102,EMP-1016,REG-02,Enterprise Partner,37,12705.82,0.0,470115.34,216549.43,253565.91,432506.11,Completed
ORD-HG-12561,2023-11-10,2023-11,CUST-1052,PROD-120,EMP-1046,REG-05,Enterprise Partner,33,7054.96,0.04,223501.13,113625.01,109876.12,205621.04,Completed
ORD-HG-12562,2023-11-10,2023-11,CUST-1404,PROD-107,EMP-1015,REG-04,Retail Store,7,5613.47,0.03,38115.46,19123.95,18991.51,35066.22,Completed
ORD-HG-12563,2023-11-11,2023-11,CUST-1132,PROD-102,EMP-1028,REG-02,Direct Online,43,37569.83,0.04,1550882.58,832177.27,718705.31,1426811.97,Completed
ORD-HG-12564,2023-11-11,2023-11,CUST-1450,PROD-117,EMP-1036,REG-01,Retail Store,14,38190.74,0.01,529323.66,221742.53,307581.13,486977.77,Completed
ORD-HG-12565,2023-11-11,2023-11,CUST-1231,PROD-114,EMP-1030,REG-01,Field Sales,26,12354.29,0.01,317999.42,167467.03,150532.39,292559.47,Completed
ORD-HG-12566,2023-11-11,2023-11,CUST-1379,PROD-109,EMP-1039,REG-05,Field Sales,29,25322.38,0.0,734349.02,371910.36,362438.66,675601.1,Completed
ORD-HG-12567,2023-11-11,2023-11,CUST-1207,PROD-111,EMP-1003,REG-04,Enterprise Partner,12,8013.66,0.03,93279.0,49836.18,43442.82,85816.68,Completed
ORD-HG-12568,2023-11-11,2023-11,CUST-1408,PROD-102,EMP-1027,REG-03,Enterprise Partner,22,11444.56,0.03,244226.91,112560.41,131666.5,224688.76,Completed
ORD-HG-12569,2023-11-12,2023-11,CUST-1278,PROD-123,EMP-1030,REG-05,Field Sales,21,14541.55,0.01,302318.82,125492.45,176826.37,278133.31,Completed
ORD-HG-12570,2023-11-12,2023-11,CUST-1215,PROD-119,EMP-1014,REG-04,Enterprise Partner,16,25632.5,0.03,397816.4,203459.1,194357.3,365991.09,Completed
ORD-HG-12571,2023-11-12,2023-11,CUST-1130,PROD-108,EMP-1030,REG-04,Field Sales,40,33114.44,0.04,1271594.5,537107.38,734487.12,1169866.94,Completed
ORD-HG-12572,2023-11-12,2023-11,CUST-1206,PROD-120,EMP-1016,REG-02,Retail Store,33,37784.81,0.02,1221960.76,498784.46,723176.3,1124203.9,Completed
ORD-HG-12573,2023-11-12,2023-11,CUST-1295,PROD-116,EMP-1005,REG-01,Retail Store,6,8590.42,0.02,50511.67,24659.21,25852.46,46470.74,Completed
ORD-HG-12574,2023-11-12,2023-11,CUST-1376,PROD-122,EMP-1017,REG-01,Retail Store,13,36388.93,0.01,468325.53,187447.47,280878.06,430859.49,Completed
ORD-HG-12575,2023-11-12,2023-11,CUST-1390,PROD-123,EMP-1005,REG-02,Retail Store,38,19032.35,0.02,708764.71,332553.62,376211.09,652063.53,Completed
ORD-HG-12576,2023-11-12,2023-11,CUST-1482,PROD-110,EMP-1008,REG-04,Enterprise Partner,11,31838.27,0.0,350220.97,160458.18,189762.79,322203.29,Completed
ORD-HG-12577,2023-11-12,2023-11,CUST-1396,PROD-115,EMP-1008,REG-02,Field Sales,5,11784.73,0.0,58923.65,29721.76,29201.89,54209.76,Completed
ORD-HG-12578,2023-11-12,2023-11,CUST-1056,PROD-107,EMP-1046,REG-02,Direct Online,27,23872.03,0.03,625208.47,314931.72,310276.75,575191.79,Completed
ORD-HG-12579,2023-11-12,2023-11,CUST-1479,PROD-102,EMP-1030,REG-05,Field Sales,20,19588.6,0.05,372183.4,165992.25,206191.15,342408.73,Completed
ORD-HG-12580,2023-11-12,2023-11,CUST-1439,PROD-110,EMP-1022,REG-02,Direct Online,39,11790.64,0.03,446039.91,204053.38,241986.53,410356.72,Completed
ORD-HG-12581,2023-11-12,2023-11,CUST-1143,PROD-114,EMP-1049,REG-03,Enterprise Partner,12,37711.93,0.04,434441.43,177580.68,256860.75,399686.12,Completed
ORD-HG-12582,2023-11-12,2023-11,CUST-1082,PROD-117,EMP-1024,REG-05,Enterprise Partner,17,26598.75,0.01,447656.96,233333.59,214323.37,411844.4,Completed
ORD-HG-12583,2023-11-13,2023-11,CUST-1419,PROD-103,EMP-1030,REG-03,Field Sales,10,7533.08,0.02,73824.18,37605.08,36219.1,67918.25,Completed
ORD-HG-12584,2023-11-13,2023-11,CUST-1086,PROD-107,EMP-1046,REG-01,Field Sales,18,13331.82,0.02,235173.3,127156.97,108016.33,216359.44,Completed
ORD-HG-12585,2023-11-13,2023-11,CUST-1412,PROD-123,EMP-1013,REG-05,Enterprise Partner,15,18025.86,0.01,267684.02,113474.0,154210.02,246269.3,Completed
ORD-HG-12586,2023-11-13,2023-11,CUST-1383,PROD-110,EMP-1032,REG-03,Field Sales,42,15957.11,0.05,636688.69,336002.92,300685.77,585753.59,Completed
ORD-HG-12587,2023-11-13,2023-11,CUST-1494,PROD-115,EMP-1020,REG-04,Direct Online,22,14014.91,0.03,299078.18,145681.95,153396.23,275151.93,Completed
ORD-HG-12588,2023-11-13,2023-11,CUST-1028,PROD-113,EMP-1008,REG-01,Enterprise Partner,28,10823.67,0.01,300032.13,128692.91,171339.22,276029.56,Completed
ORD-HG-12589,2023-11-13,2023-11,CUST-1058,PROD-101,EMP-1006,REG-03,Field Sales,23,34470.22,0.01,784886.91,372426.49,412460.42,722095.96,Completed
ORD-HG-12590,2023-11-14,2023-11,CUST-1083,PROD-121,EMP-1002,REG-05,Enterprise Partner,25,11791.02,0.0,294775.5,138153.6,156621.9,271193.46,Completed
ORD-HG-12591,2023-11-14,2023-11,CUST-1433,PROD-101,EMP-1004,REG-02,Direct Online,27,32499.54,0.01,868712.7,450795.23,417917.47,799215.68,Completed
ORD-HG-12592,2023-11-14,2023-11,CUST-1121,PROD-118,EMP-1046,REG-04,Direct Online,8,41952.95,0.01,332267.36,180730.35,151537.01,305685.97,Completed
ORD-HG-12593,2023-11-14,2023-11,CUST-1457,PROD-102,EMP-1017,REG-05,Direct Online,15,44458.29,0.01,660205.61,306237.78,353967.83,607389.16,Completed
ORD-HG-12594,2023-11-15,2023-11,CUST-1316,PROD-117,EMP-1018,REG-02,Enterprise Partner,10,40707.26,0.01,403001.87,164183.74,238818.13,370761.72,Completed
ORD-HG-12595,2023-11-15,2023-11,CUST-1456,PROD-114,EMP-1001,REG-03,Enterprise Partner,26,8754.51,0.02,223064.91,100311.04,122753.87,205219.72,Completed
ORD-HG-12596,2023-11-15,2023-11,CUST-1499,PROD-121,EMP-1023,REG-05,Retail Store,40,23769.67,0.02,931771.06,413559.23,518211.83,857229.38,Completed
ORD-HG-12597,2023-11-15,2023-11,CUST-1365,PROD-116,EMP-1037,REG-03,Field Sales,19,17815.38,0.04,324952.53,143045.46,181907.07,298956.33,Completed
ORD-HG-12598,2023-11-15,2023-11,CUST-1134,PROD-106,EMP-1037,REG-05,Field Sales,15,36432.84,0.03,530097.82,217205.13,312892.69,487689.99,Completed
ORD-HG-12599,2023-11-15,2023-11,CUST-1357,PROD-109,EMP-1005,REG-04,Retail Store,33,13480.44,0.0,444854.52,219131.34,225723.18,409266.16,Completed
ORD-HG-12600,2023-11-15,2023-11,CUST-1059,PROD-123,EMP-1027,REG-04,Retail Store,39,21000.84,0.02,802652.1,418798.23,383853.87,738439.93,Completed
ORD-HG-12601,2023-11-15,2023-11,CUST-1398,PROD-110,EMP-1029,REG-01,Direct Online,34,7334.86,0.03,241903.68,100141.5,141762.18,222551.39,Completed
ORD-HG-12602,2023-11-15,2023-11,CUST-1392,PROD-116,EMP-1041,REG-02,Retail Store,25,20110.83,0.03,487687.63,259828.77,227858.86,448672.62,Completed
ORD-HG-12603,2023-11-15,2023-11,CUST-1201,PROD-108,EMP-1020,REG-05,Field Sales,6,17922.52,0.01,106459.77,42839.69,63620.08,97942.99,Completed
ORD-HG-12604,2023-11-15,2023-11,CUST-1045,PROD-117,EMP-1037,REG-02,Enterprise Partner,25,32108.83,0.04,770611.92,394880.4,375731.52,708962.97,Completed
ORD-HG-12605,2023-11-15,2023-11,CUST-1220,PROD-108,EMP-1013,REG-04,Retail Store,36,29270.13,0.05,1001038.45,489200.46,511837.99,920955.37,Completed
ORD-HG-12606,2023-11-15,2023-11,CUST-1174,PROD-120,EMP-1045,REG-03,Field Sales,34,15691.85,0.02,522852.44,238793.53,284058.91,481024.24,Completed
ORD-HG-12607,2023-11-16,2023-11,CUST-1412,PROD-113,EMP-1022,REG-02,Retail Store,17,15055.44,0.03,248264.21,99392.34,148871.87,228403.07,Completed
ORD-HG-12608,2023-11-16,2023-11,CUST-1351,PROD-120,EMP-1031,REG-01,Direct Online,8,20175.3,0.04,154946.3,81759.07,73187.23,142550.6,Completed
ORD-HG-12609,2023-11-16,2023-11,CUST-1106,PROD-115,EMP-1019,REG-01,Enterprise Partner,22,37472.08,0.03,799654.19,427061.19,372593.0,735681.85,Completed
ORD-HG-12610,2023-11-16,2023-11,CUST-1312,PROD-113,EMP-1035,REG-05,Direct Online,20,26735.76,0.04,513326.59,267252.82,246073.77,472260.46,Completed
ORD-HG-12611,2023-11-17,2023-11,CUST-1357,PROD-103,EMP-1035,REG-03,Enterprise Partner,27,13520.7,0.02,357757.72,170469.97,187287.75,329137.1,Completed
ORD-HG-12612,2023-11-17,2023-11,CUST-1496,PROD-104,EMP-1046,REG-03,Field Sales,19,41174.95,0.02,766677.57,411518.7,355158.87,705343.36,Completed
ORD-HG-12613,2023-11-17,2023-11,CUST-1426,PROD-120,EMP-1009,REG-01,Retail Store,10,13134.56,0.03,127405.23,60011.5,67393.73,117212.81,Completed
ORD-HG-12614,2023-11-17,2023-11,CUST-1366,PROD-114,EMP-1003,REG-04,Enterprise Partner,29,43974.87,0.04,1224260.38,634459.13,589801.25,1126319.55,Completed
ORD-HG-12615,2023-11-17,2023-11,CUST-1136,PROD-124,EMP-1038,REG-04,Field Sales,11,20877.56,0.01,227356.63,112561.12,114795.51,209168.1,Completed
ORD-HG-12616,2023-11-17,2023-11,CUST-1447,PROD-103,EMP-1026,REG-05,Field Sales,24,32907.94,0.03,766096.84,398006.01,368090.83,704809.09,Completed
ORD-HG-12617,2023-11-17,2023-11,CUST-1475,PROD-106,EMP-1016,REG-04,Enterprise Partner,37,35642.11,0.0,1318758.07,571487.16,747270.91,1213257.42,Completed
ORD-HG-12618,2023-11-17,2023-11,CUST-1159,PROD-102,EMP-1032,REG-02,Field Sales,32,29470.96,0.01,933640.01,478647.48,454992.53,858948.81,Completed
ORD-HG-12619,2023-11-17,2023-11,CUST-1170,PROD-113,EMP-1003,REG-03,Enterprise Partner,36,31527.24,0.04,1089581.41,476476.17,613105.24,1002414.9,Completed
ORD-HG-12620,2023-11-17,2023-11,CUST-1004,PROD-115,EMP-1039,REG-04,Field Sales,31,30021.36,0.03,902742.3,380034.3,522708.0,830522.92,Completed
ORD-HG-12621,2023-11-17,2023-11,CUST-1369,PROD-124,EMP-1017,REG-05,Enterprise Partner,12,31121.49,0.05,354784.99,181009.94,173775.05,326402.19,Completed
ORD-HG-12622,2023-11-18,2023-11,CUST-1360,PROD-117,EMP-1001,REG-02,Direct Online,29,21550.62,0.02,612468.62,281223.17,331245.45,563471.13,Completed
ORD-HG-12623,2023-11-18,2023-11,CUST-1230,PROD-109,EMP-1008,REG-02,Direct Online,27,42068.16,0.02,1113123.51,522029.63,591093.88,1024073.63,Completed
ORD-HG-12624,2023-11-18,2023-11,CUST-1263,PROD-111,EMP-1033,REG-05,Retail Store,35,23246.08,0.03,789204.42,348829.68,440374.74,726068.07,Completed
ORD-HG-12625,2023-11-18,2023-11,CUST-1398,PROD-109,EMP-1015,REG-01,Retail Store,16,10455.48,0.04,160596.17,71393.16,89203.01,147748.48,Completed
ORD-HG-12626,2023-11-19,2023-11,CUST-1482,PROD-103,EMP-1025,REG-04,Retail Store,29,37895.52,0.03,1066000.98,540975.36,525025.62,980720.9,Completed
ORD-HG-12627,2023-11-19,2023-11,CUST-1011,PROD-124,EMP-1024,REG-01,Direct Online,14,28783.29,0.01,398936.4,179912.3,219024.1,367021.49,Completed
ORD-HG-12628,2023-11-19,2023-11,CUST-1040,PROD-110,EMP-1023,REG-04,Enterprise Partner,14,23229.49,0.04,312204.35,148358.03,163846.32,287228.0,Completed
ORD-HG-12629,2023-11-19,2023-11,CUST-1167,PROD-104,EMP-1033,REG-02,Enterprise Partner,36,20490.22,0.03,715518.48,351699.57,363818.91,658277.0,Completed
ORD-HG-12630,2023-11-19,2023-11,CUST-1233,PROD-123,EMP-1033,REG-01,Enterprise Partner,37,17913.12,0.04,636274.02,262960.41,373313.61,585372.1,Completed
ORD-HG-12631,2023-11-19,2023-11,CUST-1346,PROD-122,EMP-1022,REG-02,Field Sales,9,18475.37,0.01,164615.55,84113.66,80501.89,151446.31,Completed
ORD-HG-12632,2023-11-19,2023-11,CUST-1110,PROD-109,EMP-1021,REG-04,Enterprise Partner,9,27831.95,0.05,237963.17,100881.83,137081.34,218926.12,Completed
ORD-HG-12633,2023-11-19,2023-11,CUST-1155,PROD-112,EMP-1003,REG-04,Enterprise Partner,29,6591.61,0.04,183510.42,91316.09,92194.33,168829.59,Completed
ORD-HG-12634,2023-11-20,2023-11,CUST-1041,PROD-103,EMP-1024,REG-03,Retail Store,44,36016.6,0.02,1553035.79,707935.05,845100.74,1428792.93,Completed
ORD-HG-12635,2023-11-20,2023-11,CUST-1362,PROD-121,EMP-1026,REG-01,Field Sales,43,21208.5,0.05,866367.22,390186.86,476180.36,797057.84,Completed
ORD-HG-12636,2023-11-20,2023-11,CUST-1371,PROD-115,EMP-1029,REG-02,Field Sales,29,20976.1,0.01,602223.83,310846.26,291377.57,554045.92,Completed
ORD-HG-12637,2023-11-20,2023-11,CUST-1083,PROD-121,EMP-1037,REG-05,Retail Store,15,32741.31,0.04,471474.86,196910.78,274564.08,433756.87,Completed
ORD-HG-12638,2023-11-20,2023-11,CUST-1320,PROD-106,EMP-1016,REG-03,Retail Store,29,29698.43,0.02,844029.38,384453.81,459575.57,776507.03,Completed
ORD-HG-12639,2023-11-20,2023-11,CUST-1122,PROD-113,EMP-1008,REG-04,Enterprise Partner,17,15971.62,0.01,268802.36,115434.98,153367.38,247298.17,Completed
ORD-HG-12640,2023-11-20,2023-11,CUST-1152,PROD-113,EMP-1021,REG-02,Direct Online,21,19578.91,0.05,390599.25,194291.22,196308.03,359351.31,Completed
ORD-HG-12641,2023-11-20,2023-11,CUST-1047,PROD-106,EMP-1033,REG-05,Field Sales,5,23046.72,0.02,112928.93,60746.99,52181.94,103894.62,Completed
ORD-HG-12642,2023-11-20,2023-11,CUST-1284,PROD-101,EMP-1027,REG-01,Retail Store,42,21746.64,0.01,904225.29,408281.49,495943.8,831887.27,Completed
ORD-HG-12643,2023-11-20,2023-11,CUST-1425,PROD-103,EMP-1040,REG-02,Field Sales,6,22451.37,0.03,130666.97,55787.76,74879.21,120213.61,Completed
ORD-HG-12644,2023-11-20,2023-11,CUST-1243,PROD-108,EMP-1044,REG-04,Direct Online,8,20449.09,0.03,158684.94,75149.97,83534.97,145990.14,Completed
ORD-HG-12645,2023-11-20,2023-11,CUST-1094,PROD-115,EMP-1046,REG-01,Enterprise Partner,34,21205.11,0.04,692134.79,300097.51,392037.28,636764.01,Completed
ORD-HG-12646,2023-11-21,2023-11,CUST-1412,PROD-120,EMP-1044,REG-01,Direct Online,39,35068.09,0.02,1340302.4,725004.0,615298.4,1233078.21,Completed
ORD-HG-12647,2023-11-21,2023-11,CUST-1441,PROD-112,EMP-1009,REG-02,Direct Online,13,23484.05,0.03,296133.87,131386.39,164747.48,272443.16,Completed
ORD-HG-12648,2023-11-21,2023-11,CUST-1026,PROD-119,EMP-1047,REG-04,Field Sales,40,28874.76,0.02,1131890.59,509585.14,622305.45,1041339.34,Completed
ORD-HG-12649,2023-11-21,2023-11,CUST-1326,PROD-123,EMP-1005,REG-03,Direct Online,40,30222.64,0.02,1184727.49,602269.96,582457.53,1089949.29,Completed
ORD-HG-12650,2023-11-21,2023-11,CUST-1269,PROD-113,EMP-1042,REG-05,Enterprise Partner,32,23259.43,0.03,721972.71,396343.75,325628.96,664214.89,Completed
ORD-HG-12651,2023-11-21,2023-11,CUST-1237,PROD-118,EMP-1017,REG-04,Direct Online,7,24846.82,0.0,173927.74,89871.33,84056.41,160013.52,Completed
ORD-HG-12652,2023-11-21,2023-11,CUST-1130,PROD-102,EMP-1024,REG-03,Direct Online,12,34677.21,0.03,403642.72,189638.79,214003.93,371351.3,Completed
ORD-HG-12653,2023-11-21,2023-11,CUST-1411,PROD-112,EMP-1029,REG-03,Enterprise Partner,24,6481.32,0.03,150885.13,81560.83,69324.3,138814.32,Completed
ORD-HG-12654,2023-11-21,2023-11,CUST-1112,PROD-101,EMP-1016,REG-01,Enterprise Partner,25,24165.87,0.05,573939.41,281872.93,292066.48,528024.26,Completed
ORD-HG-12655,2023-11-21,2023-11,CUST-1172,PROD-111,EMP-1019,REG-02,Enterprise Partner,7,20550.83,0.02,140978.69,62903.81,78074.88,129700.39,Completed
ORD-HG-12656,2023-11-21,2023-11,CUST-1086,PROD-117,EMP-1012,REG-02,Enterprise Partner,13,43762.77,0.04,546159.37,279209.31,266950.06,502466.62,Completed
ORD-HG-12657,2023-11-22,2023-11,CUST-1337,PROD-103,EMP-1004,REG-01,Direct Online,15,9383.29,0.02,137934.36,63998.41,73935.95,126899.61,Completed
ORD-HG-12658,2023-11-22,2023-11,CUST-1334,PROD-123,EMP-1029,REG-02,Direct Online,15,28106.73,0.05,400520.9,168221.15,232299.75,368479.23,Completed
ORD-HG-12659,2023-11-22,2023-11,CUST-1220,PROD-101,EMP-1030,REG-01,Enterprise Partner,32,34193.97,0.03,1061380.83,471374.86,590005.97,976470.36,Completed
ORD-HG-12660,2023-11-22,2023-11,CUST-1311,PROD-110,EMP-1012,REG-02,Direct Online,7,36828.84,0.02,252645.84,110124.96,142520.88,232434.17,Completed
ORD-HG-12661,2023-11-22,2023-11,CUST-1481,PROD-110,EMP-1010,REG-05,Field Sales,39,15373.99,0.01,593589.75,313302.5,280287.25,546102.57,Completed
ORD-HG-12662,2023-11-22,2023-11,CUST-1074,PROD-109,EMP-1048,REG-04,Field Sales,18,20469.66,0.03,357400.26,143977.11,213423.15,328808.24,Completed
ORD-HG-12663,2023-11-22,2023-11,CUST-1327,PROD-116,EMP-1028,REG-02,Retail Store,28,37771.12,0.03,1025863.62,415844.8,610018.82,943794.53,Completed
ORD-HG-12664,2023-11-22,2023-11,CUST-1057,PROD-121,EMP-1041,REG-03,Direct Online,20,34619.66,0.02,678545.34,321290.3,357255.04,624261.71,Completed
ORD-HG-12665,2023-11-23,2023-11,CUST-1101,PROD-105,EMP-1009,REG-05,Retail Store,18,33922.32,0.03,592283.71,321450.45,270833.26,544901.01,Completed
ORD-HG-12666,2023-11-23,2023-11,CUST-1111,PROD-117,EMP-1027,REG-05,Direct Online,19,34725.08,0.03,639983.22,330220.63,309762.59,588784.56,Completed
ORD-HG-12667,2023-11-23,2023-11,CUST-1067,PROD-110,EMP-1029,REG-03,Direct Online,27,10678.52,0.04,276787.24,124212.7,152574.54,254644.26,Completed
ORD-HG-12668,2023-11-23,2023-11,CUST-1276,PROD-108,EMP-1002,REG-03,Field Sales,20,27886.73,0.01,552157.25,301057.19,251100.06,507984.67,Completed
ORD-HG-12669,2023-11-24,2023-11,CUST-1448,PROD-118,EMP-1015,REG-01,Field Sales,36,20403.52,0.04,705145.65,307809.35,397336.3,648734.0,Completed
ORD-HG-12670,2023-11-24,2023-11,CUST-1132,PROD-105,EMP-1048,REG-04,Retail Store,24,25250.12,0.05,575702.74,293070.62,282632.12,529646.52,Completed
ORD-HG-12671,2023-11-24,2023-11,CUST-1405,PROD-107,EMP-1031,REG-04,Field Sales,37,38860.79,0.02,1409092.25,628651.35,780440.9,1296364.87,Completed
ORD-HG-12672,2023-11-24,2023-11,CUST-1493,PROD-122,EMP-1031,REG-02,Direct Online,39,34351.47,0.0,1339707.33,691710.84,647996.49,1232530.74,Completed
ORD-HG-12673,2023-11-24,2023-11,CUST-1496,PROD-122,EMP-1038,REG-05,Direct Online,35,10866.1,0.04,365100.96,196933.75,168167.21,335892.88,Completed
ORD-HG-12674,2023-11-24,2023-11,CUST-1424,PROD-101,EMP-1033,REG-04,Field Sales,17,13992.8,0.03,230741.27,115060.57,115680.7,212281.97,Completed
ORD-HG-12675,2023-11-24,2023-11,CUST-1027,PROD-115,EMP-1012,REG-01,Enterprise Partner,15,44359.87,0.03,645436.11,319912.35,325523.76,593801.22,Completed
ORD-HG-12676,2023-11-25,2023-11,CUST-1262,PROD-106,EMP-1043,REG-04,Direct Online,31,23482.73,0.04,698846.04,323153.05,375692.99,642938.36,Completed
ORD-HG-12677,2023-11-25,2023-11,CUST-1069,PROD-104,EMP-1018,REG-05,Enterprise Partner,42,11993.0,0.01,498668.94,260859.35,237809.59,458775.42,Completed
ORD-HG-12678,2023-11-25,2023-11,CUST-1014,PROD-102,EMP-1022,REG-04,Field Sales,44,26004.42,0.01,1132752.54,585602.77,547149.77,1042132.34,Completed
ORD-HG-12679,2023-11-25,2023-11,CUST-1017,PROD-105,EMP-1016,REG-03,Enterprise Partner,26,35849.35,0.01,922762.27,399581.01,523181.26,848941.29,Completed
ORD-HG-12680,2023-11-25,2023-11,CUST-1006,PROD-117,EMP-1007,REG-05,Enterprise Partner,27,6227.41,0.03,163095.87,84283.27,78812.6,150048.2,Completed
ORD-HG-12681,2023-11-25,2023-11,CUST-1377,PROD-104,EMP-1015,REG-05,Direct Online,26,39519.8,0.01,1017239.65,527128.98,490110.67,935860.48,Completed
ORD-HG-12682,2023-11-26,2023-11,CUST-1354,PROD-101,EMP-1033,REG-03,Direct Online,37,35832.34,0.01,1312538.61,707642.12,604896.49,1207535.52,Completed
ORD-HG-12683,2023-11-26,2023-11,CUST-1414,PROD-122,EMP-1013,REG-05,Field Sales,16,32277.11,0.03,500940.75,226768.56,274172.19,460865.49,Completed
ORD-HG-12684,2023-11-26,2023-11,CUST-1352,PROD-122,EMP-1028,REG-01,Enterprise Partner,35,8864.77,0.02,304061.61,125866.85,178194.76,279736.68,Completed
ORD-HG-12685,2023-11-26,2023-11,CUST-1036,PROD-117,EMP-1022,REG-01,Direct Online,7,14458.54,0.04,97161.39,44853.92,52307.47,89388.48,Completed
ORD-HG-12686,2023-11-26,2023-11,CUST-1098,PROD-113,EMP-1004,REG-02,Enterprise Partner,26,40795.02,0.04,1018243.7,466039.11,552204.59,936784.2,Completed
ORD-HG-12687,2023-11-26,2023-11,CUST-1145,PROD-113,EMP-1005,REG-03,Field Sales,30,7480.11,0.02,219915.23,115263.91,104651.32,202322.01,Completed
ORD-HG-12688,2023-11-26,2023-11,CUST-1188,PROD-109,EMP-1010,REG-02,Enterprise Partner,11,10976.99,0.01,119539.42,48713.55,70825.87,109976.27,Completed
ORD-HG-12689,2023-11-26,2023-11,CUST-1465,PROD-106,EMP-1011,REG-03,Field Sales,30,43115.36,0.03,1254656.98,636409.37,618247.61,1154284.42,Completed
ORD-HG-12690,2023-11-26,2023-11,CUST-1178,PROD-111,EMP-1002,REG-02,Retail Store,24,11792.17,0.03,274521.72,150985.14,123536.58,252559.98,Completed
ORD-HG-12691,2023-11-26,2023-11,CUST-1354,PROD-117,EMP-1041,REG-05,Retail Store,40,30537.56,0.0,1221502.4,553879.06,667623.34,1123782.21,Completed
ORD-HG-12692,2023-11-27,2023-11,CUST-1308,PROD-122,EMP-1025,REG-04,Direct Online,17,28159.18,0.02,469131.94,193967.59,275164.35,431601.38,Completed
ORD-HG-12693,2023-11-27,2023-11,CUST-1414,PROD-122,EMP-1047,REG-02,Enterprise Partner,21,41662.86,0.04,839923.26,421231.81,418691.45,772729.4,Completed
ORD-HG-12694,2023-11-27,2023-11,CUST-1424,PROD-120,EMP-1029,REG-01,Field Sales,27,9165.6,0.01,244996.49,106520.33,138476.16,225396.77,Completed
ORD-HG-12695,2023-11-27,2023-11,CUST-1304,PROD-104,EMP-1001,REG-04,Direct Online,7,31475.3,0.01,218123.83,87858.78,130265.05,200673.92,Completed
ORD-HG-12696,2023-11-27,2023-11,CUST-1181,PROD-117,EMP-1046,REG-05,Direct Online,17,44831.13,0.03,739265.33,377548.71,361716.62,680124.1,Completed
ORD-HG-12697,2023-11-27,2023-11,CUST-1345,PROD-102,EMP-1048,REG-02,Retail Store,13,15065.52,0.0,195851.76,98221.52,97630.24,180183.62,Completed
ORD-HG-12698,2023-11-27,2023-11,CUST-1112,PROD-113,EMP-1018,REG-04,Enterprise Partner,10,7800.67,0.01,77226.63,36210.03,41016.6,71048.5,Completed
ORD-HG-12699,2023-11-28,2023-11,CUST-1294,PROD-109,EMP-1036,REG-01,Enterprise Partner,10,38367.54,0.03,372165.14,157636.33,214528.81,342391.93,Completed
ORD-HG-12700,2023-11-28,2023-11,CUST-1358,PROD-120,EMP-1015,REG-02,Direct Online,27,25088.66,0.02,663845.94,332187.28,331658.66,610738.26,Completed
ORD-HG-12701,2023-11-28,2023-11,CUST-1006,PROD-102,EMP-1038,REG-05,Field Sales,5,18572.5,0.05,88219.38,39779.18,48440.2,81161.83,Completed
ORD-HG-12702,2023-11-28,2023-11,CUST-1121,PROD-112,EMP-1048,REG-01,Retail Store,5,34355.95,0.04,164908.56,77742.53,87166.03,151715.88,Completed
ORD-HG-12703,2023-11-28,2023-11,CUST-1434,PROD-103,EMP-1032,REG-03,Retail Store,35,19245.57,0.02,660123.05,337469.78,322653.27,607313.21,Completed
ORD-HG-12704,2023-11-28,2023-11,CUST-1192,PROD-120,EMP-1035,REG-03,Enterprise Partner,34,14168.76,0.04,462468.33,186320.15,276148.18,425470.86,Completed
ORD-HG-12705,2023-11-28,2023-11,CUST-1477,PROD-112,EMP-1040,REG-04,Enterprise Partner,24,20928.26,0.04,482187.11,255715.95,226471.16,443612.14,Completed
ORD-HG-12706,2023-11-28,2023-11,CUST-1369,PROD-119,EMP-1049,REG-03,Enterprise Partner,22,18881.62,0.01,411241.68,218306.42,192935.26,378342.35,Completed
ORD-HG-12707,2023-11-28,2023-11,CUST-1406,PROD-106,EMP-1005,REG-02,Direct Online,43,21299.07,0.03,888384.21,419694.42,468689.79,817313.47,Completed
ORD-HG-12708,2023-11-28,2023-11,CUST-1287,PROD-110,EMP-1012,REG-02,Enterprise Partner,44,43999.97,0.05,1839198.75,984366.1,854832.65,1692062.85,Completed
ORD-HG-12709,2023-11-28,2023-11,CUST-1199,PROD-104,EMP-1011,REG-01,Enterprise Partner,5,7146.44,0.01,35374.88,17503.55,17871.33,32544.89,Completed
ORD-HG-12710,2023-11-28,2023-11,CUST-1040,PROD-109,EMP-1017,REG-02,Enterprise Partner,16,13955.02,0.01,221047.52,108367.58,112679.94,203363.72,Completed
ORD-HG-12711,2023-11-29,2023-11,CUST-1121,PROD-122,EMP-1037,REG-03,Retail Store,18,36982.05,0.03,645706.59,264451.39,381255.2,594050.06,Completed
ORD-HG-12712,2023-11-29,2023-11,CUST-1128,PROD-101,EMP-1024,REG-05,Field Sales,40,24279.31,0.0,971172.4,441250.05,529922.35,893478.61,Completed
ORD-HG-12713,2023-11-29,2023-11,CUST-1423,PROD-112,EMP-1004,REG-04,Retail Store,5,31608.09,0.01,156460.05,82442.46,74017.59,143943.25,Completed
ORD-HG-12714,2023-11-29,2023-11,CUST-1105,PROD-119,EMP-1042,REG-04,Retail Store,14,10781.26,0.01,149428.26,75234.34,74193.92,137474.0,Completed
ORD-HG-12715,2023-11-29,2023-11,CUST-1384,PROD-123,EMP-1023,REG-02,Enterprise Partner,32,40535.57,0.02,1271195.48,683723.67,587471.81,1169499.84,Completed
ORD-HG-12716,2023-11-29,2023-11,CUST-1206,PROD-114,EMP-1033,REG-04,Field Sales,10,18805.8,0.04,180535.68,86632.4,93903.28,166092.83,Completed
ORD-HG-12717,2023-11-29,2023-11,CUST-1151,PROD-117,EMP-1041,REG-04,Retail Store,27,14488.41,0.04,375539.59,189632.75,185906.84,345496.42,Completed
ORD-HG-12718,2023-11-29,2023-11,CUST-1242,PROD-115,EMP-1021,REG-05,Retail Store,12,33498.2,0.01,397958.62,170111.32,227847.3,366121.93,Completed
ORD-HG-12719,2023-11-29,2023-11,CUST-1357,PROD-116,EMP-1045,REG-03,Retail Store,13,31246.09,0.01,402137.18,218964.41,183172.77,369966.21,Completed
ORD-HG-12720,2023-11-29,2023-11,CUST-1263,PROD-110,EMP-1039,REG-04,Enterprise Partner,34,35119.76,0.04,1146308.97,608293.69,538015.28,1054604.25,Completed
ORD-HG-12721,2023-11-29,2023-11,CUST-1156,PROD-104,EMP-1037,REG-05,Field Sales,12,39917.02,0.0,479004.24,217339.36,261664.88,440683.9,Completed
ORD-HG-12722,2023-11-29,2023-11,CUST-1006,PROD-115,EMP-1015,REG-01,Direct Online,27,6859.47,0.02,181501.58,88415.36,93086.22,166981.45,Completed
ORD-HG-12723,2023-11-29,2023-11,CUST-1106,PROD-103,EMP-1049,REG-01,Field Sales,25,21998.11,0.02,538953.69,294524.69,244429.0,495837.39,Completed
ORD-HG-12724,2023-11-29,2023-11,CUST-1333,PROD-120,EMP-1011,REG-01,Direct Online,41,22404.74,0.03,891036.51,482022.62,409013.89,819753.59,Completed
ORD-HG-12725,2023-11-30,2023-11,CUST-1217,PROD-115,EMP-1038,REG-01,Field Sales,31,5066.17,0.01,155480.76,64023.63,91457.13,143042.3,Completed
ORD-HG-12726,2023-11-30,2023-11,CUST-1000,PROD-117,EMP-1047,REG-05,Enterprise Partner,40,23544.07,0.0,941762.8,393879.72,547883.08,866421.78,Completed
ORD-HG-12727,2023-11-30,2023-11,CUST-1102,PROD-106,EMP-1015,REG-03,Direct Online,23,6860.74,0.05,149907.17,82033.79,67873.38,137914.6,Completed
ORD-HG-12728,2023-11-30,2023-11,CUST-1314,PROD-105,EMP-1047,REG-05,Retail Store,44,26137.51,0.01,1138549.94,484709.92,653840.02,1047465.94,Completed
ORD-HG-12729,2023-11-30,2023-11,CUST-1009,PROD-113,EMP-1046,REG-05,Direct Online,34,17235.8,0.04,562576.51,256258.62,306317.89,517570.39,Completed
ORD-HG-12730,2023-11-30,2023-11,CUST-1348,PROD-119,EMP-1047,REG-04,Field Sales,39,16963.84,0.01,654973.86,296552.38,358421.48,602575.95,Completed
ORD-HG-12731,2023-11-30,2023-11,CUST-1454,PROD-118,EMP-1006,REG-05,Direct Online,20,8209.94,0.03,159272.84,77841.77,81431.07,146531.01,Completed
ORD-HG-12732,2023-11-30,2023-11,CUST-1209,PROD-107,EMP-1026,REG-03,Enterprise Partner,42,42122.73,0.0,1769154.66,925639.93,843514.73,1627622.29,Completed
ORD-HG-12733,2023-11-30,2023-11,CUST-1306,PROD-112,EMP-1047,REG-05,Field Sales,11,10090.72,0.02,108777.96,46164.82,62613.14,100075.72,Completed
ORD-HG-12734,2023-12-01,2023-12,CUST-1036,PROD-108,EMP-1027,REG-02,Direct Online,27,7217.64,0.02,190978.75,84529.11,106449.64,175700.45,Completed
ORD-HG-12735,2023-12-01,2023-12,CUST-1009,PROD-101,EMP-1044,REG-04,Enterprise Partner,5,17080.27,0.01,84547.34,39042.65,45504.69,77783.55,Completed
ORD-HG-12736,2023-12-01,2023-12,CUST-1127,PROD-118,EMP-1022,REG-05,Enterprise Partner,40,8086.26,0.03,313746.89,159881.44,153865.45,288647.14,Completed
ORD-HG-12737,2023-12-02,2023-12,CUST-1000,PROD-111,EMP-1014,REG-05,Field Sales,16,34035.06,0.0,544560.96,290771.78,253789.18,500996.08,Completed
ORD-HG-12738,2023-12-02,2023-12,CUST-1317,PROD-109,EMP-1001,REG-04,Enterprise Partner,31,32205.12,0.04,958424.37,414111.22,544313.15,881750.42,Completed
ORD-HG-12739,2023-12-02,2023-12,CUST-1462,PROD-108,EMP-1011,REG-02,Retail Store,23,30063.64,0.03,670719.81,347691.27,323028.54,617062.23,Completed
ORD-HG-12740,2023-12-02,2023-12,CUST-1407,PROD-116,EMP-1002,REG-02,Retail Store,34,43218.02,0.02,1440024.43,713540.38,726484.05,1324822.48,Completed
ORD-HG-12741,2023-12-02,2023-12,CUST-1460,PROD-103,EMP-1031,REG-05,Enterprise Partner,6,17812.76,0.01,105807.79,52400.09,53407.7,97343.17,Completed
ORD-HG-12742,2023-12-02,2023-12,CUST-1364,PROD-104,EMP-1021,REG-01,Field Sales,15,38009.93,0.01,564447.46,305514.59,258932.87,519291.66,Completed
ORD-HG-12743,2023-12-03,2023-12,CUST-1340,PROD-113,EMP-1038,REG-04,Enterprise Partner,24,19402.15,0.03,451682.05,225121.78,226560.27,415547.49,Completed
ORD-HG-12744,2023-12-03,2023-12,CUST-1139,PROD-113,EMP-1041,REG-01,Retail Store,14,16569.97,0.03,225020.19,97130.77,127889.42,207018.57,Completed
ORD-HG-12745,2023-12-03,2023-12,CUST-1482,PROD-123,EMP-1014,REG-02,Field Sales,16,24687.05,0.02,387092.94,157089.85,230003.09,356125.5,Completed
ORD-HG-12746,2023-12-03,2023-12,CUST-1052,PROD-122,EMP-1037,REG-01,Retail Store,7,36529.47,0.01,253149.23,132316.5,120832.73,232897.29,Completed
ORD-HG-12747,2023-12-03,2023-12,CUST-1087,PROD-119,EMP-1035,REG-01,Enterprise Partner,21,17504.44,0.04,352889.51,189389.63,163499.88,324658.35,Completed
ORD-HG-12748,2023-12-03,2023-12,CUST-1078,PROD-103,EMP-1025,REG-04,Enterprise Partner,27,12569.94,0.01,335994.5,145698.22,190296.28,309114.94,Completed
ORD-HG-12749,2023-12-04,2023-12,CUST-1077,PROD-117,EMP-1044,REG-02,Retail Store,38,10471.08,0.05,378005.99,179343.97,198662.02,347765.51,Completed
ORD-HG-12750,2023-12-04,2023-12,CUST-1329,PROD-109,EMP-1036,REG-03,Field Sales,13,13175.16,0.01,169564.31,70307.17,99257.14,155999.17,Completed
ORD-HG-12751,2023-12-04,2023-12,CUST-1280,PROD-108,EMP-1016,REG-03,Retail Store,12,24912.91,0.04,286996.72,134700.73,152295.99,264036.98,Completed
ORD-HG-12752,2023-12-04,2023-12,CUST-1393,PROD-106,EMP-1007,REG-04,Retail Store,10,21738.81,0.05,206518.7,92982.74,113535.96,189997.2,Completed
ORD-HG-12753,2023-12-04,2023-12,CUST-1142,PROD-103,EMP-1008,REG-05,Enterprise Partner,11,32385.16,0.02,349112.02,179334.9,169777.12,321183.06,Completed
ORD-HG-12754,2023-12-04,2023-12,CUST-1186,PROD-109,EMP-1026,REG-03,Retail Store,23,22170.39,0.03,494621.4,247516.53,247104.87,455051.69,Completed
ORD-HG-12755,2023-12-05,2023-12,CUST-1157,PROD-111,EMP-1039,REG-03,Retail Store,29,32734.92,0.04,911340.17,403993.63,507346.54,838432.96,Completed
ORD-HG-12756,2023-12-05,2023-12,CUST-1031,PROD-109,EMP-1049,REG-01,Retail Store,8,31232.81,0.04,239867.98,102724.54,137143.44,220678.54,Completed
ORD-HG-12757,2023-12-05,2023-12,CUST-1071,PROD-118,EMP-1031,REG-03,Field Sales,24,42749.86,0.02,1005476.71,492527.97,512948.74,925038.57,Completed
ORD-HG-12758,2023-12-05,2023-12,CUST-1120,PROD-117,EMP-1038,REG-03,Retail Store,21,7056.85,0.04,142266.1,75274.6,66991.5,130884.81,Completed
ORD-HG-12759,2023-12-05,2023-12,CUST-1491,PROD-108,EMP-1023,REG-05,Field Sales,31,10494.69,0.0,325335.39,163008.87,162326.52,299308.56,Completed
ORD-HG-12760,2023-12-05,2023-12,CUST-1355,PROD-123,EMP-1015,REG-04,Enterprise Partner,33,26395.98,0.0,871067.34,380652.82,490414.52,801381.95,Completed
ORD-HG-12761,2023-12-05,2023-12,CUST-1099,PROD-106,EMP-1046,REG-02,Enterprise Partner,30,22890.54,0.04,659247.55,347556.31,311691.24,606507.75,Completed
ORD-HG-12762,2023-12-05,2023-12,CUST-1016,PROD-123,EMP-1020,REG-01,Direct Online,14,24014.09,0.03,326111.34,160127.5,165983.84,300022.43,Completed
ORD-HG-12763,2023-12-06,2023-12,CUST-1109,PROD-112,EMP-1018,REG-04,Retail Store,31,5394.81,0.03,162221.94,82570.29,79651.65,149244.18,Completed
ORD-HG-12764,2023-12-06,2023-12,CUST-1397,PROD-118,EMP-1027,REG-02,Direct Online,41,8796.34,0.01,357043.44,184135.79,172907.65,328479.96,Completed
ORD-HG-12765,2023-12-06,2023-12,CUST-1472,PROD-107,EMP-1046,REG-03,Field Sales,29,21443.59,0.04,596989.55,289793.53,307196.02,549230.39,Completed
ORD-HG-12766,2023-12-06,2023-12,CUST-1365,PROD-103,EMP-1020,REG-01,Retail Store,20,34592.55,0.02,678013.98,322040.01,355973.97,623772.86,Completed
ORD-HG-12767,2023-12-06,2023-12,CUST-1234,PROD-112,EMP-1045,REG-02,Direct Online,25,8481.62,0.03,205679.29,93846.67,111832.62,189224.95,Completed
ORD-HG-12768,2023-12-06,2023-12,CUST-1376,PROD-113,EMP-1028,REG-05,Field Sales,19,38028.71,0.03,700869.13,375499.93,325369.2,644799.6,Completed
ORD-HG-12769,2023-12-06,2023-12,CUST-1273,PROD-121,EMP-1016,REG-04,Field Sales,26,37885.42,0.02,965320.5,414719.99,550600.51,888094.86,Completed
ORD-HG-12770,2023-12-07,2023-12,CUST-1270,PROD-111,EMP-1025,REG-04,Enterprise Partner,24,17562.58,0.04,404641.84,214740.81,189901.03,372270.49,Completed
ORD-HG-12771,2023-12-07,2023-12,CUST-1497,PROD-117,EMP-1022,REG-03,Enterprise Partner,43,6365.66,0.03,265511.68,108843.73,156667.95,244270.75,Completed
ORD-HG-12772,2023-12-07,2023-12,CUST-1268,PROD-101,EMP-1048,REG-02,Retail Store,38,33942.84,0.03,1251133.08,529117.3,722015.78,1151042.43,Completed
ORD-HG-12773,2023-12-07,2023-12,CUST-1141,PROD-123,EMP-1013,REG-04,Direct Online,39,18980.55,0.04,710631.79,348181.56,362450.23,653781.25,Completed
ORD-HG-12774,2023-12-07,2023-12,CUST-1476,PROD-112,EMP-1014,REG-01,Enterprise Partner,14,27002.24,0.03,366690.42,152355.87,214334.55,337355.19,Completed
ORD-HG-12775,2023-12-07,2023-12,CUST-1332,PROD-108,EMP-1013,REG-05,Direct Online,9,32389.01,0.0,291501.09,133802.27,157698.82,268181.0,Completed
ORD-HG-12776,2023-12-07,2023-12,CUST-1347,PROD-104,EMP-1037,REG-03,Direct Online,9,40609.96,0.02,358179.85,186626.11,171553.74,329525.46,Completed
ORD-HG-12777,2023-12-08,2023-12,CUST-1061,PROD-108,EMP-1039,REG-05,Enterprise Partner,16,10450.71,0.01,165539.25,89751.54,75787.71,152296.11,Completed
ORD-HG-12778,2023-12-08,2023-12,CUST-1358,PROD-120,EMP-1022,REG-05,Direct Online,15,42112.21,0.0,631683.15,332568.26,299114.89,581148.5,Completed
ORD-HG-12779,2023-12-08,2023-12,CUST-1414,PROD-107,EMP-1001,REG-05,Direct Online,16,34357.95,0.03,533235.38,220623.79,312611.59,490576.55,Completed
ORD-HG-12780,2023-12-08,2023-12,CUST-1315,PROD-117,EMP-1044,REG-03,Retail Store,24,36024.91,0.0,864597.84,391626.16,472971.68,795430.01,Completed
ORD-HG-12781,2023-12-08,2023-12,CUST-1135,PROD-113,EMP-1021,REG-05,Field Sales,33,36367.15,0.05,1140110.15,576735.36,563374.79,1048901.34,Completed
ORD-HG-12782,2023-12-08,2023-12,CUST-1135,PROD-119,EMP-1016,REG-02,Retail Store,30,23678.81,0.04,681949.73,373726.55,308223.18,627393.75,Completed
ORD-HG-12783,2023-12-09,2023-12,CUST-1482,PROD-113,EMP-1008,REG-04,Field Sales,43,7107.49,0.04,293397.19,121394.16,172003.03,269925.41,Completed
ORD-HG-12784,2023-12-09,2023-12,CUST-1421,PROD-107,EMP-1005,REG-03,Field Sales,22,35518.77,0.03,757970.55,400039.76,357930.79,697332.91,Completed
ORD-HG-12785,2023-12-09,2023-12,CUST-1450,PROD-115,EMP-1004,REG-03,Retail Store,43,30653.92,0.02,1291756.19,541228.95,750527.24,1188415.69,Completed
ORD-HG-12786,2023-12-09,2023-12,CUST-1489,PROD-104,EMP-1029,REG-02,Direct Online,28,35212.81,0.01,976099.09,496032.78,480066.31,898011.16,Completed
ORD-HG-12787,2023-12-09,2023-12,CUST-1132,PROD-101,EMP-1038,REG-03,Enterprise Partner,28,5390.04,0.03,146393.49,63139.44,83254.05,134682.01,Completed
ORD-HG-12788,2023-12-09,2023-12,CUST-1082,PROD-121,EMP-1034,REG-05,Direct Online,43,43803.06,0.0,1883531.58,952954.32,930577.26,1732849.05,Completed
ORD-HG-12789,2023-12-09,2023-12,CUST-1071,PROD-108,EMP-1001,REG-03,Retail Store,7,9047.66,0.04,60800.28,30444.08,30356.2,55936.26,Completed
ORD-HG-12790,2023-12-09,2023-12,CUST-1441,PROD-109,EMP-1013,REG-03,Retail Store,10,9032.49,0.02,88518.4,44437.5,44080.9,81436.93,Completed
ORD-HG-12791,2023-12-09,2023-12,CUST-1420,PROD-114,EMP-1007,REG-03,Direct Online,5,20861.86,0.02,102223.11,44693.34,57529.77,94045.26,Completed
ORD-HG-12792,2023-12-09,2023-12,CUST-1487,PROD-121,EMP-1004,REG-05,Enterprise Partner,40,35056.37,0.04,1346164.61,720005.41,626159.2,1238471.44,Completed
ORD-HG-12793,2023-12-09,2023-12,CUST-1443,PROD-117,EMP-1022,REG-03,Retail Store,23,26571.46,0.05,580586.4,255695.85,324890.55,534139.49,Completed
ORD-HG-12794,2023-12-10,2023-12,CUST-1402,PROD-107,EMP-1038,REG-02,Direct Online,23,15697.92,0.02,353831.12,143802.9,210028.22,325524.63,Completed
ORD-HG-12795,2023-12-10,2023-12,CUST-1019,PROD-123,EMP-1017,REG-03,Retail Store,26,24422.51,0.04,609585.85,295056.38,314529.47,560818.98,Completed
ORD-HG-12796,2023-12-10,2023-12,CUST-1455,PROD-101,EMP-1025,REG-05,Field Sales,42,38054.53,0.05,1518375.75,794309.15,724066.6,1396905.69,Completed
ORD-HG-12797,2023-12-10,2023-12,CUST-1230,PROD-116,EMP-1045,REG-02,Retail Store,9,27630.64,0.02,243702.24,128405.75,115296.49,224206.06,Completed
ORD-HG-12798,2023-12-10,2023-12,CUST-1350,PROD-116,EMP-1043,REG-01,Direct Online,22,10727.11,0.03,228916.53,111215.99,117700.54,210603.21,Completed
ORD-HG-12799,2023-12-10,2023-12,CUST-1431,PROD-105,EMP-1035,REG-05,Field Sales,23,44453.14,0.03,991749.55,396885.46,594864.09,912409.59,Completed
ORD-HG-12800,2023-12-10,2023-12,CUST-1301,PROD-103,EMP-1027,REG-04,Direct Online,19,6428.89,0.02,119705.93,50804.02,68901.91,110129.46,Completed
ORD-HG-12801,2023-12-10,2023-12,CUST-1352,PROD-118,EMP-1021,REG-02,Direct Online,16,12814.41,0.05,194779.03,96431.17,98347.86,179196.71,Completed
ORD-HG-12802,2023-12-10,2023-12,CUST-1268,PROD-118,EMP-1032,REG-03,Field Sales,32,18272.41,0.04,561328.44,261320.27,300008.17,516422.16,Completed
ORD-HG-12803,2023-12-10,2023-12,CUST-1406,PROD-109,EMP-1028,REG-01,Field Sales,23,7966.36,0.01,181394.02,96463.13,84930.89,166882.5,Completed
ORD-HG-12804,2023-12-10,2023-12,CUST-1086,PROD-103,EMP-1002,REG-02,Direct Online,40,8227.33,0.03,319220.4,160700.11,158520.29,293682.77,Completed
ORD-HG-12805,2023-12-10,2023-12,CUST-1055,PROD-110,EMP-1045,REG-01,Retail Store,30,11184.47,0.03,325468.08,131375.69,194092.39,299430.63,Completed
ORD-HG-12806,2023-12-10,2023-12,CUST-1324,PROD-116,EMP-1049,REG-03,Enterprise Partner,29,6883.97,0.0,199635.13,99872.46,99762.67,183664.32,Completed
ORD-HG-12807,2023-12-10,2023-12,CUST-1376,PROD-107,EMP-1026,REG-03,Field Sales,37,17756.89,0.04,630724.73,292283.74,338440.99,580266.75,Completed
ORD-HG-12808,2023-12-10,2023-12,CUST-1089,PROD-107,EMP-1008,REG-01,Direct Online,41,6528.81,0.04,256973.96,107434.36,149539.6,236416.04,Completed
ORD-HG-12809,2023-12-11,2023-12,CUST-1177,PROD-108,EMP-1043,REG-02,Field Sales,6,40376.23,0.03,234989.66,103875.77,131113.89,216190.49,Completed
ORD-HG-12810,2023-12-11,2023-12,CUST-1073,PROD-104,EMP-1031,REG-01,Direct Online,37,38710.07,0.02,1403627.14,725078.1,678549.04,1291336.97,Completed
ORD-HG-12811,2023-12-11,2023-12,CUST-1136,PROD-121,EMP-1015,REG-03,Retail Store,31,5187.92,0.02,157609.01,77476.37,80132.64,145000.29,Completed
ORD-HG-12812,2023-12-11,2023-12,CUST-1276,PROD-102,EMP-1023,REG-05,Retail Store,7,35604.8,0.05,236771.92,114249.2,122522.72,217830.17,Completed
ORD-HG-12813,2023-12-11,2023-12,CUST-1277,PROD-120,EMP-1047,REG-01,Retail Store,20,21731.68,0.01,430287.26,210563.7,219723.56,395864.28,Completed
ORD-HG-12814,2023-12-11,2023-12,CUST-1349,PROD-110,EMP-1006,REG-04,Enterprise Partner,28,32156.51,0.0,900382.28,426479.86,473902.42,828351.7,Completed
ORD-HG-12815,2023-12-11,2023-12,CUST-1337,PROD-106,EMP-1001,REG-01,Direct Online,26,22331.19,0.01,574804.83,264662.4,310142.43,528820.44,Completed
ORD-HG-12816,2023-12-11,2023-12,CUST-1317,PROD-104,EMP-1005,REG-05,Direct Online,21,12713.72,0.03,258978.48,118734.48,140244.0,238260.2,Completed
ORD-HG-12817,2023-12-11,2023-12,CUST-1446,PROD-122,EMP-1041,REG-01,Enterprise Partner,37,28085.93,0.02,1018395.82,426234.26,592161.56,936924.15,Completed
ORD-HG-12818,2023-12-11,2023-12,CUST-1085,PROD-103,EMP-1001,REG-04,Field Sales,28,8537.12,0.01,236648.97,122925.69,113723.28,217717.05,Completed
ORD-HG-12819,2023-12-12,2023-12,CUST-1410,PROD-109,EMP-1022,REG-01,Enterprise Partner,41,33570.79,0.04,1321346.29,542497.86,778848.43,1215638.59,Completed
ORD-HG-12820,2023-12-12,2023-12,CUST-1401,PROD-123,EMP-1011,REG-02,Direct Online,39,28842.45,0.0,1124855.55,492842.02,632013.53,1034867.11,Completed
ORD-HG-12821,2023-12-12,2023-12,CUST-1262,PROD-114,EMP-1041,REG-02,Enterprise Partner,15,30117.44,0.03,438208.75,217104.18,221104.57,403152.05,Completed
ORD-HG-12822,2023-12-12,2023-12,CUST-1256,PROD-102,EMP-1041,REG-01,Field Sales,5,31301.55,0.02,153377.6,80837.61,72539.99,141107.39,Completed
ORD-HG-12823,2023-12-12,2023-12,CUST-1001,PROD-124,EMP-1020,REG-04,Retail Store,27,41219.35,0.05,1057276.33,506825.42,550450.91,972694.22,Completed
ORD-HG-12824,2023-12-12,2023-12,CUST-1116,PROD-116,EMP-1024,REG-04,Retail Store,17,36795.92,0.03,606764.72,301852.91,304911.81,558223.54,Completed
ORD-HG-12825,2023-12-12,2023-12,CUST-1456,PROD-109,EMP-1029,REG-05,Direct Online,36,31107.3,0.02,1097465.54,558119.43,539346.11,1009668.3,Completed
ORD-HG-12826,2023-12-12,2023-12,CUST-1427,PROD-112,EMP-1036,REG-03,Field Sales,9,12048.12,0.02,106264.42,57385.07,48879.35,97763.27,Completed
ORD-HG-12827,2023-12-12,2023-12,CUST-1289,PROD-108,EMP-1023,REG-02,Direct Online,34,37123.63,0.03,1224337.32,569842.27,654495.05,1126390.33,Completed
ORD-HG-12828,2023-12-12,2023-12,CUST-1471,PROD-107,EMP-1032,REG-01,Enterprise Partner,43,15818.24,0.05,646175.1,333189.38,312985.72,594481.09,Completed
ORD-HG-12829,2023-12-12,2023-12,CUST-1437,PROD-107,EMP-1041,REG-01,Enterprise Partner,23,29441.61,0.03,656842.32,344305.73,312536.59,604294.93,Completed
ORD-HG-12830,2023-12-12,2023-12,CUST-1139,PROD-114,EMP-1029,REG-03,Retail Store,9,38156.17,0.04,329669.31,173853.49,155815.82,303295.77,Completed
ORD-HG-12831,2023-12-12,2023-12,CUST-1492,PROD-102,EMP-1002,REG-02,Retail Store,29,43890.36,0.02,1247364.03,684438.21,562925.82,1147574.91,Completed
ORD-HG-12832,2023-12-12,2023-12,CUST-1222,PROD-123,EMP-1011,REG-03,Enterprise Partner,41,6750.24,0.02,271224.64,140579.01,130645.63,249526.67,Completed
ORD-HG-12833,2023-12-12,2023-12,CUST-1405,PROD-107,EMP-1009,REG-01,Field Sales,40,26590.33,0.04,1021068.67,421096.86,599971.81,939383.18,Completed
ORD-HG-12834,2023-12-12,2023-12,CUST-1451,PROD-102,EMP-1043,REG-05,Retail Store,17,30286.54,0.05,489127.62,266525.69,222601.93,449997.41,Completed
ORD-HG-12835,2023-12-13,2023-12,CUST-1060,PROD-123,EMP-1028,REG-04,Field Sales,37,37683.19,0.02,1366392.47,609142.44,757250.03,1257081.07,Completed
ORD-HG-12836,2023-12-13,2023-12,CUST-1354,PROD-111,EMP-1048,REG-02,Retail Store,9,25821.05,0.02,227741.66,109172.01,118569.65,209522.33,Completed
ORD-HG-12837,2023-12-13,2023-12,CUST-1151,PROD-108,EMP-1037,REG-01,Retail Store,10,41741.16,0.04,400715.14,185894.5,214820.64,368657.93,Completed
ORD-HG-12838,2023-12-13,2023-12,CUST-1373,PROD-111,EMP-1031,REG-04,Enterprise Partner,5,10831.71,0.01,53616.96,28999.45,24617.51,49327.6,Completed
ORD-HG-12839,2023-12-13,2023-12,CUST-1084,PROD-112,EMP-1049,REG-01,Retail Store,12,43655.18,0.01,518623.54,269794.32,248829.22,477133.66,Completed
ORD-HG-12840,2023-12-14,2023-12,CUST-1298,PROD-103,EMP-1032,REG-02,Retail Store,12,31411.28,0.02,369396.65,176444.9,192951.75,339844.92,Completed
ORD-HG-12841,2023-12-14,2023-12,CUST-1381,PROD-111,EMP-1026,REG-04,Enterprise Partner,39,32942.81,0.02,1259074.2,615542.05,643532.15,1158348.26,Completed
ORD-HG-12842,2023-12-14,2023-12,CUST-1151,PROD-109,EMP-1024,REG-03,Enterprise Partner,40,9346.86,0.01,370135.66,197984.36,172151.3,340524.81,Completed
ORD-HG-12843,2023-12-14,2023-12,CUST-1167,PROD-115,EMP-1026,REG-05,Retail Store,23,13897.82,0.03,310060.36,139512.53,170547.83,285255.53,Completed
ORD-HG-12844,2023-12-14,2023-12,CUST-1324,PROD-101,EMP-1032,REG-04,Retail Store,34,19096.29,0.03,629795.64,258343.83,371451.81,579411.99,Completed
ORD-HG-12845,2023-12-14,2023-12,CUST-1169,PROD-117,EMP-1008,REG-05,Field Sales,9,31766.19,0.0,285895.71,116856.96,169038.75,263024.05,Completed
ORD-HG-12846,2023-12-14,2023-12,CUST-1376,PROD-117,EMP-1042,REG-01,Retail Store,18,38809.55,0.01,691586.18,364081.37,327504.81,636259.29,Completed
ORD-HG-12847,2023-12-14,2023-12,CUST-1153,PROD-105,EMP-1048,REG-03,Direct Online,6,35669.39,0.02,209736.01,85744.65,123991.36,192957.13,Completed
ORD-HG-12848,2023-12-14,2023-12,CUST-1272,PROD-117,EMP-1001,REG-01,Field Sales,16,21834.76,0.05,331888.35,156055.67,175832.68,305337.28,Completed
ORD-HG-12849,2023-12-14,2023-12,CUST-1449,PROD-114,EMP-1013,REG-05,Retail Store,22,41043.86,0.01,893935.27,367435.6,526499.67,822420.45,Completed
ORD-HG-12850,2023-12-14,2023-12,CUST-1462,PROD-119,EMP-1028,REG-04,Retail Store,25,25747.0,0.05,611491.25,324058.67,287432.58,562571.95,Completed
ORD-HG-12851,2023-12-15,2023-12,CUST-1362,PROD-106,EMP-1023,REG-04,Enterprise Partner,34,39555.46,0.04,1291090.21,560169.78,730920.43,1187802.99,Completed
ORD-HG-12852,2023-12-15,2023-12,CUST-1345,PROD-108,EMP-1026,REG-01,Direct Online,21,23537.9,0.01,489352.94,243652.43,245700.51,450204.7,Completed
ORD-HG-12853,2023-12-15,2023-12,CUST-1066,PROD-110,EMP-1031,REG-04,Retail Store,19,9877.09,0.01,185788.06,85259.5,100528.56,170925.02,Completed
ORD-HG-12854,2023-12-15,2023-12,CUST-1001,PROD-115,EMP-1023,REG-05,Retail Store,40,42187.94,0.01,1670642.42,878532.36,792110.06,1536991.03,Completed
ORD-HG-12855,2023-12-15,2023-12,CUST-1013,PROD-118,EMP-1035,REG-04,Field Sales,10,22825.08,0.04,219120.77,109014.3,110106.47,201591.11,Completed
ORD-HG-12856,2023-12-15,2023-12,CUST-1161,PROD-103,EMP-1014,REG-01,Direct Online,8,22084.52,0.05,167842.35,73019.14,94823.21,154414.96,Completed
ORD-HG-12857,2023-12-15,2023-12,CUST-1417,PROD-111,EMP-1037,REG-04,Field Sales,41,30904.86,0.0,1267099.26,681041.18,586058.08,1165731.32,Completed
ORD-HG-12858,2023-12-15,2023-12,CUST-1197,PROD-117,EMP-1046,REG-03,Retail Store,9,16904.75,0.04,146057.04,61870.02,84187.02,134372.48,Completed
ORD-HG-12859,2023-12-15,2023-12,CUST-1489,PROD-117,EMP-1002,REG-01,Enterprise Partner,43,28565.6,0.01,1216037.59,634697.59,581340.0,1118754.58,Completed
ORD-HG-12860,2023-12-15,2023-12,CUST-1314,PROD-109,EMP-1034,REG-05,Retail Store,33,11390.78,0.01,372136.78,173161.02,198975.76,342365.84,Completed
ORD-HG-12861,2023-12-15,2023-12,CUST-1298,PROD-107,EMP-1035,REG-04,Direct Online,21,33492.02,0.03,682232.45,339677.44,342555.01,627653.85,Completed
ORD-HG-12862,2023-12-15,2023-12,CUST-1104,PROD-108,EMP-1049,REG-05,Retail Store,5,15380.38,0.02,75363.86,34775.46,40588.4,69334.75,Completed
ORD-HG-12863,2023-12-16,2023-12,CUST-1421,PROD-124,EMP-1020,REG-01,Direct Online,6,39807.83,0.04,229293.1,106543.21,122749.89,210949.65,Completed
ORD-HG-12864,2023-12-16,2023-12,CUST-1466,PROD-114,EMP-1017,REG-04,Direct Online,5,23778.78,0.02,116516.02,58935.64,57580.38,107194.74,Completed
ORD-HG-12865,2023-12-16,2023-12,CUST-1063,PROD-115,EMP-1012,REG-03,Enterprise Partner,30,42363.79,0.03,1232786.29,676196.53,556589.76,1134163.39,Completed
ORD-HG-12866,2023-12-16,2023-12,CUST-1071,PROD-117,EMP-1012,REG-02,Enterprise Partner,17,6700.83,0.01,112774.97,52237.48,60537.49,103752.97,Completed
ORD-HG-12867,2023-12-16,2023-12,CUST-1013,PROD-114,EMP-1020,REG-02,Retail Store,33,26405.42,0.0,871378.86,462085.08,409293.78,801668.55,Completed
ORD-HG-12868,2023-12-16,2023-12,CUST-1345,PROD-113,EMP-1007,REG-03,Retail Store,16,26241.45,0.03,407267.3,166534.22,240733.08,374685.92,Completed
ORD-HG-12869,2023-12-16,2023-12,CUST-1252,PROD-113,EMP-1004,REG-05,Enterprise Partner,36,6741.99,0.01,240284.52,115611.87,124672.65,221061.76,Completed
ORD-HG-12870,2023-12-16,2023-12,CUST-1135,PROD-114,EMP-1043,REG-05,Enterprise Partner,12,14119.33,0.04,162654.68,67117.98,95536.7,149642.31,Completed
ORD-HG-12871,2023-12-16,2023-12,CUST-1232,PROD-115,EMP-1027,REG-04,Field Sales,24,17867.4,0.02,420241.25,186682.61,233558.64,386621.95,Completed
ORD-HG-12872,2023-12-16,2023-12,CUST-1122,PROD-103,EMP-1037,REG-04,Field Sales,34,5945.32,0.02,198098.06,85800.5,112297.56,182250.22,Completed
ORD-HG-12873,2023-12-17,2023-12,CUST-1066,PROD-113,EMP-1002,REG-05,Enterprise Partner,15,18558.68,0.02,272812.6,109719.39,163093.21,250987.59,Completed
ORD-HG-12874,2023-12-17,2023-12,CUST-1223,PROD-115,EMP-1023,REG-05,Enterprise Partner,35,37472.23,0.02,1285297.49,557649.34,727648.15,1182473.69,Completed
ORD-HG-12875,2023-12-17,2023-12,CUST-1148,PROD-118,EMP-1009,REG-01,Retail Store,36,6972.35,0.0,251004.6,111074.4,139930.2,230924.23,Completed
ORD-HG-12876,2023-12-17,2023-12,CUST-1002,PROD-120,EMP-1008,REG-03,Direct Online,11,34152.74,0.05,356896.13,150644.93,206251.2,328344.44,Completed
ORD-HG-12877,2023-12-17,2023-12,CUST-1150,PROD-108,EMP-1048,REG-05,Direct Online,44,41026.35,0.02,1769056.21,969679.97,799376.24,1627531.71,Completed
ORD-HG-12878,2023-12-17,2023-12,CUST-1371,PROD-102,EMP-1014,REG-04,Retail Store,24,25188.07,0.02,592423.41,243921.81,348501.6,545029.54,Completed
ORD-HG-12879,2023-12-17,2023-12,CUST-1039,PROD-123,EMP-1003,REG-02,Retail Store,37,44534.73,0.04,1581873.61,809029.4,772844.21,1455323.72,Completed
ORD-HG-12880,2023-12-17,2023-12,CUST-1254,PROD-102,EMP-1023,REG-02,Field Sales,33,18644.75,0.02,602971.22,324409.52,278561.7,554733.52,Completed
ORD-HG-12881,2023-12-17,2023-12,CUST-1471,PROD-103,EMP-1042,REG-02,Retail Store,43,9068.28,0.03,378237.96,163605.73,214632.23,347978.92,Completed
ORD-HG-12882,2023-12-17,2023-12,CUST-1344,PROD-104,EMP-1032,REG-02,Enterprise Partner,24,13817.49,0.03,321671.17,176174.49,145496.68,295937.48,Completed
ORD-HG-12883,2023-12-17,2023-12,CUST-1416,PROD-110,EMP-1006,REG-03,Field Sales,41,24545.93,0.02,986255.47,426366.5,559888.97,907355.03,Completed
ORD-HG-12884,2023-12-17,2023-12,CUST-1398,PROD-120,EMP-1002,REG-04,Retail Store,24,44620.41,0.01,1060180.94,461232.26,598948.68,975366.46,Completed
ORD-HG-12885,2023-12-18,2023-12,CUST-1450,PROD-107,EMP-1036,REG-04,Direct Online,32,21288.11,0.02,667595.13,275339.06,392256.07,614187.52,Completed
ORD-HG-12886,2023-12-18,2023-12,CUST-1404,PROD-118,EMP-1022,REG-01,Field Sales,31,27504.04,0.01,844098.99,426679.78,417419.21,776571.07,Completed
ORD-HG-12887,2023-12-18,2023-12,CUST-1125,PROD-112,EMP-1049,REG-04,Direct Online,42,19562.53,0.04,788761.21,346998.3,441762.91,725660.31,Completed
ORD-HG-12888,2023-12-18,2023-12,CUST-1484,PROD-111,EMP-1007,REG-02,Direct Online,14,36112.93,0.02,495469.4,247092.96,248376.44,455831.85,Completed
ORD-HG-12889,2023-12-18,2023-12,CUST-1384,PROD-107,EMP-1047,REG-03,Direct Online,10,28753.9,0.02,281788.22,137043.83,144744.39,259245.16,Completed
ORD-HG-12890,2023-12-18,2023-12,CUST-1170,PROD-108,EMP-1008,REG-04,Direct Online,12,32152.87,0.02,378117.75,163825.32,214292.43,347868.33,Completed
ORD-HG-12891,2023-12-18,2023-12,CUST-1280,PROD-115,EMP-1047,REG-01,Enterprise Partner,30,40368.93,0.03,1174735.86,481615.79,693120.07,1080756.99,Completed
ORD-HG-12892,2023-12-18,2023-12,CUST-1165,PROD-119,EMP-1022,REG-04,Field Sales,27,38859.99,0.0,1049219.73,467823.81,581395.92,965282.15,Completed
ORD-HG-12893,2023-12-18,2023-12,CUST-1139,PROD-102,EMP-1046,REG-05,Enterprise Partner,42,21604.09,0.03,880150.63,372693.89,507456.74,809738.58,Completed
ORD-HG-12894,2023-12-19,2023-12,CUST-1171,PROD-117,EMP-1014,REG-03,Direct Online,11,11622.64,0.02,125292.06,59563.57,65728.49,115268.7,Completed
ORD-HG-12895,2023-12-19,2023-12,CUST-1449,PROD-106,EMP-1021,REG-01,Enterprise Partner,14,31103.66,0.03,422387.7,173022.29,249365.41,388596.68,Completed
ORD-HG-12896,2023-12-19,2023-12,CUST-1487,PROD-118,EMP-1010,REG-04,Direct Online,41,32095.28,0.01,1302747.42,603391.22,699356.2,1198527.63,Completed
ORD-HG-12897,2023-12-19,2023-12,CUST-1354,PROD-117,EMP-1036,REG-04,Retail Store,21,7315.96,0.04,147489.75,76801.62,70688.13,135690.57,Completed
ORD-HG-12898,2023-12-19,2023-12,CUST-1223,PROD-115,EMP-1031,REG-04,Direct Online,20,22304.08,0.04,428238.34,192589.71,235648.63,393979.27,Completed
ORD-HG-12899,2023-12-19,2023-12,CUST-1231,PROD-111,EMP-1002,REG-02,Direct Online,28,41155.43,0.05,1094734.44,514981.23,579753.21,1007155.68,Completed
ORD-HG-12900,2023-12-19,2023-12,CUST-1289,PROD-106,EMP-1044,REG-01,Enterprise Partner,33,32147.67,0.03,1029046.92,560231.25,468815.67,946723.17,Completed
ORD-HG-12901,2023-12-19,2023-12,CUST-1110,PROD-114,EMP-1045,REG-03,Field Sales,25,27982.86,0.05,664592.92,275517.65,389075.27,611425.49,Completed
ORD-HG-12902,2023-12-20,2023-12,CUST-1409,PROD-102,EMP-1013,REG-01,Retail Store,13,20438.07,0.04,255067.11,135233.08,119834.03,234661.74,Completed
ORD-HG-12903,2023-12-20,2023-12,CUST-1250,PROD-116,EMP-1006,REG-03,Field Sales,42,29967.26,0.01,1246038.67,616672.95,629365.72,1146355.58,Completed
ORD-HG-12904,2023-12-20,2023-12,CUST-1171,PROD-117,EMP-1010,REG-03,Direct Online,33,10684.91,0.01,349076.01,185697.16,163378.85,321149.93,Completed
ORD-HG-12905,2023-12-20,2023-12,CUST-1269,PROD-103,EMP-1011,REG-04,Enterprise Partner,12,40779.96,0.02,479572.33,226568.07,253004.26,441206.54,Completed
ORD-HG-12906,2023-12-20,2023-12,CUST-1015,PROD-102,EMP-1006,REG-04,Field Sales,30,26830.27,0.03,780760.86,351950.49,428810.37,718299.99,Completed
ORD-HG-12907,2023-12-20,2023-12,CUST-1051,PROD-119,EMP-1002,REG-04,Retail Store,10,28478.21,0.05,270542.99,132852.82,137690.17,248899.55,Completed
ORD-HG-12908,2023-12-20,2023-12,CUST-1073,PROD-124,EMP-1004,REG-01,Enterprise Partner,37,20099.47,0.04,713933.17,323069.13,390864.04,656818.52,Completed
ORD-HG-12909,2023-12-21,2023-12,CUST-1455,PROD-107,EMP-1041,REG-02,Field Sales,36,38820.21,0.05,1327651.18,553418.92,774232.26,1221439.09,Completed
ORD-HG-12910,2023-12-21,2023-12,CUST-1029,PROD-107,EMP-1002,REG-02,Field Sales,34,11353.42,0.02,378295.95,168443.14,209852.81,348032.27,Completed
ORD-HG-12911,2023-12-21,2023-12,CUST-1345,PROD-106,EMP-1018,REG-02,Retail Store,44,42086.18,0.05,1759202.32,805407.63,953794.69,1618466.13,Completed
ORD-HG-12912,2023-12-21,2023-12,CUST-1006,PROD-116,EMP-1010,REG-03,Direct Online,12,41525.64,0.04,478375.37,259036.73,219338.64,440105.34,Completed
ORD-HG-12913,2023-12-21,2023-12,CUST-1203,PROD-122,EMP-1044,REG-05,Retail Store,18,11403.42,0.04,197051.1,86078.05,110973.05,181287.01,Completed
ORD-HG-12914,2023-12-21,2023-12,CUST-1378,PROD-124,EMP-1025,REG-02,Retail Store,33,28174.38,0.02,911159.45,443051.86,468107.59,838266.69,Completed
ORD-HG-12915,2023-12-21,2023-12,CUST-1295,PROD-121,EMP-1010,REG-02,Retail Store,19,6839.5,0.01,128651.0,56593.17,72057.83,118358.92,Completed
ORD-HG-12916,2023-12-21,2023-12,CUST-1379,PROD-104,EMP-1001,REG-05,Enterprise Partner,43,18606.45,0.0,800077.35,437205.63,362871.72,736071.16,Completed
ORD-HG-12917,2023-12-22,2023-12,CUST-1193,PROD-105,EMP-1018,REG-03,Field Sales,6,33905.47,0.03,197329.84,93212.0,104117.84,181543.45,Completed
ORD-HG-12918,2023-12-22,2023-12,CUST-1232,PROD-110,EMP-1021,REG-02,Enterprise Partner,28,20068.78,0.01,556306.58,245934.87,310371.71,511802.05,Completed
ORD-HG-12919,2023-12-22,2023-12,CUST-1089,PROD-102,EMP-1047,REG-03,Direct Online,26,31664.83,0.0,823285.58,358733.57,464552.01,757422.73,Completed
ORD-HG-12920,2023-12-22,2023-12,CUST-1234,PROD-121,EMP-1045,REG-05,Enterprise Partner,24,26520.8,0.0,636499.2,316473.02,320026.18,585579.26,Completed
ORD-HG-12921,2023-12-22,2023-12,CUST-1243,PROD-109,EMP-1048,REG-04,Retail Store,12,39707.69,0.01,471727.36,244343.5,227383.86,433989.17,Completed
ORD-HG-12922,2023-12-22,2023-12,CUST-1342,PROD-103,EMP-1029,REG-01,Retail Store,30,9478.22,0.03,275816.2,126752.29,149063.91,253750.9,Completed
ORD-HG-12923,2023-12-23,2023-12,CUST-1101,PROD-101,EMP-1007,REG-05,Retail Store,16,5700.06,0.04,87552.92,39183.55,48369.37,80548.69,Completed
ORD-HG-12924,2023-12-23,2023-12,CUST-1423,PROD-108,EMP-1042,REG-03,Enterprise Partner,34,13683.69,0.0,465245.46,209467.27,255778.19,428025.82,Completed
ORD-HG-12925,2023-12-24,2023-12,CUST-1025,PROD-111,EMP-1004,REG-02,Direct Online,27,38005.32,0.01,1015882.2,510254.62,505627.58,934611.62,Completed
ORD-HG-12926,2023-12-24,2023-12,CUST-1007,PROD-107,EMP-1022,REG-01,Field Sales,35,11216.82,0.01,388662.81,189238.65,199424.16,357569.79,Completed
ORD-HG-12927,2023-12-24,2023-12,CUST-1290,PROD-113,EMP-1004,REG-01,Field Sales,25,14534.14,0.04,348819.36,162760.82,186058.54,320913.81,Completed
ORD-HG-12928,2023-12-24,2023-12,CUST-1422,PROD-117,EMP-1013,REG-03,Retail Store,7,29607.87,0.04,198964.89,82536.11,116428.78,183047.7,Completed
ORD-HG-12929,2023-12-24,2023-12,CUST-1220,PROD-124,EMP-1006,REG-05,Direct Online,12,10221.96,0.03,118983.61,50572.77,68410.84,109464.92,Completed
ORD-HG-12930,2023-12-24,2023-12,CUST-1346,PROD-123,EMP-1033,REG-03,Retail Store,32,35540.69,0.04,1091810.0,449866.76,641943.24,1004465.2,Completed
ORD-HG-12931,2023-12-24,2023-12,CUST-1231,PROD-117,EMP-1014,REG-03,Field Sales,30,25668.54,0.04,739253.95,318809.92,420444.03,680113.63,Completed
ORD-HG-12932,2023-12-24,2023-12,CUST-1279,PROD-106,EMP-1026,REG-01,Field Sales,19,17142.73,0.03,315940.51,145889.57,170050.94,290665.27,Completed
ORD-HG-12933,2023-12-25,2023-12,CUST-1118,PROD-103,EMP-1032,REG-04,Direct Online,42,36849.78,0.01,1532213.85,814179.05,718034.8,1409636.74,Completed
ORD-HG-12934,2023-12-25,2023-12,CUST-1063,PROD-108,EMP-1034,REG-03,Retail Store,32,23658.84,0.05,719228.74,292344.0,426884.74,661690.44,Completed
ORD-HG-12935,2023-12-25,2023-12,CUST-1467,PROD-109,EMP-1026,REG-03,Enterprise Partner,25,43234.23,0.03,1048430.08,566678.18,481751.9,964555.67,Completed
ORD-HG-12936,2023-12-25,2023-12,CUST-1173,PROD-124,EMP-1026,REG-03,Enterprise Partner,30,8743.44,0.05,249188.04,125247.11,123940.93,229253.0,Completed
ORD-HG-12937,2023-12-25,2023-12,CUST-1386,PROD-120,EMP-1036,REG-05,Direct Online,8,42474.52,0.03,329602.28,138816.02,190786.26,303234.1,Completed
ORD-HG-12938,2023-12-25,2023-12,CUST-1018,PROD-120,EMP-1012,REG-02,Retail Store,23,13314.01,0.02,300097.79,137947.51,162150.28,276089.97,Completed
ORD-HG-12939,2023-12-25,2023-12,CUST-1225,PROD-106,EMP-1002,REG-01,Retail Store,42,27821.07,0.03,1133430.39,618897.28,514533.11,1042755.96,Completed
ORD-HG-12940,2023-12-25,2023-12,CUST-1291,PROD-122,EMP-1001,REG-04,Direct Online,31,13875.38,0.02,421534.04,225737.52,195796.52,387811.32,Completed
ORD-HG-12941,2023-12-26,2023-12,CUST-1310,PROD-109,EMP-1001,REG-05,Field Sales,25,19077.44,0.0,476936.0,261383.85,215552.15,438781.12,Completed
ORD-HG-12942,2023-12-26,2023-12,CUST-1208,PROD-106,EMP-1010,REG-05,Enterprise Partner,25,10350.6,0.04,248414.4,124249.79,124164.61,228541.25,Completed
ORD-HG-12943,2023-12-26,2023-12,CUST-1066,PROD-123,EMP-1013,REG-03,Field Sales,37,41660.69,0.03,1495202.16,683447.85,811754.31,1375585.99,Completed
ORD-HG-12944,2023-12-26,2023-12,CUST-1120,PROD-118,EMP-1013,REG-03,Enterprise Partner,19,30599.76,0.01,575581.49,256188.67,319392.82,529534.97,Completed
ORD-HG-12945,2023-12-26,2023-12,CUST-1263,PROD-112,EMP-1026,REG-02,Retail Store,36,31892.12,0.01,1136635.16,618961.36,517673.8,1045704.35,Completed
ORD-HG-12946,2023-12-26,2023-12,CUST-1120,PROD-120,EMP-1004,REG-03,Enterprise Partner,27,32037.53,0.05,821762.64,359141.04,462621.6,756021.63,Completed
ORD-HG-12947,2023-12-26,2023-12,CUST-1240,PROD-106,EMP-1018,REG-02,Field Sales,27,30184.97,0.05,774244.48,347009.35,427235.13,712304.92,Completed
ORD-HG-12948,2023-12-26,2023-12,CUST-1299,PROD-117,EMP-1022,REG-01,Field Sales,37,9125.39,0.0,337639.43,165146.12,172493.31,310628.28,Completed
ORD-HG-12949,2023-12-26,2023-12,CUST-1422,PROD-118,EMP-1045,REG-02,Enterprise Partner,34,13860.92,0.03,457133.14,218452.14,238681.0,420562.49,Completed
ORD-HG-12950,2023-12-26,2023-12,CUST-1191,PROD-116,EMP-1014,REG-02,Retail Store,20,43623.37,0.02,855018.05,434254.53,420763.52,786616.61,Completed
ORD-HG-12951,2023-12-26,2023-12,CUST-1321,PROD-104,EMP-1032,REG-01,Field Sales,22,28299.47,0.04,597684.81,241228.74,356456.07,549870.03,Completed
ORD-HG-12952,2023-12-27,2023-12,CUST-1370,PROD-102,EMP-1028,REG-04,Field Sales,37,19792.38,0.0,732318.06,309543.9,422774.16,673732.62,Completed
ORD-HG-12953,2023-12-27,2023-12,CUST-1319,PROD-115,EMP-1029,REG-03,Direct Online,43,16072.69,0.02,677303.16,320702.78,356600.38,623118.91,Completed
ORD-HG-12954,2023-12-27,2023-12,CUST-1192,PROD-103,EMP-1048,REG-05,Retail Store,26,9565.73,0.0,248708.98,126018.89,122690.09,228812.26,Completed
ORD-HG-12955,2023-12-27,2023-12,CUST-1462,PROD-122,EMP-1048,REG-02,Enterprise Partner,12,34911.12,0.01,414744.11,206335.05,208409.06,381564.58,Completed
ORD-HG-12956,2023-12-27,2023-12,CUST-1205,PROD-106,EMP-1030,REG-03,Retail Store,34,9797.08,0.05,316445.68,138931.34,177514.34,291130.03,Completed
ORD-HG-12957,2023-12-27,2023-12,CUST-1042,PROD-102,EMP-1004,REG-02,Retail Store,43,29634.88,0.0,1274299.84,570180.71,704119.13,1172355.85,Completed
ORD-HG-12958,2023-12-27,2023-12,CUST-1035,PROD-104,EMP-1012,REG-01,Retail Store,20,13362.3,0.03,259228.62,141464.51,117764.11,238490.33,Completed
ORD-HG-12959,2023-12-27,2023-12,CUST-1402,PROD-102,EMP-1009,REG-04,Enterprise Partner,34,15599.63,0.01,525083.55,220891.79,304191.76,483076.87,Completed
ORD-HG-12960,2023-12-27,2023-12,CUST-1004,PROD-113,EMP-1016,REG-05,Retail Store,44,13476.19,0.03,575163.79,252894.1,322269.69,529150.69,Completed
ORD-HG-12961,2023-12-28,2023-12,CUST-1224,PROD-103,EMP-1012,REG-05,Retail Store,37,31016.13,0.03,1113168.91,539177.25,573991.66,1024115.4,Completed
ORD-HG-12962,2023-12-28,2023-12,CUST-1360,PROD-118,EMP-1014,REG-03,Retail Store,15,6100.82,0.01,90597.18,39142.71,51454.47,83349.41,Completed
ORD-HG-12963,2023-12-28,2023-12,CUST-1336,PROD-121,EMP-1018,REG-01,Retail Store,19,14973.64,0.02,278809.18,139574.84,139234.34,256504.45,Completed
ORD-HG-12964,2023-12-28,2023-12,CUST-1422,PROD-117,EMP-1005,REG-01,Enterprise Partner,15,15645.2,0.02,229984.44,123881.25,106103.19,211585.68,Completed
ORD-HG-12965,2023-12-28,2023-12,CUST-1430,PROD-109,EMP-1041,REG-01,Direct Online,15,36590.76,0.01,543372.79,275870.68,267502.11,499902.97,Completed
ORD-HG-12966,2023-12-28,2023-12,CUST-1145,PROD-108,EMP-1023,REG-02,Enterprise Partner,10,17777.39,0.02,174218.42,83517.7,90700.72,160280.95,Completed
ORD-HG-12967,2023-12-28,2023-12,CUST-1299,PROD-123,EMP-1024,REG-02,Retail Store,29,26540.27,0.02,754274.47,315353.36,438921.11,693932.51,Completed
ORD-HG-12968,2023-12-28,2023-12,CUST-1394,PROD-108,EMP-1022,REG-05,Retail Store,42,8467.86,0.03,344980.62,141635.77,203344.85,317382.17,Completed
ORD-HG-12969,2023-12-28,2023-12,CUST-1493,PROD-109,EMP-1020,REG-05,Field Sales,29,19155.4,0.01,549951.53,239041.61,310909.92,505955.41,Completed
ORD-HG-12970,2023-12-29,2023-12,CUST-1177,PROD-114,EMP-1022,REG-02,Field Sales,43,37887.66,0.04,1564002.6,834049.63,729952.97,1438882.39,Completed
ORD-HG-12971,2023-12-29,2023-12,CUST-1344,PROD-107,EMP-1045,REG-04,Retail Store,41,39274.81,0.03,1561959.19,632066.78,929892.41,1437002.45,Completed
ORD-HG-12972,2023-12-29,2023-12,CUST-1195,PROD-104,EMP-1013,REG-05,Retail Store,31,13031.24,0.02,395889.07,162052.53,233836.54,364217.94,Completed
ORD-HG-12973,2023-12-29,2023-12,CUST-1395,PROD-103,EMP-1046,REG-03,Field Sales,35,20656.22,0.03,701278.67,326702.24,374576.43,645176.38,Completed
ORD-HG-12974,2023-12-29,2023-12,CUST-1063,PROD-121,EMP-1044,REG-05,Retail Store,14,10074.81,0.04,135405.45,56839.69,78565.76,124573.01,Completed
ORD-HG-12975,2023-12-29,2023-12,CUST-1082,PROD-103,EMP-1042,REG-04,Field Sales,39,20389.4,0.02,779282.87,401496.6,377786.27,716940.24,Completed
ORD-HG-12976,2023-12-29,2023-12,CUST-1403,PROD-119,EMP-1012,REG-05,Retail Store,43,34733.39,0.03,1448729.7,675061.45,773668.25,1332831.32,Completed
ORD-HG-12977,2023-12-29,2023-12,CUST-1162,PROD-110,EMP-1044,REG-03,Retail Store,22,7757.54,0.0,170665.88,78346.5,92319.38,157012.61,Completed
ORD-HG-12978,2023-12-29,2023-12,CUST-1463,PROD-107,EMP-1028,REG-03,Retail Store,33,21051.0,0.01,687736.17,355016.63,332719.54,632717.28,Completed
ORD-HG-12979,2023-12-29,2023-12,CUST-1069,PROD-110,EMP-1036,REG-05,Retail Store,23,11555.54,0.02,260461.87,132092.35,128369.52,239624.92,Completed
ORD-HG-12980,2023-12-29,2023-12,CUST-1273,PROD-111,EMP-1008,REG-02,Direct Online,20,23087.56,0.03,447898.66,180750.07,267148.59,412066.77,Completed
ORD-HG-12981,2023-12-29,2023-12,CUST-1339,PROD-105,EMP-1036,REG-03,Direct Online,7,30809.28,0.01,213508.31,111645.06,101863.25,196427.65,Completed
ORD-HG-12982,2023-12-29,2023-12,CUST-1453,PROD-119,EMP-1036,REG-05,Enterprise Partner,29,33229.35,0.04,925105.1,386936.41,538168.69,851096.69,Completed
ORD-HG-12983,2023-12-29,2023-12,CUST-1361,PROD-104,EMP-1026,REG-02,Field Sales,6,9222.41,0.0,55334.46,26435.92,28898.54,50907.7,Completed
ORD-HG-12984,2023-12-30,2023-12,CUST-1090,PROD-114,EMP-1039,REG-01,Enterprise Partner,5,19795.51,0.04,95018.45,49637.32,45381.13,87416.97,Completed
ORD-HG-12985,2023-12-30,2023-12,CUST-1178,PROD-122,EMP-1048,REG-03,Direct Online,16,16414.88,0.04,252132.56,123799.84,128332.72,231961.96,Completed
ORD-HG-12986,2023-12-30,2023-12,CUST-1376,PROD-112,EMP-1003,REG-04,Field Sales,33,31093.36,0.04,985037.64,455650.98,529386.66,906234.63,Completed
ORD-HG-12987,2023-12-30,2023-12,CUST-1432,PROD-104,EMP-1008,REG-03,Field Sales,13,34783.6,0.03,438621.2,211293.17,227328.03,403531.5,Completed
ORD-HG-12988,2023-12-30,2023-12,CUST-1158,PROD-119,EMP-1039,REG-02,Field Sales,37,14654.43,0.04,520525.35,271999.64,248525.71,478883.32,Completed
ORD-HG-12989,2023-12-30,2023-12,CUST-1484,PROD-121,EMP-1038,REG-01,Field Sales,33,32710.11,0.04,1036256.28,458963.14,577293.14,953355.78,Completed
ORD-HG-12990,2023-12-31,2023-12,CUST-1456,PROD-112,EMP-1011,REG-01,Retail Store,23,19574.86,0.04,432212.91,223103.51,209109.4,397635.88,Completed
ORD-HG-12991,2023-12-31,2023-12,CUST-1470,PROD-101,EMP-1046,REG-04,Retail Store,17,17550.76,0.0,298362.92,143924.78,154438.14,274493.89,Completed
ORD-HG-12992,2023-12-31,2023-12,CUST-1359,PROD-105,EMP-1032,REG-02,Retail Store,33,14971.27,0.01,489111.39,243548.58,245562.81,449982.48,Completed
ORD-HG-12993,2023-12-31,2023-12,CUST-1272,PROD-124,EMP-1023,REG-02,Field Sales,34,21215.72,0.02,706907.79,342141.25,364766.54,650355.17,Completed
ORD-HG-12994,2023-12-31,2023-12,CUST-1080,PROD-122,EMP-1045,REG-01,Retail Store,21,19167.22,0.02,394461.39,185170.57,209290.82,362904.48,Completed
ORD-HG-12995,2023-12-31,2023-12,CUST-1191,PROD-118,EMP-1022,REG-05,Field Sales,5,33122.51,0.01,163956.42,71640.08,92316.34,150839.91,Completed
ORD-HG-12996,2023-12-31,2023-12,CUST-1101,PROD-117,EMP-1028,REG-04,Retail Store,10,12298.49,0.04,118065.5,58057.92,60007.58,108620.26,Completed
ORD-HG-12997,2023-12-31,2023-12,CUST-1263,PROD-120,EMP-1034,REG-02,Retail Store,12,12215.17,0.0,146582.04,64518.48,82063.56,134855.48,Completed
ORD-HG-12998,2024-01-01,2024-01,CUST-1432,PROD-105,EMP-1017,REG-05,Enterprise Partner,18,5132.11,0.01,91454.2,38186.69,53267.51,84137.86,Completed
ORD-HG-12999,2024-01-01,2024-01,CUST-1231,PROD-106,EMP-1002,REG-04,Retail Store,40,44780.84,0.02,1755408.93,717642.2,1037766.73,1614976.22,Completed
ORD-HG-13000,2024-01-01,2024-01,CUST-1341,PROD-105,EMP-1004,REG-05,Direct Online,10,44994.87,0.0,449948.7,187142.17,262806.53,413952.8,Completed
ORD-HG-13001,2024-01-01,2024-01,CUST-1282,PROD-117,EMP-1018,REG-05,Field Sales,6,7279.01,0.02,42800.58,23290.28,19510.3,39376.53,Completed
ORD-HG-13002,2024-01-01,2024-01,CUST-1248,PROD-103,EMP-1001,REG-03,Field Sales,21,7426.33,0.01,154393.4,64970.45,89422.95,142041.93,Completed
ORD-HG-13003,2024-01-01,2024-01,CUST-1070,PROD-116,EMP-1038,REG-01,Field Sales,29,9212.13,0.03,259137.22,133088.78,126048.44,238406.24,Completed
ORD-HG-13004,2024-01-01,2024-01,CUST-1373,PROD-115,EMP-1011,REG-04,Field Sales,28,25903.19,0.05,689024.85,317792.68,371232.17,633902.86,Completed
ORD-HG-13005,2024-01-01,2024-01,CUST-1419,PROD-103,EMP-1024,REG-01,Direct Online,15,15709.04,0.03,228566.53,124265.6,104300.93,210281.21,Completed
ORD-HG-13006,2024-01-01,2024-01,CUST-1301,PROD-110,EMP-1029,REG-04,Field Sales,29,6774.49,0.05,186637.2,95854.82,90782.38,171706.22,Completed
ORD-HG-13007,2024-01-02,2024-01,CUST-1210,PROD-121,EMP-1021,REG-04,Enterprise Partner,29,28182.21,0.02,800938.41,429781.2,371157.21,736863.34,Completed
ORD-HG-13008,2024-01-02,2024-01,CUST-1209,PROD-110,EMP-1013,REG-02,Enterprise Partner,21,10014.78,0.04,201897.96,102205.88,99692.08,185746.12,Completed
ORD-HG-13009,2024-01-02,2024-01,CUST-1394,PROD-112,EMP-1042,REG-04,Enterprise Partner,12,12779.81,0.02,150290.57,82539.99,67750.58,138267.32,Completed
ORD-HG-13010,2024-01-02,2024-01,CUST-1404,PROD-117,EMP-1042,REG-01,Enterprise Partner,37,20362.63,0.04,723280.62,321361.29,401919.33,665418.17,Completed
ORD-HG-13011,2024-01-02,2024-01,CUST-1145,PROD-101,EMP-1032,REG-04,Direct Online,35,35094.98,0.02,1203757.81,495446.73,708311.08,1107457.19,Completed
ORD-HG-13012,2024-01-02,2024-01,CUST-1239,PROD-104,EMP-1024,REG-02,Retail Store,26,6944.82,0.02,176954.01,82174.48,94779.53,162797.69,Completed
ORD-HG-13013,2024-01-02,2024-01,CUST-1464,PROD-103,EMP-1001,REG-01,Enterprise Partner,34,9273.89,0.0,315312.26,159198.11,156114.15,290087.28,Completed
ORD-HG-13014,2024-01-02,2024-01,CUST-1061,PROD-114,EMP-1016,REG-04,Direct Online,29,28059.45,0.03,789312.33,427875.39,361436.94,726167.34,Completed
ORD-HG-13015,2024-01-03,2024-01,CUST-1219,PROD-123,EMP-1020,REG-03,Enterprise Partner,15,34968.11,0.04,503540.78,239738.42,263802.36,463257.52,Completed
ORD-HG-13016,2024-01-03,2024-01,CUST-1421,PROD-117,EMP-1047,REG-02,Direct Online,15,33958.57,0.03,494097.19,207223.17,286874.02,454569.41,Completed
ORD-HG-13017,2024-01-03,2024-01,CUST-1045,PROD-122,EMP-1006,REG-04,Enterprise Partner,38,39520.73,0.02,1471751.99,696647.67,775104.32,1354011.83,Completed
ORD-HG-13018,2024-01-03,2024-01,CUST-1031,PROD-107,EMP-1048,REG-04,Field Sales,25,16222.02,0.01,401495.0,160951.67,240543.33,369375.4,Completed
ORD-HG-13019,2024-01-03,2024-01,CUST-1021,PROD-116,EMP-1011,REG-02,Direct Online,31,5050.74,0.01,155007.21,74273.91,80733.3,142606.63,Completed
ORD-HG-13020,2024-01-03,2024-01,CUST-1358,PROD-104,EMP-1037,REG-03,Direct Online,27,18045.47,0.02,477483.14,226896.18,250586.96,439284.49,Completed
ORD-HG-13021,2024-01-03,2024-01,CUST-1255,PROD-107,EMP-1035,REG-02,Retail Store,34,14136.75,0.01,475843.0,200391.08,275451.92,437775.56,Completed
ORD-HG-13022,2024-01-03,2024-01,CUST-1090,PROD-121,EMP-1035,REG-01,Field Sales,14,23914.66,0.01,331457.19,164587.68,166869.51,304940.61,Completed
ORD-HG-13023,2024-01-03,2024-01,CUST-1122,PROD-113,EMP-1032,REG-05,Retail Store,33,28504.61,0.05,893619.52,468496.36,425123.16,822129.96,Completed
ORD-HG-13024,2024-01-04,2024-01,CUST-1460,PROD-108,EMP-1021,REG-01,Direct Online,20,18828.26,0.01,372799.55,157545.82,215253.73,342975.59,Completed
ORD-HG-13025,2024-01-04,2024-01,CUST-1292,PROD-123,EMP-1036,REG-01,Field Sales,33,44107.31,0.03,1411874.99,586908.12,824966.87,1298924.99,Completed
ORD-HG-13026,2024-01-04,2024-01,CUST-1246,PROD-110,EMP-1008,REG-01,Enterprise Partner,34,31396.2,0.01,1056796.09,532980.17,523815.92,972252.4,Completed
ORD-HG-13027,2024-01-04,2024-01,CUST-1399,PROD-120,EMP-1033,REG-05,Enterprise Partner,39,27926.72,0.01,1078250.66,536925.75,541324.91,991990.61,Completed
ORD-HG-13028,2024-01-04,2024-01,CUST-1069,PROD-102,EMP-1024,REG-01,Field Sales,6,44101.98,0.05,251381.29,137782.98,113598.31,231270.79,Completed
ORD-HG-13029,2024-01-04,2024-01,CUST-1375,PROD-111,EMP-1033,REG-03,Enterprise Partner,16,14385.96,0.02,225571.85,104937.4,120634.45,207526.1,Completed
ORD-HG-13030,2024-01-04,2024-01,CUST-1425,PROD-101,EMP-1049,REG-03,Retail Store,25,10048.18,0.02,246180.41,114857.02,131323.39,226485.98,Completed
ORD-HG-13031,2024-01-04,2024-01,CUST-1018,PROD-119,EMP-1030,REG-03,Retail Store,19,22090.32,0.01,415518.92,188474.39,227044.53,382277.41,Completed
ORD-HG-13032,2024-01-04,2024-01,CUST-1431,PROD-115,EMP-1037,REG-02,Direct Online,28,18661.07,0.02,512059.76,223748.69,288311.07,471094.98,Completed
ORD-HG-13033,2024-01-05,2024-01,CUST-1360,PROD-115,EMP-1009,REG-02,Enterprise Partner,11,43598.63,0.01,474789.08,229919.81,244869.27,436805.95,Completed
ORD-HG-13034,2024-01-05,2024-01,CUST-1465,PROD-116,EMP-1046,REG-04,Field Sales,24,28677.05,0.03,667601.72,362201.98,305399.74,614193.58,Completed
ORD-HG-13035,2024-01-05,2024-01,CUST-1101,PROD-104,EMP-1033,REG-01,Enterprise Partner,30,5724.91,0.0,171747.3,91074.36,80672.94,158007.52,Completed
ORD-HG-13036,2024-01-05,2024-01,CUST-1246,PROD-123,EMP-1040,REG-01,Enterprise Partner,40,6514.7,0.03,252770.36,131996.89,120773.47,232548.73,Completed
ORD-HG-13037,2024-01-05,2024-01,CUST-1028,PROD-116,EMP-1005,REG-05,Field Sales,20,5739.03,0.01,113632.79,48530.8,65101.99,104542.17,Completed
ORD-HG-13038,2024-01-05,2024-01,CUST-1422,PROD-108,EMP-1025,REG-01,Enterprise Partner,19,17180.71,0.02,319904.82,156896.74,163008.08,294312.43,Completed
ORD-HG-13039,2024-01-05,2024-01,CUST-1187,PROD-102,EMP-1035,REG-03,Direct Online,21,14556.92,0.01,302638.37,163283.1,139355.27,278427.3,Completed
ORD-HG-13040,2024-01-05,2024-01,CUST-1027,PROD-115,EMP-1027,REG-05,Field Sales,11,34574.61,0.04,365107.88,155498.37,209609.51,335899.25,Completed
ORD-HG-13041,2024-01-05,2024-01,CUST-1195,PROD-116,EMP-1011,REG-01,Field Sales,10,40815.57,0.02,399992.59,182206.92,217785.67,367993.18,Completed
ORD-HG-13042,2024-01-06,2024-01,CUST-1377,PROD-115,EMP-1007,REG-01,Enterprise Partner,43,29592.4,0.04,1221574.27,499043.55,722530.72,1123848.33,Completed
ORD-HG-13043,2024-01-06,2024-01,CUST-1108,PROD-121,EMP-1044,REG-02,Direct Online,8,5616.09,0.02,44030.15,21800.47,22229.68,40507.74,Completed
ORD-HG-13044,2024-01-06,2024-01,CUST-1151,PROD-116,EMP-1023,REG-03,Enterprise Partner,30,41144.26,0.04,1184954.69,495633.91,689320.78,1090158.31,Completed
ORD-HG-13045,2024-01-06,2024-01,CUST-1391,PROD-108,EMP-1035,REG-05,Direct Online,14,29614.11,0.01,410451.56,192965.26,217486.3,377615.44,Completed
ORD-HG-13046,2024-01-06,2024-01,CUST-1225,PROD-123,EMP-1017,REG-05,Direct Online,23,29181.45,0.01,664461.62,292347.52,372114.1,611304.69,Completed
ORD-HG-13047,2024-01-06,2024-01,CUST-1268,PROD-115,EMP-1029,REG-05,Retail Store,20,15651.55,0.02,306770.38,140997.34,165773.04,282228.75,Completed
ORD-HG-13048,2024-01-06,2024-01,CUST-1368,PROD-118,EMP-1004,REG-01,Field Sales,41,27379.35,0.03,1088876.75,528740.57,560136.18,1001766.61,Completed
ORD-HG-13049,2024-01-06,2024-01,CUST-1387,PROD-123,EMP-1018,REG-01,Enterprise Partner,19,44412.08,0.02,826952.93,385024.46,441928.47,760796.7,Completed
ORD-HG-13050,2024-01-06,2024-01,CUST-1263,PROD-105,EMP-1012,REG-04,Retail Store,16,10923.7,0.03,169535.82,85554.87,83980.95,155972.95,Completed
ORD-HG-13051,2024-01-06,2024-01,CUST-1112,PROD-120,EMP-1035,REG-02,Field Sales,16,14939.47,0.0,239031.52,109292.08,129739.44,219909.0,Completed
ORD-HG-13052,2024-01-06,2024-01,CUST-1194,PROD-105,EMP-1036,REG-04,Field Sales,33,14575.59,0.0,480994.47,252546.97,228447.5,442514.91,Completed
ORD-HG-13053,2024-01-07,2024-01,CUST-1059,PROD-118,EMP-1035,REG-05,Enterprise Partner,25,25041.35,0.05,594732.06,288919.57,305812.49,547153.5,Completed
ORD-HG-13054,2024-01-07,2024-01,CUST-1376,PROD-108,EMP-1030,REG-02,Field Sales,30,25227.92,0.01,749269.22,334996.29,414272.93,689327.68,Completed
ORD-HG-13055,2024-01-07,2024-01,CUST-1482,PROD-105,EMP-1043,REG-01,Direct Online,38,12357.97,0.04,450818.75,217093.58,233725.17,414753.25,Completed
ORD-HG-13056,2024-01-07,2024-01,CUST-1414,PROD-108,EMP-1011,REG-01,Field Sales,30,34699.23,0.03,1009747.59,493127.73,516619.86,928967.78,Completed
ORD-HG-13057,2024-01-07,2024-01,CUST-1323,PROD-104,EMP-1036,REG-01,Field Sales,21,8160.69,0.03,166233.26,80940.87,85292.39,152934.6,Completed
ORD-HG-13058,2024-01-07,2024-01,CUST-1347,PROD-110,EMP-1026,REG-02,Retail Store,9,41517.9,0.01,369924.49,200062.78,169861.71,340330.53,Completed
ORD-HG-13059,2024-01-07,2024-01,CUST-1384,PROD-103,EMP-1012,REG-02,Enterprise Partner,30,30407.6,0.04,875738.88,420808.22,454930.66,805679.77,Completed
ORD-HG-13060,2024-01-07,2024-01,CUST-1319,PROD-117,EMP-1007,REG-01,Direct Online,38,26377.63,0.03,972279.44,476270.37,496009.07,894497.08,Completed
ORD-HG-13061,2024-01-07,2024-01,CUST-1465,PROD-114,EMP-1036,REG-03,Direct Online,35,21469.53,0.01,743919.21,302856.75,441062.46,684405.67,Completed
ORD-HG-13062,2024-01-07,2024-01,CUST-1229,PROD-115,EMP-1005,REG-03,Direct Online,27,27858.61,0.01,744660.65,391478.64,353182.01,685087.8,Completed
ORD-HG-13063,2024-01-07,2024-01,CUST-1483,PROD-113,EMP-1032,REG-04,Enterprise Partner,39,12140.09,0.05,449790.33,181886.31,267904.02,413807.1,Completed
ORD-HG-13064,2024-01-08,2024-01,CUST-1482,PROD-105,EMP-1029,REG-03,Enterprise Partner,40,39381.66,0.03,1528008.41,695473.74,832534.67,1405767.74,Completed
ORD-HG-13065,2024-01-08,2024-01,CUST-1190,PROD-111,EMP-1010,REG-01,Retail Store,13,31821.97,0.04,397138.19,201358.24,195779.95,365367.13,Completed
ORD-HG-13066,2024-01-08,2024-01,CUST-1468,PROD-105,EMP-1011,REG-03,Field Sales,11,35416.27,0.01,385683.18,176850.36,208832.82,354828.53,Completed
ORD-HG-13067,2024-01-08,2024-01,CUST-1106,PROD-110,EMP-1039,REG-02,Enterprise Partner,35,24586.93,0.01,851937.12,426342.29,425594.83,783782.15,Completed
ORD-HG-13068,2024-01-08,2024-01,CUST-1007,PROD-109,EMP-1043,REG-02,Retail Store,28,23666.64,0.04,636159.28,287734.96,348424.32,585266.54,Completed
ORD-HG-13069,2024-01-08,2024-01,CUST-1399,PROD-108,EMP-1009,REG-05,Enterprise Partner,44,29841.23,0.01,1299883.98,690509.82,609374.16,1195893.26,Completed
ORD-HG-13070,2024-01-09,2024-01,CUST-1270,PROD-116,EMP-1017,REG-04,Enterprise Partner,18,20705.38,0.04,357788.97,149372.63,208416.34,329165.85,Completed
ORD-HG-13071,2024-01-09,2024-01,CUST-1179,PROD-120,EMP-1036,REG-04,Retail Store,20,14348.74,0.03,278365.56,114551.46,163814.1,256096.32,Completed
ORD-HG-13072,2024-01-09,2024-01,CUST-1270,PROD-113,EMP-1024,REG-04,Field Sales,42,29826.56,0.04,1202606.9,577539.89,625067.01,1106398.35,Completed
ORD-HG-13073,2024-01-09,2024-01,CUST-1221,PROD-119,EMP-1005,REG-03,Retail Store,21,26573.63,0.04,535724.38,290725.86,244998.52,492866.43,Completed
ORD-HG-13074,2024-01-09,2024-01,CUST-1081,PROD-118,EMP-1016,REG-02,Enterprise Partner,33,10670.88,0.03,341574.87,179156.17,162418.7,314248.88,Completed
ORD-HG-13075,2024-01-09,2024-01,CUST-1447,PROD-106,EMP-1032,REG-01,Direct Online,24,25690.95,0.03,598085.32,270154.48,327930.84,550238.49,Completed
ORD-HG-13076,2024-01-09,2024-01,CUST-1176,PROD-104,EMP-1020,REG-04,Enterprise Partner,36,5579.31,0.05,190812.4,93182.66,97629.74,175547.41,Completed
ORD-HG-13077,2024-01-09,2024-01,CUST-1115,PROD-108,EMP-1032,REG-04,Enterprise Partner,15,42576.25,0.01,632257.31,269493.35,362763.96,581676.73,Completed
ORD-HG-13078,2024-01-09,2024-01,CUST-1123,PROD-119,EMP-1031,REG-04,Enterprise Partner,29,35949.59,0.01,1032112.73,534700.64,497412.09,949543.71,Completed
ORD-HG-13079,2024-01-09,2024-01,CUST-1029,PROD-105,EMP-1037,REG-02,Direct Online,18,41651.15,0.05,712234.66,385954.54,326280.12,655255.89,Completed
ORD-HG-13080,2024-01-10,2024-01,CUST-1403,PROD-107,EMP-1025,REG-01,Field Sales,14,14491.22,0.03,196790.77,107102.88,89687.89,181047.51,Completed
ORD-HG-13081,2024-01-10,2024-01,CUST-1123,PROD-110,EMP-1028,REG-05,Direct Online,28,16240.46,0.04,436543.56,226156.75,210386.81,401620.08,Completed
ORD-HG-13082,2024-01-10,2024-01,CUST-1259,PROD-102,EMP-1041,REG-05,Direct Online,34,24055.66,0.03,793355.67,421561.13,371794.54,729887.22,Completed
ORD-HG-13083,2024-01-11,2024-01,CUST-1393,PROD-122,EMP-1035,REG-02,Retail Store,40,12106.37,0.05,460042.06,252189.14,207852.92,423238.7,Completed
ORD-HG-13084,2024-01-11,2024-01,CUST-1163,PROD-122,EMP-1049,REG-02,Direct Online,12,18129.6,0.0,217555.2,115891.55,101663.65,200150.78,Completed
ORD-HG-13085,2024-01-11,2024-01,CUST-1007,PROD-119,EMP-1004,REG-01,Retail Store,32,5377.78,0.01,170368.07,87476.03,82892.04,156738.62,Completed
ORD-HG-13086,2024-01-11,2024-01,CUST-1224,PROD-118,EMP-1044,REG-01,Field Sales,31,20634.09,0.0,639656.79,308591.01,331065.78,588484.25,Completed
ORD-HG-13087,2024-01-11,2024-01,CUST-1409,PROD-114,EMP-1030,REG-05,Direct Online,23,41448.69,0.04,915187.08,371212.04,543975.04,841972.11,Completed
ORD-HG-13088,2024-01-11,2024-01,CUST-1123,PROD-108,EMP-1042,REG-05,Field Sales,35,14223.46,0.01,492842.89,219357.27,273485.62,453415.46,Completed
ORD-HG-13089,2024-01-12,2024-01,CUST-1135,PROD-110,EMP-1031,REG-02,Field Sales,18,22811.7,0.03,398292.28,193471.9,204820.38,366428.9,Completed
ORD-HG-13090,2024-01-12,2024-01,CUST-1271,PROD-112,EMP-1011,REG-02,Enterprise Partner,29,21286.96,0.04,592628.97,253942.0,338686.97,545218.65,Completed
ORD-HG-13091,2024-01-12,2024-01,CUST-1018,PROD-104,EMP-1018,REG-03,Retail Store,14,28875.7,0.01,400217.2,216994.27,183222.93,368199.82,Completed
ORD-HG-13092,2024-01-12,2024-01,CUST-1190,PROD-103,EMP-1023,REG-05,Field Sales,26,5292.2,0.03,133469.28,56190.57,77278.71,122791.74,Completed
ORD-HG-13093,2024-01-12,2024-01,CUST-1337,PROD-112,EMP-1029,REG-01,Enterprise Partner,35,9733.2,0.04,327035.52,164019.73,163015.79,300872.68,Completed
ORD-HG-13094,2024-01-12,2024-01,CUST-1093,PROD-103,EMP-1044,REG-05,Field Sales,27,43874.66,0.05,1125385.03,610831.22,514553.81,1035354.23,Completed
ORD-HG-13095,2024-01-12,2024-01,CUST-1360,PROD-105,EMP-1048,REG-01,Retail Store,20,8889.35,0.0,177787.0,83781.26,94005.74,163564.04,Completed
ORD-HG-13096,2024-01-12,2024-01,CUST-1333,PROD-119,EMP-1028,REG-01,Direct Online,6,6915.3,0.0,41491.8,17416.91,24074.89,38172.46,Completed
ORD-HG-13097,2024-01-12,2024-01,CUST-1490,PROD-109,EMP-1023,REG-05,Direct Online,17,42805.47,0.01,720416.06,360626.63,359789.43,662782.78,Completed
ORD-HG-13098,2024-01-13,2024-01,CUST-1183,PROD-105,EMP-1017,REG-04,Retail Store,7,44526.05,0.02,305448.7,166931.85,138516.85,281012.8,Completed
ORD-HG-13099,2024-01-13,2024-01,CUST-1413,PROD-115,EMP-1013,REG-02,Retail Store,9,6033.23,0.04,52127.11,27586.42,24540.69,47956.94,Completed
ORD-HG-13100,2024-01-13,2024-01,CUST-1028,PROD-110,EMP-1002,REG-05,Field Sales,27,9460.5,0.05,242661.82,101153.16,141508.66,223248.87,Completed
ORD-HG-13101,2024-01-13,2024-01,CUST-1326,PROD-116,EMP-1003,REG-01,Field Sales,38,33126.1,0.04,1208440.13,485513.17,722926.96,1111764.92,Completed
ORD-HG-13102,2024-01-13,2024-01,CUST-1108,PROD-104,EMP-1048,REG-04,Field Sales,23,11521.75,0.01,262350.25,105467.42,156882.83,241362.23,Completed
ORD-HG-13103,2024-01-13,2024-01,CUST-1448,PROD-113,EMP-1026,REG-04,Direct Online,36,6058.32,0.04,209375.54,112350.69,97024.85,192625.5,Completed
ORD-HG-13104,2024-01-13,2024-01,CUST-1261,PROD-113,EMP-1014,REG-05,Field Sales,40,35808.73,0.04,1375055.23,638133.13,736922.1,1265050.81,Completed
ORD-HG-13105,2024-01-14,2024-01,CUST-1088,PROD-104,EMP-1020,REG-04,Retail Store,40,9431.44,0.03,365939.87,151105.79,214834.08,336664.68,Completed
ORD-HG-13106,2024-01-14,2024-01,CUST-1166,PROD-106,EMP-1002,REG-03,Retail Store,22,25478.25,0.0,560521.5,281205.52,279315.98,515679.78,Completed
ORD-HG-13107,2024-01-14,2024-01,CUST-1253,PROD-116,EMP-1042,REG-03,Retail Store,28,23545.93,0.04,632914.6,284341.57,348573.03,582281.43,Completed
ORD-HG-13108,2024-01-14,2024-01,CUST-1390,PROD-121,EMP-1015,REG-03,Enterprise Partner,13,7559.6,0.03,95326.56,40405.83,54920.73,87700.44,Completed
ORD-HG-13109,2024-01-14,2024-01,CUST-1254,PROD-103,EMP-1028,REG-05,Retail Store,32,5890.67,0.03,182846.4,78773.79,104072.61,168218.69,Completed
ORD-HG-13110,2024-01-14,2024-01,CUST-1212,PROD-102,EMP-1032,REG-04,Retail Store,40,23303.16,0.05,885520.08,379907.15,505612.93,814678.47,Completed
ORD-HG-13111,2024-01-14,2024-01,CUST-1021,PROD-112,EMP-1001,REG-04,Direct Online,12,19463.85,0.02,228894.88,123828.27,105066.61,210583.29,Completed
ORD-HG-13112,2024-01-14,2024-01,CUST-1024,PROD-105,EMP-1022,REG-04,Retail Store,9,13185.84,0.04,113925.66,60514.01,53411.65,104811.61,Completed
ORD-HG-13113,2024-01-15,2024-01,CUST-1161,PROD-108,EMP-1035,REG-05,Enterprise Partner,13,41071.48,0.01,528589.95,249675.49,278914.46,486302.75,Completed
ORD-HG-13114,2024-01-15,2024-01,CUST-1058,PROD-123,EMP-1013,REG-04,Enterprise Partner,33,9305.11,0.01,303997.94,138772.16,165225.78,279678.1,Completed
ORD-HG-13115,2024-01-15,2024-01,CUST-1325,PROD-117,EMP-1014,REG-01,Field Sales,13,9112.39,0.04,113722.63,46940.02,66782.61,104624.82,Completed
ORD-HG-13116,2024-01-15,2024-01,CUST-1494,PROD-120,EMP-1008,REG-01,Retail Store,8,16145.57,0.01,127872.91,64312.69,63560.22,117643.08,Completed
ORD-HG-13117,2024-01-15,2024-01,CUST-1300,PROD-119,EMP-1037,REG-01,Enterprise Partner,29,26331.76,0.04,733076.2,332358.89,400717.31,674430.1,Completed
ORD-HG-13118,2024-01-15,2024-01,CUST-1036,PROD-103,EMP-1047,REG-04,Enterprise Partner,39,30352.83,0.02,1160085.16,635207.63,524877.53,1067278.35,Completed
ORD-HG-13119,2024-01-16,2024-01,CUST-1474,PROD-120,EMP-1011,REG-01,Field Sales,26,43604.64,0.0,1133720.64,530581.98,603138.66,1043022.99,Completed
ORD-HG-13120,2024-01-16,2024-01,CUST-1284,PROD-115,EMP-1001,REG-02,Enterprise Partner,17,41738.54,0.01,702459.63,320690.69,381768.94,646262.86,Completed
ORD-HG-13121,2024-01-16,2024-01,CUST-1003,PROD-104,EMP-1010,REG-05,Retail Store,20,6570.47,0.01,130095.31,57542.85,72552.46,119687.69,Completed
ORD-HG-13122,2024-01-16,2024-01,CUST-1381,PROD-102,EMP-1017,REG-03,Direct Online,11,31390.69,0.03,334938.66,137203.92,197734.74,308143.57,Completed
ORD-HG-13123,2024-01-16,2024-01,CUST-1284,PROD-120,EMP-1044,REG-03,Field Sales,32,25446.47,0.04,781715.56,429639.36,352076.2,719178.32,Completed
ORD-HG-13124,2024-01-16,2024-01,CUST-1461,PROD-101,EMP-1006,REG-04,Field Sales,41,29372.18,0.01,1192216.79,564820.8,627395.99,1096839.45,Completed
ORD-HG-13125,2024-01-16,2024-01,CUST-1033,PROD-102,EMP-1022,REG-03,Field Sales,5,24244.12,0.02,118796.19,60230.51,58565.68,109292.49,Completed
ORD-HG-13126,2024-01-17,2024-01,CUST-1126,PROD-124,EMP-1044,REG-03,Enterprise Partner,13,38521.13,0.03,485751.45,194976.3,290775.15,446891.33,Completed
ORD-HG-13127,2024-01-17,2024-01,CUST-1483,PROD-102,EMP-1049,REG-04,Field Sales,15,43858.19,0.04,631557.94,267273.34,364284.6,581033.3,Completed
ORD-HG-13128,2024-01-17,2024-01,CUST-1191,PROD-102,EMP-1004,REG-01,Enterprise Partner,19,13909.42,0.03,256350.61,135832.73,120517.88,235842.56,Completed
ORD-HG-13129,2024-01-17,2024-01,CUST-1014,PROD-103,EMP-1041,REG-03,Retail Store,44,30837.69,0.01,1343289.78,657264.06,686025.72,1235826.6,Completed
ORD-HG-13130,2024-01-17,2024-01,CUST-1114,PROD-105,EMP-1049,REG-04,Retail Store,32,26311.18,0.03,816699.03,432824.57,383874.46,751363.11,Completed
ORD-HG-13131,2024-01-17,2024-01,CUST-1176,PROD-101,EMP-1044,REG-05,Enterprise Partner,32,42879.12,0.05,1303525.25,602504.04,701021.21,1199243.23,Completed
ORD-HG-13132,2024-01-17,2024-01,CUST-1019,PROD-108,EMP-1036,REG-01,Field Sales,18,27735.21,0.03,484256.77,229715.6,254541.17,445516.23,Completed
ORD-HG-13133,2024-01-17,2024-01,CUST-1291,PROD-122,EMP-1031,REG-01,Retail Store,30,36274.24,0.05,1033815.84,514853.33,518962.51,951110.57,Completed
ORD-HG-13134,2024-01-18,2024-01,CUST-1266,PROD-104,EMP-1031,REG-05,Enterprise Partner,22,9101.27,0.03,194221.1,79063.03,115158.07,178683.41,Completed
ORD-HG-13135,2024-01-18,2024-01,CUST-1386,PROD-102,EMP-1034,REG-04,Field Sales,16,28924.59,0.02,453537.57,193065.82,260471.75,417254.56,Completed
ORD-HG-13136,2024-01-18,2024-01,CUST-1382,PROD-104,EMP-1018,REG-03,Enterprise Partner,7,37948.65,0.03,257671.33,140661.63,117009.7,237057.62,Completed
ORD-HG-13137,2024-01-18,2024-01,CUST-1233,PROD-122,EMP-1002,REG-05,Retail Store,31,39324.03,0.04,1170283.13,631569.59,538713.54,1076660.48,Completed
ORD-HG-13138,2024-01-18,2024-01,CUST-1032,PROD-122,EMP-1004,REG-03,Retail Store,27,9324.18,0.02,246717.8,128137.54,118580.26,226980.38,Completed
ORD-HG-13139,2024-01-18,2024-01,CUST-1487,PROD-120,EMP-1037,REG-02,Direct Online,24,14879.53,0.0,357108.72,191850.29,165258.43,328540.02,Completed
ORD-HG-13140,2024-01-18,2024-01,CUST-1117,PROD-121,EMP-1025,REG-05,Direct Online,41,36744.39,0.05,1431193.99,692908.03,738285.96,1316698.47,Completed
ORD-HG-13141,2024-01-18,2024-01,CUST-1208,PROD-121,EMP-1011,REG-01,Direct Online,17,15112.23,0.05,244062.51,99138.62,144923.89,224537.51,Completed
ORD-HG-13142,2024-01-19,2024-01,CUST-1117,PROD-118,EMP-1026,REG-03,Enterprise Partner,42,23054.96,0.05,919892.9,440644.96,479247.94,846301.47,Completed
ORD-HG-13143,2024-01-19,2024-01,CUST-1404,PROD-118,EMP-1032,REG-02,Field Sales,34,17766.23,0.04,579889.75,291178.13,288711.62,533498.57,Completed
ORD-HG-13144,2024-01-19,2024-01,CUST-1165,PROD-112,EMP-1043,REG-03,Direct Online,21,8804.97,0.03,179357.24,79368.27,99988.97,165008.66,Completed
ORD-HG-13145,2024-01-19,2024-01,CUST-1259,PROD-115,EMP-1014,REG-04,Enterprise Partner,41,44093.64,0.05,1717447.28,866577.52,850869.76,1580051.5,Completed
ORD-HG-13146,2024-01-19,2024-01,CUST-1442,PROD-122,EMP-1044,REG-04,Field Sales,27,31781.84,0.01,849528.58,434261.18,415267.4,781566.29,Completed
ORD-HG-13147,2024-01-19,2024-01,CUST-1312,PROD-106,EMP-1010,REG-04,Enterprise Partner,24,11091.81,0.03,258217.34,121032.21,137185.13,237559.95,Completed
ORD-HG-13148,2024-01-19,2024-01,CUST-1422,PROD-122,EMP-1044,REG-04,Retail Store,10,26252.77,0.04,252026.59,129540.06,122486.53,231864.46,Completed
ORD-HG-13149,2024-01-19,2024-01,CUST-1015,PROD-118,EMP-1043,REG-01,Retail Store,18,22871.89,0.03,399343.2,206476.64,192866.56,367395.74,Completed
ORD-HG-13150,2024-01-19,2024-01,CUST-1083,PROD-117,EMP-1038,REG-03,Retail Store,37,20843.21,0.02,755774.79,352945.98,402828.81,695312.81,Completed
ORD-HG-13151,2024-01-20,2024-01,CUST-1364,PROD-107,EMP-1041,REG-03,Field Sales,32,35870.57,0.05,1090465.33,537315.78,553149.55,1003228.1,Completed
ORD-HG-13152,2024-01-20,2024-01,CUST-1264,PROD-114,EMP-1038,REG-03,Field Sales,12,16552.7,0.04,190687.1,85804.05,104883.05,175432.13,Completed
ORD-HG-13153,2024-01-20,2024-01,CUST-1030,PROD-106,EMP-1015,REG-01,Direct Online,19,31464.5,0.0,597825.5,247739.74,350085.76,549999.46,Completed
ORD-HG-13154,2024-01-20,2024-01,CUST-1395,PROD-107,EMP-1015,REG-04,Enterprise Partner,23,17266.58,0.01,393160.03,167467.24,225692.79,361707.23,Completed
ORD-HG-13155,2024-01-20,2024-01,CUST-1445,PROD-118,EMP-1005,REG-05,Field Sales,35,22799.02,0.0,797965.7,326145.76,471819.94,734128.44,Completed
ORD-HG-13156,2024-01-21,2024-01,CUST-1095,PROD-106,EMP-1009,REG-01,Direct Online,26,37018.84,0.03,933615.14,478159.96,455455.18,858925.93,Completed
ORD-HG-13157,2024-01-21,2024-01,CUST-1135,PROD-112,EMP-1009,REG-04,Retail Store,23,39564.36,0.02,891780.67,403589.15,488191.52,820438.22,Completed
ORD-HG-13158,2024-01-21,2024-01,CUST-1271,PROD-112,EMP-1012,REG-03,Enterprise Partner,9,6521.46,0.03,56932.35,26220.22,30712.13,52377.76,Completed
ORD-HG-13159,2024-01-21,2024-01,CUST-1113,PROD-107,EMP-1024,REG-05,Direct Online,43,18619.23,0.02,784614.35,352394.1,432220.25,721845.2,Completed
ORD-HG-13160,2024-01-21,2024-01,CUST-1359,PROD-107,EMP-1031,REG-01,Direct Online,39,20269.47,0.01,782604.24,345805.61,436798.63,719995.9,Completed
ORD-HG-13161,2024-01-21,2024-01,CUST-1140,PROD-105,EMP-1010,REG-03,Direct Online,14,33412.05,0.0,467768.7,236127.77,231640.93,430347.2,Completed
ORD-HG-13162,2024-01-21,2024-01,CUST-1180,PROD-113,EMP-1003,REG-03,Enterprise Partner,29,34901.6,0.02,991903.47,475433.17,516470.3,912551.19,Completed
ORD-HG-13163,2024-01-21,2024-01,CUST-1412,PROD-114,EMP-1035,REG-02,Enterprise Partner,29,13804.2,0.02,392315.36,202213.91,190101.45,360930.13,Completed
ORD-HG-13164,2024-01-22,2024-01,CUST-1275,PROD-107,EMP-1023,REG-04,Direct Online,27,29152.07,0.02,771363.77,318222.76,453141.01,709654.67,Completed
ORD-HG-13165,2024-01-22,2024-01,CUST-1416,PROD-107,EMP-1048,REG-02,Direct Online,41,37761.24,0.01,1532728.73,702617.8,830110.93,1410110.43,Completed
ORD-HG-13166,2024-01-22,2024-01,CUST-1166,PROD-120,EMP-1018,REG-02,Retail Store,13,10029.65,0.04,125170.03,64881.35,60288.68,115156.43,Completed
ORD-HG-13167,2024-01-22,2024-01,CUST-1477,PROD-102,EMP-1009,REG-05,Direct Online,16,6769.71,0.01,107232.21,49790.3,57441.91,98653.63,Completed
ORD-HG-13168,2024-01-22,2024-01,CUST-1160,PROD-108,EMP-1002,REG-02,Field Sales,26,16708.54,0.0,434422.04,195064.05,239357.99,399668.28,Completed
ORD-HG-13169,2024-01-22,2024-01,CUST-1410,PROD-113,EMP-1025,REG-04,Retail Store,35,34695.99,0.01,1202216.05,515478.43,686737.62,1106038.77,Completed
ORD-HG-13170,2024-01-22,2024-01,CUST-1015,PROD-113,EMP-1032,REG-04,Retail Store,13,12615.17,0.03,159077.29,74414.83,84662.46,146351.11,Completed
ORD-HG-13171,2024-01-22,2024-01,CUST-1431,PROD-107,EMP-1016,REG-01,Enterprise Partner,25,41259.49,0.05,979912.89,449930.71,529982.18,901519.86,Completed
ORD-HG-13172,2024-01-22,2024-01,CUST-1381,PROD-109,EMP-1008,REG-04,Retail Store,23,33181.29,0.02,747906.28,311507.68,436398.6,688073.78,Completed
ORD-HG-13173,2024-01-22,2024-01,CUST-1090,PROD-104,EMP-1026,REG-05,Field Sales,9,7823.58,0.02,69003.98,27735.07,41268.91,63483.66,Completed
ORD-HG-13174,2024-01-22,2024-01,CUST-1392,PROD-102,EMP-1018,REG-04,Direct Online,16,33548.04,0.05,509930.21,257444.73,252485.48,469135.79,Completed
ORD-HG-13175,2024-01-22,2024-01,CUST-1483,PROD-115,EMP-1021,REG-04,Enterprise Partner,19,8504.86,0.01,159976.42,86202.09,73774.33,147178.31,Completed
ORD-HG-13176,2024-01-22,2024-01,CUST-1063,PROD-115,EMP-1038,REG-05,Enterprise Partner,11,11971.86,0.0,131690.46,55055.0,76635.46,121155.22,Completed
ORD-HG-13177,2024-01-23,2024-01,CUST-1098,PROD-112,EMP-1023,REG-03,Enterprise Partner,39,42073.72,0.01,1624466.33,809665.92,814800.41,1494509.02,Completed
ORD-HG-13178,2024-01-23,2024-01,CUST-1060,PROD-105,EMP-1038,REG-02,Direct Online,44,19428.85,0.01,846320.71,458474.47,387846.24,778615.05,Completed
ORD-HG-13179,2024-01-23,2024-01,CUST-1206,PROD-115,EMP-1003,REG-03,Direct Online,21,24129.57,0.03,491519.34,226707.39,264811.95,452197.79,Completed
ORD-HG-13180,2024-01-23,2024-01,CUST-1213,PROD-104,EMP-1013,REG-05,Retail Store,12,31751.75,0.04,365780.16,156914.91,208865.25,336517.75,Completed
ORD-HG-13181,2024-01-23,2024-01,CUST-1359,PROD-120,EMP-1016,REG-02,Field Sales,42,44777.17,0.04,1805415.49,735559.17,1069856.32,1660982.25,Completed
ORD-HG-13182,2024-01-23,2024-01,CUST-1485,PROD-107,EMP-1046,REG-05,Field Sales,13,23448.37,0.03,295683.95,162035.13,133648.82,272029.23,Completed
ORD-HG-13183,2024-01-23,2024-01,CUST-1291,PROD-109,EMP-1017,REG-05,Enterprise Partner,8,33590.84,0.04,257977.65,105705.12,152272.53,237339.44,Completed
ORD-HG-13184,2024-01-23,2024-01,CUST-1433,PROD-102,EMP-1013,REG-01,Field Sales,30,28065.91,0.03,816717.98,369796.8,446921.18,751380.54,Completed
ORD-HG-13185,2024-01-23,2024-01,CUST-1325,PROD-111,EMP-1009,REG-04,Direct Online,7,31059.21,0.01,215240.33,100695.21,114545.12,198021.1,Completed
ORD-HG-13186,2024-01-23,2024-01,CUST-1067,PROD-114,EMP-1046,REG-05,Enterprise Partner,19,29943.3,0.04,546165.79,273155.83,273009.96,502472.53,Completed
ORD-HG-13187,2024-01-23,2024-01,CUST-1132,PROD-114,EMP-1045,REG-02,Enterprise Partner,13,14066.78,0.03,177382.1,93920.02,83462.08,163191.53,Completed
ORD-HG-13188,2024-01-23,2024-01,CUST-1269,PROD-117,EMP-1039,REG-03,Retail Store,29,44616.01,0.01,1280925.65,615995.85,664929.8,1178451.6,Completed
ORD-HG-13189,2024-01-23,2024-01,CUST-1039,PROD-103,EMP-1011,REG-01,Enterprise Partner,15,41948.36,0.01,622933.15,326290.45,296642.7,573098.5,Completed
ORD-HG-13190,2024-01-23,2024-01,CUST-1160,PROD-108,EMP-1027,REG-04,Enterprise Partner,10,40431.69,0.03,392187.39,182558.44,209628.95,360812.4,Completed
ORD-HG-13191,2024-01-24,2024-01,CUST-1009,PROD-107,EMP-1019,REG-01,Retail Store,42,18566.27,0.02,764187.67,363836.04,400351.63,703052.66,Completed
ORD-HG-13192,2024-01-24,2024-01,CUST-1202,PROD-104,EMP-1001,REG-02,Retail Store,15,36671.07,0.01,544565.39,297497.09,247068.3,501000.16,Completed
ORD-HG-13193,2024-01-24,2024-01,CUST-1035,PROD-109,EMP-1020,REG-03,Direct Online,34,20413.45,0.04,666295.01,292490.77,373804.24,612991.41,Completed
ORD-HG-13194,2024-01-24,2024-01,CUST-1386,PROD-124,EMP-1037,REG-02,Retail Store,41,39968.83,0.05,1556785.93,745738.08,811047.85,1432243.06,Completed
ORD-HG-13195,2024-01-24,2024-01,CUST-1266,PROD-114,EMP-1016,REG-05,Retail Store,23,20329.46,0.05,444198.7,229285.83,214912.87,408662.8,Completed
ORD-HG-13196,2024-01-24,2024-01,CUST-1012,PROD-103,EMP-1049,REG-03,Direct Online,44,22567.06,0.04,953232.61,468580.7,484651.91,876974.0,Completed
ORD-HG-13197,2024-01-24,2024-01,CUST-1127,PROD-115,EMP-1033,REG-02,Retail Store,33,22537.06,0.03,721411.29,320066.98,401344.31,663698.39,Completed
ORD-HG-13198,2024-01-25,2024-01,CUST-1445,PROD-108,EMP-1027,REG-04,Retail Store,16,21638.09,0.05,328898.97,161278.55,167620.42,302587.05,Completed
ORD-HG-13199,2024-01-25,2024-01,CUST-1346,PROD-113,EMP-1003,REG-01,Direct Online,30,23002.17,0.04,662462.5,344410.28,318052.22,609465.5,Completed
ORD-HG-13200,2024-01-25,2024-01,CUST-1396,PROD-114,EMP-1028,REG-01,Enterprise Partner,41,9268.33,0.01,376201.51,200973.74,175227.77,346105.39,Completed
ORD-HG-13201,2024-01-25,2024-01,CUST-1086,PROD-123,EMP-1027,REG-02,Field Sales,43,31972.36,0.03,1333567.14,611991.99,721575.15,1226881.77,Completed
ORD-HG-13202,2024-01-25,2024-01,CUST-1494,PROD-123,EMP-1026,REG-02,Field Sales,29,33685.25,0.04,937797.36,500546.6,437250.76,862773.57,Completed
ORD-HG-13203,2024-01-25,2024-01,CUST-1351,PROD-104,EMP-1046,REG-04,Direct Online,44,44974.86,0.01,1959104.9,827046.45,1132058.45,1802376.51,Completed
ORD-HG-13204,2024-01-25,2024-01,CUST-1346,PROD-112,EMP-1004,REG-05,Direct Online,22,31756.0,0.02,684659.36,316123.27,368536.09,629886.61,Completed
ORD-HG-13205,2024-01-26,2024-01,CUST-1475,PROD-120,EMP-1034,REG-03,Retail Store,27,40642.72,0.0,1097353.44,544113.93,553239.51,1009565.16,Completed
ORD-HG-13206,2024-01-26,2024-01,CUST-1438,PROD-105,EMP-1027,REG-01,Field Sales,35,16279.61,0.03,552692.76,239846.14,312846.62,508477.34,Completed
ORD-HG-13207,2024-01-26,2024-01,CUST-1024,PROD-119,EMP-1010,REG-04,Enterprise Partner,30,42959.4,0.03,1250118.54,631307.1,618811.44,1150109.06,Completed
ORD-HG-13208,2024-01-26,2024-01,CUST-1402,PROD-108,EMP-1015,REG-05,Direct Online,27,29853.73,0.04,773808.68,375146.94,398661.74,711903.99,Completed
ORD-HG-13209,2024-01-26,2024-01,CUST-1463,PROD-114,EMP-1039,REG-05,Field Sales,25,30552.61,0.05,725624.49,396176.5,329447.99,667574.53,Completed
ORD-HG-13210,2024-01-26,2024-01,CUST-1291,PROD-124,EMP-1043,REG-04,Enterprise Partner,11,24781.13,0.03,264414.66,115739.12,148675.54,243261.49,Completed
ORD-HG-13211,2024-01-26,2024-01,CUST-1258,PROD-110,EMP-1025,REG-04,Enterprise Partner,15,38039.89,0.03,553480.4,228434.57,325045.83,509201.97,Completed
ORD-HG-13212,2024-01-26,2024-01,CUST-1422,PROD-119,EMP-1001,REG-05,Retail Store,26,28382.03,0.02,723174.12,316349.62,406824.5,665320.19,Completed
ORD-HG-13213,2024-01-27,2024-01,CUST-1424,PROD-104,EMP-1043,REG-01,Direct Online,22,36401.56,0.03,776809.29,338244.99,438564.3,714664.55,Completed
ORD-HG-13214,2024-01-27,2024-01,CUST-1009,PROD-118,EMP-1029,REG-04,Retail Store,26,28769.8,0.04,718094.21,332937.62,385156.59,660646.67,Completed
ORD-HG-13215,2024-01-27,2024-01,CUST-1088,PROD-124,EMP-1031,REG-05,Retail Store,23,40145.8,0.02,904886.33,399511.91,505374.42,832495.42,Completed
ORD-HG-13216,2024-01-27,2024-01,CUST-1287,PROD-122,EMP-1046,REG-04,Direct Online,7,38302.14,0.04,257390.38,106656.14,150734.24,236799.15,Completed
ORD-HG-13217,2024-01-27,2024-01,CUST-1105,PROD-110,EMP-1005,REG-03,Direct Online,14,29098.61,0.01,403306.73,185204.23,218102.5,371042.19,Completed
ORD-HG-13218,2024-01-27,2024-01,CUST-1129,PROD-110,EMP-1048,REG-02,Field Sales,34,41857.32,0.01,1408917.39,607132.07,801785.32,1296204.0,Completed
ORD-HG-13219,2024-01-28,2024-01,CUST-1312,PROD-112,EMP-1019,REG-04,Retail Store,18,6746.67,0.01,120225.66,56406.32,63819.34,110607.61,Completed
ORD-HG-13220,2024-01-28,2024-01,CUST-1426,PROD-114,EMP-1010,REG-01,Retail Store,18,12699.73,0.0,228595.14,109409.67,119185.47,210307.53,Completed
ORD-HG-13221,2024-01-28,2024-01,CUST-1447,PROD-118,EMP-1007,REG-05,Enterprise Partner,44,41819.83,0.0,1840072.52,919477.75,920594.77,1692866.72,Completed
ORD-HG-13222,2024-01-28,2024-01,CUST-1205,PROD-110,EMP-1030,REG-01,Enterprise Partner,17,6829.4,0.0,116099.8,59349.19,56750.61,106811.82,Completed
ORD-HG-13223,2024-01-28,2024-01,CUST-1140,PROD-120,EMP-1046,REG-04,Retail Store,15,30715.52,0.01,456125.47,235873.69,220251.78,419635.43,Completed
ORD-HG-13224,2024-01-28,2024-01,CUST-1130,PROD-109,EMP-1031,REG-01,Enterprise Partner,16,37884.34,0.04,581903.46,252182.88,329720.58,535351.18,Completed
ORD-HG-13225,2024-01-28,2024-01,CUST-1340,PROD-122,EMP-1029,REG-01,Retail Store,40,41827.96,0.02,1639656.03,679068.92,960587.11,1508483.55,Completed
ORD-HG-13226,2024-01-28,2024-01,CUST-1359,PROD-111,EMP-1008,REG-04,Field Sales,6,25730.44,0.03,149751.16,72262.66,77488.5,137771.07,Completed
ORD-HG-13227,2024-01-29,2024-01,CUST-1418,PROD-103,EMP-1001,REG-04,Retail Store,14,40406.96,0.04,543069.54,281608.41,261461.13,499623.98,Completed
ORD-HG-13228,2024-01-29,2024-01,CUST-1044,PROD-103,EMP-1008,REG-02,Direct Online,11,28980.12,0.04,306030.07,142491.96,163538.11,281547.66,Completed
ORD-HG-13229,2024-01-29,2024-01,CUST-1499,PROD-113,EMP-1045,REG-04,Field Sales,25,11954.32,0.01,295869.42,160551.53,135317.89,272199.87,Completed
ORD-HG-13230,2024-01-29,2024-01,CUST-1323,PROD-105,EMP-1007,REG-04,Retail Store,35,40671.49,0.05,1352327.04,621921.35,730405.69,1244140.88,Completed
ORD-HG-13231,2024-01-29,2024-01,CUST-1293,PROD-102,EMP-1033,REG-03,Retail Store,14,16779.89,0.01,232569.28,112184.75,120384.53,213963.74,Completed
ORD-HG-13232,2024-01-29,2024-01,CUST-1472,PROD-120,EMP-1006,REG-03,Retail Store,31,6732.0,0.04,200344.32,82120.7,118223.62,184316.77,Completed
ORD-HG-13233,2024-01-29,2024-01,CUST-1230,PROD-122,EMP-1009,REG-05,Field Sales,23,22836.59,0.0,525241.57,240437.68,284803.89,483222.24,Completed
ORD-HG-13234,2024-01-30,2024-01,CUST-1188,PROD-115,EMP-1033,REG-03,Field Sales,29,34640.8,0.0,1004583.2,516382.5,488200.7,924216.54,Completed
ORD-HG-13235,2024-01-30,2024-01,CUST-1253,PROD-124,EMP-1012,REG-04,Field Sales,19,26495.89,0.03,488319.25,195821.77,292497.48,449253.71,Completed
ORD-HG-13236,2024-01-30,2024-01,CUST-1125,PROD-119,EMP-1006,REG-05,Field Sales,27,15174.87,0.03,397429.85,217504.42,179925.43,365635.46,Completed
ORD-HG-13237,2024-01-30,2024-01,CUST-1430,PROD-119,EMP-1031,REG-01,Field Sales,27,34502.75,0.0,931574.25,396781.73,534792.52,857048.31,Completed
ORD-HG-13238,2024-01-30,2024-01,CUST-1167,PROD-112,EMP-1033,REG-02,Direct Online,9,18879.55,0.05,161420.15,67650.01,93770.14,148506.54,Completed
ORD-HG-13239,2024-01-30,2024-01,CUST-1428,PROD-106,EMP-1025,REG-04,Enterprise Partner,14,36961.13,0.0,517455.82,238203.85,279251.97,476059.35,Completed
ORD-HG-13240,2024-01-30,2024-01,CUST-1070,PROD-104,EMP-1046,REG-02,Retail Store,43,7165.15,0.02,301939.42,143813.04,158126.38,277784.27,Completed
ORD-HG-13241,2024-01-30,2024-01,CUST-1017,PROD-113,EMP-1047,REG-02,Direct Online,32,11980.22,0.03,371866.03,149914.65,221951.38,342116.75,Completed
ORD-HG-13242,2024-01-30,2024-01,CUST-1301,PROD-113,EMP-1010,REG-01,Direct Online,17,33231.59,0.03,547988.92,297406.16,250582.76,504149.81,Completed
ORD-HG-13243,2024-01-30,2024-01,CUST-1046,PROD-117,EMP-1041,REG-01,Enterprise Partner,7,27789.83,0.03,188692.95,83374.38,105318.57,173597.51,Completed
ORD-HG-13244,2024-01-30,2024-01,CUST-1041,PROD-110,EMP-1034,REG-01,Direct Online,26,11161.28,0.02,284389.41,148591.77,135797.64,261638.26,Completed
ORD-HG-13245,2024-01-30,2024-01,CUST-1263,PROD-105,EMP-1048,REG-02,Field Sales,44,25976.68,0.0,1142973.92,512587.16,630386.76,1051536.01,Completed
ORD-HG-13246,2024-01-30,2024-01,CUST-1091,PROD-103,EMP-1001,REG-04,Field Sales,30,7969.34,0.0,239080.2,130041.64,109038.56,219953.78,Completed
ORD-HG-13247,2024-01-30,2024-01,CUST-1258,PROD-120,EMP-1006,REG-01,Enterprise Partner,6,29081.49,0.04,167509.38,78756.51,88752.87,154108.63,Completed
ORD-HG-13248,2024-01-31,2024-01,CUST-1162,PROD-119,EMP-1005,REG-05,Enterprise Partner,33,22391.29,0.03,716745.19,383624.74,333120.45,659405.57,Completed
ORD-HG-13249,2024-01-31,2024-01,CUST-1417,PROD-107,EMP-1005,REG-02,Field Sales,17,38729.22,0.0,658396.74,342033.34,316363.4,605725.0,Completed
ORD-HG-13250,2024-01-31,2024-01,CUST-1137,PROD-105,EMP-1017,REG-02,Field Sales,19,34682.62,0.02,645790.38,292950.3,352840.08,594127.15,Completed
ORD-HG-13251,2024-01-31,2024-01,CUST-1179,PROD-108,EMP-1037,REG-03,Enterprise Partner,16,22343.26,0.02,350342.32,151519.26,198823.06,322314.93,Completed
ORD-HG-13252,2024-01-31,2024-01,CUST-1477,PROD-123,EMP-1020,REG-01,Enterprise Partner,11,34895.45,0.01,380011.45,161750.42,218261.03,349610.53,Completed
ORD-HG-13253,2024-01-31,2024-01,CUST-1278,PROD-103,EMP-1047,REG-01,Enterprise Partner,8,40736.34,0.02,319372.91,139455.21,179917.7,293823.08,Completed
ORD-HG-13254,2024-01-31,2024-01,CUST-1313,PROD-124,EMP-1034,REG-05,Field Sales,43,38256.05,0.05,1562759.64,745854.98,816904.66,1437738.87,Completed
ORD-HG-13255,2024-02-01,2024-02,CUST-1385,PROD-105,EMP-1032,REG-05,Retail Store,13,26329.55,0.01,338861.31,163881.86,174979.45,311752.41,Completed
ORD-HG-13256,2024-02-01,2024-02,CUST-1240,PROD-102,EMP-1020,REG-03,Field Sales,19,28841.7,0.01,542512.38,226888.59,315623.79,499111.39,Completed
ORD-HG-13257,2024-02-01,2024-02,CUST-1114,PROD-109,EMP-1012,REG-03,Direct Online,22,9016.77,0.01,196385.25,107365.5,89019.75,180674.43,Completed
ORD-HG-13258,2024-02-01,2024-02,CUST-1187,PROD-112,EMP-1006,REG-01,Enterprise Partner,30,17062.45,0.01,506754.76,249165.69,257589.07,466214.38,Completed
ORD-HG-13259,2024-02-01,2024-02,CUST-1233,PROD-112,EMP-1037,REG-03,Enterprise Partner,10,24691.38,0.03,239506.39,97886.58,141619.81,220345.88,Completed
ORD-HG-13260,2024-02-01,2024-02,CUST-1127,PROD-120,EMP-1017,REG-04,Retail Store,38,40989.77,0.01,1542035.15,663208.65,878826.5,1418672.34,Completed
ORD-HG-13261,2024-02-01,2024-02,CUST-1407,PROD-119,EMP-1004,REG-02,Enterprise Partner,15,44492.05,0.02,654033.14,290003.2,364029.94,601710.49,Completed
ORD-HG-13262,2024-02-01,2024-02,CUST-1407,PROD-103,EMP-1030,REG-03,Field Sales,40,41019.12,0.01,1624357.15,811602.42,812754.73,1494408.58,Completed
ORD-HG-13263,2024-02-01,2024-02,CUST-1351,PROD-118,EMP-1046,REG-02,Field Sales,24,12599.46,0.03,293315.43,118397.55,174917.88,269850.2,Completed
ORD-HG-13264,2024-02-01,2024-02,CUST-1103,PROD-103,EMP-1008,REG-02,Enterprise Partner,36,28053.15,0.04,969516.86,521873.98,447642.88,891955.51,Completed
ORD-HG-13265,2024-02-02,2024-02,CUST-1203,PROD-122,EMP-1004,REG-05,Retail Store,29,20030.57,0.05,551842.2,301032.42,250809.78,507694.82,Completed
ORD-HG-13266,2024-02-02,2024-02,CUST-1040,PROD-123,EMP-1023,REG-01,Enterprise Partner,42,30763.84,0.01,1279160.47,534401.62,744758.85,1176827.63,Completed
ORD-HG-13267,2024-02-02,2024-02,CUST-1131,PROD-124,EMP-1042,REG-03,Enterprise Partner,43,23976.91,0.01,1020697.06,445833.76,574863.3,939041.3,Completed
ORD-HG-13268,2024-02-02,2024-02,CUST-1259,PROD-113,EMP-1027,REG-03,Retail Store,5,13185.8,0.04,63291.84,30974.85,32316.99,58228.49,Completed
ORD-HG-13269,2024-02-02,2024-02,CUST-1455,PROD-112,EMP-1021,REG-04,Retail Store,26,42613.89,0.04,1063642.69,484890.91,578751.78,978551.27,Completed
ORD-HG-13270,2024-02-02,2024-02,CUST-1016,PROD-124,EMP-1042,REG-02,Direct Online,9,19136.45,0.01,170505.77,75997.39,94508.38,156865.31,Completed
ORD-HG-13271,2024-02-02,2024-02,CUST-1080,PROD-106,EMP-1020,REG-05,Direct Online,22,35307.47,0.01,768996.7,401228.65,367768.05,707476.96,Completed
ORD-HG-13272,2024-02-02,2024-02,CUST-1406,PROD-105,EMP-1042,REG-01,Enterprise Partner,28,27930.56,0.03,758594.01,321328.37,437265.64,697906.49,Completed
ORD-HG-13273,2024-02-02,2024-02,CUST-1192,PROD-123,EMP-1033,REG-02,Direct Online,16,40339.75,0.05,613164.2,329730.48,283433.72,564111.06,Completed
ORD-HG-13274,2024-02-03,2024-02,CUST-1493,PROD-105,EMP-1029,REG-01,Retail Store,13,35050.32,0.04,437427.99,182195.7,255232.29,402433.75,Completed
ORD-HG-13275,2024-02-03,2024-02,CUST-1222,PROD-124,EMP-1016,REG-05,Direct Online,33,22485.2,0.04,712331.14,291056.31,421274.83,655344.65,Completed
ORD-HG-13276,2024-02-03,2024-02,CUST-1286,PROD-121,EMP-1011,REG-04,Enterprise Partner,43,10176.52,0.03,424462.65,224005.06,200457.59,390505.64,Completed
ORD-HG-13277,2024-02-03,2024-02,CUST-1080,PROD-121,EMP-1022,REG-02,Field Sales,9,13612.04,0.05,116382.94,63507.71,52875.23,107072.3,Completed
ORD-HG-13278,2024-02-03,2024-02,CUST-1439,PROD-105,EMP-1013,REG-02,Enterprise Partner,40,26292.38,0.02,1030661.3,502876.28,527785.02,948208.4,Completed
ORD-HG-13279,2024-02-03,2024-02,CUST-1453,PROD-118,EMP-1005,REG-02,Retail Store,31,18579.33,0.02,564440.05,309535.43,254904.62,519284.85,Completed
ORD-HG-13280,2024-02-03,2024-02,CUST-1329,PROD-102,EMP-1019,REG-03,Enterprise Partner,16,24137.51,0.05,366890.15,160592.15,206298.0,337538.94,Completed
ORD-HG-13281,2024-02-04,2024-02,CUST-1461,PROD-115,EMP-1003,REG-05,Retail Store,7,20791.63,0.02,142630.58,62329.39,80301.19,131220.13,Completed
ORD-HG-13282,2024-02-04,2024-02,CUST-1362,PROD-120,EMP-1047,REG-02,Retail Store,38,23156.05,0.04,844732.7,349638.85,495093.85,777154.08,Completed
ORD-HG-13283,2024-02-04,2024-02,CUST-1155,PROD-108,EMP-1001,REG-05,Field Sales,24,31617.53,0.02,743644.31,320172.94,423471.37,684152.77,Completed
ORD-HG-13284,2024-02-04,2024-02,CUST-1097,PROD-119,EMP-1041,REG-01,Enterprise Partner,11,27431.58,0.03,292694.96,148159.19,144535.77,269279.36,Completed
ORD-HG-13285,2024-02-04,2024-02,CUST-1124,PROD-114,EMP-1030,REG-01,Field Sales,31,21248.39,0.04,632352.09,310422.95,321929.14,581763.92,Completed
ORD-HG-13286,2024-02-04,2024-02,CUST-1108,PROD-115,EMP-1030,REG-05,Enterprise Partner,40,40598.32,0.04,1558975.49,633560.6,925414.89,1434257.45,Completed
ORD-HG-13287,2024-02-04,2024-02,CUST-1130,PROD-102,EMP-1032,REG-03,Field Sales,44,16103.83,0.05,673140.09,310871.41,362268.68,619288.88,Completed
ORD-HG-13288,2024-02-05,2024-02,CUST-1248,PROD-107,EMP-1002,REG-03,Enterprise Partner,7,9053.63,0.02,62107.9,26850.5,35257.4,57139.27,Completed
ORD-HG-13289,2024-02-05,2024-02,CUST-1323,PROD-106,EMP-1017,REG-01,Direct Online,42,38912.95,0.01,1618000.46,705831.93,912168.53,1488560.42,Completed
ORD-HG-13290,2024-02-05,2024-02,CUST-1319,PROD-115,EMP-1001,REG-04,Field Sales,11,26660.36,0.02,287398.68,145387.24,142011.44,264406.79,Completed
ORD-HG-13291,2024-02-05,2024-02,CUST-1376,PROD-116,EMP-1047,REG-01,Enterprise Partner,20,11142.66,0.01,220624.67,103960.18,116664.49,202974.7,Completed
ORD-HG-13292,2024-02-05,2024-02,CUST-1033,PROD-122,EMP-1045,REG-05,Direct Online,11,32455.36,0.05,339158.51,166370.61,172787.9,312025.83,Completed
ORD-HG-13293,2024-02-05,2024-02,CUST-1333,PROD-111,EMP-1039,REG-04,Direct Online,19,34120.44,0.04,622356.83,251069.4,371287.43,572568.28,Completed
ORD-HG-13294,2024-02-05,2024-02,CUST-1065,PROD-109,EMP-1040,REG-01,Retail Store,29,43657.83,0.0,1266077.07,591431.92,674645.15,1164790.9,Completed
ORD-HG-13295,2024-02-05,2024-02,CUST-1401,PROD-113,EMP-1023,REG-02,Direct Online,13,43068.86,0.04,537499.37,288699.69,248799.68,494499.42,Completed
ORD-HG-13296,2024-02-06,2024-02,CUST-1449,PROD-111,EMP-1036,REG-03,Field Sales,37,18512.7,0.03,664420.8,347054.81,317365.99,611267.14,Completed
ORD-HG-13297,2024-02-06,2024-02,CUST-1492,PROD-114,EMP-1045,REG-01,Field Sales,23,34223.29,0.04,755650.24,384580.8,371069.44,695198.22,Completed
ORD-HG-13298,2024-02-06,2024-02,CUST-1154,PROD-107,EMP-1021,REG-01,Retail Store,38,43199.51,0.0,1641581.38,682491.18,959090.2,1510254.87,Completed
ORD-HG-13299,2024-02-06,2024-02,CUST-1300,PROD-115,EMP-1038,REG-03,Retail Store,22,27949.55,0.04,590294.5,303200.87,287093.63,543070.94,Completed
ORD-HG-13300,2024-02-06,2024-02,CUST-1193,PROD-115,EMP-1048,REG-05,Retail Store,30,10837.32,0.02,318617.21,144334.73,174282.48,293127.83,Completed
ORD-HG-13301,2024-02-06,2024-02,CUST-1213,PROD-122,EMP-1003,REG-05,Direct Online,26,15453.2,0.02,393747.54,200934.61,192812.93,362247.74,Completed
ORD-HG-13302,2024-02-06,2024-02,CUST-1427,PROD-103,EMP-1018,REG-05,Direct Online,11,35938.71,0.01,391372.55,188373.91,202998.64,360062.75,Completed
ORD-HG-13303,2024-02-06,2024-02,CUST-1336,PROD-115,EMP-1048,REG-01,Retail Store,30,23551.82,0.0,706554.6,287374.08,419180.52,650030.23,Completed
ORD-HG-13304,2024-02-06,2024-02,CUST-1478,PROD-115,EMP-1036,REG-03,Field Sales,17,18666.24,0.04,304633.04,148916.68,155716.36,280262.4,Completed
ORD-HG-13305,2024-02-06,2024-02,CUST-1091,PROD-110,EMP-1032,REG-03,Field Sales,12,32449.33,0.0,389391.96,167357.67,222034.29,358240.6,Completed
ORD-HG-13306,2024-02-06,2024-02,CUST-1405,PROD-120,EMP-1036,REG-01,Retail Store,13,10933.38,0.05,135027.24,58842.07,76185.17,124225.06,Completed
ORD-HG-13307,2024-02-06,2024-02,CUST-1155,PROD-122,EMP-1038,REG-03,Field Sales,40,28655.58,0.03,1111836.5,602809.49,509027.01,1022889.58,Completed
ORD-HG-13308,2024-02-07,2024-02,CUST-1379,PROD-117,EMP-1007,REG-03,Field Sales,25,40888.0,0.04,981312.0,537361.92,443950.08,902807.04,Completed
ORD-HG-13309,2024-02-07,2024-02,CUST-1397,PROD-117,EMP-1011,REG-02,Enterprise Partner,17,13510.41,0.01,227380.2,122290.49,105089.71,209189.78,Completed
ORD-HG-13310,2024-02-07,2024-02,CUST-1058,PROD-119,EMP-1033,REG-02,Direct Online,33,25105.74,0.03,803634.74,413366.53,390268.21,739343.96,Completed
ORD-HG-13311,2024-02-07,2024-02,CUST-1395,PROD-117,EMP-1011,REG-04,Enterprise Partner,6,31313.05,0.02,184120.73,75449.61,108671.12,169391.07,Completed
ORD-HG-13312,2024-02-07,2024-02,CUST-1339,PROD-106,EMP-1033,REG-05,Enterprise Partner,16,12215.83,0.03,189589.68,94048.85,95540.83,174422.51,Completed
ORD-HG-13313,2024-02-07,2024-02,CUST-1489,PROD-109,EMP-1009,REG-04,Enterprise Partner,7,29049.55,0.02,199279.91,100893.15,98386.76,183337.52,Completed
ORD-HG-13314,2024-02-07,2024-02,CUST-1403,PROD-112,EMP-1025,REG-04,Enterprise Partner,7,9873.53,0.02,67732.42,35856.38,31876.04,62313.83,Completed
ORD-HG-13315,2024-02-07,2024-02,CUST-1355,PROD-114,EMP-1030,REG-01,Direct Online,16,19245.03,0.01,304841.28,137409.97,167431.31,280453.98,Completed
ORD-HG-13316,2024-02-07,2024-02,CUST-1281,PROD-109,EMP-1013,REG-03,Field Sales,33,34306.69,0.0,1132120.77,529311.91,602808.86,1041551.11,Completed
ORD-HG-13317,2024-02-07,2024-02,CUST-1458,PROD-112,EMP-1048,REG-05,Enterprise Partner,20,13463.52,0.0,269270.4,139344.43,129925.97,247728.77,Completed
ORD-HG-13318,2024-02-07,2024-02,CUST-1062,PROD-117,EMP-1005,REG-04,Field Sales,29,6057.65,0.05,166888.26,68956.05,97932.21,153537.2,Completed
ORD-HG-13319,2024-02-07,2024-02,CUST-1265,PROD-113,EMP-1010,REG-04,Enterprise Partner,23,9061.39,0.0,208411.97,89841.75,118570.22,191739.01,Completed
ORD-HG-13320,2024-02-07,2024-02,CUST-1400,PROD-120,EMP-1015,REG-01,Enterprise Partner,11,35369.79,0.04,373504.98,169441.9,204063.08,343624.58,Completed
ORD-HG-13321,2024-02-07,2024-02,CUST-1463,PROD-112,EMP-1042,REG-04,Enterprise Partner,5,27366.25,0.03,132726.31,63663.94,69062.37,122108.21,Completed
ORD-HG-13322,2024-02-07,2024-02,CUST-1124,PROD-111,EMP-1025,REG-01,Field Sales,43,27732.53,0.04,1144798.84,481212.41,663586.43,1053214.93,Completed
ORD-HG-13323,2024-02-07,2024-02,CUST-1130,PROD-110,EMP-1021,REG-02,Field Sales,23,8294.88,0.02,186966.6,88709.29,98257.31,172009.27,Completed
ORD-HG-13324,2024-02-07,2024-02,CUST-1431,PROD-113,EMP-1049,REG-05,Enterprise Partner,26,11741.71,0.01,302231.62,165076.48,137155.14,278053.09,Completed
ORD-HG-13325,2024-02-08,2024-02,CUST-1420,PROD-117,EMP-1015,REG-03,Enterprise Partner,24,15539.36,0.02,365485.75,184563.15,180922.6,336246.89,Completed
ORD-HG-13326,2024-02-08,2024-02,CUST-1181,PROD-105,EMP-1017,REG-01,Retail Store,25,20717.43,0.03,502397.68,235816.11,266581.57,462205.87,Completed
ORD-HG-13327,2024-02-08,2024-02,CUST-1434,PROD-107,EMP-1020,REG-02,Direct Online,19,23090.54,0.03,425558.65,182279.98,243278.67,391513.96,Completed
ORD-HG-13328,2024-02-08,2024-02,CUST-1014,PROD-123,EMP-1026,REG-04,Field Sales,42,30019.34,0.01,1248204.16,507308.38,740895.78,1148347.83,Completed
ORD-HG-13329,2024-02-08,2024-02,CUST-1233,PROD-119,EMP-1007,REG-02,Enterprise Partner,44,32161.07,0.02,1386785.34,722885.04,663900.3,1275842.51,Completed
ORD-HG-13330,2024-02-08,2024-02,CUST-1454,PROD-108,EMP-1027,REG-05,Direct Online,29,12810.18,0.01,367780.27,169020.5,198759.77,338357.85,Completed
ORD-HG-13331,2024-02-08,2024-02,CUST-1049,PROD-117,EMP-1008,REG-02,Retail Store,30,22405.91,0.0,672177.3,270493.5,401683.8,618403.12,Completed
ORD-HG-13332,2024-02-08,2024-02,CUST-1383,PROD-115,EMP-1031,REG-01,Direct Online,17,27916.25,0.03,460338.96,219569.3,240769.66,423511.84,Completed
ORD-HG-13333,2024-02-09,2024-02,CUST-1486,PROD-120,EMP-1045,REG-01,Enterprise Partner,6,26296.33,0.01,156200.2,72067.18,84133.02,143704.18,Completed
ORD-HG-13334,2024-02-09,2024-02,CUST-1198,PROD-115,EMP-1039,REG-04,Field Sales,21,44924.48,0.0,943414.08,498987.85,444426.23,867940.95,Completed
ORD-HG-13335,2024-02-09,2024-02,CUST-1151,PROD-117,EMP-1009,REG-02,Direct Online,32,30504.52,0.02,956621.75,519094.85,437526.9,880092.01,Completed
ORD-HG-13336,2024-02-09,2024-02,CUST-1069,PROD-120,EMP-1011,REG-05,Enterprise Partner,30,8369.1,0.03,243540.81,110367.06,133173.75,224057.55,Completed
ORD-HG-13337,2024-02-09,2024-02,CUST-1310,PROD-117,EMP-1037,REG-02,Field Sales,25,11551.31,0.05,274343.61,140635.78,133707.83,252396.12,Completed
ORD-HG-13338,2024-02-09,2024-02,CUST-1001,PROD-120,EMP-1048,REG-04,Direct Online,32,36242.17,0.01,1148151.95,610561.91,537590.04,1056299.79,Completed
ORD-HG-13339,2024-02-09,2024-02,CUST-1106,PROD-118,EMP-1016,REG-02,Direct Online,9,41200.91,0.04,355975.86,153759.11,202216.75,327497.79,Completed
ORD-HG-13340,2024-02-09,2024-02,CUST-1088,PROD-117,EMP-1033,REG-03,Retail Store,44,28788.39,0.0,1266689.16,572845.02,693844.14,1165354.03,Completed
ORD-HG-13341,2024-02-09,2024-02,CUST-1334,PROD-101,EMP-1042,REG-04,Enterprise Partner,10,28457.21,0.01,281726.38,130585.81,151140.57,259188.27,Completed
ORD-HG-13342,2024-02-10,2024-02,CUST-1042,PROD-121,EMP-1035,REG-02,Retail Store,15,17984.8,0.0,269772.0,127594.85,142177.15,248190.24,Completed
ORD-HG-13343,2024-02-10,2024-02,CUST-1194,PROD-109,EMP-1007,REG-02,Enterprise Partner,6,8701.42,0.05,49598.09,25459.21,24138.88,45630.24,Completed
ORD-HG-13344,2024-02-10,2024-02,CUST-1251,PROD-110,EMP-1006,REG-03,Direct Online,12,14794.63,0.03,172209.49,93391.02,78818.47,158432.73,Completed
ORD-HG-13345,2024-02-10,2024-02,CUST-1234,PROD-118,EMP-1036,REG-04,Enterprise Partner,6,44367.94,0.04,255559.33,111786.4,143772.93,235114.58,Completed
ORD-HG-13346,2024-02-10,2024-02,CUST-1325,PROD-121,EMP-1024,REG-05,Enterprise Partner,12,28955.23,0.04,333564.25,151369.5,182194.75,306879.11,Completed
ORD-HG-13347,2024-02-10,2024-02,CUST-1424,PROD-102,EMP-1014,REG-04,Retail Store,17,15399.3,0.01,259170.22,134813.86,124356.36,238436.6,Completed
ORD-HG-13348,2024-02-10,2024-02,CUST-1018,PROD-101,EMP-1018,REG-02,Direct Online,35,40011.98,0.01,1386415.11,636345.0,750070.11,1275501.9,Completed
ORD-HG-13349,2024-02-10,2024-02,CUST-1303,PROD-120,EMP-1046,REG-05,Field Sales,38,29738.39,0.05,1073555.88,478276.38,595279.5,987671.41,Completed
ORD-HG-13350,2024-02-10,2024-02,CUST-1376,PROD-112,EMP-1001,REG-05,Field Sales,6,19592.27,0.03,114027.01,52221.48,61805.53,104904.85,Completed
ORD-HG-13351,2024-02-10,2024-02,CUST-1128,PROD-116,EMP-1040,REG-04,Field Sales,37,20937.64,0.02,759198.83,380683.02,378515.81,698462.92,Completed
ORD-HG-13352,2024-02-10,2024-02,CUST-1172,PROD-105,EMP-1028,REG-01,Retail Store,36,12461.26,0.04,430661.15,207450.76,223210.39,396208.26,Completed
ORD-HG-13353,2024-02-11,2024-02,CUST-1024,PROD-102,EMP-1015,REG-04,Field Sales,12,30259.2,0.01,359479.3,161077.25,198402.05,330720.96,Completed
ORD-HG-13354,2024-02-11,2024-02,CUST-1099,PROD-121,EMP-1014,REG-03,Direct Online,36,13094.76,0.01,466697.25,231865.07,234832.18,429361.47,Completed
ORD-HG-13355,2024-02-11,2024-02,CUST-1343,PROD-106,EMP-1049,REG-03,Enterprise Partner,12,33899.17,0.05,386450.54,210028.64,176421.9,355534.5,Completed
ORD-HG-13356,2024-02-11,2024-02,CUST-1457,PROD-105,EMP-1018,REG-01,Direct Online,30,18861.97,0.05,537566.14,248401.38,289164.76,494560.85,Completed
ORD-HG-13357,2024-02-11,2024-02,CUST-1277,PROD-101,EMP-1041,REG-02,Enterprise Partner,20,39360.8,0.04,755727.36,366393.52,389333.84,695269.17,Completed
ORD-HG-13358,2024-02-11,2024-02,CUST-1217,PROD-113,EMP-1038,REG-03,Direct Online,42,44452.01,0.03,1810974.89,749237.55,1061737.34,1666096.9,Completed
ORD-HG-13359,2024-02-11,2024-02,CUST-1397,PROD-117,EMP-1049,REG-04,Retail Store,35,17043.33,0.03,578621.05,246430.32,332190.73,532331.37,Completed
ORD-HG-13360,2024-02-12,2024-02,CUST-1456,PROD-101,EMP-1038,REG-05,Retail Store,25,7314.46,0.01,181032.88,83015.04,98017.84,166550.25,Completed
ORD-HG-13361,2024-02-12,2024-02,CUST-1079,PROD-114,EMP-1029,REG-03,Enterprise Partner,29,12369.21,0.02,351532.95,156480.4,195052.55,323410.31,Completed
ORD-HG-13362,2024-02-12,2024-02,CUST-1129,PROD-111,EMP-1019,REG-05,Enterprise Partner,17,17093.29,0.0,290585.93,122493.47,168092.46,267339.06,Completed
ORD-HG-13363,2024-02-12,2024-02,CUST-1413,PROD-109,EMP-1048,REG-02,Enterprise Partner,34,26397.73,0.04,861621.91,467136.54,394485.37,792692.16,Completed
ORD-HG-13364,2024-02-12,2024-02,CUST-1135,PROD-119,EMP-1031,REG-02,Retail Store,9,36222.38,0.04,312961.36,134465.9,178495.46,287924.45,Completed
ORD-HG-13365,2024-02-12,2024-02,CUST-1406,PROD-107,EMP-1004,REG-04,Retail Store,27,31355.34,0.01,838128.24,340724.85,497403.39,771077.98,Completed
ORD-HG-13366,2024-02-12,2024-02,CUST-1330,PROD-109,EMP-1012,REG-04,Enterprise Partner,15,7702.91,0.05,109766.47,53239.82,56526.65,100985.15,Completed
ORD-HG-13367,2024-02-12,2024-02,CUST-1383,PROD-115,EMP-1006,REG-01,Enterprise Partner,24,27766.18,0.0,666388.32,283697.27,382691.05,613077.25,Completed
ORD-HG-13368,2024-02-12,2024-02,CUST-1261,PROD-114,EMP-1042,REG-04,Direct Online,39,19991.09,0.03,756262.93,304001.53,452261.4,695761.9,Completed
ORD-HG-13369,2024-02-13,2024-02,CUST-1451,PROD-105,EMP-1020,REG-02,Retail Store,26,16306.44,0.03,411248.42,174035.75,237212.67,378348.55,Completed
ORD-HG-13370,2024-02-13,2024-02,CUST-1119,PROD-107,EMP-1044,REG-04,Enterprise Partner,34,14908.55,0.01,501821.79,207758.6,294063.19,461676.05,Completed
ORD-HG-13371,2024-02-13,2024-02,CUST-1030,PROD-104,EMP-1044,REG-05,Field Sales,16,15148.29,0.01,239948.91,123624.74,116324.17,220753.0,Completed
ORD-HG-13372,2024-02-13,2024-02,CUST-1341,PROD-105,EMP-1013,REG-04,Enterprise Partner,6,41054.03,0.03,238934.45,117269.93,121664.52,219819.69,Completed
ORD-HG-13373,2024-02-13,2024-02,CUST-1125,PROD-120,EMP-1043,REG-05,Retail Store,42,24333.63,0.04,981131.96,491901.09,489230.87,902641.4,Completed
ORD-HG-13374,2024-02-13,2024-02,CUST-1370,PROD-119,EMP-1010,REG-03,Retail Store,42,40587.41,0.04,1636484.37,743656.5,892827.87,1505565.62,Completed
ORD-HG-13375,2024-02-14,2024-02,CUST-1031,PROD-102,EMP-1019,REG-05,Enterprise Partner,5,35079.9,0.05,166629.52,90541.14,76088.38,153299.16,Completed
ORD-HG-13376,2024-02-14,2024-02,CUST-1012,PROD-116,EMP-1034,REG-01,Direct Online,38,31644.01,0.04,1154373.48,556386.04,597987.44,1062023.6,Completed
ORD-HG-13377,2024-02-14,2024-02,CUST-1275,PROD-118,EMP-1029,REG-05,Enterprise Partner,11,34845.47,0.0,383300.17,204342.34,178957.83,352636.16,Completed
ORD-HG-13378,2024-02-14,2024-02,CUST-1266,PROD-124,EMP-1049,REG-05,Field Sales,13,10415.84,0.03,131343.74,65340.29,66003.45,120836.24,Completed
ORD-HG-13379,2024-02-14,2024-02,CUST-1389,PROD-108,EMP-1010,REG-01,Direct Online,25,44388.96,0.04,1065335.04,436898.64,628436.4,980108.24,Completed
ORD-HG-13380,2024-02-14,2024-02,CUST-1332,PROD-122,EMP-1027,REG-04,Retail Store,32,9243.79,0.05,281011.22,147732.07,133279.15,258530.32,Completed
ORD-HG-13381,2024-02-14,2024-02,CUST-1071,PROD-123,EMP-1034,REG-01,Field Sales,34,44713.47,0.02,1489852.82,630880.8,858972.02,1370664.59,Completed
ORD-HG-13382,2024-02-14,2024-02,CUST-1274,PROD-107,EMP-1032,REG-01,Enterprise Partner,11,8549.36,0.03,91221.67,47209.66,44012.01,83923.94,Completed
ORD-HG-13383,2024-02-14,2024-02,CUST-1125,PROD-120,EMP-1017,REG-05,Enterprise Partner,40,8624.49,0.02,338080.01,156716.3,181363.71,311033.61,Completed
ORD-HG-13384,2024-02-14,2024-02,CUST-1280,PROD-120,EMP-1047,REG-05,Direct Online,17,34383.94,0.05,555300.63,224246.84,331053.79,510876.58,Completed
ORD-HG-13385,2024-02-14,2024-02,CUST-1388,PROD-120,EMP-1007,REG-05,Enterprise Partner,35,35699.83,0.03,1212009.23,515962.19,696047.04,1115048.49,Completed
ORD-HG-13386,2024-02-14,2024-02,CUST-1447,PROD-116,EMP-1011,REG-04,Enterprise Partner,12,6347.22,0.01,75404.97,36784.96,38620.01,69372.57,Completed
ORD-HG-13387,2024-02-15,2024-02,CUST-1112,PROD-117,EMP-1039,REG-02,Retail Store,15,41273.14,0.02,606715.16,306051.16,300664.0,558177.95,Completed
ORD-HG-13388,2024-02-15,2024-02,CUST-1053,PROD-119,EMP-1043,REG-01,Direct Online,24,23807.95,0.01,565676.89,261407.54,304269.35,520422.74,Completed
ORD-HG-13389,2024-02-15,2024-02,CUST-1226,PROD-113,EMP-1020,REG-03,Field Sales,7,26804.21,0.03,182000.59,82431.43,99569.16,167440.54,Completed
ORD-HG-13390,2024-02-15,2024-02,CUST-1397,PROD-111,EMP-1010,REG-01,Retail Store,27,12184.97,0.01,325704.25,138254.26,187449.99,299647.91,Completed
ORD-HG-13391,2024-02-15,2024-02,CUST-1307,PROD-106,EMP-1020,REG-04,Enterprise Partner,7,12421.7,0.0,86951.9,37686.55,49265.35,79995.75,Completed
ORD-HG-13392,2024-02-16,2024-02,CUST-1028,PROD-105,EMP-1007,REG-04,Direct Online,32,11440.28,0.01,362428.07,183540.58,178887.49,333433.82,Completed
ORD-HG-13393,2024-02-16,2024-02,CUST-1362,PROD-115,EMP-1043,REG-03,Direct Online,32,16823.81,0.02,527594.68,239421.26,288173.42,485387.11,Completed
ORD-HG-13394,2024-02-16,2024-02,CUST-1206,PROD-120,EMP-1040,REG-02,Direct Online,5,7276.38,0.02,35654.26,19301.6,16352.66,32801.92,Completed
ORD-HG-13395,2024-02-16,2024-02,CUST-1484,PROD-124,EMP-1044,REG-01,Enterprise Partner,21,41854.71,0.02,861369.93,410912.82,450457.11,792460.34,Completed
ORD-HG-13396,2024-02-16,2024-02,CUST-1297,PROD-109,EMP-1029,REG-02,Direct Online,20,17059.73,0.05,324134.87,147926.68,176208.19,298204.08,Completed
ORD-HG-13397,2024-02-16,2024-02,CUST-1324,PROD-113,EMP-1025,REG-05,Direct Online,32,29012.18,0.01,919105.86,420680.08,498425.78,845577.39,Completed
ORD-HG-13398,2024-02-16,2024-02,CUST-1274,PROD-107,EMP-1036,REG-01,Enterprise Partner,9,18133.51,0.04,156673.53,76282.16,80391.37,144139.65,Completed
ORD-HG-13399,2024-02-16,2024-02,CUST-1466,PROD-101,EMP-1048,REG-04,Retail Store,19,11517.96,0.01,216652.83,89516.85,127135.98,199320.6,Completed
ORD-HG-13400,2024-02-16,2024-02,CUST-1239,PROD-110,EMP-1003,REG-02,Direct Online,31,19309.78,0.01,592617.15,248123.43,344493.72,545207.78,Completed
ORD-HG-13401,2024-02-16,2024-02,CUST-1145,PROD-106,EMP-1033,REG-05,Retail Store,23,30027.4,0.01,683723.9,365069.1,318654.8,629025.99,Completed
ORD-HG-13402,2024-02-17,2024-02,CUST-1098,PROD-109,EMP-1004,REG-03,Direct Online,35,37594.75,0.03,1276341.76,541071.6,735270.16,1174234.42,Completed
ORD-HG-13403,2024-02-17,2024-02,CUST-1356,PROD-117,EMP-1039,REG-01,Enterprise Partner,35,25357.56,0.05,843138.87,438755.22,404383.65,775687.76,Completed
ORD-HG-13404,2024-02-17,2024-02,CUST-1085,PROD-109,EMP-1035,REG-03,Enterprise Partner,10,6387.08,0.0,63870.8,31818.29,32052.51,58761.14,Completed
ORD-HG-13405,2024-02-17,2024-02,CUST-1018,PROD-106,EMP-1025,REG-05,Field Sales,36,31837.16,0.03,1111753.63,487658.96,624094.67,1022813.34,Completed
ORD-HG-13406,2024-02-17,2024-02,CUST-1343,PROD-102,EMP-1043,REG-04,Enterprise Partner,17,34304.75,0.01,577348.94,293331.24,284017.7,531161.02,Completed
ORD-HG-13407,2024-02-17,2024-02,CUST-1022,PROD-115,EMP-1010,REG-01,Field Sales,22,25613.25,0.03,546586.76,230191.06,316395.7,502859.82,Completed
ORD-HG-13408,2024-02-17,2024-02,CUST-1315,PROD-105,EMP-1027,REG-03,Field Sales,23,10718.41,0.04,236662.49,124921.24,111741.25,217729.49,Completed
ORD-HG-13409,2024-02-17,2024-02,CUST-1314,PROD-113,EMP-1006,REG-02,Retail Store,15,5541.47,0.04,79797.17,35763.54,44033.63,73413.4,Completed
ORD-HG-13410,2024-02-17,2024-02,CUST-1210,PROD-112,EMP-1045,REG-02,Enterprise Partner,18,25268.99,0.04,436648.15,238122.95,198525.2,401716.3,Completed
ORD-HG-13411,2024-02-17,2024-02,CUST-1243,PROD-123,EMP-1003,REG-01,Direct Online,37,36424.27,0.01,1334221.01,630078.5,704142.51,1227483.33,Completed
ORD-HG-13412,2024-02-17,2024-02,CUST-1363,PROD-123,EMP-1041,REG-01,Field Sales,43,7124.11,0.01,303273.36,157786.89,145486.47,279011.49,Completed
ORD-HG-13413,2024-02-18,2024-02,CUST-1093,PROD-107,EMP-1001,REG-04,Direct Online,20,24575.86,0.03,476771.68,220967.61,255804.07,438629.95,Completed
ORD-HG-13414,2024-02-18,2024-02,CUST-1181,PROD-124,EMP-1006,REG-01,Field Sales,18,41005.35,0.03,715953.41,385283.75,330669.66,658677.14,Completed
ORD-HG-13415,2024-02-18,2024-02,CUST-1084,PROD-106,EMP-1019,REG-02,Direct Online,36,16244.01,0.04,561392.99,240241.16,321151.83,516481.55,Completed
ORD-HG-13416,2024-02-18,2024-02,CUST-1440,PROD-105,EMP-1018,REG-01,Field Sales,42,28600.82,0.01,1189222.1,540137.27,649084.83,1094084.33,Completed
ORD-HG-13417,2024-02-18,2024-02,CUST-1112,PROD-116,EMP-1007,REG-01,Retail Store,16,36656.71,0.04,563047.07,253576.86,309470.21,518003.3,Completed
ORD-HG-13418,2024-02-18,2024-02,CUST-1427,PROD-118,EMP-1005,REG-05,Enterprise Partner,39,40629.97,0.04,1521186.08,820249.04,700937.04,1399491.19,Completed
ORD-HG-13419,2024-02-18,2024-02,CUST-1181,PROD-116,EMP-1024,REG-05,Retail Store,19,10821.16,0.02,201490.0,81119.32,120370.68,185370.8,Completed
ORD-HG-13420,2024-02-18,2024-02,CUST-1467,PROD-116,EMP-1031,REG-05,Direct Online,5,42994.76,0.04,206374.85,90839.15,115535.7,189864.86,Completed
ORD-HG-13421,2024-02-18,2024-02,CUST-1387,PROD-111,EMP-1036,REG-04,Direct Online,11,20319.87,0.03,216813.01,89564.69,127248.32,199467.97,Completed
ORD-HG-13422,2024-02-18,2024-02,CUST-1441,PROD-106,EMP-1017,REG-04,Direct Online,38,13461.93,0.01,506437.81,270454.69,235983.12,465922.79,Completed
ORD-HG-13423,2024-02-18,2024-02,CUST-1221,PROD-123,EMP-1046,REG-05,Retail Store,39,21441.7,0.01,827864.04,367805.99,460058.05,761634.92,Completed
ORD-HG-13424,2024-02-19,2024-02,CUST-1167,PROD-110,EMP-1040,REG-02,Enterprise Partner,24,42497.47,0.01,1009739.89,428493.17,581246.72,928960.7,Completed
ORD-HG-13425,2024-02-19,2024-02,CUST-1351,PROD-123,EMP-1010,REG-03,Retail Store,32,27438.07,0.0,878018.24,358306.8,519711.44,807776.78,Completed
ORD-HG-13426,2024-02-19,2024-02,CUST-1004,PROD-117,EMP-1001,REG-01,Enterprise Partner,24,7250.25,0.0,174006.0,81881.75,92124.25,160085.52,Completed
ORD-HG-13427,2024-02-19,2024-02,CUST-1393,PROD-112,EMP-1001,REG-05,Enterprise Partner,32,14034.77,0.01,444621.51,195349.02,249272.49,409051.79,Completed
ORD-HG-13428,2024-02-19,2024-02,CUST-1162,PROD-109,EMP-1013,REG-05,Field Sales,11,20506.2,0.03,218801.15,103798.43,115002.72,201297.06,Completed
ORD-HG-13429,2024-02-19,2024-02,CUST-1347,PROD-124,EMP-1034,REG-01,Field Sales,17,30936.5,0.02,515402.09,212870.31,302531.78,474169.92,Completed
ORD-HG-13430,2024-02-19,2024-02,CUST-1417,PROD-102,EMP-1034,REG-02,Retail Store,13,8071.18,0.02,102826.83,48171.2,54655.63,94600.68,Completed
ORD-HG-13431,2024-02-19,2024-02,CUST-1094,PROD-107,EMP-1010,REG-04,Direct Online,31,34191.68,0.0,1059942.08,480540.29,579401.79,975146.71,Completed
ORD-HG-13432,2024-02-19,2024-02,CUST-1381,PROD-101,EMP-1047,REG-03,Retail Store,22,26829.71,0.04,566643.48,284979.08,281664.4,521312.0,Completed
ORD-HG-13433,2024-02-19,2024-02,CUST-1196,PROD-111,EMP-1047,REG-04,Enterprise Partner,34,26497.68,0.0,900921.12,419207.48,481713.64,828847.43,Completed
ORD-HG-13434,2024-02-19,2024-02,CUST-1330,PROD-109,EMP-1011,REG-02,Retail Store,11,14243.9,0.01,155116.07,69264.42,85851.65,142706.78,Completed
ORD-HG-13435,2024-02-19,2024-02,CUST-1064,PROD-121,EMP-1007,REG-02,Field Sales,38,16984.62,0.05,613144.78,300868.73,312276.05,564093.2,Completed
ORD-HG-13436,2024-02-19,2024-02,CUST-1133,PROD-109,EMP-1017,REG-04,Retail Store,33,22213.44,0.02,718382.65,384098.9,334283.75,660912.04,Completed
ORD-HG-13437,2024-02-20,2024-02,CUST-1034,PROD-117,EMP-1003,REG-01,Direct Online,6,18586.98,0.01,110406.66,53469.72,56936.94,101574.13,Completed
ORD-HG-13438,2024-02-20,2024-02,CUST-1305,PROD-123,EMP-1030,REG-01,Field Sales,23,28535.5,0.04,630063.84,329894.37,300169.47,579658.73,Completed
ORD-HG-13439,2024-02-20,2024-02,CUST-1119,PROD-101,EMP-1045,REG-02,Field Sales,29,34653.65,0.04,964757.62,508818.65,455938.97,887577.01,Completed
ORD-HG-13440,2024-02-20,2024-02,CUST-1187,PROD-101,EMP-1047,REG-04,Field Sales,12,33652.89,0.02,395757.99,194071.09,201686.9,364097.35,Completed
ORD-HG-13441,2024-02-20,2024-02,CUST-1041,PROD-118,EMP-1013,REG-03,Retail Store,33,20308.08,0.01,663464.97,362572.75,300892.22,610387.77,Completed
ORD-HG-13442,2024-02-20,2024-02,CUST-1393,PROD-122,EMP-1008,REG-05,Field Sales,16,40755.83,0.04,626009.55,298260.96,327748.59,575928.79,Completed
ORD-HG-13443,2024-02-21,2024-02,CUST-1301,PROD-122,EMP-1043,REG-02,Field Sales,28,25436.66,0.02,697981.95,301773.28,396208.67,642143.39,Completed
ORD-HG-13444,2024-02-21,2024-02,CUST-1363,PROD-122,EMP-1034,REG-01,Direct Online,8,28490.99,0.03,221090.08,118048.73,103041.35,203402.87,Completed
ORD-HG-13445,2024-02-21,2024-02,CUST-1215,PROD-109,EMP-1017,REG-02,Field Sales,39,30687.59,0.02,1172879.69,548802.36,624077.33,1079049.31,Completed
ORD-HG-13446,2024-02-21,2024-02,CUST-1422,PROD-105,EMP-1042,REG-03,Field Sales,37,7477.27,0.02,271125.81,136652.56,134473.25,249435.75,Completed
ORD-HG-13447,2024-02-21,2024-02,CUST-1106,PROD-116,EMP-1008,REG-05,Retail Store,12,32506.15,0.05,370570.11,201222.24,169347.87,340924.5,Completed
ORD-HG-13448,2024-02-21,2024-02,CUST-1185,PROD-121,EMP-1009,REG-05,Field Sales,30,24700.75,0.0,741022.5,320573.01,420449.49,681740.7,Completed
ORD-HG-13449,2024-02-22,2024-02,CUST-1022,PROD-103,EMP-1040,REG-01,Retail Store,26,19789.39,0.04,493943.17,215253.13,278690.04,454427.72,Completed
ORD-HG-13450,2024-02-22,2024-02,CUST-1001,PROD-102,EMP-1017,REG-04,Retail Store,9,29925.72,0.02,263944.85,138979.74,124965.11,242829.26,Completed
ORD-HG-13451,2024-02-22,2024-02,CUST-1032,PROD-105,EMP-1013,REG-05,Direct Online,19,23255.7,0.04,424183.97,188395.76,235788.21,390249.25,Completed
ORD-HG-13452,2024-02-22,2024-02,CUST-1406,PROD-118,EMP-1013,REG-02,Retail Store,5,18308.57,0.04,87881.14,42432.93,45448.21,80850.65,Completed
ORD-HG-13453,2024-02-22,2024-02,CUST-1460,PROD-108,EMP-1028,REG-02,Field Sales,16,19450.59,0.02,304985.25,126760.18,178225.07,280586.43,Completed
ORD-HG-13454,2024-02-22,2024-02,CUST-1496,PROD-110,EMP-1032,REG-01,Direct Online,27,40586.32,0.02,1073914.03,502397.67,571516.36,988000.91,Completed
ORD-HG-13455,2024-02-22,2024-02,CUST-1225,PROD-111,EMP-1021,REG-04,Retail Store,12,18675.4,0.0,224104.8,102109.35,121995.45,206176.42,Completed
ORD-HG-13456,2024-02-22,2024-02,CUST-1469,PROD-108,EMP-1004,REG-05,Field Sales,17,33335.36,0.03,549700.09,273697.69,276002.4,505724.08,Completed
ORD-HG-13457,2024-02-22,2024-02,CUST-1392,PROD-107,EMP-1031,REG-04,Enterprise Partner,33,8836.4,0.05,277021.14,115087.05,161934.09,254859.45,Completed
ORD-HG-13458,2024-02-22,2024-02,CUST-1254,PROD-115,EMP-1011,REG-05,Direct Online,19,16450.89,0.01,309441.24,125562.42,183878.82,284685.94,Completed
ORD-HG-13459,2024-02-22,2024-02,CUST-1225,PROD-106,EMP-1006,REG-02,Enterprise Partner,6,37507.2,0.02,220542.34,115117.01,105425.33,202898.95,Completed
ORD-HG-13460,2024-02-22,2024-02,CUST-1379,PROD-114,EMP-1020,REG-05,Enterprise Partner,20,42194.51,0.01,835451.3,416959.74,418491.56,768615.2,Completed
ORD-HG-13461,2024-02-23,2024-02,CUST-1385,PROD-101,EMP-1005,REG-01,Direct Online,18,39987.38,0.05,683784.2,363473.45,320310.75,629081.46,Completed
ORD-HG-13462,2024-02-23,2024-02,CUST-1384,PROD-112,EMP-1039,REG-01,Field Sales,35,34746.39,0.03,1179639.94,504515.4,675124.54,1085268.74,Completed
ORD-HG-13463,2024-02-23,2024-02,CUST-1494,PROD-113,EMP-1037,REG-04,Field Sales,28,25751.64,0.04,692204.08,359297.55,332906.53,636827.75,Completed
ORD-HG-13464,2024-02-23,2024-02,CUST-1262,PROD-102,EMP-1008,REG-02,Enterprise Partner,15,28258.44,0.02,415399.07,203822.54,211576.53,382167.14,Completed
ORD-HG-13465,2024-02-23,2024-02,CUST-1428,PROD-123,EMP-1045,REG-01,Retail Store,39,32299.52,0.04,1209294.03,539233.09,670060.94,1112550.51,Completed
ORD-HG-13466,2024-02-23,2024-02,CUST-1467,PROD-104,EMP-1021,REG-05,Direct Online,14,34502.45,0.01,478203.96,198437.07,279766.89,439947.64,Completed
ORD-HG-13467,2024-02-23,2024-02,CUST-1057,PROD-116,EMP-1011,REG-01,Field Sales,18,26991.55,0.05,461555.5,218297.47,243258.03,424631.06,Completed
ORD-HG-13468,2024-02-23,2024-02,CUST-1283,PROD-107,EMP-1023,REG-03,Retail Store,28,6808.36,0.04,183008.72,94653.46,88355.26,168368.02,Completed
ORD-HG-13469,2024-02-23,2024-02,CUST-1387,PROD-117,EMP-1003,REG-05,Field Sales,34,37578.2,0.04,1226552.45,521369.73,705182.72,1128428.25,Completed
ORD-HG-13470,2024-02-23,2024-02,CUST-1283,PROD-101,EMP-1043,REG-01,Direct Online,31,16936.36,0.02,514526.62,210616.93,303909.69,473364.49,Completed
ORD-HG-13471,2024-02-23,2024-02,CUST-1005,PROD-101,EMP-1033,REG-04,Direct Online,40,41162.91,0.02,1613586.07,762137.1,851448.97,1484499.18,Completed
ORD-HG-13472,2024-02-23,2024-02,CUST-1221,PROD-109,EMP-1003,REG-05,Direct Online,36,17513.02,0.01,624164.03,278625.21,345538.82,574230.91,Completed
ORD-HG-13473,2024-02-24,2024-02,CUST-1256,PROD-120,EMP-1040,REG-01,Field Sales,38,29096.49,0.0,1105666.62,576764.51,528902.11,1017213.29,Completed
ORD-HG-13474,2024-02-24,2024-02,CUST-1118,PROD-124,EMP-1026,REG-05,Enterprise Partner,39,19561.64,0.03,740016.84,334757.25,405259.59,680815.49,Completed
ORD-HG-13475,2024-02-24,2024-02,CUST-1491,PROD-114,EMP-1035,REG-05,Enterprise Partner,8,12793.11,0.05,97227.64,46600.36,50627.28,89449.43,Completed
ORD-HG-13476,2024-02-24,2024-02,CUST-1166,PROD-114,EMP-1040,REG-04,Direct Online,24,32213.03,0.02,757650.47,339966.45,417684.02,697038.43,Completed
ORD-HG-13477,2024-02-24,2024-02,CUST-1187,PROD-113,EMP-1042,REG-03,Direct Online,17,30911.05,0.04,504468.34,268765.48,235702.86,464110.87,Completed
ORD-HG-13478,2024-02-24,2024-02,CUST-1314,PROD-105,EMP-1040,REG-04,Direct Online,19,7772.11,0.0,147670.09,69969.27,77700.82,135856.48,Completed
ORD-HG-13479,2024-02-24,2024-02,CUST-1183,PROD-122,EMP-1048,REG-01,Direct Online,7,38180.52,0.02,261918.37,112277.25,149641.12,240964.9,Completed
ORD-HG-13480,2024-02-24,2024-02,CUST-1364,PROD-115,EMP-1029,REG-04,Retail Store,24,26359.71,0.03,613654.05,253063.07,360590.98,564561.73,Completed
ORD-HG-13481,2024-02-24,2024-02,CUST-1193,PROD-103,EMP-1008,REG-05,Enterprise Partner,33,5405.12,0.0,178368.96,80557.4,97811.56,164099.44,Completed
ORD-HG-13482,2024-02-24,2024-02,CUST-1101,PROD-120,EMP-1007,REG-04,Enterprise Partner,19,25875.19,0.04,471963.47,256920.87,215042.6,434206.39,Completed
ORD-HG-13483,2024-02-24,2024-02,CUST-1215,PROD-102,EMP-1025,REG-01,Enterprise Partner,44,15912.74,0.02,686157.35,283456.89,402700.46,631264.76,Completed
ORD-HG-13484,2024-02-24,2024-02,CUST-1081,PROD-104,EMP-1002,REG-01,Enterprise Partner,20,28668.65,0.04,550438.08,251752.23,298685.85,506403.03,Completed
ORD-HG-13485,2024-02-25,2024-02,CUST-1482,PROD-105,EMP-1014,REG-02,Field Sales,10,25646.46,0.02,251335.31,118783.45,132551.86,231228.49,Completed
ORD-HG-13486,2024-02-25,2024-02,CUST-1218,PROD-111,EMP-1037,REG-01,Enterprise Partner,8,31629.73,0.04,242916.33,100045.85,142870.48,223483.02,Completed
ORD-HG-13487,2024-02-25,2024-02,CUST-1361,PROD-123,EMP-1031,REG-03,Retail Store,14,29468.65,0.04,396058.66,185229.97,210828.69,364373.97,Completed
ORD-HG-13488,2024-02-26,2024-02,CUST-1057,PROD-121,EMP-1048,REG-04,Direct Online,38,17557.53,0.03,647170.56,339537.72,307632.84,595396.92,Completed
ORD-HG-13489,2024-02-26,2024-02,CUST-1394,PROD-105,EMP-1021,REG-01,Enterprise Partner,10,19502.07,0.03,189170.08,88931.16,100238.92,174036.47,Completed
ORD-HG-13490,2024-02-26,2024-02,CUST-1158,PROD-119,EMP-1032,REG-05,Direct Online,5,28401.63,0.03,137747.91,69754.45,67993.46,126728.08,Completed
ORD-HG-13491,2024-02-26,2024-02,CUST-1281,PROD-120,EMP-1008,REG-04,Enterprise Partner,26,10865.95,0.05,268388.97,118106.91,150282.06,246917.85,Completed
ORD-HG-13492,2024-02-26,2024-02,CUST-1318,PROD-102,EMP-1002,REG-04,Enterprise Partner,24,43810.2,0.01,1040930.35,452567.22,588363.13,957655.92,Completed
ORD-HG-13493,2024-02-26,2024-02,CUST-1265,PROD-115,EMP-1007,REG-03,Field Sales,28,37609.79,0.04,1010951.16,478317.37,532633.79,930075.07,Completed
ORD-HG-13494,2024-02-26,2024-02,CUST-1445,PROD-113,EMP-1048,REG-04,Field Sales,22,11830.69,0.03,252466.92,124267.36,128199.56,232269.57,Completed
ORD-HG-13495,2024-02-27,2024-02,CUST-1066,PROD-117,EMP-1047,REG-05,Enterprise Partner,5,29232.04,0.04,140313.79,60215.69,80098.1,129088.69,Completed
ORD-HG-13496,2024-02-27,2024-02,CUST-1406,PROD-106,EMP-1019,REG-02,Direct Online,10,18043.58,0.05,171414.01,87494.06,83919.95,157700.89,Completed
ORD-HG-13497,2024-02-27,2024-02,CUST-1184,PROD-117,EMP-1006,REG-04,Field Sales,35,9718.78,0.03,329952.58,157773.46,172179.12,303556.37,Completed
ORD-HG-13498,2024-02-27,2024-02,CUST-1310,PROD-120,EMP-1018,REG-03,Enterprise Partner,41,17999.7,0.03,715848.07,377737.8,338110.27,658580.22,Completed
ORD-HG-13499,2024-02-27,2024-02,CUST-1397,PROD-110,EMP-1012,REG-04,Direct Online,40,25384.11,0.05,964596.18,518859.25,445736.93,887428.49,Completed
ORD-HG-13500,2024-02-27,2024-02,CUST-1046,PROD-117,EMP-1047,REG-02,Direct Online,42,25033.44,0.02,1030376.39,495719.29,534657.1,947946.28,Completed
ORD-HG-13501,2024-02-27,2024-02,CUST-1108,PROD-120,EMP-1002,REG-03,Retail Store,18,19004.27,0.03,331814.55,165492.49,166322.06,305269.39,Completed
ORD-HG-13502,2024-02-27,2024-02,CUST-1133,PROD-104,EMP-1018,REG-05,Direct Online,21,18762.69,0.05,374315.67,184098.09,190217.58,344370.42,Completed
ORD-HG-13503,2024-02-28,2024-02,CUST-1302,PROD-123,EMP-1031,REG-05,Direct Online,17,21912.89,0.02,365068.75,154379.67,210689.08,335863.25,Completed
ORD-HG-13504,2024-02-28,2024-02,CUST-1032,PROD-122,EMP-1023,REG-03,Enterprise Partner,36,39516.79,0.0,1422604.44,729634.34,692970.1,1308796.08,Completed
ORD-HG-13505,2024-02-28,2024-02,CUST-1018,PROD-120,EMP-1010,REG-01,Enterprise Partner,44,40126.2,0.01,1747897.27,839223.9,908673.37,1608065.49,Completed
ORD-HG-13506,2024-02-28,2024-02,CUST-1441,PROD-102,EMP-1034,REG-03,Enterprise Partner,40,21010.49,0.04,806802.82,344687.05,462115.77,742258.59,Completed
ORD-HG-13507,2024-02-28,2024-02,CUST-1011,PROD-119,EMP-1004,REG-04,Field Sales,38,10542.74,0.04,384599.16,187621.47,196977.69,353831.23,Completed
ORD-HG-13508,2024-02-28,2024-02,CUST-1053,PROD-124,EMP-1035,REG-01,Retail Store,20,7223.85,0.02,141587.46,71553.31,70034.15,130260.46,Completed
ORD-HG-13509,2024-02-28,2024-02,CUST-1367,PROD-112,EMP-1033,REG-03,Retail Store,28,41532.78,0.03,1128030.3,514655.45,613374.85,1037787.88,Completed
ORD-HG-13510,2024-02-29,2024-02,CUST-1498,PROD-104,EMP-1046,REG-02,Enterprise Partner,8,19705.38,0.01,156066.61,85230.18,70836.43,143581.28,Completed
ORD-HG-13511,2024-02-29,2024-02,CUST-1163,PROD-108,EMP-1030,REG-02,Direct Online,24,44846.02,0.01,1065541.44,500605.47,564935.97,980298.12,Completed
ORD-HG-13512,2024-02-29,2024-02,CUST-1267,PROD-106,EMP-1031,REG-02,Retail Store,31,27695.27,0.03,832796.77,333422.65,499374.12,766173.03,Completed
ORD-HG-13513,2024-02-29,2024-02,CUST-1387,PROD-122,EMP-1010,REG-05,Retail Store,23,6002.9,0.01,136686.03,55871.85,80814.18,125751.15,Completed
ORD-HG-13514,2024-02-29,2024-02,CUST-1466,PROD-109,EMP-1009,REG-05,Direct Online,10,14073.03,0.04,135101.09,55651.41,79449.68,124293.0,Completed
ORD-HG-13515,2024-02-29,2024-02,CUST-1349,PROD-121,EMP-1012,REG-05,Enterprise Partner,8,18899.07,0.01,149680.63,79087.66,70592.97,137706.18,Completed
ORD-HG-13516,2024-02-29,2024-02,CUST-1167,PROD-124,EMP-1023,REG-05,Enterprise Partner,19,9503.68,0.04,173347.12,86407.88,86939.24,159479.35,Completed
ORD-HG-13517,2024-03-01,2024-03,CUST-1052,PROD-110,EMP-1015,REG-05,Retail Store,21,42283.87,0.0,887961.27,484074.59,403886.68,816924.37,Completed
ORD-HG-13518,2024-03-01,2024-03,CUST-1027,PROD-102,EMP-1039,REG-02,Field Sales,44,6020.89,0.0,264919.16,141529.6,123389.56,243725.63,Completed
ORD-HG-13519,2024-03-01,2024-03,CUST-1419,PROD-116,EMP-1002,REG-05,Field Sales,12,8986.88,0.05,102450.43,47700.57,54749.86,94254.4,Completed
ORD-HG-13520,2024-03-01,2024-03,CUST-1171,PROD-118,EMP-1016,REG-02,Direct Online,35,6236.95,0.03,211744.45,93333.1,118411.35,194804.89,Completed
ORD-HG-13521,2024-03-01,2024-03,CUST-1474,PROD-122,EMP-1003,REG-03,Direct Online,15,8027.26,0.0,120408.9,63399.68,57009.22,110776.19,Completed
ORD-HG-13522,2024-03-01,2024-03,CUST-1123,PROD-101,EMP-1031,REG-03,Retail Store,30,30440.74,0.04,876693.31,449104.31,427589.0,806557.85,Completed
ORD-HG-13523,2024-03-01,2024-03,CUST-1265,PROD-121,EMP-1024,REG-04,Enterprise Partner,44,44647.02,0.01,1944824.19,1067580.73,877243.46,1789238.25,Completed
ORD-HG-13524,2024-03-01,2024-03,CUST-1192,PROD-120,EMP-1027,REG-01,Retail Store,15,28871.74,0.04,415753.06,198502.91,217250.15,382492.82,Completed
ORD-HG-13525,2024-03-01,2024-03,CUST-1060,PROD-112,EMP-1037,REG-01,Direct Online,34,22064.58,0.03,727689.85,293686.38,434003.47,669474.66,Completed
ORD-HG-13526,2024-03-01,2024-03,CUST-1287,PROD-112,EMP-1048,REG-02,Retail Store,16,35611.92,0.02,558394.91,246069.06,312325.85,513723.32,Completed
ORD-HG-13527,2024-03-01,2024-03,CUST-1485,PROD-108,EMP-1034,REG-05,Enterprise Partner,41,11035.47,0.05,429831.56,195276.07,234555.49,395445.04,Completed
ORD-HG-13528,2024-03-01,2024-03,CUST-1223,PROD-101,EMP-1012,REG-05,Field Sales,42,22272.32,0.01,926083.07,379122.39,546960.68,851996.42,Completed
ORD-HG-13529,2024-03-01,2024-03,CUST-1111,PROD-119,EMP-1020,REG-03,Direct Online,40,37496.26,0.04,1439856.38,718989.05,720867.33,1324667.87,Completed
ORD-HG-13530,2024-03-01,2024-03,CUST-1286,PROD-104,EMP-1024,REG-01,Enterprise Partner,34,44749.51,0.03,1475838.84,754742.68,721096.16,1357771.73,Completed
ORD-HG-13531,2024-03-02,2024-03,CUST-1014,PROD-118,EMP-1007,REG-03,Enterprise Partner,17,32996.23,0.01,555326.55,297529.51,257797.04,510900.43,Completed
ORD-HG-13532,2024-03-02,2024-03,CUST-1289,PROD-120,EMP-1032,REG-05,Retail Store,10,40330.65,0.04,387174.24,199471.97,187702.27,356200.3,Completed
ORD-HG-13533,2024-03-02,2024-03,CUST-1285,PROD-109,EMP-1038,REG-05,Field Sales,32,37586.79,0.01,1190749.51,482913.9,707835.61,1095489.55,Completed
ORD-HG-13534,2024-03-02,2024-03,CUST-1306,PROD-103,EMP-1002,REG-05,Retail Store,40,35637.51,0.05,1354225.38,642804.95,711420.43,1245887.35,Completed
ORD-HG-13535,2024-03-02,2024-03,CUST-1111,PROD-107,EMP-1032,REG-02,Retail Store,16,6223.74,0.04,95596.65,50378.4,45218.25,87948.92,Completed
ORD-HG-13536,2024-03-02,2024-03,CUST-1147,PROD-117,EMP-1001,REG-03,Field Sales,33,19940.78,0.01,651465.28,280756.31,370708.97,599348.06,Completed
ORD-HG-13537,2024-03-02,2024-03,CUST-1248,PROD-109,EMP-1024,REG-04,Field Sales,11,38048.86,0.02,410166.71,168510.39,241656.32,377353.37,Completed
ORD-HG-13538,2024-03-02,2024-03,CUST-1087,PROD-102,EMP-1049,REG-03,Retail Store,15,27407.65,0.05,390559.01,187247.3,203311.71,359314.29,Completed
ORD-HG-13539,2024-03-02,2024-03,CUST-1107,PROD-115,EMP-1006,REG-05,Direct Online,39,18000.09,0.02,687963.44,328013.8,359949.64,632926.36,Completed
ORD-HG-13540,2024-03-02,2024-03,CUST-1099,PROD-119,EMP-1026,REG-02,Field Sales,35,31220.23,0.05,1038072.65,529530.94,508541.71,955026.84,Completed
ORD-HG-13541,2024-03-02,2024-03,CUST-1051,PROD-118,EMP-1039,REG-01,Field Sales,13,34989.33,0.04,436666.84,226701.1,209965.74,401733.49,Completed
ORD-HG-13542,2024-03-03,2024-03,CUST-1155,PROD-120,EMP-1033,REG-04,Enterprise Partner,12,42337.85,0.05,482651.49,239570.48,243081.01,444039.37,Completed
ORD-HG-13543,2024-03-03,2024-03,CUST-1211,PROD-118,EMP-1023,REG-03,Direct Online,28,8519.2,0.01,236152.22,94663.02,141489.2,217260.04,Completed
ORD-HG-13544,2024-03-03,2024-03,CUST-1357,PROD-106,EMP-1006,REG-05,Direct Online,21,37100.25,0.03,755732.09,367865.38,387866.71,695273.52,Completed
ORD-HG-13545,2024-03-03,2024-03,CUST-1154,PROD-104,EMP-1007,REG-01,Direct Online,30,31464.03,0.03,915603.27,408442.91,507160.36,842355.01,Completed
ORD-HG-13546,2024-03-03,2024-03,CUST-1212,PROD-107,EMP-1006,REG-01,Field Sales,27,40458.64,0.05,1037764.12,485642.54,552121.58,954742.99,Completed
ORD-HG-13547,2024-03-03,2024-03,CUST-1417,PROD-102,EMP-1045,REG-02,Enterprise Partner,13,40631.63,0.01,522929.08,262471.41,260457.67,481094.75,Completed
ORD-HG-13548,2024-03-03,2024-03,CUST-1036,PROD-111,EMP-1034,REG-01,Retail Store,18,43254.2,0.01,770789.84,315617.88,455171.96,709126.65,Completed
ORD-HG-13549,2024-03-04,2024-03,CUST-1053,PROD-106,EMP-1048,REG-05,Field Sales,38,42335.11,0.01,1592646.84,839352.88,753293.96,1465235.09,Completed
ORD-HG-13550,2024-03-04,2024-03,CUST-1063,PROD-107,EMP-1004,REG-03,Direct Online,38,22719.69,0.0,863348.22,380306.8,483041.42,794280.36,Completed
ORD-HG-13551,2024-03-04,2024-03,CUST-1490,PROD-112,EMP-1006,REG-02,Field Sales,36,36588.17,0.04,1264487.16,646478.03,618009.13,1163328.19,Completed
ORD-HG-13552,2024-03-04,2024-03,CUST-1383,PROD-124,EMP-1018,REG-03,Retail Store,28,39366.59,0.04,1058173.94,553471.44,504702.5,973520.02,Completed
ORD-HG-13553,2024-03-04,2024-03,CUST-1317,PROD-103,EMP-1017,REG-04,Retail Store,31,5107.58,0.03,153584.93,62353.88,91231.05,141298.14,Completed
ORD-HG-13554,2024-03-04,2024-03,CUST-1433,PROD-113,EMP-1016,REG-05,Enterprise Partner,11,18051.92,0.03,192613.99,84239.56,108374.43,177204.87,Completed
ORD-HG-13555,2024-03-04,2024-03,CUST-1330,PROD-118,EMP-1021,REG-01,Retail Store,37,20615.94,0.01,755161.88,386698.67,368463.21,694748.93,Completed
ORD-HG-13556,2024-03-04,2024-03,CUST-1030,PROD-118,EMP-1040,REG-03,Direct Online,29,23583.79,0.02,670251.31,322345.94,347905.37,616631.21,Completed
ORD-HG-13557,2024-03-04,2024-03,CUST-1498,PROD-110,EMP-1039,REG-03,Retail Store,44,23308.89,0.04,984567.51,411316.68,573250.83,905802.11,Completed
ORD-HG-13558,2024-03-04,2024-03,CUST-1053,PROD-112,EMP-1019,REG-05,Direct Online,32,31521.81,0.01,998610.94,406529.77,592081.17,918722.06,Completed
ORD-HG-13559,2024-03-04,2024-03,CUST-1015,PROD-108,EMP-1013,REG-03,Retail Store,21,35476.05,0.01,737547.08,303246.0,434301.08,678543.31,Completed
ORD-HG-13560,2024-03-05,2024-03,CUST-1004,PROD-102,EMP-1021,REG-02,Direct Online,28,7047.46,0.01,195355.59,90545.59,104810.0,179727.14,Completed
ORD-HG-13561,2024-03-05,2024-03,CUST-1119,PROD-107,EMP-1046,REG-04,Field Sales,16,30591.84,0.03,474785.36,215046.04,259739.32,436802.53,Completed
ORD-HG-13562,2024-03-05,2024-03,CUST-1200,PROD-105,EMP-1038,REG-05,Direct Online,36,24361.72,0.03,850711.26,382959.34,467751.92,782654.36,Completed
ORD-HG-13563,2024-03-05,2024-03,CUST-1337,PROD-103,EMP-1019,REG-05,Enterprise Partner,5,39907.9,0.02,195548.71,82941.65,112607.06,179904.81,Completed
ORD-HG-13564,2024-03-05,2024-03,CUST-1248,PROD-123,EMP-1039,REG-01,Field Sales,42,41247.0,0.02,1697726.52,875562.55,822163.97,1561908.4,Completed
ORD-HG-13565,2024-03-05,2024-03,CUST-1279,PROD-109,EMP-1045,REG-03,Field Sales,12,27834.74,0.03,323996.37,131765.55,192230.82,298076.66,Completed
ORD-HG-13566,2024-03-05,2024-03,CUST-1082,PROD-120,EMP-1047,REG-02,Field Sales,31,18390.85,0.01,564415.19,246496.69,317918.5,519261.97,Completed
ORD-HG-13567,2024-03-06,2024-03,CUST-1245,PROD-123,EMP-1027,REG-01,Retail Store,31,34481.72,0.01,1058243.99,531428.82,526815.17,973584.47,Completed
ORD-HG-13568,2024-03-06,2024-03,CUST-1478,PROD-105,EMP-1018,REG-03,Direct Online,6,44871.28,0.05,255766.3,126736.95,129029.35,235305.0,Completed
ORD-HG-13569,2024-03-06,2024-03,CUST-1166,PROD-119,EMP-1011,REG-03,Retail Store,38,10455.18,0.0,397296.84,161850.13,235446.71,365513.09,Completed
ORD-HG-13570,2024-03-06,2024-03,CUST-1487,PROD-118,EMP-1036,REG-01,Enterprise Partner,10,32200.22,0.04,309122.11,158325.63,150796.48,284392.34,Completed
ORD-HG-13571,2024-03-06,2024-03,CUST-1110,PROD-115,EMP-1032,REG-02,Enterprise Partner,5,12670.76,0.01,62720.26,26321.28,36398.98,57702.64,Completed
ORD-HG-13572,2024-03-06,2024-03,CUST-1297,PROD-120,EMP-1005,REG-03,Enterprise Partner,21,17630.54,0.04,355431.69,189476.24,165955.45,326997.15,Completed
ORD-HG-13573,2024-03-06,2024-03,CUST-1408,PROD-112,EMP-1008,REG-02,Enterprise Partner,15,25682.38,0.04,369826.27,176243.99,193582.28,340240.17,Completed
ORD-HG-13574,2024-03-06,2024-03,CUST-1014,PROD-112,EMP-1037,REG-04,Field Sales,19,14171.2,0.04,258482.69,125137.3,133345.39,237804.07,Completed
ORD-HG-13575,2024-03-07,2024-03,CUST-1161,PROD-104,EMP-1016,REG-05,Enterprise Partner,18,37557.72,0.05,642237.01,271233.13,371003.88,590858.05,Completed
ORD-HG-13576,2024-03-07,2024-03,CUST-1033,PROD-117,EMP-1019,REG-05,Field Sales,30,27128.85,0.0,813865.5,410563.03,403302.47,748756.26,Completed
ORD-HG-13577,2024-03-07,2024-03,CUST-1037,PROD-119,EMP-1017,REG-03,Enterprise Partner,11,33417.38,0.0,367591.18,168423.06,199168.12,338183.89,Completed
ORD-HG-13578,2024-03-07,2024-03,CUST-1410,PROD-107,EMP-1048,REG-05,Field Sales,16,26641.92,0.02,417745.31,169682.33,248062.98,384325.69,Completed
ORD-HG-13579,2024-03-07,2024-03,CUST-1133,PROD-118,EMP-1002,REG-02,Direct Online,7,40759.34,0.01,282462.23,116697.91,165764.32,259865.25,Completed
ORD-HG-13580,2024-03-07,2024-03,CUST-1165,PROD-102,EMP-1012,REG-01,Retail Store,39,26690.99,0.02,1020129.64,482803.25,537326.39,938519.27,Completed
ORD-HG-13581,2024-03-07,2024-03,CUST-1161,PROD-121,EMP-1025,REG-02,Field Sales,30,33135.35,0.01,984119.9,475303.1,508816.8,905390.31,Completed
ORD-HG-13582,2024-03-07,2024-03,CUST-1113,PROD-107,EMP-1048,REG-03,Retail Store,33,29117.86,0.03,932062.7,386940.01,545122.69,857497.68,Completed
ORD-HG-13583,2024-03-07,2024-03,CUST-1112,PROD-124,EMP-1049,REG-03,Retail Store,41,10287.11,0.03,409118.36,197506.08,211612.28,376388.89,Completed
ORD-HG-13584,2024-03-07,2024-03,CUST-1056,PROD-111,EMP-1041,REG-04,Direct Online,31,14213.19,0.02,431796.71,223005.83,208790.88,397252.97,Completed
ORD-HG-13585,2024-03-08,2024-03,CUST-1033,PROD-120,EMP-1014,REG-03,Direct Online,12,19644.87,0.03,228666.29,95814.05,132852.24,210372.99,Completed
ORD-HG-13586,2024-03-08,2024-03,CUST-1422,PROD-111,EMP-1024,REG-03,Direct Online,12,13586.55,0.01,161408.21,76830.79,84577.42,148495.55,Completed
ORD-HG-13587,2024-03-08,2024-03,CUST-1380,PROD-108,EMP-1033,REG-03,Enterprise Partner,19,7499.6,0.01,141067.48,69423.24,71644.24,129782.08,Completed
ORD-HG-13588,2024-03-08,2024-03,CUST-1139,PROD-119,EMP-1006,REG-02,Field Sales,37,37346.42,0.02,1354181.19,606349.32,747831.87,1245846.69,Completed
ORD-HG-13589,2024-03-08,2024-03,CUST-1066,PROD-121,EMP-1007,REG-03,Enterprise Partner,25,38392.71,0.05,911826.86,415794.98,496031.88,838880.71,Completed
ORD-HG-13590,2024-03-08,2024-03,CUST-1068,PROD-114,EMP-1024,REG-04,Field Sales,7,25707.09,0.02,176350.64,79308.5,97042.14,162242.59,Completed
ORD-HG-13591,2024-03-08,2024-03,CUST-1417,PROD-116,EMP-1006,REG-03,Retail Store,33,15507.6,0.04,491280.77,259238.0,232042.77,451978.31,Completed
ORD-HG-13592,2024-03-08,2024-03,CUST-1383,PROD-121,EMP-1049,REG-03,Retail Store,8,7904.75,0.01,62605.62,31277.78,31327.84,57597.17,Completed
ORD-HG-13593,2024-03-08,2024-03,CUST-1262,PROD-117,EMP-1027,REG-01,Direct Online,28,17935.88,0.02,492160.55,208680.55,283480.0,452787.71,Completed
ORD-HG-13594,2024-03-09,2024-03,CUST-1416,PROD-102,EMP-1001,REG-03,Direct Online,13,21084.34,0.02,268614.49,136527.62,132086.87,247125.33,Completed
ORD-HG-13595,2024-03-09,2024-03,CUST-1125,PROD-117,EMP-1025,REG-04,Field Sales,35,41530.98,0.0,1453584.3,654503.03,799081.27,1337297.56,Completed
ORD-HG-13596,2024-03-09,2024-03,CUST-1317,PROD-115,EMP-1029,REG-01,Retail Store,14,7345.98,0.02,100786.85,42546.0,58240.85,92723.9,Completed
ORD-HG-13597,2024-03-09,2024-03,CUST-1369,PROD-123,EMP-1048,REG-03,Field Sales,23,38225.66,0.0,879190.18,389421.08,489769.1,808854.97,Completed
ORD-HG-13598,2024-03-09,2024-03,CUST-1402,PROD-108,EMP-1013,REG-05,Direct Online,20,26306.88,0.05,499830.72,270676.49,229154.23,459844.26,Completed
ORD-HG-13599,2024-03-09,2024-03,CUST-1127,PROD-105,EMP-1040,REG-02,Enterprise Partner,6,29349.29,0.03,170812.87,80361.44,90451.43,157147.84,Completed
ORD-HG-13600,2024-03-09,2024-03,CUST-1468,PROD-114,EMP-1005,REG-05,Retail Store,30,23681.37,0.0,710441.1,358782.51,351658.59,653605.81,Completed
ORD-HG-13601,2024-03-10,2024-03,CUST-1286,PROD-124,EMP-1004,REG-04,Field Sales,29,28025.97,0.04,780243.0,383435.91,396807.09,717823.56,Completed
ORD-HG-13602,2024-03-10,2024-03,CUST-1080,PROD-102,EMP-1027,REG-04,Field Sales,22,39852.61,0.02,859222.27,437403.82,421818.45,790484.49,Completed
ORD-HG-13603,2024-03-10,2024-03,CUST-1478,PROD-117,EMP-1013,REG-05,Field Sales,16,20765.38,0.05,315633.78,162569.91,153063.87,290383.08,Completed
ORD-HG-13604,2024-03-10,2024-03,CUST-1264,PROD-105,EMP-1006,REG-04,Enterprise Partner,16,33324.85,0.03,517201.67,253456.19,263745.48,475825.54,Completed
ORD-HG-13605,2024-03-10,2024-03,CUST-1187,PROD-124,EMP-1024,REG-03,Enterprise Partner,11,16272.53,0.01,177207.85,73099.49,104108.36,163031.22,Completed
ORD-HG-13606,2024-03-10,2024-03,CUST-1142,PROD-102,EMP-1039,REG-01,Enterprise Partner,32,38403.39,0.01,1216619.4,657300.89,559318.51,1119289.85,Completed
ORD-HG-13607,2024-03-10,2024-03,CUST-1046,PROD-109,EMP-1007,REG-02,Field Sales,14,17051.39,0.02,233945.07,95387.62,138557.45,215229.46,Completed
ORD-HG-13608,2024-03-10,2024-03,CUST-1078,PROD-115,EMP-1037,REG-01,Retail Store,36,44792.99,0.01,1596422.16,736932.2,859489.96,1468708.39,Completed
ORD-HG-13609,2024-03-10,2024-03,CUST-1193,PROD-122,EMP-1012,REG-04,Field Sales,17,34307.86,0.03,565736.61,246612.77,319123.84,520477.68,Completed
ORD-HG-13610,2024-03-11,2024-03,CUST-1470,PROD-101,EMP-1005,REG-05,Retail Store,6,10162.25,0.05,57924.82,24465.15,33459.67,53290.83,Completed
ORD-HG-13611,2024-03-11,2024-03,CUST-1063,PROD-107,EMP-1035,REG-03,Field Sales,43,31552.79,0.0,1356769.97,732601.02,624168.95,1248228.37,Completed
ORD-HG-13612,2024-03-11,2024-03,CUST-1411,PROD-105,EMP-1005,REG-03,Retail Store,24,18559.1,0.01,440964.22,214878.17,226086.05,405687.08,Completed
ORD-HG-13613,2024-03-11,2024-03,CUST-1495,PROD-111,EMP-1028,REG-05,Field Sales,13,20020.21,0.03,252454.85,136525.22,115929.63,232258.46,Completed
ORD-HG-13614,2024-03-11,2024-03,CUST-1383,PROD-104,EMP-1038,REG-03,Enterprise Partner,6,40577.18,0.01,241028.45,129175.5,111852.95,221746.17,Completed
ORD-HG-13615,2024-03-11,2024-03,CUST-1010,PROD-107,EMP-1019,REG-03,Field Sales,30,37313.79,0.02,1097025.43,512822.67,584202.76,1009263.4,Completed
ORD-HG-13616,2024-03-11,2024-03,CUST-1409,PROD-123,EMP-1032,REG-03,Field Sales,14,32778.13,0.05,435949.13,180820.33,255128.8,401073.2,Completed
ORD-HG-13617,2024-03-11,2024-03,CUST-1168,PROD-112,EMP-1039,REG-05,Direct Online,40,39917.93,0.01,1580750.03,731238.02,849512.01,1454290.03,Completed
ORD-HG-13618,2024-03-11,2024-03,CUST-1204,PROD-110,EMP-1025,REG-05,Enterprise Partner,11,14070.01,0.04,148579.31,76147.8,72431.51,136692.97,Completed
ORD-HG-13619,2024-03-12,2024-03,CUST-1022,PROD-118,EMP-1018,REG-05,Field Sales,44,43294.06,0.02,1866839.87,792006.68,1074833.19,1717492.68,Completed
ORD-HG-13620,2024-03-12,2024-03,CUST-1068,PROD-115,EMP-1017,REG-03,Field Sales,38,43711.58,0.03,1611208.84,772062.13,839146.71,1482312.13,Completed
ORD-HG-13621,2024-03-12,2024-03,CUST-1484,PROD-121,EMP-1036,REG-03,Enterprise Partner,6,33995.34,0.02,199892.6,85645.49,114247.11,183901.19,Completed
ORD-HG-13622,2024-03-12,2024-03,CUST-1306,PROD-115,EMP-1023,REG-01,Enterprise Partner,20,41739.61,0.05,793052.59,430575.46,362477.13,729608.38,Completed
ORD-HG-13623,2024-03-12,2024-03,CUST-1405,PROD-108,EMP-1008,REG-04,Enterprise Partner,40,16160.48,0.0,646419.2,300536.35,345882.85,594705.66,Completed
ORD-HG-13624,2024-03-12,2024-03,CUST-1327,PROD-121,EMP-1048,REG-02,Enterprise Partner,42,33124.21,0.03,1349480.32,662543.39,686936.93,1241521.89,Completed
ORD-HG-13625,2024-03-12,2024-03,CUST-1255,PROD-119,EMP-1027,REG-02,Enterprise Partner,24,36344.94,0.05,828664.63,428443.38,400221.25,762371.46,Completed
ORD-HG-13626,2024-03-12,2024-03,CUST-1122,PROD-111,EMP-1036,REG-02,Field Sales,32,34231.57,0.04,1051593.83,468941.42,582652.41,967466.32,Completed
ORD-HG-13627,2024-03-12,2024-03,CUST-1045,PROD-112,EMP-1016,REG-01,Enterprise Partner,19,28617.53,0.02,532858.41,271396.69,261461.72,490229.74,Completed
ORD-HG-13628,2024-03-12,2024-03,CUST-1340,PROD-103,EMP-1010,REG-02,Retail Store,16,17598.24,0.02,275940.4,110883.83,165056.57,253865.17,Completed
ORD-HG-13629,2024-03-13,2024-03,CUST-1415,PROD-102,EMP-1034,REG-01,Retail Store,36,38158.98,0.0,1373723.28,630629.55,743093.73,1263825.42,Completed
ORD-HG-13630,2024-03-13,2024-03,CUST-1198,PROD-122,EMP-1024,REG-02,Retail Store,35,25996.94,0.0,909892.9,412347.12,497545.78,837101.47,Completed
ORD-HG-13631,2024-03-13,2024-03,CUST-1043,PROD-115,EMP-1034,REG-02,Enterprise Partner,13,42200.44,0.03,532147.55,245418.63,286728.92,489575.75,Completed
ORD-HG-13632,2024-03-13,2024-03,CUST-1190,PROD-109,EMP-1038,REG-01,Enterprise Partner,41,43540.07,0.05,1695885.73,818548.16,877337.57,1560214.87,Completed
ORD-HG-13633,2024-03-13,2024-03,CUST-1285,PROD-113,EMP-1010,REG-03,Retail Store,22,9393.21,0.02,202517.61,103419.49,99098.12,186316.2,Completed
ORD-HG-13634,2024-03-13,2024-03,CUST-1444,PROD-113,EMP-1002,REG-02,Enterprise Partner,22,39294.46,0.04,829899.0,337811.56,492087.44,763507.08,Completed
ORD-HG-13635,2024-03-13,2024-03,CUST-1223,PROD-115,EMP-1008,REG-02,Retail Store,18,6406.47,0.05,109550.64,47896.54,61654.1,100786.59,Completed
ORD-HG-13636,2024-03-13,2024-03,CUST-1126,PROD-105,EMP-1020,REG-03,Enterprise Partner,44,16505.09,0.03,704437.24,357622.08,346815.16,648082.26,Completed
ORD-HG-13637,2024-03-13,2024-03,CUST-1143,PROD-116,EMP-1005,REG-01,Retail Store,8,18338.76,0.03,142308.78,77009.0,65299.78,130924.08,Completed
ORD-HG-13638,2024-03-13,2024-03,CUST-1085,PROD-123,EMP-1004,REG-03,Field Sales,29,38194.68,0.01,1096569.26,457666.66,638902.6,1008843.72,Completed
ORD-HG-13639,2024-03-13,2024-03,CUST-1019,PROD-113,EMP-1002,REG-03,Retail Store,7,29029.07,0.01,201171.46,96558.26,104613.2,185077.74,Completed
ORD-HG-13640,2024-03-13,2024-03,CUST-1226,PROD-114,EMP-1034,REG-02,Retail Store,14,31864.69,0.01,441644.6,191635.1,250009.5,406313.03,Completed
ORD-HG-13641,2024-03-14,2024-03,CUST-1089,PROD-102,EMP-1016,REG-05,Enterprise Partner,11,7439.32,0.01,81014.19,37820.27,43193.92,74533.05,Completed
ORD-HG-13642,2024-03-14,2024-03,CUST-1413,PROD-105,EMP-1041,REG-05,Field Sales,38,38468.82,0.03,1417960.71,630539.13,787421.58,1304523.85,Completed
ORD-HG-13643,2024-03-14,2024-03,CUST-1169,PROD-103,EMP-1014,REG-02,Direct Online,24,15280.03,0.04,352051.89,144412.29,207639.6,323887.74,Completed
ORD-HG-13644,2024-03-14,2024-03,CUST-1286,PROD-115,EMP-1023,REG-03,Enterprise Partner,18,30871.98,0.04,533467.81,251505.49,281962.32,490790.39,Completed
ORD-HG-13645,2024-03-14,2024-03,CUST-1471,PROD-122,EMP-1034,REG-01,Field Sales,20,34521.22,0.04,662807.42,294255.17,368552.25,609782.83,Completed
ORD-HG-13646,2024-03-14,2024-03,CUST-1087,PROD-124,EMP-1040,REG-01,Field Sales,31,34057.74,0.01,1045232.04,552363.42,492868.62,961613.48,Completed
ORD-HG-13647,2024-03-14,2024-03,CUST-1433,PROD-109,EMP-1003,REG-05,Field Sales,36,35242.02,0.04,1217964.21,488861.12,729103.09,1120527.07,Completed
ORD-HG-13648,2024-03-14,2024-03,CUST-1470,PROD-111,EMP-1005,REG-03,Retail Store,13,29885.97,0.04,372976.91,162142.12,210834.79,343138.76,Completed
ORD-HG-13649,2024-03-15,2024-03,CUST-1179,PROD-103,EMP-1034,REG-05,Retail Store,32,12533.68,0.01,397066.98,161745.41,235321.57,365301.62,Completed
ORD-HG-13650,2024-03-15,2024-03,CUST-1226,PROD-105,EMP-1010,REG-02,Field Sales,5,10572.57,0.04,50748.34,27100.91,23647.43,46688.47,Completed
ORD-HG-13651,2024-03-15,2024-03,CUST-1286,PROD-104,EMP-1043,REG-01,Retail Store,36,32672.98,0.01,1164465.01,542128.98,622336.03,1071307.81,Completed
ORD-HG-13652,2024-03-15,2024-03,CUST-1344,PROD-103,EMP-1024,REG-05,Direct Online,19,38059.06,0.01,715890.92,346815.9,369075.02,658619.65,Completed
ORD-HG-13653,2024-03-15,2024-03,CUST-1203,PROD-122,EMP-1030,REG-01,Direct Online,28,41731.6,0.04,1121745.41,526515.94,595229.47,1032005.78,Completed
ORD-HG-13654,2024-03-15,2024-03,CUST-1363,PROD-111,EMP-1044,REG-02,Retail Store,14,28988.65,0.04,389607.46,181818.93,207788.53,358438.86,Completed
ORD-HG-13655,2024-03-16,2024-03,CUST-1238,PROD-117,EMP-1004,REG-04,Direct Online,40,5464.66,0.01,216400.54,115373.52,101027.02,199088.5,Completed
ORD-HG-13656,2024-03-16,2024-03,CUST-1191,PROD-106,EMP-1019,REG-04,Retail Store,44,19349.37,0.04,817317.39,422379.47,394937.92,751932.0,Completed
ORD-HG-13657,2024-03-16,2024-03,CUST-1098,PROD-120,EMP-1014,REG-04,Retail Store,28,12839.39,0.03,348717.83,185644.62,163073.21,320820.4,Completed
ORD-HG-13658,2024-03-16,2024-03,CUST-1047,PROD-117,EMP-1031,REG-01,Retail Store,41,9076.16,0.0,372122.56,154030.73,218091.83,342352.76,Completed
ORD-HG-13659,2024-03-16,2024-03,CUST-1152,PROD-101,EMP-1013,REG-01,Direct Online,32,7759.91,0.02,243350.78,103777.47,139573.31,223882.72,Completed
ORD-HG-13660,2024-03-16,2024-03,CUST-1311,PROD-124,EMP-1019,REG-02,Direct Online,16,43880.56,0.0,702088.96,340103.87,361985.09,645921.84,Completed
ORD-HG-13661,2024-03-16,2024-03,CUST-1111,PROD-110,EMP-1025,REG-04,Retail Store,44,39026.89,0.01,1700011.33,791894.45,908116.88,1564010.42,Completed
ORD-HG-13662,2024-03-17,2024-03,CUST-1224,PROD-108,EMP-1009,REG-02,Field Sales,30,31164.94,0.03,906899.75,472936.77,433962.98,834347.77,Completed
ORD-HG-13663,2024-03-17,2024-03,CUST-1460,PROD-113,EMP-1048,REG-01,Field Sales,20,39686.82,0.02,777861.67,359513.99,418347.68,715632.74,Completed
ORD-HG-13664,2024-03-17,2024-03,CUST-1336,PROD-111,EMP-1024,REG-04,Direct Online,22,43035.8,0.04,908916.1,451445.67,457470.43,836202.81,Completed
ORD-HG-13665,2024-03-17,2024-03,CUST-1006,PROD-119,EMP-1009,REG-01,Field Sales,5,40824.45,0.0,204122.25,103208.59,100913.66,187792.47,Completed
ORD-HG-13666,2024-03-17,2024-03,CUST-1368,PROD-111,EMP-1031,REG-05,Retail Store,21,36622.37,0.0,769069.77,345795.78,423273.99,707544.19,Completed
ORD-HG-13667,2024-03-18,2024-03,CUST-1023,PROD-121,EMP-1018,REG-04,Retail Store,25,19381.71,0.0,484542.75,242106.34,242436.41,445779.33,Completed
ORD-HG-13668,2024-03-18,2024-03,CUST-1365,PROD-115,EMP-1033,REG-01,Enterprise Partner,5,31783.47,0.02,155739.0,85317.93,70421.07,143279.88,Completed
ORD-HG-13669,2024-03-18,2024-03,CUST-1431,PROD-122,EMP-1018,REG-01,Field Sales,19,21129.63,0.03,389419.08,196980.94,192438.14,358265.55,Completed
ORD-HG-13670,2024-03-19,2024-03,CUST-1447,PROD-105,EMP-1031,REG-01,Enterprise Partner,13,6787.36,0.02,86470.97,35420.89,51050.08,79553.29,Completed
ORD-HG-13671,2024-03-19,2024-03,CUST-1160,PROD-105,EMP-1018,REG-02,Enterprise Partner,25,6823.64,0.01,168885.09,86506.7,82378.39,155374.28,Completed
ORD-HG-13672,2024-03-19,2024-03,CUST-1126,PROD-101,EMP-1043,REG-01,Retail Store,31,25540.26,0.02,775913.1,389541.96,386371.14,713840.05,Completed
ORD-HG-13673,2024-03-19,2024-03,CUST-1185,PROD-120,EMP-1011,REG-02,Field Sales,16,14414.43,0.05,219099.34,118040.83,101058.51,201571.39,Completed
ORD-HG-13674,2024-03-19,2024-03,CUST-1499,PROD-122,EMP-1037,REG-01,Direct Online,28,23704.89,0.04,637187.44,293617.57,343569.87,586212.44,Completed
ORD-HG-13675,2024-03-19,2024-03,CUST-1267,PROD-111,EMP-1017,REG-05,Retail Store,25,25541.05,0.02,625755.72,317456.65,308299.07,575695.26,Completed
ORD-HG-13676,2024-03-19,2024-03,CUST-1454,PROD-112,EMP-1028,REG-04,Enterprise Partner,22,33278.8,0.0,732133.6,399827.05,332306.55,673562.91,Completed
ORD-HG-13677,2024-03-20,2024-03,CUST-1034,PROD-106,EMP-1005,REG-02,Retail Store,10,21203.89,0.02,207798.12,113516.39,94281.73,191174.27,Completed
ORD-HG-13678,2024-03-20,2024-03,CUST-1245,PROD-105,EMP-1049,REG-05,Field Sales,39,11729.68,0.05,434584.64,191989.57,242595.07,399817.87,Completed
ORD-HG-13679,2024-03-20,2024-03,CUST-1470,PROD-123,EMP-1046,REG-03,Field Sales,26,38592.96,0.03,973314.45,437360.68,535953.77,895449.29,Completed
ORD-HG-13680,2024-03-20,2024-03,CUST-1051,PROD-107,EMP-1012,REG-03,Retail Store,41,13535.96,0.04,532775.39,248135.42,284639.97,490153.36,Completed
ORD-HG-13681,2024-03-20,2024-03,CUST-1044,PROD-118,EMP-1018,REG-02,Retail Store,5,31629.71,0.03,153404.09,63374.21,90029.88,141131.76,Completed
ORD-HG-13682,2024-03-20,2024-03,CUST-1223,PROD-103,EMP-1011,REG-04,Field Sales,33,22849.97,0.03,731427.54,360975.88,370451.66,672913.34,Completed
ORD-HG-13683,2024-03-20,2024-03,CUST-1387,PROD-112,EMP-1001,REG-03,Direct Online,31,22235.79,0.04,661737.11,338222.33,323514.78,608798.14,Completed
ORD-HG-13684,2024-03-20,2024-03,CUST-1245,PROD-121,EMP-1030,REG-03,Direct Online,42,9176.11,0.03,373834.72,200617.01,173217.71,343927.94,Completed
ORD-HG-13685,2024-03-20,2024-03,CUST-1048,PROD-108,EMP-1018,REG-02,Enterprise Partner,35,36622.16,0.03,1243322.33,573165.27,670157.06,1143856.54,Completed
ORD-HG-13686,2024-03-20,2024-03,CUST-1269,PROD-120,EMP-1045,REG-05,Direct Online,10,40130.34,0.03,389264.3,165479.14,223785.16,358123.16,Completed
ORD-HG-13687,2024-03-20,2024-03,CUST-1247,PROD-113,EMP-1038,REG-03,Direct Online,30,21821.29,0.02,641545.93,313388.24,328157.69,590222.26,Completed
ORD-HG-13688,2024-03-21,2024-03,CUST-1048,PROD-114,EMP-1010,REG-01,Field Sales,14,36262.99,0.05,482297.77,230984.56,251313.21,443713.95,Completed
ORD-HG-13689,2024-03-21,2024-03,CUST-1248,PROD-111,EMP-1024,REG-04,Field Sales,27,43724.46,0.03,1145143.61,527903.97,617239.64,1053532.12,Completed
ORD-HG-13690,2024-03-21,2024-03,CUST-1340,PROD-119,EMP-1039,REG-03,Retail Store,31,10815.59,0.04,321871.96,140749.99,181121.97,296122.2,Completed
ORD-HG-13691,2024-03-21,2024-03,CUST-1062,PROD-116,EMP-1010,REG-01,Enterprise Partner,25,44179.08,0.04,1060297.92,511624.92,548673.0,975474.09,Completed
ORD-HG-13692,2024-03-21,2024-03,CUST-1064,PROD-106,EMP-1020,REG-03,Direct Online,5,7123.59,0.02,34905.59,16530.64,18374.95,32113.14,Completed
ORD-HG-13693,2024-03-21,2024-03,CUST-1071,PROD-106,EMP-1034,REG-02,Direct Online,18,15092.33,0.02,266228.7,111717.08,154511.62,244930.4,Completed
ORD-HG-13694,2024-03-21,2024-03,CUST-1104,PROD-107,EMP-1005,REG-02,Retail Store,35,6821.89,0.02,233990.83,118600.38,115390.45,215271.56,Completed
ORD-HG-13695,2024-03-21,2024-03,CUST-1488,PROD-112,EMP-1003,REG-05,Retail Store,6,32263.53,0.02,189709.56,88072.45,101637.11,174532.8,Completed
ORD-HG-13696,2024-03-22,2024-03,CUST-1312,PROD-108,EMP-1017,REG-05,Retail Store,34,30515.95,0.02,1016791.45,410321.12,606470.33,935448.13,Completed
ORD-HG-13697,2024-03-22,2024-03,CUST-1444,PROD-122,EMP-1030,REG-01,Direct Online,40,6154.8,0.05,233882.4,112159.16,121723.24,215171.81,Completed
ORD-HG-13698,2024-03-22,2024-03,CUST-1408,PROD-106,EMP-1020,REG-01,Retail Store,21,20817.51,0.04,419681.0,208506.9,211174.1,386106.52,Completed
ORD-HG-13699,2024-03-22,2024-03,CUST-1482,PROD-103,EMP-1003,REG-02,Retail Store,34,6759.67,0.04,220635.63,93256.87,127378.76,202984.78,Completed
ORD-HG-13700,2024-03-22,2024-03,CUST-1054,PROD-106,EMP-1009,REG-03,Direct Online,23,26962.74,0.01,613941.59,261007.62,352933.97,564826.26,Completed
ORD-HG-13701,2024-03-22,2024-03,CUST-1004,PROD-109,EMP-1002,REG-02,Enterprise Partner,7,15668.73,0.03,106390.68,58077.27,48313.41,97879.43,Completed
ORD-HG-13702,2024-03-22,2024-03,CUST-1206,PROD-108,EMP-1025,REG-04,Field Sales,11,12468.68,0.0,137155.48,72014.69,65140.79,126183.04,Completed
ORD-HG-13703,2024-03-22,2024-03,CUST-1297,PROD-109,EMP-1042,REG-04,Field Sales,20,10137.71,0.02,198699.12,88013.34,110685.78,182803.19,Completed
ORD-HG-13704,2024-03-22,2024-03,CUST-1019,PROD-105,EMP-1049,REG-04,Field Sales,10,17866.38,0.0,178663.8,94812.69,83851.11,164370.7,Completed
ORD-HG-13705,2024-03-22,2024-03,CUST-1335,PROD-123,EMP-1039,REG-02,Direct Online,42,11443.61,0.03,466212.67,211144.26,255068.41,428915.66,Completed
ORD-HG-13706,2024-03-23,2024-03,CUST-1017,PROD-108,EMP-1022,REG-02,Enterprise Partner,15,18011.18,0.01,267466.02,134757.43,132708.59,246068.74,Completed
ORD-HG-13707,2024-03-23,2024-03,CUST-1092,PROD-122,EMP-1047,REG-01,Enterprise Partner,6,8028.45,0.04,46243.87,21544.47,24699.4,42544.36,Completed
ORD-HG-13708,2024-03-23,2024-03,CUST-1148,PROD-107,EMP-1037,REG-05,Direct Online,40,38668.93,0.02,1515822.06,697821.78,818000.28,1394556.3,Completed
ORD-HG-13709,2024-03-23,2024-03,CUST-1013,PROD-124,EMP-1004,REG-04,Retail Store,16,13343.79,0.05,202825.61,107827.23,94998.38,186599.56,Completed
ORD-HG-13710,2024-03-23,2024-03,CUST-1396,PROD-117,EMP-1046,REG-04,Retail Store,17,42759.23,0.01,719637.84,324838.84,394799.0,662066.81,Completed
ORD-HG-13711,2024-03-23,2024-03,CUST-1300,PROD-115,EMP-1030,REG-04,Retail Store,43,28880.62,0.01,1229447.99,500563.09,728884.9,1131092.15,Completed
ORD-HG-13712,2024-03-23,2024-03,CUST-1183,PROD-121,EMP-1041,REG-01,Direct Online,29,7981.98,0.05,219903.55,91269.89,128633.66,202311.27,Completed
ORD-HG-13713,2024-03-23,2024-03,CUST-1398,PROD-102,EMP-1028,REG-03,Enterprise Partner,17,16596.66,0.02,276500.36,117985.58,158514.78,254380.33,Completed
ORD-HG-13714,2024-03-23,2024-03,CUST-1465,PROD-108,EMP-1027,REG-01,Field Sales,25,17455.09,0.01,432013.48,180531.04,251482.44,397452.4,Completed
ORD-HG-13715,2024-03-23,2024-03,CUST-1154,PROD-122,EMP-1046,REG-03,Retail Store,10,37215.77,0.02,364714.55,149475.96,215238.59,335537.39,Completed
ORD-HG-13716,2024-03-23,2024-03,CUST-1291,PROD-124,EMP-1048,REG-01,Enterprise Partner,32,5631.29,0.03,174795.24,87727.15,87068.09,160811.62,Completed
ORD-HG-13717,2024-03-23,2024-03,CUST-1136,PROD-115,EMP-1048,REG-03,Enterprise Partner,16,44733.41,0.05,679947.83,350764.41,329183.42,625552.0,Completed
ORD-HG-13718,2024-03-24,2024-03,CUST-1458,PROD-121,EMP-1036,REG-03,Enterprise Partner,37,31518.64,0.01,1154527.78,591317.01,563210.77,1062165.56,Completed
ORD-HG-13719,2024-03-24,2024-03,CUST-1257,PROD-118,EMP-1018,REG-01,Direct Online,13,36373.98,0.05,449218.65,225855.17,223363.48,413281.16,Completed
ORD-HG-13720,2024-03-24,2024-03,CUST-1057,PROD-109,EMP-1002,REG-05,Field Sales,7,36364.13,0.01,252003.42,110283.32,141720.1,231843.15,Completed
ORD-HG-13721,2024-03-24,2024-03,CUST-1393,PROD-101,EMP-1022,REG-02,Direct Online,5,40775.16,0.02,199798.28,92969.91,106828.37,183814.42,Completed
ORD-HG-13722,2024-03-24,2024-03,CUST-1291,PROD-112,EMP-1043,REG-05,Field Sales,14,13940.18,0.0,195162.52,98245.14,96917.38,179549.52,Completed
ORD-HG-13723,2024-03-24,2024-03,CUST-1084,PROD-123,EMP-1045,REG-01,Enterprise Partner,10,39673.46,0.02,388799.91,208509.37,180290.54,357695.92,Completed
ORD-HG-13724,2024-03-24,2024-03,CUST-1246,PROD-116,EMP-1037,REG-04,Enterprise Partner,13,11545.64,0.03,145590.52,73196.3,72394.22,133943.28,Completed
ORD-HG-13725,2024-03-24,2024-03,CUST-1204,PROD-102,EMP-1025,REG-05,Field Sales,28,23263.18,0.03,631827.97,319044.21,312783.76,581281.73,Completed
ORD-HG-13726,2024-03-24,2024-03,CUST-1215,PROD-124,EMP-1001,REG-02,Field Sales,6,17423.41,0.02,102449.65,55096.17,47353.48,94253.68,Completed
ORD-HG-13727,2024-03-24,2024-03,CUST-1228,PROD-102,EMP-1043,REG-01,Retail Store,30,39461.71,0.0,1183851.3,651111.51,532739.79,1089143.2,Completed
ORD-HG-13728,2024-03-24,2024-03,CUST-1167,PROD-114,EMP-1031,REG-02,Direct Online,18,16328.59,0.01,290975.47,126587.61,164387.86,267697.43,Completed
ORD-HG-13729,2024-03-25,2024-03,CUST-1145,PROD-111,EMP-1047,REG-01,Enterprise Partner,42,44232.64,0.02,1820615.46,973430.87,847184.59,1674966.22,Completed
ORD-HG-13730,2024-03-25,2024-03,CUST-1351,PROD-121,EMP-1009,REG-05,Retail Store,7,30913.85,0.03,209905.04,104277.53,105627.51,193112.64,Completed
ORD-HG-13731,2024-03-25,2024-03,CUST-1270,PROD-119,EMP-1030,REG-04,Direct Online,40,23667.98,0.03,918317.62,467410.24,450907.38,844852.21,Completed
ORD-HG-13732,2024-03-25,2024-03,CUST-1031,PROD-107,EMP-1046,REG-02,Field Sales,36,20667.5,0.03,721709.1,319606.45,402102.65,663972.37,Completed
ORD-HG-13733,2024-03-25,2024-03,CUST-1037,PROD-110,EMP-1021,REG-02,Direct Online,22,27743.54,0.01,604254.3,324426.16,279828.14,555913.96,Completed
ORD-HG-13734,2024-03-26,2024-03,CUST-1423,PROD-102,EMP-1002,REG-03,Field Sales,23,22961.62,0.02,517554.91,242077.38,275477.53,476150.52,Completed
ORD-HG-13735,2024-03-26,2024-03,CUST-1177,PROD-104,EMP-1025,REG-01,Direct Online,39,28625.24,0.04,1071728.99,552390.02,519338.97,985990.67,Completed
ORD-HG-13736,2024-03-26,2024-03,CUST-1465,PROD-101,EMP-1042,REG-04,Direct Online,11,22507.35,0.01,245105.04,132244.87,112860.17,225496.64,Completed
ORD-HG-13737,2024-03-26,2024-03,CUST-1404,PROD-123,EMP-1043,REG-04,Retail Store,30,37474.36,0.04,1079261.57,439486.77,639774.8,992920.64,Completed
ORD-HG-13738,2024-03-26,2024-03,CUST-1156,PROD-101,EMP-1002,REG-01,Field Sales,9,26241.48,0.02,231449.85,100286.7,131163.15,212933.86,Completed
ORD-HG-13739,2024-03-26,2024-03,CUST-1421,PROD-120,EMP-1049,REG-02,Retail Store,15,34892.43,0.03,507684.86,261462.06,246222.8,467070.07,Completed
ORD-HG-13740,2024-03-26,2024-03,CUST-1474,PROD-124,EMP-1007,REG-02,Retail Store,9,21972.55,0.03,191820.36,83344.22,108476.14,176474.73,Completed
ORD-HG-13741,2024-03-26,2024-03,CUST-1313,PROD-117,EMP-1033,REG-04,Direct Online,35,35350.0,0.0,1237250.0,674951.53,562298.47,1138270.0,Completed
ORD-HG-13742,2024-03-26,2024-03,CUST-1218,PROD-120,EMP-1026,REG-03,Field Sales,42,42015.47,0.02,1729356.75,908564.67,820792.08,1591008.21,Completed
ORD-HG-13743,2024-03-26,2024-03,CUST-1003,PROD-121,EMP-1002,REG-04,Field Sales,29,43252.97,0.04,1204162.68,554110.57,650052.11,1107829.67,Completed
ORD-HG-13744,2024-03-27,2024-03,CUST-1272,PROD-107,EMP-1043,REG-01,Field Sales,15,22435.36,0.01,333165.1,169778.86,163386.24,306511.89,Completed
ORD-HG-13745,2024-03-27,2024-03,CUST-1097,PROD-112,EMP-1014,REG-04,Field Sales,13,7532.71,0.03,94987.47,45493.87,49493.6,87388.47,Completed
ORD-HG-13746,2024-03-27,2024-03,CUST-1166,PROD-113,EMP-1011,REG-04,Direct Online,7,29912.07,0.02,205196.8,98017.66,107179.14,188781.06,Completed
ORD-HG-13747,2024-03-27,2024-03,CUST-1195,PROD-107,EMP-1042,REG-03,Retail Store,13,26082.43,0.03,328899.44,153679.0,175220.44,302587.48,Completed
ORD-HG-13748,2024-03-27,2024-03,CUST-1292,PROD-106,EMP-1047,REG-01,Field Sales,14,11122.53,0.04,149486.8,61117.85,88368.95,137527.86,Completed
ORD-HG-13749,2024-03-27,2024-03,CUST-1043,PROD-123,EMP-1044,REG-03,Field Sales,34,18991.24,0.04,619874.07,332131.3,287742.77,570284.14,Completed
ORD-HG-13750,2024-03-27,2024-03,CUST-1407,PROD-114,EMP-1003,REG-05,Direct Online,24,9590.48,0.0,230171.52,93083.91,137087.61,211757.8,Completed
ORD-HG-13751,2024-03-27,2024-03,CUST-1389,PROD-104,EMP-1009,REG-01,Field Sales,18,39723.01,0.02,700713.9,344306.84,356407.06,644656.79,Completed
ORD-HG-13752,2024-03-27,2024-03,CUST-1376,PROD-109,EMP-1049,REG-02,Field Sales,38,32116.65,0.01,1208228.37,506292.71,701935.66,1111570.1,Completed
ORD-HG-13753,2024-03-27,2024-03,CUST-1461,PROD-101,EMP-1034,REG-03,Retail Store,17,41640.21,0.05,672489.39,329115.27,343374.12,618690.24,Completed
ORD-HG-13754,2024-03-27,2024-03,CUST-1218,PROD-103,EMP-1004,REG-01,Direct Online,44,39846.18,0.03,1700634.96,794276.38,906358.58,1564584.16,Completed
ORD-HG-13755,2024-03-27,2024-03,CUST-1317,PROD-112,EMP-1039,REG-01,Enterprise Partner,38,27271.29,0.04,994856.66,431115.19,563741.47,915268.13,Completed
ORD-HG-13756,2024-03-27,2024-03,CUST-1304,PROD-116,EMP-1033,REG-04,Enterprise Partner,40,36159.31,0.03,1402981.23,635460.51,767520.72,1290742.73,Completed
ORD-HG-13757,2024-03-27,2024-03,CUST-1310,PROD-104,EMP-1029,REG-05,Field Sales,30,18870.88,0.01,560465.14,299447.88,261017.26,515627.93,Completed
ORD-HG-13758,2024-03-27,2024-03,CUST-1387,PROD-124,EMP-1026,REG-04,Field Sales,20,18633.68,0.02,365220.13,191243.04,173977.09,336002.52,Completed
ORD-HG-13759,2024-03-28,2024-03,CUST-1376,PROD-120,EMP-1002,REG-05,Field Sales,13,28631.07,0.05,353593.71,191372.91,162220.8,325306.21,Completed
ORD-HG-13760,2024-03-28,2024-03,CUST-1229,PROD-101,EMP-1009,REG-03,Direct Online,19,26795.91,0.01,504031.07,270653.56,233377.51,463708.58,Completed
ORD-HG-13761,2024-03-28,2024-03,CUST-1426,PROD-102,EMP-1036,REG-05,Direct Online,6,17015.54,0.03,99030.44,39974.48,59055.96,91108.0,Completed
ORD-HG-13762,2024-03-28,2024-03,CUST-1440,PROD-109,EMP-1032,REG-02,Field Sales,13,40547.33,0.01,521844.14,224972.29,296871.85,480096.61,Completed
ORD-HG-13763,2024-03-28,2024-03,CUST-1046,PROD-109,EMP-1038,REG-01,Direct Online,29,23439.27,0.01,672941.44,366841.42,306100.02,619106.12,Completed
ORD-HG-13764,2024-03-28,2024-03,CUST-1381,PROD-121,EMP-1010,REG-05,Direct Online,23,15275.18,0.05,333762.68,143351.54,190411.14,307061.67,Completed
ORD-HG-13765,2024-03-29,2024-03,CUST-1372,PROD-102,EMP-1030,REG-03,Field Sales,10,39053.28,0.03,378816.82,188559.23,190257.59,348511.47,Completed
ORD-HG-13766,2024-03-29,2024-03,CUST-1198,PROD-104,EMP-1037,REG-05,Retail Store,16,35074.01,0.04,538736.79,294936.91,243799.88,495637.85,Completed
ORD-HG-13767,2024-03-29,2024-03,CUST-1250,PROD-108,EMP-1006,REG-02,Enterprise Partner,41,26321.37,0.03,1046800.88,535039.31,511761.57,963056.81,Completed
ORD-HG-13768,2024-03-29,2024-03,CUST-1357,PROD-113,EMP-1049,REG-03,Field Sales,15,21533.32,0.01,319769.8,165577.12,154192.68,294188.22,Completed
ORD-HG-13769,2024-03-29,2024-03,CUST-1470,PROD-103,EMP-1008,REG-01,Retail Store,7,38512.75,0.03,261501.57,108890.66,152610.91,240581.44,Completed
ORD-HG-13770,2024-03-29,2024-03,CUST-1210,PROD-102,EMP-1027,REG-01,Retail Store,31,29765.85,0.03,895059.11,445478.54,449580.57,823454.38,Completed
ORD-HG-13771,2024-03-29,2024-03,CUST-1051,PROD-106,EMP-1019,REG-05,Enterprise Partner,42,9002.09,0.02,370526.02,188013.06,182512.96,340883.94,Completed
ORD-HG-13772,2024-03-30,2024-03,CUST-1463,PROD-104,EMP-1003,REG-05,Direct Online,42,24031.27,0.02,989127.07,490543.34,498583.73,909996.9,Completed
ORD-HG-13773,2024-03-30,2024-03,CUST-1074,PROD-119,EMP-1046,REG-03,Direct Online,41,15675.31,0.04,616980.2,312628.09,304352.11,567621.78,Completed
ORD-HG-13774,2024-03-30,2024-03,CUST-1386,PROD-102,EMP-1041,REG-04,Enterprise Partner,18,36852.92,0.01,656719.03,337730.9,318988.13,604181.51,Completed
ORD-HG-13775,2024-03-30,2024-03,CUST-1434,PROD-112,EMP-1021,REG-04,Enterprise Partner,23,37481.69,0.05,818974.93,386852.49,432122.44,753456.94,Completed
ORD-HG-13776,2024-03-30,2024-03,CUST-1003,PROD-122,EMP-1026,REG-04,Field Sales,27,39458.83,0.03,1033426.76,515876.42,517550.34,950752.62,Completed
ORD-HG-13777,2024-03-31,2024-03,CUST-1104,PROD-109,EMP-1039,REG-04,Field Sales,10,34979.09,0.01,346292.99,160959.61,185333.38,318589.55,Completed
ORD-HG-13778,2024-03-31,2024-03,CUST-1278,PROD-104,EMP-1039,REG-02,Enterprise Partner,31,20725.89,0.04,616802.49,337899.04,278903.45,567458.29,Completed
ORD-HG-13779,2024-03-31,2024-03,CUST-1466,PROD-107,EMP-1006,REG-03,Retail Store,25,22441.04,0.01,555415.74,304941.42,250474.32,510982.48,Completed
ORD-HG-13780,2024-03-31,2024-03,CUST-1137,PROD-111,EMP-1020,REG-03,Enterprise Partner,44,11777.65,0.0,518216.6,222292.22,295924.38,476759.27,Completed
ORD-HG-13781,2024-03-31,2024-03,CUST-1064,PROD-123,EMP-1024,REG-01,Field Sales,8,18379.81,0.05,139686.56,57305.72,82380.84,128511.64,Completed
ORD-HG-13782,2024-03-31,2024-03,CUST-1469,PROD-113,EMP-1015,REG-03,Enterprise Partner,44,6765.65,0.02,291734.83,143025.81,148709.02,268396.04,Completed
ORD-HG-13783,2024-03-31,2024-03,CUST-1338,PROD-119,EMP-1041,REG-01,Enterprise Partner,33,22228.39,0.01,726201.5,325345.73,400855.77,668105.38,Completed
ORD-HG-13784,2024-04-01,2024-04,CUST-1460,PROD-102,EMP-1012,REG-02,Enterprise Partner,33,21800.44,0.02,705026.23,336420.5,368605.73,648624.13,Completed
ORD-HG-13785,2024-04-01,2024-04,CUST-1178,PROD-106,EMP-1010,REG-05,Field Sales,23,32196.12,0.01,733105.65,353637.77,379467.88,674457.2,Completed
ORD-HG-13786,2024-04-01,2024-04,CUST-1246,PROD-105,EMP-1023,REG-05,Direct Online,33,19179.92,0.0,632937.36,287280.89,345656.47,582302.37,Completed
ORD-HG-13787,2024-04-01,2024-04,CUST-1171,PROD-123,EMP-1008,REG-04,Retail Store,42,40341.2,0.04,1626557.18,656959.95,969597.23,1496432.61,Completed
ORD-HG-13788,2024-04-01,2024-04,CUST-1230,PROD-120,EMP-1011,REG-04,Direct Online,24,6519.79,0.03,151780.71,73648.19,78132.52,139638.25,Completed
ORD-HG-13789,2024-04-01,2024-04,CUST-1057,PROD-119,EMP-1028,REG-04,Direct Online,26,39644.72,0.04,989532.21,410996.04,578536.17,910369.63,Completed
ORD-HG-13790,2024-04-01,2024-04,CUST-1084,PROD-101,EMP-1014,REG-02,Retail Store,15,8626.21,0.03,125511.36,53835.15,71676.21,115470.45,Completed
ORD-HG-13791,2024-04-01,2024-04,CUST-1039,PROD-102,EMP-1032,REG-03,Retail Store,12,13893.54,0.04,160053.58,66478.27,93575.31,147249.29,Completed
ORD-HG-13792,2024-04-01,2024-04,CUST-1095,PROD-112,EMP-1033,REG-05,Direct Online,17,7577.3,0.03,124949.68,63271.22,61678.46,114953.71,Completed
ORD-HG-13793,2024-04-01,2024-04,CUST-1374,PROD-113,EMP-1042,REG-01,Field Sales,22,12180.13,0.0,267962.86,118471.19,149491.67,246525.83,Completed
ORD-HG-13794,2024-04-01,2024-04,CUST-1082,PROD-106,EMP-1017,REG-01,Enterprise Partner,34,12578.95,0.02,419130.61,187824.98,231305.63,385600.16,Completed
ORD-HG-13795,2024-04-01,2024-04,CUST-1060,PROD-108,EMP-1008,REG-05,Direct Online,30,31120.99,0.05,886948.22,481016.29,405931.93,815992.36,Completed
ORD-HG-13796,2024-04-01,2024-04,CUST-1029,PROD-102,EMP-1034,REG-01,Enterprise Partner,21,28697.33,0.02,590591.05,238626.56,351964.49,543343.77,Completed
ORD-HG-13797,2024-04-01,2024-04,CUST-1433,PROD-103,EMP-1045,REG-03,Retail Store,36,6204.37,0.0,223357.32,118756.55,104600.77,205488.73,Completed
ORD-HG-13798,2024-04-01,2024-04,CUST-1011,PROD-105,EMP-1021,REG-01,Enterprise Partner,20,20090.1,0.01,397783.98,176778.53,221005.45,365961.26,Completed
ORD-HG-13799,2024-04-01,2024-04,CUST-1039,PROD-110,EMP-1005,REG-02,Field Sales,30,44094.65,0.02,1296382.71,562603.26,733779.45,1192672.09,Completed
ORD-HG-13800,2024-04-02,2024-04,CUST-1343,PROD-111,EMP-1015,REG-01,Direct Online,44,32007.57,0.04,1351999.76,633072.58,718927.18,1243839.78,Completed
ORD-HG-13801,2024-04-02,2024-04,CUST-1039,PROD-121,EMP-1036,REG-03,Retail Store,25,29426.4,0.01,728303.4,344136.79,384166.61,670039.13,Completed
ORD-HG-13802,2024-04-02,2024-04,CUST-1131,PROD-109,EMP-1032,REG-05,Field Sales,25,27417.98,0.04,658031.52,277694.48,380337.04,605389.0,Completed
ORD-HG-13803,2024-04-02,2024-04,CUST-1246,PROD-111,EMP-1035,REG-04,Direct Online,43,10049.75,0.01,427817.86,186339.49,241478.37,393592.43,Completed
ORD-HG-13804,2024-04-02,2024-04,CUST-1310,PROD-117,EMP-1010,REG-05,Enterprise Partner,25,23788.81,0.03,576878.64,294166.7,282711.94,530728.35,Completed
ORD-HG-13805,2024-04-02,2024-04,CUST-1490,PROD-116,EMP-1042,REG-05,Direct Online,14,27304.0,0.01,378433.44,152597.34,225836.1,348158.76,Completed
ORD-HG-13806,2024-04-02,2024-04,CUST-1062,PROD-111,EMP-1047,REG-02,Field Sales,27,7971.73,0.01,213084.34,112294.14,100790.2,196037.59,Completed
ORD-HG-13807,2024-04-03,2024-04,CUST-1360,PROD-104,EMP-1042,REG-03,Retail Store,38,16218.66,0.04,591656.72,262467.69,329189.03,544324.18,Completed
ORD-HG-13808,2024-04-03,2024-04,CUST-1318,PROD-117,EMP-1031,REG-02,Enterprise Partner,31,42759.21,0.04,1272514.09,647541.46,624972.63,1170712.96,Completed
ORD-HG-13809,2024-04-03,2024-04,CUST-1174,PROD-106,EMP-1049,REG-04,Direct Online,27,17715.03,0.02,468739.69,192221.21,276518.48,431240.51,Completed
ORD-HG-13810,2024-04-03,2024-04,CUST-1261,PROD-102,EMP-1001,REG-05,Enterprise Partner,22,21794.56,0.04,460301.11,203515.08,256786.03,423477.02,Completed
ORD-HG-13811,2024-04-03,2024-04,CUST-1063,PROD-121,EMP-1021,REG-04,Direct Online,14,10010.91,0.02,137349.69,57351.39,79998.3,126361.71,Completed
ORD-HG-13812,2024-04-03,2024-04,CUST-1444,PROD-119,EMP-1038,REG-02,Direct Online,37,17652.59,0.01,646614.37,267903.14,378711.23,594885.22,Completed
ORD-HG-13813,2024-04-03,2024-04,CUST-1165,PROD-122,EMP-1018,REG-04,Enterprise Partner,32,13446.02,0.0,430272.64,212005.88,218266.76,395850.83,Completed
ORD-HG-13814,2024-04-04,2024-04,CUST-1381,PROD-111,EMP-1005,REG-03,Retail Store,20,37046.23,0.02,726106.11,291936.76,434169.35,668017.62,Completed
ORD-HG-13815,2024-04-04,2024-04,CUST-1260,PROD-121,EMP-1039,REG-01,Direct Online,19,14241.37,0.04,259762.59,106177.9,153584.69,238981.58,Completed
ORD-HG-13816,2024-04-04,2024-04,CUST-1413,PROD-101,EMP-1014,REG-04,Retail Store,16,8010.64,0.03,124325.13,59101.41,65223.72,114379.12,Completed
ORD-HG-13817,2024-04-04,2024-04,CUST-1481,PROD-118,EMP-1049,REG-05,Retail Store,8,23244.55,0.02,182237.27,76574.29,105662.98,167658.29,Completed
ORD-HG-13818,2024-04-04,2024-04,CUST-1205,PROD-121,EMP-1002,REG-01,Direct Online,39,39764.85,0.04,1488795.98,689873.11,798922.87,1369692.3,Completed
ORD-HG-13819,2024-04-04,2024-04,CUST-1208,PROD-124,EMP-1022,REG-04,Direct Online,24,18322.18,0.03,426540.35,197538.44,229001.91,392417.12,Completed
ORD-HG-13820,2024-04-05,2024-04,CUST-1479,PROD-107,EMP-1041,REG-01,Direct Online,35,43025.31,0.02,1475768.13,769594.53,706173.6,1357706.68,Completed
ORD-HG-13821,2024-04-05,2024-04,CUST-1399,PROD-109,EMP-1009,REG-04,Direct Online,8,33227.46,0.0,265819.68,111497.45,154322.23,244554.11,Completed
ORD-HG-13822,2024-04-05,2024-04,CUST-1434,PROD-108,EMP-1022,REG-01,Field Sales,19,10476.29,0.0,199049.51,101861.14,97188.37,183125.55,Completed
ORD-HG-13823,2024-04-05,2024-04,CUST-1340,PROD-109,EMP-1017,REG-04,Direct Online,40,36764.98,0.03,1426481.22,634745.77,791735.45,1312362.72,Completed
ORD-HG-13824,2024-04-05,2024-04,CUST-1364,PROD-123,EMP-1048,REG-04,Enterprise Partner,31,32209.04,0.0,998480.24,534486.76,463993.48,918601.82,Completed
ORD-HG-13825,2024-04-05,2024-04,CUST-1401,PROD-119,EMP-1003,REG-05,Direct Online,32,24910.73,0.04,765257.63,409671.47,355586.16,704037.02,Completed
ORD-HG-13826,2024-04-06,2024-04,CUST-1215,PROD-107,EMP-1015,REG-02,Enterprise Partner,42,41054.54,0.03,1672561.96,855926.12,816635.84,1538757.0,Completed
ORD-HG-13827,2024-04-06,2024-04,CUST-1055,PROD-119,EMP-1036,REG-04,Direct Online,27,24555.41,0.0,662996.07,286079.83,376916.24,609956.38,Completed
ORD-HG-13828,2024-04-06,2024-04,CUST-1007,PROD-116,EMP-1001,REG-04,Direct Online,31,11233.79,0.02,341282.54,150019.87,191262.67,313979.94,Completed
ORD-HG-13829,2024-04-06,2024-04,CUST-1324,PROD-118,EMP-1017,REG-03,Retail Store,5,40947.7,0.0,204738.5,86563.82,118174.68,188359.42,Completed
ORD-HG-13830,2024-04-06,2024-04,CUST-1292,PROD-118,EMP-1015,REG-05,Enterprise Partner,19,40877.73,0.03,753376.56,331764.29,421612.27,693106.44,Completed
ORD-HG-13831,2024-04-06,2024-04,CUST-1297,PROD-109,EMP-1034,REG-01,Retail Store,27,41139.8,0.03,1077451.36,531752.16,545699.2,991255.25,Completed
ORD-HG-13832,2024-04-06,2024-04,CUST-1160,PROD-113,EMP-1035,REG-02,Retail Store,38,17698.31,0.02,659085.06,308197.14,350887.92,606358.26,Completed
ORD-HG-13833,2024-04-06,2024-04,CUST-1471,PROD-122,EMP-1032,REG-01,Field Sales,18,13682.99,0.03,238905.01,99120.68,139784.33,219792.61,Completed
ORD-HG-13834,2024-04-07,2024-04,CUST-1321,PROD-110,EMP-1044,REG-02,Field Sales,8,31779.13,0.01,251690.71,112136.58,139554.13,231555.45,Completed
ORD-HG-13835,2024-04-07,2024-04,CUST-1497,PROD-115,EMP-1009,REG-05,Field Sales,33,8947.26,0.02,289354.39,130717.33,158637.06,266206.04,Completed
ORD-HG-13836,2024-04-07,2024-04,CUST-1086,PROD-116,EMP-1039,REG-02,Retail Store,17,42663.81,0.03,703526.23,366830.82,336695.41,647244.13,Completed
ORD-HG-13837,2024-04-07,2024-04,CUST-1448,PROD-124,EMP-1025,REG-01,Field Sales,30,28596.17,0.04,823569.7,386471.99,437097.71,757684.12,Completed
ORD-HG-13838,2024-04-07,2024-04,CUST-1404,PROD-108,EMP-1040,REG-01,Enterprise Partner,25,35072.16,0.03,850499.88,460816.56,389683.32,782459.89,Completed
ORD-HG-13839,2024-04-07,2024-04,CUST-1035,PROD-116,EMP-1005,REG-04,Direct Online,7,13440.69,0.01,93143.98,37515.82,55628.16,85692.46,Completed
ORD-HG-13840,2024-04-07,2024-04,CUST-1082,PROD-108,EMP-1033,REG-01,Retail Store,8,10478.22,0.03,81310.99,43259.89,38051.1,74806.11,Completed
ORD-HG-13841,2024-04-07,2024-04,CUST-1017,PROD-105,EMP-1041,REG-02,Field Sales,44,10649.63,0.04,449840.37,209822.78,240017.59,413853.14,Completed
ORD-HG-13842,2024-04-08,2024-04,CUST-1208,PROD-110,EMP-1012,REG-01,Retail Store,6,18773.73,0.0,112642.38,51794.14,60848.24,103630.99,Completed
ORD-HG-13843,2024-04-08,2024-04,CUST-1453,PROD-117,EMP-1038,REG-03,Retail Store,21,43219.43,0.0,907608.03,426470.25,481137.78,834999.39,Completed
ORD-HG-13844,2024-04-08,2024-04,CUST-1188,PROD-112,EMP-1046,REG-04,Retail Store,26,21803.03,0.04,544203.63,293391.27,250812.36,500667.34,Completed
ORD-HG-13845,2024-04-08,2024-04,CUST-1440,PROD-109,EMP-1034,REG-05,Enterprise Partner,14,23076.66,0.03,313381.04,129408.61,183972.43,288310.56,Completed
ORD-HG-13846,2024-04-09,2024-04,CUST-1156,PROD-120,EMP-1012,REG-01,Field Sales,30,6099.55,0.03,177496.9,80991.32,96505.58,163297.15,Completed
ORD-HG-13847,2024-04-09,2024-04,CUST-1169,PROD-119,EMP-1046,REG-04,Field Sales,42,11001.47,0.04,443579.27,231574.18,212005.09,408092.93,Completed
ORD-HG-13848,2024-04-09,2024-04,CUST-1104,PROD-121,EMP-1040,REG-01,Field Sales,26,8817.11,0.03,222367.51,105449.19,116918.32,204578.11,Completed
ORD-HG-13849,2024-04-09,2024-04,CUST-1458,PROD-121,EMP-1015,REG-05,Retail Store,44,7190.21,0.03,306878.16,142311.97,164566.19,282327.91,Completed
ORD-HG-13850,2024-04-09,2024-04,CUST-1354,PROD-101,EMP-1034,REG-01,Retail Store,13,39282.14,0.02,500454.46,263397.56,237056.9,460418.1,Completed
ORD-HG-13851,2024-04-09,2024-04,CUST-1351,PROD-107,EMP-1034,REG-03,Enterprise Partner,10,35891.37,0.02,351735.43,181598.2,170137.23,323596.6,Completed
ORD-HG-13852,2024-04-10,2024-04,CUST-1218,PROD-121,EMP-1005,REG-04,Field Sales,39,43041.68,0.02,1645053.01,777126.06,867926.95,1513448.77,Completed
ORD-HG-13853,2024-04-10,2024-04,CUST-1189,PROD-115,EMP-1025,REG-04,Field Sales,36,41975.39,0.02,1480891.76,745050.69,735841.07,1362420.42,Completed
ORD-HG-13854,2024-04-10,2024-04,CUST-1109,PROD-104,EMP-1048,REG-03,Direct Online,29,26099.8,0.01,749325.26,372626.57,376698.69,689379.24,Completed
ORD-HG-13855,2024-04-10,2024-04,CUST-1155,PROD-102,EMP-1016,REG-03,Field Sales,18,26986.37,0.03,471182.02,190843.51,280338.51,433487.46,Completed
ORD-HG-13856,2024-04-10,2024-04,CUST-1134,PROD-116,EMP-1023,REG-03,Direct Online,21,40297.49,0.0,846247.29,420108.98,426138.31,778547.51,Completed
ORD-HG-13857,2024-04-10,2024-04,CUST-1231,PROD-101,EMP-1049,REG-02,Field Sales,42,16842.35,0.04,679083.55,319209.93,359873.62,624756.87,Completed
ORD-HG-13858,2024-04-11,2024-04,CUST-1251,PROD-113,EMP-1032,REG-01,Retail Store,21,29072.78,0.03,592212.53,237183.3,355029.23,544835.53,Completed
ORD-HG-13859,2024-04-11,2024-04,CUST-1306,PROD-118,EMP-1022,REG-05,Direct Online,11,13437.68,0.01,146336.34,65883.84,80452.5,134629.43,Completed
ORD-HG-13860,2024-04-11,2024-04,CUST-1230,PROD-109,EMP-1001,REG-04,Retail Store,41,30718.16,0.04,1209066.78,506741.96,702324.82,1112341.44,Completed
ORD-HG-13861,2024-04-11,2024-04,CUST-1185,PROD-117,EMP-1020,REG-03,Retail Store,8,42528.85,0.04,326621.57,157105.29,169516.28,300491.84,Completed
ORD-HG-13862,2024-04-11,2024-04,CUST-1466,PROD-121,EMP-1035,REG-05,Retail Store,27,34402.29,0.0,928861.83,381420.28,547441.55,854552.88,Completed
ORD-HG-13863,2024-04-11,2024-04,CUST-1023,PROD-117,EMP-1016,REG-04,Direct Online,10,38810.95,0.02,380347.31,180456.97,199890.34,349919.53,Completed
ORD-HG-13864,2024-04-11,2024-04,CUST-1117,PROD-123,EMP-1006,REG-05,Enterprise Partner,10,30668.2,0.05,291347.9,148013.71,143334.19,268040.07,Completed
ORD-HG-13865,2024-04-11,2024-04,CUST-1390,PROD-109,EMP-1029,REG-03,Field Sales,42,10762.45,0.03,438462.21,221416.39,217045.82,403385.23,Completed
ORD-HG-13866,2024-04-11,2024-04,CUST-1274,PROD-121,EMP-1045,REG-04,Field Sales,36,24617.1,0.01,877353.44,389345.14,488008.3,807165.16,Completed
ORD-HG-13867,2024-04-12,2024-04,CUST-1322,PROD-124,EMP-1003,REG-02,Field Sales,40,11019.49,0.0,440779.6,240917.89,199861.71,405517.23,Completed
ORD-HG-13868,2024-04-12,2024-04,CUST-1497,PROD-120,EMP-1029,REG-04,Retail Store,34,39307.84,0.04,1283007.9,631243.63,651764.27,1180367.27,Completed
ORD-HG-13869,2024-04-12,2024-04,CUST-1366,PROD-119,EMP-1009,REG-05,Retail Store,10,36940.86,0.03,358326.34,192792.19,165534.15,329660.23,Completed
ORD-HG-13870,2024-04-12,2024-04,CUST-1011,PROD-117,EMP-1007,REG-05,Enterprise Partner,6,11285.62,0.04,65005.17,28993.42,36011.75,59804.76,Completed
ORD-HG-13871,2024-04-12,2024-04,CUST-1429,PROD-103,EMP-1017,REG-02,Field Sales,37,31462.44,0.01,1152469.18,526124.18,626345.0,1060271.65,Completed
ORD-HG-13872,2024-04-12,2024-04,CUST-1321,PROD-101,EMP-1007,REG-01,Field Sales,27,22208.76,0.03,581647.42,251261.14,330386.28,535115.63,Completed
ORD-HG-13873,2024-04-13,2024-04,CUST-1468,PROD-122,EMP-1018,REG-01,Enterprise Partner,26,22725.09,0.01,584943.82,264104.58,320839.24,538148.31,Completed
ORD-HG-13874,2024-04-13,2024-04,CUST-1283,PROD-108,EMP-1022,REG-04,Enterprise Partner,28,37808.25,0.03,1026872.07,421609.42,605262.65,944722.3,Completed
ORD-HG-13875,2024-04-13,2024-04,CUST-1344,PROD-112,EMP-1041,REG-01,Field Sales,32,15122.95,0.02,474255.71,260095.8,214159.91,436315.25,Completed
ORD-HG-13876,2024-04-13,2024-04,CUST-1237,PROD-119,EMP-1049,REG-03,Field Sales,8,40867.83,0.0,326942.64,175404.98,151537.66,300787.23,Completed
ORD-HG-13877,2024-04-13,2024-04,CUST-1066,PROD-105,EMP-1002,REG-03,Field Sales,10,22737.54,0.0,227375.4,112103.0,115272.4,209185.37,Completed
ORD-HG-13878,2024-04-13,2024-04,CUST-1329,PROD-122,EMP-1045,REG-05,Enterprise Partner,24,27291.39,0.03,635343.56,319974.89,315368.67,584516.08,Completed
ORD-HG-13879,2024-04-13,2024-04,CUST-1259,PROD-104,EMP-1043,REG-05,Retail Store,42,17039.82,0.03,694202.27,292755.75,401446.52,638666.09,Completed
ORD-HG-13880,2024-04-13,2024-04,CUST-1393,PROD-114,EMP-1025,REG-05,Enterprise Partner,28,31462.74,0.03,854528.02,443329.77,411198.25,786165.78,Completed
ORD-HG-13881,2024-04-14,2024-04,CUST-1157,PROD-104,EMP-1005,REG-02,Field Sales,19,40678.27,0.01,765158.26,394725.5,370432.76,703945.6,Completed
ORD-HG-13882,2024-04-14,2024-04,CUST-1355,PROD-119,EMP-1011,REG-05,Direct Online,16,5159.21,0.02,80896.41,42411.85,38484.56,74424.7,Completed
ORD-HG-13883,2024-04-14,2024-04,CUST-1417,PROD-113,EMP-1010,REG-01,Retail Store,8,39402.17,0.01,312065.19,136294.19,175771.0,287099.97,Completed
ORD-HG-13884,2024-04-14,2024-04,CUST-1355,PROD-120,EMP-1044,REG-05,Retail Store,12,27234.21,0.02,320274.31,144345.54,175928.77,294652.37,Completed
ORD-HG-13885,2024-04-14,2024-04,CUST-1333,PROD-119,EMP-1018,REG-02,Enterprise Partner,39,11229.58,0.02,429194.55,200457.9,228736.65,394858.99,Completed
ORD-HG-13886,2024-04-14,2024-04,CUST-1102,PROD-104,EMP-1041,REG-04,Enterprise Partner,13,16371.09,0.04,204311.2,90972.87,113338.33,187966.3,Completed
ORD-HG-13887,2024-04-15,2024-04,CUST-1001,PROD-114,EMP-1039,REG-02,Direct Online,5,8595.75,0.02,42119.18,19521.72,22597.46,38749.65,Completed
ORD-HG-13888,2024-04-15,2024-04,CUST-1037,PROD-114,EMP-1003,REG-05,Field Sales,41,42774.95,0.05,1666084.3,805658.49,860425.81,1532797.56,Completed
ORD-HG-13889,2024-04-15,2024-04,CUST-1133,PROD-102,EMP-1031,REG-04,Direct Online,10,36692.92,0.0,366929.2,176519.44,190409.76,337574.86,Completed
ORD-HG-13890,2024-04-15,2024-04,CUST-1088,PROD-107,EMP-1042,REG-02,Enterprise Partner,40,42926.82,0.03,1665560.62,723472.41,942088.21,1532315.77,Completed
ORD-HG-13891,2024-04-15,2024-04,CUST-1315,PROD-107,EMP-1048,REG-01,Retail Store,17,25444.73,0.01,428234.81,225828.0,202406.81,393976.03,Completed
ORD-HG-13892,2024-04-15,2024-04,CUST-1274,PROD-104,EMP-1020,REG-02,Field Sales,38,7450.57,0.02,277459.23,135677.72,141781.51,255262.49,Completed
ORD-HG-13893,2024-04-15,2024-04,CUST-1228,PROD-115,EMP-1037,REG-02,Retail Store,19,11010.37,0.04,200829.15,90706.93,110122.22,184762.82,Completed
ORD-HG-13894,2024-04-15,2024-04,CUST-1053,PROD-106,EMP-1009,REG-02,Direct Online,8,24102.68,0.01,190893.23,87239.11,103654.12,175621.77,Completed
ORD-HG-13895,2024-04-15,2024-04,CUST-1137,PROD-115,EMP-1028,REG-01,Retail Store,34,41033.65,0.01,1381192.66,615576.43,765616.23,1270697.25,Completed
ORD-HG-13896,2024-04-15,2024-04,CUST-1129,PROD-117,EMP-1029,REG-01,Enterprise Partner,43,10178.95,0.02,428940.95,192386.73,236554.22,394625.67,Completed
ORD-HG-13897,2024-04-16,2024-04,CUST-1099,PROD-112,EMP-1015,REG-05,Retail Store,23,20845.01,0.03,465052.17,207832.07,257220.1,427848.0,Completed
ORD-HG-13898,2024-04-16,2024-04,CUST-1002,PROD-124,EMP-1005,REG-03,Retail Store,30,14918.48,0.05,425176.68,179929.76,245246.92,391162.55,Completed
ORD-HG-13899,2024-04-16,2024-04,CUST-1252,PROD-122,EMP-1011,REG-02,Enterprise Partner,13,21809.91,0.04,272187.68,149189.59,122998.09,250412.67,Completed
ORD-HG-13900,2024-04-16,2024-04,CUST-1479,PROD-106,EMP-1048,REG-01,Enterprise Partner,30,6776.85,0.03,197206.34,84911.37,112294.97,181429.83,Completed
ORD-HG-13901,2024-04-16,2024-04,CUST-1321,PROD-104,EMP-1004,REG-02,Direct Online,14,9008.81,0.03,122339.64,54239.45,68100.19,112552.47,Completed
ORD-HG-13902,2024-04-16,2024-04,CUST-1387,PROD-119,EMP-1039,REG-01,Enterprise Partner,27,30676.66,0.05,786856.33,387652.64,399203.69,723907.82,Completed
ORD-HG-13903,2024-04-16,2024-04,CUST-1367,PROD-107,EMP-1004,REG-01,Retail Store,7,27100.12,0.03,184009.81,100706.51,83303.3,169289.03,Completed
ORD-HG-13904,2024-04-16,2024-04,CUST-1484,PROD-116,EMP-1036,REG-03,Enterprise Partner,6,26631.18,0.03,154993.47,69740.02,85253.45,142593.99,Completed
ORD-HG-13905,2024-04-16,2024-04,CUST-1058,PROD-104,EMP-1023,REG-02,Enterprise Partner,6,32208.97,0.04,185523.67,98668.9,86854.77,170681.78,Completed
ORD-HG-13906,2024-04-16,2024-04,CUST-1142,PROD-104,EMP-1028,REG-04,Enterprise Partner,5,40550.69,0.02,198698.38,96264.62,102433.76,182802.51,Completed
ORD-HG-13907,2024-04-16,2024-04,CUST-1073,PROD-112,EMP-1025,REG-02,Enterprise Partner,37,30899.06,0.05,1086101.96,566230.9,519871.06,999213.8,Completed
ORD-HG-13908,2024-04-16,2024-04,CUST-1081,PROD-106,EMP-1043,REG-01,Direct Online,24,12106.28,0.02,284739.71,137307.83,147431.88,261960.53,Completed
ORD-HG-13909,2024-04-16,2024-04,CUST-1102,PROD-120,EMP-1047,REG-05,Enterprise Partner,5,40416.32,0.0,202081.6,87995.09,114086.51,185915.07,Completed
ORD-HG-13910,2024-04-16,2024-04,CUST-1260,PROD-123,EMP-1008,REG-02,Field Sales,14,13987.56,0.04,187992.81,92435.54,95557.27,172953.39,Completed
ORD-HG-13911,2024-04-16,2024-04,CUST-1286,PROD-109,EMP-1021,REG-01,Direct Online,34,20745.06,0.0,705332.04,357555.39,347776.65,648905.48,Completed
ORD-HG-13912,2024-04-16,2024-04,CUST-1168,PROD-112,EMP-1025,REG-05,Retail Store,38,8759.14,0.02,326190.37,152813.47,173376.9,300095.14,Completed
ORD-HG-13913,2024-04-17,2024-04,CUST-1111,PROD-115,EMP-1046,REG-05,Field Sales,34,14770.65,0.04,482114.02,196566.78,285547.24,443544.9,Completed
ORD-HG-13914,2024-04-17,2024-04,CUST-1174,PROD-102,EMP-1041,REG-04,Retail Store,21,13964.16,0.02,287382.41,153703.18,133679.23,264391.82,Completed
ORD-HG-13915,2024-04-17,2024-04,CUST-1387,PROD-102,EMP-1030,REG-05,Direct Online,14,29364.46,0.04,394658.34,180544.66,214113.68,363085.67,Completed
ORD-HG-13916,2024-04-17,2024-04,CUST-1458,PROD-122,EMP-1016,REG-03,Field Sales,29,11948.22,0.01,343033.4,147645.33,195388.07,315590.73,Completed
ORD-HG-13917,2024-04-17,2024-04,CUST-1488,PROD-105,EMP-1004,REG-01,Field Sales,41,17030.13,0.01,691252.98,357893.1,333359.88,635952.74,Completed
ORD-HG-13918,2024-04-17,2024-04,CUST-1222,PROD-104,EMP-1012,REG-02,Enterprise Partner,41,28352.35,0.0,1162446.35,584193.69,578252.66,1069450.64,Completed
ORD-HG-13919,2024-04-17,2024-04,CUST-1022,PROD-120,EMP-1011,REG-02,Retail Store,42,26557.9,0.02,1093123.16,550780.41,542342.75,1005673.31,Completed
ORD-HG-13920,2024-04-17,2024-04,CUST-1488,PROD-119,EMP-1040,REG-01,Direct Online,6,19684.77,0.03,114565.36,49868.81,64696.55,105400.13,Completed
ORD-HG-13921,2024-04-17,2024-04,CUST-1444,PROD-122,EMP-1028,REG-02,Retail Store,33,36636.09,0.03,1172721.24,608963.17,563758.07,1078903.54,Completed
ORD-HG-13922,2024-04-17,2024-04,CUST-1090,PROD-117,EMP-1024,REG-01,Enterprise Partner,35,29528.34,0.02,1012822.06,509987.74,502834.32,931796.3,Completed
ORD-HG-13923,2024-04-17,2024-04,CUST-1072,PROD-116,EMP-1013,REG-02,Enterprise Partner,33,31565.96,0.04,1000009.61,404350.84,595658.77,920008.84,Completed
ORD-HG-13924,2024-04-17,2024-04,CUST-1049,PROD-105,EMP-1040,REG-03,Direct Online,41,20064.06,0.02,806173.93,325941.05,480232.88,741680.02,Completed
ORD-HG-13925,2024-04-18,2024-04,CUST-1489,PROD-102,EMP-1020,REG-05,Retail Store,9,24786.73,0.05,211926.54,103098.28,108828.26,194972.42,Completed
ORD-HG-13926,2024-04-18,2024-04,CUST-1411,PROD-122,EMP-1034,REG-01,Enterprise Partner,31,26495.2,0.03,796710.66,411860.69,384849.97,732973.81,Completed
ORD-HG-13927,2024-04-18,2024-04,CUST-1301,PROD-116,EMP-1021,REG-02,Field Sales,35,40912.55,0.01,1417619.86,620886.42,796733.44,1304210.27,Completed
ORD-HG-13928,2024-04-18,2024-04,CUST-1262,PROD-117,EMP-1002,REG-04,Enterprise Partner,12,42555.96,0.02,500458.09,253548.01,246910.08,460421.44,Completed
ORD-HG-13929,2024-04-18,2024-04,CUST-1317,PROD-121,EMP-1012,REG-05,Direct Online,43,23942.08,0.05,978033.97,448514.56,529519.41,899791.25,Completed
ORD-HG-13930,2024-04-18,2024-04,CUST-1101,PROD-122,EMP-1002,REG-02,Direct Online,11,23149.22,0.02,249548.59,125702.55,123846.04,229584.7,Completed
ORD-HG-13931,2024-04-18,2024-04,CUST-1244,PROD-104,EMP-1040,REG-02,Direct Online,11,33129.14,0.05,346199.51,187322.93,158876.58,318503.55,Completed
ORD-HG-13932,2024-04-18,2024-04,CUST-1022,PROD-108,EMP-1045,REG-05,Retail Store,6,32169.87,0.03,187228.64,80001.29,107227.35,172250.35,Completed
ORD-HG-13933,2024-04-18,2024-04,CUST-1011,PROD-110,EMP-1049,REG-03,Enterprise Partner,41,18227.87,0.03,724922.39,319807.65,405114.74,666928.6,Completed
ORD-HG-13934,2024-04-18,2024-04,CUST-1493,PROD-110,EMP-1006,REG-01,Enterprise Partner,12,22191.54,0.05,252983.56,114854.19,138129.37,232744.88,Completed
ORD-HG-13935,2024-04-18,2024-04,CUST-1066,PROD-110,EMP-1039,REG-03,Field Sales,10,18977.86,0.04,182187.46,76315.58,105871.88,167612.46,Completed
ORD-HG-13936,2024-04-18,2024-04,CUST-1381,PROD-114,EMP-1010,REG-02,Retail Store,43,5355.12,0.01,227967.46,94579.89,133387.57,209730.06,Completed
ORD-HG-13937,2024-04-18,2024-04,CUST-1131,PROD-106,EMP-1029,REG-04,Field Sales,26,23165.23,0.05,572181.18,251233.94,320947.24,526406.69,Completed
ORD-HG-13938,2024-04-18,2024-04,CUST-1196,PROD-122,EMP-1014,REG-03,Retail Store,27,21928.21,0.03,574299.82,236469.71,337830.11,528355.83,Completed
ORD-HG-13939,2024-04-18,2024-04,CUST-1281,PROD-112,EMP-1031,REG-04,Direct Online,9,9620.92,0.01,85722.4,35660.95,50061.45,78864.61,Completed
ORD-HG-13940,2024-04-19,2024-04,CUST-1063,PROD-105,EMP-1018,REG-03,Enterprise Partner,26,14109.7,0.02,359515.16,165859.09,193656.07,330753.95,Completed
ORD-HG-13941,2024-04-19,2024-04,CUST-1435,PROD-117,EMP-1007,REG-04,Retail Store,6,20612.67,0.02,121202.5,49328.18,71874.32,111506.3,Completed
ORD-HG-13942,2024-04-19,2024-04,CUST-1233,PROD-112,EMP-1048,REG-04,Retail Store,36,15267.01,0.05,522131.74,250179.79,271951.95,480361.2,Completed
ORD-HG-13943,2024-04-19,2024-04,CUST-1242,PROD-115,EMP-1037,REG-02,Enterprise Partner,7,11232.23,0.04,75480.59,36264.96,39215.63,69442.14,Completed
ORD-HG-13944,2024-04-19,2024-04,CUST-1281,PROD-116,EMP-1044,REG-03,Field Sales,36,20092.25,0.04,694388.16,301843.15,392545.01,638837.11,Completed
ORD-HG-13945,2024-04-19,2024-04,CUST-1449,PROD-119,EMP-1002,REG-04,Direct Online,8,25000.8,0.02,196006.27,84812.47,111193.8,180325.77,Completed
ORD-HG-13946,2024-04-19,2024-04,CUST-1373,PROD-114,EMP-1035,REG-04,Field Sales,10,20289.35,0.03,196806.7,79754.71,117051.99,181062.16,Completed
ORD-HG-13947,2024-04-19,2024-04,CUST-1290,PROD-105,EMP-1013,REG-05,Field Sales,33,35077.56,0.03,1122832.7,606679.61,516153.09,1033006.08,Completed
ORD-HG-13948,2024-04-20,2024-04,CUST-1227,PROD-109,EMP-1029,REG-01,Enterprise Partner,25,42766.66,0.05,1015708.18,437952.54,577755.64,934451.53,Completed
ORD-HG-13949,2024-04-20,2024-04,CUST-1045,PROD-109,EMP-1045,REG-01,Direct Online,33,27708.11,0.01,905223.95,467311.0,437912.95,832806.03,Completed
ORD-HG-13950,2024-04-20,2024-04,CUST-1230,PROD-111,EMP-1026,REG-04,Enterprise Partner,43,15823.45,0.01,673604.27,290685.59,382918.68,619715.93,Completed
ORD-HG-13951,2024-04-20,2024-04,CUST-1212,PROD-115,EMP-1011,REG-03,Retail Store,18,22400.19,0.05,383043.25,201363.74,181679.51,352399.79,Completed
ORD-HG-13952,2024-04-20,2024-04,CUST-1083,PROD-123,EMP-1019,REG-01,Field Sales,31,40382.94,0.04,1201796.29,640533.06,561263.23,1105652.59,Completed
ORD-HG-13953,2024-04-20,2024-04,CUST-1130,PROD-117,EMP-1018,REG-03,Enterprise Partner,34,5360.76,0.05,173152.55,84280.31,88872.24,159300.35,Completed
ORD-HG-13954,2024-04-21,2024-04,CUST-1333,PROD-121,EMP-1022,REG-02,Field Sales,25,34797.35,0.0,869933.75,391123.81,478809.94,800339.05,Completed
ORD-HG-13955,2024-04-21,2024-04,CUST-1476,PROD-106,EMP-1006,REG-05,Enterprise Partner,23,35386.82,0.03,789479.95,386463.35,403016.6,726321.55,Completed
ORD-HG-13956,2024-04-21,2024-04,CUST-1366,PROD-109,EMP-1034,REG-02,Field Sales,36,30788.57,0.02,1086220.75,556769.69,529451.06,999323.09,Completed
ORD-HG-13957,2024-04-21,2024-04,CUST-1299,PROD-103,EMP-1004,REG-01,Enterprise Partner,19,16219.94,0.04,295851.71,157679.27,138172.44,272183.57,Completed
ORD-HG-13958,2024-04-21,2024-04,CUST-1466,PROD-120,EMP-1012,REG-01,Retail Store,12,37319.05,0.02,438872.03,193072.35,245799.68,403762.27,Completed
ORD-HG-13959,2024-04-21,2024-04,CUST-1005,PROD-101,EMP-1026,REG-02,Field Sales,41,20608.85,0.01,836513.22,422346.51,414166.71,769592.16,Completed
ORD-HG-13960,2024-04-22,2024-04,CUST-1486,PROD-104,EMP-1020,REG-01,Field Sales,8,42728.21,0.02,334989.17,156491.2,178497.97,308190.04,Completed
ORD-HG-13961,2024-04-22,2024-04,CUST-1088,PROD-111,EMP-1002,REG-02,Retail Store,11,6052.71,0.02,65248.21,28733.59,36514.62,60028.35,Completed
ORD-HG-13962,2024-04-22,2024-04,CUST-1201,PROD-111,EMP-1030,REG-03,Field Sales,36,21077.77,0.02,743623.73,402907.96,340715.77,684133.83,Completed
ORD-HG-13963,2024-04-22,2024-04,CUST-1293,PROD-112,EMP-1019,REG-02,Field Sales,13,41709.01,0.01,536794.96,275639.49,261155.47,493851.36,Completed
ORD-HG-13964,2024-04-22,2024-04,CUST-1085,PROD-110,EMP-1003,REG-05,Field Sales,24,18923.85,0.0,454172.4,207287.65,246884.75,417838.61,Completed
ORD-HG-13965,2024-04-22,2024-04,CUST-1003,PROD-124,EMP-1023,REG-05,Enterprise Partner,13,24635.24,0.03,310650.38,133564.27,177086.11,285798.35,Completed
ORD-HG-13966,2024-04-22,2024-04,CUST-1269,PROD-124,EMP-1024,REG-02,Retail Store,36,17388.73,0.0,625994.28,336630.86,289363.42,575914.74,Completed
ORD-HG-13967,2024-04-22,2024-04,CUST-1487,PROD-105,EMP-1012,REG-03,Enterprise Partner,43,27939.66,0.02,1177377.27,497481.45,679895.82,1083187.09,Completed
ORD-HG-13968,2024-04-22,2024-04,CUST-1421,PROD-116,EMP-1032,REG-03,Direct Online,20,8152.07,0.02,159780.57,86927.2,72853.37,146998.12,Completed
ORD-HG-13969,2024-04-23,2024-04,CUST-1187,PROD-109,EMP-1005,REG-01,Retail Store,40,34637.1,0.02,1357774.32,668062.97,689711.35,1249152.37,Completed
ORD-HG-13970,2024-04-23,2024-04,CUST-1043,PROD-111,EMP-1030,REG-04,Enterprise Partner,15,20894.24,0.05,297742.92,127524.14,170218.78,273923.49,Completed
ORD-HG-13971,2024-04-23,2024-04,CUST-1180,PROD-110,EMP-1003,REG-01,Field Sales,30,5173.61,0.01,153656.22,81220.44,72435.78,141363.72,Completed
ORD-HG-13972,2024-04-23,2024-04,CUST-1107,PROD-113,EMP-1018,REG-01,Field Sales,8,12352.36,0.05,93877.94,44014.34,49863.6,86367.7,Completed
ORD-HG-13973,2024-04-23,2024-04,CUST-1027,PROD-120,EMP-1022,REG-04,Enterprise Partner,8,32655.65,0.05,248182.94,99748.37,148434.57,228328.3,Completed
ORD-HG-13974,2024-04-23,2024-04,CUST-1290,PROD-104,EMP-1007,REG-05,Enterprise Partner,11,33377.78,0.01,363484.02,156281.09,207202.93,334405.3,Completed
ORD-HG-13975,2024-04-23,2024-04,CUST-1002,PROD-105,EMP-1021,REG-05,Direct Online,11,41766.19,0.01,454833.81,221543.75,233290.06,418447.11,Completed
ORD-HG-13976,2024-04-23,2024-04,CUST-1014,PROD-114,EMP-1024,REG-01,Direct Online,37,35138.78,0.01,1287133.51,696895.11,590238.4,1184162.83,Completed
ORD-HG-13977,2024-04-23,2024-04,CUST-1217,PROD-114,EMP-1002,REG-04,Enterprise Partner,42,35766.44,0.03,1457124.77,800076.88,657047.89,1340554.79,Completed
ORD-HG-13978,2024-04-24,2024-04,CUST-1061,PROD-118,EMP-1002,REG-01,Enterprise Partner,8,28096.9,0.01,222527.45,118664.87,103862.58,204725.25,Completed
ORD-HG-13979,2024-04-24,2024-04,CUST-1294,PROD-106,EMP-1032,REG-01,Enterprise Partner,39,38430.43,0.0,1498786.77,613223.72,885563.05,1378883.83,Completed
ORD-HG-13980,2024-04-24,2024-04,CUST-1199,PROD-120,EMP-1047,REG-05,Direct Online,13,44638.93,0.04,557093.85,230834.23,326259.62,512526.34,Completed
ORD-HG-13981,2024-04-24,2024-04,CUST-1261,PROD-101,EMP-1009,REG-05,Retail Store,12,17919.69,0.04,206434.83,106585.06,99849.77,189920.04,Completed
ORD-HG-13982,2024-04-25,2024-04,CUST-1064,PROD-118,EMP-1048,REG-05,Retail Store,37,38037.99,0.03,1365183.46,695946.58,669236.88,1255968.78,Completed
ORD-HG-13983,2024-04-25,2024-04,CUST-1125,PROD-113,EMP-1028,REG-05,Direct Online,10,27950.07,0.03,271115.68,132617.5,138498.18,249426.43,Completed
ORD-HG-13984,2024-04-25,2024-04,CUST-1025,PROD-110,EMP-1028,REG-03,Direct Online,11,26806.81,0.02,288977.41,120241.89,168735.52,265859.22,Completed
ORD-HG-13985,2024-04-25,2024-04,CUST-1267,PROD-102,EMP-1012,REG-01,Direct Online,9,31691.56,0.02,279519.56,148462.66,131056.9,257158.0,Completed
ORD-HG-13986,2024-04-25,2024-04,CUST-1042,PROD-104,EMP-1008,REG-01,Field Sales,17,14966.96,0.02,249349.55,120883.48,128466.07,229401.59,Completed
ORD-HG-13987,2024-04-25,2024-04,CUST-1309,PROD-112,EMP-1007,REG-01,Enterprise Partner,31,22064.48,0.04,656638.92,340881.11,315757.81,604107.81,Completed
ORD-HG-13988,2024-04-25,2024-04,CUST-1293,PROD-121,EMP-1006,REG-03,Enterprise Partner,43,13498.04,0.04,557199.09,257459.16,299739.93,512623.16,Completed
ORD-HG-13989,2024-04-25,2024-04,CUST-1266,PROD-102,EMP-1011,REG-01,Field Sales,13,10314.98,0.03,130071.9,60425.89,69646.01,119666.15,Completed
ORD-HG-13990,2024-04-26,2024-04,CUST-1182,PROD-117,EMP-1032,REG-01,Retail Store,5,12455.9,0.02,61033.91,31622.06,29411.85,56151.2,Completed
ORD-HG-13991,2024-04-26,2024-04,CUST-1199,PROD-116,EMP-1037,REG-05,Retail Store,11,13382.33,0.0,147205.63,63864.75,83340.88,135429.18,Completed
ORD-HG-13992,2024-04-26,2024-04,CUST-1407,PROD-116,EMP-1013,REG-03,Retail Store,14,39659.88,0.02,544133.55,275897.82,268235.73,500602.87,Completed
ORD-HG-13993,2024-04-26,2024-04,CUST-1477,PROD-101,EMP-1007,REG-01,Field Sales,30,42083.84,0.02,1237264.9,527558.33,709706.57,1138283.71,Completed
ORD-HG-13994,2024-04-26,2024-04,CUST-1213,PROD-102,EMP-1029,REG-04,Field Sales,17,36985.96,0.03,609898.48,323436.56,286461.92,561106.6,Completed
ORD-HG-13995,2024-04-27,2024-04,CUST-1092,PROD-110,EMP-1049,REG-04,Retail Store,12,11923.58,0.01,141652.13,75748.33,65903.8,130319.96,Completed
ORD-HG-13996,2024-04-27,2024-04,CUST-1410,PROD-117,EMP-1021,REG-01,Enterprise Partner,22,22299.46,0.03,475870.48,225702.48,250168.0,437800.84,Completed
ORD-HG-13997,2024-04-27,2024-04,CUST-1480,PROD-115,EMP-1012,REG-01,Retail Store,15,25750.43,0.03,374668.76,197238.83,177429.93,344695.26,Completed
ORD-HG-13998,2024-04-27,2024-04,CUST-1026,PROD-122,EMP-1026,REG-04,Direct Online,41,9523.26,0.03,378740.05,176315.31,202424.74,348440.85,Completed
ORD-HG-13999,2024-04-27,2024-04,CUST-1266,PROD-108,EMP-1010,REG-03,Enterprise Partner,5,15315.65,0.05,72749.34,34203.85,38545.49,66929.39,Completed
ORD-HG-14000,2024-04-27,2024-04,CUST-1421,PROD-110,EMP-1042,REG-04,Direct Online,27,41695.33,0.04,1080742.95,474600.81,606142.14,994283.51,Completed
ORD-HG-14001,2024-04-27,2024-04,CUST-1284,PROD-119,EMP-1040,REG-02,Retail Store,41,29833.85,0.01,1210955.97,571062.79,639893.18,1114079.49,Completed
ORD-HG-14002,2024-04-28,2024-04,CUST-1388,PROD-120,EMP-1005,REG-04,Direct Online,31,18089.64,0.03,543955.47,273424.59,270530.88,500439.03,Completed
ORD-HG-14003,2024-04-28,2024-04,CUST-1460,PROD-123,EMP-1039,REG-05,Retail Store,22,8077.79,0.01,175934.27,86967.65,88966.62,161859.53,Completed
ORD-HG-14004,2024-04-28,2024-04,CUST-1027,PROD-113,EMP-1025,REG-02,Retail Store,5,34830.49,0.01,172410.93,84129.7,88281.23,158618.06,Completed
ORD-HG-14005,2024-04-28,2024-04,CUST-1060,PROD-119,EMP-1027,REG-01,Direct Online,24,14489.61,0.03,337318.12,144021.41,193296.71,310332.67,Completed
ORD-HG-14006,2024-04-28,2024-04,CUST-1316,PROD-110,EMP-1031,REG-01,Field Sales,21,43692.08,0.0,917533.68,480301.27,437232.41,844130.99,Completed
ORD-HG-14007,2024-04-28,2024-04,CUST-1400,PROD-117,EMP-1013,REG-01,Field Sales,7,44785.0,0.05,297820.25,153623.23,144197.02,273994.63,Completed
ORD-HG-14008,2024-04-28,2024-04,CUST-1254,PROD-110,EMP-1025,REG-03,Field Sales,10,8134.51,0.03,78904.75,42694.37,36210.38,72592.37,Completed
ORD-HG-14009,2024-04-28,2024-04,CUST-1010,PROD-107,EMP-1008,REG-03,Direct Online,24,44750.29,0.04,1031046.68,412533.11,618513.57,948562.95,Completed
ORD-HG-14010,2024-04-29,2024-04,CUST-1425,PROD-116,EMP-1044,REG-01,Direct Online,34,31872.84,0.05,1029492.73,507098.25,522394.48,947133.31,Completed
ORD-HG-14011,2024-04-29,2024-04,CUST-1112,PROD-103,EMP-1040,REG-02,Field Sales,31,16284.3,0.05,479572.63,207530.39,272042.24,441206.82,Completed
ORD-HG-14012,2024-04-29,2024-04,CUST-1188,PROD-106,EMP-1017,REG-05,Enterprise Partner,6,5657.11,0.0,33942.66,18042.19,15900.47,31227.25,Completed
ORD-HG-14013,2024-04-29,2024-04,CUST-1412,PROD-119,EMP-1028,REG-01,Field Sales,16,23861.41,0.01,377964.73,187532.57,190432.16,347727.55,Completed
ORD-HG-14014,2024-04-29,2024-04,CUST-1245,PROD-122,EMP-1028,REG-04,Retail Store,37,41352.01,0.02,1499423.88,614799.64,884624.24,1379469.97,Completed
ORD-HG-14015,2024-04-30,2024-04,CUST-1337,PROD-107,EMP-1011,REG-03,Field Sales,32,42961.28,0.01,1361013.35,700117.56,660895.79,1252132.28,Completed
ORD-HG-14016,2024-04-30,2024-04,CUST-1499,PROD-106,EMP-1007,REG-04,Retail Store,24,18886.29,0.01,448738.25,190027.93,258710.32,412839.19,Completed
ORD-HG-14017,2024-04-30,2024-04,CUST-1220,PROD-124,EMP-1018,REG-05,Direct Online,27,6609.84,0.03,173111.71,82482.63,90629.08,159262.77,Completed
ORD-HG-14018,2024-04-30,2024-04,CUST-1041,PROD-118,EMP-1022,REG-04,Field Sales,32,41600.31,0.01,1317897.82,603053.15,714844.67,1212465.99,Completed
ORD-HG-14019,2024-04-30,2024-04,CUST-1412,PROD-111,EMP-1046,REG-05,Direct Online,19,24147.83,0.01,454220.68,196697.9,257522.78,417883.03,Completed
ORD-HG-14020,2024-04-30,2024-04,CUST-1133,PROD-107,EMP-1014,REG-02,Direct Online,14,36062.87,0.03,489733.77,225543.99,264189.78,450555.07,Completed
ORD-HG-14021,2024-04-30,2024-04,CUST-1044,PROD-109,EMP-1038,REG-03,Field Sales,18,28711.01,0.01,511630.2,228140.39,283489.81,470699.78,Completed
ORD-HG-14022,2024-04-30,2024-04,CUST-1066,PROD-113,EMP-1020,REG-03,Enterprise Partner,8,31589.37,0.05,240079.21,106211.98,133867.23,220872.87,Completed
ORD-HG-14023,2024-04-30,2024-04,CUST-1157,PROD-115,EMP-1003,REG-04,Direct Online,29,43009.48,0.04,1197383.92,484251.01,713132.91,1101593.21,Completed
ORD-HG-14024,2024-04-30,2024-04,CUST-1121,PROD-103,EMP-1033,REG-04,Retail Store,32,40392.58,0.02,1266711.31,692951.81,573759.5,1165374.41,Completed
ORD-HG-14025,2024-05-01,2024-05,CUST-1289,PROD-103,EMP-1017,REG-04,Enterprise Partner,7,30988.27,0.04,208241.17,84631.98,123609.19,191581.88,Completed
ORD-HG-14026,2024-05-01,2024-05,CUST-1096,PROD-106,EMP-1010,REG-02,Direct Online,22,11283.7,0.04,238311.74,112549.44,125762.3,219246.8,Completed
ORD-HG-14027,2024-05-01,2024-05,CUST-1494,PROD-108,EMP-1019,REG-02,Field Sales,35,8074.28,0.04,271295.81,133350.07,137945.74,249592.15,Completed
ORD-HG-14028,2024-05-01,2024-05,CUST-1495,PROD-108,EMP-1038,REG-04,Retail Store,31,12251.48,0.01,375997.92,203116.24,172881.68,345918.09,Completed
ORD-HG-14029,2024-05-02,2024-05,CUST-1019,PROD-123,EMP-1044,REG-01,Enterprise Partner,6,26352.87,0.01,156536.05,73505.51,83030.54,144013.17,Completed
ORD-HG-14030,2024-05-02,2024-05,CUST-1202,PROD-114,EMP-1036,REG-04,Field Sales,39,9416.76,0.02,359908.57,170452.43,189456.14,331115.88,Completed
ORD-HG-14031,2024-05-02,2024-05,CUST-1322,PROD-121,EMP-1025,REG-04,Retail Store,39,8683.33,0.04,325103.88,150820.53,174283.35,299095.57,Completed
ORD-HG-14032,2024-05-02,2024-05,CUST-1254,PROD-111,EMP-1018,REG-01,Enterprise Partner,31,20845.66,0.0,646215.46,314536.46,331679.0,594518.22,Completed
ORD-HG-14033,2024-05-02,2024-05,CUST-1226,PROD-121,EMP-1044,REG-03,Retail Store,9,26964.8,0.02,237829.54,109599.8,128229.74,218803.18,Completed
ORD-HG-14034,2024-05-02,2024-05,CUST-1409,PROD-105,EMP-1023,REG-04,Retail Store,41,38055.38,0.01,1544667.87,651175.69,893492.18,1421094.44,Completed
ORD-HG-14035,2024-05-02,2024-05,CUST-1290,PROD-119,EMP-1001,REG-03,Direct Online,10,41929.78,0.01,415104.82,212349.54,202755.28,381896.43,Completed
ORD-HG-14036,2024-05-02,2024-05,CUST-1375,PROD-112,EMP-1008,REG-04,Retail Store,15,11086.75,0.05,157986.19,77195.84,80790.35,145347.29,Completed
ORD-HG-14037,2024-05-02,2024-05,CUST-1289,PROD-113,EMP-1029,REG-05,Direct Online,32,28175.51,0.03,874567.83,362455.03,512112.8,804602.4,Completed
ORD-HG-14038,2024-05-02,2024-05,CUST-1316,PROD-120,EMP-1003,REG-03,Retail Store,5,40891.67,0.02,200369.18,95712.89,104656.29,184339.65,Completed
ORD-HG-14039,2024-05-02,2024-05,CUST-1454,PROD-105,EMP-1035,REG-03,Retail Store,26,6878.37,0.01,177049.24,71386.8,105662.44,162885.3,Completed
ORD-HG-14040,2024-05-02,2024-05,CUST-1243,PROD-121,EMP-1010,REG-03,Enterprise Partner,21,12109.22,0.02,249207.75,110149.02,139058.73,229271.13,Completed
ORD-HG-14041,2024-05-03,2024-05,CUST-1241,PROD-112,EMP-1042,REG-02,Field Sales,33,14167.57,0.03,453503.92,189553.68,263950.24,417223.61,Completed
ORD-HG-14042,2024-05-03,2024-05,CUST-1040,PROD-121,EMP-1029,REG-01,Direct Online,31,8839.92,0.01,271297.14,148845.73,122451.41,249593.37,Completed
ORD-HG-14043,2024-05-03,2024-05,CUST-1389,PROD-122,EMP-1036,REG-04,Field Sales,33,9516.97,0.01,310919.41,165478.02,145441.39,286045.86,Completed
ORD-HG-14044,2024-05-03,2024-05,CUST-1300,PROD-121,EMP-1044,REG-05,Retail Store,24,11109.6,0.05,253298.88,114454.95,138843.93,233034.97,Completed
ORD-HG-14045,2024-05-03,2024-05,CUST-1371,PROD-106,EMP-1041,REG-05,Direct Online,41,34065.24,0.04,1340807.85,677557.81,663250.04,1233543.22,Completed
ORD-HG-14046,2024-05-03,2024-05,CUST-1365,PROD-118,EMP-1012,REG-01,Field Sales,11,19537.38,0.01,212762.07,113503.97,99258.1,195741.1,Completed
ORD-HG-14047,2024-05-03,2024-05,CUST-1375,PROD-122,EMP-1036,REG-02,Field Sales,23,35786.78,0.04,790172.1,407564.81,382607.29,726958.33,Completed
ORD-HG-14048,2024-05-03,2024-05,CUST-1119,PROD-123,EMP-1003,REG-01,Retail Store,33,42104.88,0.0,1389461.04,588691.63,800769.41,1278304.16,Completed
ORD-HG-14049,2024-05-03,2024-05,CUST-1432,PROD-116,EMP-1036,REG-05,Field Sales,26,16970.46,0.03,427995.0,205194.47,222800.53,393755.4,Completed
ORD-HG-14050,2024-05-04,2024-05,CUST-1077,PROD-103,EMP-1049,REG-05,Field Sales,17,29174.6,0.01,491008.52,220281.64,270726.88,451727.84,Completed
ORD-HG-14051,2024-05-04,2024-05,CUST-1094,PROD-112,EMP-1042,REG-04,Retail Store,29,10555.53,0.02,299988.16,149184.79,150803.37,275989.11,Completed
ORD-HG-14052,2024-05-04,2024-05,CUST-1318,PROD-120,EMP-1031,REG-05,Field Sales,19,24737.99,0.01,465321.59,226196.33,239125.26,428095.86,Completed
ORD-HG-14053,2024-05-04,2024-05,CUST-1381,PROD-124,EMP-1049,REG-02,Direct Online,40,22655.81,0.0,906232.4,432491.96,473740.44,833733.81,Completed
ORD-HG-14054,2024-05-04,2024-05,CUST-1287,PROD-121,EMP-1035,REG-05,Enterprise Partner,26,8519.58,0.04,212648.72,86410.54,126238.18,195636.82,Completed
ORD-HG-14055,2024-05-04,2024-05,CUST-1441,PROD-103,EMP-1049,REG-04,Retail Store,8,5497.51,0.04,42220.88,20655.9,21564.98,38843.21,Completed
ORD-HG-14056,2024-05-04,2024-05,CUST-1159,PROD-109,EMP-1019,REG-05,Field Sales,11,25673.89,0.05,268292.15,123423.24,144868.91,246828.78,Completed
ORD-HG-14057,2024-05-05,2024-05,CUST-1283,PROD-123,EMP-1040,REG-04,Direct Online,20,34877.68,0.04,669651.46,350330.62,319320.84,616079.34,Completed
ORD-HG-14058,2024-05-05,2024-05,CUST-1010,PROD-110,EMP-1030,REG-04,Direct Online,42,41211.73,0.03,1678965.88,796629.74,882336.14,1544648.61,Completed
ORD-HG-14059,2024-05-05,2024-05,CUST-1422,PROD-117,EMP-1008,REG-04,Field Sales,25,18604.74,0.04,446513.76,203904.56,242609.2,410792.66,Completed
ORD-HG-14060,2024-05-05,2024-05,CUST-1467,PROD-123,EMP-1047,REG-04,Direct Online,37,42829.56,0.02,1552999.85,758339.69,794660.16,1428759.86,Completed
ORD-HG-14061,2024-05-05,2024-05,CUST-1426,PROD-102,EMP-1009,REG-04,Enterprise Partner,21,35584.88,0.04,717391.18,316246.04,401145.14,659999.89,Completed
ORD-HG-14062,2024-05-05,2024-05,CUST-1028,PROD-103,EMP-1014,REG-01,Retail Store,17,8943.81,0.02,149003.87,71238.11,77765.76,137083.56,Completed
ORD-HG-14063,2024-05-05,2024-05,CUST-1366,PROD-124,EMP-1027,REG-02,Field Sales,30,35775.92,0.03,1041079.27,553538.41,487540.86,957792.93,Completed
ORD-HG-14064,2024-05-05,2024-05,CUST-1356,PROD-121,EMP-1034,REG-03,Direct Online,12,44382.54,0.04,511286.86,206287.57,304999.29,470383.91,Completed
ORD-HG-14065,2024-05-05,2024-05,CUST-1042,PROD-104,EMP-1009,REG-04,Direct Online,6,29796.73,0.01,176992.58,91502.91,85489.67,162833.17,Completed
ORD-HG-14066,2024-05-05,2024-05,CUST-1166,PROD-105,EMP-1016,REG-01,Retail Store,38,31911.53,0.01,1200511.76,656668.56,543843.2,1104470.82,Completed
ORD-HG-14067,2024-05-05,2024-05,CUST-1105,PROD-118,EMP-1007,REG-03,Retail Store,40,36230.81,0.0,1449232.4,658227.44,791004.96,1333293.81,Completed
ORD-HG-14068,2024-05-05,2024-05,CUST-1003,PROD-115,EMP-1036,REG-02,Enterprise Partner,18,17036.84,0.0,306663.12,146942.18,159720.94,282130.07,Completed
ORD-HG-14069,2024-05-05,2024-05,CUST-1200,PROD-113,EMP-1004,REG-03,Field Sales,18,16610.88,0.01,296005.88,152730.17,143275.71,272325.41,Completed
ORD-HG-14070,2024-05-05,2024-05,CUST-1450,PROD-124,EMP-1025,REG-01,Enterprise Partner,37,25099.88,0.01,919408.6,407182.52,512226.08,845855.91,Completed
ORD-HG-14071,2024-05-05,2024-05,CUST-1242,PROD-104,EMP-1015,REG-04,Retail Store,29,41599.19,0.0,1206376.51,623764.4,582612.11,1109866.39,Completed
ORD-HG-14072,2024-05-05,2024-05,CUST-1244,PROD-110,EMP-1003,REG-02,Retail Store,43,35018.84,0.03,1460635.82,651732.52,808903.3,1343784.95,Completed
ORD-HG-14073,2024-05-06,2024-05,CUST-1337,PROD-107,EMP-1047,REG-04,Field Sales,44,28759.86,0.01,1252779.5,618719.97,634059.53,1152557.14,Completed
ORD-HG-14074,2024-05-06,2024-05,CUST-1352,PROD-117,EMP-1032,REG-02,Field Sales,37,11920.62,0.01,436652.31,190460.27,246192.04,401720.13,Completed
ORD-HG-14075,2024-05-06,2024-05,CUST-1023,PROD-112,EMP-1047,REG-05,Direct Online,36,26296.62,0.04,908811.19,486919.06,421892.13,836106.29,Completed
ORD-HG-14076,2024-05-06,2024-05,CUST-1236,PROD-115,EMP-1010,REG-04,Retail Store,27,26743.4,0.01,714851.08,345844.12,369006.96,657662.99,Completed
ORD-HG-14077,2024-05-06,2024-05,CUST-1006,PROD-115,EMP-1026,REG-03,Direct Online,36,6384.6,0.01,227547.14,120679.28,106867.86,209343.37,Completed
ORD-HG-14078,2024-05-06,2024-05,CUST-1142,PROD-109,EMP-1045,REG-05,Field Sales,35,5248.37,0.03,178182.16,87863.99,90318.17,163927.59,Completed
ORD-HG-14079,2024-05-06,2024-05,CUST-1438,PROD-107,EMP-1004,REG-01,Retail Store,35,5181.51,0.04,174098.74,86819.8,87278.94,160170.84,Completed
ORD-HG-14080,2024-05-06,2024-05,CUST-1140,PROD-109,EMP-1014,REG-05,Direct Online,11,24009.35,0.04,253538.74,103382.79,150155.95,233255.64,Completed
ORD-HG-14081,2024-05-06,2024-05,CUST-1413,PROD-118,EMP-1015,REG-03,Field Sales,38,33677.22,0.03,1241342.33,561867.79,679474.54,1142034.94,Completed
ORD-HG-14082,2024-05-06,2024-05,CUST-1389,PROD-108,EMP-1019,REG-05,Direct Online,8,33282.69,0.01,263598.9,130985.08,132613.82,242510.99,Completed
ORD-HG-14083,2024-05-07,2024-05,CUST-1219,PROD-103,EMP-1013,REG-01,Direct Online,27,36975.37,0.0,998334.99,479834.73,518500.26,918468.19,Completed
ORD-HG-14084,2024-05-07,2024-05,CUST-1235,PROD-113,EMP-1015,REG-03,Retail Store,19,15585.36,0.02,290199.4,153927.87,136271.53,266983.45,Completed
ORD-HG-14085,2024-05-07,2024-05,CUST-1434,PROD-123,EMP-1030,REG-02,Field Sales,30,11864.4,0.04,341694.72,186847.66,154847.06,314359.14,Completed
ORD-HG-14086,2024-05-07,2024-05,CUST-1304,PROD-111,EMP-1007,REG-02,Enterprise Partner,8,6016.29,0.02,47167.71,20707.99,26459.72,43394.29,Completed
ORD-HG-14087,2024-05-07,2024-05,CUST-1426,PROD-116,EMP-1013,REG-05,Field Sales,18,10265.0,0.01,182922.3,78801.59,104120.71,168288.52,Completed
ORD-HG-14088,2024-05-07,2024-05,CUST-1358,PROD-106,EMP-1022,REG-05,Field Sales,5,6491.75,0.02,31809.58,16303.07,15506.51,29264.81,Completed
ORD-HG-14089,2024-05-07,2024-05,CUST-1015,PROD-121,EMP-1003,REG-02,Enterprise Partner,24,14034.53,0.05,319987.28,143747.61,176239.67,294388.3,Completed
ORD-HG-14090,2024-05-07,2024-05,CUST-1374,PROD-112,EMP-1009,REG-03,Enterprise Partner,7,31274.7,0.05,207976.75,88001.11,119975.64,191338.61,Completed
ORD-HG-14091,2024-05-07,2024-05,CUST-1074,PROD-115,EMP-1039,REG-05,Field Sales,18,43420.68,0.01,773756.52,339259.53,434496.99,711856.0,Completed
ORD-HG-14092,2024-05-07,2024-05,CUST-1257,PROD-108,EMP-1039,REG-05,Field Sales,7,25491.49,0.03,173087.22,82504.97,90582.25,159240.24,Completed
ORD-HG-14093,2024-05-07,2024-05,CUST-1077,PROD-118,EMP-1023,REG-02,Field Sales,12,35818.75,0.04,412632.0,167225.66,245406.34,379621.44,Completed
ORD-HG-14094,2024-05-07,2024-05,CUST-1215,PROD-113,EMP-1014,REG-01,Field Sales,17,34202.81,0.02,569818.81,241765.35,328053.46,524233.31,Completed
ORD-HG-14095,2024-05-08,2024-05,CUST-1447,PROD-106,EMP-1022,REG-01,Retail Store,27,12508.28,0.03,327591.85,141198.94,186392.91,301384.5,Completed
ORD-HG-14096,2024-05-08,2024-05,CUST-1402,PROD-112,EMP-1006,REG-01,Retail Store,9,38161.23,0.02,336582.05,149831.47,186750.58,309655.49,Completed
ORD-HG-14097,2024-05-08,2024-05,CUST-1454,PROD-105,EMP-1018,REG-01,Retail Store,9,13340.56,0.01,118864.39,52358.33,66506.06,109355.24,Completed
ORD-HG-14098,2024-05-08,2024-05,CUST-1329,PROD-114,EMP-1037,REG-05,Field Sales,21,38101.37,0.04,768123.62,315116.82,453006.8,706673.73,Completed
ORD-HG-14099,2024-05-08,2024-05,CUST-1228,PROD-116,EMP-1040,REG-02,Retail Store,39,5279.18,0.0,205888.02,97486.19,108401.83,189416.98,Completed
ORD-HG-14100,2024-05-09,2024-05,CUST-1443,PROD-114,EMP-1025,REG-03,Direct Online,12,6965.42,0.03,81077.49,34910.88,46166.61,74591.29,Completed
ORD-HG-14101,2024-05-09,2024-05,CUST-1318,PROD-105,EMP-1014,REG-05,Field Sales,9,28663.13,0.01,255388.49,106703.09,148685.4,234957.41,Completed
ORD-HG-14102,2024-05-09,2024-05,CUST-1178,PROD-107,EMP-1014,REG-02,Direct Online,37,38641.51,0.02,1401141.15,612021.62,789119.53,1289049.86,Completed
ORD-HG-14103,2024-05-09,2024-05,CUST-1054,PROD-121,EMP-1035,REG-03,Field Sales,25,7279.72,0.04,174713.28,83441.28,91272.0,160736.22,Completed
ORD-HG-14104,2024-05-09,2024-05,CUST-1355,PROD-110,EMP-1032,REG-04,Field Sales,27,21717.85,0.04,562926.67,231103.19,331823.48,517892.54,Completed
ORD-HG-14105,2024-05-09,2024-05,CUST-1360,PROD-114,EMP-1040,REG-01,Field Sales,20,7481.63,0.01,148136.27,76323.2,71813.07,136285.37,Completed
ORD-HG-14106,2024-05-09,2024-05,CUST-1199,PROD-121,EMP-1019,REG-01,Retail Store,7,11164.75,0.02,76590.18,30922.89,45667.29,70462.97,Completed
ORD-HG-14107,2024-05-09,2024-05,CUST-1122,PROD-106,EMP-1043,REG-01,Enterprise Partner,9,14216.51,0.02,125389.62,52017.2,73372.42,115358.45,Completed
ORD-HG-14108,2024-05-09,2024-05,CUST-1462,PROD-107,EMP-1029,REG-05,Retail Store,25,6962.06,0.04,167089.44,70360.17,96729.27,153722.28,Completed
ORD-HG-14109,2024-05-09,2024-05,CUST-1190,PROD-106,EMP-1036,REG-05,Retail Store,10,30917.2,0.01,306080.28,128277.91,177802.37,281593.86,Completed
ORD-HG-14110,2024-05-10,2024-05,CUST-1341,PROD-111,EMP-1046,REG-04,Field Sales,40,21071.13,0.01,834416.75,405935.45,428481.3,767663.41,Completed
ORD-HG-14111,2024-05-10,2024-05,CUST-1429,PROD-107,EMP-1037,REG-04,Field Sales,9,26532.31,0.05,226851.25,103655.62,123195.63,208703.15,Completed
ORD-HG-14112,2024-05-10,2024-05,CUST-1478,PROD-124,EMP-1048,REG-04,Retail Store,17,30172.09,0.02,502667.02,216872.16,285794.86,462453.66,Completed
ORD-HG-14113,2024-05-10,2024-05,CUST-1264,PROD-102,EMP-1016,REG-02,Field Sales,30,9438.28,0.01,280316.92,113924.26,166392.66,257891.57,Completed
ORD-HG-14114,2024-05-10,2024-05,CUST-1395,PROD-107,EMP-1042,REG-03,Field Sales,11,28414.0,0.03,303177.38,163236.48,139940.9,278923.19,Completed
ORD-HG-14115,2024-05-10,2024-05,CUST-1171,PROD-109,EMP-1016,REG-04,Retail Store,25,41719.21,0.04,1001261.04,490415.74,510845.3,921160.16,Completed
ORD-HG-14116,2024-05-10,2024-05,CUST-1248,PROD-104,EMP-1027,REG-02,Direct Online,36,40692.49,0.02,1435631.05,754465.28,681165.77,1320780.57,Completed
ORD-HG-14117,2024-05-10,2024-05,CUST-1310,PROD-103,EMP-1017,REG-03,Retail Store,37,41657.43,0.02,1510498.41,648101.85,862396.56,1389658.54,Completed
ORD-HG-14118,2024-05-10,2024-05,CUST-1146,PROD-115,EMP-1040,REG-05,Retail Store,11,44127.37,0.04,465985.03,231876.57,234108.46,428706.23,Completed
ORD-HG-14119,2024-05-11,2024-05,CUST-1432,PROD-123,EMP-1023,REG-01,Enterprise Partner,9,29027.72,0.01,258636.99,126259.3,132377.69,237946.03,Completed
ORD-HG-14120,2024-05-11,2024-05,CUST-1351,PROD-110,EMP-1031,REG-02,Field Sales,27,11661.96,0.03,305426.73,126787.04,178639.69,280992.59,Completed
ORD-HG-14121,2024-05-11,2024-05,CUST-1069,PROD-107,EMP-1028,REG-05,Field Sales,28,36089.84,0.03,980200.05,454166.71,526033.34,901784.05,Completed
ORD-HG-14122,2024-05-11,2024-05,CUST-1160,PROD-101,EMP-1028,REG-02,Enterprise Partner,10,38508.79,0.03,373535.26,183787.52,189747.74,343652.44,Completed
ORD-HG-14123,2024-05-11,2024-05,CUST-1210,PROD-120,EMP-1041,REG-05,Retail Store,10,30587.72,0.05,290583.34,122558.59,168024.75,267336.67,Completed
ORD-HG-14124,2024-05-11,2024-05,CUST-1002,PROD-106,EMP-1004,REG-02,Field Sales,32,6099.46,0.04,187375.41,79117.6,108257.81,172385.38,Completed
ORD-HG-14125,2024-05-12,2024-05,CUST-1198,PROD-102,EMP-1001,REG-02,Direct Online,21,44430.47,0.02,914379.07,397303.03,517076.04,841228.74,Completed
ORD-HG-14126,2024-05-12,2024-05,CUST-1351,PROD-118,EMP-1023,REG-01,Enterprise Partner,24,41508.6,0.04,956358.14,477143.12,479215.02,879849.49,Completed
ORD-HG-14127,2024-05-12,2024-05,CUST-1138,PROD-104,EMP-1039,REG-05,Enterprise Partner,34,6097.1,0.03,201082.36,105978.67,95103.69,184995.77,Completed
ORD-HG-14128,2024-05-12,2024-05,CUST-1474,PROD-122,EMP-1009,REG-01,Direct Online,19,41951.64,0.04,765197.91,367938.75,397259.16,703982.08,Completed
ORD-HG-14129,2024-05-13,2024-05,CUST-1272,PROD-116,EMP-1011,REG-03,Enterprise Partner,18,27815.74,0.05,475649.15,198849.5,276799.65,437597.22,Completed
ORD-HG-14130,2024-05-13,2024-05,CUST-1410,PROD-110,EMP-1043,REG-05,Field Sales,33,5913.52,0.03,189291.78,96177.65,93114.13,174148.44,Completed
ORD-HG-14131,2024-05-13,2024-05,CUST-1138,PROD-107,EMP-1028,REG-04,Retail Store,6,38782.13,0.04,223385.07,119048.47,104336.6,205514.26,Completed
ORD-HG-14132,2024-05-13,2024-05,CUST-1246,PROD-103,EMP-1048,REG-03,Enterprise Partner,17,14471.18,0.02,241089.86,122617.15,118472.71,221802.67,Completed
ORD-HG-14133,2024-05-13,2024-05,CUST-1220,PROD-113,EMP-1009,REG-01,Direct Online,11,34994.96,0.02,377245.67,168476.37,208769.3,347066.02,Completed
ORD-HG-14134,2024-05-13,2024-05,CUST-1074,PROD-102,EMP-1049,REG-03,Direct Online,36,11014.11,0.03,384612.72,197874.09,186738.63,353843.7,Completed
ORD-HG-14135,2024-05-13,2024-05,CUST-1166,PROD-110,EMP-1024,REG-03,Retail Store,28,24369.55,0.05,648230.03,290871.82,357358.21,596371.63,Completed
ORD-HG-14136,2024-05-13,2024-05,CUST-1108,PROD-108,EMP-1038,REG-04,Enterprise Partner,10,17540.52,0.02,171897.1,80369.52,91527.58,158145.33,Completed
ORD-HG-14137,2024-05-13,2024-05,CUST-1032,PROD-122,EMP-1042,REG-01,Enterprise Partner,11,14702.73,0.01,160112.73,70820.11,89292.62,147303.71,Completed
ORD-HG-14138,2024-05-14,2024-05,CUST-1309,PROD-120,EMP-1024,REG-01,Enterprise Partner,12,13092.28,0.02,153965.21,74844.64,79120.57,141647.99,Completed
ORD-HG-14139,2024-05-14,2024-05,CUST-1141,PROD-108,EMP-1030,REG-02,Direct Online,18,12724.78,0.0,229046.04,115580.06,113465.98,210722.36,Completed
ORD-HG-14140,2024-05-14,2024-05,CUST-1410,PROD-102,EMP-1003,REG-02,Field Sales,29,31711.39,0.02,901237.7,385629.85,515607.85,829138.68,Completed
ORD-HG-14141,2024-05-14,2024-05,CUST-1237,PROD-101,EMP-1032,REG-05,Enterprise Partner,15,30256.63,0.03,440233.97,197227.27,243006.7,405015.25,Completed
ORD-HG-14142,2024-05-14,2024-05,CUST-1308,PROD-119,EMP-1002,REG-04,Enterprise Partner,38,41224.94,0.04,1503885.81,661289.49,842596.32,1383574.95,Completed
ORD-HG-14143,2024-05-14,2024-05,CUST-1441,PROD-123,EMP-1031,REG-04,Enterprise Partner,30,19234.07,0.01,571251.88,233137.58,338114.3,525551.73,Completed
ORD-HG-14144,2024-05-14,2024-05,CUST-1026,PROD-112,EMP-1013,REG-01,Retail Store,8,15847.21,0.03,122974.35,63805.48,59168.87,113136.4,Completed
ORD-HG-14145,2024-05-14,2024-05,CUST-1153,PROD-103,EMP-1039,REG-02,Direct Online,22,43563.35,0.03,929641.89,418705.67,510936.22,855270.54,Completed
ORD-HG-14146,2024-05-14,2024-05,CUST-1376,PROD-117,EMP-1042,REG-01,Retail Store,7,27792.69,0.03,188712.37,100160.66,88551.71,173615.38,Completed
ORD-HG-14147,2024-05-14,2024-05,CUST-1184,PROD-112,EMP-1011,REG-01,Field Sales,42,35140.52,0.04,1416865.77,707240.2,709625.57,1303516.51,Completed
ORD-HG-14148,2024-05-15,2024-05,CUST-1383,PROD-115,EMP-1043,REG-02,Enterprise Partner,22,42469.57,0.03,906300.62,407641.22,498659.4,833796.57,Completed
ORD-HG-14149,2024-05-15,2024-05,CUST-1172,PROD-102,EMP-1020,REG-02,Field Sales,14,21116.93,0.04,283811.54,145510.53,138301.01,261106.62,Completed
ORD-HG-14150,2024-05-15,2024-05,CUST-1369,PROD-118,EMP-1008,REG-03,Retail Store,14,38594.87,0.0,540328.18,261738.33,278589.85,497101.93,Completed
ORD-HG-14151,2024-05-15,2024-05,CUST-1064,PROD-124,EMP-1049,REG-05,Field Sales,19,31858.97,0.03,587160.82,291845.15,295315.67,540187.95,Completed
ORD-HG-14152,2024-05-15,2024-05,CUST-1142,PROD-108,EMP-1020,REG-02,Direct Online,24,16630.8,0.04,383173.63,197052.95,186120.68,352519.74,Completed
ORD-HG-14153,2024-05-15,2024-05,CUST-1060,PROD-109,EMP-1023,REG-02,Field Sales,44,10837.35,0.02,467306.53,232205.16,235101.37,429922.01,Completed
ORD-HG-14154,2024-05-15,2024-05,CUST-1022,PROD-124,EMP-1018,REG-05,Retail Store,18,27916.8,0.04,482402.3,210868.04,271534.26,443810.12,Completed
ORD-HG-14155,2024-05-16,2024-05,CUST-1421,PROD-123,EMP-1047,REG-02,Direct Online,25,22147.75,0.03,537082.94,243549.72,293533.22,494116.3,Completed
ORD-HG-14156,2024-05-16,2024-05,CUST-1097,PROD-114,EMP-1040,REG-02,Enterprise Partner,21,39646.31,0.03,807595.33,417611.54,389983.79,742987.7,Completed
ORD-HG-14157,2024-05-16,2024-05,CUST-1024,PROD-117,EMP-1038,REG-04,Retail Store,44,39446.34,0.04,1666213.4,912795.61,753417.79,1532916.33,Completed
ORD-HG-14158,2024-05-16,2024-05,CUST-1190,PROD-117,EMP-1027,REG-02,Direct Online,32,10142.38,0.02,318065.04,159601.29,158463.75,292619.84,Completed
ORD-HG-14159,2024-05-17,2024-05,CUST-1487,PROD-107,EMP-1043,REG-04,Retail Store,15,23080.3,0.04,332356.32,142457.05,189899.27,305767.81,Completed
ORD-HG-14160,2024-05-17,2024-05,CUST-1434,PROD-108,EMP-1008,REG-04,Direct Online,32,34777.68,0.03,1079499.19,585780.13,493719.06,993139.25,Completed
ORD-HG-14161,2024-05-17,2024-05,CUST-1064,PROD-116,EMP-1029,REG-05,Field Sales,7,21349.01,0.03,144959.78,76662.25,68297.53,133363.0,Completed
ORD-HG-14162,2024-05-17,2024-05,CUST-1238,PROD-122,EMP-1027,REG-04,Direct Online,25,14329.29,0.02,351067.6,179650.32,171417.28,322982.19,Completed
ORD-HG-14163,2024-05-17,2024-05,CUST-1360,PROD-110,EMP-1044,REG-02,Direct Online,21,17111.41,0.03,348559.42,170169.58,178389.84,320674.67,Completed
ORD-HG-14164,2024-05-17,2024-05,CUST-1389,PROD-107,EMP-1045,REG-04,Field Sales,30,23155.55,0.01,687719.84,357897.66,329822.18,632702.25,Completed
ORD-HG-14165,2024-05-17,2024-05,CUST-1307,PROD-107,EMP-1032,REG-01,Retail Store,15,30420.71,0.03,442621.33,231248.19,211373.14,407211.62,Completed
ORD-HG-14166,2024-05-17,2024-05,CUST-1391,PROD-115,EMP-1013,REG-03,Direct Online,6,34080.95,0.03,198351.13,101186.75,97164.38,182483.04,Completed
ORD-HG-14167,2024-05-17,2024-05,CUST-1493,PROD-111,EMP-1031,REG-01,Retail Store,11,17483.84,0.04,184629.35,85326.25,99303.1,169859.0,Completed
ORD-HG-14168,2024-05-17,2024-05,CUST-1413,PROD-104,EMP-1022,REG-02,Enterprise Partner,13,7037.04,0.01,90566.7,41847.48,48719.22,83321.36,Completed
ORD-HG-14169,2024-05-17,2024-05,CUST-1452,PROD-118,EMP-1002,REG-02,Retail Store,28,26307.71,0.01,729249.72,397527.14,331722.58,670909.74,Completed
ORD-HG-14170,2024-05-18,2024-05,CUST-1140,PROD-110,EMP-1019,REG-04,Direct Online,8,16489.76,0.04,126641.36,66791.93,59849.43,116510.05,Completed
ORD-HG-14171,2024-05-18,2024-05,CUST-1097,PROD-119,EMP-1003,REG-01,Retail Store,25,8496.4,0.05,201789.5,110330.61,91458.89,185646.34,Completed
ORD-HG-14172,2024-05-18,2024-05,CUST-1051,PROD-118,EMP-1021,REG-04,Retail Store,37,32725.21,0.01,1198724.44,490230.41,708494.03,1102826.48,Completed
ORD-HG-14173,2024-05-18,2024-05,CUST-1393,PROD-114,EMP-1014,REG-05,Retail Store,12,15416.21,0.03,179444.68,73037.9,106406.78,165089.11,Completed
ORD-HG-14174,2024-05-18,2024-05,CUST-1126,PROD-112,EMP-1003,REG-03,Enterprise Partner,11,29691.05,0.04,313537.49,148614.63,164922.86,288454.49,Completed
ORD-HG-14175,2024-05-18,2024-05,CUST-1483,PROD-108,EMP-1039,REG-02,Retail Store,36,32646.89,0.03,1140029.4,622344.84,517684.56,1048827.05,Completed
ORD-HG-14176,2024-05-18,2024-05,CUST-1262,PROD-107,EMP-1020,REG-03,Enterprise Partner,19,30389.96,0.0,577409.24,246675.02,330734.22,531216.5,Completed
ORD-HG-14177,2024-05-18,2024-05,CUST-1495,PROD-109,EMP-1032,REG-02,Direct Online,34,10457.4,0.03,344885.05,139040.57,205844.48,317294.25,Completed
ORD-HG-14178,2024-05-18,2024-05,CUST-1038,PROD-118,EMP-1049,REG-05,Enterprise Partner,11,38180.42,0.04,403185.24,184446.52,218738.72,370930.42,Completed
ORD-HG-14179,2024-05-18,2024-05,CUST-1226,PROD-115,EMP-1029,REG-01,Enterprise Partner,41,19645.02,0.04,773227.99,357720.0,415507.99,711369.75,Completed
ORD-HG-14180,2024-05-18,2024-05,CUST-1229,PROD-124,EMP-1048,REG-03,Retail Store,38,40267.13,0.04,1468944.9,680832.45,788112.45,1351429.31,Completed
ORD-HG-14181,2024-05-18,2024-05,CUST-1448,PROD-108,EMP-1020,REG-01,Retail Store,16,33623.35,0.04,516454.66,262000.41,254454.25,475138.29,Completed
ORD-HG-14182,2024-05-18,2024-05,CUST-1000,PROD-110,EMP-1047,REG-05,Direct Online,13,24247.36,0.03,305759.21,125877.07,179882.14,281298.47,Completed
ORD-HG-14183,2024-05-19,2024-05,CUST-1101,PROD-101,EMP-1026,REG-05,Direct Online,38,42433.84,0.01,1596361.06,857348.16,739012.9,1468652.18,Completed
ORD-HG-14184,2024-05-19,2024-05,CUST-1080,PROD-118,EMP-1011,REG-01,Retail Store,36,31492.56,0.01,1122394.84,531387.75,591007.09,1032603.25,Completed
ORD-HG-14185,2024-05-19,2024-05,CUST-1290,PROD-104,EMP-1007,REG-02,Enterprise Partner,44,41688.76,0.01,1815962.39,824349.23,991613.16,1670685.4,Completed
ORD-HG-14186,2024-05-19,2024-05,CUST-1154,PROD-101,EMP-1026,REG-04,Retail Store,26,23921.37,0.0,621955.62,318027.96,303927.66,572199.17,Completed
ORD-HG-14187,2024-05-19,2024-05,CUST-1408,PROD-103,EMP-1011,REG-04,Direct Online,32,33862.58,0.04,1040258.46,420645.6,619612.86,957037.78,Completed
ORD-HG-14188,2024-05-19,2024-05,CUST-1459,PROD-123,EMP-1032,REG-05,Retail Store,33,16395.59,0.01,535643.93,223076.23,312567.7,492792.42,Completed
ORD-HG-14189,2024-05-20,2024-05,CUST-1301,PROD-111,EMP-1015,REG-05,Field Sales,40,11199.44,0.02,439018.05,218786.39,220231.66,403896.61,Completed
ORD-HG-14190,2024-05-20,2024-05,CUST-1090,PROD-103,EMP-1024,REG-02,Enterprise Partner,21,23454.76,0.05,467922.46,214251.02,253671.44,430488.66,Completed
ORD-HG-14191,2024-05-20,2024-05,CUST-1377,PROD-101,EMP-1032,REG-05,Field Sales,42,28057.52,0.02,1154847.52,494718.24,660129.28,1062459.72,Completed
ORD-HG-14192,2024-05-20,2024-05,CUST-1379,PROD-110,EMP-1005,REG-01,Enterprise Partner,6,32418.95,0.05,184788.02,90672.78,94115.24,170004.98,Completed
ORD-HG-14193,2024-05-20,2024-05,CUST-1078,PROD-105,EMP-1011,REG-03,Field Sales,12,22937.93,0.02,269750.06,108451.97,161298.09,248170.06,Completed
ORD-HG-14194,2024-05-20,2024-05,CUST-1044,PROD-120,EMP-1038,REG-05,Direct Online,37,25704.48,0.04,913023.13,391360.45,521662.68,839981.28,Completed
ORD-HG-14195,2024-05-20,2024-05,CUST-1147,PROD-109,EMP-1044,REG-02,Direct Online,9,33465.17,0.01,298174.66,151713.52,146461.14,274320.69,Completed
ORD-HG-14196,2024-05-20,2024-05,CUST-1139,PROD-102,EMP-1038,REG-02,Retail Store,22,39709.16,0.02,856129.49,434484.19,421645.3,787639.13,Completed
ORD-HG-14197,2024-05-20,2024-05,CUST-1037,PROD-104,EMP-1042,REG-05,Enterprise Partner,8,36832.72,0.05,279928.67,132280.27,147648.4,257534.38,Completed
ORD-HG-14198,2024-05-20,2024-05,CUST-1081,PROD-105,EMP-1025,REG-01,Field Sales,29,41862.17,0.04,1165442.81,474375.42,691067.39,1072207.39,Completed
ORD-HG-14199,2024-05-20,2024-05,CUST-1429,PROD-112,EMP-1002,REG-03,Enterprise Partner,36,40975.05,0.0,1475101.8,809133.18,665968.62,1357093.66,Completed
ORD-HG-14200,2024-05-20,2024-05,CUST-1077,PROD-122,EMP-1039,REG-05,Enterprise Partner,10,36173.73,0.0,361737.3,147906.16,213831.14,332798.32,Completed
ORD-HG-14201,2024-05-20,2024-05,CUST-1191,PROD-101,EMP-1035,REG-04,Enterprise Partner,21,15209.36,0.03,309814.66,129465.63,180349.03,285029.49,Completed
ORD-HG-14202,2024-05-21,2024-05,CUST-1247,PROD-120,EMP-1031,REG-01,Field Sales,24,14874.77,0.01,353424.54,149745.33,203679.21,325150.58,Completed
ORD-HG-14203,2024-05-21,2024-05,CUST-1476,PROD-112,EMP-1008,REG-05,Retail Store,34,34114.84,0.03,1125107.42,555307.76,569799.66,1035098.83,Completed
ORD-HG-14204,2024-05-21,2024-05,CUST-1233,PROD-105,EMP-1016,REG-02,Retail Store,29,34316.45,0.01,985225.28,474499.9,510725.38,906407.26,Completed
ORD-HG-14205,2024-05-21,2024-05,CUST-1113,PROD-114,EMP-1001,REG-01,Retail Store,12,33198.9,0.0,398386.8,202858.82,195527.98,366515.86,Completed
ORD-HG-14206,2024-05-21,2024-05,CUST-1028,PROD-108,EMP-1021,REG-04,Retail Store,37,33145.54,0.04,1177329.58,646043.45,531286.13,1083143.21,Completed
ORD-HG-14207,2024-05-21,2024-05,CUST-1337,PROD-113,EMP-1032,REG-05,Enterprise Partner,31,16290.67,0.02,494910.55,212361.27,282549.28,455317.71,Completed
ORD-HG-14208,2024-05-21,2024-05,CUST-1352,PROD-108,EMP-1014,REG-05,Field Sales,26,24269.32,0.02,618382.27,303073.93,315308.34,568911.69,Completed
ORD-HG-14209,2024-05-21,2024-05,CUST-1042,PROD-110,EMP-1043,REG-02,Enterprise Partner,14,35942.67,0.05,478037.51,250577.6,227459.91,439794.51,Completed
ORD-HG-14210,2024-05-21,2024-05,CUST-1458,PROD-124,EMP-1019,REG-04,Retail Store,43,23110.86,0.02,973891.64,406974.96,566916.68,895980.31,Completed
ORD-HG-14211,2024-05-22,2024-05,CUST-1398,PROD-107,EMP-1018,REG-01,Enterprise Partner,33,12002.65,0.02,388165.7,204367.91,183797.79,357112.44,Completed
ORD-HG-14212,2024-05-22,2024-05,CUST-1322,PROD-108,EMP-1036,REG-01,Enterprise Partner,25,28923.37,0.04,694160.88,303613.19,390547.69,638628.01,Completed
ORD-HG-14213,2024-05-22,2024-05,CUST-1313,PROD-106,EMP-1007,REG-05,Direct Online,36,25479.88,0.02,898930.17,433052.81,465877.36,827015.76,Completed
ORD-HG-14214,2024-05-22,2024-05,CUST-1483,PROD-106,EMP-1006,REG-02,Direct Online,31,20198.1,0.04,601095.46,288637.92,312457.54,553007.82,Completed
ORD-HG-14215,2024-05-22,2024-05,CUST-1064,PROD-121,EMP-1044,REG-02,Retail Store,37,18010.21,0.05,633058.88,277116.45,355942.43,582414.17,Completed
ORD-HG-14216,2024-05-22,2024-05,CUST-1413,PROD-123,EMP-1028,REG-03,Retail Store,25,5743.56,0.02,140717.22,58903.69,81813.53,129459.84,Completed
ORD-HG-14217,2024-05-22,2024-05,CUST-1032,PROD-119,EMP-1008,REG-04,Retail Store,12,11765.47,0.04,135538.21,71856.53,63681.68,124695.15,Completed
ORD-HG-14218,2024-05-22,2024-05,CUST-1195,PROD-122,EMP-1041,REG-04,Enterprise Partner,44,43078.87,0.04,1819651.47,952523.11,867128.36,1674079.35,Completed
ORD-HG-14219,2024-05-22,2024-05,CUST-1310,PROD-113,EMP-1044,REG-05,Retail Store,37,41003.63,0.0,1517134.31,733101.72,784032.59,1395763.57,Completed
ORD-HG-14220,2024-05-22,2024-05,CUST-1336,PROD-117,EMP-1002,REG-02,Enterprise Partner,41,14153.74,0.02,568697.27,306803.41,261893.86,523201.49,Completed
ORD-HG-14221,2024-05-22,2024-05,CUST-1499,PROD-104,EMP-1019,REG-02,Enterprise Partner,10,17933.8,0.03,173957.86,81876.21,92081.65,160041.23,Completed
ORD-HG-14222,2024-05-22,2024-05,CUST-1021,PROD-109,EMP-1024,REG-01,Enterprise Partner,22,33334.4,0.05,696688.96,315197.22,381491.74,640953.84,Completed
ORD-HG-14223,2024-05-23,2024-05,CUST-1011,PROD-124,EMP-1028,REG-03,Enterprise Partner,24,44454.65,0.03,1034904.25,535288.49,499615.76,952111.91,Completed
ORD-HG-14224,2024-05-23,2024-05,CUST-1084,PROD-108,EMP-1040,REG-05,Retail Store,30,34783.74,0.03,1012206.83,520685.56,491521.27,931230.28,Completed
ORD-HG-14225,2024-05-23,2024-05,CUST-1118,PROD-117,EMP-1007,REG-03,Enterprise Partner,6,30594.58,0.04,176224.78,94093.65,82131.13,162126.8,Completed
ORD-HG-14226,2024-05-23,2024-05,CUST-1074,PROD-123,EMP-1040,REG-03,Retail Store,41,38004.81,0.03,1511451.29,612682.22,898769.07,1390535.19,Completed
ORD-HG-14227,2024-05-24,2024-05,CUST-1474,PROD-116,EMP-1004,REG-04,Enterprise Partner,30,17273.26,0.03,502651.87,209707.6,292944.27,462439.72,Completed
ORD-HG-14228,2024-05-24,2024-05,CUST-1101,PROD-118,EMP-1028,REG-03,Direct Online,43,36727.86,0.03,1531919.04,673773.78,858145.26,1409365.52,Completed
ORD-HG-14229,2024-05-24,2024-05,CUST-1396,PROD-107,EMP-1001,REG-03,Field Sales,16,13463.29,0.04,206796.13,101656.7,105139.43,190252.44,Completed
ORD-HG-14230,2024-05-24,2024-05,CUST-1190,PROD-114,EMP-1042,REG-05,Enterprise Partner,5,33642.81,0.02,164849.77,87974.39,76875.38,151661.79,Completed
ORD-HG-14231,2024-05-24,2024-05,CUST-1104,PROD-110,EMP-1036,REG-05,Enterprise Partner,36,35862.97,0.02,1265245.58,675429.09,589816.49,1164025.93,Completed
ORD-HG-14232,2024-05-24,2024-05,CUST-1363,PROD-114,EMP-1033,REG-04,Retail Store,5,35324.56,0.03,171324.12,86274.06,85050.06,157618.19,Completed
ORD-HG-14233,2024-05-24,2024-05,CUST-1456,PROD-106,EMP-1019,REG-05,Enterprise Partner,26,18416.03,0.01,474028.61,190213.31,283815.3,436106.32,Completed
ORD-HG-14234,2024-05-24,2024-05,CUST-1352,PROD-115,EMP-1023,REG-04,Direct Online,15,33429.74,0.04,481388.26,236382.57,245005.69,442877.2,Completed
ORD-HG-14235,2024-05-24,2024-05,CUST-1064,PROD-109,EMP-1039,REG-03,Field Sales,6,41733.53,0.02,245393.16,119295.24,126097.92,225761.71,Completed
ORD-HG-14236,2024-05-25,2024-05,CUST-1111,PROD-105,EMP-1001,REG-05,Retail Store,11,28125.42,0.0,309379.62,136063.91,173315.71,284629.25,Completed
ORD-HG-14237,2024-05-25,2024-05,CUST-1421,PROD-103,EMP-1019,REG-03,Direct Online,40,42115.64,0.03,1634086.83,723455.43,910631.4,1503359.88,Completed
ORD-HG-14238,2024-05-26,2024-05,CUST-1393,PROD-113,EMP-1022,REG-05,Direct Online,9,14953.62,0.01,133236.75,67491.3,65745.45,122577.81,Completed
ORD-HG-14239,2024-05-26,2024-05,CUST-1306,PROD-102,EMP-1030,REG-02,Retail Store,18,24080.16,0.04,416105.16,189973.16,226132.0,382816.75,Completed
ORD-HG-14240,2024-05-26,2024-05,CUST-1321,PROD-112,EMP-1016,REG-02,Retail Store,36,17205.19,0.03,600805.23,288174.88,312630.35,552740.81,Completed
ORD-HG-14241,2024-05-26,2024-05,CUST-1457,PROD-123,EMP-1036,REG-05,Direct Online,7,43672.61,0.02,299594.1,145422.83,154171.27,275626.57,Completed
ORD-HG-14242,2024-05-26,2024-05,CUST-1358,PROD-106,EMP-1033,REG-02,Enterprise Partner,44,30086.0,0.02,1297308.32,559477.55,737830.77,1193523.65,Completed
ORD-HG-14243,2024-05-26,2024-05,CUST-1284,PROD-103,EMP-1041,REG-03,Direct Online,36,36993.85,0.04,1278507.46,632915.83,645591.63,1176226.86,Completed
ORD-HG-14244,2024-05-26,2024-05,CUST-1147,PROD-104,EMP-1040,REG-01,Field Sales,9,33620.96,0.0,302588.64,160200.93,142387.71,278381.55,Completed
ORD-HG-14245,2024-05-26,2024-05,CUST-1494,PROD-111,EMP-1008,REG-05,Retail Store,34,19482.03,0.0,662389.02,290699.26,371689.76,609397.9,Completed
ORD-HG-14246,2024-05-26,2024-05,CUST-1422,PROD-121,EMP-1034,REG-04,Retail Store,23,34830.15,0.03,777060.65,396919.14,380141.51,714895.8,Completed
ORD-HG-14247,2024-05-26,2024-05,CUST-1321,PROD-115,EMP-1003,REG-01,Enterprise Partner,7,12189.75,0.01,84474.97,39243.84,45231.13,77716.97,Completed
ORD-HG-14248,2024-05-27,2024-05,CUST-1254,PROD-103,EMP-1034,REG-03,Enterprise Partner,25,42832.59,0.03,1038690.31,477204.93,561485.38,955595.09,Completed
ORD-HG-14249,2024-05-27,2024-05,CUST-1444,PROD-101,EMP-1009,REG-01,Retail Store,17,23282.51,0.0,395802.67,210717.72,185084.95,364138.46,Completed
ORD-HG-14250,2024-05-27,2024-05,CUST-1205,PROD-111,EMP-1040,REG-02,Enterprise Partner,36,35509.04,0.01,1265542.19,611454.95,654087.24,1164298.81,Completed
ORD-HG-14251,2024-05-27,2024-05,CUST-1403,PROD-115,EMP-1045,REG-01,Enterprise Partner,39,29035.05,0.0,1132366.95,510188.81,622178.14,1041777.59,Completed
ORD-HG-14252,2024-05-27,2024-05,CUST-1313,PROD-105,EMP-1003,REG-02,Enterprise Partner,14,30461.9,0.03,413672.6,218434.22,195238.38,380578.79,Completed
ORD-HG-14253,2024-05-27,2024-05,CUST-1379,PROD-119,EMP-1027,REG-01,Enterprise Partner,39,32741.15,0.05,1213059.61,524068.58,688991.03,1116014.84,Completed
ORD-HG-14254,2024-05-27,2024-05,CUST-1084,PROD-102,EMP-1045,REG-02,Enterprise Partner,9,23023.93,0.01,205143.22,110530.58,94612.64,188731.76,Completed
ORD-HG-14255,2024-05-27,2024-05,CUST-1470,PROD-117,EMP-1024,REG-03,Direct Online,12,6812.8,0.04,78483.46,33122.43,45361.03,72204.78,Completed
ORD-HG-14256,2024-05-27,2024-05,CUST-1274,PROD-107,EMP-1031,REG-02,Field Sales,20,28548.24,0.02,559545.5,294489.67,265055.83,514781.86,Completed
ORD-HG-14257,2024-05-27,2024-05,CUST-1210,PROD-116,EMP-1030,REG-04,Direct Online,35,11371.41,0.0,397999.35,198403.8,199595.55,366159.4,Completed
ORD-HG-14258,2024-05-27,2024-05,CUST-1352,PROD-111,EMP-1001,REG-03,Field Sales,44,41680.44,0.01,1815599.97,948673.76,866926.21,1670351.97,Completed
ORD-HG-14259,2024-05-28,2024-05,CUST-1103,PROD-113,EMP-1026,REG-05,Enterprise Partner,25,26711.02,0.0,667775.5,330344.62,337430.88,614353.46,Completed
ORD-HG-14260,2024-05-28,2024-05,CUST-1330,PROD-112,EMP-1025,REG-04,Enterprise Partner,16,41379.33,0.0,662069.28,352501.96,309567.32,609103.74,Completed
ORD-HG-14261,2024-05-28,2024-05,CUST-1444,PROD-112,EMP-1048,REG-02,Direct Online,14,33341.95,0.02,457451.55,202880.8,254570.75,420855.43,Completed
ORD-HG-14262,2024-05-28,2024-05,CUST-1171,PROD-118,EMP-1044,REG-04,Direct Online,30,16342.17,0.03,475557.15,249218.83,226338.32,437512.58,Completed
ORD-HG-14263,2024-05-28,2024-05,CUST-1085,PROD-115,EMP-1015,REG-04,Field Sales,11,21198.74,0.04,223858.69,102456.99,121401.7,205949.99,Completed
ORD-HG-14264,2024-05-28,2024-05,CUST-1426,PROD-122,EMP-1031,REG-05,Retail Store,26,22390.49,0.0,582152.74,309414.88,272737.86,535580.52,Completed
ORD-HG-14265,2024-05-28,2024-05,CUST-1441,PROD-122,EMP-1008,REG-04,Retail Store,44,6563.0,0.02,282996.56,148140.3,134856.26,260356.84,Completed
ORD-HG-14266,2024-05-29,2024-05,CUST-1269,PROD-105,EMP-1022,REG-05,Field Sales,27,18020.29,0.02,476816.87,256254.29,220562.58,438671.52,Completed
ORD-HG-14267,2024-05-29,2024-05,CUST-1431,PROD-105,EMP-1024,REG-04,Direct Online,41,28392.48,0.0,1164091.68,551438.21,612653.47,1070964.35,Completed
ORD-HG-14268,2024-05-29,2024-05,CUST-1476,PROD-102,EMP-1030,REG-02,Enterprise Partner,18,43820.79,0.02,772998.74,393120.47,379878.27,711158.84,Completed
ORD-HG-14269,2024-05-29,2024-05,CUST-1388,PROD-123,EMP-1023,REG-01,Field Sales,6,13201.31,0.04,76039.55,33247.76,42791.79,69956.39,Completed
ORD-HG-14270,2024-05-29,2024-05,CUST-1241,PROD-124,EMP-1001,REG-01,Field Sales,15,15233.29,0.0,228499.35,106306.42,122192.93,210219.4,Completed
ORD-HG-14271,2024-05-30,2024-05,CUST-1121,PROD-114,EMP-1045,REG-05,Direct Online,10,27808.72,0.02,272525.46,148863.93,123661.53,250723.42,Completed
ORD-HG-14272,2024-05-30,2024-05,CUST-1108,PROD-107,EMP-1019,REG-01,Retail Store,26,5472.15,0.02,139430.38,61025.89,78404.49,128275.95,Completed
ORD-HG-14273,2024-05-30,2024-05,CUST-1427,PROD-119,EMP-1041,REG-03,Direct Online,26,37742.12,0.05,932230.36,483393.54,448836.82,857651.93,Completed
ORD-HG-14274,2024-05-30,2024-05,CUST-1249,PROD-102,EMP-1012,REG-02,Enterprise Partner,21,14228.52,0.02,292822.94,119920.45,172902.49,269397.1,Completed
ORD-HG-14275,2024-05-30,2024-05,CUST-1123,PROD-115,EMP-1045,REG-05,Field Sales,39,28438.01,0.05,1053628.27,551852.41,501775.86,969338.01,Completed
ORD-HG-14276,2024-05-30,2024-05,CUST-1401,PROD-123,EMP-1038,REG-03,Field Sales,40,39552.93,0.02,1550474.86,634565.84,915909.02,1426436.87,Completed
ORD-HG-14277,2024-05-30,2024-05,CUST-1326,PROD-109,EMP-1020,REG-04,Field Sales,25,12773.92,0.04,306574.08,145593.03,160981.05,282048.15,Completed
ORD-HG-14278,2024-05-31,2024-05,CUST-1308,PROD-111,EMP-1029,REG-01,Direct Online,38,38517.18,0.03,1419743.25,664626.84,755116.41,1306163.79,Completed
ORD-HG-14279,2024-05-31,2024-05,CUST-1364,PROD-106,EMP-1017,REG-04,Field Sales,42,11024.11,0.03,449122.24,223122.3,225999.94,413192.46,Completed
ORD-HG-14280,2024-05-31,2024-05,CUST-1143,PROD-107,EMP-1033,REG-04,Enterprise Partner,23,40684.95,0.05,888966.16,419576.44,469389.72,817848.87,Completed
ORD-HG-14281,2024-05-31,2024-05,CUST-1496,PROD-108,EMP-1013,REG-01,Enterprise Partner,15,23558.79,0.04,339246.58,147599.25,191647.33,312106.85,Completed
ORD-HG-14282,2024-05-31,2024-05,CUST-1034,PROD-106,EMP-1023,REG-02,Field Sales,24,16717.82,0.01,397215.4,164692.14,232523.26,365438.17,Completed
ORD-HG-14283,2024-05-31,2024-05,CUST-1409,PROD-114,EMP-1004,REG-04,Direct Online,35,13288.42,0.04,446490.91,193237.92,253252.99,410771.64,Completed
ORD-HG-14284,2024-05-31,2024-05,CUST-1131,PROD-101,EMP-1049,REG-01,Direct Online,22,33091.73,0.0,728018.06,307938.77,420079.29,669776.62,Completed
ORD-HG-14285,2024-06-01,2024-06,CUST-1311,PROD-113,EMP-1033,REG-01,Enterprise Partner,15,33753.2,0.01,501235.02,206413.07,294821.95,461136.22,Completed
ORD-HG-14286,2024-06-01,2024-06,CUST-1215,PROD-107,EMP-1006,REG-02,Field Sales,35,9305.97,0.01,322451.86,157111.8,165340.06,296655.71,Completed
ORD-HG-14287,2024-06-01,2024-06,CUST-1322,PROD-119,EMP-1049,REG-05,Field Sales,29,40609.49,0.03,1142344.95,546890.78,595454.17,1050957.35,Completed
ORD-HG-14288,2024-06-01,2024-06,CUST-1107,PROD-101,EMP-1027,REG-04,Enterprise Partner,17,24426.64,0.03,402795.29,189084.59,213710.7,370571.67,Completed
ORD-HG-14289,2024-06-01,2024-06,CUST-1000,PROD-122,EMP-1048,REG-03,Retail Store,29,19099.61,0.05,526194.26,232496.64,293697.62,484098.72,Completed
ORD-HG-14290,2024-06-01,2024-06,CUST-1333,PROD-111,EMP-1045,REG-01,Retail Store,7,7423.46,0.0,51964.22,20875.57,31088.65,47807.08,Completed
ORD-HG-14291,2024-06-01,2024-06,CUST-1260,PROD-107,EMP-1042,REG-02,Retail Store,18,26138.51,0.04,451673.45,198855.91,252817.54,415539.57,Completed
ORD-HG-14292,2024-06-01,2024-06,CUST-1124,PROD-108,EMP-1041,REG-03,Enterprise Partner,44,16106.56,0.04,680341.09,290444.83,389896.26,625913.8,Completed
ORD-HG-14293,2024-06-01,2024-06,CUST-1186,PROD-113,EMP-1001,REG-05,Enterprise Partner,33,33013.48,0.02,1067655.94,488407.19,579248.75,982243.46,Completed
ORD-HG-14294,2024-06-01,2024-06,CUST-1439,PROD-103,EMP-1004,REG-03,Field Sales,8,15633.4,0.03,121315.18,58065.42,63249.76,111609.97,Completed
ORD-HG-14295,2024-06-02,2024-06,CUST-1492,PROD-106,EMP-1014,REG-04,Retail Store,21,9402.11,0.02,193495.42,90924.82,102570.6,178015.79,Completed
ORD-HG-14296,2024-06-02,2024-06,CUST-1209,PROD-105,EMP-1033,REG-03,Direct Online,43,30535.62,0.01,1299901.34,575692.71,724208.63,1195909.23,Completed
ORD-HG-14297,2024-06-02,2024-06,CUST-1350,PROD-124,EMP-1010,REG-01,Retail Store,30,15363.06,0.01,456282.88,202852.65,253430.23,419780.25,Completed
ORD-HG-14298,2024-06-02,2024-06,CUST-1334,PROD-121,EMP-1046,REG-03,Direct Online,9,22936.94,0.01,204368.14,104916.37,99451.77,188018.69,Completed
ORD-HG-14299,2024-06-02,2024-06,CUST-1252,PROD-103,EMP-1048,REG-01,Direct Online,14,36174.27,0.01,501375.38,211703.79,289671.59,461265.35,Completed
ORD-HG-14300,2024-06-02,2024-06,CUST-1075,PROD-109,EMP-1023,REG-03,Retail Store,35,18476.44,0.0,646675.4,265450.78,381224.62,594941.37,Completed
ORD-HG-14301,2024-06-02,2024-06,CUST-1078,PROD-105,EMP-1039,REG-05,Retail Store,35,10469.64,0.02,359108.65,175071.81,184036.84,330379.96,Completed
ORD-HG-14302,2024-06-02,2024-06,CUST-1335,PROD-104,EMP-1026,REG-05,Field Sales,30,30245.99,0.02,889232.11,373209.32,516022.79,818093.54,Completed
ORD-HG-14303,2024-06-02,2024-06,CUST-1272,PROD-114,EMP-1035,REG-03,Field Sales,28,34799.34,0.02,954893.89,513578.84,441315.05,878502.38,Completed
ORD-HG-14304,2024-06-02,2024-06,CUST-1242,PROD-121,EMP-1003,REG-05,Retail Store,25,13851.8,0.04,332443.2,138108.26,194334.94,305847.74,Completed
ORD-HG-14305,2024-06-03,2024-06,CUST-1240,PROD-115,EMP-1007,REG-02,Enterprise Partner,33,11439.31,0.03,366172.31,160331.22,205841.09,336878.53,Completed
ORD-HG-14306,2024-06-03,2024-06,CUST-1479,PROD-117,EMP-1044,REG-04,Direct Online,19,8849.32,0.02,164774.34,83304.94,81469.4,151592.39,Completed
ORD-HG-14307,2024-06-03,2024-06,CUST-1065,PROD-124,EMP-1002,REG-03,Field Sales,10,25542.32,0.03,247760.5,106864.94,140895.56,227939.66,Completed
ORD-HG-14308,2024-06-03,2024-06,CUST-1246,PROD-115,EMP-1001,REG-01,Retail Store,19,20006.05,0.0,380114.95,164887.0,215227.95,349705.75,Completed
ORD-HG-14309,2024-06-03,2024-06,CUST-1218,PROD-122,EMP-1043,REG-04,Enterprise Partner,34,34066.87,0.01,1146690.84,508577.46,638113.38,1054955.57,Completed
ORD-HG-14310,2024-06-03,2024-06,CUST-1272,PROD-104,EMP-1039,REG-04,Direct Online,6,35864.27,0.02,210881.91,112573.83,98308.08,194011.36,Completed
ORD-HG-14311,2024-06-03,2024-06,CUST-1097,PROD-101,EMP-1011,REG-01,Field Sales,32,34648.51,0.01,1097664.8,595864.53,501800.27,1009851.62,Completed
ORD-HG-14312,2024-06-04,2024-06,CUST-1295,PROD-117,EMP-1015,REG-01,Field Sales,31,22236.92,0.04,661770.74,294332.88,367437.86,608829.08,Completed
ORD-HG-14313,2024-06-04,2024-06,CUST-1148,PROD-108,EMP-1032,REG-05,Field Sales,18,32386.4,0.02,571296.1,252095.4,319200.7,525592.41,Completed
ORD-HG-14314,2024-06-04,2024-06,CUST-1430,PROD-118,EMP-1026,REG-02,Direct Online,8,30276.42,0.03,234945.02,120096.26,114848.76,216149.42,Completed
ORD-HG-14315,2024-06-04,2024-06,CUST-1312,PROD-116,EMP-1041,REG-01,Retail Store,36,23931.6,0.02,844306.85,444731.73,399575.12,776762.3,Completed
ORD-HG-14316,2024-06-05,2024-06,CUST-1301,PROD-107,EMP-1009,REG-03,Field Sales,9,38737.25,0.04,334689.84,135667.52,199022.32,307914.65,Completed
ORD-HG-14317,2024-06-05,2024-06,CUST-1152,PROD-113,EMP-1018,REG-04,Enterprise Partner,26,24189.08,0.04,603759.44,327293.61,276465.83,555458.68,Completed
ORD-HG-14318,2024-06-05,2024-06,CUST-1043,PROD-106,EMP-1042,REG-01,Retail Store,8,15618.74,0.0,124949.92,64135.12,60814.8,114953.93,Completed
ORD-HG-14319,2024-06-05,2024-06,CUST-1120,PROD-121,EMP-1040,REG-02,Enterprise Partner,41,20225.04,0.04,796057.57,346138.52,449919.05,732372.96,Completed
ORD-HG-14320,2024-06-05,2024-06,CUST-1074,PROD-115,EMP-1012,REG-01,Direct Online,12,17072.35,0.01,202819.52,100474.97,102344.55,186593.96,Completed
ORD-HG-14321,2024-06-05,2024-06,CUST-1233,PROD-107,EMP-1043,REG-01,Retail Store,6,12278.5,0.03,71460.87,39033.89,32426.98,65744.0,Completed
ORD-HG-14322,2024-06-06,2024-06,CUST-1030,PROD-123,EMP-1030,REG-02,Direct Online,11,33877.04,0.02,365194.49,198641.46,166553.03,335978.93,Completed
ORD-HG-14323,2024-06-06,2024-06,CUST-1122,PROD-101,EMP-1021,REG-03,Retail Store,12,20328.55,0.02,239063.75,100854.14,138209.61,219938.65,Completed
ORD-HG-14324,2024-06-06,2024-06,CUST-1007,PROD-114,EMP-1033,REG-03,Retail Store,40,42919.55,0.01,1699614.18,802444.74,897169.44,1563645.05,Completed
ORD-HG-14325,2024-06-06,2024-06,CUST-1078,PROD-102,EMP-1006,REG-03,Direct Online,15,5750.48,0.03,83669.48,45274.82,38394.66,76975.92,Completed
ORD-HG-14326,2024-06-06,2024-06,CUST-1393,PROD-107,EMP-1038,REG-05,Direct Online,24,29141.97,0.01,692413.21,331969.16,360444.05,637020.15,Completed
ORD-HG-14327,2024-06-06,2024-06,CUST-1101,PROD-113,EMP-1025,REG-01,Direct Online,35,32893.13,0.01,1139746.95,612929.3,526817.65,1048567.19,Completed
ORD-HG-14328,2024-06-06,2024-06,CUST-1229,PROD-108,EMP-1021,REG-04,Direct Online,16,35651.54,0.01,564720.39,240259.15,324461.24,519542.76,Completed
ORD-HG-14329,2024-06-06,2024-06,CUST-1074,PROD-120,EMP-1029,REG-04,Field Sales,16,10199.08,0.02,159921.57,74015.44,85906.13,147127.84,Completed
ORD-HG-14330,2024-06-06,2024-06,CUST-1265,PROD-116,EMP-1024,REG-02,Enterprise Partner,9,38783.18,0.02,342067.65,181273.34,160794.31,314702.24,Completed
ORD-HG-14331,2024-06-06,2024-06,CUST-1226,PROD-106,EMP-1030,REG-01,Enterprise Partner,10,8066.58,0.0,80665.8,40411.02,40254.78,74212.54,Completed
ORD-HG-14332,2024-06-07,2024-06,CUST-1384,PROD-114,EMP-1012,REG-02,Enterprise Partner,34,31982.5,0.02,1065656.9,526921.38,538735.52,980404.35,Completed
ORD-HG-14333,2024-06-07,2024-06,CUST-1266,PROD-114,EMP-1028,REG-04,Retail Store,33,21555.89,0.03,690004.04,366458.78,323545.26,634803.72,Completed
ORD-HG-14334,2024-06-07,2024-06,CUST-1182,PROD-108,EMP-1014,REG-01,Retail Store,27,36931.56,0.03,967237.56,423200.23,544037.33,889858.56,Completed
ORD-HG-14335,2024-06-07,2024-06,CUST-1410,PROD-120,EMP-1018,REG-01,Field Sales,8,26230.27,0.0,209842.16,95344.26,114497.9,193054.79,Completed
ORD-HG-14336,2024-06-07,2024-06,CUST-1136,PROD-118,EMP-1004,REG-03,Enterprise Partner,13,6960.12,0.04,86862.3,37817.18,49045.12,79913.32,Completed
ORD-HG-14337,2024-06-07,2024-06,CUST-1004,PROD-104,EMP-1045,REG-03,Enterprise Partner,14,8136.22,0.04,109350.8,51912.77,57438.03,100602.74,Completed
ORD-HG-14338,2024-06-07,2024-06,CUST-1219,PROD-114,EMP-1012,REG-03,Retail Store,16,32307.59,0.04,496244.58,239599.29,256645.29,456545.01,Completed
ORD-HG-14339,2024-06-07,2024-06,CUST-1175,PROD-124,EMP-1038,REG-05,Enterprise Partner,44,42274.3,0.01,1841468.51,803540.88,1037927.63,1694151.03,Completed
ORD-HG-14340,2024-06-07,2024-06,CUST-1260,PROD-103,EMP-1001,REG-02,Enterprise Partner,23,23788.28,0.01,541659.14,250105.61,291553.53,498326.41,Completed
ORD-HG-14341,2024-06-07,2024-06,CUST-1194,PROD-122,EMP-1004,REG-03,Direct Online,11,26121.24,0.01,284460.3,125678.6,158781.7,261703.48,Completed
ORD-HG-14342,2024-06-07,2024-06,CUST-1062,PROD-120,EMP-1019,REG-04,Field Sales,18,11902.27,0.03,207813.63,99214.69,108598.94,191188.54,Completed
ORD-HG-14343,2024-06-08,2024-06,CUST-1047,PROD-110,EMP-1011,REG-04,Retail Store,20,22180.64,0.04,425868.29,209936.67,215931.62,391798.83,Completed
ORD-HG-14344,2024-06-08,2024-06,CUST-1406,PROD-117,EMP-1019,REG-03,Direct Online,29,9238.55,0.04,257201.23,140699.69,116501.54,236625.13,Completed
ORD-HG-14345,2024-06-08,2024-06,CUST-1363,PROD-121,EMP-1034,REG-02,Field Sales,15,8782.25,0.04,126464.4,58641.66,67822.74,116347.25,Completed
ORD-HG-14346,2024-06-08,2024-06,CUST-1161,PROD-109,EMP-1001,REG-04,Retail Store,31,10443.42,0.03,314033.64,127520.05,186513.59,288910.95,Completed
ORD-HG-14347,2024-06-08,2024-06,CUST-1127,PROD-120,EMP-1030,REG-02,Retail Store,14,30204.22,0.0,422859.08,228174.01,194685.07,389030.35,Completed
ORD-HG-14348,2024-06-08,2024-06,CUST-1390,PROD-103,EMP-1006,REG-04,Direct Online,27,32716.88,0.0,883355.76,469974.17,413381.59,812687.3,Completed
ORD-HG-14349,2024-06-09,2024-06,CUST-1199,PROD-104,EMP-1029,REG-05,Enterprise Partner,20,21209.91,0.03,411472.25,172262.41,239209.84,378554.47,Completed
ORD-HG-14350,2024-06-09,2024-06,CUST-1470,PROD-103,EMP-1039,REG-01,Enterprise Partner,43,35418.68,0.04,1462083.11,715011.87,747071.24,1345116.46,Completed
ORD-HG-14351,2024-06-09,2024-06,CUST-1086,PROD-109,EMP-1005,REG-04,Field Sales,28,34550.23,0.03,938384.25,405881.1,532503.15,863313.51,Completed
ORD-HG-14352,2024-06-09,2024-06,CUST-1212,PROD-117,EMP-1023,REG-05,Direct Online,7,36904.03,0.0,258328.21,104342.62,153985.59,237661.95,Completed
ORD-HG-14353,2024-06-09,2024-06,CUST-1010,PROD-108,EMP-1014,REG-01,Retail Store,20,27221.17,0.04,522646.46,247073.05,275573.41,480834.74,Completed
ORD-HG-14354,2024-06-09,2024-06,CUST-1171,PROD-121,EMP-1043,REG-04,Enterprise Partner,19,41819.71,0.04,762791.51,322585.4,440206.11,701768.19,Completed
ORD-HG-14355,2024-06-09,2024-06,CUST-1085,PROD-104,EMP-1013,REG-01,Direct Online,20,34242.95,0.0,684859.0,332435.12,352423.88,630070.28,Completed
ORD-HG-14356,2024-06-09,2024-06,CUST-1438,PROD-114,EMP-1048,REG-01,Direct Online,14,22340.93,0.01,309645.29,136535.58,173109.71,284873.67,Completed
ORD-HG-14357,2024-06-10,2024-06,CUST-1134,PROD-123,EMP-1029,REG-02,Retail Store,43,36442.64,0.05,1488681.84,716876.68,771805.16,1369587.29,Completed
ORD-HG-14358,2024-06-10,2024-06,CUST-1202,PROD-114,EMP-1042,REG-02,Field Sales,9,24393.74,0.03,212957.35,100941.85,112015.5,195920.76,Completed
ORD-HG-14359,2024-06-10,2024-06,CUST-1213,PROD-109,EMP-1019,REG-05,Direct Online,22,25345.1,0.01,552016.28,290103.85,261912.43,507854.98,Completed
ORD-HG-14360,2024-06-10,2024-06,CUST-1176,PROD-119,EMP-1016,REG-04,Field Sales,21,40846.92,0.0,857785.32,401513.48,456271.84,789162.49,Completed
ORD-HG-14361,2024-06-10,2024-06,CUST-1128,PROD-112,EMP-1012,REG-04,Field Sales,13,32764.1,0.03,413155.3,211314.63,201840.67,380102.88,Completed
ORD-HG-14362,2024-06-10,2024-06,CUST-1429,PROD-107,EMP-1004,REG-05,Direct Online,25,18985.89,0.05,450914.89,231326.74,219588.15,414841.7,Completed
ORD-HG-14363,2024-06-10,2024-06,CUST-1038,PROD-120,EMP-1022,REG-05,Retail Store,44,19285.03,0.03,823085.08,360434.31,462650.77,757238.27,Completed
ORD-HG-14364,2024-06-11,2024-06,CUST-1255,PROD-101,EMP-1010,REG-02,Retail Store,7,30200.27,0.02,207173.85,104867.91,102305.94,190599.94,Completed
ORD-HG-14365,2024-06-11,2024-06,CUST-1214,PROD-116,EMP-1004,REG-03,Enterprise Partner,36,24419.65,0.03,852734.18,366760.51,485973.67,784515.45,Completed
ORD-HG-14366,2024-06-11,2024-06,CUST-1474,PROD-119,EMP-1004,REG-01,Field Sales,11,12500.26,0.04,132002.75,57674.39,74328.36,121442.53,Completed
ORD-HG-14367,2024-06-11,2024-06,CUST-1230,PROD-101,EMP-1041,REG-04,Field Sales,31,11012.6,0.0,341390.6,163627.42,177763.18,314079.35,Completed
ORD-HG-14368,2024-06-11,2024-06,CUST-1098,PROD-122,EMP-1010,REG-04,Direct Online,35,18863.36,0.02,647013.25,303514.24,343499.01,595252.19,Completed
ORD-HG-14369,2024-06-11,2024-06,CUST-1488,PROD-107,EMP-1010,REG-05,Retail Store,26,21012.37,0.03,529931.97,283779.42,246152.55,487537.41,Completed
ORD-HG-14370,2024-06-11,2024-06,CUST-1316,PROD-122,EMP-1035,REG-01,Direct Online,8,31985.26,0.02,250764.44,114192.82,136571.62,230703.28,Completed
ORD-HG-14371,2024-06-12,2024-06,CUST-1266,PROD-120,EMP-1004,REG-01,Retail Store,16,16251.9,0.02,254829.79,140077.58,114752.21,234443.41,Completed
ORD-HG-14372,2024-06-12,2024-06,CUST-1316,PROD-117,EMP-1046,REG-03,Enterprise Partner,15,21322.4,0.01,316637.64,157968.65,158668.99,291306.63,Completed
ORD-HG-14373,2024-06-12,2024-06,CUST-1105,PROD-108,EMP-1007,REG-02,Retail Store,5,5818.78,0.04,27930.14,11405.26,16524.88,25695.73,Completed
ORD-HG-14374,2024-06-12,2024-06,CUST-1136,PROD-115,EMP-1046,REG-01,Retail Store,19,6476.65,0.0,123056.35,65726.64,57329.71,113211.84,Completed
ORD-HG-14375,2024-06-12,2024-06,CUST-1384,PROD-109,EMP-1022,REG-01,Direct Online,5,25671.1,0.04,123221.28,56719.94,66501.34,113363.58,Completed
ORD-HG-14376,2024-06-12,2024-06,CUST-1283,PROD-101,EMP-1049,REG-01,Field Sales,28,30817.94,0.03,837015.25,450820.24,386195.01,770054.03,Completed
ORD-HG-14377,2024-06-13,2024-06,CUST-1275,PROD-104,EMP-1039,REG-04,Retail Store,34,32336.53,0.05,1044469.92,555551.09,488918.83,960912.33,Completed
ORD-HG-14378,2024-06-13,2024-06,CUST-1007,PROD-102,EMP-1037,REG-05,Direct Online,13,5420.9,0.02,69062.27,28576.03,40486.24,63537.29,Completed
ORD-HG-14379,2024-06-13,2024-06,CUST-1127,PROD-103,EMP-1001,REG-04,Retail Store,38,6896.63,0.01,259451.22,111979.89,147471.33,238695.12,Completed
ORD-HG-14380,2024-06-13,2024-06,CUST-1271,PROD-108,EMP-1032,REG-05,Direct Online,23,11979.3,0.05,261747.7,113296.52,148451.18,240807.88,Completed
ORD-HG-14381,2024-06-13,2024-06,CUST-1129,PROD-121,EMP-1005,REG-01,Enterprise Partner,38,39079.11,0.03,1440455.99,741028.49,699427.5,1325219.51,Completed
ORD-HG-14382,2024-06-13,2024-06,CUST-1030,PROD-111,EMP-1006,REG-05,Field Sales,13,19369.47,0.03,244249.02,113582.32,130666.7,224709.1,Completed
ORD-HG-14383,2024-06-13,2024-06,CUST-1276,PROD-109,EMP-1046,REG-02,Field Sales,16,36519.35,0.05,555094.12,249770.61,305323.51,510686.59,Completed
ORD-HG-14384,2024-06-13,2024-06,CUST-1389,PROD-114,EMP-1014,REG-04,Direct Online,35,26888.4,0.04,903450.24,434506.61,468943.63,831174.22,Completed
ORD-HG-14385,2024-06-13,2024-06,CUST-1100,PROD-112,EMP-1027,REG-03,Direct Online,38,13060.71,0.01,491343.91,258031.56,233312.35,452036.4,Completed
ORD-HG-14386,2024-06-14,2024-06,CUST-1268,PROD-114,EMP-1024,REG-04,Direct Online,15,23863.05,0.05,340048.46,175022.86,165025.6,312844.58,Completed
ORD-HG-14387,2024-06-14,2024-06,CUST-1203,PROD-107,EMP-1002,REG-05,Retail Store,5,35060.65,0.03,170044.15,88536.68,81507.47,156440.62,Completed
ORD-HG-14388,2024-06-14,2024-06,CUST-1094,PROD-102,EMP-1024,REG-04,Enterprise Partner,43,29458.58,0.02,1241384.56,596528.47,644856.09,1142073.8,Completed
ORD-HG-14389,2024-06-14,2024-06,CUST-1038,PROD-119,EMP-1004,REG-02,Enterprise Partner,9,18885.87,0.03,164873.65,77364.7,87508.95,151683.76,Completed
ORD-HG-14390,2024-06-14,2024-06,CUST-1275,PROD-115,EMP-1026,REG-02,Field Sales,25,35545.68,0.05,844209.9,346253.38,497956.52,776673.11,Completed
ORD-HG-14391,2024-06-14,2024-06,CUST-1065,PROD-114,EMP-1021,REG-01,Field Sales,27,27680.6,0.02,732428.68,393091.07,339337.61,673834.39,Completed
ORD-HG-14392,2024-06-15,2024-06,CUST-1092,PROD-105,EMP-1048,REG-02,Enterprise Partner,39,21450.65,0.01,828209.6,359921.77,468287.83,761952.83,Completed
ORD-HG-14393,2024-06-15,2024-06,CUST-1234,PROD-114,EMP-1003,REG-05,Direct Online,35,27159.24,0.0,950573.4,497186.41,453386.99,874527.53,Completed
ORD-HG-14394,2024-06-15,2024-06,CUST-1444,PROD-112,EMP-1038,REG-05,Field Sales,15,23515.19,0.02,345673.29,146854.08,198819.21,318019.43,Completed
ORD-HG-14395,2024-06-15,2024-06,CUST-1044,PROD-121,EMP-1044,REG-03,Field Sales,42,42754.21,0.01,1777720.05,743113.7,1034606.35,1635502.45,Completed
ORD-HG-14396,2024-06-15,2024-06,CUST-1330,PROD-101,EMP-1032,REG-02,Enterprise Partner,26,10569.15,0.05,261058.0,116089.38,144968.62,240173.36,Completed
ORD-HG-14397,2024-06-15,2024-06,CUST-1180,PROD-102,EMP-1022,REG-02,Retail Store,31,27191.5,0.01,834507.14,394962.64,439544.5,767746.57,Completed
ORD-HG-14398,2024-06-15,2024-06,CUST-1332,PROD-101,EMP-1030,REG-04,Retail Store,12,9151.61,0.0,109819.32,57405.66,52413.66,101033.77,Completed
ORD-HG-14399,2024-06-15,2024-06,CUST-1116,PROD-112,EMP-1029,REG-04,Retail Store,14,40172.73,0.05,534297.31,253237.25,281060.06,491553.53,Completed
ORD-HG-14400,2024-06-15,2024-06,CUST-1164,PROD-110,EMP-1017,REG-02,Enterprise Partner,27,39833.95,0.04,1032495.98,562621.61,469874.37,949896.3,Completed
ORD-HG-14401,2024-06-16,2024-06,CUST-1316,PROD-122,EMP-1024,REG-01,Direct Online,10,15668.12,0.04,150413.95,65198.39,85215.56,138380.83,Completed
ORD-HG-14402,2024-06-16,2024-06,CUST-1392,PROD-106,EMP-1038,REG-02,Direct Online,14,41346.36,0.03,561483.57,279129.82,282353.75,516564.88,Completed
ORD-HG-14403,2024-06-16,2024-06,CUST-1347,PROD-120,EMP-1048,REG-01,Field Sales,15,34508.87,0.05,491751.4,219552.11,272199.29,452411.29,Completed
ORD-HG-14404,2024-06-16,2024-06,CUST-1062,PROD-112,EMP-1047,REG-02,Enterprise Partner,12,13324.86,0.02,156700.35,69040.41,87659.94,144164.32,Completed
ORD-HG-14405,2024-06-16,2024-06,CUST-1145,PROD-119,EMP-1032,REG-03,Field Sales,23,40231.1,0.02,906808.99,390472.86,516336.13,834264.27,Completed
ORD-HG-14406,2024-06-16,2024-06,CUST-1249,PROD-113,EMP-1047,REG-03,Enterprise Partner,10,39168.4,0.02,383850.32,160684.7,223165.62,353142.29,Completed
ORD-HG-14407,2024-06-16,2024-06,CUST-1360,PROD-118,EMP-1016,REG-05,Retail Store,39,22645.38,0.0,883169.82,401829.46,481340.36,812516.23,Completed
ORD-HG-14408,2024-06-17,2024-06,CUST-1299,PROD-102,EMP-1003,REG-01,Field Sales,23,33699.3,0.02,759582.22,380880.41,378701.81,698815.64,Completed
ORD-HG-14409,2024-06-17,2024-06,CUST-1095,PROD-117,EMP-1017,REG-05,Field Sales,15,7577.52,0.03,110252.92,59014.94,51237.98,101432.69,Completed
ORD-HG-14410,2024-06-17,2024-06,CUST-1150,PROD-112,EMP-1038,REG-03,Field Sales,34,24674.53,0.05,796987.32,433651.56,363335.76,733228.33,Completed
ORD-HG-14411,2024-06-17,2024-06,CUST-1449,PROD-106,EMP-1003,REG-02,Direct Online,32,17511.32,0.04,537947.75,217890.84,320056.91,494911.93,Completed
ORD-HG-14412,2024-06-17,2024-06,CUST-1158,PROD-101,EMP-1002,REG-02,Enterprise Partner,39,11252.47,0.04,421292.48,192873.32,228419.16,387589.08,Completed
ORD-HG-14413,2024-06-17,2024-06,CUST-1111,PROD-102,EMP-1033,REG-02,Direct Online,12,11672.52,0.03,135868.13,57095.76,78772.37,124998.68,Completed
ORD-HG-14414,2024-06-18,2024-06,CUST-1489,PROD-112,EMP-1029,REG-01,Field Sales,27,11742.62,0.03,307539.22,123776.46,183762.76,282936.08,Completed
ORD-HG-14415,2024-06-18,2024-06,CUST-1134,PROD-109,EMP-1017,REG-04,Field Sales,15,41836.88,0.03,608726.6,330606.87,278119.73,560028.47,Completed
ORD-HG-14416,2024-06-18,2024-06,CUST-1086,PROD-102,EMP-1024,REG-01,Retail Store,37,23913.6,0.0,884803.2,402287.16,482516.04,814018.94,Completed
ORD-HG-14417,2024-06-18,2024-06,CUST-1145,PROD-111,EMP-1042,REG-03,Enterprise Partner,24,9951.81,0.03,231678.14,94882.57,136795.57,213143.89,Completed
ORD-HG-14418,2024-06-18,2024-06,CUST-1235,PROD-111,EMP-1033,REG-01,Retail Store,7,35586.6,0.0,249106.2,133031.69,116074.51,229177.7,Completed
ORD-HG-14419,2024-06-18,2024-06,CUST-1086,PROD-103,EMP-1039,REG-02,Field Sales,31,20512.08,0.02,623156.99,340642.69,282514.3,573304.43,Completed
ORD-HG-14420,2024-06-18,2024-06,CUST-1119,PROD-102,EMP-1030,REG-05,Direct Online,31,40589.99,0.03,1220541.0,614285.57,606255.43,1122897.72,Completed
ORD-HG-14421,2024-06-19,2024-06,CUST-1451,PROD-124,EMP-1029,REG-04,Field Sales,37,25546.64,0.0,945225.68,392063.69,553161.99,869607.63,Completed
ORD-HG-14422,2024-06-19,2024-06,CUST-1197,PROD-124,EMP-1020,REG-04,Field Sales,14,41034.18,0.01,568733.73,310562.99,258170.74,523235.03,Completed
ORD-HG-14423,2024-06-19,2024-06,CUST-1141,PROD-123,EMP-1039,REG-01,Field Sales,8,31835.57,0.01,252137.71,120158.25,131979.46,231966.69,Completed
ORD-HG-14424,2024-06-19,2024-06,CUST-1415,PROD-110,EMP-1004,REG-03,Field Sales,10,19880.69,0.03,192842.69,103989.32,88853.37,177415.27,Completed
ORD-HG-14425,2024-06-19,2024-06,CUST-1295,PROD-107,EMP-1048,REG-04,Enterprise Partner,6,32557.68,0.01,193392.62,93872.89,99519.73,177921.21,Completed
ORD-HG-14426,2024-06-19,2024-06,CUST-1040,PROD-102,EMP-1046,REG-03,Direct Online,40,25553.69,0.04,981261.7,481628.93,499632.77,902760.76,Completed
ORD-HG-14427,2024-06-19,2024-06,CUST-1101,PROD-119,EMP-1030,REG-02,Retail Store,26,32570.42,0.04,812957.68,432983.36,379974.32,747921.07,Completed
ORD-HG-14428,2024-06-19,2024-06,CUST-1084,PROD-123,EMP-1007,REG-04,Retail Store,32,39282.08,0.03,1219315.76,559687.66,659628.1,1121770.5,Completed
ORD-HG-14429,2024-06-19,2024-06,CUST-1118,PROD-124,EMP-1017,REG-01,Field Sales,5,31950.69,0.03,154960.85,66586.53,88374.32,142563.98,Completed
ORD-HG-14430,2024-06-19,2024-06,CUST-1142,PROD-104,EMP-1033,REG-05,Direct Online,20,18327.54,0.01,362885.29,155543.96,207341.33,333854.47,Completed
ORD-HG-14431,2024-06-20,2024-06,CUST-1404,PROD-115,EMP-1009,REG-04,Field Sales,34,35648.33,0.05,1151441.06,508250.46,643190.6,1059325.78,Completed
ORD-HG-14432,2024-06-20,2024-06,CUST-1230,PROD-110,EMP-1025,REG-05,Field Sales,8,36902.08,0.05,280455.81,153936.78,126519.03,258019.35,Completed
ORD-HG-14433,2024-06-20,2024-06,CUST-1340,PROD-107,EMP-1023,REG-01,Field Sales,37,19300.29,0.03,692687.41,299953.3,392734.11,637272.42,Completed
ORD-HG-14434,2024-06-20,2024-06,CUST-1382,PROD-123,EMP-1023,REG-02,Retail Store,7,14308.52,0.04,96153.25,42457.76,53695.49,88460.99,Completed
ORD-HG-14435,2024-06-20,2024-06,CUST-1292,PROD-118,EMP-1013,REG-04,Enterprise Partner,28,30333.1,0.01,840833.53,350332.82,490500.71,773566.85,Completed
ORD-HG-14436,2024-06-20,2024-06,CUST-1328,PROD-104,EMP-1042,REG-04,Enterprise Partner,11,38894.2,0.01,423557.84,171610.65,251947.19,389673.21,Completed
ORD-HG-14437,2024-06-20,2024-06,CUST-1428,PROD-108,EMP-1042,REG-02,Field Sales,35,19543.54,0.04,656662.94,289201.8,367461.14,604129.9,Completed
ORD-HG-14438,2024-06-20,2024-06,CUST-1013,PROD-122,EMP-1021,REG-01,Direct Online,16,43469.27,0.0,695508.32,332020.09,363488.23,639867.65,Completed
ORD-HG-14439,2024-06-20,2024-06,CUST-1320,PROD-112,EMP-1037,REG-05,Retail Store,43,17006.27,0.04,702018.83,369035.71,332983.12,645857.32,Completed
ORD-HG-14440,2024-06-20,2024-06,CUST-1060,PROD-115,EMP-1036,REG-01,Direct Online,44,35608.41,0.05,1488431.54,739865.89,748565.65,1369357.02,Completed
ORD-HG-14441,2024-06-20,2024-06,CUST-1157,PROD-116,EMP-1041,REG-04,Direct Online,22,40553.35,0.03,865408.49,446176.96,419231.53,796175.81,Completed
ORD-HG-14442,2024-06-20,2024-06,CUST-1150,PROD-110,EMP-1025,REG-01,Field Sales,25,9916.63,0.0,247915.75,125074.58,122841.17,228082.49,Completed
ORD-HG-14443,2024-06-20,2024-06,CUST-1249,PROD-117,EMP-1024,REG-05,Field Sales,27,43155.26,0.04,1118584.34,556082.6,562501.74,1029097.59,Completed
ORD-HG-14444,2024-06-20,2024-06,CUST-1020,PROD-114,EMP-1001,REG-04,Field Sales,13,23862.87,0.04,297808.62,162116.48,135692.14,273983.93,Completed
ORD-HG-14445,2024-06-21,2024-06,CUST-1433,PROD-118,EMP-1013,REG-04,Retail Store,39,34659.86,0.03,1311182.5,607891.36,703291.14,1206287.9,Completed
ORD-HG-14446,2024-06-21,2024-06,CUST-1307,PROD-121,EMP-1035,REG-01,Field Sales,39,9349.4,0.01,360980.33,168421.43,192558.9,332101.9,Completed
ORD-HG-14447,2024-06-21,2024-06,CUST-1235,PROD-121,EMP-1036,REG-02,Retail Store,24,5286.2,0.03,123062.74,67565.66,55497.08,113217.72,Completed
ORD-HG-14448,2024-06-21,2024-06,CUST-1048,PROD-103,EMP-1018,REG-05,Retail Store,38,38914.6,0.01,1463967.25,701249.66,762717.59,1346849.87,Completed
ORD-HG-14449,2024-06-21,2024-06,CUST-1277,PROD-107,EMP-1023,REG-05,Retail Store,25,16152.38,0.05,383619.02,185547.23,198071.79,352929.5,Completed
ORD-HG-14450,2024-06-21,2024-06,CUST-1067,PROD-121,EMP-1002,REG-04,Direct Online,41,43209.25,0.0,1771579.25,864976.9,906602.35,1629852.91,Completed
ORD-HG-14451,2024-06-21,2024-06,CUST-1355,PROD-109,EMP-1009,REG-02,Direct Online,22,7214.36,0.02,155541.6,64132.82,91408.78,143098.27,Completed
ORD-HG-14452,2024-06-22,2024-06,CUST-1084,PROD-104,EMP-1041,REG-05,Direct Online,12,44300.56,0.03,515658.52,246687.17,268971.35,474405.84,Completed
ORD-HG-14453,2024-06-22,2024-06,CUST-1039,PROD-101,EMP-1046,REG-02,Retail Store,21,11319.21,0.0,237703.41,130200.78,107502.63,218687.14,Completed
ORD-HG-14454,2024-06-22,2024-06,CUST-1367,PROD-103,EMP-1042,REG-03,Direct Online,24,44999.38,0.01,1069185.27,575178.61,494006.66,983650.45,Completed
ORD-HG-14455,2024-06-22,2024-06,CUST-1066,PROD-118,EMP-1026,REG-04,Direct Online,36,6999.63,0.01,249466.81,120537.63,128929.18,229509.47,Completed
ORD-HG-14456,2024-06-22,2024-06,CUST-1391,PROD-110,EMP-1033,REG-05,Enterprise Partner,36,21979.84,0.03,767536.01,346781.92,420754.09,706133.13,Completed
ORD-HG-14457,2024-06-22,2024-06,CUST-1077,PROD-113,EMP-1014,REG-04,Retail Store,40,25611.6,0.01,1014219.36,495856.01,518363.35,933081.81,Completed
ORD-HG-14458,2024-06-22,2024-06,CUST-1051,PROD-123,EMP-1041,REG-02,Field Sales,27,9055.2,0.02,239600.59,129315.18,110285.41,220432.54,Completed
ORD-HG-14459,2024-06-22,2024-06,CUST-1443,PROD-124,EMP-1043,REG-05,Direct Online,43,32715.53,0.01,1392700.11,640542.19,752157.92,1281284.1,Completed
ORD-HG-14460,2024-06-22,2024-06,CUST-1304,PROD-119,EMP-1034,REG-02,Enterprise Partner,28,20772.35,0.0,581625.8,283979.18,297646.62,535095.74,Completed
ORD-HG-14461,2024-06-22,2024-06,CUST-1227,PROD-104,EMP-1032,REG-04,Enterprise Partner,5,35952.48,0.03,174369.53,82414.82,91954.71,160419.97,Completed
ORD-HG-14462,2024-06-23,2024-06,CUST-1098,PROD-107,EMP-1044,REG-04,Retail Store,6,18508.64,0.03,107720.28,46725.17,60995.11,99102.66,Completed
ORD-HG-14463,2024-06-23,2024-06,CUST-1357,PROD-108,EMP-1021,REG-04,Enterprise Partner,32,20460.35,0.01,648183.89,287872.5,360311.39,596329.18,Completed
ORD-HG-14464,2024-06-23,2024-06,CUST-1155,PROD-116,EMP-1041,REG-05,Field Sales,16,43620.37,0.02,683967.4,303620.45,380346.95,629250.01,Completed
ORD-HG-14465,2024-06-23,2024-06,CUST-1261,PROD-104,EMP-1023,REG-01,Retail Store,12,21930.49,0.01,260534.22,104540.88,155993.34,239691.48,Completed
ORD-HG-14466,2024-06-23,2024-06,CUST-1065,PROD-122,EMP-1005,REG-03,Field Sales,9,37705.78,0.02,332564.98,137375.98,195189.0,305959.78,Completed
ORD-HG-14467,2024-06-23,2024-06,CUST-1495,PROD-102,EMP-1009,REG-02,Enterprise Partner,41,19147.93,0.03,761513.18,346604.04,414909.14,700592.13,Completed
ORD-HG-14468,2024-06-23,2024-06,CUST-1186,PROD-112,EMP-1030,REG-03,Field Sales,42,34511.89,0.01,1435004.39,658877.81,776126.58,1320204.04,Completed
ORD-HG-14469,2024-06-23,2024-06,CUST-1029,PROD-108,EMP-1006,REG-01,Direct Online,5,34858.91,0.01,172551.6,73088.5,99463.1,158747.47,Completed
ORD-HG-14470,2024-06-23,2024-06,CUST-1389,PROD-102,EMP-1011,REG-01,Retail Store,35,26718.35,0.01,925790.83,421585.07,504205.76,851727.56,Completed
ORD-HG-14471,2024-06-24,2024-06,CUST-1023,PROD-115,EMP-1022,REG-01,Retail Store,17,21730.55,0.03,358336.77,186443.91,171892.86,329669.83,Completed
ORD-HG-14472,2024-06-24,2024-06,CUST-1225,PROD-105,EMP-1011,REG-03,Field Sales,5,27651.05,0.05,131342.49,60464.09,70878.4,120835.09,Completed
ORD-HG-14473,2024-06-24,2024-06,CUST-1096,PROD-117,EMP-1019,REG-01,Field Sales,16,31972.98,0.04,491104.97,216083.21,275021.76,451816.57,Completed
ORD-HG-14474,2024-06-24,2024-06,CUST-1122,PROD-121,EMP-1001,REG-04,Retail Store,34,24864.49,0.01,836938.73,419637.44,417301.29,769983.63,Completed
ORD-HG-14475,2024-06-24,2024-06,CUST-1285,PROD-124,EMP-1006,REG-05,Field Sales,40,9480.75,0.04,364060.8,176741.65,187319.15,334935.94,Completed
ORD-HG-14476,2024-06-25,2024-06,CUST-1448,PROD-120,EMP-1014,REG-03,Field Sales,25,15310.12,0.01,378925.47,165905.8,213019.67,348611.43,Completed
ORD-HG-14477,2024-06-25,2024-06,CUST-1424,PROD-101,EMP-1024,REG-03,Enterprise Partner,12,24447.22,0.04,281631.97,144690.81,136941.16,259101.41,Completed
ORD-HG-14478,2024-06-25,2024-06,CUST-1342,PROD-102,EMP-1042,REG-02,Field Sales,32,23735.8,0.03,736759.23,388249.73,348509.5,677818.49,Completed
ORD-HG-14479,2024-06-25,2024-06,CUST-1422,PROD-104,EMP-1045,REG-05,Retail Store,20,17773.97,0.03,344815.02,155183.86,189631.16,317229.82,Completed
ORD-HG-14480,2024-06-25,2024-06,CUST-1271,PROD-119,EMP-1045,REG-03,Field Sales,11,41578.33,0.04,439067.16,191519.82,247547.34,403941.79,Completed
ORD-HG-14481,2024-06-25,2024-06,CUST-1234,PROD-114,EMP-1044,REG-03,Field Sales,30,8851.35,0.01,262885.09,142812.37,120072.72,241854.28,Completed
ORD-HG-14482,2024-06-25,2024-06,CUST-1223,PROD-106,EMP-1013,REG-04,Enterprise Partner,36,44141.47,0.04,1525529.2,775073.74,750455.46,1403486.86,Completed
ORD-HG-14483,2024-06-25,2024-06,CUST-1490,PROD-109,EMP-1028,REG-04,Retail Store,8,15568.21,0.01,123300.22,64604.85,58695.37,113436.2,Completed
ORD-HG-14484,2024-06-26,2024-06,CUST-1444,PROD-114,EMP-1027,REG-02,Direct Online,17,29940.68,0.03,493721.81,204050.11,289671.7,454224.07,Completed
ORD-HG-14485,2024-06-26,2024-06,CUST-1317,PROD-110,EMP-1034,REG-04,Enterprise Partner,30,41417.7,0.04,1192829.76,562401.87,630427.89,1097403.38,Completed
ORD-HG-14486,2024-06-26,2024-06,CUST-1095,PROD-114,EMP-1014,REG-03,Enterprise Partner,35,36138.73,0.0,1264855.55,580456.68,684398.87,1163667.11,Completed
ORD-HG-14487,2024-06-26,2024-06,CUST-1047,PROD-114,EMP-1049,REG-02,Enterprise Partner,26,37012.08,0.03,933444.66,434094.68,499349.98,858769.09,Completed
ORD-HG-14488,2024-06-26,2024-06,CUST-1271,PROD-119,EMP-1026,REG-04,Enterprise Partner,10,21644.97,0.02,212120.71,102377.62,109743.09,195151.05,Completed
ORD-HG-14489,2024-06-26,2024-06,CUST-1033,PROD-113,EMP-1038,REG-04,Enterprise Partner,26,13746.62,0.01,353838.0,142283.06,211554.94,325530.96,Completed
ORD-HG-14490,2024-06-26,2024-06,CUST-1055,PROD-106,EMP-1046,REG-05,Retail Store,41,7014.78,0.05,273225.68,148198.08,125027.6,251367.63,Completed
ORD-HG-14491,2024-06-26,2024-06,CUST-1009,PROD-102,EMP-1015,REG-01,Retail Store,22,18486.58,0.04,390436.57,185840.01,204596.56,359201.64,Completed
ORD-HG-14492,2024-06-26,2024-06,CUST-1165,PROD-109,EMP-1002,REG-04,Direct Online,7,40713.82,0.04,273596.87,126983.74,146613.13,251709.12,Completed
ORD-HG-14493,2024-06-26,2024-06,CUST-1042,PROD-113,EMP-1008,REG-02,Direct Online,13,7472.64,0.04,93258.55,39551.27,53707.28,85797.87,Completed
ORD-HG-14494,2024-06-27,2024-06,CUST-1037,PROD-102,EMP-1031,REG-01,Retail Store,43,39530.73,0.02,1665824.96,839847.38,825977.58,1532558.96,Completed
ORD-HG-14495,2024-06-27,2024-06,CUST-1093,PROD-101,EMP-1031,REG-05,Field Sales,8,32906.65,0.04,252723.07,133221.65,119501.42,232505.22,Completed
ORD-HG-14496,2024-06-27,2024-06,CUST-1268,PROD-107,EMP-1010,REG-01,Direct Online,24,27499.1,0.04,633579.26,280154.68,353424.58,582892.92,Completed
ORD-HG-14497,2024-06-27,2024-06,CUST-1310,PROD-107,EMP-1022,REG-01,Retail Store,11,40753.35,0.04,430355.38,231074.81,199280.57,395926.95,Completed
ORD-HG-14498,2024-06-27,2024-06,CUST-1293,PROD-111,EMP-1010,REG-05,Retail Store,24,5347.23,0.03,124483.51,65454.29,59029.22,114524.83,Completed
ORD-HG-14499,2024-06-27,2024-06,CUST-1498,PROD-108,EMP-1017,REG-04,Field Sales,28,32405.1,0.01,898269.37,451439.2,446830.17,826407.82,Completed
ORD-HG-14500,2024-06-27,2024-06,CUST-1086,PROD-107,EMP-1027,REG-04,Field Sales,43,19870.96,0.02,837362.25,350361.16,487001.09,770373.27,Completed
ORD-HG-14501,2024-06-27,2024-06,CUST-1337,PROD-114,EMP-1014,REG-02,Retail Store,30,16105.46,0.03,468668.89,214756.89,253912.0,431175.38,Completed
ORD-HG-14502,2024-06-27,2024-06,CUST-1314,PROD-110,EMP-1007,REG-05,Retail Store,42,42382.12,0.02,1744448.06,833519.87,910928.19,1604892.22,Completed
ORD-HG-14503,2024-06-27,2024-06,CUST-1197,PROD-119,EMP-1045,REG-04,Enterprise Partner,30,6736.33,0.03,196027.2,100637.79,95389.41,180345.02,Completed
ORD-HG-14504,2024-06-28,2024-06,CUST-1421,PROD-120,EMP-1009,REG-03,Direct Online,18,13987.19,0.02,246734.03,116504.41,130229.62,226995.31,Completed
ORD-HG-14505,2024-06-28,2024-06,CUST-1178,PROD-113,EMP-1040,REG-05,Enterprise Partner,7,14470.72,0.04,97243.24,44653.24,52590.0,89463.78,Completed
ORD-HG-14506,2024-06-28,2024-06,CUST-1300,PROD-104,EMP-1046,REG-03,Field Sales,30,10280.94,0.03,299175.35,127856.54,171318.81,275241.32,Completed
ORD-HG-14507,2024-06-28,2024-06,CUST-1452,PROD-113,EMP-1044,REG-05,Field Sales,30,14840.79,0.0,445223.7,235146.75,210076.95,409605.8,Completed
ORD-HG-14508,2024-06-28,2024-06,CUST-1486,PROD-111,EMP-1020,REG-02,Enterprise Partner,5,22055.37,0.02,108071.31,58534.79,49536.52,99425.61,Completed
ORD-HG-14509,2024-06-28,2024-06,CUST-1249,PROD-110,EMP-1045,REG-02,Retail Store,15,17167.45,0.05,244636.16,133124.32,111511.84,225065.27,Completed
ORD-HG-14510,2024-06-29,2024-06,CUST-1299,PROD-104,EMP-1037,REG-04,Field Sales,23,9937.62,0.01,226279.61,91833.97,134445.64,208177.24,Completed
ORD-HG-14511,2024-06-29,2024-06,CUST-1047,PROD-122,EMP-1033,REG-03,Direct Online,38,31034.8,0.01,1167529.18,508158.73,659370.45,1074126.85,Completed
ORD-HG-14512,2024-06-29,2024-06,CUST-1293,PROD-108,EMP-1025,REG-05,Field Sales,37,9500.53,0.02,344489.22,140944.69,203544.53,316930.08,Completed
ORD-HG-14513,2024-06-29,2024-06,CUST-1122,PROD-117,EMP-1036,REG-05,Retail Store,25,38457.26,0.01,951817.18,471752.08,480065.1,875671.81,Completed
ORD-HG-14514,2024-06-30,2024-06,CUST-1219,PROD-124,EMP-1046,REG-05,Retail Store,23,27395.26,0.01,623790.07,292107.69,331682.38,573886.86,Completed
ORD-HG-14515,2024-06-30,2024-06,CUST-1486,PROD-116,EMP-1005,REG-04,Direct Online,44,31943.82,0.04,1349306.96,562277.5,787029.46,1241362.4,Completed
ORD-HG-14516,2024-06-30,2024-06,CUST-1233,PROD-104,EMP-1008,REG-05,Direct Online,31,13410.82,0.02,407420.71,206042.86,201377.85,374827.05,Completed
ORD-HG-14517,2024-06-30,2024-06,CUST-1357,PROD-102,EMP-1030,REG-03,Enterprise Partner,20,37617.23,0.01,744821.15,388032.67,356788.48,685235.46,Completed
ORD-HG-14518,2024-06-30,2024-06,CUST-1340,PROD-106,EMP-1041,REG-02,Retail Store,20,10211.97,0.02,200154.61,89715.8,110438.81,184142.24,Completed
ORD-HG-14519,2024-06-30,2024-06,CUST-1147,PROD-121,EMP-1022,REG-04,Field Sales,29,10574.45,0.02,300525.87,137966.71,162559.16,276483.8,Completed
ORD-HG-14520,2024-06-30,2024-06,CUST-1400,PROD-108,EMP-1019,REG-02,Field Sales,32,33449.12,0.03,1038260.68,506054.33,532206.35,955199.83,Completed
ORD-HG-14521,2024-06-30,2024-06,CUST-1479,PROD-111,EMP-1004,REG-03,Direct Online,21,8021.92,0.05,160037.3,76115.78,83921.52,147234.32,Completed
ORD-HG-14522,2024-06-30,2024-06,CUST-1202,PROD-117,EMP-1019,REG-01,Enterprise Partner,34,32523.54,0.03,1072626.35,517781.54,554844.81,986816.24,Completed
ORD-HG-14523,2024-07-01,2024-07,CUST-1059,PROD-120,EMP-1026,REG-01,Field Sales,39,11712.74,0.03,443092.95,240982.19,202110.76,407645.51,Completed
ORD-HG-14524,2024-07-01,2024-07,CUST-1496,PROD-115,EMP-1018,REG-04,Field Sales,17,7667.15,0.03,126431.3,66588.53,59842.77,116316.8,Completed
ORD-HG-14525,2024-07-01,2024-07,CUST-1466,PROD-115,EMP-1008,REG-04,Retail Store,14,27149.51,0.0,380093.14,196897.89,183195.25,349685.69,Completed
ORD-HG-14526,2024-07-01,2024-07,CUST-1164,PROD-123,EMP-1016,REG-03,Field Sales,9,41176.31,0.04,355763.32,192039.58,163723.74,327302.25,Completed
ORD-HG-14527,2024-07-01,2024-07,CUST-1035,PROD-117,EMP-1009,REG-04,Field Sales,24,15325.3,0.03,356772.98,176120.89,180652.09,328231.14,Completed
ORD-HG-14528,2024-07-01,2024-07,CUST-1192,PROD-122,EMP-1046,REG-05,Direct Online,23,33002.18,0.0,759050.14,374769.27,384280.87,698326.13,Completed
ORD-HG-14529,2024-07-02,2024-07,CUST-1236,PROD-124,EMP-1022,REG-03,Field Sales,24,19335.43,0.04,445488.31,208230.55,237257.76,409849.25,Completed
ORD-HG-14530,2024-07-02,2024-07,CUST-1073,PROD-110,EMP-1029,REG-02,Enterprise Partner,16,42516.59,0.03,659857.48,344571.54,315285.94,607068.88,Completed
ORD-HG-14531,2024-07-02,2024-07,CUST-1303,PROD-108,EMP-1034,REG-01,Direct Online,13,30416.63,0.01,391462.03,213721.08,177740.95,360145.07,Completed
ORD-HG-14532,2024-07-02,2024-07,CUST-1267,PROD-113,EMP-1008,REG-03,Field Sales,8,37327.29,0.01,295632.14,145574.67,150057.47,271981.57,Completed
ORD-HG-14533,2024-07-02,2024-07,CUST-1374,PROD-103,EMP-1047,REG-04,Retail Store,36,30431.25,0.03,1062659.25,549735.74,512923.51,977646.51,Completed
ORD-HG-14534,2024-07-02,2024-07,CUST-1184,PROD-114,EMP-1037,REG-04,Retail Store,21,10316.21,0.01,214474.01,110985.92,103488.09,197316.09,Completed
ORD-HG-14535,2024-07-02,2024-07,CUST-1172,PROD-120,EMP-1028,REG-01,Retail Store,12,5121.37,0.02,60227.31,32320.42,27906.89,55409.13,Completed
ORD-HG-14536,2024-07-02,2024-07,CUST-1437,PROD-119,EMP-1042,REG-01,Field Sales,36,19935.19,0.0,717666.84,370163.83,347503.01,660253.49,Completed
ORD-HG-14537,2024-07-02,2024-07,CUST-1297,PROD-123,EMP-1003,REG-01,Field Sales,22,24441.55,0.02,526959.82,220734.08,306225.74,484803.03,Completed
ORD-HG-14538,2024-07-03,2024-07,CUST-1039,PROD-102,EMP-1015,REG-04,Direct Online,7,15306.05,0.03,103928.08,42417.3,61510.78,95613.83,Completed
ORD-HG-14539,2024-07-03,2024-07,CUST-1149,PROD-102,EMP-1004,REG-05,Enterprise Partner,17,7590.22,0.05,122582.05,62361.25,60220.8,112775.49,Completed
ORD-HG-14540,2024-07-03,2024-07,CUST-1337,PROD-117,EMP-1010,REG-04,Enterprise Partner,17,38828.58,0.02,646884.14,324643.36,322240.78,595133.41,Completed
ORD-HG-14541,2024-07-03,2024-07,CUST-1051,PROD-123,EMP-1013,REG-02,Direct Online,9,12568.12,0.05,107457.43,44684.27,62773.16,98860.84,Completed
ORD-HG-14542,2024-07-03,2024-07,CUST-1120,PROD-111,EMP-1018,REG-05,Enterprise Partner,29,28433.17,0.03,799825.07,358791.19,441033.88,735839.06,Completed
ORD-HG-14543,2024-07-03,2024-07,CUST-1399,PROD-106,EMP-1039,REG-04,Field Sales,39,33523.64,0.01,1294347.74,656922.35,637425.39,1190799.92,Completed
ORD-HG-14544,2024-07-03,2024-07,CUST-1157,PROD-109,EMP-1042,REG-03,Direct Online,6,38847.93,0.01,230756.7,107339.13,123417.57,212296.16,Completed
ORD-HG-14545,2024-07-03,2024-07,CUST-1070,PROD-104,EMP-1018,REG-04,Retail Store,15,34201.98,0.02,502769.11,259775.07,242994.04,462547.58,Completed
ORD-HG-14546,2024-07-03,2024-07,CUST-1496,PROD-118,EMP-1039,REG-04,Field Sales,41,21101.1,0.04,830539.3,344817.17,485722.13,764096.16,Completed
ORD-HG-14547,2024-07-03,2024-07,CUST-1495,PROD-123,EMP-1047,REG-01,Field Sales,40,17563.72,0.01,695523.31,329854.69,365668.62,639881.45,Completed
ORD-HG-14548,2024-07-03,2024-07,CUST-1314,PROD-108,EMP-1002,REG-04,Retail Store,31,16108.94,0.04,479402.05,260960.59,218441.46,441049.89,Completed
ORD-HG-14549,2024-07-03,2024-07,CUST-1221,PROD-118,EMP-1035,REG-04,Retail Store,40,13917.47,0.03,539997.84,290852.55,249145.29,496798.01,Completed
ORD-HG-14550,2024-07-03,2024-07,CUST-1126,PROD-122,EMP-1004,REG-04,Enterprise Partner,17,15372.67,0.05,248268.62,131023.94,117244.68,228407.13,Completed
ORD-HG-14551,2024-07-03,2024-07,CUST-1422,PROD-123,EMP-1015,REG-04,Direct Online,33,44945.42,0.04,1423870.91,678275.18,745595.73,1309961.24,Completed
ORD-HG-14552,2024-07-03,2024-07,CUST-1073,PROD-104,EMP-1006,REG-02,Field Sales,43,26778.44,0.05,1093899.27,597070.98,496828.29,1006387.33,Completed
ORD-HG-14553,2024-07-03,2024-07,CUST-1034,PROD-120,EMP-1016,REG-01,Retail Store,37,29315.97,0.0,1084690.89,488548.01,596142.88,997915.62,Completed
ORD-HG-14554,2024-07-04,2024-07,CUST-1032,PROD-113,EMP-1044,REG-04,Field Sales,36,33352.16,0.01,1188670.98,653465.69,535205.29,1093577.3,Completed
ORD-HG-14555,2024-07-04,2024-07,CUST-1297,PROD-107,EMP-1048,REG-05,Retail Store,34,43707.72,0.03,1441480.61,696291.22,745189.39,1326162.16,Completed
ORD-HG-14556,2024-07-04,2024-07,CUST-1400,PROD-103,EMP-1037,REG-01,Enterprise Partner,26,13498.24,0.03,340425.61,145188.87,195236.74,313191.56,Completed
ORD-HG-14557,2024-07-04,2024-07,CUST-1412,PROD-113,EMP-1015,REG-03,Retail Store,15,24891.69,0.02,365907.84,172714.46,193193.38,336635.21,Completed
ORD-HG-14558,2024-07-04,2024-07,CUST-1416,PROD-117,EMP-1040,REG-04,Enterprise Partner,11,20355.39,0.04,214952.92,111379.52,103573.4,197756.69,Completed
ORD-HG-14559,2024-07-05,2024-07,CUST-1086,PROD-121,EMP-1034,REG-01,Retail Store,40,43501.84,0.03,1687871.39,713203.48,974667.91,1552841.68,Completed
ORD-HG-14560,2024-07-05,2024-07,CUST-1278,PROD-115,EMP-1042,REG-03,Enterprise Partner,21,20951.15,0.04,422375.18,200405.13,221970.05,388585.17,Completed
ORD-HG-14561,2024-07-05,2024-07,CUST-1052,PROD-120,EMP-1006,REG-02,Field Sales,39,37110.67,0.03,1403896.65,583614.95,820281.7,1291584.92,Completed
ORD-HG-14562,2024-07-05,2024-07,CUST-1128,PROD-111,EMP-1037,REG-02,Field Sales,33,19514.75,0.05,611787.41,275946.16,335841.25,562844.42,Completed
ORD-HG-14563,2024-07-05,2024-07,CUST-1497,PROD-124,EMP-1019,REG-01,Direct Online,15,12186.37,0.03,177311.68,85051.25,92260.43,163126.75,Completed
ORD-HG-14564,2024-07-05,2024-07,CUST-1348,PROD-113,EMP-1005,REG-02,Enterprise Partner,23,35277.18,0.02,795147.64,416597.37,378550.27,731535.83,Completed
ORD-HG-14565,2024-07-05,2024-07,CUST-1025,PROD-117,EMP-1034,REG-05,Field Sales,42,21701.65,0.03,884125.22,467459.15,416666.07,813395.2,Completed
ORD-HG-14566,2024-07-05,2024-07,CUST-1475,PROD-108,EMP-1033,REG-04,Field Sales,5,8343.3,0.01,41299.34,16716.59,24582.75,37995.39,Completed
ORD-HG-14567,2024-07-06,2024-07,CUST-1201,PROD-109,EMP-1037,REG-01,Field Sales,18,27616.73,0.04,477217.09,202403.14,274813.95,439039.72,Completed
ORD-HG-14568,2024-07-06,2024-07,CUST-1496,PROD-117,EMP-1018,REG-05,Enterprise Partner,42,22198.14,0.04,895029.0,456911.49,438117.51,823426.68,Completed
ORD-HG-14569,2024-07-06,2024-07,CUST-1433,PROD-104,EMP-1021,REG-05,Retail Store,27,39347.25,0.02,1041128.24,486102.66,555025.58,957837.98,Completed
ORD-HG-14570,2024-07-06,2024-07,CUST-1467,PROD-103,EMP-1033,REG-05,Enterprise Partner,42,10318.76,0.04,416052.4,205886.13,210166.27,382768.21,Completed
ORD-HG-14571,2024-07-06,2024-07,CUST-1081,PROD-108,EMP-1029,REG-05,Retail Store,22,35534.04,0.03,758296.41,305539.36,452757.05,697632.7,Completed
ORD-HG-14572,2024-07-06,2024-07,CUST-1129,PROD-120,EMP-1006,REG-04,Retail Store,5,10767.9,0.05,51147.52,27776.79,23370.73,47055.72,Completed
ORD-HG-14573,2024-07-06,2024-07,CUST-1365,PROD-101,EMP-1008,REG-04,Direct Online,7,19882.99,0.05,132221.88,72402.92,59818.96,121644.13,Completed
ORD-HG-14574,2024-07-06,2024-07,CUST-1466,PROD-109,EMP-1020,REG-05,Field Sales,17,33789.84,0.01,568683.01,264932.51,303750.5,523188.37,Completed
ORD-HG-14575,2024-07-06,2024-07,CUST-1032,PROD-108,EMP-1023,REG-01,Direct Online,32,13160.51,0.03,408502.23,175254.56,233247.67,375822.05,Completed
ORD-HG-14576,2024-07-07,2024-07,CUST-1026,PROD-121,EMP-1026,REG-03,Field Sales,8,35309.09,0.02,276823.27,122990.27,153833.0,254677.41,Completed
ORD-HG-14577,2024-07-07,2024-07,CUST-1337,PROD-122,EMP-1014,REG-03,Field Sales,6,35897.4,0.0,215384.4,104829.05,110555.35,198153.65,Completed
ORD-HG-14578,2024-07-07,2024-07,CUST-1187,PROD-112,EMP-1026,REG-05,Enterprise Partner,19,5412.18,0.01,101803.11,41366.95,60436.16,93658.86,Completed
ORD-HG-14579,2024-07-07,2024-07,CUST-1015,PROD-124,EMP-1046,REG-04,Enterprise Partner,43,30958.07,0.02,1304573.07,683406.62,621166.45,1200207.22,Completed
ORD-HG-14580,2024-07-07,2024-07,CUST-1363,PROD-101,EMP-1031,REG-05,Direct Online,17,29384.95,0.0,499544.15,209745.49,289798.66,459580.62,Completed
ORD-HG-14581,2024-07-07,2024-07,CUST-1478,PROD-116,EMP-1039,REG-04,Direct Online,20,23219.58,0.04,445815.94,198511.75,247304.19,410150.66,Completed
ORD-HG-14582,2024-07-07,2024-07,CUST-1198,PROD-117,EMP-1039,REG-01,Direct Online,5,30940.78,0.05,146968.7,60347.03,86621.67,135211.2,Completed
ORD-HG-14583,2024-07-07,2024-07,CUST-1464,PROD-101,EMP-1005,REG-05,Enterprise Partner,23,8793.23,0.02,198199.4,88176.93,110022.47,182343.45,Completed
ORD-HG-14584,2024-07-08,2024-07,CUST-1192,PROD-114,EMP-1007,REG-04,Field Sales,22,29640.17,0.04,626000.39,265859.16,360141.23,575920.36,Completed
ORD-HG-14585,2024-07-08,2024-07,CUST-1178,PROD-112,EMP-1015,REG-03,Retail Store,41,38456.11,0.0,1576700.51,632468.68,944231.83,1450564.47,Completed
ORD-HG-14586,2024-07-08,2024-07,CUST-1177,PROD-115,EMP-1030,REG-01,Field Sales,27,30607.89,0.01,818148.9,445939.19,372209.71,752696.99,Completed
ORD-HG-14587,2024-07-09,2024-07,CUST-1149,PROD-102,EMP-1049,REG-01,Retail Store,37,33679.96,0.03,1208773.76,556582.42,652191.34,1112071.86,Completed
ORD-HG-14588,2024-07-09,2024-07,CUST-1041,PROD-106,EMP-1038,REG-01,Direct Online,5,25439.44,0.03,123381.28,58773.67,64607.61,113510.78,Completed
ORD-HG-14589,2024-07-09,2024-07,CUST-1307,PROD-110,EMP-1012,REG-02,Direct Online,39,27571.21,0.03,1043018.87,438338.55,604680.32,959577.36,Completed
ORD-HG-14590,2024-07-09,2024-07,CUST-1473,PROD-116,EMP-1009,REG-04,Direct Online,39,19278.13,0.02,736810.13,323944.35,412865.78,677865.32,Completed
ORD-HG-14591,2024-07-09,2024-07,CUST-1096,PROD-115,EMP-1041,REG-05,Enterprise Partner,32,41098.69,0.04,1262551.76,507253.41,755298.35,1161547.62,Completed
ORD-HG-14592,2024-07-09,2024-07,CUST-1097,PROD-115,EMP-1005,REG-04,Direct Online,37,11965.11,0.04,425000.71,178957.9,246042.81,391000.65,Completed
ORD-HG-14593,2024-07-09,2024-07,CUST-1080,PROD-111,EMP-1037,REG-05,Direct Online,31,13945.85,0.04,415028.5,207896.68,207131.82,381826.22,Completed
ORD-HG-14594,2024-07-09,2024-07,CUST-1485,PROD-122,EMP-1043,REG-05,Enterprise Partner,34,12903.97,0.0,438734.98,201445.4,237289.58,403636.18,Completed
ORD-HG-14595,2024-07-09,2024-07,CUST-1100,PROD-118,EMP-1031,REG-04,Field Sales,39,22728.41,0.03,859815.75,459669.19,400146.56,791030.49,Completed
ORD-HG-14596,2024-07-10,2024-07,CUST-1398,PROD-112,EMP-1014,REG-01,Field Sales,21,15686.61,0.02,322830.43,148366.48,174463.95,297004.0,Completed
ORD-HG-14597,2024-07-10,2024-07,CUST-1448,PROD-122,EMP-1027,REG-02,Direct Online,33,24753.14,0.04,784179.48,381627.64,402551.84,721445.12,Completed
ORD-HG-14598,2024-07-10,2024-07,CUST-1088,PROD-122,EMP-1011,REG-04,Field Sales,31,41908.64,0.01,1286176.16,663538.22,622637.94,1183282.07,Completed
ORD-HG-14599,2024-07-10,2024-07,CUST-1451,PROD-119,EMP-1016,REG-02,Enterprise Partner,36,28246.89,0.02,996550.28,539883.98,456666.3,916826.26,Completed
ORD-HG-14600,2024-07-11,2024-07,CUST-1469,PROD-113,EMP-1020,REG-05,Enterprise Partner,9,33041.68,0.04,285480.12,141504.56,143975.56,262641.71,Completed
ORD-HG-14601,2024-07-11,2024-07,CUST-1336,PROD-118,EMP-1045,REG-03,Retail Store,6,15180.04,0.04,87437.03,45680.15,41756.88,80442.07,Completed
ORD-HG-14602,2024-07-11,2024-07,CUST-1273,PROD-111,EMP-1007,REG-03,Retail Store,16,15429.97,0.04,237004.34,113323.8,123680.54,218043.99,Completed
ORD-HG-14603,2024-07-11,2024-07,CUST-1387,PROD-103,EMP-1037,REG-04,Direct Online,43,37678.58,0.01,1603977.15,676194.67,927782.48,1475658.98,Completed
ORD-HG-14604,2024-07-11,2024-07,CUST-1326,PROD-106,EMP-1026,REG-03,Enterprise Partner,23,10708.85,0.0,246303.55,106970.97,139332.58,226599.27,Completed
ORD-HG-14605,2024-07-11,2024-07,CUST-1367,PROD-106,EMP-1002,REG-04,Direct Online,33,41108.34,0.04,1302312.21,683816.76,618495.45,1198127.23,Completed
ORD-HG-14606,2024-07-12,2024-07,CUST-1070,PROD-109,EMP-1024,REG-02,Direct Online,8,10696.21,0.03,83002.59,34357.52,48645.07,76362.38,Completed
ORD-HG-14607,2024-07-12,2024-07,CUST-1141,PROD-122,EMP-1022,REG-02,Enterprise Partner,18,32653.06,0.01,581877.53,296725.3,285152.23,535327.33,Completed
ORD-HG-14608,2024-07-12,2024-07,CUST-1488,PROD-124,EMP-1008,REG-04,Field Sales,40,21410.84,0.03,830740.59,377234.57,453506.02,764281.34,Completed
ORD-HG-14609,2024-07-12,2024-07,CUST-1330,PROD-107,EMP-1032,REG-02,Direct Online,9,14832.65,0.05,126819.16,53048.63,73770.53,116673.63,Completed
ORD-HG-14610,2024-07-12,2024-07,CUST-1343,PROD-109,EMP-1004,REG-03,Retail Store,16,25638.9,0.04,393813.5,212207.46,181606.04,362308.42,Completed
ORD-HG-14611,2024-07-12,2024-07,CUST-1069,PROD-112,EMP-1001,REG-04,Enterprise Partner,41,20856.34,0.02,838007.74,396393.07,441614.67,770967.12,Completed
ORD-HG-14612,2024-07-12,2024-07,CUST-1205,PROD-117,EMP-1045,REG-05,Retail Store,42,5488.68,0.02,225914.07,111240.56,114673.51,207840.94,Completed
ORD-HG-14613,2024-07-12,2024-07,CUST-1471,PROD-113,EMP-1031,REG-05,Field Sales,43,35194.51,0.03,1467963.01,756847.73,711115.28,1350525.97,Completed
ORD-HG-14614,2024-07-12,2024-07,CUST-1188,PROD-102,EMP-1009,REG-04,Enterprise Partner,29,24845.49,0.01,713314.02,352344.02,360970.0,656248.9,Completed
ORD-HG-14615,2024-07-13,2024-07,CUST-1026,PROD-108,EMP-1002,REG-03,Retail Store,10,44753.49,0.03,434108.85,192353.93,241754.92,399380.14,Completed
ORD-HG-14616,2024-07-13,2024-07,CUST-1410,PROD-113,EMP-1016,REG-04,Direct Online,37,22070.51,0.04,783944.52,394854.39,389090.13,721228.96,Completed
ORD-HG-14617,2024-07-13,2024-07,CUST-1212,PROD-115,EMP-1036,REG-03,Retail Store,23,20507.06,0.05,448079.26,201113.04,246966.22,412232.92,Completed
ORD-HG-14618,2024-07-13,2024-07,CUST-1427,PROD-106,EMP-1040,REG-05,Field Sales,14,21876.34,0.05,290955.32,143444.84,147510.48,267678.89,Completed
ORD-HG-14619,2024-07-13,2024-07,CUST-1245,PROD-123,EMP-1023,REG-04,Direct Online,42,37507.37,0.04,1512297.16,709857.54,802439.62,1391313.39,Completed
ORD-HG-14620,2024-07-13,2024-07,CUST-1174,PROD-117,EMP-1049,REG-01,Enterprise Partner,19,33536.74,0.04,611710.14,330217.99,281492.15,562773.33,Completed
ORD-HG-14621,2024-07-13,2024-07,CUST-1389,PROD-119,EMP-1034,REG-05,Enterprise Partner,11,22609.5,0.02,243730.41,116833.62,126896.79,224231.98,Completed
ORD-HG-14622,2024-07-13,2024-07,CUST-1499,PROD-103,EMP-1048,REG-05,Retail Store,17,32836.1,0.04,535885.15,223316.76,312568.39,493014.34,Completed
ORD-HG-14623,2024-07-14,2024-07,CUST-1402,PROD-115,EMP-1048,REG-03,Enterprise Partner,33,17635.69,0.02,570338.21,310542.1,259796.11,524711.15,Completed
ORD-HG-14624,2024-07-14,2024-07,CUST-1262,PROD-115,EMP-1006,REG-04,Retail Store,7,38588.05,0.01,267415.19,108660.0,158755.19,246021.97,Completed
ORD-HG-14625,2024-07-14,2024-07,CUST-1455,PROD-102,EMP-1039,REG-01,Enterprise Partner,23,27898.4,0.05,609580.04,275089.18,334490.86,560813.64,Completed
ORD-HG-14626,2024-07-14,2024-07,CUST-1234,PROD-114,EMP-1006,REG-03,Direct Online,33,6279.08,0.0,207209.64,90488.66,116720.98,190632.87,Completed
ORD-HG-14627,2024-07-14,2024-07,CUST-1395,PROD-122,EMP-1005,REG-01,Enterprise Partner,35,32063.09,0.04,1077319.82,452117.29,625202.53,991134.23,Completed
ORD-HG-14628,2024-07-14,2024-07,CUST-1285,PROD-105,EMP-1036,REG-03,Retail Store,19,6938.25,0.04,126553.68,51211.03,75342.65,116429.39,Completed
ORD-HG-14629,2024-07-14,2024-07,CUST-1274,PROD-101,EMP-1049,REG-05,Enterprise Partner,26,19710.42,0.03,497096.79,228711.64,268385.15,457329.05,Completed
ORD-HG-14630,2024-07-14,2024-07,CUST-1377,PROD-107,EMP-1026,REG-04,Field Sales,33,23793.49,0.0,785185.17,384139.33,401045.84,722370.36,Completed
ORD-HG-14631,2024-07-14,2024-07,CUST-1340,PROD-105,EMP-1005,REG-01,Field Sales,24,23189.91,0.03,539861.1,236422.4,303438.7,496672.21,Completed
ORD-HG-14632,2024-07-14,2024-07,CUST-1065,PROD-110,EMP-1044,REG-04,Retail Store,31,24431.91,0.0,757389.21,327582.77,429806.44,696798.07,Completed
ORD-HG-14633,2024-07-15,2024-07,CUST-1135,PROD-115,EMP-1015,REG-02,Retail Store,9,22301.55,0.03,194692.53,78447.17,116245.36,179117.13,Completed
ORD-HG-14634,2024-07-15,2024-07,CUST-1349,PROD-114,EMP-1012,REG-05,Retail Store,43,9486.68,0.03,395689.42,164345.84,231343.58,364034.27,Completed
ORD-HG-14635,2024-07-15,2024-07,CUST-1027,PROD-113,EMP-1041,REG-03,Retail Store,16,20472.08,0.02,321002.21,170641.94,150360.27,295322.03,Completed
ORD-HG-14636,2024-07-15,2024-07,CUST-1386,PROD-120,EMP-1026,REG-05,Enterprise Partner,27,8560.61,0.0,231136.47,125846.33,105290.14,212645.55,Completed
ORD-HG-14637,2024-07-15,2024-07,CUST-1466,PROD-101,EMP-1004,REG-05,Retail Store,14,10379.46,0.0,145312.44,73640.26,71672.18,133687.44,Completed
ORD-HG-14638,2024-07-15,2024-07,CUST-1181,PROD-106,EMP-1036,REG-04,Enterprise Partner,34,5711.31,0.02,190300.85,88920.58,101380.27,175076.78,Completed
ORD-HG-14639,2024-07-15,2024-07,CUST-1492,PROD-114,EMP-1015,REG-03,Field Sales,37,10791.08,0.01,395277.26,191853.31,203423.95,363655.08,Completed
ORD-HG-14640,2024-07-15,2024-07,CUST-1467,PROD-106,EMP-1009,REG-03,Direct Online,8,20118.2,0.0,160945.6,68001.5,92944.1,148069.95,Completed
ORD-HG-14641,2024-07-15,2024-07,CUST-1109,PROD-120,EMP-1013,REG-04,Field Sales,38,38387.37,0.0,1458720.06,730891.76,727828.3,1342022.46,Completed
ORD-HG-14642,2024-07-15,2024-07,CUST-1270,PROD-120,EMP-1048,REG-04,Retail Store,36,31308.42,0.01,1115832.09,529822.54,586009.55,1026565.52,Completed
ORD-HG-14643,2024-07-15,2024-07,CUST-1092,PROD-108,EMP-1037,REG-05,Direct Online,25,29180.55,0.03,707628.34,362996.36,344631.98,651018.07,Completed
ORD-HG-14644,2024-07-15,2024-07,CUST-1333,PROD-123,EMP-1015,REG-04,Direct Online,21,5980.23,0.01,124328.98,64029.97,60299.01,114382.66,Completed
ORD-HG-14645,2024-07-15,2024-07,CUST-1030,PROD-123,EMP-1048,REG-05,Direct Online,15,22019.16,0.03,320378.78,150980.18,169398.6,294748.48,Completed
ORD-HG-14646,2024-07-15,2024-07,CUST-1153,PROD-103,EMP-1020,REG-03,Enterprise Partner,35,6939.44,0.04,233165.18,118058.63,115106.55,214511.97,Completed
ORD-HG-14647,2024-07-15,2024-07,CUST-1321,PROD-116,EMP-1037,REG-01,Enterprise Partner,25,16207.33,0.05,384924.09,196297.99,188626.1,354130.16,Completed
ORD-HG-14648,2024-07-15,2024-07,CUST-1092,PROD-101,EMP-1049,REG-01,Enterprise Partner,39,5860.27,0.05,217123.0,118762.14,98360.86,199753.16,Completed
ORD-HG-14649,2024-07-15,2024-07,CUST-1102,PROD-108,EMP-1009,REG-03,Direct Online,6,6382.01,0.01,37909.14,17808.0,20101.14,34876.41,Completed
ORD-HG-14650,2024-07-16,2024-07,CUST-1173,PROD-121,EMP-1021,REG-04,Retail Store,40,40026.92,0.05,1521022.96,621849.12,899173.84,1399341.12,Completed
ORD-HG-14651,2024-07-16,2024-07,CUST-1384,PROD-104,EMP-1005,REG-01,Enterprise Partner,12,37031.74,0.01,439937.07,224550.66,215386.41,404742.1,Completed
ORD-HG-14652,2024-07-16,2024-07,CUST-1152,PROD-118,EMP-1024,REG-02,Field Sales,15,6568.16,0.02,96551.95,52779.4,43772.55,88827.79,Completed
ORD-HG-14653,2024-07-16,2024-07,CUST-1373,PROD-117,EMP-1010,REG-01,Retail Store,37,24213.26,0.01,886931.71,429066.63,457865.08,815977.17,Completed
ORD-HG-14654,2024-07-16,2024-07,CUST-1435,PROD-119,EMP-1008,REG-03,Enterprise Partner,24,41997.87,0.04,967630.92,512242.0,455388.92,890220.45,Completed
ORD-HG-14655,2024-07-16,2024-07,CUST-1063,PROD-123,EMP-1003,REG-01,Enterprise Partner,17,36338.18,0.02,605394.08,300894.87,304499.21,556962.55,Completed
ORD-HG-14656,2024-07-16,2024-07,CUST-1181,PROD-116,EMP-1017,REG-01,Field Sales,35,10239.18,0.01,354787.59,173251.6,181535.99,326404.58,Completed
ORD-HG-14657,2024-07-16,2024-07,CUST-1120,PROD-104,EMP-1029,REG-05,Direct Online,10,44662.7,0.03,433228.19,230580.43,202647.76,398569.93,Completed
ORD-HG-14658,2024-07-16,2024-07,CUST-1398,PROD-124,EMP-1046,REG-01,Field Sales,38,12149.44,0.02,452445.15,217805.6,234639.55,416249.54,Completed
ORD-HG-14659,2024-07-16,2024-07,CUST-1336,PROD-108,EMP-1029,REG-04,Direct Online,27,41095.26,0.03,1076284.86,558179.84,518105.02,990182.07,Completed
ORD-HG-14660,2024-07-16,2024-07,CUST-1164,PROD-102,EMP-1007,REG-05,Enterprise Partner,17,9865.87,0.03,162688.2,85133.41,77554.79,149673.14,Completed
ORD-HG-14661,2024-07-16,2024-07,CUST-1176,PROD-124,EMP-1037,REG-03,Enterprise Partner,9,18410.95,0.01,164041.56,89361.25,74680.31,150918.24,Completed
ORD-HG-14662,2024-07-16,2024-07,CUST-1337,PROD-113,EMP-1034,REG-02,Retail Store,17,25023.6,0.0,425401.2,184130.5,241270.7,391369.1,Completed
ORD-HG-14663,2024-07-16,2024-07,CUST-1156,PROD-114,EMP-1001,REG-01,Enterprise Partner,24,35625.25,0.03,829355.82,432245.65,397110.17,763007.35,Completed
ORD-HG-14664,2024-07-16,2024-07,CUST-1088,PROD-115,EMP-1037,REG-02,Enterprise Partner,20,39929.38,0.04,766644.1,401429.4,365214.7,705312.57,Completed
ORD-HG-14665,2024-07-16,2024-07,CUST-1205,PROD-117,EMP-1016,REG-01,Enterprise Partner,31,22826.22,0.0,707612.82,362351.93,345260.89,651003.79,Completed
ORD-HG-14666,2024-07-17,2024-07,CUST-1173,PROD-116,EMP-1027,REG-03,Direct Online,14,36555.7,0.01,506662.0,223307.66,283354.34,466129.04,Completed
ORD-HG-14667,2024-07-17,2024-07,CUST-1483,PROD-109,EMP-1023,REG-02,Field Sales,13,44633.77,0.03,562831.84,285242.86,277588.98,517805.29,Completed
ORD-HG-14668,2024-07-17,2024-07,CUST-1320,PROD-123,EMP-1020,REG-03,Enterprise Partner,44,26068.65,0.02,1124080.19,533917.36,590162.83,1034153.77,Completed
ORD-HG-14669,2024-07-17,2024-07,CUST-1440,PROD-107,EMP-1034,REG-03,Direct Online,20,9178.29,0.02,179894.48,95195.42,84699.06,165502.92,Completed
ORD-HG-14670,2024-07-17,2024-07,CUST-1182,PROD-102,EMP-1018,REG-01,Field Sales,31,29964.65,0.01,919615.11,376941.3,542673.81,846045.9,Completed
ORD-HG-14671,2024-07-17,2024-07,CUST-1494,PROD-118,EMP-1017,REG-03,Field Sales,11,33769.82,0.0,371468.02,194185.35,177282.67,341750.58,Completed
ORD-HG-14672,2024-07-17,2024-07,CUST-1332,PROD-102,EMP-1025,REG-04,Direct Online,28,13014.57,0.03,353475.72,191471.49,162004.23,325197.66,Completed
ORD-HG-14673,2024-07-17,2024-07,CUST-1427,PROD-110,EMP-1035,REG-03,Enterprise Partner,16,26083.55,0.04,400643.33,186152.15,214491.18,368591.86,Completed
ORD-HG-14674,2024-07-17,2024-07,CUST-1488,PROD-114,EMP-1033,REG-03,Retail Store,24,11121.52,0.04,256239.82,109159.69,147080.13,235740.63,Completed
ORD-HG-14675,2024-07-18,2024-07,CUST-1093,PROD-124,EMP-1036,REG-03,Retail Store,10,15473.15,0.04,148542.24,74864.27,73677.97,136658.86,Completed
ORD-HG-14676,2024-07-18,2024-07,CUST-1165,PROD-123,EMP-1016,REG-05,Enterprise Partner,8,40057.47,0.03,310845.97,158700.61,152145.36,285978.29,Completed
ORD-HG-14677,2024-07-18,2024-07,CUST-1003,PROD-117,EMP-1033,REG-03,Direct Online,30,8918.56,0.0,267556.8,125065.9,142490.9,246152.26,Completed
ORD-HG-14678,2024-07-18,2024-07,CUST-1039,PROD-124,EMP-1033,REG-04,Enterprise Partner,28,28280.44,0.03,768096.75,343001.81,425094.94,706649.01,Completed
ORD-HG-14679,2024-07-18,2024-07,CUST-1131,PROD-122,EMP-1042,REG-04,Enterprise Partner,25,39395.81,0.03,955348.39,414055.79,541292.6,878920.52,Completed
ORD-HG-14680,2024-07-18,2024-07,CUST-1376,PROD-123,EMP-1023,REG-01,Field Sales,28,26565.53,0.04,714081.45,353405.22,360676.23,656954.93,Completed
ORD-HG-14681,2024-07-18,2024-07,CUST-1290,PROD-120,EMP-1047,REG-01,Direct Online,35,9262.85,0.02,317715.76,129766.13,187949.63,292298.5,Completed
ORD-HG-14682,2024-07-18,2024-07,CUST-1078,PROD-118,EMP-1045,REG-04,Enterprise Partner,15,43468.21,0.05,619421.99,328263.6,291158.39,569868.23,Completed
ORD-HG-14683,2024-07-19,2024-07,CUST-1094,PROD-114,EMP-1006,REG-02,Direct Online,14,38714.0,0.03,525736.12,242962.13,282773.99,483677.23,Completed
ORD-HG-14684,2024-07-19,2024-07,CUST-1252,PROD-117,EMP-1040,REG-03,Field Sales,15,37762.46,0.05,538115.06,239937.91,298177.15,495065.86,Completed
ORD-HG-14685,2024-07-19,2024-07,CUST-1460,PROD-104,EMP-1030,REG-04,Direct Online,19,21495.49,0.0,408414.31,189317.03,219097.28,375741.17,Completed
ORD-HG-14686,2024-07-19,2024-07,CUST-1198,PROD-106,EMP-1040,REG-04,Field Sales,40,16709.68,0.04,641651.71,319707.23,321944.48,590319.57,Completed
ORD-HG-14687,2024-07-19,2024-07,CUST-1400,PROD-123,EMP-1019,REG-01,Retail Store,19,7144.92,0.02,133038.41,72310.8,60727.61,122395.34,Completed
ORD-HG-14688,2024-07-19,2024-07,CUST-1050,PROD-106,EMP-1040,REG-05,Retail Store,34,38648.37,0.05,1248342.35,505008.85,743333.5,1148474.96,Completed
ORD-HG-14689,2024-07-19,2024-07,CUST-1262,PROD-121,EMP-1049,REG-03,Direct Online,43,44197.85,0.04,1824487.25,884075.35,940411.9,1678528.27,Completed
ORD-HG-14690,2024-07-19,2024-07,CUST-1238,PROD-109,EMP-1003,REG-04,Retail Store,28,34163.97,0.02,937459.34,491414.95,446044.39,862462.59,Completed
ORD-HG-14691,2024-07-19,2024-07,CUST-1482,PROD-117,EMP-1012,REG-01,Retail Store,17,11063.95,0.0,188087.15,96620.44,91466.71,173040.18,Completed
ORD-HG-14692,2024-07-19,2024-07,CUST-1134,PROD-123,EMP-1019,REG-05,Field Sales,8,21424.99,0.0,171399.92,69374.77,102025.15,157687.93,Completed
ORD-HG-14693,2024-07-19,2024-07,CUST-1308,PROD-102,EMP-1009,REG-03,Field Sales,15,40541.71,0.02,595963.14,239019.61,356943.53,548286.09,Completed
ORD-HG-14694,2024-07-20,2024-07,CUST-1447,PROD-124,EMP-1043,REG-01,Retail Store,20,43229.43,0.04,830005.06,338204.35,491800.71,763604.66,Completed
ORD-HG-14695,2024-07-20,2024-07,CUST-1185,PROD-115,EMP-1012,REG-03,Enterprise Partner,42,10442.1,0.02,429796.84,179454.82,250342.02,395413.09,Completed
ORD-HG-14696,2024-07-20,2024-07,CUST-1265,PROD-108,EMP-1039,REG-03,Retail Store,38,43212.46,0.01,1625652.75,711308.78,914343.97,1495600.53,Completed
ORD-HG-14697,2024-07-20,2024-07,CUST-1054,PROD-102,EMP-1030,REG-03,Direct Online,31,33454.28,0.02,1016341.03,512861.87,503479.16,935033.75,Completed
ORD-HG-14698,2024-07-20,2024-07,CUST-1395,PROD-110,EMP-1024,REG-03,Enterprise Partner,9,39834.83,0.02,351343.2,164899.03,186444.17,323235.74,Completed
ORD-HG-14699,2024-07-20,2024-07,CUST-1289,PROD-112,EMP-1002,REG-02,Field Sales,6,15950.39,0.03,92831.27,45568.85,47262.42,85404.77,Completed
ORD-HG-14700,2024-07-20,2024-07,CUST-1203,PROD-119,EMP-1010,REG-03,Enterprise Partner,23,44832.73,0.05,979595.15,518317.91,461277.24,901227.54,Completed
ORD-HG-14701,2024-07-20,2024-07,CUST-1003,PROD-105,EMP-1048,REG-04,Field Sales,21,24265.78,0.02,499389.75,273759.15,225630.6,459438.57,Completed
ORD-HG-14702,2024-07-20,2024-07,CUST-1178,PROD-115,EMP-1045,REG-05,Direct Online,5,42250.16,0.02,207025.78,106712.26,100313.52,190463.72,Completed
ORD-HG-14703,2024-07-21,2024-07,CUST-1203,PROD-116,EMP-1026,REG-03,Direct Online,13,10141.87,0.03,127888.98,58422.96,69466.02,117657.86,Completed
ORD-HG-14704,2024-07-21,2024-07,CUST-1030,PROD-113,EMP-1003,REG-04,Enterprise Partner,38,28143.96,0.01,1058775.78,547213.72,511562.06,974073.72,Completed
ORD-HG-14705,2024-07-21,2024-07,CUST-1056,PROD-121,EMP-1046,REG-03,Enterprise Partner,29,41839.61,0.01,1201215.2,575563.56,625651.64,1105117.98,Completed
ORD-HG-14706,2024-07-21,2024-07,CUST-1070,PROD-111,EMP-1045,REG-05,Retail Store,18,12415.13,0.04,214533.45,95570.82,118962.63,197370.77,Completed
ORD-HG-14707,2024-07-21,2024-07,CUST-1317,PROD-117,EMP-1009,REG-05,Direct Online,17,42453.39,0.02,707273.48,323102.62,384170.86,650691.6,Completed
ORD-HG-14708,2024-07-21,2024-07,CUST-1019,PROD-111,EMP-1043,REG-01,Field Sales,31,43109.75,0.04,1282946.16,619139.26,663806.9,1180310.47,Completed
ORD-HG-14709,2024-07-21,2024-07,CUST-1350,PROD-114,EMP-1042,REG-02,Enterprise Partner,38,11780.73,0.01,443191.06,242959.0,200232.06,407735.78,Completed
ORD-HG-14710,2024-07-21,2024-07,CUST-1127,PROD-118,EMP-1028,REG-03,Retail Store,17,34402.52,0.0,584842.84,288711.84,296131.0,538055.41,Completed
ORD-HG-14711,2024-07-22,2024-07,CUST-1496,PROD-117,EMP-1048,REG-01,Retail Store,5,11679.48,0.02,57229.45,28612.3,28617.15,52651.09,Completed
ORD-HG-14712,2024-07-22,2024-07,CUST-1157,PROD-115,EMP-1005,REG-02,Retail Store,25,17885.85,0.04,429260.4,219588.18,209672.22,394919.57,Completed
ORD-HG-14713,2024-07-22,2024-07,CUST-1147,PROD-111,EMP-1006,REG-05,Direct Online,24,40253.56,0.02,946763.73,438979.49,507784.24,871022.63,Completed
ORD-HG-14714,2024-07-22,2024-07,CUST-1376,PROD-102,EMP-1048,REG-03,Enterprise Partner,20,42893.14,0.01,849284.17,433473.19,415810.98,781341.44,Completed
ORD-HG-14715,2024-07-22,2024-07,CUST-1004,PROD-120,EMP-1037,REG-02,Field Sales,37,15480.25,0.02,561313.86,265073.03,296240.83,516408.75,Completed
ORD-HG-14716,2024-07-22,2024-07,CUST-1101,PROD-107,EMP-1041,REG-03,Retail Store,22,24163.21,0.04,510327.0,263433.57,246893.43,469500.84,Completed
ORD-HG-14717,2024-07-22,2024-07,CUST-1216,PROD-107,EMP-1009,REG-01,Enterprise Partner,40,18480.93,0.02,724452.46,397670.56,326781.9,666496.26,Completed
ORD-HG-14718,2024-07-23,2024-07,CUST-1326,PROD-105,EMP-1024,REG-04,Direct Online,30,8640.21,0.04,248838.05,106597.64,142240.41,228931.01,Completed
ORD-HG-14719,2024-07-23,2024-07,CUST-1048,PROD-119,EMP-1030,REG-02,Direct Online,11,11664.41,0.03,124459.25,58453.48,66005.77,114502.51,Completed
ORD-HG-14720,2024-07-23,2024-07,CUST-1409,PROD-107,EMP-1037,REG-02,Retail Store,21,27447.06,0.02,564860.49,284164.2,280696.29,519671.65,Completed
ORD-HG-14721,2024-07-23,2024-07,CUST-1130,PROD-116,EMP-1042,REG-03,Retail Store,36,22063.29,0.01,786335.66,392962.64,393373.02,723428.81,Completed
ORD-HG-14722,2024-07-24,2024-07,CUST-1265,PROD-111,EMP-1044,REG-02,Enterprise Partner,14,22271.69,0.02,305567.59,166880.46,138687.13,281122.18,Completed
ORD-HG-14723,2024-07-24,2024-07,CUST-1466,PROD-103,EMP-1036,REG-05,Enterprise Partner,23,13458.39,0.03,300256.68,135570.98,164685.7,276236.15,Completed
ORD-HG-14724,2024-07-24,2024-07,CUST-1494,PROD-101,EMP-1040,REG-02,Enterprise Partner,17,34768.31,0.02,579240.04,274417.61,304822.43,532900.84,Completed
ORD-HG-14725,2024-07-24,2024-07,CUST-1393,PROD-105,EMP-1015,REG-02,Direct Online,22,24693.23,0.01,537818.55,279086.87,258731.68,494793.07,Completed
ORD-HG-14726,2024-07-24,2024-07,CUST-1451,PROD-112,EMP-1020,REG-03,Enterprise Partner,11,5089.04,0.03,54300.06,22039.16,32260.9,49956.06,Completed
ORD-HG-14727,2024-07-24,2024-07,CUST-1171,PROD-118,EMP-1044,REG-04,Retail Store,8,14315.77,0.0,114526.16,60736.0,53790.16,105364.07,Completed
ORD-HG-14728,2024-07-24,2024-07,CUST-1334,PROD-110,EMP-1008,REG-01,Retail Store,11,9833.88,0.02,106009.23,43353.07,62656.16,97528.49,Completed
ORD-HG-14729,2024-07-24,2024-07,CUST-1410,PROD-121,EMP-1048,REG-01,Retail Store,43,8213.17,0.05,335507.99,158672.51,176835.48,308667.35,Completed
ORD-HG-14730,2024-07-25,2024-07,CUST-1283,PROD-104,EMP-1019,REG-05,Field Sales,41,20012.84,0.01,812321.18,324993.06,487328.12,747335.49,Completed
ORD-HG-14731,2024-07-25,2024-07,CUST-1213,PROD-103,EMP-1003,REG-01,Enterprise Partner,9,18261.56,0.0,164354.04,86808.72,77545.32,151205.72,Completed
ORD-HG-14732,2024-07-25,2024-07,CUST-1491,PROD-107,EMP-1020,REG-02,Enterprise Partner,25,9911.33,0.01,245305.42,128335.56,116969.86,225680.99,Completed
ORD-HG-14733,2024-07-25,2024-07,CUST-1347,PROD-113,EMP-1027,REG-03,Retail Store,30,20384.67,0.03,593193.9,277602.95,315590.95,545738.39,Completed
ORD-HG-14734,2024-07-26,2024-07,CUST-1461,PROD-101,EMP-1035,REG-02,Enterprise Partner,20,7990.0,0.02,156604.0,67144.78,89459.22,144075.68,Completed
ORD-HG-14735,2024-07-26,2024-07,CUST-1392,PROD-112,EMP-1007,REG-02,Enterprise Partner,35,26038.39,0.0,911343.65,365612.78,545730.87,838436.16,Completed
ORD-HG-14736,2024-07-26,2024-07,CUST-1428,PROD-105,EMP-1042,REG-05,Retail Store,36,34547.21,0.02,1218825.57,504513.37,714312.2,1121319.52,Completed
ORD-HG-14737,2024-07-27,2024-07,CUST-1114,PROD-101,EMP-1045,REG-05,Enterprise Partner,28,38614.81,0.01,1070402.53,559948.29,510454.24,984770.33,Completed
ORD-HG-14738,2024-07-27,2024-07,CUST-1027,PROD-112,EMP-1037,REG-03,Enterprise Partner,28,31559.49,0.03,857155.75,429511.82,427643.93,788583.29,Completed
ORD-HG-14739,2024-07-27,2024-07,CUST-1277,PROD-123,EMP-1033,REG-03,Retail Store,27,40021.06,0.02,1058957.25,503887.45,555069.8,974240.67,Completed
ORD-HG-14740,2024-07-27,2024-07,CUST-1495,PROD-107,EMP-1011,REG-03,Enterprise Partner,34,13115.58,0.05,423633.23,188407.08,235226.15,389742.57,Completed
ORD-HG-14741,2024-07-27,2024-07,CUST-1304,PROD-119,EMP-1003,REG-03,Retail Store,33,14577.68,0.01,476252.81,238012.91,238239.9,438152.59,Completed
ORD-HG-14742,2024-07-27,2024-07,CUST-1183,PROD-107,EMP-1046,REG-05,Retail Store,22,18857.59,0.04,398272.3,171168.1,227104.2,366410.52,Completed
ORD-HG-14743,2024-07-28,2024-07,CUST-1118,PROD-116,EMP-1045,REG-03,Field Sales,21,41831.57,0.01,869678.34,375518.69,494159.65,800104.07,Completed
ORD-HG-14744,2024-07-28,2024-07,CUST-1154,PROD-101,EMP-1045,REG-01,Direct Online,28,15550.92,0.01,431071.5,221871.22,209200.28,396585.78,Completed
ORD-HG-14745,2024-07-28,2024-07,CUST-1187,PROD-124,EMP-1006,REG-01,Retail Store,19,5463.35,0.03,100689.54,42916.13,57773.41,92634.38,Completed
ORD-HG-14746,2024-07-28,2024-07,CUST-1205,PROD-104,EMP-1046,REG-03,Retail Store,7,28684.64,0.0,200792.48,89952.85,110839.63,184729.08,Completed
ORD-HG-14747,2024-07-28,2024-07,CUST-1315,PROD-115,EMP-1036,REG-02,Field Sales,34,16107.11,0.02,536688.91,279157.57,257531.34,493753.8,Completed
ORD-HG-14748,2024-07-28,2024-07,CUST-1448,PROD-103,EMP-1008,REG-03,Direct Online,24,20957.62,0.04,482863.56,246169.32,236694.24,444234.48,Completed
ORD-HG-14749,2024-07-28,2024-07,CUST-1305,PROD-104,EMP-1003,REG-02,Enterprise Partner,26,11308.81,0.04,282267.9,115254.9,167013.0,259686.47,Completed
ORD-HG-14750,2024-07-28,2024-07,CUST-1201,PROD-118,EMP-1008,REG-01,Enterprise Partner,24,8459.61,0.01,201000.33,101885.1,99115.23,184920.3,Completed
ORD-HG-14751,2024-07-28,2024-07,CUST-1334,PROD-110,EMP-1045,REG-02,Direct Online,18,25294.38,0.01,450745.85,219104.38,231641.47,414686.18,Completed
ORD-HG-14752,2024-07-29,2024-07,CUST-1229,PROD-117,EMP-1015,REG-02,Retail Store,44,40212.34,0.01,1751649.53,876812.61,874836.92,1611517.57,Completed
ORD-HG-14753,2024-07-29,2024-07,CUST-1265,PROD-113,EMP-1012,REG-03,Direct Online,29,10848.61,0.01,311463.59,149057.02,162406.57,286546.5,Completed
ORD-HG-14754,2024-07-29,2024-07,CUST-1418,PROD-121,EMP-1003,REG-05,Enterprise Partner,11,41700.55,0.0,458706.05,249019.61,209686.44,422009.57,Completed
ORD-HG-14755,2024-07-29,2024-07,CUST-1322,PROD-120,EMP-1001,REG-03,Direct Online,9,31476.41,0.02,277621.94,122085.49,155536.45,255412.18,Completed
ORD-HG-14756,2024-07-29,2024-07,CUST-1446,PROD-116,EMP-1047,REG-02,Direct Online,43,23584.75,0.05,963437.04,474994.25,488442.79,886362.08,Completed
ORD-HG-14757,2024-07-29,2024-07,CUST-1210,PROD-108,EMP-1047,REG-01,Retail Store,7,44231.14,0.0,309617.98,126202.83,183415.15,284848.54,Completed
ORD-HG-14758,2024-07-29,2024-07,CUST-1031,PROD-122,EMP-1036,REG-01,Direct Online,39,36978.65,0.0,1442167.35,708134.08,734033.27,1326793.96,Completed
ORD-HG-14759,2024-07-29,2024-07,CUST-1117,PROD-111,EMP-1011,REG-03,Field Sales,17,9126.21,0.01,153594.11,68098.16,85495.95,141306.58,Completed
ORD-HG-14760,2024-07-29,2024-07,CUST-1127,PROD-115,EMP-1009,REG-01,Direct Online,10,40558.0,0.01,401524.2,205245.53,196278.67,369402.26,Completed
ORD-HG-14761,2024-07-29,2024-07,CUST-1002,PROD-105,EMP-1008,REG-05,Direct Online,26,36255.03,0.02,923778.16,406326.13,517452.03,849875.91,Completed
ORD-HG-14762,2024-07-29,2024-07,CUST-1043,PROD-102,EMP-1036,REG-03,Direct Online,31,40911.86,0.0,1268267.66,615222.91,653044.75,1166806.25,Completed
ORD-HG-14763,2024-07-29,2024-07,CUST-1383,PROD-102,EMP-1014,REG-04,Retail Store,35,36532.96,0.01,1265867.06,630900.04,634967.02,1164597.7,Completed
ORD-HG-14764,2024-07-29,2024-07,CUST-1309,PROD-124,EMP-1033,REG-04,Direct Online,41,7506.79,0.04,295467.25,121841.59,173625.66,271829.87,Completed
ORD-HG-14765,2024-07-29,2024-07,CUST-1462,PROD-117,EMP-1027,REG-04,Field Sales,8,21520.91,0.02,168723.93,68443.73,100280.2,155226.02,Completed
ORD-HG-14766,2024-07-29,2024-07,CUST-1232,PROD-120,EMP-1028,REG-01,Retail Store,44,9650.75,0.04,407647.68,164526.82,243120.86,375035.87,Completed
ORD-HG-14767,2024-07-30,2024-07,CUST-1059,PROD-103,EMP-1003,REG-04,Enterprise Partner,43,27487.33,0.0,1181955.19,592463.77,589491.42,1087398.77,Completed
ORD-HG-14768,2024-07-30,2024-07,CUST-1047,PROD-110,EMP-1011,REG-03,Field Sales,41,20798.39,0.05,810097.29,361557.99,448539.3,745289.51,Completed
ORD-HG-14769,2024-07-30,2024-07,CUST-1254,PROD-101,EMP-1038,REG-03,Direct Online,13,32128.97,0.0,417676.61,167806.62,249869.99,384262.48,Completed
ORD-HG-14770,2024-07-30,2024-07,CUST-1217,PROD-113,EMP-1019,REG-04,Retail Store,33,8384.72,0.03,268394.89,133963.07,134431.82,246923.3,Completed
ORD-HG-14771,2024-07-30,2024-07,CUST-1406,PROD-112,EMP-1003,REG-01,Direct Online,26,44192.65,0.01,1137518.81,587166.07,550352.74,1046517.31,Completed
ORD-HG-14772,2024-07-30,2024-07,CUST-1191,PROD-105,EMP-1029,REG-01,Retail Store,16,30143.41,0.03,467825.72,247152.43,220673.29,430399.66,Completed
ORD-HG-14773,2024-07-30,2024-07,CUST-1183,PROD-118,EMP-1037,REG-04,Direct Online,12,21083.04,0.04,242876.62,125071.2,117805.42,223446.49,Completed
ORD-HG-14774,2024-07-30,2024-07,CUST-1107,PROD-103,EMP-1046,REG-03,Direct Online,19,29713.44,0.0,564555.36,235266.25,329289.11,519390.93,Completed
ORD-HG-14775,2024-07-31,2024-07,CUST-1042,PROD-110,EMP-1045,REG-01,Field Sales,18,38200.91,0.05,653235.56,314653.07,338582.49,600976.72,Completed
ORD-HG-14776,2024-07-31,2024-07,CUST-1008,PROD-106,EMP-1043,REG-05,Retail Store,19,28198.64,0.05,508985.45,234198.15,274787.3,468266.61,Completed
ORD-HG-14777,2024-07-31,2024-07,CUST-1179,PROD-118,EMP-1019,REG-03,Retail Store,29,5943.11,0.03,167179.68,90632.42,76547.26,153805.31,Completed
ORD-HG-14778,2024-07-31,2024-07,CUST-1179,PROD-111,EMP-1048,REG-01,Direct Online,30,20612.07,0.04,593627.62,267303.97,326323.65,546137.41,Completed
ORD-HG-14779,2024-07-31,2024-07,CUST-1027,PROD-120,EMP-1006,REG-05,Field Sales,22,27610.6,0.03,589210.2,271616.83,317593.37,542073.38,Completed
ORD-HG-14780,2024-07-31,2024-07,CUST-1432,PROD-104,EMP-1028,REG-01,Field Sales,17,30613.4,0.01,515223.52,261478.98,253744.54,474005.64,Completed
ORD-HG-14781,2024-07-31,2024-07,CUST-1447,PROD-111,EMP-1023,REG-01,Direct Online,8,10496.42,0.05,79772.79,40702.79,39070.0,73390.97,Completed
ORD-HG-14782,2024-07-31,2024-07,CUST-1311,PROD-106,EMP-1031,REG-04,Enterprise Partner,28,25175.96,0.01,697877.61,341362.79,356514.82,642047.4,Completed
ORD-HG-14783,2024-07-31,2024-07,CUST-1008,PROD-115,EMP-1009,REG-03,Enterprise Partner,44,43854.9,0.03,1871727.13,874917.73,996809.4,1721988.96,Completed
ORD-HG-14784,2024-08-01,2024-08,CUST-1210,PROD-108,EMP-1011,REG-04,Retail Store,27,28328.19,0.04,734266.68,307577.02,426689.66,675525.35,Completed
ORD-HG-14785,2024-08-01,2024-08,CUST-1017,PROD-107,EMP-1015,REG-03,Field Sales,9,35074.56,0.02,309357.62,151587.0,157770.62,284609.01,Completed
ORD-HG-14786,2024-08-01,2024-08,CUST-1055,PROD-122,EMP-1005,REG-05,Field Sales,43,37455.37,0.03,1562263.48,721872.98,840390.5,1437282.4,Completed
ORD-HG-14787,2024-08-01,2024-08,CUST-1015,PROD-113,EMP-1022,REG-01,Enterprise Partner,5,14957.03,0.01,74037.3,32554.99,41482.31,68114.32,Completed
ORD-HG-14788,2024-08-01,2024-08,CUST-1247,PROD-107,EMP-1048,REG-05,Enterprise Partner,12,23840.09,0.02,280359.46,151177.04,129182.42,257930.7,Completed
ORD-HG-14789,2024-08-01,2024-08,CUST-1215,PROD-103,EMP-1006,REG-02,Retail Store,25,33053.51,0.01,818074.37,395028.72,423045.65,752628.42,Completed
ORD-HG-14790,2024-08-01,2024-08,CUST-1469,PROD-124,EMP-1029,REG-01,Direct Online,44,31095.82,0.03,1327169.6,704762.66,622406.94,1220996.03,Completed
ORD-HG-14791,2024-08-01,2024-08,CUST-1411,PROD-104,EMP-1004,REG-05,Direct Online,12,17148.18,0.01,203720.38,84467.08,119253.3,187422.75,Completed
ORD-HG-14792,2024-08-02,2024-08,CUST-1123,PROD-111,EMP-1019,REG-01,Enterprise Partner,43,18198.29,0.02,766875.94,399992.42,366883.52,705525.86,Completed
ORD-HG-14793,2024-08-02,2024-08,CUST-1302,PROD-105,EMP-1037,REG-01,Enterprise Partner,19,32200.9,0.05,581226.24,312397.19,268829.05,534728.14,Completed
ORD-HG-14794,2024-08-02,2024-08,CUST-1234,PROD-107,EMP-1049,REG-04,Direct Online,28,9473.94,0.03,257312.21,137677.31,119634.9,236727.23,Completed
ORD-HG-14795,2024-08-02,2024-08,CUST-1393,PROD-122,EMP-1038,REG-04,Direct Online,25,27772.83,0.04,666547.92,362601.43,303946.49,613224.09,Completed
ORD-HG-14796,2024-08-02,2024-08,CUST-1171,PROD-115,EMP-1040,REG-05,Retail Store,28,12642.83,0.04,339839.27,183924.77,155914.5,312652.13,Completed
ORD-HG-14797,2024-08-02,2024-08,CUST-1340,PROD-104,EMP-1003,REG-04,Field Sales,20,9602.48,0.01,190129.1,79963.8,110165.3,174918.77,Completed
ORD-HG-14798,2024-08-02,2024-08,CUST-1417,PROD-102,EMP-1047,REG-02,Field Sales,5,33531.23,0.01,165979.59,70520.99,95458.6,152701.22,Completed
ORD-HG-14799,2024-08-02,2024-08,CUST-1173,PROD-112,EMP-1038,REG-04,Retail Store,24,27405.48,0.03,637999.57,332731.81,305267.76,586959.6,Completed
ORD-HG-14800,2024-08-02,2024-08,CUST-1275,PROD-115,EMP-1005,REG-02,Field Sales,35,32995.4,0.05,1097097.05,583788.89,513308.16,1009329.29,Completed
ORD-HG-14801,2024-08-03,2024-08,CUST-1170,PROD-110,EMP-1032,REG-04,Enterprise Partner,22,16586.16,0.03,353948.65,154917.8,199030.85,325632.76,Completed
ORD-HG-14802,2024-08-03,2024-08,CUST-1344,PROD-109,EMP-1036,REG-03,Retail Store,41,33667.31,0.0,1380359.71,681471.58,698888.13,1269930.93,Completed
ORD-HG-14803,2024-08-03,2024-08,CUST-1161,PROD-113,EMP-1039,REG-04,Field Sales,43,27359.69,0.03,1141172.67,492731.06,648441.61,1049878.86,Completed
ORD-HG-14804,2024-08-03,2024-08,CUST-1334,PROD-102,EMP-1035,REG-05,Enterprise Partner,42,27398.72,0.04,1104716.39,548947.2,555769.19,1016339.08,Completed
ORD-HG-14805,2024-08-03,2024-08,CUST-1436,PROD-103,EMP-1027,REG-02,Direct Online,13,23888.8,0.02,304343.31,142163.8,162179.51,279995.85,Completed
ORD-HG-14806,2024-08-03,2024-08,CUST-1097,PROD-113,EMP-1029,REG-05,Retail Store,37,41277.39,0.05,1450900.26,757135.23,693765.03,1334828.24,Completed
ORD-HG-14807,2024-08-03,2024-08,CUST-1036,PROD-106,EMP-1041,REG-01,Enterprise Partner,11,18299.25,0.02,197265.92,100023.85,97242.07,181484.65,Completed
ORD-HG-14808,2024-08-03,2024-08,CUST-1333,PROD-109,EMP-1016,REG-03,Retail Store,31,32297.96,0.02,981212.02,429012.8,552199.22,902715.06,Completed
ORD-HG-14809,2024-08-03,2024-08,CUST-1319,PROD-107,EMP-1023,REG-03,Field Sales,11,38728.75,0.05,404715.44,199518.72,205196.72,372338.2,Completed
ORD-HG-14810,2024-08-04,2024-08,CUST-1039,PROD-105,EMP-1007,REG-04,Field Sales,41,9507.3,0.03,378105.32,192032.34,186072.98,347856.89,Completed
ORD-HG-14811,2024-08-04,2024-08,CUST-1053,PROD-105,EMP-1022,REG-03,Retail Store,42,18483.87,0.02,760796.09,360230.66,400565.43,699932.4,Completed
ORD-HG-14812,2024-08-04,2024-08,CUST-1361,PROD-124,EMP-1021,REG-03,Retail Store,18,40707.53,0.03,710753.47,381152.59,329600.88,653893.19,Completed
ORD-HG-14813,2024-08-04,2024-08,CUST-1184,PROD-115,EMP-1040,REG-01,Direct Online,41,8777.65,0.02,352685.98,148725.98,203960.0,324471.1,Completed
ORD-HG-14814,2024-08-04,2024-08,CUST-1189,PROD-112,EMP-1012,REG-04,Enterprise Partner,32,26022.6,0.04,799414.27,354384.29,445029.98,735461.13,Completed
ORD-HG-14815,2024-08-04,2024-08,CUST-1289,PROD-123,EMP-1039,REG-01,Field Sales,35,41624.85,0.0,1456869.75,593147.39,863722.36,1340320.17,Completed
ORD-HG-14816,2024-08-04,2024-08,CUST-1060,PROD-120,EMP-1007,REG-03,Retail Store,37,41905.11,0.04,1488469.51,792337.69,696131.82,1369391.95,Completed
ORD-HG-14817,2024-08-04,2024-08,CUST-1324,PROD-112,EMP-1028,REG-04,Field Sales,11,12169.05,0.03,129843.76,66421.34,63422.42,119456.26,Completed
ORD-HG-14818,2024-08-04,2024-08,CUST-1323,PROD-111,EMP-1033,REG-05,Field Sales,20,40229.05,0.01,796535.19,426713.31,369821.88,732812.37,Completed
ORD-HG-14819,2024-08-04,2024-08,CUST-1348,PROD-114,EMP-1018,REG-03,Field Sales,11,33074.85,0.01,360185.12,182194.67,177990.45,331370.31,Completed
ORD-HG-14820,2024-08-04,2024-08,CUST-1423,PROD-118,EMP-1044,REG-01,Direct Online,22,39184.39,0.04,827574.32,435850.53,391723.79,761368.37,Completed
ORD-HG-14821,2024-08-04,2024-08,CUST-1246,PROD-111,EMP-1028,REG-03,Field Sales,16,26041.6,0.03,404165.63,186368.71,217796.92,371832.38,Completed
ORD-HG-14822,2024-08-04,2024-08,CUST-1026,PROD-109,EMP-1019,REG-05,Enterprise Partner,27,27724.59,0.03,726107.01,307705.58,418401.43,668018.45,Completed
ORD-HG-14823,2024-08-04,2024-08,CUST-1465,PROD-107,EMP-1046,REG-04,Enterprise Partner,16,20767.5,0.04,318988.8,161224.33,157764.47,293469.7,Completed
ORD-HG-14824,2024-08-04,2024-08,CUST-1013,PROD-115,EMP-1041,REG-02,Direct Online,14,37267.72,0.03,506095.64,264507.77,241587.87,465607.99,Completed
ORD-HG-14825,2024-08-04,2024-08,CUST-1235,PROD-110,EMP-1045,REG-03,Enterprise Partner,14,34736.28,0.01,481444.84,260177.61,221267.23,442929.25,Completed
ORD-HG-14826,2024-08-04,2024-08,CUST-1422,PROD-115,EMP-1026,REG-03,Direct Online,17,30755.99,0.01,517623.31,227034.31,290589.0,476213.45,Completed
ORD-HG-14827,2024-08-04,2024-08,CUST-1363,PROD-106,EMP-1002,REG-04,Field Sales,36,44112.22,0.02,1556279.12,847871.61,708407.51,1431776.79,Completed
ORD-HG-14828,2024-08-05,2024-08,CUST-1411,PROD-115,EMP-1035,REG-04,Enterprise Partner,43,18007.63,0.02,758841.53,361907.51,396934.02,698134.21,Completed
ORD-HG-14829,2024-08-05,2024-08,CUST-1012,PROD-108,EMP-1048,REG-05,Direct Online,28,13217.38,0.01,366385.77,182925.01,183460.76,337074.91,Completed
ORD-HG-14830,2024-08-05,2024-08,CUST-1190,PROD-112,EMP-1002,REG-04,Direct Online,20,18153.12,0.04,348539.9,174540.39,173999.51,320656.71,Completed
ORD-HG-14831,2024-08-05,2024-08,CUST-1304,PROD-106,EMP-1033,REG-02,Retail Store,12,17408.36,0.01,206811.32,92641.83,114169.49,190266.41,Completed
ORD-HG-14832,2024-08-05,2024-08,CUST-1465,PROD-108,EMP-1021,REG-01,Retail Store,12,38966.48,0.02,458245.8,235014.47,223231.33,421586.14,Completed
ORD-HG-14833,2024-08-05,2024-08,CUST-1152,PROD-108,EMP-1039,REG-04,Enterprise Partner,19,38463.26,0.01,723493.92,396253.3,327240.62,665614.41,Completed
ORD-HG-14834,2024-08-05,2024-08,CUST-1377,PROD-103,EMP-1044,REG-04,Field Sales,37,6735.05,0.01,246704.88,129796.77,116908.11,226968.49,Completed
ORD-HG-14835,2024-08-05,2024-08,CUST-1360,PROD-113,EMP-1040,REG-02,Retail Store,34,32326.77,0.01,1088119.08,531277.33,556841.75,1001069.55,Completed
ORD-HG-14836,2024-08-05,2024-08,CUST-1071,PROD-117,EMP-1027,REG-05,Field Sales,39,39657.7,0.02,1515717.29,808346.01,707371.28,1394459.91,Completed
ORD-HG-14837,2024-08-05,2024-08,CUST-1140,PROD-107,EMP-1005,REG-04,Enterprise Partner,39,35046.98,0.04,1312158.93,646999.86,665159.07,1207186.22,Completed
ORD-HG-14838,2024-08-06,2024-08,CUST-1314,PROD-110,EMP-1024,REG-02,Enterprise Partner,14,20073.17,0.02,275403.89,119122.35,156281.54,253371.58,Completed
ORD-HG-14839,2024-08-06,2024-08,CUST-1409,PROD-123,EMP-1027,REG-03,Enterprise Partner,44,33846.03,0.01,1474333.07,603802.4,870530.67,1356386.42,Completed
ORD-HG-14840,2024-08-06,2024-08,CUST-1401,PROD-101,EMP-1025,REG-02,Retail Store,24,27027.15,0.0,648651.6,341420.17,307231.43,596759.47,Completed
ORD-HG-14841,2024-08-06,2024-08,CUST-1407,PROD-104,EMP-1014,REG-02,Enterprise Partner,33,6140.21,0.04,194521.85,82884.28,111637.57,178960.1,Completed
ORD-HG-14842,2024-08-06,2024-08,CUST-1161,PROD-118,EMP-1035,REG-05,Field Sales,25,24369.65,0.04,584871.6,280545.24,304326.36,538081.87,Completed
ORD-HG-14843,2024-08-06,2024-08,CUST-1226,PROD-121,EMP-1039,REG-03,Enterprise Partner,20,8960.01,0.03,173824.19,80832.94,92991.25,159918.25,Completed
ORD-HG-14844,2024-08-07,2024-08,CUST-1375,PROD-119,EMP-1012,REG-02,Field Sales,25,11860.65,0.0,296516.25,138986.36,157529.89,272794.95,Completed
ORD-HG-14845,2024-08-07,2024-08,CUST-1054,PROD-103,EMP-1037,REG-01,Field Sales,19,17335.94,0.0,329382.86,159343.82,170039.04,303032.23,Completed
ORD-HG-14846,2024-08-07,2024-08,CUST-1072,PROD-112,EMP-1043,REG-04,Direct Online,27,37792.55,0.04,979582.9,398698.88,580884.02,901216.27,Completed
ORD-HG-14847,2024-08-07,2024-08,CUST-1314,PROD-122,EMP-1030,REG-01,Enterprise Partner,41,26799.9,0.04,1054844.06,431900.59,622943.47,970456.54,Completed
ORD-HG-14848,2024-08-08,2024-08,CUST-1184,PROD-115,EMP-1002,REG-03,Enterprise Partner,13,33054.97,0.03,416823.17,201631.43,215191.74,383477.32,Completed
ORD-HG-14849,2024-08-08,2024-08,CUST-1279,PROD-101,EMP-1048,REG-02,Direct Online,32,37665.65,0.02,1181194.78,574096.88,607097.9,1086699.2,Completed
ORD-HG-14850,2024-08-08,2024-08,CUST-1115,PROD-111,EMP-1024,REG-04,Field Sales,9,27484.28,0.02,242411.35,114580.44,127830.91,223018.44,Completed
ORD-HG-14851,2024-08-09,2024-08,CUST-1009,PROD-101,EMP-1022,REG-03,Direct Online,34,15952.28,0.01,536953.74,293045.34,243908.4,493997.44,Completed
ORD-HG-14852,2024-08-09,2024-08,CUST-1010,PROD-101,EMP-1031,REG-04,Direct Online,8,16410.55,0.0,131284.4,53665.94,77618.46,120781.65,Completed
ORD-HG-14853,2024-08-09,2024-08,CUST-1499,PROD-108,EMP-1009,REG-03,Retail Store,12,44268.68,0.05,504662.95,243432.7,261230.25,464289.91,Completed
ORD-HG-14854,2024-08-09,2024-08,CUST-1022,PROD-104,EMP-1025,REG-03,Retail Store,9,40064.28,0.05,342549.59,172698.62,169850.97,315145.62,Completed
ORD-HG-14855,2024-08-09,2024-08,CUST-1451,PROD-101,EMP-1009,REG-03,Enterprise Partner,37,43078.08,0.04,1530133.4,617097.8,913035.6,1407722.73,Completed
ORD-HG-14856,2024-08-09,2024-08,CUST-1402,PROD-106,EMP-1006,REG-03,Field Sales,23,26084.81,0.01,593951.12,266343.5,327607.62,546435.03,Completed
ORD-HG-14857,2024-08-10,2024-08,CUST-1480,PROD-117,EMP-1031,REG-04,Direct Online,35,10273.45,0.03,348783.63,165581.94,183201.69,320880.94,Completed
ORD-HG-14858,2024-08-10,2024-08,CUST-1298,PROD-118,EMP-1042,REG-02,Retail Store,27,36861.1,0.03,965392.21,455053.78,510338.43,888160.83,Completed
ORD-HG-14859,2024-08-10,2024-08,CUST-1255,PROD-109,EMP-1021,REG-03,Retail Store,43,40608.94,0.05,1658875.2,733283.57,925591.63,1526165.18,Completed
ORD-HG-14860,2024-08-10,2024-08,CUST-1323,PROD-112,EMP-1007,REG-02,Enterprise Partner,30,21471.32,0.04,618374.02,266445.47,351928.55,568904.1,Completed
ORD-HG-14861,2024-08-11,2024-08,CUST-1219,PROD-115,EMP-1044,REG-03,Direct Online,7,14793.55,0.03,100448.2,48248.09,52200.11,92412.34,Completed
ORD-HG-14862,2024-08-11,2024-08,CUST-1262,PROD-105,EMP-1021,REG-05,Retail Store,23,20113.9,0.03,448741.11,227158.27,221582.84,412841.82,Completed
ORD-HG-14863,2024-08-11,2024-08,CUST-1467,PROD-106,EMP-1028,REG-03,Direct Online,31,17915.2,0.03,538710.06,252547.6,286162.46,495613.26,Completed
ORD-HG-14864,2024-08-11,2024-08,CUST-1359,PROD-114,EMP-1046,REG-03,Enterprise Partner,36,33291.85,0.0,1198506.6,517918.17,680588.43,1102626.07,Completed
ORD-HG-14865,2024-08-11,2024-08,CUST-1050,PROD-123,EMP-1037,REG-04,Direct Online,6,17385.47,0.02,102226.56,52348.05,49878.51,94048.44,Completed
ORD-HG-14866,2024-08-12,2024-08,CUST-1334,PROD-118,EMP-1022,REG-02,Retail Store,30,36409.64,0.02,1070443.42,550886.64,519556.78,984807.95,Completed
ORD-HG-14867,2024-08-12,2024-08,CUST-1083,PROD-114,EMP-1040,REG-01,Field Sales,19,40097.04,0.05,723751.57,379207.86,344543.71,665851.44,Completed
ORD-HG-14868,2024-08-12,2024-08,CUST-1197,PROD-103,EMP-1002,REG-05,Field Sales,34,38266.3,0.01,1288043.66,678479.99,609563.67,1185000.17,Completed
ORD-HG-14869,2024-08-13,2024-08,CUST-1192,PROD-101,EMP-1007,REG-04,Direct Online,12,8908.64,0.05,101558.5,50695.74,50862.76,93433.82,Completed
ORD-HG-14870,2024-08-13,2024-08,CUST-1125,PROD-112,EMP-1009,REG-01,Field Sales,42,18088.98,0.03,736945.05,296988.68,439956.37,677989.45,Completed
ORD-HG-14871,2024-08-13,2024-08,CUST-1272,PROD-122,EMP-1020,REG-02,Direct Online,15,29711.8,0.03,432306.69,224505.52,207801.17,397722.15,Completed
ORD-HG-14872,2024-08-13,2024-08,CUST-1122,PROD-123,EMP-1028,REG-03,Enterprise Partner,16,14882.17,0.01,235733.57,104518.28,131215.29,216874.88,Completed
ORD-HG-14873,2024-08-13,2024-08,CUST-1059,PROD-123,EMP-1011,REG-02,Field Sales,14,7773.2,0.02,106648.3,54267.02,52381.28,98116.44,Completed
ORD-HG-14874,2024-08-13,2024-08,CUST-1442,PROD-122,EMP-1006,REG-01,Enterprise Partner,10,31451.36,0.03,305078.19,145469.74,159608.45,280671.93,Completed
ORD-HG-14875,2024-08-13,2024-08,CUST-1221,PROD-114,EMP-1013,REG-03,Enterprise Partner,6,42947.23,0.04,247376.04,112696.73,134679.31,227585.96,Completed
ORD-HG-14876,2024-08-13,2024-08,CUST-1139,PROD-113,EMP-1019,REG-01,Enterprise Partner,24,29064.87,0.02,683605.74,368045.3,315560.44,628917.28,Completed
ORD-HG-14877,2024-08-13,2024-08,CUST-1051,PROD-118,EMP-1047,REG-05,Enterprise Partner,37,13986.29,0.03,501967.95,264006.02,237961.93,461810.51,Completed
ORD-HG-14878,2024-08-13,2024-08,CUST-1231,PROD-121,EMP-1010,REG-03,Direct Online,34,44594.44,0.02,1485886.74,660125.3,825761.44,1367015.8,Completed
ORD-HG-14879,2024-08-14,2024-08,CUST-1036,PROD-102,EMP-1009,REG-04,Direct Online,11,17920.89,0.04,189244.6,93923.99,95320.61,174105.03,Completed
ORD-HG-14880,2024-08-14,2024-08,CUST-1382,PROD-108,EMP-1006,REG-04,Direct Online,40,20401.86,0.01,807913.66,327087.66,480826.0,743280.57,Completed
ORD-HG-14881,2024-08-14,2024-08,CUST-1303,PROD-103,EMP-1029,REG-05,Direct Online,34,34882.53,0.02,1162285.9,635701.73,526584.17,1069303.03,Completed
ORD-HG-14882,2024-08-14,2024-08,CUST-1480,PROD-122,EMP-1036,REG-03,Direct Online,7,9973.8,0.02,68420.27,37540.79,30879.48,62946.65,Completed
ORD-HG-14883,2024-08-14,2024-08,CUST-1261,PROD-103,EMP-1010,REG-02,Retail Store,29,8434.0,0.01,242140.14,123680.82,118459.32,222768.93,Completed
ORD-HG-14884,2024-08-14,2024-08,CUST-1284,PROD-101,EMP-1013,REG-01,Enterprise Partner,13,14849.81,0.01,191117.05,85079.93,106037.12,175827.69,Completed
ORD-HG-14885,2024-08-14,2024-08,CUST-1322,PROD-116,EMP-1005,REG-01,Retail Store,8,10909.97,0.01,86406.96,40157.33,46249.63,79494.4,Completed
ORD-HG-14886,2024-08-14,2024-08,CUST-1003,PROD-118,EMP-1047,REG-05,Enterprise Partner,14,43412.31,0.04,583461.45,256973.54,326487.91,536784.53,Completed
ORD-HG-14887,2024-08-14,2024-08,CUST-1047,PROD-123,EMP-1023,REG-03,Enterprise Partner,21,7419.16,0.04,149570.27,80172.37,69397.9,137604.65,Completed
ORD-HG-14888,2024-08-14,2024-08,CUST-1035,PROD-117,EMP-1040,REG-04,Retail Store,35,13044.48,0.0,456556.8,192488.9,264067.9,420032.26,Completed
ORD-HG-14889,2024-08-14,2024-08,CUST-1232,PROD-102,EMP-1037,REG-03,Enterprise Partner,15,9463.81,0.02,139118.01,66583.76,72534.25,127988.57,Completed
ORD-HG-14890,2024-08-15,2024-08,CUST-1035,PROD-117,EMP-1039,REG-02,Field Sales,18,9449.82,0.03,164993.86,77857.26,87136.6,151794.35,Completed
ORD-HG-14891,2024-08-15,2024-08,CUST-1204,PROD-105,EMP-1025,REG-01,Field Sales,26,6180.45,0.05,152657.12,73460.77,79196.35,140444.55,Completed
ORD-HG-14892,2024-08-15,2024-08,CUST-1303,PROD-104,EMP-1041,REG-05,Enterprise Partner,12,35378.42,0.01,420295.63,189269.74,231025.89,386671.98,Completed
ORD-HG-14893,2024-08-15,2024-08,CUST-1014,PROD-102,EMP-1045,REG-02,Field Sales,18,10685.88,0.03,186575.46,100639.54,85935.92,171649.42,Completed
ORD-HG-14894,2024-08-15,2024-08,CUST-1003,PROD-118,EMP-1024,REG-01,Direct Online,10,7446.38,0.01,73719.16,34174.45,39544.71,67821.63,Completed
ORD-HG-14895,2024-08-15,2024-08,CUST-1298,PROD-108,EMP-1001,REG-02,Field Sales,40,42017.19,0.03,1630266.97,867800.28,762466.69,1499845.61,Completed
ORD-HG-14896,2024-08-15,2024-08,CUST-1303,PROD-109,EMP-1008,REG-04,Retail Store,25,15944.84,0.01,394634.79,177801.14,216833.65,363064.01,Completed
ORD-HG-14897,2024-08-15,2024-08,CUST-1262,PROD-124,EMP-1001,REG-03,Field Sales,16,6849.44,0.05,104111.49,44827.67,59283.82,95782.57,Completed
ORD-HG-14898,2024-08-15,2024-08,CUST-1160,PROD-114,EMP-1001,REG-04,Retail Store,34,36707.97,0.02,1223109.56,533704.88,689404.68,1125260.8,Completed
ORD-HG-14899,2024-08-16,2024-08,CUST-1044,PROD-106,EMP-1011,REG-01,Enterprise Partner,37,23799.87,0.0,880595.19,416335.2,464259.99,810147.57,Completed
ORD-HG-14900,2024-08-16,2024-08,CUST-1280,PROD-121,EMP-1031,REG-01,Retail Store,29,24460.19,0.02,695158.6,308740.25,386418.35,639545.91,Completed
ORD-HG-14901,2024-08-16,2024-08,CUST-1413,PROD-103,EMP-1001,REG-04,Enterprise Partner,29,23066.63,0.03,648864.3,274151.87,374712.43,596955.16,Completed
ORD-HG-14902,2024-08-16,2024-08,CUST-1257,PROD-120,EMP-1037,REG-01,Field Sales,35,34827.69,0.05,1158020.69,568089.75,589930.94,1065379.03,Completed
ORD-HG-14903,2024-08-16,2024-08,CUST-1399,PROD-120,EMP-1047,REG-01,Direct Online,29,32919.41,0.03,926023.0,444088.76,481934.24,851941.16,Completed
ORD-HG-14904,2024-08-16,2024-08,CUST-1149,PROD-113,EMP-1036,REG-05,Direct Online,19,15468.37,0.01,290960.04,117787.74,173172.3,267683.24,Completed
ORD-HG-14905,2024-08-16,2024-08,CUST-1480,PROD-103,EMP-1022,REG-05,Field Sales,28,11547.61,0.01,320099.75,131095.22,189004.53,294491.77,Completed
ORD-HG-14906,2024-08-16,2024-08,CUST-1312,PROD-111,EMP-1020,REG-01,Enterprise Partner,38,7599.38,0.03,280113.15,113861.99,166251.16,257704.1,Completed
ORD-HG-14907,2024-08-16,2024-08,CUST-1193,PROD-108,EMP-1036,REG-04,Enterprise Partner,14,32027.83,0.0,448389.62,182114.2,266275.42,412518.45,Completed
ORD-HG-14908,2024-08-16,2024-08,CUST-1215,PROD-124,EMP-1032,REG-04,Field Sales,10,16015.85,0.02,156955.33,65278.76,91676.57,144398.9,Completed
ORD-HG-14909,2024-08-16,2024-08,CUST-1004,PROD-119,EMP-1009,REG-04,Retail Store,37,30311.97,0.02,1099112.03,493088.56,606023.47,1011183.07,Completed
ORD-HG-14910,2024-08-17,2024-08,CUST-1262,PROD-107,EMP-1036,REG-05,Field Sales,28,12058.02,0.03,327495.82,167417.57,160078.25,301296.15,Completed
ORD-HG-14911,2024-08-17,2024-08,CUST-1099,PROD-120,EMP-1007,REG-05,Retail Store,12,32848.49,0.01,390240.06,157789.01,232451.05,359020.86,Completed
ORD-HG-14912,2024-08-17,2024-08,CUST-1185,PROD-103,EMP-1048,REG-01,Direct Online,12,10996.11,0.04,126675.19,55461.49,71213.7,116541.17,Completed
ORD-HG-14913,2024-08-17,2024-08,CUST-1451,PROD-103,EMP-1040,REG-05,Direct Online,14,30277.55,0.01,419646.84,177689.4,241957.44,386075.09,Completed
ORD-HG-14914,2024-08-17,2024-08,CUST-1160,PROD-121,EMP-1009,REG-01,Enterprise Partner,40,39743.96,0.03,1542065.65,689415.85,852649.8,1418700.4,Completed
ORD-HG-14915,2024-08-17,2024-08,CUST-1027,PROD-121,EMP-1041,REG-02,Enterprise Partner,35,25952.62,0.04,872008.03,424268.87,447739.16,802247.39,Completed
ORD-HG-14916,2024-08-17,2024-08,CUST-1205,PROD-107,EMP-1004,REG-04,Direct Online,12,11047.95,0.04,127272.38,58897.46,68374.92,117090.59,Completed
ORD-HG-14917,2024-08-17,2024-08,CUST-1045,PROD-124,EMP-1006,REG-03,Enterprise Partner,22,14011.23,0.02,302082.12,134312.32,167769.8,277915.55,Completed
ORD-HG-14918,2024-08-18,2024-08,CUST-1464,PROD-109,EMP-1037,REG-02,Retail Store,24,23699.44,0.03,551722.96,289532.64,262190.32,507585.12,Completed
ORD-HG-14919,2024-08-18,2024-08,CUST-1419,PROD-113,EMP-1013,REG-02,Direct Online,15,11210.24,0.0,168153.6,71965.54,96188.06,154701.31,Completed
ORD-HG-14920,2024-08-18,2024-08,CUST-1160,PROD-110,EMP-1034,REG-02,Retail Store,30,6743.62,0.05,192193.17,87271.3,104921.87,176817.72,Completed
ORD-HG-14921,2024-08-18,2024-08,CUST-1449,PROD-113,EMP-1039,REG-02,Enterprise Partner,21,15049.33,0.01,312875.57,144885.45,167990.12,287845.52,Completed
ORD-HG-14922,2024-08-18,2024-08,CUST-1409,PROD-117,EMP-1038,REG-01,Retail Store,35,39201.98,0.03,1330907.22,561913.0,768994.22,1224434.64,Completed
ORD-HG-14923,2024-08-18,2024-08,CUST-1141,PROD-116,EMP-1020,REG-03,Field Sales,32,26120.13,0.01,827485.72,368941.47,458544.25,761286.86,Completed
ORD-HG-14924,2024-08-18,2024-08,CUST-1297,PROD-104,EMP-1024,REG-02,Enterprise Partner,16,6792.81,0.05,103250.71,47718.4,55532.31,94990.65,Completed
ORD-HG-14925,2024-08-18,2024-08,CUST-1427,PROD-112,EMP-1019,REG-01,Direct Online,32,44070.85,0.02,1382061.86,578507.59,803554.27,1271496.91,Completed
ORD-HG-14926,2024-08-18,2024-08,CUST-1459,PROD-110,EMP-1004,REG-01,Direct Online,7,14351.05,0.03,97443.63,39025.99,58417.64,89648.14,Completed
ORD-HG-14927,2024-08-19,2024-08,CUST-1404,PROD-110,EMP-1047,REG-03,Retail Store,38,29175.14,0.04,1064309.11,581538.05,482771.06,979164.38,Completed
ORD-HG-14928,2024-08-19,2024-08,CUST-1364,PROD-116,EMP-1025,REG-02,Direct Online,9,38013.26,0.03,331855.76,143090.08,188765.68,305307.3,Completed
ORD-HG-14929,2024-08-19,2024-08,CUST-1101,PROD-108,EMP-1042,REG-04,Retail Store,18,13142.34,0.02,231830.88,94951.1,136879.78,213284.41,Completed
ORD-HG-14930,2024-08-19,2024-08,CUST-1209,PROD-107,EMP-1018,REG-05,Field Sales,29,21811.7,0.02,619888.51,304823.57,315064.94,570297.43,Completed
ORD-HG-14931,2024-08-19,2024-08,CUST-1425,PROD-118,EMP-1017,REG-03,Direct Online,40,21304.81,0.0,852192.4,372352.59,479839.81,784017.01,Completed
ORD-HG-14932,2024-08-19,2024-08,CUST-1280,PROD-104,EMP-1015,REG-02,Retail Store,41,24076.65,0.03,957528.37,394906.9,562621.47,880926.1,Completed
ORD-HG-14933,2024-08-19,2024-08,CUST-1311,PROD-114,EMP-1015,REG-05,Direct Online,33,37282.56,0.04,1181111.5,483275.88,697835.62,1086622.58,Completed
ORD-HG-14934,2024-08-19,2024-08,CUST-1118,PROD-121,EMP-1031,REG-01,Retail Store,14,23451.87,0.03,318476.39,146083.74,172392.65,292998.28,Completed
ORD-HG-14935,2024-08-19,2024-08,CUST-1457,PROD-104,EMP-1034,REG-03,Direct Online,24,27627.38,0.04,636534.84,261673.58,374861.26,585612.05,Completed
ORD-HG-14936,2024-08-20,2024-08,CUST-1411,PROD-116,EMP-1011,REG-05,Field Sales,15,34450.7,0.04,496090.08,232289.93,263800.15,456402.87,Completed
ORD-HG-14937,2024-08-20,2024-08,CUST-1409,PROD-107,EMP-1014,REG-05,Direct Online,44,28266.89,0.01,1231305.73,570983.31,660322.42,1132801.27,Completed
ORD-HG-14938,2024-08-21,2024-08,CUST-1435,PROD-102,EMP-1046,REG-01,Direct Online,14,18312.42,0.02,251246.4,110109.81,141136.59,231146.69,Completed
ORD-HG-14939,2024-08-21,2024-08,CUST-1348,PROD-104,EMP-1033,REG-01,Enterprise Partner,44,43252.64,0.03,1846022.68,884402.12,961620.56,1698340.87,Completed
ORD-HG-14940,2024-08-21,2024-08,CUST-1089,PROD-115,EMP-1019,REG-05,Enterprise Partner,22,42737.35,0.04,902612.83,386424.13,516188.7,830403.8,Completed
ORD-HG-14941,2024-08-21,2024-08,CUST-1411,PROD-120,EMP-1002,REG-04,Enterprise Partner,8,16420.19,0.03,127420.67,56737.17,70683.5,117227.02,Completed
ORD-HG-14942,2024-08-21,2024-08,CUST-1185,PROD-117,EMP-1026,REG-01,Field Sales,35,21815.78,0.04,733010.21,343246.86,389763.35,674369.39,Completed
ORD-HG-14943,2024-08-21,2024-08,CUST-1035,PROD-103,EMP-1028,REG-02,Retail Store,7,37366.84,0.02,256336.52,124864.47,131472.05,235829.6,Completed
ORD-HG-14944,2024-08-21,2024-08,CUST-1434,PROD-101,EMP-1004,REG-04,Field Sales,8,31105.11,0.04,238887.24,105751.49,133135.75,219776.26,Completed
ORD-HG-14945,2024-08-22,2024-08,CUST-1021,PROD-108,EMP-1045,REG-03,Field Sales,14,16998.67,0.02,233221.75,97353.07,135868.68,214564.01,Completed
ORD-HG-14946,2024-08-22,2024-08,CUST-1163,PROD-114,EMP-1035,REG-04,Enterprise Partner,26,8578.87,0.03,216359.1,99282.98,117076.12,199050.37,Completed
ORD-HG-14947,2024-08-22,2024-08,CUST-1361,PROD-120,EMP-1004,REG-05,Direct Online,7,17800.57,0.04,119619.83,50911.84,68707.99,110050.24,Completed
ORD-HG-14948,2024-08-22,2024-08,CUST-1083,PROD-121,EMP-1036,REG-04,Enterprise Partner,5,44958.55,0.02,220296.9,89832.61,130464.29,202673.15,Completed
ORD-HG-14949,2024-08-22,2024-08,CUST-1356,PROD-112,EMP-1049,REG-04,Field Sales,5,33815.53,0.03,164005.32,72000.87,92004.45,150884.89,Completed
ORD-HG-14950,2024-08-22,2024-08,CUST-1197,PROD-110,EMP-1041,REG-02,Retail Store,6,41006.38,0.03,238657.13,109107.55,129549.58,219564.56,Completed
ORD-HG-14951,2024-08-22,2024-08,CUST-1242,PROD-119,EMP-1010,REG-01,Retail Store,11,18836.53,0.05,196841.74,89728.42,107113.32,181094.4,Completed
ORD-HG-14952,2024-08-22,2024-08,CUST-1259,PROD-103,EMP-1021,REG-05,Retail Store,43,16459.17,0.04,679434.54,280728.21,398706.33,625079.78,Completed
ORD-HG-14953,2024-08-22,2024-08,CUST-1331,PROD-115,EMP-1029,REG-04,Retail Store,41,15053.98,0.03,598696.78,273572.35,325124.43,550801.04,Completed
ORD-HG-14954,2024-08-22,2024-08,CUST-1276,PROD-122,EMP-1026,REG-02,Enterprise Partner,35,17636.83,0.01,611116.16,327860.19,283255.97,562226.87,Completed
ORD-HG-14955,2024-08-22,2024-08,CUST-1240,PROD-107,EMP-1015,REG-04,Field Sales,13,35468.85,0.02,451873.15,210638.44,241234.71,415723.3,Completed
ORD-HG-14956,2024-08-23,2024-08,CUST-1357,PROD-107,EMP-1003,REG-01,Enterprise Partner,26,18266.12,0.04,455922.36,217067.27,238855.09,419448.57,Completed
ORD-HG-14957,2024-08-23,2024-08,CUST-1012,PROD-115,EMP-1029,REG-01,Retail Store,31,7269.89,0.01,223112.92,116667.04,106445.88,205263.89,Completed
ORD-HG-14958,2024-08-23,2024-08,CUST-1431,PROD-101,EMP-1044,REG-04,Field Sales,9,15443.27,0.03,134819.75,54199.68,80620.07,124034.17,Completed
ORD-HG-14959,2024-08-23,2024-08,CUST-1288,PROD-111,EMP-1036,REG-03,Field Sales,6,8553.28,0.0,51319.68,23922.66,27397.02,47214.11,Completed
ORD-HG-14960,2024-08-24,2024-08,CUST-1267,PROD-111,EMP-1031,REG-04,Field Sales,14,17444.69,0.03,236898.89,129089.44,107809.45,217946.98,Completed
ORD-HG-14961,2024-08-24,2024-08,CUST-1130,PROD-115,EMP-1039,REG-01,Enterprise Partner,28,23668.0,0.05,629568.8,255519.53,374049.27,579203.3,Completed
ORD-HG-14962,2024-08-24,2024-08,CUST-1169,PROD-102,EMP-1024,REG-02,Retail Store,35,27635.39,0.05,918876.72,444487.73,474388.99,845366.58,Completed
ORD-HG-14963,2024-08-24,2024-08,CUST-1353,PROD-116,EMP-1033,REG-01,Direct Online,34,17675.3,0.01,594950.6,239938.64,355011.96,547354.55,Completed
ORD-HG-14964,2024-08-24,2024-08,CUST-1097,PROD-114,EMP-1007,REG-02,Enterprise Partner,30,9586.92,0.03,278979.37,132570.66,146408.71,256661.02,Completed
ORD-HG-14965,2024-08-25,2024-08,CUST-1486,PROD-123,EMP-1034,REG-05,Retail Store,16,42286.95,0.04,649527.55,292854.68,356672.87,597565.35,Completed
ORD-HG-14966,2024-08-25,2024-08,CUST-1096,PROD-114,EMP-1031,REG-02,Direct Online,43,34668.75,0.01,1475848.69,807558.0,668290.69,1357780.79,Completed
ORD-HG-14967,2024-08-25,2024-08,CUST-1246,PROD-108,EMP-1040,REG-03,Enterprise Partner,8,40657.89,0.01,322010.49,162872.61,159137.88,296249.65,Completed
ORD-HG-14968,2024-08-25,2024-08,CUST-1053,PROD-122,EMP-1034,REG-05,Field Sales,40,8238.94,0.05,313079.72,170406.58,142673.14,288033.34,Completed
ORD-HG-14969,2024-08-25,2024-08,CUST-1075,PROD-120,EMP-1007,REG-05,Enterprise Partner,12,7054.9,0.02,82965.62,45346.45,37619.17,76328.37,Completed
ORD-HG-14970,2024-08-26,2024-08,CUST-1325,PROD-109,EMP-1005,REG-01,Retail Store,13,11372.7,0.01,146366.65,73777.86,72588.79,134657.32,Completed
ORD-HG-14971,2024-08-26,2024-08,CUST-1148,PROD-122,EMP-1011,REG-05,Direct Online,31,44044.94,0.03,1324431.35,679398.04,645033.31,1218476.84,Completed
ORD-HG-14972,2024-08-26,2024-08,CUST-1146,PROD-124,EMP-1001,REG-04,Retail Store,25,25085.65,0.02,614598.43,281621.49,332976.94,565430.56,Completed
ORD-HG-14973,2024-08-26,2024-08,CUST-1234,PROD-112,EMP-1034,REG-04,Retail Store,15,9771.05,0.01,145100.09,63002.47,82097.62,133492.08,Completed
ORD-HG-14974,2024-08-26,2024-08,CUST-1492,PROD-117,EMP-1029,REG-05,Retail Store,44,9628.89,0.01,419434.45,216258.45,203176.0,385879.69,Completed
ORD-HG-14975,2024-08-27,2024-08,CUST-1497,PROD-120,EMP-1016,REG-02,Field Sales,42,33128.47,0.04,1335739.91,628816.56,706923.35,1228880.72,Completed
ORD-HG-14976,2024-08-27,2024-08,CUST-1092,PROD-102,EMP-1010,REG-01,Field Sales,20,7633.09,0.0,152661.8,70353.55,82308.25,140448.86,Completed
ORD-HG-14977,2024-08-27,2024-08,CUST-1230,PROD-106,EMP-1006,REG-04,Enterprise Partner,40,43945.32,0.0,1757812.8,961032.64,796780.16,1617187.78,Completed
ORD-HG-14978,2024-08-27,2024-08,CUST-1447,PROD-108,EMP-1017,REG-01,Field Sales,30,38492.88,0.03,1120142.81,455157.06,664985.75,1030531.39,Completed
ORD-HG-14979,2024-08-27,2024-08,CUST-1211,PROD-120,EMP-1001,REG-03,Enterprise Partner,19,24601.82,0.0,467434.58,235855.2,231579.38,430039.81,Completed
ORD-HG-14980,2024-08-27,2024-08,CUST-1126,PROD-123,EMP-1025,REG-02,Field Sales,32,21016.19,0.03,652342.54,336025.49,316317.05,600155.14,Completed
ORD-HG-14981,2024-08-28,2024-08,CUST-1320,PROD-115,EMP-1021,REG-04,Direct Online,14,26653.16,0.01,369412.8,167101.07,202311.73,339859.78,Completed
ORD-HG-14982,2024-08-28,2024-08,CUST-1263,PROD-113,EMP-1027,REG-03,Retail Store,32,10454.47,0.02,327852.18,158284.5,169567.68,301624.01,Completed
ORD-HG-14983,2024-08-28,2024-08,CUST-1008,PROD-123,EMP-1007,REG-01,Direct Online,34,12143.98,0.02,404637.41,188409.0,216228.41,372266.42,Completed
ORD-HG-14984,2024-08-28,2024-08,CUST-1372,PROD-120,EMP-1017,REG-04,Field Sales,22,38436.36,0.03,820231.92,443318.74,376913.18,754613.37,Completed
ORD-HG-14985,2024-08-28,2024-08,CUST-1096,PROD-118,EMP-1044,REG-04,Direct Online,13,36091.8,0.01,464501.47,247461.88,217039.59,427341.35,Completed
ORD-HG-14986,2024-08-28,2024-08,CUST-1255,PROD-121,EMP-1033,REG-05,Field Sales,29,12939.52,0.0,375246.08,182489.36,192756.72,345226.39,Completed
ORD-HG-14987,2024-08-28,2024-08,CUST-1014,PROD-117,EMP-1014,REG-03,Retail Store,5,12068.68,0.03,58533.1,27330.55,31202.55,53850.45,Completed
ORD-HG-14988,2024-08-28,2024-08,CUST-1032,PROD-103,EMP-1016,REG-01,Enterprise Partner,31,27540.4,0.04,819602.3,384443.99,435158.31,754034.12,Completed
ORD-HG-14989,2024-08-28,2024-08,CUST-1355,PROD-103,EMP-1006,REG-01,Retail Store,40,29622.28,0.01,1173042.29,638772.31,534269.98,1079198.91,Completed
ORD-HG-14990,2024-08-28,2024-08,CUST-1034,PROD-114,EMP-1044,REG-04,Field Sales,17,26575.54,0.05,429194.97,218103.42,211091.55,394859.37,Completed
ORD-HG-14991,2024-08-29,2024-08,CUST-1456,PROD-122,EMP-1020,REG-05,Retail Store,23,43959.25,0.04,970620.24,391250.42,579369.82,892970.62,Completed
ORD-HG-14992,2024-08-29,2024-08,CUST-1218,PROD-102,EMP-1005,REG-02,Enterprise Partner,28,44382.99,0.04,1193014.77,645177.17,547837.6,1097573.59,Completed
ORD-HG-14993,2024-08-29,2024-08,CUST-1062,PROD-104,EMP-1036,REG-02,Direct Online,12,5321.59,0.02,62581.9,30303.32,32278.58,57575.35,Completed
ORD-HG-14994,2024-08-29,2024-08,CUST-1088,PROD-117,EMP-1011,REG-02,Direct Online,41,31997.33,0.01,1298771.62,666665.84,632105.78,1194869.89,Completed
ORD-HG-14995,2024-08-29,2024-08,CUST-1142,PROD-122,EMP-1002,REG-03,Field Sales,5,11944.57,0.04,57333.94,27969.8,29364.14,52747.22,Completed
ORD-HG-14996,2024-08-29,2024-08,CUST-1346,PROD-103,EMP-1025,REG-04,Field Sales,40,27443.13,0.02,1075770.7,443174.4,632596.3,989709.04,Completed
ORD-HG-14997,2024-08-29,2024-08,CUST-1397,PROD-107,EMP-1009,REG-03,Enterprise Partner,12,36100.28,0.04,415875.23,198069.62,217805.61,382605.21,Completed
ORD-HG-14998,2024-08-30,2024-08,CUST-1302,PROD-112,EMP-1043,REG-04,Direct Online,7,27199.44,0.05,180876.28,97177.39,83698.89,166406.18,Completed
ORD-HG-14999,2024-08-31,2024-08,CUST-1203,PROD-120,EMP-1014,REG-03,Direct Online,26,20429.56,0.0,531168.56,225356.8,305811.76,488675.08,Completed
ORD-HG-15000,2024-08-31,2024-08,CUST-1264,PROD-119,EMP-1028,REG-02,Field Sales,40,9536.97,0.02,373849.22,165353.23,208495.99,343941.28,Completed
ORD-HG-15001,2024-08-31,2024-08,CUST-1249,PROD-110,EMP-1003,REG-01,Enterprise Partner,40,32962.26,0.02,1292120.59,518715.34,773405.25,1188750.94,Completed
ORD-HG-15002,2024-08-31,2024-08,CUST-1014,PROD-117,EMP-1005,REG-02,Direct Online,39,40521.96,0.0,1580356.44,733599.37,846757.07,1453927.92,Completed
ORD-HG-15003,2024-08-31,2024-08,CUST-1353,PROD-120,EMP-1031,REG-01,Retail Store,6,28884.47,0.05,164641.48,89482.08,75159.4,151470.16,Completed
ORD-HG-15004,2024-09-01,2024-09,CUST-1005,PROD-108,EMP-1007,REG-03,Direct Online,22,36873.54,0.01,803105.7,346144.16,456961.54,738857.24,Completed
ORD-HG-15005,2024-09-01,2024-09,CUST-1013,PROD-115,EMP-1021,REG-02,Field Sales,39,36138.99,0.04,1353043.79,688954.56,664089.23,1244800.29,Completed
ORD-HG-15006,2024-09-01,2024-09,CUST-1079,PROD-109,EMP-1035,REG-03,Direct Online,44,11351.69,0.01,494479.62,269510.05,224969.57,454921.25,Completed
ORD-HG-15007,2024-09-01,2024-09,CUST-1047,PROD-124,EMP-1010,REG-03,Field Sales,13,13369.07,0.01,172059.93,72338.71,99721.22,158295.14,Completed
ORD-HG-15008,2024-09-01,2024-09,CUST-1193,PROD-105,EMP-1025,REG-04,Field Sales,30,34950.16,0.01,1038019.75,463826.78,574192.97,954978.17,Completed
ORD-HG-15009,2024-09-02,2024-09,CUST-1081,PROD-116,EMP-1002,REG-01,Retail Store,13,30578.93,0.02,389575.57,156958.87,232616.7,358409.52,Completed
ORD-HG-15010,2024-09-02,2024-09,CUST-1105,PROD-102,EMP-1047,REG-01,Field Sales,40,42554.39,0.02,1668132.09,773804.38,894327.71,1534681.52,Completed
ORD-HG-15011,2024-09-02,2024-09,CUST-1224,PROD-106,EMP-1030,REG-04,Enterprise Partner,22,21952.19,0.01,478118.7,260707.5,217411.2,439869.2,Completed
ORD-HG-15012,2024-09-02,2024-09,CUST-1375,PROD-116,EMP-1045,REG-05,Retail Store,28,35503.11,0.0,994087.08,424751.14,569335.94,914560.11,Completed
ORD-HG-15013,2024-09-02,2024-09,CUST-1260,PROD-121,EMP-1003,REG-01,Retail Store,6,28716.7,0.02,168854.2,73121.27,95732.93,155345.86,Completed
ORD-HG-15014,2024-09-02,2024-09,CUST-1091,PROD-102,EMP-1006,REG-04,Direct Online,10,31100.5,0.02,304784.9,165590.45,139194.45,280402.11,Completed
ORD-HG-15015,2024-09-02,2024-09,CUST-1059,PROD-102,EMP-1012,REG-02,Field Sales,22,7707.61,0.04,162784.72,77073.86,85710.86,149761.94,Completed
ORD-HG-15016,2024-09-03,2024-09,CUST-1335,PROD-108,EMP-1018,REG-02,Enterprise Partner,17,20673.43,0.01,347933.83,188239.48,159694.35,320099.12,Completed
ORD-HG-15017,2024-09-03,2024-09,CUST-1374,PROD-111,EMP-1043,REG-02,Retail Store,38,36052.84,0.03,1328907.68,630981.67,697926.01,1222595.07,Completed
ORD-HG-15018,2024-09-03,2024-09,CUST-1016,PROD-107,EMP-1039,REG-05,Retail Store,24,13257.92,0.04,305462.48,152872.97,152589.51,281025.48,Completed
ORD-HG-15019,2024-09-03,2024-09,CUST-1298,PROD-103,EMP-1044,REG-04,Retail Store,8,40572.33,0.02,318087.07,145499.64,172587.43,292640.1,Completed
ORD-HG-15020,2024-09-03,2024-09,CUST-1484,PROD-104,EMP-1004,REG-02,Retail Store,8,19054.71,0.01,150913.3,72917.01,77996.29,138840.24,Completed
ORD-HG-15021,2024-09-03,2024-09,CUST-1221,PROD-123,EMP-1035,REG-02,Enterprise Partner,19,28083.32,0.04,512239.76,244001.74,268238.02,471260.58,Completed
ORD-HG-15022,2024-09-03,2024-09,CUST-1022,PROD-120,EMP-1001,REG-01,Direct Online,15,27773.5,0.02,408270.45,196005.51,212264.94,375608.81,Completed
ORD-HG-15023,2024-09-03,2024-09,CUST-1344,PROD-121,EMP-1033,REG-01,Direct Online,23,34665.9,0.02,781369.39,400058.21,381311.18,718859.84,Completed
ORD-HG-15024,2024-09-03,2024-09,CUST-1414,PROD-103,EMP-1035,REG-04,Field Sales,6,43496.96,0.02,255762.12,132136.12,123626.0,235301.15,Completed
ORD-HG-15025,2024-09-04,2024-09,CUST-1053,PROD-109,EMP-1024,REG-04,Enterprise Partner,39,41572.69,0.01,1605121.56,692460.79,912660.77,1476711.84,Completed
ORD-HG-15026,2024-09-04,2024-09,CUST-1457,PROD-120,EMP-1025,REG-02,Field Sales,5,44275.04,0.03,214733.94,116305.01,98428.93,197555.22,Completed
ORD-HG-15027,2024-09-04,2024-09,CUST-1231,PROD-110,EMP-1040,REG-01,Enterprise Partner,42,21997.28,0.01,914646.9,452190.08,462456.82,841475.15,Completed
ORD-HG-15028,2024-09-04,2024-09,CUST-1296,PROD-107,EMP-1006,REG-04,Retail Store,18,39562.6,0.01,705005.53,380096.79,324908.74,648605.09,Completed
ORD-HG-15029,2024-09-04,2024-09,CUST-1384,PROD-119,EMP-1046,REG-02,Direct Online,31,19826.9,0.05,583902.2,293697.11,290205.09,537190.02,Completed
ORD-HG-15030,2024-09-04,2024-09,CUST-1184,PROD-123,EMP-1033,REG-03,Retail Store,43,21824.6,0.03,910304.07,460454.05,449850.02,837479.74,Completed
ORD-HG-15031,2024-09-04,2024-09,CUST-1097,PROD-117,EMP-1005,REG-05,Enterprise Partner,25,26938.12,0.04,646514.88,298024.52,348490.36,594793.69,Completed
ORD-HG-15032,2024-09-04,2024-09,CUST-1355,PROD-117,EMP-1034,REG-03,Enterprise Partner,25,36918.87,0.04,886052.88,403819.7,482233.18,815168.65,Completed
ORD-HG-15033,2024-09-05,2024-09,CUST-1308,PROD-101,EMP-1034,REG-04,Enterprise Partner,22,33739.0,0.02,727412.84,386371.45,341041.39,669219.81,Completed
ORD-HG-15034,2024-09-05,2024-09,CUST-1301,PROD-115,EMP-1021,REG-04,Field Sales,26,18907.83,0.0,491603.58,263878.81,227724.77,452275.29,Completed
ORD-HG-15035,2024-09-05,2024-09,CUST-1362,PROD-118,EMP-1030,REG-03,Direct Online,18,19891.84,0.03,347311.53,178439.79,168871.74,319526.61,Completed
ORD-HG-15036,2024-09-05,2024-09,CUST-1410,PROD-122,EMP-1039,REG-05,Retail Store,22,19587.29,0.03,417992.77,222324.72,195668.05,384553.35,Completed
ORD-HG-15037,2024-09-05,2024-09,CUST-1004,PROD-123,EMP-1001,REG-01,Direct Online,39,21922.49,0.04,820778.03,358365.55,462412.48,755115.79,Completed
ORD-HG-15038,2024-09-05,2024-09,CUST-1326,PROD-115,EMP-1034,REG-03,Direct Online,43,28689.84,0.01,1221326.49,539112.41,682214.08,1123620.37,Completed
ORD-HG-15039,2024-09-05,2024-09,CUST-1370,PROD-117,EMP-1035,REG-02,Enterprise Partner,41,9832.97,0.04,387025.7,170302.22,216723.48,356063.64,Completed
ORD-HG-15040,2024-09-05,2024-09,CUST-1443,PROD-103,EMP-1021,REG-03,Enterprise Partner,12,28513.17,0.03,331893.3,166078.25,165815.05,305341.84,Completed
ORD-HG-15041,2024-09-05,2024-09,CUST-1415,PROD-120,EMP-1046,REG-01,Enterprise Partner,27,25728.88,0.04,666892.57,321150.59,345741.98,613541.16,Completed
ORD-HG-15042,2024-09-06,2024-09,CUST-1425,PROD-110,EMP-1018,REG-04,Retail Store,31,38229.84,0.04,1137720.04,562615.3,575104.74,1046702.44,Completed
ORD-HG-15043,2024-09-06,2024-09,CUST-1499,PROD-114,EMP-1048,REG-04,Field Sales,14,13116.35,0.04,176283.74,90657.02,85626.72,162181.04,Completed
ORD-HG-15044,2024-09-06,2024-09,CUST-1072,PROD-107,EMP-1046,REG-05,Retail Store,37,9443.17,0.01,345903.32,181551.89,164351.43,318231.05,Completed
ORD-HG-15045,2024-09-06,2024-09,CUST-1489,PROD-110,EMP-1032,REG-04,Direct Online,10,33187.74,0.04,318602.3,137979.78,180622.52,293114.12,Completed
ORD-HG-15046,2024-09-07,2024-09,CUST-1121,PROD-120,EMP-1005,REG-01,Retail Store,20,33213.22,0.01,657621.76,352162.22,305459.54,605012.02,Completed
ORD-HG-15047,2024-09-07,2024-09,CUST-1210,PROD-110,EMP-1048,REG-03,Retail Store,22,8667.13,0.01,188770.09,100760.36,88009.73,173668.48,Completed
ORD-HG-15048,2024-09-07,2024-09,CUST-1112,PROD-119,EMP-1006,REG-04,Direct Online,20,24422.0,0.01,483555.6,255056.83,228498.77,444871.15,Completed
ORD-HG-15049,2024-09-07,2024-09,CUST-1123,PROD-113,EMP-1047,REG-04,Field Sales,16,24349.85,0.02,381805.65,190752.54,191053.11,351261.2,Completed
ORD-HG-15050,2024-09-07,2024-09,CUST-1373,PROD-103,EMP-1007,REG-05,Field Sales,11,12616.11,0.04,133226.12,65806.9,67419.22,122568.03,Completed
ORD-HG-15051,2024-09-07,2024-09,CUST-1114,PROD-120,EMP-1033,REG-05,Field Sales,25,38662.42,0.03,937563.68,508432.49,429131.19,862558.59,Completed
ORD-HG-15052,2024-09-07,2024-09,CUST-1410,PROD-121,EMP-1044,REG-04,Field Sales,34,25801.78,0.02,859715.31,430376.16,429339.15,790938.09,Completed
ORD-HG-15053,2024-09-07,2024-09,CUST-1417,PROD-117,EMP-1038,REG-03,Enterprise Partner,27,33750.41,0.01,902148.46,402635.75,499512.71,829976.58,Completed
ORD-HG-15054,2024-09-07,2024-09,CUST-1454,PROD-105,EMP-1031,REG-03,Retail Store,38,36016.22,0.03,1327557.87,676241.6,651316.27,1221353.24,Completed
ORD-HG-15055,2024-09-07,2024-09,CUST-1488,PROD-104,EMP-1042,REG-03,Direct Online,16,10325.41,0.02,161902.43,67725.91,94176.52,148950.24,Completed
ORD-HG-15056,2024-09-07,2024-09,CUST-1359,PROD-105,EMP-1037,REG-02,Retail Store,14,36489.29,0.02,500633.06,211477.9,289155.16,460582.42,Completed
ORD-HG-15057,2024-09-07,2024-09,CUST-1017,PROD-102,EMP-1022,REG-04,Field Sales,40,43534.83,0.05,1654323.54,706033.94,948289.6,1521977.66,Completed
ORD-HG-15058,2024-09-07,2024-09,CUST-1054,PROD-105,EMP-1019,REG-03,Retail Store,16,23363.58,0.05,355126.42,151160.2,203966.22,326716.31,Completed
ORD-HG-15059,2024-09-08,2024-09,CUST-1378,PROD-113,EMP-1002,REG-01,Direct Online,22,14090.16,0.04,297584.18,159325.93,138258.25,273777.45,Completed
ORD-HG-15060,2024-09-08,2024-09,CUST-1472,PROD-113,EMP-1014,REG-03,Enterprise Partner,10,11768.26,0.04,112975.3,47434.56,65540.74,103937.28,Completed
ORD-HG-15061,2024-09-08,2024-09,CUST-1108,PROD-116,EMP-1016,REG-05,Retail Store,44,35366.59,0.01,1540568.66,837377.05,703191.61,1417323.17,Completed
ORD-HG-15062,2024-09-08,2024-09,CUST-1033,PROD-120,EMP-1030,REG-03,Enterprise Partner,13,40205.64,0.01,517446.59,266206.78,251239.81,476050.86,Completed
ORD-HG-15063,2024-09-08,2024-09,CUST-1436,PROD-112,EMP-1037,REG-05,Direct Online,36,19965.51,0.04,690008.03,336692.74,353315.29,634807.39,Completed
ORD-HG-15064,2024-09-08,2024-09,CUST-1394,PROD-114,EMP-1002,REG-05,Field Sales,6,37784.42,0.0,226706.52,107263.48,119443.04,208570.0,Completed
ORD-HG-15065,2024-09-09,2024-09,CUST-1060,PROD-113,EMP-1001,REG-04,Direct Online,40,22071.06,0.01,874013.98,461187.31,412826.67,804092.86,Completed
ORD-HG-15066,2024-09-09,2024-09,CUST-1010,PROD-106,EMP-1038,REG-01,Direct Online,13,8431.61,0.04,105226.49,55887.94,49338.55,96808.37,Completed
ORD-HG-15067,2024-09-09,2024-09,CUST-1477,PROD-113,EMP-1045,REG-03,Enterprise Partner,6,29650.54,0.01,176124.21,74198.09,101926.12,162034.27,Completed
ORD-HG-15068,2024-09-09,2024-09,CUST-1235,PROD-123,EMP-1019,REG-05,Enterprise Partner,30,24207.61,0.04,697179.17,340833.53,356345.64,641404.84,Completed
ORD-HG-15069,2024-09-09,2024-09,CUST-1016,PROD-121,EMP-1014,REG-02,Field Sales,42,34993.01,0.01,1455009.36,755602.63,699406.73,1338608.61,Completed
ORD-HG-15070,2024-09-09,2024-09,CUST-1257,PROD-123,EMP-1046,REG-01,Enterprise Partner,15,21161.29,0.04,304722.58,150375.92,154346.66,280344.77,Completed
ORD-HG-15071,2024-09-09,2024-09,CUST-1138,PROD-124,EMP-1019,REG-01,Retail Store,41,10225.53,0.01,415054.26,206308.02,208746.24,381849.92,Completed
ORD-HG-15072,2024-09-10,2024-09,CUST-1390,PROD-114,EMP-1006,REG-01,Enterprise Partner,25,36905.99,0.05,876517.26,372367.4,504149.86,806395.88,Completed
ORD-HG-15073,2024-09-10,2024-09,CUST-1318,PROD-121,EMP-1014,REG-01,Field Sales,7,5666.6,0.03,38476.21,18702.5,19773.71,35398.11,Completed
ORD-HG-15074,2024-09-10,2024-09,CUST-1045,PROD-108,EMP-1020,REG-03,Retail Store,31,11092.86,0.04,330123.51,156481.02,173642.49,303713.63,Completed
ORD-HG-15075,2024-09-10,2024-09,CUST-1329,PROD-118,EMP-1047,REG-05,Direct Online,23,8294.06,0.02,186948.11,86913.02,100035.09,171992.26,Completed
ORD-HG-15076,2024-09-10,2024-09,CUST-1142,PROD-118,EMP-1022,REG-03,Retail Store,19,27329.86,0.03,503689.32,271886.76,231802.56,463394.17,Completed
ORD-HG-15077,2024-09-10,2024-09,CUST-1379,PROD-123,EMP-1005,REG-04,Field Sales,44,22355.39,0.04,944291.67,448324.03,495967.64,868748.34,Completed
ORD-HG-15078,2024-09-10,2024-09,CUST-1022,PROD-109,EMP-1025,REG-05,Enterprise Partner,14,38273.84,0.04,514400.41,208789.24,305611.17,473248.38,Completed
ORD-HG-15079,2024-09-10,2024-09,CUST-1277,PROD-111,EMP-1042,REG-02,Retail Store,10,39253.09,0.03,380754.97,196287.0,184467.97,350294.57,Completed
ORD-HG-15080,2024-09-11,2024-09,CUST-1390,PROD-118,EMP-1001,REG-05,Field Sales,22,24464.36,0.04,516687.28,258843.09,257844.19,475352.3,Completed
ORD-HG-15081,2024-09-11,2024-09,CUST-1059,PROD-102,EMP-1042,REG-03,Enterprise Partner,10,35626.84,0.05,338454.98,144168.72,194286.26,311378.58,Completed
ORD-HG-15082,2024-09-11,2024-09,CUST-1206,PROD-114,EMP-1044,REG-02,Enterprise Partner,20,5158.83,0.01,102144.83,46253.56,55891.27,93973.24,Completed
ORD-HG-15083,2024-09-11,2024-09,CUST-1229,PROD-109,EMP-1037,REG-05,Enterprise Partner,20,44072.47,0.03,855005.92,424059.08,430946.84,786605.45,Completed
ORD-HG-15084,2024-09-11,2024-09,CUST-1141,PROD-118,EMP-1046,REG-02,Direct Online,23,5079.59,0.0,116830.57,49343.24,67487.33,107484.12,Completed
ORD-HG-15085,2024-09-11,2024-09,CUST-1459,PROD-117,EMP-1015,REG-02,Field Sales,15,37170.49,0.02,546406.2,285155.2,261251.0,502693.7,Completed
ORD-HG-15086,2024-09-11,2024-09,CUST-1259,PROD-118,EMP-1001,REG-05,Field Sales,30,27039.33,0.02,794956.3,362419.57,432536.73,731359.8,Completed
ORD-HG-15087,2024-09-11,2024-09,CUST-1441,PROD-121,EMP-1017,REG-03,Enterprise Partner,5,32048.04,0.02,157035.4,81383.35,75652.05,144472.57,Completed
ORD-HG-15088,2024-09-11,2024-09,CUST-1123,PROD-116,EMP-1001,REG-05,Direct Online,24,36910.65,0.02,868138.49,360659.06,507479.43,798687.41,Completed
ORD-HG-15089,2024-09-11,2024-09,CUST-1273,PROD-106,EMP-1029,REG-04,Retail Store,11,25459.37,0.02,274452.01,149160.33,125291.68,252495.85,Completed
ORD-HG-15090,2024-09-11,2024-09,CUST-1186,PROD-109,EMP-1012,REG-04,Field Sales,30,32121.04,0.01,953994.89,427538.56,526456.33,877675.3,Completed
ORD-HG-15091,2024-09-12,2024-09,CUST-1332,PROD-105,EMP-1033,REG-03,Retail Store,22,12624.77,0.0,277744.94,125613.24,152131.7,255525.34,Completed
ORD-HG-15092,2024-09-12,2024-09,CUST-1118,PROD-117,EMP-1013,REG-03,Direct Online,22,28917.76,0.01,629828.81,270672.81,359156.0,579442.51,Completed
ORD-HG-15093,2024-09-12,2024-09,CUST-1302,PROD-115,EMP-1012,REG-04,Field Sales,38,31507.9,0.05,1137435.19,556820.95,580614.24,1046440.37,Completed
ORD-HG-15094,2024-09-12,2024-09,CUST-1110,PROD-102,EMP-1045,REG-02,Direct Online,16,23010.93,0.0,368174.88,156866.57,211308.31,338720.89,Completed
ORD-HG-15095,2024-09-12,2024-09,CUST-1464,PROD-104,EMP-1049,REG-03,Retail Store,33,12027.22,0.01,392929.28,178588.26,214341.02,361494.94,Completed
ORD-HG-15096,2024-09-12,2024-09,CUST-1317,PROD-112,EMP-1035,REG-01,Enterprise Partner,15,44308.4,0.03,644687.22,330854.93,313832.29,593112.24,Completed
ORD-HG-15097,2024-09-12,2024-09,CUST-1478,PROD-105,EMP-1035,REG-03,Field Sales,43,19013.53,0.01,809405.97,347030.08,462375.89,744653.49,Completed
ORD-HG-15098,2024-09-12,2024-09,CUST-1255,PROD-118,EMP-1043,REG-05,Enterprise Partner,15,29301.18,0.05,417541.82,220120.2,197421.62,384138.47,Completed
ORD-HG-15099,2024-09-12,2024-09,CUST-1047,PROD-111,EMP-1007,REG-04,Retail Store,21,43362.59,0.02,892402.1,436723.89,455678.21,821009.93,Completed
ORD-HG-15100,2024-09-12,2024-09,CUST-1465,PROD-124,EMP-1041,REG-02,Enterprise Partner,6,9960.39,0.04,57371.85,31348.8,26023.05,52782.1,Completed
ORD-HG-15101,2024-09-12,2024-09,CUST-1272,PROD-116,EMP-1034,REG-04,Retail Store,11,34333.07,0.03,366333.86,187823.21,178510.65,337027.15,Completed
ORD-HG-15102,2024-09-13,2024-09,CUST-1002,PROD-111,EMP-1018,REG-05,Enterprise Partner,42,29364.01,0.04,1183956.88,511046.95,672909.93,1089240.33,Completed
ORD-HG-15103,2024-09-13,2024-09,CUST-1441,PROD-123,EMP-1032,REG-05,Field Sales,18,25922.09,0.0,466597.62,203136.92,263460.7,429269.81,Completed
ORD-HG-15104,2024-09-13,2024-09,CUST-1390,PROD-120,EMP-1040,REG-02,Retail Store,33,28796.39,0.03,921772.44,404503.81,517268.63,848030.64,Completed
ORD-HG-15105,2024-09-13,2024-09,CUST-1062,PROD-110,EMP-1014,REG-01,Direct Online,40,40125.94,0.03,1556886.47,783458.22,773428.25,1432335.55,Completed
ORD-HG-15106,2024-09-13,2024-09,CUST-1160,PROD-115,EMP-1026,REG-01,Field Sales,39,33138.28,0.05,1227773.27,618780.35,608992.92,1129551.41,Completed
ORD-HG-15107,2024-09-13,2024-09,CUST-1320,PROD-123,EMP-1021,REG-02,Field Sales,35,21189.91,0.04,711980.98,340619.42,371361.56,655022.5,Completed
ORD-HG-15108,2024-09-13,2024-09,CUST-1010,PROD-105,EMP-1005,REG-04,Direct Online,29,39420.3,0.04,1097461.15,467907.1,629554.05,1009664.26,Completed
ORD-HG-15109,2024-09-14,2024-09,CUST-1437,PROD-102,EMP-1013,REG-05,Field Sales,28,29391.8,0.04,790051.58,416197.31,373854.27,726847.45,Completed
ORD-HG-15110,2024-09-14,2024-09,CUST-1154,PROD-114,EMP-1011,REG-05,Retail Store,29,41819.19,0.04,1164246.25,477679.9,686566.35,1071106.55,Completed
ORD-HG-15111,2024-09-14,2024-09,CUST-1268,PROD-124,EMP-1039,REG-02,Enterprise Partner,43,38072.52,0.04,1571633.63,851745.71,719887.92,1445902.94,Completed
ORD-HG-15112,2024-09-14,2024-09,CUST-1311,PROD-117,EMP-1012,REG-01,Retail Store,24,10605.7,0.04,244355.33,105763.21,138592.12,224806.9,Completed
ORD-HG-15113,2024-09-14,2024-09,CUST-1110,PROD-112,EMP-1038,REG-05,Field Sales,12,33629.25,0.03,391444.47,196366.86,195077.61,360128.91,Completed
ORD-HG-15114,2024-09-14,2024-09,CUST-1115,PROD-123,EMP-1033,REG-04,Retail Store,32,18153.7,0.05,551872.48,278652.63,273219.85,507722.68,Completed
ORD-HG-15115,2024-09-15,2024-09,CUST-1045,PROD-115,EMP-1008,REG-01,Enterprise Partner,7,24717.7,0.01,171293.66,84342.88,86950.78,157590.17,Completed
ORD-HG-15116,2024-09-15,2024-09,CUST-1302,PROD-114,EMP-1005,REG-04,Direct Online,24,12146.68,0.05,276944.3,136793.84,140150.46,254788.76,Completed
ORD-HG-15117,2024-09-15,2024-09,CUST-1314,PROD-113,EMP-1004,REG-02,Enterprise Partner,34,36735.64,0.01,1236521.64,554330.64,682191.0,1137599.91,Completed
ORD-HG-15118,2024-09-15,2024-09,CUST-1316,PROD-124,EMP-1007,REG-02,Retail Store,26,30661.25,0.02,781248.65,367471.49,413777.16,718748.76,Completed
ORD-HG-15119,2024-09-15,2024-09,CUST-1016,PROD-124,EMP-1026,REG-05,Direct Online,28,29838.86,0.01,827133.2,331180.06,495953.14,760962.54,Completed
ORD-HG-15120,2024-09-15,2024-09,CUST-1137,PROD-110,EMP-1002,REG-04,Field Sales,25,7216.46,0.01,178607.38,91695.59,86911.79,164318.79,Completed
ORD-HG-15121,2024-09-16,2024-09,CUST-1249,PROD-122,EMP-1049,REG-01,Enterprise Partner,31,34518.85,0.04,1027280.98,464052.91,563228.07,945098.5,Completed
ORD-HG-15122,2024-09-16,2024-09,CUST-1387,PROD-110,EMP-1009,REG-03,Field Sales,24,11460.35,0.01,272297.92,113754.25,158543.67,250514.09,Completed
ORD-HG-15123,2024-09-16,2024-09,CUST-1311,PROD-122,EMP-1025,REG-02,Retail Store,23,6753.16,0.01,153769.45,69227.05,84542.4,141467.89,Completed
ORD-HG-15124,2024-09-16,2024-09,CUST-1087,PROD-116,EMP-1023,REG-05,Direct Online,12,11847.73,0.03,137907.58,64203.66,73703.92,126874.97,Completed
ORD-HG-15125,2024-09-16,2024-09,CUST-1325,PROD-120,EMP-1015,REG-02,Direct Online,32,13994.51,0.01,443346.08,198790.87,244555.21,407878.39,Completed
ORD-HG-15126,2024-09-16,2024-09,CUST-1021,PROD-111,EMP-1039,REG-05,Retail Store,6,38996.56,0.01,231639.57,125224.51,106415.06,213108.4,Completed
ORD-HG-15127,2024-09-16,2024-09,CUST-1420,PROD-119,EMP-1024,REG-01,Field Sales,39,9101.22,0.02,347848.63,142693.66,205154.97,320020.74,Completed
ORD-HG-15128,2024-09-16,2024-09,CUST-1320,PROD-108,EMP-1009,REG-01,Enterprise Partner,44,26488.5,0.0,1165494.0,583492.36,582001.64,1072254.48,Completed
ORD-HG-15129,2024-09-17,2024-09,CUST-1029,PROD-112,EMP-1016,REG-02,Enterprise Partner,22,38733.2,0.03,826566.49,442739.62,383826.87,760441.17,Completed
ORD-HG-15130,2024-09-17,2024-09,CUST-1328,PROD-112,EMP-1013,REG-05,Retail Store,27,17710.16,0.04,459047.35,212057.07,246990.28,422323.56,Completed
ORD-HG-15131,2024-09-17,2024-09,CUST-1175,PROD-118,EMP-1030,REG-02,Field Sales,13,42679.49,0.03,538188.37,235159.52,303028.85,495133.3,Completed
ORD-HG-15132,2024-09-17,2024-09,CUST-1141,PROD-102,EMP-1046,REG-01,Field Sales,25,34355.86,0.01,850307.54,436824.44,413483.1,782282.94,Completed
ORD-HG-15133,2024-09-17,2024-09,CUST-1355,PROD-119,EMP-1037,REG-01,Direct Online,34,34998.93,0.03,1154264.71,611082.79,543181.92,1061923.53,Completed
ORD-HG-15134,2024-09-18,2024-09,CUST-1228,PROD-103,EMP-1003,REG-01,Enterprise Partner,5,8991.89,0.05,42711.48,19787.94,22923.54,39294.56,Completed
ORD-HG-15135,2024-09-18,2024-09,CUST-1296,PROD-115,EMP-1032,REG-05,Field Sales,5,35220.83,0.04,169059.98,87453.37,81606.61,155535.18,Completed
ORD-HG-15136,2024-09-18,2024-09,CUST-1006,PROD-110,EMP-1045,REG-05,Direct Online,12,16920.32,0.04,194922.09,79842.61,115079.48,179328.32,Completed
ORD-HG-15137,2024-09-18,2024-09,CUST-1351,PROD-111,EMP-1025,REG-01,Direct Online,37,24127.84,0.01,883802.78,378357.32,505445.46,813098.56,Completed
ORD-HG-15138,2024-09-18,2024-09,CUST-1045,PROD-117,EMP-1035,REG-03,Direct Online,6,42460.8,0.04,244574.21,112164.67,132409.54,225008.27,Completed
ORD-HG-15139,2024-09-18,2024-09,CUST-1297,PROD-113,EMP-1020,REG-02,Retail Store,28,37038.09,0.01,1026695.85,470123.23,556572.62,944560.18,Completed
ORD-HG-15140,2024-09-18,2024-09,CUST-1063,PROD-124,EMP-1034,REG-01,Field Sales,42,5650.24,0.01,234936.98,97201.64,137735.34,216142.02,Completed
ORD-HG-15141,2024-09-18,2024-09,CUST-1442,PROD-120,EMP-1001,REG-05,Retail Store,36,32767.21,0.04,1132434.78,572398.37,560036.41,1041840.0,Completed
ORD-HG-15142,2024-09-18,2024-09,CUST-1485,PROD-124,EMP-1022,REG-05,Enterprise Partner,32,41654.7,0.03,1292961.89,652546.38,640415.51,1189524.94,Completed
ORD-HG-15143,2024-09-19,2024-09,CUST-1007,PROD-107,EMP-1017,REG-04,Enterprise Partner,17,27041.53,0.04,441317.77,195978.03,245339.74,406012.35,Completed
ORD-HG-15144,2024-09-19,2024-09,CUST-1271,PROD-123,EMP-1009,REG-01,Field Sales,42,15599.82,0.03,635536.67,334594.62,300942.05,584693.74,Completed
ORD-HG-15145,2024-09-19,2024-09,CUST-1450,PROD-123,EMP-1046,REG-05,Field Sales,13,12670.05,0.01,163063.54,83192.03,79871.51,150018.46,Completed
ORD-HG-15146,2024-09-19,2024-09,CUST-1050,PROD-118,EMP-1025,REG-05,Enterprise Partner,44,7341.98,0.0,323047.12,177134.0,145913.12,297203.35,Completed
ORD-HG-15147,2024-09-19,2024-09,CUST-1187,PROD-102,EMP-1031,REG-04,Enterprise Partner,24,44361.64,0.04,1022092.19,486964.25,535127.94,940324.81,Completed
ORD-HG-15148,2024-09-19,2024-09,CUST-1260,PROD-110,EMP-1027,REG-05,Retail Store,39,14030.0,0.03,530754.9,274288.85,256466.05,488294.51,Completed
ORD-HG-15149,2024-09-19,2024-09,CUST-1250,PROD-106,EMP-1029,REG-03,Retail Store,5,12187.31,0.05,57889.72,27675.22,30214.5,53258.54,Completed
ORD-HG-15150,2024-09-19,2024-09,CUST-1280,PROD-118,EMP-1008,REG-02,Retail Store,41,40879.58,0.03,1625780.9,738210.95,887569.95,1495718.43,Completed
ORD-HG-15151,2024-09-19,2024-09,CUST-1053,PROD-110,EMP-1042,REG-04,Enterprise Partner,8,21370.68,0.02,167546.13,86823.49,80722.64,154142.44,Completed
ORD-HG-15152,2024-09-19,2024-09,CUST-1344,PROD-119,EMP-1017,REG-01,Retail Store,26,28593.53,0.03,721128.83,325760.88,395367.95,663438.52,Completed
ORD-HG-15153,2024-09-19,2024-09,CUST-1475,PROD-106,EMP-1046,REG-03,Direct Online,40,40445.63,0.02,1585468.7,747789.52,837679.18,1458631.2,Completed
ORD-HG-15154,2024-09-19,2024-09,CUST-1275,PROD-124,EMP-1037,REG-01,Field Sales,15,38928.47,0.04,560569.97,282066.12,278503.85,515724.37,Completed
ORD-HG-15155,2024-09-19,2024-09,CUST-1144,PROD-110,EMP-1002,REG-05,Field Sales,24,39329.2,0.02,925022.78,507625.84,417396.94,851020.96,Completed
ORD-HG-15156,2024-09-20,2024-09,CUST-1214,PROD-113,EMP-1002,REG-04,Direct Online,42,17380.09,0.01,722664.14,394102.3,328561.84,664851.01,Completed
ORD-HG-15157,2024-09-20,2024-09,CUST-1385,PROD-123,EMP-1048,REG-04,Direct Online,13,9283.79,0.03,117068.59,56299.54,60769.05,107703.1,Completed
ORD-HG-15158,2024-09-20,2024-09,CUST-1197,PROD-121,EMP-1025,REG-01,Retail Store,21,34505.96,0.03,702886.41,358988.38,343898.03,646655.5,Completed
ORD-HG-15159,2024-09-20,2024-09,CUST-1028,PROD-103,EMP-1015,REG-01,Retail Store,19,11716.5,0.03,215935.1,105004.36,110930.74,198660.29,Completed
ORD-HG-15160,2024-09-20,2024-09,CUST-1011,PROD-113,EMP-1042,REG-05,Retail Store,18,30050.88,0.02,530097.52,251917.72,278179.8,487689.72,Completed
ORD-HG-15161,2024-09-20,2024-09,CUST-1366,PROD-123,EMP-1004,REG-05,Direct Online,9,42884.0,0.02,378236.88,196916.52,181320.36,347977.93,Completed
ORD-HG-15162,2024-09-20,2024-09,CUST-1034,PROD-109,EMP-1027,REG-05,Direct Online,13,18296.35,0.04,228338.45,125441.51,102896.94,210071.37,Completed
ORD-HG-15163,2024-09-20,2024-09,CUST-1083,PROD-112,EMP-1048,REG-01,Field Sales,17,23403.78,0.01,393885.62,166248.98,227636.64,362374.77,Completed
ORD-HG-15164,2024-09-21,2024-09,CUST-1030,PROD-112,EMP-1033,REG-02,Retail Store,18,10127.68,0.01,180475.26,77341.86,103133.4,166037.24,Completed
ORD-HG-15165,2024-09-21,2024-09,CUST-1106,PROD-103,EMP-1021,REG-02,Enterprise Partner,26,25585.84,0.05,631970.25,334141.26,297828.99,581412.63,Completed
ORD-HG-15166,2024-09-21,2024-09,CUST-1079,PROD-107,EMP-1023,REG-04,Field Sales,24,9449.09,0.05,215439.25,117265.87,98173.38,198204.11,Completed
ORD-HG-15167,2024-09-21,2024-09,CUST-1425,PROD-124,EMP-1028,REG-03,Field Sales,28,12321.94,0.0,345014.32,162451.33,182562.99,317413.17,Completed
ORD-HG-15168,2024-09-21,2024-09,CUST-1363,PROD-105,EMP-1022,REG-02,Retail Store,25,14865.55,0.02,364205.98,166960.26,197245.72,335069.5,Completed
ORD-HG-15169,2024-09-21,2024-09,CUST-1027,PROD-106,EMP-1026,REG-05,Enterprise Partner,29,41107.8,0.03,1156362.41,613785.71,542576.7,1063853.42,Completed
ORD-HG-15170,2024-09-22,2024-09,CUST-1440,PROD-119,EMP-1038,REG-05,Direct Online,24,23610.07,0.05,538309.6,273717.4,264592.2,495244.83,Completed
ORD-HG-15171,2024-09-22,2024-09,CUST-1134,PROD-107,EMP-1005,REG-05,Enterprise Partner,12,39904.45,0.03,464487.8,212522.31,251965.49,427328.78,Completed
ORD-HG-15172,2024-09-22,2024-09,CUST-1176,PROD-105,EMP-1019,REG-01,Enterprise Partner,40,27236.92,0.01,1078582.03,456075.33,622506.7,992295.47,Completed
ORD-HG-15173,2024-09-22,2024-09,CUST-1222,PROD-109,EMP-1009,REG-04,Enterprise Partner,31,16180.63,0.02,491567.54,220194.44,271373.1,452242.14,Completed
ORD-HG-15174,2024-09-22,2024-09,CUST-1207,PROD-106,EMP-1017,REG-05,Retail Store,43,37998.19,0.03,1584904.5,795841.56,789062.94,1458112.14,Completed
ORD-HG-15175,2024-09-22,2024-09,CUST-1204,PROD-112,EMP-1027,REG-03,Direct Online,42,5158.43,0.02,212320.98,111695.49,100625.49,195335.3,Completed
ORD-HG-15176,2024-09-22,2024-09,CUST-1119,PROD-109,EMP-1004,REG-01,Direct Online,37,38232.43,0.02,1386307.91,677680.83,708627.08,1275403.28,Completed
ORD-HG-15177,2024-09-22,2024-09,CUST-1169,PROD-104,EMP-1001,REG-02,Enterprise Partner,40,7798.0,0.01,308800.8,152677.42,156123.38,284096.74,Completed
ORD-HG-15178,2024-09-22,2024-09,CUST-1032,PROD-103,EMP-1013,REG-04,Enterprise Partner,42,17679.26,0.03,720253.05,376346.92,343906.13,662632.81,Completed
ORD-HG-15179,2024-09-22,2024-09,CUST-1461,PROD-109,EMP-1003,REG-03,Retail Store,7,32947.68,0.02,226021.08,111166.86,114854.22,207939.39,Completed
ORD-HG-15180,2024-09-22,2024-09,CUST-1053,PROD-109,EMP-1045,REG-04,Field Sales,8,32265.0,0.04,247795.2,134113.25,113681.95,227971.58,Completed
ORD-HG-15181,2024-09-22,2024-09,CUST-1185,PROD-122,EMP-1017,REG-05,Enterprise Partner,13,9577.74,0.05,118285.09,49511.61,68773.48,108822.28,Completed
ORD-HG-15182,2024-09-23,2024-09,CUST-1336,PROD-122,EMP-1023,REG-04,Direct Online,41,33855.55,0.04,1332554.45,564760.59,767793.86,1225950.09,Completed
ORD-HG-15183,2024-09-23,2024-09,CUST-1074,PROD-105,EMP-1033,REG-04,Field Sales,44,20268.19,0.0,891800.36,421545.96,470254.4,820456.33,Completed
ORD-HG-15184,2024-09-23,2024-09,CUST-1140,PROD-106,EMP-1015,REG-02,Direct Online,39,20599.48,0.0,803379.72,347138.86,456240.86,739109.34,Completed
ORD-HG-15185,2024-09-23,2024-09,CUST-1295,PROD-110,EMP-1021,REG-05,Enterprise Partner,18,21602.16,0.0,388838.88,203113.32,185725.56,357731.77,Completed
ORD-HG-15186,2024-09-23,2024-09,CUST-1412,PROD-120,EMP-1037,REG-01,Direct Online,38,31198.31,0.02,1161825.06,583314.92,578510.14,1068879.06,Completed
ORD-HG-15187,2024-09-23,2024-09,CUST-1066,PROD-111,EMP-1003,REG-04,Direct Online,30,15189.94,0.02,446584.24,206993.29,239590.95,410857.5,Completed
ORD-HG-15188,2024-09-23,2024-09,CUST-1389,PROD-112,EMP-1047,REG-04,Direct Online,14,39215.78,0.02,538040.5,216515.54,321524.96,494997.26,Completed
ORD-HG-15189,2024-09-24,2024-09,CUST-1228,PROD-116,EMP-1027,REG-04,Field Sales,14,32764.85,0.02,449533.74,188960.35,260573.39,413571.04,Completed
ORD-HG-15190,2024-09-24,2024-09,CUST-1075,PROD-110,EMP-1044,REG-03,Retail Store,40,5539.93,0.02,217165.26,97876.07,119289.19,199792.04,Completed
ORD-HG-15191,2024-09-24,2024-09,CUST-1358,PROD-112,EMP-1043,REG-02,Field Sales,12,37470.42,0.03,436155.69,197749.96,238405.73,401263.23,Completed
ORD-HG-15192,2024-09-24,2024-09,CUST-1049,PROD-114,EMP-1018,REG-04,Field Sales,31,24674.19,0.01,757250.89,416079.42,341171.47,696670.82,Completed
ORD-HG-15193,2024-09-24,2024-09,CUST-1495,PROD-110,EMP-1031,REG-02,Retail Store,13,12604.95,0.04,157309.78,71040.92,86268.86,144725.0,Completed
ORD-HG-15194,2024-09-24,2024-09,CUST-1274,PROD-104,EMP-1036,REG-01,Retail Store,33,35703.05,0.02,1154636.64,469906.71,684729.93,1062265.71,Completed
ORD-HG-15195,2024-09-24,2024-09,CUST-1097,PROD-103,EMP-1041,REG-05,Field Sales,32,44568.24,0.02,1397660.01,764543.24,633116.77,1285847.21,Completed
ORD-HG-15196,2024-09-24,2024-09,CUST-1335,PROD-111,EMP-1020,REG-02,Retail Store,6,21072.82,0.03,122643.81,62911.51,59732.3,112832.31,Completed
ORD-HG-15197,2024-09-24,2024-09,CUST-1235,PROD-106,EMP-1045,REG-04,Enterprise Partner,30,23839.29,0.0,715178.7,380905.0,334273.7,657964.4,Completed
ORD-HG-15198,2024-09-25,2024-09,CUST-1019,PROD-120,EMP-1006,REG-05,Field Sales,23,25829.4,0.05,564372.39,281050.06,283322.33,519222.6,Completed
ORD-HG-15199,2024-09-25,2024-09,CUST-1433,PROD-115,EMP-1023,REG-01,Enterprise Partner,28,26541.65,0.01,735734.54,358414.45,377320.09,676875.78,Completed
ORD-HG-15200,2024-09-25,2024-09,CUST-1478,PROD-120,EMP-1017,REG-04,Field Sales,30,8890.83,0.05,253388.66,138316.19,115072.47,233117.57,Completed
ORD-HG-15201,2024-09-25,2024-09,CUST-1365,PROD-119,EMP-1020,REG-02,Enterprise Partner,39,27720.34,0.04,1037849.53,535573.88,502275.65,954821.57,Completed
ORD-HG-15202,2024-09-25,2024-09,CUST-1344,PROD-106,EMP-1042,REG-02,Enterprise Partner,23,8792.42,0.02,198181.15,105891.97,92289.18,182326.66,Completed
ORD-HG-15203,2024-09-25,2024-09,CUST-1214,PROD-115,EMP-1001,REG-04,Field Sales,19,13813.65,0.0,262459.35,141331.45,121127.9,241462.6,Completed
ORD-HG-15204,2024-09-26,2024-09,CUST-1465,PROD-107,EMP-1043,REG-02,Retail Store,34,14173.93,0.02,472275.35,226364.4,245910.95,434493.32,Completed
ORD-HG-15205,2024-09-26,2024-09,CUST-1444,PROD-123,EMP-1001,REG-04,Field Sales,34,34255.67,0.03,1129752.0,594928.16,534823.84,1039371.84,Completed
ORD-HG-15206,2024-09-26,2024-09,CUST-1357,PROD-120,EMP-1007,REG-04,Enterprise Partner,23,19960.61,0.01,454503.09,211003.81,243499.28,418142.84,Completed
ORD-HG-15207,2024-09-26,2024-09,CUST-1138,PROD-119,EMP-1022,REG-03,Enterprise Partner,20,15295.5,0.0,305910.0,134799.18,171110.82,281437.2,Completed
ORD-HG-15208,2024-09-26,2024-09,CUST-1035,PROD-118,EMP-1010,REG-01,Field Sales,31,40569.62,0.04,1207351.89,637565.82,569786.07,1110763.74,Completed
ORD-HG-15209,2024-09-26,2024-09,CUST-1036,PROD-121,EMP-1001,REG-04,Field Sales,20,21896.49,0.03,424791.91,188269.79,236522.12,390808.56,Completed
ORD-HG-15210,2024-09-26,2024-09,CUST-1430,PROD-114,EMP-1032,REG-01,Enterprise Partner,34,36247.78,0.04,1183127.54,576332.72,606794.82,1088477.34,Completed
ORD-HG-15211,2024-09-26,2024-09,CUST-1158,PROD-110,EMP-1038,REG-03,Enterprise Partner,10,25366.55,0.02,248592.19,111021.17,137571.02,228704.81,Completed
ORD-HG-15212,2024-09-27,2024-09,CUST-1102,PROD-114,EMP-1007,REG-03,Retail Store,23,23470.19,0.01,534416.23,262039.05,272377.18,491662.93,Completed
ORD-HG-15213,2024-09-27,2024-09,CUST-1147,PROD-115,EMP-1033,REG-01,Direct Online,23,18182.27,0.01,414010.29,170028.81,243981.48,380889.47,Completed
ORD-HG-15214,2024-09-27,2024-09,CUST-1038,PROD-103,EMP-1024,REG-01,Field Sales,25,35112.75,0.0,877818.75,432720.48,445098.27,807593.25,Completed
ORD-HG-15215,2024-09-27,2024-09,CUST-1480,PROD-106,EMP-1004,REG-05,Enterprise Partner,40,41899.28,0.03,1625692.06,753028.41,872663.65,1495636.7,Completed
ORD-HG-15216,2024-09-27,2024-09,CUST-1365,PROD-123,EMP-1047,REG-02,Field Sales,7,24689.93,0.03,167644.62,67669.01,99975.61,154233.05,Completed
ORD-HG-15217,2024-09-27,2024-09,CUST-1021,PROD-123,EMP-1007,REG-03,Enterprise Partner,9,40911.07,0.03,357153.64,173334.75,183818.89,328581.35,Completed
ORD-HG-15218,2024-09-27,2024-09,CUST-1445,PROD-102,EMP-1047,REG-04,Direct Online,14,23666.69,0.04,318080.31,157251.37,160828.94,292633.89,Completed
ORD-HG-15219,2024-09-27,2024-09,CUST-1364,PROD-103,EMP-1040,REG-01,Field Sales,21,14786.09,0.04,298087.57,131834.24,166253.33,274240.56,Completed
ORD-HG-15220,2024-09-27,2024-09,CUST-1110,PROD-122,EMP-1026,REG-05,Direct Online,22,14716.4,0.02,317285.58,135507.03,181778.55,291902.73,Completed
ORD-HG-15221,2024-09-28,2024-09,CUST-1320,PROD-102,EMP-1029,REG-01,Direct Online,9,42821.29,0.01,381537.69,153860.17,227677.52,351014.67,Completed
ORD-HG-15222,2024-09-28,2024-09,CUST-1178,PROD-123,EMP-1017,REG-02,Direct Online,37,39431.7,0.05,1386024.26,628742.51,757281.75,1275142.32,Completed
ORD-HG-15223,2024-09-28,2024-09,CUST-1099,PROD-102,EMP-1028,REG-05,Retail Store,32,20550.97,0.02,644478.42,261806.12,382672.3,592920.15,Completed
ORD-HG-15224,2024-09-28,2024-09,CUST-1351,PROD-101,EMP-1049,REG-02,Direct Online,44,25551.21,0.0,1124253.24,578345.29,545907.95,1034312.98,Completed
ORD-HG-15225,2024-09-28,2024-09,CUST-1087,PROD-107,EMP-1006,REG-02,Field Sales,33,15705.22,0.02,507906.81,244533.1,263373.71,467274.27,Completed
ORD-HG-15226,2024-09-28,2024-09,CUST-1462,PROD-114,EMP-1048,REG-02,Field Sales,39,39551.76,0.02,1511668.27,805510.52,706157.75,1390734.81,Completed
ORD-HG-15227,2024-09-28,2024-09,CUST-1007,PROD-122,EMP-1023,REG-05,Retail Store,24,24643.02,0.01,585518.16,288843.92,296674.24,538676.71,Completed
ORD-HG-15228,2024-09-29,2024-09,CUST-1026,PROD-118,EMP-1037,REG-05,Field Sales,15,5998.1,0.05,85472.92,45028.52,40444.4,78635.09,Completed
ORD-HG-15229,2024-09-29,2024-09,CUST-1161,PROD-115,EMP-1017,REG-02,Direct Online,23,26474.68,0.05,578471.76,290097.57,288374.19,532194.02,Completed
ORD-HG-15230,2024-09-29,2024-09,CUST-1018,PROD-122,EMP-1033,REG-04,Enterprise Partner,10,5463.3,0.04,52447.68,27004.43,25443.25,48251.87,Completed
ORD-HG-15231,2024-09-29,2024-09,CUST-1412,PROD-124,EMP-1029,REG-03,Retail Store,11,42486.35,0.05,443982.36,180936.72,263045.64,408463.77,Completed
ORD-HG-15232,2024-09-29,2024-09,CUST-1369,PROD-119,EMP-1039,REG-05,Direct Online,31,7608.4,0.02,231143.19,106673.78,124469.41,212651.73,Completed
ORD-HG-15233,2024-09-29,2024-09,CUST-1434,PROD-116,EMP-1027,REG-03,Enterprise Partner,42,18584.73,0.03,757141.9,410422.15,346719.75,696570.55,Completed
ORD-HG-15234,2024-09-29,2024-09,CUST-1230,PROD-111,EMP-1003,REG-01,Direct Online,20,24283.41,0.02,475954.84,225790.52,250164.32,437878.45,Completed
ORD-HG-15235,2024-09-29,2024-09,CUST-1035,PROD-121,EMP-1048,REG-02,Enterprise Partner,36,24571.85,0.05,840357.27,339498.29,500858.98,773128.69,Completed
ORD-HG-15236,2024-09-30,2024-09,CUST-1038,PROD-121,EMP-1034,REG-04,Field Sales,33,14476.54,0.05,453839.53,204723.98,249115.55,417532.37,Completed
ORD-HG-15237,2024-09-30,2024-09,CUST-1047,PROD-114,EMP-1027,REG-04,Enterprise Partner,29,41850.4,0.03,1177251.75,587184.86,590066.89,1083071.61,Completed
ORD-HG-15238,2024-09-30,2024-09,CUST-1139,PROD-103,EMP-1045,REG-03,Field Sales,17,40565.08,0.01,682710.3,297106.79,385603.51,628093.48,Completed
ORD-HG-15239,2024-09-30,2024-09,CUST-1061,PROD-115,EMP-1035,REG-05,Enterprise Partner,43,31424.41,0.04,1297199.64,661570.38,635629.26,1193423.67,Completed
ORD-HG-15240,2024-09-30,2024-09,CUST-1334,PROD-102,EMP-1024,REG-05,Enterprise Partner,34,28952.55,0.0,984386.7,445323.71,539062.99,905635.76,Completed
ORD-HG-15241,2024-09-30,2024-09,CUST-1100,PROD-101,EMP-1042,REG-01,Direct Online,6,40153.71,0.01,238513.04,96910.73,141602.31,219432.0,Completed
ORD-HG-15242,2024-09-30,2024-09,CUST-1037,PROD-109,EMP-1018,REG-04,Field Sales,15,33526.65,0.03,487812.76,264093.6,223719.16,448787.74,Completed
ORD-HG-15243,2024-09-30,2024-09,CUST-1215,PROD-123,EMP-1027,REG-03,Direct Online,20,23353.53,0.04,448387.78,232262.64,216125.14,412516.76,Completed
ORD-HG-15244,2024-09-30,2024-09,CUST-1275,PROD-104,EMP-1039,REG-04,Direct Online,28,7178.55,0.02,196979.41,87278.51,109700.9,181221.06,Completed
ORD-HG-15245,2024-09-30,2024-09,CUST-1348,PROD-101,EMP-1037,REG-04,Retail Store,32,15001.51,0.04,460846.39,233184.43,227661.96,423978.68,Completed
ORD-HG-15246,2024-09-30,2024-09,CUST-1476,PROD-105,EMP-1019,REG-04,Field Sales,44,19775.61,0.01,861425.57,373126.85,488298.72,792511.52,Completed
ORD-HG-15247,2024-09-30,2024-09,CUST-1485,PROD-123,EMP-1016,REG-04,Enterprise Partner,38,23767.85,0.01,894146.52,459517.45,434629.07,822614.8,Completed
ORD-HG-15248,2024-09-30,2024-09,CUST-1008,PROD-104,EMP-1004,REG-02,Direct Online,39,21228.31,0.03,803066.97,440662.53,362404.44,738821.61,Completed
ORD-HG-15249,2024-09-30,2024-09,CUST-1009,PROD-112,EMP-1012,REG-01,Enterprise Partner,43,8050.43,0.04,332321.75,143818.88,188502.87,305736.01,Completed
ORD-HG-15250,2024-09-30,2024-09,CUST-1173,PROD-119,EMP-1036,REG-05,Field Sales,43,24163.35,0.0,1039024.05,518258.08,520765.97,955902.13,Completed
ORD-HG-15251,2024-10-01,2024-10,CUST-1413,PROD-112,EMP-1010,REG-04,Direct Online,43,19817.32,0.03,826580.42,367846.25,458734.17,760453.99,Completed
ORD-HG-15252,2024-10-01,2024-10,CUST-1326,PROD-122,EMP-1012,REG-03,Field Sales,14,26420.65,0.0,369889.1,185903.56,183985.54,340297.97,Completed
ORD-HG-15253,2024-10-02,2024-10,CUST-1118,PROD-105,EMP-1003,REG-03,Retail Store,32,28451.06,0.01,901329.58,385821.09,515508.49,829223.21,Completed
ORD-HG-15254,2024-10-02,2024-10,CUST-1308,PROD-109,EMP-1047,REG-05,Retail Store,40,27898.23,0.02,1093610.62,587169.49,506441.13,1006121.77,Completed
ORD-HG-15255,2024-10-02,2024-10,CUST-1365,PROD-107,EMP-1033,REG-03,Field Sales,38,18710.77,0.04,682568.89,373229.33,309339.56,627963.38,Completed
ORD-HG-15256,2024-10-02,2024-10,CUST-1097,PROD-101,EMP-1032,REG-02,Direct Online,40,36748.62,0.05,1396447.56,590998.9,805448.66,1284731.76,Completed
ORD-HG-15257,2024-10-02,2024-10,CUST-1060,PROD-107,EMP-1036,REG-03,Enterprise Partner,26,19890.45,0.04,496465.63,215358.92,281106.71,456748.38,Completed
ORD-HG-15258,2024-10-02,2024-10,CUST-1282,PROD-120,EMP-1010,REG-03,Enterprise Partner,38,41114.89,0.04,1499871.19,707554.96,792316.23,1379881.49,Completed
ORD-HG-15259,2024-10-03,2024-10,CUST-1075,PROD-103,EMP-1038,REG-03,Enterprise Partner,19,44066.72,0.03,812149.65,373283.94,438865.71,747177.68,Completed
ORD-HG-15260,2024-10-03,2024-10,CUST-1216,PROD-117,EMP-1015,REG-02,Enterprise Partner,25,32271.93,0.03,782594.3,396082.79,386511.51,719986.76,Completed
ORD-HG-15261,2024-10-03,2024-10,CUST-1470,PROD-106,EMP-1009,REG-05,Retail Store,34,24553.54,0.02,818123.95,373945.44,444178.51,752674.03,Completed
ORD-HG-15262,2024-10-03,2024-10,CUST-1106,PROD-123,EMP-1042,REG-04,Retail Store,34,30847.44,0.03,1017348.57,485426.53,531922.04,935960.68,Completed
ORD-HG-15263,2024-10-03,2024-10,CUST-1063,PROD-123,EMP-1031,REG-03,Retail Store,21,24474.16,0.01,508817.79,240626.98,268190.81,468112.37,Completed
ORD-HG-15264,2024-10-03,2024-10,CUST-1185,PROD-103,EMP-1025,REG-04,Direct Online,5,19693.09,0.04,94526.83,41781.68,52745.15,86964.68,Completed
ORD-HG-15265,2024-10-03,2024-10,CUST-1148,PROD-109,EMP-1020,REG-04,Enterprise Partner,13,30223.6,0.01,388977.73,193846.09,195131.64,357859.51,Completed
ORD-HG-15266,2024-10-04,2024-10,CUST-1135,PROD-101,EMP-1004,REG-05,Direct Online,30,15272.72,0.02,449017.97,191349.41,257668.56,413096.53,Completed
ORD-HG-15267,2024-10-04,2024-10,CUST-1387,PROD-123,EMP-1017,REG-05,Retail Store,42,24948.73,0.05,995454.33,533862.75,461591.58,915817.98,Completed
ORD-HG-15268,2024-10-04,2024-10,CUST-1073,PROD-102,EMP-1020,REG-05,Retail Store,36,29516.28,0.02,1041334.36,466620.48,574713.88,958027.61,Completed
ORD-HG-15269,2024-10-04,2024-10,CUST-1071,PROD-107,EMP-1004,REG-05,Retail Store,33,16714.55,0.05,524001.14,277841.01,246160.13,482081.05,Completed
ORD-HG-15270,2024-10-04,2024-10,CUST-1365,PROD-113,EMP-1048,REG-05,Direct Online,36,28989.85,0.02,1022761.91,558954.77,463807.14,940940.96,Completed
ORD-HG-15271,2024-10-04,2024-10,CUST-1376,PROD-103,EMP-1028,REG-01,Direct Online,26,33058.64,0.04,825143.65,364534.92,460608.73,759132.16,Completed
ORD-HG-15272,2024-10-04,2024-10,CUST-1017,PROD-101,EMP-1026,REG-02,Field Sales,21,38904.88,0.0,817002.48,409863.23,407139.25,751642.28,Completed
ORD-HG-15273,2024-10-04,2024-10,CUST-1195,PROD-116,EMP-1036,REG-04,Enterprise Partner,11,14998.59,0.03,160034.96,64612.3,95422.66,147232.16,Completed
ORD-HG-15274,2024-10-04,2024-10,CUST-1131,PROD-102,EMP-1039,REG-02,Direct Online,5,12332.84,0.05,58580.99,31002.87,27578.12,53894.51,Completed
ORD-HG-15275,2024-10-04,2024-10,CUST-1280,PROD-116,EMP-1002,REG-02,Enterprise Partner,24,13550.72,0.01,321965.11,146094.7,175870.41,296207.9,Completed
ORD-HG-15276,2024-10-04,2024-10,CUST-1187,PROD-112,EMP-1026,REG-03,Retail Store,31,29792.12,0.03,895849.05,489224.68,406624.37,824181.13,Completed
ORD-HG-15277,2024-10-04,2024-10,CUST-1001,PROD-107,EMP-1001,REG-05,Retail Store,43,41004.97,0.04,1692685.16,879798.05,812887.11,1557270.35,Completed
ORD-HG-15278,2024-10-05,2024-10,CUST-1448,PROD-102,EMP-1046,REG-05,Enterprise Partner,18,42764.62,0.01,762065.53,367765.21,394300.32,701100.29,Completed
ORD-HG-15279,2024-10-05,2024-10,CUST-1464,PROD-114,EMP-1030,REG-01,Retail Store,39,26104.46,0.03,987531.72,485347.69,502184.03,908529.18,Completed
ORD-HG-15280,2024-10-05,2024-10,CUST-1243,PROD-109,EMP-1026,REG-01,Enterprise Partner,11,11037.97,0.01,120203.49,50255.81,69947.68,110587.21,Completed
ORD-HG-15281,2024-10-05,2024-10,CUST-1350,PROD-104,EMP-1002,REG-04,Retail Store,37,17945.18,0.01,657331.94,285649.8,371682.14,604745.38,Completed
ORD-HG-15282,2024-10-05,2024-10,CUST-1143,PROD-116,EMP-1014,REG-03,Direct Online,26,43047.33,0.03,1085653.66,463712.5,621941.16,998801.37,Completed
ORD-HG-15283,2024-10-05,2024-10,CUST-1077,PROD-123,EMP-1017,REG-02,Enterprise Partner,21,38213.54,0.04,770384.97,369589.82,400795.15,708754.17,Completed
ORD-HG-15284,2024-10-05,2024-10,CUST-1471,PROD-105,EMP-1022,REG-02,Direct Online,38,42746.4,0.0,1624363.2,807813.01,816550.19,1494414.14,Completed
ORD-HG-15285,2024-10-05,2024-10,CUST-1262,PROD-123,EMP-1025,REG-03,Enterprise Partner,26,21479.09,0.03,541702.65,283576.01,258126.64,498366.44,Completed
ORD-HG-15286,2024-10-06,2024-10,CUST-1046,PROD-107,EMP-1037,REG-02,Enterprise Partner,24,40544.85,0.0,973076.4,452808.19,520268.21,895230.29,Completed
ORD-HG-15287,2024-10-06,2024-10,CUST-1153,PROD-124,EMP-1033,REG-04,Direct Online,20,11416.23,0.01,226041.35,103237.02,122804.33,207958.04,Completed
ORD-HG-15288,2024-10-06,2024-10,CUST-1009,PROD-106,EMP-1046,REG-04,Field Sales,23,13661.0,0.01,311060.97,150317.94,160743.03,286176.09,Completed
ORD-HG-15289,2024-10-06,2024-10,CUST-1467,PROD-120,EMP-1037,REG-05,Direct Online,29,35817.12,0.03,1007535.59,548232.19,459303.4,926932.74,Completed
ORD-HG-15290,2024-10-06,2024-10,CUST-1420,PROD-112,EMP-1028,REG-05,Retail Store,32,12042.89,0.04,369957.58,180690.93,189266.65,340360.97,Completed
ORD-HG-15291,2024-10-06,2024-10,CUST-1083,PROD-121,EMP-1016,REG-05,Field Sales,10,23277.35,0.04,223462.56,100365.11,123097.45,205585.56,Completed
ORD-HG-15292,2024-10-06,2024-10,CUST-1066,PROD-114,EMP-1015,REG-03,Retail Store,14,19887.57,0.0,278425.98,114504.65,163921.33,256151.9,Completed
ORD-HG-15293,2024-10-06,2024-10,CUST-1455,PROD-118,EMP-1025,REG-01,Direct Online,15,13868.44,0.0,208026.6,102491.73,105534.87,191384.47,Completed
ORD-HG-15294,2024-10-06,2024-10,CUST-1411,PROD-107,EMP-1018,REG-01,Enterprise Partner,7,24015.68,0.01,166428.66,89084.17,77344.49,153114.37,Completed
ORD-HG-15295,2024-10-06,2024-10,CUST-1472,PROD-122,EMP-1027,REG-05,Field Sales,6,44350.04,0.03,258117.23,126446.81,131670.42,237467.85,Completed
ORD-HG-15296,2024-10-06,2024-10,CUST-1330,PROD-117,EMP-1001,REG-02,Field Sales,32,18635.66,0.02,584414.3,303428.38,280985.92,537661.16,Completed
ORD-HG-15297,2024-10-06,2024-10,CUST-1059,PROD-106,EMP-1026,REG-03,Direct Online,25,17253.66,0.01,427028.08,189188.03,237840.05,392865.83,Completed
ORD-HG-15298,2024-10-07,2024-10,CUST-1376,PROD-116,EMP-1044,REG-04,Retail Store,16,13474.95,0.02,211287.22,103253.43,108033.79,194384.24,Completed
ORD-HG-15299,2024-10-07,2024-10,CUST-1046,PROD-112,EMP-1014,REG-01,Enterprise Partner,7,27404.2,0.01,189911.11,78257.91,111653.2,174718.22,Completed
ORD-HG-15300,2024-10-07,2024-10,CUST-1218,PROD-111,EMP-1001,REG-05,Direct Online,34,19327.38,0.01,650559.61,333680.62,316878.99,598514.84,Completed
ORD-HG-15301,2024-10-07,2024-10,CUST-1386,PROD-117,EMP-1031,REG-03,Enterprise Partner,32,42481.72,0.01,1345820.89,674071.36,671749.53,1238155.22,Completed
ORD-HG-15302,2024-10-07,2024-10,CUST-1495,PROD-104,EMP-1045,REG-04,Field Sales,19,42593.59,0.01,801185.43,353645.02,447540.41,737090.6,Completed
ORD-HG-15303,2024-10-07,2024-10,CUST-1134,PROD-109,EMP-1006,REG-05,Retail Store,36,44864.72,0.02,1582827.32,757851.96,824975.36,1456201.13,Completed
ORD-HG-15304,2024-10-07,2024-10,CUST-1176,PROD-118,EMP-1028,REG-03,Direct Online,31,40058.89,0.02,1216989.08,506395.96,710593.12,1119629.95,Completed
ORD-HG-15305,2024-10-08,2024-10,CUST-1049,PROD-121,EMP-1010,REG-03,Retail Store,22,29486.55,0.04,622755.94,305162.4,317593.54,572935.46,Completed
ORD-HG-15306,2024-10-08,2024-10,CUST-1489,PROD-103,EMP-1030,REG-03,Direct Online,22,23133.66,0.04,488582.9,211268.29,277314.61,449496.27,Completed
ORD-HG-15307,2024-10-08,2024-10,CUST-1385,PROD-123,EMP-1009,REG-04,Direct Online,16,15692.26,0.05,238522.35,102420.27,136102.08,219440.56,Completed
ORD-HG-15308,2024-10-08,2024-10,CUST-1125,PROD-102,EMP-1044,REG-04,Direct Online,25,26406.56,0.01,653562.36,302138.99,351423.37,601277.37,Completed
ORD-HG-15309,2024-10-08,2024-10,CUST-1244,PROD-110,EMP-1031,REG-03,Retail Store,28,7719.7,0.03,209667.05,111215.99,98451.06,192893.69,Completed
ORD-HG-15310,2024-10-08,2024-10,CUST-1472,PROD-119,EMP-1037,REG-04,Direct Online,20,13680.98,0.05,259938.62,113634.7,146303.92,239143.53,Completed
ORD-HG-15311,2024-10-08,2024-10,CUST-1040,PROD-118,EMP-1026,REG-04,Enterprise Partner,42,29159.26,0.02,1200195.14,575868.2,624326.94,1104179.53,Completed
ORD-HG-15312,2024-10-08,2024-10,CUST-1093,PROD-122,EMP-1045,REG-01,Field Sales,18,44506.51,0.02,785094.84,427317.58,357777.26,722287.25,Completed
ORD-HG-15313,2024-10-08,2024-10,CUST-1486,PROD-109,EMP-1015,REG-02,Enterprise Partner,30,37282.97,0.01,1107304.21,499686.42,607617.79,1018719.87,Completed
ORD-HG-15314,2024-10-08,2024-10,CUST-1217,PROD-116,EMP-1022,REG-05,Retail Store,26,42810.22,0.05,1057412.43,489415.71,567996.72,972819.44,Completed
ORD-HG-15315,2024-10-08,2024-10,CUST-1003,PROD-116,EMP-1033,REG-03,Enterprise Partner,8,19181.93,0.02,150386.33,72797.57,77588.76,138355.42,Completed
ORD-HG-15316,2024-10-09,2024-10,CUST-1428,PROD-113,EMP-1015,REG-04,Retail Store,34,16816.07,0.04,548876.52,259223.34,289653.18,504966.4,Completed
ORD-HG-15317,2024-10-09,2024-10,CUST-1074,PROD-113,EMP-1017,REG-01,Field Sales,7,23985.27,0.04,161181.01,74001.1,87179.91,148286.53,Completed
ORD-HG-15318,2024-10-09,2024-10,CUST-1135,PROD-109,EMP-1006,REG-05,Enterprise Partner,41,26528.03,0.0,1087649.23,475506.34,612142.89,1000637.29,Completed
ORD-HG-15319,2024-10-09,2024-10,CUST-1316,PROD-107,EMP-1002,REG-01,Direct Online,18,28061.54,0.01,500056.64,228165.88,271890.76,460052.11,Completed
ORD-HG-15320,2024-10-09,2024-10,CUST-1367,PROD-117,EMP-1023,REG-03,Field Sales,41,38935.58,0.03,1548468.02,812254.79,736213.23,1424590.58,Completed
ORD-HG-15321,2024-10-10,2024-10,CUST-1460,PROD-113,EMP-1034,REG-03,Enterprise Partner,6,41576.36,0.03,241974.42,126989.26,114985.16,222616.47,Completed
ORD-HG-15322,2024-10-10,2024-10,CUST-1236,PROD-111,EMP-1049,REG-05,Retail Store,38,43281.93,0.01,1628266.21,694732.16,933534.05,1498004.91,Completed
ORD-HG-15323,2024-10-10,2024-10,CUST-1340,PROD-112,EMP-1032,REG-03,Enterprise Partner,8,32929.26,0.04,252896.72,114241.67,138655.05,232664.98,Completed
ORD-HG-15324,2024-10-10,2024-10,CUST-1017,PROD-114,EMP-1010,REG-01,Field Sales,37,34483.62,0.03,1237617.12,555196.74,682420.38,1138607.75,Completed
ORD-HG-15325,2024-10-10,2024-10,CUST-1091,PROD-117,EMP-1029,REG-05,Enterprise Partner,26,33716.54,0.01,867863.74,473773.31,394090.43,798434.64,Completed
ORD-HG-15326,2024-10-10,2024-10,CUST-1195,PROD-112,EMP-1024,REG-03,Enterprise Partner,42,23000.3,0.0,966012.6,431983.55,534029.05,888731.59,Completed
ORD-HG-15327,2024-10-10,2024-10,CUST-1482,PROD-105,EMP-1045,REG-01,Retail Store,27,19914.75,0.04,516190.32,253220.26,262970.06,474895.09,Completed
ORD-HG-15328,2024-10-11,2024-10,CUST-1038,PROD-121,EMP-1027,REG-03,Enterprise Partner,38,29090.18,0.04,1061209.77,571495.39,489714.38,976312.99,Completed
ORD-HG-15329,2024-10-11,2024-10,CUST-1130,PROD-109,EMP-1003,REG-05,Direct Online,12,30650.02,0.04,353088.23,168968.38,184119.85,324841.17,Completed
ORD-HG-15330,2024-10-11,2024-10,CUST-1349,PROD-115,EMP-1021,REG-05,Enterprise Partner,10,11524.85,0.03,111791.04,51454.28,60336.76,102847.76,Completed
ORD-HG-15331,2024-10-11,2024-10,CUST-1236,PROD-114,EMP-1022,REG-05,Direct Online,40,19487.55,0.04,748321.92,404735.72,343586.2,688456.17,Completed
ORD-HG-15332,2024-10-11,2024-10,CUST-1328,PROD-103,EMP-1035,REG-02,Retail Store,29,41937.98,0.02,1191877.39,484037.3,707840.09,1096527.2,Completed
ORD-HG-15333,2024-10-11,2024-10,CUST-1112,PROD-112,EMP-1016,REG-02,Field Sales,31,26849.98,0.01,824025.89,402128.03,421897.86,758103.82,Completed
ORD-HG-15334,2024-10-11,2024-10,CUST-1003,PROD-113,EMP-1036,REG-05,Retail Store,35,43579.72,0.04,1464278.59,740797.78,723480.81,1347136.3,Completed
ORD-HG-15335,2024-10-11,2024-10,CUST-1122,PROD-112,EMP-1004,REG-02,Retail Store,5,5639.66,0.01,27916.32,14215.18,13701.14,25683.01,Completed
ORD-HG-15336,2024-10-11,2024-10,CUST-1436,PROD-119,EMP-1030,REG-02,Field Sales,11,39631.25,0.03,422865.44,176540.8,246324.64,389036.2,Completed
ORD-HG-15337,2024-10-11,2024-10,CUST-1146,PROD-123,EMP-1042,REG-02,Enterprise Partner,18,30144.51,0.02,531749.16,265773.44,265975.72,489209.23,Completed
ORD-HG-15338,2024-10-11,2024-10,CUST-1382,PROD-112,EMP-1011,REG-03,Retail Store,30,32397.84,0.04,933057.79,447721.86,485335.93,858413.17,Completed
ORD-HG-15339,2024-10-12,2024-10,CUST-1362,PROD-115,EMP-1030,REG-04,Field Sales,27,16917.18,0.04,438493.31,179565.67,258927.64,403413.85,Completed
ORD-HG-15340,2024-10-12,2024-10,CUST-1377,PROD-106,EMP-1007,REG-01,Field Sales,22,22255.12,0.03,474924.26,212633.6,262290.66,436930.32,Completed
ORD-HG-15341,2024-10-12,2024-10,CUST-1000,PROD-111,EMP-1001,REG-01,Retail Store,21,12162.7,0.01,252862.53,111573.83,141288.7,232633.53,Completed
ORD-HG-15342,2024-10-12,2024-10,CUST-1458,PROD-103,EMP-1002,REG-02,Retail Store,44,39142.84,0.01,1705062.11,745184.31,959877.8,1568657.14,Completed
ORD-HG-15343,2024-10-12,2024-10,CUST-1389,PROD-110,EMP-1040,REG-04,Retail Store,32,41269.21,0.04,1267790.13,619325.15,648464.98,1166366.92,Completed
ORD-HG-15344,2024-10-13,2024-10,CUST-1249,PROD-120,EMP-1040,REG-02,Direct Online,12,12011.8,0.01,142700.18,76234.71,66465.47,131284.17,Completed
ORD-HG-15345,2024-10-13,2024-10,CUST-1484,PROD-108,EMP-1043,REG-04,Enterprise Partner,33,34452.1,0.02,1114180.91,505593.25,608587.66,1025046.44,Completed
ORD-HG-15346,2024-10-13,2024-10,CUST-1439,PROD-110,EMP-1015,REG-05,Enterprise Partner,43,6720.63,0.04,277427.61,140151.55,137276.06,255233.4,Completed
ORD-HG-15347,2024-10-13,2024-10,CUST-1474,PROD-120,EMP-1001,REG-03,Direct Online,26,36787.18,0.03,927772.68,507024.96,420747.72,853550.87,Completed
ORD-HG-15348,2024-10-13,2024-10,CUST-1236,PROD-107,EMP-1044,REG-04,Field Sales,37,43803.96,0.04,1555916.66,757921.02,797995.64,1431443.33,Completed
ORD-HG-15349,2024-10-13,2024-10,CUST-1443,PROD-120,EMP-1031,REG-03,Retail Store,31,42547.75,0.04,1266221.04,605894.02,660327.02,1164923.36,Completed
ORD-HG-15350,2024-10-13,2024-10,CUST-1071,PROD-110,EMP-1006,REG-02,Enterprise Partner,43,7038.16,0.0,302640.88,163103.51,139537.37,278429.61,Completed
ORD-HG-15351,2024-10-14,2024-10,CUST-1415,PROD-120,EMP-1017,REG-02,Retail Store,26,25022.49,0.01,644078.89,281750.41,362328.48,592552.58,Completed
ORD-HG-15352,2024-10-14,2024-10,CUST-1297,PROD-110,EMP-1018,REG-03,Retail Store,25,18805.9,0.03,456043.08,234103.94,221939.14,419559.63,Completed
ORD-HG-15353,2024-10-14,2024-10,CUST-1208,PROD-113,EMP-1039,REG-01,Direct Online,29,41414.43,0.02,1176998.1,636594.02,540404.08,1082838.25,Completed
ORD-HG-15354,2024-10-14,2024-10,CUST-1460,PROD-123,EMP-1014,REG-04,Retail Store,13,11574.48,0.02,147458.88,68177.37,79281.51,135662.17,Completed
ORD-HG-15355,2024-10-14,2024-10,CUST-1348,PROD-110,EMP-1042,REG-04,Retail Store,43,34846.28,0.04,1438454.44,675002.74,763451.7,1323378.08,Completed
ORD-HG-15356,2024-10-15,2024-10,CUST-1407,PROD-123,EMP-1004,REG-04,Field Sales,44,35521.17,0.03,1516043.54,649321.54,866722.0,1394760.06,Completed
ORD-HG-15357,2024-10-15,2024-10,CUST-1299,PROD-111,EMP-1041,REG-04,Direct Online,18,36624.19,0.0,659235.42,308820.36,350415.06,606496.59,Completed
ORD-HG-15358,2024-10-15,2024-10,CUST-1215,PROD-103,EMP-1014,REG-03,Retail Store,23,39952.9,0.0,918916.7,413245.49,505671.21,845403.36,Completed
ORD-HG-15359,2024-10-15,2024-10,CUST-1379,PROD-105,EMP-1018,REG-03,Enterprise Partner,27,9053.65,0.03,237115.09,101050.92,136064.17,218145.88,Completed
ORD-HG-15360,2024-10-15,2024-10,CUST-1352,PROD-106,EMP-1032,REG-04,Retail Store,34,27777.83,0.0,944446.22,388318.55,556127.67,868890.52,Completed
ORD-HG-15361,2024-10-15,2024-10,CUST-1198,PROD-104,EMP-1025,REG-01,Direct Online,10,37436.67,0.04,359392.03,149383.6,210008.43,330640.67,Completed
ORD-HG-15362,2024-10-15,2024-10,CUST-1369,PROD-118,EMP-1026,REG-05,Field Sales,35,41367.7,0.05,1375476.02,577777.68,797698.34,1265437.94,Completed
ORD-HG-15363,2024-10-16,2024-10,CUST-1267,PROD-120,EMP-1020,REG-04,Direct Online,42,21003.83,0.02,864517.64,469285.7,395231.94,795356.23,Completed
ORD-HG-15364,2024-10-16,2024-10,CUST-1424,PROD-116,EMP-1031,REG-03,Enterprise Partner,41,26264.32,0.02,1055300.38,434390.46,620909.92,970876.35,Completed
ORD-HG-15365,2024-10-16,2024-10,CUST-1258,PROD-110,EMP-1032,REG-03,Field Sales,41,14621.09,0.03,581480.75,262564.34,318916.41,534962.29,Completed
ORD-HG-15366,2024-10-16,2024-10,CUST-1055,PROD-117,EMP-1043,REG-05,Enterprise Partner,16,34432.55,0.05,523374.76,285261.97,238112.79,481504.78,Completed
ORD-HG-15367,2024-10-16,2024-10,CUST-1037,PROD-108,EMP-1006,REG-01,Direct Online,42,12976.21,0.03,528650.8,256948.49,271702.31,486358.74,Completed
ORD-HG-15368,2024-10-16,2024-10,CUST-1198,PROD-115,EMP-1032,REG-04,Field Sales,6,40093.39,0.04,230937.93,96708.33,134229.6,212462.9,Completed
ORD-HG-15369,2024-10-16,2024-10,CUST-1156,PROD-114,EMP-1035,REG-02,Field Sales,11,38243.53,0.03,408058.47,187083.09,220975.38,375413.79,Completed
ORD-HG-15370,2024-10-16,2024-10,CUST-1389,PROD-116,EMP-1046,REG-05,Direct Online,27,22972.46,0.01,614053.86,289149.28,324904.58,564929.55,Completed
ORD-HG-15371,2024-10-16,2024-10,CUST-1427,PROD-106,EMP-1028,REG-03,Retail Store,7,15492.78,0.01,107364.97,51033.53,56331.44,98775.77,Completed
ORD-HG-15372,2024-10-16,2024-10,CUST-1192,PROD-104,EMP-1002,REG-01,Field Sales,19,40961.13,0.0,778261.47,390329.65,387931.82,716000.55,Completed
ORD-HG-15373,2024-10-16,2024-10,CUST-1398,PROD-104,EMP-1043,REG-02,Field Sales,37,8171.91,0.04,290266.24,147844.96,142421.28,267044.94,Completed
ORD-HG-15374,2024-10-16,2024-10,CUST-1305,PROD-102,EMP-1011,REG-02,Direct Online,40,24189.3,0.03,938544.84,425760.71,512784.13,863461.25,Completed
ORD-HG-15375,2024-10-16,2024-10,CUST-1389,PROD-119,EMP-1030,REG-04,Enterprise Partner,21,11075.03,0.05,220946.85,99126.9,121819.95,203271.1,Completed
ORD-HG-15376,2024-10-16,2024-10,CUST-1293,PROD-103,EMP-1023,REG-03,Field Sales,30,32054.16,0.01,952008.55,469648.45,482360.1,875847.87,Completed
ORD-HG-15377,2024-10-17,2024-10,CUST-1207,PROD-122,EMP-1045,REG-04,Direct Online,28,30995.82,0.03,841846.47,430681.42,411165.05,774498.75,Completed
ORD-HG-15378,2024-10-17,2024-10,CUST-1455,PROD-103,EMP-1011,REG-02,Enterprise Partner,12,33700.18,0.0,404402.16,217460.76,186941.4,372049.99,Completed
ORD-HG-15379,2024-10-17,2024-10,CUST-1441,PROD-112,EMP-1010,REG-05,Direct Online,36,20751.67,0.04,717177.72,366471.03,350706.69,659803.5,Completed
ORD-HG-15380,2024-10-17,2024-10,CUST-1268,PROD-122,EMP-1017,REG-04,Field Sales,30,30458.18,0.02,895470.49,488110.08,407360.41,823832.85,Completed
ORD-HG-15381,2024-10-17,2024-10,CUST-1160,PROD-122,EMP-1021,REG-05,Field Sales,14,44047.87,0.01,610503.48,247932.52,362570.96,561663.2,Completed
ORD-HG-15382,2024-10-17,2024-10,CUST-1288,PROD-113,EMP-1036,REG-05,Direct Online,13,24445.97,0.0,317797.61,171470.06,146327.55,292373.8,Completed
ORD-HG-15383,2024-10-17,2024-10,CUST-1139,PROD-115,EMP-1008,REG-02,Retail Store,27,36007.22,0.04,933307.14,432565.2,500741.94,858642.57,Completed
ORD-HG-15384,2024-10-17,2024-10,CUST-1237,PROD-116,EMP-1002,REG-02,Field Sales,17,40500.42,0.0,688507.14,371300.02,317207.12,633426.57,Completed
ORD-HG-15385,2024-10-17,2024-10,CUST-1157,PROD-122,EMP-1016,REG-05,Enterprise Partner,8,20485.1,0.04,157325.57,81827.34,75498.23,144739.52,Completed
ORD-HG-15386,2024-10-18,2024-10,CUST-1456,PROD-104,EMP-1043,REG-03,Field Sales,24,41418.64,0.04,954285.47,461860.84,492424.63,877942.63,Completed
ORD-HG-15387,2024-10-18,2024-10,CUST-1242,PROD-120,EMP-1021,REG-02,Direct Online,23,16208.14,0.04,357875.73,158945.18,198930.55,329245.67,Completed
ORD-HG-15388,2024-10-18,2024-10,CUST-1391,PROD-120,EMP-1031,REG-05,Retail Store,9,42471.2,0.02,374595.98,189519.29,185076.69,344628.3,Completed
ORD-HG-15389,2024-10-18,2024-10,CUST-1394,PROD-111,EMP-1012,REG-01,Enterprise Partner,14,28259.55,0.04,379808.35,178745.18,201063.17,349423.68,Completed
ORD-HG-15390,2024-10-18,2024-10,CUST-1014,PROD-117,EMP-1028,REG-04,Direct Online,19,19412.39,0.02,361458.7,167298.54,194160.16,332542.0,Completed
ORD-HG-15391,2024-10-18,2024-10,CUST-1271,PROD-101,EMP-1008,REG-03,Enterprise Partner,29,32740.24,0.03,920982.95,378022.75,542960.2,847304.31,Completed
ORD-HG-15392,2024-10-18,2024-10,CUST-1425,PROD-124,EMP-1032,REG-01,Direct Online,30,30105.79,0.02,885110.23,388159.78,496950.45,814301.41,Completed
ORD-HG-15393,2024-10-18,2024-10,CUST-1245,PROD-104,EMP-1014,REG-05,Direct Online,11,11153.03,0.01,121456.5,55705.35,65751.15,111739.98,Completed
ORD-HG-15394,2024-10-18,2024-10,CUST-1418,PROD-116,EMP-1009,REG-04,Retail Store,36,30600.82,0.01,1090613.22,501226.99,589386.23,1003364.16,Completed
ORD-HG-15395,2024-10-18,2024-10,CUST-1192,PROD-112,EMP-1024,REG-03,Direct Online,42,38266.4,0.05,1526829.36,821663.62,705165.74,1404683.01,Completed
ORD-HG-15396,2024-10-18,2024-10,CUST-1034,PROD-123,EMP-1031,REG-01,Retail Store,24,13613.56,0.03,316923.68,155521.71,161401.97,291569.79,Completed
ORD-HG-15397,2024-10-19,2024-10,CUST-1214,PROD-104,EMP-1036,REG-03,Retail Store,26,28891.17,0.05,713611.9,373081.24,340530.66,656522.95,Completed
ORD-HG-15398,2024-10-19,2024-10,CUST-1091,PROD-114,EMP-1008,REG-03,Enterprise Partner,25,9416.71,0.05,223646.86,98216.09,125430.77,205755.11,Completed
ORD-HG-15399,2024-10-19,2024-10,CUST-1390,PROD-122,EMP-1030,REG-04,Enterprise Partner,13,34347.6,0.01,442053.61,240421.96,201631.65,406689.32,Completed
ORD-HG-15400,2024-10-19,2024-10,CUST-1302,PROD-106,EMP-1036,REG-02,Enterprise Partner,32,30293.69,0.03,940316.14,463863.19,476452.95,865090.85,Completed
ORD-HG-15401,2024-10-19,2024-10,CUST-1221,PROD-105,EMP-1045,REG-03,Retail Store,20,12494.6,0.0,249892.0,136218.54,113673.46,229900.64,Completed
ORD-HG-15402,2024-10-19,2024-10,CUST-1435,PROD-109,EMP-1038,REG-05,Direct Online,44,36288.1,0.01,1580709.64,865576.23,715133.41,1454252.87,Completed
ORD-HG-15403,2024-10-19,2024-10,CUST-1247,PROD-110,EMP-1044,REG-03,Direct Online,25,19334.88,0.03,468870.84,218397.53,250473.31,431361.17,Completed
ORD-HG-15404,2024-10-19,2024-10,CUST-1165,PROD-104,EMP-1028,REG-02,Direct Online,36,17137.15,0.04,592259.9,264251.67,328008.23,544879.11,Completed
ORD-HG-15405,2024-10-19,2024-10,CUST-1394,PROD-122,EMP-1048,REG-04,Enterprise Partner,38,35022.17,0.04,1277608.76,587463.92,690144.84,1175400.06,Completed
ORD-HG-15406,2024-10-20,2024-10,CUST-1116,PROD-122,EMP-1040,REG-03,Enterprise Partner,32,20768.7,0.01,657952.42,337169.82,320782.6,605316.23,Completed
ORD-HG-15407,2024-10-20,2024-10,CUST-1040,PROD-108,EMP-1014,REG-05,Direct Online,36,27597.67,0.04,953775.48,523837.88,429937.6,877473.44,Completed
ORD-HG-15408,2024-10-20,2024-10,CUST-1146,PROD-104,EMP-1028,REG-02,Direct Online,42,15226.4,0.02,626718.62,311923.91,314794.71,576581.13,Completed
ORD-HG-15409,2024-10-20,2024-10,CUST-1249,PROD-121,EMP-1012,REG-03,Retail Store,35,37669.13,0.02,1292051.16,683327.97,608723.19,1188687.07,Completed
ORD-HG-15410,2024-10-20,2024-10,CUST-1385,PROD-102,EMP-1003,REG-02,Retail Store,16,9721.24,0.02,152429.04,74808.88,77620.16,140234.72,Completed
ORD-HG-15411,2024-10-20,2024-10,CUST-1390,PROD-116,EMP-1008,REG-05,Direct Online,5,33153.81,0.02,162453.67,76257.89,86195.78,149457.38,Completed
ORD-HG-15412,2024-10-20,2024-10,CUST-1172,PROD-103,EMP-1012,REG-04,Enterprise Partner,10,34061.82,0.05,323587.29,173008.96,150578.33,297700.31,Completed
ORD-HG-15413,2024-10-20,2024-10,CUST-1343,PROD-123,EMP-1022,REG-05,Enterprise Partner,28,24791.2,0.0,694153.6,298517.87,395635.73,638621.31,Completed
ORD-HG-15414,2024-10-20,2024-10,CUST-1308,PROD-103,EMP-1022,REG-03,Field Sales,19,36894.94,0.03,679973.74,280245.81,399727.93,625575.84,Completed
ORD-HG-15415,2024-10-20,2024-10,CUST-1436,PROD-105,EMP-1016,REG-03,Enterprise Partner,21,13699.38,0.02,281933.24,152054.27,129878.97,259378.58,Completed
ORD-HG-15416,2024-10-21,2024-10,CUST-1071,PROD-108,EMP-1043,REG-04,Enterprise Partner,6,12105.35,0.03,70453.14,31916.33,38536.81,64816.89,Completed
ORD-HG-15417,2024-10-21,2024-10,CUST-1427,PROD-108,EMP-1043,REG-03,Enterprise Partner,11,42057.72,0.02,453382.22,239903.52,213478.7,417111.64,Completed
ORD-HG-15418,2024-10-21,2024-10,CUST-1471,PROD-113,EMP-1039,REG-05,Direct Online,34,32188.99,0.04,1050648.63,518477.42,532171.21,966596.74,Completed
ORD-HG-15419,2024-10-22,2024-10,CUST-1407,PROD-117,EMP-1043,REG-04,Direct Online,27,8936.1,0.04,231623.71,124044.68,107579.03,213093.81,Completed
ORD-HG-15420,2024-10-22,2024-10,CUST-1124,PROD-101,EMP-1006,REG-05,Enterprise Partner,16,40847.12,0.05,620876.22,307789.18,313087.04,571206.12,Completed
ORD-HG-15421,2024-10-22,2024-10,CUST-1100,PROD-115,EMP-1009,REG-05,Enterprise Partner,30,27644.32,0.02,812743.01,396416.92,416326.09,747723.57,Completed
ORD-HG-15422,2024-10-22,2024-10,CUST-1318,PROD-120,EMP-1032,REG-04,Direct Online,11,13092.0,0.0,144012.0,66010.84,78001.16,132491.04,Completed
ORD-HG-15423,2024-10-22,2024-10,CUST-1075,PROD-110,EMP-1023,REG-01,Retail Store,44,36140.88,0.0,1590198.72,699424.32,890774.4,1462982.82,Completed
ORD-HG-15424,2024-10-22,2024-10,CUST-1312,PROD-105,EMP-1043,REG-04,Field Sales,16,28112.11,0.05,427304.07,221986.97,205317.1,393119.74,Completed
ORD-HG-15425,2024-10-22,2024-10,CUST-1313,PROD-106,EMP-1006,REG-03,Direct Online,20,34129.87,0.02,668945.45,269867.25,399078.2,615429.81,Completed
ORD-HG-15426,2024-10-22,2024-10,CUST-1395,PROD-120,EMP-1022,REG-04,Field Sales,29,19912.65,0.02,565917.51,246219.6,319697.91,520644.11,Completed
ORD-HG-15427,2024-10-23,2024-10,CUST-1091,PROD-121,EMP-1038,REG-03,Direct Online,29,23729.09,0.02,674380.74,274447.71,399933.03,620430.28,Completed
ORD-HG-15428,2024-10-23,2024-10,CUST-1185,PROD-113,EMP-1044,REG-03,Direct Online,22,34051.27,0.02,734145.38,348824.18,385321.2,675413.75,Completed
ORD-HG-15429,2024-10-23,2024-10,CUST-1466,PROD-121,EMP-1039,REG-01,Enterprise Partner,10,5026.88,0.0,50268.8,20261.92,30006.88,46247.3,Completed
ORD-HG-15430,2024-10-23,2024-10,CUST-1001,PROD-104,EMP-1011,REG-04,Retail Store,6,42190.19,0.02,248078.32,124848.33,123229.99,228232.05,Completed
ORD-HG-15431,2024-10-23,2024-10,CUST-1388,PROD-104,EMP-1030,REG-04,Direct Online,15,6166.49,0.04,88797.46,36790.98,52006.48,81693.66,Completed
ORD-HG-15432,2024-10-23,2024-10,CUST-1245,PROD-117,EMP-1006,REG-02,Direct Online,25,9682.81,0.04,232387.44,119525.19,112862.25,213796.44,Completed
ORD-HG-15433,2024-10-23,2024-10,CUST-1424,PROD-124,EMP-1027,REG-05,Field Sales,7,7433.64,0.05,49433.71,21674.83,27758.88,45479.01,Completed
ORD-HG-15434,2024-10-23,2024-10,CUST-1364,PROD-121,EMP-1025,REG-01,Field Sales,27,35140.47,0.01,939304.76,397948.05,541356.71,864160.38,Completed
ORD-HG-15435,2024-10-23,2024-10,CUST-1185,PROD-106,EMP-1049,REG-03,Retail Store,36,24222.5,0.05,828409.5,337011.89,491397.61,762136.74,Completed
ORD-HG-15436,2024-10-23,2024-10,CUST-1163,PROD-124,EMP-1038,REG-04,Enterprise Partner,42,12056.83,0.0,506386.86,271315.65,235071.21,465875.91,Completed
ORD-HG-15437,2024-10-23,2024-10,CUST-1334,PROD-108,EMP-1001,REG-03,Field Sales,23,19751.7,0.03,440660.43,241120.31,199540.12,405407.6,Completed
ORD-HG-15438,2024-10-24,2024-10,CUST-1352,PROD-110,EMP-1033,REG-03,Direct Online,31,8230.26,0.03,247483.92,104243.88,143240.04,227685.21,Completed
ORD-HG-15439,2024-10-24,2024-10,CUST-1227,PROD-105,EMP-1026,REG-04,Retail Store,7,21283.13,0.02,146002.27,62935.41,83066.86,134322.09,Completed
ORD-HG-15440,2024-10-24,2024-10,CUST-1239,PROD-119,EMP-1033,REG-03,Field Sales,10,29078.87,0.02,284972.93,136374.31,148598.62,262175.1,Completed
ORD-HG-15441,2024-10-24,2024-10,CUST-1156,PROD-108,EMP-1040,REG-01,Field Sales,5,18920.62,0.0,94603.1,42876.82,51726.28,87034.85,Completed
ORD-HG-15442,2024-10-24,2024-10,CUST-1208,PROD-108,EMP-1047,REG-02,Enterprise Partner,29,26477.59,0.05,729457.6,295147.21,434310.39,671100.99,Completed
ORD-HG-15443,2024-10-24,2024-10,CUST-1470,PROD-123,EMP-1033,REG-04,Field Sales,22,16821.44,0.01,366370.96,151237.74,215133.22,337061.28,Completed
ORD-HG-15444,2024-10-24,2024-10,CUST-1329,PROD-117,EMP-1008,REG-01,Enterprise Partner,33,35870.39,0.03,1148211.18,574401.25,573809.93,1056354.29,Completed
ORD-HG-15445,2024-10-25,2024-10,CUST-1160,PROD-124,EMP-1036,REG-05,Direct Online,13,40916.83,0.03,515961.23,235247.3,280713.93,474684.33,Completed
ORD-HG-15446,2024-10-25,2024-10,CUST-1035,PROD-108,EMP-1044,REG-03,Retail Store,33,18959.7,0.0,625670.1,281118.9,344551.2,575616.49,Completed
ORD-HG-15447,2024-10-25,2024-10,CUST-1331,PROD-123,EMP-1025,REG-03,Direct Online,13,5525.7,0.02,70397.42,32403.27,37994.15,64765.63,Completed
ORD-HG-15448,2024-10-25,2024-10,CUST-1185,PROD-124,EMP-1029,REG-03,Field Sales,33,18219.9,0.05,571193.86,301344.36,269849.5,525498.35,Completed
ORD-HG-15449,2024-10-25,2024-10,CUST-1157,PROD-114,EMP-1010,REG-02,Field Sales,43,25780.06,0.0,1108542.58,506720.9,601821.68,1019859.17,Completed
ORD-HG-15450,2024-10-25,2024-10,CUST-1221,PROD-107,EMP-1042,REG-05,Enterprise Partner,21,41104.59,0.05,820036.57,368811.66,451224.91,754433.64,Completed
ORD-HG-15451,2024-10-25,2024-10,CUST-1186,PROD-122,EMP-1046,REG-05,Enterprise Partner,30,34702.42,0.05,989018.97,539139.97,449879.0,909897.45,Completed
ORD-HG-15452,2024-10-25,2024-10,CUST-1435,PROD-115,EMP-1013,REG-02,Direct Online,44,12371.45,0.01,538900.36,262217.63,276682.73,495788.33,Completed
ORD-HG-15453,2024-10-25,2024-10,CUST-1043,PROD-122,EMP-1029,REG-03,Enterprise Partner,24,14396.19,0.01,342053.47,166457.9,175595.57,314689.19,Completed
ORD-HG-15454,2024-10-25,2024-10,CUST-1258,PROD-119,EMP-1043,REG-05,Field Sales,31,15687.6,0.01,481452.44,233301.57,248150.87,442936.24,Completed
ORD-HG-15455,2024-10-26,2024-10,CUST-1348,PROD-106,EMP-1019,REG-03,Field Sales,20,44858.77,0.03,870260.14,449878.94,420381.2,800639.33,Completed
ORD-HG-15456,2024-10-26,2024-10,CUST-1051,PROD-120,EMP-1018,REG-04,Field Sales,26,28574.57,0.04,713221.27,363123.55,350097.72,656163.57,Completed
ORD-HG-15457,2024-10-26,2024-10,CUST-1136,PROD-119,EMP-1008,REG-03,Retail Store,44,35248.28,0.05,1473378.1,734164.1,739214.0,1355507.85,Completed
ORD-HG-15458,2024-10-26,2024-10,CUST-1399,PROD-110,EMP-1010,REG-03,Direct Online,8,41808.91,0.03,324437.14,157720.17,166716.97,298482.17,Completed
ORD-HG-15459,2024-10-26,2024-10,CUST-1194,PROD-107,EMP-1028,REG-05,Enterprise Partner,18,28565.61,0.03,498755.55,201324.05,297431.5,458855.11,Completed
ORD-HG-15460,2024-10-26,2024-10,CUST-1467,PROD-114,EMP-1022,REG-01,Direct Online,34,27040.52,0.05,873408.8,367018.24,506390.56,803536.1,Completed
ORD-HG-15461,2024-10-27,2024-10,CUST-1024,PROD-117,EMP-1006,REG-05,Direct Online,30,29365.53,0.05,836917.6,369828.18,467089.42,769964.19,Completed
ORD-HG-15462,2024-10-27,2024-10,CUST-1131,PROD-110,EMP-1010,REG-04,Retail Store,5,25625.23,0.02,125563.63,67096.75,58466.88,115518.54,Completed
ORD-HG-15463,2024-10-27,2024-10,CUST-1096,PROD-122,EMP-1049,REG-02,Retail Store,19,18813.95,0.03,346741.1,183650.5,163090.6,319001.81,Completed
ORD-HG-15464,2024-10-28,2024-10,CUST-1307,PROD-118,EMP-1037,REG-02,Enterprise Partner,39,39018.84,0.04,1460865.37,673211.56,787653.81,1343996.14,Completed
ORD-HG-15465,2024-10-28,2024-10,CUST-1264,PROD-123,EMP-1042,REG-04,Field Sales,30,38148.71,0.03,1110127.46,585853.43,524274.03,1021317.26,Completed
ORD-HG-15466,2024-10-28,2024-10,CUST-1120,PROD-102,EMP-1017,REG-02,Retail Store,31,6951.88,0.03,209043.03,95633.83,113409.2,192319.59,Completed
ORD-HG-15467,2024-10-28,2024-10,CUST-1368,PROD-112,EMP-1018,REG-01,Enterprise Partner,30,13228.44,0.05,377010.54,205478.59,171531.95,346849.7,Completed
ORD-HG-15468,2024-10-28,2024-10,CUST-1138,PROD-121,EMP-1019,REG-03,Direct Online,32,20017.79,0.03,621352.2,282864.48,338487.72,571644.02,Completed
ORD-HG-15469,2024-10-28,2024-10,CUST-1382,PROD-117,EMP-1025,REG-02,Field Sales,26,44203.98,0.03,1114824.38,518589.63,596234.75,1025638.43,Completed
ORD-HG-15470,2024-10-28,2024-10,CUST-1044,PROD-111,EMP-1004,REG-02,Enterprise Partner,14,14904.07,0.02,204483.84,109389.18,95094.66,188125.13,Completed
ORD-HG-15471,2024-10-29,2024-10,CUST-1408,PROD-118,EMP-1025,REG-02,Direct Online,25,27862.09,0.0,696552.25,327928.47,368623.78,640828.07,Completed
ORD-HG-15472,2024-10-29,2024-10,CUST-1309,PROD-101,EMP-1022,REG-05,Retail Store,44,22991.59,0.03,981281.06,515291.95,465989.11,902778.58,Completed
ORD-HG-15473,2024-10-30,2024-10,CUST-1223,PROD-121,EMP-1006,REG-01,Retail Store,36,31138.71,0.03,1087363.75,437402.19,649961.56,1000374.65,Completed
ORD-HG-15474,2024-10-30,2024-10,CUST-1083,PROD-122,EMP-1033,REG-01,Enterprise Partner,19,13421.23,0.02,249903.3,125587.52,124315.78,229911.04,Completed
ORD-HG-15475,2024-10-30,2024-10,CUST-1033,PROD-120,EMP-1045,REG-01,Direct Online,6,43142.73,0.01,256267.82,105231.39,151036.43,235766.39,Completed
ORD-HG-15476,2024-10-31,2024-10,CUST-1005,PROD-110,EMP-1040,REG-03,Direct Online,10,26836.42,0.02,262996.92,140880.02,122116.9,241957.17,Completed
ORD-HG-15477,2024-10-31,2024-10,CUST-1382,PROD-109,EMP-1023,REG-05,Field Sales,26,32261.69,0.02,822027.86,380496.41,441531.45,756265.63,Completed
ORD-HG-15478,2024-10-31,2024-10,CUST-1294,PROD-115,EMP-1007,REG-03,Direct Online,31,18241.96,0.04,542880.73,226174.28,316706.45,499450.27,Completed
ORD-HG-15479,2024-10-31,2024-10,CUST-1282,PROD-105,EMP-1035,REG-04,Field Sales,23,38505.27,0.03,859052.57,362507.81,496544.76,790328.36,Completed
ORD-HG-15480,2024-10-31,2024-10,CUST-1392,PROD-102,EMP-1049,REG-05,Direct Online,10,20786.94,0.01,205790.71,83323.53,122467.18,189327.45,Completed
ORD-HG-15481,2024-10-31,2024-10,CUST-1331,PROD-110,EMP-1035,REG-03,Field Sales,11,35925.37,0.01,391227.28,175288.79,215938.49,359929.1,Completed
ORD-HG-15482,2024-11-01,2024-11,CUST-1261,PROD-103,EMP-1016,REG-02,Field Sales,37,25297.33,0.02,917281.19,424376.85,492904.34,843898.69,Completed
ORD-HG-15483,2024-11-01,2024-11,CUST-1429,PROD-113,EMP-1011,REG-04,Field Sales,23,24125.04,0.04,532680.88,230614.88,302066.0,490066.41,Completed
ORD-HG-15484,2024-11-01,2024-11,CUST-1356,PROD-104,EMP-1017,REG-04,Direct Online,24,29041.66,0.02,683059.84,333350.44,349709.4,628415.05,Completed
ORD-HG-15485,2024-11-01,2024-11,CUST-1039,PROD-106,EMP-1021,REG-01,Enterprise Partner,10,37445.69,0.05,355734.06,170480.25,185253.81,327275.34,Completed
ORD-HG-15486,2024-11-01,2024-11,CUST-1483,PROD-108,EMP-1047,REG-04,Field Sales,10,27254.17,0.01,269816.28,113574.09,156242.19,248230.98,Completed
ORD-HG-15487,2024-11-02,2024-11,CUST-1000,PROD-119,EMP-1037,REG-02,Field Sales,8,34741.07,0.03,269590.7,138783.98,130806.72,248023.44,Completed
ORD-HG-15488,2024-11-02,2024-11,CUST-1391,PROD-114,EMP-1002,REG-05,Retail Store,33,17175.5,0.01,561123.58,285644.47,275479.11,516233.69,Completed
ORD-HG-15489,2024-11-02,2024-11,CUST-1209,PROD-110,EMP-1003,REG-03,Enterprise Partner,32,13920.1,0.05,423171.04,230941.34,192229.7,389317.36,Completed
ORD-HG-15490,2024-11-02,2024-11,CUST-1052,PROD-103,EMP-1047,REG-02,Direct Online,8,15790.11,0.03,122531.25,49097.12,73434.13,112728.75,Completed
ORD-HG-15491,2024-11-02,2024-11,CUST-1167,PROD-104,EMP-1022,REG-02,Enterprise Partner,32,32846.98,0.02,1030081.29,466366.34,563714.95,947674.79,Completed
ORD-HG-15492,2024-11-02,2024-11,CUST-1184,PROD-102,EMP-1013,REG-01,Enterprise Partner,18,14155.45,0.03,247154.16,116890.83,130263.33,227381.83,Completed
ORD-HG-15493,2024-11-02,2024-11,CUST-1003,PROD-113,EMP-1014,REG-05,Field Sales,38,30116.62,0.05,1087209.98,504420.86,582789.12,1000233.18,Completed
ORD-HG-15494,2024-11-02,2024-11,CUST-1069,PROD-124,EMP-1013,REG-04,Field Sales,32,36372.42,0.05,1105721.57,577241.48,528480.09,1017263.84,Completed
ORD-HG-15495,2024-11-02,2024-11,CUST-1410,PROD-116,EMP-1025,REG-03,Enterprise Partner,38,26035.62,0.04,949779.42,522131.0,427648.42,873797.07,Completed
ORD-HG-15496,2024-11-03,2024-11,CUST-1274,PROD-108,EMP-1041,REG-05,Enterprise Partner,27,40203.12,0.04,1042064.87,533047.16,509017.71,958699.68,Completed
ORD-HG-15497,2024-11-03,2024-11,CUST-1322,PROD-107,EMP-1046,REG-05,Direct Online,37,23780.45,0.03,853480.35,462534.11,390946.24,785201.92,Completed
ORD-HG-15498,2024-11-03,2024-11,CUST-1038,PROD-101,EMP-1049,REG-02,Enterprise Partner,8,40180.96,0.01,318233.2,144623.85,173609.35,292774.54,Completed
ORD-HG-15499,2024-11-03,2024-11,CUST-1163,PROD-113,EMP-1038,REG-05,Field Sales,18,5452.04,0.02,96173.99,42367.31,53806.68,88480.07,Completed
ORD-HG-15500,2024-11-03,2024-11,CUST-1186,PROD-114,EMP-1005,REG-05,Direct Online,24,40267.84,0.05,918106.75,405394.55,512712.2,844658.21,Completed
ORD-HG-15501,2024-11-03,2024-11,CUST-1476,PROD-119,EMP-1029,REG-04,Direct Online,43,36267.73,0.02,1528322.14,612110.4,916211.74,1406056.37,Completed
ORD-HG-15502,2024-11-03,2024-11,CUST-1046,PROD-114,EMP-1003,REG-04,Direct Online,6,14246.34,0.03,82913.7,43377.12,39536.58,76280.6,Completed
ORD-HG-15503,2024-11-03,2024-11,CUST-1455,PROD-111,EMP-1017,REG-05,Direct Online,18,17438.26,0.01,310749.79,164673.86,146075.93,285889.81,Completed
ORD-HG-15504,2024-11-03,2024-11,CUST-1333,PROD-122,EMP-1017,REG-04,Enterprise Partner,22,43685.7,0.02,941863.69,463089.0,478774.69,866514.59,Completed
ORD-HG-15505,2024-11-03,2024-11,CUST-1009,PROD-119,EMP-1019,REG-05,Direct Online,21,38749.59,0.0,813741.39,385762.17,427979.22,748642.08,Completed
ORD-HG-15506,2024-11-04,2024-11,CUST-1261,PROD-102,EMP-1022,REG-05,Field Sales,31,20017.94,0.04,595733.89,259640.58,336093.31,548075.18,Completed
ORD-HG-15507,2024-11-04,2024-11,CUST-1400,PROD-108,EMP-1031,REG-04,Direct Online,6,38233.04,0.05,217928.33,87434.38,130493.95,200494.06,Completed
ORD-HG-15508,2024-11-04,2024-11,CUST-1342,PROD-107,EMP-1032,REG-02,Retail Store,28,10828.72,0.01,300172.12,130850.01,169322.11,276158.35,Completed
ORD-HG-15509,2024-11-04,2024-11,CUST-1024,PROD-111,EMP-1004,REG-04,Retail Store,27,16227.48,0.04,420616.28,204799.04,215817.24,386966.98,Completed
ORD-HG-15510,2024-11-04,2024-11,CUST-1386,PROD-106,EMP-1002,REG-05,Direct Online,11,14186.72,0.02,152932.84,64272.3,88660.54,140698.21,Completed
ORD-HG-15511,2024-11-04,2024-11,CUST-1400,PROD-117,EMP-1035,REG-02,Enterprise Partner,26,26385.64,0.0,686026.64,312538.22,373488.42,631144.51,Completed
ORD-HG-15512,2024-11-04,2024-11,CUST-1150,PROD-119,EMP-1048,REG-05,Retail Store,15,16729.37,0.05,238393.52,103046.81,135346.71,219322.04,Completed
ORD-HG-15513,2024-11-04,2024-11,CUST-1126,PROD-123,EMP-1029,REG-02,Direct Online,35,36646.19,0.01,1269790.48,645558.19,624232.29,1168207.24,Completed
ORD-HG-15514,2024-11-04,2024-11,CUST-1070,PROD-109,EMP-1047,REG-05,Direct Online,24,24097.45,0.01,572555.41,293947.77,278607.64,526750.98,Completed
ORD-HG-15515,2024-11-05,2024-11,CUST-1398,PROD-104,EMP-1008,REG-02,Field Sales,39,9804.51,0.04,367080.85,194407.64,172673.21,337714.38,Completed
ORD-HG-15516,2024-11-05,2024-11,CUST-1301,PROD-109,EMP-1022,REG-04,Enterprise Partner,10,20336.94,0.05,193200.93,89959.06,103241.87,177744.86,Completed
ORD-HG-15517,2024-11-05,2024-11,CUST-1313,PROD-114,EMP-1002,REG-02,Direct Online,43,23191.23,0.03,967306.2,406174.37,561131.83,889921.7,Completed
ORD-HG-15518,2024-11-05,2024-11,CUST-1340,PROD-114,EMP-1021,REG-02,Field Sales,36,22393.76,0.02,790051.85,365659.37,424392.48,726847.7,Completed
ORD-HG-15519,2024-11-05,2024-11,CUST-1144,PROD-105,EMP-1006,REG-04,Field Sales,16,5225.24,0.04,80259.69,34535.03,45724.66,73838.91,Completed
ORD-HG-15520,2024-11-05,2024-11,CUST-1209,PROD-110,EMP-1001,REG-02,Field Sales,10,18789.42,0.01,186015.26,80899.28,105115.98,171134.04,Completed
ORD-HG-15521,2024-11-06,2024-11,CUST-1331,PROD-116,EMP-1020,REG-02,Enterprise Partner,19,13640.44,0.04,248801.63,119560.24,129241.39,228897.5,Completed
ORD-HG-15522,2024-11-06,2024-11,CUST-1281,PROD-115,EMP-1020,REG-05,Retail Store,28,13513.8,0.03,367034.81,147675.35,219359.46,337672.03,Completed
ORD-HG-15523,2024-11-06,2024-11,CUST-1388,PROD-103,EMP-1033,REG-02,Enterprise Partner,10,8723.32,0.01,86360.87,36658.32,49702.55,79452.0,Completed
ORD-HG-15524,2024-11-06,2024-11,CUST-1341,PROD-112,EMP-1047,REG-04,Enterprise Partner,9,19839.29,0.02,174982.54,94981.9,80000.64,160983.94,Completed
ORD-HG-15525,2024-11-06,2024-11,CUST-1218,PROD-123,EMP-1011,REG-03,Direct Online,18,28761.02,0.01,512521.38,238856.66,273664.72,471519.67,Completed
ORD-HG-15526,2024-11-06,2024-11,CUST-1381,PROD-111,EMP-1031,REG-03,Retail Store,5,5650.33,0.04,27121.58,11540.8,15580.78,24951.85,Completed
ORD-HG-15527,2024-11-06,2024-11,CUST-1480,PROD-109,EMP-1045,REG-05,Field Sales,12,37684.05,0.01,447686.51,217489.59,230196.92,411871.59,Completed
ORD-HG-15528,2024-11-06,2024-11,CUST-1257,PROD-108,EMP-1049,REG-02,Retail Store,25,18440.27,0.03,447176.55,211266.02,235910.53,411402.43,Completed
ORD-HG-15529,2024-11-06,2024-11,CUST-1108,PROD-116,EMP-1033,REG-02,Enterprise Partner,13,40540.92,0.04,505950.68,242334.49,263616.19,465474.63,Completed
ORD-HG-15530,2024-11-06,2024-11,CUST-1174,PROD-117,EMP-1046,REG-02,Direct Online,11,44482.74,0.05,464844.63,193567.27,271277.36,427657.06,Completed
ORD-HG-15531,2024-11-06,2024-11,CUST-1115,PROD-112,EMP-1035,REG-03,Enterprise Partner,38,16909.54,0.0,642562.52,266849.85,375712.67,591157.52,Completed
ORD-HG-15532,2024-11-06,2024-11,CUST-1254,PROD-123,EMP-1048,REG-05,Enterprise Partner,25,30481.77,0.02,746803.36,401342.58,345460.78,687059.09,Completed
ORD-HG-15533,2024-11-06,2024-11,CUST-1327,PROD-109,EMP-1027,REG-05,Direct Online,38,30738.07,0.01,1156366.19,584602.69,571763.5,1063856.89,Completed
ORD-HG-15534,2024-11-07,2024-11,CUST-1234,PROD-109,EMP-1008,REG-05,Direct Online,26,25404.03,0.0,660504.78,274542.49,385962.29,607664.4,Completed
ORD-HG-15535,2024-11-07,2024-11,CUST-1186,PROD-113,EMP-1007,REG-02,Retail Store,13,30568.31,0.03,385466.39,207822.48,177643.91,354629.08,Completed
ORD-HG-15536,2024-11-07,2024-11,CUST-1059,PROD-121,EMP-1002,REG-02,Enterprise Partner,27,18466.84,0.04,478660.49,205660.1,273000.39,440367.65,Completed
ORD-HG-15537,2024-11-07,2024-11,CUST-1091,PROD-114,EMP-1041,REG-03,Retail Store,36,22101.82,0.03,771795.55,373281.95,398513.6,710051.91,Completed
ORD-HG-15538,2024-11-07,2024-11,CUST-1146,PROD-101,EMP-1020,REG-02,Direct Online,31,38407.87,0.02,1166831.09,531837.8,634993.29,1073484.6,Completed
ORD-HG-15539,2024-11-07,2024-11,CUST-1381,PROD-103,EMP-1021,REG-02,Retail Store,20,27514.05,0.04,528269.76,284678.8,243590.96,486008.18,Completed
ORD-HG-15540,2024-11-07,2024-11,CUST-1015,PROD-110,EMP-1033,REG-04,Retail Store,25,6778.38,0.04,162681.12,80760.31,81920.81,149666.63,Completed
ORD-HG-15541,2024-11-07,2024-11,CUST-1034,PROD-102,EMP-1033,REG-02,Retail Store,14,42660.72,0.0,597250.08,314769.93,282480.15,549470.07,Completed
ORD-HG-15542,2024-11-07,2024-11,CUST-1252,PROD-124,EMP-1044,REG-04,Direct Online,32,11632.44,0.02,364793.32,164100.99,200692.33,335609.85,Completed
ORD-HG-15543,2024-11-07,2024-11,CUST-1408,PROD-105,EMP-1008,REG-03,Direct Online,40,20959.03,0.04,804826.75,415613.95,389212.8,740440.61,Completed
ORD-HG-15544,2024-11-07,2024-11,CUST-1356,PROD-104,EMP-1030,REG-02,Retail Store,43,11601.89,0.01,493892.46,252870.13,241022.33,454381.06,Completed
ORD-HG-15545,2024-11-08,2024-11,CUST-1461,PROD-114,EMP-1027,REG-04,Direct Online,35,15327.36,0.01,531093.02,274947.02,256146.0,488605.58,Completed
ORD-HG-15546,2024-11-08,2024-11,CUST-1145,PROD-110,EMP-1041,REG-03,Field Sales,7,42148.82,0.01,292091.32,132186.66,159904.66,268724.01,Completed
ORD-HG-15547,2024-11-08,2024-11,CUST-1186,PROD-124,EMP-1009,REG-03,Field Sales,34,11443.88,0.02,381310.08,200226.27,181083.81,350805.27,Completed
ORD-HG-15548,2024-11-08,2024-11,CUST-1152,PROD-121,EMP-1049,REG-04,Enterprise Partner,25,15053.94,0.03,365058.04,156683.45,208374.59,335853.4,Completed
ORD-HG-15549,2024-11-09,2024-11,CUST-1130,PROD-123,EMP-1025,REG-02,Enterprise Partner,44,17570.36,0.04,742172.01,366074.21,376097.8,682798.25,Completed
ORD-HG-15550,2024-11-09,2024-11,CUST-1107,PROD-106,EMP-1009,REG-05,Direct Online,24,39612.85,0.0,950708.4,488866.51,461841.89,874651.73,Completed
ORD-HG-15551,2024-11-09,2024-11,CUST-1072,PROD-103,EMP-1007,REG-03,Enterprise Partner,34,15176.02,0.03,500505.14,238305.49,262199.65,460464.73,Completed
ORD-HG-15552,2024-11-10,2024-11,CUST-1169,PROD-123,EMP-1029,REG-01,Field Sales,20,17425.61,0.01,345027.08,162379.01,182648.07,317424.91,Completed
ORD-HG-15553,2024-11-10,2024-11,CUST-1086,PROD-121,EMP-1033,REG-01,Direct Online,21,39563.31,0.02,814212.92,408035.86,406177.06,749075.89,Completed
ORD-HG-15554,2024-11-10,2024-11,CUST-1335,PROD-124,EMP-1026,REG-01,Enterprise Partner,35,31863.61,0.03,1081769.56,530125.65,551643.91,995228.0,Completed
ORD-HG-15555,2024-11-10,2024-11,CUST-1243,PROD-113,EMP-1037,REG-04,Retail Store,5,44798.77,0.0,223993.85,98012.32,125981.53,206074.34,Completed
ORD-HG-15556,2024-11-10,2024-11,CUST-1230,PROD-108,EMP-1036,REG-02,Enterprise Partner,30,14765.57,0.05,420818.74,177517.99,243300.75,387153.24,Completed
ORD-HG-15557,2024-11-10,2024-11,CUST-1303,PROD-112,EMP-1046,REG-03,Enterprise Partner,38,28783.77,0.05,1039094.1,502137.91,536956.19,955966.57,Completed
ORD-HG-15558,2024-11-10,2024-11,CUST-1348,PROD-115,EMP-1042,REG-01,Retail Store,33,13310.28,0.04,421669.67,218097.82,203571.85,387936.1,Completed
ORD-HG-15559,2024-11-10,2024-11,CUST-1090,PROD-118,EMP-1032,REG-03,Direct Online,6,37086.92,0.03,215845.87,115476.39,100369.48,198578.2,Completed
ORD-HG-15560,2024-11-11,2024-11,CUST-1194,PROD-120,EMP-1034,REG-02,Enterprise Partner,42,24722.84,0.04,996824.91,534788.71,462036.2,917078.92,Completed
ORD-HG-15561,2024-11-11,2024-11,CUST-1344,PROD-115,EMP-1007,REG-04,Enterprise Partner,18,27958.42,0.0,503251.56,239169.59,264081.97,462991.44,Completed
ORD-HG-15562,2024-11-11,2024-11,CUST-1386,PROD-111,EMP-1024,REG-01,Enterprise Partner,12,44073.75,0.01,523596.15,264083.18,259512.97,481708.46,Completed
ORD-HG-15563,2024-11-11,2024-11,CUST-1299,PROD-113,EMP-1022,REG-02,Retail Store,33,7085.47,0.03,226805.89,110805.96,115999.93,208661.42,Completed
ORD-HG-15564,2024-11-11,2024-11,CUST-1360,PROD-122,EMP-1013,REG-02,Enterprise Partner,15,30005.89,0.04,432084.82,175074.0,257010.82,397518.03,Completed
ORD-HG-15565,2024-11-11,2024-11,CUST-1144,PROD-111,EMP-1025,REG-03,Enterprise Partner,7,38124.41,0.01,264202.16,132555.12,131647.04,243065.99,Completed
ORD-HG-15566,2024-11-11,2024-11,CUST-1378,PROD-113,EMP-1029,REG-03,Enterprise Partner,28,10129.66,0.03,275121.57,130856.56,144265.01,253111.84,Completed
ORD-HG-15567,2024-11-11,2024-11,CUST-1092,PROD-105,EMP-1032,REG-02,Direct Online,18,7625.81,0.03,133146.64,66749.25,66397.39,122494.91,Completed
ORD-HG-15568,2024-11-11,2024-11,CUST-1467,PROD-123,EMP-1019,REG-01,Field Sales,41,30690.64,0.04,1207983.59,636136.08,571847.51,1111344.9,Completed
ORD-HG-15569,2024-11-12,2024-11,CUST-1030,PROD-120,EMP-1005,REG-05,Direct Online,26,18910.0,0.02,481826.8,236568.83,245257.97,443280.66,Completed
ORD-HG-15570,2024-11-12,2024-11,CUST-1445,PROD-101,EMP-1036,REG-05,Field Sales,27,35958.34,0.01,961166.43,435598.66,525567.77,884273.12,Completed
ORD-HG-15571,2024-11-12,2024-11,CUST-1104,PROD-121,EMP-1035,REG-01,Direct Online,10,21657.54,0.01,214409.65,105613.7,108795.95,197256.88,Completed
ORD-HG-15572,2024-11-12,2024-11,CUST-1442,PROD-115,EMP-1013,REG-01,Retail Store,8,18685.12,0.01,147986.15,71367.32,76618.83,136147.26,Completed
ORD-HG-15573,2024-11-12,2024-11,CUST-1023,PROD-111,EMP-1048,REG-03,Direct Online,42,19835.94,0.03,808116.2,400292.66,407823.54,743466.9,Completed
ORD-HG-15574,2024-11-12,2024-11,CUST-1081,PROD-112,EMP-1030,REG-01,Retail Store,44,34859.24,0.05,1457116.23,699652.49,757463.74,1340546.93,Completed
ORD-HG-15575,2024-11-12,2024-11,CUST-1417,PROD-121,EMP-1040,REG-04,Enterprise Partner,13,40455.5,0.02,515403.07,222565.23,292837.84,474170.82,Completed
ORD-HG-15576,2024-11-13,2024-11,CUST-1463,PROD-107,EMP-1029,REG-03,Direct Online,39,18165.66,0.05,673037.7,292023.92,381013.78,619194.68,Completed
ORD-HG-15577,2024-11-13,2024-11,CUST-1197,PROD-123,EMP-1038,REG-05,Field Sales,26,18193.86,0.04,454118.75,244146.41,209972.34,417789.25,Completed
ORD-HG-15578,2024-11-13,2024-11,CUST-1056,PROD-105,EMP-1016,REG-05,Direct Online,37,41834.63,0.04,1485966.06,788621.76,697344.3,1367088.78,Completed
ORD-HG-15579,2024-11-13,2024-11,CUST-1171,PROD-123,EMP-1032,REG-05,Enterprise Partner,41,14608.53,0.03,580981.24,290004.18,290977.06,534502.74,Completed
ORD-HG-15580,2024-11-13,2024-11,CUST-1000,PROD-123,EMP-1004,REG-03,Field Sales,30,42633.89,0.05,1215065.86,524931.43,690134.43,1117860.59,Completed
ORD-HG-15581,2024-11-13,2024-11,CUST-1102,PROD-110,EMP-1048,REG-05,Retail Store,12,34994.49,0.04,403136.52,210330.12,192806.4,370885.6,Completed
ORD-HG-15582,2024-11-13,2024-11,CUST-1224,PROD-105,EMP-1023,REG-05,Direct Online,24,32807.37,0.01,779503.11,402645.84,376857.27,717142.86,Completed
ORD-HG-15583,2024-11-13,2024-11,CUST-1196,PROD-111,EMP-1044,REG-02,Enterprise Partner,7,6270.65,0.04,42138.77,20001.43,22137.34,38767.67,Completed
ORD-HG-15584,2024-11-13,2024-11,CUST-1259,PROD-101,EMP-1009,REG-03,Enterprise Partner,17,44326.78,0.01,746019.71,393810.21,352209.5,686338.13,Completed
ORD-HG-15585,2024-11-13,2024-11,CUST-1088,PROD-113,EMP-1014,REG-04,Enterprise Partner,28,37360.93,0.01,1035644.98,432570.86,603074.12,952793.38,Completed
ORD-HG-15586,2024-11-14,2024-11,CUST-1334,PROD-103,EMP-1010,REG-03,Enterprise Partner,32,44463.14,0.0,1422820.48,622956.41,799864.07,1308994.84,Completed
ORD-HG-15587,2024-11-14,2024-11,CUST-1269,PROD-102,EMP-1031,REG-05,Field Sales,29,41475.05,0.04,1154665.39,561856.39,592809.0,1062292.16,Completed
ORD-HG-15588,2024-11-14,2024-11,CUST-1252,PROD-102,EMP-1019,REG-01,Retail Store,35,11492.58,0.05,382128.28,208274.98,173853.3,351558.02,Completed
ORD-HG-15589,2024-11-14,2024-11,CUST-1015,PROD-103,EMP-1043,REG-02,Retail Store,21,32276.47,0.04,650693.64,330947.19,319746.45,598638.15,Completed
ORD-HG-15590,2024-11-14,2024-11,CUST-1320,PROD-114,EMP-1035,REG-02,Field Sales,12,11109.94,0.02,130652.89,52470.56,78182.33,120200.66,Completed
ORD-HG-15591,2024-11-14,2024-11,CUST-1169,PROD-116,EMP-1031,REG-02,Field Sales,37,34508.89,0.02,1251292.35,645637.23,605655.12,1151188.96,Completed
ORD-HG-15592,2024-11-15,2024-11,CUST-1030,PROD-120,EMP-1034,REG-03,Field Sales,40,39156.49,0.04,1503609.22,645305.88,858303.34,1383320.48,Completed
ORD-HG-15593,2024-11-15,2024-11,CUST-1127,PROD-111,EMP-1048,REG-03,Direct Online,21,40231.04,0.03,819506.28,392964.63,426541.65,753945.78,Completed
ORD-HG-15594,2024-11-15,2024-11,CUST-1312,PROD-101,EMP-1001,REG-02,Direct Online,24,44200.35,0.03,1028984.15,520324.28,508659.87,946665.42,Completed
ORD-HG-15595,2024-11-15,2024-11,CUST-1319,PROD-103,EMP-1047,REG-04,Field Sales,37,42445.55,0.02,1539075.64,745202.0,793873.64,1415949.59,Completed
ORD-HG-15596,2024-11-15,2024-11,CUST-1079,PROD-103,EMP-1040,REG-04,Field Sales,22,7856.53,0.05,164201.48,84045.88,80155.6,151065.36,Completed
ORD-HG-15597,2024-11-15,2024-11,CUST-1071,PROD-122,EMP-1032,REG-03,Direct Online,6,40781.92,0.05,232456.94,94645.73,137811.21,213860.38,Completed
ORD-HG-15598,2024-11-15,2024-11,CUST-1216,PROD-121,EMP-1009,REG-03,Field Sales,19,32325.9,0.01,608050.18,254873.68,353176.5,559406.17,Completed
ORD-HG-15599,2024-11-16,2024-11,CUST-1154,PROD-107,EMP-1042,REG-02,Direct Online,23,16815.2,0.03,375147.11,179996.33,195150.78,345135.34,Completed
ORD-HG-15600,2024-11-16,2024-11,CUST-1488,PROD-113,EMP-1024,REG-05,Field Sales,28,7732.92,0.0,216521.76,90243.75,126278.01,199200.02,Completed
ORD-HG-15601,2024-11-16,2024-11,CUST-1327,PROD-111,EMP-1047,REG-03,Field Sales,21,26372.06,0.0,553813.26,266894.09,286919.17,509508.2,Completed
ORD-HG-15602,2024-11-16,2024-11,CUST-1194,PROD-112,EMP-1017,REG-01,Retail Store,24,26066.82,0.02,613091.61,250586.99,362504.62,564044.28,Completed
ORD-HG-15603,2024-11-16,2024-11,CUST-1324,PROD-113,EMP-1015,REG-04,Field Sales,13,17936.73,0.02,228513.94,104425.98,124087.96,210232.82,Completed
ORD-HG-15604,2024-11-16,2024-11,CUST-1435,PROD-117,EMP-1044,REG-01,Retail Store,28,37986.74,0.0,1063628.72,573696.2,489932.52,978538.42,Completed
ORD-HG-15605,2024-11-16,2024-11,CUST-1015,PROD-107,EMP-1043,REG-05,Direct Online,12,6882.93,0.04,79291.35,43411.09,35880.26,72948.04,Completed
ORD-HG-15606,2024-11-16,2024-11,CUST-1218,PROD-103,EMP-1034,REG-01,Enterprise Partner,23,34615.83,0.05,756355.89,304673.58,451682.31,695847.42,Completed
ORD-HG-15607,2024-11-16,2024-11,CUST-1349,PROD-114,EMP-1030,REG-02,Field Sales,21,40569.56,0.01,843441.15,441534.14,401907.01,775965.86,Completed
ORD-HG-15608,2024-11-16,2024-11,CUST-1418,PROD-104,EMP-1048,REG-05,Enterprise Partner,12,38988.89,0.0,467866.68,236813.29,231053.39,430437.35,Completed
ORD-HG-15609,2024-11-16,2024-11,CUST-1396,PROD-115,EMP-1004,REG-01,Direct Online,37,20054.81,0.02,727187.41,322725.6,404461.81,669012.42,Completed
ORD-HG-15610,2024-11-17,2024-11,CUST-1233,PROD-113,EMP-1021,REG-04,Field Sales,26,34996.16,0.01,900801.16,416958.56,483842.6,828737.07,Completed
ORD-HG-15611,2024-11-17,2024-11,CUST-1485,PROD-111,EMP-1043,REG-02,Direct Online,13,40970.4,0.04,511310.59,242210.42,269100.17,470405.74,Completed
ORD-HG-15612,2024-11-17,2024-11,CUST-1322,PROD-122,EMP-1029,REG-04,Field Sales,39,33373.38,0.04,1249499.35,675836.1,573663.25,1149539.4,Completed
ORD-HG-15613,2024-11-17,2024-11,CUST-1206,PROD-120,EMP-1030,REG-04,Direct Online,23,15859.62,0.0,364771.26,158530.1,206241.16,335589.56,Completed
ORD-HG-15614,2024-11-17,2024-11,CUST-1098,PROD-102,EMP-1001,REG-04,Enterprise Partner,15,8106.14,0.04,116728.42,55383.48,61344.94,107390.15,Completed
ORD-HG-15615,2024-11-17,2024-11,CUST-1025,PROD-123,EMP-1028,REG-02,Enterprise Partner,11,23514.66,0.0,258661.26,115456.88,143204.38,237968.36,Completed
ORD-HG-15616,2024-11-17,2024-11,CUST-1092,PROD-103,EMP-1024,REG-03,Field Sales,40,15097.05,0.0,603882.0,261313.32,342568.68,555571.44,Completed
ORD-HG-15617,2024-11-17,2024-11,CUST-1282,PROD-113,EMP-1005,REG-03,Field Sales,39,15792.14,0.05,585098.79,306115.73,278983.06,538290.89,Completed
ORD-HG-15618,2024-11-17,2024-11,CUST-1009,PROD-118,EMP-1048,REG-03,Field Sales,22,8892.26,0.01,193673.42,87741.8,105931.62,178179.55,Completed
ORD-HG-15619,2024-11-17,2024-11,CUST-1477,PROD-122,EMP-1049,REG-04,Enterprise Partner,20,21299.94,0.04,408958.85,189361.33,219597.52,376242.14,Completed
ORD-HG-15620,2024-11-17,2024-11,CUST-1487,PROD-104,EMP-1046,REG-05,Direct Online,20,36058.27,0.05,685107.13,335469.72,349637.41,630298.56,Completed
ORD-HG-15621,2024-11-17,2024-11,CUST-1376,PROD-121,EMP-1037,REG-04,Field Sales,39,16876.52,0.0,658184.28,300311.42,357872.86,605529.54,Completed
ORD-HG-15622,2024-11-17,2024-11,CUST-1178,PROD-120,EMP-1023,REG-01,Direct Online,38,37488.78,0.04,1367590.69,730852.53,636738.16,1258183.43,Completed
ORD-HG-15623,2024-11-18,2024-11,CUST-1110,PROD-101,EMP-1026,REG-05,Retail Store,31,19291.17,0.02,586065.74,306369.66,279696.08,539180.48,Completed
ORD-HG-15624,2024-11-18,2024-11,CUST-1024,PROD-118,EMP-1008,REG-02,Field Sales,33,25297.77,0.02,818129.88,442645.98,375483.9,752679.49,Completed
ORD-HG-15625,2024-11-18,2024-11,CUST-1486,PROD-111,EMP-1040,REG-02,Enterprise Partner,41,40177.38,0.01,1630799.85,855156.11,775643.74,1500335.86,Completed
ORD-HG-15626,2024-11-18,2024-11,CUST-1316,PROD-119,EMP-1001,REG-05,Direct Online,18,30648.84,0.01,546162.33,270492.81,275669.52,502469.34,Completed
ORD-HG-15627,2024-11-18,2024-11,CUST-1301,PROD-102,EMP-1011,REG-02,Direct Online,33,26173.56,0.04,829178.38,355880.15,473298.23,762844.11,Completed
ORD-HG-15628,2024-11-18,2024-11,CUST-1145,PROD-102,EMP-1016,REG-05,Field Sales,43,24563.43,0.02,1035102.94,557889.16,477213.78,952294.7,Completed
ORD-HG-15629,2024-11-18,2024-11,CUST-1035,PROD-121,EMP-1035,REG-05,Enterprise Partner,6,14050.44,0.05,80087.51,35251.29,44836.22,73680.51,Completed
ORD-HG-15630,2024-11-18,2024-11,CUST-1237,PROD-110,EMP-1035,REG-05,Field Sales,11,20737.55,0.03,221269.66,106272.15,114997.51,203568.09,Completed
ORD-HG-15631,2024-11-18,2024-11,CUST-1181,PROD-101,EMP-1016,REG-01,Retail Store,12,5218.35,0.01,61994.0,27916.48,34077.52,57034.48,Completed
ORD-HG-15632,2024-11-18,2024-11,CUST-1020,PROD-123,EMP-1001,REG-02,Field Sales,21,13116.62,0.01,272694.53,131753.42,140941.11,250878.97,Completed
ORD-HG-15633,2024-11-18,2024-11,CUST-1318,PROD-117,EMP-1019,REG-02,Field Sales,18,12195.24,0.04,210733.75,105684.3,105049.45,193875.05,Completed
ORD-HG-15634,2024-11-18,2024-11,CUST-1079,PROD-103,EMP-1039,REG-05,Enterprise Partner,22,19809.19,0.03,422728.11,189324.08,233404.03,388909.86,Completed
ORD-HG-15635,2024-11-18,2024-11,CUST-1083,PROD-106,EMP-1032,REG-02,Retail Store,34,14163.63,0.05,457485.25,210949.87,246535.38,420886.43,Completed
ORD-HG-15636,2024-11-18,2024-11,CUST-1424,PROD-113,EMP-1016,REG-03,Retail Store,7,25074.02,0.04,168497.41,73620.92,94876.49,155017.62,Completed
ORD-HG-15637,2024-11-19,2024-11,CUST-1367,PROD-123,EMP-1011,REG-01,Enterprise Partner,20,10954.94,0.04,210334.85,107606.46,102728.39,193508.06,Completed
ORD-HG-15638,2024-11-19,2024-11,CUST-1060,PROD-122,EMP-1042,REG-03,Field Sales,12,36905.79,0.01,438440.79,192118.17,246322.62,403365.53,Completed
ORD-HG-15639,2024-11-19,2024-11,CUST-1190,PROD-113,EMP-1007,REG-04,Enterprise Partner,20,26130.78,0.03,506937.13,261179.55,245757.58,466382.16,Completed
ORD-HG-15640,2024-11-19,2024-11,CUST-1227,PROD-101,EMP-1027,REG-04,Direct Online,44,34908.39,0.01,1520609.47,823746.29,696863.18,1398960.71,Completed
ORD-HG-15641,2024-11-19,2024-11,CUST-1034,PROD-117,EMP-1017,REG-01,Retail Store,34,42399.31,0.03,1398329.24,621762.62,776566.62,1286462.9,Completed
ORD-HG-15642,2024-11-19,2024-11,CUST-1245,PROD-118,EMP-1004,REG-05,Direct Online,43,39343.93,0.03,1641035.32,862806.42,778228.9,1509752.49,Completed
ORD-HG-15643,2024-11-19,2024-11,CUST-1127,PROD-120,EMP-1007,REG-04,Field Sales,22,39581.65,0.01,862088.34,432012.01,430076.33,793121.27,Completed
ORD-HG-15644,2024-11-19,2024-11,CUST-1107,PROD-112,EMP-1001,REG-01,Direct Online,40,40539.84,0.04,1556729.86,703447.07,853282.79,1432191.47,Completed
ORD-HG-15645,2024-11-20,2024-11,CUST-1109,PROD-119,EMP-1038,REG-05,Enterprise Partner,41,42136.36,0.02,1693038.94,693454.8,999584.14,1557595.82,Completed
ORD-HG-15646,2024-11-20,2024-11,CUST-1304,PROD-124,EMP-1047,REG-04,Field Sales,15,21665.55,0.01,321733.42,153771.21,167962.21,295994.75,Completed
ORD-HG-15647,2024-11-20,2024-11,CUST-1069,PROD-104,EMP-1040,REG-02,Retail Store,7,12230.45,0.04,82188.62,37972.9,44215.72,75613.53,Completed
ORD-HG-15648,2024-11-20,2024-11,CUST-1425,PROD-105,EMP-1035,REG-02,Direct Online,36,24161.62,0.02,852421.95,388368.71,464053.24,784228.19,Completed
ORD-HG-15649,2024-11-20,2024-11,CUST-1105,PROD-115,EMP-1016,REG-04,Field Sales,28,12960.93,0.04,348389.8,153091.1,195298.7,320518.62,Completed
ORD-HG-15650,2024-11-20,2024-11,CUST-1195,PROD-108,EMP-1025,REG-05,Direct Online,30,26312.39,0.03,765690.55,326901.85,438788.7,704435.31,Completed
ORD-HG-15651,2024-11-21,2024-11,CUST-1093,PROD-123,EMP-1032,REG-04,Retail Store,14,30004.9,0.01,415867.91,171576.46,244291.45,382598.48,Completed
ORD-HG-15652,2024-11-21,2024-11,CUST-1372,PROD-123,EMP-1010,REG-01,Retail Store,31,40679.97,0.03,1223246.7,541518.32,681728.38,1125386.96,Completed
ORD-HG-15653,2024-11-21,2024-11,CUST-1106,PROD-110,EMP-1007,REG-03,Direct Online,34,26031.05,0.05,840802.91,410622.95,430179.96,773538.68,Completed
ORD-HG-15654,2024-11-21,2024-11,CUST-1446,PROD-122,EMP-1019,REG-05,Direct Online,6,13950.74,0.0,83704.44,38942.37,44762.07,77008.08,Completed
ORD-HG-15655,2024-11-22,2024-11,CUST-1239,PROD-120,EMP-1014,REG-04,Direct Online,38,32694.53,0.03,1205120.38,648287.0,556833.38,1108710.75,Completed
ORD-HG-15656,2024-11-22,2024-11,CUST-1070,PROD-111,EMP-1008,REG-03,Direct Online,6,25093.85,0.05,143034.94,73849.57,69185.37,131592.14,Completed
ORD-HG-15657,2024-11-22,2024-11,CUST-1381,PROD-109,EMP-1026,REG-04,Direct Online,28,12227.0,0.01,338932.44,149449.95,189482.49,311817.84,Completed
ORD-HG-15658,2024-11-22,2024-11,CUST-1097,PROD-102,EMP-1001,REG-05,Direct Online,11,22039.86,0.03,235165.31,126600.31,108565.0,216352.09,Completed
ORD-HG-15659,2024-11-22,2024-11,CUST-1079,PROD-107,EMP-1016,REG-03,Enterprise Partner,12,32971.05,0.05,375869.97,205633.58,170236.39,345800.37,Completed
ORD-HG-15660,2024-11-22,2024-11,CUST-1117,PROD-120,EMP-1040,REG-01,Retail Store,8,43412.8,0.05,329937.28,151884.57,178052.71,303542.3,Completed
ORD-HG-15661,2024-11-22,2024-11,CUST-1320,PROD-117,EMP-1037,REG-03,Enterprise Partner,31,5691.73,0.01,174679.19,74135.17,100544.02,160704.85,Completed
ORD-HG-15662,2024-11-22,2024-11,CUST-1147,PROD-118,EMP-1014,REG-03,Direct Online,33,39538.64,0.0,1304775.12,548074.44,756700.68,1200393.11,Completed
ORD-HG-15663,2024-11-23,2024-11,CUST-1054,PROD-116,EMP-1028,REG-05,Field Sales,20,18235.08,0.02,357407.57,145809.39,211598.18,328814.96,Completed
ORD-HG-15664,2024-11-23,2024-11,CUST-1181,PROD-111,EMP-1047,REG-04,Enterprise Partner,44,43930.24,0.01,1913601.25,928526.6,985074.65,1760513.15,Completed
ORD-HG-15665,2024-11-23,2024-11,CUST-1356,PROD-115,EMP-1027,REG-02,Field Sales,32,40393.45,0.01,1279664.5,634389.15,645275.35,1177291.34,Completed
ORD-HG-15666,2024-11-23,2024-11,CUST-1435,PROD-118,EMP-1001,REG-04,Enterprise Partner,44,10596.45,0.03,452256.49,202502.24,249754.25,416075.97,Completed
ORD-HG-15667,2024-11-23,2024-11,CUST-1036,PROD-120,EMP-1033,REG-02,Direct Online,20,20277.16,0.05,385266.04,198306.32,186959.72,354444.76,Completed
ORD-HG-15668,2024-11-23,2024-11,CUST-1300,PROD-122,EMP-1011,REG-02,Enterprise Partner,39,8118.69,0.01,313462.62,131151.73,182310.89,288385.61,Completed
ORD-HG-15669,2024-11-23,2024-11,CUST-1269,PROD-114,EMP-1047,REG-05,Field Sales,19,13706.9,0.01,257826.79,124536.92,133289.87,237200.65,Completed
ORD-HG-15670,2024-11-23,2024-11,CUST-1422,PROD-112,EMP-1035,REG-03,Direct Online,35,38545.07,0.04,1295114.35,665004.78,630109.57,1191505.2,Completed
ORD-HG-15671,2024-11-23,2024-11,CUST-1249,PROD-103,EMP-1007,REG-01,Direct Online,20,19021.54,0.01,376626.49,164515.26,212111.23,346496.37,Completed
ORD-HG-15672,2024-11-24,2024-11,CUST-1231,PROD-115,EMP-1036,REG-03,Enterprise Partner,16,21670.46,0.04,332858.27,159864.72,172993.55,306229.61,Completed
ORD-HG-15673,2024-11-24,2024-11,CUST-1284,PROD-104,EMP-1015,REG-03,Field Sales,15,36981.03,0.02,543621.14,287896.27,255724.87,500131.45,Completed
ORD-HG-15674,2024-11-24,2024-11,CUST-1161,PROD-104,EMP-1046,REG-04,Retail Store,16,11222.63,0.05,170583.98,84599.99,85983.99,156937.26,Completed
ORD-HG-15675,2024-11-24,2024-11,CUST-1222,PROD-105,EMP-1015,REG-03,Enterprise Partner,14,6293.98,0.03,85472.25,36195.11,49277.14,78634.47,Completed
ORD-HG-15676,2024-11-24,2024-11,CUST-1010,PROD-103,EMP-1047,REG-01,Enterprise Partner,34,24915.37,0.04,813237.68,365477.73,447759.95,748178.67,Completed
ORD-HG-15677,2024-11-24,2024-11,CUST-1440,PROD-114,EMP-1047,REG-02,Enterprise Partner,17,41884.44,0.05,676433.71,292548.58,383885.13,622319.01,Completed
ORD-HG-15678,2024-11-24,2024-11,CUST-1063,PROD-105,EMP-1012,REG-03,Retail Store,44,22864.61,0.05,955740.7,391563.09,564177.61,879281.44,Completed
ORD-HG-15679,2024-11-24,2024-11,CUST-1171,PROD-109,EMP-1022,REG-05,Field Sales,27,33020.4,0.05,846973.26,367710.13,479263.13,779215.4,Completed
ORD-HG-15680,2024-11-24,2024-11,CUST-1462,PROD-121,EMP-1002,REG-03,Retail Store,22,42222.61,0.03,901030.5,472271.64,428758.86,828948.06,Completed
ORD-HG-15681,2024-11-24,2024-11,CUST-1134,PROD-120,EMP-1005,REG-01,Retail Store,41,31353.66,0.03,1246935.06,590800.98,656134.08,1147180.26,Completed
ORD-HG-15682,2024-11-25,2024-11,CUST-1381,PROD-119,EMP-1042,REG-01,Enterprise Partner,26,33889.37,0.02,863501.15,361392.1,502109.05,794421.06,Completed
ORD-HG-15683,2024-11-25,2024-11,CUST-1220,PROD-119,EMP-1040,REG-01,Retail Store,27,19419.51,0.01,519083.5,235801.61,283281.89,477556.82,Completed
ORD-HG-15684,2024-11-25,2024-11,CUST-1351,PROD-104,EMP-1041,REG-03,Field Sales,21,27154.97,0.02,558849.28,256786.98,302062.3,514141.34,Completed
ORD-HG-15685,2024-11-25,2024-11,CUST-1410,PROD-116,EMP-1039,REG-01,Retail Store,16,42367.3,0.04,650761.73,281387.33,369374.4,598700.79,Completed
ORD-HG-15686,2024-11-25,2024-11,CUST-1162,PROD-106,EMP-1032,REG-05,Enterprise Partner,35,15580.0,0.0,545300.0,286955.44,258344.56,501676.0,Completed
ORD-HG-15687,2024-11-25,2024-11,CUST-1442,PROD-118,EMP-1047,REG-01,Direct Online,23,25402.16,0.02,572564.69,267200.38,305364.31,526759.51,Completed
ORD-HG-15688,2024-11-25,2024-11,CUST-1330,PROD-111,EMP-1018,REG-03,Direct Online,27,30888.75,0.01,825656.29,364485.8,461170.49,759603.79,Completed
ORD-HG-15689,2024-11-25,2024-11,CUST-1009,PROD-105,EMP-1011,REG-03,Retail Store,38,24018.11,0.01,903561.3,391498.59,512062.71,831276.4,Completed
ORD-HG-15690,2024-11-25,2024-11,CUST-1478,PROD-104,EMP-1019,REG-04,Enterprise Partner,13,34221.75,0.01,440433.92,188195.16,252238.76,405199.21,Completed
ORD-HG-15691,2024-11-25,2024-11,CUST-1061,PROD-105,EMP-1016,REG-02,Retail Store,14,35193.99,0.04,473007.23,250632.25,222374.98,435166.65,Completed
ORD-HG-15692,2024-11-25,2024-11,CUST-1003,PROD-103,EMP-1007,REG-02,Retail Store,22,33026.37,0.02,712048.54,353707.81,358340.73,655084.66,Completed
ORD-HG-15693,2024-11-26,2024-11,CUST-1318,PROD-112,EMP-1032,REG-03,Retail Store,5,21104.33,0.03,102356.0,51050.55,51305.45,94167.52,Completed
ORD-HG-15694,2024-11-26,2024-11,CUST-1051,PROD-101,EMP-1001,REG-01,Enterprise Partner,7,36767.06,0.03,249648.34,132466.03,117182.31,229676.47,Completed
ORD-HG-15695,2024-11-26,2024-11,CUST-1019,PROD-124,EMP-1005,REG-01,Direct Online,8,13915.61,0.05,105758.64,54258.75,51499.89,97297.95,Completed
ORD-HG-15696,2024-11-26,2024-11,CUST-1095,PROD-118,EMP-1004,REG-03,Retail Store,19,17514.02,0.01,329438.72,164679.13,164759.59,303083.62,Completed
ORD-HG-15697,2024-11-26,2024-11,CUST-1107,PROD-120,EMP-1007,REG-03,Retail Store,21,36455.58,0.01,757911.51,326667.5,431244.01,697278.59,Completed
ORD-HG-15698,2024-11-26,2024-11,CUST-1327,PROD-109,EMP-1024,REG-02,Enterprise Partner,22,30330.51,0.05,633907.66,316145.37,317762.29,583195.05,Completed
ORD-HG-15699,2024-11-27,2024-11,CUST-1353,PROD-105,EMP-1003,REG-03,Enterprise Partner,6,32568.21,0.01,193455.17,93507.89,99947.28,177978.76,Completed
ORD-HG-15700,2024-11-27,2024-11,CUST-1440,PROD-102,EMP-1039,REG-01,Field Sales,42,6548.21,0.02,269524.32,124285.93,145238.39,247962.37,Completed
ORD-HG-15701,2024-11-27,2024-11,CUST-1416,PROD-109,EMP-1005,REG-05,Direct Online,44,12421.36,0.02,535609.04,256807.22,278801.82,492760.32,Completed
ORD-HG-15702,2024-11-27,2024-11,CUST-1379,PROD-116,EMP-1035,REG-01,Direct Online,10,21227.86,0.03,205910.24,109465.97,96444.27,189437.42,Completed
ORD-HG-15703,2024-11-27,2024-11,CUST-1226,PROD-123,EMP-1044,REG-04,Direct Online,17,11712.03,0.04,191140.33,99518.91,91621.42,175849.1,Completed
ORD-HG-15704,2024-11-27,2024-11,CUST-1214,PROD-117,EMP-1041,REG-05,Retail Store,35,18655.94,0.01,646428.32,292704.41,353723.91,594714.05,Completed
ORD-HG-15705,2024-11-27,2024-11,CUST-1331,PROD-122,EMP-1011,REG-02,Enterprise Partner,44,31274.59,0.0,1376081.96,719777.69,656304.27,1265995.4,Completed
ORD-HG-15706,2024-11-27,2024-11,CUST-1275,PROD-112,EMP-1004,REG-02,Field Sales,23,14555.17,0.02,328073.53,148995.44,179078.09,301827.65,Completed
ORD-HG-15707,2024-11-27,2024-11,CUST-1193,PROD-112,EMP-1034,REG-04,Enterprise Partner,29,11769.0,0.02,334474.98,182162.03,152312.95,307716.98,Completed
ORD-HG-15708,2024-11-28,2024-11,CUST-1347,PROD-123,EMP-1034,REG-02,Retail Store,42,10355.11,0.02,426216.33,204947.65,221268.68,392119.02,Completed
ORD-HG-15709,2024-11-28,2024-11,CUST-1162,PROD-102,EMP-1004,REG-04,Retail Store,32,11673.17,0.03,362335.2,161311.31,201023.89,333348.38,Completed
ORD-HG-15710,2024-11-28,2024-11,CUST-1485,PROD-122,EMP-1035,REG-01,Direct Online,37,14234.22,0.02,516132.82,272791.43,243341.39,474842.19,Completed
ORD-HG-15711,2024-11-28,2024-11,CUST-1007,PROD-101,EMP-1039,REG-02,Field Sales,28,30535.33,0.05,812239.78,367281.04,444958.74,747260.6,Completed
ORD-HG-15712,2024-11-28,2024-11,CUST-1016,PROD-124,EMP-1040,REG-01,Field Sales,20,20228.16,0.05,384335.04,180836.0,203499.04,353588.24,Completed
ORD-HG-15713,2024-11-28,2024-11,CUST-1389,PROD-121,EMP-1025,REG-02,Enterprise Partner,11,18133.44,0.04,191489.13,80782.85,110706.28,176170.0,Completed
ORD-HG-15714,2024-11-28,2024-11,CUST-1239,PROD-114,EMP-1036,REG-04,Enterprise Partner,28,29749.03,0.02,816313.38,330190.62,486122.76,751008.31,Completed
ORD-HG-15715,2024-11-28,2024-11,CUST-1151,PROD-118,EMP-1015,REG-03,Enterprise Partner,5,35817.92,0.05,170135.12,70186.93,99948.19,156524.31,Completed
ORD-HG-15716,2024-11-28,2024-11,CUST-1139,PROD-116,EMP-1037,REG-05,Direct Online,13,13837.02,0.04,172686.01,81681.93,91004.08,158871.13,Completed
ORD-HG-15717,2024-11-28,2024-11,CUST-1080,PROD-123,EMP-1043,REG-04,Enterprise Partner,40,33060.26,0.02,1295962.19,527992.35,767969.84,1192285.21,Completed
ORD-HG-15718,2024-11-28,2024-11,CUST-1361,PROD-101,EMP-1040,REG-04,Retail Store,17,11378.23,0.03,187627.01,98925.36,88701.65,172616.85,Completed
ORD-HG-15719,2024-11-28,2024-11,CUST-1475,PROD-105,EMP-1016,REG-02,Direct Online,5,33332.41,0.01,164995.43,79589.13,85406.3,151795.8,Completed
ORD-HG-15720,2024-11-29,2024-11,CUST-1094,PROD-113,EMP-1043,REG-01,Direct Online,19,14595.83,0.03,269001.15,145886.54,123114.61,247481.06,Completed
ORD-HG-15721,2024-11-29,2024-11,CUST-1392,PROD-109,EMP-1007,REG-02,Retail Store,27,30542.0,0.03,799894.98,383299.26,416595.72,735903.38,Completed
ORD-HG-15722,2024-11-29,2024-11,CUST-1010,PROD-122,EMP-1024,REG-02,Direct Online,39,26801.77,0.01,1034816.34,464170.47,570645.87,952031.03,Completed
ORD-HG-15723,2024-11-29,2024-11,CUST-1473,PROD-112,EMP-1008,REG-02,Field Sales,10,16964.72,0.02,166254.26,76180.52,90073.74,152953.92,Completed
ORD-HG-15724,2024-11-29,2024-11,CUST-1204,PROD-103,EMP-1049,REG-02,Direct Online,39,23138.58,0.03,875332.48,384093.57,491238.91,805305.88,Completed
ORD-HG-15725,2024-11-29,2024-11,CUST-1428,PROD-119,EMP-1023,REG-05,Field Sales,6,37061.89,0.01,220147.63,107897.3,112250.33,202535.82,Completed
ORD-HG-15726,2024-11-29,2024-11,CUST-1074,PROD-119,EMP-1024,REG-05,Retail Store,19,38418.95,0.01,722660.45,302052.24,420608.21,664847.61,Completed
ORD-HG-15727,2024-11-29,2024-11,CUST-1447,PROD-114,EMP-1002,REG-01,Field Sales,26,10365.11,0.05,256018.22,133043.24,122974.98,235536.76,Completed
ORD-HG-15728,2024-11-30,2024-11,CUST-1411,PROD-123,EMP-1005,REG-02,Retail Store,41,29746.29,0.02,1195205.93,633448.7,561757.23,1099589.46,Completed
ORD-HG-15729,2024-11-30,2024-11,CUST-1343,PROD-108,EMP-1010,REG-05,Retail Store,20,38225.38,0.01,756862.52,384307.4,372555.12,696313.52,Completed
ORD-HG-15730,2024-11-30,2024-11,CUST-1064,PROD-119,EMP-1021,REG-03,Retail Store,25,18751.96,0.03,454735.03,234591.08,220143.95,418356.23,Completed
ORD-HG-15731,2024-11-30,2024-11,CUST-1189,PROD-121,EMP-1021,REG-04,Field Sales,25,40759.36,0.02,998604.32,498936.66,499667.66,918715.97,Completed
ORD-HG-15732,2024-11-30,2024-11,CUST-1498,PROD-107,EMP-1027,REG-02,Field Sales,8,34535.03,0.0,276280.24,143415.92,132864.32,254177.82,Completed
ORD-HG-15733,2024-11-30,2024-11,CUST-1318,PROD-116,EMP-1017,REG-05,Direct Online,24,36000.5,0.03,838091.64,457596.48,380495.16,771044.31,Completed
ORD-HG-15734,2024-11-30,2024-11,CUST-1308,PROD-114,EMP-1029,REG-01,Retail Store,36,31449.76,0.01,1120869.45,525254.64,595614.81,1031199.89,Completed
ORD-HG-15735,2024-12-01,2024-12,CUST-1161,PROD-106,EMP-1039,REG-02,Enterprise Partner,30,29245.3,0.02,859811.82,436525.25,423286.57,791026.87,Completed
ORD-HG-15736,2024-12-01,2024-12,CUST-1387,PROD-112,EMP-1024,REG-02,Enterprise Partner,11,44818.34,0.03,478211.69,194471.17,283740.52,439954.75,Completed
ORD-HG-15737,2024-12-01,2024-12,CUST-1479,PROD-117,EMP-1043,REG-04,Retail Store,13,17628.38,0.04,220002.18,88875.16,131127.02,202402.01,Completed
ORD-HG-15738,2024-12-01,2024-12,CUST-1345,PROD-118,EMP-1018,REG-03,Retail Store,18,44886.88,0.03,783724.92,336305.39,447419.53,721026.93,Completed
ORD-HG-15739,2024-12-01,2024-12,CUST-1495,PROD-108,EMP-1009,REG-04,Retail Store,41,10582.26,0.04,416517.75,176467.07,240050.68,383196.33,Completed
ORD-HG-15740,2024-12-01,2024-12,CUST-1148,PROD-123,EMP-1027,REG-03,Direct Online,42,26669.87,0.01,1108933.19,571111.88,537821.31,1020218.53,Completed
ORD-HG-15741,2024-12-02,2024-12,CUST-1263,PROD-119,EMP-1041,REG-05,Retail Store,23,41406.36,0.02,933299.35,447906.01,485393.34,858635.4,Completed
ORD-HG-15742,2024-12-02,2024-12,CUST-1239,PROD-107,EMP-1008,REG-05,Direct Online,34,35202.48,0.01,1184915.48,520687.08,664228.4,1090122.24,Completed
ORD-HG-15743,2024-12-02,2024-12,CUST-1096,PROD-102,EMP-1029,REG-03,Enterprise Partner,10,42222.22,0.04,405333.31,169610.2,235723.11,372906.65,Completed
ORD-HG-15744,2024-12-02,2024-12,CUST-1160,PROD-117,EMP-1036,REG-04,Field Sales,39,13195.48,0.02,504331.25,230497.53,273833.72,463984.75,Completed
ORD-HG-15745,2024-12-02,2024-12,CUST-1159,PROD-115,EMP-1011,REG-01,Field Sales,27,32447.48,0.04,841038.68,341034.15,500004.53,773755.59,Completed
ORD-HG-15746,2024-12-02,2024-12,CUST-1363,PROD-107,EMP-1017,REG-01,Retail Store,19,22001.69,0.03,405491.15,208047.86,197443.29,373051.86,Completed
ORD-HG-15747,2024-12-02,2024-12,CUST-1030,PROD-104,EMP-1004,REG-05,Retail Store,5,44663.96,0.01,221086.6,95135.89,125950.71,203399.67,Completed
ORD-HG-15748,2024-12-03,2024-12,CUST-1166,PROD-115,EMP-1043,REG-02,Field Sales,36,26920.48,0.03,940063.16,461530.19,478532.97,864858.11,Completed
ORD-HG-15749,2024-12-03,2024-12,CUST-1421,PROD-122,EMP-1025,REG-02,Field Sales,15,32984.2,0.02,484867.74,243430.88,241436.86,446078.32,Completed
ORD-HG-15750,2024-12-03,2024-12,CUST-1309,PROD-110,EMP-1005,REG-02,Enterprise Partner,34,27981.52,0.01,941857.96,496716.65,445141.31,866509.32,Completed
ORD-HG-15751,2024-12-03,2024-12,CUST-1026,PROD-123,EMP-1032,REG-05,Retail Store,15,6405.71,0.04,92242.22,46259.93,45982.29,84862.84,Completed
ORD-HG-15752,2024-12-03,2024-12,CUST-1311,PROD-119,EMP-1015,REG-01,Direct Online,34,15378.42,0.05,496722.97,245099.28,251623.69,456985.13,Completed
ORD-HG-15753,2024-12-03,2024-12,CUST-1381,PROD-121,EMP-1002,REG-03,Field Sales,34,12620.07,0.02,420500.73,225901.77,194598.96,386860.67,Completed
ORD-HG-15754,2024-12-04,2024-12,CUST-1459,PROD-104,EMP-1033,REG-05,Retail Store,18,20641.76,0.04,356689.61,164906.17,191783.44,328154.44,Completed
ORD-HG-15755,2024-12-04,2024-12,CUST-1069,PROD-120,EMP-1009,REG-03,Field Sales,23,14911.19,0.03,332668.65,133568.98,199099.67,306055.16,Completed
ORD-HG-15756,2024-12-04,2024-12,CUST-1188,PROD-104,EMP-1018,REG-04,Field Sales,15,14120.99,0.02,207578.55,84884.37,122694.18,190972.27,Completed
ORD-HG-15757,2024-12-04,2024-12,CUST-1165,PROD-123,EMP-1006,REG-02,Direct Online,8,23520.61,0.01,186283.23,84194.18,102089.05,171380.57,Completed
ORD-HG-15758,2024-12-04,2024-12,CUST-1098,PROD-118,EMP-1039,REG-05,Field Sales,37,9528.17,0.05,334915.18,141766.96,193148.22,308121.97,Completed
ORD-HG-15759,2024-12-04,2024-12,CUST-1152,PROD-107,EMP-1014,REG-04,Retail Store,9,20387.72,0.03,177984.8,94479.46,83505.34,163746.02,Completed
ORD-HG-15760,2024-12-04,2024-12,CUST-1147,PROD-119,EMP-1047,REG-04,Direct Online,41,16402.62,0.05,638882.05,257077.5,381804.55,587771.49,Completed
ORD-HG-15761,2024-12-04,2024-12,CUST-1335,PROD-113,EMP-1044,REG-05,Field Sales,28,44407.66,0.04,1193677.9,652678.84,540999.06,1098183.67,Completed
ORD-HG-15762,2024-12-04,2024-12,CUST-1043,PROD-113,EMP-1013,REG-04,Enterprise Partner,36,20828.99,0.04,719849.89,385871.52,333978.37,662261.9,Completed
ORD-HG-15763,2024-12-05,2024-12,CUST-1321,PROD-122,EMP-1032,REG-01,Field Sales,30,28410.78,0.03,826753.7,399798.12,426955.58,760613.4,Completed
ORD-HG-15764,2024-12-05,2024-12,CUST-1026,PROD-113,EMP-1032,REG-01,Enterprise Partner,16,41532.94,0.03,644591.23,352866.11,291725.12,593023.93,Completed
ORD-HG-15765,2024-12-05,2024-12,CUST-1304,PROD-106,EMP-1048,REG-01,Retail Store,7,17052.53,0.02,116980.36,57434.3,59546.06,107621.93,Completed
ORD-HG-15766,2024-12-05,2024-12,CUST-1283,PROD-116,EMP-1004,REG-05,Enterprise Partner,11,12981.73,0.04,137087.07,66728.01,70359.06,126120.1,Completed
ORD-HG-15767,2024-12-05,2024-12,CUST-1376,PROD-117,EMP-1013,REG-02,Enterprise Partner,29,7861.83,0.03,221153.28,99965.62,121187.66,203461.02,Completed
ORD-HG-15768,2024-12-05,2024-12,CUST-1235,PROD-102,EMP-1010,REG-02,Enterprise Partner,28,6465.22,0.03,175595.38,90611.14,84984.24,161547.75,Completed
ORD-HG-15769,2024-12-05,2024-12,CUST-1142,PROD-122,EMP-1030,REG-04,Retail Store,31,30043.49,0.03,903407.74,435450.58,467957.16,831135.12,Completed
ORD-HG-15770,2024-12-05,2024-12,CUST-1032,PROD-111,EMP-1013,REG-05,Field Sales,24,27119.12,0.03,631333.11,268001.14,363331.97,580826.46,Completed
ORD-HG-15771,2024-12-05,2024-12,CUST-1079,PROD-105,EMP-1023,REG-05,Direct Online,20,18387.26,0.04,353035.39,189543.08,163492.31,324792.56,Completed
ORD-HG-15772,2024-12-05,2024-12,CUST-1088,PROD-113,EMP-1010,REG-01,Enterprise Partner,10,31400.06,0.01,310860.59,125297.39,185563.2,285991.74,Completed
ORD-HG-15773,2024-12-05,2024-12,CUST-1489,PROD-116,EMP-1008,REG-05,Enterprise Partner,5,14860.51,0.01,73559.52,31811.45,41748.07,67674.76,Completed
ORD-HG-15774,2024-12-05,2024-12,CUST-1069,PROD-122,EMP-1013,REG-02,Retail Store,29,37594.08,0.03,1057521.47,520129.85,537391.62,972919.75,Completed
ORD-HG-15775,2024-12-05,2024-12,CUST-1222,PROD-115,EMP-1019,REG-01,Direct Online,17,14865.03,0.01,250178.45,133859.78,116318.67,230164.17,Completed
ORD-HG-15776,2024-12-06,2024-12,CUST-1029,PROD-116,EMP-1048,REG-03,Field Sales,17,13642.03,0.04,222637.93,116172.03,106465.9,204826.9,Completed
ORD-HG-15777,2024-12-06,2024-12,CUST-1247,PROD-105,EMP-1017,REG-01,Retail Store,10,18450.39,0.03,178968.78,78925.71,100043.07,164651.28,Completed
ORD-HG-15778,2024-12-06,2024-12,CUST-1472,PROD-111,EMP-1043,REG-04,Enterprise Partner,44,36437.2,0.03,1555139.7,713246.03,841893.67,1430728.52,Completed
ORD-HG-15779,2024-12-06,2024-12,CUST-1041,PROD-102,EMP-1009,REG-01,Field Sales,15,13311.43,0.02,195678.02,103218.44,92459.58,180023.78,Completed
ORD-HG-15780,2024-12-06,2024-12,CUST-1444,PROD-114,EMP-1037,REG-05,Field Sales,22,36455.96,0.02,785990.5,418252.09,367738.41,723111.26,Completed
ORD-HG-15781,2024-12-06,2024-12,CUST-1328,PROD-123,EMP-1027,REG-04,Field Sales,37,18345.65,0.03,658425.38,347090.1,311335.28,605751.35,Completed
ORD-HG-15782,2024-12-06,2024-12,CUST-1339,PROD-124,EMP-1005,REG-04,Enterprise Partner,17,11914.29,0.02,198492.07,92007.97,106484.1,182612.7,Completed
ORD-HG-15783,2024-12-06,2024-12,CUST-1170,PROD-105,EMP-1007,REG-04,Enterprise Partner,32,22152.54,0.0,708881.28,297992.96,410888.32,652170.78,Completed
ORD-HG-15784,2024-12-06,2024-12,CUST-1265,PROD-123,EMP-1030,REG-05,Field Sales,27,29340.7,0.04,760510.94,376793.39,383717.55,699670.06,Completed
ORD-HG-15785,2024-12-06,2024-12,CUST-1392,PROD-123,EMP-1010,REG-01,Enterprise Partner,30,32665.15,0.02,960355.41,410835.03,549520.38,883526.98,Completed
ORD-HG-15786,2024-12-07,2024-12,CUST-1405,PROD-121,EMP-1013,REG-05,Direct Online,39,42901.37,0.02,1639690.36,764640.09,875050.27,1508515.13,Completed
ORD-HG-15787,2024-12-07,2024-12,CUST-1495,PROD-120,EMP-1047,REG-02,Field Sales,17,19496.73,0.03,321501.08,162946.7,158554.38,295780.99,Completed
ORD-HG-15788,2024-12-07,2024-12,CUST-1119,PROD-116,EMP-1019,REG-05,Enterprise Partner,7,21081.1,0.03,143140.67,69577.4,73563.27,131689.42,Completed
ORD-HG-15789,2024-12-07,2024-12,CUST-1140,PROD-105,EMP-1014,REG-04,Direct Online,9,25119.11,0.03,219289.83,108122.09,111167.74,201746.64,Completed
ORD-HG-15790,2024-12-07,2024-12,CUST-1094,PROD-101,EMP-1012,REG-05,Field Sales,32,37966.45,0.0,1214926.4,627641.55,587284.85,1117732.29,Completed
ORD-HG-15791,2024-12-07,2024-12,CUST-1128,PROD-113,EMP-1016,REG-03,Retail Store,32,26528.32,0.03,823439.05,429775.09,393663.96,757563.93,Completed
ORD-HG-15792,2024-12-07,2024-12,CUST-1399,PROD-108,EMP-1006,REG-01,Direct Online,30,31058.41,0.01,922434.78,493018.49,429416.29,848640.0,Completed
ORD-HG-15793,2024-12-07,2024-12,CUST-1039,PROD-122,EMP-1042,REG-02,Field Sales,40,12834.63,0.01,508251.35,223785.65,284465.7,467591.24,Completed
ORD-HG-15794,2024-12-07,2024-12,CUST-1292,PROD-117,EMP-1018,REG-04,Retail Store,36,7638.79,0.03,266746.55,123949.6,142796.95,245406.83,Completed
ORD-HG-15795,2024-12-07,2024-12,CUST-1125,PROD-116,EMP-1023,REG-04,Enterprise Partner,37,30160.82,0.04,1071312.33,438857.38,632454.95,985607.34,Completed
ORD-HG-15796,2024-12-08,2024-12,CUST-1102,PROD-115,EMP-1030,REG-03,Direct Online,42,32588.86,0.01,1355044.8,715912.54,639132.26,1246641.22,Completed
ORD-HG-15797,2024-12-08,2024-12,CUST-1053,PROD-106,EMP-1014,REG-05,Enterprise Partner,37,16196.94,0.04,575315.31,238416.61,336898.7,529290.09,Completed
ORD-HG-15798,2024-12-08,2024-12,CUST-1199,PROD-111,EMP-1039,REG-05,Field Sales,11,32754.92,0.05,342288.91,156049.46,186239.45,314905.8,Completed
ORD-HG-15799,2024-12-08,2024-12,CUST-1263,PROD-124,EMP-1001,REG-02,Field Sales,17,24926.39,0.01,419511.14,224614.52,194896.62,385950.25,Completed
ORD-HG-15800,2024-12-08,2024-12,CUST-1351,PROD-114,EMP-1042,REG-02,Enterprise Partner,24,27505.87,0.02,646938.06,321343.0,325595.06,595183.02,Completed
ORD-HG-15801,2024-12-08,2024-12,CUST-1102,PROD-108,EMP-1045,REG-03,Direct Online,28,13715.49,0.03,372512.71,165054.97,207457.74,342711.69,Completed
ORD-HG-15802,2024-12-08,2024-12,CUST-1144,PROD-115,EMP-1019,REG-04,Field Sales,19,44653.33,0.03,822960.87,339963.32,482997.55,757124.0,Completed
ORD-HG-15803,2024-12-08,2024-12,CUST-1086,PROD-106,EMP-1011,REG-01,Field Sales,29,44964.65,0.0,1303974.85,568583.79,735391.06,1199656.86,Completed
ORD-HG-15804,2024-12-09,2024-12,CUST-1079,PROD-113,EMP-1049,REG-02,Enterprise Partner,13,31486.46,0.03,397044.26,187731.94,209312.32,365280.72,Completed
ORD-HG-15805,2024-12-09,2024-12,CUST-1344,PROD-103,EMP-1036,REG-02,Field Sales,35,21294.59,0.01,737857.54,338633.68,399223.86,678828.94,Completed
ORD-HG-15806,2024-12-09,2024-12,CUST-1146,PROD-115,EMP-1031,REG-02,Enterprise Partner,27,32615.62,0.03,854203.09,378936.81,475266.28,785866.84,Completed
ORD-HG-15807,2024-12-09,2024-12,CUST-1293,PROD-118,EMP-1046,REG-05,Retail Store,14,10746.11,0.04,144427.72,58246.11,86181.61,132873.5,Completed
ORD-HG-15808,2024-12-09,2024-12,CUST-1021,PROD-115,EMP-1025,REG-05,Retail Store,43,27551.77,0.01,1172878.85,497616.07,675262.78,1079048.54,Completed
ORD-HG-15809,2024-12-09,2024-12,CUST-1211,PROD-111,EMP-1042,REG-04,Enterprise Partner,24,32050.67,0.0,769216.08,339498.86,429717.22,707678.79,Completed
ORD-HG-15810,2024-12-09,2024-12,CUST-1050,PROD-101,EMP-1039,REG-02,Field Sales,25,18893.5,0.03,458167.38,209716.85,248450.53,421513.99,Completed
ORD-HG-15811,2024-12-09,2024-12,CUST-1178,PROD-104,EMP-1022,REG-03,Enterprise Partner,24,39561.92,0.03,921001.5,428302.21,492699.29,847321.38,Completed
ORD-HG-15812,2024-12-09,2024-12,CUST-1153,PROD-118,EMP-1032,REG-05,Field Sales,43,22117.92,0.01,941559.85,416141.49,525418.36,866235.06,Completed
ORD-HG-15813,2024-12-09,2024-12,CUST-1469,PROD-104,EMP-1014,REG-01,Retail Store,11,18899.48,0.04,199578.51,84375.36,115203.15,183612.23,Completed
ORD-HG-15814,2024-12-09,2024-12,CUST-1083,PROD-122,EMP-1016,REG-02,Retail Store,32,41969.21,0.02,1316154.43,661981.73,654172.7,1210862.08,Completed
ORD-HG-15815,2024-12-09,2024-12,CUST-1207,PROD-109,EMP-1044,REG-05,Enterprise Partner,8,19842.83,0.02,155567.79,75667.54,79900.25,143122.37,Completed
ORD-HG-15816,2024-12-09,2024-12,CUST-1030,PROD-113,EMP-1001,REG-02,Retail Store,7,19573.86,0.03,132906.51,60442.93,72463.58,122273.99,Completed
ORD-HG-15817,2024-12-10,2024-12,CUST-1189,PROD-116,EMP-1044,REG-02,Field Sales,17,44207.68,0.03,728984.64,291996.26,436988.38,670665.87,Completed
ORD-HG-15818,2024-12-10,2024-12,CUST-1448,PROD-102,EMP-1028,REG-05,Field Sales,33,44987.91,0.04,1425216.99,693884.47,731332.52,1311199.63,Completed
ORD-HG-15819,2024-12-10,2024-12,CUST-1470,PROD-119,EMP-1018,REG-01,Retail Store,13,36367.23,0.01,468046.25,208742.37,259303.88,430602.55,Completed
ORD-HG-15820,2024-12-10,2024-12,CUST-1376,PROD-113,EMP-1016,REG-05,Retail Store,6,18052.92,0.03,105067.99,53399.51,51668.48,96662.55,Completed
ORD-HG-15821,2024-12-10,2024-12,CUST-1089,PROD-107,EMP-1012,REG-03,Field Sales,37,40833.74,0.04,1450414.44,724528.79,725885.65,1334381.28,Completed
ORD-HG-15822,2024-12-11,2024-12,CUST-1130,PROD-102,EMP-1003,REG-03,Retail Store,19,39032.72,0.05,704540.6,308573.11,395967.49,648177.35,Completed
ORD-HG-15823,2024-12-11,2024-12,CUST-1206,PROD-112,EMP-1026,REG-04,Field Sales,12,36340.32,0.03,423001.32,177826.32,245175.0,389161.21,Completed
ORD-HG-15824,2024-12-11,2024-12,CUST-1021,PROD-117,EMP-1013,REG-02,Retail Store,43,30787.26,0.01,1310613.66,533039.5,777574.16,1205764.57,Completed
ORD-HG-15825,2024-12-11,2024-12,CUST-1025,PROD-117,EMP-1035,REG-03,Retail Store,38,37130.2,0.05,1340400.22,594452.0,745948.22,1233168.2,Completed
ORD-HG-15826,2024-12-11,2024-12,CUST-1324,PROD-124,EMP-1005,REG-04,Field Sales,18,44629.65,0.03,779233.69,425968.27,353265.42,716894.99,Completed
ORD-HG-15827,2024-12-11,2024-12,CUST-1333,PROD-109,EMP-1027,REG-01,Retail Store,31,16713.34,0.01,512932.4,206056.91,306875.49,471897.81,Completed
ORD-HG-15828,2024-12-11,2024-12,CUST-1073,PROD-106,EMP-1047,REG-01,Direct Online,34,38248.98,0.04,1248446.71,528618.11,719828.6,1148570.97,Completed
ORD-HG-15829,2024-12-11,2024-12,CUST-1493,PROD-124,EMP-1007,REG-03,Enterprise Partner,12,25232.89,0.03,293710.84,117666.49,176044.35,270213.97,Completed
ORD-HG-15830,2024-12-12,2024-12,CUST-1144,PROD-121,EMP-1019,REG-05,Enterprise Partner,21,32335.44,0.05,645092.03,341298.66,303793.37,593484.67,Completed
ORD-HG-15831,2024-12-12,2024-12,CUST-1104,PROD-108,EMP-1001,REG-05,Field Sales,33,25360.21,0.04,803411.45,438521.07,364890.38,739138.53,Completed
ORD-HG-15832,2024-12-12,2024-12,CUST-1452,PROD-118,EMP-1040,REG-03,Retail Store,19,5840.99,0.0,110978.81,59374.51,51604.3,102100.51,Completed
ORD-HG-15833,2024-12-12,2024-12,CUST-1173,PROD-118,EMP-1042,REG-03,Field Sales,36,25136.29,0.02,886808.31,474901.12,411907.19,815863.65,Completed
ORD-HG-15834,2024-12-12,2024-12,CUST-1362,PROD-110,EMP-1019,REG-04,Retail Store,29,27323.81,0.04,760694.87,315902.75,444792.12,699839.28,Completed
ORD-HG-15835,2024-12-12,2024-12,CUST-1380,PROD-107,EMP-1039,REG-03,Enterprise Partner,23,5764.85,0.03,128613.8,52849.5,75764.3,118324.7,Completed
ORD-HG-15836,2024-12-12,2024-12,CUST-1422,PROD-115,EMP-1006,REG-04,Direct Online,19,10600.4,0.01,199393.52,105274.08,94119.44,183442.04,Completed
ORD-HG-15837,2024-12-13,2024-12,CUST-1209,PROD-120,EMP-1013,REG-02,Retail Store,20,9022.37,0.01,178642.93,86856.42,91786.51,164351.5,Completed
ORD-HG-15838,2024-12-13,2024-12,CUST-1306,PROD-102,EMP-1008,REG-04,Field Sales,10,9271.06,0.04,89002.18,45883.98,43118.2,81882.01,Completed
ORD-HG-15839,2024-12-13,2024-12,CUST-1286,PROD-108,EMP-1007,REG-02,Enterprise Partner,10,42010.23,0.04,403298.21,184196.88,219101.33,371034.35,Completed
ORD-HG-15840,2024-12-13,2024-12,CUST-1086,PROD-116,EMP-1013,REG-04,Retail Store,13,31547.19,0.01,406012.34,214804.4,191207.94,373531.35,Completed
ORD-HG-15841,2024-12-13,2024-12,CUST-1082,PROD-123,EMP-1001,REG-01,Enterprise Partner,38,14890.36,0.02,554517.01,225142.66,329374.35,510155.65,Completed
ORD-HG-15842,2024-12-13,2024-12,CUST-1221,PROD-103,EMP-1030,REG-02,Retail Store,18,15532.74,0.03,271201.64,140351.17,130850.47,249505.51,Completed
ORD-HG-15843,2024-12-14,2024-12,CUST-1449,PROD-108,EMP-1020,REG-02,Enterprise Partner,10,43799.92,0.01,433619.21,219149.74,214469.47,398929.67,Completed
ORD-HG-15844,2024-12-14,2024-12,CUST-1433,PROD-107,EMP-1010,REG-04,Retail Store,13,26553.49,0.04,331387.56,156928.37,174459.19,304876.56,Completed
ORD-HG-15845,2024-12-14,2024-12,CUST-1355,PROD-119,EMP-1007,REG-02,Direct Online,40,26407.33,0.01,1045730.27,543318.64,502411.63,962071.85,Completed
ORD-HG-15846,2024-12-14,2024-12,CUST-1060,PROD-103,EMP-1014,REG-02,Direct Online,31,36973.59,0.05,1088872.23,547166.89,541705.34,1001762.45,Completed
ORD-HG-15847,2024-12-14,2024-12,CUST-1382,PROD-114,EMP-1003,REG-01,Field Sales,33,32043.07,0.01,1046847.1,515211.48,531635.62,963099.33,Completed
ORD-HG-15848,2024-12-14,2024-12,CUST-1274,PROD-122,EMP-1039,REG-01,Enterprise Partner,10,15987.2,0.02,156674.56,82621.32,74053.24,144140.6,Completed
ORD-HG-15849,2024-12-14,2024-12,CUST-1476,PROD-105,EMP-1008,REG-05,Retail Store,13,6661.57,0.01,85734.41,40607.61,45126.8,78875.66,Completed
ORD-HG-15850,2024-12-15,2024-12,CUST-1018,PROD-108,EMP-1015,REG-01,Enterprise Partner,25,17076.81,0.01,422651.05,169129.96,253521.09,388838.97,Completed
ORD-HG-15851,2024-12-15,2024-12,CUST-1288,PROD-103,EMP-1005,REG-03,Retail Store,11,26041.01,0.04,274993.07,134794.58,140198.49,252993.62,Completed
ORD-HG-15852,2024-12-15,2024-12,CUST-1252,PROD-123,EMP-1023,REG-01,Enterprise Partner,42,21517.52,0.02,885661.12,389602.77,496058.35,814808.23,Completed
ORD-HG-15853,2024-12-15,2024-12,CUST-1234,PROD-122,EMP-1014,REG-01,Retail Store,17,21424.39,0.02,356930.34,171749.98,185180.36,328375.91,Completed
ORD-HG-15854,2024-12-15,2024-12,CUST-1015,PROD-121,EMP-1026,REG-01,Field Sales,30,37423.63,0.02,1100254.72,493170.85,607083.87,1012234.34,Completed
ORD-HG-15855,2024-12-15,2024-12,CUST-1150,PROD-116,EMP-1003,REG-05,Field Sales,14,31717.65,0.04,426285.22,199646.88,226638.34,392182.4,Completed
ORD-HG-15856,2024-12-16,2024-12,CUST-1043,PROD-113,EMP-1020,REG-03,Enterprise Partner,19,23856.3,0.04,435138.91,207095.09,228043.82,400327.8,Completed
ORD-HG-15857,2024-12-16,2024-12,CUST-1460,PROD-117,EMP-1037,REG-02,Enterprise Partner,32,9952.25,0.03,308917.84,136579.3,172338.54,284204.41,Completed
ORD-HG-15858,2024-12-16,2024-12,CUST-1258,PROD-119,EMP-1039,REG-01,Direct Online,7,27807.56,0.04,186866.8,91262.38,95604.42,171917.46,Completed
ORD-HG-15859,2024-12-16,2024-12,CUST-1231,PROD-106,EMP-1013,REG-02,Retail Store,18,44546.34,0.04,769760.76,322014.63,447746.13,708179.9,Completed
ORD-HG-15860,2024-12-16,2024-12,CUST-1455,PROD-117,EMP-1020,REG-03,Field Sales,10,35430.25,0.05,336587.38,175949.66,160637.72,309660.39,Completed
ORD-HG-15861,2024-12-16,2024-12,CUST-1330,PROD-122,EMP-1033,REG-02,Retail Store,17,42840.57,0.02,713723.9,290622.78,423101.12,656625.99,Completed
ORD-HG-15862,2024-12-16,2024-12,CUST-1019,PROD-102,EMP-1012,REG-02,Field Sales,12,43460.94,0.01,516315.97,233627.64,282688.33,475010.69,Completed
ORD-HG-15863,2024-12-16,2024-12,CUST-1241,PROD-115,EMP-1031,REG-04,Retail Store,27,40369.25,0.03,1057270.66,573750.2,483520.46,972689.01,Completed
ORD-HG-15864,2024-12-16,2024-12,CUST-1338,PROD-124,EMP-1006,REG-03,Retail Store,17,21175.79,0.01,356388.55,189907.05,166481.5,327877.47,Completed
ORD-HG-15865,2024-12-16,2024-12,CUST-1197,PROD-109,EMP-1032,REG-03,Field Sales,7,21705.22,0.05,144339.71,70470.39,73869.32,132792.53,Completed
ORD-HG-15866,2024-12-16,2024-12,CUST-1454,PROD-112,EMP-1048,REG-05,Direct Online,17,14426.12,0.02,240339.16,118244.35,122094.81,221112.03,Completed
ORD-HG-15867,2024-12-16,2024-12,CUST-1316,PROD-124,EMP-1040,REG-02,Retail Store,44,21008.92,0.04,887416.78,438288.66,449128.12,816423.44,Completed
ORD-HG-15868,2024-12-16,2024-12,CUST-1176,PROD-119,EMP-1004,REG-05,Enterprise Partner,38,34077.62,0.02,1269050.57,659037.75,610012.82,1167526.52,Completed
ORD-HG-15869,2024-12-16,2024-12,CUST-1029,PROD-122,EMP-1038,REG-02,Field Sales,19,23651.4,0.05,426907.77,178218.98,248688.79,392755.15,Completed
ORD-HG-15870,2024-12-17,2024-12,CUST-1349,PROD-102,EMP-1014,REG-02,Retail Store,33,27095.07,0.04,858371.82,385288.81,473083.01,789702.07,Completed
ORD-HG-15871,2024-12-17,2024-12,CUST-1241,PROD-104,EMP-1008,REG-04,Direct Online,41,26004.14,0.05,1012861.25,480410.29,532450.96,931832.35,Completed
ORD-HG-15872,2024-12-17,2024-12,CUST-1270,PROD-112,EMP-1041,REG-03,Direct Online,6,38631.04,0.04,222514.79,105155.63,117359.16,204713.61,Completed
ORD-HG-15873,2024-12-18,2024-12,CUST-1048,PROD-116,EMP-1008,REG-02,Direct Online,24,7357.84,0.01,174822.28,91259.57,83562.71,160836.5,Completed
ORD-HG-15874,2024-12-18,2024-12,CUST-1043,PROD-120,EMP-1027,REG-05,Direct Online,25,36900.85,0.02,904070.82,406926.95,497143.87,831745.15,Completed
ORD-HG-15875,2024-12-18,2024-12,CUST-1167,PROD-113,EMP-1020,REG-05,Retail Store,24,37748.7,0.01,896909.11,403254.18,493654.93,825156.38,Completed
ORD-HG-15876,2024-12-18,2024-12,CUST-1199,PROD-122,EMP-1037,REG-04,Direct Online,12,39774.33,0.0,477291.96,236461.37,240830.59,439108.6,Completed
ORD-HG-15877,2024-12-18,2024-12,CUST-1287,PROD-104,EMP-1044,REG-05,Retail Store,9,26093.68,0.03,227797.83,111218.34,116579.49,209574.0,Completed
ORD-HG-15878,2024-12-18,2024-12,CUST-1020,PROD-102,EMP-1002,REG-02,Direct Online,21,34061.88,0.02,700993.49,314661.6,386331.89,644914.01,Completed
ORD-HG-15879,2024-12-18,2024-12,CUST-1367,PROD-123,EMP-1046,REG-04,Retail Store,15,16701.07,0.02,245505.73,113903.29,131602.44,225865.27,Completed
ORD-HG-15880,2024-12-18,2024-12,CUST-1212,PROD-114,EMP-1035,REG-03,Retail Store,11,25616.43,0.03,273327.31,121021.27,152306.04,251461.13,Completed
ORD-HG-15881,2024-12-18,2024-12,CUST-1338,PROD-116,EMP-1002,REG-04,Field Sales,13,21536.29,0.04,268772.9,130616.88,138156.02,247271.07,Completed
ORD-HG-15882,2024-12-18,2024-12,CUST-1031,PROD-110,EMP-1002,REG-02,Direct Online,22,26710.87,0.0,587639.14,271503.44,316135.7,540628.01,Completed
ORD-HG-15883,2024-12-18,2024-12,CUST-1064,PROD-124,EMP-1020,REG-05,Retail Store,9,14803.28,0.03,129232.63,58373.48,70859.15,118894.02,Completed
ORD-HG-15884,2024-12-18,2024-12,CUST-1252,PROD-121,EMP-1012,REG-04,Direct Online,30,17282.12,0.01,513278.96,244403.88,268875.08,472216.64,Completed
ORD-HG-15885,2024-12-18,2024-12,CUST-1194,PROD-119,EMP-1019,REG-02,Field Sales,44,35843.65,0.02,1545578.19,789365.35,756212.84,1421931.93,Completed
ORD-HG-15886,2024-12-19,2024-12,CUST-1200,PROD-102,EMP-1012,REG-05,Field Sales,9,18391.05,0.03,160553.87,75242.91,85310.96,147709.56,Completed
ORD-HG-15887,2024-12-19,2024-12,CUST-1152,PROD-112,EMP-1021,REG-04,Direct Online,27,24521.14,0.0,662070.78,347844.7,314226.08,609105.12,Completed
ORD-HG-15888,2024-12-19,2024-12,CUST-1255,PROD-121,EMP-1004,REG-02,Retail Store,31,24539.39,0.01,753113.88,307243.65,445870.23,692864.77,Completed
ORD-HG-15889,2024-12-19,2024-12,CUST-1144,PROD-107,EMP-1021,REG-03,Retail Store,7,28605.94,0.01,198239.16,92815.89,105423.27,182380.03,Completed
ORD-HG-15890,2024-12-19,2024-12,CUST-1244,PROD-101,EMP-1047,REG-05,Direct Online,34,27598.41,0.02,919579.02,410901.88,508677.14,846012.7,Completed
ORD-HG-15891,2024-12-19,2024-12,CUST-1435,PROD-101,EMP-1032,REG-01,Field Sales,7,29593.71,0.0,207155.97,103777.1,103378.87,190583.49,Completed
ORD-HG-15892,2024-12-19,2024-12,CUST-1493,PROD-104,EMP-1019,REG-02,Field Sales,12,42259.05,0.05,481753.17,261648.68,220104.49,443212.92,Completed
ORD-HG-15893,2024-12-19,2024-12,CUST-1335,PROD-114,EMP-1002,REG-03,Direct Online,36,20194.78,0.04,697931.6,330761.62,367169.98,642097.07,Completed
ORD-HG-15894,2024-12-19,2024-12,CUST-1207,PROD-124,EMP-1001,REG-02,Direct Online,39,28037.51,0.0,1093462.89,490354.34,603108.55,1005985.86,Completed
ORD-HG-15895,2024-12-19,2024-12,CUST-1239,PROD-117,EMP-1047,REG-02,Retail Store,37,7549.65,0.02,273750.31,124692.7,149057.61,251850.29,Completed
ORD-HG-15896,2024-12-19,2024-12,CUST-1019,PROD-113,EMP-1012,REG-03,Direct Online,16,21475.1,0.02,336729.57,145100.73,191628.84,309791.2,Completed
ORD-HG-15897,2024-12-19,2024-12,CUST-1495,PROD-106,EMP-1020,REG-03,Field Sales,16,12028.11,0.02,188600.76,90670.05,97930.71,173512.7,Completed
ORD-HG-15898,2024-12-19,2024-12,CUST-1009,PROD-123,EMP-1012,REG-05,Direct Online,8,43448.46,0.03,337160.05,155043.74,182116.31,310187.25,Completed
ORD-HG-15899,2024-12-20,2024-12,CUST-1486,PROD-107,EMP-1049,REG-03,Retail Store,35,44195.86,0.04,1484980.9,620705.0,864275.9,1366182.43,Completed
ORD-HG-15900,2024-12-20,2024-12,CUST-1002,PROD-121,EMP-1012,REG-05,Enterprise Partner,35,20978.34,0.02,719557.06,314456.43,405100.63,661992.5,Completed
ORD-HG-15901,2024-12-20,2024-12,CUST-1199,PROD-119,EMP-1003,REG-04,Enterprise Partner,16,17997.14,0.02,282195.16,115513.24,166681.92,259619.55,Completed
ORD-HG-15902,2024-12-20,2024-12,CUST-1088,PROD-121,EMP-1008,REG-05,Field Sales,34,37824.76,0.04,1234600.17,571168.16,663432.01,1135832.16,Completed
ORD-HG-15903,2024-12-20,2024-12,CUST-1017,PROD-110,EMP-1035,REG-04,Retail Store,32,13688.13,0.0,438020.16,182688.16,255332.0,402978.55,Completed
ORD-HG-15904,2024-12-20,2024-12,CUST-1338,PROD-116,EMP-1014,REG-05,Direct Online,39,30404.79,0.03,1150213.21,482788.88,667424.33,1058196.15,Completed
ORD-HG-15905,2024-12-20,2024-12,CUST-1125,PROD-116,EMP-1024,REG-05,Enterprise Partner,44,21729.27,0.02,936966.12,386434.85,550531.27,862008.83,Completed
ORD-HG-15906,2024-12-20,2024-12,CUST-1454,PROD-116,EMP-1009,REG-04,Direct Online,13,9846.77,0.04,122887.69,50941.5,71946.19,113056.67,Completed
ORD-HG-15907,2024-12-20,2024-12,CUST-1456,PROD-119,EMP-1010,REG-01,Field Sales,25,29649.59,0.03,719002.56,386987.33,332015.23,661482.36,Completed
ORD-HG-15908,2024-12-21,2024-12,CUST-1250,PROD-119,EMP-1034,REG-02,Field Sales,10,16495.45,0.02,161655.41,72068.81,89586.6,148722.98,Completed
ORD-HG-15909,2024-12-21,2024-12,CUST-1412,PROD-120,EMP-1040,REG-05,Retail Store,39,8578.84,0.05,317846.02,160750.99,157095.03,292418.34,Completed
ORD-HG-15910,2024-12-21,2024-12,CUST-1303,PROD-111,EMP-1034,REG-03,Field Sales,38,38880.22,0.04,1418350.43,627325.48,791024.95,1304882.4,Completed
ORD-HG-15911,2024-12-21,2024-12,CUST-1056,PROD-112,EMP-1004,REG-02,Retail Store,19,42760.41,0.02,796198.83,403154.67,393044.16,732502.92,Completed
ORD-HG-15912,2024-12-21,2024-12,CUST-1466,PROD-107,EMP-1016,REG-04,Retail Store,26,9753.58,0.05,240913.43,102082.58,138830.85,221640.36,Completed
ORD-HG-15913,2024-12-21,2024-12,CUST-1239,PROD-116,EMP-1039,REG-03,Retail Store,13,29580.62,0.04,369166.14,166229.32,202936.82,339632.85,Completed
ORD-HG-15914,2024-12-21,2024-12,CUST-1383,PROD-112,EMP-1008,REG-04,Field Sales,12,40767.9,0.03,474538.36,206496.31,268042.05,436575.29,Completed
ORD-HG-15915,2024-12-21,2024-12,CUST-1223,PROD-123,EMP-1013,REG-03,Direct Online,37,20931.21,0.02,758965.67,342900.64,416065.03,698248.42,Completed
ORD-HG-15916,2024-12-21,2024-12,CUST-1163,PROD-105,EMP-1032,REG-01,Direct Online,15,11999.13,0.02,176387.21,89586.04,86801.17,162276.23,Completed
ORD-HG-15917,2024-12-21,2024-12,CUST-1100,PROD-114,EMP-1044,REG-01,Direct Online,15,20726.03,0.0,310890.45,168596.82,142293.63,286019.21,Completed
ORD-HG-15918,2024-12-21,2024-12,CUST-1208,PROD-121,EMP-1010,REG-05,Field Sales,18,30473.37,0.02,537550.25,220725.51,316824.74,494546.23,Completed
ORD-HG-15919,2024-12-22,2024-12,CUST-1088,PROD-108,EMP-1027,REG-04,Retail Store,21,18792.26,0.0,394637.46,165275.31,229362.15,363066.46,Completed
ORD-HG-15920,2024-12-22,2024-12,CUST-1092,PROD-116,EMP-1007,REG-05,Retail Store,18,12213.04,0.05,208842.98,85583.73,123259.25,192135.54,Completed
ORD-HG-15921,2024-12-22,2024-12,CUST-1410,PROD-103,EMP-1042,REG-03,Enterprise Partner,42,17832.65,0.05,711522.74,327546.82,383975.92,654600.92,Completed
ORD-HG-15922,2024-12-23,2024-12,CUST-1448,PROD-111,EMP-1036,REG-03,Enterprise Partner,18,32828.3,0.02,579091.21,255138.68,323952.53,532763.91,Completed
ORD-HG-15923,2024-12-23,2024-12,CUST-1203,PROD-108,EMP-1049,REG-01,Field Sales,37,5326.45,0.03,191166.29,91950.89,99215.4,175872.99,Completed
ORD-HG-15924,2024-12-23,2024-12,CUST-1147,PROD-122,EMP-1043,REG-05,Field Sales,19,9163.03,0.03,168874.64,77678.21,91196.43,155364.67,Completed
ORD-HG-15925,2024-12-23,2024-12,CUST-1419,PROD-124,EMP-1028,REG-05,Retail Store,37,24193.71,0.01,886215.6,362812.55,523403.05,815318.35,Completed
ORD-HG-15926,2024-12-23,2024-12,CUST-1095,PROD-114,EMP-1023,REG-04,Field Sales,40,39358.58,0.01,1558599.77,642155.8,916443.97,1433911.79,Completed
ORD-HG-15927,2024-12-23,2024-12,CUST-1157,PROD-104,EMP-1025,REG-01,Retail Store,32,8439.84,0.03,261972.63,105006.46,156966.17,241014.82,Completed
ORD-HG-15928,2024-12-23,2024-12,CUST-1099,PROD-124,EMP-1017,REG-01,Direct Online,40,21911.82,0.02,858943.34,353809.72,505133.62,790227.87,Completed
ORD-HG-15929,2024-12-23,2024-12,CUST-1488,PROD-119,EMP-1045,REG-04,Field Sales,18,6307.52,0.02,111264.65,48379.28,62885.37,102363.48,Completed
ORD-HG-15930,2024-12-23,2024-12,CUST-1335,PROD-124,EMP-1044,REG-04,Retail Store,12,37380.58,0.03,435109.95,190559.52,244550.43,400301.15,Completed
ORD-HG-15931,2024-12-23,2024-12,CUST-1444,PROD-115,EMP-1025,REG-05,Retail Store,36,37027.68,0.01,1319666.52,673168.16,646498.36,1214093.2,Completed
ORD-HG-15932,2024-12-23,2024-12,CUST-1364,PROD-122,EMP-1018,REG-03,Enterprise Partner,16,25129.64,0.01,398053.5,210842.03,187211.47,366209.22,Completed
ORD-HG-15933,2024-12-23,2024-12,CUST-1234,PROD-124,EMP-1043,REG-05,Direct Online,29,36120.29,0.01,1037013.53,461862.54,575150.99,954052.45,Completed
ORD-HG-15934,2024-12-24,2024-12,CUST-1135,PROD-115,EMP-1036,REG-04,Enterprise Partner,11,24502.96,0.05,256055.93,136339.89,119716.04,235571.46,Completed
ORD-HG-15935,2024-12-24,2024-12,CUST-1336,PROD-119,EMP-1041,REG-02,Enterprise Partner,32,19266.06,0.0,616513.92,330478.74,286035.18,567192.81,Completed
ORD-HG-15936,2024-12-24,2024-12,CUST-1246,PROD-123,EMP-1042,REG-04,Enterprise Partner,39,5550.72,0.05,205654.18,93988.08,111666.1,189201.85,Completed
ORD-HG-15937,2024-12-24,2024-12,CUST-1275,PROD-122,EMP-1002,REG-02,Retail Store,14,6608.76,0.01,91597.41,47223.79,44373.62,84269.62,Completed
ORD-HG-15938,2024-12-24,2024-12,CUST-1458,PROD-102,EMP-1024,REG-02,Enterprise Partner,15,9882.41,0.02,145271.43,74606.32,70665.11,133649.72,Completed
ORD-HG-15939,2024-12-24,2024-12,CUST-1041,PROD-107,EMP-1004,REG-04,Retail Store,31,8352.69,0.03,251165.39,122928.96,128236.43,231072.16,Completed
ORD-HG-15940,2024-12-24,2024-12,CUST-1137,PROD-124,EMP-1028,REG-01,Enterprise Partner,35,21644.5,0.0,757557.5,319356.2,438201.3,696952.9,Completed
ORD-HG-15941,2024-12-25,2024-12,CUST-1457,PROD-110,EMP-1014,REG-02,Enterprise Partner,24,29963.81,0.03,697557.5,337330.32,360227.18,641752.9,Completed
ORD-HG-15942,2024-12-25,2024-12,CUST-1269,PROD-117,EMP-1030,REG-02,Direct Online,8,20017.18,0.05,152130.57,70987.93,81142.64,139960.12,Completed
ORD-HG-15943,2024-12-25,2024-12,CUST-1046,PROD-111,EMP-1010,REG-02,Field Sales,39,29361.1,0.02,1122181.24,515557.2,606624.04,1032406.74,Completed
ORD-HG-15944,2024-12-25,2024-12,CUST-1174,PROD-103,EMP-1005,REG-02,Direct Online,7,31424.17,0.01,217769.5,100539.42,117230.08,200347.94,Completed
ORD-HG-15945,2024-12-25,2024-12,CUST-1198,PROD-116,EMP-1009,REG-03,Direct Online,38,35663.75,0.04,1301013.6,622394.14,678619.46,1196932.51,Completed
ORD-HG-15946,2024-12-25,2024-12,CUST-1400,PROD-105,EMP-1006,REG-04,Direct Online,36,36985.33,0.03,1291527.72,628910.84,662616.88,1188205.5,Completed
ORD-HG-15947,2024-12-25,2024-12,CUST-1398,PROD-118,EMP-1013,REG-05,Field Sales,30,31969.83,0.03,930322.05,439241.2,491080.85,855896.29,Completed
ORD-HG-15948,2024-12-25,2024-12,CUST-1001,PROD-113,EMP-1029,REG-02,Retail Store,23,9565.36,0.02,215603.21,90722.36,124880.85,198354.95,Completed
ORD-HG-15949,2024-12-25,2024-12,CUST-1077,PROD-105,EMP-1026,REG-05,Retail Store,25,12638.62,0.04,303326.88,133144.47,170182.41,279060.73,Completed
ORD-HG-15950,2024-12-26,2024-12,CUST-1044,PROD-101,EMP-1009,REG-03,Direct Online,12,42644.57,0.05,486148.1,265504.83,220643.27,447256.25,Completed
ORD-HG-15951,2024-12-26,2024-12,CUST-1043,PROD-110,EMP-1015,REG-01,Retail Store,21,40873.28,0.05,815421.94,331478.8,483943.14,750188.18,Completed
ORD-HG-15952,2024-12-26,2024-12,CUST-1342,PROD-104,EMP-1027,REG-02,Direct Online,11,18887.87,0.02,203611.24,96436.05,107175.19,187322.34,Completed
ORD-HG-15953,2024-12-26,2024-12,CUST-1075,PROD-118,EMP-1011,REG-01,Enterprise Partner,10,10701.23,0.02,104872.05,43358.13,61513.92,96482.29,Completed
ORD-HG-15954,2024-12-26,2024-12,CUST-1096,PROD-119,EMP-1002,REG-03,Retail Store,13,38004.48,0.02,484177.08,200730.26,283446.82,445442.91,Completed
ORD-HG-15955,2024-12-26,2024-12,CUST-1436,PROD-116,EMP-1027,REG-03,Retail Store,18,29237.83,0.04,505229.7,242290.1,262939.6,464811.32,Completed
ORD-HG-15956,2024-12-26,2024-12,CUST-1428,PROD-111,EMP-1040,REG-03,Field Sales,25,7500.95,0.01,185648.51,81268.26,104380.25,170796.63,Completed
ORD-HG-15957,2024-12-26,2024-12,CUST-1457,PROD-109,EMP-1036,REG-03,Enterprise Partner,41,38560.84,0.02,1549374.55,665362.27,884012.28,1425424.59,Completed
ORD-HG-15958,2024-12-26,2024-12,CUST-1334,PROD-106,EMP-1038,REG-02,Direct Online,25,9124.37,0.04,218984.88,120070.71,98914.17,201466.09,Completed
ORD-HG-15959,2024-12-26,2024-12,CUST-1290,PROD-109,EMP-1019,REG-04,Field Sales,40,20597.69,0.02,807429.45,407805.17,399624.28,742835.09,Completed
ORD-HG-15960,2024-12-26,2024-12,CUST-1273,PROD-103,EMP-1007,REG-04,Enterprise Partner,19,29578.56,0.0,561992.64,294213.32,267779.32,517033.23,Completed
ORD-HG-15961,2024-12-27,2024-12,CUST-1379,PROD-101,EMP-1046,REG-05,Enterprise Partner,16,24874.14,0.04,382066.79,181535.12,200531.67,351501.45,Completed
ORD-HG-15962,2024-12-27,2024-12,CUST-1421,PROD-106,EMP-1003,REG-01,Enterprise Partner,22,7168.44,0.05,149820.4,64442.77,85377.63,137834.77,Completed
ORD-HG-15963,2024-12-27,2024-12,CUST-1120,PROD-120,EMP-1027,REG-01,Retail Store,38,12348.15,0.01,464537.4,243702.11,220835.29,427374.41,Completed
ORD-HG-15964,2024-12-27,2024-12,CUST-1386,PROD-109,EMP-1032,REG-04,Direct Online,37,12065.45,0.03,433029.0,224074.1,208954.9,398386.68,Completed
ORD-HG-15965,2024-12-27,2024-12,CUST-1172,PROD-103,EMP-1017,REG-03,Retail Store,10,43163.49,0.01,427318.55,226420.99,200897.56,393133.07,Completed
ORD-HG-15966,2024-12-27,2024-12,CUST-1070,PROD-102,EMP-1019,REG-03,Retail Store,26,44370.28,0.01,1142091.01,468945.15,673145.86,1050723.73,Completed
ORD-HG-15967,2024-12-27,2024-12,CUST-1125,PROD-115,EMP-1023,REG-01,Enterprise Partner,17,29268.75,0.05,472690.31,243663.58,229026.73,434875.09,Completed
ORD-HG-15968,2024-12-27,2024-12,CUST-1236,PROD-112,EMP-1041,REG-04,Enterprise Partner,11,21423.38,0.01,233300.61,108221.02,125079.59,214636.56,Completed
ORD-HG-15969,2024-12-27,2024-12,CUST-1190,PROD-117,EMP-1031,REG-02,Retail Store,27,37819.21,0.03,990485.11,403963.63,586521.48,911246.3,Completed
ORD-HG-15970,2024-12-27,2024-12,CUST-1190,PROD-102,EMP-1019,REG-05,Field Sales,19,42206.06,0.03,777857.69,418666.77,359190.92,715629.07,Completed
ORD-HG-15971,2024-12-27,2024-12,CUST-1110,PROD-116,EMP-1036,REG-04,Field Sales,17,10651.81,0.0,181080.77,84869.61,96211.16,166594.31,Completed
ORD-HG-15972,2024-12-27,2024-12,CUST-1251,PROD-111,EMP-1033,REG-05,Enterprise Partner,12,18365.55,0.03,213775.0,106417.34,107357.66,196673.0,Completed
ORD-HG-15973,2024-12-28,2024-12,CUST-1025,PROD-118,EMP-1007,REG-02,Retail Store,10,15055.45,0.04,144532.32,66222.36,78309.96,132969.73,Completed
ORD-HG-15974,2024-12-28,2024-12,CUST-1103,PROD-104,EMP-1015,REG-04,Direct Online,25,16694.75,0.02,409021.38,171997.36,237024.02,376299.67,Completed
ORD-HG-15975,2024-12-28,2024-12,CUST-1063,PROD-101,EMP-1034,REG-01,Direct Online,26,16012.18,0.0,416316.68,219690.76,196625.92,383011.35,Completed
ORD-HG-15976,2024-12-28,2024-12,CUST-1162,PROD-120,EMP-1033,REG-04,Enterprise Partner,11,17160.12,0.01,186873.71,102052.64,84821.07,171923.81,Completed
ORD-HG-15977,2024-12-29,2024-12,CUST-1202,PROD-120,EMP-1028,REG-05,Enterprise Partner,14,33264.66,0.01,461048.19,203677.56,257370.63,424164.33,Completed
ORD-HG-15978,2024-12-29,2024-12,CUST-1052,PROD-121,EMP-1039,REG-05,Retail Store,33,37408.4,0.02,1209787.66,645873.63,563914.03,1113004.65,Completed
ORD-HG-15979,2024-12-29,2024-12,CUST-1167,PROD-123,EMP-1015,REG-01,Enterprise Partner,44,42479.82,0.02,1831729.84,827978.84,1003751.0,1685191.45,Completed
ORD-HG-15980,2024-12-29,2024-12,CUST-1483,PROD-106,EMP-1043,REG-05,Direct Online,32,9839.43,0.04,302267.29,156816.57,145450.72,278085.91,Completed
ORD-HG-15981,2024-12-29,2024-12,CUST-1176,PROD-109,EMP-1002,REG-04,Retail Store,7,13234.77,0.04,88937.65,37227.35,51710.3,81822.64,Completed
ORD-HG-15982,2024-12-29,2024-12,CUST-1363,PROD-105,EMP-1032,REG-03,Field Sales,36,35133.78,0.02,1239519.76,539076.04,700443.72,1140358.18,Completed
ORD-HG-15983,2024-12-29,2024-12,CUST-1324,PROD-118,EMP-1040,REG-03,Retail Store,37,37662.49,0.05,1323836.52,626938.85,696897.67,1217929.6,Completed
ORD-HG-15984,2024-12-29,2024-12,CUST-1140,PROD-122,EMP-1019,REG-05,Direct Online,35,10512.22,0.02,360569.15,187959.39,172609.76,331723.62,Completed
ORD-HG-15985,2024-12-29,2024-12,CUST-1303,PROD-105,EMP-1042,REG-05,Direct Online,10,20185.85,0.05,191765.58,81599.33,110166.25,176424.33,Completed
ORD-HG-15986,2024-12-29,2024-12,CUST-1097,PROD-109,EMP-1030,REG-03,Direct Online,9,29566.18,0.0,266095.62,117837.15,148258.47,244807.97,Completed
ORD-HG-15987,2024-12-29,2024-12,CUST-1471,PROD-116,EMP-1030,REG-03,Direct Online,29,42701.52,0.02,1213577.2,644567.81,569009.39,1116491.02,Completed
ORD-HG-15988,2024-12-29,2024-12,CUST-1193,PROD-106,EMP-1045,REG-02,Direct Online,9,30539.76,0.03,266612.1,131425.12,135186.98,245283.13,Completed
ORD-HG-15989,2024-12-29,2024-12,CUST-1262,PROD-121,EMP-1015,REG-05,Retail Store,25,16240.66,0.03,393836.0,168899.98,224936.02,362329.12,Completed
ORD-HG-15990,2024-12-30,2024-12,CUST-1087,PROD-114,EMP-1024,REG-05,Direct Online,15,37321.91,0.01,554230.36,250397.83,303832.53,509891.93,Completed
ORD-HG-15991,2024-12-30,2024-12,CUST-1107,PROD-120,EMP-1003,REG-04,Field Sales,42,33678.18,0.04,1357904.22,576103.93,781800.29,1249271.88,Completed
ORD-HG-15992,2024-12-30,2024-12,CUST-1054,PROD-106,EMP-1018,REG-01,Direct Online,40,32552.78,0.04,1250026.75,607523.4,642503.35,1150024.61,Completed
ORD-HG-15993,2024-12-30,2024-12,CUST-1401,PROD-119,EMP-1049,REG-01,Retail Store,18,20119.39,0.04,347663.06,181179.48,166483.58,319850.02,Completed
ORD-HG-15994,2024-12-30,2024-12,CUST-1128,PROD-102,EMP-1034,REG-03,Retail Store,6,30679.76,0.02,180396.99,95454.74,84942.25,165965.23,Completed
ORD-HG-15995,2024-12-30,2024-12,CUST-1438,PROD-117,EMP-1027,REG-05,Field Sales,32,6177.92,0.01,195716.51,87321.57,108394.94,180059.19,Completed
ORD-HG-15996,2024-12-30,2024-12,CUST-1075,PROD-101,EMP-1015,REG-03,Field Sales,21,14154.28,0.03,288322.68,122021.79,166300.89,265256.87,Completed
ORD-HG-15997,2024-12-30,2024-12,CUST-1324,PROD-107,EMP-1046,REG-02,Direct Online,32,32872.49,0.01,1041400.48,439839.18,601561.3,958088.44,Completed
ORD-HG-15998,2024-12-30,2024-12,CUST-1022,PROD-106,EMP-1028,REG-04,Direct Online,39,25343.17,0.02,968615.96,404423.7,564192.26,891126.68,Completed
ORD-HG-15999,2024-12-30,2024-12,CUST-1088,PROD-113,EMP-1027,REG-01,Direct Online,15,15928.82,0.02,234153.65,103787.48,130366.17,215421.36,Completed
