order_id,order_date,month,customer_id,product_id,sales_rep_id,region_id,channel,quantity,unit_price,discount,revenue,cost,profit,sales_target,status
ORD-SLUMP-10000,2023-01-01,2023-01,CUST-1009,PROD-109,EMP-1005,REG-05,Enterprise Partner,1,3974.85,0.3,2782.4,2448.51,333.89,3756.24,Completed
ORD-SLUMP-10001,2023-01-01,2023-01,CUST-1233,PROD-109,EMP-1018,REG-01,Enterprise Partner,1,1657.95,0.36,1061.09,933.76,127.33,1432.47,Completed
ORD-SLUMP-10002,2023-01-01,2023-01,CUST-1230,PROD-103,EMP-1019,REG-04,Field Sales,1,2242.15,0.24,1704.03,1499.55,204.48,2300.44,Completed
ORD-SLUMP-10003,2023-01-01,2023-01,CUST-1033,PROD-117,EMP-1023,REG-02,Retail Store,3,4456.3,0.32,9090.85,7999.95,1090.9,12272.65,Completed
ORD-SLUMP-10004,2023-01-01,2023-01,CUST-1100,PROD-114,EMP-1022,REG-02,Field Sales,1,1026.01,0.29,728.47,641.05,87.42,983.43,Completed
ORD-SLUMP-10005,2023-01-02,2023-01,CUST-1231,PROD-118,EMP-1005,REG-05,Field Sales,3,933.42,0.25,2100.19,1848.17,252.02,2835.26,Completed
ORD-SLUMP-10006,2023-01-02,2023-01,CUST-1039,PROD-117,EMP-1014,REG-02,Enterprise Partner,2,1712.55,0.36,2192.06,1929.01,263.05,2959.28,Completed
ORD-SLUMP-10007,2023-01-02,2023-01,CUST-1035,PROD-113,EMP-1028,REG-05,Direct Online,1,3916.15,0.2,3132.92,2756.97,375.95,4229.44,Completed
ORD-SLUMP-10008,2023-01-02,2023-01,CUST-1046,PROD-115,EMP-1011,REG-03,Direct Online,4,3806.77,0.31,10506.69,9245.89,1260.8,14184.03,Completed
ORD-SLUMP-10009,2023-01-02,2023-01,CUST-1226,PROD-106,EMP-1007,REG-04,Direct Online,2,4227.88,0.32,5749.92,5059.93,689.99,7762.39,Completed
ORD-SLUMP-10010,2023-01-03,2023-01,CUST-1149,PROD-101,EMP-1027,REG-01,Field Sales,1,2863.2,0.3,2004.24,1763.73,240.51,2705.72,Completed
ORD-SLUMP-10011,2023-01-03,2023-01,CUST-1071,PROD-119,EMP-1004,REG-05,Enterprise Partner,3,3486.25,0.28,7530.3,6626.66,903.64,10165.91,Completed
ORD-SLUMP-10012,2023-01-03,2023-01,CUST-1040,PROD-115,EMP-1006,REG-04,Field Sales,3,3594.95,0.27,7872.94,6928.19,944.75,10628.47,Completed
ORD-SLUMP-10013,2023-01-03,2023-01,CUST-1277,PROD-103,EMP-1020,REG-03,Field Sales,1,3110.87,0.37,1959.85,1724.67,235.18,2645.8,Completed
ORD-SLUMP-10014,2023-01-04,2023-01,CUST-1051,PROD-110,EMP-1014,REG-03,Direct Online,7,3909.11,0.34,18060.09,15892.88,2167.21,24381.12,Completed
ORD-SLUMP-10015,2023-01-04,2023-01,CUST-1122,PROD-108,EMP-1025,REG-05,Field Sales,7,2210.07,0.22,12066.98,10618.94,1448.04,16290.42,Completed
ORD-SLUMP-10016,2023-01-04,2023-01,CUST-1177,PROD-105,EMP-1010,REG-02,Field Sales,1,1677.24,0.33,1123.75,988.9,134.85,1517.06,Completed
ORD-SLUMP-10017,2023-01-04,2023-01,CUST-1093,PROD-110,EMP-1027,REG-04,Direct Online,4,1038.88,0.35,2701.09,2376.96,324.13,3646.47,Completed
ORD-SLUMP-10018,2023-01-04,2023-01,CUST-1274,PROD-116,EMP-1009,REG-05,Enterprise Partner,3,996.82,0.4,1794.28,1578.97,215.31,2422.28,Completed
ORD-SLUMP-10019,2023-01-05,2023-01,CUST-1236,PROD-119,EMP-1006,REG-04,Field Sales,3,2522.73,0.3,5297.73,4662.0,635.73,7151.94,Completed
ORD-SLUMP-10020,2023-01-05,2023-01,CUST-1018,PROD-110,EMP-1007,REG-05,Retail Store,4,2393.6,0.29,6797.82,5982.08,815.74,9177.06,Completed
ORD-SLUMP-10021,2023-01-05,2023-01,CUST-1211,PROD-111,EMP-1015,REG-01,Retail Store,3,4249.85,0.22,9944.65,8751.29,1193.36,13425.28,Completed
ORD-SLUMP-10022,2023-01-05,2023-01,CUST-1243,PROD-103,EMP-1024,REG-04,Retail Store,2,1498.81,0.33,2008.41,1767.4,241.01,2711.35,Completed
ORD-SLUMP-10023,2023-01-05,2023-01,CUST-1012,PROD-114,EMP-1010,REG-03,Retail Store,6,2993.5,0.22,14009.58,12328.43,1681.15,18912.93,Completed
ORD-SLUMP-10024,2023-01-05,2023-01,CUST-1243,PROD-107,EMP-1002,REG-01,Direct Online,3,4469.31,0.32,9117.39,8023.3,1094.09,12308.48,Completed
ORD-SLUMP-10025,2023-01-05,2023-01,CUST-1224,PROD-109,EMP-1026,REG-04,Field Sales,1,1716.9,0.38,1064.48,936.74,127.74,1437.05,Completed
ORD-SLUMP-10026,2023-01-06,2023-01,CUST-1292,PROD-108,EMP-1023,REG-05,Direct Online,6,4458.94,0.21,21135.38,18599.13,2536.25,28532.76,Completed
ORD-SLUMP-10027,2023-01-06,2023-01,CUST-1120,PROD-101,EMP-1029,REG-05,Field Sales,4,2520.64,0.26,7461.09,6565.76,895.33,10072.47,Completed
ORD-SLUMP-10028,2023-01-06,2023-01,CUST-1290,PROD-102,EMP-1002,REG-01,Direct Online,7,2931.58,0.23,15801.22,13905.07,1896.15,21331.65,Completed
ORD-SLUMP-10029,2023-01-06,2023-01,CUST-1241,PROD-106,EMP-1002,REG-05,Enterprise Partner,3,1738.58,0.38,3233.76,2845.71,388.05,4365.58,Completed
ORD-SLUMP-10030,2023-01-06,2023-01,CUST-1043,PROD-113,EMP-1008,REG-05,Field Sales,2,1766.81,0.36,2261.52,1990.14,271.38,3053.05,Completed
ORD-SLUMP-10031,2023-01-07,2023-01,CUST-1156,PROD-118,EMP-1024,REG-02,Field Sales,1,1643.07,0.23,1265.16,1113.34,151.82,1707.97,Completed
ORD-SLUMP-10032,2023-01-07,2023-01,CUST-1270,PROD-119,EMP-1012,REG-05,Retail Store,5,3527.28,0.32,11992.75,10553.62,1439.13,16190.21,Completed
ORD-SLUMP-10033,2023-01-08,2023-01,CUST-1243,PROD-102,EMP-1013,REG-05,Retail Store,2,3662.06,0.26,5419.85,4769.47,650.38,7316.8,Completed
ORD-SLUMP-10034,2023-01-08,2023-01,CUST-1284,PROD-116,EMP-1027,REG-05,Retail Store,5,4333.82,0.24,16468.52,14492.3,1976.22,22232.5,Completed
ORD-SLUMP-10035,2023-01-08,2023-01,CUST-1068,PROD-101,EMP-1010,REG-02,Direct Online,3,2912.3,0.4,5242.14,4613.08,629.06,7076.89,Completed
ORD-SLUMP-10036,2023-01-08,2023-01,CUST-1282,PROD-111,EMP-1028,REG-04,Direct Online,6,1753.93,0.39,6419.38,5649.05,770.33,8666.16,Completed
ORD-SLUMP-10037,2023-01-08,2023-01,CUST-1186,PROD-116,EMP-1018,REG-03,Retail Store,1,3295.59,0.29,2339.87,2059.09,280.78,3158.82,Completed
ORD-SLUMP-10038,2023-01-08,2023-01,CUST-1133,PROD-118,EMP-1019,REG-05,Retail Store,2,3408.71,0.27,4976.72,4379.51,597.21,6718.57,Completed
ORD-SLUMP-10039,2023-01-09,2023-01,CUST-1101,PROD-104,EMP-1027,REG-01,Retail Store,6,3802.65,0.32,15514.81,13653.03,1861.78,20944.99,Completed
ORD-SLUMP-10040,2023-01-09,2023-01,CUST-1072,PROD-101,EMP-1020,REG-05,Direct Online,5,2933.76,0.39,8947.97,7874.21,1073.76,12079.76,Completed
ORD-SLUMP-10041,2023-01-09,2023-01,CUST-1163,PROD-101,EMP-1007,REG-04,Retail Store,6,2443.84,0.33,9824.24,8645.33,1178.91,13262.72,Completed
ORD-SLUMP-10042,2023-01-09,2023-01,CUST-1142,PROD-107,EMP-1025,REG-01,Direct Online,2,3394.28,0.24,5159.31,4540.19,619.12,6965.07,Completed
ORD-SLUMP-10043,2023-01-10,2023-01,CUST-1226,PROD-112,EMP-1012,REG-02,Retail Store,2,3408.69,0.37,4294.95,3779.56,515.39,5798.18,Completed
ORD-SLUMP-10044,2023-01-10,2023-01,CUST-1140,PROD-108,EMP-1006,REG-03,Enterprise Partner,6,1358.9,0.23,6278.12,5524.75,753.37,8475.46,Completed
ORD-SLUMP-10045,2023-01-10,2023-01,CUST-1153,PROD-118,EMP-1009,REG-03,Enterprise Partner,2,1925.66,0.22,3004.03,2643.55,360.48,4055.44,Completed
ORD-SLUMP-10046,2023-01-10,2023-01,CUST-1193,PROD-113,EMP-1018,REG-04,Enterprise Partner,4,3112.6,0.33,8341.77,7340.76,1001.01,11261.39,Completed
ORD-SLUMP-10047,2023-01-10,2023-01,CUST-1257,PROD-114,EMP-1023,REG-04,Enterprise Partner,3,1545.17,0.29,3291.21,2896.26,394.95,4443.13,Completed
ORD-SLUMP-10048,2023-01-11,2023-01,CUST-1217,PROD-109,EMP-1011,REG-03,Retail Store,3,4417.55,0.36,8481.7,7463.9,1017.8,11450.3,Completed
ORD-SLUMP-10049,2023-01-11,2023-01,CUST-1107,PROD-119,EMP-1022,REG-04,Enterprise Partner,3,1290.45,0.2,3097.08,2725.43,371.65,4181.06,Completed
ORD-SLUMP-10050,2023-01-11,2023-01,CUST-1180,PROD-106,EMP-1029,REG-05,Retail Store,7,3846.81,0.22,21003.58,18483.15,2520.43,28354.83,Completed
ORD-SLUMP-10051,2023-01-11,2023-01,CUST-1016,PROD-112,EMP-1002,REG-05,Direct Online,7,4020.29,0.35,18292.32,16097.24,2195.08,24694.63,Completed
ORD-SLUMP-10052,2023-01-11,2023-01,CUST-1251,PROD-112,EMP-1020,REG-02,Enterprise Partner,4,965.74,0.37,2433.66,2141.62,292.04,3285.44,Completed
ORD-SLUMP-10053,2023-01-11,2023-01,CUST-1086,PROD-108,EMP-1027,REG-04,Enterprise Partner,6,2269.73,0.28,9805.23,8628.6,1176.63,13237.06,Completed
ORD-SLUMP-10054,2023-01-11,2023-01,CUST-1250,PROD-113,EMP-1017,REG-04,Direct Online,1,2705.49,0.29,1920.9,1690.39,230.51,2593.22,Completed
ORD-SLUMP-10055,2023-01-11,2023-01,CUST-1030,PROD-116,EMP-1015,REG-04,Field Sales,5,1482.87,0.37,4671.04,4110.52,560.52,6305.9,Completed
ORD-SLUMP-10056,2023-01-11,2023-01,CUST-1201,PROD-114,EMP-1008,REG-02,Field Sales,1,1278.79,0.38,792.85,697.71,95.14,1070.35,Completed
ORD-SLUMP-10057,2023-01-11,2023-01,CUST-1134,PROD-106,EMP-1009,REG-01,Direct Online,4,2647.46,0.32,7201.09,6336.96,864.13,9721.47,Completed
ORD-SLUMP-10058,2023-01-12,2023-01,CUST-1120,PROD-116,EMP-1027,REG-03,Direct Online,2,3097.26,0.26,4583.94,4033.87,550.07,6188.32,Completed
ORD-SLUMP-10059,2023-01-12,2023-01,CUST-1146,PROD-115,EMP-1005,REG-01,Enterprise Partner,3,1404.76,0.25,3160.71,2781.42,379.29,4266.96,Completed
ORD-SLUMP-10060,2023-01-12,2023-01,CUST-1188,PROD-115,EMP-1003,REG-01,Retail Store,7,2177.39,0.27,11126.46,9791.28,1335.18,15020.72,Completed
ORD-SLUMP-10061,2023-01-13,2023-01,CUST-1027,PROD-116,EMP-1010,REG-01,Enterprise Partner,4,4256.49,0.22,13280.25,11686.62,1593.63,17928.34,Completed
ORD-SLUMP-10062,2023-01-13,2023-01,CUST-1009,PROD-117,EMP-1025,REG-02,Enterprise Partner,5,1232.78,0.37,3883.26,3417.27,465.99,5242.4,Completed
ORD-SLUMP-10063,2023-01-13,2023-01,CUST-1096,PROD-109,EMP-1014,REG-02,Direct Online,5,2776.14,0.24,10549.33,9283.41,1265.92,14241.6,Completed
ORD-SLUMP-10064,2023-01-13,2023-01,CUST-1221,PROD-112,EMP-1009,REG-02,Field Sales,4,2125.91,0.26,6292.69,5537.57,755.12,8495.13,Completed
ORD-SLUMP-10065,2023-01-13,2023-01,CUST-1154,PROD-116,EMP-1023,REG-05,Enterprise Partner,1,3034.1,0.37,1911.48,1682.1,229.38,2580.5,Completed
ORD-SLUMP-10066,2023-01-13,2023-01,CUST-1041,PROD-105,EMP-1019,REG-01,Direct Online,6,1703.49,0.29,7256.87,6386.05,870.82,9796.77,Completed
ORD-SLUMP-10067,2023-01-13,2023-01,CUST-1067,PROD-116,EMP-1006,REG-03,Retail Store,5,3782.9,0.38,11726.99,10319.75,1407.24,15831.44,Completed
ORD-SLUMP-10068,2023-01-14,2023-01,CUST-1115,PROD-104,EMP-1028,REG-02,Retail Store,2,2978.65,0.34,3931.82,3460.0,471.82,5307.96,Completed
ORD-SLUMP-10069,2023-01-15,2023-01,CUST-1102,PROD-103,EMP-1002,REG-04,Field Sales,5,2891.04,0.22,11275.06,9922.05,1353.01,15221.33,Completed
ORD-SLUMP-10070,2023-01-15,2023-01,CUST-1017,PROD-117,EMP-1021,REG-03,Retail Store,4,3984.19,0.2,12749.41,11219.48,1529.93,17211.7,Completed
ORD-SLUMP-10071,2023-01-15,2023-01,CUST-1127,PROD-113,EMP-1008,REG-05,Retail Store,1,1757.57,0.23,1353.33,1190.93,162.4,1827.0,Completed
ORD-SLUMP-10072,2023-01-15,2023-01,CUST-1054,PROD-110,EMP-1025,REG-03,Direct Online,2,2818.41,0.28,4058.51,3571.49,487.02,5478.99,Completed
ORD-SLUMP-10073,2023-01-15,2023-01,CUST-1024,PROD-114,EMP-1025,REG-01,Retail Store,5,3157.69,0.27,11525.57,10142.5,1383.07,15559.52,Completed
ORD-SLUMP-10074,2023-01-16,2023-01,CUST-1242,PROD-118,EMP-1009,REG-03,Direct Online,1,2154.89,0.23,1659.27,1460.16,199.11,2240.01,Completed
ORD-SLUMP-10075,2023-01-16,2023-01,CUST-1119,PROD-117,EMP-1021,REG-01,Retail Store,2,2611.94,0.36,3343.28,2942.09,401.19,4513.43,Completed
ORD-SLUMP-10076,2023-01-16,2023-01,CUST-1184,PROD-108,EMP-1022,REG-03,Field Sales,2,1810.19,0.34,2389.45,2102.72,286.73,3225.76,Completed
ORD-SLUMP-10077,2023-01-16,2023-01,CUST-1105,PROD-103,EMP-1028,REG-03,Field Sales,7,1120.33,0.23,6038.58,5313.95,724.63,8152.08,Completed
ORD-SLUMP-10078,2023-01-16,2023-01,CUST-1298,PROD-110,EMP-1001,REG-02,Field Sales,1,1043.51,0.26,772.2,679.54,92.66,1042.47,Completed
ORD-SLUMP-10079,2023-01-16,2023-01,CUST-1275,PROD-117,EMP-1029,REG-05,Field Sales,2,1025.29,0.21,1619.96,1425.56,194.4,2186.95,Completed
ORD-SLUMP-10080,2023-01-17,2023-01,CUST-1023,PROD-117,EMP-1023,REG-01,Field Sales,2,1870.6,0.23,2880.72,2535.03,345.69,3888.97,Completed
ORD-SLUMP-10081,2023-01-17,2023-01,CUST-1034,PROD-106,EMP-1012,REG-02,Field Sales,5,3228.34,0.39,9846.44,8664.87,1181.57,13292.69,Completed
ORD-SLUMP-10082,2023-01-17,2023-01,CUST-1288,PROD-102,EMP-1028,REG-05,Retail Store,4,3035.94,0.32,8257.76,7266.83,990.93,11147.98,Completed
ORD-SLUMP-10083,2023-01-17,2023-01,CUST-1004,PROD-116,EMP-1022,REG-03,Enterprise Partner,1,1999.28,0.35,1299.53,1143.59,155.94,1754.37,Completed
ORD-SLUMP-10084,2023-01-17,2023-01,CUST-1272,PROD-108,EMP-1027,REG-04,Enterprise Partner,6,918.11,0.28,3966.24,3490.29,475.95,5354.42,Completed
ORD-SLUMP-10085,2023-01-17,2023-01,CUST-1222,PROD-101,EMP-1007,REG-03,Field Sales,4,3468.01,0.22,10820.19,9521.77,1298.42,14607.26,Completed
ORD-SLUMP-10086,2023-01-18,2023-01,CUST-1263,PROD-111,EMP-1006,REG-05,Enterprise Partner,6,3017.48,0.21,14302.86,12586.52,1716.34,19308.86,Completed
ORD-SLUMP-10087,2023-01-18,2023-01,CUST-1052,PROD-118,EMP-1007,REG-04,Direct Online,1,4204.63,0.2,3363.7,2960.06,403.64,4541.0,Completed
ORD-SLUMP-10088,2023-01-18,2023-01,CUST-1247,PROD-109,EMP-1019,REG-01,Retail Store,7,3687.2,0.26,19099.7,16807.74,2291.96,25784.6,Completed
ORD-SLUMP-10089,2023-01-18,2023-01,CUST-1274,PROD-112,EMP-1016,REG-01,Direct Online,1,3896.82,0.36,2493.96,2194.68,299.28,3366.85,Completed
ORD-SLUMP-10090,2023-01-18,2023-01,CUST-1168,PROD-107,EMP-1029,REG-03,Direct Online,3,2273.39,0.21,5387.93,4741.38,646.55,7273.71,Completed
ORD-SLUMP-10091,2023-01-18,2023-01,CUST-1066,PROD-113,EMP-1014,REG-04,Field Sales,2,2096.26,0.37,2641.29,2324.34,316.95,3565.74,Completed
ORD-SLUMP-10092,2023-01-19,2023-01,CUST-1248,PROD-102,EMP-1021,REG-02,Field Sales,3,3286.73,0.35,6409.12,5640.03,769.09,8652.31,Completed
ORD-SLUMP-10093,2023-01-19,2023-01,CUST-1180,PROD-114,EMP-1006,REG-02,Direct Online,6,2408.47,0.31,9971.07,8774.54,1196.53,13460.94,Completed
ORD-SLUMP-10094,2023-01-19,2023-01,CUST-1299,PROD-103,EMP-1017,REG-03,Field Sales,2,954.28,0.4,1145.14,1007.72,137.42,1545.94,Completed
ORD-SLUMP-10095,2023-01-19,2023-01,CUST-1114,PROD-111,EMP-1020,REG-05,Retail Store,1,4089.6,0.23,3148.99,2771.11,377.88,4251.14,Completed
ORD-SLUMP-10096,2023-01-19,2023-01,CUST-1000,PROD-101,EMP-1021,REG-03,Field Sales,4,3362.66,0.21,10626.01,9350.89,1275.12,14345.11,Completed
ORD-SLUMP-10097,2023-01-20,2023-01,CUST-1034,PROD-117,EMP-1015,REG-04,Enterprise Partner,7,3357.89,0.23,18099.03,15927.15,2171.88,24433.69,Completed
ORD-SLUMP-10098,2023-01-20,2023-01,CUST-1127,PROD-105,EMP-1001,REG-01,Enterprise Partner,5,2823.19,0.2,11292.76,9937.63,1355.13,15245.23,Completed
ORD-SLUMP-10099,2023-01-20,2023-01,CUST-1016,PROD-105,EMP-1010,REG-02,Retail Store,2,2735.06,0.32,3719.68,3273.32,446.36,5021.57,Completed
ORD-SLUMP-10100,2023-01-20,2023-01,CUST-1076,PROD-109,EMP-1022,REG-01,Enterprise Partner,5,4259.59,0.31,14695.59,12932.12,1763.47,19839.05,Completed
ORD-SLUMP-10101,2023-01-20,2023-01,CUST-1030,PROD-116,EMP-1025,REG-04,Field Sales,6,1736.73,0.31,7190.06,6327.25,862.81,9706.58,Completed
ORD-SLUMP-10102,2023-01-20,2023-01,CUST-1297,PROD-105,EMP-1002,REG-02,Direct Online,4,2106.45,0.39,5139.74,4522.97,616.77,6938.65,Completed
ORD-SLUMP-10103,2023-01-20,2023-01,CUST-1160,PROD-106,EMP-1016,REG-02,Field Sales,7,814.88,0.23,4392.2,3865.14,527.06,5929.47,Completed
ORD-SLUMP-10104,2023-01-20,2023-01,CUST-1117,PROD-105,EMP-1026,REG-04,Retail Store,6,1790.88,0.3,7521.7,6619.1,902.6,10154.3,Completed
ORD-SLUMP-10105,2023-01-21,2023-01,CUST-1193,PROD-110,EMP-1007,REG-02,Retail Store,1,992.37,0.34,654.96,576.36,78.6,884.2,Completed
ORD-SLUMP-10106,2023-01-21,2023-01,CUST-1292,PROD-111,EMP-1025,REG-01,Enterprise Partner,7,1489.71,0.38,6465.34,5689.5,775.84,8728.21,Completed
ORD-SLUMP-10107,2023-01-21,2023-01,CUST-1166,PROD-110,EMP-1017,REG-04,Enterprise Partner,2,2258.09,0.3,3161.33,2781.97,379.36,4267.8,Completed
ORD-SLUMP-10108,2023-01-21,2023-01,CUST-1022,PROD-114,EMP-1012,REG-03,Enterprise Partner,5,3442.66,0.29,12221.44,10754.87,1466.57,16498.94,Completed
ORD-SLUMP-10109,2023-01-21,2023-01,CUST-1273,PROD-112,EMP-1016,REG-02,Field Sales,1,4384.05,0.21,3463.4,3047.79,415.61,4675.59,Completed
ORD-SLUMP-10110,2023-01-21,2023-01,CUST-1226,PROD-105,EMP-1010,REG-01,Direct Online,2,812.12,0.32,1104.48,971.94,132.54,1491.05,Completed
ORD-SLUMP-10111,2023-01-22,2023-01,CUST-1166,PROD-104,EMP-1001,REG-02,Direct Online,6,1770.53,0.23,8179.85,7198.27,981.58,11042.8,Completed
ORD-SLUMP-10112,2023-01-22,2023-01,CUST-1134,PROD-109,EMP-1001,REG-02,Direct Online,5,2941.1,0.36,9411.52,8282.14,1129.38,12705.55,Completed
ORD-SLUMP-10113,2023-01-22,2023-01,CUST-1063,PROD-101,EMP-1002,REG-03,Direct Online,1,2574.16,0.25,1930.62,1698.95,231.67,2606.34,Completed
ORD-SLUMP-10114,2023-01-22,2023-01,CUST-1203,PROD-102,EMP-1007,REG-03,Direct Online,6,3938.74,0.22,18433.3,16221.3,2212.0,24884.96,Completed
ORD-SLUMP-10115,2023-01-22,2023-01,CUST-1266,PROD-101,EMP-1001,REG-02,Field Sales,4,1382.39,0.26,4091.87,3600.85,491.02,5524.02,Completed
ORD-SLUMP-10116,2023-01-22,2023-01,CUST-1014,PROD-118,EMP-1003,REG-01,Direct Online,6,2493.46,0.36,9574.89,8425.9,1148.99,12926.1,Completed
ORD-SLUMP-10117,2023-01-22,2023-01,CUST-1009,PROD-119,EMP-1026,REG-05,Field Sales,6,3441.7,0.21,16313.66,14356.02,1957.64,22023.44,Completed
ORD-SLUMP-10118,2023-01-23,2023-01,CUST-1206,PROD-106,EMP-1006,REG-04,Retail Store,6,3935.28,0.34,15583.71,13713.66,1870.05,21038.01,Completed
ORD-SLUMP-10119,2023-01-23,2023-01,CUST-1029,PROD-110,EMP-1029,REG-04,Field Sales,2,3906.13,0.38,4843.6,4262.37,581.23,6538.86,Completed
ORD-SLUMP-10120,2023-01-23,2023-01,CUST-1201,PROD-110,EMP-1021,REG-04,Enterprise Partner,3,832.57,0.39,1523.6,1340.77,182.83,2056.86,Completed
ORD-SLUMP-10121,2023-01-23,2023-01,CUST-1201,PROD-115,EMP-1009,REG-02,Retail Store,4,1277.75,0.33,3424.37,3013.45,410.92,4622.9,Completed
ORD-SLUMP-10122,2023-01-24,2023-01,CUST-1027,PROD-119,EMP-1025,REG-03,Enterprise Partner,5,1813.49,0.3,6347.22,5585.55,761.67,8568.75,Completed
ORD-SLUMP-10123,2023-01-24,2023-01,CUST-1038,PROD-119,EMP-1025,REG-05,Enterprise Partner,4,1340.81,0.27,3915.17,3445.35,469.82,5285.48,Completed
ORD-SLUMP-10124,2023-01-24,2023-01,CUST-1032,PROD-115,EMP-1027,REG-04,Direct Online,7,1068.46,0.32,5085.87,4475.57,610.3,6865.92,Completed
ORD-SLUMP-10125,2023-01-24,2023-01,CUST-1069,PROD-116,EMP-1015,REG-03,Field Sales,3,1794.82,0.4,3230.68,2843.0,387.68,4361.42,Completed
ORD-SLUMP-10126,2023-01-24,2023-01,CUST-1057,PROD-113,EMP-1026,REG-04,Field Sales,5,3776.15,0.22,14726.98,12959.74,1767.24,19881.42,Completed
ORD-SLUMP-10127,2023-01-24,2023-01,CUST-1154,PROD-111,EMP-1014,REG-03,Retail Store,4,3965.25,0.21,12530.19,11026.57,1503.62,16915.76,Completed
ORD-SLUMP-10128,2023-01-24,2023-01,CUST-1121,PROD-103,EMP-1003,REG-01,Direct Online,2,2016.43,0.38,2500.37,2200.33,300.04,3375.5,Completed
ORD-SLUMP-10129,2023-01-25,2023-01,CUST-1056,PROD-109,EMP-1021,REG-05,Field Sales,1,3304.75,0.31,2280.28,2006.65,273.63,3078.38,Completed
ORD-SLUMP-10130,2023-01-25,2023-01,CUST-1000,PROD-103,EMP-1014,REG-05,Direct Online,6,2193.43,0.36,8422.77,7412.04,1010.73,11370.74,Completed
ORD-SLUMP-10131,2023-01-25,2023-01,CUST-1117,PROD-108,EMP-1017,REG-05,Direct Online,7,3203.37,0.29,15920.75,14010.26,1910.49,21493.01,Completed
ORD-SLUMP-10132,2023-01-26,2023-01,CUST-1121,PROD-106,EMP-1011,REG-01,Direct Online,3,4258.16,0.36,8175.67,7194.59,981.08,11037.15,Completed
ORD-SLUMP-10133,2023-01-26,2023-01,CUST-1230,PROD-102,EMP-1003,REG-04,Retail Store,1,3231.85,0.37,2036.07,1791.74,244.33,2748.69,Completed
ORD-SLUMP-10134,2023-01-26,2023-01,CUST-1182,PROD-109,EMP-1001,REG-05,Field Sales,7,1800.82,0.26,9328.25,8208.86,1119.39,12593.14,Completed
ORD-SLUMP-10135,2023-01-26,2023-01,CUST-1129,PROD-119,EMP-1013,REG-02,Direct Online,2,3340.39,0.28,4810.16,4232.94,577.22,6493.72,Completed
ORD-SLUMP-10136,2023-01-26,2023-01,CUST-1266,PROD-113,EMP-1029,REG-03,Field Sales,6,2285.85,0.38,8503.36,7482.96,1020.4,11479.54,Completed
ORD-SLUMP-10137,2023-01-27,2023-01,CUST-1005,PROD-113,EMP-1021,REG-03,Enterprise Partner,3,4089.17,0.21,9691.33,8528.37,1162.96,13083.3,Completed
ORD-SLUMP-10138,2023-01-27,2023-01,CUST-1259,PROD-110,EMP-1023,REG-03,Enterprise Partner,2,2050.46,0.29,2911.65,2562.25,349.4,3930.73,Completed
ORD-SLUMP-10139,2023-01-27,2023-01,CUST-1087,PROD-109,EMP-1025,REG-02,Direct Online,5,2348.14,0.23,9040.34,7955.5,1084.84,12204.46,Completed
ORD-SLUMP-10140,2023-01-27,2023-01,CUST-1111,PROD-105,EMP-1001,REG-02,Retail Store,7,2054.81,0.24,10931.59,9619.8,1311.79,14757.65,Completed
ORD-SLUMP-10141,2023-01-27,2023-01,CUST-1215,PROD-112,EMP-1021,REG-03,Field Sales,6,3653.32,0.32,14905.55,13116.88,1788.67,20122.49,Completed
ORD-SLUMP-10142,2023-01-27,2023-01,CUST-1183,PROD-111,EMP-1022,REG-04,Enterprise Partner,5,1510.13,0.2,6040.52,5315.66,724.86,8154.7,Completed
ORD-SLUMP-10143,2023-01-27,2023-01,CUST-1024,PROD-117,EMP-1023,REG-02,Field Sales,2,1895.26,0.3,2653.36,2334.96,318.4,3582.04,Completed
ORD-SLUMP-10144,2023-01-28,2023-01,CUST-1279,PROD-106,EMP-1028,REG-01,Direct Online,3,962.03,0.38,1789.38,1574.65,214.73,2415.66,Completed
ORD-SLUMP-10145,2023-01-28,2023-01,CUST-1235,PROD-109,EMP-1015,REG-01,Field Sales,3,3779.91,0.32,7711.02,6785.7,925.32,10409.88,Completed
ORD-SLUMP-10146,2023-01-28,2023-01,CUST-1184,PROD-109,EMP-1027,REG-02,Retail Store,1,4183.54,0.32,2844.81,2503.43,341.38,3840.49,Completed
ORD-SLUMP-10147,2023-01-29,2023-01,CUST-1078,PROD-102,EMP-1016,REG-01,Enterprise Partner,5,1175.05,0.31,4053.92,3567.45,486.47,5472.79,Completed
ORD-SLUMP-10148,2023-01-29,2023-01,CUST-1147,PROD-107,EMP-1026,REG-05,Enterprise Partner,7,4423.16,0.26,22911.97,20162.53,2749.44,30931.16,Completed
ORD-SLUMP-10149,2023-01-29,2023-01,CUST-1211,PROD-112,EMP-1004,REG-01,Field Sales,7,2059.7,0.34,9515.81,8373.91,1141.9,12846.34,Completed
ORD-SLUMP-10150,2023-01-29,2023-01,CUST-1246,PROD-117,EMP-1007,REG-03,Direct Online,1,4099.41,0.37,2582.63,2272.71,309.92,3486.55,Completed
ORD-SLUMP-10151,2023-01-29,2023-01,CUST-1253,PROD-116,EMP-1022,REG-02,Enterprise Partner,4,2586.4,0.39,6310.82,5553.52,757.3,8519.61,Completed
ORD-SLUMP-10152,2023-01-29,2023-01,CUST-1211,PROD-102,EMP-1024,REG-04,Enterprise Partner,6,2983.36,0.35,11635.1,10238.89,1396.21,15707.39,Completed
ORD-SLUMP-10153,2023-01-29,2023-01,CUST-1141,PROD-111,EMP-1001,REG-05,Direct Online,3,1088.95,0.38,2025.45,1782.4,243.05,2734.36,Completed
ORD-SLUMP-10154,2023-01-29,2023-01,CUST-1164,PROD-105,EMP-1023,REG-03,Retail Store,2,1951.66,0.34,2576.19,2267.05,309.14,3477.86,Completed
ORD-SLUMP-10155,2023-01-30,2023-01,CUST-1190,PROD-105,EMP-1003,REG-01,Retail Store,6,2333.33,0.29,9939.99,8747.19,1192.8,13418.99,Completed
ORD-SLUMP-10156,2023-01-30,2023-01,CUST-1061,PROD-116,EMP-1022,REG-02,Field Sales,6,2339.54,0.33,9404.95,8276.36,1128.59,12696.68,Completed
ORD-SLUMP-10157,2023-01-30,2023-01,CUST-1257,PROD-117,EMP-1006,REG-05,Field Sales,2,1834.86,0.35,2385.32,2099.08,286.24,3220.18,Completed
ORD-SLUMP-10158,2023-01-30,2023-01,CUST-1033,PROD-106,EMP-1025,REG-04,Enterprise Partner,2,1540.64,0.32,2095.27,1843.84,251.43,2828.61,Completed
ORD-SLUMP-10159,2023-01-30,2023-01,CUST-1103,PROD-109,EMP-1025,REG-02,Direct Online,6,861.35,0.35,3359.27,2956.16,403.11,4535.01,Completed
ORD-SLUMP-10160,2023-01-30,2023-01,CUST-1139,PROD-111,EMP-1020,REG-02,Enterprise Partner,4,3220.06,0.3,9016.17,7934.23,1081.94,12171.83,Completed
ORD-SLUMP-10161,2023-01-31,2023-01,CUST-1122,PROD-114,EMP-1022,REG-03,Retail Store,1,3743.09,0.39,2283.28,2009.29,273.99,3082.43,Completed
ORD-SLUMP-10162,2023-02-01,2023-02,CUST-1000,PROD-107,EMP-1012,REG-02,Direct Online,4,4283.9,0.23,13194.41,11611.08,1583.33,17812.45,Completed
ORD-SLUMP-10163,2023-02-01,2023-02,CUST-1296,PROD-108,EMP-1007,REG-02,Field Sales,5,2833.45,0.3,9917.07,8727.02,1190.05,13388.04,Completed
ORD-SLUMP-10164,2023-02-02,2023-02,CUST-1078,PROD-105,EMP-1025,REG-03,Direct Online,4,3222.54,0.28,9280.92,8167.21,1113.71,12529.24,Completed
ORD-SLUMP-10165,2023-02-02,2023-02,CUST-1212,PROD-117,EMP-1007,REG-01,Field Sales,4,2674.72,0.25,8024.16,7061.26,962.9,10832.62,Completed
ORD-SLUMP-10166,2023-02-02,2023-02,CUST-1186,PROD-101,EMP-1001,REG-03,Field Sales,1,2527.13,0.32,1718.45,1512.24,206.21,2319.91,Completed
ORD-SLUMP-10167,2023-02-02,2023-02,CUST-1246,PROD-118,EMP-1010,REG-05,Direct Online,6,1458.72,0.36,5601.48,4929.3,672.18,7562.0,Completed
ORD-SLUMP-10168,2023-02-02,2023-02,CUST-1241,PROD-104,EMP-1029,REG-04,Retail Store,7,2459.5,0.3,12051.55,10605.36,1446.19,16269.59,Completed
ORD-SLUMP-10169,2023-02-02,2023-02,CUST-1135,PROD-114,EMP-1020,REG-03,Enterprise Partner,2,2628.8,0.28,3785.47,3331.21,454.26,5110.38,Completed
ORD-SLUMP-10170,2023-02-03,2023-02,CUST-1225,PROD-107,EMP-1012,REG-02,Retail Store,1,3598.9,0.38,2231.32,1963.56,267.76,3012.28,Completed
ORD-SLUMP-10171,2023-02-03,2023-02,CUST-1254,PROD-106,EMP-1013,REG-01,Enterprise Partner,1,2884.62,0.21,2278.85,2005.39,273.46,3076.45,Completed
ORD-SLUMP-10172,2023-02-04,2023-02,CUST-1188,PROD-119,EMP-1015,REG-04,Direct Online,3,4485.43,0.29,9553.97,8407.49,1146.48,12897.86,Completed
ORD-SLUMP-10173,2023-02-04,2023-02,CUST-1134,PROD-117,EMP-1024,REG-05,Retail Store,3,1244.8,0.24,2838.14,2497.56,340.58,3831.49,Completed
ORD-SLUMP-10174,2023-02-04,2023-02,CUST-1158,PROD-115,EMP-1003,REG-01,Direct Online,2,1448.52,0.29,2056.9,1810.07,246.83,2776.82,Completed
ORD-SLUMP-10175,2023-02-04,2023-02,CUST-1071,PROD-107,EMP-1006,REG-02,Direct Online,6,4274.66,0.36,16414.69,14444.93,1969.76,22159.83,Completed
ORD-SLUMP-10176,2023-02-04,2023-02,CUST-1230,PROD-105,EMP-1012,REG-03,Enterprise Partner,3,2378.07,0.29,5065.29,4457.46,607.83,6838.14,Completed
ORD-SLUMP-10177,2023-02-04,2023-02,CUST-1086,PROD-118,EMP-1001,REG-05,Field Sales,5,2933.9,0.35,9535.18,8390.96,1144.22,12872.49,Completed
ORD-SLUMP-10178,2023-02-04,2023-02,CUST-1050,PROD-110,EMP-1017,REG-05,Retail Store,3,1569.6,0.26,3484.51,3066.37,418.14,4704.09,Completed
ORD-SLUMP-10179,2023-02-04,2023-02,CUST-1053,PROD-104,EMP-1024,REG-02,Retail Store,4,2815.85,0.33,7546.48,6640.9,905.58,10187.75,Completed
ORD-SLUMP-10180,2023-02-05,2023-02,CUST-1176,PROD-109,EMP-1006,REG-01,Retail Store,6,2181.94,0.29,9295.06,8179.65,1115.41,12548.33,Completed
ORD-SLUMP-10181,2023-02-05,2023-02,CUST-1076,PROD-101,EMP-1016,REG-04,Field Sales,2,4456.93,0.24,6774.53,5961.59,812.94,9145.62,Completed
ORD-SLUMP-10182,2023-02-05,2023-02,CUST-1278,PROD-103,EMP-1018,REG-04,Field Sales,7,951.84,0.29,4730.64,4162.96,567.68,6386.36,Completed
ORD-SLUMP-10183,2023-02-05,2023-02,CUST-1256,PROD-110,EMP-1029,REG-02,Direct Online,6,3453.28,0.35,13467.79,11851.66,1616.13,18181.52,Completed
ORD-SLUMP-10184,2023-02-05,2023-02,CUST-1044,PROD-119,EMP-1022,REG-04,Enterprise Partner,1,1959.41,0.24,1489.15,1310.45,178.7,2010.35,Completed
ORD-SLUMP-10185,2023-02-05,2023-02,CUST-1232,PROD-104,EMP-1026,REG-01,Field Sales,7,2747.66,0.29,13655.87,12017.17,1638.7,18435.42,Completed
ORD-SLUMP-10186,2023-02-06,2023-02,CUST-1043,PROD-110,EMP-1012,REG-03,Direct Online,2,1566.3,0.28,2255.47,1984.81,270.66,3044.88,Completed
ORD-SLUMP-10187,2023-02-06,2023-02,CUST-1118,PROD-107,EMP-1017,REG-01,Retail Store,7,2942.68,0.38,12771.23,11238.68,1532.55,17241.16,Completed
ORD-SLUMP-10188,2023-02-06,2023-02,CUST-1127,PROD-113,EMP-1004,REG-01,Enterprise Partner,6,1070.57,0.33,4303.69,3787.25,516.44,5809.98,Completed
ORD-SLUMP-10189,2023-02-06,2023-02,CUST-1030,PROD-109,EMP-1029,REG-02,Direct Online,6,1771.67,0.32,7228.41,6361.0,867.41,9758.35,Completed
ORD-SLUMP-10190,2023-02-06,2023-02,CUST-1053,PROD-109,EMP-1021,REG-01,Enterprise Partner,5,2715.28,0.3,9503.48,8363.06,1140.42,12829.7,Completed
ORD-SLUMP-10191,2023-02-06,2023-02,CUST-1138,PROD-115,EMP-1004,REG-03,Field Sales,1,2020.58,0.38,1252.76,1102.43,150.33,1691.23,Completed
ORD-SLUMP-10192,2023-02-06,2023-02,CUST-1028,PROD-106,EMP-1029,REG-04,Enterprise Partner,1,4299.86,0.34,2837.91,2497.36,340.55,3831.18,Completed
ORD-SLUMP-10193,2023-02-06,2023-02,CUST-1211,PROD-115,EMP-1003,REG-03,Direct Online,7,1752.75,0.3,8588.48,7557.86,1030.62,11594.45,Completed
ORD-SLUMP-10194,2023-02-07,2023-02,CUST-1048,PROD-104,EMP-1007,REG-01,Enterprise Partner,1,865.66,0.23,666.56,586.57,79.99,899.86,Completed
ORD-SLUMP-10195,2023-02-07,2023-02,CUST-1143,PROD-101,EMP-1022,REG-01,Retail Store,5,1955.1,0.33,6549.58,5763.63,785.95,8841.93,Completed
ORD-SLUMP-10196,2023-02-08,2023-02,CUST-1242,PROD-110,EMP-1004,REG-04,Field Sales,1,3252.76,0.35,2114.29,1860.58,253.71,2854.29,Completed
ORD-SLUMP-10197,2023-02-08,2023-02,CUST-1076,PROD-106,EMP-1007,REG-02,Retail Store,2,2156.03,0.2,3449.65,3035.69,413.96,4657.03,Completed
ORD-SLUMP-10198,2023-02-09,2023-02,CUST-1139,PROD-101,EMP-1006,REG-05,Retail Store,6,973.36,0.3,4088.11,3597.54,490.57,5518.95,Completed
ORD-SLUMP-10199,2023-02-09,2023-02,CUST-1102,PROD-102,EMP-1016,REG-01,Enterprise Partner,7,4476.71,0.35,20369.03,17924.75,2444.28,27498.19,Completed
ORD-SLUMP-10200,2023-02-09,2023-02,CUST-1285,PROD-101,EMP-1004,REG-05,Field Sales,6,1365.92,0.25,6146.64,5409.04,737.6,8297.96,Completed
ORD-SLUMP-10201,2023-02-10,2023-02,CUST-1133,PROD-102,EMP-1011,REG-03,Retail Store,2,4237.85,0.35,5509.21,4848.1,661.11,7437.43,Completed
ORD-SLUMP-10202,2023-02-10,2023-02,CUST-1044,PROD-102,EMP-1024,REG-04,Enterprise Partner,1,3106.49,0.36,1988.15,1749.57,238.58,2684.0,Completed
ORD-SLUMP-10203,2023-02-10,2023-02,CUST-1008,PROD-110,EMP-1014,REG-05,Retail Store,3,2056.63,0.23,4750.82,4180.72,570.1,6413.61,Completed
ORD-SLUMP-10204,2023-02-10,2023-02,CUST-1066,PROD-118,EMP-1026,REG-05,Field Sales,4,817.43,0.39,1994.53,1755.19,239.34,2692.62,Completed
ORD-SLUMP-10205,2023-02-10,2023-02,CUST-1040,PROD-115,EMP-1003,REG-01,Field Sales,1,3176.01,0.25,2382.01,2096.17,285.84,3215.71,Completed
ORD-SLUMP-10206,2023-02-10,2023-02,CUST-1203,PROD-117,EMP-1008,REG-05,Field Sales,3,2617.0,0.36,5024.64,4421.68,602.96,6783.26,Completed
ORD-SLUMP-10207,2023-02-10,2023-02,CUST-1043,PROD-104,EMP-1027,REG-03,Direct Online,3,3638.21,0.33,7312.8,6435.26,877.54,9872.28,Completed
ORD-SLUMP-10208,2023-02-11,2023-02,CUST-1007,PROD-117,EMP-1003,REG-01,Retail Store,4,2421.09,0.32,6585.36,5795.12,790.24,8890.24,Completed
ORD-SLUMP-10209,2023-02-11,2023-02,CUST-1219,PROD-117,EMP-1007,REG-01,Retail Store,6,3811.5,0.31,15779.61,13886.06,1893.55,21302.47,Completed
ORD-SLUMP-10210,2023-02-11,2023-02,CUST-1248,PROD-108,EMP-1009,REG-02,Field Sales,3,3152.45,0.33,6336.42,5576.05,760.37,8554.17,Completed
ORD-SLUMP-10211,2023-02-12,2023-02,CUST-1017,PROD-107,EMP-1016,REG-03,Retail Store,1,913.0,0.25,684.75,602.58,82.17,924.41,Completed
ORD-SLUMP-10212,2023-02-12,2023-02,CUST-1162,PROD-104,EMP-1009,REG-05,Enterprise Partner,1,1141.88,0.22,890.67,783.79,106.88,1202.4,Completed
ORD-SLUMP-10213,2023-02-12,2023-02,CUST-1073,PROD-107,EMP-1009,REG-01,Direct Online,2,3880.48,0.24,5898.33,5190.53,707.8,7962.75,Completed
ORD-SLUMP-10214,2023-02-13,2023-02,CUST-1243,PROD-105,EMP-1025,REG-03,Field Sales,6,4369.42,0.37,16516.41,14534.44,1981.97,22297.15,Completed
ORD-SLUMP-10215,2023-02-13,2023-02,CUST-1240,PROD-105,EMP-1027,REG-01,Retail Store,5,4392.81,0.28,15814.12,13916.43,1897.69,21349.06,Completed
ORD-SLUMP-10216,2023-02-13,2023-02,CUST-1028,PROD-113,EMP-1011,REG-03,Retail Store,5,1426.34,0.3,4992.19,4393.13,599.06,6739.46,Completed
ORD-SLUMP-10217,2023-02-13,2023-02,CUST-1265,PROD-119,EMP-1002,REG-03,Field Sales,2,1315.07,0.32,1788.5,1573.88,214.62,2414.48,Completed
ORD-SLUMP-10218,2023-02-13,2023-02,CUST-1152,PROD-117,EMP-1006,REG-03,Direct Online,2,3528.96,0.36,4517.07,3975.02,542.05,6098.04,Completed
ORD-SLUMP-10219,2023-02-14,2023-02,CUST-1136,PROD-108,EMP-1025,REG-04,Retail Store,5,2979.08,0.35,9682.01,8520.17,1161.84,13070.71,Completed
ORD-SLUMP-10220,2023-02-14,2023-02,CUST-1290,PROD-106,EMP-1013,REG-05,Retail Store,7,3962.75,0.38,17198.34,15134.54,2063.8,23217.76,Completed
ORD-SLUMP-10221,2023-02-14,2023-02,CUST-1006,PROD-108,EMP-1018,REG-04,Direct Online,1,3981.77,0.26,2946.51,2592.93,353.58,3977.79,Completed
ORD-SLUMP-10222,2023-02-15,2023-02,CUST-1272,PROD-112,EMP-1016,REG-04,Direct Online,2,2489.72,0.34,3286.43,2892.06,394.37,4436.68,Completed
ORD-SLUMP-10223,2023-02-15,2023-02,CUST-1010,PROD-116,EMP-1016,REG-02,Field Sales,7,3532.54,0.35,16073.06,14144.29,1928.77,21698.63,Completed
ORD-SLUMP-10224,2023-02-15,2023-02,CUST-1294,PROD-104,EMP-1010,REG-03,Enterprise Partner,6,2299.97,0.38,8555.89,7529.18,1026.71,11550.45,Completed
ORD-SLUMP-10225,2023-02-15,2023-02,CUST-1155,PROD-107,EMP-1010,REG-05,Direct Online,5,2734.97,0.37,8615.16,7581.34,1033.82,11630.47,Completed
ORD-SLUMP-10226,2023-02-15,2023-02,CUST-1268,PROD-111,EMP-1015,REG-04,Retail Store,5,4134.04,0.39,12608.82,11095.76,1513.06,17021.91,Completed
ORD-SLUMP-10227,2023-02-15,2023-02,CUST-1131,PROD-113,EMP-1013,REG-03,Enterprise Partner,7,2164.3,0.28,10908.07,9599.1,1308.97,14725.89,Completed
ORD-SLUMP-10228,2023-02-15,2023-02,CUST-1097,PROD-102,EMP-1009,REG-02,Field Sales,6,3023.41,0.31,12516.92,11014.89,1502.03,16897.84,Completed
ORD-SLUMP-10229,2023-02-15,2023-02,CUST-1126,PROD-115,EMP-1004,REG-02,Direct Online,7,886.36,0.23,4777.48,4204.18,573.3,6449.6,Completed
ORD-SLUMP-10230,2023-02-16,2023-02,CUST-1281,PROD-114,EMP-1021,REG-05,Retail Store,4,1392.46,0.31,3843.19,3382.01,461.18,5188.31,Completed
ORD-SLUMP-10231,2023-02-16,2023-02,CUST-1241,PROD-101,EMP-1016,REG-03,Retail Store,4,833.24,0.27,2433.06,2141.09,291.97,3284.63,Completed
ORD-SLUMP-10232,2023-02-16,2023-02,CUST-1220,PROD-113,EMP-1027,REG-02,Field Sales,2,1185.98,0.32,1612.93,1419.38,193.55,2177.46,Completed
ORD-SLUMP-10233,2023-02-16,2023-02,CUST-1299,PROD-111,EMP-1028,REG-04,Direct Online,5,4197.58,0.33,14061.89,12374.46,1687.43,18983.55,Completed
ORD-SLUMP-10234,2023-02-16,2023-02,CUST-1039,PROD-119,EMP-1027,REG-02,Direct Online,2,2153.65,0.32,2928.96,2577.48,351.48,3954.1,Completed
ORD-SLUMP-10235,2023-02-16,2023-02,CUST-1176,PROD-116,EMP-1014,REG-05,Direct Online,6,2394.88,0.33,9627.42,8472.13,1155.29,12997.02,Completed
ORD-SLUMP-10236,2023-02-16,2023-02,CUST-1280,PROD-102,EMP-1022,REG-03,Enterprise Partner,3,2251.92,0.25,5066.82,4458.8,608.02,6840.21,Completed
ORD-SLUMP-10237,2023-02-17,2023-02,CUST-1132,PROD-116,EMP-1010,REG-04,Enterprise Partner,7,2396.91,0.39,10234.81,9006.63,1228.18,13816.99,Completed
ORD-SLUMP-10238,2023-02-17,2023-02,CUST-1002,PROD-103,EMP-1003,REG-01,Field Sales,6,4154.5,0.21,19692.33,17329.25,2363.08,26584.65,Completed
ORD-SLUMP-10239,2023-02-17,2023-02,CUST-1022,PROD-115,EMP-1019,REG-01,Retail Store,5,2404.41,0.21,9497.42,8357.73,1139.69,12821.52,Completed
ORD-SLUMP-10240,2023-02-17,2023-02,CUST-1114,PROD-103,EMP-1012,REG-03,Direct Online,7,1336.63,0.31,6455.92,5681.21,774.71,8715.49,Completed
ORD-SLUMP-10241,2023-02-18,2023-02,CUST-1262,PROD-105,EMP-1017,REG-05,Retail Store,4,4194.46,0.3,11744.49,10335.15,1409.34,15855.06,Completed
ORD-SLUMP-10242,2023-02-18,2023-02,CUST-1119,PROD-111,EMP-1006,REG-03,Field Sales,5,2255.47,0.38,6991.96,6152.92,839.04,9439.15,Completed
ORD-SLUMP-10243,2023-02-18,2023-02,CUST-1030,PROD-113,EMP-1017,REG-01,Field Sales,2,4199.99,0.3,5879.99,5174.39,705.6,7937.99,Completed
ORD-SLUMP-10244,2023-02-18,2023-02,CUST-1116,PROD-119,EMP-1015,REG-01,Direct Online,6,1526.46,0.34,6044.78,5319.41,725.37,8160.45,Completed
ORD-SLUMP-10245,2023-02-18,2023-02,CUST-1204,PROD-113,EMP-1027,REG-01,Enterprise Partner,4,4437.42,0.2,14199.74,12495.77,1703.97,19169.65,Completed
ORD-SLUMP-10246,2023-02-18,2023-02,CUST-1253,PROD-101,EMP-1006,REG-04,Direct Online,7,3419.35,0.23,18430.3,16218.66,2211.64,24880.9,Completed
ORD-SLUMP-10247,2023-02-18,2023-02,CUST-1179,PROD-113,EMP-1027,REG-03,Retail Store,7,3662.49,0.37,16151.58,14213.39,1938.19,21804.63,Completed
ORD-SLUMP-10248,2023-02-18,2023-02,CUST-1130,PROD-110,EMP-1002,REG-03,Retail Store,6,2520.12,0.24,11491.75,10112.74,1379.01,15513.86,Completed
ORD-SLUMP-10249,2023-02-19,2023-02,CUST-1014,PROD-116,EMP-1005,REG-04,Field Sales,1,2043.95,0.25,1532.96,1349.0,183.96,2069.5,Completed
ORD-SLUMP-10250,2023-02-19,2023-02,CUST-1175,PROD-101,EMP-1015,REG-02,Field Sales,3,3387.91,0.3,7114.61,6260.86,853.75,9604.72,Completed
ORD-SLUMP-10251,2023-02-19,2023-02,CUST-1143,PROD-113,EMP-1012,REG-01,Direct Online,6,1164.22,0.3,4889.72,4302.95,586.77,6601.12,Completed
ORD-SLUMP-10252,2023-02-19,2023-02,CUST-1131,PROD-118,EMP-1018,REG-02,Enterprise Partner,3,1017.23,0.37,1922.56,1691.85,230.71,2595.46,Completed
ORD-SLUMP-10253,2023-02-19,2023-02,CUST-1085,PROD-112,EMP-1007,REG-01,Enterprise Partner,5,4156.2,0.37,13092.03,11520.99,1571.04,17674.24,Completed
ORD-SLUMP-10254,2023-02-19,2023-02,CUST-1043,PROD-110,EMP-1016,REG-04,Enterprise Partner,4,2419.04,0.2,7740.93,6812.02,928.91,10450.26,Completed
ORD-SLUMP-10255,2023-02-20,2023-02,CUST-1205,PROD-109,EMP-1026,REG-03,Enterprise Partner,7,1223.59,0.3,5995.59,5276.12,719.47,8094.05,Completed
ORD-SLUMP-10256,2023-02-20,2023-02,CUST-1192,PROD-119,EMP-1005,REG-05,Field Sales,5,4430.53,0.38,13734.64,12086.48,1648.16,18541.76,Completed
ORD-SLUMP-10257,2023-02-21,2023-02,CUST-1143,PROD-115,EMP-1005,REG-02,Enterprise Partner,4,1804.19,0.22,5629.07,4953.58,675.49,7599.24,Completed
ORD-SLUMP-10258,2023-02-21,2023-02,CUST-1167,PROD-114,EMP-1005,REG-03,Direct Online,2,984.67,0.23,1516.39,1334.42,181.97,2047.13,Completed
ORD-SLUMP-10259,2023-02-21,2023-02,CUST-1110,PROD-103,EMP-1004,REG-04,Enterprise Partner,6,4083.92,0.37,15437.22,13584.75,1852.47,20840.25,Completed
ORD-SLUMP-10260,2023-02-21,2023-02,CUST-1198,PROD-107,EMP-1018,REG-02,Retail Store,4,2199.41,0.24,6686.21,5883.86,802.35,9026.38,Completed
ORD-SLUMP-10261,2023-02-21,2023-02,CUST-1000,PROD-103,EMP-1004,REG-01,Retail Store,1,2973.61,0.34,1962.58,1727.07,235.51,2649.48,Completed
ORD-SLUMP-10262,2023-02-22,2023-02,CUST-1146,PROD-119,EMP-1025,REG-01,Direct Online,5,3534.81,0.4,10604.43,9331.9,1272.53,14315.98,Completed
ORD-SLUMP-10263,2023-02-22,2023-02,CUST-1218,PROD-110,EMP-1028,REG-03,Field Sales,7,1200.12,0.28,6048.6,5322.77,725.83,8165.61,Completed
ORD-SLUMP-10264,2023-02-22,2023-02,CUST-1251,PROD-106,EMP-1027,REG-01,Retail Store,5,4421.98,0.23,17024.62,14981.67,2042.95,22983.24,Completed
ORD-SLUMP-10265,2023-02-22,2023-02,CUST-1273,PROD-106,EMP-1009,REG-04,Field Sales,2,3488.47,0.33,4674.55,4113.6,560.95,6310.64,Completed
ORD-SLUMP-10266,2023-02-22,2023-02,CUST-1143,PROD-106,EMP-1025,REG-04,Retail Store,2,3630.42,0.2,5808.67,5111.63,697.04,7841.7,Completed
ORD-SLUMP-10267,2023-02-23,2023-02,CUST-1025,PROD-113,EMP-1005,REG-01,Retail Store,1,2994.65,0.26,2216.04,1950.12,265.92,2991.65,Completed
ORD-SLUMP-10268,2023-02-23,2023-02,CUST-1166,PROD-105,EMP-1015,REG-04,Retail Store,2,2353.03,0.35,3058.94,2691.87,367.07,4129.57,Completed
ORD-SLUMP-10269,2023-02-23,2023-02,CUST-1215,PROD-108,EMP-1029,REG-04,Field Sales,3,3315.47,0.33,6664.09,5864.4,799.69,8996.52,Completed
ORD-SLUMP-10270,2023-02-23,2023-02,CUST-1199,PROD-109,EMP-1007,REG-02,Direct Online,5,2212.52,0.38,6858.81,6035.75,823.06,9259.39,Completed
ORD-SLUMP-10271,2023-02-23,2023-02,CUST-1163,PROD-115,EMP-1025,REG-02,Enterprise Partner,6,2241.76,0.23,10356.93,9114.1,1242.83,13981.86,Completed
ORD-SLUMP-10272,2023-02-23,2023-02,CUST-1066,PROD-118,EMP-1007,REG-05,Field Sales,6,4178.11,0.3,17548.06,15442.29,2105.77,23689.88,Completed
ORD-SLUMP-10273,2023-02-23,2023-02,CUST-1292,PROD-117,EMP-1016,REG-01,Enterprise Partner,5,1785.85,0.22,6964.82,6129.04,835.78,9402.51,Completed
ORD-SLUMP-10274,2023-02-23,2023-02,CUST-1002,PROD-119,EMP-1020,REG-02,Retail Store,3,1525.21,0.29,3248.7,2858.86,389.84,4385.74,Completed
ORD-SLUMP-10275,2023-02-24,2023-02,CUST-1180,PROD-114,EMP-1017,REG-05,Enterprise Partner,4,826.68,0.31,2281.64,2007.84,273.8,3080.21,Completed
ORD-SLUMP-10276,2023-02-24,2023-02,CUST-1187,PROD-115,EMP-1016,REG-05,Direct Online,6,1760.01,0.21,8342.45,7341.36,1001.09,11262.31,Completed
ORD-SLUMP-10277,2023-02-24,2023-02,CUST-1006,PROD-105,EMP-1024,REG-05,Enterprise Partner,3,2245.78,0.2,5389.87,4743.09,646.78,7276.32,Completed
ORD-SLUMP-10278,2023-02-24,2023-02,CUST-1064,PROD-109,EMP-1004,REG-05,Enterprise Partner,4,2049.73,0.4,4919.35,4329.03,590.32,6641.12,Completed
ORD-SLUMP-10279,2023-02-24,2023-02,CUST-1184,PROD-118,EMP-1019,REG-05,Retail Store,2,1927.09,0.36,2466.68,2170.68,296.0,3330.02,Completed
ORD-SLUMP-10280,2023-02-25,2023-02,CUST-1208,PROD-104,EMP-1006,REG-04,Field Sales,7,3114.82,0.3,15262.62,13431.11,1831.51,20604.54,Completed
ORD-SLUMP-10281,2023-02-25,2023-02,CUST-1168,PROD-117,EMP-1006,REG-03,Enterprise Partner,2,4370.05,0.4,5244.06,4614.77,629.29,7079.48,Completed
ORD-SLUMP-10282,2023-02-25,2023-02,CUST-1274,PROD-107,EMP-1028,REG-01,Enterprise Partner,4,4401.21,0.35,11443.15,10069.97,1373.18,15448.25,Completed
ORD-SLUMP-10283,2023-02-25,2023-02,CUST-1089,PROD-113,EMP-1022,REG-01,Retail Store,4,1145.1,0.37,2885.65,2539.37,346.28,3895.63,Completed
ORD-SLUMP-10284,2023-02-25,2023-02,CUST-1188,PROD-113,EMP-1018,REG-01,Direct Online,1,4451.03,0.2,3560.82,3133.52,427.3,4807.11,Completed
ORD-SLUMP-10285,2023-02-26,2023-02,CUST-1116,PROD-109,EMP-1012,REG-04,Enterprise Partner,5,3545.73,0.21,14005.63,12324.95,1680.68,18907.6,Completed
ORD-SLUMP-10286,2023-02-26,2023-02,CUST-1039,PROD-102,EMP-1011,REG-04,Retail Store,5,3358.65,0.24,12762.87,11231.33,1531.54,17229.87,Completed
ORD-SLUMP-10287,2023-02-26,2023-02,CUST-1168,PROD-118,EMP-1015,REG-03,Enterprise Partner,3,4094.25,0.4,7369.65,6485.29,884.36,9949.03,Completed
ORD-SLUMP-10288,2023-02-26,2023-02,CUST-1140,PROD-109,EMP-1010,REG-03,Enterprise Partner,5,3473.8,0.25,13026.75,11463.54,1563.21,17586.11,Completed
ORD-SLUMP-10289,2023-02-26,2023-02,CUST-1074,PROD-119,EMP-1014,REG-03,Enterprise Partner,6,3607.51,0.25,16233.8,14285.74,1948.06,21915.63,Completed
ORD-SLUMP-10290,2023-02-26,2023-02,CUST-1263,PROD-106,EMP-1026,REG-03,Retail Store,6,2327.89,0.38,8659.75,7620.58,1039.17,11690.66,Completed
ORD-SLUMP-10291,2023-02-26,2023-02,CUST-1148,PROD-106,EMP-1006,REG-02,Retail Store,1,2897.17,0.22,2259.79,1988.62,271.17,3050.72,Completed
ORD-SLUMP-10292,2023-02-26,2023-02,CUST-1089,PROD-108,EMP-1026,REG-05,Direct Online,1,4290.84,0.29,3046.5,2680.92,365.58,4112.78,Completed
ORD-SLUMP-10293,2023-02-27,2023-02,CUST-1138,PROD-115,EMP-1028,REG-05,Field Sales,4,3587.39,0.32,9757.7,8586.78,1170.92,13172.9,Completed
ORD-SLUMP-10294,2023-02-27,2023-02,CUST-1266,PROD-118,EMP-1008,REG-03,Retail Store,1,3738.12,0.39,2280.25,2006.62,273.63,3078.34,Completed
ORD-SLUMP-10295,2023-02-27,2023-02,CUST-1114,PROD-117,EMP-1024,REG-04,Retail Store,6,2604.84,0.28,11252.91,9902.56,1350.35,15191.43,Completed
ORD-SLUMP-10296,2023-02-27,2023-02,CUST-1085,PROD-116,EMP-1027,REG-02,Direct Online,7,2455.64,0.23,13235.9,11647.59,1588.31,17868.46,Completed
ORD-SLUMP-10297,2023-02-27,2023-02,CUST-1209,PROD-104,EMP-1010,REG-02,Direct Online,6,3401.42,0.31,14081.88,12392.05,1689.83,19010.54,Completed
ORD-SLUMP-10298,2023-02-27,2023-02,CUST-1018,PROD-108,EMP-1029,REG-05,Field Sales,6,2684.9,0.34,10632.2,9356.34,1275.86,14353.47,Completed
ORD-SLUMP-10299,2023-02-28,2023-02,CUST-1200,PROD-106,EMP-1014,REG-04,Retail Store,5,3395.46,0.2,13581.84,11952.02,1629.82,18335.48,Completed
ORD-SLUMP-10300,2023-02-28,2023-02,CUST-1254,PROD-104,EMP-1007,REG-03,Direct Online,1,3856.09,0.33,2583.58,2273.55,310.03,3487.83,Completed
ORD-SLUMP-10301,2023-03-01,2023-03,CUST-1045,PROD-108,EMP-1014,REG-02,Field Sales,2,2933.33,0.3,4106.66,3613.86,492.8,5543.99,Completed
ORD-SLUMP-10302,2023-03-01,2023-03,CUST-1170,PROD-119,EMP-1016,REG-01,Direct Online,7,3846.75,0.34,17771.98,15639.34,2132.64,23992.17,Completed
ORD-SLUMP-10303,2023-03-01,2023-03,CUST-1224,PROD-114,EMP-1007,REG-02,Direct Online,4,1264.58,0.34,3338.49,2937.87,400.62,4506.96,Completed
ORD-SLUMP-10304,2023-03-01,2023-03,CUST-1095,PROD-107,EMP-1012,REG-01,Enterprise Partner,3,3193.96,0.33,6419.86,5649.48,770.38,8666.81,Completed
ORD-SLUMP-10305,2023-03-01,2023-03,CUST-1153,PROD-113,EMP-1002,REG-04,Field Sales,6,1296.19,0.26,5755.08,5064.47,690.61,7769.36,Completed
ORD-SLUMP-10306,2023-03-01,2023-03,CUST-1013,PROD-111,EMP-1022,REG-02,Field Sales,7,3129.69,0.39,13363.78,11760.13,1603.65,18041.1,Completed
ORD-SLUMP-10307,2023-03-02,2023-03,CUST-1226,PROD-107,EMP-1004,REG-03,Retail Store,1,3083.28,0.27,2250.79,1980.7,270.09,3038.57,Completed
ORD-SLUMP-10308,2023-03-02,2023-03,CUST-1114,PROD-119,EMP-1006,REG-05,Enterprise Partner,2,1861.25,0.32,2531.3,2227.54,303.76,3417.26,Completed
ORD-SLUMP-10309,2023-03-02,2023-03,CUST-1246,PROD-107,EMP-1019,REG-05,Retail Store,5,4162.14,0.32,14151.28,12453.13,1698.15,19104.23,Completed
ORD-SLUMP-10310,2023-03-02,2023-03,CUST-1199,PROD-105,EMP-1022,REG-03,Retail Store,1,2771.13,0.25,2078.35,1828.95,249.4,2805.77,Completed
ORD-SLUMP-10311,2023-03-02,2023-03,CUST-1020,PROD-114,EMP-1003,REG-03,Retail Store,2,1403.51,0.22,2189.48,1926.74,262.74,2955.8,Completed
ORD-SLUMP-10312,2023-03-02,2023-03,CUST-1058,PROD-111,EMP-1004,REG-05,Field Sales,6,4345.98,0.39,15906.29,13997.54,1908.75,21473.49,Completed
ORD-SLUMP-10313,2023-03-02,2023-03,CUST-1228,PROD-106,EMP-1028,REG-01,Retail Store,5,3895.61,0.25,14608.54,12855.52,1753.02,19721.53,Completed
ORD-SLUMP-10314,2023-03-03,2023-03,CUST-1243,PROD-116,EMP-1003,REG-02,Retail Store,5,920.24,0.21,3634.95,3198.76,436.19,4907.18,Completed
ORD-SLUMP-10315,2023-03-03,2023-03,CUST-1118,PROD-117,EMP-1008,REG-03,Direct Online,7,1697.82,0.31,8200.47,7216.41,984.06,11070.63,Completed
ORD-SLUMP-10316,2023-03-03,2023-03,CUST-1147,PROD-113,EMP-1024,REG-04,Enterprise Partner,3,1844.63,0.39,3375.67,2970.59,405.08,4557.15,Completed
ORD-SLUMP-10317,2023-03-03,2023-03,CUST-1283,PROD-113,EMP-1007,REG-02,Enterprise Partner,1,1123.96,0.39,685.62,603.35,82.27,925.59,Completed
ORD-SLUMP-10318,2023-03-03,2023-03,CUST-1201,PROD-107,EMP-1018,REG-04,Field Sales,5,1640.58,0.35,5331.88,4692.05,639.83,7198.04,Completed
ORD-SLUMP-10319,2023-03-04,2023-03,CUST-1236,PROD-110,EMP-1018,REG-01,Field Sales,1,1538.29,0.4,922.97,812.21,110.76,1246.01,Completed
ORD-SLUMP-10320,2023-03-04,2023-03,CUST-1166,PROD-112,EMP-1005,REG-03,Enterprise Partner,2,1958.84,0.21,3094.97,2723.57,371.4,4178.21,Completed
ORD-SLUMP-10321,2023-03-04,2023-03,CUST-1228,PROD-110,EMP-1017,REG-02,Enterprise Partner,1,2084.47,0.31,1438.28,1265.69,172.59,1941.68,Completed
ORD-SLUMP-10322,2023-03-04,2023-03,CUST-1015,PROD-117,EMP-1007,REG-01,Field Sales,1,3469.24,0.37,2185.62,1923.35,262.27,2950.59,Completed
ORD-SLUMP-10323,2023-03-04,2023-03,CUST-1113,PROD-108,EMP-1024,REG-02,Enterprise Partner,4,3000.49,0.33,8041.31,7076.35,964.96,10855.77,Completed
ORD-SLUMP-10324,2023-03-04,2023-03,CUST-1003,PROD-102,EMP-1024,REG-01,Field Sales,1,1536.2,0.27,1121.43,986.86,134.57,1513.93,Completed
ORD-SLUMP-10325,2023-03-04,2023-03,CUST-1196,PROD-118,EMP-1008,REG-03,Direct Online,5,2347.25,0.35,7628.56,6713.13,915.43,10298.56,Completed
ORD-SLUMP-10326,2023-03-04,2023-03,CUST-1020,PROD-119,EMP-1014,REG-02,Enterprise Partner,7,1121.1,0.29,5571.87,4903.25,668.62,7522.02,Completed
ORD-SLUMP-10327,2023-03-04,2023-03,CUST-1076,PROD-102,EMP-1004,REG-04,Field Sales,4,4332.45,0.38,10744.48,9455.14,1289.34,14505.05,Completed
ORD-SLUMP-10328,2023-03-05,2023-03,CUST-1042,PROD-104,EMP-1006,REG-05,Enterprise Partner,4,1305.01,0.28,3758.43,3307.42,451.01,5073.88,Completed
ORD-SLUMP-10329,2023-03-05,2023-03,CUST-1076,PROD-102,EMP-1005,REG-01,Field Sales,6,2196.52,0.31,9093.59,8002.36,1091.23,12276.35,Completed
ORD-SLUMP-10330,2023-03-05,2023-03,CUST-1290,PROD-115,EMP-1012,REG-02,Field Sales,4,2742.14,0.27,8007.05,7046.2,960.85,10809.52,Completed
ORD-SLUMP-10331,2023-03-05,2023-03,CUST-1096,PROD-102,EMP-1007,REG-02,Retail Store,4,3129.23,0.23,9638.03,8481.47,1156.56,13011.34,Completed
ORD-SLUMP-10332,2023-03-05,2023-03,CUST-1246,PROD-118,EMP-1012,REG-05,Field Sales,7,2260.11,0.27,11549.16,10163.26,1385.9,15591.37,Completed
ORD-SLUMP-10333,2023-03-05,2023-03,CUST-1034,PROD-118,EMP-1010,REG-01,Retail Store,6,3367.34,0.21,15961.19,14045.85,1915.34,21547.61,Completed
ORD-SLUMP-10334,2023-03-05,2023-03,CUST-1066,PROD-101,EMP-1024,REG-02,Field Sales,2,1502.22,0.29,2133.15,1877.17,255.98,2879.75,Completed
ORD-SLUMP-10335,2023-03-05,2023-03,CUST-1104,PROD-118,EMP-1021,REG-05,Retail Store,4,3757.35,0.23,11572.64,10183.92,1388.72,15623.06,Completed
ORD-SLUMP-10336,2023-03-06,2023-03,CUST-1292,PROD-107,EMP-1009,REG-01,Direct Online,4,1197.77,0.32,3257.93,2866.98,390.95,4398.21,Completed
ORD-SLUMP-10337,2023-03-06,2023-03,CUST-1110,PROD-106,EMP-1013,REG-01,Enterprise Partner,4,1122.02,0.26,3321.18,2922.64,398.54,4483.59,Completed
ORD-SLUMP-10338,2023-03-06,2023-03,CUST-1033,PROD-102,EMP-1019,REG-04,Field Sales,3,846.6,0.28,1828.66,1609.22,219.44,2468.69,Completed
ORD-SLUMP-10339,2023-03-07,2023-03,CUST-1026,PROD-103,EMP-1004,REG-01,Direct Online,6,1993.27,0.36,7654.16,6735.66,918.5,10333.12,Completed
ORD-SLUMP-10340,2023-03-07,2023-03,CUST-1032,PROD-119,EMP-1024,REG-04,Retail Store,7,3906.83,0.36,17502.6,15402.29,2100.31,23628.51,Completed
ORD-SLUMP-10341,2023-03-07,2023-03,CUST-1013,PROD-111,EMP-1028,REG-04,Field Sales,6,1354.0,0.32,5524.32,4861.4,662.92,7457.83,Completed
ORD-SLUMP-10342,2023-03-07,2023-03,CUST-1258,PROD-101,EMP-1015,REG-01,Field Sales,2,3495.09,0.39,4264.01,3752.33,511.68,5756.41,Completed
ORD-SLUMP-10343,2023-03-07,2023-03,CUST-1038,PROD-102,EMP-1020,REG-03,Field Sales,5,3653.54,0.2,14614.16,12860.46,1753.7,19729.12,Completed
ORD-SLUMP-10344,2023-03-08,2023-03,CUST-1284,PROD-103,EMP-1007,REG-04,Retail Store,3,1642.22,0.32,3350.13,2948.11,402.02,4522.68,Completed
ORD-SLUMP-10345,2023-03-08,2023-03,CUST-1171,PROD-117,EMP-1014,REG-02,Retail Store,5,2605.9,0.32,8860.06,7796.85,1063.21,11961.08,Completed
ORD-SLUMP-10346,2023-03-08,2023-03,CUST-1009,PROD-102,EMP-1010,REG-01,Field Sales,2,1111.41,0.22,1733.8,1525.74,208.06,2340.63,Completed
ORD-SLUMP-10347,2023-03-08,2023-03,CUST-1263,PROD-116,EMP-1007,REG-02,Retail Store,4,1769.82,0.29,5026.29,4423.14,603.15,6785.49,Completed
ORD-SLUMP-10348,2023-03-08,2023-03,CUST-1289,PROD-119,EMP-1018,REG-01,Field Sales,3,2176.63,0.32,4440.33,3907.49,532.84,5994.45,Completed
ORD-SLUMP-10349,2023-03-08,2023-03,CUST-1210,PROD-118,EMP-1001,REG-05,Retail Store,7,3833.92,0.25,20128.08,17712.71,2415.37,27172.91,Completed
ORD-SLUMP-10350,2023-03-08,2023-03,CUST-1063,PROD-109,EMP-1019,REG-02,Retail Store,6,4436.2,0.38,16502.66,14522.34,1980.32,22278.59,Completed
ORD-SLUMP-10351,2023-03-08,2023-03,CUST-1136,PROD-108,EMP-1022,REG-05,Field Sales,4,2604.1,0.25,7812.3,6874.82,937.48,10546.61,Completed
ORD-SLUMP-10352,2023-03-09,2023-03,CUST-1282,PROD-102,EMP-1028,REG-04,Direct Online,3,3084.07,0.34,6106.46,5373.68,732.78,8243.72,Completed
ORD-SLUMP-10353,2023-03-09,2023-03,CUST-1283,PROD-109,EMP-1008,REG-05,Direct Online,4,2077.64,0.29,5900.5,5192.44,708.06,7965.68,Completed
ORD-SLUMP-10354,2023-03-09,2023-03,CUST-1262,PROD-106,EMP-1010,REG-03,Retail Store,4,874.4,0.35,2273.44,2000.63,272.81,3069.14,Completed
ORD-SLUMP-10355,2023-03-09,2023-03,CUST-1158,PROD-103,EMP-1022,REG-02,Field Sales,5,1671.43,0.33,5599.29,4927.38,671.91,7559.04,Completed
ORD-SLUMP-10356,2023-03-09,2023-03,CUST-1264,PROD-104,EMP-1029,REG-02,Retail Store,3,1867.3,0.36,3585.22,3154.99,430.23,4840.05,Completed
ORD-SLUMP-10357,2023-03-10,2023-03,CUST-1081,PROD-105,EMP-1009,REG-03,Enterprise Partner,2,1933.27,0.28,2783.91,2449.84,334.07,3758.28,Completed
ORD-SLUMP-10358,2023-03-10,2023-03,CUST-1003,PROD-102,EMP-1008,REG-02,Retail Store,7,2808.55,0.3,13761.9,12110.47,1651.43,18578.57,Completed
ORD-SLUMP-10359,2023-03-10,2023-03,CUST-1227,PROD-113,EMP-1017,REG-05,Retail Store,4,2141.1,0.27,6252.01,5501.77,750.24,8440.21,Completed
ORD-SLUMP-10360,2023-03-10,2023-03,CUST-1165,PROD-112,EMP-1012,REG-02,Direct Online,2,3113.28,0.27,4545.39,3999.94,545.45,6136.28,Completed
ORD-SLUMP-10361,2023-03-10,2023-03,CUST-1263,PROD-114,EMP-1003,REG-03,Enterprise Partner,2,1994.55,0.34,2632.81,2316.87,315.94,3554.29,Completed
ORD-SLUMP-10362,2023-03-11,2023-03,CUST-1298,PROD-111,EMP-1003,REG-05,Retail Store,5,3981.03,0.3,13933.6,12261.57,1672.03,18810.36,Completed
ORD-SLUMP-10363,2023-03-11,2023-03,CUST-1189,PROD-102,EMP-1009,REG-05,Direct Online,4,1936.32,0.25,5808.96,5111.88,697.08,7842.1,Completed
ORD-SLUMP-10364,2023-03-11,2023-03,CUST-1090,PROD-116,EMP-1007,REG-03,Retail Store,4,4170.1,0.35,10842.26,9541.19,1301.07,14637.05,Completed
ORD-SLUMP-10365,2023-03-11,2023-03,CUST-1032,PROD-119,EMP-1022,REG-03,Retail Store,6,4256.29,0.36,16344.15,14382.85,1961.3,22064.6,Completed
ORD-SLUMP-10366,2023-03-11,2023-03,CUST-1041,PROD-110,EMP-1011,REG-02,Retail Store,7,3220.56,0.4,13526.35,11903.19,1623.16,18260.57,Completed
ORD-SLUMP-10367,2023-03-11,2023-03,CUST-1018,PROD-108,EMP-1001,REG-05,Retail Store,2,1878.29,0.38,2329.08,2049.59,279.49,3144.26,Completed
ORD-SLUMP-10368,2023-03-12,2023-03,CUST-1234,PROD-113,EMP-1002,REG-01,Enterprise Partner,5,3421.35,0.3,11974.72,10537.75,1436.97,16165.87,Completed
ORD-SLUMP-10369,2023-03-12,2023-03,CUST-1036,PROD-113,EMP-1016,REG-02,Enterprise Partner,5,2801.35,0.23,10785.2,9490.98,1294.22,14560.02,Completed
ORD-SLUMP-10370,2023-03-12,2023-03,CUST-1007,PROD-114,EMP-1026,REG-05,Field Sales,1,2448.81,0.23,1885.58,1659.31,226.27,2545.53,Completed
ORD-SLUMP-10371,2023-03-12,2023-03,CUST-1095,PROD-103,EMP-1026,REG-01,Enterprise Partner,2,1327.86,0.21,2098.02,1846.26,251.76,2832.33,Completed
ORD-SLUMP-10372,2023-03-12,2023-03,CUST-1141,PROD-116,EMP-1011,REG-03,Direct Online,7,3881.44,0.29,19290.76,16975.87,2314.89,26042.53,Completed
ORD-SLUMP-10373,2023-03-12,2023-03,CUST-1227,PROD-114,EMP-1020,REG-05,Direct Online,4,2886.51,0.3,8082.23,7112.36,969.87,10911.01,Completed
ORD-SLUMP-10374,2023-03-13,2023-03,CUST-1075,PROD-116,EMP-1012,REG-02,Field Sales,6,2832.1,0.29,12064.75,10616.98,1447.77,16287.41,Completed
ORD-SLUMP-10375,2023-03-13,2023-03,CUST-1148,PROD-107,EMP-1008,REG-05,Enterprise Partner,7,3311.79,0.25,17386.9,15300.47,2086.43,23472.32,Completed
ORD-SLUMP-10376,2023-03-13,2023-03,CUST-1105,PROD-104,EMP-1001,REG-05,Field Sales,6,2721.18,0.36,10449.33,9195.41,1253.92,14106.6,Completed
ORD-SLUMP-10377,2023-03-13,2023-03,CUST-1179,PROD-101,EMP-1029,REG-01,Field Sales,6,2930.43,0.25,13186.93,11604.5,1582.43,17802.36,Completed
ORD-SLUMP-10378,2023-03-13,2023-03,CUST-1071,PROD-105,EMP-1016,REG-05,Enterprise Partner,5,1207.83,0.28,4348.19,3826.41,521.78,5870.06,Completed
ORD-SLUMP-10379,2023-03-13,2023-03,CUST-1286,PROD-116,EMP-1028,REG-03,Retail Store,2,2997.06,0.2,4795.3,4219.86,575.44,6473.66,Completed
ORD-SLUMP-10380,2023-03-14,2023-03,CUST-1216,PROD-101,EMP-1019,REG-03,Retail Store,6,874.33,0.34,3462.35,3046.87,415.48,4674.17,Completed
ORD-SLUMP-10381,2023-03-14,2023-03,CUST-1088,PROD-115,EMP-1024,REG-04,Direct Online,2,1115.77,0.36,1428.19,1256.81,171.38,1928.06,Completed
ORD-SLUMP-10382,2023-03-15,2023-03,CUST-1149,PROD-107,EMP-1011,REG-02,Field Sales,3,1023.0,0.39,1872.09,1647.44,224.65,2527.32,Completed
ORD-SLUMP-10383,2023-03-15,2023-03,CUST-1228,PROD-107,EMP-1022,REG-01,Enterprise Partner,5,4208.57,0.21,16623.85,14628.99,1994.86,22442.2,Completed
ORD-SLUMP-10384,2023-03-15,2023-03,CUST-1002,PROD-104,EMP-1005,REG-04,Enterprise Partner,3,4262.45,0.4,7672.41,6751.72,920.69,10357.75,Completed
ORD-SLUMP-10385,2023-03-15,2023-03,CUST-1211,PROD-103,EMP-1010,REG-05,Direct Online,3,818.16,0.35,1595.41,1403.96,191.45,2153.8,Completed
ORD-SLUMP-10386,2023-03-15,2023-03,CUST-1201,PROD-116,EMP-1026,REG-03,Field Sales,6,1370.6,0.37,5180.87,4559.17,621.7,6994.17,Completed
ORD-SLUMP-10387,2023-03-15,2023-03,CUST-1101,PROD-110,EMP-1028,REG-04,Enterprise Partner,3,2276.12,0.23,5257.84,4626.9,630.94,7098.08,Completed
ORD-SLUMP-10388,2023-03-16,2023-03,CUST-1136,PROD-103,EMP-1013,REG-04,Field Sales,6,3615.26,0.25,16268.67,14316.43,1952.24,21962.7,Completed
ORD-SLUMP-10389,2023-03-16,2023-03,CUST-1014,PROD-111,EMP-1008,REG-01,Field Sales,3,4356.57,0.38,8103.22,7130.83,972.39,10939.35,Completed
ORD-SLUMP-10390,2023-03-16,2023-03,CUST-1187,PROD-112,EMP-1029,REG-05,Enterprise Partner,4,3863.42,0.36,9890.36,8703.52,1186.84,13351.99,Completed
ORD-SLUMP-10391,2023-03-16,2023-03,CUST-1240,PROD-107,EMP-1006,REG-02,Enterprise Partner,6,1157.76,0.24,5279.39,4645.86,633.53,7127.18,Completed
ORD-SLUMP-10392,2023-03-16,2023-03,CUST-1250,PROD-105,EMP-1024,REG-03,Field Sales,4,3213.19,0.34,8482.82,7464.88,1017.94,11451.81,Completed
ORD-SLUMP-10393,2023-03-17,2023-03,CUST-1236,PROD-108,EMP-1001,REG-04,Field Sales,4,1412.45,0.36,3615.87,3181.97,433.9,4881.42,Completed
ORD-SLUMP-10394,2023-03-17,2023-03,CUST-1121,PROD-104,EMP-1018,REG-02,Enterprise Partner,4,3109.68,0.24,9453.43,8319.02,1134.41,12762.13,Completed
ORD-SLUMP-10395,2023-03-17,2023-03,CUST-1127,PROD-114,EMP-1008,REG-04,Direct Online,2,3654.86,0.3,5116.8,4502.78,614.02,6907.68,Completed
ORD-SLUMP-10396,2023-03-18,2023-03,CUST-1046,PROD-111,EMP-1018,REG-02,Direct Online,6,3761.0,0.23,17375.82,15290.72,2085.1,23457.36,Completed
ORD-SLUMP-10397,2023-03-18,2023-03,CUST-1278,PROD-109,EMP-1003,REG-05,Field Sales,5,3393.71,0.21,13405.15,11796.53,1608.62,18096.95,Completed
ORD-SLUMP-10398,2023-03-18,2023-03,CUST-1037,PROD-111,EMP-1028,REG-01,Field Sales,7,3063.4,0.35,13938.47,12265.85,1672.62,18816.93,Completed
ORD-SLUMP-10399,2023-03-18,2023-03,CUST-1228,PROD-117,EMP-1015,REG-03,Direct Online,4,3523.05,0.37,8878.09,7812.72,1065.37,11985.42,Completed
ORD-SLUMP-10400,2023-03-19,2023-03,CUST-1288,PROD-111,EMP-1006,REG-04,Direct Online,5,1109.46,0.38,3439.33,3026.61,412.72,4643.1,Completed
ORD-SLUMP-10401,2023-03-19,2023-03,CUST-1101,PROD-117,EMP-1002,REG-01,Field Sales,6,3542.3,0.21,16790.5,14775.64,2014.86,22667.18,Completed
ORD-SLUMP-10402,2023-03-19,2023-03,CUST-1218,PROD-113,EMP-1003,REG-05,Direct Online,7,2522.07,0.32,12005.05,10564.44,1440.61,16206.82,Completed
ORD-SLUMP-10403,2023-03-19,2023-03,CUST-1262,PROD-103,EMP-1009,REG-01,Field Sales,3,3523.94,0.28,7611.71,6698.3,913.41,10275.81,Completed
ORD-SLUMP-10404,2023-03-19,2023-03,CUST-1005,PROD-118,EMP-1003,REG-05,Direct Online,5,1739.58,0.33,5827.59,5128.28,699.31,7867.25,Completed
ORD-SLUMP-10405,2023-03-19,2023-03,CUST-1040,PROD-102,EMP-1004,REG-03,Retail Store,6,4456.85,0.37,16846.89,14825.26,2021.63,22743.3,Completed
ORD-SLUMP-10406,2023-03-19,2023-03,CUST-1216,PROD-107,EMP-1018,REG-05,Direct Online,2,2417.68,0.33,3239.69,2850.93,388.76,4373.58,Completed
ORD-SLUMP-10407,2023-03-19,2023-03,CUST-1106,PROD-110,EMP-1029,REG-05,Direct Online,3,3629.84,0.29,7731.56,6803.77,927.79,10437.61,Completed
ORD-SLUMP-10408,2023-03-20,2023-03,CUST-1034,PROD-114,EMP-1003,REG-04,Field Sales,7,2082.93,0.2,11664.41,10264.68,1399.73,15746.95,Completed
ORD-SLUMP-10409,2023-03-20,2023-03,CUST-1183,PROD-109,EMP-1005,REG-01,Direct Online,6,2929.13,0.26,13005.34,11444.7,1560.64,17557.21,Completed
ORD-SLUMP-10410,2023-03-20,2023-03,CUST-1298,PROD-109,EMP-1018,REG-05,Enterprise Partner,6,2215.64,0.3,9305.69,8189.01,1116.68,12562.68,Completed
ORD-SLUMP-10411,2023-03-20,2023-03,CUST-1268,PROD-109,EMP-1009,REG-03,Direct Online,5,2416.81,0.26,8942.2,7869.14,1073.06,12071.97,Completed
ORD-SLUMP-10412,2023-03-20,2023-03,CUST-1081,PROD-111,EMP-1008,REG-01,Field Sales,5,2573.14,0.29,9134.65,8038.49,1096.16,12331.78,Completed
ORD-SLUMP-10413,2023-03-20,2023-03,CUST-1240,PROD-109,EMP-1016,REG-02,Direct Online,6,1071.99,0.36,4116.44,3622.47,493.97,5557.19,Completed
ORD-SLUMP-10414,2023-03-20,2023-03,CUST-1233,PROD-105,EMP-1029,REG-03,Field Sales,5,1656.27,0.34,5465.69,4809.81,655.88,7378.68,Completed
ORD-SLUMP-10415,2023-03-20,2023-03,CUST-1038,PROD-103,EMP-1015,REG-03,Field Sales,1,1617.63,0.32,1099.99,967.99,132.0,1484.99,Completed
ORD-SLUMP-10416,2023-03-20,2023-03,CUST-1240,PROD-104,EMP-1022,REG-03,Field Sales,6,1306.2,0.21,6191.39,5448.42,742.97,8358.38,Completed
ORD-SLUMP-10417,2023-03-20,2023-03,CUST-1157,PROD-115,EMP-1021,REG-01,Field Sales,2,811.45,0.32,1103.57,971.14,132.43,1489.82,Completed
ORD-SLUMP-10418,2023-03-20,2023-03,CUST-1285,PROD-112,EMP-1009,REG-05,Field Sales,4,2750.24,0.31,7590.66,6679.78,910.88,10247.39,Completed
ORD-SLUMP-10419,2023-03-20,2023-03,CUST-1057,PROD-105,EMP-1006,REG-04,Enterprise Partner,6,2082.25,0.24,9495.06,8355.65,1139.41,12818.33,Completed
ORD-SLUMP-10420,2023-03-21,2023-03,CUST-1137,PROD-101,EMP-1020,REG-01,Direct Online,2,2783.45,0.36,3562.82,3135.28,427.54,4809.81,Completed
ORD-SLUMP-10421,2023-03-21,2023-03,CUST-1126,PROD-116,EMP-1019,REG-02,Field Sales,4,1810.54,0.39,4417.72,3887.59,530.13,5963.92,Completed
ORD-SLUMP-10422,2023-03-21,2023-03,CUST-1025,PROD-108,EMP-1002,REG-05,Retail Store,3,2518.28,0.26,5590.58,4919.71,670.87,7547.28,Completed
ORD-SLUMP-10423,2023-03-21,2023-03,CUST-1184,PROD-109,EMP-1009,REG-02,Enterprise Partner,5,890.72,0.22,3473.81,3056.95,416.86,4689.64,Completed
ORD-SLUMP-10424,2023-03-21,2023-03,CUST-1008,PROD-101,EMP-1021,REG-03,Enterprise Partner,6,3281.12,0.25,14765.04,12993.24,1771.8,19932.8,Completed
ORD-SLUMP-10425,2023-03-21,2023-03,CUST-1213,PROD-118,EMP-1018,REG-02,Direct Online,1,3165.76,0.26,2342.66,2061.54,281.12,3162.59,Completed
ORD-SLUMP-10426,2023-03-21,2023-03,CUST-1218,PROD-119,EMP-1025,REG-02,Field Sales,4,3547.53,0.31,9791.18,8616.24,1174.94,13218.09,Completed
ORD-SLUMP-10427,2023-03-21,2023-03,CUST-1061,PROD-106,EMP-1008,REG-03,Retail Store,4,4295.87,0.38,10653.76,9375.31,1278.45,14382.58,Completed
ORD-SLUMP-10428,2023-03-21,2023-03,CUST-1023,PROD-102,EMP-1011,REG-05,Field Sales,5,3166.94,0.31,10925.94,9614.83,1311.11,14750.02,Completed
ORD-SLUMP-10429,2023-03-21,2023-03,CUST-1277,PROD-116,EMP-1024,REG-05,Field Sales,5,3143.43,0.32,10687.66,9405.14,1282.52,14428.34,Completed
ORD-SLUMP-10430,2023-03-22,2023-03,CUST-1193,PROD-116,EMP-1016,REG-03,Enterprise Partner,6,4378.57,0.23,20228.99,17801.51,2427.48,27309.14,Completed
ORD-SLUMP-10431,2023-03-22,2023-03,CUST-1078,PROD-115,EMP-1015,REG-03,Enterprise Partner,6,3479.29,0.3,14613.02,12859.46,1753.56,19727.58,Completed
ORD-SLUMP-10432,2023-03-22,2023-03,CUST-1293,PROD-118,EMP-1008,REG-05,Direct Online,1,2787.67,0.29,1979.25,1741.74,237.51,2671.99,Completed
ORD-SLUMP-10433,2023-03-22,2023-03,CUST-1041,PROD-101,EMP-1017,REG-04,Retail Store,3,3340.25,0.23,7715.98,6790.06,925.92,10416.57,Completed
ORD-SLUMP-10434,2023-03-22,2023-03,CUST-1128,PROD-111,EMP-1008,REG-01,Direct Online,3,965.43,0.3,2027.4,1784.11,243.29,2736.99,Completed
ORD-SLUMP-10435,2023-03-23,2023-03,CUST-1006,PROD-112,EMP-1010,REG-03,Field Sales,7,2262.03,0.33,10608.92,9335.85,1273.07,14322.04,Completed
ORD-SLUMP-10436,2023-03-23,2023-03,CUST-1110,PROD-110,EMP-1009,REG-04,Retail Store,4,3059.86,0.35,7955.64,7000.96,954.68,10740.11,Completed
ORD-SLUMP-10437,2023-03-23,2023-03,CUST-1027,PROD-109,EMP-1003,REG-02,Retail Store,3,2923.95,0.32,5964.86,5249.08,715.78,8052.56,Completed
ORD-SLUMP-10438,2023-03-23,2023-03,CUST-1262,PROD-115,EMP-1021,REG-02,Enterprise Partner,4,4316.62,0.22,13467.85,11851.71,1616.14,18181.6,Completed
ORD-SLUMP-10439,2023-03-23,2023-03,CUST-1179,PROD-104,EMP-1018,REG-02,Field Sales,7,3704.93,0.32,17635.47,15519.21,2116.26,23807.88,Completed
ORD-SLUMP-10440,2023-03-23,2023-03,CUST-1227,PROD-102,EMP-1004,REG-04,Enterprise Partner,1,1566.51,0.31,1080.89,951.18,129.71,1459.2,Completed
ORD-SLUMP-10441,2023-03-23,2023-03,CUST-1212,PROD-102,EMP-1020,REG-05,Direct Online,1,2936.05,0.32,1996.51,1756.93,239.58,2695.29,Completed
ORD-SLUMP-10442,2023-03-23,2023-03,CUST-1214,PROD-110,EMP-1022,REG-02,Retail Store,3,1948.05,0.32,3974.02,3497.14,476.88,5364.93,Completed
ORD-SLUMP-10443,2023-03-24,2023-03,CUST-1259,PROD-103,EMP-1015,REG-02,Field Sales,4,2877.73,0.38,7136.77,6280.36,856.41,9634.64,Completed
ORD-SLUMP-10444,2023-03-24,2023-03,CUST-1173,PROD-104,EMP-1015,REG-04,Enterprise Partner,2,1161.34,0.21,1834.92,1614.73,220.19,2477.14,Completed
ORD-SLUMP-10445,2023-03-24,2023-03,CUST-1176,PROD-108,EMP-1009,REG-02,Retail Store,2,4092.17,0.22,6383.79,5617.74,766.05,8618.12,Completed
ORD-SLUMP-10446,2023-03-24,2023-03,CUST-1204,PROD-101,EMP-1002,REG-03,Retail Store,1,2826.48,0.26,2091.6,1840.61,250.99,2823.66,Completed
ORD-SLUMP-10447,2023-03-24,2023-03,CUST-1242,PROD-106,EMP-1008,REG-04,Field Sales,6,2809.27,0.4,10113.37,8899.77,1213.6,13653.05,Completed
ORD-SLUMP-10448,2023-03-25,2023-03,CUST-1028,PROD-104,EMP-1020,REG-03,Retail Store,6,2766.31,0.23,12780.35,11246.71,1533.64,17253.47,Completed
ORD-SLUMP-10449,2023-03-25,2023-03,CUST-1215,PROD-118,EMP-1003,REG-01,Enterprise Partner,2,3183.03,0.39,3883.3,3417.3,466.0,5242.46,Completed
ORD-SLUMP-10450,2023-03-25,2023-03,CUST-1151,PROD-105,EMP-1002,REG-02,Retail Store,7,1684.43,0.25,8843.26,7782.07,1061.19,11938.4,Completed
ORD-SLUMP-10451,2023-03-25,2023-03,CUST-1258,PROD-118,EMP-1014,REG-02,Retail Store,2,2952.49,0.29,4192.54,3689.44,503.1,5659.93,Completed
ORD-SLUMP-10452,2023-03-25,2023-03,CUST-1133,PROD-104,EMP-1006,REG-03,Retail Store,6,4043.96,0.24,18440.46,16227.6,2212.86,24894.62,Completed
ORD-SLUMP-10453,2023-03-25,2023-03,CUST-1280,PROD-108,EMP-1014,REG-05,Enterprise Partner,1,1096.6,0.31,756.65,665.85,90.8,1021.48,Completed
ORD-SLUMP-10454,2023-03-26,2023-03,CUST-1207,PROD-119,EMP-1005,REG-04,Field Sales,7,1898.9,0.27,9703.38,8538.97,1164.41,13099.56,Completed
ORD-SLUMP-10455,2023-03-26,2023-03,CUST-1218,PROD-115,EMP-1027,REG-04,Enterprise Partner,1,2189.74,0.25,1642.3,1445.22,197.08,2217.1,Completed
ORD-SLUMP-10456,2023-03-26,2023-03,CUST-1045,PROD-118,EMP-1001,REG-02,Field Sales,6,1802.25,0.37,6812.5,5995.0,817.5,9196.88,Completed
ORD-SLUMP-10457,2023-03-26,2023-03,CUST-1131,PROD-102,EMP-1020,REG-05,Direct Online,7,2329.55,0.29,11577.86,10188.52,1389.34,15630.11,Completed
ORD-SLUMP-10458,2023-03-26,2023-03,CUST-1254,PROD-104,EMP-1007,REG-05,Enterprise Partner,7,2967.07,0.33,13915.56,12245.69,1669.87,18786.01,Completed
ORD-SLUMP-10459,2023-03-26,2023-03,CUST-1216,PROD-101,EMP-1010,REG-05,Retail Store,1,3790.61,0.35,2463.9,2168.23,295.67,3326.27,Completed
ORD-SLUMP-10460,2023-03-26,2023-03,CUST-1259,PROD-108,EMP-1019,REG-05,Retail Store,6,2256.83,0.33,9072.46,7983.76,1088.7,12247.82,Completed
ORD-SLUMP-10461,2023-03-27,2023-03,CUST-1035,PROD-116,EMP-1026,REG-05,Field Sales,5,1748.39,0.34,5769.69,5077.33,692.36,7789.08,Completed
ORD-SLUMP-10462,2023-03-27,2023-03,CUST-1167,PROD-119,EMP-1019,REG-02,Retail Store,4,2378.01,0.29,6753.55,5943.12,810.43,9117.29,Completed
ORD-SLUMP-10463,2023-03-27,2023-03,CUST-1093,PROD-111,EMP-1019,REG-02,Retail Store,4,2884.62,0.37,7269.24,6396.93,872.31,9813.47,Completed
ORD-SLUMP-10464,2023-03-27,2023-03,CUST-1118,PROD-119,EMP-1007,REG-03,Field Sales,5,1684.45,0.34,5558.68,4891.64,667.04,7504.22,Completed
ORD-SLUMP-10465,2023-03-27,2023-03,CUST-1021,PROD-113,EMP-1025,REG-01,Field Sales,7,3339.1,0.21,18465.22,16249.39,2215.83,24928.05,Completed
ORD-SLUMP-10466,2023-03-27,2023-03,CUST-1026,PROD-107,EMP-1005,REG-03,Enterprise Partner,6,2797.34,0.3,11748.83,10338.97,1409.86,15860.92,Completed
ORD-SLUMP-10467,2023-03-28,2023-03,CUST-1298,PROD-107,EMP-1029,REG-05,Direct Online,3,4233.59,0.21,10033.61,8829.58,1204.03,13545.37,Completed
ORD-SLUMP-10468,2023-03-28,2023-03,CUST-1169,PROD-108,EMP-1028,REG-03,Field Sales,4,1013.68,0.38,2513.93,2212.26,301.67,3393.81,Completed
ORD-SLUMP-10469,2023-03-28,2023-03,CUST-1199,PROD-117,EMP-1012,REG-02,Enterprise Partner,3,3593.02,0.34,7114.18,6260.48,853.7,9604.14,Completed
ORD-SLUMP-10470,2023-03-28,2023-03,CUST-1179,PROD-116,EMP-1017,REG-02,Retail Store,2,2732.78,0.29,3880.55,3414.88,465.67,5238.74,Completed
ORD-SLUMP-10471,2023-03-28,2023-03,CUST-1283,PROD-109,EMP-1007,REG-04,Field Sales,1,4141.29,0.37,2609.01,2295.93,313.08,3522.16,Completed
ORD-SLUMP-10472,2023-03-28,2023-03,CUST-1255,PROD-101,EMP-1003,REG-05,Field Sales,4,3037.04,0.27,8868.16,7803.98,1064.18,11972.02,Completed
ORD-SLUMP-10473,2023-03-29,2023-03,CUST-1203,PROD-104,EMP-1006,REG-04,Enterprise Partner,7,2394.87,0.31,11567.22,10179.15,1388.07,15615.75,Completed
ORD-SLUMP-10474,2023-03-29,2023-03,CUST-1295,PROD-111,EMP-1009,REG-02,Direct Online,1,3272.01,0.26,2421.29,2130.74,290.55,3268.74,Completed
ORD-SLUMP-10475,2023-03-29,2023-03,CUST-1022,PROD-112,EMP-1020,REG-05,Field Sales,2,2153.84,0.23,3316.91,2918.88,398.03,4477.83,Completed
ORD-SLUMP-10476,2023-03-29,2023-03,CUST-1044,PROD-105,EMP-1022,REG-05,Direct Online,1,3261.78,0.25,2446.34,2152.78,293.56,3302.56,Completed
ORD-SLUMP-10477,2023-03-29,2023-03,CUST-1129,PROD-114,EMP-1026,REG-02,Direct Online,2,2007.25,0.3,2810.15,2472.93,337.22,3793.7,Completed
ORD-SLUMP-10478,2023-03-29,2023-03,CUST-1100,PROD-118,EMP-1029,REG-05,Enterprise Partner,3,2037.5,0.36,3912.0,3442.56,469.44,5281.2,Completed
ORD-SLUMP-10479,2023-03-30,2023-03,CUST-1295,PROD-101,EMP-1022,REG-05,Direct Online,3,2966.84,0.26,6586.38,5796.01,790.37,8891.61,Completed
ORD-SLUMP-10480,2023-03-30,2023-03,CUST-1020,PROD-109,EMP-1016,REG-01,Enterprise Partner,2,4251.11,0.35,5526.44,4863.27,663.17,7460.69,Completed
ORD-SLUMP-10481,2023-03-30,2023-03,CUST-1020,PROD-111,EMP-1010,REG-01,Retail Store,3,2610.1,0.35,5089.7,4478.94,610.76,6871.1,Completed
ORD-SLUMP-10482,2023-03-30,2023-03,CUST-1071,PROD-105,EMP-1029,REG-05,Field Sales,6,2482.93,0.37,9385.48,8259.22,1126.26,12670.4,Completed
ORD-SLUMP-10483,2023-03-30,2023-03,CUST-1278,PROD-106,EMP-1027,REG-05,Direct Online,3,3201.02,0.29,6818.17,5999.99,818.18,9204.53,Completed
ORD-SLUMP-10484,2023-03-31,2023-03,CUST-1207,PROD-102,EMP-1008,REG-05,Field Sales,6,1389.31,0.33,5585.03,4914.83,670.2,7539.79,Completed
ORD-SLUMP-10485,2023-04-01,2023-04,CUST-1292,PROD-108,EMP-1012,REG-01,Field Sales,6,1923.01,0.22,8999.69,7919.73,1079.96,12149.58,Completed
ORD-SLUMP-10486,2023-04-01,2023-04,CUST-1009,PROD-110,EMP-1001,REG-04,Retail Store,1,1451.85,0.26,1074.37,945.45,128.92,1450.4,Completed
ORD-SLUMP-10487,2023-04-01,2023-04,CUST-1281,PROD-109,EMP-1005,REG-05,Enterprise Partner,4,3881.86,0.25,11645.58,10248.11,1397.47,15721.53,Completed
ORD-SLUMP-10488,2023-04-01,2023-04,CUST-1159,PROD-109,EMP-1014,REG-03,Enterprise Partner,3,1668.93,0.31,3454.69,3040.13,414.56,4663.83,Completed
ORD-SLUMP-10489,2023-04-01,2023-04,CUST-1079,PROD-114,EMP-1002,REG-02,Retail Store,1,4187.13,0.21,3307.83,2910.89,396.94,4465.57,Completed
ORD-SLUMP-10490,2023-04-01,2023-04,CUST-1236,PROD-116,EMP-1013,REG-04,Field Sales,7,3937.64,0.39,16813.72,14796.07,2017.65,22698.52,Completed
ORD-SLUMP-10491,2023-04-02,2023-04,CUST-1252,PROD-109,EMP-1005,REG-04,Direct Online,5,1141.03,0.22,4450.02,3916.02,534.0,6007.53,Completed
ORD-SLUMP-10492,2023-04-02,2023-04,CUST-1159,PROD-119,EMP-1025,REG-01,Retail Store,4,3246.21,0.34,8569.99,7541.59,1028.4,11569.49,Completed
ORD-SLUMP-10493,2023-04-02,2023-04,CUST-1167,PROD-109,EMP-1007,REG-03,Direct Online,4,4119.76,0.3,11535.33,10151.09,1384.24,15572.7,Completed
ORD-SLUMP-10494,2023-04-02,2023-04,CUST-1253,PROD-106,EMP-1022,REG-05,Direct Online,3,3875.1,0.22,9067.73,7979.6,1088.13,12241.44,Completed
ORD-SLUMP-10495,2023-04-03,2023-04,CUST-1261,PROD-107,EMP-1001,REG-05,Direct Online,1,3041.95,0.23,2342.3,2061.22,281.08,3162.11,Completed
ORD-SLUMP-10496,2023-04-03,2023-04,CUST-1144,PROD-116,EMP-1009,REG-04,Direct Online,2,892.89,0.37,1125.04,990.04,135.0,1518.8,Completed
ORD-SLUMP-10497,2023-04-03,2023-04,CUST-1103,PROD-112,EMP-1005,REG-01,Direct Online,7,4201.67,0.22,22941.12,20188.19,2752.93,30970.51,Completed
ORD-SLUMP-10498,2023-04-03,2023-04,CUST-1042,PROD-119,EMP-1016,REG-03,Retail Store,6,2360.28,0.29,10054.79,8848.22,1206.57,13573.97,Completed
ORD-SLUMP-10499,2023-04-04,2023-04,CUST-1040,PROD-103,EMP-1010,REG-01,Direct Online,1,1547.01,0.2,1237.61,1089.1,148.51,1670.77,Completed
ORD-SLUMP-10500,2023-04-04,2023-04,CUST-1007,PROD-105,EMP-1003,REG-03,Retail Store,3,1554.07,0.33,3123.68,2748.84,374.84,4216.97,Completed
ORD-SLUMP-10501,2023-04-04,2023-04,CUST-1017,PROD-114,EMP-1009,REG-01,Retail Store,6,4351.31,0.37,16447.95,14474.2,1973.75,22204.73,Completed
ORD-SLUMP-10502,2023-04-04,2023-04,CUST-1276,PROD-111,EMP-1026,REG-02,Direct Online,3,1435.98,0.4,2584.76,2274.59,310.17,3489.43,Completed
ORD-SLUMP-10503,2023-04-05,2023-04,CUST-1125,PROD-114,EMP-1014,REG-03,Field Sales,2,2958.02,0.26,4377.87,3852.53,525.34,5910.12,Completed
ORD-SLUMP-10504,2023-04-05,2023-04,CUST-1065,PROD-110,EMP-1006,REG-02,Retail Store,4,3997.4,0.36,10233.34,9005.34,1228.0,13815.01,Completed
ORD-SLUMP-10505,2023-04-05,2023-04,CUST-1122,PROD-111,EMP-1027,REG-04,Retail Store,4,4384.38,0.38,10873.26,9568.47,1304.79,14678.9,Completed
ORD-SLUMP-10506,2023-04-05,2023-04,CUST-1093,PROD-103,EMP-1003,REG-01,Enterprise Partner,2,3796.77,0.39,4632.06,4076.21,555.85,6253.28,Completed
ORD-SLUMP-10507,2023-04-05,2023-04,CUST-1018,PROD-105,EMP-1009,REG-02,Direct Online,4,1297.49,0.31,3581.07,3151.34,429.73,4834.44,Completed
ORD-SLUMP-10508,2023-04-05,2023-04,CUST-1160,PROD-104,EMP-1001,REG-04,Field Sales,2,2046.5,0.29,2906.03,2557.31,348.72,3923.14,Completed
ORD-SLUMP-10509,2023-04-05,2023-04,CUST-1046,PROD-101,EMP-1014,REG-05,Field Sales,1,1616.47,0.25,1212.35,1066.87,145.48,1636.67,Completed
ORD-SLUMP-10510,2023-04-05,2023-04,CUST-1009,PROD-108,EMP-1027,REG-04,Retail Store,2,3007.07,0.22,4691.03,4128.11,562.92,6332.89,Completed
ORD-SLUMP-10511,2023-04-05,2023-04,CUST-1207,PROD-106,EMP-1027,REG-01,Direct Online,3,1889.01,0.38,3513.56,3091.93,421.63,4743.31,Completed
ORD-SLUMP-10512,2023-04-05,2023-04,CUST-1214,PROD-119,EMP-1029,REG-01,Field Sales,5,4408.88,0.24,16753.74,14743.29,2010.45,22617.55,Completed
ORD-SLUMP-10513,2023-04-05,2023-04,CUST-1155,PROD-111,EMP-1003,REG-02,Retail Store,4,4302.26,0.39,10497.51,9237.81,1259.7,14171.64,Completed
ORD-SLUMP-10514,2023-04-05,2023-04,CUST-1165,PROD-114,EMP-1001,REG-04,Enterprise Partner,5,3108.57,0.34,10258.28,9027.29,1230.99,13848.68,Completed
ORD-SLUMP-10515,2023-04-05,2023-04,CUST-1161,PROD-119,EMP-1002,REG-05,Enterprise Partner,2,2013.97,0.38,2497.32,2197.64,299.68,3371.38,Completed
ORD-SLUMP-10516,2023-04-05,2023-04,CUST-1212,PROD-103,EMP-1027,REG-01,Field Sales,7,3689.48,0.31,17820.19,15681.77,2138.42,24057.26,Completed
ORD-SLUMP-10517,2023-04-05,2023-04,CUST-1095,PROD-110,EMP-1025,REG-02,Field Sales,2,1320.11,0.3,1848.15,1626.37,221.78,2495.0,Completed
ORD-SLUMP-10518,2023-04-05,2023-04,CUST-1232,PROD-116,EMP-1017,REG-02,Enterprise Partner,4,2233.31,0.3,6253.27,5502.88,750.39,8441.91,Completed
ORD-SLUMP-10519,2023-04-05,2023-04,CUST-1000,PROD-117,EMP-1018,REG-02,Retail Store,3,2993.44,0.21,7094.45,6243.12,851.33,9577.51,Completed
ORD-SLUMP-10520,2023-04-06,2023-04,CUST-1036,PROD-119,EMP-1015,REG-02,Field Sales,5,2319.94,0.22,9047.77,7962.04,1085.73,12214.49,Completed
ORD-SLUMP-10521,2023-04-06,2023-04,CUST-1226,PROD-112,EMP-1020,REG-05,Field Sales,6,2028.63,0.31,8398.53,7390.71,1007.82,11338.02,Completed
ORD-SLUMP-10522,2023-04-06,2023-04,CUST-1183,PROD-119,EMP-1006,REG-04,Direct Online,3,3465.44,0.27,7589.31,6678.59,910.72,10245.57,Completed
ORD-SLUMP-10523,2023-04-06,2023-04,CUST-1227,PROD-105,EMP-1026,REG-01,Field Sales,5,2799.39,0.27,10217.77,8991.64,1226.13,13793.99,Completed
ORD-SLUMP-10524,2023-04-07,2023-04,CUST-1010,PROD-111,EMP-1005,REG-01,Enterprise Partner,7,3461.82,0.28,17447.57,15353.86,2093.71,23554.22,Completed
ORD-SLUMP-10525,2023-04-07,2023-04,CUST-1233,PROD-110,EMP-1003,REG-05,Field Sales,1,3439.54,0.33,2304.49,2027.95,276.54,3111.06,Completed
ORD-SLUMP-10526,2023-04-07,2023-04,CUST-1263,PROD-114,EMP-1013,REG-01,Direct Online,1,2328.85,0.23,1793.21,1578.02,215.19,2420.83,Completed
ORD-SLUMP-10527,2023-04-07,2023-04,CUST-1122,PROD-104,EMP-1017,REG-02,Retail Store,2,3885.61,0.2,6216.98,5470.94,746.04,8392.92,Completed
ORD-SLUMP-10528,2023-04-08,2023-04,CUST-1237,PROD-109,EMP-1008,REG-05,Field Sales,1,1800.76,0.26,1332.56,1172.65,159.91,1798.96,Completed
ORD-SLUMP-10529,2023-04-08,2023-04,CUST-1282,PROD-118,EMP-1010,REG-02,Direct Online,7,1892.11,0.26,9801.13,8624.99,1176.14,13231.53,Completed
ORD-SLUMP-10530,2023-04-08,2023-04,CUST-1172,PROD-111,EMP-1002,REG-04,Enterprise Partner,2,904.45,0.39,1103.43,971.02,132.41,1489.63,Completed
ORD-SLUMP-10531,2023-04-08,2023-04,CUST-1170,PROD-101,EMP-1023,REG-03,Retail Store,7,3062.9,0.34,14150.6,12452.53,1698.07,19103.31,Completed
ORD-SLUMP-10532,2023-04-08,2023-04,CUST-1004,PROD-111,EMP-1025,REG-03,Retail Store,1,2226.63,0.33,1491.84,1312.82,179.02,2013.98,Completed
ORD-SLUMP-10533,2023-04-09,2023-04,CUST-1011,PROD-117,EMP-1027,REG-03,Direct Online,2,4251.34,0.32,5781.82,5088.0,693.82,7805.46,Completed
ORD-SLUMP-10534,2023-04-10,2023-04,CUST-1188,PROD-110,EMP-1028,REG-02,Retail Store,5,1600.66,0.2,6402.64,5634.32,768.32,8643.56,Completed
ORD-SLUMP-10535,2023-04-10,2023-04,CUST-1146,PROD-113,EMP-1029,REG-01,Retail Store,5,4069.94,0.25,15262.28,13430.81,1831.47,20604.08,Completed
ORD-SLUMP-10536,2023-04-10,2023-04,CUST-1079,PROD-112,EMP-1008,REG-03,Enterprise Partner,3,4070.33,0.29,8669.8,7629.42,1040.38,11704.23,Completed
ORD-SLUMP-10537,2023-04-10,2023-04,CUST-1033,PROD-104,EMP-1012,REG-03,Field Sales,3,3479.96,0.38,6472.73,5696.0,776.73,8738.19,Completed
ORD-SLUMP-10538,2023-04-11,2023-04,CUST-1208,PROD-106,EMP-1002,REG-02,Enterprise Partner,2,1714.65,0.38,2126.17,1871.03,255.14,2870.33,Completed
ORD-SLUMP-10539,2023-04-11,2023-04,CUST-1073,PROD-103,EMP-1023,REG-05,Retail Store,6,2403.25,0.34,9516.87,8374.85,1142.02,12847.77,Completed
ORD-SLUMP-10540,2023-04-11,2023-04,CUST-1020,PROD-117,EMP-1005,REG-05,Field Sales,6,959.46,0.26,4260.0,3748.8,511.2,5751.0,Completed
ORD-SLUMP-10541,2023-04-11,2023-04,CUST-1221,PROD-106,EMP-1014,REG-05,Field Sales,7,820.56,0.39,3503.79,3083.34,420.45,4730.12,Completed
ORD-SLUMP-10542,2023-04-11,2023-04,CUST-1114,PROD-112,EMP-1028,REG-02,Retail Store,6,3706.19,0.26,16455.48,14480.82,1974.66,22214.9,Completed
ORD-SLUMP-10543,2023-04-11,2023-04,CUST-1129,PROD-106,EMP-1021,REG-05,Retail Store,7,987.4,0.35,4492.67,3953.55,539.12,6065.1,Completed
ORD-SLUMP-10544,2023-04-11,2023-04,CUST-1196,PROD-116,EMP-1028,REG-03,Field Sales,6,4300.67,0.23,19869.1,17484.81,2384.29,26823.28,Completed
ORD-SLUMP-10545,2023-04-12,2023-04,CUST-1008,PROD-111,EMP-1016,REG-02,Enterprise Partner,1,1812.35,0.37,1141.78,1004.77,137.01,1541.4,Completed
ORD-SLUMP-10546,2023-04-12,2023-04,CUST-1248,PROD-119,EMP-1001,REG-02,Field Sales,6,2627.13,0.34,10403.43,9155.02,1248.41,14044.63,Completed
ORD-SLUMP-10547,2023-04-12,2023-04,CUST-1236,PROD-115,EMP-1024,REG-01,Retail Store,4,3025.1,0.3,8470.28,7453.85,1016.43,11434.88,Completed
ORD-SLUMP-10548,2023-04-12,2023-04,CUST-1296,PROD-108,EMP-1015,REG-04,Retail Store,4,1669.37,0.28,4807.79,4230.86,576.93,6490.52,Completed
ORD-SLUMP-10549,2023-04-12,2023-04,CUST-1134,PROD-106,EMP-1023,REG-02,Field Sales,1,4234.02,0.4,2540.41,2235.56,304.85,3429.55,Completed
ORD-SLUMP-10550,2023-04-12,2023-04,CUST-1064,PROD-103,EMP-1011,REG-04,Retail Store,1,2624.17,0.36,1679.47,1477.93,201.54,2267.28,Completed
ORD-SLUMP-10551,2023-04-12,2023-04,CUST-1048,PROD-105,EMP-1014,REG-05,Retail Store,5,3496.42,0.22,13636.04,11999.72,1636.32,18408.65,Completed
ORD-SLUMP-10552,2023-04-12,2023-04,CUST-1159,PROD-112,EMP-1023,REG-03,Retail Store,4,3463.11,0.22,10804.9,9508.31,1296.59,14586.62,Completed
ORD-SLUMP-10553,2023-04-12,2023-04,CUST-1181,PROD-105,EMP-1001,REG-03,Enterprise Partner,3,3963.67,0.26,8799.35,7743.43,1055.92,11879.12,Completed
ORD-SLUMP-10554,2023-04-12,2023-04,CUST-1018,PROD-103,EMP-1007,REG-05,Field Sales,1,3138.88,0.32,2134.44,1878.31,256.13,2881.49,Completed
ORD-SLUMP-10555,2023-04-12,2023-04,CUST-1025,PROD-109,EMP-1020,REG-03,Field Sales,7,3002.46,0.35,13661.19,12021.85,1639.34,18442.61,Completed
ORD-SLUMP-10556,2023-04-13,2023-04,CUST-1192,PROD-114,EMP-1001,REG-02,Retail Store,2,2944.24,0.22,4593.01,4041.85,551.16,6200.56,Completed
ORD-SLUMP-10557,2023-04-13,2023-04,CUST-1218,PROD-109,EMP-1011,REG-02,Field Sales,6,1369.86,0.35,5342.45,4701.36,641.09,7212.31,Completed
ORD-SLUMP-10558,2023-04-13,2023-04,CUST-1150,PROD-113,EMP-1016,REG-04,Retail Store,3,1568.63,0.34,3105.89,2733.18,372.71,4192.95,Completed
ORD-SLUMP-10559,2023-04-13,2023-04,CUST-1248,PROD-114,EMP-1009,REG-05,Direct Online,6,3057.0,0.23,14123.34,12428.54,1694.8,19066.51,Completed
ORD-SLUMP-10560,2023-04-14,2023-04,CUST-1291,PROD-101,EMP-1026,REG-04,Direct Online,5,3797.26,0.29,13480.27,11862.64,1617.63,18198.36,Completed
ORD-SLUMP-10561,2023-04-14,2023-04,CUST-1182,PROD-106,EMP-1019,REG-01,Direct Online,3,981.87,0.22,2297.58,2021.87,275.71,3101.73,Completed
ORD-SLUMP-10562,2023-04-14,2023-04,CUST-1057,PROD-107,EMP-1011,REG-01,Enterprise Partner,1,3016.98,0.38,1870.53,1646.07,224.46,2525.22,Completed
ORD-SLUMP-10563,2023-04-15,2023-04,CUST-1118,PROD-116,EMP-1008,REG-04,Enterprise Partner,1,2238.47,0.25,1678.85,1477.39,201.46,2266.45,Completed
ORD-SLUMP-10564,2023-04-15,2023-04,CUST-1085,PROD-110,EMP-1023,REG-02,Enterprise Partner,4,2207.29,0.37,5562.37,4894.89,667.48,7509.2,Completed
ORD-SLUMP-10565,2023-04-15,2023-04,CUST-1186,PROD-109,EMP-1003,REG-03,Field Sales,7,3100.75,0.23,16713.04,14707.48,2005.56,22562.6,Completed
ORD-SLUMP-10566,2023-04-15,2023-04,CUST-1265,PROD-112,EMP-1011,REG-01,Retail Store,4,877.53,0.32,2386.88,2100.45,286.43,3222.29,Completed
ORD-SLUMP-10567,2023-04-16,2023-04,CUST-1073,PROD-104,EMP-1027,REG-02,Direct Online,3,2765.2,0.22,6470.57,5694.1,776.47,8735.27,Completed
ORD-SLUMP-10568,2023-04-16,2023-04,CUST-1054,PROD-103,EMP-1029,REG-02,Retail Store,4,3454.13,0.24,10500.56,9240.49,1260.07,14175.76,Completed
ORD-SLUMP-10569,2023-04-17,2023-04,CUST-1151,PROD-116,EMP-1019,REG-02,Field Sales,3,1341.09,0.39,2454.19,2159.69,294.5,3313.16,Completed
ORD-SLUMP-10570,2023-04-17,2023-04,CUST-1024,PROD-108,EMP-1017,REG-05,Retail Store,4,824.07,0.22,2571.1,2262.57,308.53,3470.98,Completed
ORD-SLUMP-10571,2023-04-17,2023-04,CUST-1110,PROD-108,EMP-1022,REG-01,Direct Online,7,4349.8,0.36,19487.1,17148.65,2338.45,26307.58,Completed
ORD-SLUMP-10572,2023-04-17,2023-04,CUST-1068,PROD-110,EMP-1022,REG-01,Field Sales,7,3714.82,0.38,16122.32,14187.64,1934.68,21765.13,Completed
ORD-SLUMP-10573,2023-04-17,2023-04,CUST-1188,PROD-107,EMP-1026,REG-04,Field Sales,6,2530.83,0.23,11692.43,10289.34,1403.09,15784.78,Completed
ORD-SLUMP-10574,2023-04-18,2023-04,CUST-1188,PROD-102,EMP-1006,REG-03,Enterprise Partner,7,1104.25,0.33,5178.93,4557.46,621.47,6991.56,Completed
ORD-SLUMP-10575,2023-04-18,2023-04,CUST-1086,PROD-117,EMP-1006,REG-04,Field Sales,4,981.68,0.3,2748.7,2418.86,329.84,3710.74,Completed
ORD-SLUMP-10576,2023-04-18,2023-04,CUST-1227,PROD-102,EMP-1028,REG-02,Enterprise Partner,3,1378.95,0.3,2895.8,2548.3,347.5,3909.33,Completed
ORD-SLUMP-10577,2023-04-18,2023-04,CUST-1139,PROD-109,EMP-1001,REG-04,Field Sales,2,3011.89,0.26,4457.6,3922.69,534.91,6017.76,Completed
ORD-SLUMP-10578,2023-04-18,2023-04,CUST-1141,PROD-101,EMP-1018,REG-05,Field Sales,6,2878.1,0.23,13296.82,11701.2,1595.62,17950.71,Completed
ORD-SLUMP-10579,2023-04-19,2023-04,CUST-1299,PROD-112,EMP-1012,REG-04,Direct Online,3,1785.98,0.29,3804.14,3347.64,456.5,5135.59,Completed
ORD-SLUMP-10580,2023-04-19,2023-04,CUST-1148,PROD-107,EMP-1019,REG-01,Enterprise Partner,7,4139.68,0.3,20284.43,17850.3,2434.13,27383.98,Completed
ORD-SLUMP-10581,2023-04-19,2023-04,CUST-1106,PROD-117,EMP-1028,REG-04,Field Sales,5,3710.39,0.39,11316.69,9958.69,1358.0,15277.53,Completed
ORD-SLUMP-10582,2023-04-19,2023-04,CUST-1077,PROD-115,EMP-1015,REG-04,Field Sales,3,1134.63,0.25,2552.92,2246.57,306.35,3446.44,Completed
ORD-SLUMP-10583,2023-04-20,2023-04,CUST-1155,PROD-104,EMP-1005,REG-05,Retail Store,2,2230.91,0.38,2766.33,2434.37,331.96,3734.55,Completed
ORD-SLUMP-10584,2023-04-20,2023-04,CUST-1171,PROD-112,EMP-1014,REG-05,Direct Online,1,3907.3,0.3,2735.11,2406.9,328.21,3692.4,Completed
ORD-SLUMP-10585,2023-04-20,2023-04,CUST-1180,PROD-101,EMP-1006,REG-01,Direct Online,4,2725.67,0.38,6759.66,5948.5,811.16,9125.54,Completed
ORD-SLUMP-10586,2023-04-20,2023-04,CUST-1088,PROD-113,EMP-1023,REG-02,Enterprise Partner,7,1704.94,0.26,8831.59,7771.8,1059.79,11922.65,Completed
ORD-SLUMP-10587,2023-04-21,2023-04,CUST-1079,PROD-105,EMP-1010,REG-01,Enterprise Partner,6,2082.58,0.32,8496.93,7477.3,1019.63,11470.86,Completed
ORD-SLUMP-10588,2023-04-21,2023-04,CUST-1065,PROD-107,EMP-1017,REG-05,Retail Store,6,2277.22,0.29,9700.96,8536.84,1164.12,13096.3,Completed
ORD-SLUMP-10589,2023-04-21,2023-04,CUST-1028,PROD-119,EMP-1015,REG-05,Enterprise Partner,2,3689.16,0.22,5755.09,5064.48,690.61,7769.37,Completed
ORD-SLUMP-10590,2023-04-21,2023-04,CUST-1155,PROD-108,EMP-1019,REG-04,Enterprise Partner,4,2035.67,0.3,5699.88,5015.89,683.99,7694.84,Completed
ORD-SLUMP-10591,2023-04-21,2023-04,CUST-1088,PROD-102,EMP-1007,REG-03,Retail Store,4,869.16,0.4,2085.98,1835.66,250.32,2816.07,Completed
ORD-SLUMP-10592,2023-04-21,2023-04,CUST-1049,PROD-114,EMP-1021,REG-02,Enterprise Partner,4,1088.52,0.22,3396.18,2988.64,407.54,4584.84,Completed
ORD-SLUMP-10593,2023-04-22,2023-04,CUST-1182,PROD-104,EMP-1006,REG-05,Enterprise Partner,7,2367.36,0.24,12594.36,11083.04,1511.32,17002.39,Completed
ORD-SLUMP-10594,2023-04-22,2023-04,CUST-1135,PROD-101,EMP-1019,REG-01,Retail Store,1,3003.97,0.36,1922.54,1691.84,230.7,2595.43,Completed
ORD-SLUMP-10595,2023-04-22,2023-04,CUST-1276,PROD-101,EMP-1001,REG-02,Field Sales,2,4239.51,0.36,5426.57,4775.38,651.19,7325.87,Completed
ORD-SLUMP-10596,2023-04-22,2023-04,CUST-1189,PROD-103,EMP-1019,REG-02,Field Sales,1,2824.82,0.34,1864.38,1640.65,223.73,2516.91,Completed
ORD-SLUMP-10597,2023-04-23,2023-04,CUST-1029,PROD-106,EMP-1015,REG-03,Direct Online,7,1439.03,0.26,7454.18,6559.68,894.5,10063.14,Completed
ORD-SLUMP-10598,2023-04-23,2023-04,CUST-1273,PROD-113,EMP-1016,REG-01,Field Sales,4,4208.75,0.34,11111.1,9777.77,1333.33,14999.98,Completed
ORD-SLUMP-10599,2023-04-23,2023-04,CUST-1174,PROD-105,EMP-1021,REG-01,Direct Online,1,1736.01,0.22,1354.09,1191.6,162.49,1828.02,Completed
ORD-SLUMP-10600,2023-04-23,2023-04,CUST-1027,PROD-117,EMP-1015,REG-02,Retail Store,3,3143.65,0.39,5752.88,5062.53,690.35,7766.39,Completed
ORD-SLUMP-10601,2023-04-23,2023-04,CUST-1178,PROD-119,EMP-1029,REG-02,Retail Store,7,2092.08,0.38,9079.63,7990.07,1089.56,12257.5,Completed
ORD-SLUMP-10602,2023-04-23,2023-04,CUST-1030,PROD-111,EMP-1018,REG-05,Field Sales,3,2359.92,0.3,4955.83,4361.13,594.7,6690.37,Completed
ORD-SLUMP-10603,2023-04-23,2023-04,CUST-1252,PROD-109,EMP-1006,REG-02,Field Sales,3,2404.15,0.27,5265.09,4633.28,631.81,7107.87,Completed
ORD-SLUMP-10604,2023-04-23,2023-04,CUST-1052,PROD-111,EMP-1018,REG-02,Retail Store,5,4173.61,0.26,15442.36,13589.28,1853.08,20847.19,Completed
ORD-SLUMP-10605,2023-04-24,2023-04,CUST-1223,PROD-109,EMP-1011,REG-05,Field Sales,4,3129.82,0.23,9639.85,8483.07,1156.78,13013.8,Completed
ORD-SLUMP-10606,2023-04-24,2023-04,CUST-1282,PROD-117,EMP-1014,REG-03,Field Sales,2,2444.23,0.36,3128.61,2753.18,375.43,4223.62,Completed
ORD-SLUMP-10607,2023-04-24,2023-04,CUST-1075,PROD-109,EMP-1007,REG-03,Retail Store,3,2225.48,0.24,5074.09,4465.2,608.89,6850.02,Completed
ORD-SLUMP-10608,2023-04-24,2023-04,CUST-1194,PROD-113,EMP-1016,REG-03,Enterprise Partner,7,2737.79,0.2,15331.62,13491.83,1839.79,20697.69,Completed
ORD-SLUMP-10609,2023-04-24,2023-04,CUST-1256,PROD-113,EMP-1002,REG-02,Retail Store,6,3165.17,0.23,14623.09,12868.32,1754.77,19741.17,Completed
ORD-SLUMP-10610,2023-04-25,2023-04,CUST-1215,PROD-116,EMP-1015,REG-03,Retail Store,2,1427.36,0.25,2141.04,1884.12,256.92,2890.4,Completed
ORD-SLUMP-10611,2023-04-25,2023-04,CUST-1083,PROD-113,EMP-1008,REG-03,Direct Online,4,4206.91,0.29,11947.62,10513.91,1433.71,16129.29,Completed
ORD-SLUMP-10612,2023-04-25,2023-04,CUST-1232,PROD-112,EMP-1003,REG-02,Direct Online,1,3967.87,0.33,2658.47,2339.45,319.02,3588.93,Completed
ORD-SLUMP-10613,2023-04-25,2023-04,CUST-1103,PROD-111,EMP-1004,REG-04,Direct Online,3,3940.18,0.29,8392.58,7385.47,1007.11,11329.98,Completed
ORD-SLUMP-10614,2023-04-25,2023-04,CUST-1046,PROD-113,EMP-1025,REG-05,Field Sales,6,1526.03,0.2,7324.94,6445.95,878.99,9888.67,Completed
ORD-SLUMP-10615,2023-04-25,2023-04,CUST-1145,PROD-113,EMP-1012,REG-02,Enterprise Partner,1,3266.77,0.21,2580.75,2271.06,309.69,3484.01,Completed
ORD-SLUMP-10616,2023-04-26,2023-04,CUST-1117,PROD-108,EMP-1018,REG-05,Enterprise Partner,3,2129.68,0.25,4791.78,4216.77,575.01,6468.9,Completed
ORD-SLUMP-10617,2023-04-26,2023-04,CUST-1211,PROD-119,EMP-1018,REG-03,Retail Store,1,1620.88,0.22,1264.29,1112.58,151.71,1706.79,Completed
ORD-SLUMP-10618,2023-04-26,2023-04,CUST-1278,PROD-111,EMP-1019,REG-01,Field Sales,1,1125.89,0.29,799.38,703.45,95.93,1079.16,Completed
ORD-SLUMP-10619,2023-04-26,2023-04,CUST-1293,PROD-118,EMP-1024,REG-04,Retail Store,6,1996.51,0.33,8025.97,7062.85,963.12,10835.06,Completed
ORD-SLUMP-10620,2023-04-26,2023-04,CUST-1002,PROD-106,EMP-1027,REG-04,Field Sales,1,1374.0,0.39,838.14,737.56,100.58,1131.49,Completed
ORD-SLUMP-10621,2023-04-26,2023-04,CUST-1085,PROD-106,EMP-1012,REG-04,Retail Store,1,4289.3,0.38,2659.37,2340.25,319.12,3590.15,Completed
ORD-SLUMP-10622,2023-04-26,2023-04,CUST-1067,PROD-103,EMP-1022,REG-05,Enterprise Partner,5,1333.95,0.34,4402.04,3873.8,528.24,5942.75,Completed
ORD-SLUMP-10623,2023-04-26,2023-04,CUST-1137,PROD-104,EMP-1019,REG-03,Retail Store,5,3554.76,0.21,14041.3,12356.34,1684.96,18955.76,Completed
ORD-SLUMP-10624,2023-04-27,2023-04,CUST-1259,PROD-118,EMP-1002,REG-02,Retail Store,5,3553.06,0.29,12613.36,11099.76,1513.6,17028.04,Completed
ORD-SLUMP-10625,2023-04-27,2023-04,CUST-1141,PROD-108,EMP-1028,REG-01,Retail Store,5,4249.0,0.38,13171.9,11591.27,1580.63,17782.07,Completed
ORD-SLUMP-10626,2023-04-27,2023-04,CUST-1076,PROD-110,EMP-1014,REG-03,Direct Online,7,4461.2,0.21,24670.44,21709.99,2960.45,33305.09,Completed
ORD-SLUMP-10627,2023-04-27,2023-04,CUST-1115,PROD-117,EMP-1021,REG-02,Retail Store,7,2622.51,0.28,13217.45,11631.36,1586.09,17843.56,Completed
ORD-SLUMP-10628,2023-04-27,2023-04,CUST-1280,PROD-106,EMP-1029,REG-03,Retail Store,5,2730.24,0.37,8600.26,7568.23,1032.03,11610.35,Completed
ORD-SLUMP-10629,2023-04-27,2023-04,CUST-1055,PROD-102,EMP-1018,REG-03,Field Sales,2,3461.67,0.35,4500.17,3960.15,540.02,6075.23,Completed
ORD-SLUMP-10630,2023-04-27,2023-04,CUST-1036,PROD-113,EMP-1001,REG-05,Retail Store,5,2285.13,0.39,6969.65,6133.29,836.36,9409.03,Completed
ORD-SLUMP-10631,2023-04-27,2023-04,CUST-1055,PROD-105,EMP-1026,REG-02,Retail Store,3,3991.94,0.37,7544.77,6639.4,905.37,10185.44,Completed
ORD-SLUMP-10632,2023-04-27,2023-04,CUST-1075,PROD-103,EMP-1008,REG-05,Retail Store,4,3773.39,0.32,10263.62,9031.99,1231.63,13855.89,Completed
ORD-SLUMP-10633,2023-04-27,2023-04,CUST-1091,PROD-115,EMP-1007,REG-04,Field Sales,7,1544.03,0.34,7133.42,6277.41,856.01,9630.12,Completed
ORD-SLUMP-10634,2023-04-28,2023-04,CUST-1013,PROD-111,EMP-1023,REG-05,Retail Store,4,2676.38,0.26,7922.08,6971.43,950.65,10694.81,Completed
ORD-SLUMP-10635,2023-04-28,2023-04,CUST-1246,PROD-105,EMP-1019,REG-05,Retail Store,2,2318.19,0.31,3199.1,2815.21,383.89,4318.78,Completed
ORD-SLUMP-10636,2023-04-28,2023-04,CUST-1230,PROD-110,EMP-1021,REG-04,Field Sales,4,1605.14,0.3,4494.39,3955.06,539.33,6067.43,Completed
ORD-SLUMP-10637,2023-04-28,2023-04,CUST-1015,PROD-117,EMP-1024,REG-05,Direct Online,5,4411.88,0.33,14779.8,13006.22,1773.58,19952.73,Completed
ORD-SLUMP-10638,2023-04-28,2023-04,CUST-1066,PROD-105,EMP-1014,REG-03,Field Sales,4,3943.73,0.28,11357.94,9994.99,1362.95,15333.22,Completed
ORD-SLUMP-10639,2023-04-28,2023-04,CUST-1133,PROD-108,EMP-1020,REG-05,Direct Online,1,4261.3,0.4,2556.78,2249.97,306.81,3451.65,Completed
ORD-SLUMP-10640,2023-04-28,2023-04,CUST-1148,PROD-108,EMP-1009,REG-02,Enterprise Partner,4,3898.15,0.3,10914.82,9605.04,1309.78,14735.01,Completed
ORD-SLUMP-10641,2023-04-28,2023-04,CUST-1296,PROD-112,EMP-1025,REG-04,Retail Store,7,931.87,0.28,4696.62,4133.03,563.59,6340.44,Completed
ORD-SLUMP-10642,2023-04-29,2023-04,CUST-1270,PROD-105,EMP-1003,REG-04,Enterprise Partner,7,3883.53,0.31,18757.45,16506.56,2250.89,25322.56,Completed
ORD-SLUMP-10643,2023-04-29,2023-04,CUST-1256,PROD-103,EMP-1007,REG-02,Enterprise Partner,4,3603.26,0.29,10233.26,9005.27,1227.99,13814.9,Completed
ORD-SLUMP-10644,2023-04-29,2023-04,CUST-1088,PROD-114,EMP-1021,REG-03,Direct Online,5,2796.5,0.25,10486.88,9228.45,1258.43,14157.29,Completed
ORD-SLUMP-10645,2023-04-29,2023-04,CUST-1224,PROD-112,EMP-1002,REG-01,Field Sales,4,1991.95,0.27,5816.49,5118.51,697.98,7852.26,Completed
ORD-SLUMP-10646,2023-04-29,2023-04,CUST-1129,PROD-113,EMP-1007,REG-03,Retail Store,4,2085.86,0.37,5256.37,4625.61,630.76,7096.1,Completed
ORD-SLUMP-10647,2023-04-29,2023-04,CUST-1260,PROD-116,EMP-1020,REG-04,Field Sales,5,3708.7,0.3,12980.45,11422.8,1557.65,17523.61,Completed
ORD-SLUMP-10648,2023-04-29,2023-04,CUST-1176,PROD-113,EMP-1008,REG-05,Field Sales,6,3461.99,0.34,13709.48,12064.34,1645.14,18507.8,Completed
ORD-SLUMP-10649,2023-04-30,2023-04,CUST-1289,PROD-109,EMP-1005,REG-01,Field Sales,6,4216.54,0.35,16444.51,14471.17,1973.34,22200.09,Completed
ORD-SLUMP-10650,2023-04-30,2023-04,CUST-1167,PROD-108,EMP-1024,REG-04,Field Sales,1,2936.81,0.23,2261.34,1989.98,271.36,3052.81,Completed
ORD-SLUMP-10651,2023-05-01,2023-05,CUST-1105,PROD-108,EMP-1002,REG-03,Direct Online,4,961.16,0.3,2691.25,2368.3,322.95,3633.19,Completed
ORD-SLUMP-10652,2023-05-01,2023-05,CUST-1096,PROD-101,EMP-1010,REG-04,Field Sales,4,3395.13,0.36,8691.53,7648.55,1042.98,11733.57,Completed
ORD-SLUMP-10653,2023-05-01,2023-05,CUST-1264,PROD-117,EMP-1005,REG-01,Enterprise Partner,1,3658.92,0.23,2817.37,2479.29,338.08,3803.45,Completed
ORD-SLUMP-10654,2023-05-01,2023-05,CUST-1109,PROD-106,EMP-1007,REG-03,Retail Store,2,3228.4,0.34,4261.49,3750.11,511.38,5753.01,Completed
ORD-SLUMP-10655,2023-05-01,2023-05,CUST-1239,PROD-107,EMP-1025,REG-03,Enterprise Partner,5,3405.14,0.21,13450.3,11836.26,1614.04,18157.9,Completed
ORD-SLUMP-10656,2023-05-01,2023-05,CUST-1240,PROD-113,EMP-1022,REG-04,Direct Online,1,2823.16,0.26,2089.14,1838.44,250.7,2820.34,Completed
ORD-SLUMP-10657,2023-05-01,2023-05,CUST-1053,PROD-118,EMP-1001,REG-04,Retail Store,6,2735.11,0.25,12308.0,10831.04,1476.96,16615.8,Completed
ORD-SLUMP-10658,2023-05-02,2023-05,CUST-1287,PROD-112,EMP-1011,REG-05,Direct Online,3,2637.45,0.21,6250.76,5500.67,750.09,8438.53,Completed
ORD-SLUMP-10659,2023-05-02,2023-05,CUST-1132,PROD-108,EMP-1023,REG-02,Enterprise Partner,1,1503.76,0.39,917.29,807.22,110.07,1238.34,Completed
ORD-SLUMP-10660,2023-05-02,2023-05,CUST-1214,PROD-104,EMP-1001,REG-02,Direct Online,5,3610.1,0.23,13898.88,12231.01,1667.87,18763.49,Completed
ORD-SLUMP-10661,2023-05-02,2023-05,CUST-1160,PROD-118,EMP-1001,REG-05,Field Sales,7,3006.06,0.23,16202.66,14258.34,1944.32,21873.59,Completed
ORD-SLUMP-10662,2023-05-02,2023-05,CUST-1151,PROD-113,EMP-1001,REG-01,Enterprise Partner,4,3362.42,0.29,9549.27,8403.36,1145.91,12891.51,Completed
ORD-SLUMP-10663,2023-05-02,2023-05,CUST-1137,PROD-106,EMP-1019,REG-01,Direct Online,7,4330.19,0.22,23642.84,20805.7,2837.14,31917.83,Completed
ORD-SLUMP-10664,2023-05-02,2023-05,CUST-1209,PROD-103,EMP-1024,REG-05,Field Sales,7,3699.11,0.23,19938.2,17545.62,2392.58,26916.57,Completed
ORD-SLUMP-10665,2023-05-03,2023-05,CUST-1142,PROD-105,EMP-1006,REG-01,Retail Store,4,2386.87,0.23,7351.56,6469.37,882.19,9924.61,Completed
ORD-SLUMP-10666,2023-05-03,2023-05,CUST-1164,PROD-111,EMP-1002,REG-02,Enterprise Partner,6,4032.63,0.24,18388.79,16182.14,2206.65,24824.87,Completed
ORD-SLUMP-10667,2023-05-03,2023-05,CUST-1017,PROD-103,EMP-1021,REG-05,Retail Store,3,1563.88,0.38,2908.82,2559.76,349.06,3926.91,Completed
ORD-SLUMP-10668,2023-05-03,2023-05,CUST-1265,PROD-111,EMP-1015,REG-04,Field Sales,1,2518.6,0.24,1914.14,1684.44,229.7,2584.09,Completed
ORD-SLUMP-10669,2023-05-03,2023-05,CUST-1080,PROD-116,EMP-1018,REG-01,Direct Online,5,844.18,0.26,3123.47,2748.65,374.82,4216.68,Completed
ORD-SLUMP-10670,2023-05-04,2023-05,CUST-1042,PROD-114,EMP-1003,REG-05,Field Sales,5,2869.66,0.33,9613.36,8459.76,1153.6,12978.04,Completed
ORD-SLUMP-10671,2023-05-04,2023-05,CUST-1295,PROD-112,EMP-1019,REG-04,Direct Online,6,2118.81,0.27,9280.39,8166.74,1113.65,12528.53,Completed
ORD-SLUMP-10672,2023-05-04,2023-05,CUST-1067,PROD-112,EMP-1025,REG-05,Retail Store,5,1583.7,0.36,5067.84,4459.7,608.14,6841.58,Completed
ORD-SLUMP-10673,2023-05-04,2023-05,CUST-1117,PROD-115,EMP-1009,REG-01,Retail Store,1,914.16,0.28,658.2,579.22,78.98,888.57,Completed
ORD-SLUMP-10674,2023-05-04,2023-05,CUST-1223,PROD-114,EMP-1027,REG-04,Field Sales,3,1857.48,0.36,3566.36,3138.4,427.96,4814.59,Completed
ORD-SLUMP-10675,2023-05-05,2023-05,CUST-1165,PROD-101,EMP-1017,REG-03,Direct Online,1,1880.77,0.29,1335.35,1175.11,160.24,1802.72,Completed
ORD-SLUMP-10676,2023-05-05,2023-05,CUST-1013,PROD-118,EMP-1014,REG-02,Field Sales,2,1733.62,0.24,2635.1,2318.89,316.21,3557.38,Completed
ORD-SLUMP-10677,2023-05-05,2023-05,CUST-1090,PROD-112,EMP-1020,REG-01,Direct Online,6,4088.13,0.33,16434.28,14462.17,1972.11,22186.28,Completed
ORD-SLUMP-10678,2023-05-05,2023-05,CUST-1015,PROD-111,EMP-1004,REG-01,Field Sales,1,3667.01,0.35,2383.56,2097.53,286.03,3217.81,Completed
ORD-SLUMP-10679,2023-05-05,2023-05,CUST-1245,PROD-117,EMP-1002,REG-01,Direct Online,6,2349.51,0.32,9586.0,8435.68,1150.32,12941.1,Completed
ORD-SLUMP-10680,2023-05-05,2023-05,CUST-1152,PROD-119,EMP-1010,REG-05,Enterprise Partner,5,1032.65,0.37,3252.85,2862.51,390.34,4391.35,Completed
ORD-SLUMP-10681,2023-05-05,2023-05,CUST-1078,PROD-114,EMP-1001,REG-04,Direct Online,6,2833.27,0.34,11219.75,9873.38,1346.37,15146.66,Completed
ORD-SLUMP-10682,2023-05-05,2023-05,CUST-1179,PROD-109,EMP-1017,REG-04,Retail Store,3,2508.62,0.2,6020.69,5298.21,722.48,8127.93,Completed
ORD-SLUMP-10683,2023-05-06,2023-05,CUST-1085,PROD-104,EMP-1006,REG-03,Enterprise Partner,1,4080.18,0.26,3019.33,2657.01,362.32,4076.1,Completed
ORD-SLUMP-10684,2023-05-06,2023-05,CUST-1070,PROD-117,EMP-1002,REG-03,Retail Store,5,846.47,0.36,2708.7,2383.66,325.04,3656.74,Completed
ORD-SLUMP-10685,2023-05-06,2023-05,CUST-1278,PROD-110,EMP-1019,REG-01,Direct Online,5,3231.79,0.36,10341.73,9100.72,1241.01,13961.34,Completed
ORD-SLUMP-10686,2023-05-06,2023-05,CUST-1090,PROD-111,EMP-1004,REG-05,Enterprise Partner,6,4225.67,0.36,16226.57,14279.38,1947.19,21905.87,Completed
ORD-SLUMP-10687,2023-05-06,2023-05,CUST-1021,PROD-110,EMP-1015,REG-05,Retail Store,1,2471.69,0.36,1581.88,1392.05,189.83,2135.54,Completed
ORD-SLUMP-10688,2023-05-06,2023-05,CUST-1260,PROD-115,EMP-1020,REG-02,Direct Online,1,2250.15,0.37,1417.59,1247.48,170.11,1913.75,Completed
ORD-SLUMP-10689,2023-05-07,2023-05,CUST-1078,PROD-117,EMP-1015,REG-02,Retail Store,5,1967.66,0.29,6985.19,6146.97,838.22,9430.01,Completed
ORD-SLUMP-10690,2023-05-07,2023-05,CUST-1213,PROD-117,EMP-1007,REG-05,Direct Online,5,932.52,0.39,2844.19,2502.89,341.3,3839.66,Completed
ORD-SLUMP-10691,2023-05-07,2023-05,CUST-1186,PROD-112,EMP-1028,REG-05,Retail Store,6,3952.0,0.2,18969.6,16693.25,2276.35,25608.96,Completed
ORD-SLUMP-10692,2023-05-07,2023-05,CUST-1035,PROD-105,EMP-1017,REG-01,Field Sales,6,1124.81,0.37,4251.78,3741.57,510.21,5739.9,Completed
ORD-SLUMP-10693,2023-05-07,2023-05,CUST-1168,PROD-109,EMP-1029,REG-03,Field Sales,7,2267.54,0.39,9682.4,8520.51,1161.89,13071.24,Completed
ORD-SLUMP-10694,2023-05-07,2023-05,CUST-1012,PROD-103,EMP-1021,REG-05,Retail Store,7,3372.75,0.24,17943.03,15789.87,2153.16,24223.09,Completed
ORD-SLUMP-10695,2023-05-07,2023-05,CUST-1213,PROD-101,EMP-1021,REG-02,Direct Online,3,2878.03,0.27,6302.89,5546.54,756.35,8508.9,Completed
ORD-SLUMP-10696,2023-05-08,2023-05,CUST-1284,PROD-116,EMP-1028,REG-05,Field Sales,3,4002.87,0.25,9006.46,7925.68,1080.78,12158.72,Completed
ORD-SLUMP-10697,2023-05-08,2023-05,CUST-1167,PROD-106,EMP-1001,REG-02,Enterprise Partner,2,3222.22,0.38,3995.55,3516.08,479.47,5393.99,Completed
ORD-SLUMP-10698,2023-05-08,2023-05,CUST-1060,PROD-104,EMP-1004,REG-01,Retail Store,4,2314.22,0.37,5831.83,5132.01,699.82,7872.97,Completed
ORD-SLUMP-10699,2023-05-08,2023-05,CUST-1027,PROD-118,EMP-1016,REG-05,Field Sales,3,1959.86,0.35,3821.73,3363.12,458.61,5159.34,Completed
ORD-SLUMP-10700,2023-05-09,2023-05,CUST-1266,PROD-108,EMP-1016,REG-01,Enterprise Partner,1,2322.94,0.27,1695.75,1492.26,203.49,2289.26,Completed
ORD-SLUMP-10701,2023-05-09,2023-05,CUST-1141,PROD-119,EMP-1003,REG-03,Retail Store,2,4424.26,0.21,6990.33,6151.49,838.84,9436.95,Completed
ORD-SLUMP-10702,2023-05-09,2023-05,CUST-1242,PROD-115,EMP-1014,REG-03,Field Sales,6,4225.51,0.22,19775.39,17402.34,2373.05,26696.78,Completed
ORD-SLUMP-10703,2023-05-09,2023-05,CUST-1009,PROD-106,EMP-1029,REG-04,Retail Store,2,1896.24,0.23,2920.21,2569.78,350.43,3942.28,Completed
ORD-SLUMP-10704,2023-05-09,2023-05,CUST-1106,PROD-116,EMP-1025,REG-03,Field Sales,2,2709.17,0.28,3901.2,3433.06,468.14,5266.62,Completed
ORD-SLUMP-10705,2023-05-09,2023-05,CUST-1248,PROD-110,EMP-1007,REG-02,Retail Store,4,1350.34,0.27,3942.99,3469.83,473.16,5323.04,Completed
ORD-SLUMP-10706,2023-05-10,2023-05,CUST-1157,PROD-101,EMP-1014,REG-04,Direct Online,1,2568.5,0.37,1618.16,1423.98,194.18,2184.52,Completed
ORD-SLUMP-10707,2023-05-10,2023-05,CUST-1018,PROD-101,EMP-1022,REG-05,Enterprise Partner,7,4299.26,0.3,21066.37,18538.41,2527.96,28439.6,Completed
ORD-SLUMP-10708,2023-05-10,2023-05,CUST-1062,PROD-109,EMP-1021,REG-04,Field Sales,3,902.97,0.25,2031.68,1787.88,243.8,2742.77,Completed
ORD-SLUMP-10709,2023-05-11,2023-05,CUST-1029,PROD-106,EMP-1001,REG-01,Direct Online,6,2463.55,0.32,10051.28,8845.13,1206.15,13569.23,Completed
ORD-SLUMP-10710,2023-05-11,2023-05,CUST-1253,PROD-106,EMP-1023,REG-03,Retail Store,1,3314.07,0.29,2352.99,2070.63,282.36,3176.54,Completed
ORD-SLUMP-10711,2023-05-11,2023-05,CUST-1117,PROD-110,EMP-1009,REG-02,Field Sales,6,3448.35,0.23,15931.38,14019.61,1911.77,21507.36,Completed
ORD-SLUMP-10712,2023-05-11,2023-05,CUST-1172,PROD-116,EMP-1007,REG-03,Retail Store,3,2335.45,0.32,4764.32,4192.6,571.72,6431.83,Completed
ORD-SLUMP-10713,2023-05-12,2023-05,CUST-1239,PROD-111,EMP-1009,REG-04,Retail Store,5,1711.08,0.39,5218.79,4592.54,626.25,7045.37,Completed
ORD-SLUMP-10714,2023-05-12,2023-05,CUST-1289,PROD-114,EMP-1001,REG-02,Direct Online,3,3690.63,0.35,7196.73,6333.12,863.61,9715.59,Completed
ORD-SLUMP-10715,2023-05-12,2023-05,CUST-1106,PROD-112,EMP-1006,REG-05,Enterprise Partner,7,2904.14,0.3,14230.29,12522.66,1707.63,19210.89,Completed
ORD-SLUMP-10716,2023-05-12,2023-05,CUST-1207,PROD-104,EMP-1016,REG-04,Enterprise Partner,4,4429.65,0.39,10808.35,9511.35,1297.0,14591.27,Completed
ORD-SLUMP-10717,2023-05-12,2023-05,CUST-1221,PROD-107,EMP-1019,REG-01,Field Sales,2,1561.27,0.38,1935.97,1703.65,232.32,2613.56,Completed
ORD-SLUMP-10718,2023-05-12,2023-05,CUST-1003,PROD-107,EMP-1019,REG-02,Enterprise Partner,7,1399.6,0.28,7053.98,6207.5,846.48,9522.87,Completed
ORD-SLUMP-10719,2023-05-13,2023-05,CUST-1059,PROD-119,EMP-1023,REG-05,Field Sales,1,2109.05,0.26,1560.7,1373.42,187.28,2106.95,Completed
ORD-SLUMP-10720,2023-05-13,2023-05,CUST-1046,PROD-102,EMP-1025,REG-01,Field Sales,2,1956.57,0.39,2387.02,2100.58,286.44,3222.48,Completed
ORD-SLUMP-10721,2023-05-13,2023-05,CUST-1139,PROD-116,EMP-1007,REG-03,Enterprise Partner,4,4285.56,0.25,12856.68,11313.88,1542.8,17356.52,Completed
ORD-SLUMP-10722,2023-05-13,2023-05,CUST-1115,PROD-114,EMP-1005,REG-05,Retail Store,2,2455.22,0.32,3339.1,2938.41,400.69,4507.78,Completed
ORD-SLUMP-10723,2023-05-13,2023-05,CUST-1022,PROD-114,EMP-1004,REG-05,Field Sales,3,872.06,0.36,1674.36,1473.44,200.92,2260.39,Completed
ORD-SLUMP-10724,2023-05-14,2023-05,CUST-1057,PROD-113,EMP-1018,REG-03,Field Sales,3,2175.88,0.24,4961.01,4365.69,595.32,6697.36,Completed
ORD-SLUMP-10725,2023-05-14,2023-05,CUST-1107,PROD-111,EMP-1016,REG-04,Direct Online,6,4487.04,0.22,20999.35,18479.43,2519.92,28349.12,Completed
ORD-SLUMP-10726,2023-05-14,2023-05,CUST-1147,PROD-114,EMP-1014,REG-02,Direct Online,6,4416.87,0.31,18285.84,16091.54,2194.3,24685.88,Completed
ORD-SLUMP-10727,2023-05-14,2023-05,CUST-1136,PROD-114,EMP-1015,REG-01,Enterprise Partner,6,2776.38,0.26,12327.13,10847.87,1479.26,16641.63,Completed
ORD-SLUMP-10728,2023-05-14,2023-05,CUST-1274,PROD-119,EMP-1029,REG-04,Direct Online,6,1712.4,0.29,7294.82,6419.44,875.38,9848.01,Completed
ORD-SLUMP-10729,2023-05-14,2023-05,CUST-1294,PROD-106,EMP-1002,REG-01,Retail Store,1,2092.69,0.31,1443.96,1270.68,173.28,1949.35,Completed
ORD-SLUMP-10730,2023-05-14,2023-05,CUST-1093,PROD-110,EMP-1020,REG-02,Enterprise Partner,7,1963.46,0.34,9071.19,7982.65,1088.54,12246.11,Completed
ORD-SLUMP-10731,2023-05-14,2023-05,CUST-1093,PROD-117,EMP-1006,REG-01,Enterprise Partner,7,3666.64,0.37,16169.88,14229.49,1940.39,21829.34,Completed
ORD-SLUMP-10732,2023-05-14,2023-05,CUST-1212,PROD-115,EMP-1008,REG-03,Direct Online,1,3859.07,0.21,3048.67,2682.83,365.84,4115.7,Completed
ORD-SLUMP-10733,2023-05-14,2023-05,CUST-1171,PROD-114,EMP-1013,REG-04,Enterprise Partner,4,2516.47,0.31,6945.46,6112.0,833.46,9376.37,Completed
ORD-SLUMP-10734,2023-05-15,2023-05,CUST-1005,PROD-114,EMP-1008,REG-01,Enterprise Partner,5,3817.57,0.28,13743.25,12094.06,1649.19,18553.39,Completed
ORD-SLUMP-10735,2023-05-15,2023-05,CUST-1119,PROD-104,EMP-1010,REG-04,Direct Online,5,1953.41,0.38,6055.57,5328.9,726.67,8175.02,Completed
ORD-SLUMP-10736,2023-05-15,2023-05,CUST-1145,PROD-118,EMP-1003,REG-04,Field Sales,6,2894.88,0.4,10421.57,9170.98,1250.59,14069.12,Completed
ORD-SLUMP-10737,2023-05-15,2023-05,CUST-1066,PROD-110,EMP-1003,REG-03,Retail Store,5,4324.97,0.29,15353.64,13511.2,1842.44,20727.41,Completed
ORD-SLUMP-10738,2023-05-15,2023-05,CUST-1297,PROD-116,EMP-1027,REG-02,Direct Online,7,1261.39,0.21,6975.49,6138.43,837.06,9416.91,Completed
ORD-SLUMP-10739,2023-05-15,2023-05,CUST-1158,PROD-119,EMP-1004,REG-04,Direct Online,1,3460.03,0.26,2560.42,2253.17,307.25,3456.57,Completed
ORD-SLUMP-10740,2023-05-16,2023-05,CUST-1182,PROD-108,EMP-1002,REG-01,Field Sales,6,4177.91,0.24,19051.27,16765.12,2286.15,25719.21,Completed
ORD-SLUMP-10741,2023-05-16,2023-05,CUST-1108,PROD-112,EMP-1017,REG-05,Field Sales,3,3070.47,0.24,7000.67,6160.59,840.08,9450.9,Completed
ORD-SLUMP-10742,2023-05-16,2023-05,CUST-1005,PROD-119,EMP-1023,REG-01,Field Sales,5,3813.07,0.28,13727.05,12079.8,1647.25,18531.52,Completed
ORD-SLUMP-10743,2023-05-16,2023-05,CUST-1113,PROD-119,EMP-1012,REG-01,Direct Online,1,4003.1,0.36,2561.98,2254.54,307.44,3458.67,Completed
ORD-SLUMP-10744,2023-05-16,2023-05,CUST-1038,PROD-103,EMP-1008,REG-05,Retail Store,1,906.63,0.23,698.11,614.34,83.77,942.45,Completed
ORD-SLUMP-10745,2023-05-16,2023-05,CUST-1025,PROD-104,EMP-1024,REG-05,Enterprise Partner,3,845.95,0.24,1928.77,1697.32,231.45,2603.84,Completed
ORD-SLUMP-10746,2023-05-17,2023-05,CUST-1009,PROD-119,EMP-1019,REG-03,Field Sales,7,2874.82,0.31,13885.38,12219.13,1666.25,18745.26,Completed
ORD-SLUMP-10747,2023-05-17,2023-05,CUST-1198,PROD-108,EMP-1027,REG-03,Enterprise Partner,1,3073.15,0.23,2366.33,2082.37,283.96,3194.55,Completed
ORD-SLUMP-10748,2023-05-17,2023-05,CUST-1285,PROD-119,EMP-1020,REG-04,Enterprise Partner,5,1090.98,0.28,3927.53,3456.23,471.3,5302.17,Completed
ORD-SLUMP-10749,2023-05-17,2023-05,CUST-1065,PROD-108,EMP-1024,REG-02,Retail Store,1,4003.22,0.2,3202.58,2818.27,384.31,4323.48,Completed
ORD-SLUMP-10750,2023-05-17,2023-05,CUST-1154,PROD-102,EMP-1008,REG-05,Direct Online,2,2140.28,0.21,3381.64,2975.84,405.8,4565.21,Completed
ORD-SLUMP-10751,2023-05-17,2023-05,CUST-1280,PROD-109,EMP-1019,REG-02,Retail Store,4,1662.42,0.24,5053.76,4447.31,606.45,6822.58,Completed
ORD-SLUMP-10752,2023-05-18,2023-05,CUST-1198,PROD-112,EMP-1029,REG-04,Enterprise Partner,5,1942.46,0.39,5924.5,5213.56,710.94,7998.08,Completed
ORD-SLUMP-10753,2023-05-18,2023-05,CUST-1072,PROD-103,EMP-1007,REG-01,Field Sales,5,1007.34,0.3,3525.69,3102.61,423.08,4759.68,Completed
ORD-SLUMP-10754,2023-05-18,2023-05,CUST-1166,PROD-106,EMP-1015,REG-01,Direct Online,6,1404.76,0.4,5057.14,4450.28,606.86,6827.14,Completed
ORD-SLUMP-10755,2023-05-18,2023-05,CUST-1183,PROD-109,EMP-1007,REG-05,Retail Store,7,2677.9,0.23,14433.88,12701.81,1732.07,19485.74,Completed
ORD-SLUMP-10756,2023-05-18,2023-05,CUST-1145,PROD-112,EMP-1015,REG-04,Field Sales,1,4199.2,0.27,3065.42,2697.57,367.85,4138.32,Completed
ORD-SLUMP-10757,2023-05-18,2023-05,CUST-1097,PROD-105,EMP-1011,REG-01,Enterprise Partner,4,2556.49,0.37,6442.35,5669.27,773.08,8697.17,Completed
ORD-SLUMP-10758,2023-05-18,2023-05,CUST-1174,PROD-115,EMP-1024,REG-02,Direct Online,3,3082.35,0.22,7212.7,6347.18,865.52,9737.14,Completed
ORD-SLUMP-10759,2023-05-18,2023-05,CUST-1105,PROD-114,EMP-1013,REG-02,Field Sales,7,1844.11,0.2,10327.02,9087.78,1239.24,13941.48,Completed
ORD-SLUMP-10760,2023-05-18,2023-05,CUST-1119,PROD-103,EMP-1011,REG-03,Field Sales,2,3514.8,0.21,5553.38,4886.97,666.41,7497.06,Completed
ORD-SLUMP-10761,2023-05-18,2023-05,CUST-1138,PROD-114,EMP-1016,REG-03,Direct Online,1,2487.8,0.35,1617.07,1423.02,194.05,2183.04,Completed
ORD-SLUMP-10762,2023-05-18,2023-05,CUST-1173,PROD-115,EMP-1028,REG-01,Retail Store,1,985.71,0.28,709.71,624.54,85.17,958.11,Completed
ORD-SLUMP-10763,2023-05-19,2023-05,CUST-1169,PROD-103,EMP-1026,REG-01,Enterprise Partner,4,3629.93,0.32,9873.41,8688.6,1184.81,13329.1,Completed
ORD-SLUMP-10764,2023-05-19,2023-05,CUST-1043,PROD-103,EMP-1006,REG-01,Direct Online,7,4306.18,0.3,21100.28,18568.25,2532.03,28485.38,Completed
ORD-SLUMP-10765,2023-05-19,2023-05,CUST-1041,PROD-105,EMP-1029,REG-03,Enterprise Partner,7,1841.55,0.25,9668.14,8507.96,1160.18,13051.99,Completed
ORD-SLUMP-10766,2023-05-19,2023-05,CUST-1231,PROD-117,EMP-1015,REG-01,Field Sales,2,2821.77,0.39,3442.56,3029.45,413.11,4647.46,Completed
ORD-SLUMP-10767,2023-05-19,2023-05,CUST-1008,PROD-109,EMP-1012,REG-02,Retail Store,1,4233.21,0.26,3132.58,2756.67,375.91,4228.98,Completed
ORD-SLUMP-10768,2023-05-19,2023-05,CUST-1277,PROD-113,EMP-1023,REG-02,Retail Store,4,2315.24,0.21,7316.16,6438.22,877.94,9876.82,Completed
ORD-SLUMP-10769,2023-05-19,2023-05,CUST-1113,PROD-118,EMP-1022,REG-05,Enterprise Partner,4,4422.94,0.39,10791.97,9496.93,1295.04,14569.16,Completed
ORD-SLUMP-10770,2023-05-19,2023-05,CUST-1150,PROD-104,EMP-1005,REG-03,Retail Store,4,2407.71,0.34,6356.35,5593.59,762.76,8581.07,Completed
ORD-SLUMP-10771,2023-05-20,2023-05,CUST-1043,PROD-118,EMP-1028,REG-03,Retail Store,2,3345.81,0.34,4416.47,3886.49,529.98,5962.23,Completed
ORD-SLUMP-10772,2023-05-20,2023-05,CUST-1183,PROD-107,EMP-1029,REG-03,Field Sales,5,1747.08,0.25,6551.55,5765.36,786.19,8844.59,Completed
ORD-SLUMP-10773,2023-05-20,2023-05,CUST-1265,PROD-110,EMP-1020,REG-04,Field Sales,2,1989.43,0.2,3183.09,2801.12,381.97,4297.17,Completed
ORD-SLUMP-10774,2023-05-20,2023-05,CUST-1185,PROD-114,EMP-1009,REG-05,Retail Store,1,2927.92,0.27,2137.38,1880.89,256.49,2885.46,Completed
ORD-SLUMP-10775,2023-05-20,2023-05,CUST-1099,PROD-106,EMP-1017,REG-01,Enterprise Partner,1,4173.42,0.35,2712.72,2387.19,325.53,3662.17,Completed
ORD-SLUMP-10776,2023-05-20,2023-05,CUST-1260,PROD-113,EMP-1023,REG-03,Direct Online,7,2932.14,0.29,14572.74,12824.01,1748.73,19673.2,Completed
ORD-SLUMP-10777,2023-05-20,2023-05,CUST-1083,PROD-119,EMP-1003,REG-05,Enterprise Partner,1,3812.21,0.37,2401.69,2113.49,288.2,3242.28,Completed
ORD-SLUMP-10778,2023-05-20,2023-05,CUST-1127,PROD-115,EMP-1007,REG-02,Field Sales,4,1380.78,0.22,4308.03,3791.07,516.96,5815.84,Completed
ORD-SLUMP-10779,2023-05-21,2023-05,CUST-1187,PROD-104,EMP-1025,REG-04,Enterprise Partner,4,3399.88,0.35,8839.69,7778.93,1060.76,11933.58,Completed
ORD-SLUMP-10780,2023-05-21,2023-05,CUST-1152,PROD-116,EMP-1002,REG-03,Enterprise Partner,5,3085.78,0.28,11108.81,9775.75,1333.06,14996.89,Completed
ORD-SLUMP-10781,2023-05-21,2023-05,CUST-1131,PROD-105,EMP-1020,REG-05,Direct Online,2,4013.71,0.33,5378.37,4732.97,645.4,7260.8,Completed
ORD-SLUMP-10782,2023-05-22,2023-05,CUST-1078,PROD-101,EMP-1025,REG-03,Field Sales,2,2897.32,0.32,3940.36,3467.52,472.84,5319.49,Completed
ORD-SLUMP-10783,2023-05-22,2023-05,CUST-1202,PROD-107,EMP-1022,REG-04,Enterprise Partner,3,1034.97,0.24,2359.73,2076.56,283.17,3185.64,Completed
ORD-SLUMP-10784,2023-05-22,2023-05,CUST-1241,PROD-113,EMP-1016,REG-04,Field Sales,2,1379.3,0.39,1682.75,1480.82,201.93,2271.71,Completed
ORD-SLUMP-10785,2023-05-22,2023-05,CUST-1159,PROD-117,EMP-1027,REG-04,Retail Store,1,4156.98,0.32,2826.75,2487.54,339.21,3816.11,Completed
ORD-SLUMP-10786,2023-05-22,2023-05,CUST-1187,PROD-113,EMP-1014,REG-03,Direct Online,6,3648.78,0.4,13135.61,11559.34,1576.27,17733.07,Completed
ORD-SLUMP-10787,2023-05-22,2023-05,CUST-1120,PROD-114,EMP-1022,REG-05,Direct Online,4,2045.4,0.3,5727.12,5039.87,687.25,7731.61,Completed
ORD-SLUMP-10788,2023-05-23,2023-05,CUST-1088,PROD-112,EMP-1001,REG-05,Field Sales,7,4387.09,0.23,23646.42,20808.85,2837.57,31922.67,Completed
ORD-SLUMP-10789,2023-05-23,2023-05,CUST-1132,PROD-104,EMP-1011,REG-01,Field Sales,4,2890.73,0.3,8094.04,7122.76,971.28,10926.95,Completed
ORD-SLUMP-10790,2023-05-23,2023-05,CUST-1088,PROD-104,EMP-1011,REG-05,Retail Store,4,1175.91,0.36,3010.33,2649.09,361.24,4063.95,Completed
ORD-SLUMP-10791,2023-05-23,2023-05,CUST-1223,PROD-105,EMP-1024,REG-04,Retail Store,2,1204.16,0.26,1782.16,1568.3,213.86,2405.92,Completed
ORD-SLUMP-10792,2023-05-23,2023-05,CUST-1008,PROD-108,EMP-1019,REG-03,Retail Store,4,4213.86,0.26,12473.03,10976.27,1496.76,16838.59,Completed
ORD-SLUMP-10793,2023-05-23,2023-05,CUST-1050,PROD-101,EMP-1023,REG-01,Direct Online,2,3628.56,0.29,5152.56,4534.25,618.31,6955.96,Completed
ORD-SLUMP-10794,2023-05-23,2023-05,CUST-1214,PROD-117,EMP-1007,REG-01,Retail Store,1,2523.45,0.21,1993.53,1754.31,239.22,2691.27,Completed
ORD-SLUMP-10795,2023-05-23,2023-05,CUST-1272,PROD-115,EMP-1010,REG-01,Field Sales,7,2895.43,0.21,16011.73,14090.32,1921.41,21615.84,Completed
ORD-SLUMP-10796,2023-05-24,2023-05,CUST-1177,PROD-105,EMP-1028,REG-02,Field Sales,1,1379.93,0.34,910.75,801.46,109.29,1229.51,Completed
ORD-SLUMP-10797,2023-05-25,2023-05,CUST-1002,PROD-112,EMP-1005,REG-04,Direct Online,5,1425.56,0.34,4704.35,4139.83,564.52,6350.87,Completed
ORD-SLUMP-10798,2023-05-25,2023-05,CUST-1202,PROD-105,EMP-1017,REG-04,Retail Store,6,2062.88,0.38,7673.91,6753.04,920.87,10359.78,Completed
ORD-SLUMP-10799,2023-05-25,2023-05,CUST-1256,PROD-105,EMP-1004,REG-05,Retail Store,7,1464.28,0.23,7892.47,6945.37,947.1,10654.83,Completed
ORD-SLUMP-10800,2023-05-25,2023-05,CUST-1092,PROD-114,EMP-1022,REG-05,Enterprise Partner,7,2908.59,0.34,13437.69,11825.17,1612.52,18140.88,Completed
ORD-SLUMP-10801,2023-05-25,2023-05,CUST-1277,PROD-103,EMP-1014,REG-02,Enterprise Partner,4,1540.43,0.34,4066.74,3578.73,488.01,5490.1,Completed
ORD-SLUMP-10802,2023-05-25,2023-05,CUST-1033,PROD-104,EMP-1027,REG-01,Enterprise Partner,7,3186.65,0.37,14053.13,12366.75,1686.38,18971.73,Completed
ORD-SLUMP-10803,2023-05-26,2023-05,CUST-1099,PROD-109,EMP-1007,REG-02,Field Sales,4,3949.07,0.33,10583.51,9313.49,1270.02,14287.74,Completed
ORD-SLUMP-10804,2023-05-26,2023-05,CUST-1211,PROD-114,EMP-1029,REG-03,Retail Store,6,3172.59,0.21,15038.08,13233.51,1804.57,20301.41,Completed
ORD-SLUMP-10805,2023-05-26,2023-05,CUST-1011,PROD-119,EMP-1005,REG-01,Retail Store,4,3232.54,0.28,9309.72,8192.55,1117.17,12568.12,Completed
ORD-SLUMP-10806,2023-05-26,2023-05,CUST-1034,PROD-115,EMP-1003,REG-05,Direct Online,2,3880.78,0.2,6209.25,5464.14,745.11,8382.49,Completed
ORD-SLUMP-10807,2023-05-27,2023-05,CUST-1292,PROD-113,EMP-1021,REG-04,Enterprise Partner,1,3536.07,0.38,2192.36,1929.28,263.08,2959.69,Completed
ORD-SLUMP-10808,2023-05-27,2023-05,CUST-1194,PROD-104,EMP-1014,REG-04,Enterprise Partner,2,2967.99,0.3,4155.19,3656.57,498.62,5609.51,Completed
ORD-SLUMP-10809,2023-05-27,2023-05,CUST-1123,PROD-106,EMP-1025,REG-01,Retail Store,7,1188.51,0.33,5574.11,4905.22,668.89,7525.05,Completed
ORD-SLUMP-10810,2023-05-27,2023-05,CUST-1008,PROD-111,EMP-1019,REG-03,Field Sales,2,1921.49,0.37,2421.08,2130.55,290.53,3268.46,Completed
ORD-SLUMP-10811,2023-05-28,2023-05,CUST-1215,PROD-116,EMP-1012,REG-02,Direct Online,6,1826.09,0.22,8546.1,7520.57,1025.53,11537.24,Completed
ORD-SLUMP-10812,2023-05-28,2023-05,CUST-1225,PROD-116,EMP-1002,REG-01,Field Sales,4,890.27,0.3,2492.76,2193.63,299.13,3365.23,Completed
ORD-SLUMP-10813,2023-05-28,2023-05,CUST-1026,PROD-109,EMP-1020,REG-04,Direct Online,6,1974.4,0.35,7700.16,6776.14,924.02,10395.22,Completed
ORD-SLUMP-10814,2023-05-28,2023-05,CUST-1009,PROD-109,EMP-1001,REG-04,Field Sales,6,3145.02,0.27,13775.19,12122.17,1653.02,18596.51,Completed
ORD-SLUMP-10815,2023-05-28,2023-05,CUST-1095,PROD-118,EMP-1011,REG-02,Field Sales,1,1587.83,0.33,1063.85,936.19,127.66,1436.2,Completed
ORD-SLUMP-10816,2023-05-28,2023-05,CUST-1085,PROD-101,EMP-1011,REG-04,Enterprise Partner,2,3695.84,0.36,4730.68,4163.0,567.68,6386.42,Completed
ORD-SLUMP-10817,2023-05-28,2023-05,CUST-1081,PROD-106,EMP-1002,REG-01,Direct Online,1,1816.42,0.23,1398.64,1230.8,167.84,1888.16,Completed
ORD-SLUMP-10818,2023-05-28,2023-05,CUST-1140,PROD-117,EMP-1001,REG-03,Enterprise Partner,7,3520.61,0.32,16758.1,14747.13,2010.97,22623.44,Completed
ORD-SLUMP-10819,2023-05-28,2023-05,CUST-1033,PROD-117,EMP-1011,REG-01,Field Sales,1,3138.31,0.4,1882.99,1657.03,225.96,2542.04,Completed
ORD-SLUMP-10820,2023-05-29,2023-05,CUST-1079,PROD-108,EMP-1009,REG-03,Field Sales,2,2781.47,0.36,3560.28,3133.05,427.23,4806.38,Completed
ORD-SLUMP-10821,2023-05-29,2023-05,CUST-1134,PROD-113,EMP-1013,REG-04,Field Sales,3,985.66,0.26,2188.17,1925.59,262.58,2954.03,Completed
ORD-SLUMP-10822,2023-05-29,2023-05,CUST-1029,PROD-113,EMP-1007,REG-04,Field Sales,4,4327.88,0.39,10560.03,9292.83,1267.2,14256.04,Completed
ORD-SLUMP-10823,2023-05-29,2023-05,CUST-1083,PROD-119,EMP-1023,REG-02,Direct Online,2,1040.11,0.33,1393.75,1226.5,167.25,1881.56,Completed
ORD-SLUMP-10824,2023-05-29,2023-05,CUST-1273,PROD-110,EMP-1022,REG-04,Direct Online,1,3206.07,0.39,1955.7,1721.02,234.68,2640.2,Completed
ORD-SLUMP-10825,2023-05-29,2023-05,CUST-1052,PROD-114,EMP-1022,REG-05,Enterprise Partner,7,3138.19,0.38,13619.74,11985.37,1634.37,18386.65,Completed
ORD-SLUMP-10826,2023-05-29,2023-05,CUST-1135,PROD-112,EMP-1017,REG-01,Field Sales,1,3156.67,0.37,1988.7,1750.06,238.64,2684.75,Completed
ORD-SLUMP-10827,2023-05-29,2023-05,CUST-1191,PROD-108,EMP-1012,REG-05,Direct Online,5,1828.14,0.29,6489.9,5711.11,778.79,8761.36,Completed
ORD-SLUMP-10828,2023-05-29,2023-05,CUST-1218,PROD-114,EMP-1028,REG-03,Direct Online,3,4219.32,0.39,7721.36,6794.8,926.56,10423.84,Completed
ORD-SLUMP-10829,2023-05-29,2023-05,CUST-1187,PROD-115,EMP-1005,REG-05,Field Sales,6,3214.57,0.31,13308.32,11711.32,1597.0,17966.23,Completed
ORD-SLUMP-10830,2023-05-29,2023-05,CUST-1181,PROD-111,EMP-1023,REG-04,Retail Store,7,1535.8,0.3,7525.42,6622.37,903.05,10159.32,Completed
ORD-SLUMP-10831,2023-05-29,2023-05,CUST-1043,PROD-102,EMP-1023,REG-02,Enterprise Partner,3,4405.36,0.28,9515.58,8373.71,1141.87,12846.03,Completed
ORD-SLUMP-10832,2023-05-30,2023-05,CUST-1273,PROD-118,EMP-1006,REG-03,Retail Store,4,4480.89,0.22,13980.38,12302.73,1677.65,18873.51,Completed
ORD-SLUMP-10833,2023-05-30,2023-05,CUST-1138,PROD-102,EMP-1016,REG-04,Enterprise Partner,3,2545.62,0.3,5345.8,4704.3,641.5,7216.83,Completed
ORD-SLUMP-10834,2023-05-30,2023-05,CUST-1256,PROD-107,EMP-1016,REG-05,Direct Online,3,3367.59,0.28,7273.99,6401.11,872.88,9819.89,Completed
ORD-SLUMP-10835,2023-05-30,2023-05,CUST-1254,PROD-110,EMP-1021,REG-01,Retail Store,5,4362.23,0.36,13959.14,12284.04,1675.1,18844.84,Completed
ORD-SLUMP-10836,2023-05-30,2023-05,CUST-1281,PROD-117,EMP-1002,REG-04,Direct Online,3,2000.36,0.36,3840.69,3379.81,460.88,5184.93,Completed
ORD-SLUMP-10837,2023-05-31,2023-05,CUST-1158,PROD-117,EMP-1024,REG-03,Enterprise Partner,1,1083.87,0.32,737.03,648.59,88.44,994.99,Completed
ORD-SLUMP-10838,2023-05-31,2023-05,CUST-1134,PROD-106,EMP-1008,REG-01,Direct Online,6,1993.95,0.38,7417.49,6527.39,890.1,10013.61,Completed
ORD-SLUMP-10839,2023-05-31,2023-05,CUST-1022,PROD-115,EMP-1016,REG-05,Retail Store,1,4081.03,0.21,3224.01,2837.13,386.88,4352.41,Completed
ORD-SLUMP-10840,2023-05-31,2023-05,CUST-1289,PROD-114,EMP-1028,REG-02,Field Sales,3,2977.54,0.24,6788.79,5974.14,814.65,9164.87,Completed
ORD-SLUMP-10841,2023-06-01,2023-06,CUST-1230,PROD-114,EMP-1023,REG-04,Direct Online,4,1495.79,0.35,3889.05,3422.36,466.69,5250.22,Completed
ORD-SLUMP-10842,2023-06-01,2023-06,CUST-1029,PROD-112,EMP-1029,REG-01,Field Sales,4,3488.9,0.37,8792.03,7736.99,1055.04,11869.24,Completed
ORD-SLUMP-10843,2023-06-01,2023-06,CUST-1133,PROD-110,EMP-1022,REG-01,Retail Store,2,2813.77,0.4,3376.52,2971.34,405.18,4558.3,Completed
ORD-SLUMP-10844,2023-06-01,2023-06,CUST-1142,PROD-109,EMP-1019,REG-04,Field Sales,5,3749.33,0.22,14622.39,12867.7,1754.69,19740.23,Completed
ORD-SLUMP-10845,2023-06-01,2023-06,CUST-1183,PROD-109,EMP-1016,REG-01,Enterprise Partner,2,1049.29,0.32,1427.03,1255.79,171.24,1926.49,Completed
ORD-SLUMP-10846,2023-06-01,2023-06,CUST-1158,PROD-104,EMP-1016,REG-02,Enterprise Partner,5,1063.76,0.28,3829.54,3370.0,459.54,5169.88,Completed
ORD-SLUMP-10847,2023-06-01,2023-06,CUST-1187,PROD-112,EMP-1017,REG-01,Field Sales,7,4375.9,0.23,23586.1,20755.77,2830.33,31841.24,Completed
ORD-SLUMP-10848,2023-06-01,2023-06,CUST-1155,PROD-106,EMP-1009,REG-01,Field Sales,7,2777.69,0.26,14388.43,12661.82,1726.61,19424.38,Completed
ORD-SLUMP-10849,2023-06-02,2023-06,CUST-1205,PROD-118,EMP-1028,REG-03,Direct Online,4,1919.3,0.24,5834.67,5134.51,700.16,7876.8,Completed
ORD-SLUMP-10850,2023-06-03,2023-06,CUST-1290,PROD-102,EMP-1011,REG-04,Enterprise Partner,4,2452.06,0.39,5983.03,5265.07,717.96,8077.09,Completed
ORD-SLUMP-10851,2023-06-03,2023-06,CUST-1020,PROD-104,EMP-1013,REG-02,Retail Store,1,1251.23,0.28,900.89,792.78,108.11,1216.2,Completed
ORD-SLUMP-10852,2023-06-03,2023-06,CUST-1065,PROD-113,EMP-1027,REG-04,Direct Online,5,1709.58,0.36,5470.66,4814.18,656.48,7385.39,Completed
ORD-SLUMP-10853,2023-06-03,2023-06,CUST-1057,PROD-102,EMP-1003,REG-04,Direct Online,4,4107.95,0.25,12323.85,10844.99,1478.86,16637.2,Completed
ORD-SLUMP-10854,2023-06-04,2023-06,CUST-1218,PROD-114,EMP-1002,REG-02,Enterprise Partner,6,3172.84,0.23,14658.52,12899.5,1759.02,19789.0,Completed
ORD-SLUMP-10855,2023-06-04,2023-06,CUST-1083,PROD-117,EMP-1029,REG-02,Enterprise Partner,4,4261.3,0.23,13124.8,11549.82,1574.98,17718.48,Completed
ORD-SLUMP-10856,2023-06-04,2023-06,CUST-1088,PROD-103,EMP-1004,REG-04,Retail Store,3,2564.58,0.36,4923.99,4333.11,590.88,6647.39,Completed
ORD-SLUMP-10857,2023-06-04,2023-06,CUST-1220,PROD-119,EMP-1011,REG-03,Enterprise Partner,7,2391.01,0.34,11046.47,9720.89,1325.58,14912.73,Completed
ORD-SLUMP-10858,2023-06-04,2023-06,CUST-1035,PROD-103,EMP-1027,REG-04,Retail Store,3,2309.14,0.26,5126.29,4511.14,615.15,6920.49,Completed
ORD-SLUMP-10859,2023-06-04,2023-06,CUST-1040,PROD-107,EMP-1029,REG-05,Retail Store,4,3601.52,0.33,9652.07,8493.82,1158.25,13030.29,Completed
ORD-SLUMP-10860,2023-06-05,2023-06,CUST-1093,PROD-110,EMP-1019,REG-02,Field Sales,6,1075.23,0.33,4322.42,3803.73,518.69,5835.27,Completed
ORD-SLUMP-10861,2023-06-05,2023-06,CUST-1214,PROD-112,EMP-1020,REG-01,Direct Online,6,3411.08,0.35,13303.21,11706.82,1596.39,17959.33,Completed
ORD-SLUMP-10862,2023-06-05,2023-06,CUST-1230,PROD-106,EMP-1026,REG-02,Field Sales,1,2455.19,0.4,1473.11,1296.34,176.77,1988.7,Completed
ORD-SLUMP-10863,2023-06-06,2023-06,CUST-1192,PROD-109,EMP-1003,REG-01,Field Sales,6,2430.35,0.36,9332.54,8212.64,1119.9,12598.93,Completed
ORD-SLUMP-10864,2023-06-06,2023-06,CUST-1049,PROD-114,EMP-1011,REG-03,Retail Store,4,3095.49,0.37,7800.63,6864.55,936.08,10530.85,Completed
ORD-SLUMP-10865,2023-06-06,2023-06,CUST-1154,PROD-103,EMP-1021,REG-01,Retail Store,7,940.91,0.34,4347.0,3825.36,521.64,5868.45,Completed
ORD-SLUMP-10866,2023-06-06,2023-06,CUST-1287,PROD-105,EMP-1015,REG-02,Direct Online,5,1330.36,0.29,4722.78,4156.05,566.73,6375.75,Completed
ORD-SLUMP-10867,2023-06-06,2023-06,CUST-1019,PROD-110,EMP-1023,REG-05,Retail Store,2,3209.06,0.39,3915.05,3445.24,469.81,5285.32,Completed
ORD-SLUMP-10868,2023-06-06,2023-06,CUST-1240,PROD-114,EMP-1004,REG-02,Enterprise Partner,6,4005.11,0.21,18984.22,16706.11,2278.11,25628.7,Completed
ORD-SLUMP-10869,2023-06-06,2023-06,CUST-1085,PROD-102,EMP-1006,REG-02,Enterprise Partner,1,2870.23,0.26,2123.97,1869.09,254.88,2867.36,Completed
ORD-SLUMP-10870,2023-06-06,2023-06,CUST-1283,PROD-119,EMP-1024,REG-03,Field Sales,2,3320.67,0.23,5113.83,4500.17,613.66,6903.67,Completed
ORD-SLUMP-10871,2023-06-06,2023-06,CUST-1047,PROD-105,EMP-1001,REG-01,Field Sales,3,3562.3,0.23,8228.91,7241.44,987.47,11109.03,Completed
ORD-SLUMP-10872,2023-06-07,2023-06,CUST-1082,PROD-107,EMP-1010,REG-02,Retail Store,7,3742.07,0.28,18860.03,16596.83,2263.2,25461.04,Completed
ORD-SLUMP-10873,2023-06-07,2023-06,CUST-1169,PROD-105,EMP-1023,REG-01,Field Sales,6,1666.05,0.4,5997.78,5278.05,719.73,8097.0,Completed
ORD-SLUMP-10874,2023-06-07,2023-06,CUST-1041,PROD-105,EMP-1018,REG-05,Enterprise Partner,5,4022.06,0.3,14077.21,12387.94,1689.27,19004.23,Completed
ORD-SLUMP-10875,2023-06-08,2023-06,CUST-1144,PROD-107,EMP-1007,REG-04,Direct Online,5,4426.22,0.36,14163.9,12464.23,1699.67,19121.26,Completed
ORD-SLUMP-10876,2023-06-08,2023-06,CUST-1113,PROD-112,EMP-1007,REG-05,Direct Online,1,3843.08,0.25,2882.31,2536.43,345.88,3891.12,Completed
ORD-SLUMP-10877,2023-06-09,2023-06,CUST-1280,PROD-113,EMP-1015,REG-05,Retail Store,6,2240.44,0.3,9409.85,8280.67,1129.18,12703.3,Completed
ORD-SLUMP-10878,2023-06-09,2023-06,CUST-1156,PROD-103,EMP-1014,REG-02,Enterprise Partner,5,2268.25,0.27,8279.11,7285.62,993.49,11176.8,Completed
ORD-SLUMP-10879,2023-06-09,2023-06,CUST-1204,PROD-105,EMP-1011,REG-05,Enterprise Partner,3,4429.56,0.27,9700.74,8536.65,1164.09,13096.0,Completed
ORD-SLUMP-10880,2023-06-09,2023-06,CUST-1151,PROD-110,EMP-1021,REG-03,Enterprise Partner,6,2089.82,0.39,7648.74,6730.89,917.85,10325.8,Completed
ORD-SLUMP-10881,2023-06-09,2023-06,CUST-1282,PROD-109,EMP-1012,REG-04,Field Sales,1,2110.64,0.22,1646.3,1448.74,197.56,2222.5,Completed
ORD-SLUMP-10882,2023-06-09,2023-06,CUST-1293,PROD-116,EMP-1023,REG-02,Enterprise Partner,4,1408.65,0.35,3662.49,3222.99,439.5,4944.36,Completed
ORD-SLUMP-10883,2023-06-09,2023-06,CUST-1278,PROD-107,EMP-1020,REG-02,Retail Store,3,3517.63,0.33,7070.44,6221.99,848.45,9545.09,Completed
ORD-SLUMP-10884,2023-06-09,2023-06,CUST-1200,PROD-112,EMP-1017,REG-03,Direct Online,6,1811.73,0.3,7609.27,6696.16,913.11,10272.51,Completed
ORD-SLUMP-10885,2023-06-10,2023-06,CUST-1221,PROD-101,EMP-1007,REG-05,Retail Store,3,2520.21,0.22,5897.29,5189.62,707.67,7961.34,Completed
ORD-SLUMP-10886,2023-06-10,2023-06,CUST-1083,PROD-101,EMP-1022,REG-02,Enterprise Partner,2,1343.41,0.38,1665.83,1465.93,199.9,2248.87,Completed
ORD-SLUMP-10887,2023-06-10,2023-06,CUST-1004,PROD-117,EMP-1026,REG-05,Retail Store,3,4491.47,0.28,9701.58,8537.39,1164.19,13097.13,Completed
ORD-SLUMP-10888,2023-06-10,2023-06,CUST-1220,PROD-109,EMP-1001,REG-05,Enterprise Partner,2,4255.92,0.38,5277.34,4644.06,633.28,7124.41,Completed
ORD-SLUMP-10889,2023-06-10,2023-06,CUST-1082,PROD-119,EMP-1005,REG-05,Field Sales,5,1448.34,0.34,4779.52,4205.98,573.54,6452.35,Completed
ORD-SLUMP-10890,2023-06-10,2023-06,CUST-1073,PROD-114,EMP-1011,REG-02,Field Sales,5,3347.88,0.27,12219.76,10753.39,1466.37,16496.68,Completed
ORD-SLUMP-10891,2023-06-11,2023-06,CUST-1024,PROD-105,EMP-1015,REG-05,Direct Online,4,3058.55,0.28,8808.62,7751.59,1057.03,11891.64,Completed
ORD-SLUMP-10892,2023-06-11,2023-06,CUST-1078,PROD-112,EMP-1022,REG-02,Field Sales,7,3307.39,0.22,18058.35,15891.35,2167.0,24378.77,Completed
ORD-SLUMP-10893,2023-06-11,2023-06,CUST-1215,PROD-103,EMP-1024,REG-05,Direct Online,4,1570.18,0.28,4522.12,3979.47,542.65,6104.86,Completed
ORD-SLUMP-10894,2023-06-11,2023-06,CUST-1102,PROD-107,EMP-1002,REG-01,Field Sales,1,3001.71,0.25,2251.28,1981.13,270.15,3039.23,Completed
ORD-SLUMP-10895,2023-06-11,2023-06,CUST-1280,PROD-108,EMP-1027,REG-02,Retail Store,7,3487.31,0.28,17576.04,15466.92,2109.12,23727.65,Completed
ORD-SLUMP-10896,2023-06-11,2023-06,CUST-1158,PROD-105,EMP-1011,REG-05,Enterprise Partner,2,3541.64,0.29,5029.13,4425.63,603.5,6789.33,Completed
ORD-SLUMP-10897,2023-06-12,2023-06,CUST-1211,PROD-107,EMP-1009,REG-01,Field Sales,5,1099.4,0.28,3957.84,3482.9,474.94,5343.08,Completed
ORD-SLUMP-10898,2023-06-12,2023-06,CUST-1273,PROD-106,EMP-1018,REG-02,Retail Store,3,2888.96,0.35,5633.47,4957.45,676.02,7605.18,Completed
ORD-SLUMP-10899,2023-06-12,2023-06,CUST-1043,PROD-103,EMP-1019,REG-05,Field Sales,2,1068.64,0.25,1602.96,1410.6,192.36,2164.0,Completed
ORD-SLUMP-10900,2023-06-12,2023-06,CUST-1224,PROD-117,EMP-1021,REG-01,Direct Online,2,2293.8,0.23,3532.45,3108.56,423.89,4768.81,Completed
ORD-SLUMP-10901,2023-06-12,2023-06,CUST-1106,PROD-106,EMP-1025,REG-05,Enterprise Partner,4,4184.01,0.32,11380.51,10014.85,1365.66,15363.69,Completed
ORD-SLUMP-10902,2023-06-12,2023-06,CUST-1052,PROD-109,EMP-1003,REG-03,Retail Store,5,4206.12,0.23,16193.56,14250.33,1943.23,21861.31,Completed
ORD-SLUMP-10903,2023-06-13,2023-06,CUST-1262,PROD-112,EMP-1001,REG-04,Enterprise Partner,6,1743.75,0.39,6382.12,5616.27,765.85,8615.86,Completed
ORD-SLUMP-10904,2023-06-13,2023-06,CUST-1213,PROD-107,EMP-1017,REG-01,Enterprise Partner,3,1461.6,0.36,2806.27,2469.52,336.75,3788.46,Completed
ORD-SLUMP-10905,2023-06-13,2023-06,CUST-1042,PROD-101,EMP-1017,REG-01,Direct Online,2,2516.75,0.39,3070.44,2701.99,368.45,4145.09,Completed
ORD-SLUMP-10906,2023-06-13,2023-06,CUST-1057,PROD-105,EMP-1020,REG-05,Enterprise Partner,4,3221.53,0.37,8118.26,7144.07,974.19,10959.65,Completed
ORD-SLUMP-10907,2023-06-14,2023-06,CUST-1124,PROD-108,EMP-1014,REG-04,Direct Online,1,4457.75,0.31,3075.85,2706.75,369.1,4152.4,Completed
ORD-SLUMP-10908,2023-06-14,2023-06,CUST-1176,PROD-117,EMP-1005,REG-01,Direct Online,4,3665.55,0.27,10703.41,9419.0,1284.41,14449.6,Completed
ORD-SLUMP-10909,2023-06-14,2023-06,CUST-1164,PROD-103,EMP-1007,REG-04,Enterprise Partner,1,1286.65,0.2,1029.32,905.8,123.52,1389.58,Completed
ORD-SLUMP-10910,2023-06-14,2023-06,CUST-1093,PROD-107,EMP-1006,REG-03,Enterprise Partner,6,1903.72,0.21,9023.63,7940.79,1082.84,12181.9,Completed
ORD-SLUMP-10911,2023-06-14,2023-06,CUST-1194,PROD-113,EMP-1014,REG-01,Field Sales,7,3021.7,0.23,16286.96,14332.52,1954.44,21987.4,Completed
ORD-SLUMP-10912,2023-06-14,2023-06,CUST-1216,PROD-104,EMP-1016,REG-03,Direct Online,6,4193.07,0.35,16352.97,14390.61,1962.36,22076.51,Completed
ORD-SLUMP-10913,2023-06-14,2023-06,CUST-1243,PROD-114,EMP-1028,REG-02,Direct Online,1,2282.12,0.3,1597.48,1405.78,191.7,2156.6,Completed
ORD-SLUMP-10914,2023-06-14,2023-06,CUST-1041,PROD-107,EMP-1009,REG-03,Direct Online,5,3924.94,0.25,14718.53,12952.31,1766.22,19870.02,Completed
ORD-SLUMP-10915,2023-06-14,2023-06,CUST-1022,PROD-109,EMP-1002,REG-05,Direct Online,3,4063.25,0.4,7313.85,6436.19,877.66,9873.7,Completed
ORD-SLUMP-10916,2023-06-14,2023-06,CUST-1212,PROD-111,EMP-1020,REG-05,Direct Online,4,4391.02,0.21,13875.62,12210.55,1665.07,18732.09,Completed
ORD-SLUMP-10917,2023-06-14,2023-06,CUST-1132,PROD-104,EMP-1004,REG-01,Direct Online,5,2173.53,0.3,7607.36,6694.48,912.88,10269.94,Completed
ORD-SLUMP-10918,2023-06-14,2023-06,CUST-1240,PROD-112,EMP-1001,REG-05,Direct Online,1,3842.08,0.33,2574.19,2265.29,308.9,3475.16,Completed
ORD-SLUMP-10919,2023-06-15,2023-06,CUST-1054,PROD-106,EMP-1014,REG-04,Field Sales,3,3788.01,0.36,7272.98,6400.22,872.76,9818.52,Completed
ORD-SLUMP-10920,2023-06-15,2023-06,CUST-1000,PROD-109,EMP-1023,REG-02,Enterprise Partner,5,1527.67,0.22,5957.91,5242.96,714.95,8043.18,Completed
ORD-SLUMP-10921,2023-06-15,2023-06,CUST-1254,PROD-113,EMP-1014,REG-05,Direct Online,6,2740.74,0.28,11840.0,10419.2,1420.8,15984.0,Completed
ORD-SLUMP-10922,2023-06-15,2023-06,CUST-1147,PROD-109,EMP-1007,REG-01,Enterprise Partner,3,1872.33,0.23,4325.08,3806.07,519.01,5838.86,Completed
ORD-SLUMP-10923,2023-06-15,2023-06,CUST-1182,PROD-115,EMP-1010,REG-04,Field Sales,6,2606.59,0.3,10947.68,9633.96,1313.72,14779.37,Completed
ORD-SLUMP-10924,2023-06-15,2023-06,CUST-1029,PROD-116,EMP-1028,REG-01,Direct Online,7,2769.3,0.36,12406.46,10917.68,1488.78,16748.72,Completed
ORD-SLUMP-10925,2023-06-15,2023-06,CUST-1211,PROD-102,EMP-1004,REG-04,Field Sales,5,2763.1,0.31,9532.7,8388.78,1143.92,12869.15,Completed
ORD-SLUMP-10926,2023-06-15,2023-06,CUST-1172,PROD-109,EMP-1018,REG-02,Enterprise Partner,6,1227.77,0.29,5230.3,4602.66,627.64,7060.91,Completed
ORD-SLUMP-10927,2023-06-16,2023-06,CUST-1236,PROD-103,EMP-1023,REG-02,Field Sales,1,2305.19,0.29,1636.68,1440.28,196.4,2209.52,Completed
ORD-SLUMP-10928,2023-06-16,2023-06,CUST-1223,PROD-112,EMP-1010,REG-04,Retail Store,7,3864.78,0.4,16232.08,14284.23,1947.85,21913.31,Completed
ORD-SLUMP-10929,2023-06-16,2023-06,CUST-1043,PROD-119,EMP-1007,REG-03,Retail Store,4,3181.65,0.4,7635.96,6719.64,916.32,10308.55,Completed
ORD-SLUMP-10930,2023-06-16,2023-06,CUST-1101,PROD-105,EMP-1014,REG-04,Direct Online,6,3334.13,0.21,15803.78,13907.33,1896.45,21335.1,Completed
ORD-SLUMP-10931,2023-06-16,2023-06,CUST-1121,PROD-105,EMP-1018,REG-03,Retail Store,7,3593.01,0.25,18863.3,16599.7,2263.6,25465.46,Completed
ORD-SLUMP-10932,2023-06-16,2023-06,CUST-1057,PROD-102,EMP-1012,REG-03,Enterprise Partner,3,2544.39,0.29,5419.55,4769.2,650.35,7316.39,Completed
ORD-SLUMP-10933,2023-06-17,2023-06,CUST-1257,PROD-119,EMP-1008,REG-01,Field Sales,5,4126.04,0.32,14028.54,12345.12,1683.42,18938.53,Completed
ORD-SLUMP-10934,2023-06-17,2023-06,CUST-1189,PROD-119,EMP-1015,REG-02,Enterprise Partner,2,1541.63,0.22,2404.94,2116.35,288.59,3246.67,Completed
ORD-SLUMP-10935,2023-06-17,2023-06,CUST-1156,PROD-104,EMP-1017,REG-03,Direct Online,6,4066.63,0.31,16835.85,14815.55,2020.3,22728.4,Completed
ORD-SLUMP-10936,2023-06-17,2023-06,CUST-1204,PROD-115,EMP-1025,REG-03,Direct Online,7,3485.49,0.37,15371.01,13526.49,1844.52,20750.86,Completed
ORD-SLUMP-10937,2023-06-18,2023-06,CUST-1016,PROD-101,EMP-1016,REG-01,Field Sales,6,2394.8,0.22,11207.66,9862.74,1344.92,15130.34,Completed
ORD-SLUMP-10938,2023-06-18,2023-06,CUST-1212,PROD-105,EMP-1003,REG-03,Direct Online,7,2324.01,0.35,10574.25,9305.34,1268.91,14275.24,Completed
ORD-SLUMP-10939,2023-06-18,2023-06,CUST-1090,PROD-117,EMP-1013,REG-03,Field Sales,5,3469.69,0.24,13184.82,11602.64,1582.18,17799.51,Completed
ORD-SLUMP-10940,2023-06-18,2023-06,CUST-1023,PROD-107,EMP-1015,REG-01,Retail Store,2,2880.12,0.27,4204.98,3700.38,504.6,5676.72,Completed
ORD-SLUMP-10941,2023-06-19,2023-06,CUST-1119,PROD-113,EMP-1007,REG-02,Enterprise Partner,2,4250.26,0.39,5185.32,4563.08,622.24,7000.18,Completed
ORD-SLUMP-10942,2023-06-19,2023-06,CUST-1175,PROD-101,EMP-1002,REG-01,Enterprise Partner,6,811.5,0.3,3408.3,2999.3,409.0,4601.21,Completed
ORD-SLUMP-10943,2023-06-19,2023-06,CUST-1198,PROD-104,EMP-1028,REG-01,Enterprise Partner,7,2427.29,0.22,13253.0,11662.64,1590.36,17891.55,Completed
ORD-SLUMP-10944,2023-06-19,2023-06,CUST-1089,PROD-114,EMP-1007,REG-01,Retail Store,6,3952.55,0.25,17786.48,15652.1,2134.38,24011.75,Completed
ORD-SLUMP-10945,2023-06-19,2023-06,CUST-1141,PROD-119,EMP-1022,REG-02,Field Sales,2,803.11,0.29,1140.42,1003.57,136.85,1539.57,Completed
ORD-SLUMP-10946,2023-06-19,2023-06,CUST-1215,PROD-108,EMP-1014,REG-05,Retail Store,3,3320.1,0.36,6374.59,5609.64,764.95,8605.7,Completed
ORD-SLUMP-10947,2023-06-20,2023-06,CUST-1018,PROD-110,EMP-1006,REG-04,Field Sales,2,3408.52,0.27,4976.44,4379.27,597.17,6718.19,Completed
ORD-SLUMP-10948,2023-06-20,2023-06,CUST-1277,PROD-117,EMP-1010,REG-01,Retail Store,4,1966.68,0.36,5034.7,4430.54,604.16,6796.84,Completed
ORD-SLUMP-10949,2023-06-20,2023-06,CUST-1064,PROD-110,EMP-1019,REG-05,Direct Online,2,4346.61,0.26,6432.98,5661.02,771.96,8684.52,Completed
ORD-SLUMP-10950,2023-06-20,2023-06,CUST-1219,PROD-119,EMP-1019,REG-04,Field Sales,5,2864.88,0.29,10170.32,8949.88,1220.44,13729.93,Completed
ORD-SLUMP-10951,2023-06-20,2023-06,CUST-1145,PROD-112,EMP-1003,REG-01,Field Sales,1,3861.93,0.24,2935.07,2582.86,352.21,3962.34,Completed
ORD-SLUMP-10952,2023-06-21,2023-06,CUST-1273,PROD-118,EMP-1022,REG-01,Field Sales,7,1045.47,0.23,5635.08,4958.87,676.21,7607.36,Completed
ORD-SLUMP-10953,2023-06-21,2023-06,CUST-1188,PROD-107,EMP-1015,REG-02,Enterprise Partner,4,997.93,0.22,3113.54,2739.92,373.62,4203.28,Completed
ORD-SLUMP-10954,2023-06-21,2023-06,CUST-1177,PROD-106,EMP-1013,REG-01,Retail Store,6,3542.72,0.29,15091.99,13280.95,1811.04,20374.19,Completed
ORD-SLUMP-10955,2023-06-21,2023-06,CUST-1142,PROD-109,EMP-1013,REG-01,Field Sales,2,1775.6,0.22,2769.94,2437.55,332.39,3739.42,Completed
ORD-SLUMP-10956,2023-06-22,2023-06,CUST-1067,PROD-113,EMP-1006,REG-01,Retail Store,3,1508.0,0.35,2940.6,2587.73,352.87,3969.81,Completed
ORD-SLUMP-10957,2023-06-23,2023-06,CUST-1000,PROD-111,EMP-1008,REG-05,Field Sales,3,4266.7,0.23,9856.08,8673.35,1182.73,13305.71,Completed
ORD-SLUMP-10958,2023-06-23,2023-06,CUST-1114,PROD-101,EMP-1016,REG-01,Direct Online,4,2267.92,0.3,6350.18,5588.16,762.02,8572.74,Completed
ORD-SLUMP-10959,2023-06-23,2023-06,CUST-1257,PROD-110,EMP-1024,REG-02,Direct Online,7,3997.32,0.23,21545.55,18960.08,2585.47,29086.49,Completed
ORD-SLUMP-10960,2023-06-23,2023-06,CUST-1099,PROD-114,EMP-1001,REG-02,Retail Store,2,2635.09,0.34,3478.32,3060.92,417.4,4695.73,Completed
ORD-SLUMP-10961,2023-06-24,2023-06,CUST-1153,PROD-114,EMP-1009,REG-04,Retail Store,2,1924.73,0.27,2810.11,2472.9,337.21,3793.65,Completed
ORD-SLUMP-10962,2023-06-24,2023-06,CUST-1065,PROD-109,EMP-1003,REG-02,Field Sales,5,3162.28,0.21,12491.01,10992.09,1498.92,16862.86,Completed
ORD-SLUMP-10963,2023-06-24,2023-06,CUST-1278,PROD-103,EMP-1009,REG-04,Enterprise Partner,6,1802.56,0.23,8327.83,7328.49,999.34,11242.57,Completed
ORD-SLUMP-10964,2023-06-24,2023-06,CUST-1248,PROD-117,EMP-1001,REG-03,Field Sales,1,1796.74,0.27,1311.62,1154.23,157.39,1770.69,Completed
ORD-SLUMP-10965,2023-06-24,2023-06,CUST-1115,PROD-104,EMP-1005,REG-04,Enterprise Partner,4,1293.83,0.36,3312.2,2914.74,397.46,4471.47,Completed
ORD-SLUMP-10966,2023-06-24,2023-06,CUST-1198,PROD-116,EMP-1029,REG-04,Enterprise Partner,6,3455.29,0.34,13682.95,12041.0,1641.95,18471.98,Completed
ORD-SLUMP-10967,2023-06-25,2023-06,CUST-1072,PROD-117,EMP-1025,REG-03,Enterprise Partner,5,3451.26,0.36,11044.03,9718.75,1325.28,14909.44,Completed
ORD-SLUMP-10968,2023-06-25,2023-06,CUST-1203,PROD-109,EMP-1013,REG-03,Direct Online,7,1099.52,0.38,4771.92,4199.29,572.63,6442.09,Completed
ORD-SLUMP-10969,2023-06-25,2023-06,CUST-1122,PROD-105,EMP-1018,REG-04,Enterprise Partner,5,805.1,0.37,2536.06,2231.73,304.33,3423.68,Completed
ORD-SLUMP-10970,2023-06-25,2023-06,CUST-1190,PROD-119,EMP-1002,REG-03,Direct Online,3,1872.6,0.28,4044.82,3559.44,485.38,5460.51,Completed
ORD-SLUMP-10971,2023-06-26,2023-06,CUST-1110,PROD-106,EMP-1029,REG-03,Retail Store,2,2246.06,0.3,3144.48,2767.14,377.34,4245.05,Completed
ORD-SLUMP-10972,2023-06-26,2023-06,CUST-1277,PROD-110,EMP-1006,REG-03,Enterprise Partner,1,1294.0,0.34,854.04,751.56,102.48,1152.95,Completed
ORD-SLUMP-10973,2023-06-26,2023-06,CUST-1085,PROD-105,EMP-1023,REG-02,Field Sales,5,1255.17,0.39,3828.27,3368.88,459.39,5168.16,Completed
ORD-SLUMP-10974,2023-06-27,2023-06,CUST-1216,PROD-116,EMP-1002,REG-04,Retail Store,6,954.86,0.29,4067.7,3579.58,488.12,5491.4,Completed
ORD-SLUMP-10975,2023-06-27,2023-06,CUST-1270,PROD-108,EMP-1009,REG-03,Field Sales,1,3469.99,0.25,2602.49,2290.19,312.3,3513.36,Completed
ORD-SLUMP-10976,2023-06-27,2023-06,CUST-1128,PROD-119,EMP-1012,REG-02,Field Sales,6,1006.42,0.28,4347.73,3826.0,521.73,5869.44,Completed
ORD-SLUMP-10977,2023-06-27,2023-06,CUST-1148,PROD-103,EMP-1002,REG-01,Field Sales,4,3617.06,0.27,10561.82,9294.4,1267.42,14258.46,Completed
ORD-SLUMP-10978,2023-06-28,2023-06,CUST-1175,PROD-111,EMP-1003,REG-02,Retail Store,6,1815.42,0.27,7951.54,6997.36,954.18,10734.58,Completed
ORD-SLUMP-10979,2023-06-28,2023-06,CUST-1018,PROD-110,EMP-1017,REG-03,Direct Online,7,3222.68,0.34,14888.78,13102.13,1786.65,20099.85,Completed
ORD-SLUMP-10980,2023-06-28,2023-06,CUST-1157,PROD-111,EMP-1017,REG-02,Retail Store,5,2928.78,0.26,10836.49,9536.11,1300.38,14629.26,Completed
ORD-SLUMP-10981,2023-06-28,2023-06,CUST-1021,PROD-119,EMP-1001,REG-04,Direct Online,4,1098.21,0.32,2987.13,2628.67,358.46,4032.63,Completed
ORD-SLUMP-10982,2023-06-28,2023-06,CUST-1075,PROD-108,EMP-1004,REG-04,Retail Store,4,3556.29,0.31,9815.36,8637.52,1177.84,13250.74,Completed
ORD-SLUMP-10983,2023-06-28,2023-06,CUST-1100,PROD-114,EMP-1009,REG-02,Retail Store,7,3291.99,0.36,14748.12,12978.35,1769.77,19909.96,Completed
ORD-SLUMP-10984,2023-06-28,2023-06,CUST-1290,PROD-118,EMP-1011,REG-05,Direct Online,3,3738.38,0.26,8299.2,7303.3,995.9,11203.92,Completed
ORD-SLUMP-10985,2023-06-29,2023-06,CUST-1256,PROD-111,EMP-1002,REG-02,Direct Online,6,2503.1,0.34,9912.28,8722.81,1189.47,13381.58,Completed
ORD-SLUMP-10986,2023-06-29,2023-06,CUST-1213,PROD-118,EMP-1004,REG-02,Field Sales,5,800.1,0.31,2760.34,2429.1,331.24,3726.46,Completed
ORD-SLUMP-10987,2023-06-29,2023-06,CUST-1290,PROD-119,EMP-1006,REG-04,Enterprise Partner,2,2890.1,0.26,4277.35,3764.07,513.28,5774.42,Completed
ORD-SLUMP-10988,2023-06-29,2023-06,CUST-1040,PROD-108,EMP-1021,REG-02,Direct Online,3,1000.61,0.31,2071.26,1822.71,248.55,2796.2,Completed
ORD-SLUMP-10989,2023-06-29,2023-06,CUST-1289,PROD-101,EMP-1020,REG-04,Enterprise Partner,4,3599.5,0.27,10510.54,9249.28,1261.26,14189.23,Completed
ORD-SLUMP-10990,2023-06-29,2023-06,CUST-1260,PROD-117,EMP-1020,REG-03,Direct Online,7,1868.76,0.28,9418.55,8288.32,1130.23,12715.04,Completed
ORD-SLUMP-10991,2023-06-29,2023-06,CUST-1023,PROD-115,EMP-1022,REG-02,Enterprise Partner,5,1417.42,0.32,4819.23,4240.92,578.31,6505.96,Completed
ORD-SLUMP-10992,2023-06-29,2023-06,CUST-1099,PROD-112,EMP-1007,REG-03,Enterprise Partner,5,1844.2,0.24,7007.96,6167.0,840.96,9460.75,Completed
ORD-SLUMP-10993,2023-06-29,2023-06,CUST-1223,PROD-114,EMP-1015,REG-04,Retail Store,1,2616.68,0.2,2093.34,1842.14,251.2,2826.01,Completed
ORD-SLUMP-10994,2023-06-29,2023-06,CUST-1124,PROD-118,EMP-1006,REG-01,Direct Online,1,3897.47,0.25,2923.1,2572.33,350.77,3946.18,Completed
ORD-SLUMP-10995,2023-06-29,2023-06,CUST-1113,PROD-110,EMP-1007,REG-05,Direct Online,5,1660.98,0.26,6145.63,5408.15,737.48,8296.6,Completed
ORD-SLUMP-10996,2023-06-29,2023-06,CUST-1028,PROD-115,EMP-1008,REG-05,Direct Online,1,1721.8,0.26,1274.13,1121.23,152.9,1720.08,Completed
ORD-SLUMP-10997,2023-06-30,2023-06,CUST-1048,PROD-114,EMP-1016,REG-04,Direct Online,6,1657.99,0.26,7361.48,6478.1,883.38,9938.0,Completed
ORD-SLUMP-10998,2023-06-30,2023-06,CUST-1215,PROD-107,EMP-1019,REG-04,Field Sales,4,2352.38,0.28,6774.85,5961.87,812.98,9146.05,Completed
ORD-SLUMP-10999,2023-06-30,2023-06,CUST-1108,PROD-116,EMP-1008,REG-03,Direct Online,4,1012.83,0.25,3038.49,2673.87,364.62,4101.96,Completed
ORD-SLUMP-11000,2023-06-30,2023-06,CUST-1067,PROD-107,EMP-1010,REG-01,Enterprise Partner,6,2108.94,0.36,8098.33,7126.53,971.8,10932.75,Completed
ORD-SLUMP-11001,2023-06-30,2023-06,CUST-1261,PROD-111,EMP-1017,REG-04,Field Sales,4,1207.12,0.31,3331.65,2931.85,399.8,4497.73,Completed
ORD-SLUMP-11002,2023-06-30,2023-06,CUST-1090,PROD-112,EMP-1011,REG-04,Enterprise Partner,2,3166.06,0.28,4559.13,4012.03,547.1,6154.83,Completed
ORD-SLUMP-11003,2023-06-30,2023-06,CUST-1193,PROD-110,EMP-1023,REG-05,Enterprise Partner,3,4235.63,0.22,9911.37,8722.01,1189.36,13380.35,Completed
ORD-SLUMP-11004,2023-06-30,2023-06,CUST-1208,PROD-105,EMP-1009,REG-03,Field Sales,3,2076.88,0.37,3925.3,3454.26,471.04,5299.16,Completed
ORD-SLUMP-11005,2023-07-01,2023-07,CUST-1129,PROD-102,EMP-1019,REG-02,Field Sales,3,1669.1,0.23,3855.62,3392.95,462.67,5205.09,Completed
ORD-SLUMP-11006,2023-07-01,2023-07,CUST-1155,PROD-104,EMP-1010,REG-03,Field Sales,3,3821.99,0.23,8828.8,7769.34,1059.46,11918.88,Completed
ORD-SLUMP-11007,2023-07-01,2023-07,CUST-1179,PROD-119,EMP-1015,REG-05,Retail Store,4,3455.87,0.2,11058.78,9731.73,1327.05,14929.35,Completed
ORD-SLUMP-11008,2023-07-01,2023-07,CUST-1018,PROD-102,EMP-1006,REG-01,Field Sales,7,1738.14,0.36,7786.87,6852.45,934.42,10512.27,Completed
ORD-SLUMP-11009,2023-07-01,2023-07,CUST-1248,PROD-102,EMP-1007,REG-04,Enterprise Partner,7,2225.51,0.26,11528.14,10144.76,1383.38,15562.99,Completed
ORD-SLUMP-11010,2023-07-01,2023-07,CUST-1129,PROD-104,EMP-1010,REG-01,Field Sales,2,1524.05,0.3,2133.67,1877.63,256.04,2880.45,Completed
ORD-SLUMP-11011,2023-07-01,2023-07,CUST-1089,PROD-103,EMP-1022,REG-01,Enterprise Partner,3,856.28,0.31,1772.5,1559.8,212.7,2392.88,Completed
ORD-SLUMP-11012,2023-07-01,2023-07,CUST-1283,PROD-115,EMP-1003,REG-05,Enterprise Partner,2,4217.8,0.37,5314.43,4676.7,637.73,7174.48,Completed
ORD-SLUMP-11013,2023-07-02,2023-07,CUST-1294,PROD-119,EMP-1012,REG-04,Enterprise Partner,1,3767.01,0.3,2636.91,2320.48,316.43,3559.83,Completed
ORD-SLUMP-11014,2023-07-02,2023-07,CUST-1101,PROD-117,EMP-1007,REG-01,Enterprise Partner,7,2211.8,0.26,11457.12,10082.27,1374.85,15467.11,Completed
ORD-SLUMP-11015,2023-07-02,2023-07,CUST-1025,PROD-109,EMP-1001,REG-05,Field Sales,6,2861.51,0.39,10473.13,9216.35,1256.78,14138.73,Completed
ORD-SLUMP-11016,2023-07-02,2023-07,CUST-1227,PROD-107,EMP-1024,REG-05,Direct Online,4,1325.65,0.24,4029.98,3546.38,483.6,5440.47,Completed
ORD-SLUMP-11017,2023-07-02,2023-07,CUST-1154,PROD-117,EMP-1016,REG-03,Direct Online,2,2976.12,0.22,4642.75,4085.62,557.13,6267.71,Completed
ORD-SLUMP-11018,2023-07-03,2023-07,CUST-1265,PROD-112,EMP-1022,REG-02,Direct Online,7,2385.47,0.25,12523.72,11020.87,1502.85,16907.02,Completed
ORD-SLUMP-11019,2023-07-03,2023-07,CUST-1235,PROD-104,EMP-1017,REG-01,Enterprise Partner,6,852.63,0.27,3734.52,3286.38,448.14,5041.6,Completed
ORD-SLUMP-11020,2023-07-03,2023-07,CUST-1164,PROD-119,EMP-1008,REG-05,Direct Online,4,4290.49,0.39,10468.8,9212.54,1256.26,14132.88,Completed
ORD-SLUMP-11021,2023-07-03,2023-07,CUST-1225,PROD-106,EMP-1026,REG-03,Field Sales,7,2019.38,0.39,8622.75,7588.02,1034.73,11640.71,Completed
ORD-SLUMP-11022,2023-07-03,2023-07,CUST-1286,PROD-117,EMP-1003,REG-05,Direct Online,5,4181.44,0.3,14635.04,12878.84,1756.2,19757.3,Completed
ORD-SLUMP-11023,2023-07-03,2023-07,CUST-1079,PROD-104,EMP-1014,REG-01,Field Sales,3,1369.72,0.28,2958.6,2603.57,355.03,3994.11,Completed
ORD-SLUMP-11024,2023-07-03,2023-07,CUST-1198,PROD-113,EMP-1012,REG-02,Retail Store,7,2464.49,0.24,13111.09,11537.76,1573.33,17699.97,Completed
ORD-SLUMP-11025,2023-07-03,2023-07,CUST-1029,PROD-115,EMP-1002,REG-04,Direct Online,1,2707.43,0.39,1651.53,1453.35,198.18,2229.57,Completed
ORD-SLUMP-11026,2023-07-04,2023-07,CUST-1067,PROD-101,EMP-1005,REG-05,Retail Store,6,830.61,0.36,3189.54,2806.8,382.74,4305.88,Completed
ORD-SLUMP-11027,2023-07-04,2023-07,CUST-1163,PROD-109,EMP-1028,REG-01,Direct Online,3,3341.16,0.24,7617.84,6703.7,914.14,10284.08,Completed
ORD-SLUMP-11028,2023-07-04,2023-07,CUST-1111,PROD-110,EMP-1026,REG-02,Direct Online,2,3457.58,0.31,4771.46,4198.88,572.58,6441.47,Completed
ORD-SLUMP-11029,2023-07-04,2023-07,CUST-1182,PROD-112,EMP-1005,REG-04,Retail Store,4,3257.43,0.22,10163.18,8943.6,1219.58,13720.29,Completed
ORD-SLUMP-11030,2023-07-04,2023-07,CUST-1106,PROD-119,EMP-1001,REG-04,Field Sales,6,960.81,0.31,3977.75,3500.42,477.33,5369.96,Completed
ORD-SLUMP-11031,2023-07-04,2023-07,CUST-1287,PROD-102,EMP-1028,REG-05,Enterprise Partner,5,4126.05,0.31,14234.87,12526.69,1708.18,19217.07,Completed
ORD-SLUMP-11032,2023-07-05,2023-07,CUST-1081,PROD-118,EMP-1026,REG-04,Enterprise Partner,6,3725.43,0.24,16987.96,14949.4,2038.56,22933.75,Completed
ORD-SLUMP-11033,2023-07-05,2023-07,CUST-1159,PROD-116,EMP-1026,REG-02,Direct Online,6,1827.73,0.39,6689.49,5886.75,802.74,9030.81,Completed
ORD-SLUMP-11034,2023-07-05,2023-07,CUST-1004,PROD-116,EMP-1023,REG-03,Field Sales,7,4260.63,0.32,20280.6,17846.93,2433.67,27378.81,Completed
ORD-SLUMP-11035,2023-07-05,2023-07,CUST-1254,PROD-101,EMP-1023,REG-04,Direct Online,3,997.74,0.24,2274.85,2001.87,272.98,3071.05,Completed
ORD-SLUMP-11036,2023-07-05,2023-07,CUST-1086,PROD-118,EMP-1026,REG-03,Direct Online,7,3433.21,0.24,18264.68,16072.92,2191.76,24657.32,Completed
ORD-SLUMP-11037,2023-07-05,2023-07,CUST-1154,PROD-118,EMP-1007,REG-01,Field Sales,5,1908.09,0.26,7059.93,6212.74,847.19,9530.91,Completed
ORD-SLUMP-11038,2023-07-05,2023-07,CUST-1013,PROD-109,EMP-1005,REG-02,Enterprise Partner,3,2602.64,0.22,6090.18,5359.36,730.82,8221.74,Completed
ORD-SLUMP-11039,2023-07-06,2023-07,CUST-1030,PROD-101,EMP-1023,REG-03,Direct Online,3,4079.49,0.26,9056.47,7969.69,1086.78,12226.23,Completed
ORD-SLUMP-11040,2023-07-06,2023-07,CUST-1211,PROD-116,EMP-1016,REG-04,Enterprise Partner,7,3378.19,0.26,17499.02,15399.14,2099.88,23623.68,Completed
ORD-SLUMP-11041,2023-07-06,2023-07,CUST-1078,PROD-118,EMP-1005,REG-01,Retail Store,2,3134.77,0.4,3761.72,3310.31,451.41,5078.32,Completed
ORD-SLUMP-11042,2023-07-06,2023-07,CUST-1002,PROD-112,EMP-1021,REG-04,Field Sales,7,2742.4,0.27,14013.66,12332.02,1681.64,18918.44,Completed
ORD-SLUMP-11043,2023-07-06,2023-07,CUST-1279,PROD-112,EMP-1021,REG-05,Retail Store,3,3478.71,0.36,6679.12,5877.63,801.49,9016.81,Completed
ORD-SLUMP-11044,2023-07-07,2023-07,CUST-1173,PROD-117,EMP-1002,REG-01,Field Sales,6,3672.29,0.35,14321.93,12603.3,1718.63,19334.61,Completed
ORD-SLUMP-11045,2023-07-07,2023-07,CUST-1252,PROD-114,EMP-1025,REG-04,Field Sales,4,2771.62,0.27,8093.13,7121.95,971.18,10925.73,Completed
ORD-SLUMP-11046,2023-07-07,2023-07,CUST-1227,PROD-107,EMP-1024,REG-05,Direct Online,3,1768.54,0.27,3873.1,3408.33,464.77,5228.69,Completed
ORD-SLUMP-11047,2023-07-07,2023-07,CUST-1203,PROD-104,EMP-1026,REG-05,Retail Store,6,3958.41,0.23,18287.85,16093.31,2194.54,24688.6,Completed
ORD-SLUMP-11048,2023-07-07,2023-07,CUST-1254,PROD-103,EMP-1004,REG-05,Retail Store,4,4371.1,0.26,12938.46,11385.84,1552.62,17466.92,Completed
ORD-SLUMP-11049,2023-07-08,2023-07,CUST-1032,PROD-105,EMP-1014,REG-02,Field Sales,1,3808.12,0.21,3008.41,2647.4,361.01,4061.35,Completed
ORD-SLUMP-11050,2023-07-08,2023-07,CUST-1206,PROD-113,EMP-1014,REG-03,Enterprise Partner,1,2418.08,0.24,1837.74,1617.21,220.53,2480.95,Completed
ORD-SLUMP-11051,2023-07-08,2023-07,CUST-1171,PROD-114,EMP-1012,REG-05,Enterprise Partner,3,1876.74,0.39,3434.43,3022.3,412.13,4636.48,Completed
ORD-SLUMP-11052,2023-07-08,2023-07,CUST-1217,PROD-108,EMP-1026,REG-01,Retail Store,7,1347.09,0.34,6223.56,5476.73,746.83,8401.81,Completed
ORD-SLUMP-11053,2023-07-08,2023-07,CUST-1180,PROD-102,EMP-1017,REG-01,Field Sales,2,1902.29,0.33,2549.07,2243.18,305.89,3441.24,Completed
ORD-SLUMP-11054,2023-07-08,2023-07,CUST-1032,PROD-108,EMP-1014,REG-04,Direct Online,5,4374.84,0.29,15530.68,13667.0,1863.68,20966.42,Completed
ORD-SLUMP-11055,2023-07-10,2023-07,CUST-1117,PROD-113,EMP-1004,REG-02,Direct Online,7,3877.21,0.3,18998.33,16718.53,2279.8,25647.75,Completed
ORD-SLUMP-11056,2023-07-10,2023-07,CUST-1036,PROD-101,EMP-1005,REG-02,Retail Store,4,1111.73,0.24,3379.66,2974.1,405.56,4562.54,Completed
ORD-SLUMP-11057,2023-07-10,2023-07,CUST-1036,PROD-107,EMP-1013,REG-01,Direct Online,4,3591.4,0.36,9193.98,8090.7,1103.28,12411.87,Completed
ORD-SLUMP-11058,2023-07-11,2023-07,CUST-1284,PROD-105,EMP-1008,REG-03,Enterprise Partner,5,3124.88,0.33,10468.35,9212.15,1256.2,14132.27,Completed
ORD-SLUMP-11059,2023-07-11,2023-07,CUST-1101,PROD-112,EMP-1011,REG-03,Retail Store,5,3408.21,0.34,11247.09,9897.44,1349.65,15183.57,Completed
ORD-SLUMP-11060,2023-07-11,2023-07,CUST-1105,PROD-106,EMP-1025,REG-01,Enterprise Partner,6,1174.64,0.22,5497.32,4837.64,659.68,7421.38,Completed
ORD-SLUMP-11061,2023-07-11,2023-07,CUST-1069,PROD-101,EMP-1010,REG-02,Field Sales,3,1332.47,0.38,2478.39,2180.98,297.41,3345.83,Completed
ORD-SLUMP-11062,2023-07-11,2023-07,CUST-1096,PROD-111,EMP-1013,REG-02,Field Sales,1,3958.12,0.33,2651.94,2333.71,318.23,3580.12,Completed
ORD-SLUMP-11063,2023-07-11,2023-07,CUST-1137,PROD-105,EMP-1018,REG-02,Direct Online,3,1263.64,0.33,2539.92,2235.13,304.79,3428.89,Completed
ORD-SLUMP-11064,2023-07-11,2023-07,CUST-1205,PROD-119,EMP-1002,REG-03,Direct Online,5,1361.89,0.26,5038.99,4434.31,604.68,6802.64,Completed
ORD-SLUMP-11065,2023-07-11,2023-07,CUST-1097,PROD-119,EMP-1028,REG-05,Enterprise Partner,3,2787.49,0.27,6104.6,5372.05,732.55,8241.21,Completed
ORD-SLUMP-11066,2023-07-12,2023-07,CUST-1296,PROD-111,EMP-1014,REG-05,Direct Online,4,4229.91,0.31,11674.55,10273.6,1400.95,15760.64,Completed
ORD-SLUMP-11067,2023-07-12,2023-07,CUST-1017,PROD-106,EMP-1012,REG-03,Direct Online,6,3429.54,0.2,16461.79,14486.38,1975.41,22223.42,Completed
ORD-SLUMP-11068,2023-07-12,2023-07,CUST-1026,PROD-103,EMP-1002,REG-04,Retail Store,4,3550.54,0.22,11077.68,9748.36,1329.32,14954.87,Completed
ORD-SLUMP-11069,2023-07-13,2023-07,CUST-1029,PROD-111,EMP-1017,REG-03,Enterprise Partner,1,2001.07,0.31,1380.74,1215.05,165.69,1864.0,Completed
ORD-SLUMP-11070,2023-07-13,2023-07,CUST-1090,PROD-118,EMP-1019,REG-03,Direct Online,6,2853.95,0.32,11644.12,10246.83,1397.29,15719.56,Completed
ORD-SLUMP-11071,2023-07-13,2023-07,CUST-1069,PROD-112,EMP-1022,REG-05,Retail Store,3,2834.54,0.38,5272.24,4639.57,632.67,7117.52,Completed
ORD-SLUMP-11072,2023-07-13,2023-07,CUST-1077,PROD-112,EMP-1016,REG-05,Direct Online,2,1774.33,0.25,2661.5,2342.12,319.38,3593.02,Completed
ORD-SLUMP-11073,2023-07-13,2023-07,CUST-1276,PROD-105,EMP-1028,REG-02,Direct Online,6,2774.08,0.3,11651.14,10253.0,1398.14,15729.04,Completed
ORD-SLUMP-11074,2023-07-13,2023-07,CUST-1111,PROD-112,EMP-1016,REG-01,Enterprise Partner,7,1268.16,0.34,5858.9,5155.83,703.07,7909.52,Completed
ORD-SLUMP-11075,2023-07-14,2023-07,CUST-1245,PROD-114,EMP-1026,REG-04,Field Sales,7,2472.51,0.29,12288.37,10813.77,1474.6,16589.3,Completed
ORD-SLUMP-11076,2023-07-14,2023-07,CUST-1100,PROD-112,EMP-1020,REG-04,Retail Store,6,3687.49,0.34,14602.46,12850.16,1752.3,19713.32,Completed
ORD-SLUMP-11077,2023-07-14,2023-07,CUST-1280,PROD-110,EMP-1024,REG-02,Direct Online,7,1026.75,0.34,4743.58,4174.35,569.23,6403.83,Completed
ORD-SLUMP-11078,2023-07-14,2023-07,CUST-1180,PROD-108,EMP-1016,REG-05,Field Sales,4,1527.66,0.26,4521.87,3979.25,542.62,6104.52,Completed
ORD-SLUMP-11079,2023-07-14,2023-07,CUST-1185,PROD-107,EMP-1006,REG-02,Direct Online,4,1222.93,0.34,3228.54,2841.12,387.42,4358.53,Completed
ORD-SLUMP-11080,2023-07-14,2023-07,CUST-1161,PROD-111,EMP-1012,REG-02,Field Sales,3,2618.68,0.37,4949.31,4355.39,593.92,6681.57,Completed
ORD-SLUMP-11081,2023-07-14,2023-07,CUST-1178,PROD-117,EMP-1023,REG-04,Retail Store,4,1149.64,0.34,3035.05,2670.84,364.21,4097.32,Completed
ORD-SLUMP-11082,2023-07-14,2023-07,CUST-1071,PROD-104,EMP-1025,REG-03,Field Sales,4,3645.6,0.38,9041.09,7956.16,1084.93,12205.47,Completed
ORD-SLUMP-11083,2023-07-14,2023-07,CUST-1215,PROD-113,EMP-1014,REG-01,Direct Online,2,2730.4,0.35,3549.52,3123.58,425.94,4791.85,Completed
ORD-SLUMP-11084,2023-07-15,2023-07,CUST-1119,PROD-104,EMP-1027,REG-01,Field Sales,4,4081.2,0.36,10447.87,9194.13,1253.74,14104.62,Completed
ORD-SLUMP-11085,2023-07-15,2023-07,CUST-1211,PROD-102,EMP-1001,REG-04,Enterprise Partner,1,2943.16,0.33,1971.92,1735.29,236.63,2662.09,Completed
ORD-SLUMP-11086,2023-07-15,2023-07,CUST-1017,PROD-104,EMP-1025,REG-01,Direct Online,6,3807.99,0.37,14394.2,12666.9,1727.3,19432.17,Completed
ORD-SLUMP-11087,2023-07-15,2023-07,CUST-1186,PROD-117,EMP-1009,REG-01,Direct Online,5,865.95,0.2,3463.8,3048.14,415.66,4676.13,Completed
ORD-SLUMP-11088,2023-07-15,2023-07,CUST-1206,PROD-106,EMP-1026,REG-05,Retail Store,3,1004.83,0.31,2080.0,1830.4,249.6,2808.0,Completed
ORD-SLUMP-11089,2023-07-15,2023-07,CUST-1072,PROD-116,EMP-1021,REG-03,Retail Store,1,2005.47,0.28,1443.94,1270.67,173.27,1949.32,Completed
ORD-SLUMP-11090,2023-07-16,2023-07,CUST-1298,PROD-101,EMP-1012,REG-05,Retail Store,6,1076.4,0.26,4779.22,4205.71,573.51,6451.95,Completed
ORD-SLUMP-11091,2023-07-16,2023-07,CUST-1117,PROD-116,EMP-1029,REG-03,Retail Store,2,2733.27,0.33,3662.58,3223.07,439.51,4944.48,Completed
ORD-SLUMP-11092,2023-07-16,2023-07,CUST-1218,PROD-103,EMP-1013,REG-01,Enterprise Partner,6,818.59,0.27,3585.42,3155.17,430.25,4840.32,Completed
ORD-SLUMP-11093,2023-07-16,2023-07,CUST-1039,PROD-116,EMP-1010,REG-05,Enterprise Partner,7,4397.72,0.35,20009.63,17608.47,2401.16,27013.0,Completed
ORD-SLUMP-11094,2023-07-16,2023-07,CUST-1205,PROD-104,EMP-1008,REG-01,Enterprise Partner,6,1615.35,0.36,6202.94,5458.59,744.35,8373.97,Completed
ORD-SLUMP-11095,2023-07-16,2023-07,CUST-1249,PROD-103,EMP-1018,REG-05,Retail Store,1,2323.72,0.28,1673.08,1472.31,200.77,2258.66,Completed
ORD-SLUMP-11096,2023-07-16,2023-07,CUST-1252,PROD-108,EMP-1015,REG-03,Retail Store,5,2305.61,0.36,7377.95,6492.6,885.35,9960.23,Completed
ORD-SLUMP-11097,2023-07-17,2023-07,CUST-1200,PROD-118,EMP-1026,REG-01,Enterprise Partner,6,1371.46,0.33,5513.27,4851.68,661.59,7442.91,Completed
ORD-SLUMP-11098,2023-07-17,2023-07,CUST-1085,PROD-102,EMP-1018,REG-04,Enterprise Partner,5,2136.8,0.31,7371.96,6487.32,884.64,9952.15,Completed
ORD-SLUMP-11099,2023-07-17,2023-07,CUST-1146,PROD-118,EMP-1015,REG-02,Enterprise Partner,5,2189.51,0.36,7006.43,6165.66,840.77,9458.68,Completed
ORD-SLUMP-11100,2023-07-17,2023-07,CUST-1118,PROD-113,EMP-1028,REG-04,Retail Store,5,3592.92,0.26,13293.8,11698.54,1595.26,17946.63,Completed
ORD-SLUMP-11101,2023-07-17,2023-07,CUST-1124,PROD-109,EMP-1023,REG-02,Retail Store,7,2981.64,0.35,13566.46,11938.48,1627.98,18314.72,Completed
ORD-SLUMP-11102,2023-07-17,2023-07,CUST-1073,PROD-119,EMP-1025,REG-04,Direct Online,1,1391.12,0.24,1057.25,930.38,126.87,1427.29,Completed
ORD-SLUMP-11103,2023-07-17,2023-07,CUST-1254,PROD-102,EMP-1013,REG-02,Field Sales,4,1257.92,0.35,3270.59,2878.12,392.47,4415.3,Completed
ORD-SLUMP-11104,2023-07-17,2023-07,CUST-1297,PROD-116,EMP-1010,REG-02,Retail Store,3,2415.53,0.38,4492.89,3953.74,539.15,6065.4,Completed
ORD-SLUMP-11105,2023-07-17,2023-07,CUST-1079,PROD-113,EMP-1028,REG-03,Enterprise Partner,4,2267.08,0.26,6710.56,5905.29,805.27,9059.26,Completed
ORD-SLUMP-11106,2023-07-18,2023-07,CUST-1273,PROD-115,EMP-1010,REG-05,Retail Store,2,1329.97,0.32,1808.76,1591.71,217.05,2441.83,Completed
ORD-SLUMP-11107,2023-07-18,2023-07,CUST-1165,PROD-107,EMP-1025,REG-05,Retail Store,1,2101.5,0.35,1365.98,1202.06,163.92,1844.07,Completed
ORD-SLUMP-11108,2023-07-19,2023-07,CUST-1224,PROD-115,EMP-1027,REG-04,Retail Store,3,1949.55,0.24,4444.97,3911.57,533.4,6000.71,Completed
ORD-SLUMP-11109,2023-07-19,2023-07,CUST-1156,PROD-103,EMP-1017,REG-02,Retail Store,2,3783.13,0.4,4539.76,3994.99,544.77,6128.68,Completed
ORD-SLUMP-11110,2023-07-19,2023-07,CUST-1247,PROD-118,EMP-1007,REG-02,Retail Store,4,4300.99,0.39,10494.42,9235.09,1259.33,14167.47,Completed
ORD-SLUMP-11111,2023-07-19,2023-07,CUST-1209,PROD-103,EMP-1014,REG-03,Direct Online,5,1665.58,0.31,5746.25,5056.7,689.55,7757.44,Completed
ORD-SLUMP-11112,2023-07-19,2023-07,CUST-1181,PROD-102,EMP-1011,REG-04,Field Sales,4,1669.14,0.27,4873.89,4289.02,584.87,6579.75,Completed
ORD-SLUMP-11113,2023-07-19,2023-07,CUST-1001,PROD-104,EMP-1009,REG-02,Direct Online,7,1527.26,0.37,6735.22,5926.99,808.23,9092.55,Completed
ORD-SLUMP-11114,2023-07-20,2023-07,CUST-1237,PROD-102,EMP-1024,REG-04,Field Sales,6,3573.56,0.38,13293.64,11698.4,1595.24,17946.41,Completed
ORD-SLUMP-11115,2023-07-20,2023-07,CUST-1163,PROD-105,EMP-1016,REG-03,Field Sales,7,3175.0,0.35,14446.25,12712.7,1733.55,19502.44,Completed
ORD-SLUMP-11116,2023-07-20,2023-07,CUST-1154,PROD-101,EMP-1022,REG-02,Field Sales,3,2811.12,0.28,6072.02,5343.38,728.64,8197.23,Completed
ORD-SLUMP-11117,2023-07-20,2023-07,CUST-1043,PROD-116,EMP-1024,REG-02,Retail Store,4,2238.34,0.36,5730.15,5042.53,687.62,7735.7,Completed
ORD-SLUMP-11118,2023-07-21,2023-07,CUST-1253,PROD-105,EMP-1004,REG-05,Direct Online,2,2748.49,0.3,3847.89,3386.14,461.75,5194.65,Completed
ORD-SLUMP-11119,2023-07-21,2023-07,CUST-1181,PROD-101,EMP-1001,REG-04,Direct Online,2,4408.79,0.39,5378.72,4733.27,645.45,7261.27,Completed
ORD-SLUMP-11120,2023-07-21,2023-07,CUST-1211,PROD-119,EMP-1028,REG-04,Enterprise Partner,6,3901.72,0.3,16387.22,14420.75,1966.47,22122.75,Completed
ORD-SLUMP-11121,2023-07-21,2023-07,CUST-1264,PROD-109,EMP-1026,REG-03,Field Sales,5,3711.3,0.3,12989.55,11430.8,1558.75,17535.89,Completed
ORD-SLUMP-11122,2023-07-21,2023-07,CUST-1014,PROD-103,EMP-1002,REG-03,Enterprise Partner,3,3769.45,0.22,8820.51,7762.05,1058.46,11907.69,Completed
ORD-SLUMP-11123,2023-07-21,2023-07,CUST-1182,PROD-106,EMP-1007,REG-04,Retail Store,2,4107.84,0.31,5668.82,4988.56,680.26,7652.91,Completed
ORD-SLUMP-11124,2023-07-21,2023-07,CUST-1243,PROD-112,EMP-1010,REG-02,Retail Store,5,1367.81,0.22,5334.46,4694.32,640.14,7201.52,Completed
ORD-SLUMP-11125,2023-07-22,2023-07,CUST-1008,PROD-117,EMP-1029,REG-01,Retail Store,4,1876.92,0.39,4579.68,4030.12,549.56,6182.57,Completed
ORD-SLUMP-11126,2023-07-22,2023-07,CUST-1230,PROD-112,EMP-1005,REG-03,Field Sales,2,3652.04,0.29,5185.9,4563.59,622.31,7000.96,Completed
ORD-SLUMP-11127,2023-07-22,2023-07,CUST-1077,PROD-107,EMP-1027,REG-01,Retail Store,5,1798.62,0.22,7014.62,6172.87,841.75,9469.74,Completed
ORD-SLUMP-11128,2023-07-22,2023-07,CUST-1070,PROD-108,EMP-1026,REG-03,Retail Store,5,3533.23,0.37,11129.67,9794.11,1335.56,15025.05,Completed
ORD-SLUMP-11129,2023-07-23,2023-07,CUST-1148,PROD-119,EMP-1005,REG-04,Direct Online,4,2341.31,0.3,6555.67,5768.99,786.68,8850.15,Completed
ORD-SLUMP-11130,2023-07-23,2023-07,CUST-1285,PROD-118,EMP-1029,REG-01,Field Sales,7,3947.57,0.37,17408.78,15319.73,2089.05,23501.85,Completed
ORD-SLUMP-11131,2023-07-23,2023-07,CUST-1154,PROD-103,EMP-1016,REG-02,Direct Online,5,1471.13,0.37,4634.06,4077.97,556.09,6255.98,Completed
ORD-SLUMP-11132,2023-07-23,2023-07,CUST-1269,PROD-111,EMP-1024,REG-05,Enterprise Partner,7,1246.27,0.24,6630.16,5834.54,795.62,8950.72,Completed
ORD-SLUMP-11133,2023-07-23,2023-07,CUST-1053,PROD-101,EMP-1009,REG-03,Direct Online,5,4036.86,0.38,12514.27,11012.56,1501.71,16894.26,Completed
ORD-SLUMP-11134,2023-07-24,2023-07,CUST-1103,PROD-115,EMP-1012,REG-02,Field Sales,2,1584.27,0.36,2027.87,1784.53,243.34,2737.62,Completed
ORD-SLUMP-11135,2023-07-24,2023-07,CUST-1296,PROD-105,EMP-1015,REG-02,Enterprise Partner,5,3483.39,0.38,10798.51,9502.69,1295.82,14577.99,Completed
ORD-SLUMP-11136,2023-07-24,2023-07,CUST-1023,PROD-106,EMP-1011,REG-01,Retail Store,1,1259.12,0.21,994.7,875.34,119.36,1342.85,Completed
ORD-SLUMP-11137,2023-07-24,2023-07,CUST-1010,PROD-115,EMP-1004,REG-01,Enterprise Partner,6,3364.04,0.36,12917.91,11367.76,1550.15,17439.18,Completed
ORD-SLUMP-11138,2023-07-24,2023-07,CUST-1118,PROD-107,EMP-1021,REG-01,Field Sales,7,2292.45,0.29,11393.48,10026.26,1367.22,15381.2,Completed
ORD-SLUMP-11139,2023-07-24,2023-07,CUST-1184,PROD-101,EMP-1017,REG-04,Retail Store,2,4367.52,0.31,6027.18,5303.92,723.26,8136.69,Completed
ORD-SLUMP-11140,2023-07-25,2023-07,CUST-1069,PROD-119,EMP-1012,REG-04,Field Sales,2,2316.16,0.38,2872.04,2527.4,344.64,3877.25,Completed
ORD-SLUMP-11141,2023-07-25,2023-07,CUST-1272,PROD-113,EMP-1011,REG-03,Enterprise Partner,2,3896.53,0.23,6000.66,5280.58,720.08,8100.89,Completed
ORD-SLUMP-11142,2023-07-25,2023-07,CUST-1299,PROD-117,EMP-1027,REG-01,Enterprise Partner,7,2706.02,0.37,11933.55,10501.52,1432.03,16110.29,Completed
ORD-SLUMP-11143,2023-07-25,2023-07,CUST-1090,PROD-109,EMP-1029,REG-03,Field Sales,5,1250.13,0.29,4437.96,3905.4,532.56,5991.25,Completed
ORD-SLUMP-11144,2023-07-26,2023-07,CUST-1282,PROD-108,EMP-1021,REG-03,Direct Online,2,4118.74,0.33,5519.11,4856.82,662.29,7450.8,Completed
ORD-SLUMP-11145,2023-07-26,2023-07,CUST-1141,PROD-109,EMP-1019,REG-05,Retail Store,7,1991.17,0.36,8920.44,7849.99,1070.45,12042.59,Completed
ORD-SLUMP-11146,2023-07-26,2023-07,CUST-1159,PROD-107,EMP-1028,REG-02,Retail Store,7,2261.8,0.32,10766.17,9474.23,1291.94,14534.33,Completed
ORD-SLUMP-11147,2023-07-26,2023-07,CUST-1059,PROD-104,EMP-1002,REG-05,Enterprise Partner,4,1227.79,0.32,3339.59,2938.84,400.75,4508.45,Completed
ORD-SLUMP-11148,2023-07-26,2023-07,CUST-1096,PROD-119,EMP-1022,REG-03,Direct Online,7,2199.85,0.25,11549.21,10163.3,1385.91,15591.43,Completed
ORD-SLUMP-11149,2023-07-26,2023-07,CUST-1207,PROD-119,EMP-1027,REG-03,Retail Store,4,4136.75,0.26,12244.78,10775.41,1469.37,16530.45,Completed
ORD-SLUMP-11150,2023-07-26,2023-07,CUST-1119,PROD-101,EMP-1015,REG-05,Direct Online,6,4246.95,0.34,16817.92,14799.77,2018.15,22704.19,Completed
ORD-SLUMP-11151,2023-07-26,2023-07,CUST-1186,PROD-108,EMP-1028,REG-02,Direct Online,1,2518.11,0.39,1536.05,1351.72,184.33,2073.67,Completed
ORD-SLUMP-11152,2023-07-27,2023-07,CUST-1035,PROD-106,EMP-1004,REG-02,Field Sales,3,2295.53,0.22,5371.54,4726.96,644.58,7251.58,Completed
ORD-SLUMP-11153,2023-07-27,2023-07,CUST-1229,PROD-101,EMP-1014,REG-05,Enterprise Partner,7,2411.33,0.31,11646.72,10249.11,1397.61,15723.07,Completed
ORD-SLUMP-11154,2023-07-27,2023-07,CUST-1118,PROD-119,EMP-1025,REG-02,Retail Store,2,3352.38,0.3,4693.33,4130.13,563.2,6336.0,Completed
ORD-SLUMP-11155,2023-07-27,2023-07,CUST-1003,PROD-115,EMP-1026,REG-04,Enterprise Partner,2,2933.45,0.35,3813.48,3355.86,457.62,5148.2,Completed
ORD-SLUMP-11156,2023-07-27,2023-07,CUST-1272,PROD-106,EMP-1023,REG-02,Direct Online,5,1329.34,0.24,5051.49,4445.31,606.18,6819.51,Completed
ORD-SLUMP-11157,2023-07-27,2023-07,CUST-1031,PROD-118,EMP-1025,REG-04,Field Sales,5,3200.95,0.31,11043.28,9718.09,1325.19,14908.43,Completed
ORD-SLUMP-11158,2023-07-28,2023-07,CUST-1164,PROD-113,EMP-1005,REG-04,Direct Online,1,3202.92,0.28,2306.1,2029.37,276.73,3113.24,Completed
ORD-SLUMP-11159,2023-07-28,2023-07,CUST-1212,PROD-115,EMP-1009,REG-01,Direct Online,2,2807.71,0.32,3818.49,3360.27,458.22,5154.96,Completed
ORD-SLUMP-11160,2023-07-28,2023-07,CUST-1297,PROD-115,EMP-1017,REG-02,Enterprise Partner,7,2840.41,0.33,13321.52,11722.94,1598.58,17984.05,Completed
ORD-SLUMP-11161,2023-07-28,2023-07,CUST-1292,PROD-104,EMP-1007,REG-02,Field Sales,5,932.37,0.31,3216.68,2830.68,386.0,4342.52,Completed
ORD-SLUMP-11162,2023-07-28,2023-07,CUST-1031,PROD-116,EMP-1011,REG-04,Direct Online,6,2714.95,0.23,12543.07,11037.9,1505.17,16933.14,Completed
ORD-SLUMP-11163,2023-07-29,2023-07,CUST-1015,PROD-116,EMP-1006,REG-04,Field Sales,3,2817.0,0.4,5070.6,4462.13,608.47,6845.31,Completed
ORD-SLUMP-11164,2023-07-29,2023-07,CUST-1060,PROD-111,EMP-1021,REG-04,Retail Store,2,3305.11,0.34,4362.75,3839.22,523.53,5889.71,Completed
ORD-SLUMP-11165,2023-07-30,2023-07,CUST-1050,PROD-113,EMP-1012,REG-04,Direct Online,7,2196.86,0.32,10457.05,9202.2,1254.85,14117.02,Completed
ORD-SLUMP-11166,2023-07-30,2023-07,CUST-1159,PROD-102,EMP-1015,REG-02,Enterprise Partner,1,2493.2,0.37,1570.72,1382.23,188.49,2120.47,Completed
ORD-SLUMP-11167,2023-07-30,2023-07,CUST-1261,PROD-117,EMP-1008,REG-02,Direct Online,7,4172.88,0.28,21031.32,18507.56,2523.76,28392.28,Completed
ORD-SLUMP-11168,2023-07-30,2023-07,CUST-1214,PROD-112,EMP-1015,REG-01,Direct Online,1,2363.92,0.37,1489.27,1310.56,178.71,2010.51,Completed
ORD-SLUMP-11169,2023-07-30,2023-07,CUST-1009,PROD-105,EMP-1001,REG-01,Field Sales,1,2603.16,0.28,1874.28,1649.37,224.91,2530.28,Completed
ORD-SLUMP-11170,2023-07-31,2023-07,CUST-1210,PROD-108,EMP-1016,REG-05,Field Sales,2,3289.63,0.22,5131.82,4516.0,615.82,6927.96,Completed
ORD-SLUMP-11171,2023-07-31,2023-07,CUST-1287,PROD-104,EMP-1007,REG-01,Direct Online,7,3412.37,0.23,18392.67,16185.55,2207.12,24830.1,Completed
ORD-SLUMP-11172,2023-07-31,2023-07,CUST-1173,PROD-104,EMP-1023,REG-02,Enterprise Partner,5,3236.93,0.35,10520.02,9257.62,1262.4,14202.03,Completed
ORD-SLUMP-11173,2023-07-31,2023-07,CUST-1173,PROD-104,EMP-1027,REG-02,Enterprise Partner,6,3713.12,0.22,17377.4,15292.11,2085.29,23459.49,Completed
ORD-SLUMP-11174,2023-07-31,2023-07,CUST-1077,PROD-114,EMP-1012,REG-02,Retail Store,6,3422.25,0.29,14578.78,12829.33,1749.45,19681.35,Completed
ORD-SLUMP-11175,2023-07-31,2023-07,CUST-1157,PROD-119,EMP-1009,REG-05,Enterprise Partner,3,1756.61,0.25,3952.37,3478.09,474.28,5335.7,Completed
ORD-SLUMP-11176,2023-07-31,2023-07,CUST-1194,PROD-103,EMP-1008,REG-01,Retail Store,3,4203.67,0.26,9332.15,8212.29,1119.86,12598.4,Completed
ORD-SLUMP-11177,2023-07-31,2023-07,CUST-1159,PROD-107,EMP-1010,REG-02,Field Sales,2,1221.6,0.23,1881.26,1655.51,225.75,2539.7,Completed
ORD-SLUMP-11178,2023-07-31,2023-07,CUST-1003,PROD-109,EMP-1012,REG-05,Retail Store,6,2655.14,0.26,11788.82,10374.16,1414.66,15914.91,Completed
ORD-SLUMP-11179,2023-07-31,2023-07,CUST-1027,PROD-110,EMP-1028,REG-02,Enterprise Partner,4,1979.2,0.37,4987.58,4389.07,598.51,6733.23,Completed
ORD-SLUMP-11180,2023-08-01,2023-08,CUST-1126,PROD-107,EMP-1023,REG-04,Field Sales,7,2789.28,0.25,14643.72,12886.47,1757.25,19769.02,Completed
ORD-SLUMP-11181,2023-08-01,2023-08,CUST-1113,PROD-107,EMP-1012,REG-04,Field Sales,2,2839.27,0.37,3577.48,3148.18,429.3,4829.6,Completed
ORD-SLUMP-11182,2023-08-01,2023-08,CUST-1161,PROD-116,EMP-1022,REG-04,Direct Online,1,1441.01,0.21,1138.4,1001.79,136.61,1536.84,Completed
ORD-SLUMP-11183,2023-08-01,2023-08,CUST-1148,PROD-102,EMP-1024,REG-03,Direct Online,6,3016.94,0.37,11404.03,10035.55,1368.48,15395.44,Completed
ORD-SLUMP-11184,2023-08-01,2023-08,CUST-1226,PROD-113,EMP-1009,REG-01,Field Sales,5,3849.78,0.31,13281.74,11687.93,1593.81,17930.35,Completed
ORD-SLUMP-11185,2023-08-01,2023-08,CUST-1185,PROD-113,EMP-1001,REG-03,Retail Store,1,3783.22,0.4,2269.93,1997.54,272.39,3064.41,Completed
ORD-SLUMP-11186,2023-08-01,2023-08,CUST-1017,PROD-102,EMP-1009,REG-05,Enterprise Partner,4,3647.1,0.38,9044.81,7959.43,1085.38,12210.49,Completed
ORD-SLUMP-11187,2023-08-01,2023-08,CUST-1078,PROD-119,EMP-1004,REG-01,Retail Store,7,2459.79,0.25,12913.9,11364.23,1549.67,17433.76,Completed
ORD-SLUMP-11188,2023-08-02,2023-08,CUST-1253,PROD-113,EMP-1001,REG-02,Direct Online,1,2127.22,0.39,1297.6,1141.89,155.71,1751.76,Completed
ORD-SLUMP-11189,2023-08-02,2023-08,CUST-1117,PROD-119,EMP-1029,REG-02,Enterprise Partner,4,1660.71,0.34,4384.27,3858.16,526.11,5918.76,Completed
ORD-SLUMP-11190,2023-08-02,2023-08,CUST-1128,PROD-104,EMP-1014,REG-01,Retail Store,2,3535.91,0.36,4525.96,3982.84,543.12,6110.05,Completed
ORD-SLUMP-11191,2023-08-02,2023-08,CUST-1045,PROD-118,EMP-1015,REG-04,Retail Store,5,3511.73,0.33,11764.3,10352.58,1411.72,15881.8,Completed
ORD-SLUMP-11192,2023-08-02,2023-08,CUST-1076,PROD-103,EMP-1001,REG-03,Retail Store,2,1210.69,0.36,1549.68,1363.72,185.96,2092.07,Completed
ORD-SLUMP-11193,2023-08-02,2023-08,CUST-1125,PROD-106,EMP-1023,REG-04,Enterprise Partner,1,801.56,0.2,641.25,564.3,76.95,865.69,Completed
ORD-SLUMP-11194,2023-08-02,2023-08,CUST-1016,PROD-103,EMP-1018,REG-04,Field Sales,2,3203.08,0.27,4676.5,4115.32,561.18,6313.28,Completed
ORD-SLUMP-11195,2023-08-03,2023-08,CUST-1272,PROD-101,EMP-1012,REG-02,Direct Online,6,1081.06,0.28,4670.18,4109.76,560.42,6304.74,Completed
ORD-SLUMP-11196,2023-08-03,2023-08,CUST-1066,PROD-112,EMP-1005,REG-03,Field Sales,3,3307.05,0.38,6151.11,5412.98,738.13,8304.0,Completed
ORD-SLUMP-11197,2023-08-04,2023-08,CUST-1058,PROD-113,EMP-1018,REG-01,Enterprise Partner,1,3755.25,0.37,2365.81,2081.91,283.9,3193.84,Completed
ORD-SLUMP-11198,2023-08-04,2023-08,CUST-1000,PROD-114,EMP-1021,REG-03,Field Sales,7,3263.37,0.24,17361.13,15277.79,2083.34,23437.53,Completed
ORD-SLUMP-11199,2023-08-04,2023-08,CUST-1018,PROD-108,EMP-1005,REG-02,Field Sales,1,2125.16,0.34,1402.61,1234.3,168.31,1893.52,Completed
ORD-SLUMP-11200,2023-08-04,2023-08,CUST-1102,PROD-119,EMP-1020,REG-01,Enterprise Partner,2,3658.72,0.26,5414.91,4765.12,649.79,7310.13,Completed
ORD-SLUMP-11201,2023-08-04,2023-08,CUST-1278,PROD-116,EMP-1028,REG-03,Retail Store,1,1122.1,0.27,819.13,720.83,98.3,1105.83,Completed
ORD-SLUMP-11202,2023-08-04,2023-08,CUST-1162,PROD-117,EMP-1006,REG-02,Field Sales,2,3201.37,0.31,4417.89,3887.74,530.15,5964.15,Completed
ORD-SLUMP-11203,2023-08-04,2023-08,CUST-1162,PROD-109,EMP-1016,REG-04,Field Sales,1,3034.01,0.33,2032.79,1788.86,243.93,2744.27,Completed
ORD-SLUMP-11204,2023-08-04,2023-08,CUST-1145,PROD-103,EMP-1016,REG-03,Retail Store,1,1494.24,0.26,1105.74,973.05,132.69,1492.75,Completed
ORD-SLUMP-11205,2023-08-04,2023-08,CUST-1245,PROD-112,EMP-1014,REG-04,Field Sales,2,1375.03,0.2,2200.05,1936.04,264.01,2970.07,Completed
ORD-SLUMP-11206,2023-08-05,2023-08,CUST-1275,PROD-103,EMP-1028,REG-04,Retail Store,2,3456.52,0.21,5461.3,4805.94,655.36,7372.76,Completed
ORD-SLUMP-11207,2023-08-05,2023-08,CUST-1024,PROD-108,EMP-1016,REG-04,Enterprise Partner,2,1911.01,0.21,3019.4,2657.07,362.33,4076.19,Completed
ORD-SLUMP-11208,2023-08-05,2023-08,CUST-1122,PROD-116,EMP-1022,REG-01,Retail Store,4,4097.3,0.36,10489.09,9230.4,1258.69,14160.27,Completed
ORD-SLUMP-11209,2023-08-06,2023-08,CUST-1254,PROD-103,EMP-1003,REG-05,Field Sales,6,3573.84,0.39,13080.25,11510.62,1569.63,17658.34,Completed
ORD-SLUMP-11210,2023-08-06,2023-08,CUST-1033,PROD-118,EMP-1024,REG-04,Direct Online,3,3896.25,0.26,8649.67,7611.71,1037.96,11677.05,Completed
ORD-SLUMP-11211,2023-08-06,2023-08,CUST-1086,PROD-112,EMP-1005,REG-01,Direct Online,2,2952.27,0.31,4074.13,3585.23,488.9,5500.08,Completed
ORD-SLUMP-11212,2023-08-07,2023-08,CUST-1067,PROD-105,EMP-1017,REG-05,Direct Online,3,3487.11,0.32,7113.7,6260.06,853.64,9603.5,Completed
ORD-SLUMP-11213,2023-08-07,2023-08,CUST-1158,PROD-118,EMP-1020,REG-03,Retail Store,6,2561.31,0.39,9374.39,8249.46,1124.93,12655.43,Completed
ORD-SLUMP-11214,2023-08-07,2023-08,CUST-1020,PROD-118,EMP-1006,REG-03,Enterprise Partner,1,3474.55,0.39,2119.48,1865.14,254.34,2861.3,Completed
ORD-SLUMP-11215,2023-08-07,2023-08,CUST-1176,PROD-106,EMP-1014,REG-04,Retail Store,5,995.32,0.39,3035.73,2671.44,364.29,4098.24,Completed
ORD-SLUMP-11216,2023-08-07,2023-08,CUST-1065,PROD-112,EMP-1029,REG-01,Retail Store,7,3787.51,0.32,18028.55,15865.12,2163.43,24338.54,Completed
ORD-SLUMP-11217,2023-08-07,2023-08,CUST-1037,PROD-107,EMP-1029,REG-05,Direct Online,7,3323.15,0.29,16516.06,14534.13,1981.93,22296.68,Completed
ORD-SLUMP-11218,2023-08-07,2023-08,CUST-1062,PROD-105,EMP-1025,REG-01,Field Sales,1,2221.78,0.39,1355.29,1192.66,162.63,1829.64,Completed
ORD-SLUMP-11219,2023-08-08,2023-08,CUST-1280,PROD-105,EMP-1001,REG-04,Direct Online,6,2937.43,0.22,13747.17,12097.51,1649.66,18558.68,Completed
ORD-SLUMP-11220,2023-08-08,2023-08,CUST-1268,PROD-111,EMP-1026,REG-03,Enterprise Partner,4,947.02,0.28,2727.42,2400.13,327.29,3682.02,Completed
ORD-SLUMP-11221,2023-08-08,2023-08,CUST-1048,PROD-117,EMP-1027,REG-05,Enterprise Partner,1,2982.33,0.21,2356.04,2073.32,282.72,3180.65,Completed
ORD-SLUMP-11222,2023-08-08,2023-08,CUST-1092,PROD-105,EMP-1009,REG-02,Direct Online,1,2342.62,0.23,1803.82,1587.36,216.46,2435.16,Completed
ORD-SLUMP-11223,2023-08-08,2023-08,CUST-1216,PROD-112,EMP-1009,REG-03,Direct Online,2,3844.87,0.22,5998.0,5278.24,719.76,8097.3,Completed
ORD-SLUMP-11224,2023-08-08,2023-08,CUST-1190,PROD-108,EMP-1024,REG-05,Direct Online,3,1639.8,0.26,3640.36,3203.52,436.84,4914.49,Completed
ORD-SLUMP-11225,2023-08-08,2023-08,CUST-1204,PROD-118,EMP-1024,REG-04,Direct Online,2,1557.2,0.26,2304.66,2028.1,276.56,3111.29,Completed
ORD-SLUMP-11226,2023-08-08,2023-08,CUST-1293,PROD-118,EMP-1004,REG-01,Field Sales,1,2546.05,0.34,1680.39,1478.74,201.65,2268.53,Completed
ORD-SLUMP-11227,2023-08-08,2023-08,CUST-1043,PROD-115,EMP-1001,REG-03,Field Sales,5,3629.17,0.4,10887.51,9581.01,1306.5,14698.14,Completed
ORD-SLUMP-11228,2023-08-08,2023-08,CUST-1046,PROD-114,EMP-1001,REG-04,Enterprise Partner,2,1103.88,0.21,1744.13,1534.83,209.3,2354.58,Completed
ORD-SLUMP-11229,2023-08-09,2023-08,CUST-1058,PROD-112,EMP-1014,REG-02,Direct Online,1,2272.66,0.38,1409.05,1239.96,169.09,1902.22,Completed
ORD-SLUMP-11230,2023-08-09,2023-08,CUST-1210,PROD-104,EMP-1012,REG-05,Field Sales,2,1295.01,0.25,1942.52,1709.42,233.1,2622.4,Completed
ORD-SLUMP-11231,2023-08-09,2023-08,CUST-1035,PROD-108,EMP-1003,REG-05,Retail Store,7,1008.89,0.2,5649.78,4971.81,677.97,7627.2,Completed
ORD-SLUMP-11232,2023-08-09,2023-08,CUST-1277,PROD-115,EMP-1005,REG-05,Enterprise Partner,6,4029.95,0.37,15233.21,13405.22,1827.99,20564.83,Completed
ORD-SLUMP-11233,2023-08-09,2023-08,CUST-1025,PROD-105,EMP-1015,REG-02,Direct Online,5,2369.62,0.2,9478.48,8341.06,1137.42,12795.95,Completed
ORD-SLUMP-11234,2023-08-09,2023-08,CUST-1034,PROD-118,EMP-1009,REG-02,Field Sales,2,4216.62,0.27,6156.27,5417.52,738.75,8310.96,Completed
ORD-SLUMP-11235,2023-08-09,2023-08,CUST-1113,PROD-108,EMP-1027,REG-02,Retail Store,5,1476.88,0.37,4652.17,4093.91,558.26,6280.43,Completed
ORD-SLUMP-11236,2023-08-09,2023-08,CUST-1003,PROD-112,EMP-1020,REG-02,Direct Online,5,4410.75,0.33,14776.01,13002.89,1773.12,19947.61,Completed
ORD-SLUMP-11237,2023-08-09,2023-08,CUST-1087,PROD-102,EMP-1015,REG-04,Enterprise Partner,1,2311.97,0.27,1687.74,1485.21,202.53,2278.45,Completed
ORD-SLUMP-11238,2023-08-09,2023-08,CUST-1228,PROD-102,EMP-1011,REG-04,Enterprise Partner,7,3203.97,0.34,14802.34,13026.06,1776.28,19983.16,Completed
ORD-SLUMP-11239,2023-08-10,2023-08,CUST-1154,PROD-117,EMP-1028,REG-04,Field Sales,5,3190.61,0.35,10369.48,9125.14,1244.34,13998.8,Completed
ORD-SLUMP-11240,2023-08-10,2023-08,CUST-1111,PROD-113,EMP-1010,REG-05,Direct Online,1,853.12,0.33,571.59,503.0,68.59,771.65,Completed
ORD-SLUMP-11241,2023-08-10,2023-08,CUST-1184,PROD-111,EMP-1018,REG-05,Direct Online,3,1494.11,0.25,3361.75,2958.34,403.41,4538.36,Completed
ORD-SLUMP-11242,2023-08-10,2023-08,CUST-1215,PROD-105,EMP-1016,REG-03,Field Sales,2,2290.45,0.25,3435.68,3023.4,412.28,4638.17,Completed
ORD-SLUMP-11243,2023-08-11,2023-08,CUST-1062,PROD-115,EMP-1024,REG-05,Field Sales,4,2982.57,0.29,8470.5,7454.04,1016.46,11435.18,Completed
ORD-SLUMP-11244,2023-08-11,2023-08,CUST-1043,PROD-105,EMP-1023,REG-03,Field Sales,1,3212.67,0.37,2023.98,1781.1,242.88,2732.37,Completed
ORD-SLUMP-11245,2023-08-11,2023-08,CUST-1019,PROD-110,EMP-1010,REG-01,Direct Online,7,1004.34,0.31,4850.96,4268.84,582.12,6548.8,Completed
ORD-SLUMP-11246,2023-08-11,2023-08,CUST-1270,PROD-101,EMP-1018,REG-01,Field Sales,1,1467.05,0.2,1173.64,1032.8,140.84,1584.41,Completed
ORD-SLUMP-11247,2023-08-11,2023-08,CUST-1159,PROD-112,EMP-1013,REG-04,Retail Store,6,3151.95,0.35,12292.6,10817.49,1475.11,16595.01,Completed
ORD-SLUMP-11248,2023-08-12,2023-08,CUST-1271,PROD-119,EMP-1025,REG-04,Direct Online,6,4260.69,0.31,17639.26,15522.55,2116.71,23813.0,Completed
ORD-SLUMP-11249,2023-08-12,2023-08,CUST-1124,PROD-115,EMP-1021,REG-05,Retail Store,7,4191.75,0.3,20539.57,18074.82,2464.75,27728.42,Completed
ORD-SLUMP-11250,2023-08-12,2023-08,CUST-1141,PROD-101,EMP-1029,REG-02,Field Sales,1,1658.69,0.38,1028.39,904.98,123.41,1388.33,Completed
ORD-SLUMP-11251,2023-08-12,2023-08,CUST-1215,PROD-108,EMP-1010,REG-04,Enterprise Partner,1,4467.22,0.32,3037.71,2673.18,364.53,4100.91,Completed
ORD-SLUMP-11252,2023-08-12,2023-08,CUST-1299,PROD-103,EMP-1013,REG-02,Retail Store,5,4081.32,0.37,12856.16,11313.42,1542.74,17355.82,Completed
ORD-SLUMP-11253,2023-08-12,2023-08,CUST-1174,PROD-104,EMP-1016,REG-04,Retail Store,7,2344.67,0.37,10339.99,9099.19,1240.8,13958.99,Completed
ORD-SLUMP-11254,2023-08-12,2023-08,CUST-1266,PROD-115,EMP-1017,REG-02,Enterprise Partner,4,4230.34,0.33,11337.31,9976.83,1360.48,15305.37,Completed
ORD-SLUMP-11255,2023-08-13,2023-08,CUST-1294,PROD-117,EMP-1020,REG-02,Enterprise Partner,3,3597.52,0.28,7770.64,6838.16,932.48,10490.36,Completed
ORD-SLUMP-11256,2023-08-13,2023-08,CUST-1273,PROD-115,EMP-1013,REG-02,Direct Online,7,846.0,0.26,4382.28,3856.41,525.87,5916.08,Completed
ORD-SLUMP-11257,2023-08-13,2023-08,CUST-1064,PROD-105,EMP-1014,REG-04,Enterprise Partner,3,1177.89,0.33,2367.56,2083.45,284.11,3196.21,Completed
ORD-SLUMP-11258,2023-08-13,2023-08,CUST-1025,PROD-119,EMP-1025,REG-04,Field Sales,2,2558.47,0.28,3684.2,3242.1,442.1,4973.67,Completed
ORD-SLUMP-11259,2023-08-14,2023-08,CUST-1291,PROD-119,EMP-1022,REG-03,Direct Online,6,3024.96,0.38,11252.85,9902.51,1350.34,15191.35,Completed
ORD-SLUMP-11260,2023-08-14,2023-08,CUST-1020,PROD-111,EMP-1026,REG-03,Field Sales,6,1484.17,0.32,6055.41,5328.76,726.65,8174.8,Completed
ORD-SLUMP-11261,2023-08-14,2023-08,CUST-1110,PROD-113,EMP-1016,REG-01,Field Sales,6,4179.99,0.39,15298.76,13462.91,1835.85,20653.33,Completed
ORD-SLUMP-11262,2023-08-14,2023-08,CUST-1239,PROD-105,EMP-1010,REG-05,Field Sales,1,2846.78,0.3,1992.75,1753.62,239.13,2690.21,Completed
ORD-SLUMP-11263,2023-08-14,2023-08,CUST-1222,PROD-109,EMP-1004,REG-02,Retail Store,1,1310.63,0.3,917.44,807.35,110.09,1238.54,Completed
ORD-SLUMP-11264,2023-08-14,2023-08,CUST-1241,PROD-101,EMP-1017,REG-01,Direct Online,4,1789.73,0.38,4438.53,3905.91,532.62,5992.02,Completed
ORD-SLUMP-11265,2023-08-14,2023-08,CUST-1127,PROD-117,EMP-1001,REG-05,Retail Store,4,1235.32,0.37,3113.01,2739.45,373.56,4202.56,Completed
ORD-SLUMP-11266,2023-08-14,2023-08,CUST-1106,PROD-105,EMP-1024,REG-03,Field Sales,1,4055.82,0.33,2717.4,2391.31,326.09,3668.49,Completed
ORD-SLUMP-11267,2023-08-15,2023-08,CUST-1052,PROD-112,EMP-1024,REG-01,Retail Store,1,1783.7,0.27,1302.1,1145.85,156.25,1757.84,Completed
ORD-SLUMP-11268,2023-08-15,2023-08,CUST-1208,PROD-115,EMP-1019,REG-01,Retail Store,4,2606.6,0.23,8028.33,7064.93,963.4,10838.25,Completed
ORD-SLUMP-11269,2023-08-15,2023-08,CUST-1203,PROD-105,EMP-1008,REG-01,Field Sales,1,3518.8,0.39,2146.47,1888.89,257.58,2897.73,Completed
ORD-SLUMP-11270,2023-08-15,2023-08,CUST-1241,PROD-113,EMP-1023,REG-02,Field Sales,5,4241.3,0.22,16541.07,14556.14,1984.93,22330.44,Completed
ORD-SLUMP-11271,2023-08-15,2023-08,CUST-1296,PROD-107,EMP-1011,REG-02,Direct Online,3,1628.73,0.33,3273.75,2880.9,392.85,4419.56,Completed
ORD-SLUMP-11272,2023-08-15,2023-08,CUST-1127,PROD-107,EMP-1027,REG-03,Enterprise Partner,5,2855.67,0.29,10137.63,8921.11,1216.52,13685.8,Completed
ORD-SLUMP-11273,2023-08-16,2023-08,CUST-1016,PROD-118,EMP-1013,REG-01,Enterprise Partner,2,985.86,0.28,1419.64,1249.28,170.36,1916.51,Completed
ORD-SLUMP-11274,2023-08-16,2023-08,CUST-1085,PROD-118,EMP-1003,REG-01,Enterprise Partner,4,1570.82,0.31,4335.46,3815.2,520.26,5852.87,Completed
ORD-SLUMP-11275,2023-08-16,2023-08,CUST-1215,PROD-104,EMP-1001,REG-05,Retail Store,3,945.66,0.23,2184.47,1922.33,262.14,2949.03,Completed
ORD-SLUMP-11276,2023-08-16,2023-08,CUST-1143,PROD-108,EMP-1003,REG-01,Enterprise Partner,4,1733.05,0.24,5268.47,4636.25,632.22,7112.43,Completed
ORD-SLUMP-11277,2023-08-16,2023-08,CUST-1144,PROD-107,EMP-1008,REG-02,Retail Store,2,2219.12,0.35,2884.86,2538.68,346.18,3894.56,Completed
ORD-SLUMP-11278,2023-08-16,2023-08,CUST-1172,PROD-109,EMP-1001,REG-02,Field Sales,7,3269.81,0.34,15106.52,13293.74,1812.78,20393.8,Completed
ORD-SLUMP-11279,2023-08-16,2023-08,CUST-1098,PROD-102,EMP-1023,REG-01,Field Sales,5,1997.63,0.21,7890.64,6943.76,946.88,10652.36,Completed
ORD-SLUMP-11280,2023-08-17,2023-08,CUST-1193,PROD-108,EMP-1017,REG-01,Direct Online,6,4025.29,0.38,14974.08,13177.19,1796.89,20215.01,Completed
ORD-SLUMP-11281,2023-08-17,2023-08,CUST-1234,PROD-107,EMP-1014,REG-02,Enterprise Partner,3,974.57,0.37,1841.94,1620.91,221.03,2486.62,Completed
ORD-SLUMP-11282,2023-08-17,2023-08,CUST-1194,PROD-101,EMP-1005,REG-01,Field Sales,3,3319.36,0.22,7767.3,6835.22,932.08,10485.86,Completed
ORD-SLUMP-11283,2023-08-17,2023-08,CUST-1207,PROD-105,EMP-1007,REG-04,Field Sales,5,2737.95,0.38,8487.64,7469.12,1018.52,11458.31,Completed
ORD-SLUMP-11284,2023-08-17,2023-08,CUST-1005,PROD-114,EMP-1007,REG-04,Enterprise Partner,7,3075.48,0.28,15500.42,13640.37,1860.05,20925.57,Completed
ORD-SLUMP-11285,2023-08-17,2023-08,CUST-1175,PROD-110,EMP-1002,REG-01,Enterprise Partner,2,3056.33,0.27,4462.24,3926.77,535.47,6024.02,Completed
ORD-SLUMP-11286,2023-08-17,2023-08,CUST-1097,PROD-106,EMP-1002,REG-05,Enterprise Partner,6,1345.98,0.35,5249.32,4619.4,629.92,7086.58,Completed
ORD-SLUMP-11287,2023-08-17,2023-08,CUST-1019,PROD-111,EMP-1005,REG-01,Direct Online,2,2198.29,0.33,2945.71,2592.22,353.49,3976.71,Completed
ORD-SLUMP-11288,2023-08-18,2023-08,CUST-1201,PROD-108,EMP-1004,REG-01,Direct Online,6,1732.55,0.33,6964.85,6129.07,835.78,9402.55,Completed
ORD-SLUMP-11289,2023-08-18,2023-08,CUST-1057,PROD-116,EMP-1017,REG-03,Enterprise Partner,1,3659.58,0.32,2488.51,2189.89,298.62,3359.49,Completed
ORD-SLUMP-11290,2023-08-18,2023-08,CUST-1221,PROD-114,EMP-1021,REG-04,Enterprise Partner,5,1484.7,0.35,4825.28,4246.25,579.03,6514.13,Completed
ORD-SLUMP-11291,2023-08-18,2023-08,CUST-1202,PROD-102,EMP-1028,REG-04,Retail Store,4,1823.8,0.28,5252.54,4622.24,630.3,7090.93,Completed
ORD-SLUMP-11292,2023-08-18,2023-08,CUST-1191,PROD-116,EMP-1023,REG-02,Direct Online,2,3457.2,0.28,4978.37,4380.97,597.4,6720.8,Completed
ORD-SLUMP-11293,2023-08-18,2023-08,CUST-1075,PROD-105,EMP-1014,REG-03,Direct Online,6,4201.68,0.4,15126.05,13310.92,1815.13,20420.17,Completed
ORD-SLUMP-11294,2023-08-18,2023-08,CUST-1021,PROD-108,EMP-1008,REG-01,Direct Online,3,3702.45,0.38,6886.56,6060.17,826.39,9296.86,Completed
ORD-SLUMP-11295,2023-08-19,2023-08,CUST-1102,PROD-116,EMP-1014,REG-04,Direct Online,5,3616.78,0.36,11573.7,10184.86,1388.84,15624.5,Completed
ORD-SLUMP-11296,2023-08-19,2023-08,CUST-1059,PROD-106,EMP-1025,REG-04,Direct Online,1,1498.57,0.33,1004.04,883.56,120.48,1355.45,Completed
ORD-SLUMP-11297,2023-08-19,2023-08,CUST-1084,PROD-113,EMP-1005,REG-01,Field Sales,5,2389.52,0.22,9319.13,8200.83,1118.3,12580.83,Completed
ORD-SLUMP-11298,2023-08-19,2023-08,CUST-1033,PROD-116,EMP-1001,REG-04,Field Sales,4,4114.63,0.39,10039.7,8834.94,1204.76,13553.6,Completed
ORD-SLUMP-11299,2023-08-19,2023-08,CUST-1182,PROD-112,EMP-1022,REG-03,Field Sales,6,3108.36,0.38,11563.1,10175.53,1387.57,15610.19,Completed
ORD-SLUMP-11300,2023-08-19,2023-08,CUST-1121,PROD-114,EMP-1027,REG-02,Retail Store,5,2843.7,0.39,8673.28,7632.49,1040.79,11708.93,Completed
ORD-SLUMP-11301,2023-08-20,2023-08,CUST-1116,PROD-111,EMP-1014,REG-04,Retail Store,6,2959.76,0.27,12963.75,11408.1,1555.65,17501.06,Completed
ORD-SLUMP-11302,2023-08-20,2023-08,CUST-1087,PROD-103,EMP-1003,REG-01,Enterprise Partner,6,2744.03,0.4,9878.51,8693.09,1185.42,13335.99,Completed
ORD-SLUMP-11303,2023-08-21,2023-08,CUST-1047,PROD-115,EMP-1020,REG-05,Enterprise Partner,3,3412.78,0.31,7064.45,6216.72,847.73,9537.01,Completed
ORD-SLUMP-11304,2023-08-21,2023-08,CUST-1063,PROD-112,EMP-1021,REG-02,Retail Store,7,3552.99,0.34,16414.81,14445.03,1969.78,22159.99,Completed
ORD-SLUMP-11305,2023-08-21,2023-08,CUST-1203,PROD-103,EMP-1012,REG-01,Enterprise Partner,1,1614.21,0.35,1049.24,923.33,125.91,1416.47,Completed
ORD-SLUMP-11306,2023-08-21,2023-08,CUST-1288,PROD-118,EMP-1008,REG-04,Direct Online,6,2227.3,0.3,9354.66,8232.1,1122.56,12628.79,Completed
ORD-SLUMP-11307,2023-08-21,2023-08,CUST-1255,PROD-111,EMP-1025,REG-02,Field Sales,7,2344.14,0.2,13127.18,11551.92,1575.26,17721.69,Completed
ORD-SLUMP-11308,2023-08-21,2023-08,CUST-1179,PROD-119,EMP-1029,REG-03,Retail Store,4,2638.02,0.23,8125.1,7150.09,975.01,10968.89,Completed
ORD-SLUMP-11309,2023-08-22,2023-08,CUST-1178,PROD-104,EMP-1022,REG-04,Retail Store,7,1618.44,0.39,6910.74,6081.45,829.29,9329.5,Completed
ORD-SLUMP-11310,2023-08-22,2023-08,CUST-1022,PROD-112,EMP-1022,REG-04,Retail Store,4,1645.05,0.28,4737.74,4169.21,568.53,6395.95,Completed
ORD-SLUMP-11311,2023-08-22,2023-08,CUST-1264,PROD-114,EMP-1026,REG-05,Enterprise Partner,5,1203.66,0.3,4212.81,3707.27,505.54,5687.29,Completed
ORD-SLUMP-11312,2023-08-22,2023-08,CUST-1017,PROD-110,EMP-1011,REG-05,Retail Store,5,1932.54,0.25,7247.02,6377.38,869.64,9783.48,Completed
ORD-SLUMP-11313,2023-08-22,2023-08,CUST-1177,PROD-103,EMP-1022,REG-02,Field Sales,6,3624.77,0.33,14571.58,12822.99,1748.59,19671.63,Completed
ORD-SLUMP-11314,2023-08-22,2023-08,CUST-1294,PROD-117,EMP-1004,REG-05,Retail Store,2,3775.65,0.35,4908.34,4319.34,589.0,6626.26,Completed
ORD-SLUMP-11315,2023-08-22,2023-08,CUST-1013,PROD-117,EMP-1010,REG-02,Direct Online,6,3741.43,0.25,16836.43,14816.06,2020.37,22729.18,Completed
ORD-SLUMP-11316,2023-08-23,2023-08,CUST-1292,PROD-119,EMP-1001,REG-04,Direct Online,3,2908.21,0.24,6630.72,5835.03,795.69,8951.47,Completed
ORD-SLUMP-11317,2023-08-23,2023-08,CUST-1164,PROD-102,EMP-1007,REG-04,Field Sales,1,2202.81,0.22,1718.19,1512.01,206.18,2319.56,Completed
ORD-SLUMP-11318,2023-08-23,2023-08,CUST-1029,PROD-119,EMP-1027,REG-04,Enterprise Partner,1,1880.29,0.32,1278.6,1125.17,153.43,1726.11,Completed
ORD-SLUMP-11319,2023-08-23,2023-08,CUST-1243,PROD-104,EMP-1003,REG-05,Field Sales,4,3445.25,0.35,8957.65,7882.73,1074.92,12092.83,Completed
ORD-SLUMP-11320,2023-08-23,2023-08,CUST-1030,PROD-118,EMP-1003,REG-03,Enterprise Partner,1,998.66,0.3,699.06,615.17,83.89,943.73,Completed
ORD-SLUMP-11321,2023-08-23,2023-08,CUST-1134,PROD-113,EMP-1003,REG-03,Field Sales,6,1652.31,0.38,6146.59,5409.0,737.59,8297.9,Completed
ORD-SLUMP-11322,2023-08-23,2023-08,CUST-1036,PROD-113,EMP-1025,REG-03,Direct Online,4,3663.25,0.21,11575.87,10186.77,1389.1,15627.42,Completed
ORD-SLUMP-11323,2023-08-23,2023-08,CUST-1004,PROD-116,EMP-1021,REG-04,Enterprise Partner,7,3057.94,0.3,14983.91,13185.84,1798.07,20228.28,Completed
ORD-SLUMP-11324,2023-08-23,2023-08,CUST-1203,PROD-102,EMP-1021,REG-03,Retail Store,1,2051.91,0.31,1415.82,1245.92,169.9,1911.36,Completed
ORD-SLUMP-11325,2023-08-23,2023-08,CUST-1166,PROD-118,EMP-1028,REG-04,Retail Store,5,3408.01,0.28,12268.84,10796.58,1472.26,16562.93,Completed
ORD-SLUMP-11326,2023-08-23,2023-08,CUST-1118,PROD-113,EMP-1001,REG-01,Enterprise Partner,5,2808.49,0.21,11093.54,9762.32,1331.22,14976.28,Completed
ORD-SLUMP-11327,2023-08-24,2023-08,CUST-1106,PROD-102,EMP-1008,REG-02,Retail Store,6,2636.41,0.29,11231.11,9883.38,1347.73,15162.0,Completed
ORD-SLUMP-11328,2023-08-24,2023-08,CUST-1131,PROD-111,EMP-1001,REG-01,Direct Online,7,1463.95,0.21,8095.64,7124.16,971.48,10929.11,Completed
ORD-SLUMP-11329,2023-08-24,2023-08,CUST-1020,PROD-107,EMP-1026,REG-05,Retail Store,5,2928.82,0.33,9811.55,8634.16,1177.39,13245.59,Completed
ORD-SLUMP-11330,2023-08-24,2023-08,CUST-1197,PROD-119,EMP-1026,REG-04,Field Sales,1,1783.01,0.33,1194.62,1051.27,143.35,1612.74,Completed
ORD-SLUMP-11331,2023-08-24,2023-08,CUST-1064,PROD-107,EMP-1023,REG-05,Direct Online,1,2481.7,0.28,1786.82,1572.4,214.42,2412.21,Completed
ORD-SLUMP-11332,2023-08-25,2023-08,CUST-1249,PROD-110,EMP-1019,REG-01,Retail Store,4,2452.33,0.23,7553.18,6646.8,906.38,10196.79,Completed
ORD-SLUMP-11333,2023-08-25,2023-08,CUST-1227,PROD-103,EMP-1024,REG-03,Direct Online,5,2181.07,0.34,7197.53,6333.83,863.7,9716.67,Completed
ORD-SLUMP-11334,2023-08-25,2023-08,CUST-1182,PROD-116,EMP-1007,REG-04,Field Sales,2,2606.19,0.38,3231.68,2843.88,387.8,4362.77,Completed
ORD-SLUMP-11335,2023-08-26,2023-08,CUST-1076,PROD-113,EMP-1020,REG-04,Direct Online,3,899.52,0.27,1969.95,1733.56,236.39,2659.43,Completed
ORD-SLUMP-11336,2023-08-26,2023-08,CUST-1143,PROD-118,EMP-1013,REG-03,Field Sales,1,1837.07,0.23,1414.54,1244.8,169.74,1909.63,Completed
ORD-SLUMP-11337,2023-08-26,2023-08,CUST-1105,PROD-101,EMP-1014,REG-01,Field Sales,7,914.92,0.28,4611.2,4057.86,553.34,6225.12,Completed
ORD-SLUMP-11338,2023-08-26,2023-08,CUST-1062,PROD-114,EMP-1026,REG-05,Enterprise Partner,1,2286.74,0.3,1600.72,1408.63,192.09,2160.97,Completed
ORD-SLUMP-11339,2023-08-26,2023-08,CUST-1233,PROD-116,EMP-1018,REG-02,Enterprise Partner,7,2977.23,0.2,16672.49,14671.79,2000.7,22507.86,Completed
ORD-SLUMP-11340,2023-08-26,2023-08,CUST-1086,PROD-107,EMP-1026,REG-04,Direct Online,6,2697.46,0.24,12300.42,10824.37,1476.05,16605.57,Completed
ORD-SLUMP-11341,2023-08-26,2023-08,CUST-1047,PROD-103,EMP-1001,REG-04,Field Sales,2,4113.71,0.23,6335.11,5574.9,760.21,8552.4,Completed
ORD-SLUMP-11342,2023-08-27,2023-08,CUST-1102,PROD-105,EMP-1022,REG-05,Retail Store,3,4019.51,0.33,8079.22,7109.71,969.51,10906.95,Completed
ORD-SLUMP-11343,2023-08-27,2023-08,CUST-1087,PROD-109,EMP-1004,REG-01,Enterprise Partner,4,3443.09,0.25,10329.27,9089.76,1239.51,13944.51,Completed
ORD-SLUMP-11344,2023-08-27,2023-08,CUST-1175,PROD-108,EMP-1028,REG-05,Enterprise Partner,5,3506.43,0.38,10869.93,9565.54,1304.39,14674.41,Completed
ORD-SLUMP-11345,2023-08-27,2023-08,CUST-1194,PROD-107,EMP-1002,REG-05,Field Sales,1,3963.22,0.35,2576.09,2266.96,309.13,3477.72,Completed
ORD-SLUMP-11346,2023-08-27,2023-08,CUST-1241,PROD-109,EMP-1013,REG-01,Field Sales,4,1865.18,0.3,5222.5,4595.8,626.7,7050.38,Completed
ORD-SLUMP-11347,2023-08-28,2023-08,CUST-1047,PROD-113,EMP-1008,REG-03,Retail Store,2,3503.01,0.3,4904.21,4315.7,588.51,6620.68,Completed
ORD-SLUMP-11348,2023-08-28,2023-08,CUST-1288,PROD-106,EMP-1012,REG-01,Enterprise Partner,5,960.66,0.32,3266.24,2874.29,391.95,4409.42,Completed
ORD-SLUMP-11349,2023-08-28,2023-08,CUST-1080,PROD-117,EMP-1009,REG-01,Enterprise Partner,5,1832.58,0.33,6139.14,5402.44,736.7,8287.84,Completed
ORD-SLUMP-11350,2023-08-28,2023-08,CUST-1294,PROD-111,EMP-1001,REG-04,Field Sales,1,2698.12,0.28,1942.65,1709.53,233.12,2622.58,Completed
ORD-SLUMP-11351,2023-08-28,2023-08,CUST-1150,PROD-110,EMP-1021,REG-01,Direct Online,5,1613.53,0.39,4921.27,4330.72,590.55,6643.71,Completed
ORD-SLUMP-11352,2023-08-28,2023-08,CUST-1173,PROD-109,EMP-1012,REG-03,Enterprise Partner,3,1141.09,0.32,2327.82,2048.48,279.34,3142.56,Completed
ORD-SLUMP-11353,2023-08-28,2023-08,CUST-1250,PROD-101,EMP-1028,REG-03,Direct Online,5,1712.88,0.27,6252.01,5501.77,750.24,8440.21,Completed
ORD-SLUMP-11354,2023-08-28,2023-08,CUST-1199,PROD-103,EMP-1002,REG-02,Retail Store,1,3981.89,0.34,2628.05,2312.68,315.37,3547.87,Completed
ORD-SLUMP-11355,2023-08-29,2023-08,CUST-1133,PROD-118,EMP-1004,REG-05,Retail Store,5,2021.67,0.23,7783.43,6849.42,934.01,10507.63,Completed
ORD-SLUMP-11356,2023-08-29,2023-08,CUST-1027,PROD-109,EMP-1012,REG-03,Direct Online,3,2023.88,0.26,4493.01,3953.85,539.16,6065.56,Completed
ORD-SLUMP-11357,2023-08-30,2023-08,CUST-1096,PROD-106,EMP-1022,REG-03,Direct Online,5,1361.28,0.39,4151.9,3653.67,498.23,5605.06,Completed
ORD-SLUMP-11358,2023-08-30,2023-08,CUST-1176,PROD-105,EMP-1018,REG-02,Enterprise Partner,5,2440.31,0.31,8419.07,7408.78,1010.29,11365.74,Completed
ORD-SLUMP-11359,2023-08-30,2023-08,CUST-1279,PROD-108,EMP-1011,REG-03,Enterprise Partner,5,4397.19,0.39,13411.43,11802.06,1609.37,18105.43,Completed
ORD-SLUMP-11360,2023-08-30,2023-08,CUST-1271,PROD-108,EMP-1009,REG-01,Direct Online,7,1114.09,0.37,4913.14,4323.56,589.58,6632.74,Completed
ORD-SLUMP-11361,2023-08-30,2023-08,CUST-1080,PROD-106,EMP-1010,REG-04,Retail Store,4,3450.87,0.22,10766.71,9474.7,1292.01,14535.06,Completed
ORD-SLUMP-11362,2023-08-31,2023-08,CUST-1023,PROD-117,EMP-1017,REG-03,Retail Store,2,2615.48,0.2,4184.77,3682.6,502.17,5649.44,Completed
ORD-SLUMP-11363,2023-08-31,2023-08,CUST-1273,PROD-112,EMP-1025,REG-04,Enterprise Partner,2,2717.18,0.27,3967.08,3491.03,476.05,5355.56,Completed
ORD-SLUMP-11364,2023-08-31,2023-08,CUST-1135,PROD-108,EMP-1011,REG-05,Direct Online,3,1954.35,0.39,3576.46,3147.28,429.18,4828.22,Completed
ORD-SLUMP-11365,2023-08-31,2023-08,CUST-1198,PROD-117,EMP-1004,REG-04,Field Sales,7,3533.02,0.4,14838.68,13058.04,1780.64,20032.22,Completed
ORD-SLUMP-11366,2023-08-31,2023-08,CUST-1037,PROD-113,EMP-1011,REG-04,Field Sales,2,1287.16,0.37,1621.82,1427.2,194.62,2189.46,Completed
ORD-SLUMP-11367,2023-09-01,2023-09,CUST-1158,PROD-104,EMP-1010,REG-03,Field Sales,5,2439.83,0.27,8905.38,7836.73,1068.65,12022.26,Completed
ORD-SLUMP-11368,2023-09-01,2023-09,CUST-1010,PROD-102,EMP-1010,REG-05,Enterprise Partner,2,3057.03,0.22,4768.97,4196.69,572.28,6438.11,Completed
ORD-SLUMP-11369,2023-09-01,2023-09,CUST-1114,PROD-106,EMP-1021,REG-05,Enterprise Partner,3,3583.1,0.33,7202.03,6337.79,864.24,9722.74,Completed
ORD-SLUMP-11370,2023-09-01,2023-09,CUST-1272,PROD-115,EMP-1010,REG-01,Retail Store,2,1677.08,0.39,2046.04,1800.52,245.52,2762.15,Completed
ORD-SLUMP-11371,2023-09-01,2023-09,CUST-1287,PROD-105,EMP-1022,REG-04,Enterprise Partner,3,2262.91,0.31,4684.22,4122.11,562.11,6323.7,Completed
ORD-SLUMP-11372,2023-09-01,2023-09,CUST-1050,PROD-101,EMP-1027,REG-01,Field Sales,2,2726.09,0.39,3325.83,2926.73,399.1,4489.87,Completed
ORD-SLUMP-11373,2023-09-02,2023-09,CUST-1059,PROD-102,EMP-1002,REG-04,Field Sales,6,1958.91,0.22,9167.7,8067.58,1100.12,12376.4,Completed
ORD-SLUMP-11374,2023-09-02,2023-09,CUST-1083,PROD-115,EMP-1022,REG-03,Direct Online,5,1933.56,0.2,7734.24,6806.13,928.11,10441.22,Completed
ORD-SLUMP-11375,2023-09-02,2023-09,CUST-1014,PROD-119,EMP-1005,REG-04,Direct Online,1,3709.24,0.35,2411.01,2121.69,289.32,3254.86,Completed
ORD-SLUMP-11376,2023-09-02,2023-09,CUST-1294,PROD-112,EMP-1022,REG-02,Field Sales,6,3290.35,0.26,14609.15,12856.05,1753.1,19722.35,Completed
ORD-SLUMP-11377,2023-09-02,2023-09,CUST-1144,PROD-109,EMP-1027,REG-02,Enterprise Partner,4,2307.41,0.34,6091.56,5360.57,730.99,8223.61,Completed
ORD-SLUMP-11378,2023-09-03,2023-09,CUST-1156,PROD-111,EMP-1024,REG-04,Direct Online,4,3952.69,0.21,12490.5,10991.64,1498.86,16862.18,Completed
ORD-SLUMP-11379,2023-09-03,2023-09,CUST-1205,PROD-111,EMP-1013,REG-05,Enterprise Partner,3,2855.91,0.38,5311.99,4674.55,637.44,7171.19,Completed
ORD-SLUMP-11380,2023-09-03,2023-09,CUST-1056,PROD-114,EMP-1003,REG-04,Enterprise Partner,3,1840.61,0.39,3368.32,2964.12,404.2,4547.23,Completed
ORD-SLUMP-11381,2023-09-03,2023-09,CUST-1075,PROD-105,EMP-1019,REG-03,Direct Online,2,1638.74,0.21,2589.21,2278.5,310.71,3495.43,Completed
ORD-SLUMP-11382,2023-09-03,2023-09,CUST-1064,PROD-114,EMP-1009,REG-02,Field Sales,3,4364.09,0.28,9426.43,8295.26,1131.17,12725.68,Completed
ORD-SLUMP-11383,2023-09-04,2023-09,CUST-1201,PROD-114,EMP-1021,REG-01,Direct Online,3,3559.76,0.33,7155.12,6296.51,858.61,9659.41,Completed
ORD-SLUMP-11384,2023-09-04,2023-09,CUST-1003,PROD-119,EMP-1006,REG-01,Direct Online,5,1137.86,0.24,4323.87,3805.01,518.86,5837.22,Completed
ORD-SLUMP-11385,2023-09-04,2023-09,CUST-1266,PROD-109,EMP-1011,REG-05,Retail Store,5,3325.37,0.39,10142.38,8925.29,1217.09,13692.21,Completed
ORD-SLUMP-11386,2023-09-04,2023-09,CUST-1082,PROD-116,EMP-1027,REG-01,Direct Online,6,2814.72,0.26,12497.36,10997.68,1499.68,16871.44,Completed
ORD-SLUMP-11387,2023-09-04,2023-09,CUST-1255,PROD-107,EMP-1029,REG-02,Retail Store,3,1383.25,0.23,3195.31,2811.87,383.44,4313.67,Completed
ORD-SLUMP-11388,2023-09-04,2023-09,CUST-1052,PROD-112,EMP-1026,REG-03,Field Sales,2,2234.42,0.23,3441.01,3028.09,412.92,4645.36,Completed
ORD-SLUMP-11389,2023-09-05,2023-09,CUST-1160,PROD-113,EMP-1027,REG-02,Retail Store,7,4243.57,0.22,23169.89,20389.5,2780.39,31279.35,Completed
ORD-SLUMP-11390,2023-09-05,2023-09,CUST-1069,PROD-116,EMP-1007,REG-02,Retail Store,6,1828.13,0.35,7129.71,6274.14,855.57,9625.11,Completed
ORD-SLUMP-11391,2023-09-05,2023-09,CUST-1173,PROD-119,EMP-1011,REG-02,Field Sales,6,1772.9,0.25,7978.05,7020.68,957.37,10770.37,Completed
ORD-SLUMP-11392,2023-09-05,2023-09,CUST-1023,PROD-114,EMP-1012,REG-04,Direct Online,6,4005.47,0.26,17784.29,15650.18,2134.11,24008.79,Completed
ORD-SLUMP-11393,2023-09-06,2023-09,CUST-1143,PROD-118,EMP-1010,REG-03,Field Sales,1,4077.02,0.24,3098.54,2726.72,371.82,4183.03,Completed
ORD-SLUMP-11394,2023-09-06,2023-09,CUST-1121,PROD-118,EMP-1018,REG-01,Retail Store,3,3654.04,0.33,7344.62,6463.27,881.35,9915.24,Completed
ORD-SLUMP-11395,2023-09-06,2023-09,CUST-1277,PROD-118,EMP-1003,REG-01,Enterprise Partner,5,3011.08,0.35,9786.01,8611.69,1174.32,13211.11,Completed
ORD-SLUMP-11396,2023-09-07,2023-09,CUST-1292,PROD-108,EMP-1024,REG-01,Enterprise Partner,1,1246.68,0.27,910.08,800.87,109.21,1228.61,Completed
ORD-SLUMP-11397,2023-09-07,2023-09,CUST-1116,PROD-117,EMP-1026,REG-04,Field Sales,4,2854.95,0.32,7765.46,6833.6,931.86,10483.37,Completed
ORD-SLUMP-11398,2023-09-07,2023-09,CUST-1203,PROD-107,EMP-1012,REG-05,Enterprise Partner,3,2505.78,0.35,4886.27,4299.92,586.35,6596.46,Completed
ORD-SLUMP-11399,2023-09-07,2023-09,CUST-1187,PROD-119,EMP-1013,REG-05,Retail Store,3,3071.97,0.21,7280.57,6406.9,873.67,9828.77,Completed
ORD-SLUMP-11400,2023-09-07,2023-09,CUST-1097,PROD-103,EMP-1026,REG-05,Field Sales,3,1312.65,0.4,2362.77,2079.24,283.53,3189.74,Completed
ORD-SLUMP-11401,2023-09-07,2023-09,CUST-1114,PROD-111,EMP-1015,REG-05,Retail Store,1,3071.29,0.28,2211.33,1945.97,265.36,2985.3,Completed
ORD-SLUMP-11402,2023-09-07,2023-09,CUST-1083,PROD-105,EMP-1019,REG-02,Direct Online,5,3771.97,0.31,13013.3,11451.7,1561.6,17567.96,Completed
ORD-SLUMP-11403,2023-09-07,2023-09,CUST-1183,PROD-118,EMP-1017,REG-02,Retail Store,7,4495.62,0.26,23287.31,20492.83,2794.48,31437.87,Completed
ORD-SLUMP-11404,2023-09-07,2023-09,CUST-1120,PROD-115,EMP-1002,REG-03,Direct Online,2,1938.58,0.27,2830.33,2490.69,339.64,3820.95,Completed
ORD-SLUMP-11405,2023-09-07,2023-09,CUST-1226,PROD-113,EMP-1027,REG-03,Enterprise Partner,1,4342.41,0.26,3213.38,2827.77,385.61,4338.06,Completed
ORD-SLUMP-11406,2023-09-08,2023-09,CUST-1279,PROD-103,EMP-1023,REG-05,Direct Online,5,3168.26,0.26,11722.56,10315.85,1406.71,15825.46,Completed
ORD-SLUMP-11407,2023-09-08,2023-09,CUST-1238,PROD-116,EMP-1027,REG-05,Field Sales,3,1425.09,0.26,3163.7,2784.06,379.64,4271.0,Completed
ORD-SLUMP-11408,2023-09-08,2023-09,CUST-1216,PROD-110,EMP-1004,REG-03,Field Sales,7,4289.82,0.22,23422.42,20611.73,2810.69,31620.27,Completed
ORD-SLUMP-11409,2023-09-08,2023-09,CUST-1151,PROD-111,EMP-1002,REG-03,Enterprise Partner,3,879.86,0.24,2006.08,1765.35,240.73,2708.21,Completed
ORD-SLUMP-11410,2023-09-08,2023-09,CUST-1140,PROD-105,EMP-1018,REG-03,Field Sales,4,1690.99,0.34,4464.21,3928.5,535.71,6026.68,Completed
ORD-SLUMP-11411,2023-09-08,2023-09,CUST-1235,PROD-106,EMP-1019,REG-01,Field Sales,1,2551.08,0.21,2015.35,1773.51,241.84,2720.72,Completed
ORD-SLUMP-11412,2023-09-09,2023-09,CUST-1076,PROD-113,EMP-1001,REG-02,Field Sales,2,2255.33,0.33,3022.14,2659.48,362.66,4079.89,Completed
ORD-SLUMP-11413,2023-09-09,2023-09,CUST-1066,PROD-108,EMP-1026,REG-04,Retail Store,3,3386.38,0.37,6400.26,5632.23,768.03,8640.35,Completed
ORD-SLUMP-11414,2023-09-09,2023-09,CUST-1126,PROD-117,EMP-1022,REG-03,Retail Store,1,1986.55,0.29,1410.45,1241.2,169.25,1904.11,Completed
ORD-SLUMP-11415,2023-09-09,2023-09,CUST-1003,PROD-110,EMP-1013,REG-03,Retail Store,5,1341.86,0.39,4092.67,3601.55,491.12,5525.1,Completed
ORD-SLUMP-11416,2023-09-10,2023-09,CUST-1046,PROD-119,EMP-1007,REG-04,Retail Store,6,2578.2,0.28,11137.82,9801.28,1336.54,15036.06,Completed
ORD-SLUMP-11417,2023-09-10,2023-09,CUST-1181,PROD-102,EMP-1014,REG-04,Direct Online,5,1421.05,0.22,5542.1,4877.05,665.05,7481.84,Completed
ORD-SLUMP-11418,2023-09-10,2023-09,CUST-1175,PROD-101,EMP-1012,REG-05,Retail Store,7,3276.17,0.25,17199.89,15135.9,2063.99,23219.85,Completed
ORD-SLUMP-11419,2023-09-11,2023-09,CUST-1150,PROD-103,EMP-1012,REG-02,Direct Online,7,2613.37,0.33,12256.71,10785.9,1470.81,16546.56,Completed
ORD-SLUMP-11420,2023-09-11,2023-09,CUST-1245,PROD-110,EMP-1012,REG-04,Retail Store,6,1724.6,0.24,7864.18,6920.48,943.7,10616.64,Completed
ORD-SLUMP-11421,2023-09-11,2023-09,CUST-1237,PROD-110,EMP-1002,REG-05,Retail Store,5,4247.06,0.38,13165.89,11585.98,1579.91,17773.95,Completed
ORD-SLUMP-11422,2023-09-11,2023-09,CUST-1266,PROD-118,EMP-1025,REG-04,Retail Store,2,3114.46,0.32,4235.67,3727.39,508.28,5718.15,Completed
ORD-SLUMP-11423,2023-09-12,2023-09,CUST-1081,PROD-111,EMP-1011,REG-03,Enterprise Partner,3,2961.3,0.38,5508.02,4847.06,660.96,7435.83,Completed
ORD-SLUMP-11424,2023-09-12,2023-09,CUST-1073,PROD-111,EMP-1029,REG-01,Field Sales,2,1052.8,0.39,1284.42,1130.29,154.13,1733.97,Completed
ORD-SLUMP-11425,2023-09-12,2023-09,CUST-1081,PROD-107,EMP-1024,REG-03,Direct Online,7,1813.03,0.27,9264.58,8152.83,1111.75,12507.18,Completed
ORD-SLUMP-11426,2023-09-12,2023-09,CUST-1142,PROD-119,EMP-1011,REG-04,Field Sales,6,3965.29,0.26,17605.89,15493.18,2112.71,23767.95,Completed
ORD-SLUMP-11427,2023-09-12,2023-09,CUST-1216,PROD-115,EMP-1020,REG-02,Field Sales,4,2478.17,0.32,6740.62,5931.75,808.87,9099.84,Completed
ORD-SLUMP-11428,2023-09-12,2023-09,CUST-1277,PROD-112,EMP-1022,REG-03,Direct Online,2,1515.05,0.3,2121.07,1866.54,254.53,2863.44,Completed
ORD-SLUMP-11429,2023-09-12,2023-09,CUST-1010,PROD-103,EMP-1012,REG-02,Retail Store,1,2941.61,0.39,1794.38,1579.05,215.33,2422.41,Completed
ORD-SLUMP-11430,2023-09-12,2023-09,CUST-1046,PROD-104,EMP-1020,REG-03,Enterprise Partner,3,2736.08,0.37,5171.19,4550.65,620.54,6981.11,Completed
ORD-SLUMP-11431,2023-09-12,2023-09,CUST-1142,PROD-102,EMP-1007,REG-03,Field Sales,7,1659.96,0.27,8482.4,7464.51,1017.89,11451.24,Completed
ORD-SLUMP-11432,2023-09-13,2023-09,CUST-1000,PROD-106,EMP-1011,REG-01,Direct Online,5,940.61,0.25,3527.29,3104.02,423.27,4761.84,Completed
ORD-SLUMP-11433,2023-09-13,2023-09,CUST-1056,PROD-105,EMP-1027,REG-04,Field Sales,6,2785.29,0.21,13202.27,11618.0,1584.27,17823.06,Completed
ORD-SLUMP-11434,2023-09-13,2023-09,CUST-1171,PROD-118,EMP-1009,REG-05,Retail Store,1,1967.63,0.34,1298.64,1142.8,155.84,1753.16,Completed
ORD-SLUMP-11435,2023-09-13,2023-09,CUST-1094,PROD-109,EMP-1003,REG-03,Retail Store,3,840.58,0.36,1613.91,1420.24,193.67,2178.78,Completed
ORD-SLUMP-11436,2023-09-13,2023-09,CUST-1089,PROD-108,EMP-1010,REG-03,Direct Online,6,4218.77,0.22,19743.84,17374.58,2369.26,26654.18,Completed
ORD-SLUMP-11437,2023-09-13,2023-09,CUST-1049,PROD-101,EMP-1006,REG-02,Field Sales,4,3140.01,0.3,8792.03,7736.99,1055.04,11869.24,Completed
ORD-SLUMP-11438,2023-09-13,2023-09,CUST-1229,PROD-101,EMP-1024,REG-05,Direct Online,1,3073.35,0.4,1844.01,1622.73,221.28,2489.41,Completed
ORD-SLUMP-11439,2023-09-13,2023-09,CUST-1199,PROD-119,EMP-1009,REG-03,Enterprise Partner,6,2832.67,0.39,10367.57,9123.46,1244.11,13996.22,Completed
ORD-SLUMP-11440,2023-09-14,2023-09,CUST-1218,PROD-109,EMP-1010,REG-02,Enterprise Partner,3,1155.12,0.26,2564.37,2256.65,307.72,3461.9,Completed
ORD-SLUMP-11441,2023-09-14,2023-09,CUST-1016,PROD-103,EMP-1010,REG-05,Enterprise Partner,3,2309.8,0.28,4989.17,4390.47,598.7,6735.38,Completed
ORD-SLUMP-11442,2023-09-14,2023-09,CUST-1259,PROD-115,EMP-1013,REG-04,Retail Store,2,3402.04,0.34,4490.69,3951.81,538.88,6062.43,Completed
ORD-SLUMP-11443,2023-09-14,2023-09,CUST-1000,PROD-119,EMP-1018,REG-03,Field Sales,6,3016.24,0.34,11944.31,10510.99,1433.32,16124.82,Completed
ORD-SLUMP-11444,2023-09-14,2023-09,CUST-1132,PROD-105,EMP-1001,REG-04,Retail Store,3,2629.69,0.26,5837.91,5137.36,700.55,7881.18,Completed
ORD-SLUMP-11445,2023-09-14,2023-09,CUST-1193,PROD-116,EMP-1008,REG-05,Field Sales,7,2363.96,0.24,12576.27,11067.12,1509.15,16977.96,Completed
ORD-SLUMP-11446,2023-09-14,2023-09,CUST-1125,PROD-102,EMP-1022,REG-05,Direct Online,7,3620.68,0.22,19768.91,17396.64,2372.27,26688.03,Completed
ORD-SLUMP-11447,2023-09-14,2023-09,CUST-1079,PROD-113,EMP-1025,REG-02,Retail Store,5,2256.2,0.21,8911.99,7842.55,1069.44,12031.19,Completed
ORD-SLUMP-11448,2023-09-14,2023-09,CUST-1289,PROD-105,EMP-1025,REG-04,Direct Online,6,3964.82,0.26,17603.8,15491.34,2112.46,23765.13,Completed
ORD-SLUMP-11449,2023-09-14,2023-09,CUST-1152,PROD-114,EMP-1021,REG-01,Enterprise Partner,5,1949.32,0.33,6530.22,5746.59,783.63,8815.8,Completed
ORD-SLUMP-11450,2023-09-15,2023-09,CUST-1167,PROD-119,EMP-1029,REG-04,Enterprise Partner,7,2507.74,0.27,12814.55,11276.8,1537.75,17299.64,Completed
ORD-SLUMP-11451,2023-09-15,2023-09,CUST-1016,PROD-103,EMP-1007,REG-01,Enterprise Partner,7,3101.68,0.31,14981.11,13183.38,1797.73,20224.5,Completed
ORD-SLUMP-11452,2023-09-15,2023-09,CUST-1180,PROD-109,EMP-1019,REG-04,Field Sales,6,4239.96,0.4,15263.86,13432.2,1831.66,20606.21,Completed
ORD-SLUMP-11453,2023-09-15,2023-09,CUST-1226,PROD-107,EMP-1001,REG-03,Retail Store,3,989.03,0.35,1928.61,1697.18,231.43,2603.62,Completed
ORD-SLUMP-11454,2023-09-16,2023-09,CUST-1073,PROD-104,EMP-1029,REG-02,Field Sales,3,1646.77,0.33,3310.01,2912.81,397.2,4468.51,Completed
ORD-SLUMP-11455,2023-09-16,2023-09,CUST-1259,PROD-109,EMP-1012,REG-05,Direct Online,5,1776.73,0.2,7106.92,6254.09,852.83,9594.34,Completed
ORD-SLUMP-11456,2023-09-16,2023-09,CUST-1183,PROD-114,EMP-1020,REG-03,Enterprise Partner,5,3335.52,0.24,12674.98,11153.98,1521.0,17111.22,Completed
ORD-SLUMP-11457,2023-09-17,2023-09,CUST-1024,PROD-111,EMP-1001,REG-05,Enterprise Partner,7,3753.02,0.22,20491.49,18032.51,2458.98,27663.51,Completed
ORD-SLUMP-11458,2023-09-17,2023-09,CUST-1161,PROD-119,EMP-1023,REG-05,Direct Online,6,4147.19,0.29,17667.03,15546.99,2120.04,23850.49,Completed
ORD-SLUMP-11459,2023-09-17,2023-09,CUST-1261,PROD-110,EMP-1001,REG-01,Direct Online,1,858.53,0.3,600.97,528.85,72.12,811.31,Completed
ORD-SLUMP-11460,2023-09-17,2023-09,CUST-1239,PROD-115,EMP-1026,REG-05,Retail Store,1,3069.08,0.29,2179.05,1917.56,261.49,2941.72,Completed
ORD-SLUMP-11461,2023-09-17,2023-09,CUST-1051,PROD-104,EMP-1023,REG-03,Direct Online,7,2013.21,0.29,10005.65,8804.97,1200.68,13507.63,Completed
ORD-SLUMP-11462,2023-09-17,2023-09,CUST-1254,PROD-112,EMP-1007,REG-04,Enterprise Partner,6,1700.27,0.3,7141.13,6284.19,856.94,9640.53,Completed
ORD-SLUMP-11463,2023-09-18,2023-09,CUST-1218,PROD-105,EMP-1024,REG-05,Retail Store,3,905.67,0.35,1766.06,1554.13,211.93,2384.18,Completed
ORD-SLUMP-11464,2023-09-18,2023-09,CUST-1297,PROD-101,EMP-1021,REG-02,Enterprise Partner,4,2190.53,0.37,5520.14,4857.72,662.42,7452.19,Completed
ORD-SLUMP-11465,2023-09-18,2023-09,CUST-1170,PROD-101,EMP-1025,REG-05,Direct Online,3,2640.1,0.37,4989.79,4391.02,598.77,6736.22,Completed
ORD-SLUMP-11466,2023-09-18,2023-09,CUST-1001,PROD-103,EMP-1019,REG-02,Field Sales,1,3584.66,0.33,2401.72,2113.51,288.21,3242.32,Completed
ORD-SLUMP-11467,2023-09-18,2023-09,CUST-1215,PROD-105,EMP-1023,REG-05,Field Sales,3,3667.29,0.34,7261.23,6389.88,871.35,9802.66,Completed
ORD-SLUMP-11468,2023-09-18,2023-09,CUST-1245,PROD-106,EMP-1004,REG-04,Field Sales,6,2167.38,0.33,8712.87,7667.33,1045.54,11762.37,Completed
ORD-SLUMP-11469,2023-09-18,2023-09,CUST-1248,PROD-104,EMP-1001,REG-05,Direct Online,5,1985.03,0.35,6451.35,5677.19,774.16,8709.32,Completed
ORD-SLUMP-11470,2023-09-18,2023-09,CUST-1011,PROD-112,EMP-1007,REG-03,Enterprise Partner,3,3516.04,0.39,6434.35,5662.23,772.12,8686.37,Completed
ORD-SLUMP-11471,2023-09-19,2023-09,CUST-1204,PROD-116,EMP-1009,REG-02,Field Sales,5,1757.52,0.23,6766.45,5954.48,811.97,9134.71,Completed
ORD-SLUMP-11472,2023-09-19,2023-09,CUST-1070,PROD-107,EMP-1013,REG-03,Field Sales,4,1099.81,0.4,2639.54,2322.8,316.74,3563.38,Completed
ORD-SLUMP-11473,2023-09-19,2023-09,CUST-1166,PROD-103,EMP-1002,REG-04,Field Sales,7,1240.8,0.21,6861.62,6038.23,823.39,9263.19,Completed
ORD-SLUMP-11474,2023-09-19,2023-09,CUST-1000,PROD-105,EMP-1013,REG-01,Direct Online,4,2328.55,0.31,6426.8,5655.58,771.22,8676.18,Completed
ORD-SLUMP-11475,2023-09-19,2023-09,CUST-1074,PROD-117,EMP-1010,REG-04,Field Sales,3,2718.3,0.32,5545.33,4879.89,665.44,7486.2,Completed
ORD-SLUMP-11476,2023-09-19,2023-09,CUST-1221,PROD-114,EMP-1024,REG-05,Field Sales,1,4455.95,0.26,3297.4,2901.71,395.69,4451.49,Completed
ORD-SLUMP-11477,2023-09-19,2023-09,CUST-1241,PROD-108,EMP-1010,REG-03,Retail Store,5,1694.28,0.26,6268.84,5516.58,752.26,8462.93,Completed
ORD-SLUMP-11478,2023-09-20,2023-09,CUST-1035,PROD-115,EMP-1008,REG-02,Retail Store,5,3244.48,0.34,10706.78,9421.97,1284.81,14454.15,Completed
ORD-SLUMP-11479,2023-09-20,2023-09,CUST-1160,PROD-119,EMP-1003,REG-03,Direct Online,1,2761.29,0.3,1932.9,1700.95,231.95,2609.42,Completed
ORD-SLUMP-11480,2023-09-20,2023-09,CUST-1087,PROD-110,EMP-1028,REG-01,Direct Online,2,1431.27,0.27,2089.65,1838.89,250.76,2821.03,Completed
ORD-SLUMP-11481,2023-09-20,2023-09,CUST-1110,PROD-112,EMP-1011,REG-05,Enterprise Partner,3,2346.51,0.23,5420.44,4769.99,650.45,7317.59,Completed
ORD-SLUMP-11482,2023-09-20,2023-09,CUST-1260,PROD-117,EMP-1023,REG-05,Direct Online,7,4166.74,0.21,23042.07,20277.02,2765.05,31106.79,Completed
ORD-SLUMP-11483,2023-09-20,2023-09,CUST-1183,PROD-113,EMP-1027,REG-04,Direct Online,6,2607.71,0.26,11578.23,10188.84,1389.39,15630.61,Completed
ORD-SLUMP-11484,2023-09-20,2023-09,CUST-1010,PROD-119,EMP-1028,REG-02,Retail Store,4,3436.32,0.27,10034.05,8829.96,1204.09,13545.97,Completed
ORD-SLUMP-11485,2023-09-21,2023-09,CUST-1290,PROD-117,EMP-1029,REG-04,Enterprise Partner,3,1957.15,0.3,4110.02,3616.82,493.2,5548.53,Completed
ORD-SLUMP-11486,2023-09-21,2023-09,CUST-1031,PROD-108,EMP-1018,REG-01,Field Sales,3,3560.68,0.34,7050.15,6204.13,846.02,9517.7,Completed
ORD-SLUMP-11487,2023-09-21,2023-09,CUST-1276,PROD-103,EMP-1019,REG-05,Retail Store,5,2939.18,0.24,11168.88,9828.61,1340.27,15077.99,Completed
ORD-SLUMP-11488,2023-09-21,2023-09,CUST-1287,PROD-115,EMP-1027,REG-02,Direct Online,4,2770.15,0.32,7534.81,6630.63,904.18,10171.99,Completed
ORD-SLUMP-11489,2023-09-21,2023-09,CUST-1005,PROD-117,EMP-1020,REG-05,Retail Store,2,3954.63,0.27,5773.76,5080.91,692.85,7794.58,Completed
ORD-SLUMP-11490,2023-09-21,2023-09,CUST-1205,PROD-104,EMP-1002,REG-01,Enterprise Partner,5,1988.95,0.28,7160.22,6300.99,859.23,9666.3,Completed
ORD-SLUMP-11491,2023-09-22,2023-09,CUST-1241,PROD-102,EMP-1029,REG-04,Field Sales,3,1346.82,0.38,2505.09,2204.48,300.61,3381.87,Completed
ORD-SLUMP-11492,2023-09-22,2023-09,CUST-1163,PROD-106,EMP-1019,REG-03,Enterprise Partner,4,3075.99,0.36,7874.53,6929.59,944.94,10630.62,Completed
ORD-SLUMP-11493,2023-09-23,2023-09,CUST-1223,PROD-107,EMP-1007,REG-04,Enterprise Partner,1,1503.93,0.33,1007.63,886.71,120.92,1360.3,Completed
ORD-SLUMP-11494,2023-09-23,2023-09,CUST-1162,PROD-111,EMP-1028,REG-04,Field Sales,7,3984.03,0.25,20916.16,18406.22,2509.94,28236.82,Completed
ORD-SLUMP-11495,2023-09-23,2023-09,CUST-1266,PROD-110,EMP-1001,REG-05,Field Sales,3,1695.55,0.27,3713.25,3267.66,445.59,5012.89,Completed
ORD-SLUMP-11496,2023-09-23,2023-09,CUST-1099,PROD-103,EMP-1010,REG-05,Field Sales,3,3690.62,0.24,8414.61,7404.86,1009.75,11359.72,Completed
ORD-SLUMP-11497,2023-09-23,2023-09,CUST-1256,PROD-118,EMP-1009,REG-05,Direct Online,4,3637.18,0.22,11348.0,9986.24,1361.76,15319.8,Completed
ORD-SLUMP-11498,2023-09-23,2023-09,CUST-1049,PROD-119,EMP-1025,REG-05,Retail Store,4,3858.39,0.23,11883.84,10457.78,1426.06,16043.18,Completed
ORD-SLUMP-11499,2023-09-23,2023-09,CUST-1039,PROD-104,EMP-1002,REG-05,Direct Online,3,4018.63,0.34,7956.89,7002.06,954.83,10741.8,Completed
ORD-SLUMP-11500,2023-09-24,2023-09,CUST-1071,PROD-112,EMP-1028,REG-04,Retail Store,7,3819.89,0.23,20589.21,18118.5,2470.71,27795.43,Completed
ORD-SLUMP-11501,2023-09-24,2023-09,CUST-1104,PROD-115,EMP-1022,REG-05,Field Sales,6,3212.58,0.37,12143.55,10686.32,1457.23,16393.79,Completed
ORD-SLUMP-11502,2023-09-25,2023-09,CUST-1241,PROD-117,EMP-1025,REG-03,Retail Store,6,2334.07,0.4,8402.65,7394.33,1008.32,11343.58,Completed
ORD-SLUMP-11503,2023-09-25,2023-09,CUST-1112,PROD-101,EMP-1022,REG-04,Direct Online,1,981.81,0.37,618.54,544.32,74.22,835.03,Completed
ORD-SLUMP-11504,2023-09-25,2023-09,CUST-1030,PROD-101,EMP-1027,REG-01,Enterprise Partner,6,2690.82,0.26,11947.24,10513.57,1433.67,16128.77,Completed
ORD-SLUMP-11505,2023-09-26,2023-09,CUST-1298,PROD-116,EMP-1022,REG-04,Direct Online,2,1786.51,0.35,2322.46,2043.76,278.7,3135.32,Completed
ORD-SLUMP-11506,2023-09-26,2023-09,CUST-1076,PROD-103,EMP-1019,REG-03,Retail Store,5,2052.69,0.22,8005.49,7044.83,960.66,10807.41,Completed
ORD-SLUMP-11507,2023-09-26,2023-09,CUST-1027,PROD-101,EMP-1008,REG-01,Direct Online,4,3147.85,0.4,7554.84,6648.26,906.58,10199.03,Completed
ORD-SLUMP-11508,2023-09-27,2023-09,CUST-1030,PROD-105,EMP-1020,REG-02,Retail Store,1,3494.49,0.25,2620.87,2306.37,314.5,3538.17,Completed
ORD-SLUMP-11509,2023-09-27,2023-09,CUST-1188,PROD-109,EMP-1001,REG-05,Direct Online,4,3070.78,0.3,8598.18,7566.4,1031.78,11607.54,Completed
ORD-SLUMP-11510,2023-09-27,2023-09,CUST-1292,PROD-105,EMP-1010,REG-02,Field Sales,7,2477.32,0.28,12485.69,10987.41,1498.28,16855.68,Completed
ORD-SLUMP-11511,2023-09-27,2023-09,CUST-1046,PROD-110,EMP-1021,REG-05,Retail Store,1,828.77,0.37,522.13,459.47,62.66,704.88,Completed
ORD-SLUMP-11512,2023-09-28,2023-09,CUST-1173,PROD-102,EMP-1013,REG-04,Enterprise Partner,4,3151.61,0.32,8572.38,7543.69,1028.69,11572.71,Completed
ORD-SLUMP-11513,2023-09-28,2023-09,CUST-1009,PROD-101,EMP-1016,REG-04,Direct Online,7,1172.33,0.3,5744.42,5055.09,689.33,7754.97,Completed
ORD-SLUMP-11514,2023-09-28,2023-09,CUST-1243,PROD-102,EMP-1008,REG-03,Enterprise Partner,3,2261.06,0.37,4273.4,3760.59,512.81,5769.09,Completed
ORD-SLUMP-11515,2023-09-29,2023-09,CUST-1131,PROD-110,EMP-1007,REG-05,Field Sales,1,4098.25,0.4,2458.95,2163.88,295.07,3319.58,Completed
ORD-SLUMP-11516,2023-09-29,2023-09,CUST-1272,PROD-104,EMP-1023,REG-05,Direct Online,7,2870.11,0.3,14063.54,12375.92,1687.62,18985.78,Completed
ORD-SLUMP-11517,2023-09-29,2023-09,CUST-1250,PROD-110,EMP-1021,REG-04,Field Sales,7,3260.03,0.38,14148.53,12450.71,1697.82,19100.52,Completed
ORD-SLUMP-11518,2023-09-29,2023-09,CUST-1175,PROD-101,EMP-1027,REG-01,Field Sales,4,2622.09,0.39,6397.9,5630.15,767.75,8637.17,Completed
ORD-SLUMP-11519,2023-09-29,2023-09,CUST-1144,PROD-113,EMP-1024,REG-04,Retail Store,4,4296.52,0.36,10999.09,9679.2,1319.89,14848.77,Completed
ORD-SLUMP-11520,2023-09-30,2023-09,CUST-1067,PROD-117,EMP-1019,REG-05,Direct Online,4,4492.37,0.22,14016.19,12334.25,1681.94,18921.86,Completed
ORD-SLUMP-11521,2023-09-30,2023-09,CUST-1247,PROD-114,EMP-1023,REG-02,Field Sales,6,1015.98,0.23,4693.83,4130.57,563.26,6336.67,Completed
ORD-SLUMP-11522,2023-09-30,2023-09,CUST-1236,PROD-117,EMP-1017,REG-05,Retail Store,5,1695.95,0.28,6105.42,5372.77,732.65,8242.32,Completed
ORD-SLUMP-11523,2023-09-30,2023-09,CUST-1076,PROD-101,EMP-1001,REG-02,Field Sales,2,3169.23,0.25,4753.84,4183.38,570.46,6417.68,Completed
ORD-SLUMP-11524,2023-09-30,2023-09,CUST-1242,PROD-106,EMP-1011,REG-05,Retail Store,5,3599.4,0.29,12777.87,11244.53,1533.34,17250.12,Completed
ORD-SLUMP-11525,2023-09-30,2023-09,CUST-1096,PROD-112,EMP-1022,REG-03,Retail Store,4,1738.39,0.34,4589.35,4038.63,550.72,6195.62,Completed
ORD-SLUMP-11526,2023-09-30,2023-09,CUST-1176,PROD-109,EMP-1027,REG-02,Retail Store,3,894.7,0.29,1905.71,1677.02,228.69,2572.71,Completed
ORD-SLUMP-11527,2023-09-30,2023-09,CUST-1121,PROD-107,EMP-1018,REG-04,Direct Online,5,4465.02,0.39,13618.31,11984.11,1634.2,18384.72,Completed
ORD-SLUMP-11528,2023-09-30,2023-09,CUST-1127,PROD-118,EMP-1006,REG-05,Enterprise Partner,6,2376.14,0.38,8839.24,7778.53,1060.71,11932.97,Completed
ORD-SLUMP-11529,2023-09-30,2023-09,CUST-1104,PROD-108,EMP-1008,REG-04,Field Sales,4,1415.02,0.36,3622.45,3187.76,434.69,4890.31,Completed
ORD-SLUMP-11530,2023-10-01,2023-10,CUST-1132,PROD-112,EMP-1020,REG-05,Field Sales,5,2625.42,0.35,8532.62,7508.71,1023.91,11519.04,Completed
ORD-SLUMP-11531,2023-10-01,2023-10,CUST-1026,PROD-119,EMP-1014,REG-05,Field Sales,1,976.83,0.26,722.85,636.11,86.74,975.85,Completed
ORD-SLUMP-11532,2023-10-01,2023-10,CUST-1041,PROD-106,EMP-1028,REG-03,Direct Online,1,2889.92,0.26,2138.54,1881.92,256.62,2887.03,Completed
ORD-SLUMP-11533,2023-10-01,2023-10,CUST-1224,PROD-112,EMP-1002,REG-01,Enterprise Partner,2,2154.2,0.33,2886.63,2540.23,346.4,3896.95,Completed
ORD-SLUMP-11534,2023-10-01,2023-10,CUST-1139,PROD-115,EMP-1024,REG-01,Direct Online,5,3425.67,0.28,12332.41,10852.52,1479.89,16648.75,Completed
ORD-SLUMP-11535,2023-10-01,2023-10,CUST-1255,PROD-119,EMP-1018,REG-02,Retail Store,5,2340.52,0.21,9245.05,8135.64,1109.41,12480.82,Completed
ORD-SLUMP-11536,2023-10-02,2023-10,CUST-1117,PROD-115,EMP-1021,REG-05,Direct Online,7,1514.24,0.35,6889.79,6063.02,826.77,9301.22,Completed
ORD-SLUMP-11537,2023-10-03,2023-10,CUST-1189,PROD-113,EMP-1029,REG-04,Direct Online,5,3611.82,0.2,14447.28,12713.61,1733.67,19503.83,Completed
ORD-SLUMP-11538,2023-10-03,2023-10,CUST-1204,PROD-107,EMP-1010,REG-04,Field Sales,5,4219.88,0.26,15613.56,13739.93,1873.63,21078.31,Completed
ORD-SLUMP-11539,2023-10-03,2023-10,CUST-1244,PROD-101,EMP-1006,REG-04,Enterprise Partner,1,4064.53,0.34,2682.59,2360.68,321.91,3621.5,Completed
ORD-SLUMP-11540,2023-10-03,2023-10,CUST-1123,PROD-119,EMP-1004,REG-01,Field Sales,5,2927.57,0.21,11563.9,10176.23,1387.67,15611.27,Completed
ORD-SLUMP-11541,2023-10-03,2023-10,CUST-1295,PROD-105,EMP-1005,REG-05,Retail Store,2,1043.7,0.31,1440.31,1267.47,172.84,1944.42,Completed
ORD-SLUMP-11542,2023-10-04,2023-10,CUST-1250,PROD-108,EMP-1021,REG-01,Field Sales,7,2051.7,0.29,10196.95,8973.32,1223.63,13765.88,Completed
ORD-SLUMP-11543,2023-10-04,2023-10,CUST-1006,PROD-112,EMP-1008,REG-01,Direct Online,5,1727.17,0.34,5699.66,5015.7,683.96,7694.54,Completed
ORD-SLUMP-11544,2023-10-04,2023-10,CUST-1009,PROD-103,EMP-1010,REG-01,Retail Store,5,2838.86,0.36,9084.35,7994.23,1090.12,12263.87,Completed
ORD-SLUMP-11545,2023-10-04,2023-10,CUST-1194,PROD-117,EMP-1004,REG-04,Field Sales,4,1998.27,0.29,5675.09,4994.08,681.01,7661.37,Completed
ORD-SLUMP-11546,2023-10-04,2023-10,CUST-1241,PROD-110,EMP-1026,REG-04,Field Sales,5,1801.99,0.36,5766.37,5074.41,691.96,7784.6,Completed
ORD-SLUMP-11547,2023-10-04,2023-10,CUST-1103,PROD-114,EMP-1026,REG-02,Enterprise Partner,6,4075.58,0.27,17851.04,15708.92,2142.12,24098.9,Completed
ORD-SLUMP-11548,2023-10-04,2023-10,CUST-1277,PROD-108,EMP-1027,REG-05,Field Sales,3,3498.34,0.29,7451.46,6557.28,894.18,10059.47,Completed
ORD-SLUMP-11549,2023-10-04,2023-10,CUST-1278,PROD-110,EMP-1009,REG-01,Direct Online,5,2818.61,0.27,10287.93,9053.38,1234.55,13888.71,Completed
ORD-SLUMP-11550,2023-10-05,2023-10,CUST-1192,PROD-114,EMP-1011,REG-04,Enterprise Partner,6,4321.13,0.23,19963.62,17567.99,2395.63,26950.89,Completed
ORD-SLUMP-11551,2023-10-05,2023-10,CUST-1100,PROD-117,EMP-1014,REG-05,Retail Store,3,2051.8,0.27,4493.44,3954.23,539.21,6066.14,Completed
ORD-SLUMP-11552,2023-10-05,2023-10,CUST-1022,PROD-109,EMP-1009,REG-05,Direct Online,4,1910.98,0.33,5121.43,4506.86,614.57,6913.93,Completed
ORD-SLUMP-11553,2023-10-06,2023-10,CUST-1094,PROD-119,EMP-1027,REG-02,Enterprise Partner,3,3688.01,0.27,8076.74,7107.53,969.21,10903.6,Completed
ORD-SLUMP-11554,2023-10-06,2023-10,CUST-1169,PROD-101,EMP-1011,REG-01,Direct Online,2,1685.99,0.21,2663.86,2344.2,319.66,3596.21,Completed
ORD-SLUMP-11555,2023-10-07,2023-10,CUST-1247,PROD-104,EMP-1001,REG-04,Enterprise Partner,6,3451.63,0.33,13875.55,12210.48,1665.07,18731.99,Completed
ORD-SLUMP-11556,2023-10-07,2023-10,CUST-1164,PROD-111,EMP-1019,REG-04,Field Sales,5,1375.52,0.33,4607.99,4055.03,552.96,6220.79,Completed
ORD-SLUMP-11557,2023-10-07,2023-10,CUST-1194,PROD-101,EMP-1013,REG-02,Direct Online,3,4184.26,0.31,8661.42,7622.05,1039.37,11692.92,Completed
ORD-SLUMP-11558,2023-10-07,2023-10,CUST-1252,PROD-103,EMP-1014,REG-04,Retail Store,2,2163.28,0.37,2725.73,2398.64,327.09,3679.74,Completed
ORD-SLUMP-11559,2023-10-07,2023-10,CUST-1298,PROD-111,EMP-1006,REG-05,Retail Store,4,1482.01,0.31,4090.35,3599.51,490.84,5521.97,Completed
ORD-SLUMP-11560,2023-10-07,2023-10,CUST-1055,PROD-112,EMP-1019,REG-02,Direct Online,4,4052.05,0.34,10697.41,9413.72,1283.69,14441.5,Completed
ORD-SLUMP-11561,2023-10-08,2023-10,CUST-1045,PROD-117,EMP-1029,REG-05,Retail Store,7,3260.97,0.31,15750.49,13860.43,1890.06,21263.16,Completed
ORD-SLUMP-11562,2023-10-08,2023-10,CUST-1254,PROD-102,EMP-1009,REG-05,Enterprise Partner,1,2719.56,0.39,1658.93,1459.86,199.07,2239.56,Completed
ORD-SLUMP-11563,2023-10-08,2023-10,CUST-1204,PROD-114,EMP-1027,REG-05,Direct Online,2,2030.82,0.33,2721.3,2394.74,326.56,3673.76,Completed
ORD-SLUMP-11564,2023-10-08,2023-10,CUST-1158,PROD-104,EMP-1027,REG-02,Enterprise Partner,4,3971.8,0.22,12392.02,10904.98,1487.04,16729.23,Completed
ORD-SLUMP-11565,2023-10-08,2023-10,CUST-1262,PROD-118,EMP-1024,REG-05,Enterprise Partner,4,1251.77,0.38,3104.39,2731.86,372.53,4190.93,Completed
ORD-SLUMP-11566,2023-10-08,2023-10,CUST-1121,PROD-111,EMP-1010,REG-04,Field Sales,7,4428.01,0.33,20767.37,18275.29,2492.08,28035.95,Completed
ORD-SLUMP-11567,2023-10-08,2023-10,CUST-1268,PROD-113,EMP-1012,REG-04,Retail Store,1,3480.51,0.4,2088.31,1837.71,250.6,2819.22,Completed
ORD-SLUMP-11568,2023-10-08,2023-10,CUST-1044,PROD-119,EMP-1018,REG-04,Direct Online,5,3988.54,0.31,13760.46,12109.2,1651.26,18576.62,Completed
ORD-SLUMP-11569,2023-10-09,2023-10,CUST-1041,PROD-115,EMP-1026,REG-05,Retail Store,5,4357.87,0.38,13509.4,11888.27,1621.13,18237.69,Completed
ORD-SLUMP-11570,2023-10-09,2023-10,CUST-1252,PROD-106,EMP-1009,REG-04,Direct Online,2,4492.19,0.2,7187.5,6325.0,862.5,9703.12,Completed
ORD-SLUMP-11571,2023-10-09,2023-10,CUST-1298,PROD-118,EMP-1018,REG-03,Retail Store,7,3618.29,0.28,18236.18,16047.84,2188.34,24618.84,Completed
ORD-SLUMP-11572,2023-10-09,2023-10,CUST-1019,PROD-115,EMP-1008,REG-05,Retail Store,1,3506.61,0.24,2665.02,2345.22,319.8,3597.78,Completed
ORD-SLUMP-11573,2023-10-09,2023-10,CUST-1007,PROD-105,EMP-1017,REG-02,Enterprise Partner,3,1756.19,0.35,3424.57,3013.62,410.95,4623.17,Completed
ORD-SLUMP-11574,2023-10-09,2023-10,CUST-1249,PROD-118,EMP-1027,REG-03,Field Sales,2,2794.75,0.38,3465.49,3049.63,415.86,4678.41,Completed
ORD-SLUMP-11575,2023-10-09,2023-10,CUST-1232,PROD-112,EMP-1024,REG-01,Direct Online,6,3990.51,0.32,16281.28,14327.53,1953.75,21979.73,Completed
ORD-SLUMP-11576,2023-10-09,2023-10,CUST-1076,PROD-103,EMP-1017,REG-02,Direct Online,1,1782.26,0.3,1247.58,1097.87,149.71,1684.23,Completed
ORD-SLUMP-11577,2023-10-10,2023-10,CUST-1055,PROD-111,EMP-1017,REG-02,Enterprise Partner,5,3263.55,0.22,12727.84,11200.5,1527.34,17182.58,Completed
ORD-SLUMP-11578,2023-10-10,2023-10,CUST-1230,PROD-115,EMP-1013,REG-03,Enterprise Partner,7,2436.02,0.32,11595.46,10204.0,1391.46,15653.87,Completed
ORD-SLUMP-11579,2023-10-10,2023-10,CUST-1247,PROD-115,EMP-1019,REG-05,Retail Store,1,3680.54,0.24,2797.21,2461.54,335.67,3776.23,Completed
ORD-SLUMP-11580,2023-10-10,2023-10,CUST-1249,PROD-102,EMP-1008,REG-04,Field Sales,4,3400.39,0.35,8841.01,7780.09,1060.92,11935.36,Completed
ORD-SLUMP-11581,2023-10-10,2023-10,CUST-1161,PROD-105,EMP-1004,REG-03,Retail Store,3,4474.45,0.24,10201.75,8977.54,1224.21,13772.36,Completed
ORD-SLUMP-11582,2023-10-10,2023-10,CUST-1264,PROD-116,EMP-1008,REG-04,Field Sales,7,4185.45,0.22,22852.56,20110.25,2742.31,30850.96,Completed
ORD-SLUMP-11583,2023-10-11,2023-10,CUST-1293,PROD-117,EMP-1026,REG-03,Enterprise Partner,3,1100.86,0.38,2047.6,1801.89,245.71,2764.26,Completed
ORD-SLUMP-11584,2023-10-11,2023-10,CUST-1292,PROD-108,EMP-1004,REG-02,Direct Online,1,1792.88,0.4,1075.73,946.64,129.09,1452.24,Completed
ORD-SLUMP-11585,2023-10-11,2023-10,CUST-1116,PROD-117,EMP-1012,REG-05,Enterprise Partner,5,3242.51,0.21,12807.91,11270.96,1536.95,17290.68,Completed
ORD-SLUMP-11586,2023-10-11,2023-10,CUST-1257,PROD-105,EMP-1019,REG-02,Field Sales,2,1559.7,0.27,2277.16,2003.9,273.26,3074.17,Completed
ORD-SLUMP-11587,2023-10-11,2023-10,CUST-1276,PROD-112,EMP-1006,REG-04,Direct Online,3,1579.75,0.37,2985.73,2627.44,358.29,4030.74,Completed
ORD-SLUMP-11588,2023-10-11,2023-10,CUST-1011,PROD-118,EMP-1005,REG-03,Direct Online,5,4313.22,0.32,14664.95,12905.16,1759.79,19797.68,Completed
ORD-SLUMP-11589,2023-10-11,2023-10,CUST-1069,PROD-116,EMP-1003,REG-04,Field Sales,4,3222.2,0.27,9408.82,8279.76,1129.06,12701.91,Completed
ORD-SLUMP-11590,2023-10-12,2023-10,CUST-1205,PROD-105,EMP-1026,REG-05,Field Sales,7,4105.36,0.22,22415.27,19725.44,2689.83,30260.61,Completed
ORD-SLUMP-11591,2023-10-12,2023-10,CUST-1028,PROD-113,EMP-1021,REG-01,Field Sales,2,2915.73,0.35,3790.45,3335.6,454.85,5117.11,Completed
ORD-SLUMP-11592,2023-10-12,2023-10,CUST-1218,PROD-117,EMP-1004,REG-04,Field Sales,5,1189.49,0.34,3925.32,3454.28,471.04,5299.18,Completed
ORD-SLUMP-11593,2023-10-12,2023-10,CUST-1186,PROD-104,EMP-1021,REG-03,Direct Online,2,4225.42,0.34,5577.55,4908.24,669.31,7529.69,Completed
ORD-SLUMP-11594,2023-10-12,2023-10,CUST-1264,PROD-116,EMP-1026,REG-04,Retail Store,4,4303.56,0.32,11705.68,10301.0,1404.68,15802.67,Completed
ORD-SLUMP-11595,2023-10-12,2023-10,CUST-1230,PROD-101,EMP-1025,REG-02,Enterprise Partner,3,2975.97,0.37,5624.58,4949.63,674.95,7593.18,Completed
ORD-SLUMP-11596,2023-10-12,2023-10,CUST-1111,PROD-116,EMP-1016,REG-04,Direct Online,3,3111.97,0.31,6441.78,5668.77,773.01,8696.4,Completed
ORD-SLUMP-11597,2023-10-13,2023-10,CUST-1013,PROD-101,EMP-1022,REG-05,Enterprise Partner,2,3449.63,0.36,4415.53,3885.67,529.86,5960.97,Completed
ORD-SLUMP-11598,2023-10-13,2023-10,CUST-1175,PROD-111,EMP-1001,REG-03,Field Sales,3,1819.3,0.25,4093.42,3602.21,491.21,5526.12,Completed
ORD-SLUMP-11599,2023-10-13,2023-10,CUST-1153,PROD-119,EMP-1004,REG-04,Enterprise Partner,2,1570.14,0.2,2512.22,2210.75,301.47,3391.5,Completed
ORD-SLUMP-11600,2023-10-13,2023-10,CUST-1274,PROD-113,EMP-1002,REG-01,Retail Store,3,1124.19,0.33,2259.62,1988.47,271.15,3050.49,Completed
ORD-SLUMP-11601,2023-10-13,2023-10,CUST-1143,PROD-119,EMP-1002,REG-04,Retail Store,2,2565.37,0.25,3848.06,3386.29,461.77,5194.88,Completed
ORD-SLUMP-11602,2023-10-13,2023-10,CUST-1261,PROD-101,EMP-1005,REG-02,Direct Online,2,976.73,0.28,1406.49,1237.71,168.78,1898.76,Completed
ORD-SLUMP-11603,2023-10-14,2023-10,CUST-1132,PROD-119,EMP-1010,REG-02,Direct Online,1,3429.61,0.38,2126.36,1871.2,255.16,2870.59,Completed
ORD-SLUMP-11604,2023-10-14,2023-10,CUST-1059,PROD-104,EMP-1013,REG-01,Enterprise Partner,3,3262.57,0.21,7732.29,6804.42,927.87,10438.59,Completed
ORD-SLUMP-11605,2023-10-14,2023-10,CUST-1200,PROD-103,EMP-1009,REG-01,Direct Online,1,1342.73,0.33,899.63,791.67,107.96,1214.5,Completed
ORD-SLUMP-11606,2023-10-14,2023-10,CUST-1030,PROD-118,EMP-1003,REG-02,Enterprise Partner,7,2625.3,0.23,14150.37,12452.33,1698.04,19103.0,Completed
ORD-SLUMP-11607,2023-10-15,2023-10,CUST-1128,PROD-101,EMP-1016,REG-02,Field Sales,6,2538.1,0.23,11726.02,10318.9,1407.12,15830.13,Completed
ORD-SLUMP-11608,2023-10-15,2023-10,CUST-1231,PROD-115,EMP-1005,REG-04,Retail Store,3,3604.27,0.31,7460.84,6565.54,895.3,10072.13,Completed
ORD-SLUMP-11609,2023-10-15,2023-10,CUST-1229,PROD-114,EMP-1029,REG-05,Enterprise Partner,5,4150.59,0.24,15772.24,13879.57,1892.67,21292.52,Completed
ORD-SLUMP-11610,2023-10-15,2023-10,CUST-1295,PROD-108,EMP-1018,REG-01,Field Sales,4,2357.22,0.31,6505.93,5725.22,780.71,8783.01,Completed
ORD-SLUMP-11611,2023-10-15,2023-10,CUST-1208,PROD-119,EMP-1018,REG-03,Field Sales,3,4190.71,0.22,9806.26,8629.51,1176.75,13238.45,Completed
ORD-SLUMP-11612,2023-10-15,2023-10,CUST-1293,PROD-107,EMP-1006,REG-02,Field Sales,5,852.4,0.36,2727.68,2400.36,327.32,3682.37,Completed
ORD-SLUMP-11613,2023-10-16,2023-10,CUST-1086,PROD-116,EMP-1012,REG-05,Enterprise Partner,7,1305.35,0.37,5756.59,5065.8,690.79,7771.4,Completed
ORD-SLUMP-11614,2023-10-16,2023-10,CUST-1255,PROD-117,EMP-1017,REG-01,Field Sales,3,3379.46,0.35,6589.95,5799.16,790.79,8896.43,Completed
ORD-SLUMP-11615,2023-10-16,2023-10,CUST-1079,PROD-110,EMP-1006,REG-05,Direct Online,1,4131.09,0.22,3222.25,2835.58,386.67,4350.04,Completed
ORD-SLUMP-11616,2023-10-16,2023-10,CUST-1097,PROD-101,EMP-1018,REG-03,Retail Store,3,2432.28,0.22,5691.54,5008.56,682.98,7683.58,Completed
ORD-SLUMP-11617,2023-10-16,2023-10,CUST-1262,PROD-110,EMP-1028,REG-03,Direct Online,4,1697.76,0.25,5093.28,4482.09,611.19,6875.93,Completed
ORD-SLUMP-11618,2023-10-17,2023-10,CUST-1033,PROD-115,EMP-1014,REG-01,Direct Online,5,2001.84,0.37,6305.8,5549.1,756.7,8512.83,Completed
ORD-SLUMP-11619,2023-10-17,2023-10,CUST-1275,PROD-107,EMP-1026,REG-04,Direct Online,4,994.36,0.35,2585.34,2275.1,310.24,3490.21,Completed
ORD-SLUMP-11620,2023-10-17,2023-10,CUST-1073,PROD-119,EMP-1011,REG-05,Retail Store,2,1856.8,0.32,2525.25,2222.22,303.03,3409.09,Completed
ORD-SLUMP-11621,2023-10-18,2023-10,CUST-1189,PROD-112,EMP-1004,REG-02,Direct Online,1,3796.4,0.38,2353.77,2071.32,282.45,3177.59,Completed
ORD-SLUMP-11622,2023-10-18,2023-10,CUST-1279,PROD-107,EMP-1002,REG-02,Direct Online,1,2817.16,0.37,1774.81,1561.83,212.98,2395.99,Completed
ORD-SLUMP-11623,2023-10-18,2023-10,CUST-1024,PROD-106,EMP-1015,REG-05,Retail Store,1,4161.07,0.23,3204.02,2819.54,384.48,4325.43,Completed
ORD-SLUMP-11624,2023-10-18,2023-10,CUST-1149,PROD-102,EMP-1021,REG-03,Enterprise Partner,1,2870.83,0.34,1894.75,1667.38,227.37,2557.91,Completed
ORD-SLUMP-11625,2023-10-18,2023-10,CUST-1218,PROD-103,EMP-1012,REG-03,Enterprise Partner,6,3913.93,0.38,14559.82,12812.64,1747.18,19655.76,Completed
ORD-SLUMP-11626,2023-10-19,2023-10,CUST-1016,PROD-109,EMP-1027,REG-01,Retail Store,3,3178.48,0.27,6960.87,6125.57,835.3,9397.17,Completed
ORD-SLUMP-11627,2023-10-19,2023-10,CUST-1080,PROD-103,EMP-1020,REG-02,Field Sales,5,4293.34,0.31,14812.02,13034.58,1777.44,19996.23,Completed
ORD-SLUMP-11628,2023-10-19,2023-10,CUST-1279,PROD-111,EMP-1004,REG-03,Retail Store,1,1393.93,0.24,1059.39,932.26,127.13,1430.18,Completed
ORD-SLUMP-11629,2023-10-20,2023-10,CUST-1074,PROD-103,EMP-1009,REG-05,Enterprise Partner,4,1002.43,0.31,2766.71,2434.7,332.01,3735.06,Completed
ORD-SLUMP-11630,2023-10-20,2023-10,CUST-1153,PROD-101,EMP-1022,REG-04,Direct Online,7,2978.33,0.34,13759.88,12108.69,1651.19,18575.84,Completed
ORD-SLUMP-11631,2023-10-20,2023-10,CUST-1220,PROD-114,EMP-1018,REG-05,Field Sales,6,1818.58,0.33,7310.69,6433.41,877.28,9869.43,Completed
ORD-SLUMP-11632,2023-10-20,2023-10,CUST-1153,PROD-115,EMP-1029,REG-01,Direct Online,1,3629.4,0.35,2359.11,2076.02,283.09,3184.8,Completed
ORD-SLUMP-11633,2023-10-20,2023-10,CUST-1266,PROD-110,EMP-1016,REG-03,Enterprise Partner,6,2762.37,0.39,10110.27,8897.04,1213.23,13648.86,Completed
ORD-SLUMP-11634,2023-10-20,2023-10,CUST-1274,PROD-105,EMP-1015,REG-03,Enterprise Partner,2,2815.58,0.28,4054.44,3567.91,486.53,5473.49,Completed
ORD-SLUMP-11635,2023-10-21,2023-10,CUST-1089,PROD-104,EMP-1010,REG-02,Direct Online,5,4484.79,0.36,14351.33,12629.17,1722.16,19374.3,Completed
ORD-SLUMP-11636,2023-10-21,2023-10,CUST-1254,PROD-101,EMP-1029,REG-03,Retail Store,5,3039.44,0.22,11853.82,10431.36,1422.46,16002.66,Completed
ORD-SLUMP-11637,2023-10-21,2023-10,CUST-1203,PROD-105,EMP-1026,REG-05,Retail Store,1,1612.26,0.23,1241.44,1092.47,148.97,1675.94,Completed
ORD-SLUMP-11638,2023-10-21,2023-10,CUST-1121,PROD-104,EMP-1008,REG-03,Direct Online,3,2906.28,0.22,6800.7,5984.62,816.08,9180.94,Completed
ORD-SLUMP-11639,2023-10-21,2023-10,CUST-1255,PROD-117,EMP-1005,REG-01,Field Sales,3,1478.79,0.3,3105.46,2732.8,372.66,4192.37,Completed
ORD-SLUMP-11640,2023-10-21,2023-10,CUST-1239,PROD-102,EMP-1028,REG-05,Direct Online,2,955.91,0.21,1510.34,1329.1,181.24,2038.96,Completed
ORD-SLUMP-11641,2023-10-22,2023-10,CUST-1016,PROD-109,EMP-1025,REG-05,Retail Store,5,1697.01,0.21,6703.19,5898.81,804.38,9049.31,Completed
ORD-SLUMP-11642,2023-10-22,2023-10,CUST-1164,PROD-106,EMP-1003,REG-05,Field Sales,1,2189.06,0.27,1598.01,1406.25,191.76,2157.31,Completed
ORD-SLUMP-11643,2023-10-22,2023-10,CUST-1283,PROD-117,EMP-1008,REG-03,Direct Online,3,3661.8,0.22,8568.61,7540.38,1028.23,11567.62,Completed
ORD-SLUMP-11644,2023-10-22,2023-10,CUST-1173,PROD-114,EMP-1015,REG-03,Enterprise Partner,1,1858.38,0.34,1226.53,1079.35,147.18,1655.82,Completed
ORD-SLUMP-11645,2023-10-22,2023-10,CUST-1050,PROD-110,EMP-1001,REG-01,Field Sales,1,3486.94,0.27,2545.47,2240.01,305.46,3436.38,Completed
ORD-SLUMP-11646,2023-10-22,2023-10,CUST-1267,PROD-101,EMP-1013,REG-01,Retail Store,1,4360.61,0.38,2703.58,2379.15,324.43,3649.83,Completed
ORD-SLUMP-11647,2023-10-22,2023-10,CUST-1250,PROD-113,EMP-1026,REG-03,Direct Online,5,886.13,0.35,2879.92,2534.33,345.59,3887.89,Completed
ORD-SLUMP-11648,2023-10-22,2023-10,CUST-1205,PROD-102,EMP-1007,REG-05,Enterprise Partner,2,1637.79,0.24,2489.44,2190.71,298.73,3360.74,Completed
ORD-SLUMP-11649,2023-10-23,2023-10,CUST-1270,PROD-109,EMP-1002,REG-05,Retail Store,1,1419.4,0.33,951.0,836.88,114.12,1283.85,Completed
ORD-SLUMP-11650,2023-10-23,2023-10,CUST-1115,PROD-113,EMP-1011,REG-03,Direct Online,4,1933.39,0.36,4949.48,4355.54,593.94,6681.8,Completed
ORD-SLUMP-11651,2023-10-23,2023-10,CUST-1131,PROD-108,EMP-1025,REG-02,Retail Store,3,1115.1,0.22,2609.33,2296.21,313.12,3522.6,Completed
ORD-SLUMP-11652,2023-10-23,2023-10,CUST-1207,PROD-113,EMP-1020,REG-01,Field Sales,7,1530.03,0.23,8246.86,7257.24,989.62,11133.26,Completed
ORD-SLUMP-11653,2023-10-23,2023-10,CUST-1038,PROD-106,EMP-1013,REG-02,Direct Online,4,1912.91,0.34,5050.08,4444.07,606.01,6817.61,Completed
ORD-SLUMP-11654,2023-10-23,2023-10,CUST-1012,PROD-113,EMP-1003,REG-03,Retail Store,2,2400.61,0.27,3504.89,3084.3,420.59,4731.6,Completed
ORD-SLUMP-11655,2023-10-24,2023-10,CUST-1043,PROD-108,EMP-1018,REG-04,Enterprise Partner,1,968.74,0.22,755.62,664.95,90.67,1020.09,Completed
ORD-SLUMP-11656,2023-10-24,2023-10,CUST-1156,PROD-103,EMP-1013,REG-02,Retail Store,6,3496.47,0.31,14475.39,12738.34,1737.05,19541.78,Completed
ORD-SLUMP-11657,2023-10-24,2023-10,CUST-1289,PROD-102,EMP-1028,REG-02,Field Sales,2,2781.48,0.27,4060.96,3573.64,487.32,5482.3,Completed
ORD-SLUMP-11658,2023-10-24,2023-10,CUST-1254,PROD-119,EMP-1024,REG-04,Enterprise Partner,6,3960.74,0.34,15684.53,13802.39,1882.14,21174.12,Completed
ORD-SLUMP-11659,2023-10-24,2023-10,CUST-1185,PROD-117,EMP-1013,REG-05,Enterprise Partner,7,2580.37,0.37,11379.43,10013.9,1365.53,15362.23,Completed
ORD-SLUMP-11660,2023-10-25,2023-10,CUST-1036,PROD-112,EMP-1004,REG-03,Enterprise Partner,3,3497.18,0.36,6714.59,5908.84,805.75,9064.7,Completed
ORD-SLUMP-11661,2023-10-25,2023-10,CUST-1115,PROD-112,EMP-1006,REG-02,Field Sales,6,1277.97,0.39,4677.37,4116.09,561.28,6314.45,Completed
ORD-SLUMP-11662,2023-10-25,2023-10,CUST-1190,PROD-105,EMP-1017,REG-02,Direct Online,1,1348.88,0.23,1038.64,914.0,124.64,1402.16,Completed
ORD-SLUMP-11663,2023-10-26,2023-10,CUST-1063,PROD-116,EMP-1001,REG-04,Direct Online,4,1765.02,0.26,5224.46,4597.52,626.94,7053.02,Completed
ORD-SLUMP-11664,2023-10-26,2023-10,CUST-1222,PROD-101,EMP-1019,REG-02,Direct Online,7,1070.82,0.27,5471.89,4815.26,656.63,7387.05,Completed
ORD-SLUMP-11665,2023-10-26,2023-10,CUST-1008,PROD-108,EMP-1007,REG-01,Enterprise Partner,7,3407.93,0.39,14551.86,12805.64,1746.22,19645.01,Completed
ORD-SLUMP-11666,2023-10-26,2023-10,CUST-1204,PROD-104,EMP-1027,REG-02,Field Sales,5,2493.23,0.38,7729.01,6801.53,927.48,10434.16,Completed
ORD-SLUMP-11667,2023-10-26,2023-10,CUST-1258,PROD-118,EMP-1007,REG-03,Field Sales,4,3942.96,0.28,11355.72,9993.03,1362.69,15330.22,Completed
ORD-SLUMP-11668,2023-10-27,2023-10,CUST-1128,PROD-119,EMP-1010,REG-03,Direct Online,7,1271.65,0.37,5607.98,4935.02,672.96,7570.77,Completed
ORD-SLUMP-11669,2023-10-27,2023-10,CUST-1007,PROD-118,EMP-1010,REG-01,Retail Store,5,3662.01,0.27,13366.34,11762.38,1603.96,18044.56,Completed
ORD-SLUMP-11670,2023-10-27,2023-10,CUST-1053,PROD-101,EMP-1019,REG-02,Field Sales,7,2598.8,0.27,13279.87,11686.29,1593.58,17927.82,Completed
ORD-SLUMP-11671,2023-10-27,2023-10,CUST-1121,PROD-110,EMP-1013,REG-03,Field Sales,3,1203.42,0.35,2346.67,2065.07,281.6,3168.0,Completed
ORD-SLUMP-11672,2023-10-28,2023-10,CUST-1128,PROD-118,EMP-1005,REG-01,Enterprise Partner,3,2078.44,0.22,4863.55,4279.92,583.63,6565.79,Completed
ORD-SLUMP-11673,2023-10-28,2023-10,CUST-1031,PROD-110,EMP-1016,REG-01,Retail Store,1,861.1,0.24,654.44,575.91,78.53,883.49,Completed
ORD-SLUMP-11674,2023-10-29,2023-10,CUST-1211,PROD-111,EMP-1006,REG-02,Retail Store,5,1240.39,0.21,4899.54,4311.6,587.94,6614.38,Completed
ORD-SLUMP-11675,2023-10-29,2023-10,CUST-1293,PROD-113,EMP-1011,REG-02,Field Sales,6,4091.05,0.27,17918.8,15768.54,2150.26,24190.38,Completed
ORD-SLUMP-11676,2023-10-29,2023-10,CUST-1241,PROD-107,EMP-1026,REG-05,Field Sales,7,1108.31,0.38,4810.07,4232.86,577.21,6493.59,Completed
ORD-SLUMP-11677,2023-10-29,2023-10,CUST-1036,PROD-104,EMP-1002,REG-01,Retail Store,3,3654.29,0.3,7674.01,6753.13,920.88,10359.91,Completed
ORD-SLUMP-11678,2023-10-29,2023-10,CUST-1034,PROD-111,EMP-1005,REG-03,Retail Store,2,1037.96,0.34,1370.11,1205.7,164.41,1849.65,Completed
ORD-SLUMP-11679,2023-10-30,2023-10,CUST-1292,PROD-118,EMP-1027,REG-01,Retail Store,5,3315.37,0.29,11769.56,10357.21,1412.35,15888.91,Completed
ORD-SLUMP-11680,2023-10-30,2023-10,CUST-1251,PROD-119,EMP-1013,REG-02,Direct Online,1,2782.99,0.31,1920.26,1689.83,230.43,2592.35,Completed
ORD-SLUMP-11681,2023-10-30,2023-10,CUST-1237,PROD-107,EMP-1016,REG-04,Direct Online,5,2300.99,0.33,7708.32,6783.32,925.0,10406.23,Completed
ORD-SLUMP-11682,2023-10-30,2023-10,CUST-1213,PROD-118,EMP-1024,REG-02,Retail Store,3,2790.25,0.38,5189.86,4567.08,622.78,7006.31,Completed
ORD-SLUMP-11683,2023-10-30,2023-10,CUST-1164,PROD-106,EMP-1004,REG-01,Field Sales,1,1814.47,0.23,1397.14,1229.48,167.66,1886.14,Completed
ORD-SLUMP-11684,2023-10-30,2023-10,CUST-1191,PROD-105,EMP-1020,REG-01,Direct Online,2,1443.92,0.31,1992.61,1753.5,239.11,2690.02,Completed
ORD-SLUMP-11685,2023-10-30,2023-10,CUST-1214,PROD-113,EMP-1017,REG-01,Field Sales,3,3685.11,0.23,8512.6,7491.09,1021.51,11492.01,Completed
ORD-SLUMP-11686,2023-10-30,2023-10,CUST-1184,PROD-115,EMP-1025,REG-02,Field Sales,4,4466.48,0.27,13042.12,11477.07,1565.05,17606.86,Completed
ORD-SLUMP-11687,2023-10-31,2023-10,CUST-1262,PROD-102,EMP-1003,REG-01,Retail Store,5,1140.94,0.37,3593.96,3162.68,431.28,4851.85,Completed
ORD-SLUMP-11688,2023-10-31,2023-10,CUST-1167,PROD-117,EMP-1025,REG-01,Retail Store,6,4001.79,0.32,16327.3,14368.02,1959.28,22041.86,Completed
ORD-SLUMP-11689,2023-10-31,2023-10,CUST-1018,PROD-111,EMP-1022,REG-02,Direct Online,3,3409.19,0.32,6954.75,6120.18,834.57,9388.91,Completed
ORD-SLUMP-11690,2023-10-31,2023-10,CUST-1059,PROD-108,EMP-1003,REG-01,Retail Store,5,2086.73,0.27,7616.56,6702.57,913.99,10282.36,Completed
ORD-SLUMP-11691,2023-11-01,2023-11,CUST-1146,PROD-116,EMP-1018,REG-02,Enterprise Partner,1,3303.45,0.34,2180.28,1918.65,261.63,2943.38,Completed
ORD-SLUMP-11692,2023-11-01,2023-11,CUST-1161,PROD-116,EMP-1010,REG-01,Field Sales,2,905.57,0.39,1104.8,972.22,132.58,1491.48,Completed
ORD-SLUMP-11693,2023-11-01,2023-11,CUST-1229,PROD-112,EMP-1001,REG-03,Direct Online,5,804.45,0.36,2574.24,2265.33,308.91,3475.22,Completed
ORD-SLUMP-11694,2023-11-02,2023-11,CUST-1118,PROD-104,EMP-1001,REG-05,Enterprise Partner,4,3076.3,0.34,8121.43,7146.86,974.57,10963.93,Completed
ORD-SLUMP-11695,2023-11-02,2023-11,CUST-1039,PROD-101,EMP-1001,REG-04,Retail Store,2,2668.36,0.33,3575.6,3146.53,429.07,4827.06,Completed
ORD-SLUMP-11696,2023-11-02,2023-11,CUST-1006,PROD-112,EMP-1013,REG-04,Field Sales,6,1926.42,0.31,7975.38,7018.33,957.05,10766.76,Completed
ORD-SLUMP-11697,2023-11-02,2023-11,CUST-1143,PROD-105,EMP-1018,REG-04,Retail Store,6,3134.56,0.3,13165.15,11585.33,1579.82,17772.95,Completed
ORD-SLUMP-11698,2023-11-03,2023-11,CUST-1287,PROD-119,EMP-1026,REG-01,Enterprise Partner,2,3435.33,0.25,5153.0,4534.64,618.36,6956.55,Completed
ORD-SLUMP-11699,2023-11-03,2023-11,CUST-1229,PROD-113,EMP-1023,REG-03,Direct Online,2,2450.39,0.24,3724.59,3277.64,446.95,5028.2,Completed
ORD-SLUMP-11700,2023-11-03,2023-11,CUST-1239,PROD-112,EMP-1010,REG-02,Enterprise Partner,3,3247.53,0.35,6332.68,5572.76,759.92,8549.12,Completed
ORD-SLUMP-11701,2023-11-03,2023-11,CUST-1147,PROD-111,EMP-1024,REG-05,Retail Store,2,1491.73,0.26,2207.76,1942.83,264.93,2980.48,Completed
ORD-SLUMP-11702,2023-11-03,2023-11,CUST-1193,PROD-104,EMP-1019,REG-03,Field Sales,1,2615.89,0.36,1674.17,1473.27,200.9,2260.13,Completed
ORD-SLUMP-11703,2023-11-03,2023-11,CUST-1150,PROD-119,EMP-1028,REG-05,Enterprise Partner,2,2867.14,0.27,4186.02,3683.7,502.32,5651.13,Completed
ORD-SLUMP-11704,2023-11-03,2023-11,CUST-1087,PROD-101,EMP-1029,REG-03,Direct Online,5,1218.28,0.34,4020.32,3537.88,482.44,5427.43,Completed
ORD-SLUMP-11705,2023-11-04,2023-11,CUST-1233,PROD-103,EMP-1021,REG-02,Direct Online,7,4185.91,0.32,19924.93,17533.94,2390.99,26898.66,Completed
ORD-SLUMP-11706,2023-11-04,2023-11,CUST-1059,PROD-110,EMP-1007,REG-03,Field Sales,5,2917.26,0.4,8751.78,7701.57,1050.21,11814.9,Completed
ORD-SLUMP-11707,2023-11-04,2023-11,CUST-1140,PROD-113,EMP-1007,REG-04,Retail Store,1,3179.98,0.22,2480.38,2182.73,297.65,3348.51,Completed
ORD-SLUMP-11708,2023-11-04,2023-11,CUST-1201,PROD-116,EMP-1021,REG-05,Field Sales,5,1272.64,0.34,4199.71,3695.74,503.97,5669.61,Completed
ORD-SLUMP-11709,2023-11-04,2023-11,CUST-1082,PROD-117,EMP-1001,REG-02,Retail Store,4,3267.36,0.26,9671.39,8510.82,1160.57,13056.38,Completed
ORD-SLUMP-11710,2023-11-04,2023-11,CUST-1054,PROD-104,EMP-1020,REG-04,Retail Store,7,1595.52,0.31,7706.36,6781.6,924.76,10403.59,Completed
ORD-SLUMP-11711,2023-11-04,2023-11,CUST-1122,PROD-119,EMP-1025,REG-01,Field Sales,5,1959.96,0.31,6761.86,5950.44,811.42,9128.51,Completed
ORD-SLUMP-11712,2023-11-04,2023-11,CUST-1171,PROD-115,EMP-1027,REG-02,Enterprise Partner,6,3706.61,0.25,16679.74,14678.17,2001.57,22517.65,Completed
ORD-SLUMP-11713,2023-11-05,2023-11,CUST-1176,PROD-105,EMP-1012,REG-05,Field Sales,3,3218.96,0.26,7146.09,6288.56,857.53,9647.22,Completed
ORD-SLUMP-11714,2023-11-05,2023-11,CUST-1006,PROD-118,EMP-1025,REG-03,Enterprise Partner,6,2509.28,0.29,10689.53,9406.79,1282.74,14430.87,Completed
ORD-SLUMP-11715,2023-11-05,2023-11,CUST-1139,PROD-117,EMP-1001,REG-02,Field Sales,4,4235.8,0.37,10674.22,9393.31,1280.91,14410.2,Completed
ORD-SLUMP-11716,2023-11-05,2023-11,CUST-1015,PROD-111,EMP-1016,REG-02,Retail Store,1,2400.48,0.34,1584.32,1394.2,190.12,2138.83,Completed
ORD-SLUMP-11717,2023-11-05,2023-11,CUST-1027,PROD-119,EMP-1026,REG-05,Enterprise Partner,3,2834.46,0.35,5527.2,4863.94,663.26,7461.72,Completed
ORD-SLUMP-11718,2023-11-05,2023-11,CUST-1083,PROD-109,EMP-1017,REG-01,Retail Store,2,1400.96,0.31,1933.32,1701.32,232.0,2609.98,Completed
ORD-SLUMP-11719,2023-11-05,2023-11,CUST-1245,PROD-103,EMP-1021,REG-05,Field Sales,4,4337.25,0.35,11276.85,9923.63,1353.22,15223.75,Completed
ORD-SLUMP-11720,2023-11-05,2023-11,CUST-1075,PROD-107,EMP-1009,REG-02,Enterprise Partner,5,3755.55,0.27,13707.76,12062.83,1644.93,18505.48,Completed
ORD-SLUMP-11721,2023-11-06,2023-11,CUST-1287,PROD-107,EMP-1018,REG-01,Retail Store,1,4275.24,0.21,3377.44,2972.15,405.29,4559.54,Completed
ORD-SLUMP-11722,2023-11-06,2023-11,CUST-1253,PROD-111,EMP-1020,REG-03,Enterprise Partner,6,3579.53,0.32,14604.48,12851.94,1752.54,19716.05,Completed
ORD-SLUMP-11723,2023-11-06,2023-11,CUST-1098,PROD-112,EMP-1023,REG-01,Field Sales,1,3963.52,0.28,2853.73,2511.28,342.45,3852.54,Completed
ORD-SLUMP-11724,2023-11-06,2023-11,CUST-1123,PROD-107,EMP-1002,REG-01,Field Sales,5,2934.07,0.29,10415.95,9166.04,1249.91,14061.53,Completed
ORD-SLUMP-11725,2023-11-06,2023-11,CUST-1018,PROD-103,EMP-1010,REG-02,Enterprise Partner,2,838.38,0.31,1156.96,1018.12,138.84,1561.9,Completed
ORD-SLUMP-11726,2023-11-06,2023-11,CUST-1042,PROD-106,EMP-1003,REG-05,Retail Store,1,1493.71,0.3,1045.6,920.13,125.47,1411.56,Completed
ORD-SLUMP-11727,2023-11-07,2023-11,CUST-1094,PROD-105,EMP-1006,REG-03,Retail Store,6,4131.72,0.35,16113.71,14180.06,1933.65,21753.51,Completed
ORD-SLUMP-11728,2023-11-07,2023-11,CUST-1103,PROD-103,EMP-1006,REG-04,Enterprise Partner,6,1705.79,0.4,6140.84,5403.94,736.9,8290.13,Completed
ORD-SLUMP-11729,2023-11-07,2023-11,CUST-1025,PROD-107,EMP-1008,REG-04,Direct Online,4,2356.93,0.4,5656.63,4977.83,678.8,7636.45,Completed
ORD-SLUMP-11730,2023-11-07,2023-11,CUST-1196,PROD-102,EMP-1010,REG-03,Enterprise Partner,7,1496.33,0.32,7122.53,6267.83,854.7,9615.42,Completed
ORD-SLUMP-11731,2023-11-08,2023-11,CUST-1076,PROD-103,EMP-1002,REG-04,Direct Online,1,1119.53,0.3,783.67,689.63,94.04,1057.95,Completed
ORD-SLUMP-11732,2023-11-08,2023-11,CUST-1127,PROD-119,EMP-1003,REG-02,Retail Store,3,876.58,0.23,2024.9,1781.91,242.99,2733.62,Completed
ORD-SLUMP-11733,2023-11-08,2023-11,CUST-1114,PROD-107,EMP-1018,REG-01,Field Sales,7,2608.87,0.35,11870.36,10445.92,1424.44,16024.99,Completed
ORD-SLUMP-11734,2023-11-08,2023-11,CUST-1057,PROD-106,EMP-1028,REG-04,Retail Store,3,4001.29,0.35,7802.52,6866.22,936.3,10533.4,Completed
ORD-SLUMP-11735,2023-11-08,2023-11,CUST-1156,PROD-119,EMP-1021,REG-02,Direct Online,3,4104.74,0.35,8004.24,7043.73,960.51,10805.72,Completed
ORD-SLUMP-11736,2023-11-08,2023-11,CUST-1004,PROD-108,EMP-1007,REG-04,Retail Store,4,870.44,0.4,2089.06,1838.37,250.69,2820.23,Completed
ORD-SLUMP-11737,2023-11-08,2023-11,CUST-1116,PROD-113,EMP-1007,REG-02,Direct Online,6,1336.35,0.25,6013.58,5291.95,721.63,8118.33,Completed
ORD-SLUMP-11738,2023-11-08,2023-11,CUST-1136,PROD-109,EMP-1014,REG-02,Retail Store,2,3875.7,0.22,6046.09,5320.56,725.53,8162.22,Completed
ORD-SLUMP-11739,2023-11-08,2023-11,CUST-1256,PROD-108,EMP-1005,REG-02,Retail Store,4,3346.86,0.34,8835.71,7775.42,1060.29,11928.21,Completed
ORD-SLUMP-11740,2023-11-08,2023-11,CUST-1051,PROD-107,EMP-1007,REG-01,Field Sales,3,1560.87,0.4,2809.57,2472.42,337.15,3792.92,Completed
ORD-SLUMP-11741,2023-11-09,2023-11,CUST-1164,PROD-119,EMP-1023,REG-04,Enterprise Partner,5,1915.28,0.31,6607.72,5814.79,792.93,8920.42,Completed
ORD-SLUMP-11742,2023-11-09,2023-11,CUST-1242,PROD-106,EMP-1006,REG-02,Field Sales,2,3853.55,0.39,4701.33,4137.17,564.16,6346.8,Completed
ORD-SLUMP-11743,2023-11-09,2023-11,CUST-1060,PROD-117,EMP-1013,REG-04,Field Sales,5,4088.77,0.36,13084.06,11513.97,1570.09,17663.48,Completed
ORD-SLUMP-11744,2023-11-09,2023-11,CUST-1215,PROD-106,EMP-1026,REG-02,Direct Online,4,4316.34,0.4,10359.22,9116.11,1243.11,13984.95,Completed
ORD-SLUMP-11745,2023-11-09,2023-11,CUST-1271,PROD-108,EMP-1003,REG-03,Field Sales,3,1301.13,0.21,3083.68,2713.64,370.04,4162.97,Completed
ORD-SLUMP-11746,2023-11-10,2023-11,CUST-1224,PROD-113,EMP-1005,REG-04,Direct Online,7,2321.32,0.31,11211.98,9866.54,1345.44,15136.17,Completed
ORD-SLUMP-11747,2023-11-10,2023-11,CUST-1088,PROD-102,EMP-1026,REG-03,Field Sales,2,2508.8,0.25,3763.2,3311.62,451.58,5080.32,Completed
ORD-SLUMP-11748,2023-11-11,2023-11,CUST-1023,PROD-103,EMP-1018,REG-04,Field Sales,3,1688.12,0.3,3545.05,3119.64,425.41,4785.82,Completed
ORD-SLUMP-11749,2023-11-11,2023-11,CUST-1194,PROD-118,EMP-1007,REG-01,Field Sales,1,1460.6,0.3,1022.42,899.73,122.69,1380.27,Completed
ORD-SLUMP-11750,2023-11-11,2023-11,CUST-1179,PROD-113,EMP-1007,REG-05,Field Sales,5,2972.23,0.21,11740.31,10331.47,1408.84,15849.42,Completed
ORD-SLUMP-11751,2023-11-11,2023-11,CUST-1035,PROD-112,EMP-1008,REG-01,Field Sales,2,1042.88,0.38,1293.17,1137.99,155.18,1745.78,Completed
ORD-SLUMP-11752,2023-11-11,2023-11,CUST-1221,PROD-113,EMP-1008,REG-05,Direct Online,6,1873.55,0.2,8993.04,7913.88,1079.16,12140.6,Completed
ORD-SLUMP-11753,2023-11-11,2023-11,CUST-1076,PROD-109,EMP-1015,REG-05,Field Sales,7,3849.74,0.27,19672.17,17311.51,2360.66,26557.43,Completed
ORD-SLUMP-11754,2023-11-11,2023-11,CUST-1222,PROD-108,EMP-1014,REG-03,Retail Store,1,2393.84,0.23,1843.26,1622.07,221.19,2488.4,Completed
ORD-SLUMP-11755,2023-11-11,2023-11,CUST-1259,PROD-111,EMP-1002,REG-01,Field Sales,7,1567.17,0.33,7350.03,6468.03,882.0,9922.54,Completed
ORD-SLUMP-11756,2023-11-11,2023-11,CUST-1055,PROD-118,EMP-1019,REG-01,Direct Online,4,812.57,0.26,2405.21,2116.58,288.63,3247.03,Completed
ORD-SLUMP-11757,2023-11-12,2023-11,CUST-1091,PROD-101,EMP-1022,REG-04,Enterprise Partner,5,1827.99,0.25,6854.96,6032.36,822.6,9254.2,Completed
ORD-SLUMP-11758,2023-11-12,2023-11,CUST-1248,PROD-109,EMP-1004,REG-03,Direct Online,4,1163.16,0.24,3536.01,3111.69,424.32,4773.61,Completed
ORD-SLUMP-11759,2023-11-12,2023-11,CUST-1044,PROD-115,EMP-1003,REG-05,Direct Online,4,1771.94,0.24,5386.7,4740.3,646.4,7272.04,Completed
ORD-SLUMP-11760,2023-11-13,2023-11,CUST-1205,PROD-106,EMP-1017,REG-05,Enterprise Partner,7,1301.65,0.23,7015.89,6173.98,841.91,9471.45,Completed
ORD-SLUMP-11761,2023-11-13,2023-11,CUST-1295,PROD-104,EMP-1009,REG-02,Field Sales,5,3379.2,0.22,13178.88,11597.41,1581.47,17791.49,Completed
ORD-SLUMP-11762,2023-11-13,2023-11,CUST-1228,PROD-107,EMP-1029,REG-01,Direct Online,7,3874.08,0.36,17355.88,15273.17,2082.71,23430.44,Completed
ORD-SLUMP-11763,2023-11-13,2023-11,CUST-1299,PROD-101,EMP-1012,REG-03,Direct Online,4,3388.66,0.33,9081.61,7991.82,1089.79,12260.17,Completed
ORD-SLUMP-11764,2023-11-13,2023-11,CUST-1260,PROD-106,EMP-1020,REG-04,Retail Store,3,4499.35,0.31,9313.65,8196.01,1117.64,12573.43,Completed
ORD-SLUMP-11765,2023-11-13,2023-11,CUST-1176,PROD-112,EMP-1018,REG-01,Direct Online,2,3445.56,0.33,4617.05,4063.0,554.05,6233.02,Completed
ORD-SLUMP-11766,2023-11-13,2023-11,CUST-1293,PROD-119,EMP-1027,REG-03,Field Sales,6,3707.46,0.28,16016.23,14094.28,1921.95,21621.91,Completed
ORD-SLUMP-11767,2023-11-14,2023-11,CUST-1233,PROD-113,EMP-1022,REG-02,Enterprise Partner,5,4423.97,0.29,15705.09,13820.48,1884.61,21201.87,Completed
ORD-SLUMP-11768,2023-11-14,2023-11,CUST-1149,PROD-116,EMP-1008,REG-04,Retail Store,3,1747.85,0.27,3827.79,3368.46,459.33,5167.52,Completed
ORD-SLUMP-11769,2023-11-14,2023-11,CUST-1101,PROD-116,EMP-1027,REG-03,Field Sales,1,2855.06,0.21,2255.5,1984.84,270.66,3044.92,Completed
ORD-SLUMP-11770,2023-11-14,2023-11,CUST-1265,PROD-103,EMP-1015,REG-04,Direct Online,5,2237.15,0.21,8836.74,7776.33,1060.41,11929.6,Completed
ORD-SLUMP-11771,2023-11-14,2023-11,CUST-1172,PROD-103,EMP-1011,REG-02,Enterprise Partner,5,2997.36,0.25,11240.1,9891.29,1348.81,15174.14,Completed
ORD-SLUMP-11772,2023-11-14,2023-11,CUST-1141,PROD-115,EMP-1018,REG-05,Field Sales,4,2714.14,0.39,6622.5,5827.8,794.7,8940.38,Completed
ORD-SLUMP-11773,2023-11-14,2023-11,CUST-1118,PROD-117,EMP-1018,REG-01,Enterprise Partner,2,3330.59,0.25,4995.88,4396.37,599.51,6744.44,Completed
ORD-SLUMP-11774,2023-11-14,2023-11,CUST-1128,PROD-116,EMP-1028,REG-01,Direct Online,7,3399.53,0.33,15943.8,14030.54,1913.26,21524.13,Completed
ORD-SLUMP-11775,2023-11-14,2023-11,CUST-1024,PROD-110,EMP-1009,REG-02,Field Sales,7,2804.44,0.4,11778.65,10365.21,1413.44,15901.18,Completed
ORD-SLUMP-11776,2023-11-15,2023-11,CUST-1185,PROD-105,EMP-1027,REG-04,Direct Online,7,2328.41,0.35,10594.27,9322.96,1271.31,14302.26,Completed
ORD-SLUMP-11777,2023-11-15,2023-11,CUST-1155,PROD-101,EMP-1009,REG-01,Retail Store,4,3081.69,0.4,7396.06,6508.53,887.53,9984.68,Completed
ORD-SLUMP-11778,2023-11-16,2023-11,CUST-1187,PROD-113,EMP-1025,REG-02,Enterprise Partner,6,2949.66,0.4,10618.78,9344.53,1274.25,14335.35,Completed
ORD-SLUMP-11779,2023-11-16,2023-11,CUST-1060,PROD-112,EMP-1014,REG-02,Direct Online,7,2717.82,0.4,11414.84,10045.06,1369.78,15410.03,Completed
ORD-SLUMP-11780,2023-11-16,2023-11,CUST-1226,PROD-111,EMP-1027,REG-05,Field Sales,1,2826.21,0.22,2204.44,1939.91,264.53,2975.99,Completed
ORD-SLUMP-11781,2023-11-16,2023-11,CUST-1092,PROD-117,EMP-1022,REG-05,Enterprise Partner,2,1001.92,0.23,1542.96,1357.8,185.16,2083.0,Completed
ORD-SLUMP-11782,2023-11-16,2023-11,CUST-1069,PROD-116,EMP-1003,REG-04,Direct Online,2,3167.89,0.31,4371.69,3847.09,524.6,5901.78,Completed
ORD-SLUMP-11783,2023-11-16,2023-11,CUST-1010,PROD-103,EMP-1026,REG-03,Field Sales,3,1537.09,0.33,3089.55,2718.8,370.75,4170.89,Completed
ORD-SLUMP-11784,2023-11-16,2023-11,CUST-1206,PROD-108,EMP-1020,REG-02,Direct Online,5,2120.95,0.32,7211.23,6345.88,865.35,9735.16,Completed
ORD-SLUMP-11785,2023-11-17,2023-11,CUST-1268,PROD-108,EMP-1003,REG-03,Direct Online,7,1918.08,0.32,9130.06,8034.45,1095.61,12325.58,Completed
ORD-SLUMP-11786,2023-11-17,2023-11,CUST-1109,PROD-117,EMP-1010,REG-01,Enterprise Partner,4,967.37,0.3,2708.64,2383.6,325.04,3656.66,Completed
ORD-SLUMP-11787,2023-11-17,2023-11,CUST-1031,PROD-108,EMP-1025,REG-01,Enterprise Partner,6,3173.14,0.3,13327.19,11727.93,1599.26,17991.71,Completed
ORD-SLUMP-11788,2023-11-17,2023-11,CUST-1205,PROD-108,EMP-1019,REG-03,Retail Store,4,3038.08,0.35,7899.01,6951.13,947.88,10663.66,Completed
ORD-SLUMP-11789,2023-11-17,2023-11,CUST-1224,PROD-107,EMP-1021,REG-04,Direct Online,3,1010.69,0.24,2304.37,2027.85,276.52,3110.9,Completed
ORD-SLUMP-11790,2023-11-17,2023-11,CUST-1047,PROD-113,EMP-1011,REG-02,Field Sales,5,1560.27,0.3,5460.94,4805.63,655.31,7372.27,Completed
ORD-SLUMP-11791,2023-11-17,2023-11,CUST-1241,PROD-102,EMP-1009,REG-04,Field Sales,3,3549.79,0.25,7987.03,7028.59,958.44,10782.49,Completed
ORD-SLUMP-11792,2023-11-17,2023-11,CUST-1172,PROD-117,EMP-1026,REG-03,Retail Store,6,3827.93,0.39,14010.22,12328.99,1681.23,18913.8,Completed
ORD-SLUMP-11793,2023-11-18,2023-11,CUST-1009,PROD-118,EMP-1007,REG-04,Enterprise Partner,3,2130.87,0.29,4538.75,3994.1,544.65,6127.31,Completed
ORD-SLUMP-11794,2023-11-18,2023-11,CUST-1149,PROD-115,EMP-1022,REG-01,Retail Store,5,4431.37,0.33,14845.09,13063.68,1781.41,20040.87,Completed
ORD-SLUMP-11795,2023-11-18,2023-11,CUST-1020,PROD-111,EMP-1028,REG-01,Direct Online,1,1409.41,0.38,873.83,768.97,104.86,1179.67,Completed
ORD-SLUMP-11796,2023-11-18,2023-11,CUST-1010,PROD-115,EMP-1010,REG-04,Direct Online,3,922.1,0.39,1687.44,1484.95,202.49,2278.04,Completed
ORD-SLUMP-11797,2023-11-18,2023-11,CUST-1108,PROD-116,EMP-1026,REG-04,Field Sales,3,1403.73,0.31,2905.72,2557.03,348.69,3922.72,Completed
ORD-SLUMP-11798,2023-11-18,2023-11,CUST-1207,PROD-119,EMP-1010,REG-05,Retail Store,2,3596.29,0.23,5538.29,4873.7,664.59,7476.69,Completed
ORD-SLUMP-11799,2023-11-19,2023-11,CUST-1095,PROD-118,EMP-1005,REG-05,Field Sales,6,1761.52,0.2,8455.3,7440.66,1014.64,11414.66,Completed
ORD-SLUMP-11800,2023-11-19,2023-11,CUST-1056,PROD-113,EMP-1022,REG-01,Retail Store,7,1466.54,0.2,8212.62,7227.11,985.51,11087.04,Completed
ORD-SLUMP-11801,2023-11-19,2023-11,CUST-1027,PROD-107,EMP-1029,REG-01,Retail Store,2,4305.9,0.31,5942.14,5229.08,713.06,8021.89,Completed
ORD-SLUMP-11802,2023-11-19,2023-11,CUST-1230,PROD-111,EMP-1002,REG-02,Retail Store,5,4420.26,0.32,15028.88,13225.41,1803.47,20288.99,Completed
ORD-SLUMP-11803,2023-11-19,2023-11,CUST-1125,PROD-119,EMP-1002,REG-05,Direct Online,7,1137.36,0.31,5493.45,4834.24,659.21,7416.16,Completed
ORD-SLUMP-11804,2023-11-19,2023-11,CUST-1100,PROD-104,EMP-1023,REG-04,Retail Store,7,1745.4,0.33,8185.93,7203.62,982.31,11051.01,Completed
ORD-SLUMP-11805,2023-11-19,2023-11,CUST-1240,PROD-104,EMP-1008,REG-03,Direct Online,4,1229.69,0.32,3344.76,2943.39,401.37,4515.43,Completed
ORD-SLUMP-11806,2023-11-19,2023-11,CUST-1149,PROD-116,EMP-1004,REG-02,Retail Store,7,3891.98,0.4,16346.32,14384.76,1961.56,22067.53,Completed
ORD-SLUMP-11807,2023-11-19,2023-11,CUST-1234,PROD-116,EMP-1018,REG-03,Direct Online,3,869.22,0.38,1616.75,1422.74,194.01,2182.61,Completed
ORD-SLUMP-11808,2023-11-20,2023-11,CUST-1151,PROD-114,EMP-1001,REG-01,Enterprise Partner,3,1953.77,0.31,4044.3,3558.98,485.32,5459.8,Completed
ORD-SLUMP-11809,2023-11-20,2023-11,CUST-1286,PROD-116,EMP-1026,REG-02,Direct Online,4,2347.92,0.3,6574.18,5785.28,788.9,8875.14,Completed
ORD-SLUMP-11810,2023-11-20,2023-11,CUST-1125,PROD-102,EMP-1010,REG-03,Direct Online,3,2187.98,0.28,4726.04,4158.92,567.12,6380.15,Completed
ORD-SLUMP-11811,2023-11-20,2023-11,CUST-1100,PROD-117,EMP-1009,REG-04,Enterprise Partner,5,3840.16,0.26,14208.59,12503.56,1705.03,19181.6,Completed
ORD-SLUMP-11812,2023-11-20,2023-11,CUST-1243,PROD-106,EMP-1002,REG-04,Field Sales,4,1795.01,0.32,4882.43,4296.54,585.89,6591.28,Completed
ORD-SLUMP-11813,2023-11-20,2023-11,CUST-1205,PROD-105,EMP-1009,REG-05,Enterprise Partner,5,4387.89,0.22,17112.77,15059.24,2053.53,23102.24,Completed
ORD-SLUMP-11814,2023-11-20,2023-11,CUST-1278,PROD-101,EMP-1011,REG-05,Direct Online,4,2684.44,0.27,7838.56,6897.93,940.63,10582.06,Completed
ORD-SLUMP-11815,2023-11-20,2023-11,CUST-1082,PROD-102,EMP-1012,REG-01,Direct Online,7,3205.98,0.26,16606.98,14614.14,1992.84,22419.42,Completed
ORD-SLUMP-11816,2023-11-20,2023-11,CUST-1035,PROD-116,EMP-1006,REG-04,Direct Online,2,4139.72,0.31,5712.81,5027.27,685.54,7712.29,Completed
ORD-SLUMP-11817,2023-11-20,2023-11,CUST-1146,PROD-101,EMP-1012,REG-02,Enterprise Partner,3,4002.42,0.32,8164.94,7185.15,979.79,11022.67,Completed
ORD-SLUMP-11818,2023-11-21,2023-11,CUST-1133,PROD-115,EMP-1027,REG-04,Enterprise Partner,4,1519.16,0.21,4800.55,4224.48,576.07,6480.74,Completed
ORD-SLUMP-11819,2023-11-21,2023-11,CUST-1182,PROD-107,EMP-1024,REG-04,Field Sales,4,1814.86,0.33,4863.82,4280.16,583.66,6566.16,Completed
ORD-SLUMP-11820,2023-11-22,2023-11,CUST-1063,PROD-104,EMP-1016,REG-01,Retail Store,5,1708.77,0.36,5468.06,4811.89,656.17,7381.88,Completed
ORD-SLUMP-11821,2023-11-22,2023-11,CUST-1003,PROD-119,EMP-1015,REG-05,Enterprise Partner,6,2185.78,0.4,7868.81,6924.55,944.26,10622.89,Completed
ORD-SLUMP-11822,2023-11-22,2023-11,CUST-1259,PROD-103,EMP-1012,REG-04,Enterprise Partner,2,1847.72,0.2,2956.35,2601.59,354.76,3991.07,Completed
ORD-SLUMP-11823,2023-11-22,2023-11,CUST-1004,PROD-101,EMP-1013,REG-02,Enterprise Partner,4,3143.65,0.23,9682.44,8520.55,1161.89,13071.29,Completed
ORD-SLUMP-11824,2023-11-22,2023-11,CUST-1230,PROD-110,EMP-1022,REG-01,Enterprise Partner,1,1349.16,0.28,971.4,854.83,116.57,1311.39,Completed
ORD-SLUMP-11825,2023-11-22,2023-11,CUST-1044,PROD-118,EMP-1003,REG-01,Field Sales,4,1500.27,0.2,4800.86,4224.76,576.1,6481.16,Completed
ORD-SLUMP-11826,2023-11-23,2023-11,CUST-1291,PROD-105,EMP-1001,REG-02,Field Sales,5,2052.01,0.28,7387.24,6500.77,886.47,9972.77,Completed
ORD-SLUMP-11827,2023-11-23,2023-11,CUST-1241,PROD-111,EMP-1012,REG-04,Retail Store,3,3799.53,0.34,7523.07,6620.3,902.77,10156.14,Completed
ORD-SLUMP-11828,2023-11-23,2023-11,CUST-1111,PROD-111,EMP-1026,REG-03,Field Sales,3,3712.08,0.21,8797.63,7741.91,1055.72,11876.8,Completed
ORD-SLUMP-11829,2023-11-23,2023-11,CUST-1169,PROD-111,EMP-1019,REG-03,Enterprise Partner,6,2238.02,0.31,9265.4,8153.55,1111.85,12508.29,Completed
ORD-SLUMP-11830,2023-11-23,2023-11,CUST-1078,PROD-106,EMP-1020,REG-01,Direct Online,7,3626.98,0.39,15487.2,13628.74,1858.46,20907.72,Completed
ORD-SLUMP-11831,2023-11-23,2023-11,CUST-1287,PROD-113,EMP-1029,REG-01,Direct Online,6,2102.46,0.37,7947.3,6993.62,953.68,10728.86,Completed
ORD-SLUMP-11832,2023-11-23,2023-11,CUST-1027,PROD-114,EMP-1021,REG-02,Retail Store,7,1568.91,0.25,8236.78,7248.37,988.41,11119.65,Completed
ORD-SLUMP-11833,2023-11-23,2023-11,CUST-1264,PROD-103,EMP-1026,REG-05,Direct Online,2,2279.36,0.25,3419.04,3008.76,410.28,4615.7,Completed
ORD-SLUMP-11834,2023-11-24,2023-11,CUST-1247,PROD-101,EMP-1025,REG-03,Field Sales,4,3914.0,0.4,9393.6,8266.37,1127.23,12681.36,Completed
ORD-SLUMP-11835,2023-11-24,2023-11,CUST-1065,PROD-108,EMP-1007,REG-05,Field Sales,6,4051.58,0.37,15314.97,13477.17,1837.8,20675.21,Completed
ORD-SLUMP-11836,2023-11-25,2023-11,CUST-1055,PROD-105,EMP-1019,REG-04,Retail Store,1,1213.27,0.23,934.22,822.11,112.11,1261.2,Completed
ORD-SLUMP-11837,2023-11-25,2023-11,CUST-1292,PROD-116,EMP-1011,REG-05,Direct Online,2,2184.33,0.26,3232.81,2844.87,387.94,4364.29,Completed
ORD-SLUMP-11838,2023-11-25,2023-11,CUST-1054,PROD-113,EMP-1015,REG-04,Enterprise Partner,2,2740.86,0.33,3672.75,3232.02,440.73,4958.21,Completed
ORD-SLUMP-11839,2023-11-25,2023-11,CUST-1008,PROD-103,EMP-1018,REG-05,Enterprise Partner,4,3583.12,0.28,10319.39,9081.06,1238.33,13931.18,Completed
ORD-SLUMP-11840,2023-11-25,2023-11,CUST-1162,PROD-118,EMP-1008,REG-04,Retail Store,4,2440.94,0.31,6736.99,5928.55,808.44,9094.94,Completed
ORD-SLUMP-11841,2023-11-25,2023-11,CUST-1222,PROD-106,EMP-1004,REG-01,Retail Store,4,2180.19,0.26,6453.36,5678.96,774.4,8712.04,Completed
ORD-SLUMP-11842,2023-11-25,2023-11,CUST-1132,PROD-115,EMP-1018,REG-03,Direct Online,1,921.7,0.25,691.28,608.33,82.95,933.23,Completed
ORD-SLUMP-11843,2023-11-25,2023-11,CUST-1163,PROD-116,EMP-1020,REG-04,Direct Online,6,4071.97,0.2,19545.46,17200.0,2345.46,26386.37,Completed
ORD-SLUMP-11844,2023-11-25,2023-11,CUST-1162,PROD-102,EMP-1027,REG-02,Retail Store,4,2696.04,0.33,7225.39,6358.34,867.05,9754.28,Completed
ORD-SLUMP-11845,2023-11-26,2023-11,CUST-1228,PROD-113,EMP-1011,REG-02,Field Sales,6,2983.52,0.22,13962.87,12287.33,1675.54,18849.87,Completed
ORD-SLUMP-11846,2023-11-26,2023-11,CUST-1055,PROD-106,EMP-1012,REG-02,Field Sales,3,3708.6,0.31,7676.8,6755.58,921.22,10363.68,Completed
ORD-SLUMP-11847,2023-11-26,2023-11,CUST-1218,PROD-103,EMP-1006,REG-05,Direct Online,5,2149.81,0.36,6879.39,6053.86,825.53,9287.18,Completed
ORD-SLUMP-11848,2023-11-26,2023-11,CUST-1273,PROD-103,EMP-1005,REG-02,Enterprise Partner,5,2297.08,0.21,9073.47,7984.65,1088.82,12249.18,Completed
ORD-SLUMP-11849,2023-11-27,2023-11,CUST-1276,PROD-111,EMP-1003,REG-04,Retail Store,6,2043.99,0.36,7848.92,6907.05,941.87,10596.04,Completed
ORD-SLUMP-11850,2023-11-27,2023-11,CUST-1292,PROD-101,EMP-1002,REG-02,Field Sales,3,3051.91,0.34,6042.78,5317.65,725.13,8157.75,Completed
ORD-SLUMP-11851,2023-11-27,2023-11,CUST-1042,PROD-104,EMP-1014,REG-04,Direct Online,3,3216.69,0.2,7720.06,6793.65,926.41,10422.08,Completed
ORD-SLUMP-11852,2023-11-27,2023-11,CUST-1145,PROD-107,EMP-1008,REG-04,Direct Online,3,3141.54,0.37,5937.51,5225.01,712.5,8015.64,Completed
ORD-SLUMP-11853,2023-11-27,2023-11,CUST-1258,PROD-105,EMP-1004,REG-02,Direct Online,4,4128.63,0.32,11229.87,9882.29,1347.58,15160.32,Completed
ORD-SLUMP-11854,2023-11-27,2023-11,CUST-1213,PROD-117,EMP-1011,REG-04,Direct Online,2,3693.12,0.26,5465.82,4809.92,655.9,7378.86,Completed
ORD-SLUMP-11855,2023-11-27,2023-11,CUST-1053,PROD-114,EMP-1011,REG-04,Direct Online,2,834.55,0.33,1118.3,984.1,134.2,1509.7,Completed
ORD-SLUMP-11856,2023-11-27,2023-11,CUST-1066,PROD-110,EMP-1004,REG-05,Retail Store,2,4091.92,0.35,5319.5,4681.16,638.34,7181.33,Completed
ORD-SLUMP-11857,2023-11-27,2023-11,CUST-1010,PROD-106,EMP-1008,REG-05,Field Sales,2,4115.89,0.34,5432.97,4781.01,651.96,7334.51,Completed
ORD-SLUMP-11858,2023-11-27,2023-11,CUST-1103,PROD-116,EMP-1001,REG-05,Retail Store,7,1515.86,0.36,6791.05,5976.12,814.93,9167.92,Completed
ORD-SLUMP-11859,2023-11-28,2023-11,CUST-1164,PROD-108,EMP-1011,REG-05,Retail Store,3,3889.15,0.32,7933.87,6981.81,952.06,10710.72,Completed
ORD-SLUMP-11860,2023-11-28,2023-11,CUST-1240,PROD-116,EMP-1007,REG-01,Direct Online,7,3105.77,0.32,14783.47,13009.45,1774.02,19957.68,Completed
ORD-SLUMP-11861,2023-11-28,2023-11,CUST-1277,PROD-101,EMP-1023,REG-04,Field Sales,3,816.21,0.28,1763.01,1551.45,211.56,2380.06,Completed
ORD-SLUMP-11862,2023-11-28,2023-11,CUST-1086,PROD-106,EMP-1019,REG-01,Field Sales,5,3963.73,0.31,13674.87,12033.89,1640.98,18461.07,Completed
ORD-SLUMP-11863,2023-11-28,2023-11,CUST-1003,PROD-105,EMP-1016,REG-04,Retail Store,4,2359.11,0.25,7077.33,6228.05,849.28,9554.4,Completed
ORD-SLUMP-11864,2023-11-29,2023-11,CUST-1189,PROD-110,EMP-1016,REG-05,Retail Store,4,1296.27,0.39,3162.9,2783.35,379.55,4269.92,Completed
ORD-SLUMP-11865,2023-11-29,2023-11,CUST-1024,PROD-104,EMP-1013,REG-04,Retail Store,2,2988.58,0.32,4064.47,3576.73,487.74,5487.03,Completed
ORD-SLUMP-11866,2023-11-29,2023-11,CUST-1131,PROD-102,EMP-1009,REG-01,Field Sales,3,3548.86,0.35,6920.28,6089.85,830.43,9342.38,Completed
ORD-SLUMP-11867,2023-11-29,2023-11,CUST-1187,PROD-109,EMP-1023,REG-01,Enterprise Partner,5,1184.59,0.25,4442.21,3909.14,533.07,5996.98,Completed
ORD-SLUMP-11868,2023-11-30,2023-11,CUST-1285,PROD-105,EMP-1004,REG-04,Field Sales,7,2423.04,0.21,13399.41,11791.48,1607.93,18089.2,Completed
ORD-SLUMP-11869,2023-11-30,2023-11,CUST-1202,PROD-111,EMP-1019,REG-02,Retail Store,7,2250.78,0.3,11028.82,9705.36,1323.46,14888.91,Completed
ORD-SLUMP-11870,2023-12-01,2023-12,CUST-1165,PROD-103,EMP-1022,REG-01,Retail Store,5,2310.96,0.24,8781.65,7727.85,1053.8,11855.23,Completed
ORD-SLUMP-11871,2023-12-01,2023-12,CUST-1049,PROD-113,EMP-1018,REG-02,Retail Store,5,1330.53,0.22,5189.07,4566.38,622.69,7005.24,Completed
ORD-SLUMP-11872,2023-12-01,2023-12,CUST-1111,PROD-118,EMP-1006,REG-04,Direct Online,6,4090.23,0.27,17915.21,15765.38,2149.83,24185.53,Completed
ORD-SLUMP-11873,2023-12-01,2023-12,CUST-1263,PROD-103,EMP-1028,REG-05,Field Sales,2,4287.64,0.27,6259.95,5508.76,751.19,8450.93,Completed
ORD-SLUMP-11874,2023-12-01,2023-12,CUST-1232,PROD-105,EMP-1027,REG-03,Retail Store,5,2883.65,0.36,9227.68,8120.36,1107.32,12457.37,Completed
ORD-SLUMP-11875,2023-12-01,2023-12,CUST-1191,PROD-112,EMP-1002,REG-01,Enterprise Partner,1,3040.9,0.29,2159.04,1899.96,259.08,2914.7,Completed
ORD-SLUMP-11876,2023-12-01,2023-12,CUST-1187,PROD-109,EMP-1002,REG-02,Field Sales,7,1929.87,0.35,8780.91,7727.2,1053.71,11854.23,Completed
ORD-SLUMP-11877,2023-12-02,2023-12,CUST-1266,PROD-112,EMP-1015,REG-04,Retail Store,3,992.47,0.33,1994.86,1755.48,239.38,2693.06,Completed
ORD-SLUMP-11878,2023-12-02,2023-12,CUST-1253,PROD-110,EMP-1015,REG-03,Enterprise Partner,4,1413.88,0.33,3789.2,3334.5,454.7,5115.42,Completed
ORD-SLUMP-11879,2023-12-02,2023-12,CUST-1161,PROD-103,EMP-1006,REG-04,Enterprise Partner,6,2242.02,0.25,10089.09,8878.4,1210.69,13620.27,Completed
ORD-SLUMP-11880,2023-12-02,2023-12,CUST-1073,PROD-101,EMP-1004,REG-04,Field Sales,1,1892.02,0.24,1437.94,1265.39,172.55,1941.22,Completed
ORD-SLUMP-11881,2023-12-02,2023-12,CUST-1050,PROD-112,EMP-1001,REG-02,Retail Store,3,1481.59,0.21,3511.37,3090.01,421.36,4740.35,Completed
ORD-SLUMP-11882,2023-12-02,2023-12,CUST-1169,PROD-113,EMP-1019,REG-05,Field Sales,6,1906.15,0.21,9035.15,7950.93,1084.22,12197.45,Completed
ORD-SLUMP-11883,2023-12-02,2023-12,CUST-1171,PROD-115,EMP-1024,REG-05,Field Sales,6,2133.48,0.33,8576.59,7547.4,1029.19,11578.4,Completed
ORD-SLUMP-11884,2023-12-02,2023-12,CUST-1006,PROD-113,EMP-1014,REG-02,Enterprise Partner,3,2119.3,0.38,3941.9,3468.87,473.03,5321.56,Completed
ORD-SLUMP-11885,2023-12-02,2023-12,CUST-1068,PROD-101,EMP-1017,REG-02,Enterprise Partner,5,2936.2,0.38,9102.22,8009.95,1092.27,12288.0,Completed
ORD-SLUMP-11886,2023-12-03,2023-12,CUST-1149,PROD-113,EMP-1015,REG-02,Field Sales,2,3822.82,0.2,6116.51,5382.53,733.98,8257.29,Completed
ORD-SLUMP-11887,2023-12-03,2023-12,CUST-1085,PROD-109,EMP-1008,REG-05,Enterprise Partner,6,3902.4,0.24,17794.94,15659.55,2135.39,24023.17,Completed
ORD-SLUMP-11888,2023-12-03,2023-12,CUST-1251,PROD-115,EMP-1002,REG-05,Field Sales,3,2102.83,0.36,4037.43,3552.94,484.49,5450.53,Completed
ORD-SLUMP-11889,2023-12-03,2023-12,CUST-1207,PROD-108,EMP-1012,REG-03,Enterprise Partner,3,2184.96,0.24,4981.71,4383.9,597.81,6725.31,Completed
ORD-SLUMP-11890,2023-12-03,2023-12,CUST-1270,PROD-112,EMP-1003,REG-04,Direct Online,4,3558.34,0.37,8967.02,7890.98,1076.04,12105.48,Completed
ORD-SLUMP-11891,2023-12-03,2023-12,CUST-1265,PROD-108,EMP-1010,REG-02,Direct Online,7,2559.11,0.24,13614.47,11980.73,1633.74,18379.53,Completed
ORD-SLUMP-11892,2023-12-03,2023-12,CUST-1059,PROD-110,EMP-1015,REG-01,Retail Store,7,3543.77,0.23,19100.92,16808.81,2292.11,25786.24,Completed
ORD-SLUMP-11893,2023-12-03,2023-12,CUST-1179,PROD-101,EMP-1025,REG-04,Direct Online,6,2049.31,0.33,8238.23,7249.64,988.59,11121.61,Completed
ORD-SLUMP-11894,2023-12-03,2023-12,CUST-1178,PROD-117,EMP-1010,REG-04,Enterprise Partner,2,925.36,0.26,1369.53,1205.19,164.34,1848.87,Completed
ORD-SLUMP-11895,2023-12-03,2023-12,CUST-1295,PROD-108,EMP-1019,REG-05,Retail Store,6,2085.92,0.34,8260.24,7269.01,991.23,11151.32,Completed
ORD-SLUMP-11896,2023-12-04,2023-12,CUST-1100,PROD-102,EMP-1015,REG-03,Field Sales,1,2500.88,0.38,1550.55,1364.48,186.07,2093.24,Completed
ORD-SLUMP-11897,2023-12-04,2023-12,CUST-1118,PROD-118,EMP-1016,REG-05,Retail Store,4,3796.25,0.34,10022.1,8819.45,1202.65,13529.84,Completed
ORD-SLUMP-11898,2023-12-04,2023-12,CUST-1001,PROD-110,EMP-1002,REG-04,Retail Store,6,1668.03,0.34,6605.4,5812.75,792.65,8917.29,Completed
ORD-SLUMP-11899,2023-12-04,2023-12,CUST-1102,PROD-119,EMP-1006,REG-05,Field Sales,5,1903.08,0.22,7422.01,6531.37,890.64,10019.71,Completed
ORD-SLUMP-11900,2023-12-04,2023-12,CUST-1025,PROD-107,EMP-1003,REG-05,Enterprise Partner,6,3017.77,0.34,11950.37,10516.33,1434.04,16133.0,Completed
ORD-SLUMP-11901,2023-12-05,2023-12,CUST-1284,PROD-106,EMP-1029,REG-04,Field Sales,1,1092.38,0.21,862.98,759.42,103.56,1165.02,Completed
ORD-SLUMP-11902,2023-12-05,2023-12,CUST-1059,PROD-107,EMP-1005,REG-04,Retail Store,6,3571.97,0.35,13930.68,12259.0,1671.68,18806.42,Completed
ORD-SLUMP-11903,2023-12-05,2023-12,CUST-1071,PROD-118,EMP-1015,REG-03,Retail Store,2,3847.48,0.34,5078.67,4469.23,609.44,6856.2,Completed
ORD-SLUMP-11904,2023-12-05,2023-12,CUST-1288,PROD-104,EMP-1013,REG-01,Retail Store,2,2831.5,0.35,3680.95,3239.24,441.71,4969.28,Completed
ORD-SLUMP-11905,2023-12-05,2023-12,CUST-1286,PROD-117,EMP-1015,REG-02,Retail Store,1,3897.36,0.3,2728.15,2400.77,327.38,3683.0,Completed
ORD-SLUMP-11906,2023-12-05,2023-12,CUST-1186,PROD-102,EMP-1017,REG-05,Field Sales,6,4116.97,0.36,15809.16,13912.06,1897.1,21342.37,Completed
ORD-SLUMP-11907,2023-12-05,2023-12,CUST-1109,PROD-110,EMP-1019,REG-03,Field Sales,6,4154.78,0.38,15455.78,13601.09,1854.69,20865.3,Completed
ORD-SLUMP-11908,2023-12-05,2023-12,CUST-1203,PROD-113,EMP-1014,REG-01,Retail Store,7,1361.37,0.28,6861.3,6037.94,823.36,9262.76,Completed
ORD-SLUMP-11909,2023-12-06,2023-12,CUST-1222,PROD-115,EMP-1022,REG-01,Retail Store,4,1267.3,0.35,3294.98,2899.58,395.4,4448.22,Completed
ORD-SLUMP-11910,2023-12-06,2023-12,CUST-1158,PROD-111,EMP-1004,REG-04,Enterprise Partner,5,4405.33,0.24,16740.25,14731.42,2008.83,22599.34,Completed
ORD-SLUMP-11911,2023-12-06,2023-12,CUST-1191,PROD-118,EMP-1025,REG-02,Direct Online,6,848.56,0.28,3665.78,3225.89,439.89,4948.8,Completed
ORD-SLUMP-11912,2023-12-06,2023-12,CUST-1005,PROD-118,EMP-1003,REG-05,Retail Store,3,2792.91,0.39,5111.03,4497.71,613.32,6899.89,Completed
ORD-SLUMP-11913,2023-12-06,2023-12,CUST-1222,PROD-114,EMP-1018,REG-03,Field Sales,3,3043.29,0.25,6847.4,6025.71,821.69,9243.99,Completed
ORD-SLUMP-11914,2023-12-07,2023-12,CUST-1167,PROD-113,EMP-1025,REG-04,Field Sales,6,1002.87,0.23,4633.26,4077.27,555.99,6254.9,Completed
ORD-SLUMP-11915,2023-12-07,2023-12,CUST-1171,PROD-103,EMP-1001,REG-05,Field Sales,7,3875.36,0.26,20074.36,17665.44,2408.92,27100.39,Completed
ORD-SLUMP-11916,2023-12-07,2023-12,CUST-1200,PROD-119,EMP-1017,REG-02,Retail Store,6,1221.73,0.23,5644.39,4967.06,677.33,7619.93,Completed
ORD-SLUMP-11917,2023-12-07,2023-12,CUST-1192,PROD-119,EMP-1029,REG-01,Retail Store,2,4247.96,0.35,5522.35,4859.67,662.68,7455.17,Completed
ORD-SLUMP-11918,2023-12-07,2023-12,CUST-1007,PROD-119,EMP-1008,REG-04,Field Sales,6,1131.46,0.23,5227.35,4600.07,627.28,7056.92,Completed
ORD-SLUMP-11919,2023-12-07,2023-12,CUST-1259,PROD-116,EMP-1002,REG-03,Enterprise Partner,5,3363.44,0.22,13117.42,11543.33,1574.09,17708.52,Completed
ORD-SLUMP-11920,2023-12-07,2023-12,CUST-1264,PROD-111,EMP-1003,REG-01,Field Sales,5,907.71,0.37,2859.29,2516.18,343.11,3860.04,Completed
ORD-SLUMP-11921,2023-12-07,2023-12,CUST-1132,PROD-107,EMP-1021,REG-05,Field Sales,2,1803.63,0.33,2416.86,2126.84,290.02,3262.76,Completed
ORD-SLUMP-11922,2023-12-07,2023-12,CUST-1246,PROD-111,EMP-1015,REG-03,Retail Store,7,3272.78,0.22,17869.38,15725.05,2144.33,24123.66,Completed
ORD-SLUMP-11923,2023-12-08,2023-12,CUST-1230,PROD-104,EMP-1016,REG-05,Field Sales,3,2501.8,0.3,5253.78,4623.33,630.45,7092.6,Completed
ORD-SLUMP-11924,2023-12-08,2023-12,CUST-1046,PROD-114,EMP-1028,REG-05,Retail Store,7,1136.16,0.33,5328.59,4689.16,639.43,7193.6,Completed
ORD-SLUMP-11925,2023-12-08,2023-12,CUST-1048,PROD-116,EMP-1018,REG-05,Direct Online,4,3426.13,0.25,10278.39,9044.98,1233.41,13875.83,Completed
ORD-SLUMP-11926,2023-12-08,2023-12,CUST-1253,PROD-119,EMP-1021,REG-01,Enterprise Partner,6,2083.76,0.35,8126.66,7151.46,975.2,10970.99,Completed
ORD-SLUMP-11927,2023-12-08,2023-12,CUST-1242,PROD-102,EMP-1002,REG-04,Enterprise Partner,5,1639.1,0.32,5572.94,4904.19,668.75,7523.47,Completed
ORD-SLUMP-11928,2023-12-08,2023-12,CUST-1067,PROD-110,EMP-1020,REG-04,Retail Store,7,4428.4,0.36,19839.23,17458.52,2380.71,26782.96,Completed
ORD-SLUMP-11929,2023-12-08,2023-12,CUST-1247,PROD-101,EMP-1012,REG-05,Enterprise Partner,4,3802.2,0.24,11558.69,10171.65,1387.04,15604.23,Completed
ORD-SLUMP-11930,2023-12-08,2023-12,CUST-1007,PROD-104,EMP-1028,REG-02,Enterprise Partner,1,1444.91,0.38,895.84,788.34,107.5,1209.38,Completed
ORD-SLUMP-11931,2023-12-08,2023-12,CUST-1219,PROD-113,EMP-1008,REG-05,Enterprise Partner,4,3006.09,0.24,9138.51,8041.89,1096.62,12336.99,Completed
ORD-SLUMP-11932,2023-12-08,2023-12,CUST-1110,PROD-113,EMP-1002,REG-04,Field Sales,3,4257.56,0.29,9068.6,7980.37,1088.23,12242.61,Completed
ORD-SLUMP-11933,2023-12-08,2023-12,CUST-1244,PROD-113,EMP-1021,REG-02,Direct Online,2,4219.63,0.38,5232.34,4604.46,627.88,7063.66,Completed
ORD-SLUMP-11934,2023-12-08,2023-12,CUST-1139,PROD-116,EMP-1022,REG-03,Retail Store,4,2274.36,0.21,7186.98,6324.54,862.44,9702.42,Completed
ORD-SLUMP-11935,2023-12-09,2023-12,CUST-1291,PROD-103,EMP-1023,REG-02,Retail Store,4,3042.69,0.29,8641.24,7604.29,1036.95,11665.67,Completed
ORD-SLUMP-11936,2023-12-09,2023-12,CUST-1009,PROD-119,EMP-1016,REG-01,Enterprise Partner,3,3848.38,0.28,8312.5,7315.0,997.5,11221.88,Completed
ORD-SLUMP-11937,2023-12-09,2023-12,CUST-1027,PROD-118,EMP-1013,REG-05,Field Sales,4,2924.81,0.23,9008.41,7927.4,1081.01,12161.35,Completed
ORD-SLUMP-11938,2023-12-09,2023-12,CUST-1025,PROD-109,EMP-1011,REG-04,Retail Store,1,859.86,0.32,584.7,514.54,70.16,789.35,Completed
ORD-SLUMP-11939,2023-12-10,2023-12,CUST-1286,PROD-104,EMP-1015,REG-03,Field Sales,6,2608.31,0.34,10328.91,9089.44,1239.47,13944.03,Completed
ORD-SLUMP-11940,2023-12-10,2023-12,CUST-1196,PROD-104,EMP-1029,REG-03,Direct Online,7,1205.66,0.33,5654.55,4976.0,678.55,7633.64,Completed
ORD-SLUMP-11941,2023-12-10,2023-12,CUST-1168,PROD-114,EMP-1025,REG-01,Enterprise Partner,1,2914.04,0.3,2039.83,1795.05,244.78,2753.77,Completed
ORD-SLUMP-11942,2023-12-11,2023-12,CUST-1049,PROD-114,EMP-1029,REG-03,Retail Store,1,1832.66,0.28,1319.52,1161.18,158.34,1781.35,Completed
ORD-SLUMP-11943,2023-12-11,2023-12,CUST-1042,PROD-102,EMP-1016,REG-01,Enterprise Partner,2,3143.43,0.32,4275.06,3762.05,513.01,5771.33,Completed
ORD-SLUMP-11944,2023-12-11,2023-12,CUST-1198,PROD-110,EMP-1021,REG-04,Field Sales,6,1127.53,0.38,4194.41,3691.08,503.33,5662.45,Completed
ORD-SLUMP-11945,2023-12-11,2023-12,CUST-1072,PROD-104,EMP-1004,REG-05,Enterprise Partner,3,1131.33,0.37,2138.21,1881.62,256.59,2886.58,Completed
ORD-SLUMP-11946,2023-12-11,2023-12,CUST-1210,PROD-103,EMP-1008,REG-04,Field Sales,3,2377.56,0.26,5278.18,4644.8,633.38,7125.54,Completed
ORD-SLUMP-11947,2023-12-11,2023-12,CUST-1212,PROD-112,EMP-1022,REG-02,Direct Online,2,2353.66,0.36,3012.68,2651.16,361.52,4067.12,Completed
ORD-SLUMP-11948,2023-12-11,2023-12,CUST-1002,PROD-103,EMP-1004,REG-02,Enterprise Partner,7,1466.5,0.22,8007.09,7046.24,960.85,10809.57,Completed
ORD-SLUMP-11949,2023-12-11,2023-12,CUST-1093,PROD-104,EMP-1008,REG-05,Direct Online,7,3004.94,0.3,14724.21,12957.3,1766.91,19877.68,Completed
ORD-SLUMP-11950,2023-12-11,2023-12,CUST-1094,PROD-118,EMP-1022,REG-05,Field Sales,7,4481.9,0.35,20392.64,17945.52,2447.12,27530.06,Completed
ORD-SLUMP-11951,2023-12-12,2023-12,CUST-1001,PROD-113,EMP-1002,REG-03,Direct Online,3,2651.46,0.23,6124.87,5389.89,734.98,8268.57,Completed
ORD-SLUMP-11952,2023-12-12,2023-12,CUST-1106,PROD-104,EMP-1003,REG-01,Enterprise Partner,6,3638.4,0.23,16809.41,14792.28,2017.13,22692.7,Completed
ORD-SLUMP-11953,2023-12-12,2023-12,CUST-1265,PROD-116,EMP-1013,REG-05,Field Sales,6,2728.02,0.38,10148.23,8930.44,1217.79,13700.11,Completed
ORD-SLUMP-11954,2023-12-12,2023-12,CUST-1172,PROD-105,EMP-1002,REG-02,Enterprise Partner,7,3118.96,0.33,14627.92,12872.57,1755.35,19747.69,Completed
ORD-SLUMP-11955,2023-12-12,2023-12,CUST-1177,PROD-109,EMP-1003,REG-01,Enterprise Partner,2,4270.59,0.31,5893.41,5186.2,707.21,7956.1,Completed
ORD-SLUMP-11956,2023-12-12,2023-12,CUST-1246,PROD-114,EMP-1015,REG-04,Retail Store,4,2149.5,0.35,5588.7,4918.06,670.64,7544.74,Completed
ORD-SLUMP-11957,2023-12-12,2023-12,CUST-1248,PROD-102,EMP-1019,REG-01,Field Sales,1,3559.06,0.32,2420.16,2129.74,290.42,3267.22,Completed
ORD-SLUMP-11958,2023-12-12,2023-12,CUST-1063,PROD-117,EMP-1023,REG-01,Enterprise Partner,2,4026.74,0.23,6201.18,5457.04,744.14,8371.59,Completed
ORD-SLUMP-11959,2023-12-13,2023-12,CUST-1068,PROD-118,EMP-1017,REG-01,Field Sales,6,1209.53,0.32,4934.88,4342.69,592.19,6662.09,Completed
ORD-SLUMP-11960,2023-12-14,2023-12,CUST-1200,PROD-116,EMP-1025,REG-03,Enterprise Partner,4,1239.21,0.27,3618.49,3184.27,434.22,4884.96,Completed
ORD-SLUMP-11961,2023-12-14,2023-12,CUST-1050,PROD-101,EMP-1012,REG-02,Enterprise Partner,1,3517.4,0.39,2145.61,1888.14,257.47,2896.57,Completed
ORD-SLUMP-11962,2023-12-14,2023-12,CUST-1208,PROD-116,EMP-1002,REG-03,Enterprise Partner,5,3593.45,0.27,13116.09,11542.16,1573.93,17706.72,Completed
ORD-SLUMP-11963,2023-12-14,2023-12,CUST-1203,PROD-119,EMP-1023,REG-01,Retail Store,6,3940.52,0.23,18205.2,16020.58,2184.62,24577.02,Completed
ORD-SLUMP-11964,2023-12-15,2023-12,CUST-1211,PROD-103,EMP-1023,REG-02,Direct Online,7,4423.35,0.24,23532.22,20708.35,2823.87,31768.5,Completed
ORD-SLUMP-11965,2023-12-15,2023-12,CUST-1218,PROD-109,EMP-1020,REG-02,Enterprise Partner,3,3842.65,0.32,7839.01,6898.33,940.68,10582.66,Completed
ORD-SLUMP-11966,2023-12-15,2023-12,CUST-1219,PROD-104,EMP-1028,REG-03,Enterprise Partner,3,3430.89,0.26,7616.58,6702.59,913.99,10282.38,Completed
ORD-SLUMP-11967,2023-12-15,2023-12,CUST-1222,PROD-111,EMP-1023,REG-05,Retail Store,2,4354.88,0.38,5400.05,4752.04,648.01,7290.07,Completed
ORD-SLUMP-11968,2023-12-15,2023-12,CUST-1086,PROD-110,EMP-1023,REG-03,Enterprise Partner,7,3353.75,0.3,16433.38,14461.37,1972.01,22185.06,Completed
ORD-SLUMP-11969,2023-12-15,2023-12,CUST-1041,PROD-105,EMP-1022,REG-02,Field Sales,1,2209.59,0.35,1436.23,1263.88,172.35,1938.91,Completed
ORD-SLUMP-11970,2023-12-16,2023-12,CUST-1156,PROD-107,EMP-1008,REG-04,Retail Store,2,1008.25,0.37,1270.4,1117.95,152.45,1715.04,Completed
ORD-SLUMP-11971,2023-12-16,2023-12,CUST-1274,PROD-106,EMP-1018,REG-04,Direct Online,7,1315.04,0.23,7088.07,6237.5,850.57,9568.89,Completed
ORD-SLUMP-11972,2023-12-16,2023-12,CUST-1255,PROD-103,EMP-1024,REG-01,Retail Store,5,4046.85,0.23,15580.37,13710.73,1869.64,21033.5,Completed
ORD-SLUMP-11973,2023-12-17,2023-12,CUST-1100,PROD-104,EMP-1005,REG-02,Direct Online,4,3667.06,0.3,10267.77,9035.64,1232.13,13861.49,Completed
ORD-SLUMP-11974,2023-12-17,2023-12,CUST-1058,PROD-105,EMP-1026,REG-04,Direct Online,4,2926.89,0.23,9014.82,7933.04,1081.78,12170.01,Completed
ORD-SLUMP-11975,2023-12-17,2023-12,CUST-1119,PROD-101,EMP-1014,REG-02,Direct Online,6,2744.09,0.37,10372.66,9127.94,1244.72,14003.09,Completed
ORD-SLUMP-11976,2023-12-17,2023-12,CUST-1146,PROD-108,EMP-1002,REG-05,Field Sales,3,3703.79,0.25,8333.53,7333.51,1000.02,11250.27,Completed
ORD-SLUMP-11977,2023-12-17,2023-12,CUST-1144,PROD-104,EMP-1006,REG-01,Direct Online,7,2604.41,0.32,12396.99,10909.35,1487.64,16735.94,Completed
ORD-SLUMP-11978,2023-12-17,2023-12,CUST-1205,PROD-115,EMP-1008,REG-03,Direct Online,6,1189.48,0.24,5424.03,4773.15,650.88,7322.44,Completed
ORD-SLUMP-11979,2023-12-18,2023-12,CUST-1119,PROD-114,EMP-1025,REG-02,Field Sales,7,3113.47,0.22,16999.55,14959.6,2039.95,22949.39,Completed
ORD-SLUMP-11980,2023-12-18,2023-12,CUST-1031,PROD-106,EMP-1006,REG-05,Enterprise Partner,6,3243.15,0.35,12648.29,11130.5,1517.79,17075.19,Completed
ORD-SLUMP-11981,2023-12-18,2023-12,CUST-1194,PROD-111,EMP-1009,REG-05,Retail Store,5,1142.25,0.39,3483.86,3065.8,418.06,4703.21,Completed
ORD-SLUMP-11982,2023-12-18,2023-12,CUST-1184,PROD-119,EMP-1026,REG-02,Field Sales,1,4110.22,0.23,3164.87,2785.09,379.78,4272.57,Completed
ORD-SLUMP-11983,2023-12-18,2023-12,CUST-1025,PROD-119,EMP-1007,REG-04,Retail Store,7,2436.14,0.22,13301.32,11705.16,1596.16,17956.78,Completed
ORD-SLUMP-11984,2023-12-18,2023-12,CUST-1071,PROD-106,EMP-1021,REG-04,Field Sales,5,4064.03,0.31,14020.9,12338.39,1682.51,18928.22,Completed
ORD-SLUMP-11985,2023-12-18,2023-12,CUST-1269,PROD-116,EMP-1005,REG-04,Enterprise Partner,4,1471.76,0.3,4120.93,3626.42,494.51,5563.26,Completed
ORD-SLUMP-11986,2023-12-19,2023-12,CUST-1010,PROD-111,EMP-1012,REG-05,Field Sales,2,2991.31,0.23,4606.62,4053.83,552.79,6218.94,Completed
ORD-SLUMP-11987,2023-12-19,2023-12,CUST-1257,PROD-117,EMP-1022,REG-04,Enterprise Partner,3,3719.81,0.23,8592.76,7561.63,1031.13,11600.23,Completed
ORD-SLUMP-11988,2023-12-19,2023-12,CUST-1002,PROD-119,EMP-1003,REG-03,Enterprise Partner,6,2504.49,0.23,11570.74,10182.25,1388.49,15620.5,Completed
ORD-SLUMP-11989,2023-12-19,2023-12,CUST-1118,PROD-109,EMP-1023,REG-04,Field Sales,5,3785.91,0.3,13250.68,11660.6,1590.08,17888.42,Completed
ORD-SLUMP-11990,2023-12-20,2023-12,CUST-1116,PROD-114,EMP-1012,REG-05,Enterprise Partner,3,2507.89,0.27,5492.28,4833.21,659.07,7414.58,Completed
ORD-SLUMP-11991,2023-12-20,2023-12,CUST-1130,PROD-118,EMP-1019,REG-02,Field Sales,1,4391.4,0.23,3381.38,2975.61,405.77,4564.86,Completed
ORD-SLUMP-11992,2023-12-20,2023-12,CUST-1246,PROD-118,EMP-1001,REG-03,Enterprise Partner,5,1418.93,0.27,5179.09,4557.6,621.49,6991.77,Completed
ORD-SLUMP-11993,2023-12-20,2023-12,CUST-1094,PROD-114,EMP-1010,REG-01,Field Sales,7,1211.88,0.31,5853.38,5150.97,702.41,7902.06,Completed
ORD-SLUMP-11994,2023-12-20,2023-12,CUST-1081,PROD-108,EMP-1014,REG-02,Field Sales,3,3714.9,0.34,7355.5,6472.84,882.66,9929.93,Completed
ORD-SLUMP-11995,2023-12-20,2023-12,CUST-1230,PROD-119,EMP-1001,REG-01,Direct Online,6,2445.05,0.25,11002.72,9682.39,1320.33,14853.67,Completed
ORD-SLUMP-11996,2023-12-20,2023-12,CUST-1196,PROD-109,EMP-1002,REG-01,Retail Store,2,4020.82,0.26,5950.81,5236.71,714.1,8033.59,Completed
ORD-SLUMP-11997,2023-12-20,2023-12,CUST-1247,PROD-101,EMP-1004,REG-05,Retail Store,2,2213.09,0.32,3009.8,2648.62,361.18,4063.23,Completed
ORD-SLUMP-11998,2023-12-21,2023-12,CUST-1093,PROD-103,EMP-1026,REG-05,Direct Online,7,1112.18,0.28,5605.39,4932.74,672.65,7567.28,Completed
ORD-SLUMP-11999,2023-12-21,2023-12,CUST-1110,PROD-110,EMP-1020,REG-01,Retail Store,5,899.56,0.25,3373.35,2968.55,404.8,4554.02,Completed
ORD-SLUMP-12000,2023-12-21,2023-12,CUST-1288,PROD-116,EMP-1002,REG-01,Retail Store,1,4171.59,0.27,3045.26,2679.83,365.43,4111.1,Completed
ORD-SLUMP-12001,2023-12-21,2023-12,CUST-1297,PROD-101,EMP-1017,REG-05,Retail Store,4,3037.36,0.2,9719.55,8553.2,1166.35,13121.39,Completed
ORD-SLUMP-12002,2023-12-21,2023-12,CUST-1165,PROD-111,EMP-1008,REG-01,Field Sales,7,2571.02,0.36,11518.17,10135.99,1382.18,15549.53,Completed
ORD-SLUMP-12003,2023-12-21,2023-12,CUST-1249,PROD-119,EMP-1027,REG-02,Retail Store,6,1892.93,0.34,7496.0,6596.48,899.52,10119.6,Completed
ORD-SLUMP-12004,2023-12-21,2023-12,CUST-1054,PROD-119,EMP-1026,REG-04,Field Sales,6,1887.9,0.34,7476.08,6578.95,897.13,10092.71,Completed
ORD-SLUMP-12005,2023-12-22,2023-12,CUST-1089,PROD-105,EMP-1012,REG-01,Retail Store,1,2993.38,0.2,2394.7,2107.34,287.36,3232.84,Completed
ORD-SLUMP-12006,2023-12-22,2023-12,CUST-1174,PROD-106,EMP-1013,REG-02,Field Sales,4,2025.63,0.4,4861.51,4278.13,583.38,6563.04,Completed
ORD-SLUMP-12007,2023-12-22,2023-12,CUST-1206,PROD-119,EMP-1010,REG-01,Direct Online,1,2335.14,0.39,1424.44,1253.51,170.93,1922.99,Completed
ORD-SLUMP-12008,2023-12-22,2023-12,CUST-1237,PROD-119,EMP-1026,REG-02,Retail Store,7,3535.39,0.25,18560.8,16333.5,2227.3,25057.08,Completed
ORD-SLUMP-12009,2023-12-22,2023-12,CUST-1148,PROD-114,EMP-1024,REG-05,Field Sales,2,3067.55,0.38,3803.76,3347.31,456.45,5135.08,Completed
ORD-SLUMP-12010,2023-12-22,2023-12,CUST-1113,PROD-108,EMP-1004,REG-03,Retail Store,5,1670.52,0.39,5095.09,4483.68,611.41,6878.37,Completed
ORD-SLUMP-12011,2023-12-23,2023-12,CUST-1280,PROD-115,EMP-1006,REG-04,Field Sales,2,2421.14,0.25,3631.71,3195.9,435.81,4902.81,Completed
ORD-SLUMP-12012,2023-12-23,2023-12,CUST-1239,PROD-101,EMP-1005,REG-02,Enterprise Partner,6,1755.21,0.26,7793.13,6857.95,935.18,10520.73,Completed
ORD-SLUMP-12013,2023-12-23,2023-12,CUST-1154,PROD-115,EMP-1013,REG-05,Enterprise Partner,7,1396.09,0.23,7524.93,6621.94,902.99,10158.66,Completed
ORD-SLUMP-12014,2023-12-23,2023-12,CUST-1260,PROD-111,EMP-1003,REG-03,Enterprise Partner,2,2289.66,0.35,2976.56,2619.37,357.19,4018.36,Completed
ORD-SLUMP-12015,2023-12-23,2023-12,CUST-1180,PROD-108,EMP-1005,REG-05,Enterprise Partner,5,4499.41,0.39,13723.2,12076.42,1646.78,18526.32,Completed
ORD-SLUMP-12016,2023-12-23,2023-12,CUST-1180,PROD-114,EMP-1016,REG-03,Field Sales,6,2634.13,0.29,11221.39,9874.82,1346.57,15148.88,Completed
ORD-SLUMP-12017,2023-12-24,2023-12,CUST-1028,PROD-106,EMP-1026,REG-03,Enterprise Partner,6,3566.38,0.36,13694.9,12051.51,1643.39,18488.12,Completed
ORD-SLUMP-12018,2023-12-24,2023-12,CUST-1231,PROD-119,EMP-1024,REG-03,Field Sales,6,3385.27,0.27,14827.48,13048.18,1779.3,20017.1,Completed
ORD-SLUMP-12019,2023-12-25,2023-12,CUST-1178,PROD-114,EMP-1022,REG-03,Direct Online,7,2690.41,0.29,13371.34,11766.78,1604.56,18051.31,Completed
ORD-SLUMP-12020,2023-12-25,2023-12,CUST-1036,PROD-102,EMP-1019,REG-01,Retail Store,2,4031.77,0.3,5644.48,4967.14,677.34,7620.05,Completed
ORD-SLUMP-12021,2023-12-25,2023-12,CUST-1285,PROD-114,EMP-1014,REG-01,Enterprise Partner,6,2717.48,0.27,11902.56,10474.25,1428.31,16068.46,Completed
ORD-SLUMP-12022,2023-12-25,2023-12,CUST-1242,PROD-104,EMP-1019,REG-04,Retail Store,1,1440.31,0.29,1022.62,899.91,122.71,1380.54,Completed
ORD-SLUMP-12023,2023-12-25,2023-12,CUST-1258,PROD-108,EMP-1008,REG-03,Field Sales,2,3898.29,0.27,5691.5,5008.52,682.98,7683.52,Completed
ORD-SLUMP-12024,2023-12-25,2023-12,CUST-1069,PROD-113,EMP-1029,REG-01,Direct Online,2,3662.66,0.21,5787.0,5092.56,694.44,7812.45,Completed
ORD-SLUMP-12025,2023-12-25,2023-12,CUST-1228,PROD-119,EMP-1005,REG-03,Enterprise Partner,6,3666.88,0.23,16940.99,14908.07,2032.92,22870.34,Completed
ORD-SLUMP-12026,2023-12-25,2023-12,CUST-1079,PROD-102,EMP-1025,REG-03,Retail Store,4,2353.85,0.21,7438.17,6545.59,892.58,10041.53,Completed
ORD-SLUMP-12027,2023-12-25,2023-12,CUST-1095,PROD-115,EMP-1029,REG-01,Field Sales,2,2809.94,0.27,4102.51,3610.21,492.3,5538.39,Completed
ORD-SLUMP-12028,2023-12-26,2023-12,CUST-1275,PROD-113,EMP-1026,REG-02,Retail Store,2,834.64,0.29,1185.19,1042.97,142.22,1600.01,Completed
ORD-SLUMP-12029,2023-12-26,2023-12,CUST-1281,PROD-116,EMP-1017,REG-02,Enterprise Partner,4,2856.41,0.38,7083.9,6233.83,850.07,9563.26,Completed
ORD-SLUMP-12030,2023-12-26,2023-12,CUST-1157,PROD-116,EMP-1029,REG-05,Field Sales,2,1753.98,0.3,2455.57,2160.9,294.67,3315.02,Completed
ORD-SLUMP-12031,2023-12-26,2023-12,CUST-1267,PROD-114,EMP-1029,REG-02,Field Sales,3,4096.99,0.36,7866.22,6922.27,943.95,10619.4,Completed
ORD-SLUMP-12032,2023-12-26,2023-12,CUST-1110,PROD-106,EMP-1021,REG-04,Field Sales,7,1666.41,0.25,8748.65,7698.81,1049.84,11810.68,Completed
ORD-SLUMP-12033,2023-12-26,2023-12,CUST-1125,PROD-116,EMP-1014,REG-02,Direct Online,3,2142.7,0.26,4756.79,4185.98,570.81,6421.67,Completed
ORD-SLUMP-12034,2023-12-27,2023-12,CUST-1285,PROD-110,EMP-1004,REG-01,Retail Store,3,2381.62,0.26,5287.2,4652.74,634.46,7137.72,Completed
ORD-SLUMP-12035,2023-12-27,2023-12,CUST-1144,PROD-110,EMP-1005,REG-04,Enterprise Partner,5,2931.83,0.27,10701.18,9417.04,1284.14,14446.59,Completed
ORD-SLUMP-12036,2023-12-27,2023-12,CUST-1255,PROD-111,EMP-1021,REG-03,Enterprise Partner,1,2268.18,0.27,1655.77,1457.08,198.69,2235.29,Completed
ORD-SLUMP-12037,2023-12-27,2023-12,CUST-1026,PROD-109,EMP-1027,REG-01,Direct Online,3,3285.75,0.39,6012.92,5291.37,721.55,8117.44,Completed
ORD-SLUMP-12038,2023-12-28,2023-12,CUST-1053,PROD-115,EMP-1029,REG-03,Direct Online,5,2576.92,0.24,9792.3,8617.22,1175.08,13219.6,Completed
ORD-SLUMP-12039,2023-12-28,2023-12,CUST-1028,PROD-117,EMP-1020,REG-03,Retail Store,6,1284.19,0.36,4931.29,4339.54,591.75,6657.24,Completed
ORD-SLUMP-12040,2023-12-28,2023-12,CUST-1279,PROD-112,EMP-1003,REG-05,Field Sales,1,1099.74,0.35,714.83,629.05,85.78,965.02,Completed
ORD-SLUMP-12041,2023-12-29,2023-12,CUST-1001,PROD-106,EMP-1028,REG-05,Enterprise Partner,4,2441.44,0.39,5957.11,5242.26,714.85,8042.1,Completed
ORD-SLUMP-12042,2023-12-29,2023-12,CUST-1025,PROD-119,EMP-1001,REG-01,Field Sales,5,4254.19,0.32,14464.25,12728.54,1735.71,19526.74,Completed
ORD-SLUMP-12043,2023-12-29,2023-12,CUST-1166,PROD-101,EMP-1019,REG-01,Enterprise Partner,2,1684.62,0.22,2628.01,2312.65,315.36,3547.81,Completed
ORD-SLUMP-12044,2023-12-29,2023-12,CUST-1077,PROD-118,EMP-1021,REG-05,Enterprise Partner,3,2534.15,0.35,4941.59,4348.6,592.99,6671.15,Completed
ORD-SLUMP-12045,2023-12-30,2023-12,CUST-1043,PROD-106,EMP-1009,REG-03,Field Sales,7,4155.49,0.33,19489.25,17150.54,2338.71,26310.49,Completed
ORD-SLUMP-12046,2023-12-30,2023-12,CUST-1138,PROD-107,EMP-1010,REG-05,Enterprise Partner,4,2216.18,0.21,7003.13,6162.75,840.38,9454.23,Completed
ORD-SLUMP-12047,2023-12-30,2023-12,CUST-1104,PROD-115,EMP-1023,REG-03,Retail Store,4,2992.43,0.28,8618.2,7584.02,1034.18,11634.57,Completed
ORD-SLUMP-12048,2023-12-30,2023-12,CUST-1255,PROD-117,EMP-1029,REG-04,Direct Online,5,1039.5,0.26,3846.15,3384.61,461.54,5192.3,Completed
ORD-SLUMP-12049,2023-12-30,2023-12,CUST-1177,PROD-101,EMP-1028,REG-05,Retail Store,5,1131.36,0.27,4129.46,3633.92,495.54,5574.77,Completed
ORD-SLUMP-12050,2023-12-31,2023-12,CUST-1187,PROD-116,EMP-1027,REG-04,Direct Online,6,3818.18,0.27,16723.63,14716.79,2006.84,22576.9,Completed
ORD-SLUMP-12051,2023-12-31,2023-12,CUST-1064,PROD-110,EMP-1028,REG-03,Retail Store,6,3808.4,0.33,15309.77,13472.6,1837.17,20668.19,Completed
ORD-SLUMP-12052,2023-12-31,2023-12,CUST-1275,PROD-112,EMP-1015,REG-02,Field Sales,7,3816.91,0.31,18435.68,16223.4,2212.28,24888.17,Completed
ORD-SLUMP-12053,2023-12-31,2023-12,CUST-1022,PROD-101,EMP-1016,REG-02,Enterprise Partner,1,3878.84,0.27,2831.55,2491.76,339.79,3822.59,Completed
ORD-SLUMP-12054,2023-12-31,2023-12,CUST-1222,PROD-108,EMP-1022,REG-05,Field Sales,6,3993.75,0.26,17732.25,15604.38,2127.87,23938.54,Completed
ORD-SLUMP-12055,2023-12-31,2023-12,CUST-1192,PROD-118,EMP-1029,REG-04,Enterprise Partner,4,2923.66,0.21,9238.77,8130.12,1108.65,12472.34,Completed
ORD-SLUMP-12056,2024-01-01,2024-01,CUST-1286,PROD-118,EMP-1025,REG-01,Enterprise Partner,4,2214.24,0.37,5579.88,4910.29,669.59,7532.84,Completed
ORD-SLUMP-12057,2024-01-01,2024-01,CUST-1012,PROD-105,EMP-1019,REG-01,Enterprise Partner,2,2302.4,0.27,3361.5,2958.12,403.38,4538.03,Completed
ORD-SLUMP-12058,2024-01-01,2024-01,CUST-1166,PROD-109,EMP-1002,REG-05,Direct Online,5,1655.66,0.25,6208.72,5463.67,745.05,8381.77,Completed
ORD-SLUMP-12059,2024-01-01,2024-01,CUST-1082,PROD-103,EMP-1023,REG-02,Direct Online,2,1299.0,0.36,1662.72,1463.19,199.53,2244.67,Completed
ORD-SLUMP-12060,2024-01-01,2024-01,CUST-1177,PROD-112,EMP-1010,REG-03,Retail Store,6,2442.83,0.39,8940.76,7867.87,1072.89,12070.03,Completed
ORD-SLUMP-12061,2024-01-01,2024-01,CUST-1140,PROD-113,EMP-1024,REG-05,Field Sales,6,4491.35,0.23,20750.04,18260.04,2490.0,28012.55,Completed
ORD-SLUMP-12062,2024-01-01,2024-01,CUST-1246,PROD-109,EMP-1020,REG-05,Retail Store,7,1451.09,0.3,7110.34,6257.1,853.24,9598.96,Completed
ORD-SLUMP-12063,2024-01-01,2024-01,CUST-1217,PROD-112,EMP-1003,REG-05,Retail Store,1,4166.96,0.35,2708.52,2383.5,325.02,3656.5,Completed
ORD-SLUMP-12064,2024-01-02,2024-01,CUST-1062,PROD-110,EMP-1009,REG-05,Direct Online,7,4379.3,0.36,19619.26,17264.95,2354.31,26486.0,Completed
ORD-SLUMP-12065,2024-01-02,2024-01,CUST-1280,PROD-101,EMP-1023,REG-05,Direct Online,5,3612.85,0.29,12825.62,11286.55,1539.07,17314.59,Completed
ORD-SLUMP-12066,2024-01-02,2024-01,CUST-1187,PROD-110,EMP-1028,REG-05,Retail Store,3,3264.05,0.35,6364.9,5601.11,763.79,8592.62,Completed
ORD-SLUMP-12067,2024-01-02,2024-01,CUST-1285,PROD-119,EMP-1008,REG-04,Direct Online,3,3327.79,0.32,6788.69,5974.05,814.64,9164.73,Completed
ORD-SLUMP-12068,2024-01-02,2024-01,CUST-1232,PROD-117,EMP-1009,REG-04,Field Sales,4,1703.35,0.34,4496.84,3957.22,539.62,6070.73,Completed
ORD-SLUMP-12069,2024-01-02,2024-01,CUST-1135,PROD-114,EMP-1009,REG-01,Field Sales,4,3402.69,0.21,10752.5,9462.2,1290.3,14515.88,Completed
ORD-SLUMP-12070,2024-01-02,2024-01,CUST-1067,PROD-113,EMP-1015,REG-03,Enterprise Partner,4,1199.5,0.38,2974.76,2617.79,356.97,4015.93,Completed
ORD-SLUMP-12071,2024-01-02,2024-01,CUST-1056,PROD-107,EMP-1006,REG-04,Retail Store,4,3706.37,0.27,10822.6,9523.89,1298.71,14610.51,Completed
ORD-SLUMP-12072,2024-01-02,2024-01,CUST-1179,PROD-108,EMP-1026,REG-03,Field Sales,3,1197.46,0.4,2155.43,1896.78,258.65,2909.83,Completed
ORD-SLUMP-12073,2024-01-02,2024-01,CUST-1123,PROD-113,EMP-1015,REG-02,Enterprise Partner,2,4153.47,0.31,5731.79,5043.98,687.81,7737.92,Completed
ORD-SLUMP-12074,2024-01-02,2024-01,CUST-1279,PROD-116,EMP-1004,REG-01,Field Sales,4,1463.84,0.23,4508.63,3967.59,541.04,6086.65,Completed
ORD-SLUMP-12075,2024-01-02,2024-01,CUST-1195,PROD-105,EMP-1015,REG-04,Enterprise Partner,7,1566.52,0.3,7675.95,6754.84,921.11,10362.53,Completed
ORD-SLUMP-12076,2024-01-02,2024-01,CUST-1284,PROD-109,EMP-1009,REG-05,Retail Store,2,1712.55,0.32,2329.07,2049.58,279.49,3144.24,Completed
ORD-SLUMP-12077,2024-01-02,2024-01,CUST-1056,PROD-108,EMP-1024,REG-03,Direct Online,3,987.23,0.3,2073.18,1824.4,248.78,2798.79,Completed
ORD-SLUMP-12078,2024-01-03,2024-01,CUST-1042,PROD-101,EMP-1010,REG-03,Field Sales,7,1006.85,0.32,4792.61,4217.5,575.11,6470.02,Completed
ORD-SLUMP-12079,2024-01-03,2024-01,CUST-1204,PROD-116,EMP-1023,REG-04,Direct Online,7,4074.71,0.37,17969.47,15813.13,2156.34,24258.78,Completed
ORD-SLUMP-12080,2024-01-03,2024-01,CUST-1279,PROD-108,EMP-1003,REG-02,Field Sales,2,3547.83,0.25,5321.74,4683.13,638.61,7184.35,Completed
ORD-SLUMP-12081,2024-01-04,2024-01,CUST-1226,PROD-117,EMP-1004,REG-02,Direct Online,2,1125.91,0.22,1756.42,1545.65,210.77,2371.17,Completed
ORD-SLUMP-12082,2024-01-04,2024-01,CUST-1253,PROD-114,EMP-1001,REG-05,Direct Online,7,2912.45,0.39,12436.16,10943.82,1492.34,16788.82,Completed
ORD-SLUMP-12083,2024-01-04,2024-01,CUST-1226,PROD-102,EMP-1029,REG-04,Enterprise Partner,3,3134.38,0.31,6488.17,5709.59,778.58,8759.03,Completed
ORD-SLUMP-12084,2024-01-05,2024-01,CUST-1273,PROD-103,EMP-1029,REG-03,Field Sales,5,1306.32,0.3,4572.12,4023.47,548.65,6172.36,Completed
ORD-SLUMP-12085,2024-01-05,2024-01,CUST-1243,PROD-107,EMP-1017,REG-03,Retail Store,7,3115.66,0.35,14176.25,12475.1,1701.15,19137.94,Completed
ORD-SLUMP-12086,2024-01-05,2024-01,CUST-1171,PROD-111,EMP-1027,REG-01,Retail Store,3,1949.71,0.25,4386.85,3860.43,526.42,5922.25,Completed
ORD-SLUMP-12087,2024-01-05,2024-01,CUST-1011,PROD-109,EMP-1004,REG-02,Field Sales,4,3041.77,0.28,8760.3,7709.06,1051.24,11826.4,Completed
ORD-SLUMP-12088,2024-01-05,2024-01,CUST-1093,PROD-101,EMP-1026,REG-02,Direct Online,5,4310.87,0.39,13148.15,11570.37,1577.78,17750.0,Completed
ORD-SLUMP-12089,2024-01-05,2024-01,CUST-1289,PROD-108,EMP-1020,REG-03,Enterprise Partner,1,4221.92,0.32,2870.91,2526.4,344.51,3875.73,Completed
ORD-SLUMP-12090,2024-01-05,2024-01,CUST-1079,PROD-118,EMP-1011,REG-04,Enterprise Partner,2,1141.47,0.29,1620.89,1426.38,194.51,2188.2,Completed
ORD-SLUMP-12091,2024-01-05,2024-01,CUST-1027,PROD-113,EMP-1016,REG-02,Enterprise Partner,6,4270.39,0.32,17423.19,15332.41,2090.78,23521.31,Completed
ORD-SLUMP-12092,2024-01-06,2024-01,CUST-1234,PROD-109,EMP-1002,REG-05,Retail Store,2,2520.08,0.27,3679.32,3237.8,441.52,4967.08,Completed
ORD-SLUMP-12093,2024-01-06,2024-01,CUST-1098,PROD-112,EMP-1004,REG-04,Retail Store,4,1974.28,0.29,5606.96,4934.12,672.84,7569.4,Completed
ORD-SLUMP-12094,2024-01-06,2024-01,CUST-1254,PROD-101,EMP-1008,REG-04,Direct Online,2,3395.19,0.37,4277.94,3764.59,513.35,5775.22,Completed
ORD-SLUMP-12095,2024-01-06,2024-01,CUST-1191,PROD-101,EMP-1025,REG-05,Direct Online,6,905.69,0.2,4347.31,3825.63,521.68,5868.87,Completed
ORD-SLUMP-12096,2024-01-06,2024-01,CUST-1202,PROD-108,EMP-1011,REG-05,Field Sales,5,3629.44,0.36,11614.21,10220.5,1393.71,15679.18,Completed
ORD-SLUMP-12097,2024-01-07,2024-01,CUST-1154,PROD-112,EMP-1025,REG-04,Enterprise Partner,3,1856.46,0.23,4288.42,3773.81,514.61,5789.37,Completed
ORD-SLUMP-12098,2024-01-07,2024-01,CUST-1202,PROD-115,EMP-1008,REG-05,Direct Online,7,2745.43,0.35,12491.71,10992.7,1499.01,16863.81,Completed
ORD-SLUMP-12099,2024-01-07,2024-01,CUST-1060,PROD-108,EMP-1012,REG-04,Field Sales,2,1221.81,0.38,1515.04,1333.24,181.8,2045.3,Completed
ORD-SLUMP-12100,2024-01-07,2024-01,CUST-1045,PROD-101,EMP-1001,REG-01,Enterprise Partner,3,3994.69,0.33,8029.33,7065.81,963.52,10839.6,Completed
ORD-SLUMP-12101,2024-01-07,2024-01,CUST-1193,PROD-115,EMP-1017,REG-02,Enterprise Partner,1,3246.82,0.29,2305.24,2028.61,276.63,3112.07,Completed
ORD-SLUMP-12102,2024-01-07,2024-01,CUST-1296,PROD-117,EMP-1001,REG-02,Enterprise Partner,5,3474.28,0.27,12681.12,11159.39,1521.73,17119.51,Completed
ORD-SLUMP-12103,2024-01-08,2024-01,CUST-1174,PROD-110,EMP-1025,REG-01,Retail Store,7,4163.52,0.38,18069.68,15901.32,2168.36,24394.07,Completed
ORD-SLUMP-12104,2024-01-08,2024-01,CUST-1002,PROD-103,EMP-1027,REG-05,Direct Online,5,2151.52,0.33,7207.59,6342.68,864.91,9730.25,Completed
ORD-SLUMP-12105,2024-01-08,2024-01,CUST-1022,PROD-104,EMP-1028,REG-05,Enterprise Partner,5,1454.73,0.36,4655.14,4096.52,558.62,6284.44,Completed
ORD-SLUMP-12106,2024-01-08,2024-01,CUST-1147,PROD-112,EMP-1006,REG-05,Enterprise Partner,1,3707.74,0.29,2632.5,2316.6,315.9,3553.88,Completed
ORD-SLUMP-12107,2024-01-08,2024-01,CUST-1207,PROD-117,EMP-1011,REG-05,Retail Store,6,949.44,0.23,4386.41,3860.04,526.37,5921.65,Completed
ORD-SLUMP-12108,2024-01-08,2024-01,CUST-1028,PROD-103,EMP-1012,REG-02,Retail Store,3,2408.48,0.32,4913.3,4323.7,589.6,6632.96,Completed
ORD-SLUMP-12109,2024-01-08,2024-01,CUST-1211,PROD-107,EMP-1014,REG-05,Enterprise Partner,2,1663.12,0.37,2095.53,1844.07,251.46,2828.97,Completed
ORD-SLUMP-12110,2024-01-09,2024-01,CUST-1261,PROD-114,EMP-1025,REG-01,Retail Store,7,2662.62,0.4,11183.0,9841.04,1341.96,15097.05,Completed
ORD-SLUMP-12111,2024-01-09,2024-01,CUST-1147,PROD-105,EMP-1011,REG-04,Enterprise Partner,1,1571.37,0.22,1225.67,1078.59,147.08,1654.65,Completed
ORD-SLUMP-12112,2024-01-09,2024-01,CUST-1287,PROD-115,EMP-1021,REG-02,Direct Online,5,3794.76,0.29,13471.4,11854.83,1616.57,18186.39,Completed
ORD-SLUMP-12113,2024-01-09,2024-01,CUST-1299,PROD-104,EMP-1007,REG-02,Enterprise Partner,7,2579.51,0.22,14084.12,12394.03,1690.09,19013.56,Completed
ORD-SLUMP-12114,2024-01-10,2024-01,CUST-1058,PROD-117,EMP-1018,REG-05,Enterprise Partner,4,807.06,0.26,2388.9,2102.23,286.67,3225.02,Completed
ORD-SLUMP-12115,2024-01-10,2024-01,CUST-1185,PROD-104,EMP-1014,REG-05,Enterprise Partner,5,2065.64,0.23,7952.71,6998.38,954.33,10736.16,Completed
ORD-SLUMP-12116,2024-01-10,2024-01,CUST-1028,PROD-108,EMP-1017,REG-02,Field Sales,3,2638.11,0.32,5381.74,4735.93,645.81,7265.35,Completed
ORD-SLUMP-12117,2024-01-10,2024-01,CUST-1205,PROD-105,EMP-1016,REG-05,Enterprise Partner,1,1133.03,0.26,838.44,737.83,100.61,1131.89,Completed
ORD-SLUMP-12118,2024-01-10,2024-01,CUST-1079,PROD-102,EMP-1011,REG-03,Direct Online,1,1159.93,0.31,800.35,704.31,96.04,1080.47,Completed
ORD-SLUMP-12119,2024-01-10,2024-01,CUST-1219,PROD-111,EMP-1006,REG-04,Field Sales,3,2654.15,0.23,6131.09,5395.36,735.73,8276.97,Completed
ORD-SLUMP-12120,2024-01-10,2024-01,CUST-1260,PROD-115,EMP-1018,REG-02,Enterprise Partner,3,3114.21,0.33,6259.56,5508.41,751.15,8450.41,Completed
ORD-SLUMP-12121,2024-01-11,2024-01,CUST-1143,PROD-106,EMP-1023,REG-04,Direct Online,1,4473.5,0.26,3310.39,2913.14,397.25,4469.03,Completed
ORD-SLUMP-12122,2024-01-11,2024-01,CUST-1176,PROD-108,EMP-1017,REG-02,Enterprise Partner,6,2096.74,0.25,9435.33,8303.09,1132.24,12737.7,Completed
ORD-SLUMP-12123,2024-01-11,2024-01,CUST-1216,PROD-105,EMP-1013,REG-04,Enterprise Partner,5,3491.47,0.38,10823.56,9524.73,1298.83,14611.81,Completed
ORD-SLUMP-12124,2024-01-11,2024-01,CUST-1139,PROD-104,EMP-1017,REG-04,Direct Online,6,1643.63,0.32,6706.01,5901.29,804.72,9053.11,Completed
ORD-SLUMP-12125,2024-01-11,2024-01,CUST-1077,PROD-114,EMP-1027,REG-01,Enterprise Partner,4,3737.29,0.22,11660.34,10261.1,1399.24,15741.46,Completed
ORD-SLUMP-12126,2024-01-12,2024-01,CUST-1029,PROD-102,EMP-1028,REG-01,Enterprise Partner,3,3403.57,0.21,8066.46,7098.48,967.98,10889.72,Completed
ORD-SLUMP-12127,2024-01-12,2024-01,CUST-1093,PROD-103,EMP-1025,REG-02,Direct Online,3,1998.6,0.36,3837.31,3376.83,460.48,5180.37,Completed
ORD-SLUMP-12128,2024-01-12,2024-01,CUST-1094,PROD-118,EMP-1018,REG-05,Enterprise Partner,3,2676.49,0.21,6343.28,5582.09,761.19,8563.43,Completed
ORD-SLUMP-12129,2024-01-13,2024-01,CUST-1111,PROD-111,EMP-1023,REG-05,Direct Online,7,2782.01,0.21,15384.52,13538.38,1846.14,20769.1,Completed
ORD-SLUMP-12130,2024-01-13,2024-01,CUST-1117,PROD-109,EMP-1007,REG-01,Direct Online,3,3250.91,0.21,7704.66,6780.1,924.56,10401.29,Completed
ORD-SLUMP-12131,2024-01-13,2024-01,CUST-1229,PROD-105,EMP-1004,REG-04,Field Sales,4,1881.35,0.21,5945.07,5231.66,713.41,8025.84,Completed
ORD-SLUMP-12132,2024-01-13,2024-01,CUST-1071,PROD-107,EMP-1007,REG-03,Direct Online,3,2661.22,0.32,5428.89,4777.42,651.47,7329.0,Completed
ORD-SLUMP-12133,2024-01-14,2024-01,CUST-1134,PROD-115,EMP-1009,REG-04,Field Sales,2,1604.4,0.27,2342.42,2061.33,281.09,3162.27,Completed
ORD-SLUMP-12134,2024-01-14,2024-01,CUST-1019,PROD-112,EMP-1002,REG-05,Retail Store,3,952.82,0.39,1743.66,1534.42,209.24,2353.94,Completed
ORD-SLUMP-12135,2024-01-14,2024-01,CUST-1001,PROD-105,EMP-1027,REG-03,Enterprise Partner,1,2787.09,0.21,2201.8,1937.58,264.22,2972.43,Completed
ORD-SLUMP-12136,2024-01-14,2024-01,CUST-1177,PROD-119,EMP-1027,REG-02,Retail Store,6,1214.28,0.25,5464.26,4808.55,655.71,7376.75,Completed
ORD-SLUMP-12137,2024-01-14,2024-01,CUST-1252,PROD-109,EMP-1028,REG-02,Retail Store,1,2745.59,0.26,2031.74,1787.93,243.81,2742.85,Completed
ORD-SLUMP-12138,2024-01-14,2024-01,CUST-1234,PROD-102,EMP-1022,REG-05,Retail Store,4,3203.59,0.31,8841.91,7780.88,1061.03,11936.58,Completed
ORD-SLUMP-12139,2024-01-15,2024-01,CUST-1042,PROD-102,EMP-1006,REG-04,Retail Store,5,2783.85,0.4,8351.55,7349.36,1002.19,11274.59,Completed
ORD-SLUMP-12140,2024-01-15,2024-01,CUST-1055,PROD-105,EMP-1026,REG-04,Enterprise Partner,5,2038.94,0.3,7136.29,6279.94,856.35,9633.99,Completed
ORD-SLUMP-12141,2024-01-15,2024-01,CUST-1215,PROD-109,EMP-1010,REG-04,Retail Store,7,2656.24,0.22,14503.07,12762.7,1740.37,19579.14,Completed
ORD-SLUMP-12142,2024-01-15,2024-01,CUST-1063,PROD-105,EMP-1001,REG-04,Direct Online,3,959.25,0.34,1899.31,1671.39,227.92,2564.07,Completed
ORD-SLUMP-12143,2024-01-15,2024-01,CUST-1119,PROD-111,EMP-1029,REG-02,Enterprise Partner,7,1253.3,0.3,6141.17,5404.23,736.94,8290.58,Completed
ORD-SLUMP-12144,2024-01-15,2024-01,CUST-1290,PROD-118,EMP-1016,REG-05,Direct Online,3,1609.5,0.38,2993.67,2634.43,359.24,4041.45,Completed
ORD-SLUMP-12145,2024-01-16,2024-01,CUST-1211,PROD-113,EMP-1023,REG-04,Enterprise Partner,7,2117.57,0.38,9190.25,8087.42,1102.83,12406.84,Completed
ORD-SLUMP-12146,2024-01-16,2024-01,CUST-1251,PROD-103,EMP-1025,REG-01,Field Sales,3,3868.1,0.25,8703.22,7658.83,1044.39,11749.35,Completed
ORD-SLUMP-12147,2024-01-16,2024-01,CUST-1073,PROD-102,EMP-1003,REG-05,Retail Store,2,3350.49,0.31,4623.68,4068.84,554.84,6241.97,Completed
ORD-SLUMP-12148,2024-01-17,2024-01,CUST-1191,PROD-116,EMP-1001,REG-03,Field Sales,4,3128.33,0.35,8133.66,7157.62,976.04,10980.44,Completed
ORD-SLUMP-12149,2024-01-17,2024-01,CUST-1025,PROD-112,EMP-1019,REG-02,Retail Store,7,2876.77,0.37,12686.56,11164.17,1522.39,17126.86,Completed
ORD-SLUMP-12150,2024-01-17,2024-01,CUST-1002,PROD-114,EMP-1011,REG-01,Direct Online,7,3565.9,0.22,19469.81,17133.43,2336.38,26284.24,Completed
ORD-SLUMP-12151,2024-01-17,2024-01,CUST-1298,PROD-103,EMP-1020,REG-02,Enterprise Partner,6,3096.47,0.27,13562.54,11935.04,1627.5,18309.43,Completed
ORD-SLUMP-12152,2024-01-17,2024-01,CUST-1268,PROD-119,EMP-1003,REG-05,Field Sales,7,2276.71,0.22,12430.84,10939.14,1491.7,16781.63,Completed
ORD-SLUMP-12153,2024-01-17,2024-01,CUST-1129,PROD-107,EMP-1001,REG-02,Retail Store,2,1942.63,0.31,2680.83,2359.13,321.7,3619.12,Completed
ORD-SLUMP-12154,2024-01-17,2024-01,CUST-1277,PROD-111,EMP-1012,REG-03,Retail Store,6,4322.65,0.29,18414.49,16204.75,2209.74,24859.56,Completed
ORD-SLUMP-12155,2024-01-17,2024-01,CUST-1176,PROD-104,EMP-1015,REG-03,Enterprise Partner,6,4374.94,0.26,19424.73,17093.76,2330.97,26223.39,Completed
ORD-SLUMP-12156,2024-01-17,2024-01,CUST-1030,PROD-114,EMP-1012,REG-03,Retail Store,6,4198.29,0.22,19648.0,17290.24,2357.76,26524.8,Completed
ORD-SLUMP-12157,2024-01-18,2024-01,CUST-1041,PROD-105,EMP-1022,REG-05,Field Sales,3,878.96,0.26,1951.29,1717.14,234.15,2634.24,Completed
ORD-SLUMP-12158,2024-01-18,2024-01,CUST-1079,PROD-110,EMP-1008,REG-01,Enterprise Partner,2,4128.46,0.29,5862.41,5158.92,703.49,7914.25,Completed
ORD-SLUMP-12159,2024-01-18,2024-01,CUST-1208,PROD-116,EMP-1023,REG-01,Retail Store,6,925.21,0.23,4274.47,3761.53,512.94,5770.53,Completed
ORD-SLUMP-12160,2024-01-18,2024-01,CUST-1214,PROD-107,EMP-1018,REG-05,Retail Store,4,2444.05,0.27,7136.63,6280.23,856.4,9634.45,Completed
ORD-SLUMP-12161,2024-01-19,2024-01,CUST-1042,PROD-109,EMP-1029,REG-03,Retail Store,3,3160.46,0.33,6352.52,5590.22,762.3,8575.9,Completed
ORD-SLUMP-12162,2024-01-19,2024-01,CUST-1248,PROD-113,EMP-1025,REG-03,Field Sales,7,2560.82,0.29,12727.28,11200.01,1527.27,17181.83,Completed
ORD-SLUMP-12163,2024-01-19,2024-01,CUST-1211,PROD-113,EMP-1019,REG-04,Retail Store,3,1600.91,0.22,3746.13,3296.59,449.54,5057.28,Completed
ORD-SLUMP-12164,2024-01-19,2024-01,CUST-1026,PROD-103,EMP-1008,REG-05,Field Sales,6,3617.17,0.25,16277.26,14323.99,1953.27,21974.3,Completed
ORD-SLUMP-12165,2024-01-20,2024-01,CUST-1085,PROD-107,EMP-1005,REG-04,Retail Store,1,996.74,0.33,667.82,587.68,80.14,901.56,Completed
ORD-SLUMP-12166,2024-01-20,2024-01,CUST-1297,PROD-115,EMP-1023,REG-01,Enterprise Partner,7,2309.95,0.23,12450.63,10956.55,1494.08,16808.35,Completed
ORD-SLUMP-12167,2024-01-20,2024-01,CUST-1103,PROD-111,EMP-1018,REG-02,Enterprise Partner,7,3950.46,0.35,17974.59,15817.64,2156.95,24265.7,Completed
ORD-SLUMP-12168,2024-01-20,2024-01,CUST-1009,PROD-115,EMP-1012,REG-01,Retail Store,7,3396.55,0.37,14978.79,13181.34,1797.45,20221.37,Completed
ORD-SLUMP-12169,2024-01-20,2024-01,CUST-1134,PROD-105,EMP-1002,REG-05,Field Sales,7,4301.06,0.3,21075.19,18546.17,2529.02,28451.51,Completed
ORD-SLUMP-12170,2024-01-21,2024-01,CUST-1136,PROD-105,EMP-1006,REG-05,Field Sales,1,3506.71,0.21,2770.3,2437.86,332.44,3739.91,Completed
ORD-SLUMP-12171,2024-01-21,2024-01,CUST-1027,PROD-104,EMP-1009,REG-04,Field Sales,7,1441.72,0.33,6761.67,5950.27,811.4,9128.25,Completed
ORD-SLUMP-12172,2024-01-21,2024-01,CUST-1120,PROD-102,EMP-1008,REG-01,Field Sales,7,2200.26,0.34,10165.2,8945.38,1219.82,13723.02,Completed
ORD-SLUMP-12173,2024-01-21,2024-01,CUST-1004,PROD-105,EMP-1017,REG-04,Enterprise Partner,2,3428.69,0.38,4251.58,3741.39,510.19,5739.63,Completed
ORD-SLUMP-12174,2024-01-22,2024-01,CUST-1093,PROD-113,EMP-1003,REG-03,Direct Online,4,1620.15,0.36,4147.58,3649.87,497.71,5599.23,Completed
ORD-SLUMP-12175,2024-01-22,2024-01,CUST-1078,PROD-103,EMP-1013,REG-04,Field Sales,5,2577.32,0.23,9922.68,8731.96,1190.72,13395.62,Completed
ORD-SLUMP-12176,2024-01-22,2024-01,CUST-1157,PROD-115,EMP-1010,REG-01,Enterprise Partner,7,1765.81,0.31,8528.86,7505.4,1023.46,11513.96,Completed
ORD-SLUMP-12177,2024-01-23,2024-01,CUST-1059,PROD-119,EMP-1002,REG-05,Field Sales,3,4479.19,0.35,8734.42,7686.29,1048.13,11791.47,Completed
ORD-SLUMP-12178,2024-01-23,2024-01,CUST-1013,PROD-103,EMP-1023,REG-03,Field Sales,7,996.06,0.37,4392.62,3865.51,527.11,5930.04,Completed
ORD-SLUMP-12179,2024-01-23,2024-01,CUST-1071,PROD-101,EMP-1020,REG-01,Direct Online,7,2709.17,0.4,11378.51,10013.09,1365.42,15360.99,Completed
ORD-SLUMP-12180,2024-01-23,2024-01,CUST-1037,PROD-114,EMP-1012,REG-05,Enterprise Partner,6,2900.62,0.38,10790.31,9495.47,1294.84,14566.92,Completed
ORD-SLUMP-12181,2024-01-23,2024-01,CUST-1140,PROD-104,EMP-1007,REG-05,Retail Store,2,4320.87,0.3,6049.22,5323.31,725.91,8166.45,Completed
ORD-SLUMP-12182,2024-01-23,2024-01,CUST-1169,PROD-112,EMP-1026,REG-03,Enterprise Partner,3,1722.18,0.37,3254.92,2864.33,390.59,4394.14,Completed
ORD-SLUMP-12183,2024-01-24,2024-01,CUST-1173,PROD-110,EMP-1029,REG-05,Retail Store,5,2639.62,0.27,9634.61,8478.46,1156.15,13006.72,Completed
ORD-SLUMP-12184,2024-01-24,2024-01,CUST-1276,PROD-108,EMP-1017,REG-01,Field Sales,6,2059.79,0.38,7662.42,6742.93,919.49,10344.27,Completed
ORD-SLUMP-12185,2024-01-25,2024-01,CUST-1187,PROD-114,EMP-1014,REG-03,Field Sales,3,4156.87,0.29,8854.13,7791.63,1062.5,11953.08,Completed
ORD-SLUMP-12186,2024-01-25,2024-01,CUST-1296,PROD-106,EMP-1008,REG-04,Field Sales,1,1899.68,0.39,1158.8,1019.74,139.06,1564.38,Completed
ORD-SLUMP-12187,2024-01-25,2024-01,CUST-1056,PROD-113,EMP-1015,REG-04,Direct Online,6,1337.63,0.34,5297.01,4661.37,635.64,7150.96,Completed
ORD-SLUMP-12188,2024-01-25,2024-01,CUST-1162,PROD-113,EMP-1026,REG-03,Retail Store,3,3573.45,0.28,7718.65,6792.41,926.24,10420.18,Completed
ORD-SLUMP-12189,2024-01-25,2024-01,CUST-1175,PROD-107,EMP-1006,REG-04,Field Sales,6,1283.95,0.28,5546.66,4881.06,665.6,7487.99,Completed
ORD-SLUMP-12190,2024-01-26,2024-01,CUST-1284,PROD-105,EMP-1004,REG-05,Enterprise Partner,2,2301.5,0.37,2899.89,2551.9,347.99,3914.85,Completed
ORD-SLUMP-12191,2024-01-26,2024-01,CUST-1157,PROD-115,EMP-1020,REG-03,Enterprise Partner,2,1051.81,0.32,1430.46,1258.8,171.66,1931.12,Completed
ORD-SLUMP-12192,2024-01-26,2024-01,CUST-1044,PROD-106,EMP-1024,REG-03,Retail Store,6,4482.12,0.28,19362.76,17039.23,2323.53,26139.73,Completed
ORD-SLUMP-12193,2024-01-26,2024-01,CUST-1203,PROD-107,EMP-1007,REG-04,Retail Store,5,2232.61,0.31,7702.5,6778.2,924.3,10398.38,Completed
ORD-SLUMP-12194,2024-01-26,2024-01,CUST-1119,PROD-101,EMP-1004,REG-05,Direct Online,3,3414.01,0.21,8091.2,7120.26,970.94,10923.12,Completed
ORD-SLUMP-12195,2024-01-26,2024-01,CUST-1110,PROD-104,EMP-1018,REG-01,Retail Store,7,1851.04,0.38,8033.51,7069.49,964.02,10845.24,Completed
ORD-SLUMP-12196,2024-01-26,2024-01,CUST-1059,PROD-105,EMP-1015,REG-04,Field Sales,3,931.39,0.35,1816.21,1598.26,217.95,2451.88,Completed
ORD-SLUMP-12197,2024-01-26,2024-01,CUST-1164,PROD-107,EMP-1013,REG-05,Retail Store,6,3239.56,0.29,13800.53,12144.47,1656.06,18630.72,Completed
ORD-SLUMP-12198,2024-01-27,2024-01,CUST-1031,PROD-110,EMP-1021,REG-02,Direct Online,4,2833.79,0.36,7254.5,6383.96,870.54,9793.58,Completed
ORD-SLUMP-12199,2024-01-27,2024-01,CUST-1061,PROD-102,EMP-1007,REG-03,Enterprise Partner,7,936.86,0.29,4656.19,4097.45,558.74,6285.86,Completed
ORD-SLUMP-12200,2024-01-27,2024-01,CUST-1271,PROD-116,EMP-1015,REG-04,Field Sales,2,3466.12,0.34,4575.28,4026.25,549.03,6176.63,Completed
ORD-SLUMP-12201,2024-01-27,2024-01,CUST-1217,PROD-101,EMP-1022,REG-04,Direct Online,5,3401.37,0.37,10714.32,9428.6,1285.72,14464.33,Completed
ORD-SLUMP-12202,2024-01-27,2024-01,CUST-1060,PROD-109,EMP-1012,REG-04,Retail Store,7,2509.91,0.24,13352.72,11750.39,1602.33,18026.17,Completed
ORD-SLUMP-12203,2024-01-27,2024-01,CUST-1085,PROD-109,EMP-1002,REG-03,Field Sales,6,1191.35,0.33,4789.23,4214.52,574.71,6465.46,Completed
ORD-SLUMP-12204,2024-01-28,2024-01,CUST-1127,PROD-101,EMP-1029,REG-05,Retail Store,2,2447.01,0.38,3034.29,2670.18,364.11,4096.29,Completed
ORD-SLUMP-12205,2024-01-28,2024-01,CUST-1050,PROD-105,EMP-1024,REG-03,Enterprise Partner,2,1633.47,0.26,2417.54,2127.44,290.1,3263.68,Completed
ORD-SLUMP-12206,2024-01-28,2024-01,CUST-1138,PROD-106,EMP-1006,REG-03,Enterprise Partner,4,4435.67,0.37,11177.89,9836.54,1341.35,15090.15,Completed
ORD-SLUMP-12207,2024-01-29,2024-01,CUST-1123,PROD-117,EMP-1026,REG-04,Direct Online,3,1647.61,0.2,3954.26,3479.75,474.51,5338.25,Completed
ORD-SLUMP-12208,2024-01-29,2024-01,CUST-1117,PROD-115,EMP-1022,REG-04,Retail Store,7,4200.36,0.24,22345.92,19664.41,2681.51,30166.99,Completed
ORD-SLUMP-12209,2024-01-30,2024-01,CUST-1012,PROD-117,EMP-1015,REG-05,Field Sales,3,4438.94,0.24,10120.78,8906.29,1214.49,13663.05,Completed
ORD-SLUMP-12210,2024-01-30,2024-01,CUST-1025,PROD-103,EMP-1011,REG-04,Enterprise Partner,3,4294.43,0.34,8502.97,7482.61,1020.36,11479.01,Completed
ORD-SLUMP-12211,2024-01-30,2024-01,CUST-1266,PROD-101,EMP-1003,REG-03,Enterprise Partner,4,3177.9,0.23,9787.93,8613.38,1174.55,13213.71,Completed
ORD-SLUMP-12212,2024-01-31,2024-01,CUST-1140,PROD-110,EMP-1023,REG-02,Retail Store,2,3006.51,0.37,3788.2,3333.62,454.58,5114.07,Completed
ORD-SLUMP-12213,2024-01-31,2024-01,CUST-1039,PROD-113,EMP-1010,REG-01,Retail Store,2,2744.5,0.35,3567.85,3139.71,428.14,4816.6,Completed
ORD-SLUMP-12214,2024-01-31,2024-01,CUST-1292,PROD-110,EMP-1028,REG-02,Enterprise Partner,4,4349.45,0.21,13744.26,12094.95,1649.31,18554.75,Completed
ORD-SLUMP-12215,2024-01-31,2024-01,CUST-1097,PROD-119,EMP-1024,REG-03,Direct Online,3,1224.33,0.34,2424.17,2133.27,290.9,3272.63,Completed
ORD-SLUMP-12216,2024-01-31,2024-01,CUST-1138,PROD-119,EMP-1003,REG-02,Direct Online,7,2377.72,0.39,10152.86,8934.52,1218.34,13706.36,Completed
ORD-SLUMP-12217,2024-01-31,2024-01,CUST-1197,PROD-117,EMP-1009,REG-04,Enterprise Partner,1,3899.87,0.23,3002.9,2642.55,360.35,4053.92,Completed
ORD-SLUMP-12218,2024-01-31,2024-01,CUST-1195,PROD-110,EMP-1005,REG-03,Field Sales,1,2877.09,0.2,2301.67,2025.47,276.2,3107.25,Completed
ORD-SLUMP-12219,2024-01-31,2024-01,CUST-1118,PROD-109,EMP-1026,REG-05,Direct Online,7,2075.38,0.31,10024.09,8821.2,1202.89,13532.52,Completed
ORD-SLUMP-12220,2024-01-31,2024-01,CUST-1136,PROD-110,EMP-1015,REG-01,Field Sales,1,1857.61,0.23,1430.36,1258.72,171.64,1930.99,Completed
ORD-SLUMP-12221,2024-01-31,2024-01,CUST-1134,PROD-110,EMP-1013,REG-02,Direct Online,5,2476.2,0.23,9533.37,8389.37,1144.0,12870.05,Completed
ORD-SLUMP-12222,2024-01-31,2024-01,CUST-1178,PROD-102,EMP-1020,REG-02,Direct Online,5,2810.29,0.25,10538.59,9273.96,1264.63,14227.1,Completed
ORD-SLUMP-12223,2024-02-01,2024-02,CUST-1255,PROD-109,EMP-1002,REG-05,Enterprise Partner,7,2251.37,0.39,9613.35,8459.75,1153.6,12978.02,Completed
ORD-SLUMP-12224,2024-02-01,2024-02,CUST-1017,PROD-101,EMP-1015,REG-01,Enterprise Partner,1,2635.98,0.35,1713.39,1507.78,205.61,2313.08,Completed
ORD-SLUMP-12225,2024-02-01,2024-02,CUST-1175,PROD-116,EMP-1020,REG-01,Retail Store,6,4469.43,0.22,20916.93,18406.9,2510.03,28237.86,Completed
ORD-SLUMP-12226,2024-02-02,2024-02,CUST-1195,PROD-112,EMP-1010,REG-02,Enterprise Partner,6,2557.87,0.29,10896.53,9588.95,1307.58,14710.32,Completed
ORD-SLUMP-12227,2024-02-02,2024-02,CUST-1154,PROD-111,EMP-1021,REG-05,Direct Online,7,1446.11,0.22,7895.76,6948.27,947.49,10659.28,Completed
ORD-SLUMP-12228,2024-02-03,2024-02,CUST-1289,PROD-101,EMP-1021,REG-02,Enterprise Partner,2,3669.3,0.38,4549.93,4003.94,545.99,6142.41,Completed
ORD-SLUMP-12229,2024-02-03,2024-02,CUST-1284,PROD-114,EMP-1018,REG-02,Direct Online,7,3177.56,0.26,16459.76,14484.59,1975.17,22220.68,Completed
ORD-SLUMP-12230,2024-02-03,2024-02,CUST-1025,PROD-114,EMP-1020,REG-01,Retail Store,7,1470.57,0.33,6896.97,6069.33,827.64,9310.91,Completed
ORD-SLUMP-12231,2024-02-03,2024-02,CUST-1021,PROD-107,EMP-1007,REG-02,Field Sales,4,1386.23,0.28,3992.34,3513.26,479.08,5389.66,Completed
ORD-SLUMP-12232,2024-02-03,2024-02,CUST-1023,PROD-110,EMP-1019,REG-04,Enterprise Partner,6,2680.42,0.29,11418.59,10048.36,1370.23,15415.1,Completed
ORD-SLUMP-12233,2024-02-03,2024-02,CUST-1230,PROD-111,EMP-1011,REG-03,Direct Online,2,4311.53,0.39,5260.07,4628.86,631.21,7101.09,Completed
ORD-SLUMP-12234,2024-02-03,2024-02,CUST-1240,PROD-106,EMP-1013,REG-01,Enterprise Partner,7,875.08,0.27,4471.66,3935.06,536.6,6036.74,Completed
ORD-SLUMP-12235,2024-02-04,2024-02,CUST-1064,PROD-117,EMP-1001,REG-01,Retail Store,5,2897.36,0.31,9995.89,8796.38,1199.51,13494.45,Completed
ORD-SLUMP-12236,2024-02-04,2024-02,CUST-1023,PROD-115,EMP-1015,REG-02,Field Sales,2,2879.1,0.23,4433.81,3901.75,532.06,5985.64,Completed
ORD-SLUMP-12237,2024-02-04,2024-02,CUST-1281,PROD-105,EMP-1029,REG-02,Enterprise Partner,3,837.47,0.35,1633.07,1437.1,195.97,2204.64,Completed
ORD-SLUMP-12238,2024-02-04,2024-02,CUST-1172,PROD-109,EMP-1028,REG-01,Retail Store,6,1726.75,0.39,6319.9,5561.51,758.39,8531.86,Completed
ORD-SLUMP-12239,2024-02-04,2024-02,CUST-1224,PROD-108,EMP-1008,REG-04,Field Sales,7,2357.17,0.36,10560.12,9292.91,1267.21,14256.16,Completed
ORD-SLUMP-12240,2024-02-04,2024-02,CUST-1136,PROD-105,EMP-1004,REG-05,Field Sales,7,1065.54,0.33,4997.38,4397.69,599.69,6746.46,Completed
ORD-SLUMP-12241,2024-02-04,2024-02,CUST-1249,PROD-114,EMP-1015,REG-03,Field Sales,2,4387.01,0.25,6580.52,5790.86,789.66,8883.7,Completed
ORD-SLUMP-12242,2024-02-05,2024-02,CUST-1073,PROD-107,EMP-1022,REG-02,Field Sales,3,3449.17,0.29,7346.73,6465.12,881.61,9918.09,Completed
ORD-SLUMP-12243,2024-02-06,2024-02,CUST-1119,PROD-115,EMP-1017,REG-02,Direct Online,3,3887.45,0.23,8980.01,7902.41,1077.6,12123.01,Completed
ORD-SLUMP-12244,2024-02-06,2024-02,CUST-1236,PROD-109,EMP-1028,REG-05,Retail Store,2,1233.61,0.38,1529.68,1346.12,183.56,2065.07,Completed
ORD-SLUMP-12245,2024-02-06,2024-02,CUST-1219,PROD-109,EMP-1022,REG-02,Direct Online,2,2373.88,0.34,3133.52,2757.5,376.02,4230.25,Completed
ORD-SLUMP-12246,2024-02-06,2024-02,CUST-1008,PROD-101,EMP-1026,REG-05,Retail Store,2,2723.47,0.3,3812.86,3355.32,457.54,5147.36,Completed
ORD-SLUMP-12247,2024-02-07,2024-02,CUST-1228,PROD-110,EMP-1019,REG-02,Enterprise Partner,6,3930.25,0.2,18865.2,16601.38,2263.82,25468.02,Completed
ORD-SLUMP-12248,2024-02-07,2024-02,CUST-1054,PROD-113,EMP-1011,REG-01,Direct Online,3,2147.32,0.27,4702.63,4138.31,564.32,6348.55,Completed
ORD-SLUMP-12249,2024-02-07,2024-02,CUST-1024,PROD-101,EMP-1007,REG-05,Enterprise Partner,3,2023.36,0.35,3945.55,3472.08,473.47,5326.49,Completed
ORD-SLUMP-12250,2024-02-07,2024-02,CUST-1264,PROD-104,EMP-1022,REG-02,Field Sales,2,1311.97,0.37,1653.08,1454.71,198.37,2231.66,Completed
ORD-SLUMP-12251,2024-02-08,2024-02,CUST-1031,PROD-115,EMP-1011,REG-02,Enterprise Partner,1,3961.17,0.23,3050.1,2684.09,366.01,4117.64,Completed
ORD-SLUMP-12252,2024-02-08,2024-02,CUST-1178,PROD-116,EMP-1019,REG-03,Retail Store,1,3271.76,0.35,2126.64,1871.44,255.2,2870.96,Completed
ORD-SLUMP-12253,2024-02-08,2024-02,CUST-1272,PROD-104,EMP-1008,REG-03,Retail Store,7,3583.7,0.37,15804.12,13907.63,1896.49,21335.56,Completed
ORD-SLUMP-12254,2024-02-08,2024-02,CUST-1019,PROD-102,EMP-1029,REG-01,Direct Online,1,3141.77,0.24,2387.75,2101.22,286.53,3223.46,Completed
ORD-SLUMP-12255,2024-02-08,2024-02,CUST-1212,PROD-112,EMP-1006,REG-05,Retail Store,4,2555.98,0.2,8179.14,7197.64,981.5,11041.84,Completed
ORD-SLUMP-12256,2024-02-08,2024-02,CUST-1106,PROD-105,EMP-1011,REG-04,Field Sales,4,3329.33,0.3,9322.12,8203.47,1118.65,12584.86,Completed
ORD-SLUMP-12257,2024-02-08,2024-02,CUST-1085,PROD-102,EMP-1028,REG-03,Field Sales,6,1825.01,0.27,7993.54,7034.32,959.22,10791.28,Completed
ORD-SLUMP-12258,2024-02-09,2024-02,CUST-1208,PROD-107,EMP-1013,REG-01,Field Sales,4,4316.1,0.24,13120.94,11546.43,1574.51,17713.27,Completed
ORD-SLUMP-12259,2024-02-09,2024-02,CUST-1196,PROD-103,EMP-1029,REG-02,Retail Store,6,2418.13,0.37,9140.53,8043.67,1096.86,12339.72,Completed
ORD-SLUMP-12260,2024-02-09,2024-02,CUST-1187,PROD-112,EMP-1003,REG-04,Retail Store,4,845.25,0.34,2231.46,1963.68,267.78,3012.47,Completed
ORD-SLUMP-12261,2024-02-09,2024-02,CUST-1206,PROD-111,EMP-1028,REG-02,Enterprise Partner,4,3225.86,0.23,9935.65,8743.37,1192.28,13413.13,Completed
ORD-SLUMP-12262,2024-02-09,2024-02,CUST-1006,PROD-105,EMP-1009,REG-05,Enterprise Partner,1,1937.35,0.21,1530.51,1346.85,183.66,2066.19,Completed
ORD-SLUMP-12263,2024-02-09,2024-02,CUST-1263,PROD-109,EMP-1026,REG-04,Retail Store,2,1115.95,0.35,1450.74,1276.65,174.09,1958.5,Completed
ORD-SLUMP-12264,2024-02-10,2024-02,CUST-1018,PROD-103,EMP-1024,REG-05,Retail Store,5,2716.83,0.38,8422.17,7411.51,1010.66,11369.93,Completed
ORD-SLUMP-12265,2024-02-11,2024-02,CUST-1068,PROD-113,EMP-1005,REG-04,Field Sales,6,2902.64,0.25,13061.88,11494.45,1567.43,17633.54,Completed
ORD-SLUMP-12266,2024-02-11,2024-02,CUST-1265,PROD-117,EMP-1016,REG-01,Field Sales,5,1419.18,0.34,4683.29,4121.3,561.99,6322.44,Completed
ORD-SLUMP-12267,2024-02-11,2024-02,CUST-1059,PROD-114,EMP-1015,REG-03,Direct Online,6,3340.75,0.3,14031.15,12347.41,1683.74,18942.05,Completed
ORD-SLUMP-12268,2024-02-11,2024-02,CUST-1181,PROD-111,EMP-1002,REG-04,Retail Store,2,3857.25,0.37,4860.14,4276.92,583.22,6561.19,Completed
ORD-SLUMP-12269,2024-02-11,2024-02,CUST-1018,PROD-106,EMP-1021,REG-03,Field Sales,6,3974.74,0.2,19078.75,16789.3,2289.45,25756.31,Completed
ORD-SLUMP-12270,2024-02-12,2024-02,CUST-1293,PROD-103,EMP-1004,REG-01,Direct Online,4,3760.99,0.21,11884.73,10458.56,1426.17,16044.39,Completed
ORD-SLUMP-12271,2024-02-12,2024-02,CUST-1220,PROD-102,EMP-1006,REG-02,Direct Online,7,2873.42,0.34,13275.2,11682.18,1593.02,17921.52,Completed
ORD-SLUMP-12272,2024-02-12,2024-02,CUST-1250,PROD-113,EMP-1001,REG-02,Enterprise Partner,6,2278.44,0.33,9159.33,8060.21,1099.12,12365.1,Completed
ORD-SLUMP-12273,2024-02-12,2024-02,CUST-1273,PROD-104,EMP-1026,REG-05,Enterprise Partner,3,3328.14,0.29,7088.94,6238.27,850.67,9570.07,Completed
ORD-SLUMP-12274,2024-02-13,2024-02,CUST-1170,PROD-115,EMP-1010,REG-02,Field Sales,5,1984.63,0.33,6648.51,5850.69,797.82,8975.49,Completed
ORD-SLUMP-12275,2024-02-13,2024-02,CUST-1113,PROD-114,EMP-1018,REG-03,Field Sales,5,820.38,0.22,3199.48,2815.54,383.94,4319.3,Completed
ORD-SLUMP-12276,2024-02-13,2024-02,CUST-1284,PROD-112,EMP-1007,REG-01,Enterprise Partner,7,958.88,0.21,5302.61,4666.3,636.31,7158.52,Completed
ORD-SLUMP-12277,2024-02-13,2024-02,CUST-1283,PROD-116,EMP-1005,REG-01,Enterprise Partner,3,1035.22,0.37,1956.57,1721.78,234.79,2641.37,Completed
ORD-SLUMP-12278,2024-02-13,2024-02,CUST-1020,PROD-107,EMP-1013,REG-01,Enterprise Partner,1,1930.14,0.21,1524.81,1341.83,182.98,2058.49,Completed
ORD-SLUMP-12279,2024-02-13,2024-02,CUST-1067,PROD-119,EMP-1013,REG-05,Field Sales,5,3476.99,0.35,11300.22,9944.19,1356.03,15255.3,Completed
ORD-SLUMP-12280,2024-02-13,2024-02,CUST-1148,PROD-119,EMP-1021,REG-01,Enterprise Partner,3,1515.44,0.3,3182.42,2800.53,381.89,4296.27,Completed
ORD-SLUMP-12281,2024-02-13,2024-02,CUST-1127,PROD-104,EMP-1001,REG-04,Direct Online,7,3106.81,0.32,14788.42,13013.81,1774.61,19964.37,Completed
ORD-SLUMP-12282,2024-02-14,2024-02,CUST-1271,PROD-104,EMP-1028,REG-03,Direct Online,7,1045.3,0.25,5487.82,4829.28,658.54,7408.56,Completed
ORD-SLUMP-12283,2024-02-14,2024-02,CUST-1081,PROD-111,EMP-1027,REG-03,Direct Online,1,2669.98,0.3,1868.99,1644.71,224.28,2523.14,Completed
ORD-SLUMP-12284,2024-02-14,2024-02,CUST-1201,PROD-101,EMP-1003,REG-04,Retail Store,4,2440.57,0.33,6540.73,5755.84,784.89,8829.99,Completed
ORD-SLUMP-12285,2024-02-14,2024-02,CUST-1188,PROD-116,EMP-1018,REG-02,Enterprise Partner,7,2558.32,0.24,13610.26,11977.03,1633.23,18373.85,Completed
ORD-SLUMP-12286,2024-02-15,2024-02,CUST-1107,PROD-103,EMP-1026,REG-02,Retail Store,2,2806.99,0.37,3536.81,3112.39,424.42,4774.69,Completed
ORD-SLUMP-12287,2024-02-15,2024-02,CUST-1249,PROD-110,EMP-1025,REG-03,Retail Store,7,1290.3,0.31,6232.15,5484.29,747.86,8413.4,Completed
ORD-SLUMP-12288,2024-02-15,2024-02,CUST-1232,PROD-114,EMP-1014,REG-01,Retail Store,3,4154.27,0.24,9471.74,8335.13,1136.61,12786.85,Completed
ORD-SLUMP-12289,2024-02-15,2024-02,CUST-1173,PROD-108,EMP-1019,REG-02,Field Sales,3,1311.78,0.22,3069.57,2701.22,368.35,4143.92,Completed
ORD-SLUMP-12290,2024-02-15,2024-02,CUST-1259,PROD-108,EMP-1018,REG-05,Field Sales,7,1369.27,0.24,7284.52,6410.38,874.14,9834.1,Completed
ORD-SLUMP-12291,2024-02-15,2024-02,CUST-1282,PROD-109,EMP-1009,REG-02,Enterprise Partner,7,2349.1,0.31,11346.15,9984.61,1361.54,15317.3,Completed
ORD-SLUMP-12292,2024-02-15,2024-02,CUST-1279,PROD-104,EMP-1019,REG-01,Retail Store,7,3991.03,0.29,19835.42,17455.17,2380.25,26777.82,Completed
ORD-SLUMP-12293,2024-02-15,2024-02,CUST-1228,PROD-119,EMP-1024,REG-01,Field Sales,2,3388.56,0.22,5286.15,4651.81,634.34,7136.3,Completed
ORD-SLUMP-12294,2024-02-16,2024-02,CUST-1043,PROD-115,EMP-1027,REG-05,Direct Online,5,2081.16,0.25,7804.35,6867.83,936.52,10535.87,Completed
ORD-SLUMP-12295,2024-02-16,2024-02,CUST-1186,PROD-112,EMP-1017,REG-01,Direct Online,4,1999.37,0.21,6318.01,5559.85,758.16,8529.31,Completed
ORD-SLUMP-12296,2024-02-16,2024-02,CUST-1046,PROD-112,EMP-1021,REG-01,Direct Online,1,4487.67,0.25,3365.75,2961.86,403.89,4543.76,Completed
ORD-SLUMP-12297,2024-02-16,2024-02,CUST-1130,PROD-116,EMP-1014,REG-05,Field Sales,3,907.77,0.34,1797.38,1581.69,215.69,2426.46,Completed
ORD-SLUMP-12298,2024-02-16,2024-02,CUST-1237,PROD-110,EMP-1001,REG-03,Direct Online,6,2554.39,0.35,9962.12,8766.67,1195.45,13448.86,Completed
ORD-SLUMP-12299,2024-02-17,2024-02,CUST-1232,PROD-111,EMP-1015,REG-05,Retail Store,3,3665.24,0.22,8576.66,7547.46,1029.2,11578.49,Completed
ORD-SLUMP-12300,2024-02-17,2024-02,CUST-1272,PROD-105,EMP-1004,REG-05,Retail Store,4,1389.62,0.25,4168.86,3668.6,500.26,5627.96,Completed
ORD-SLUMP-12301,2024-02-17,2024-02,CUST-1241,PROD-110,EMP-1022,REG-05,Retail Store,5,1283.78,0.36,4108.1,3615.13,492.97,5545.94,Completed
ORD-SLUMP-12302,2024-02-18,2024-02,CUST-1044,PROD-102,EMP-1024,REG-01,Retail Store,3,3625.15,0.23,8374.1,7369.21,1004.89,11305.04,Completed
ORD-SLUMP-12303,2024-02-18,2024-02,CUST-1239,PROD-109,EMP-1025,REG-05,Retail Store,2,1356.09,0.26,2007.01,1766.17,240.84,2709.46,Completed
ORD-SLUMP-12304,2024-02-18,2024-02,CUST-1009,PROD-103,EMP-1018,REG-04,Retail Store,5,3148.33,0.27,11491.4,10112.43,1378.97,15513.39,Completed
ORD-SLUMP-12305,2024-02-18,2024-02,CUST-1087,PROD-113,EMP-1026,REG-04,Enterprise Partner,2,1579.93,0.37,1990.71,1751.82,238.89,2687.46,Completed
ORD-SLUMP-12306,2024-02-18,2024-02,CUST-1179,PROD-105,EMP-1028,REG-03,Retail Store,6,3177.24,0.24,14488.21,12749.62,1738.59,19559.08,Completed
ORD-SLUMP-12307,2024-02-19,2024-02,CUST-1026,PROD-103,EMP-1001,REG-04,Direct Online,7,2612.58,0.24,13898.93,12231.06,1667.87,18763.56,Completed
ORD-SLUMP-12308,2024-02-19,2024-02,CUST-1299,PROD-102,EMP-1013,REG-04,Field Sales,2,1268.81,0.33,1700.21,1496.18,204.03,2295.28,Completed
ORD-SLUMP-12309,2024-02-19,2024-02,CUST-1263,PROD-112,EMP-1012,REG-04,Retail Store,3,1219.72,0.22,2854.14,2511.64,342.5,3853.09,Completed
ORD-SLUMP-12310,2024-02-19,2024-02,CUST-1129,PROD-119,EMP-1026,REG-05,Retail Store,2,3613.25,0.36,4624.96,4069.96,555.0,6243.7,Completed
ORD-SLUMP-12311,2024-02-20,2024-02,CUST-1216,PROD-113,EMP-1022,REG-02,Retail Store,6,4192.32,0.38,15595.43,13723.98,1871.45,21053.83,Completed
ORD-SLUMP-12312,2024-02-20,2024-02,CUST-1135,PROD-115,EMP-1025,REG-02,Field Sales,7,2881.82,0.22,15734.74,13846.57,1888.17,21241.9,Completed
ORD-SLUMP-12313,2024-02-20,2024-02,CUST-1047,PROD-103,EMP-1024,REG-04,Retail Store,2,1294.41,0.2,2071.06,1822.53,248.53,2795.93,Completed
ORD-SLUMP-12314,2024-02-20,2024-02,CUST-1260,PROD-114,EMP-1014,REG-01,Direct Online,4,3768.48,0.25,11305.44,9948.79,1356.65,15262.34,Completed
ORD-SLUMP-12315,2024-02-20,2024-02,CUST-1189,PROD-117,EMP-1014,REG-04,Enterprise Partner,6,1854.96,0.25,8347.32,7345.64,1001.68,11268.88,Completed
ORD-SLUMP-12316,2024-02-20,2024-02,CUST-1286,PROD-102,EMP-1008,REG-02,Enterprise Partner,4,2696.67,0.3,7550.68,6644.6,906.08,10193.42,Completed
ORD-SLUMP-12317,2024-02-21,2024-02,CUST-1237,PROD-114,EMP-1014,REG-02,Direct Online,1,4319.84,0.39,2635.1,2318.89,316.21,3557.38,Completed
ORD-SLUMP-12318,2024-02-21,2024-02,CUST-1179,PROD-105,EMP-1022,REG-02,Field Sales,6,1421.78,0.33,5715.56,5029.69,685.87,7716.01,Completed
ORD-SLUMP-12319,2024-02-21,2024-02,CUST-1130,PROD-110,EMP-1004,REG-01,Direct Online,2,1853.09,0.28,2668.45,2348.24,320.21,3602.41,Completed
ORD-SLUMP-12320,2024-02-21,2024-02,CUST-1238,PROD-119,EMP-1007,REG-01,Direct Online,7,2666.86,0.35,12134.21,10678.1,1456.11,16381.18,Completed
ORD-SLUMP-12321,2024-02-21,2024-02,CUST-1029,PROD-102,EMP-1025,REG-04,Field Sales,3,2888.02,0.25,6498.04,5718.28,779.76,8772.35,Completed
ORD-SLUMP-12322,2024-02-21,2024-02,CUST-1272,PROD-109,EMP-1028,REG-02,Enterprise Partner,2,1372.07,0.39,1673.93,1473.06,200.87,2259.81,Completed
ORD-SLUMP-12323,2024-02-23,2024-02,CUST-1150,PROD-104,EMP-1016,REG-01,Field Sales,5,2094.21,0.27,7643.87,6726.61,917.26,10319.22,Completed
ORD-SLUMP-12324,2024-02-23,2024-02,CUST-1103,PROD-110,EMP-1009,REG-03,Field Sales,5,3872.33,0.39,11810.61,10393.34,1417.27,15944.32,Completed
ORD-SLUMP-12325,2024-02-23,2024-02,CUST-1255,PROD-118,EMP-1024,REG-05,Retail Store,5,3032.95,0.26,11221.92,9875.29,1346.63,15149.59,Completed
ORD-SLUMP-12326,2024-02-23,2024-02,CUST-1038,PROD-113,EMP-1018,REG-04,Retail Store,5,2472.76,0.26,9149.21,8051.3,1097.91,12351.43,Completed
ORD-SLUMP-12327,2024-02-23,2024-02,CUST-1105,PROD-107,EMP-1010,REG-03,Field Sales,6,1645.82,0.36,6319.95,5561.56,758.39,8531.93,Completed
ORD-SLUMP-12328,2024-02-23,2024-02,CUST-1242,PROD-119,EMP-1020,REG-01,Direct Online,1,4205.12,0.36,2691.28,2368.33,322.95,3633.23,Completed
ORD-SLUMP-12329,2024-02-23,2024-02,CUST-1007,PROD-116,EMP-1022,REG-03,Direct Online,1,1421.66,0.31,980.95,863.24,117.71,1324.28,Completed
ORD-SLUMP-12330,2024-02-23,2024-02,CUST-1202,PROD-107,EMP-1020,REG-04,Direct Online,6,2181.18,0.26,9684.44,8522.31,1162.13,13073.99,Completed
ORD-SLUMP-12331,2024-02-23,2024-02,CUST-1255,PROD-105,EMP-1009,REG-01,Enterprise Partner,5,4363.3,0.28,15707.88,13822.93,1884.95,21205.64,Completed
ORD-SLUMP-12332,2024-02-24,2024-02,CUST-1057,PROD-105,EMP-1023,REG-05,Retail Store,1,3173.97,0.3,2221.78,1955.17,266.61,2999.4,Completed
ORD-SLUMP-12333,2024-02-24,2024-02,CUST-1062,PROD-114,EMP-1023,REG-01,Retail Store,6,3041.48,0.35,11861.77,10438.36,1423.41,16013.39,Completed
ORD-SLUMP-12334,2024-02-24,2024-02,CUST-1105,PROD-114,EMP-1011,REG-05,Enterprise Partner,6,3620.53,0.3,15206.23,13381.48,1824.75,20528.41,Completed
ORD-SLUMP-12335,2024-02-24,2024-02,CUST-1105,PROD-103,EMP-1028,REG-04,Direct Online,3,4112.92,0.28,8883.91,7817.84,1066.07,11993.28,Completed
ORD-SLUMP-12336,2024-02-24,2024-02,CUST-1096,PROD-111,EMP-1008,REG-01,Field Sales,7,3564.6,0.28,17965.58,15809.71,2155.87,24253.53,Completed
ORD-SLUMP-12337,2024-02-25,2024-02,CUST-1056,PROD-108,EMP-1009,REG-02,Retail Store,4,938.25,0.35,2439.45,2146.72,292.73,3293.26,Completed
ORD-SLUMP-12338,2024-02-25,2024-02,CUST-1258,PROD-108,EMP-1022,REG-04,Direct Online,3,3808.88,0.31,7884.38,6938.25,946.13,10643.91,Completed
ORD-SLUMP-12339,2024-02-26,2024-02,CUST-1044,PROD-108,EMP-1007,REG-01,Enterprise Partner,6,2999.23,0.21,14216.35,12510.39,1705.96,19192.07,Completed
ORD-SLUMP-12340,2024-02-26,2024-02,CUST-1248,PROD-110,EMP-1028,REG-01,Enterprise Partner,7,879.82,0.4,3695.24,3251.81,443.43,4988.57,Completed
ORD-SLUMP-12341,2024-02-26,2024-02,CUST-1021,PROD-116,EMP-1017,REG-05,Direct Online,3,3256.24,0.31,6740.42,5931.57,808.85,9099.57,Completed
ORD-SLUMP-12342,2024-02-26,2024-02,CUST-1195,PROD-106,EMP-1015,REG-03,Enterprise Partner,4,992.93,0.26,2939.07,2586.38,352.69,3967.74,Completed
ORD-SLUMP-12343,2024-02-27,2024-02,CUST-1287,PROD-107,EMP-1009,REG-04,Direct Online,1,1357.93,0.35,882.65,776.73,105.92,1191.58,Completed
ORD-SLUMP-12344,2024-02-27,2024-02,CUST-1066,PROD-104,EMP-1029,REG-05,Direct Online,7,3812.93,0.29,18950.26,16676.23,2274.03,25582.85,Completed
ORD-SLUMP-12345,2024-02-27,2024-02,CUST-1145,PROD-114,EMP-1024,REG-04,Field Sales,6,3980.42,0.33,16001.29,14081.14,1920.15,21601.74,Completed
ORD-SLUMP-12346,2024-02-27,2024-02,CUST-1277,PROD-109,EMP-1019,REG-02,Enterprise Partner,4,3382.45,0.2,10823.84,9524.98,1298.86,14612.18,Completed
ORD-SLUMP-12347,2024-02-27,2024-02,CUST-1160,PROD-103,EMP-1002,REG-01,Direct Online,4,3240.78,0.25,9722.34,8555.66,1166.68,13125.16,Completed
ORD-SLUMP-12348,2024-02-27,2024-02,CUST-1146,PROD-108,EMP-1028,REG-01,Enterprise Partner,5,1982.66,0.32,6741.04,5932.12,808.92,9100.4,Completed
ORD-SLUMP-12349,2024-02-27,2024-02,CUST-1014,PROD-108,EMP-1010,REG-02,Field Sales,3,2232.05,0.24,5089.07,4478.38,610.69,6870.24,Completed
ORD-SLUMP-12350,2024-02-27,2024-02,CUST-1170,PROD-105,EMP-1001,REG-04,Field Sales,4,3143.04,0.31,8674.79,7633.82,1040.97,11710.97,Completed
ORD-SLUMP-12351,2024-02-28,2024-02,CUST-1247,PROD-109,EMP-1019,REG-05,Field Sales,6,3998.54,0.23,18473.25,16256.46,2216.79,24938.89,Completed
ORD-SLUMP-12352,2024-02-28,2024-02,CUST-1125,PROD-112,EMP-1020,REG-03,Field Sales,7,4344.11,0.2,24327.02,21407.78,2919.24,32841.48,Completed
ORD-SLUMP-12353,2024-02-28,2024-02,CUST-1298,PROD-107,EMP-1003,REG-04,Enterprise Partner,7,3099.92,0.28,15623.6,13748.77,1874.83,21091.86,Completed
ORD-SLUMP-12354,2024-02-28,2024-02,CUST-1222,PROD-119,EMP-1021,REG-04,Enterprise Partner,1,3174.0,0.22,2475.72,2178.63,297.09,3342.22,Completed
ORD-SLUMP-12355,2024-02-28,2024-02,CUST-1186,PROD-103,EMP-1005,REG-01,Direct Online,1,4238.42,0.4,2543.05,2237.88,305.17,3433.12,Completed
ORD-SLUMP-12356,2024-02-28,2024-02,CUST-1276,PROD-110,EMP-1008,REG-05,Direct Online,7,3464.23,0.32,16489.73,14510.96,1978.77,22261.14,Completed
ORD-SLUMP-12357,2024-02-28,2024-02,CUST-1281,PROD-118,EMP-1015,REG-02,Enterprise Partner,2,3547.84,0.28,5108.89,4495.82,613.07,6897.0,Completed
ORD-SLUMP-12358,2024-02-28,2024-02,CUST-1012,PROD-107,EMP-1015,REG-05,Direct Online,5,1728.29,0.35,5616.94,4942.91,674.03,7582.87,Completed
ORD-SLUMP-12359,2024-02-28,2024-02,CUST-1157,PROD-114,EMP-1023,REG-01,Retail Store,1,1772.86,0.24,1347.37,1185.69,161.68,1818.95,Completed
ORD-SLUMP-12360,2024-02-28,2024-02,CUST-1083,PROD-116,EMP-1020,REG-04,Field Sales,4,1315.94,0.29,3737.27,3288.8,448.47,5045.31,Completed
ORD-SLUMP-12361,2024-02-28,2024-02,CUST-1204,PROD-114,EMP-1013,REG-02,Enterprise Partner,7,2160.39,0.27,11039.59,9714.84,1324.75,14903.45,Completed
ORD-SLUMP-12362,2024-02-29,2024-02,CUST-1251,PROD-106,EMP-1005,REG-05,Direct Online,4,3819.85,0.35,9931.61,8739.82,1191.79,13407.67,Completed
ORD-SLUMP-12363,2024-02-29,2024-02,CUST-1011,PROD-101,EMP-1023,REG-03,Retail Store,4,2371.71,0.25,7115.13,6261.31,853.82,9605.43,Completed
ORD-SLUMP-12364,2024-02-29,2024-02,CUST-1267,PROD-102,EMP-1018,REG-02,Enterprise Partner,3,1388.05,0.37,2623.41,2308.6,314.81,3541.6,Completed
ORD-SLUMP-12365,2024-02-29,2024-02,CUST-1164,PROD-109,EMP-1018,REG-01,Enterprise Partner,5,3350.06,0.35,10887.7,9581.18,1306.52,14698.4,Completed
ORD-SLUMP-12366,2024-02-29,2024-02,CUST-1279,PROD-112,EMP-1026,REG-05,Enterprise Partner,1,2772.43,0.22,2162.5,1903.0,259.5,2919.38,Completed
ORD-SLUMP-12367,2024-02-29,2024-02,CUST-1198,PROD-112,EMP-1008,REG-05,Field Sales,3,1784.97,0.33,3587.79,3157.26,430.53,4843.52,Completed
ORD-SLUMP-12368,2024-02-29,2024-02,CUST-1225,PROD-117,EMP-1016,REG-02,Direct Online,5,3252.29,0.36,10407.33,9158.45,1248.88,14049.9,Completed
ORD-SLUMP-12369,2024-02-29,2024-02,CUST-1061,PROD-110,EMP-1015,REG-05,Field Sales,4,3999.32,0.32,10878.15,9572.77,1305.38,14685.5,Completed
ORD-SLUMP-12370,2024-03-01,2024-03,CUST-1003,PROD-103,EMP-1005,REG-03,Enterprise Partner,4,3049.33,0.26,9026.02,7942.9,1083.12,12185.13,Completed
ORD-SLUMP-12371,2024-03-01,2024-03,CUST-1187,PROD-110,EMP-1008,REG-01,Retail Store,4,2396.87,0.31,6615.36,5821.52,793.84,8930.74,Completed
ORD-SLUMP-12372,2024-03-01,2024-03,CUST-1091,PROD-102,EMP-1004,REG-04,Field Sales,1,3703.25,0.4,2221.95,1955.32,266.63,2999.63,Completed
ORD-SLUMP-12373,2024-03-01,2024-03,CUST-1188,PROD-101,EMP-1023,REG-04,Field Sales,7,4438.02,0.23,23920.93,21050.42,2870.51,32293.26,Completed
ORD-SLUMP-12374,2024-03-01,2024-03,CUST-1066,PROD-116,EMP-1025,REG-04,Field Sales,2,2927.55,0.3,4098.57,3606.74,491.83,5533.07,Completed
ORD-SLUMP-12375,2024-03-01,2024-03,CUST-1074,PROD-104,EMP-1026,REG-05,Direct Online,4,2304.02,0.38,5713.97,5028.29,685.68,7713.86,Completed
ORD-SLUMP-12376,2024-03-02,2024-03,CUST-1181,PROD-110,EMP-1029,REG-05,Direct Online,6,4472.19,0.23,20661.52,18182.14,2479.38,27893.05,Completed
ORD-SLUMP-12377,2024-03-02,2024-03,CUST-1174,PROD-107,EMP-1006,REG-02,Enterprise Partner,3,3306.63,0.4,5951.93,5237.7,714.23,8035.11,Completed
ORD-SLUMP-12378,2024-03-02,2024-03,CUST-1256,PROD-101,EMP-1006,REG-01,Retail Store,2,3513.29,0.38,4356.48,3833.7,522.78,5881.25,Completed
ORD-SLUMP-12379,2024-03-02,2024-03,CUST-1067,PROD-119,EMP-1024,REG-03,Direct Online,1,3739.03,0.25,2804.27,2467.76,336.51,3785.76,Completed
ORD-SLUMP-12380,2024-03-02,2024-03,CUST-1206,PROD-110,EMP-1001,REG-01,Direct Online,3,2680.1,0.22,6271.43,5518.86,752.57,8466.43,Completed
ORD-SLUMP-12381,2024-03-02,2024-03,CUST-1276,PROD-111,EMP-1023,REG-02,Enterprise Partner,4,3847.49,0.26,11388.57,10021.94,1366.63,15374.57,Completed
ORD-SLUMP-12382,2024-03-02,2024-03,CUST-1082,PROD-105,EMP-1024,REG-01,Direct Online,1,1980.74,0.25,1485.56,1307.29,178.27,2005.51,Completed
ORD-SLUMP-12383,2024-03-03,2024-03,CUST-1235,PROD-112,EMP-1018,REG-03,Enterprise Partner,1,4403.03,0.25,3302.27,2906.0,396.27,4458.06,Completed
ORD-SLUMP-12384,2024-03-03,2024-03,CUST-1265,PROD-119,EMP-1022,REG-05,Retail Store,1,4191.02,0.24,3185.18,2802.96,382.22,4299.99,Completed
ORD-SLUMP-12385,2024-03-03,2024-03,CUST-1099,PROD-113,EMP-1027,REG-05,Direct Online,4,3283.55,0.37,8274.55,7281.6,992.95,11170.64,Completed
ORD-SLUMP-12386,2024-03-03,2024-03,CUST-1294,PROD-118,EMP-1005,REG-04,Field Sales,1,3178.42,0.33,2129.54,1874.0,255.54,2874.88,Completed
ORD-SLUMP-12387,2024-03-03,2024-03,CUST-1217,PROD-103,EMP-1022,REG-01,Field Sales,5,2967.97,0.34,9794.3,8618.98,1175.32,13222.3,Completed
ORD-SLUMP-12388,2024-03-03,2024-03,CUST-1228,PROD-103,EMP-1002,REG-01,Retail Store,2,4443.26,0.34,5865.1,5161.29,703.81,7917.89,Completed
ORD-SLUMP-12389,2024-03-03,2024-03,CUST-1250,PROD-103,EMP-1004,REG-01,Enterprise Partner,4,2581.02,0.32,7020.37,6177.93,842.44,9477.5,Completed
ORD-SLUMP-12390,2024-03-03,2024-03,CUST-1252,PROD-103,EMP-1002,REG-05,Field Sales,1,1041.5,0.35,676.98,595.74,81.24,913.92,Completed
ORD-SLUMP-12391,2024-03-04,2024-03,CUST-1196,PROD-108,EMP-1012,REG-01,Field Sales,5,4173.9,0.29,14817.34,13039.26,1778.08,20003.41,Completed
ORD-SLUMP-12392,2024-03-04,2024-03,CUST-1100,PROD-103,EMP-1009,REG-04,Direct Online,6,1033.49,0.25,4650.7,4092.62,558.08,6278.45,Completed
ORD-SLUMP-12393,2024-03-04,2024-03,CUST-1021,PROD-114,EMP-1027,REG-02,Enterprise Partner,2,2033.67,0.36,2603.1,2290.73,312.37,3514.18,Completed
ORD-SLUMP-12394,2024-03-04,2024-03,CUST-1235,PROD-111,EMP-1024,REG-04,Enterprise Partner,1,3824.71,0.2,3059.77,2692.6,367.17,4130.69,Completed
ORD-SLUMP-12395,2024-03-04,2024-03,CUST-1040,PROD-110,EMP-1026,REG-03,Direct Online,2,1561.39,0.37,1967.35,1731.27,236.08,2655.92,Completed
ORD-SLUMP-12396,2024-03-04,2024-03,CUST-1101,PROD-112,EMP-1024,REG-02,Retail Store,4,2719.2,0.29,7722.53,6795.83,926.7,10425.42,Completed
ORD-SLUMP-12397,2024-03-04,2024-03,CUST-1236,PROD-112,EMP-1014,REG-05,Retail Store,2,2017.73,0.29,2865.18,2521.36,343.82,3867.99,Completed
ORD-SLUMP-12398,2024-03-04,2024-03,CUST-1053,PROD-101,EMP-1003,REG-05,Field Sales,2,2608.8,0.24,3965.38,3489.53,475.85,5353.26,Completed
ORD-SLUMP-12399,2024-03-04,2024-03,CUST-1232,PROD-102,EMP-1009,REG-02,Retail Store,3,3639.17,0.29,7751.43,6821.26,930.17,10464.43,Completed
ORD-SLUMP-12400,2024-03-05,2024-03,CUST-1081,PROD-115,EMP-1012,REG-02,Direct Online,4,2868.28,0.29,8145.92,7168.41,977.51,10996.99,Completed
ORD-SLUMP-12401,2024-03-05,2024-03,CUST-1022,PROD-107,EMP-1002,REG-02,Retail Store,6,2853.4,0.4,10272.24,9039.57,1232.67,13867.52,Completed
ORD-SLUMP-12402,2024-03-05,2024-03,CUST-1136,PROD-111,EMP-1029,REG-05,Enterprise Partner,3,2245.88,0.32,4581.6,4031.81,549.79,6185.16,Completed
ORD-SLUMP-12403,2024-03-05,2024-03,CUST-1073,PROD-102,EMP-1023,REG-05,Enterprise Partner,7,2522.98,0.39,10773.12,9480.35,1292.77,14543.71,Completed
ORD-SLUMP-12404,2024-03-06,2024-03,CUST-1234,PROD-107,EMP-1012,REG-04,Enterprise Partner,2,2128.0,0.31,2936.64,2584.24,352.4,3964.46,Completed
ORD-SLUMP-12405,2024-03-06,2024-03,CUST-1132,PROD-115,EMP-1019,REG-03,Direct Online,6,2993.22,0.39,10955.19,9640.57,1314.62,14789.51,Completed
ORD-SLUMP-12406,2024-03-07,2024-03,CUST-1273,PROD-113,EMP-1023,REG-04,Field Sales,1,3771.55,0.37,2376.08,2090.95,285.13,3207.71,Completed
ORD-SLUMP-12407,2024-03-07,2024-03,CUST-1296,PROD-101,EMP-1006,REG-01,Field Sales,2,2443.7,0.26,3616.68,3182.68,434.0,4882.52,Completed
ORD-SLUMP-12408,2024-03-07,2024-03,CUST-1185,PROD-106,EMP-1024,REG-01,Direct Online,6,1841.42,0.24,8396.88,7389.25,1007.63,11335.79,Completed
ORD-SLUMP-12409,2024-03-08,2024-03,CUST-1113,PROD-106,EMP-1003,REG-05,Retail Store,1,3483.03,0.34,2298.8,2022.94,275.86,3103.38,Completed
ORD-SLUMP-12410,2024-03-08,2024-03,CUST-1244,PROD-105,EMP-1023,REG-01,Retail Store,3,4045.34,0.38,7524.33,6621.41,902.92,10157.85,Completed
ORD-SLUMP-12411,2024-03-08,2024-03,CUST-1154,PROD-112,EMP-1005,REG-02,Enterprise Partner,3,3088.76,0.37,5837.76,5137.23,700.53,7880.98,Completed
ORD-SLUMP-12412,2024-03-08,2024-03,CUST-1253,PROD-107,EMP-1004,REG-01,Direct Online,6,3901.4,0.36,14981.38,13183.61,1797.77,20224.86,Completed
ORD-SLUMP-12413,2024-03-08,2024-03,CUST-1065,PROD-112,EMP-1018,REG-01,Direct Online,4,961.47,0.4,2307.53,2030.63,276.9,3115.17,Completed
ORD-SLUMP-12414,2024-03-09,2024-03,CUST-1228,PROD-109,EMP-1013,REG-04,Direct Online,2,4335.6,0.38,5376.14,4731.0,645.14,7257.79,Completed
ORD-SLUMP-12415,2024-03-09,2024-03,CUST-1242,PROD-113,EMP-1011,REG-03,Field Sales,2,1931.38,0.21,3051.58,2685.39,366.19,4119.63,Completed
ORD-SLUMP-12416,2024-03-09,2024-03,CUST-1160,PROD-116,EMP-1020,REG-02,Retail Store,4,1350.68,0.37,3403.71,2995.26,408.45,4595.01,Completed
ORD-SLUMP-12417,2024-03-09,2024-03,CUST-1025,PROD-119,EMP-1020,REG-03,Enterprise Partner,7,2501.01,0.33,11729.74,10322.17,1407.57,15835.15,Completed
ORD-SLUMP-12418,2024-03-09,2024-03,CUST-1117,PROD-105,EMP-1009,REG-04,Retail Store,5,4100.09,0.38,12710.28,11185.05,1525.23,17158.88,Completed
ORD-SLUMP-12419,2024-03-10,2024-03,CUST-1069,PROD-115,EMP-1002,REG-05,Enterprise Partner,2,4289.79,0.35,5576.73,4907.52,669.21,7528.59,Completed
ORD-SLUMP-12420,2024-03-10,2024-03,CUST-1076,PROD-116,EMP-1008,REG-05,Enterprise Partner,6,3853.52,0.31,15953.57,14039.14,1914.43,21537.32,Completed
ORD-SLUMP-12421,2024-03-10,2024-03,CUST-1092,PROD-102,EMP-1022,REG-03,Retail Store,7,3830.92,0.22,20916.82,18406.8,2510.02,28237.71,Completed
ORD-SLUMP-12422,2024-03-10,2024-03,CUST-1088,PROD-104,EMP-1009,REG-04,Field Sales,2,3572.71,0.37,4501.61,3961.42,540.19,6077.17,Completed
ORD-SLUMP-12423,2024-03-10,2024-03,CUST-1295,PROD-107,EMP-1016,REG-03,Retail Store,1,2015.72,0.26,1491.63,1312.63,179.0,2013.7,Completed
ORD-SLUMP-12424,2024-03-11,2024-03,CUST-1090,PROD-102,EMP-1023,REG-02,Enterprise Partner,7,1588.12,0.3,7781.79,6847.98,933.81,10505.42,Completed
ORD-SLUMP-12425,2024-03-11,2024-03,CUST-1110,PROD-104,EMP-1009,REG-01,Direct Online,1,3646.86,0.2,2917.49,2567.39,350.1,3938.61,Completed
ORD-SLUMP-12426,2024-03-11,2024-03,CUST-1163,PROD-101,EMP-1022,REG-04,Enterprise Partner,7,3935.45,0.34,18181.78,15999.97,2181.81,24545.4,Completed
ORD-SLUMP-12427,2024-03-11,2024-03,CUST-1034,PROD-119,EMP-1014,REG-01,Retail Store,7,3601.2,0.22,19662.55,17303.04,2359.51,26544.44,Completed
ORD-SLUMP-12428,2024-03-11,2024-03,CUST-1291,PROD-119,EMP-1018,REG-01,Direct Online,1,4258.05,0.37,2682.57,2360.66,321.91,3621.47,Completed
ORD-SLUMP-12429,2024-03-11,2024-03,CUST-1263,PROD-113,EMP-1015,REG-03,Direct Online,7,980.41,0.3,4804.01,4227.53,576.48,6485.41,Completed
ORD-SLUMP-12430,2024-03-11,2024-03,CUST-1065,PROD-101,EMP-1027,REG-04,Enterprise Partner,7,3558.52,0.24,18931.33,16659.57,2271.76,25557.3,Completed
ORD-SLUMP-12431,2024-03-12,2024-03,CUST-1214,PROD-116,EMP-1029,REG-02,Retail Store,5,2332.9,0.26,8631.73,7595.92,1035.81,11652.84,Completed
ORD-SLUMP-12432,2024-03-12,2024-03,CUST-1108,PROD-118,EMP-1022,REG-01,Direct Online,2,2131.27,0.33,2855.9,2513.19,342.71,3855.47,Completed
ORD-SLUMP-12433,2024-03-12,2024-03,CUST-1146,PROD-108,EMP-1018,REG-04,Retail Store,1,2508.14,0.39,1529.97,1346.37,183.6,2065.46,Completed
ORD-SLUMP-12434,2024-03-13,2024-03,CUST-1095,PROD-117,EMP-1020,REG-03,Enterprise Partner,5,1789.47,0.27,6531.57,5747.78,783.79,8817.62,Completed
ORD-SLUMP-12435,2024-03-13,2024-03,CUST-1042,PROD-105,EMP-1016,REG-01,Retail Store,3,1276.6,0.24,2910.65,2561.37,349.28,3929.38,Completed
ORD-SLUMP-12436,2024-03-13,2024-03,CUST-1134,PROD-116,EMP-1019,REG-02,Field Sales,1,3913.51,0.26,2896.0,2548.48,347.52,3909.6,Completed
ORD-SLUMP-12437,2024-03-13,2024-03,CUST-1253,PROD-115,EMP-1010,REG-02,Retail Store,2,3723.14,0.23,5733.64,5045.6,688.04,7740.41,Completed
ORD-SLUMP-12438,2024-03-13,2024-03,CUST-1099,PROD-106,EMP-1007,REG-01,Retail Store,3,1624.22,0.28,3508.32,3087.32,421.0,4736.23,Completed
ORD-SLUMP-12439,2024-03-13,2024-03,CUST-1168,PROD-119,EMP-1004,REG-03,Enterprise Partner,1,3984.72,0.33,2669.76,2349.39,320.37,3604.18,Completed
ORD-SLUMP-12440,2024-03-13,2024-03,CUST-1160,PROD-118,EMP-1018,REG-01,Field Sales,1,3638.93,0.21,2874.75,2529.78,344.97,3880.91,Completed
ORD-SLUMP-12441,2024-03-13,2024-03,CUST-1101,PROD-111,EMP-1027,REG-01,Retail Store,5,1530.74,0.29,5434.13,4782.03,652.1,7336.08,Completed
ORD-SLUMP-12442,2024-03-14,2024-03,CUST-1058,PROD-114,EMP-1023,REG-04,Enterprise Partner,5,3045.07,0.31,10505.49,9244.83,1260.66,14182.41,Completed
ORD-SLUMP-12443,2024-03-14,2024-03,CUST-1007,PROD-105,EMP-1002,REG-01,Direct Online,1,2095.11,0.32,1424.67,1253.71,170.96,1923.3,Completed
ORD-SLUMP-12444,2024-03-14,2024-03,CUST-1216,PROD-106,EMP-1022,REG-01,Enterprise Partner,3,2157.63,0.27,4725.21,4158.18,567.03,6379.03,Completed
ORD-SLUMP-12445,2024-03-14,2024-03,CUST-1197,PROD-113,EMP-1022,REG-05,Field Sales,5,4242.86,0.38,13152.87,11574.53,1578.34,17756.37,Completed
ORD-SLUMP-12446,2024-03-14,2024-03,CUST-1081,PROD-109,EMP-1025,REG-03,Field Sales,4,1476.27,0.28,4251.66,3741.46,510.2,5739.74,Completed
ORD-SLUMP-12447,2024-03-14,2024-03,CUST-1221,PROD-112,EMP-1007,REG-04,Retail Store,6,2318.76,0.32,9460.54,8325.28,1135.26,12771.73,Completed
ORD-SLUMP-12448,2024-03-14,2024-03,CUST-1277,PROD-114,EMP-1022,REG-04,Retail Store,1,1430.49,0.32,972.73,856.0,116.73,1313.19,Completed
ORD-SLUMP-12449,2024-03-14,2024-03,CUST-1107,PROD-104,EMP-1008,REG-01,Enterprise Partner,2,2133.01,0.27,3114.19,2740.49,373.7,4204.16,Completed
ORD-SLUMP-12450,2024-03-14,2024-03,CUST-1134,PROD-104,EMP-1017,REG-05,Field Sales,5,2360.12,0.27,8614.44,7580.71,1033.73,11629.49,Completed
ORD-SLUMP-12451,2024-03-15,2024-03,CUST-1251,PROD-114,EMP-1017,REG-01,Enterprise Partner,4,1482.95,0.3,4152.26,3653.99,498.27,5605.55,Completed
ORD-SLUMP-12452,2024-03-15,2024-03,CUST-1199,PROD-113,EMP-1010,REG-04,Retail Store,3,1532.04,0.31,3171.32,2790.76,380.56,4281.28,Completed
ORD-SLUMP-12453,2024-03-15,2024-03,CUST-1212,PROD-106,EMP-1012,REG-04,Field Sales,2,3311.39,0.28,4768.4,4196.19,572.21,6437.34,Completed
ORD-SLUMP-12454,2024-03-15,2024-03,CUST-1196,PROD-112,EMP-1020,REG-03,Field Sales,3,2509.77,0.23,5797.57,5101.86,695.71,7826.72,Completed
ORD-SLUMP-12455,2024-03-15,2024-03,CUST-1147,PROD-103,EMP-1026,REG-04,Field Sales,2,3420.93,0.25,5131.39,4515.62,615.77,6927.38,Completed
ORD-SLUMP-12456,2024-03-16,2024-03,CUST-1239,PROD-111,EMP-1010,REG-05,Field Sales,7,3510.04,0.2,19656.22,17297.47,2358.75,26535.9,Completed
ORD-SLUMP-12457,2024-03-16,2024-03,CUST-1166,PROD-103,EMP-1002,REG-03,Retail Store,6,3233.75,0.28,13969.8,12293.42,1676.38,18859.23,Completed
ORD-SLUMP-12458,2024-03-16,2024-03,CUST-1103,PROD-107,EMP-1017,REG-02,Field Sales,4,1362.77,0.26,4033.8,3549.74,484.06,5445.63,Completed
ORD-SLUMP-12459,2024-03-16,2024-03,CUST-1236,PROD-105,EMP-1028,REG-04,Enterprise Partner,1,2284.41,0.23,1759.0,1547.92,211.08,2374.65,Completed
ORD-SLUMP-12460,2024-03-16,2024-03,CUST-1065,PROD-109,EMP-1001,REG-04,Enterprise Partner,5,2707.62,0.3,9476.67,8339.47,1137.2,12793.5,Completed
ORD-SLUMP-12461,2024-03-17,2024-03,CUST-1063,PROD-108,EMP-1025,REG-04,Enterprise Partner,7,2477.96,0.24,13182.75,11600.82,1581.93,17796.71,Completed
ORD-SLUMP-12462,2024-03-17,2024-03,CUST-1083,PROD-110,EMP-1015,REG-02,Retail Store,7,3002.57,0.33,14082.05,12392.2,1689.85,19010.77,Completed
ORD-SLUMP-12463,2024-03-17,2024-03,CUST-1049,PROD-114,EMP-1006,REG-03,Direct Online,6,1363.05,0.32,5561.24,4893.89,667.35,7507.67,Completed
ORD-SLUMP-12464,2024-03-17,2024-03,CUST-1241,PROD-118,EMP-1021,REG-01,Retail Store,7,1609.02,0.2,9010.51,7929.25,1081.26,12164.19,Completed
ORD-SLUMP-12465,2024-03-17,2024-03,CUST-1166,PROD-106,EMP-1022,REG-01,Direct Online,3,995.12,0.26,2209.17,1944.07,265.1,2982.38,Completed
ORD-SLUMP-12466,2024-03-17,2024-03,CUST-1042,PROD-102,EMP-1003,REG-05,Field Sales,6,1828.9,0.32,7461.91,6566.48,895.43,10073.58,Completed
ORD-SLUMP-12467,2024-03-17,2024-03,CUST-1264,PROD-109,EMP-1022,REG-01,Direct Online,2,3058.71,0.39,3731.63,3283.83,447.8,5037.7,Completed
ORD-SLUMP-12468,2024-03-17,2024-03,CUST-1254,PROD-109,EMP-1020,REG-05,Direct Online,5,1940.75,0.29,6889.66,6062.9,826.76,9301.04,Completed
ORD-SLUMP-12469,2024-03-17,2024-03,CUST-1078,PROD-110,EMP-1018,REG-05,Field Sales,5,1612.69,0.35,5241.24,4612.29,628.95,7075.67,Completed
ORD-SLUMP-12470,2024-03-18,2024-03,CUST-1131,PROD-110,EMP-1009,REG-01,Field Sales,5,2791.07,0.4,8373.21,7368.42,1004.79,11303.83,Completed
ORD-SLUMP-12471,2024-03-18,2024-03,CUST-1225,PROD-111,EMP-1019,REG-04,Retail Store,1,3411.15,0.31,2353.69,2071.25,282.44,3177.48,Completed
ORD-SLUMP-12472,2024-03-18,2024-03,CUST-1136,PROD-113,EMP-1013,REG-04,Field Sales,2,1547.08,0.37,1949.32,1715.4,233.92,2631.58,Completed
ORD-SLUMP-12473,2024-03-18,2024-03,CUST-1158,PROD-106,EMP-1014,REG-02,Field Sales,2,4241.8,0.22,6617.21,5823.14,794.07,8933.23,Completed
ORD-SLUMP-12474,2024-03-18,2024-03,CUST-1128,PROD-105,EMP-1013,REG-05,Retail Store,7,4444.5,0.37,19600.24,17248.21,2352.03,26460.32,Completed
ORD-SLUMP-12475,2024-03-18,2024-03,CUST-1288,PROD-118,EMP-1008,REG-01,Enterprise Partner,1,1769.59,0.35,1150.23,1012.2,138.03,1552.81,Completed
ORD-SLUMP-12476,2024-03-18,2024-03,CUST-1182,PROD-109,EMP-1026,REG-02,Enterprise Partner,7,1734.97,0.2,9715.83,8549.93,1165.9,13116.37,Completed
ORD-SLUMP-12477,2024-03-19,2024-03,CUST-1146,PROD-111,EMP-1002,REG-03,Retail Store,4,2755.62,0.37,6944.16,6110.86,833.3,9374.62,Completed
ORD-SLUMP-12478,2024-03-19,2024-03,CUST-1006,PROD-119,EMP-1008,REG-01,Direct Online,5,2496.73,0.28,8988.23,7909.64,1078.59,12134.11,Completed
ORD-SLUMP-12479,2024-03-19,2024-03,CUST-1299,PROD-119,EMP-1024,REG-03,Field Sales,5,2340.16,0.24,8892.61,7825.5,1067.11,12005.02,Completed
ORD-SLUMP-12480,2024-03-20,2024-03,CUST-1091,PROD-108,EMP-1022,REG-04,Enterprise Partner,1,4378.96,0.33,2933.9,2581.83,352.07,3960.77,Completed
ORD-SLUMP-12481,2024-03-20,2024-03,CUST-1237,PROD-102,EMP-1016,REG-01,Field Sales,3,1484.8,0.21,3518.98,3096.7,422.28,4750.62,Completed
ORD-SLUMP-12482,2024-03-20,2024-03,CUST-1275,PROD-115,EMP-1013,REG-05,Field Sales,2,2322.25,0.23,3576.26,3147.11,429.15,4827.95,Completed
ORD-SLUMP-12483,2024-03-20,2024-03,CUST-1233,PROD-115,EMP-1024,REG-02,Enterprise Partner,6,925.18,0.24,4218.82,3712.56,506.26,5695.41,Completed
ORD-SLUMP-12484,2024-03-20,2024-03,CUST-1116,PROD-117,EMP-1008,REG-02,Direct Online,5,1159.18,0.27,4231.01,3723.29,507.72,5711.86,Completed
ORD-SLUMP-12485,2024-03-20,2024-03,CUST-1059,PROD-110,EMP-1006,REG-04,Retail Store,4,2476.74,0.21,7826.5,6887.32,939.18,10565.78,Completed
ORD-SLUMP-12486,2024-03-20,2024-03,CUST-1184,PROD-105,EMP-1024,REG-04,Field Sales,2,1484.94,0.35,1930.42,1698.77,231.65,2606.07,Completed
ORD-SLUMP-12487,2024-03-21,2024-03,CUST-1055,PROD-104,EMP-1009,REG-04,Retail Store,5,2889.81,0.31,9969.84,8773.46,1196.38,13459.28,Completed
ORD-SLUMP-12488,2024-03-21,2024-03,CUST-1009,PROD-102,EMP-1021,REG-03,Enterprise Partner,1,2814.7,0.37,1773.26,1560.47,212.79,2393.9,Completed
ORD-SLUMP-12489,2024-03-21,2024-03,CUST-1113,PROD-112,EMP-1014,REG-02,Retail Store,4,2924.21,0.27,8538.69,7514.05,1024.64,11527.23,Completed
ORD-SLUMP-12490,2024-03-21,2024-03,CUST-1039,PROD-103,EMP-1006,REG-04,Field Sales,5,4498.68,0.26,16645.12,14647.71,1997.41,22470.91,Completed
ORD-SLUMP-12491,2024-03-21,2024-03,CUST-1166,PROD-104,EMP-1028,REG-04,Field Sales,1,1391.97,0.39,849.1,747.21,101.89,1146.29,Completed
ORD-SLUMP-12492,2024-03-21,2024-03,CUST-1244,PROD-115,EMP-1004,REG-03,Field Sales,2,931.5,0.21,1471.77,1295.16,176.61,1986.89,Completed
ORD-SLUMP-12493,2024-03-21,2024-03,CUST-1297,PROD-103,EMP-1006,REG-01,Field Sales,2,3117.15,0.24,4738.07,4169.5,568.57,6396.39,Completed
ORD-SLUMP-12494,2024-03-22,2024-03,CUST-1281,PROD-109,EMP-1004,REG-01,Retail Store,6,969.24,0.37,3663.73,3224.08,439.65,4946.04,Completed
ORD-SLUMP-12495,2024-03-22,2024-03,CUST-1131,PROD-119,EMP-1014,REG-02,Enterprise Partner,5,1054.01,0.31,3636.33,3199.97,436.36,4909.05,Completed
ORD-SLUMP-12496,2024-03-22,2024-03,CUST-1275,PROD-110,EMP-1005,REG-03,Retail Store,2,1772.82,0.25,2659.23,2340.12,319.11,3589.96,Completed
ORD-SLUMP-12497,2024-03-22,2024-03,CUST-1153,PROD-103,EMP-1027,REG-02,Field Sales,4,3071.99,0.37,7741.41,6812.44,928.97,10450.9,Completed
ORD-SLUMP-12498,2024-03-22,2024-03,CUST-1116,PROD-116,EMP-1009,REG-01,Retail Store,7,2409.44,0.24,12818.22,11280.03,1538.19,17304.6,Completed
ORD-SLUMP-12499,2024-03-22,2024-03,CUST-1031,PROD-110,EMP-1007,REG-02,Field Sales,6,1633.89,0.31,6764.3,5952.58,811.72,9131.8,Completed
ORD-SLUMP-12500,2024-03-22,2024-03,CUST-1265,PROD-112,EMP-1018,REG-03,Retail Store,7,2696.71,0.28,13591.42,11960.45,1630.97,18348.42,Completed
ORD-SLUMP-12501,2024-03-23,2024-03,CUST-1223,PROD-106,EMP-1021,REG-05,Field Sales,3,1324.02,0.32,2701.0,2376.88,324.12,3646.35,Completed
ORD-SLUMP-12502,2024-03-23,2024-03,CUST-1098,PROD-106,EMP-1012,REG-04,Retail Store,5,1811.38,0.33,6068.12,5339.95,728.17,8191.96,Completed
ORD-SLUMP-12503,2024-03-23,2024-03,CUST-1016,PROD-119,EMP-1026,REG-04,Direct Online,3,2338.52,0.3,4910.89,4321.58,589.31,6629.7,Completed
ORD-SLUMP-12504,2024-03-23,2024-03,CUST-1144,PROD-108,EMP-1008,REG-01,Retail Store,2,3094.69,0.21,4889.61,4302.86,586.75,6600.97,Completed
ORD-SLUMP-12505,2024-03-23,2024-03,CUST-1239,PROD-118,EMP-1005,REG-01,Field Sales,7,1784.94,0.37,7871.59,6927.0,944.59,10626.65,Completed
ORD-SLUMP-12506,2024-03-23,2024-03,CUST-1053,PROD-108,EMP-1001,REG-04,Direct Online,5,1091.62,0.29,3875.25,3410.22,465.03,5231.59,Completed
ORD-SLUMP-12507,2024-03-24,2024-03,CUST-1184,PROD-115,EMP-1021,REG-05,Field Sales,1,2493.41,0.32,1695.52,1492.06,203.46,2288.95,Completed
ORD-SLUMP-12508,2024-03-24,2024-03,CUST-1008,PROD-103,EMP-1020,REG-02,Field Sales,5,4052.14,0.22,15803.35,13906.95,1896.4,21334.52,Completed
ORD-SLUMP-12509,2024-03-24,2024-03,CUST-1058,PROD-101,EMP-1029,REG-01,Enterprise Partner,6,3493.75,0.23,16141.12,14204.19,1936.93,21790.51,Completed
ORD-SLUMP-12510,2024-03-24,2024-03,CUST-1095,PROD-108,EMP-1003,REG-01,Direct Online,6,2143.67,0.39,7845.83,6904.33,941.5,10591.87,Completed
ORD-SLUMP-12511,2024-03-24,2024-03,CUST-1130,PROD-111,EMP-1007,REG-04,Direct Online,2,1429.79,0.32,1944.51,1711.17,233.34,2625.09,Completed
ORD-SLUMP-12512,2024-03-24,2024-03,CUST-1221,PROD-116,EMP-1025,REG-02,Direct Online,6,3736.27,0.3,15692.33,13809.25,1883.08,21184.65,Completed
ORD-SLUMP-12513,2024-03-24,2024-03,CUST-1150,PROD-111,EMP-1017,REG-04,Field Sales,3,1280.51,0.28,2765.9,2433.99,331.91,3733.96,Completed
ORD-SLUMP-12514,2024-03-24,2024-03,CUST-1228,PROD-109,EMP-1015,REG-05,Field Sales,2,4120.18,0.39,5026.62,4423.43,603.19,6785.94,Completed
ORD-SLUMP-12515,2024-03-24,2024-03,CUST-1027,PROD-114,EMP-1021,REG-05,Retail Store,6,4392.15,0.28,18974.09,16697.2,2276.89,25615.02,Completed
ORD-SLUMP-12516,2024-03-25,2024-03,CUST-1008,PROD-103,EMP-1009,REG-03,Field Sales,1,4469.22,0.37,2815.61,2477.74,337.87,3801.07,Completed
ORD-SLUMP-12517,2024-03-25,2024-03,CUST-1234,PROD-118,EMP-1003,REG-01,Retail Store,2,2190.15,0.32,2978.6,2621.17,357.43,4021.11,Completed
ORD-SLUMP-12518,2024-03-25,2024-03,CUST-1106,PROD-102,EMP-1001,REG-03,Enterprise Partner,1,966.68,0.37,609.01,535.93,73.08,822.16,Completed
ORD-SLUMP-12519,2024-03-25,2024-03,CUST-1183,PROD-116,EMP-1015,REG-05,Retail Store,7,3877.3,0.38,16827.48,14808.18,2019.3,22717.1,Completed
ORD-SLUMP-12520,2024-03-25,2024-03,CUST-1083,PROD-109,EMP-1005,REG-04,Enterprise Partner,2,3768.57,0.36,4823.77,4244.92,578.85,6512.09,Completed
ORD-SLUMP-12521,2024-03-25,2024-03,CUST-1141,PROD-101,EMP-1011,REG-02,Enterprise Partner,3,1753.92,0.26,3893.7,3426.46,467.24,5256.5,Completed
ORD-SLUMP-12522,2024-03-25,2024-03,CUST-1284,PROD-107,EMP-1023,REG-01,Retail Store,7,2676.67,0.24,14239.88,12531.09,1708.79,19223.84,Completed
ORD-SLUMP-12523,2024-03-26,2024-03,CUST-1088,PROD-113,EMP-1027,REG-02,Direct Online,2,2251.99,0.24,3423.02,3012.26,410.76,4621.08,Completed
ORD-SLUMP-12524,2024-03-26,2024-03,CUST-1297,PROD-113,EMP-1028,REG-03,Field Sales,1,3476.05,0.24,2641.8,2324.78,317.02,3566.43,Completed
ORD-SLUMP-12525,2024-03-26,2024-03,CUST-1127,PROD-104,EMP-1015,REG-05,Field Sales,5,2560.88,0.39,7810.68,6873.4,937.28,10544.42,Completed
ORD-SLUMP-12526,2024-03-26,2024-03,CUST-1118,PROD-112,EMP-1011,REG-03,Enterprise Partner,6,3940.31,0.26,17494.98,15395.58,2099.4,23618.22,Completed
ORD-SLUMP-12527,2024-03-26,2024-03,CUST-1120,PROD-109,EMP-1014,REG-02,Direct Online,1,4092.66,0.21,3233.2,2845.22,387.98,4364.82,Completed
ORD-SLUMP-12528,2024-03-26,2024-03,CUST-1133,PROD-106,EMP-1013,REG-03,Direct Online,3,875.06,0.27,1916.38,1686.41,229.97,2587.11,Completed
ORD-SLUMP-12529,2024-03-27,2024-03,CUST-1240,PROD-113,EMP-1020,REG-05,Enterprise Partner,1,4121.11,0.2,3296.89,2901.26,395.63,4450.8,Completed
ORD-SLUMP-12530,2024-03-27,2024-03,CUST-1074,PROD-110,EMP-1012,REG-05,Retail Store,3,3188.62,0.27,6983.08,6145.11,837.97,9427.16,Completed
ORD-SLUMP-12531,2024-03-27,2024-03,CUST-1087,PROD-116,EMP-1007,REG-02,Field Sales,4,1205.66,0.23,3713.43,3267.82,445.61,5013.13,Completed
ORD-SLUMP-12532,2024-03-27,2024-03,CUST-1205,PROD-101,EMP-1011,REG-04,Direct Online,5,2191.52,0.32,7451.17,6557.03,894.14,10059.08,Completed
ORD-SLUMP-12533,2024-03-27,2024-03,CUST-1196,PROD-107,EMP-1026,REG-04,Direct Online,4,2913.81,0.37,7342.8,6461.66,881.14,9912.78,Completed
ORD-SLUMP-12534,2024-03-27,2024-03,CUST-1079,PROD-119,EMP-1013,REG-01,Retail Store,7,2176.77,0.34,10056.68,8849.88,1206.8,13576.52,Completed
ORD-SLUMP-12535,2024-03-28,2024-03,CUST-1259,PROD-115,EMP-1010,REG-04,Direct Online,4,3852.08,0.32,10477.66,9220.34,1257.32,14144.84,Completed
ORD-SLUMP-12536,2024-03-28,2024-03,CUST-1182,PROD-112,EMP-1009,REG-04,Field Sales,1,1092.33,0.29,775.55,682.48,93.07,1046.99,Completed
ORD-SLUMP-12537,2024-03-28,2024-03,CUST-1147,PROD-113,EMP-1015,REG-02,Field Sales,2,1608.08,0.24,2444.28,2150.97,293.31,3299.78,Completed
ORD-SLUMP-12538,2024-03-28,2024-03,CUST-1296,PROD-119,EMP-1016,REG-02,Enterprise Partner,6,2331.14,0.29,9930.66,8738.98,1191.68,13406.39,Completed
ORD-SLUMP-12539,2024-03-29,2024-03,CUST-1154,PROD-116,EMP-1015,REG-03,Field Sales,5,2017.76,0.31,6961.27,6125.92,835.35,9397.71,Completed
ORD-SLUMP-12540,2024-03-29,2024-03,CUST-1076,PROD-107,EMP-1007,REG-02,Field Sales,7,2609.98,0.29,12971.6,11415.01,1556.59,17511.66,Completed
ORD-SLUMP-12541,2024-03-29,2024-03,CUST-1293,PROD-112,EMP-1020,REG-05,Direct Online,4,803.28,0.29,2281.32,2007.56,273.76,3079.78,Completed
ORD-SLUMP-12542,2024-03-29,2024-03,CUST-1197,PROD-104,EMP-1026,REG-04,Enterprise Partner,1,3193.58,0.26,2363.25,2079.66,283.59,3190.39,Completed
ORD-SLUMP-12543,2024-03-29,2024-03,CUST-1059,PROD-107,EMP-1005,REG-01,Direct Online,2,3723.37,0.32,5063.78,4456.13,607.65,6836.1,Completed
ORD-SLUMP-12544,2024-03-29,2024-03,CUST-1050,PROD-113,EMP-1026,REG-01,Direct Online,3,2113.1,0.31,4374.12,3849.23,524.89,5905.06,Completed
ORD-SLUMP-12545,2024-03-29,2024-03,CUST-1111,PROD-119,EMP-1013,REG-01,Enterprise Partner,3,2003.75,0.21,4748.89,4179.02,569.87,6411.0,Completed
ORD-SLUMP-12546,2024-03-29,2024-03,CUST-1000,PROD-116,EMP-1010,REG-03,Direct Online,1,1399.94,0.37,881.96,776.12,105.84,1190.65,Completed
ORD-SLUMP-12547,2024-03-29,2024-03,CUST-1053,PROD-106,EMP-1014,REG-03,Direct Online,4,2421.25,0.24,7360.6,6477.33,883.27,9936.81,Completed
ORD-SLUMP-12548,2024-03-29,2024-03,CUST-1003,PROD-117,EMP-1009,REG-01,Direct Online,1,1164.34,0.29,826.68,727.48,99.2,1116.02,Completed
ORD-SLUMP-12549,2024-03-30,2024-03,CUST-1065,PROD-110,EMP-1017,REG-05,Field Sales,2,2992.5,0.39,3650.85,3212.75,438.1,4928.65,Completed
ORD-SLUMP-12550,2024-03-30,2024-03,CUST-1145,PROD-119,EMP-1001,REG-05,Direct Online,5,2567.92,0.36,8217.34,7231.26,986.08,11093.41,Completed
ORD-SLUMP-12551,2024-03-30,2024-03,CUST-1055,PROD-104,EMP-1008,REG-02,Direct Online,6,2928.68,0.24,13354.78,11752.21,1602.57,18028.95,Completed
ORD-SLUMP-12552,2024-03-30,2024-03,CUST-1112,PROD-102,EMP-1023,REG-05,Enterprise Partner,4,3110.33,0.22,9704.23,8539.72,1164.51,13100.71,Completed
ORD-SLUMP-12553,2024-03-30,2024-03,CUST-1220,PROD-103,EMP-1006,REG-01,Direct Online,4,2892.35,0.34,7635.8,6719.5,916.3,10308.33,Completed
ORD-SLUMP-12554,2024-03-30,2024-03,CUST-1204,PROD-108,EMP-1012,REG-04,Direct Online,3,4206.36,0.36,8076.21,7107.06,969.15,10902.88,Completed
ORD-SLUMP-12555,2024-03-30,2024-03,CUST-1149,PROD-104,EMP-1006,REG-02,Direct Online,5,3314.97,0.37,10442.16,9189.1,1253.06,14096.92,Completed
ORD-SLUMP-12556,2024-03-31,2024-03,CUST-1295,PROD-109,EMP-1024,REG-05,Enterprise Partner,3,1053.53,0.39,1927.96,1696.6,231.36,2602.75,Completed
ORD-SLUMP-12557,2024-03-31,2024-03,CUST-1289,PROD-110,EMP-1007,REG-04,Direct Online,3,3197.75,0.24,7290.87,6415.97,874.9,9842.67,Completed
ORD-SLUMP-12558,2024-03-31,2024-03,CUST-1157,PROD-111,EMP-1014,REG-03,Retail Store,1,1648.7,0.25,1236.53,1088.15,148.38,1669.32,Completed
ORD-SLUMP-12559,2024-03-31,2024-03,CUST-1017,PROD-104,EMP-1028,REG-01,Enterprise Partner,2,3683.44,0.35,4788.47,4213.85,574.62,6464.43,Completed
ORD-SLUMP-12560,2024-03-31,2024-03,CUST-1095,PROD-111,EMP-1001,REG-03,Direct Online,1,940.35,0.33,630.03,554.43,75.6,850.54,Completed
ORD-SLUMP-12561,2024-03-31,2024-03,CUST-1268,PROD-104,EMP-1008,REG-05,Field Sales,6,1987.48,0.33,7989.67,7030.91,958.76,10786.05,Completed
ORD-SLUMP-12562,2024-03-31,2024-03,CUST-1147,PROD-118,EMP-1009,REG-02,Retail Store,6,3911.62,0.23,18071.68,15903.08,2168.6,24396.77,Completed
ORD-SLUMP-12563,2024-04-01,2024-04,CUST-1266,PROD-107,EMP-1025,REG-04,Retail Store,2,1272.83,0.34,1680.14,1478.52,201.62,2268.19,Completed
ORD-SLUMP-12564,2024-04-01,2024-04,CUST-1192,PROD-111,EMP-1023,REG-04,Enterprise Partner,7,1780.02,0.4,7476.08,6578.95,897.13,10092.71,Completed
ORD-SLUMP-12565,2024-04-01,2024-04,CUST-1092,PROD-109,EMP-1020,REG-03,Field Sales,1,2551.99,0.34,1684.31,1482.19,202.12,2273.82,Completed
ORD-SLUMP-12566,2024-04-01,2024-04,CUST-1082,PROD-104,EMP-1014,REG-05,Retail Store,4,2178.12,0.37,5488.86,4830.2,658.66,7409.96,Completed
ORD-SLUMP-12567,2024-04-01,2024-04,CUST-1021,PROD-104,EMP-1018,REG-04,Enterprise Partner,6,2389.58,0.37,9032.61,7948.7,1083.91,12194.02,Completed
ORD-SLUMP-12568,2024-04-01,2024-04,CUST-1299,PROD-116,EMP-1020,REG-02,Enterprise Partner,6,4266.89,0.39,15616.82,13742.8,1874.02,21082.71,Completed
ORD-SLUMP-12569,2024-04-01,2024-04,CUST-1287,PROD-114,EMP-1004,REG-01,Direct Online,6,1749.82,0.22,8189.16,7206.46,982.7,11055.37,Completed
ORD-SLUMP-12570,2024-04-02,2024-04,CUST-1259,PROD-111,EMP-1007,REG-04,Retail Store,7,2815.61,0.28,14190.67,12487.79,1702.88,19157.4,Completed
ORD-SLUMP-12571,2024-04-02,2024-04,CUST-1149,PROD-101,EMP-1002,REG-02,Retail Store,4,2324.25,0.22,7251.66,6381.46,870.2,9789.74,Completed
ORD-SLUMP-12572,2024-04-02,2024-04,CUST-1093,PROD-119,EMP-1011,REG-01,Field Sales,2,1618.9,0.33,2169.33,1909.01,260.32,2928.6,Completed
ORD-SLUMP-12573,2024-04-02,2024-04,CUST-1200,PROD-110,EMP-1001,REG-01,Retail Store,5,1460.26,0.3,5110.91,4497.6,613.31,6899.73,Completed
ORD-SLUMP-12574,2024-04-03,2024-04,CUST-1024,PROD-102,EMP-1011,REG-05,Enterprise Partner,2,4335.33,0.24,6589.7,5798.94,790.76,8896.1,Completed
ORD-SLUMP-12575,2024-04-03,2024-04,CUST-1088,PROD-116,EMP-1029,REG-04,Direct Online,2,1642.63,0.23,2529.65,2226.09,303.56,3415.03,Completed
ORD-SLUMP-12576,2024-04-03,2024-04,CUST-1223,PROD-119,EMP-1005,REG-04,Enterprise Partner,5,3777.74,0.25,14166.52,12466.54,1699.98,19124.8,Completed
ORD-SLUMP-12577,2024-04-03,2024-04,CUST-1007,PROD-101,EMP-1025,REG-03,Enterprise Partner,4,3764.7,0.32,10239.98,9011.18,1228.8,13823.97,Completed
ORD-SLUMP-12578,2024-04-04,2024-04,CUST-1206,PROD-118,EMP-1018,REG-01,Enterprise Partner,5,1116.93,0.21,4411.87,3882.45,529.42,5956.02,Completed
ORD-SLUMP-12579,2024-04-04,2024-04,CUST-1266,PROD-103,EMP-1015,REG-02,Enterprise Partner,7,1354.16,0.23,7298.92,6423.05,875.87,9853.54,Completed
ORD-SLUMP-12580,2024-04-04,2024-04,CUST-1070,PROD-114,EMP-1015,REG-02,Retail Store,3,4472.76,0.27,9795.34,8619.9,1175.44,13223.71,Completed
ORD-SLUMP-12581,2024-04-04,2024-04,CUST-1075,PROD-104,EMP-1021,REG-04,Enterprise Partner,5,4396.97,0.38,13630.61,11994.94,1635.67,18401.32,Completed
ORD-SLUMP-12582,2024-04-04,2024-04,CUST-1156,PROD-117,EMP-1005,REG-02,Field Sales,2,4311.72,0.32,5863.94,5160.27,703.67,7916.32,Completed
ORD-SLUMP-12583,2024-04-05,2024-04,CUST-1228,PROD-110,EMP-1009,REG-05,Retail Store,3,3708.18,0.24,8454.65,7440.09,1014.56,11413.78,Completed
ORD-SLUMP-12584,2024-04-05,2024-04,CUST-1024,PROD-116,EMP-1020,REG-03,Direct Online,3,3940.41,0.27,8629.5,7593.96,1035.54,11649.82,Completed
ORD-SLUMP-12585,2024-04-05,2024-04,CUST-1246,PROD-106,EMP-1020,REG-02,Direct Online,1,3117.15,0.39,1901.46,1673.28,228.18,2566.97,Completed
ORD-SLUMP-12586,2024-04-05,2024-04,CUST-1159,PROD-108,EMP-1013,REG-02,Field Sales,1,4362.83,0.34,2879.47,2533.93,345.54,3887.28,Completed
ORD-SLUMP-12587,2024-04-06,2024-04,CUST-1273,PROD-109,EMP-1017,REG-02,Field Sales,4,3748.34,0.3,10495.35,9235.91,1259.44,14168.72,Completed
ORD-SLUMP-12588,2024-04-06,2024-04,CUST-1249,PROD-102,EMP-1027,REG-01,Field Sales,1,4472.54,0.39,2728.25,2400.86,327.39,3683.14,Completed
ORD-SLUMP-12589,2024-04-06,2024-04,CUST-1026,PROD-102,EMP-1006,REG-02,Field Sales,2,2096.95,0.3,2935.73,2583.44,352.29,3963.24,Completed
ORD-SLUMP-12590,2024-04-06,2024-04,CUST-1245,PROD-118,EMP-1012,REG-05,Enterprise Partner,6,831.74,0.27,3643.02,3205.86,437.16,4918.08,Completed
ORD-SLUMP-12591,2024-04-06,2024-04,CUST-1055,PROD-112,EMP-1024,REG-04,Enterprise Partner,1,3386.0,0.3,2370.2,2085.78,284.42,3199.77,Completed
ORD-SLUMP-12592,2024-04-07,2024-04,CUST-1048,PROD-114,EMP-1025,REG-03,Retail Store,6,3535.6,0.37,13364.57,11760.82,1603.75,18042.17,Completed
ORD-SLUMP-12593,2024-04-07,2024-04,CUST-1234,PROD-118,EMP-1021,REG-04,Field Sales,7,1912.03,0.21,10573.53,9304.71,1268.82,14274.27,Completed
ORD-SLUMP-12594,2024-04-07,2024-04,CUST-1012,PROD-106,EMP-1004,REG-02,Field Sales,4,2530.48,0.36,6478.03,5700.67,777.36,8745.34,Completed
ORD-SLUMP-12595,2024-04-07,2024-04,CUST-1004,PROD-108,EMP-1021,REG-02,Direct Online,3,2115.0,0.22,4949.1,4355.21,593.89,6681.29,Completed
ORD-SLUMP-12596,2024-04-07,2024-04,CUST-1204,PROD-112,EMP-1028,REG-01,Field Sales,4,1628.93,0.24,4951.95,4357.72,594.23,6685.13,Completed
ORD-SLUMP-12597,2024-04-07,2024-04,CUST-1141,PROD-114,EMP-1016,REG-02,Field Sales,4,2660.73,0.33,7130.76,6275.07,855.69,9626.53,Completed
ORD-SLUMP-12598,2024-04-08,2024-04,CUST-1227,PROD-111,EMP-1022,REG-04,Enterprise Partner,3,3360.33,0.23,7762.36,6830.88,931.48,10479.19,Completed
ORD-SLUMP-12599,2024-04-08,2024-04,CUST-1021,PROD-118,EMP-1002,REG-04,Retail Store,4,1982.23,0.27,5788.11,5093.54,694.57,7813.95,Completed
ORD-SLUMP-12600,2024-04-08,2024-04,CUST-1107,PROD-119,EMP-1012,REG-03,Field Sales,1,3978.54,0.28,2864.55,2520.8,343.75,3867.14,Completed
ORD-SLUMP-12601,2024-04-08,2024-04,CUST-1199,PROD-115,EMP-1003,REG-02,Retail Store,1,2192.02,0.3,1534.41,1350.28,184.13,2071.45,Completed
ORD-SLUMP-12602,2024-04-09,2024-04,CUST-1079,PROD-110,EMP-1001,REG-01,Retail Store,2,1397.52,0.27,2040.38,1795.53,244.85,2754.51,Completed
ORD-SLUMP-12603,2024-04-09,2024-04,CUST-1230,PROD-101,EMP-1016,REG-02,Field Sales,1,3741.28,0.23,2880.79,2535.1,345.69,3889.07,Completed
ORD-SLUMP-12604,2024-04-09,2024-04,CUST-1046,PROD-114,EMP-1012,REG-01,Retail Store,7,2443.8,0.33,11461.42,10086.05,1375.37,15472.92,Completed
ORD-SLUMP-12605,2024-04-09,2024-04,CUST-1287,PROD-119,EMP-1008,REG-05,Retail Store,5,2973.33,0.35,9663.32,8503.72,1159.6,13045.48,Completed
ORD-SLUMP-12606,2024-04-10,2024-04,CUST-1236,PROD-116,EMP-1002,REG-03,Enterprise Partner,1,2479.39,0.29,1760.37,1549.13,211.24,2376.5,Completed
ORD-SLUMP-12607,2024-04-10,2024-04,CUST-1072,PROD-114,EMP-1012,REG-03,Field Sales,7,1641.17,0.29,8156.61,7177.82,978.79,11011.42,Completed
ORD-SLUMP-12608,2024-04-10,2024-04,CUST-1240,PROD-103,EMP-1024,REG-01,Retail Store,3,3359.01,0.36,6449.3,5675.38,773.92,8706.56,Completed
ORD-SLUMP-12609,2024-04-10,2024-04,CUST-1278,PROD-107,EMP-1017,REG-04,Direct Online,3,3546.46,0.23,8192.32,7209.24,983.08,11059.63,Completed
ORD-SLUMP-12610,2024-04-10,2024-04,CUST-1114,PROD-102,EMP-1010,REG-02,Direct Online,1,2700.08,0.38,1674.05,1473.16,200.89,2259.97,Completed
ORD-SLUMP-12611,2024-04-10,2024-04,CUST-1087,PROD-113,EMP-1023,REG-05,Direct Online,4,1952.65,0.32,5311.21,4673.86,637.35,7170.13,Completed
ORD-SLUMP-12612,2024-04-11,2024-04,CUST-1241,PROD-111,EMP-1007,REG-03,Direct Online,6,2197.38,0.26,9756.37,8585.61,1170.76,13171.1,Completed
ORD-SLUMP-12613,2024-04-11,2024-04,CUST-1044,PROD-118,EMP-1014,REG-02,Direct Online,6,1966.84,0.27,8614.76,7580.99,1033.77,11629.93,Completed
ORD-SLUMP-12614,2024-04-11,2024-04,CUST-1031,PROD-110,EMP-1019,REG-03,Enterprise Partner,5,4001.36,0.33,13404.56,11796.01,1608.55,18096.16,Completed
ORD-SLUMP-12615,2024-04-11,2024-04,CUST-1138,PROD-110,EMP-1016,REG-05,Field Sales,3,3973.32,0.39,7271.18,6398.64,872.54,9816.09,Completed
ORD-SLUMP-12616,2024-04-12,2024-04,CUST-1277,PROD-101,EMP-1026,REG-01,Retail Store,3,1326.27,0.2,3183.05,2801.08,381.97,4297.12,Completed
ORD-SLUMP-12617,2024-04-12,2024-04,CUST-1145,PROD-104,EMP-1017,REG-04,Enterprise Partner,3,3569.79,0.29,7603.65,6691.21,912.44,10264.93,Completed
ORD-SLUMP-12618,2024-04-12,2024-04,CUST-1057,PROD-111,EMP-1015,REG-02,Enterprise Partner,5,1096.23,0.33,3672.37,3231.69,440.68,4957.7,Completed
ORD-SLUMP-12619,2024-04-12,2024-04,CUST-1256,PROD-103,EMP-1028,REG-03,Field Sales,5,1847.18,0.3,6465.13,5689.31,775.82,8727.93,Completed
ORD-SLUMP-12620,2024-04-13,2024-04,CUST-1051,PROD-117,EMP-1016,REG-01,Enterprise Partner,3,1744.96,0.2,4187.9,3685.35,502.55,5653.66,Completed
ORD-SLUMP-12621,2024-04-13,2024-04,CUST-1046,PROD-105,EMP-1019,REG-05,Retail Store,6,3260.3,0.29,13888.88,12222.21,1666.67,18749.99,Completed
ORD-SLUMP-12622,2024-04-13,2024-04,CUST-1170,PROD-113,EMP-1005,REG-03,Field Sales,6,3956.15,0.22,18514.78,16293.01,2221.77,24994.95,Completed
ORD-SLUMP-12623,2024-04-14,2024-04,CUST-1222,PROD-108,EMP-1020,REG-03,Enterprise Partner,7,2694.93,0.33,12639.22,11122.51,1516.71,17062.95,Completed
ORD-SLUMP-12624,2024-04-14,2024-04,CUST-1227,PROD-117,EMP-1022,REG-05,Direct Online,5,3263.95,0.27,11913.42,10483.81,1429.61,16083.12,Completed
ORD-SLUMP-12625,2024-04-14,2024-04,CUST-1241,PROD-111,EMP-1020,REG-03,Retail Store,3,1134.74,0.28,2451.04,2156.92,294.12,3308.9,Completed
ORD-SLUMP-12626,2024-04-14,2024-04,CUST-1189,PROD-110,EMP-1019,REG-03,Retail Store,3,3181.07,0.27,6966.54,6130.56,835.98,9404.83,Completed
ORD-SLUMP-12627,2024-04-14,2024-04,CUST-1222,PROD-116,EMP-1007,REG-05,Retail Store,3,1390.4,0.39,2544.43,2239.1,305.33,3434.98,Completed
ORD-SLUMP-12628,2024-04-14,2024-04,CUST-1140,PROD-110,EMP-1002,REG-05,Enterprise Partner,4,4264.24,0.25,12792.72,11257.59,1535.13,17270.17,Completed
ORD-SLUMP-12629,2024-04-14,2024-04,CUST-1239,PROD-110,EMP-1029,REG-04,Field Sales,2,2792.43,0.34,3686.01,3243.69,442.32,4976.11,Completed
ORD-SLUMP-12630,2024-04-15,2024-04,CUST-1118,PROD-110,EMP-1014,REG-02,Direct Online,4,2432.15,0.28,7004.59,6164.04,840.55,9456.2,Completed
ORD-SLUMP-12631,2024-04-15,2024-04,CUST-1106,PROD-109,EMP-1024,REG-02,Direct Online,4,1349.25,0.4,3238.2,2849.62,388.58,4371.57,Completed
ORD-SLUMP-12632,2024-04-15,2024-04,CUST-1150,PROD-117,EMP-1028,REG-03,Enterprise Partner,3,2461.67,0.26,5464.91,4809.12,655.79,7377.63,Completed
ORD-SLUMP-12633,2024-04-15,2024-04,CUST-1086,PROD-115,EMP-1012,REG-03,Direct Online,4,3346.99,0.4,8032.78,7068.85,963.93,10844.25,Completed
ORD-SLUMP-12634,2024-04-15,2024-04,CUST-1140,PROD-113,EMP-1026,REG-05,Field Sales,6,1155.62,0.29,4922.94,4332.19,590.75,6645.97,Completed
ORD-SLUMP-12635,2024-04-16,2024-04,CUST-1157,PROD-101,EMP-1011,REG-01,Field Sales,1,3424.75,0.39,2089.1,1838.41,250.69,2820.28,Completed
ORD-SLUMP-12636,2024-04-16,2024-04,CUST-1113,PROD-118,EMP-1012,REG-03,Direct Online,7,4061.69,0.37,17912.05,15762.6,2149.45,24181.27,Completed
ORD-SLUMP-12637,2024-04-16,2024-04,CUST-1062,PROD-110,EMP-1007,REG-01,Retail Store,4,3230.02,0.24,9819.26,8640.95,1178.31,13256.0,Completed
ORD-SLUMP-12638,2024-04-16,2024-04,CUST-1141,PROD-104,EMP-1007,REG-01,Enterprise Partner,3,3156.78,0.37,5966.31,5250.35,715.96,8054.52,Completed
ORD-SLUMP-12639,2024-04-16,2024-04,CUST-1170,PROD-106,EMP-1025,REG-03,Enterprise Partner,1,1716.93,0.2,1373.54,1208.72,164.82,1854.28,Completed
ORD-SLUMP-12640,2024-04-17,2024-04,CUST-1039,PROD-107,EMP-1014,REG-03,Field Sales,2,2193.48,0.33,2939.26,2586.55,352.71,3968.0,Completed
ORD-SLUMP-12641,2024-04-17,2024-04,CUST-1108,PROD-105,EMP-1003,REG-05,Direct Online,2,3259.69,0.37,4107.21,3614.34,492.87,5544.73,Completed
ORD-SLUMP-12642,2024-04-17,2024-04,CUST-1156,PROD-107,EMP-1016,REG-01,Enterprise Partner,6,1243.05,0.4,4474.98,3937.98,537.0,6041.22,Completed
ORD-SLUMP-12643,2024-04-17,2024-04,CUST-1037,PROD-113,EMP-1016,REG-05,Enterprise Partner,5,1944.36,0.39,5930.3,5218.66,711.64,8005.91,Completed
ORD-SLUMP-12644,2024-04-17,2024-04,CUST-1053,PROD-101,EMP-1006,REG-01,Retail Store,1,2254.24,0.36,1442.71,1269.58,173.13,1947.66,Completed
ORD-SLUMP-12645,2024-04-18,2024-04,CUST-1040,PROD-103,EMP-1019,REG-01,Retail Store,2,1370.98,0.38,1700.02,1496.02,204.0,2295.03,Completed
ORD-SLUMP-12646,2024-04-18,2024-04,CUST-1153,PROD-113,EMP-1024,REG-04,Retail Store,1,993.38,0.34,655.63,576.95,78.68,885.1,Completed
ORD-SLUMP-12647,2024-04-18,2024-04,CUST-1284,PROD-107,EMP-1010,REG-03,Field Sales,1,1974.38,0.37,1243.86,1094.6,149.26,1679.21,Completed
ORD-SLUMP-12648,2024-04-18,2024-04,CUST-1011,PROD-112,EMP-1025,REG-02,Direct Online,3,3456.83,0.35,6740.82,5931.92,808.9,9100.11,Completed
ORD-SLUMP-12649,2024-04-18,2024-04,CUST-1216,PROD-108,EMP-1025,REG-04,Direct Online,3,3696.16,0.39,6763.97,5952.29,811.68,9131.36,Completed
ORD-SLUMP-12650,2024-04-19,2024-04,CUST-1154,PROD-113,EMP-1029,REG-01,Direct Online,4,3142.65,0.4,7542.36,6637.28,905.08,10182.19,Completed
ORD-SLUMP-12651,2024-04-19,2024-04,CUST-1081,PROD-104,EMP-1010,REG-01,Retail Store,6,2328.11,0.21,11035.24,9711.01,1324.23,14897.57,Completed
ORD-SLUMP-12652,2024-04-19,2024-04,CUST-1174,PROD-103,EMP-1012,REG-02,Direct Online,2,4027.44,0.26,5960.61,5245.34,715.27,8046.82,Completed
ORD-SLUMP-12653,2024-04-19,2024-04,CUST-1026,PROD-117,EMP-1011,REG-03,Direct Online,4,4002.83,0.36,10247.24,9017.57,1229.67,13833.77,Completed
ORD-SLUMP-12654,2024-04-19,2024-04,CUST-1040,PROD-114,EMP-1012,REG-05,Retail Store,4,2935.28,0.3,8218.78,7232.53,986.25,11095.35,Completed
ORD-SLUMP-12655,2024-04-20,2024-04,CUST-1284,PROD-117,EMP-1027,REG-03,Direct Online,2,910.51,0.29,1292.92,1137.77,155.15,1745.44,Completed
ORD-SLUMP-12656,2024-04-20,2024-04,CUST-1148,PROD-103,EMP-1001,REG-04,Retail Store,3,2509.86,0.35,4894.23,4306.92,587.31,6607.21,Completed
ORD-SLUMP-12657,2024-04-20,2024-04,CUST-1155,PROD-114,EMP-1028,REG-02,Retail Store,4,1784.3,0.25,5352.9,4710.55,642.35,7226.42,Completed
ORD-SLUMP-12658,2024-04-20,2024-04,CUST-1205,PROD-116,EMP-1014,REG-04,Field Sales,2,1038.15,0.3,1453.41,1279.0,174.41,1962.1,Completed
ORD-SLUMP-12659,2024-04-20,2024-04,CUST-1047,PROD-101,EMP-1010,REG-04,Direct Online,7,2680.31,0.39,11444.92,10071.53,1373.39,15450.64,Completed
ORD-SLUMP-12660,2024-04-20,2024-04,CUST-1206,PROD-105,EMP-1013,REG-05,Field Sales,6,928.42,0.39,3398.02,2990.26,407.76,4587.33,Completed
ORD-SLUMP-12661,2024-04-20,2024-04,CUST-1274,PROD-106,EMP-1021,REG-05,Retail Store,7,4232.61,0.39,18073.24,15904.45,2168.79,24398.87,Completed
ORD-SLUMP-12662,2024-04-20,2024-04,CUST-1238,PROD-118,EMP-1003,REG-04,Enterprise Partner,4,3154.59,0.28,9085.22,7994.99,1090.23,12265.05,Completed
ORD-SLUMP-12663,2024-04-20,2024-04,CUST-1092,PROD-114,EMP-1026,REG-05,Enterprise Partner,2,3886.31,0.39,4741.3,4172.34,568.96,6400.76,Completed
ORD-SLUMP-12664,2024-04-21,2024-04,CUST-1182,PROD-117,EMP-1027,REG-04,Retail Store,3,1147.4,0.31,2375.12,2090.11,285.01,3206.41,Completed
ORD-SLUMP-12665,2024-04-21,2024-04,CUST-1024,PROD-109,EMP-1024,REG-05,Direct Online,7,3618.94,0.34,16719.5,14713.16,2006.34,22571.32,Completed
ORD-SLUMP-12666,2024-04-21,2024-04,CUST-1232,PROD-111,EMP-1001,REG-02,Enterprise Partner,3,2951.13,0.24,6728.58,5921.15,807.43,9083.58,Completed
ORD-SLUMP-12667,2024-04-22,2024-04,CUST-1109,PROD-110,EMP-1015,REG-02,Retail Store,4,3306.68,0.25,9920.04,8729.64,1190.4,13392.05,Completed
ORD-SLUMP-12668,2024-04-22,2024-04,CUST-1217,PROD-108,EMP-1007,REG-03,Retail Store,7,3688.37,0.35,16782.08,14768.23,2013.85,22655.81,Completed
ORD-SLUMP-12669,2024-04-22,2024-04,CUST-1260,PROD-118,EMP-1028,REG-03,Retail Store,3,4166.34,0.22,9749.24,8579.33,1169.91,13161.47,Completed
ORD-SLUMP-12670,2024-04-23,2024-04,CUST-1258,PROD-106,EMP-1010,REG-01,Enterprise Partner,3,2254.62,0.27,4937.62,4345.11,592.51,6665.79,Completed
ORD-SLUMP-12671,2024-04-23,2024-04,CUST-1022,PROD-113,EMP-1002,REG-02,Field Sales,3,2297.15,0.22,5375.33,4730.29,645.04,7256.7,Completed
ORD-SLUMP-12672,2024-04-23,2024-04,CUST-1246,PROD-118,EMP-1007,REG-04,Enterprise Partner,6,1803.53,0.23,8332.31,7332.43,999.88,11248.62,Completed
ORD-SLUMP-12673,2024-04-23,2024-04,CUST-1176,PROD-114,EMP-1012,REG-02,Field Sales,2,4312.09,0.27,6295.65,5540.17,755.48,8499.13,Completed
ORD-SLUMP-12674,2024-04-23,2024-04,CUST-1296,PROD-101,EMP-1012,REG-04,Retail Store,7,2075.09,0.36,9296.4,8180.83,1115.57,12550.14,Completed
ORD-SLUMP-12675,2024-04-23,2024-04,CUST-1071,PROD-103,EMP-1009,REG-02,Retail Store,5,2386.06,0.37,7516.09,6614.16,901.93,10146.72,Completed
ORD-SLUMP-12676,2024-04-23,2024-04,CUST-1084,PROD-117,EMP-1026,REG-05,Enterprise Partner,3,3996.87,0.21,9472.58,8335.87,1136.71,12787.98,Completed
ORD-SLUMP-12677,2024-04-24,2024-04,CUST-1218,PROD-108,EMP-1012,REG-01,Retail Store,6,1238.14,0.36,4754.46,4183.92,570.54,6418.52,Completed
ORD-SLUMP-12678,2024-04-24,2024-04,CUST-1024,PROD-111,EMP-1010,REG-02,Retail Store,5,1086.97,0.22,4239.18,3730.48,508.7,5722.89,Completed
ORD-SLUMP-12679,2024-04-24,2024-04,CUST-1190,PROD-117,EMP-1003,REG-02,Retail Store,1,1553.19,0.23,1195.96,1052.44,143.52,1614.55,Completed
ORD-SLUMP-12680,2024-04-24,2024-04,CUST-1218,PROD-119,EMP-1008,REG-01,Enterprise Partner,1,1356.95,0.37,854.88,752.29,102.59,1154.09,Completed
ORD-SLUMP-12681,2024-04-25,2024-04,CUST-1178,PROD-109,EMP-1014,REG-03,Field Sales,2,1179.62,0.33,1580.69,1391.01,189.68,2133.93,Completed
ORD-SLUMP-12682,2024-04-25,2024-04,CUST-1025,PROD-112,EMP-1010,REG-04,Field Sales,3,4394.74,0.22,10283.69,9049.65,1234.04,13882.98,Completed
ORD-SLUMP-12683,2024-04-25,2024-04,CUST-1110,PROD-118,EMP-1007,REG-03,Field Sales,5,3393.39,0.24,12894.88,11347.49,1547.39,17408.09,Completed
ORD-SLUMP-12684,2024-04-26,2024-04,CUST-1110,PROD-111,EMP-1007,REG-01,Direct Online,1,4035.38,0.24,3066.89,2698.86,368.03,4140.3,Completed
ORD-SLUMP-12685,2024-04-26,2024-04,CUST-1090,PROD-107,EMP-1012,REG-01,Enterprise Partner,2,4335.12,0.38,5375.55,4730.48,645.07,7256.99,Completed
ORD-SLUMP-12686,2024-04-26,2024-04,CUST-1062,PROD-109,EMP-1020,REG-05,Direct Online,6,1803.17,0.35,7032.36,6188.48,843.88,9493.69,Completed
ORD-SLUMP-12687,2024-04-27,2024-04,CUST-1015,PROD-103,EMP-1004,REG-05,Direct Online,7,1819.43,0.33,8533.13,7509.15,1023.98,11519.73,Completed
ORD-SLUMP-12688,2024-04-27,2024-04,CUST-1215,PROD-109,EMP-1024,REG-05,Direct Online,6,3315.22,0.38,12332.62,10852.71,1479.91,16649.04,Completed
ORD-SLUMP-12689,2024-04-27,2024-04,CUST-1269,PROD-116,EMP-1002,REG-01,Enterprise Partner,2,2724.26,0.23,4195.36,3691.92,503.44,5663.74,Completed
ORD-SLUMP-12690,2024-04-27,2024-04,CUST-1206,PROD-116,EMP-1027,REG-05,Retail Store,7,1708.05,0.25,8967.26,7891.19,1076.07,12105.8,Completed
ORD-SLUMP-12691,2024-04-27,2024-04,CUST-1002,PROD-115,EMP-1004,REG-04,Field Sales,7,2331.27,0.21,12891.92,11344.89,1547.03,17404.09,Completed
ORD-SLUMP-12692,2024-04-28,2024-04,CUST-1084,PROD-115,EMP-1023,REG-03,Enterprise Partner,7,3113.27,0.3,15255.02,13424.42,1830.6,20594.28,Completed
ORD-SLUMP-12693,2024-04-28,2024-04,CUST-1027,PROD-114,EMP-1029,REG-04,Retail Store,7,3109.54,0.29,15454.41,13599.88,1854.53,20863.45,Completed
ORD-SLUMP-12694,2024-04-28,2024-04,CUST-1202,PROD-104,EMP-1028,REG-02,Direct Online,1,4295.28,0.32,2920.79,2570.3,350.49,3943.07,Completed
ORD-SLUMP-12695,2024-04-28,2024-04,CUST-1191,PROD-113,EMP-1022,REG-03,Field Sales,1,3707.67,0.38,2298.76,2022.91,275.85,3103.33,Completed
ORD-SLUMP-12696,2024-04-28,2024-04,CUST-1280,PROD-110,EMP-1021,REG-03,Direct Online,3,1243.3,0.37,2349.84,2067.86,281.98,3172.28,Completed
ORD-SLUMP-12697,2024-04-28,2024-04,CUST-1110,PROD-114,EMP-1014,REG-02,Retail Store,5,3744.26,0.29,13292.12,11697.07,1595.05,17944.36,Completed
ORD-SLUMP-12698,2024-04-28,2024-04,CUST-1143,PROD-119,EMP-1004,REG-03,Retail Store,2,2182.45,0.21,3448.27,3034.48,413.79,4655.16,Completed
ORD-SLUMP-12699,2024-04-28,2024-04,CUST-1069,PROD-111,EMP-1017,REG-02,Direct Online,2,931.05,0.38,1154.5,1015.96,138.54,1558.58,Completed
ORD-SLUMP-12700,2024-04-28,2024-04,CUST-1120,PROD-103,EMP-1016,REG-05,Field Sales,4,2605.43,0.35,6774.12,5961.23,812.89,9145.06,Completed
ORD-SLUMP-12701,2024-04-28,2024-04,CUST-1178,PROD-111,EMP-1027,REG-04,Direct Online,3,2015.24,0.26,4473.83,3936.97,536.86,6039.67,Completed
ORD-SLUMP-12702,2024-04-28,2024-04,CUST-1048,PROD-113,EMP-1021,REG-04,Direct Online,7,2415.02,0.39,10312.14,9074.68,1237.46,13921.39,Completed
ORD-SLUMP-12703,2024-04-28,2024-04,CUST-1263,PROD-115,EMP-1010,REG-01,Direct Online,6,3402.06,0.23,15717.52,13831.42,1886.1,21218.65,Completed
ORD-SLUMP-12704,2024-04-29,2024-04,CUST-1080,PROD-109,EMP-1017,REG-01,Retail Store,3,1195.46,0.22,2797.38,2461.69,335.69,3776.46,Completed
ORD-SLUMP-12705,2024-04-29,2024-04,CUST-1102,PROD-105,EMP-1028,REG-01,Field Sales,2,3884.68,0.29,5516.25,4854.3,661.95,7446.94,Completed
ORD-SLUMP-12706,2024-04-29,2024-04,CUST-1186,PROD-112,EMP-1022,REG-01,Field Sales,3,2978.34,0.28,6433.21,5661.22,771.99,8684.83,Completed
ORD-SLUMP-12707,2024-04-29,2024-04,CUST-1266,PROD-101,EMP-1011,REG-04,Enterprise Partner,7,869.6,0.3,4261.04,3749.72,511.32,5752.4,Completed
ORD-SLUMP-12708,2024-04-30,2024-04,CUST-1244,PROD-113,EMP-1008,REG-05,Enterprise Partner,5,1482.64,0.31,5115.11,4501.3,613.81,6905.4,Completed
ORD-SLUMP-12709,2024-04-30,2024-04,CUST-1043,PROD-118,EMP-1014,REG-01,Retail Store,6,3731.75,0.24,17016.78,14974.77,2042.01,22972.65,Completed
ORD-SLUMP-12710,2024-04-30,2024-04,CUST-1269,PROD-107,EMP-1008,REG-05,Field Sales,7,1786.3,0.21,9878.24,8692.85,1185.39,13335.62,Completed
ORD-SLUMP-12711,2024-04-30,2024-04,CUST-1134,PROD-107,EMP-1020,REG-02,Retail Store,7,2950.86,0.24,15698.58,13814.75,1883.83,21193.08,Completed
ORD-SLUMP-12712,2024-04-30,2024-04,CUST-1093,PROD-115,EMP-1016,REG-01,Enterprise Partner,5,1796.55,0.3,6287.92,5533.37,754.55,8488.69,Completed
ORD-SLUMP-12713,2024-05-01,2024-05,CUST-1173,PROD-103,EMP-1024,REG-02,Enterprise Partner,7,2893.53,0.38,12557.92,11050.97,1506.95,16953.19,Completed
ORD-SLUMP-12714,2024-05-01,2024-05,CUST-1220,PROD-118,EMP-1025,REG-02,Enterprise Partner,5,2569.62,0.37,8094.3,7122.98,971.32,10927.3,Completed
ORD-SLUMP-12715,2024-05-01,2024-05,CUST-1021,PROD-117,EMP-1021,REG-01,Enterprise Partner,6,1512.17,0.3,6351.11,5588.98,762.13,8574.0,Completed
ORD-SLUMP-12716,2024-05-01,2024-05,CUST-1164,PROD-112,EMP-1016,REG-02,Field Sales,5,1161.6,0.22,4530.24,3986.61,543.63,6115.82,Completed
ORD-SLUMP-12717,2024-05-02,2024-05,CUST-1123,PROD-113,EMP-1009,REG-02,Direct Online,6,2455.66,0.29,10461.11,9205.78,1255.33,14122.5,Completed
ORD-SLUMP-12718,2024-05-02,2024-05,CUST-1294,PROD-118,EMP-1007,REG-03,Enterprise Partner,2,1320.45,0.2,2112.72,1859.19,253.53,2852.17,Completed
ORD-SLUMP-12719,2024-05-02,2024-05,CUST-1130,PROD-115,EMP-1010,REG-01,Enterprise Partner,3,2238.17,0.34,4431.58,3899.79,531.79,5982.63,Completed
ORD-SLUMP-12720,2024-05-02,2024-05,CUST-1231,PROD-118,EMP-1012,REG-02,Field Sales,7,3113.58,0.21,17218.1,15151.93,2066.17,23244.44,Completed
ORD-SLUMP-12721,2024-05-02,2024-05,CUST-1184,PROD-110,EMP-1011,REG-05,Enterprise Partner,2,3897.42,0.2,6235.87,5487.57,748.3,8418.42,Completed
ORD-SLUMP-12722,2024-05-02,2024-05,CUST-1208,PROD-107,EMP-1016,REG-02,Field Sales,1,850.32,0.24,646.24,568.69,77.55,872.42,Completed
ORD-SLUMP-12723,2024-05-02,2024-05,CUST-1090,PROD-110,EMP-1019,REG-03,Enterprise Partner,6,2593.56,0.37,9803.66,8627.22,1176.44,13234.94,Completed
ORD-SLUMP-12724,2024-05-02,2024-05,CUST-1285,PROD-104,EMP-1025,REG-01,Direct Online,4,2729.04,0.26,8077.96,7108.6,969.36,10905.25,Completed
ORD-SLUMP-12725,2024-05-02,2024-05,CUST-1281,PROD-111,EMP-1007,REG-03,Retail Store,4,4235.29,0.28,12197.64,10733.92,1463.72,16466.81,Completed
ORD-SLUMP-12726,2024-05-02,2024-05,CUST-1244,PROD-117,EMP-1006,REG-03,Enterprise Partner,2,2831.26,0.3,3963.76,3488.11,475.65,5351.08,Completed
ORD-SLUMP-12727,2024-05-02,2024-05,CUST-1009,PROD-105,EMP-1017,REG-01,Retail Store,2,1855.58,0.28,2672.04,2351.4,320.64,3607.25,Completed
ORD-SLUMP-12728,2024-05-03,2024-05,CUST-1113,PROD-105,EMP-1006,REG-05,Direct Online,4,1838.31,0.25,5514.93,4853.14,661.79,7445.16,Completed
ORD-SLUMP-12729,2024-05-03,2024-05,CUST-1265,PROD-113,EMP-1009,REG-05,Retail Store,1,4173.36,0.32,2837.88,2497.33,340.55,3831.14,Completed
ORD-SLUMP-12730,2024-05-03,2024-05,CUST-1079,PROD-104,EMP-1020,REG-04,Direct Online,2,2509.43,0.3,3513.2,3091.62,421.58,4742.82,Completed
ORD-SLUMP-12731,2024-05-03,2024-05,CUST-1095,PROD-107,EMP-1009,REG-01,Retail Store,5,1486.07,0.34,4904.03,4315.55,588.48,6620.44,Completed
ORD-SLUMP-12732,2024-05-03,2024-05,CUST-1077,PROD-114,EMP-1019,REG-02,Field Sales,1,1239.7,0.34,818.2,720.02,98.18,1104.57,Completed
ORD-SLUMP-12733,2024-05-03,2024-05,CUST-1196,PROD-109,EMP-1019,REG-02,Enterprise Partner,4,4150.07,0.32,11288.19,9933.61,1354.58,15239.06,Completed
ORD-SLUMP-12734,2024-05-03,2024-05,CUST-1056,PROD-115,EMP-1004,REG-01,Field Sales,3,3475.87,0.27,7612.16,6698.7,913.46,10276.42,Completed
ORD-SLUMP-12735,2024-05-04,2024-05,CUST-1216,PROD-106,EMP-1003,REG-04,Direct Online,7,1510.74,0.36,6768.12,5955.95,812.17,9136.96,Completed
ORD-SLUMP-12736,2024-05-04,2024-05,CUST-1169,PROD-109,EMP-1001,REG-05,Direct Online,6,1311.81,0.21,6217.98,5471.82,746.16,8394.27,Completed
ORD-SLUMP-12737,2024-05-04,2024-05,CUST-1174,PROD-106,EMP-1009,REG-02,Retail Store,6,1166.7,0.21,5530.16,4866.54,663.62,7465.72,Completed
ORD-SLUMP-12738,2024-05-04,2024-05,CUST-1274,PROD-107,EMP-1005,REG-03,Retail Store,3,3158.08,0.22,7389.91,6503.12,886.79,9976.38,Completed
ORD-SLUMP-12739,2024-05-04,2024-05,CUST-1118,PROD-118,EMP-1016,REG-03,Retail Store,7,3984.57,0.27,20361.15,17917.81,2443.34,27487.55,Completed
ORD-SLUMP-12740,2024-05-04,2024-05,CUST-1159,PROD-102,EMP-1006,REG-02,Enterprise Partner,2,1528.98,0.28,2201.73,1937.52,264.21,2972.34,Completed
ORD-SLUMP-12741,2024-05-04,2024-05,CUST-1086,PROD-107,EMP-1023,REG-02,Field Sales,6,1348.9,0.26,5989.12,5270.43,718.69,8085.31,Completed
ORD-SLUMP-12742,2024-05-04,2024-05,CUST-1028,PROD-104,EMP-1026,REG-04,Direct Online,6,2774.98,0.25,12487.41,10988.92,1498.49,16858.0,Completed
ORD-SLUMP-12743,2024-05-05,2024-05,CUST-1110,PROD-104,EMP-1010,REG-04,Retail Store,6,2642.95,0.31,10941.81,9628.79,1313.02,14771.44,Completed
ORD-SLUMP-12744,2024-05-05,2024-05,CUST-1151,PROD-119,EMP-1007,REG-01,Direct Online,3,4286.5,0.32,8744.46,7695.12,1049.34,11805.02,Completed
ORD-SLUMP-12745,2024-05-05,2024-05,CUST-1152,PROD-105,EMP-1025,REG-05,Retail Store,2,3470.82,0.32,4720.32,4153.88,566.44,6372.43,Completed
ORD-SLUMP-12746,2024-05-06,2024-05,CUST-1196,PROD-117,EMP-1019,REG-02,Enterprise Partner,3,1817.13,0.26,4034.03,3549.95,484.08,5445.94,Completed
ORD-SLUMP-12747,2024-05-06,2024-05,CUST-1032,PROD-109,EMP-1019,REG-04,Enterprise Partner,1,2426.77,0.22,1892.88,1665.73,227.15,2555.39,Completed
ORD-SLUMP-12748,2024-05-06,2024-05,CUST-1184,PROD-119,EMP-1027,REG-05,Direct Online,1,2670.36,0.33,1789.14,1574.44,214.7,2415.34,Completed
ORD-SLUMP-12749,2024-05-07,2024-05,CUST-1255,PROD-115,EMP-1010,REG-02,Direct Online,7,1645.33,0.31,7946.94,6993.31,953.63,10728.37,Completed
ORD-SLUMP-12750,2024-05-07,2024-05,CUST-1221,PROD-116,EMP-1004,REG-01,Direct Online,5,2101.29,0.34,6934.26,6102.15,832.11,9361.25,Completed
ORD-SLUMP-12751,2024-05-07,2024-05,CUST-1039,PROD-112,EMP-1018,REG-04,Direct Online,5,3885.0,0.23,14957.25,13162.38,1794.87,20192.29,Completed
ORD-SLUMP-12752,2024-05-07,2024-05,CUST-1000,PROD-115,EMP-1008,REG-01,Retail Store,2,4492.14,0.33,6019.47,5297.13,722.34,8126.28,Completed
ORD-SLUMP-12753,2024-05-07,2024-05,CUST-1289,PROD-101,EMP-1019,REG-02,Retail Store,7,924.52,0.33,4336.0,3815.68,520.32,5853.6,Completed
ORD-SLUMP-12754,2024-05-08,2024-05,CUST-1105,PROD-119,EMP-1024,REG-01,Enterprise Partner,2,1815.11,0.23,2795.27,2459.84,335.43,3773.61,Completed
ORD-SLUMP-12755,2024-05-08,2024-05,CUST-1203,PROD-104,EMP-1006,REG-05,Enterprise Partner,3,3938.61,0.21,9334.51,8214.37,1120.14,12601.59,Completed
ORD-SLUMP-12756,2024-05-08,2024-05,CUST-1251,PROD-107,EMP-1025,REG-03,Direct Online,2,2968.99,0.21,4691.0,4128.08,562.92,6332.85,Completed
ORD-SLUMP-12757,2024-05-08,2024-05,CUST-1108,PROD-117,EMP-1006,REG-04,Direct Online,7,2009.1,0.3,9844.59,8663.24,1181.35,13290.2,Completed
ORD-SLUMP-12758,2024-05-08,2024-05,CUST-1064,PROD-109,EMP-1011,REG-02,Field Sales,6,2772.64,0.4,9981.5,8783.72,1197.78,13475.03,Completed
ORD-SLUMP-12759,2024-05-08,2024-05,CUST-1019,PROD-109,EMP-1007,REG-03,Field Sales,1,2309.73,0.26,1709.2,1504.1,205.1,2307.42,Completed
ORD-SLUMP-12760,2024-05-08,2024-05,CUST-1188,PROD-103,EMP-1012,REG-05,Field Sales,2,2876.94,0.39,3509.87,3088.69,421.18,4738.32,Completed
ORD-SLUMP-12761,2024-05-09,2024-05,CUST-1278,PROD-119,EMP-1006,REG-03,Enterprise Partner,4,1701.45,0.38,4219.6,3713.25,506.35,5696.46,Completed
ORD-SLUMP-12762,2024-05-09,2024-05,CUST-1017,PROD-116,EMP-1027,REG-01,Direct Online,7,926.09,0.32,4408.19,3879.21,528.98,5951.06,Completed
ORD-SLUMP-12763,2024-05-09,2024-05,CUST-1231,PROD-102,EMP-1021,REG-01,Field Sales,5,4291.88,0.2,17167.52,15107.42,2060.1,23176.15,Completed
ORD-SLUMP-12764,2024-05-09,2024-05,CUST-1138,PROD-108,EMP-1014,REG-05,Retail Store,4,4445.7,0.22,13870.58,12206.11,1664.47,18725.28,Completed
ORD-SLUMP-12765,2024-05-09,2024-05,CUST-1078,PROD-115,EMP-1022,REG-02,Field Sales,6,2100.24,0.28,9073.04,7984.28,1088.76,12248.6,Completed
ORD-SLUMP-12766,2024-05-10,2024-05,CUST-1281,PROD-104,EMP-1005,REG-04,Retail Store,6,3973.9,0.33,15975.08,14058.07,1917.01,21566.36,Completed
ORD-SLUMP-12767,2024-05-10,2024-05,CUST-1130,PROD-104,EMP-1024,REG-03,Direct Online,2,1531.13,0.25,2296.7,2021.1,275.6,3100.54,Completed
ORD-SLUMP-12768,2024-05-10,2024-05,CUST-1187,PROD-102,EMP-1025,REG-05,Retail Store,3,3299.18,0.22,7720.08,6793.67,926.41,10422.11,Completed
ORD-SLUMP-12769,2024-05-10,2024-05,CUST-1072,PROD-105,EMP-1022,REG-02,Direct Online,3,1565.31,0.38,2911.48,2562.1,349.38,3930.5,Completed
ORD-SLUMP-12770,2024-05-10,2024-05,CUST-1003,PROD-108,EMP-1002,REG-02,Retail Store,5,2880.89,0.22,11235.47,9887.21,1348.26,15167.88,Completed
ORD-SLUMP-12771,2024-05-10,2024-05,CUST-1055,PROD-110,EMP-1017,REG-03,Field Sales,5,3666.75,0.26,13566.98,11938.94,1628.04,18315.42,Completed
ORD-SLUMP-12772,2024-05-10,2024-05,CUST-1023,PROD-115,EMP-1011,REG-03,Direct Online,4,2452.05,0.35,6375.33,5610.29,765.04,8606.7,Completed
ORD-SLUMP-12773,2024-05-10,2024-05,CUST-1257,PROD-115,EMP-1026,REG-03,Direct Online,6,1745.63,0.26,7750.6,6820.53,930.07,10463.31,Completed
ORD-SLUMP-12774,2024-05-10,2024-05,CUST-1109,PROD-104,EMP-1027,REG-03,Enterprise Partner,2,3099.64,0.21,4897.43,4309.74,587.69,6611.53,Completed
ORD-SLUMP-12775,2024-05-11,2024-05,CUST-1016,PROD-117,EMP-1029,REG-05,Direct Online,3,4284.25,0.37,8097.23,7125.56,971.67,10931.26,Completed
ORD-SLUMP-12776,2024-05-11,2024-05,CUST-1000,PROD-107,EMP-1009,REG-02,Enterprise Partner,3,2438.38,0.3,5120.6,4506.13,614.47,6912.81,Completed
ORD-SLUMP-12777,2024-05-11,2024-05,CUST-1131,PROD-113,EMP-1007,REG-02,Retail Store,2,3662.95,0.26,5421.17,4770.63,650.54,7318.58,Completed
ORD-SLUMP-12778,2024-05-11,2024-05,CUST-1273,PROD-116,EMP-1027,REG-05,Field Sales,6,2434.41,0.29,10370.59,9126.12,1244.47,14000.3,Completed
ORD-SLUMP-12779,2024-05-12,2024-05,CUST-1025,PROD-103,EMP-1011,REG-01,Enterprise Partner,6,1520.7,0.39,5565.76,4897.87,667.89,7513.78,Completed
ORD-SLUMP-12780,2024-05-12,2024-05,CUST-1017,PROD-105,EMP-1006,REG-02,Enterprise Partner,6,1606.17,0.21,7613.25,6699.66,913.59,10277.89,Completed
ORD-SLUMP-12781,2024-05-12,2024-05,CUST-1175,PROD-115,EMP-1003,REG-05,Direct Online,5,3317.6,0.26,12275.12,10802.11,1473.01,16571.41,Completed
ORD-SLUMP-12782,2024-05-12,2024-05,CUST-1064,PROD-118,EMP-1005,REG-04,Field Sales,6,3245.07,0.4,11682.25,10280.38,1401.87,15771.04,Completed
ORD-SLUMP-12783,2024-05-12,2024-05,CUST-1184,PROD-115,EMP-1011,REG-01,Field Sales,6,3459.45,0.21,16397.79,14430.06,1967.73,22137.02,Completed
ORD-SLUMP-12784,2024-05-13,2024-05,CUST-1061,PROD-107,EMP-1029,REG-03,Enterprise Partner,4,4369.1,0.26,12932.54,11380.64,1551.9,17458.93,Completed
ORD-SLUMP-12785,2024-05-13,2024-05,CUST-1083,PROD-117,EMP-1018,REG-01,Direct Online,3,2374.04,0.29,5056.71,4449.9,606.81,6826.56,Completed
ORD-SLUMP-12786,2024-05-13,2024-05,CUST-1130,PROD-106,EMP-1011,REG-03,Field Sales,4,858.92,0.31,2370.62,2086.15,284.47,3200.34,Completed
ORD-SLUMP-12787,2024-05-13,2024-05,CUST-1183,PROD-114,EMP-1023,REG-01,Field Sales,7,1967.76,0.3,9642.02,8484.98,1157.04,13016.73,Completed
ORD-SLUMP-12788,2024-05-13,2024-05,CUST-1104,PROD-112,EMP-1019,REG-02,Retail Store,5,2025.06,0.38,6277.69,5524.37,753.32,8474.88,Completed
ORD-SLUMP-12789,2024-05-14,2024-05,CUST-1108,PROD-104,EMP-1012,REG-03,Direct Online,7,4145.36,0.39,17700.69,15576.61,2124.08,23895.93,Completed
ORD-SLUMP-12790,2024-05-14,2024-05,CUST-1232,PROD-118,EMP-1006,REG-05,Direct Online,4,3215.23,0.22,10031.52,8827.74,1203.78,13542.55,Completed
ORD-SLUMP-12791,2024-05-14,2024-05,CUST-1045,PROD-109,EMP-1019,REG-05,Retail Store,3,2947.2,0.31,6100.7,5368.62,732.08,8235.94,Completed
ORD-SLUMP-12792,2024-05-14,2024-05,CUST-1233,PROD-117,EMP-1019,REG-02,Retail Store,4,2499.5,0.22,7798.44,6862.63,935.81,10527.89,Completed
ORD-SLUMP-12793,2024-05-14,2024-05,CUST-1016,PROD-114,EMP-1019,REG-04,Field Sales,3,1598.5,0.25,3596.62,3165.03,431.59,4855.44,Completed
ORD-SLUMP-12794,2024-05-14,2024-05,CUST-1091,PROD-104,EMP-1004,REG-05,Field Sales,3,817.85,0.39,1496.67,1317.07,179.6,2020.5,Completed
ORD-SLUMP-12795,2024-05-15,2024-05,CUST-1133,PROD-118,EMP-1028,REG-04,Field Sales,6,1044.84,0.38,3886.8,3420.38,466.42,5247.18,Completed
ORD-SLUMP-12796,2024-05-15,2024-05,CUST-1013,PROD-119,EMP-1012,REG-01,Direct Online,6,1455.24,0.31,6024.69,5301.73,722.96,8133.33,Completed
ORD-SLUMP-12797,2024-05-16,2024-05,CUST-1046,PROD-107,EMP-1027,REG-01,Direct Online,2,2711.16,0.3,3795.62,3340.15,455.47,5124.09,Completed
ORD-SLUMP-12798,2024-05-16,2024-05,CUST-1116,PROD-111,EMP-1005,REG-04,Retail Store,3,4340.69,0.4,7813.24,6875.65,937.59,10547.87,Completed
ORD-SLUMP-12799,2024-05-16,2024-05,CUST-1249,PROD-109,EMP-1005,REG-03,Enterprise Partner,4,4235.18,0.34,11180.88,9839.17,1341.71,15094.19,Completed
ORD-SLUMP-12800,2024-05-16,2024-05,CUST-1210,PROD-101,EMP-1025,REG-03,Direct Online,4,4145.95,0.31,11442.82,10069.68,1373.14,15447.81,Completed
ORD-SLUMP-12801,2024-05-17,2024-05,CUST-1029,PROD-113,EMP-1012,REG-03,Direct Online,2,2619.91,0.2,4191.86,3688.84,503.02,5659.01,Completed
ORD-SLUMP-12802,2024-05-17,2024-05,CUST-1241,PROD-110,EMP-1026,REG-01,Retail Store,1,3945.92,0.26,2919.98,2569.58,350.4,3941.97,Completed
ORD-SLUMP-12803,2024-05-17,2024-05,CUST-1078,PROD-110,EMP-1009,REG-02,Enterprise Partner,3,3831.38,0.25,8620.6,7586.13,1034.47,11637.81,Completed
ORD-SLUMP-12804,2024-05-17,2024-05,CUST-1078,PROD-106,EMP-1022,REG-03,Field Sales,5,4136.69,0.35,13444.24,11830.93,1613.31,18149.72,Completed
ORD-SLUMP-12805,2024-05-18,2024-05,CUST-1125,PROD-115,EMP-1002,REG-03,Direct Online,6,3137.12,0.38,11670.09,10269.68,1400.41,15754.62,Completed
ORD-SLUMP-12806,2024-05-18,2024-05,CUST-1235,PROD-103,EMP-1019,REG-05,Field Sales,3,2136.11,0.31,4421.75,3891.14,530.61,5969.36,Completed
ORD-SLUMP-12807,2024-05-18,2024-05,CUST-1068,PROD-116,EMP-1008,REG-05,Field Sales,5,3911.36,0.27,14276.46,12563.28,1713.18,19273.22,Completed
ORD-SLUMP-12808,2024-05-18,2024-05,CUST-1259,PROD-119,EMP-1016,REG-03,Field Sales,7,2146.74,0.36,9617.4,8463.31,1154.09,12983.49,Completed
ORD-SLUMP-12809,2024-05-18,2024-05,CUST-1126,PROD-116,EMP-1026,REG-03,Retail Store,3,2641.44,0.25,5943.24,5230.05,713.19,8023.37,Completed
ORD-SLUMP-12810,2024-05-18,2024-05,CUST-1185,PROD-118,EMP-1001,REG-04,Field Sales,4,4401.36,0.26,13028.03,11464.67,1563.36,17587.84,Completed
ORD-SLUMP-12811,2024-05-19,2024-05,CUST-1271,PROD-101,EMP-1014,REG-01,Retail Store,2,2901.92,0.29,4120.73,3626.24,494.49,5562.99,Completed
ORD-SLUMP-12812,2024-05-19,2024-05,CUST-1261,PROD-105,EMP-1029,REG-02,Direct Online,3,2592.07,0.34,5132.3,4516.42,615.88,6928.6,Completed
ORD-SLUMP-12813,2024-05-19,2024-05,CUST-1095,PROD-119,EMP-1005,REG-03,Enterprise Partner,3,1398.71,0.39,2559.64,2252.48,307.16,3455.51,Completed
ORD-SLUMP-12814,2024-05-19,2024-05,CUST-1010,PROD-104,EMP-1026,REG-05,Direct Online,4,1015.93,0.35,2641.42,2324.45,316.97,3565.92,Completed
ORD-SLUMP-12815,2024-05-19,2024-05,CUST-1088,PROD-107,EMP-1021,REG-03,Enterprise Partner,5,3524.47,0.26,13040.54,11475.68,1564.86,17604.73,Completed
ORD-SLUMP-12816,2024-05-20,2024-05,CUST-1200,PROD-105,EMP-1029,REG-03,Enterprise Partner,6,1613.86,0.25,7262.37,6390.89,871.48,9804.2,Completed
ORD-SLUMP-12817,2024-05-20,2024-05,CUST-1089,PROD-105,EMP-1006,REG-02,Field Sales,2,2819.46,0.21,4454.75,3920.18,534.57,6013.91,Completed
ORD-SLUMP-12818,2024-05-20,2024-05,CUST-1193,PROD-118,EMP-1025,REG-04,Enterprise Partner,5,3640.67,0.26,13470.48,11854.02,1616.46,18185.15,Completed
ORD-SLUMP-12819,2024-05-20,2024-05,CUST-1041,PROD-119,EMP-1009,REG-04,Direct Online,4,3606.95,0.3,10099.46,8887.52,1211.94,13634.27,Completed
ORD-SLUMP-12820,2024-05-20,2024-05,CUST-1008,PROD-109,EMP-1024,REG-01,Enterprise Partner,3,4025.71,0.38,7487.82,6589.28,898.54,10108.56,Completed
ORD-SLUMP-12821,2024-05-20,2024-05,CUST-1101,PROD-102,EMP-1003,REG-04,Field Sales,1,1586.82,0.39,967.96,851.8,116.16,1306.75,Completed
ORD-SLUMP-12822,2024-05-20,2024-05,CUST-1141,PROD-119,EMP-1021,REG-01,Direct Online,3,2975.97,0.24,6785.21,5970.98,814.23,9160.03,Completed
ORD-SLUMP-12823,2024-05-21,2024-05,CUST-1281,PROD-118,EMP-1007,REG-04,Retail Store,7,2330.86,0.36,10442.25,9189.18,1253.07,14097.04,Completed
ORD-SLUMP-12824,2024-05-21,2024-05,CUST-1065,PROD-110,EMP-1029,REG-02,Direct Online,1,2961.17,0.36,1895.15,1667.73,227.42,2558.45,Completed
ORD-SLUMP-12825,2024-05-21,2024-05,CUST-1261,PROD-110,EMP-1020,REG-01,Enterprise Partner,7,1137.26,0.37,5015.32,4413.48,601.84,6770.68,Completed
ORD-SLUMP-12826,2024-05-22,2024-05,CUST-1060,PROD-114,EMP-1006,REG-02,Direct Online,7,3212.1,0.31,15514.44,13652.71,1861.73,20944.49,Completed
ORD-SLUMP-12827,2024-05-22,2024-05,CUST-1214,PROD-101,EMP-1008,REG-05,Enterprise Partner,1,1625.5,0.26,1202.87,1058.53,144.34,1623.87,Completed
ORD-SLUMP-12828,2024-05-22,2024-05,CUST-1292,PROD-119,EMP-1029,REG-02,Enterprise Partner,3,1231.01,0.21,2917.49,2567.39,350.1,3938.61,Completed
ORD-SLUMP-12829,2024-05-22,2024-05,CUST-1255,PROD-114,EMP-1027,REG-05,Field Sales,7,3993.16,0.35,18168.88,15988.61,2180.27,24527.99,Completed
ORD-SLUMP-12830,2024-05-23,2024-05,CUST-1126,PROD-115,EMP-1023,REG-03,Enterprise Partner,4,2191.5,0.2,7012.8,6171.26,841.54,9467.28,Completed
ORD-SLUMP-12831,2024-05-23,2024-05,CUST-1130,PROD-102,EMP-1017,REG-03,Field Sales,7,2493.66,0.24,13266.27,11674.32,1591.95,17909.46,Completed
ORD-SLUMP-12832,2024-05-23,2024-05,CUST-1126,PROD-108,EMP-1012,REG-05,Enterprise Partner,4,1363.76,0.23,4200.38,3696.33,504.05,5670.51,Completed
ORD-SLUMP-12833,2024-05-23,2024-05,CUST-1178,PROD-118,EMP-1013,REG-05,Enterprise Partner,5,3334.03,0.21,13169.42,11589.09,1580.33,17778.72,Completed
ORD-SLUMP-12834,2024-05-23,2024-05,CUST-1128,PROD-101,EMP-1027,REG-02,Field Sales,1,808.92,0.22,630.96,555.24,75.72,851.8,Completed
ORD-SLUMP-12835,2024-05-24,2024-05,CUST-1002,PROD-115,EMP-1001,REG-04,Enterprise Partner,2,4490.29,0.23,6915.05,6085.24,829.81,9335.32,Completed
ORD-SLUMP-12836,2024-05-24,2024-05,CUST-1221,PROD-114,EMP-1009,REG-05,Retail Store,6,1387.82,0.22,6495.0,5715.6,779.4,8768.25,Completed
ORD-SLUMP-12837,2024-05-24,2024-05,CUST-1269,PROD-115,EMP-1005,REG-05,Direct Online,7,3782.32,0.31,18268.61,16076.38,2192.23,24662.62,Completed
ORD-SLUMP-12838,2024-05-24,2024-05,CUST-1045,PROD-116,EMP-1021,REG-02,Field Sales,1,3067.9,0.34,2024.81,1781.83,242.98,2733.49,Completed
ORD-SLUMP-12839,2024-05-24,2024-05,CUST-1082,PROD-106,EMP-1025,REG-05,Enterprise Partner,6,1778.82,0.27,7791.23,6856.28,934.95,10518.16,Completed
ORD-SLUMP-12840,2024-05-25,2024-05,CUST-1270,PROD-112,EMP-1005,REG-02,Direct Online,5,1913.69,0.21,7559.08,6651.99,907.09,10204.76,Completed
ORD-SLUMP-12841,2024-05-25,2024-05,CUST-1194,PROD-108,EMP-1001,REG-03,Retail Store,5,2604.38,0.25,9766.43,8594.46,1171.97,13184.68,Completed
ORD-SLUMP-12842,2024-05-25,2024-05,CUST-1199,PROD-119,EMP-1022,REG-03,Retail Store,5,937.4,0.25,3515.25,3093.42,421.83,4745.59,Completed
ORD-SLUMP-12843,2024-05-25,2024-05,CUST-1012,PROD-112,EMP-1020,REG-03,Direct Online,3,2929.05,0.24,6678.23,5876.84,801.39,9015.61,Completed
ORD-SLUMP-12844,2024-05-25,2024-05,CUST-1075,PROD-117,EMP-1029,REG-02,Retail Store,6,4269.22,0.25,19211.49,16906.11,2305.38,25935.51,Completed
ORD-SLUMP-12845,2024-05-26,2024-05,CUST-1297,PROD-118,EMP-1005,REG-01,Field Sales,7,2738.07,0.25,14374.87,12649.89,1724.98,19406.07,Completed
ORD-SLUMP-12846,2024-05-26,2024-05,CUST-1251,PROD-117,EMP-1007,REG-02,Enterprise Partner,4,3153.81,0.33,8452.21,7437.94,1014.27,11410.48,Completed
ORD-SLUMP-12847,2024-05-26,2024-05,CUST-1110,PROD-107,EMP-1004,REG-03,Field Sales,6,3365.02,0.4,12114.07,10660.38,1453.69,16353.99,Completed
ORD-SLUMP-12848,2024-05-26,2024-05,CUST-1106,PROD-105,EMP-1029,REG-04,Enterprise Partner,2,4302.34,0.33,5765.14,5073.32,691.82,7782.94,Completed
ORD-SLUMP-12849,2024-05-26,2024-05,CUST-1153,PROD-113,EMP-1019,REG-03,Retail Store,5,2719.83,0.23,10471.35,9214.79,1256.56,14136.32,Completed
ORD-SLUMP-12850,2024-05-26,2024-05,CUST-1056,PROD-102,EMP-1010,REG-04,Direct Online,1,3844.69,0.35,2499.05,2199.16,299.89,3373.72,Completed
ORD-SLUMP-12851,2024-05-26,2024-05,CUST-1016,PROD-110,EMP-1025,REG-05,Field Sales,6,2903.71,0.34,11498.69,10118.85,1379.84,15523.23,Completed
ORD-SLUMP-12852,2024-05-27,2024-05,CUST-1231,PROD-106,EMP-1004,REG-05,Field Sales,3,4345.76,0.3,9126.1,8030.97,1095.13,12320.24,Completed
ORD-SLUMP-12853,2024-05-27,2024-05,CUST-1010,PROD-115,EMP-1004,REG-02,Direct Online,4,1874.24,0.33,5022.96,4420.2,602.76,6781.0,Completed
ORD-SLUMP-12854,2024-05-27,2024-05,CUST-1165,PROD-117,EMP-1021,REG-05,Field Sales,4,2275.67,0.36,5825.72,5126.63,699.09,7864.72,Completed
ORD-SLUMP-12855,2024-05-27,2024-05,CUST-1276,PROD-104,EMP-1021,REG-05,Direct Online,4,956.98,0.36,2449.87,2155.89,293.98,3307.32,Completed
ORD-SLUMP-12856,2024-05-27,2024-05,CUST-1256,PROD-113,EMP-1018,REG-04,Direct Online,4,4426.7,0.21,13988.37,12309.77,1678.6,18884.3,Completed
ORD-SLUMP-12857,2024-05-27,2024-05,CUST-1148,PROD-103,EMP-1024,REG-05,Field Sales,5,3826.14,0.28,13774.1,12121.21,1652.89,18595.04,Completed
ORD-SLUMP-12858,2024-05-27,2024-05,CUST-1106,PROD-117,EMP-1006,REG-04,Retail Store,1,1277.69,0.35,830.5,730.84,99.66,1121.18,Completed
ORD-SLUMP-12859,2024-05-27,2024-05,CUST-1009,PROD-111,EMP-1011,REG-02,Field Sales,4,4061.99,0.24,12348.45,10866.64,1481.81,16670.41,Completed
ORD-SLUMP-12860,2024-05-28,2024-05,CUST-1007,PROD-105,EMP-1026,REG-04,Enterprise Partner,5,1432.77,0.2,5731.08,5043.35,687.73,7736.96,Completed
ORD-SLUMP-12861,2024-05-28,2024-05,CUST-1147,PROD-113,EMP-1003,REG-05,Retail Store,6,2710.04,0.39,9918.75,8728.5,1190.25,13390.31,Completed
ORD-SLUMP-12862,2024-05-28,2024-05,CUST-1217,PROD-119,EMP-1018,REG-01,Enterprise Partner,1,922.28,0.21,728.6,641.17,87.43,983.61,Completed
ORD-SLUMP-12863,2024-05-29,2024-05,CUST-1153,PROD-114,EMP-1010,REG-04,Direct Online,4,1153.26,0.35,2998.48,2638.66,359.82,4047.95,Completed
ORD-SLUMP-12864,2024-05-29,2024-05,CUST-1251,PROD-115,EMP-1002,REG-03,Direct Online,4,2180.0,0.25,6540.0,5755.2,784.8,8829.0,Completed
ORD-SLUMP-12865,2024-05-29,2024-05,CUST-1287,PROD-119,EMP-1024,REG-02,Retail Store,6,4400.2,0.4,15840.72,13939.83,1900.89,21384.97,Completed
ORD-SLUMP-12866,2024-05-29,2024-05,CUST-1131,PROD-102,EMP-1010,REG-03,Enterprise Partner,7,4018.68,0.28,20254.15,17823.65,2430.5,27343.1,Completed
ORD-SLUMP-12867,2024-05-29,2024-05,CUST-1066,PROD-105,EMP-1012,REG-01,Field Sales,7,4120.96,0.22,22500.44,19800.39,2700.05,30375.59,Completed
ORD-SLUMP-12868,2024-05-29,2024-05,CUST-1068,PROD-106,EMP-1028,REG-03,Retail Store,6,814.53,0.27,3567.64,3139.52,428.12,4816.31,Completed
ORD-SLUMP-12869,2024-05-30,2024-05,CUST-1283,PROD-104,EMP-1011,REG-05,Enterprise Partner,5,2718.57,0.37,8563.5,7535.88,1027.62,11560.72,Completed
ORD-SLUMP-12870,2024-05-30,2024-05,CUST-1242,PROD-105,EMP-1001,REG-01,Field Sales,2,3763.04,0.25,5644.56,4967.21,677.35,7620.16,Completed
ORD-SLUMP-12871,2024-05-30,2024-05,CUST-1225,PROD-114,EMP-1017,REG-03,Retail Store,5,2829.71,0.35,9196.56,8092.97,1103.59,12415.36,Completed
ORD-SLUMP-12872,2024-05-30,2024-05,CUST-1017,PROD-105,EMP-1016,REG-03,Field Sales,2,3986.36,0.35,5182.27,4560.4,621.87,6996.06,Completed
ORD-SLUMP-12873,2024-05-30,2024-05,CUST-1038,PROD-112,EMP-1013,REG-02,Enterprise Partner,5,4370.7,0.38,13549.17,11923.27,1625.9,18291.38,Completed
ORD-SLUMP-12874,2024-05-31,2024-05,CUST-1135,PROD-105,EMP-1020,REG-02,Field Sales,5,2607.98,0.3,9127.93,8032.58,1095.35,12322.71,Completed
ORD-SLUMP-12875,2024-05-31,2024-05,CUST-1044,PROD-112,EMP-1023,REG-05,Direct Online,5,1805.06,0.36,5776.19,5083.05,693.14,7797.86,Completed
ORD-SLUMP-12876,2024-05-31,2024-05,CUST-1069,PROD-116,EMP-1009,REG-05,Direct Online,4,1239.62,0.21,3917.2,3447.14,470.06,5288.22,Completed
ORD-SLUMP-12877,2024-05-31,2024-05,CUST-1219,PROD-116,EMP-1021,REG-02,Direct Online,6,4181.64,0.36,16057.5,14130.6,1926.9,21677.62,Completed
ORD-SLUMP-12878,2024-05-31,2024-05,CUST-1008,PROD-116,EMP-1005,REG-02,Direct Online,6,3351.96,0.35,13072.64,11503.92,1568.72,17648.06,Completed
ORD-SLUMP-12879,2024-05-31,2024-05,CUST-1114,PROD-118,EMP-1028,REG-03,Direct Online,6,2865.98,0.38,10661.45,9382.08,1279.37,14392.96,Completed
ORD-SLUMP-12880,2024-06-01,2024-06,CUST-1184,PROD-112,EMP-1008,REG-05,Direct Online,3,1342.75,0.26,2980.9,2623.19,357.71,4024.22,Completed
ORD-SLUMP-12881,2024-06-01,2024-06,CUST-1118,PROD-115,EMP-1018,REG-01,Direct Online,7,856.63,0.29,4257.45,3746.56,510.89,5747.56,Completed
ORD-SLUMP-12882,2024-06-01,2024-06,CUST-1294,PROD-118,EMP-1014,REG-02,Retail Store,2,1199.52,0.26,1775.29,1562.26,213.03,2396.64,Completed
ORD-SLUMP-12883,2024-06-01,2024-06,CUST-1015,PROD-112,EMP-1018,REG-05,Enterprise Partner,2,1835.42,0.35,2386.05,2099.72,286.33,3221.17,Completed
ORD-SLUMP-12884,2024-06-01,2024-06,CUST-1280,PROD-109,EMP-1020,REG-05,Direct Online,3,2797.79,0.37,5287.82,4653.28,634.54,7138.56,Completed
ORD-SLUMP-12885,2024-06-02,2024-06,CUST-1265,PROD-115,EMP-1004,REG-02,Direct Online,6,891.91,0.27,3906.57,3437.78,468.79,5273.87,Completed
ORD-SLUMP-12886,2024-06-02,2024-06,CUST-1289,PROD-114,EMP-1012,REG-04,Enterprise Partner,7,3840.36,0.28,19355.41,17032.76,2322.65,26129.8,Completed
ORD-SLUMP-12887,2024-06-02,2024-06,CUST-1003,PROD-117,EMP-1008,REG-02,Retail Store,3,1735.53,0.26,3852.88,3390.53,462.35,5201.39,Completed
ORD-SLUMP-12888,2024-06-02,2024-06,CUST-1056,PROD-108,EMP-1025,REG-01,Enterprise Partner,5,3899.07,0.24,14816.47,13038.49,1777.98,20002.23,Completed
ORD-SLUMP-12889,2024-06-03,2024-06,CUST-1052,PROD-118,EMP-1006,REG-02,Retail Store,4,3399.45,0.24,10334.33,9094.21,1240.12,13951.35,Completed
ORD-SLUMP-12890,2024-06-03,2024-06,CUST-1287,PROD-103,EMP-1015,REG-04,Enterprise Partner,7,4480.58,0.28,22582.12,19872.27,2709.85,30485.86,Completed
ORD-SLUMP-12891,2024-06-03,2024-06,CUST-1081,PROD-104,EMP-1001,REG-02,Field Sales,3,4236.36,0.24,9658.9,8499.83,1159.07,13039.52,Completed
ORD-SLUMP-12892,2024-06-03,2024-06,CUST-1063,PROD-102,EMP-1010,REG-03,Field Sales,7,4226.79,0.38,18344.27,16142.96,2201.31,24764.76,Completed
ORD-SLUMP-12893,2024-06-03,2024-06,CUST-1188,PROD-116,EMP-1011,REG-05,Retail Store,1,3552.16,0.34,2344.43,2063.1,281.33,3164.98,Completed
ORD-SLUMP-12894,2024-06-03,2024-06,CUST-1214,PROD-108,EMP-1019,REG-01,Direct Online,1,2291.77,0.3,1604.24,1411.73,192.51,2165.72,Completed
ORD-SLUMP-12895,2024-06-03,2024-06,CUST-1083,PROD-108,EMP-1014,REG-04,Direct Online,2,4262.65,0.33,5711.95,5026.52,685.43,7711.13,Completed
ORD-SLUMP-12896,2024-06-03,2024-06,CUST-1138,PROD-110,EMP-1016,REG-02,Direct Online,4,914.29,0.4,2194.3,1930.98,263.32,2962.3,Completed
ORD-SLUMP-12897,2024-06-04,2024-06,CUST-1189,PROD-104,EMP-1028,REG-05,Enterprise Partner,3,4090.01,0.22,9570.62,8422.15,1148.47,12920.34,Completed
ORD-SLUMP-12898,2024-06-04,2024-06,CUST-1118,PROD-109,EMP-1022,REG-05,Retail Store,1,822.87,0.21,650.07,572.06,78.01,877.59,Completed
ORD-SLUMP-12899,2024-06-04,2024-06,CUST-1243,PROD-110,EMP-1022,REG-01,Retail Store,3,3904.71,0.35,7614.18,6700.48,913.7,10279.14,Completed
ORD-SLUMP-12900,2024-06-05,2024-06,CUST-1022,PROD-114,EMP-1004,REG-02,Retail Store,5,2266.38,0.33,7592.37,6681.29,911.08,10249.7,Completed
ORD-SLUMP-12901,2024-06-05,2024-06,CUST-1083,PROD-108,EMP-1021,REG-04,Direct Online,6,811.14,0.25,3650.13,3212.11,438.02,4927.68,Completed
ORD-SLUMP-12902,2024-06-05,2024-06,CUST-1290,PROD-110,EMP-1017,REG-05,Field Sales,7,2945.94,0.32,14022.67,12339.95,1682.72,18930.6,Completed
ORD-SLUMP-12903,2024-06-06,2024-06,CUST-1186,PROD-110,EMP-1013,REG-03,Retail Store,7,835.45,0.26,4327.63,3808.31,519.32,5842.3,Completed
ORD-SLUMP-12904,2024-06-06,2024-06,CUST-1040,PROD-116,EMP-1019,REG-03,Retail Store,4,2020.03,0.37,5090.48,4479.62,610.86,6872.15,Completed
ORD-SLUMP-12905,2024-06-06,2024-06,CUST-1167,PROD-104,EMP-1014,REG-02,Retail Store,6,3355.93,0.39,12282.7,10808.78,1473.92,16581.64,Completed
ORD-SLUMP-12906,2024-06-06,2024-06,CUST-1067,PROD-103,EMP-1017,REG-03,Direct Online,7,2978.11,0.22,16260.48,14309.22,1951.26,21951.65,Completed
ORD-SLUMP-12907,2024-06-06,2024-06,CUST-1085,PROD-114,EMP-1020,REG-03,Retail Store,5,3631.95,0.25,13619.81,11985.43,1634.38,18386.74,Completed
ORD-SLUMP-12908,2024-06-06,2024-06,CUST-1281,PROD-106,EMP-1010,REG-05,Enterprise Partner,1,4081.37,0.26,3020.21,2657.78,362.43,4077.28,Completed
ORD-SLUMP-12909,2024-06-06,2024-06,CUST-1108,PROD-110,EMP-1004,REG-03,Field Sales,1,4122.93,0.3,2886.05,2539.72,346.33,3896.17,Completed
ORD-SLUMP-12910,2024-06-06,2024-06,CUST-1169,PROD-107,EMP-1015,REG-03,Enterprise Partner,4,1846.9,0.34,4875.82,4290.72,585.1,6582.36,Completed
ORD-SLUMP-12911,2024-06-06,2024-06,CUST-1020,PROD-114,EMP-1022,REG-02,Enterprise Partner,3,4134.58,0.39,7566.28,6658.33,907.95,10214.48,Completed
ORD-SLUMP-12912,2024-06-06,2024-06,CUST-1225,PROD-111,EMP-1027,REG-03,Field Sales,3,3880.56,0.26,8614.84,7581.06,1033.78,11630.03,Completed
ORD-SLUMP-12913,2024-06-07,2024-06,CUST-1205,PROD-101,EMP-1013,REG-03,Enterprise Partner,1,2101.58,0.35,1366.03,1202.11,163.92,1844.14,Completed
ORD-SLUMP-12914,2024-06-07,2024-06,CUST-1208,PROD-106,EMP-1019,REG-03,Field Sales,4,3915.92,0.35,10181.39,8959.62,1221.77,13744.88,Completed
ORD-SLUMP-12915,2024-06-07,2024-06,CUST-1000,PROD-111,EMP-1023,REG-05,Field Sales,7,2048.33,0.33,9606.67,8453.87,1152.8,12969.0,Completed
ORD-SLUMP-12916,2024-06-07,2024-06,CUST-1037,PROD-115,EMP-1008,REG-02,Retail Store,7,2403.07,0.25,12616.12,11102.19,1513.93,17031.76,Completed
ORD-SLUMP-12917,2024-06-08,2024-06,CUST-1166,PROD-119,EMP-1016,REG-02,Field Sales,2,3928.52,0.26,5814.21,5116.5,697.71,7849.18,Completed
ORD-SLUMP-12918,2024-06-08,2024-06,CUST-1044,PROD-102,EMP-1026,REG-02,Field Sales,4,3997.46,0.39,9753.8,8583.34,1170.46,13167.63,Completed
ORD-SLUMP-12919,2024-06-08,2024-06,CUST-1004,PROD-107,EMP-1001,REG-02,Field Sales,1,2130.45,0.25,1597.84,1406.1,191.74,2157.08,Completed
ORD-SLUMP-12920,2024-06-08,2024-06,CUST-1040,PROD-102,EMP-1004,REG-02,Direct Online,7,873.32,0.23,4707.19,4142.33,564.86,6354.71,Completed
ORD-SLUMP-12921,2024-06-08,2024-06,CUST-1231,PROD-109,EMP-1023,REG-05,Retail Store,6,2975.65,0.21,14104.58,12412.03,1692.55,19041.18,Completed
ORD-SLUMP-12922,2024-06-09,2024-06,CUST-1007,PROD-105,EMP-1008,REG-01,Field Sales,2,2911.95,0.24,4426.16,3895.02,531.14,5975.32,Completed
ORD-SLUMP-12923,2024-06-09,2024-06,CUST-1024,PROD-113,EMP-1006,REG-02,Enterprise Partner,5,4310.75,0.31,14872.09,13087.44,1784.65,20077.32,Completed
ORD-SLUMP-12924,2024-06-09,2024-06,CUST-1155,PROD-114,EMP-1013,REG-02,Field Sales,7,4275.78,0.31,20652.02,18173.78,2478.24,27880.23,Completed
ORD-SLUMP-12925,2024-06-09,2024-06,CUST-1213,PROD-117,EMP-1023,REG-04,Enterprise Partner,5,2925.72,0.36,9362.3,8238.82,1123.48,12639.1,Completed
ORD-SLUMP-12926,2024-06-09,2024-06,CUST-1173,PROD-108,EMP-1024,REG-05,Retail Store,3,2901.03,0.34,5744.04,5054.76,689.28,7754.45,Completed
ORD-SLUMP-12927,2024-06-10,2024-06,CUST-1096,PROD-104,EMP-1011,REG-03,Field Sales,5,1693.62,0.3,5927.67,5216.35,711.32,8002.35,Completed
ORD-SLUMP-12928,2024-06-10,2024-06,CUST-1059,PROD-104,EMP-1021,REG-05,Direct Online,6,2059.25,0.34,8154.63,7176.07,978.56,11008.75,Completed
ORD-SLUMP-12929,2024-06-10,2024-06,CUST-1063,PROD-106,EMP-1021,REG-04,Retail Store,5,1997.32,0.27,7290.22,6415.39,874.83,9841.8,Completed
ORD-SLUMP-12930,2024-06-10,2024-06,CUST-1170,PROD-103,EMP-1019,REG-04,Direct Online,4,1775.24,0.23,5467.74,4811.61,656.13,7381.45,Completed
ORD-SLUMP-12931,2024-06-10,2024-06,CUST-1194,PROD-106,EMP-1005,REG-05,Direct Online,2,997.09,0.22,1555.46,1368.8,186.66,2099.87,Completed
ORD-SLUMP-12932,2024-06-11,2024-06,CUST-1145,PROD-106,EMP-1025,REG-02,Enterprise Partner,1,2508.03,0.28,1805.78,1589.09,216.69,2437.8,Completed
ORD-SLUMP-12933,2024-06-12,2024-06,CUST-1243,PROD-118,EMP-1002,REG-05,Field Sales,6,1017.29,0.28,4394.69,3867.33,527.36,5932.83,Completed
ORD-SLUMP-12934,2024-06-12,2024-06,CUST-1135,PROD-108,EMP-1020,REG-04,Direct Online,6,1612.44,0.21,7642.97,6725.81,917.16,10318.01,Completed
ORD-SLUMP-12935,2024-06-12,2024-06,CUST-1108,PROD-113,EMP-1019,REG-05,Retail Store,3,2494.92,0.36,4790.25,4215.42,574.83,6466.84,Completed
ORD-SLUMP-12936,2024-06-12,2024-06,CUST-1201,PROD-118,EMP-1007,REG-05,Field Sales,5,1002.94,0.27,3660.73,3221.44,439.29,4941.99,Completed
ORD-SLUMP-12937,2024-06-12,2024-06,CUST-1246,PROD-110,EMP-1025,REG-01,Field Sales,2,1804.27,0.38,2237.29,1968.82,268.47,3020.34,Completed
ORD-SLUMP-12938,2024-06-12,2024-06,CUST-1169,PROD-111,EMP-1005,REG-02,Retail Store,7,888.17,0.36,3979.0,3501.52,477.48,5371.65,Completed
ORD-SLUMP-12939,2024-06-13,2024-06,CUST-1247,PROD-102,EMP-1014,REG-04,Retail Store,1,4371.41,0.36,2797.7,2461.98,335.72,3776.9,Completed
ORD-SLUMP-12940,2024-06-13,2024-06,CUST-1112,PROD-103,EMP-1001,REG-02,Retail Store,3,3354.73,0.24,7648.78,6730.93,917.85,10325.85,Completed
ORD-SLUMP-12941,2024-06-13,2024-06,CUST-1144,PROD-116,EMP-1012,REG-05,Retail Store,6,3459.22,0.32,14113.62,12419.99,1693.63,19053.39,Completed
ORD-SLUMP-12942,2024-06-13,2024-06,CUST-1272,PROD-115,EMP-1029,REG-01,Enterprise Partner,7,2849.7,0.23,15359.88,13516.69,1843.19,20735.84,Completed
ORD-SLUMP-12943,2024-06-13,2024-06,CUST-1229,PROD-101,EMP-1002,REG-02,Retail Store,3,1764.29,0.22,4128.44,3633.03,495.41,5573.39,Completed
ORD-SLUMP-12944,2024-06-13,2024-06,CUST-1005,PROD-112,EMP-1006,REG-04,Direct Online,2,1415.17,0.35,1839.72,1618.95,220.77,2483.62,Completed
ORD-SLUMP-12945,2024-06-13,2024-06,CUST-1017,PROD-101,EMP-1010,REG-01,Enterprise Partner,3,1850.53,0.24,4219.21,3712.9,506.31,5695.93,Completed
ORD-SLUMP-12946,2024-06-14,2024-06,CUST-1290,PROD-117,EMP-1010,REG-01,Enterprise Partner,5,1491.43,0.26,5518.29,4856.1,662.19,7449.69,Completed
ORD-SLUMP-12947,2024-06-14,2024-06,CUST-1270,PROD-104,EMP-1009,REG-04,Retail Store,6,4384.71,0.34,17363.45,15279.84,2083.61,23440.66,Completed
ORD-SLUMP-12948,2024-06-14,2024-06,CUST-1162,PROD-112,EMP-1003,REG-03,Retail Store,4,4179.8,0.37,10533.1,9269.13,1263.97,14219.69,Completed
ORD-SLUMP-12949,2024-06-14,2024-06,CUST-1247,PROD-110,EMP-1006,REG-02,Retail Store,5,912.19,0.32,3101.45,2729.28,372.17,4186.96,Completed
ORD-SLUMP-12950,2024-06-15,2024-06,CUST-1248,PROD-103,EMP-1009,REG-03,Direct Online,6,2036.86,0.4,7332.7,6452.78,879.92,9899.14,Completed
ORD-SLUMP-12951,2024-06-15,2024-06,CUST-1030,PROD-119,EMP-1003,REG-05,Enterprise Partner,4,3623.86,0.25,10871.58,9566.99,1304.59,14676.63,Completed
ORD-SLUMP-12952,2024-06-15,2024-06,CUST-1242,PROD-118,EMP-1004,REG-04,Direct Online,1,2218.58,0.22,1730.49,1522.83,207.66,2336.16,Completed
ORD-SLUMP-12953,2024-06-15,2024-06,CUST-1140,PROD-111,EMP-1024,REG-04,Direct Online,3,4404.96,0.23,10175.46,8954.4,1221.06,13736.87,Completed
ORD-SLUMP-12954,2024-06-15,2024-06,CUST-1107,PROD-103,EMP-1026,REG-01,Retail Store,3,1695.72,0.32,3459.27,3044.16,415.11,4670.01,Completed
ORD-SLUMP-12955,2024-06-16,2024-06,CUST-1044,PROD-103,EMP-1014,REG-03,Field Sales,5,3602.71,0.34,11888.94,10462.27,1426.67,16050.07,Completed
ORD-SLUMP-12956,2024-06-16,2024-06,CUST-1223,PROD-111,EMP-1003,REG-03,Field Sales,6,3516.19,0.35,13713.14,12067.56,1645.58,18512.74,Completed
ORD-SLUMP-12957,2024-06-16,2024-06,CUST-1223,PROD-107,EMP-1027,REG-04,Direct Online,5,4139.47,0.37,13039.33,11474.61,1564.72,17603.1,Completed
ORD-SLUMP-12958,2024-06-16,2024-06,CUST-1243,PROD-107,EMP-1019,REG-04,Retail Store,5,1299.88,0.31,4484.59,3946.44,538.15,6054.2,Completed
ORD-SLUMP-12959,2024-06-16,2024-06,CUST-1006,PROD-118,EMP-1020,REG-05,Enterprise Partner,1,3606.28,0.24,2740.77,2411.88,328.89,3700.04,Completed
ORD-SLUMP-12960,2024-06-16,2024-06,CUST-1107,PROD-102,EMP-1025,REG-01,Enterprise Partner,2,2482.77,0.33,3326.91,2927.68,399.23,4491.33,Completed
ORD-SLUMP-12961,2024-06-16,2024-06,CUST-1072,PROD-105,EMP-1020,REG-03,Field Sales,1,2624.96,0.3,1837.47,1616.97,220.5,2480.58,Completed
ORD-SLUMP-12962,2024-06-16,2024-06,CUST-1023,PROD-119,EMP-1012,REG-03,Retail Store,4,2841.06,0.3,7954.97,7000.37,954.6,10739.21,Completed
ORD-SLUMP-12963,2024-06-16,2024-06,CUST-1002,PROD-119,EMP-1027,REG-04,Enterprise Partner,1,3819.25,0.28,2749.86,2419.88,329.98,3712.31,Completed
ORD-SLUMP-12964,2024-06-16,2024-06,CUST-1157,PROD-103,EMP-1024,REG-02,Field Sales,7,4164.08,0.31,20112.51,17699.01,2413.5,27151.89,Completed
ORD-SLUMP-12965,2024-06-17,2024-06,CUST-1255,PROD-105,EMP-1025,REG-01,Field Sales,2,2372.82,0.39,2894.84,2547.46,347.38,3908.03,Completed
ORD-SLUMP-12966,2024-06-17,2024-06,CUST-1153,PROD-119,EMP-1021,REG-03,Direct Online,2,1172.43,0.25,1758.64,1547.6,211.04,2374.16,Completed
ORD-SLUMP-12967,2024-06-18,2024-06,CUST-1070,PROD-101,EMP-1017,REG-01,Direct Online,1,853.99,0.37,538.01,473.45,64.56,726.31,Completed
ORD-SLUMP-12968,2024-06-18,2024-06,CUST-1271,PROD-106,EMP-1022,REG-04,Direct Online,1,1232.16,0.32,837.87,737.33,100.54,1131.12,Completed
ORD-SLUMP-12969,2024-06-18,2024-06,CUST-1048,PROD-116,EMP-1007,REG-05,Enterprise Partner,5,4251.75,0.38,13180.42,11598.77,1581.65,17793.57,Completed
ORD-SLUMP-12970,2024-06-18,2024-06,CUST-1275,PROD-114,EMP-1007,REG-03,Retail Store,6,1395.53,0.22,6531.08,5747.35,783.73,8816.96,Completed
ORD-SLUMP-12971,2024-06-19,2024-06,CUST-1096,PROD-113,EMP-1023,REG-01,Enterprise Partner,3,2683.49,0.28,5796.34,5100.78,695.56,7825.06,Completed
ORD-SLUMP-12972,2024-06-19,2024-06,CUST-1033,PROD-108,EMP-1028,REG-01,Direct Online,2,1856.78,0.3,2599.49,2287.55,311.94,3509.31,Completed
ORD-SLUMP-12973,2024-06-19,2024-06,CUST-1013,PROD-106,EMP-1025,REG-01,Field Sales,5,966.11,0.31,3333.08,2933.11,399.97,4499.66,Completed
ORD-SLUMP-12974,2024-06-19,2024-06,CUST-1156,PROD-119,EMP-1009,REG-01,Field Sales,7,3401.9,0.37,15002.38,13202.09,1800.29,20253.21,Completed
ORD-SLUMP-12975,2024-06-19,2024-06,CUST-1246,PROD-118,EMP-1014,REG-02,Field Sales,6,4134.83,0.22,19351.0,17028.88,2322.12,26123.85,Completed
ORD-SLUMP-12976,2024-06-19,2024-06,CUST-1091,PROD-112,EMP-1003,REG-04,Retail Store,6,4192.26,0.31,17355.96,15273.24,2082.72,23430.55,Completed
ORD-SLUMP-12977,2024-06-19,2024-06,CUST-1285,PROD-102,EMP-1003,REG-02,Retail Store,6,854.68,0.37,3230.69,2843.01,387.68,4361.43,Completed
ORD-SLUMP-12978,2024-06-20,2024-06,CUST-1073,PROD-105,EMP-1004,REG-02,Enterprise Partner,3,2842.84,0.26,6311.1,5553.77,757.33,8519.98,Completed
ORD-SLUMP-12979,2024-06-20,2024-06,CUST-1001,PROD-108,EMP-1005,REG-02,Field Sales,5,2111.88,0.24,8025.14,7062.12,963.02,10833.94,Completed
ORD-SLUMP-12980,2024-06-20,2024-06,CUST-1227,PROD-107,EMP-1024,REG-02,Field Sales,3,2303.33,0.3,4836.99,4256.55,580.44,6529.94,Completed
ORD-SLUMP-12981,2024-06-20,2024-06,CUST-1086,PROD-101,EMP-1009,REG-02,Direct Online,7,1075.83,0.25,5648.11,4970.34,677.77,7624.95,Completed
ORD-SLUMP-12982,2024-06-20,2024-06,CUST-1291,PROD-102,EMP-1011,REG-05,Direct Online,7,2820.53,0.39,12043.66,10598.42,1445.24,16258.94,Completed
ORD-SLUMP-12983,2024-06-21,2024-06,CUST-1242,PROD-110,EMP-1017,REG-01,Retail Store,6,4420.43,0.36,16974.45,14937.52,2036.93,22915.51,Completed
ORD-SLUMP-12984,2024-06-21,2024-06,CUST-1145,PROD-102,EMP-1015,REG-04,Direct Online,2,872.77,0.31,1204.42,1059.89,144.53,1625.97,Completed
ORD-SLUMP-12985,2024-06-21,2024-06,CUST-1123,PROD-115,EMP-1010,REG-04,Field Sales,2,2511.51,0.22,3917.96,3447.8,470.16,5289.25,Completed
ORD-SLUMP-12986,2024-06-21,2024-06,CUST-1091,PROD-113,EMP-1005,REG-02,Direct Online,5,2721.81,0.38,8437.61,7425.1,1012.51,11390.77,Completed
ORD-SLUMP-12987,2024-06-21,2024-06,CUST-1232,PROD-106,EMP-1010,REG-01,Field Sales,4,2746.88,0.28,7911.01,6961.69,949.32,10679.86,Completed
ORD-SLUMP-12988,2024-06-21,2024-06,CUST-1231,PROD-105,EMP-1004,REG-03,Direct Online,1,1359.75,0.35,883.84,777.78,106.06,1193.18,Completed
ORD-SLUMP-12989,2024-06-21,2024-06,CUST-1255,PROD-103,EMP-1002,REG-02,Retail Store,1,1254.73,0.35,815.57,717.7,97.87,1101.02,Completed
ORD-SLUMP-12990,2024-06-22,2024-06,CUST-1065,PROD-119,EMP-1010,REG-03,Enterprise Partner,1,3610.57,0.22,2816.24,2478.29,337.95,3801.92,Completed
ORD-SLUMP-12991,2024-06-22,2024-06,CUST-1216,PROD-111,EMP-1019,REG-03,Field Sales,7,1396.47,0.38,6060.68,5333.4,727.28,8181.92,Completed
ORD-SLUMP-12992,2024-06-22,2024-06,CUST-1152,PROD-105,EMP-1015,REG-01,Direct Online,5,1856.04,0.35,6032.13,5308.27,723.86,8143.38,Completed
ORD-SLUMP-12993,2024-06-22,2024-06,CUST-1190,PROD-102,EMP-1024,REG-02,Retail Store,3,3229.25,0.27,7072.06,6223.41,848.65,9547.28,Completed
ORD-SLUMP-12994,2024-06-22,2024-06,CUST-1132,PROD-103,EMP-1027,REG-02,Retail Store,2,1395.34,0.31,1925.57,1694.5,231.07,2599.52,Completed
ORD-SLUMP-12995,2024-06-23,2024-06,CUST-1291,PROD-112,EMP-1026,REG-05,Direct Online,7,1567.06,0.38,6801.04,5984.92,816.12,9181.4,Completed
ORD-SLUMP-12996,2024-06-23,2024-06,CUST-1228,PROD-116,EMP-1022,REG-01,Enterprise Partner,5,4285.11,0.35,13926.61,12255.42,1671.19,18800.92,Completed
ORD-SLUMP-12997,2024-06-23,2024-06,CUST-1010,PROD-115,EMP-1012,REG-05,Enterprise Partner,6,1112.75,0.27,4873.84,4288.98,584.86,6579.68,Completed
ORD-SLUMP-12998,2024-06-23,2024-06,CUST-1187,PROD-119,EMP-1024,REG-05,Retail Store,1,3626.11,0.29,2574.54,2265.6,308.94,3475.63,Completed
ORD-SLUMP-12999,2024-06-23,2024-06,CUST-1085,PROD-102,EMP-1008,REG-01,Retail Store,7,2529.99,0.27,12928.25,11376.86,1551.39,17453.14,Completed
ORD-SLUMP-13000,2024-06-23,2024-06,CUST-1117,PROD-110,EMP-1011,REG-02,Enterprise Partner,5,2981.62,0.34,9839.35,8658.63,1180.72,13283.12,Completed
ORD-SLUMP-13001,2024-06-23,2024-06,CUST-1200,PROD-101,EMP-1021,REG-01,Field Sales,7,4401.16,0.4,18484.87,16266.69,2218.18,24954.57,Completed
ORD-SLUMP-13002,2024-06-23,2024-06,CUST-1140,PROD-108,EMP-1004,REG-01,Enterprise Partner,2,1922.4,0.32,2614.46,2300.72,313.74,3529.52,Completed
ORD-SLUMP-13003,2024-06-24,2024-06,CUST-1140,PROD-115,EMP-1018,REG-05,Enterprise Partner,2,2298.85,0.24,3494.25,3074.94,419.31,4717.24,Completed
ORD-SLUMP-13004,2024-06-24,2024-06,CUST-1101,PROD-101,EMP-1018,REG-01,Enterprise Partner,5,3729.14,0.23,14357.19,12634.33,1722.86,19382.21,Completed
ORD-SLUMP-13005,2024-06-24,2024-06,CUST-1026,PROD-114,EMP-1012,REG-03,Direct Online,6,2536.7,0.27,11110.75,9777.46,1333.29,14999.51,Completed
ORD-SLUMP-13006,2024-06-24,2024-06,CUST-1011,PROD-118,EMP-1003,REG-04,Retail Store,7,1320.76,0.36,5917.0,5206.96,710.04,7987.95,Completed
ORD-SLUMP-13007,2024-06-24,2024-06,CUST-1001,PROD-115,EMP-1022,REG-03,Direct Online,1,1603.88,0.38,994.41,875.08,119.33,1342.45,Completed
ORD-SLUMP-13008,2024-06-24,2024-06,CUST-1190,PROD-107,EMP-1021,REG-01,Direct Online,7,4008.6,0.24,21325.75,18766.66,2559.09,28789.76,Completed
ORD-SLUMP-13009,2024-06-24,2024-06,CUST-1255,PROD-104,EMP-1029,REG-02,Enterprise Partner,3,4041.62,0.25,9093.64,8002.4,1091.24,12276.41,Completed
ORD-SLUMP-13010,2024-06-25,2024-06,CUST-1169,PROD-115,EMP-1013,REG-04,Direct Online,2,1478.11,0.36,1891.98,1664.94,227.04,2554.17,Completed
ORD-SLUMP-13011,2024-06-25,2024-06,CUST-1242,PROD-109,EMP-1026,REG-05,Field Sales,2,2139.65,0.22,3337.85,2937.31,400.54,4506.1,Completed
ORD-SLUMP-13012,2024-06-25,2024-06,CUST-1262,PROD-114,EMP-1003,REG-04,Retail Store,2,2974.15,0.31,4104.33,3611.81,492.52,5540.85,Completed
ORD-SLUMP-13013,2024-06-25,2024-06,CUST-1167,PROD-106,EMP-1008,REG-05,Retail Store,6,3348.81,0.28,14466.86,12730.84,1736.02,19530.26,Completed
ORD-SLUMP-13014,2024-06-25,2024-06,CUST-1008,PROD-116,EMP-1008,REG-02,Enterprise Partner,3,4056.98,0.39,7424.27,6533.36,890.91,10022.76,Completed
ORD-SLUMP-13015,2024-06-25,2024-06,CUST-1256,PROD-106,EMP-1005,REG-03,Direct Online,7,4361.24,0.26,22591.22,19880.27,2710.95,30498.15,Completed
ORD-SLUMP-13016,2024-06-25,2024-06,CUST-1188,PROD-115,EMP-1023,REG-05,Direct Online,7,1187.25,0.22,6482.38,5704.49,777.89,8751.21,Completed
ORD-SLUMP-13017,2024-06-25,2024-06,CUST-1154,PROD-108,EMP-1020,REG-03,Enterprise Partner,1,3168.28,0.29,2249.48,1979.54,269.94,3036.8,Completed
ORD-SLUMP-13018,2024-06-25,2024-06,CUST-1105,PROD-106,EMP-1020,REG-05,Retail Store,6,2187.69,0.23,10107.13,8894.27,1212.86,13644.63,Completed
ORD-SLUMP-13019,2024-06-26,2024-06,CUST-1009,PROD-108,EMP-1008,REG-03,Retail Store,1,4130.95,0.32,2809.05,2471.96,337.09,3792.22,Completed
ORD-SLUMP-13020,2024-06-26,2024-06,CUST-1184,PROD-108,EMP-1006,REG-04,Field Sales,7,2364.95,0.21,13078.17,11508.79,1569.38,17655.53,Completed
ORD-SLUMP-13021,2024-06-26,2024-06,CUST-1025,PROD-118,EMP-1004,REG-03,Enterprise Partner,5,2847.85,0.23,10964.22,9648.51,1315.71,14801.7,Completed
ORD-SLUMP-13022,2024-06-26,2024-06,CUST-1180,PROD-114,EMP-1015,REG-01,Retail Store,3,2841.57,0.26,6308.29,5551.3,756.99,8516.19,Completed
ORD-SLUMP-13023,2024-06-26,2024-06,CUST-1249,PROD-101,EMP-1008,REG-01,Field Sales,5,3926.57,0.24,14920.97,13130.45,1790.52,20143.31,Completed
ORD-SLUMP-13024,2024-06-27,2024-06,CUST-1055,PROD-112,EMP-1029,REG-05,Field Sales,3,3597.61,0.38,6691.55,5888.56,802.99,9033.59,Completed
ORD-SLUMP-13025,2024-06-27,2024-06,CUST-1125,PROD-103,EMP-1012,REG-02,Field Sales,6,3877.57,0.22,18147.03,15969.39,2177.64,24498.49,Completed
ORD-SLUMP-13026,2024-06-27,2024-06,CUST-1278,PROD-110,EMP-1014,REG-02,Retail Store,3,1661.03,0.27,3637.66,3201.14,436.52,4910.84,Completed
ORD-SLUMP-13027,2024-06-27,2024-06,CUST-1202,PROD-118,EMP-1021,REG-02,Field Sales,4,4119.22,0.28,11863.35,10439.75,1423.6,16015.52,Completed
ORD-SLUMP-13028,2024-06-27,2024-06,CUST-1299,PROD-102,EMP-1008,REG-03,Enterprise Partner,4,4047.98,0.33,10848.59,9546.76,1301.83,14645.6,Completed
ORD-SLUMP-13029,2024-06-28,2024-06,CUST-1283,PROD-105,EMP-1017,REG-02,Direct Online,2,4122.0,0.31,5688.36,5005.76,682.6,7679.29,Completed
ORD-SLUMP-13030,2024-06-28,2024-06,CUST-1183,PROD-118,EMP-1028,REG-01,Direct Online,2,4212.03,0.21,6655.01,5856.41,798.6,8984.26,Completed
ORD-SLUMP-13031,2024-06-28,2024-06,CUST-1152,PROD-119,EMP-1013,REG-02,Enterprise Partner,1,2310.58,0.2,1848.46,1626.64,221.82,2495.42,Completed
ORD-SLUMP-13032,2024-06-29,2024-06,CUST-1195,PROD-102,EMP-1014,REG-02,Field Sales,1,3996.92,0.2,3197.54,2813.84,383.7,4316.68,Completed
ORD-SLUMP-13033,2024-06-29,2024-06,CUST-1143,PROD-109,EMP-1017,REG-01,Direct Online,5,1960.86,0.33,6568.88,5780.61,788.27,8867.99,Completed
ORD-SLUMP-13034,2024-06-29,2024-06,CUST-1049,PROD-103,EMP-1002,REG-03,Enterprise Partner,4,1908.74,0.38,4733.68,4165.64,568.04,6390.47,Completed
ORD-SLUMP-13035,2024-06-29,2024-06,CUST-1028,PROD-109,EMP-1020,REG-03,Direct Online,6,3081.86,0.37,11649.43,10251.5,1397.93,15726.73,Completed
ORD-SLUMP-13036,2024-06-29,2024-06,CUST-1038,PROD-118,EMP-1009,REG-03,Direct Online,5,3446.21,0.28,12406.36,10917.6,1488.76,16748.59,Completed
ORD-SLUMP-13037,2024-06-29,2024-06,CUST-1152,PROD-111,EMP-1022,REG-05,Retail Store,5,4345.37,0.35,14122.45,12427.76,1694.69,19065.31,Completed
ORD-SLUMP-13038,2024-06-29,2024-06,CUST-1153,PROD-107,EMP-1012,REG-04,Field Sales,5,3788.18,0.33,12690.4,11167.55,1522.85,17132.04,Completed
ORD-SLUMP-13039,2024-06-30,2024-06,CUST-1228,PROD-112,EMP-1027,REG-04,Field Sales,2,919.62,0.33,1232.29,1084.42,147.87,1663.59,Completed
ORD-SLUMP-13040,2024-06-30,2024-06,CUST-1291,PROD-111,EMP-1010,REG-03,Enterprise Partner,2,1739.86,0.28,2505.4,2204.75,300.65,3382.29,Completed
ORD-SLUMP-13041,2024-06-30,2024-06,CUST-1244,PROD-115,EMP-1001,REG-02,Retail Store,1,1880.66,0.29,1335.27,1175.04,160.23,1802.61,Completed
ORD-SLUMP-13042,2024-06-30,2024-06,CUST-1075,PROD-114,EMP-1027,REG-05,Enterprise Partner,6,3344.63,0.23,15452.19,13597.93,1854.26,20860.46,Completed
ORD-SLUMP-13043,2024-06-30,2024-06,CUST-1127,PROD-106,EMP-1011,REG-05,Enterprise Partner,3,2303.55,0.39,4215.5,3709.64,505.86,5690.92,Completed
ORD-SLUMP-13044,2024-06-30,2024-06,CUST-1276,PROD-108,EMP-1016,REG-02,Field Sales,7,3289.23,0.24,17498.7,15398.86,2099.84,23623.25,Completed
ORD-SLUMP-13045,2024-07-01,2024-07,CUST-1127,PROD-116,EMP-1026,REG-04,Field Sales,3,3497.34,0.29,7449.33,6555.41,893.92,10056.6,Completed
ORD-SLUMP-13046,2024-07-01,2024-07,CUST-1283,PROD-109,EMP-1010,REG-02,Enterprise Partner,2,4395.91,0.28,6330.11,5570.5,759.61,8545.65,Completed
ORD-SLUMP-13047,2024-07-01,2024-07,CUST-1173,PROD-112,EMP-1022,REG-04,Field Sales,5,1039.36,0.22,4053.5,3567.08,486.42,5472.22,Completed
ORD-SLUMP-13048,2024-07-01,2024-07,CUST-1201,PROD-113,EMP-1027,REG-03,Retail Store,5,4184.15,0.31,14435.32,12703.08,1732.24,19487.68,Completed
ORD-SLUMP-13049,2024-07-01,2024-07,CUST-1248,PROD-112,EMP-1009,REG-03,Enterprise Partner,6,2829.8,0.4,10187.28,8964.81,1222.47,13752.83,Completed
ORD-SLUMP-13050,2024-07-01,2024-07,CUST-1056,PROD-118,EMP-1013,REG-04,Enterprise Partner,7,2716.23,0.26,14070.07,12381.66,1688.41,18994.59,Completed
ORD-SLUMP-13051,2024-07-01,2024-07,CUST-1009,PROD-113,EMP-1010,REG-01,Enterprise Partner,2,4094.87,0.24,6224.2,5477.3,746.9,8402.67,Completed
ORD-SLUMP-13052,2024-07-01,2024-07,CUST-1122,PROD-113,EMP-1017,REG-01,Retail Store,5,1928.2,0.3,6748.7,5938.86,809.84,9110.75,Completed
ORD-SLUMP-13053,2024-07-01,2024-07,CUST-1159,PROD-108,EMP-1016,REG-05,Enterprise Partner,6,841.05,0.33,3381.02,2975.3,405.72,4564.38,Completed
ORD-SLUMP-13054,2024-07-02,2024-07,CUST-1011,PROD-103,EMP-1009,REG-03,Direct Online,6,4326.35,0.39,15834.44,13934.31,1900.13,21376.49,Completed
ORD-SLUMP-13055,2024-07-02,2024-07,CUST-1191,PROD-113,EMP-1009,REG-04,Direct Online,1,2294.42,0.39,1399.6,1231.65,167.95,1889.46,Completed
ORD-SLUMP-13056,2024-07-02,2024-07,CUST-1202,PROD-109,EMP-1022,REG-04,Field Sales,6,1254.72,0.38,4667.56,4107.45,560.11,6301.21,Completed
ORD-SLUMP-13057,2024-07-02,2024-07,CUST-1146,PROD-109,EMP-1023,REG-04,Direct Online,7,849.16,0.36,3804.24,3347.73,456.51,5135.72,Completed
ORD-SLUMP-13058,2024-07-02,2024-07,CUST-1083,PROD-113,EMP-1027,REG-02,Enterprise Partner,5,2655.29,0.36,8496.93,7477.3,1019.63,11470.86,Completed
ORD-SLUMP-13059,2024-07-02,2024-07,CUST-1083,PROD-116,EMP-1013,REG-01,Direct Online,3,3751.23,0.21,8890.42,7823.57,1066.85,12002.07,Completed
ORD-SLUMP-13060,2024-07-03,2024-07,CUST-1183,PROD-110,EMP-1017,REG-04,Direct Online,1,2933.89,0.29,2083.06,1833.09,249.97,2812.13,Completed
ORD-SLUMP-13061,2024-07-03,2024-07,CUST-1197,PROD-117,EMP-1026,REG-01,Enterprise Partner,2,2502.72,0.27,3653.97,3215.49,438.48,4932.86,Completed
ORD-SLUMP-13062,2024-07-03,2024-07,CUST-1172,PROD-102,EMP-1023,REG-04,Direct Online,1,2163.27,0.26,1600.82,1408.72,192.1,2161.11,Completed
ORD-SLUMP-13063,2024-07-03,2024-07,CUST-1232,PROD-103,EMP-1006,REG-04,Retail Store,5,4451.89,0.29,15804.21,13907.7,1896.51,21335.68,Completed
ORD-SLUMP-13064,2024-07-03,2024-07,CUST-1110,PROD-103,EMP-1014,REG-02,Direct Online,7,3763.4,0.33,17650.35,15532.31,2118.04,23827.97,Completed
ORD-SLUMP-13065,2024-07-04,2024-07,CUST-1107,PROD-107,EMP-1018,REG-01,Field Sales,7,2375.45,0.27,12138.55,10681.92,1456.63,16387.04,Completed
ORD-SLUMP-13066,2024-07-04,2024-07,CUST-1030,PROD-117,EMP-1014,REG-05,Retail Store,7,4074.82,0.25,21392.8,18825.66,2567.14,28880.28,Completed
ORD-SLUMP-13067,2024-07-04,2024-07,CUST-1202,PROD-102,EMP-1002,REG-05,Field Sales,4,2533.6,0.27,7398.11,6510.34,887.77,9987.45,Completed
ORD-SLUMP-13068,2024-07-04,2024-07,CUST-1117,PROD-116,EMP-1006,REG-04,Enterprise Partner,1,3931.52,0.32,2673.43,2352.62,320.81,3609.13,Completed
ORD-SLUMP-13069,2024-07-04,2024-07,CUST-1075,PROD-114,EMP-1024,REG-04,Field Sales,4,4052.18,0.38,10049.41,8843.48,1205.93,13566.7,Completed
ORD-SLUMP-13070,2024-07-04,2024-07,CUST-1269,PROD-115,EMP-1023,REG-01,Direct Online,4,3674.14,0.34,9699.73,8535.76,1163.97,13094.64,Completed
ORD-SLUMP-13071,2024-07-05,2024-07,CUST-1276,PROD-112,EMP-1005,REG-04,Direct Online,1,1190.59,0.26,881.04,775.32,105.72,1189.4,Completed
ORD-SLUMP-13072,2024-07-05,2024-07,CUST-1053,PROD-115,EMP-1005,REG-01,Retail Store,4,4113.06,0.34,10858.48,9555.46,1303.02,14658.95,Completed
ORD-SLUMP-13073,2024-07-05,2024-07,CUST-1045,PROD-110,EMP-1006,REG-04,Enterprise Partner,3,2733.36,0.38,5084.05,4473.96,610.09,6863.47,Completed
ORD-SLUMP-13074,2024-07-05,2024-07,CUST-1068,PROD-104,EMP-1005,REG-01,Retail Store,6,4163.77,0.3,17487.83,15389.29,2098.54,23608.57,Completed
ORD-SLUMP-13075,2024-07-05,2024-07,CUST-1220,PROD-103,EMP-1015,REG-05,Enterprise Partner,4,2671.92,0.37,6733.24,5925.25,807.99,9089.87,Completed
ORD-SLUMP-13076,2024-07-06,2024-07,CUST-1152,PROD-106,EMP-1014,REG-02,Retail Store,7,1619.83,0.29,8050.56,7084.49,966.07,10868.26,Completed
ORD-SLUMP-13077,2024-07-06,2024-07,CUST-1133,PROD-117,EMP-1001,REG-02,Field Sales,6,2013.39,0.23,9301.86,8185.64,1116.22,12557.51,Completed
ORD-SLUMP-13078,2024-07-06,2024-07,CUST-1071,PROD-108,EMP-1023,REG-01,Retail Store,2,4100.35,0.24,6232.53,5484.63,747.9,8413.92,Completed
ORD-SLUMP-13079,2024-07-06,2024-07,CUST-1043,PROD-118,EMP-1021,REG-01,Direct Online,7,3387.68,0.34,15651.08,13772.95,1878.13,21128.96,Completed
ORD-SLUMP-13080,2024-07-06,2024-07,CUST-1205,PROD-101,EMP-1006,REG-03,Field Sales,7,3368.91,0.33,15800.19,13904.17,1896.02,21330.26,Completed
ORD-SLUMP-13081,2024-07-06,2024-07,CUST-1156,PROD-104,EMP-1015,REG-03,Field Sales,4,3473.81,0.34,9170.86,8070.36,1100.5,12380.66,Completed
ORD-SLUMP-13082,2024-07-06,2024-07,CUST-1032,PROD-104,EMP-1019,REG-05,Direct Online,3,3652.37,0.36,7012.55,6171.04,841.51,9466.94,Completed
ORD-SLUMP-13083,2024-07-06,2024-07,CUST-1212,PROD-110,EMP-1026,REG-03,Enterprise Partner,2,3047.47,0.32,4144.56,3647.21,497.35,5595.16,Completed
ORD-SLUMP-13084,2024-07-07,2024-07,CUST-1002,PROD-114,EMP-1011,REG-04,Enterprise Partner,2,3622.9,0.33,4854.69,4272.13,582.56,6553.83,Completed
ORD-SLUMP-13085,2024-07-07,2024-07,CUST-1216,PROD-101,EMP-1014,REG-03,Direct Online,3,1078.89,0.33,2168.57,1908.34,260.23,2927.57,Completed
ORD-SLUMP-13086,2024-07-07,2024-07,CUST-1033,PROD-110,EMP-1013,REG-01,Field Sales,6,3283.7,0.27,14382.61,12656.7,1725.91,19416.52,Completed
ORD-SLUMP-13087,2024-07-07,2024-07,CUST-1083,PROD-102,EMP-1009,REG-02,Retail Store,1,3099.3,0.24,2355.47,2072.81,282.66,3179.88,Completed
ORD-SLUMP-13088,2024-07-07,2024-07,CUST-1290,PROD-113,EMP-1018,REG-05,Retail Store,3,2747.58,0.21,6511.76,5730.35,781.41,8790.88,Completed
ORD-SLUMP-13089,2024-07-07,2024-07,CUST-1277,PROD-115,EMP-1002,REG-01,Enterprise Partner,2,4474.13,0.38,5547.92,4882.17,665.75,7489.69,Completed
ORD-SLUMP-13090,2024-07-07,2024-07,CUST-1228,PROD-111,EMP-1009,REG-01,Direct Online,1,4028.14,0.31,2779.42,2445.89,333.53,3752.22,Completed
ORD-SLUMP-13091,2024-07-07,2024-07,CUST-1115,PROD-111,EMP-1017,REG-01,Direct Online,3,896.28,0.4,1613.3,1419.7,193.6,2177.96,Completed
ORD-SLUMP-13092,2024-07-08,2024-07,CUST-1135,PROD-103,EMP-1014,REG-02,Field Sales,3,1079.64,0.33,2170.08,1909.67,260.41,2929.61,Completed
ORD-SLUMP-13093,2024-07-08,2024-07,CUST-1082,PROD-103,EMP-1001,REG-03,Retail Store,6,1481.05,0.38,5509.51,4848.37,661.14,7437.84,Completed
ORD-SLUMP-13094,2024-07-08,2024-07,CUST-1278,PROD-104,EMP-1024,REG-04,Retail Store,4,3022.58,0.24,9188.64,8086.0,1102.64,12404.66,Completed
ORD-SLUMP-13095,2024-07-08,2024-07,CUST-1065,PROD-106,EMP-1010,REG-03,Field Sales,5,1702.27,0.27,6213.29,5467.7,745.59,8387.94,Completed
ORD-SLUMP-13096,2024-07-08,2024-07,CUST-1134,PROD-102,EMP-1005,REG-05,Direct Online,7,2908.59,0.29,14455.69,12721.01,1734.68,19515.18,Completed
ORD-SLUMP-13097,2024-07-08,2024-07,CUST-1271,PROD-116,EMP-1022,REG-01,Direct Online,7,3572.99,0.31,17257.54,15186.64,2070.9,23297.68,Completed
ORD-SLUMP-13098,2024-07-08,2024-07,CUST-1246,PROD-113,EMP-1006,REG-01,Enterprise Partner,3,1298.06,0.27,2842.75,2501.62,341.13,3837.71,Completed
ORD-SLUMP-13099,2024-07-08,2024-07,CUST-1288,PROD-113,EMP-1023,REG-03,Direct Online,7,1624.75,0.3,7961.28,7005.93,955.35,10747.73,Completed
ORD-SLUMP-13100,2024-07-09,2024-07,CUST-1107,PROD-103,EMP-1013,REG-02,Enterprise Partner,6,3787.52,0.38,14089.57,12398.82,1690.75,19020.92,Completed
ORD-SLUMP-13101,2024-07-09,2024-07,CUST-1155,PROD-110,EMP-1009,REG-02,Field Sales,3,3562.61,0.31,7374.6,6489.65,884.95,9955.71,Completed
ORD-SLUMP-13102,2024-07-09,2024-07,CUST-1005,PROD-118,EMP-1025,REG-03,Enterprise Partner,5,4280.85,0.38,13270.64,11678.16,1592.48,17915.36,Completed
ORD-SLUMP-13103,2024-07-09,2024-07,CUST-1171,PROD-118,EMP-1017,REG-01,Enterprise Partner,3,2555.65,0.27,5596.87,4925.25,671.62,7555.77,Completed
ORD-SLUMP-13104,2024-07-10,2024-07,CUST-1156,PROD-114,EMP-1012,REG-02,Enterprise Partner,4,2236.21,0.38,5545.8,4880.3,665.5,7486.83,Completed
ORD-SLUMP-13105,2024-07-10,2024-07,CUST-1127,PROD-109,EMP-1005,REG-05,Retail Store,5,979.78,0.24,3723.16,3276.38,446.78,5026.27,Completed
ORD-SLUMP-13106,2024-07-10,2024-07,CUST-1192,PROD-107,EMP-1011,REG-01,Enterprise Partner,1,2892.81,0.3,2024.97,1781.97,243.0,2733.71,Completed
ORD-SLUMP-13107,2024-07-10,2024-07,CUST-1135,PROD-103,EMP-1026,REG-05,Enterprise Partner,2,3803.81,0.29,5401.41,4753.24,648.17,7291.9,Completed
ORD-SLUMP-13108,2024-07-11,2024-07,CUST-1231,PROD-109,EMP-1026,REG-02,Field Sales,5,2176.95,0.22,8490.1,7471.29,1018.81,11461.64,Completed
ORD-SLUMP-13109,2024-07-11,2024-07,CUST-1282,PROD-117,EMP-1005,REG-03,Enterprise Partner,3,3724.63,0.33,7486.51,6588.13,898.38,10106.79,Completed
ORD-SLUMP-13110,2024-07-11,2024-07,CUST-1074,PROD-108,EMP-1016,REG-04,Field Sales,6,4307.48,0.33,17316.07,15238.14,2077.93,23376.69,Completed
ORD-SLUMP-13111,2024-07-11,2024-07,CUST-1154,PROD-107,EMP-1020,REG-03,Enterprise Partner,7,4457.94,0.38,19347.46,17025.76,2321.7,26119.07,Completed
ORD-SLUMP-13112,2024-07-11,2024-07,CUST-1299,PROD-116,EMP-1021,REG-01,Field Sales,5,3560.94,0.28,12819.38,11281.05,1538.33,17306.16,Completed
ORD-SLUMP-13113,2024-07-12,2024-07,CUST-1294,PROD-105,EMP-1011,REG-04,Direct Online,1,1486.32,0.2,1189.06,1046.37,142.69,1605.23,Completed
ORD-SLUMP-13114,2024-07-12,2024-07,CUST-1033,PROD-108,EMP-1002,REG-01,Retail Store,7,3290.71,0.36,14742.38,12973.29,1769.09,19902.21,Completed
ORD-SLUMP-13115,2024-07-12,2024-07,CUST-1078,PROD-107,EMP-1028,REG-01,Retail Store,3,1582.41,0.23,3655.37,3216.73,438.64,4934.75,Completed
ORD-SLUMP-13116,2024-07-12,2024-07,CUST-1181,PROD-106,EMP-1026,REG-01,Enterprise Partner,2,3291.07,0.22,5134.07,4517.98,616.09,6930.99,Completed
ORD-SLUMP-13117,2024-07-12,2024-07,CUST-1162,PROD-107,EMP-1004,REG-01,Field Sales,6,1461.69,0.22,6840.71,6019.82,820.89,9234.96,Completed
ORD-SLUMP-13118,2024-07-12,2024-07,CUST-1192,PROD-115,EMP-1025,REG-01,Enterprise Partner,2,1728.61,0.27,2523.77,2220.92,302.85,3407.09,Completed
ORD-SLUMP-13119,2024-07-12,2024-07,CUST-1287,PROD-106,EMP-1021,REG-03,Enterprise Partner,5,2304.05,0.24,8755.39,7704.74,1050.65,11819.78,Completed
ORD-SLUMP-13120,2024-07-12,2024-07,CUST-1226,PROD-111,EMP-1014,REG-01,Enterprise Partner,4,3338.67,0.26,9882.46,8696.56,1185.9,13341.32,Completed
ORD-SLUMP-13121,2024-07-12,2024-07,CUST-1018,PROD-101,EMP-1026,REG-05,Direct Online,7,1628.75,0.37,7182.79,6320.86,861.93,9696.77,Completed
ORD-SLUMP-13122,2024-07-12,2024-07,CUST-1226,PROD-115,EMP-1018,REG-04,Retail Store,7,1485.16,0.24,7901.05,6952.92,948.13,10666.42,Completed
ORD-SLUMP-13123,2024-07-12,2024-07,CUST-1195,PROD-113,EMP-1002,REG-04,Direct Online,1,3270.59,0.3,2289.41,2014.68,274.73,3090.7,Completed
ORD-SLUMP-13124,2024-07-13,2024-07,CUST-1031,PROD-111,EMP-1007,REG-01,Enterprise Partner,5,3459.47,0.37,10897.33,9589.65,1307.68,14711.4,Completed
ORD-SLUMP-13125,2024-07-13,2024-07,CUST-1295,PROD-109,EMP-1001,REG-01,Enterprise Partner,6,2010.26,0.37,7598.78,6686.93,911.85,10258.35,Completed
ORD-SLUMP-13126,2024-07-13,2024-07,CUST-1254,PROD-106,EMP-1006,REG-03,Enterprise Partner,2,3647.23,0.22,5689.68,5006.92,682.76,7681.07,Completed
ORD-SLUMP-13127,2024-07-13,2024-07,CUST-1079,PROD-113,EMP-1012,REG-02,Field Sales,4,2942.57,0.22,9180.82,8079.12,1101.7,12394.11,Completed
ORD-SLUMP-13128,2024-07-13,2024-07,CUST-1103,PROD-110,EMP-1004,REG-04,Enterprise Partner,5,2979.01,0.29,10575.49,9306.43,1269.06,14276.91,Completed
ORD-SLUMP-13129,2024-07-13,2024-07,CUST-1136,PROD-113,EMP-1025,REG-02,Enterprise Partner,3,1081.62,0.35,2109.16,1856.06,253.1,2847.37,Completed
ORD-SLUMP-13130,2024-07-14,2024-07,CUST-1106,PROD-109,EMP-1024,REG-05,Direct Online,2,1410.63,0.24,2144.16,1886.86,257.3,2894.62,Completed
ORD-SLUMP-13131,2024-07-14,2024-07,CUST-1027,PROD-101,EMP-1008,REG-03,Field Sales,6,4427.87,0.26,19659.74,17300.57,2359.17,26540.65,Completed
ORD-SLUMP-13132,2024-07-14,2024-07,CUST-1199,PROD-105,EMP-1002,REG-02,Enterprise Partner,6,2743.97,0.37,10372.21,9127.54,1244.67,14002.48,Completed
ORD-SLUMP-13133,2024-07-14,2024-07,CUST-1245,PROD-107,EMP-1011,REG-03,Field Sales,5,4223.73,0.32,14360.68,12637.4,1723.28,19386.92,Completed
ORD-SLUMP-13134,2024-07-14,2024-07,CUST-1107,PROD-101,EMP-1020,REG-05,Direct Online,1,4425.55,0.35,2876.61,2531.42,345.19,3883.42,Completed
ORD-SLUMP-13135,2024-07-14,2024-07,CUST-1168,PROD-117,EMP-1028,REG-01,Field Sales,3,807.32,0.32,1646.93,1449.3,197.63,2223.36,Completed
ORD-SLUMP-13136,2024-07-15,2024-07,CUST-1048,PROD-104,EMP-1009,REG-02,Retail Store,7,4300.48,0.31,20771.32,18278.76,2492.56,28041.28,Completed
ORD-SLUMP-13137,2024-07-15,2024-07,CUST-1135,PROD-117,EMP-1024,REG-02,Direct Online,2,2025.31,0.3,2835.43,2495.18,340.25,3827.83,Completed
ORD-SLUMP-13138,2024-07-15,2024-07,CUST-1012,PROD-103,EMP-1021,REG-01,Retail Store,5,3045.24,0.39,9287.98,8173.42,1114.56,12538.77,Completed
ORD-SLUMP-13139,2024-07-15,2024-07,CUST-1104,PROD-104,EMP-1029,REG-04,Direct Online,2,1036.34,0.25,1554.51,1367.97,186.54,2098.59,Completed
ORD-SLUMP-13140,2024-07-15,2024-07,CUST-1091,PROD-117,EMP-1002,REG-02,Direct Online,3,2295.91,0.32,4683.66,4121.62,562.04,6322.94,Completed
ORD-SLUMP-13141,2024-07-15,2024-07,CUST-1067,PROD-104,EMP-1002,REG-05,Field Sales,2,3222.64,0.34,4253.88,3743.41,510.47,5742.74,Completed
ORD-SLUMP-13142,2024-07-15,2024-07,CUST-1230,PROD-107,EMP-1009,REG-02,Retail Store,2,3918.04,0.28,5641.98,4964.94,677.04,7616.67,Completed
ORD-SLUMP-13143,2024-07-15,2024-07,CUST-1011,PROD-102,EMP-1022,REG-01,Field Sales,4,3293.98,0.2,10540.74,9275.85,1264.89,14230.0,Completed
ORD-SLUMP-13144,2024-07-16,2024-07,CUST-1080,PROD-117,EMP-1017,REG-02,Enterprise Partner,2,2712.04,0.23,4176.54,3675.36,501.18,5638.33,Completed
ORD-SLUMP-13145,2024-07-16,2024-07,CUST-1025,PROD-111,EMP-1002,REG-02,Field Sales,7,2712.05,0.34,12529.67,11026.11,1503.56,16915.05,Completed
ORD-SLUMP-13146,2024-07-17,2024-07,CUST-1073,PROD-119,EMP-1014,REG-01,Enterprise Partner,4,3129.06,0.26,9262.02,8150.58,1111.44,12503.73,Completed
ORD-SLUMP-13147,2024-07-17,2024-07,CUST-1272,PROD-116,EMP-1016,REG-02,Retail Store,7,1116.47,0.39,4767.33,4195.25,572.08,6435.9,Completed
ORD-SLUMP-13148,2024-07-17,2024-07,CUST-1233,PROD-108,EMP-1009,REG-01,Direct Online,6,3723.82,0.4,13405.75,11797.06,1608.69,18097.76,Completed
ORD-SLUMP-13149,2024-07-17,2024-07,CUST-1275,PROD-107,EMP-1018,REG-04,Enterprise Partner,7,921.87,0.38,4000.92,3520.81,480.11,5401.24,Completed
ORD-SLUMP-13150,2024-07-17,2024-07,CUST-1130,PROD-102,EMP-1016,REG-05,Direct Online,4,3417.47,0.34,9022.12,7939.47,1082.65,12179.86,Completed
ORD-SLUMP-13151,2024-07-17,2024-07,CUST-1265,PROD-108,EMP-1009,REG-04,Field Sales,7,3784.78,0.32,18015.55,15853.68,2161.87,24320.99,Completed
ORD-SLUMP-13152,2024-07-18,2024-07,CUST-1005,PROD-115,EMP-1018,REG-02,Retail Store,5,4305.3,0.37,13561.7,11934.3,1627.4,18308.3,Completed
ORD-SLUMP-13153,2024-07-18,2024-07,CUST-1081,PROD-107,EMP-1024,REG-04,Field Sales,7,1668.6,0.33,7825.73,6886.64,939.09,10564.74,Completed
ORD-SLUMP-13154,2024-07-18,2024-07,CUST-1255,PROD-106,EMP-1022,REG-01,Direct Online,4,2762.72,0.29,7846.12,6904.59,941.53,10592.26,Completed
ORD-SLUMP-13155,2024-07-18,2024-07,CUST-1078,PROD-113,EMP-1021,REG-04,Field Sales,2,1927.6,0.29,2737.19,2408.73,328.46,3695.21,Completed
ORD-SLUMP-13156,2024-07-18,2024-07,CUST-1244,PROD-116,EMP-1008,REG-02,Enterprise Partner,5,3031.9,0.29,10763.24,9471.65,1291.59,14530.37,Completed
ORD-SLUMP-13157,2024-07-18,2024-07,CUST-1258,PROD-112,EMP-1010,REG-02,Field Sales,3,2325.52,0.38,4325.47,3806.41,519.06,5839.38,Completed
ORD-SLUMP-13158,2024-07-18,2024-07,CUST-1087,PROD-118,EMP-1007,REG-02,Retail Store,6,2705.11,0.23,12497.61,10997.9,1499.71,16871.77,Completed
ORD-SLUMP-13159,2024-07-19,2024-07,CUST-1029,PROD-117,EMP-1014,REG-02,Field Sales,4,3450.92,0.33,9248.47,8138.65,1109.82,12485.43,Completed
ORD-SLUMP-13160,2024-07-19,2024-07,CUST-1183,PROD-105,EMP-1029,REG-03,Direct Online,5,920.78,0.33,3084.61,2714.46,370.15,4164.22,Completed
ORD-SLUMP-13161,2024-07-19,2024-07,CUST-1221,PROD-103,EMP-1018,REG-03,Direct Online,2,3029.61,0.4,3635.53,3199.27,436.26,4907.97,Completed
ORD-SLUMP-13162,2024-07-19,2024-07,CUST-1036,PROD-119,EMP-1011,REG-02,Enterprise Partner,4,2315.09,0.31,6389.65,5622.89,766.76,8626.03,Completed
ORD-SLUMP-13163,2024-07-19,2024-07,CUST-1115,PROD-115,EMP-1001,REG-03,Field Sales,5,2075.34,0.33,6952.39,6118.1,834.29,9385.73,Completed
ORD-SLUMP-13164,2024-07-20,2024-07,CUST-1104,PROD-116,EMP-1024,REG-05,Direct Online,4,4306.46,0.21,13608.41,11975.4,1633.01,18371.35,Completed
ORD-SLUMP-13165,2024-07-20,2024-07,CUST-1060,PROD-118,EMP-1025,REG-01,Direct Online,2,1401.07,0.26,2073.58,1824.75,248.83,2799.33,Completed
ORD-SLUMP-13166,2024-07-20,2024-07,CUST-1231,PROD-118,EMP-1021,REG-04,Direct Online,5,3728.67,0.28,13423.21,11812.42,1610.79,18121.33,Completed
ORD-SLUMP-13167,2024-07-20,2024-07,CUST-1065,PROD-110,EMP-1001,REG-04,Field Sales,5,2660.85,0.21,10510.36,9249.12,1261.24,14188.99,Completed
ORD-SLUMP-13168,2024-07-20,2024-07,CUST-1293,PROD-111,EMP-1001,REG-01,Field Sales,2,2065.61,0.32,2809.23,2472.12,337.11,3792.46,Completed
ORD-SLUMP-13169,2024-07-20,2024-07,CUST-1211,PROD-101,EMP-1020,REG-02,Direct Online,7,3460.21,0.27,17681.67,15559.87,2121.8,23870.25,Completed
ORD-SLUMP-13170,2024-07-21,2024-07,CUST-1229,PROD-110,EMP-1004,REG-03,Direct Online,4,4235.67,0.33,11351.6,9989.41,1362.19,15324.66,Completed
ORD-SLUMP-13171,2024-07-21,2024-07,CUST-1199,PROD-113,EMP-1014,REG-02,Direct Online,1,4426.83,0.27,3231.59,2843.8,387.79,4362.65,Completed
ORD-SLUMP-13172,2024-07-21,2024-07,CUST-1209,PROD-116,EMP-1007,REG-03,Field Sales,2,4480.95,0.38,5556.38,4889.61,666.77,7501.11,Completed
ORD-SLUMP-13173,2024-07-21,2024-07,CUST-1009,PROD-115,EMP-1005,REG-02,Field Sales,3,4123.61,0.26,9154.41,8055.88,1098.53,12358.45,Completed
ORD-SLUMP-13174,2024-07-21,2024-07,CUST-1019,PROD-108,EMP-1009,REG-02,Enterprise Partner,4,1440.05,0.31,3974.54,3497.6,476.94,5365.63,Completed
ORD-SLUMP-13175,2024-07-22,2024-07,CUST-1088,PROD-113,EMP-1013,REG-05,Retail Store,3,2966.77,0.35,5785.2,5090.98,694.22,7810.02,Completed
ORD-SLUMP-13176,2024-07-22,2024-07,CUST-1272,PROD-104,EMP-1003,REG-01,Direct Online,2,3152.27,0.39,3845.77,3384.28,461.49,5191.79,Completed
ORD-SLUMP-13177,2024-07-22,2024-07,CUST-1124,PROD-118,EMP-1019,REG-02,Field Sales,2,2168.83,0.21,3426.75,3015.54,411.21,4626.11,Completed
ORD-SLUMP-13178,2024-07-23,2024-07,CUST-1094,PROD-109,EMP-1004,REG-03,Retail Store,3,3636.03,0.25,8181.07,7199.34,981.73,11044.44,Completed
ORD-SLUMP-13179,2024-07-23,2024-07,CUST-1206,PROD-111,EMP-1009,REG-04,Enterprise Partner,2,2281.97,0.21,3605.51,3172.85,432.66,4867.44,Completed
ORD-SLUMP-13180,2024-07-23,2024-07,CUST-1160,PROD-117,EMP-1008,REG-03,Enterprise Partner,5,4128.27,0.2,16513.08,14531.51,1981.57,22292.66,Completed
ORD-SLUMP-13181,2024-07-23,2024-07,CUST-1255,PROD-119,EMP-1018,REG-01,Direct Online,3,2558.24,0.22,5986.28,5267.93,718.35,8081.48,Completed
ORD-SLUMP-13182,2024-07-23,2024-07,CUST-1125,PROD-116,EMP-1027,REG-01,Field Sales,7,2113.4,0.3,10355.66,9112.98,1242.68,13980.14,Completed
ORD-SLUMP-13183,2024-07-23,2024-07,CUST-1298,PROD-101,EMP-1027,REG-03,Enterprise Partner,4,1611.9,0.39,3933.04,3461.08,471.96,5309.6,Completed
ORD-SLUMP-13184,2024-07-23,2024-07,CUST-1060,PROD-102,EMP-1004,REG-05,Direct Online,1,3425.14,0.22,2671.61,2351.02,320.59,3606.67,Completed
ORD-SLUMP-13185,2024-07-23,2024-07,CUST-1189,PROD-117,EMP-1025,REG-05,Direct Online,5,2922.26,0.38,9059.01,7971.93,1087.08,12229.66,Completed
ORD-SLUMP-13186,2024-07-24,2024-07,CUST-1084,PROD-107,EMP-1003,REG-01,Enterprise Partner,6,2590.83,0.38,9637.89,8481.34,1156.55,13011.15,Completed
ORD-SLUMP-13187,2024-07-24,2024-07,CUST-1187,PROD-107,EMP-1019,REG-01,Enterprise Partner,4,1424.72,0.4,3419.33,3009.01,410.32,4616.1,Completed
ORD-SLUMP-13188,2024-07-24,2024-07,CUST-1088,PROD-108,EMP-1028,REG-05,Retail Store,5,1340.31,0.39,4087.95,3597.4,490.55,5518.73,Completed
ORD-SLUMP-13189,2024-07-24,2024-07,CUST-1066,PROD-119,EMP-1004,REG-05,Direct Online,3,3014.42,0.27,6601.58,5809.39,792.19,8912.13,Completed
ORD-SLUMP-13190,2024-07-24,2024-07,CUST-1240,PROD-112,EMP-1026,REG-01,Retail Store,3,888.17,0.21,2104.96,1852.36,252.6,2841.7,Completed
ORD-SLUMP-13191,2024-07-25,2024-07,CUST-1084,PROD-107,EMP-1026,REG-05,Enterprise Partner,3,3522.11,0.29,7502.09,6601.84,900.25,10127.82,Completed
ORD-SLUMP-13192,2024-07-25,2024-07,CUST-1003,PROD-114,EMP-1029,REG-03,Field Sales,5,952.92,0.27,3478.16,3060.78,417.38,4695.52,Completed
ORD-SLUMP-13193,2024-07-25,2024-07,CUST-1174,PROD-115,EMP-1018,REG-01,Field Sales,5,4424.27,0.4,13272.81,11680.07,1592.74,17918.29,Completed
ORD-SLUMP-13194,2024-07-25,2024-07,CUST-1226,PROD-109,EMP-1004,REG-02,Enterprise Partner,3,3520.02,0.39,6441.64,5668.64,773.0,8696.21,Completed
ORD-SLUMP-13195,2024-07-25,2024-07,CUST-1274,PROD-105,EMP-1012,REG-01,Field Sales,7,1521.15,0.26,7879.56,6934.01,945.55,10637.41,Completed
ORD-SLUMP-13196,2024-07-26,2024-07,CUST-1097,PROD-111,EMP-1001,REG-04,Retail Store,5,3073.51,0.38,9527.88,8384.53,1143.35,12862.64,Completed
ORD-SLUMP-13197,2024-07-26,2024-07,CUST-1147,PROD-111,EMP-1029,REG-01,Enterprise Partner,1,2841.75,0.31,1960.81,1725.51,235.3,2647.09,Completed
ORD-SLUMP-13198,2024-07-26,2024-07,CUST-1092,PROD-116,EMP-1019,REG-02,Direct Online,2,2995.74,0.36,3834.55,3374.4,460.15,5176.64,Completed
ORD-SLUMP-13199,2024-07-26,2024-07,CUST-1184,PROD-111,EMP-1013,REG-02,Field Sales,6,2285.21,0.38,8500.98,7480.86,1020.12,11476.32,Completed
ORD-SLUMP-13200,2024-07-26,2024-07,CUST-1197,PROD-118,EMP-1028,REG-05,Enterprise Partner,3,2812.49,0.35,5484.36,4826.24,658.12,7403.89,Completed
ORD-SLUMP-13201,2024-07-26,2024-07,CUST-1198,PROD-104,EMP-1008,REG-05,Enterprise Partner,7,2113.42,0.29,10503.7,9243.26,1260.44,14180.0,Completed
ORD-SLUMP-13202,2024-07-26,2024-07,CUST-1216,PROD-117,EMP-1025,REG-02,Retail Store,7,4414.31,0.37,19467.11,17131.06,2336.05,26280.6,Completed
ORD-SLUMP-13203,2024-07-27,2024-07,CUST-1069,PROD-117,EMP-1029,REG-05,Enterprise Partner,3,4123.56,0.23,9525.42,8382.37,1143.05,12859.32,Completed
ORD-SLUMP-13204,2024-07-27,2024-07,CUST-1210,PROD-113,EMP-1029,REG-03,Direct Online,1,2092.56,0.2,1674.05,1473.16,200.89,2259.97,Completed
ORD-SLUMP-13205,2024-07-27,2024-07,CUST-1293,PROD-111,EMP-1006,REG-01,Enterprise Partner,2,2161.1,0.39,2636.54,2320.16,316.38,3559.33,Completed
ORD-SLUMP-13206,2024-07-27,2024-07,CUST-1142,PROD-116,EMP-1018,REG-05,Field Sales,3,1740.66,0.24,3968.7,3492.46,476.24,5357.74,Completed
ORD-SLUMP-13207,2024-07-27,2024-07,CUST-1044,PROD-109,EMP-1025,REG-04,Field Sales,2,4234.64,0.36,5420.34,4769.9,650.44,7317.46,Completed
ORD-SLUMP-13208,2024-07-27,2024-07,CUST-1183,PROD-117,EMP-1005,REG-01,Field Sales,7,3592.09,0.37,15841.12,13940.19,1900.93,21385.51,Completed
ORD-SLUMP-13209,2024-07-27,2024-07,CUST-1120,PROD-112,EMP-1011,REG-03,Retail Store,5,1012.7,0.33,3392.54,2985.44,407.1,4579.93,Completed
ORD-SLUMP-13210,2024-07-27,2024-07,CUST-1272,PROD-104,EMP-1028,REG-04,Enterprise Partner,3,2860.96,0.34,5664.7,4984.94,679.76,7647.34,Completed
ORD-SLUMP-13211,2024-07-28,2024-07,CUST-1154,PROD-109,EMP-1009,REG-02,Field Sales,4,1285.58,0.34,3393.93,2986.66,407.27,4581.81,Completed
ORD-SLUMP-13212,2024-07-28,2024-07,CUST-1049,PROD-103,EMP-1007,REG-04,Enterprise Partner,7,2329.49,0.33,10925.31,9614.27,1311.04,14749.17,Completed
ORD-SLUMP-13213,2024-07-28,2024-07,CUST-1270,PROD-101,EMP-1011,REG-02,Retail Store,3,2636.13,0.23,6089.46,5358.72,730.74,8220.77,Completed
ORD-SLUMP-13214,2024-07-28,2024-07,CUST-1082,PROD-106,EMP-1021,REG-05,Enterprise Partner,1,2193.1,0.35,1425.52,1254.46,171.06,1924.45,Completed
ORD-SLUMP-13215,2024-07-28,2024-07,CUST-1122,PROD-117,EMP-1004,REG-01,Retail Store,3,2715.41,0.25,6109.67,5376.51,733.16,8248.05,Completed
ORD-SLUMP-13216,2024-07-28,2024-07,CUST-1075,PROD-104,EMP-1020,REG-05,Retail Store,7,2311.33,0.24,12296.28,10820.73,1475.55,16599.98,Completed
ORD-SLUMP-13217,2024-07-29,2024-07,CUST-1023,PROD-118,EMP-1006,REG-05,Retail Store,3,4309.16,0.28,9307.79,8190.86,1116.93,12565.52,Completed
ORD-SLUMP-13218,2024-07-29,2024-07,CUST-1221,PROD-102,EMP-1011,REG-04,Retail Store,5,3850.9,0.21,15211.06,13385.73,1825.33,20534.93,Completed
ORD-SLUMP-13219,2024-07-29,2024-07,CUST-1175,PROD-104,EMP-1017,REG-03,Enterprise Partner,3,3741.62,0.37,7071.66,6223.06,848.6,9546.74,Completed
ORD-SLUMP-13220,2024-07-29,2024-07,CUST-1278,PROD-106,EMP-1001,REG-02,Retail Store,5,1505.26,0.4,4515.78,3973.89,541.89,6096.3,Completed
ORD-SLUMP-13221,2024-07-29,2024-07,CUST-1111,PROD-106,EMP-1022,REG-05,Retail Store,5,1541.87,0.26,5704.92,5020.33,684.59,7701.64,Completed
ORD-SLUMP-13222,2024-07-29,2024-07,CUST-1292,PROD-102,EMP-1002,REG-04,Direct Online,5,901.11,0.2,3604.44,3171.91,432.53,4865.99,Completed
ORD-SLUMP-13223,2024-07-29,2024-07,CUST-1059,PROD-118,EMP-1021,REG-05,Direct Online,1,1446.04,0.31,997.77,878.04,119.73,1346.99,Completed
ORD-SLUMP-13224,2024-07-30,2024-07,CUST-1022,PROD-103,EMP-1014,REG-05,Direct Online,5,942.99,0.37,2970.42,2613.97,356.45,4010.07,Completed
ORD-SLUMP-13225,2024-07-30,2024-07,CUST-1257,PROD-112,EMP-1020,REG-02,Enterprise Partner,2,4226.24,0.36,5409.59,4760.44,649.15,7302.95,Completed
ORD-SLUMP-13226,2024-07-30,2024-07,CUST-1181,PROD-111,EMP-1007,REG-05,Direct Online,1,1516.6,0.23,1167.78,1027.65,140.13,1576.5,Completed
ORD-SLUMP-13227,2024-07-30,2024-07,CUST-1073,PROD-113,EMP-1026,REG-01,Field Sales,7,2111.47,0.28,10641.81,9364.79,1277.02,14366.44,Completed
ORD-SLUMP-13228,2024-07-30,2024-07,CUST-1042,PROD-115,EMP-1006,REG-03,Direct Online,2,1587.27,0.23,2444.4,2151.07,293.33,3299.94,Completed
ORD-SLUMP-13229,2024-07-31,2024-07,CUST-1060,PROD-101,EMP-1022,REG-03,Direct Online,6,1519.93,0.25,6839.68,6018.92,820.76,9233.57,Completed
ORD-SLUMP-13230,2024-07-31,2024-07,CUST-1187,PROD-106,EMP-1002,REG-05,Field Sales,2,1835.77,0.22,2863.8,2520.14,343.66,3866.13,Completed
ORD-SLUMP-13231,2024-07-31,2024-07,CUST-1240,PROD-102,EMP-1020,REG-05,Field Sales,1,2602.6,0.27,1899.9,1671.91,227.99,2564.87,Completed
ORD-SLUMP-13232,2024-08-01,2024-08,CUST-1154,PROD-109,EMP-1028,REG-02,Enterprise Partner,4,2467.98,0.34,6515.47,5733.61,781.86,8795.88,Completed
ORD-SLUMP-13233,2024-08-01,2024-08,CUST-1286,PROD-112,EMP-1012,REG-01,Direct Online,6,3516.77,0.38,13082.38,11512.49,1569.89,17661.21,Completed
ORD-SLUMP-13234,2024-08-01,2024-08,CUST-1163,PROD-119,EMP-1016,REG-03,Enterprise Partner,4,1085.15,0.39,2647.77,2330.04,317.73,3574.49,Completed
ORD-SLUMP-13235,2024-08-02,2024-08,CUST-1236,PROD-117,EMP-1004,REG-04,Direct Online,3,964.34,0.2,2314.42,2036.69,277.73,3124.47,Completed
ORD-SLUMP-13236,2024-08-02,2024-08,CUST-1278,PROD-109,EMP-1022,REG-05,Enterprise Partner,4,2897.99,0.39,7071.1,6222.57,848.53,9545.98,Completed
ORD-SLUMP-13237,2024-08-02,2024-08,CUST-1230,PROD-110,EMP-1006,REG-03,Direct Online,4,2160.99,0.23,6655.85,5857.15,798.7,8985.4,Completed
ORD-SLUMP-13238,2024-08-02,2024-08,CUST-1136,PROD-113,EMP-1020,REG-03,Field Sales,4,2557.21,0.28,7364.76,6480.99,883.77,9942.43,Completed
ORD-SLUMP-13239,2024-08-02,2024-08,CUST-1088,PROD-109,EMP-1020,REG-01,Direct Online,7,1778.67,0.31,8590.98,7560.06,1030.92,11597.82,Completed
ORD-SLUMP-13240,2024-08-02,2024-08,CUST-1260,PROD-102,EMP-1010,REG-05,Enterprise Partner,6,1645.29,0.4,5923.04,5212.28,710.76,7996.1,Completed
ORD-SLUMP-13241,2024-08-02,2024-08,CUST-1202,PROD-115,EMP-1015,REG-05,Retail Store,1,1838.11,0.22,1433.73,1261.68,172.05,1935.54,Completed
ORD-SLUMP-13242,2024-08-02,2024-08,CUST-1293,PROD-101,EMP-1020,REG-02,Direct Online,5,3869.71,0.36,12383.07,10897.1,1485.97,16717.14,Completed
ORD-SLUMP-13243,2024-08-02,2024-08,CUST-1186,PROD-111,EMP-1024,REG-05,Retail Store,6,2773.51,0.39,10151.05,8932.92,1218.13,13703.92,Completed
ORD-SLUMP-13244,2024-08-03,2024-08,CUST-1049,PROD-112,EMP-1021,REG-01,Enterprise Partner,5,1430.42,0.21,5650.16,4972.14,678.02,7627.72,Completed
ORD-SLUMP-13245,2024-08-03,2024-08,CUST-1020,PROD-104,EMP-1012,REG-01,Direct Online,4,2195.01,0.25,6585.03,5794.83,790.2,8889.79,Completed
ORD-SLUMP-13246,2024-08-03,2024-08,CUST-1164,PROD-103,EMP-1013,REG-02,Field Sales,7,2859.6,0.35,13011.18,11449.84,1561.34,17565.09,Completed
ORD-SLUMP-13247,2024-08-03,2024-08,CUST-1278,PROD-107,EMP-1017,REG-01,Enterprise Partner,1,2881.84,0.4,1729.1,1521.61,207.49,2334.28,Completed
ORD-SLUMP-13248,2024-08-04,2024-08,CUST-1135,PROD-119,EMP-1023,REG-03,Enterprise Partner,4,2615.53,0.22,8160.45,7181.2,979.25,11016.61,Completed
ORD-SLUMP-13249,2024-08-04,2024-08,CUST-1171,PROD-110,EMP-1002,REG-01,Field Sales,4,2231.57,0.22,6962.5,6127.0,835.5,9399.38,Completed
ORD-SLUMP-13250,2024-08-05,2024-08,CUST-1094,PROD-108,EMP-1019,REG-02,Enterprise Partner,2,3372.55,0.38,4181.96,3680.12,501.84,5645.65,Completed
ORD-SLUMP-13251,2024-08-05,2024-08,CUST-1048,PROD-104,EMP-1029,REG-02,Enterprise Partner,2,3696.01,0.34,4878.73,4293.28,585.45,6586.29,Completed
ORD-SLUMP-13252,2024-08-05,2024-08,CUST-1006,PROD-117,EMP-1011,REG-03,Retail Store,4,3590.1,0.26,10626.7,9351.5,1275.2,14346.05,Completed
ORD-SLUMP-13253,2024-08-06,2024-08,CUST-1210,PROD-113,EMP-1024,REG-03,Field Sales,4,1981.51,0.29,5627.49,4952.19,675.3,7597.11,Completed
ORD-SLUMP-13254,2024-08-06,2024-08,CUST-1031,PROD-117,EMP-1024,REG-01,Retail Store,5,2392.21,0.39,7296.24,6420.69,875.55,9849.92,Completed
ORD-SLUMP-13255,2024-08-06,2024-08,CUST-1080,PROD-103,EMP-1019,REG-05,Direct Online,6,4381.3,0.4,15772.68,13879.96,1892.72,21293.12,Completed
ORD-SLUMP-13256,2024-08-06,2024-08,CUST-1275,PROD-101,EMP-1003,REG-01,Direct Online,7,2391.32,0.21,13224.0,11637.12,1586.88,17852.4,Completed
ORD-SLUMP-13257,2024-08-07,2024-08,CUST-1110,PROD-112,EMP-1024,REG-04,Direct Online,2,3629.26,0.23,5589.06,4918.37,670.69,7545.23,Completed
ORD-SLUMP-13258,2024-08-07,2024-08,CUST-1248,PROD-104,EMP-1004,REG-02,Field Sales,4,2760.29,0.36,7066.34,6218.38,847.96,9539.56,Completed
ORD-SLUMP-13259,2024-08-07,2024-08,CUST-1160,PROD-102,EMP-1016,REG-05,Field Sales,4,4229.86,0.29,12012.8,10571.26,1441.54,16217.28,Completed
ORD-SLUMP-13260,2024-08-08,2024-08,CUST-1298,PROD-118,EMP-1007,REG-03,Enterprise Partner,3,3559.73,0.37,6727.89,5920.54,807.35,9082.65,Completed
ORD-SLUMP-13261,2024-08-08,2024-08,CUST-1217,PROD-112,EMP-1009,REG-03,Field Sales,4,900.76,0.21,2846.4,2504.83,341.57,3842.64,Completed
ORD-SLUMP-13262,2024-08-08,2024-08,CUST-1087,PROD-110,EMP-1007,REG-05,Direct Online,1,3778.75,0.21,2985.21,2626.98,358.23,4030.03,Completed
ORD-SLUMP-13263,2024-08-08,2024-08,CUST-1164,PROD-105,EMP-1008,REG-01,Retail Store,1,2317.12,0.28,1668.33,1468.13,200.2,2252.25,Completed
ORD-SLUMP-13264,2024-08-08,2024-08,CUST-1295,PROD-104,EMP-1001,REG-03,Enterprise Partner,6,2216.34,0.32,9042.67,7957.55,1085.12,12207.6,Completed
ORD-SLUMP-13265,2024-08-08,2024-08,CUST-1091,PROD-106,EMP-1001,REG-04,Direct Online,1,1134.59,0.31,782.87,688.93,93.94,1056.87,Completed
ORD-SLUMP-13266,2024-08-08,2024-08,CUST-1193,PROD-102,EMP-1010,REG-03,Direct Online,6,4095.09,0.28,17690.79,15567.9,2122.89,23882.57,Completed
ORD-SLUMP-13267,2024-08-08,2024-08,CUST-1279,PROD-116,EMP-1026,REG-04,Retail Store,1,3222.33,0.31,2223.41,1956.6,266.81,3001.6,Completed
ORD-SLUMP-13268,2024-08-08,2024-08,CUST-1013,PROD-110,EMP-1028,REG-05,Field Sales,3,4174.3,0.26,9266.95,8154.92,1112.03,12510.38,Completed
ORD-SLUMP-13269,2024-08-08,2024-08,CUST-1195,PROD-117,EMP-1023,REG-02,Enterprise Partner,3,4390.72,0.27,9615.68,8461.8,1153.88,12981.17,Completed
ORD-SLUMP-13270,2024-08-08,2024-08,CUST-1274,PROD-112,EMP-1009,REG-01,Field Sales,3,3980.45,0.37,7523.05,6620.28,902.77,10156.12,Completed
ORD-SLUMP-13271,2024-08-09,2024-08,CUST-1289,PROD-109,EMP-1009,REG-05,Direct Online,7,3599.74,0.2,20158.54,17739.52,2419.02,27214.03,Completed
ORD-SLUMP-13272,2024-08-09,2024-08,CUST-1114,PROD-107,EMP-1008,REG-02,Field Sales,4,809.0,0.37,2038.68,1794.04,244.64,2752.22,Completed
ORD-SLUMP-13273,2024-08-09,2024-08,CUST-1297,PROD-113,EMP-1017,REG-05,Enterprise Partner,3,3018.27,0.24,6881.66,6055.86,825.8,9290.24,Completed
ORD-SLUMP-13274,2024-08-09,2024-08,CUST-1099,PROD-106,EMP-1002,REG-05,Direct Online,7,3286.74,0.23,17715.53,15589.67,2125.86,23915.97,Completed
ORD-SLUMP-13275,2024-08-09,2024-08,CUST-1168,PROD-103,EMP-1003,REG-02,Direct Online,6,2949.41,0.3,12387.52,10901.02,1486.5,16723.15,Completed
ORD-SLUMP-13276,2024-08-09,2024-08,CUST-1275,PROD-104,EMP-1027,REG-03,Enterprise Partner,6,3801.86,0.25,17108.37,15055.37,2053.0,23096.3,Completed
ORD-SLUMP-13277,2024-08-09,2024-08,CUST-1276,PROD-102,EMP-1008,REG-02,Enterprise Partner,6,3799.9,0.37,14363.62,12639.99,1723.63,19390.89,Completed
ORD-SLUMP-13278,2024-08-09,2024-08,CUST-1254,PROD-108,EMP-1005,REG-02,Field Sales,4,3592.88,0.38,8910.34,7841.1,1069.24,12028.96,Completed
ORD-SLUMP-13279,2024-08-09,2024-08,CUST-1043,PROD-105,EMP-1006,REG-01,Retail Store,6,3299.74,0.35,12868.99,11324.71,1544.28,17373.14,Completed
ORD-SLUMP-13280,2024-08-09,2024-08,CUST-1041,PROD-112,EMP-1012,REG-01,Enterprise Partner,7,2711.35,0.26,14044.79,12359.42,1685.37,18960.47,Completed
ORD-SLUMP-13281,2024-08-10,2024-08,CUST-1162,PROD-105,EMP-1015,REG-03,Enterprise Partner,6,2112.24,0.25,9505.08,8364.47,1140.61,12831.86,Completed
ORD-SLUMP-13282,2024-08-10,2024-08,CUST-1160,PROD-107,EMP-1011,REG-02,Retail Store,7,1151.93,0.37,5080.01,4470.41,609.6,6858.01,Completed
ORD-SLUMP-13283,2024-08-10,2024-08,CUST-1150,PROD-105,EMP-1009,REG-02,Retail Store,6,811.7,0.26,3603.95,3171.48,432.47,4865.33,Completed
ORD-SLUMP-13284,2024-08-10,2024-08,CUST-1105,PROD-108,EMP-1011,REG-01,Retail Store,6,1161.46,0.24,5296.26,4660.71,635.55,7149.95,Completed
ORD-SLUMP-13285,2024-08-11,2024-08,CUST-1050,PROD-108,EMP-1007,REG-04,Retail Store,5,2828.16,0.24,10747.01,9457.37,1289.64,14508.46,Completed
ORD-SLUMP-13286,2024-08-11,2024-08,CUST-1173,PROD-115,EMP-1011,REG-04,Direct Online,1,2760.85,0.29,1960.2,1724.98,235.22,2646.27,Completed
ORD-SLUMP-13287,2024-08-11,2024-08,CUST-1086,PROD-105,EMP-1016,REG-01,Enterprise Partner,6,3176.29,0.35,12387.53,10901.03,1486.5,16723.17,Completed
ORD-SLUMP-13288,2024-08-11,2024-08,CUST-1090,PROD-118,EMP-1001,REG-05,Direct Online,7,3085.23,0.28,15549.56,13683.61,1865.95,20991.91,Completed
ORD-SLUMP-13289,2024-08-11,2024-08,CUST-1235,PROD-116,EMP-1018,REG-03,Retail Store,4,2105.87,0.35,5475.26,4818.23,657.03,7391.6,Completed
ORD-SLUMP-13290,2024-08-11,2024-08,CUST-1247,PROD-102,EMP-1019,REG-03,Retail Store,2,2688.19,0.26,3978.52,3501.1,477.42,5371.0,Completed
ORD-SLUMP-13291,2024-08-12,2024-08,CUST-1028,PROD-109,EMP-1004,REG-02,Field Sales,4,3908.54,0.22,12194.64,10731.28,1463.36,16462.76,Completed
ORD-SLUMP-13292,2024-08-12,2024-08,CUST-1133,PROD-103,EMP-1027,REG-04,Direct Online,6,1945.19,0.36,7469.53,6573.19,896.34,10083.87,Completed
ORD-SLUMP-13293,2024-08-12,2024-08,CUST-1015,PROD-117,EMP-1020,REG-03,Retail Store,5,4483.03,0.25,16811.36,14794.0,2017.36,22695.34,Completed
ORD-SLUMP-13294,2024-08-12,2024-08,CUST-1037,PROD-109,EMP-1016,REG-04,Retail Store,5,2419.15,0.21,9555.64,8408.96,1146.68,12900.11,Completed
ORD-SLUMP-13295,2024-08-12,2024-08,CUST-1228,PROD-109,EMP-1025,REG-01,Direct Online,3,2044.03,0.39,3740.57,3291.7,448.87,5049.77,Completed
ORD-SLUMP-13296,2024-08-13,2024-08,CUST-1063,PROD-102,EMP-1001,REG-05,Retail Store,2,2707.52,0.33,3628.08,3192.71,435.37,4897.91,Completed
ORD-SLUMP-13297,2024-08-13,2024-08,CUST-1184,PROD-111,EMP-1014,REG-02,Direct Online,6,4315.38,0.23,19937.06,17544.61,2392.45,26915.03,Completed
ORD-SLUMP-13298,2024-08-13,2024-08,CUST-1142,PROD-110,EMP-1003,REG-05,Enterprise Partner,7,2474.89,0.32,11780.48,10366.82,1413.66,15903.65,Completed
ORD-SLUMP-13299,2024-08-14,2024-08,CUST-1158,PROD-103,EMP-1001,REG-02,Retail Store,1,4384.35,0.36,2805.98,2469.26,336.72,3788.07,Completed
ORD-SLUMP-13300,2024-08-15,2024-08,CUST-1255,PROD-115,EMP-1029,REG-04,Enterprise Partner,6,4307.3,0.36,16540.03,14555.23,1984.8,22329.04,Completed
ORD-SLUMP-13301,2024-08-15,2024-08,CUST-1271,PROD-117,EMP-1022,REG-02,Retail Store,7,1517.31,0.31,7328.61,6449.18,879.43,9893.62,Completed
ORD-SLUMP-13302,2024-08-15,2024-08,CUST-1005,PROD-111,EMP-1007,REG-02,Retail Store,2,3541.46,0.22,5524.68,4861.72,662.96,7458.32,Completed
ORD-SLUMP-13303,2024-08-15,2024-08,CUST-1161,PROD-101,EMP-1018,REG-03,Retail Store,5,1498.54,0.22,5844.31,5142.99,701.32,7889.82,Completed
ORD-SLUMP-13304,2024-08-15,2024-08,CUST-1146,PROD-105,EMP-1011,REG-02,Direct Online,1,3849.27,0.28,2771.47,2438.89,332.58,3741.48,Completed
ORD-SLUMP-13305,2024-08-15,2024-08,CUST-1185,PROD-105,EMP-1012,REG-03,Field Sales,4,3106.92,0.29,8823.65,7764.81,1058.84,11911.93,Completed
ORD-SLUMP-13306,2024-08-16,2024-08,CUST-1003,PROD-112,EMP-1019,REG-04,Retail Store,4,995.19,0.39,2428.26,2136.87,291.39,3278.15,Completed
ORD-SLUMP-13307,2024-08-16,2024-08,CUST-1157,PROD-113,EMP-1023,REG-04,Direct Online,2,3690.26,0.32,5018.75,4416.5,602.25,6775.31,Completed
ORD-SLUMP-13308,2024-08-16,2024-08,CUST-1036,PROD-108,EMP-1019,REG-03,Direct Online,3,2861.38,0.31,5923.06,5212.29,710.77,7996.13,Completed
ORD-SLUMP-13309,2024-08-16,2024-08,CUST-1276,PROD-112,EMP-1002,REG-03,Direct Online,1,3042.13,0.32,2068.65,1820.41,248.24,2792.68,Completed
ORD-SLUMP-13310,2024-08-16,2024-08,CUST-1008,PROD-107,EMP-1026,REG-05,Enterprise Partner,4,4308.13,0.29,12235.09,10766.88,1468.21,16517.37,Completed
ORD-SLUMP-13311,2024-08-17,2024-08,CUST-1204,PROD-108,EMP-1022,REG-05,Direct Online,3,2315.29,0.32,4723.19,4156.41,566.78,6376.31,Completed
ORD-SLUMP-13312,2024-08-17,2024-08,CUST-1128,PROD-106,EMP-1022,REG-02,Retail Store,7,4233.76,0.39,18078.16,15908.78,2169.38,24405.52,Completed
ORD-SLUMP-13313,2024-08-17,2024-08,CUST-1009,PROD-106,EMP-1006,REG-05,Direct Online,4,3504.63,0.31,9672.78,8512.05,1160.73,13058.25,Completed
ORD-SLUMP-13314,2024-08-17,2024-08,CUST-1115,PROD-109,EMP-1008,REG-04,Enterprise Partner,7,2952.87,0.31,14262.36,12550.88,1711.48,19254.19,Completed
ORD-SLUMP-13315,2024-08-17,2024-08,CUST-1102,PROD-115,EMP-1018,REG-03,Direct Online,6,1372.63,0.31,5682.69,5000.77,681.92,7671.63,Completed
ORD-SLUMP-13316,2024-08-17,2024-08,CUST-1250,PROD-119,EMP-1011,REG-04,Enterprise Partner,4,4110.45,0.36,10522.75,9260.02,1262.73,14205.71,Completed
ORD-SLUMP-13317,2024-08-18,2024-08,CUST-1164,PROD-104,EMP-1023,REG-03,Field Sales,1,1425.35,0.21,1126.03,990.91,135.12,1520.14,Completed
ORD-SLUMP-13318,2024-08-18,2024-08,CUST-1202,PROD-118,EMP-1008,REG-02,Enterprise Partner,3,2107.26,0.39,3856.29,3393.54,462.75,5205.99,Completed
ORD-SLUMP-13319,2024-08-18,2024-08,CUST-1157,PROD-115,EMP-1008,REG-03,Enterprise Partner,7,3936.64,0.27,20116.23,17702.28,2413.95,27156.91,Completed
ORD-SLUMP-13320,2024-08-18,2024-08,CUST-1163,PROD-101,EMP-1029,REG-02,Direct Online,4,1484.02,0.22,4630.14,4074.52,555.62,6250.69,Completed
ORD-SLUMP-13321,2024-08-18,2024-08,CUST-1195,PROD-103,EMP-1017,REG-02,Retail Store,5,3400.88,0.26,12583.26,11073.27,1509.99,16987.4,Completed
ORD-SLUMP-13322,2024-08-19,2024-08,CUST-1028,PROD-107,EMP-1022,REG-03,Direct Online,5,3381.55,0.28,12173.58,10712.75,1460.83,16434.33,Completed
ORD-SLUMP-13323,2024-08-19,2024-08,CUST-1109,PROD-113,EMP-1005,REG-01,Field Sales,4,4304.05,0.37,10846.21,9544.66,1301.55,14642.38,Completed
ORD-SLUMP-13324,2024-08-19,2024-08,CUST-1136,PROD-112,EMP-1009,REG-01,Enterprise Partner,2,2901.86,0.22,4526.9,3983.67,543.23,6111.32,Completed
ORD-SLUMP-13325,2024-08-19,2024-08,CUST-1060,PROD-106,EMP-1019,REG-01,Retail Store,1,3536.77,0.3,2475.74,2178.65,297.09,3342.25,Completed
ORD-SLUMP-13326,2024-08-19,2024-08,CUST-1091,PROD-107,EMP-1029,REG-01,Retail Store,1,1658.28,0.36,1061.3,933.94,127.36,1432.76,Completed
ORD-SLUMP-13327,2024-08-19,2024-08,CUST-1242,PROD-108,EMP-1025,REG-01,Retail Store,4,3112.18,0.31,8589.62,7558.87,1030.75,11595.99,Completed
ORD-SLUMP-13328,2024-08-19,2024-08,CUST-1273,PROD-110,EMP-1004,REG-01,Retail Store,6,4100.47,0.32,16729.92,14722.33,2007.59,22585.39,Completed
ORD-SLUMP-13329,2024-08-19,2024-08,CUST-1143,PROD-119,EMP-1026,REG-01,Direct Online,7,2091.89,0.33,9810.96,8633.64,1177.32,13244.8,Completed
ORD-SLUMP-13330,2024-08-20,2024-08,CUST-1169,PROD-117,EMP-1023,REG-04,Retail Store,7,4146.14,0.26,21477.01,18899.77,2577.24,28993.96,Completed
ORD-SLUMP-13331,2024-08-20,2024-08,CUST-1263,PROD-104,EMP-1028,REG-05,Retail Store,4,3104.71,0.22,9686.7,8524.3,1162.4,13077.05,Completed
ORD-SLUMP-13332,2024-08-20,2024-08,CUST-1003,PROD-111,EMP-1020,REG-03,Field Sales,5,3932.19,0.33,13172.84,11592.1,1580.74,17783.33,Completed
ORD-SLUMP-13333,2024-08-20,2024-08,CUST-1105,PROD-111,EMP-1018,REG-02,Field Sales,3,3474.79,0.32,7088.57,6237.94,850.63,9569.57,Completed
ORD-SLUMP-13334,2024-08-20,2024-08,CUST-1291,PROD-111,EMP-1025,REG-01,Field Sales,4,3731.98,0.26,11046.66,9721.06,1325.6,14912.99,Completed
ORD-SLUMP-13335,2024-08-21,2024-08,CUST-1252,PROD-104,EMP-1025,REG-01,Retail Store,4,1274.54,0.37,3211.84,2826.42,385.42,4335.98,Completed
ORD-SLUMP-13336,2024-08-21,2024-08,CUST-1030,PROD-104,EMP-1003,REG-04,Field Sales,4,2624.37,0.39,6403.46,5635.04,768.42,8644.67,Completed
ORD-SLUMP-13337,2024-08-21,2024-08,CUST-1074,PROD-110,EMP-1010,REG-01,Field Sales,2,4073.33,0.37,5132.4,4516.51,615.89,6928.74,Completed
ORD-SLUMP-13338,2024-08-22,2024-08,CUST-1162,PROD-112,EMP-1028,REG-04,Direct Online,2,2682.37,0.26,3969.91,3493.52,476.39,5359.38,Completed
ORD-SLUMP-13339,2024-08-22,2024-08,CUST-1289,PROD-118,EMP-1018,REG-04,Direct Online,4,3419.24,0.23,10531.26,9267.51,1263.75,14217.2,Completed
ORD-SLUMP-13340,2024-08-22,2024-08,CUST-1192,PROD-113,EMP-1008,REG-03,Field Sales,5,2718.21,0.23,10465.11,9209.3,1255.81,14127.9,Completed
ORD-SLUMP-13341,2024-08-23,2024-08,CUST-1289,PROD-119,EMP-1003,REG-02,Field Sales,3,3641.16,0.25,8192.61,7209.5,983.11,11060.02,Completed
ORD-SLUMP-13342,2024-08-23,2024-08,CUST-1124,PROD-104,EMP-1020,REG-03,Retail Store,5,3524.75,0.26,13041.58,11476.59,1564.99,17606.13,Completed
ORD-SLUMP-13343,2024-08-23,2024-08,CUST-1096,PROD-113,EMP-1009,REG-03,Field Sales,1,4173.63,0.38,2587.65,2277.13,310.52,3493.33,Completed
ORD-SLUMP-13344,2024-08-23,2024-08,CUST-1214,PROD-109,EMP-1007,REG-03,Field Sales,1,1225.36,0.32,833.24,733.25,99.99,1124.87,Completed
ORD-SLUMP-13345,2024-08-24,2024-08,CUST-1242,PROD-112,EMP-1002,REG-01,Direct Online,3,3373.68,0.36,6477.47,5700.17,777.3,8744.58,Completed
ORD-SLUMP-13346,2024-08-24,2024-08,CUST-1122,PROD-105,EMP-1008,REG-05,Direct Online,4,4415.8,0.32,12010.98,10569.66,1441.32,16214.82,Completed
ORD-SLUMP-13347,2024-08-24,2024-08,CUST-1238,PROD-112,EMP-1019,REG-02,Direct Online,3,1143.21,0.38,2126.37,1871.21,255.16,2870.6,Completed
ORD-SLUMP-13348,2024-08-24,2024-08,CUST-1086,PROD-102,EMP-1027,REG-03,Field Sales,3,3976.85,0.3,8351.38,7349.21,1002.17,11274.36,Completed
ORD-SLUMP-13349,2024-08-25,2024-08,CUST-1002,PROD-116,EMP-1011,REG-02,Retail Store,7,1261.32,0.36,5650.71,4972.62,678.09,7628.46,Completed
ORD-SLUMP-13350,2024-08-25,2024-08,CUST-1199,PROD-113,EMP-1002,REG-03,Enterprise Partner,7,1770.44,0.37,7807.64,6870.72,936.92,10540.31,Completed
ORD-SLUMP-13351,2024-08-25,2024-08,CUST-1207,PROD-115,EMP-1020,REG-01,Direct Online,6,1574.46,0.27,6896.13,6068.59,827.54,9309.78,Completed
ORD-SLUMP-13352,2024-08-26,2024-08,CUST-1279,PROD-101,EMP-1006,REG-03,Direct Online,6,1639.68,0.36,6296.37,5540.81,755.56,8500.1,Completed
ORD-SLUMP-13353,2024-08-26,2024-08,CUST-1196,PROD-110,EMP-1006,REG-05,Retail Store,4,1467.63,0.38,3639.72,3202.95,436.77,4913.62,Completed
ORD-SLUMP-13354,2024-08-26,2024-08,CUST-1273,PROD-101,EMP-1027,REG-03,Enterprise Partner,6,1953.75,0.22,9143.55,8046.32,1097.23,12343.79,Completed
ORD-SLUMP-13355,2024-08-26,2024-08,CUST-1282,PROD-114,EMP-1012,REG-02,Enterprise Partner,6,2274.32,0.38,8460.47,7445.21,1015.26,11421.63,Completed
ORD-SLUMP-13356,2024-08-26,2024-08,CUST-1274,PROD-117,EMP-1001,REG-01,Retail Store,6,4079.61,0.39,14931.37,13139.61,1791.76,20157.35,Completed
ORD-SLUMP-13357,2024-08-26,2024-08,CUST-1134,PROD-101,EMP-1011,REG-03,Direct Online,1,4327.58,0.31,2986.03,2627.71,358.32,4031.14,Completed
ORD-SLUMP-13358,2024-08-26,2024-08,CUST-1278,PROD-104,EMP-1011,REG-03,Direct Online,2,2242.17,0.38,2780.29,2446.66,333.63,3753.39,Completed
ORD-SLUMP-13359,2024-08-27,2024-08,CUST-1215,PROD-103,EMP-1024,REG-05,Direct Online,3,3497.74,0.23,8079.78,7110.21,969.57,10907.7,Completed
ORD-SLUMP-13360,2024-08-27,2024-08,CUST-1067,PROD-110,EMP-1002,REG-02,Retail Store,4,3206.31,0.38,7951.65,6997.45,954.2,10734.73,Completed
ORD-SLUMP-13361,2024-08-27,2024-08,CUST-1292,PROD-112,EMP-1018,REG-05,Enterprise Partner,2,3691.39,0.39,4503.5,3963.08,540.42,6079.72,Completed
ORD-SLUMP-13362,2024-08-27,2024-08,CUST-1292,PROD-109,EMP-1028,REG-04,Enterprise Partner,2,3597.28,0.35,4676.46,4115.28,561.18,6313.22,Completed
ORD-SLUMP-13363,2024-08-27,2024-08,CUST-1280,PROD-102,EMP-1013,REG-03,Field Sales,6,3800.35,0.3,15961.47,14046.09,1915.38,21547.98,Completed
ORD-SLUMP-13364,2024-08-28,2024-08,CUST-1281,PROD-119,EMP-1016,REG-04,Retail Store,2,1476.34,0.23,2273.56,2000.73,272.83,3069.31,Completed
ORD-SLUMP-13365,2024-08-28,2024-08,CUST-1289,PROD-108,EMP-1020,REG-02,Field Sales,7,2768.81,0.39,11822.82,10404.08,1418.74,15960.81,Completed
ORD-SLUMP-13366,2024-08-28,2024-08,CUST-1276,PROD-102,EMP-1024,REG-04,Direct Online,6,1376.37,0.24,6276.25,5523.1,753.15,8472.94,Completed
ORD-SLUMP-13367,2024-08-28,2024-08,CUST-1045,PROD-115,EMP-1004,REG-04,Enterprise Partner,1,1084.72,0.27,791.85,696.83,95.02,1069.0,Completed
ORD-SLUMP-13368,2024-08-28,2024-08,CUST-1155,PROD-106,EMP-1020,REG-02,Enterprise Partner,3,4219.4,0.31,8734.16,7686.06,1048.1,11791.12,Completed
ORD-SLUMP-13369,2024-08-28,2024-08,CUST-1143,PROD-107,EMP-1015,REG-01,Field Sales,4,2219.2,0.32,6036.22,5311.87,724.35,8148.9,Completed
ORD-SLUMP-13370,2024-08-29,2024-08,CUST-1140,PROD-102,EMP-1029,REG-02,Direct Online,1,2520.46,0.34,1663.5,1463.88,199.62,2245.73,Completed
ORD-SLUMP-13371,2024-08-29,2024-08,CUST-1280,PROD-118,EMP-1002,REG-05,Retail Store,3,1313.66,0.29,2798.1,2462.33,335.77,3777.44,Completed
ORD-SLUMP-13372,2024-08-30,2024-08,CUST-1152,PROD-115,EMP-1012,REG-02,Field Sales,5,3790.2,0.25,14213.25,12507.66,1705.59,19187.89,Completed
ORD-SLUMP-13373,2024-08-30,2024-08,CUST-1257,PROD-112,EMP-1001,REG-01,Field Sales,4,2080.43,0.29,5908.42,5199.41,709.01,7976.37,Completed
ORD-SLUMP-13374,2024-08-30,2024-08,CUST-1016,PROD-119,EMP-1010,REG-03,Direct Online,5,3975.29,0.38,12323.4,10844.59,1478.81,16636.59,Completed
ORD-SLUMP-13375,2024-08-30,2024-08,CUST-1217,PROD-119,EMP-1012,REG-02,Retail Store,1,2006.93,0.2,1605.54,1412.88,192.66,2167.48,Completed
ORD-SLUMP-13376,2024-08-30,2024-08,CUST-1121,PROD-108,EMP-1009,REG-01,Retail Store,7,2226.6,0.37,9819.31,8640.99,1178.32,13256.07,Completed
ORD-SLUMP-13377,2024-08-31,2024-08,CUST-1124,PROD-105,EMP-1020,REG-04,Field Sales,1,3092.96,0.35,2010.42,1769.17,241.25,2714.07,Completed
ORD-SLUMP-13378,2024-09-01,2024-09,CUST-1117,PROD-103,EMP-1016,REG-04,Field Sales,6,2092.25,0.29,8912.98,7843.42,1069.56,12032.52,Completed
ORD-SLUMP-13379,2024-09-01,2024-09,CUST-1263,PROD-102,EMP-1016,REG-05,Enterprise Partner,4,3805.63,0.39,9285.74,8171.45,1114.29,12535.75,Completed
ORD-SLUMP-13380,2024-09-02,2024-09,CUST-1137,PROD-117,EMP-1013,REG-03,Field Sales,5,2710.4,0.26,10028.48,8825.06,1203.42,13538.45,Completed
ORD-SLUMP-13381,2024-09-02,2024-09,CUST-1245,PROD-112,EMP-1007,REG-02,Field Sales,3,2231.26,0.32,4551.77,4005.56,546.21,6144.89,Completed
ORD-SLUMP-13382,2024-09-02,2024-09,CUST-1246,PROD-116,EMP-1008,REG-05,Retail Store,2,1865.05,0.25,2797.58,2461.87,335.71,3776.73,Completed
ORD-SLUMP-13383,2024-09-02,2024-09,CUST-1257,PROD-102,EMP-1006,REG-01,Enterprise Partner,3,4304.35,0.3,9039.14,7954.44,1084.7,12202.84,Completed
ORD-SLUMP-13384,2024-09-03,2024-09,CUST-1181,PROD-101,EMP-1029,REG-03,Enterprise Partner,1,878.33,0.27,641.18,564.24,76.94,865.59,Completed
ORD-SLUMP-13385,2024-09-03,2024-09,CUST-1189,PROD-114,EMP-1007,REG-04,Field Sales,6,2818.35,0.33,11329.77,9970.2,1359.57,15295.19,Completed
ORD-SLUMP-13386,2024-09-03,2024-09,CUST-1208,PROD-107,EMP-1004,REG-04,Direct Online,3,3474.7,0.29,7401.11,6512.98,888.13,9991.5,Completed
ORD-SLUMP-13387,2024-09-04,2024-09,CUST-1261,PROD-119,EMP-1022,REG-01,Retail Store,4,4242.39,0.33,11369.61,10005.26,1364.35,15348.97,Completed
ORD-SLUMP-13388,2024-09-04,2024-09,CUST-1207,PROD-114,EMP-1018,REG-01,Enterprise Partner,4,1648.02,0.38,4087.09,3596.64,490.45,5517.57,Completed
ORD-SLUMP-13389,2024-09-04,2024-09,CUST-1147,PROD-118,EMP-1017,REG-02,Retail Store,4,3412.51,0.2,10920.03,9609.63,1310.4,14742.04,Completed
ORD-SLUMP-13390,2024-09-04,2024-09,CUST-1169,PROD-113,EMP-1018,REG-01,Field Sales,5,4433.2,0.32,15072.88,13264.13,1808.75,20348.39,Completed
ORD-SLUMP-13391,2024-09-04,2024-09,CUST-1206,PROD-111,EMP-1013,REG-04,Retail Store,1,951.64,0.3,666.15,586.21,79.94,899.3,Completed
ORD-SLUMP-13392,2024-09-05,2024-09,CUST-1032,PROD-111,EMP-1003,REG-04,Field Sales,5,3441.28,0.22,13420.99,11810.47,1610.52,18118.34,Completed
ORD-SLUMP-13393,2024-09-05,2024-09,CUST-1291,PROD-114,EMP-1005,REG-02,Enterprise Partner,1,1126.78,0.35,732.41,644.52,87.89,988.75,Completed
ORD-SLUMP-13394,2024-09-05,2024-09,CUST-1092,PROD-114,EMP-1004,REG-01,Enterprise Partner,4,2514.53,0.29,7141.27,6284.32,856.95,9640.71,Completed
ORD-SLUMP-13395,2024-09-05,2024-09,CUST-1120,PROD-110,EMP-1006,REG-03,Direct Online,3,3855.81,0.26,8559.9,7532.71,1027.19,11555.86,Completed
ORD-SLUMP-13396,2024-09-06,2024-09,CUST-1158,PROD-102,EMP-1010,REG-03,Enterprise Partner,7,1691.25,0.29,8405.51,7396.85,1008.66,11347.44,Completed
ORD-SLUMP-13397,2024-09-06,2024-09,CUST-1073,PROD-116,EMP-1020,REG-03,Field Sales,4,1998.53,0.35,5196.18,4572.64,623.54,7014.84,Completed
ORD-SLUMP-13398,2024-09-06,2024-09,CUST-1046,PROD-119,EMP-1001,REG-01,Retail Store,3,3723.22,0.33,7483.67,6585.63,898.04,10102.95,Completed
ORD-SLUMP-13399,2024-09-06,2024-09,CUST-1173,PROD-103,EMP-1010,REG-02,Retail Store,6,2220.04,0.26,9856.98,8674.14,1182.84,13306.92,Completed
ORD-SLUMP-13400,2024-09-06,2024-09,CUST-1216,PROD-105,EMP-1029,REG-05,Retail Store,7,3266.28,0.38,14175.66,12474.58,1701.08,19137.14,Completed
ORD-SLUMP-13401,2024-09-06,2024-09,CUST-1244,PROD-107,EMP-1015,REG-02,Field Sales,5,3531.46,0.21,13949.27,12275.36,1673.91,18831.51,Completed
ORD-SLUMP-13402,2024-09-06,2024-09,CUST-1099,PROD-118,EMP-1009,REG-05,Direct Online,7,2096.04,0.34,9683.7,8521.66,1162.04,13073.0,Completed
ORD-SLUMP-13403,2024-09-07,2024-09,CUST-1182,PROD-119,EMP-1002,REG-04,Retail Store,4,886.21,0.22,2764.98,2433.18,331.8,3732.72,Completed
ORD-SLUMP-13404,2024-09-07,2024-09,CUST-1035,PROD-110,EMP-1024,REG-01,Retail Store,4,1839.76,0.36,4709.79,4144.62,565.17,6358.22,Completed
ORD-SLUMP-13405,2024-09-07,2024-09,CUST-1201,PROD-114,EMP-1022,REG-04,Retail Store,2,815.22,0.27,1190.22,1047.39,142.83,1606.8,Completed
ORD-SLUMP-13406,2024-09-07,2024-09,CUST-1149,PROD-105,EMP-1010,REG-05,Enterprise Partner,7,2682.27,0.37,11828.81,10409.35,1419.46,15968.89,Completed
ORD-SLUMP-13407,2024-09-08,2024-09,CUST-1018,PROD-104,EMP-1012,REG-02,Direct Online,7,3641.12,0.31,17586.61,15476.22,2110.39,23741.92,Completed
ORD-SLUMP-13408,2024-09-08,2024-09,CUST-1034,PROD-116,EMP-1020,REG-03,Retail Store,2,3125.42,0.32,4250.57,3740.5,510.07,5738.27,Completed
ORD-SLUMP-13409,2024-09-08,2024-09,CUST-1283,PROD-117,EMP-1010,REG-01,Direct Online,2,3391.53,0.34,4476.82,3939.6,537.22,6043.71,Completed
ORD-SLUMP-13410,2024-09-08,2024-09,CUST-1023,PROD-111,EMP-1017,REG-02,Enterprise Partner,2,4050.0,0.25,6075.0,5346.0,729.0,8201.25,Completed
ORD-SLUMP-13411,2024-09-08,2024-09,CUST-1111,PROD-108,EMP-1026,REG-05,Field Sales,7,4400.4,0.36,19713.79,17348.14,2365.65,26613.62,Completed
ORD-SLUMP-13412,2024-09-09,2024-09,CUST-1104,PROD-118,EMP-1019,REG-02,Enterprise Partner,5,852.72,0.35,2771.34,2438.78,332.56,3741.31,Completed
ORD-SLUMP-13413,2024-09-09,2024-09,CUST-1005,PROD-109,EMP-1013,REG-04,Retail Store,2,2912.26,0.31,4018.92,3536.65,482.27,5425.54,Completed
ORD-SLUMP-13414,2024-09-09,2024-09,CUST-1288,PROD-101,EMP-1019,REG-04,Retail Store,7,1910.67,0.34,8827.3,7768.02,1059.28,11916.86,Completed
ORD-SLUMP-13415,2024-09-10,2024-09,CUST-1150,PROD-103,EMP-1008,REG-05,Field Sales,1,1588.84,0.23,1223.41,1076.6,146.81,1651.6,Completed
ORD-SLUMP-13416,2024-09-10,2024-09,CUST-1074,PROD-104,EMP-1012,REG-01,Enterprise Partner,3,3188.26,0.21,7556.18,6649.44,906.74,10200.84,Completed
ORD-SLUMP-13417,2024-09-10,2024-09,CUST-1038,PROD-102,EMP-1026,REG-01,Enterprise Partner,6,4444.22,0.34,17599.11,15487.22,2111.89,23758.8,Completed
ORD-SLUMP-13418,2024-09-10,2024-09,CUST-1080,PROD-106,EMP-1027,REG-01,Enterprise Partner,4,2680.87,0.36,6863.03,6039.47,823.56,9265.09,Completed
ORD-SLUMP-13419,2024-09-10,2024-09,CUST-1213,PROD-101,EMP-1025,REG-05,Field Sales,5,3481.15,0.21,13750.54,12100.48,1650.06,18563.23,Completed
ORD-SLUMP-13420,2024-09-11,2024-09,CUST-1140,PROD-110,EMP-1008,REG-04,Direct Online,2,2435.92,0.21,3848.75,3386.9,461.85,5195.81,Completed
ORD-SLUMP-13421,2024-09-11,2024-09,CUST-1220,PROD-109,EMP-1016,REG-02,Enterprise Partner,4,4152.82,0.32,11295.67,9940.19,1355.48,15249.15,Completed
ORD-SLUMP-13422,2024-09-11,2024-09,CUST-1211,PROD-104,EMP-1013,REG-01,Retail Store,3,4238.23,0.36,8137.4,7160.91,976.49,10985.49,Completed
ORD-SLUMP-13423,2024-09-12,2024-09,CUST-1229,PROD-118,EMP-1025,REG-03,Retail Store,5,3706.34,0.36,11860.29,10437.06,1423.23,16011.39,Completed
ORD-SLUMP-13424,2024-09-12,2024-09,CUST-1166,PROD-109,EMP-1023,REG-01,Direct Online,3,3536.95,0.37,6684.84,5882.66,802.18,9024.53,Completed
ORD-SLUMP-13425,2024-09-12,2024-09,CUST-1035,PROD-112,EMP-1001,REG-01,Direct Online,3,3986.36,0.36,7653.81,6735.35,918.46,10332.64,Completed
ORD-SLUMP-13426,2024-09-12,2024-09,CUST-1155,PROD-116,EMP-1009,REG-05,Enterprise Partner,3,3540.03,0.24,8071.27,7102.72,968.55,10896.21,Completed
ORD-SLUMP-13427,2024-09-12,2024-09,CUST-1073,PROD-104,EMP-1013,REG-04,Retail Store,5,1594.87,0.3,5582.04,4912.2,669.84,7535.75,Completed
ORD-SLUMP-13428,2024-09-12,2024-09,CUST-1214,PROD-108,EMP-1004,REG-05,Direct Online,6,1914.74,0.35,7467.49,6571.39,896.1,10081.11,Completed
ORD-SLUMP-13429,2024-09-12,2024-09,CUST-1290,PROD-119,EMP-1029,REG-02,Field Sales,7,3937.37,0.27,20119.96,17705.56,2414.4,27161.95,Completed
ORD-SLUMP-13430,2024-09-13,2024-09,CUST-1078,PROD-119,EMP-1001,REG-03,Enterprise Partner,3,4089.89,0.26,9079.56,7990.01,1089.55,12257.41,Completed
ORD-SLUMP-13431,2024-09-13,2024-09,CUST-1018,PROD-105,EMP-1012,REG-05,Direct Online,2,3166.54,0.38,3926.51,3455.33,471.18,5300.79,Completed
ORD-SLUMP-13432,2024-09-13,2024-09,CUST-1189,PROD-104,EMP-1023,REG-04,Enterprise Partner,3,1448.36,0.3,3041.56,2676.57,364.99,4106.11,Completed
ORD-SLUMP-13433,2024-09-13,2024-09,CUST-1247,PROD-118,EMP-1014,REG-02,Retail Store,6,1393.77,0.21,6606.47,5813.69,792.78,8918.73,Completed
ORD-SLUMP-13434,2024-09-13,2024-09,CUST-1052,PROD-116,EMP-1008,REG-01,Direct Online,1,2594.36,0.27,1893.88,1666.61,227.27,2556.74,Completed
ORD-SLUMP-13435,2024-09-13,2024-09,CUST-1014,PROD-106,EMP-1019,REG-05,Retail Store,3,3532.05,0.31,7311.34,6433.98,877.36,9870.31,Completed
ORD-SLUMP-13436,2024-09-14,2024-09,CUST-1151,PROD-116,EMP-1003,REG-05,Field Sales,1,2117.4,0.28,1524.53,1341.59,182.94,2058.12,Completed
ORD-SLUMP-13437,2024-09-14,2024-09,CUST-1215,PROD-117,EMP-1011,REG-05,Direct Online,5,4407.08,0.39,13441.59,11828.6,1612.99,18146.15,Completed
ORD-SLUMP-13438,2024-09-14,2024-09,CUST-1172,PROD-110,EMP-1023,REG-04,Direct Online,7,2656.19,0.24,14130.93,12435.22,1695.71,19076.76,Completed
ORD-SLUMP-13439,2024-09-14,2024-09,CUST-1090,PROD-105,EMP-1024,REG-02,Retail Store,3,4204.36,0.38,7820.11,6881.7,938.41,10557.15,Completed
ORD-SLUMP-13440,2024-09-14,2024-09,CUST-1035,PROD-116,EMP-1004,REG-03,Direct Online,6,4334.7,0.34,17165.41,15105.56,2059.85,23173.3,Completed
ORD-SLUMP-13441,2024-09-14,2024-09,CUST-1071,PROD-119,EMP-1010,REG-02,Enterprise Partner,3,1408.39,0.39,2577.35,2268.07,309.28,3479.42,Completed
ORD-SLUMP-13442,2024-09-14,2024-09,CUST-1270,PROD-112,EMP-1023,REG-04,Field Sales,7,4068.48,0.26,21074.73,18545.76,2528.97,28450.89,Completed
ORD-SLUMP-13443,2024-09-14,2024-09,CUST-1105,PROD-114,EMP-1004,REG-01,Direct Online,5,2729.84,0.38,8462.5,7447.0,1015.5,11424.38,Completed
ORD-SLUMP-13444,2024-09-15,2024-09,CUST-1171,PROD-103,EMP-1018,REG-02,Direct Online,5,2071.62,0.31,7147.09,6289.44,857.65,9648.57,Completed
ORD-SLUMP-13445,2024-09-15,2024-09,CUST-1002,PROD-111,EMP-1003,REG-05,Field Sales,5,2483.16,0.39,7573.64,6664.8,908.84,10224.41,Completed
ORD-SLUMP-13446,2024-09-15,2024-09,CUST-1166,PROD-111,EMP-1028,REG-03,Retail Store,6,1471.76,0.25,6622.92,5828.17,794.75,8940.94,Completed
ORD-SLUMP-13447,2024-09-15,2024-09,CUST-1225,PROD-106,EMP-1011,REG-04,Field Sales,7,1207.99,0.39,5158.12,4539.15,618.97,6963.46,Completed
ORD-SLUMP-13448,2024-09-15,2024-09,CUST-1036,PROD-108,EMP-1014,REG-04,Field Sales,4,2565.14,0.33,6874.58,6049.63,824.95,9280.68,Completed
ORD-SLUMP-13449,2024-09-15,2024-09,CUST-1180,PROD-113,EMP-1004,REG-01,Field Sales,4,2316.74,0.2,7413.57,6523.94,889.63,10008.32,Completed
ORD-SLUMP-13450,2024-09-15,2024-09,CUST-1152,PROD-119,EMP-1015,REG-02,Enterprise Partner,2,3375.74,0.23,5198.64,4574.8,623.84,7018.16,Completed
ORD-SLUMP-13451,2024-09-15,2024-09,CUST-1243,PROD-105,EMP-1021,REG-05,Enterprise Partner,1,2554.65,0.32,1737.16,1528.7,208.46,2345.17,Completed
ORD-SLUMP-13452,2024-09-16,2024-09,CUST-1022,PROD-106,EMP-1028,REG-01,Field Sales,4,890.11,0.39,2171.87,1911.25,260.62,2932.02,Completed
ORD-SLUMP-13453,2024-09-16,2024-09,CUST-1180,PROD-113,EMP-1023,REG-02,Field Sales,7,2185.35,0.32,10402.27,9154.0,1248.27,14043.06,Completed
ORD-SLUMP-13454,2024-09-16,2024-09,CUST-1190,PROD-103,EMP-1025,REG-02,Field Sales,6,4386.19,0.28,18948.34,16674.54,2273.8,25580.26,Completed
ORD-SLUMP-13455,2024-09-16,2024-09,CUST-1124,PROD-110,EMP-1005,REG-03,Enterprise Partner,6,3964.92,0.38,14749.5,12979.56,1769.94,19911.82,Completed
ORD-SLUMP-13456,2024-09-17,2024-09,CUST-1080,PROD-117,EMP-1026,REG-05,Retail Store,7,2718.23,0.23,14651.26,12893.11,1758.15,19779.2,Completed
ORD-SLUMP-13457,2024-09-17,2024-09,CUST-1080,PROD-117,EMP-1027,REG-05,Enterprise Partner,5,3118.53,0.34,10291.15,9056.21,1234.94,13893.05,Completed
ORD-SLUMP-13458,2024-09-17,2024-09,CUST-1201,PROD-112,EMP-1018,REG-03,Enterprise Partner,1,3311.42,0.37,2086.19,1835.85,250.34,2816.36,Completed
ORD-SLUMP-13459,2024-09-17,2024-09,CUST-1273,PROD-110,EMP-1027,REG-01,Retail Store,5,1567.77,0.25,5879.14,5173.64,705.5,7936.84,Completed
ORD-SLUMP-13460,2024-09-18,2024-09,CUST-1093,PROD-105,EMP-1017,REG-02,Enterprise Partner,5,2446.72,0.25,9175.2,8074.18,1101.02,12386.52,Completed
ORD-SLUMP-13461,2024-09-18,2024-09,CUST-1255,PROD-107,EMP-1022,REG-03,Retail Store,1,1970.1,0.37,1241.16,1092.22,148.94,1675.57,Completed
ORD-SLUMP-13462,2024-09-18,2024-09,CUST-1253,PROD-107,EMP-1009,REG-01,Field Sales,1,3154.32,0.27,2302.65,2026.33,276.32,3108.58,Completed
ORD-SLUMP-13463,2024-09-18,2024-09,CUST-1066,PROD-116,EMP-1016,REG-03,Enterprise Partner,3,2905.57,0.33,5840.2,5139.38,700.82,7884.27,Completed
ORD-SLUMP-13464,2024-09-18,2024-09,CUST-1204,PROD-117,EMP-1025,REG-04,Enterprise Partner,4,2675.41,0.21,8454.3,7439.78,1014.52,11413.3,Completed
ORD-SLUMP-13465,2024-09-18,2024-09,CUST-1064,PROD-109,EMP-1011,REG-02,Field Sales,1,1573.87,0.33,1054.49,927.95,126.54,1423.56,Completed
ORD-SLUMP-13466,2024-09-19,2024-09,CUST-1235,PROD-115,EMP-1015,REG-04,Field Sales,5,3131.54,0.27,11430.12,10058.51,1371.61,15430.66,Completed
ORD-SLUMP-13467,2024-09-19,2024-09,CUST-1099,PROD-110,EMP-1014,REG-05,Direct Online,2,4423.08,0.27,6457.7,5682.78,774.92,8717.9,Completed
ORD-SLUMP-13468,2024-09-19,2024-09,CUST-1152,PROD-114,EMP-1007,REG-02,Enterprise Partner,7,3945.91,0.23,21268.45,18716.24,2552.21,28712.41,Completed
ORD-SLUMP-13469,2024-09-19,2024-09,CUST-1264,PROD-117,EMP-1009,REG-02,Retail Store,3,1498.35,0.23,3461.19,3045.85,415.34,4672.61,Completed
ORD-SLUMP-13470,2024-09-19,2024-09,CUST-1200,PROD-117,EMP-1015,REG-02,Field Sales,5,1175.39,0.26,4348.94,3827.07,521.87,5871.07,Completed
ORD-SLUMP-13471,2024-09-19,2024-09,CUST-1280,PROD-101,EMP-1003,REG-03,Field Sales,2,1875.3,0.3,2625.42,2310.37,315.05,3544.32,Completed
ORD-SLUMP-13472,2024-09-20,2024-09,CUST-1067,PROD-105,EMP-1015,REG-05,Enterprise Partner,4,851.1,0.31,2349.04,2067.16,281.88,3171.2,Completed
ORD-SLUMP-13473,2024-09-20,2024-09,CUST-1066,PROD-107,EMP-1015,REG-04,Field Sales,1,1004.76,0.24,763.62,671.99,91.63,1030.89,Completed
ORD-SLUMP-13474,2024-09-20,2024-09,CUST-1235,PROD-112,EMP-1016,REG-01,Field Sales,1,3208.8,0.23,2470.78,2174.29,296.49,3335.55,Completed
ORD-SLUMP-13475,2024-09-20,2024-09,CUST-1166,PROD-106,EMP-1016,REG-05,Direct Online,3,2205.32,0.22,5160.45,4541.2,619.25,6966.61,Completed
ORD-SLUMP-13476,2024-09-20,2024-09,CUST-1167,PROD-113,EMP-1004,REG-01,Field Sales,7,2695.21,0.38,11697.21,10293.54,1403.67,15791.23,Completed
ORD-SLUMP-13477,2024-09-20,2024-09,CUST-1218,PROD-109,EMP-1028,REG-05,Enterprise Partner,7,1996.05,0.31,9640.92,8484.01,1156.91,13015.24,Completed
ORD-SLUMP-13478,2024-09-21,2024-09,CUST-1130,PROD-102,EMP-1014,REG-02,Field Sales,3,3045.37,0.24,6943.44,6110.23,833.21,9373.64,Completed
ORD-SLUMP-13479,2024-09-21,2024-09,CUST-1025,PROD-111,EMP-1029,REG-03,Field Sales,4,1516.37,0.32,4124.53,3629.59,494.94,5568.12,Completed
ORD-SLUMP-13480,2024-09-21,2024-09,CUST-1145,PROD-119,EMP-1023,REG-04,Retail Store,2,3559.05,0.38,4413.22,3883.63,529.59,5957.85,Completed
ORD-SLUMP-13481,2024-09-22,2024-09,CUST-1014,PROD-101,EMP-1022,REG-05,Field Sales,5,2347.41,0.4,7042.23,6197.16,845.07,9507.01,Completed
ORD-SLUMP-13482,2024-09-22,2024-09,CUST-1047,PROD-101,EMP-1013,REG-02,Field Sales,4,1766.0,0.39,4309.04,3791.96,517.08,5817.2,Completed
ORD-SLUMP-13483,2024-09-22,2024-09,CUST-1163,PROD-104,EMP-1006,REG-05,Field Sales,1,2566.94,0.23,1976.54,1739.36,237.18,2668.33,Completed
ORD-SLUMP-13484,2024-09-22,2024-09,CUST-1272,PROD-118,EMP-1029,REG-05,Field Sales,1,3457.75,0.25,2593.31,2282.11,311.2,3500.97,Completed
ORD-SLUMP-13485,2024-09-22,2024-09,CUST-1025,PROD-116,EMP-1029,REG-03,Enterprise Partner,7,965.72,0.2,5408.03,4759.07,648.96,7300.84,Completed
ORD-SLUMP-13486,2024-09-22,2024-09,CUST-1280,PROD-119,EMP-1025,REG-01,Direct Online,1,1416.91,0.34,935.16,822.94,112.22,1262.47,Completed
ORD-SLUMP-13487,2024-09-22,2024-09,CUST-1234,PROD-107,EMP-1027,REG-04,Field Sales,5,1087.39,0.31,3751.5,3301.32,450.18,5064.53,Completed
ORD-SLUMP-13488,2024-09-22,2024-09,CUST-1249,PROD-101,EMP-1007,REG-04,Field Sales,5,1050.14,0.3,3675.49,3234.43,441.06,4961.91,Completed
ORD-SLUMP-13489,2024-09-23,2024-09,CUST-1272,PROD-101,EMP-1012,REG-01,Field Sales,7,2304.83,0.26,11939.02,10506.34,1432.68,16117.68,Completed
ORD-SLUMP-13490,2024-09-23,2024-09,CUST-1252,PROD-119,EMP-1005,REG-03,Retail Store,3,1285.91,0.35,2507.52,2206.62,300.9,3385.15,Completed
ORD-SLUMP-13491,2024-09-23,2024-09,CUST-1203,PROD-115,EMP-1015,REG-03,Direct Online,3,877.47,0.35,1711.07,1505.74,205.33,2309.94,Completed
ORD-SLUMP-13492,2024-09-23,2024-09,CUST-1030,PROD-110,EMP-1019,REG-04,Enterprise Partner,5,3533.13,0.24,13425.89,11814.78,1611.11,18124.95,Completed
ORD-SLUMP-13493,2024-09-23,2024-09,CUST-1176,PROD-109,EMP-1021,REG-03,Retail Store,6,1436.07,0.25,6462.32,5686.84,775.48,8724.13,Completed
ORD-SLUMP-13494,2024-09-24,2024-09,CUST-1258,PROD-104,EMP-1004,REG-05,Direct Online,7,2353.87,0.28,11863.5,10439.88,1423.62,16015.72,Completed
ORD-SLUMP-13495,2024-09-24,2024-09,CUST-1092,PROD-110,EMP-1025,REG-02,Retail Store,6,3208.43,0.25,14437.93,12705.38,1732.55,19491.21,Completed
ORD-SLUMP-13496,2024-09-24,2024-09,CUST-1004,PROD-109,EMP-1011,REG-03,Enterprise Partner,1,1303.94,0.23,1004.03,883.55,120.48,1355.44,Completed
ORD-SLUMP-13497,2024-09-25,2024-09,CUST-1282,PROD-102,EMP-1020,REG-01,Retail Store,5,3890.22,0.3,13615.77,11981.88,1633.89,18381.29,Completed
ORD-SLUMP-13498,2024-09-25,2024-09,CUST-1108,PROD-101,EMP-1018,REG-05,Retail Store,3,1955.12,0.2,4692.29,4129.22,563.07,6334.59,Completed
ORD-SLUMP-13499,2024-09-25,2024-09,CUST-1153,PROD-103,EMP-1009,REG-02,Direct Online,1,2148.32,0.4,1288.99,1134.31,154.68,1740.14,Completed
ORD-SLUMP-13500,2024-09-25,2024-09,CUST-1035,PROD-104,EMP-1029,REG-03,Retail Store,7,2671.42,0.27,13650.96,12012.84,1638.12,18428.8,Completed
ORD-SLUMP-13501,2024-09-25,2024-09,CUST-1024,PROD-107,EMP-1005,REG-05,Enterprise Partner,1,4115.58,0.27,3004.37,2643.85,360.52,4055.9,Completed
ORD-SLUMP-13502,2024-09-25,2024-09,CUST-1214,PROD-110,EMP-1013,REG-03,Enterprise Partner,5,3861.65,0.25,14481.19,12743.45,1737.74,19549.61,Completed
ORD-SLUMP-13503,2024-09-25,2024-09,CUST-1084,PROD-111,EMP-1020,REG-05,Direct Online,6,3761.57,0.21,17829.84,15690.26,2139.58,24070.28,Completed
ORD-SLUMP-13504,2024-09-25,2024-09,CUST-1019,PROD-103,EMP-1015,REG-03,Enterprise Partner,5,3680.89,0.3,12883.12,11337.15,1545.97,17392.21,Completed
ORD-SLUMP-13505,2024-09-26,2024-09,CUST-1235,PROD-108,EMP-1009,REG-02,Enterprise Partner,6,3295.62,0.34,13050.66,11484.58,1566.08,17618.39,Completed
ORD-SLUMP-13506,2024-09-26,2024-09,CUST-1014,PROD-114,EMP-1009,REG-03,Field Sales,1,1234.54,0.36,790.11,695.3,94.81,1066.65,Completed
ORD-SLUMP-13507,2024-09-26,2024-09,CUST-1235,PROD-116,EMP-1018,REG-01,Enterprise Partner,2,3623.43,0.28,5217.74,4591.61,626.13,7043.95,Completed
ORD-SLUMP-13508,2024-09-26,2024-09,CUST-1176,PROD-117,EMP-1027,REG-02,Retail Store,7,950.4,0.29,4723.49,4156.67,566.82,6376.71,Completed
ORD-SLUMP-13509,2024-09-26,2024-09,CUST-1127,PROD-110,EMP-1013,REG-04,Direct Online,6,2500.48,0.22,11702.25,10297.98,1404.27,15798.04,Completed
ORD-SLUMP-13510,2024-09-26,2024-09,CUST-1233,PROD-119,EMP-1025,REG-04,Direct Online,5,1985.25,0.23,7643.21,6726.02,917.19,10318.33,Completed
ORD-SLUMP-13511,2024-09-26,2024-09,CUST-1051,PROD-109,EMP-1011,REG-05,Direct Online,5,2538.53,0.34,8377.15,7371.89,1005.26,11309.15,Completed
ORD-SLUMP-13512,2024-09-26,2024-09,CUST-1219,PROD-101,EMP-1012,REG-03,Field Sales,3,2071.15,0.2,4970.76,4374.27,596.49,6710.53,Completed
ORD-SLUMP-13513,2024-09-27,2024-09,CUST-1107,PROD-111,EMP-1007,REG-01,Field Sales,2,1339.9,0.22,2090.24,1839.41,250.83,2821.82,Completed
ORD-SLUMP-13514,2024-09-27,2024-09,CUST-1100,PROD-115,EMP-1012,REG-01,Direct Online,7,2121.16,0.31,10245.2,9015.78,1229.42,13831.02,Completed
ORD-SLUMP-13515,2024-09-27,2024-09,CUST-1053,PROD-107,EMP-1003,REG-02,Direct Online,2,949.04,0.37,1195.79,1052.3,143.49,1614.32,Completed
ORD-SLUMP-13516,2024-09-27,2024-09,CUST-1296,PROD-104,EMP-1005,REG-04,Enterprise Partner,7,2869.47,0.29,14261.27,12549.92,1711.35,19252.71,Completed
ORD-SLUMP-13517,2024-09-28,2024-09,CUST-1012,PROD-107,EMP-1022,REG-04,Retail Store,7,4263.4,0.23,22979.73,20222.16,2757.57,31022.64,Completed
ORD-SLUMP-13518,2024-09-28,2024-09,CUST-1084,PROD-108,EMP-1010,REG-03,Direct Online,2,2685.17,0.31,3705.53,3260.87,444.66,5002.47,Completed
ORD-SLUMP-13519,2024-09-28,2024-09,CUST-1267,PROD-106,EMP-1001,REG-02,Field Sales,7,2102.24,0.23,11331.07,9971.34,1359.73,15296.94,Completed
ORD-SLUMP-13520,2024-09-28,2024-09,CUST-1162,PROD-107,EMP-1015,REG-01,Enterprise Partner,4,2183.98,0.38,5416.27,4766.32,649.95,7311.96,Completed
ORD-SLUMP-13521,2024-09-28,2024-09,CUST-1218,PROD-104,EMP-1020,REG-01,Enterprise Partner,5,2711.75,0.33,9084.36,7994.24,1090.12,12263.89,Completed
ORD-SLUMP-13522,2024-09-28,2024-09,CUST-1264,PROD-107,EMP-1026,REG-04,Enterprise Partner,5,2902.57,0.37,9143.1,8045.93,1097.17,12343.19,Completed
ORD-SLUMP-13523,2024-09-29,2024-09,CUST-1142,PROD-105,EMP-1009,REG-01,Direct Online,7,3796.87,0.33,17807.32,15670.44,2136.88,24039.88,Completed
ORD-SLUMP-13524,2024-09-29,2024-09,CUST-1201,PROD-108,EMP-1023,REG-03,Enterprise Partner,6,4421.34,0.31,18304.35,16107.83,2196.52,24710.87,Completed
ORD-SLUMP-13525,2024-09-29,2024-09,CUST-1001,PROD-110,EMP-1006,REG-03,Field Sales,3,1948.49,0.39,3565.74,3137.85,427.89,4813.75,Completed
ORD-SLUMP-13526,2024-09-29,2024-09,CUST-1037,PROD-117,EMP-1016,REG-04,Direct Online,7,1216.29,0.24,6470.66,5694.18,776.48,8735.39,Completed
ORD-SLUMP-13527,2024-09-29,2024-09,CUST-1264,PROD-102,EMP-1027,REG-03,Field Sales,4,1199.03,0.32,3261.36,2870.0,391.36,4402.84,Completed
ORD-SLUMP-13528,2024-09-30,2024-09,CUST-1110,PROD-113,EMP-1020,REG-01,Direct Online,7,4400.74,0.21,24336.09,21415.76,2920.33,32853.72,Completed
ORD-SLUMP-13529,2024-09-30,2024-09,CUST-1076,PROD-101,EMP-1021,REG-02,Enterprise Partner,1,904.28,0.34,596.82,525.2,71.62,805.71,Completed
ORD-SLUMP-13530,2024-09-30,2024-09,CUST-1206,PROD-116,EMP-1007,REG-03,Field Sales,2,2551.5,0.29,3623.13,3188.35,434.78,4891.23,Completed
ORD-SLUMP-13531,2024-09-30,2024-09,CUST-1072,PROD-119,EMP-1018,REG-01,Retail Store,1,3048.48,0.28,2194.91,1931.52,263.39,2963.13,Completed
ORD-SLUMP-13532,2024-09-30,2024-09,CUST-1205,PROD-119,EMP-1009,REG-03,Enterprise Partner,7,1477.78,0.35,6723.9,5917.03,806.87,9077.26,Completed
ORD-SLUMP-13533,2024-10-01,2024-10,CUST-1080,PROD-119,EMP-1019,REG-01,Enterprise Partner,5,1468.67,0.31,5066.91,4458.88,608.03,6840.33,Completed
ORD-SLUMP-13534,2024-10-01,2024-10,CUST-1181,PROD-107,EMP-1001,REG-03,Field Sales,4,1441.09,0.33,3862.12,3398.67,463.45,5213.86,Completed
ORD-SLUMP-13535,2024-10-01,2024-10,CUST-1245,PROD-113,EMP-1003,REG-04,Enterprise Partner,5,2669.07,0.22,10409.37,9160.25,1249.12,14052.65,Completed
ORD-SLUMP-13536,2024-10-01,2024-10,CUST-1046,PROD-103,EMP-1010,REG-05,Enterprise Partner,3,1142.93,0.26,2537.3,2232.82,304.48,3425.36,Completed
ORD-SLUMP-13537,2024-10-01,2024-10,CUST-1085,PROD-112,EMP-1015,REG-03,Direct Online,5,2159.18,0.24,8204.88,7220.29,984.59,11076.59,Completed
ORD-SLUMP-13538,2024-10-02,2024-10,CUST-1240,PROD-109,EMP-1014,REG-05,Direct Online,6,3176.05,0.27,13911.1,12241.77,1669.33,18779.98,Completed
ORD-SLUMP-13539,2024-10-02,2024-10,CUST-1190,PROD-114,EMP-1028,REG-01,Enterprise Partner,7,2341.92,0.35,10655.74,9377.05,1278.69,14385.25,Completed
ORD-SLUMP-13540,2024-10-03,2024-10,CUST-1241,PROD-102,EMP-1003,REG-03,Enterprise Partner,5,1092.0,0.37,3439.8,3027.02,412.78,4643.73,Completed
ORD-SLUMP-13541,2024-10-03,2024-10,CUST-1119,PROD-118,EMP-1027,REG-05,Field Sales,5,2761.18,0.37,8697.72,7653.99,1043.73,11741.92,Completed
ORD-SLUMP-13542,2024-10-03,2024-10,CUST-1010,PROD-102,EMP-1006,REG-02,Retail Store,1,4275.89,0.21,3377.95,2972.6,405.35,4560.23,Completed
ORD-SLUMP-13543,2024-10-04,2024-10,CUST-1161,PROD-112,EMP-1009,REG-01,Enterprise Partner,2,4124.61,0.22,6434.39,5662.26,772.13,8686.43,Completed
ORD-SLUMP-13544,2024-10-04,2024-10,CUST-1108,PROD-115,EMP-1024,REG-02,Enterprise Partner,7,4104.13,0.29,20397.53,17949.83,2447.7,27536.67,Completed
ORD-SLUMP-13545,2024-10-04,2024-10,CUST-1204,PROD-106,EMP-1024,REG-02,Direct Online,1,3063.17,0.39,1868.53,1644.31,224.22,2522.52,Completed
ORD-SLUMP-13546,2024-10-04,2024-10,CUST-1073,PROD-102,EMP-1005,REG-01,Direct Online,2,2262.17,0.34,2986.06,2627.73,358.33,4031.18,Completed
ORD-SLUMP-13547,2024-10-04,2024-10,CUST-1029,PROD-105,EMP-1011,REG-05,Retail Store,5,4480.17,0.37,14112.54,12419.04,1693.5,19051.93,Completed
ORD-SLUMP-13548,2024-10-04,2024-10,CUST-1180,PROD-109,EMP-1022,REG-04,Retail Store,2,2240.8,0.37,2823.41,2484.6,338.81,3811.6,Completed
ORD-SLUMP-13549,2024-10-04,2024-10,CUST-1019,PROD-102,EMP-1022,REG-05,Direct Online,1,1975.28,0.32,1343.19,1182.01,161.18,1813.31,Completed
ORD-SLUMP-13550,2024-10-05,2024-10,CUST-1029,PROD-119,EMP-1005,REG-03,Field Sales,7,1540.87,0.28,7765.98,6834.06,931.92,10484.07,Completed
ORD-SLUMP-13551,2024-10-05,2024-10,CUST-1089,PROD-117,EMP-1013,REG-05,Direct Online,7,2688.66,0.36,12045.2,10599.78,1445.42,16261.02,Completed
ORD-SLUMP-13552,2024-10-05,2024-10,CUST-1106,PROD-101,EMP-1021,REG-04,Direct Online,3,2811.86,0.28,6073.62,5344.79,728.83,8199.39,Completed
ORD-SLUMP-13553,2024-10-05,2024-10,CUST-1012,PROD-110,EMP-1006,REG-01,Field Sales,1,1470.97,0.22,1147.36,1009.68,137.68,1548.94,Completed
ORD-SLUMP-13554,2024-10-06,2024-10,CUST-1269,PROD-109,EMP-1022,REG-03,Enterprise Partner,6,3671.2,0.31,15198.77,13374.92,1823.85,20518.34,Completed
ORD-SLUMP-13555,2024-10-06,2024-10,CUST-1138,PROD-111,EMP-1007,REG-05,Retail Store,5,947.81,0.28,3412.12,3002.67,409.45,4606.36,Completed
ORD-SLUMP-13556,2024-10-06,2024-10,CUST-1082,PROD-107,EMP-1019,REG-04,Enterprise Partner,5,4388.36,0.34,14481.59,12743.8,1737.79,19550.15,Completed
ORD-SLUMP-13557,2024-10-06,2024-10,CUST-1067,PROD-109,EMP-1001,REG-04,Direct Online,7,2408.06,0.31,11630.93,10235.22,1395.71,15701.76,Completed
ORD-SLUMP-13558,2024-10-06,2024-10,CUST-1088,PROD-106,EMP-1003,REG-04,Enterprise Partner,2,2558.31,0.28,3683.97,3241.89,442.08,4973.36,Completed
ORD-SLUMP-13559,2024-10-06,2024-10,CUST-1128,PROD-118,EMP-1028,REG-03,Retail Store,7,3102.63,0.35,14116.97,12422.93,1694.04,19057.91,Completed
ORD-SLUMP-13560,2024-10-06,2024-10,CUST-1119,PROD-113,EMP-1020,REG-01,Enterprise Partner,6,4216.04,0.33,16948.48,14914.66,2033.82,22880.45,Completed
ORD-SLUMP-13561,2024-10-07,2024-10,CUST-1256,PROD-102,EMP-1010,REG-05,Field Sales,7,3753.63,0.24,19969.31,17572.99,2396.32,26958.57,Completed
ORD-SLUMP-13562,2024-10-07,2024-10,CUST-1223,PROD-118,EMP-1014,REG-04,Enterprise Partner,5,2917.62,0.23,11232.84,9884.9,1347.94,15164.33,Completed
ORD-SLUMP-13563,2024-10-07,2024-10,CUST-1171,PROD-108,EMP-1005,REG-03,Retail Store,3,1938.51,0.32,3954.56,3480.01,474.55,5338.66,Completed
ORD-SLUMP-13564,2024-10-07,2024-10,CUST-1028,PROD-105,EMP-1015,REG-02,Direct Online,4,4441.54,0.36,11370.34,10005.9,1364.44,15349.96,Completed
ORD-SLUMP-13565,2024-10-07,2024-10,CUST-1165,PROD-106,EMP-1028,REG-04,Direct Online,1,2307.45,0.37,1453.69,1279.25,174.44,1962.48,Completed
ORD-SLUMP-13566,2024-10-07,2024-10,CUST-1060,PROD-108,EMP-1023,REG-04,Direct Online,3,2459.77,0.21,5829.65,5130.09,699.56,7870.03,Completed
ORD-SLUMP-13567,2024-10-07,2024-10,CUST-1061,PROD-107,EMP-1002,REG-01,Retail Store,6,1881.62,0.4,6773.83,5960.97,812.86,9144.67,Completed
ORD-SLUMP-13568,2024-10-08,2024-10,CUST-1001,PROD-102,EMP-1028,REG-05,Retail Store,5,3675.51,0.39,11210.31,9865.07,1345.24,15133.92,Completed
ORD-SLUMP-13569,2024-10-08,2024-10,CUST-1046,PROD-115,EMP-1016,REG-02,Retail Store,4,4464.87,0.34,11787.26,10372.79,1414.47,15912.8,Completed
ORD-SLUMP-13570,2024-10-08,2024-10,CUST-1067,PROD-105,EMP-1013,REG-02,Direct Online,2,1011.35,0.24,1537.25,1352.78,184.47,2075.29,Completed
ORD-SLUMP-13571,2024-10-09,2024-10,CUST-1021,PROD-101,EMP-1001,REG-04,Field Sales,7,1892.99,0.32,9010.63,7929.35,1081.28,12164.35,Completed
ORD-SLUMP-13572,2024-10-09,2024-10,CUST-1086,PROD-101,EMP-1005,REG-05,Field Sales,7,1639.11,0.23,8834.8,7774.62,1060.18,11926.98,Completed
ORD-SLUMP-13573,2024-10-09,2024-10,CUST-1052,PROD-104,EMP-1029,REG-03,Field Sales,2,2228.26,0.37,2807.61,2470.7,336.91,3790.27,Completed
ORD-SLUMP-13574,2024-10-09,2024-10,CUST-1106,PROD-108,EMP-1014,REG-03,Direct Online,1,1655.37,0.37,1042.88,917.73,125.15,1407.89,Completed
ORD-SLUMP-13575,2024-10-09,2024-10,CUST-1286,PROD-108,EMP-1022,REG-03,Enterprise Partner,1,4274.82,0.33,2864.13,2520.43,343.7,3866.58,Completed
ORD-SLUMP-13576,2024-10-09,2024-10,CUST-1084,PROD-119,EMP-1029,REG-04,Field Sales,3,1274.19,0.36,2446.44,2152.87,293.57,3302.69,Completed
ORD-SLUMP-13577,2024-10-09,2024-10,CUST-1211,PROD-101,EMP-1002,REG-01,Field Sales,7,4238.38,0.33,19878.0,17492.64,2385.36,26835.3,Completed
ORD-SLUMP-13578,2024-10-10,2024-10,CUST-1251,PROD-109,EMP-1023,REG-02,Enterprise Partner,3,1500.86,0.2,3602.06,3169.81,432.25,4862.78,Completed
ORD-SLUMP-13579,2024-10-10,2024-10,CUST-1051,PROD-118,EMP-1023,REG-04,Retail Store,5,3581.99,0.28,12895.16,11347.74,1547.42,17408.47,Completed
ORD-SLUMP-13580,2024-10-10,2024-10,CUST-1255,PROD-109,EMP-1024,REG-04,Direct Online,3,2115.6,0.32,4315.82,3797.92,517.9,5826.36,Completed
ORD-SLUMP-13581,2024-10-10,2024-10,CUST-1155,PROD-107,EMP-1022,REG-05,Direct Online,2,4338.75,0.36,5553.6,4887.17,666.43,7497.36,Completed
ORD-SLUMP-13582,2024-10-10,2024-10,CUST-1076,PROD-105,EMP-1019,REG-02,Enterprise Partner,5,3484.62,0.25,13067.32,11499.24,1568.08,17640.88,Completed
ORD-SLUMP-13583,2024-10-11,2024-10,CUST-1008,PROD-107,EMP-1014,REG-02,Direct Online,5,1393.23,0.22,5433.6,4781.57,652.03,7335.36,Completed
ORD-SLUMP-13584,2024-10-11,2024-10,CUST-1046,PROD-104,EMP-1027,REG-02,Retail Store,7,1826.31,0.39,7798.34,6862.54,935.8,10527.76,Completed
ORD-SLUMP-13585,2024-10-11,2024-10,CUST-1083,PROD-102,EMP-1011,REG-04,Enterprise Partner,7,4061.7,0.29,20186.65,17764.25,2422.4,27251.98,Completed
ORD-SLUMP-13586,2024-10-11,2024-10,CUST-1088,PROD-101,EMP-1014,REG-03,Retail Store,4,2540.0,0.4,6096.0,5364.48,731.52,8229.6,Completed
ORD-SLUMP-13587,2024-10-11,2024-10,CUST-1004,PROD-103,EMP-1002,REG-04,Enterprise Partner,5,3134.41,0.33,10500.27,9240.24,1260.03,14175.36,Completed
ORD-SLUMP-13588,2024-10-11,2024-10,CUST-1276,PROD-116,EMP-1007,REG-05,Enterprise Partner,5,2902.0,0.25,10882.5,9576.6,1305.9,14691.38,Completed
ORD-SLUMP-13589,2024-10-11,2024-10,CUST-1236,PROD-115,EMP-1015,REG-03,Field Sales,6,1941.38,0.32,7920.83,6970.33,950.5,10693.12,Completed
ORD-SLUMP-13590,2024-10-11,2024-10,CUST-1177,PROD-111,EMP-1006,REG-03,Retail Store,5,1446.52,0.3,5062.82,4455.28,607.54,6834.81,Completed
ORD-SLUMP-13591,2024-10-12,2024-10,CUST-1087,PROD-107,EMP-1013,REG-01,Direct Online,2,1334.38,0.33,1788.07,1573.5,214.57,2413.89,Completed
ORD-SLUMP-13592,2024-10-12,2024-10,CUST-1049,PROD-111,EMP-1025,REG-01,Field Sales,5,3155.54,0.33,10571.06,9302.53,1268.53,14270.93,Completed
ORD-SLUMP-13593,2024-10-12,2024-10,CUST-1062,PROD-103,EMP-1015,REG-01,Direct Online,2,2704.08,0.36,3461.22,3045.87,415.35,4672.65,Completed
ORD-SLUMP-13594,2024-10-13,2024-10,CUST-1156,PROD-118,EMP-1019,REG-05,Field Sales,7,3160.77,0.39,13496.49,11876.91,1619.58,18220.26,Completed
ORD-SLUMP-13595,2024-10-13,2024-10,CUST-1292,PROD-114,EMP-1006,REG-03,Field Sales,7,1419.13,0.3,6953.74,6119.29,834.45,9387.55,Completed
ORD-SLUMP-13596,2024-10-13,2024-10,CUST-1290,PROD-110,EMP-1003,REG-03,Enterprise Partner,6,4228.03,0.24,19279.82,16966.24,2313.58,26027.76,Completed
ORD-SLUMP-13597,2024-10-14,2024-10,CUST-1115,PROD-118,EMP-1013,REG-03,Direct Online,4,1041.88,0.32,2833.91,2493.84,340.07,3825.78,Completed
ORD-SLUMP-13598,2024-10-14,2024-10,CUST-1041,PROD-109,EMP-1010,REG-02,Field Sales,7,3908.72,0.27,19973.56,17576.73,2396.83,26964.31,Completed
ORD-SLUMP-13599,2024-10-14,2024-10,CUST-1136,PROD-110,EMP-1019,REG-02,Field Sales,6,3116.92,0.24,14213.16,12507.58,1705.58,19187.77,Completed
ORD-SLUMP-13600,2024-10-14,2024-10,CUST-1277,PROD-112,EMP-1018,REG-01,Direct Online,2,2207.7,0.24,3355.7,2953.02,402.68,4530.2,Completed
ORD-SLUMP-13601,2024-10-14,2024-10,CUST-1108,PROD-111,EMP-1009,REG-03,Enterprise Partner,2,4158.25,0.37,5239.4,4610.67,628.73,7073.19,Completed
ORD-SLUMP-13602,2024-10-14,2024-10,CUST-1256,PROD-105,EMP-1009,REG-02,Direct Online,2,1564.39,0.4,1877.27,1652.0,225.27,2534.31,Completed
ORD-SLUMP-13603,2024-10-15,2024-10,CUST-1261,PROD-109,EMP-1018,REG-03,Retail Store,3,4272.82,0.33,8588.37,7557.77,1030.6,11594.3,Completed
ORD-SLUMP-13604,2024-10-15,2024-10,CUST-1282,PROD-111,EMP-1001,REG-05,Retail Store,5,3816.43,0.35,12403.4,10914.99,1488.41,16744.59,Completed
ORD-SLUMP-13605,2024-10-16,2024-10,CUST-1264,PROD-104,EMP-1009,REG-03,Enterprise Partner,2,1820.56,0.22,2840.07,2499.26,340.81,3834.09,Completed
ORD-SLUMP-13606,2024-10-16,2024-10,CUST-1220,PROD-118,EMP-1006,REG-01,Retail Store,6,3327.91,0.22,15574.62,13705.67,1868.95,21025.74,Completed
ORD-SLUMP-13607,2024-10-17,2024-10,CUST-1136,PROD-102,EMP-1011,REG-02,Direct Online,5,2075.46,0.28,7471.66,6575.06,896.6,10086.74,Completed
ORD-SLUMP-13608,2024-10-17,2024-10,CUST-1192,PROD-119,EMP-1001,REG-02,Enterprise Partner,1,2768.32,0.22,2159.29,1900.18,259.11,2915.04,Completed
ORD-SLUMP-13609,2024-10-17,2024-10,CUST-1079,PROD-116,EMP-1001,REG-02,Direct Online,7,982.44,0.33,4607.64,4054.72,552.92,6220.31,Completed
ORD-SLUMP-13610,2024-10-17,2024-10,CUST-1278,PROD-108,EMP-1007,REG-01,Direct Online,6,3654.07,0.38,13593.14,11961.96,1631.18,18350.74,Completed
ORD-SLUMP-13611,2024-10-17,2024-10,CUST-1246,PROD-113,EMP-1010,REG-05,Field Sales,6,3950.82,0.3,16593.44,14602.23,1991.21,22401.14,Completed
ORD-SLUMP-13612,2024-10-18,2024-10,CUST-1005,PROD-108,EMP-1006,REG-02,Direct Online,5,2656.73,0.21,10494.08,9234.79,1259.29,14167.01,Completed
ORD-SLUMP-13613,2024-10-18,2024-10,CUST-1109,PROD-109,EMP-1019,REG-04,Field Sales,5,3074.62,0.34,10146.25,8928.7,1217.55,13697.44,Completed
ORD-SLUMP-13614,2024-10-18,2024-10,CUST-1182,PROD-117,EMP-1024,REG-03,Enterprise Partner,3,1376.97,0.32,2809.02,2471.94,337.08,3792.18,Completed
ORD-SLUMP-13615,2024-10-19,2024-10,CUST-1138,PROD-113,EMP-1013,REG-03,Field Sales,3,828.29,0.36,1590.32,1399.48,190.84,2146.93,Completed
ORD-SLUMP-13616,2024-10-19,2024-10,CUST-1053,PROD-115,EMP-1018,REG-04,Direct Online,3,2414.17,0.21,5721.58,5034.99,686.59,7724.13,Completed
ORD-SLUMP-13617,2024-10-20,2024-10,CUST-1147,PROD-112,EMP-1018,REG-04,Field Sales,4,3560.39,0.37,8972.18,7895.52,1076.66,12112.44,Completed
ORD-SLUMP-13618,2024-10-21,2024-10,CUST-1093,PROD-109,EMP-1007,REG-02,Enterprise Partner,6,2667.65,0.27,11684.31,10282.19,1402.12,15773.82,Completed
ORD-SLUMP-13619,2024-10-21,2024-10,CUST-1220,PROD-106,EMP-1010,REG-01,Retail Store,4,1059.08,0.23,3261.97,2870.53,391.44,4403.66,Completed
ORD-SLUMP-13620,2024-10-21,2024-10,CUST-1009,PROD-105,EMP-1002,REG-04,Direct Online,5,3435.06,0.21,13568.49,11940.27,1628.22,18317.46,Completed
ORD-SLUMP-13621,2024-10-21,2024-10,CUST-1251,PROD-109,EMP-1027,REG-05,Direct Online,1,3638.99,0.39,2219.78,1953.41,266.37,2996.7,Completed
ORD-SLUMP-13622,2024-10-21,2024-10,CUST-1104,PROD-116,EMP-1012,REG-03,Field Sales,4,3044.4,0.38,7550.11,6644.1,906.01,10192.65,Completed
ORD-SLUMP-13623,2024-10-21,2024-10,CUST-1034,PROD-107,EMP-1027,REG-05,Retail Store,7,861.4,0.2,4823.84,4244.98,578.86,6512.18,Completed
ORD-SLUMP-13624,2024-10-22,2024-10,CUST-1085,PROD-103,EMP-1014,REG-05,Field Sales,4,1830.85,0.32,4979.91,4382.32,597.59,6722.88,Completed
ORD-SLUMP-13625,2024-10-22,2024-10,CUST-1165,PROD-118,EMP-1024,REG-04,Enterprise Partner,3,4205.67,0.34,8327.23,7327.96,999.27,11241.76,Completed
ORD-SLUMP-13626,2024-10-22,2024-10,CUST-1209,PROD-111,EMP-1021,REG-01,Field Sales,2,3234.14,0.22,5045.26,4439.83,605.43,6811.1,Completed
ORD-SLUMP-13627,2024-10-22,2024-10,CUST-1246,PROD-105,EMP-1017,REG-02,Enterprise Partner,4,1542.35,0.34,4071.8,3583.18,488.62,5496.93,Completed
ORD-SLUMP-13628,2024-10-22,2024-10,CUST-1089,PROD-105,EMP-1018,REG-04,Direct Online,5,1129.92,0.22,4406.69,3877.89,528.8,5949.03,Completed
ORD-SLUMP-13629,2024-10-22,2024-10,CUST-1001,PROD-105,EMP-1028,REG-01,Retail Store,4,3972.25,0.38,9851.18,8669.04,1182.14,13299.09,Completed
ORD-SLUMP-13630,2024-10-22,2024-10,CUST-1102,PROD-113,EMP-1008,REG-04,Enterprise Partner,6,2573.74,0.23,11890.68,10463.8,1426.88,16052.42,Completed
ORD-SLUMP-13631,2024-10-23,2024-10,CUST-1185,PROD-115,EMP-1020,REG-02,Field Sales,1,1076.11,0.3,753.28,662.89,90.39,1016.93,Completed
ORD-SLUMP-13632,2024-10-23,2024-10,CUST-1131,PROD-118,EMP-1026,REG-05,Field Sales,3,959.34,0.22,2244.86,1975.48,269.38,3030.56,Completed
ORD-SLUMP-13633,2024-10-23,2024-10,CUST-1007,PROD-101,EMP-1006,REG-01,Direct Online,4,3226.46,0.4,7743.5,6814.28,929.22,10453.72,Completed
ORD-SLUMP-13634,2024-10-23,2024-10,CUST-1277,PROD-119,EMP-1004,REG-05,Field Sales,2,1599.62,0.39,1951.54,1717.36,234.18,2634.58,Completed
ORD-SLUMP-13635,2024-10-24,2024-10,CUST-1134,PROD-107,EMP-1024,REG-04,Field Sales,1,3902.14,0.31,2692.48,2369.38,323.1,3634.85,Completed
ORD-SLUMP-13636,2024-10-24,2024-10,CUST-1018,PROD-108,EMP-1006,REG-02,Field Sales,2,2697.93,0.39,3291.47,2896.49,394.98,4443.48,Completed
ORD-SLUMP-13637,2024-10-25,2024-10,CUST-1036,PROD-115,EMP-1003,REG-01,Direct Online,7,3846.03,0.3,18845.55,16584.08,2261.47,25441.49,Completed
ORD-SLUMP-13638,2024-10-25,2024-10,CUST-1254,PROD-107,EMP-1006,REG-01,Enterprise Partner,2,4487.88,0.37,5654.73,4976.16,678.57,7633.89,Completed
ORD-SLUMP-13639,2024-10-25,2024-10,CUST-1061,PROD-119,EMP-1025,REG-03,Field Sales,1,3520.0,0.37,2217.6,1951.49,266.11,2993.76,Completed
ORD-SLUMP-13640,2024-10-25,2024-10,CUST-1075,PROD-107,EMP-1020,REG-05,Direct Online,1,2792.9,0.33,1871.24,1646.69,224.55,2526.17,Completed
ORD-SLUMP-13641,2024-10-25,2024-10,CUST-1075,PROD-115,EMP-1011,REG-03,Enterprise Partner,2,1964.62,0.28,2829.05,2489.56,339.49,3819.22,Completed
ORD-SLUMP-13642,2024-10-25,2024-10,CUST-1240,PROD-110,EMP-1004,REG-03,Retail Store,3,1275.18,0.27,2792.64,2457.52,335.12,3770.06,Completed
ORD-SLUMP-13643,2024-10-25,2024-10,CUST-1123,PROD-115,EMP-1009,REG-01,Direct Online,7,2469.49,0.26,12791.96,11256.92,1535.04,17269.15,Completed
ORD-SLUMP-13644,2024-10-26,2024-10,CUST-1294,PROD-119,EMP-1012,REG-02,Enterprise Partner,4,3878.41,0.31,10704.41,9419.88,1284.53,14450.95,Completed
ORD-SLUMP-13645,2024-10-26,2024-10,CUST-1136,PROD-117,EMP-1015,REG-01,Enterprise Partner,6,1058.62,0.4,3811.03,3353.71,457.32,5144.89,Completed
ORD-SLUMP-13646,2024-10-26,2024-10,CUST-1252,PROD-117,EMP-1024,REG-04,Retail Store,3,4349.69,0.34,8612.39,7578.9,1033.49,11626.73,Completed
ORD-SLUMP-13647,2024-10-26,2024-10,CUST-1209,PROD-110,EMP-1014,REG-02,Field Sales,1,4316.81,0.26,3194.44,2811.11,383.33,4312.49,Completed
ORD-SLUMP-13648,2024-10-26,2024-10,CUST-1027,PROD-111,EMP-1006,REG-05,Direct Online,7,1802.59,0.38,7823.24,6884.45,938.79,10561.37,Completed
ORD-SLUMP-13649,2024-10-26,2024-10,CUST-1290,PROD-109,EMP-1003,REG-05,Direct Online,1,3449.29,0.33,2311.02,2033.7,277.32,3119.88,Completed
ORD-SLUMP-13650,2024-10-26,2024-10,CUST-1271,PROD-116,EMP-1002,REG-03,Enterprise Partner,4,1915.13,0.23,5898.6,5190.77,707.83,7963.11,Completed
ORD-SLUMP-13651,2024-10-26,2024-10,CUST-1070,PROD-108,EMP-1013,REG-03,Field Sales,1,3718.12,0.24,2825.77,2486.68,339.09,3814.79,Completed
ORD-SLUMP-13652,2024-10-27,2024-10,CUST-1038,PROD-106,EMP-1018,REG-01,Retail Store,4,1953.14,0.21,6171.92,5431.29,740.63,8332.09,Completed
ORD-SLUMP-13653,2024-10-27,2024-10,CUST-1279,PROD-105,EMP-1006,REG-02,Direct Online,7,1375.45,0.25,7221.11,6354.58,866.53,9748.5,Completed
ORD-SLUMP-13654,2024-10-27,2024-10,CUST-1067,PROD-119,EMP-1007,REG-02,Enterprise Partner,1,1928.26,0.23,1484.76,1306.59,178.17,2004.43,Completed
ORD-SLUMP-13655,2024-10-27,2024-10,CUST-1247,PROD-119,EMP-1007,REG-05,Direct Online,7,2235.73,0.37,9859.57,8676.42,1183.15,13310.42,Completed
ORD-SLUMP-13656,2024-10-28,2024-10,CUST-1054,PROD-105,EMP-1016,REG-01,Field Sales,2,1572.26,0.2,2515.62,2213.75,301.87,3396.09,Completed
ORD-SLUMP-13657,2024-10-28,2024-10,CUST-1095,PROD-112,EMP-1029,REG-02,Direct Online,2,3465.63,0.23,5337.07,4696.62,640.45,7205.04,Completed
ORD-SLUMP-13658,2024-10-28,2024-10,CUST-1275,PROD-107,EMP-1020,REG-02,Retail Store,6,4227.41,0.34,16740.54,14731.68,2008.86,22599.73,Completed
ORD-SLUMP-13659,2024-10-28,2024-10,CUST-1269,PROD-108,EMP-1013,REG-02,Retail Store,5,3546.78,0.3,12413.73,10924.08,1489.65,16758.54,Completed
ORD-SLUMP-13660,2024-10-28,2024-10,CUST-1225,PROD-116,EMP-1021,REG-01,Field Sales,2,3972.99,0.21,6277.32,5524.04,753.28,8474.38,Completed
ORD-SLUMP-13661,2024-10-28,2024-10,CUST-1260,PROD-110,EMP-1027,REG-01,Field Sales,5,1882.76,0.2,7531.04,6627.32,903.72,10166.9,Completed
ORD-SLUMP-13662,2024-10-29,2024-10,CUST-1299,PROD-103,EMP-1008,REG-01,Field Sales,2,4059.09,0.35,5276.82,4643.6,633.22,7123.71,Completed
ORD-SLUMP-13663,2024-10-29,2024-10,CUST-1057,PROD-106,EMP-1002,REG-05,Direct Online,5,1986.88,0.37,6258.67,5507.63,751.04,8449.2,Completed
ORD-SLUMP-13664,2024-10-29,2024-10,CUST-1121,PROD-113,EMP-1019,REG-02,Direct Online,6,3831.84,0.21,18162.92,15983.37,2179.55,24519.94,Completed
ORD-SLUMP-13665,2024-10-29,2024-10,CUST-1118,PROD-108,EMP-1010,REG-05,Retail Store,1,1955.3,0.29,1388.26,1221.67,166.59,1874.15,Completed
ORD-SLUMP-13666,2024-10-29,2024-10,CUST-1074,PROD-108,EMP-1016,REG-02,Field Sales,3,4005.89,0.34,7931.66,6979.86,951.8,10707.74,Completed
ORD-SLUMP-13667,2024-10-30,2024-10,CUST-1110,PROD-101,EMP-1012,REG-04,Retail Store,2,1258.66,0.31,1736.95,1528.52,208.43,2344.88,Completed
ORD-SLUMP-13668,2024-10-30,2024-10,CUST-1087,PROD-105,EMP-1007,REG-03,Field Sales,2,2055.35,0.31,2836.38,2496.01,340.37,3829.11,Completed
ORD-SLUMP-13669,2024-10-30,2024-10,CUST-1158,PROD-116,EMP-1015,REG-05,Enterprise Partner,6,3732.63,0.21,17692.67,15569.55,2123.12,23885.1,Completed
ORD-SLUMP-13670,2024-10-30,2024-10,CUST-1271,PROD-113,EMP-1012,REG-05,Enterprise Partner,6,3293.04,0.29,14028.35,12344.95,1683.4,18938.27,Completed
ORD-SLUMP-13671,2024-10-30,2024-10,CUST-1178,PROD-118,EMP-1024,REG-05,Field Sales,7,2174.07,0.38,9435.46,8303.2,1132.26,12737.87,Completed
ORD-SLUMP-13672,2024-10-31,2024-10,CUST-1176,PROD-116,EMP-1029,REG-05,Enterprise Partner,3,1985.03,0.23,4585.42,4035.17,550.25,6190.32,Completed
ORD-SLUMP-13673,2024-10-31,2024-10,CUST-1164,PROD-110,EMP-1024,REG-05,Direct Online,4,2991.96,0.22,9334.92,8214.73,1120.19,12602.14,Completed
ORD-SLUMP-13674,2024-10-31,2024-10,CUST-1233,PROD-115,EMP-1007,REG-01,Retail Store,4,1210.74,0.26,3583.79,3153.74,430.05,4838.12,Completed
ORD-SLUMP-13675,2024-10-31,2024-10,CUST-1101,PROD-114,EMP-1023,REG-02,Field Sales,3,2883.03,0.31,5967.87,5251.73,716.14,8056.62,Completed
ORD-SLUMP-13676,2024-11-01,2024-11,CUST-1067,PROD-113,EMP-1023,REG-03,Enterprise Partner,5,3538.23,0.32,12029.98,10586.38,1443.6,16240.47,Completed
ORD-SLUMP-13677,2024-11-01,2024-11,CUST-1132,PROD-114,EMP-1013,REG-03,Direct Online,1,3240.6,0.39,1976.77,1739.56,237.21,2668.64,Completed
ORD-SLUMP-13678,2024-11-01,2024-11,CUST-1258,PROD-106,EMP-1024,REG-02,Direct Online,3,1362.11,0.38,2533.52,2229.5,304.02,3420.25,Completed
ORD-SLUMP-13679,2024-11-01,2024-11,CUST-1228,PROD-105,EMP-1015,REG-04,Enterprise Partner,1,3639.23,0.3,2547.46,2241.76,305.7,3439.07,Completed
ORD-SLUMP-13680,2024-11-01,2024-11,CUST-1189,PROD-115,EMP-1029,REG-01,Field Sales,7,3565.35,0.35,16222.34,14275.66,1946.68,21900.16,Completed
ORD-SLUMP-13681,2024-11-01,2024-11,CUST-1053,PROD-108,EMP-1022,REG-01,Retail Store,4,2223.44,0.32,6047.76,5322.03,725.73,8164.48,Completed
ORD-SLUMP-13682,2024-11-01,2024-11,CUST-1048,PROD-105,EMP-1006,REG-03,Direct Online,3,3267.13,0.32,6664.95,5865.16,799.79,8997.68,Completed
ORD-SLUMP-13683,2024-11-02,2024-11,CUST-1229,PROD-116,EMP-1009,REG-03,Field Sales,3,3936.56,0.29,8384.87,7378.69,1006.18,11319.57,Completed
ORD-SLUMP-13684,2024-11-02,2024-11,CUST-1175,PROD-115,EMP-1018,REG-03,Direct Online,2,4250.72,0.37,5355.91,4713.2,642.71,7230.48,Completed
ORD-SLUMP-13685,2024-11-02,2024-11,CUST-1218,PROD-116,EMP-1012,REG-01,Enterprise Partner,6,2618.13,0.36,10053.62,8847.19,1206.43,13572.39,Completed
ORD-SLUMP-13686,2024-11-02,2024-11,CUST-1256,PROD-112,EMP-1025,REG-05,Retail Store,6,3660.6,0.24,16692.34,14689.26,2003.08,22534.66,Completed
ORD-SLUMP-13687,2024-11-02,2024-11,CUST-1274,PROD-110,EMP-1021,REG-05,Enterprise Partner,1,3327.48,0.39,2029.76,1786.19,243.57,2740.18,Completed
ORD-SLUMP-13688,2024-11-02,2024-11,CUST-1090,PROD-112,EMP-1002,REG-04,Retail Store,3,2885.71,0.38,5367.42,4723.33,644.09,7246.02,Completed
ORD-SLUMP-13689,2024-11-03,2024-11,CUST-1034,PROD-110,EMP-1026,REG-03,Direct Online,5,2785.82,0.24,10586.12,9315.79,1270.33,14291.26,Completed
ORD-SLUMP-13690,2024-11-03,2024-11,CUST-1033,PROD-101,EMP-1024,REG-04,Enterprise Partner,6,2160.82,0.25,9723.69,8556.85,1166.84,13126.98,Completed
ORD-SLUMP-13691,2024-11-03,2024-11,CUST-1119,PROD-115,EMP-1012,REG-04,Retail Store,7,2112.87,0.24,11240.47,9891.61,1348.86,15174.63,Completed
ORD-SLUMP-13692,2024-11-03,2024-11,CUST-1288,PROD-110,EMP-1028,REG-05,Field Sales,4,2470.42,0.29,7015.99,6174.07,841.92,9471.59,Completed
ORD-SLUMP-13693,2024-11-03,2024-11,CUST-1070,PROD-111,EMP-1002,REG-04,Enterprise Partner,1,3020.59,0.21,2386.27,2099.92,286.35,3221.46,Completed
ORD-SLUMP-13694,2024-11-04,2024-11,CUST-1238,PROD-101,EMP-1023,REG-01,Retail Store,4,4115.06,0.25,12345.18,10863.76,1481.42,16665.99,Completed
ORD-SLUMP-13695,2024-11-04,2024-11,CUST-1217,PROD-104,EMP-1001,REG-02,Direct Online,1,2722.98,0.3,1906.09,1677.36,228.73,2573.22,Completed
ORD-SLUMP-13696,2024-11-05,2024-11,CUST-1126,PROD-105,EMP-1013,REG-03,Enterprise Partner,2,855.33,0.37,1077.72,948.39,129.33,1454.92,Completed
ORD-SLUMP-13697,2024-11-05,2024-11,CUST-1285,PROD-110,EMP-1002,REG-01,Direct Online,3,2481.72,0.33,4988.26,4389.67,598.59,6734.15,Completed
ORD-SLUMP-13698,2024-11-05,2024-11,CUST-1136,PROD-112,EMP-1024,REG-05,Field Sales,7,4146.98,0.32,19739.62,17370.87,2368.75,26648.49,Completed
ORD-SLUMP-13699,2024-11-05,2024-11,CUST-1050,PROD-105,EMP-1014,REG-04,Field Sales,5,1092.39,0.38,3386.41,2980.04,406.37,4571.65,Completed
ORD-SLUMP-13700,2024-11-05,2024-11,CUST-1097,PROD-108,EMP-1029,REG-05,Retail Store,4,4426.18,0.38,10976.93,9659.7,1317.23,14818.86,Completed
ORD-SLUMP-13701,2024-11-05,2024-11,CUST-1135,PROD-105,EMP-1023,REG-05,Field Sales,2,4247.64,0.32,5776.79,5083.58,693.21,7798.67,Completed
ORD-SLUMP-13702,2024-11-06,2024-11,CUST-1099,PROD-104,EMP-1017,REG-02,Enterprise Partner,2,3788.07,0.4,4545.68,4000.2,545.48,6136.67,Completed
ORD-SLUMP-13703,2024-11-06,2024-11,CUST-1126,PROD-114,EMP-1008,REG-02,Retail Store,7,3130.03,0.31,15118.04,13303.88,1814.16,20409.35,Completed
ORD-SLUMP-13704,2024-11-06,2024-11,CUST-1048,PROD-110,EMP-1016,REG-02,Field Sales,3,4203.87,0.38,7819.2,6880.9,938.3,10555.92,Completed
ORD-SLUMP-13705,2024-11-06,2024-11,CUST-1011,PROD-119,EMP-1029,REG-03,Enterprise Partner,4,1016.49,0.25,3049.47,2683.53,365.94,4116.78,Completed
ORD-SLUMP-13706,2024-11-06,2024-11,CUST-1244,PROD-106,EMP-1011,REG-05,Enterprise Partner,3,2985.7,0.35,5822.11,5123.46,698.65,7859.85,Completed
ORD-SLUMP-13707,2024-11-06,2024-11,CUST-1073,PROD-119,EMP-1008,REG-03,Direct Online,3,4090.99,0.36,7854.7,6912.14,942.56,10603.84,Completed
ORD-SLUMP-13708,2024-11-06,2024-11,CUST-1135,PROD-119,EMP-1025,REG-02,Enterprise Partner,5,870.73,0.34,2873.41,2528.6,344.81,3879.1,Completed
ORD-SLUMP-13709,2024-11-06,2024-11,CUST-1100,PROD-116,EMP-1026,REG-01,Direct Online,6,4499.58,0.38,16738.44,14729.83,2008.61,22596.89,Completed
ORD-SLUMP-13710,2024-11-07,2024-11,CUST-1056,PROD-105,EMP-1020,REG-05,Field Sales,6,1516.73,0.28,6552.27,5766.0,786.27,8845.56,Completed
ORD-SLUMP-13711,2024-11-07,2024-11,CUST-1118,PROD-109,EMP-1007,REG-02,Enterprise Partner,4,967.95,0.25,2903.85,2555.39,348.46,3920.2,Completed
ORD-SLUMP-13712,2024-11-07,2024-11,CUST-1109,PROD-112,EMP-1027,REG-01,Field Sales,2,4193.11,0.26,6205.8,5461.1,744.7,8377.83,Completed
ORD-SLUMP-13713,2024-11-07,2024-11,CUST-1180,PROD-109,EMP-1019,REG-01,Field Sales,3,3861.36,0.39,7066.29,6218.34,847.95,9539.49,Completed
ORD-SLUMP-13714,2024-11-07,2024-11,CUST-1254,PROD-112,EMP-1003,REG-05,Enterprise Partner,7,1220.79,0.21,6750.97,5940.85,810.12,9113.81,Completed
ORD-SLUMP-13715,2024-11-08,2024-11,CUST-1139,PROD-107,EMP-1018,REG-05,Enterprise Partner,5,2421.08,0.32,8231.67,7243.87,987.8,11112.75,Completed
ORD-SLUMP-13716,2024-11-08,2024-11,CUST-1130,PROD-114,EMP-1006,REG-03,Retail Store,4,1613.18,0.37,4065.21,3577.38,487.83,5488.03,Completed
ORD-SLUMP-13717,2024-11-08,2024-11,CUST-1055,PROD-101,EMP-1026,REG-05,Field Sales,5,4471.91,0.32,15204.49,13379.95,1824.54,20526.06,Completed
ORD-SLUMP-13718,2024-11-08,2024-11,CUST-1201,PROD-103,EMP-1029,REG-04,Enterprise Partner,1,4400.2,0.3,3080.14,2710.52,369.62,4158.19,Completed
ORD-SLUMP-13719,2024-11-08,2024-11,CUST-1067,PROD-105,EMP-1017,REG-04,Retail Store,2,2208.17,0.27,3223.93,2837.06,386.87,4352.31,Completed
ORD-SLUMP-13720,2024-11-08,2024-11,CUST-1296,PROD-116,EMP-1022,REG-03,Direct Online,7,840.57,0.3,4118.79,3624.54,494.25,5560.37,Completed
ORD-SLUMP-13721,2024-11-08,2024-11,CUST-1004,PROD-105,EMP-1013,REG-05,Retail Store,5,1143.59,0.38,3545.13,3119.71,425.42,4785.93,Completed
ORD-SLUMP-13722,2024-11-09,2024-11,CUST-1082,PROD-105,EMP-1002,REG-02,Retail Store,4,2863.32,0.23,8819.03,7760.75,1058.28,11905.69,Completed
ORD-SLUMP-13723,2024-11-09,2024-11,CUST-1068,PROD-115,EMP-1013,REG-01,Direct Online,2,995.51,0.36,1274.25,1121.34,152.91,1720.24,Completed
ORD-SLUMP-13724,2024-11-09,2024-11,CUST-1228,PROD-115,EMP-1005,REG-05,Field Sales,4,2058.72,0.3,5764.42,5072.69,691.73,7781.97,Completed
ORD-SLUMP-13725,2024-11-09,2024-11,CUST-1057,PROD-105,EMP-1006,REG-01,Retail Store,7,1706.14,0.23,9196.09,8092.56,1103.53,12414.72,Completed
ORD-SLUMP-13726,2024-11-09,2024-11,CUST-1020,PROD-110,EMP-1005,REG-04,Direct Online,6,4429.29,0.4,15945.44,14031.99,1913.45,21526.34,Completed
ORD-SLUMP-13727,2024-11-10,2024-11,CUST-1157,PROD-112,EMP-1012,REG-03,Retail Store,4,4337.63,0.35,11277.84,9924.5,1353.34,15225.08,Completed
ORD-SLUMP-13728,2024-11-10,2024-11,CUST-1009,PROD-118,EMP-1002,REG-02,Field Sales,3,910.44,0.22,2130.43,1874.78,255.65,2876.08,Completed
ORD-SLUMP-13729,2024-11-11,2024-11,CUST-1203,PROD-103,EMP-1005,REG-01,Field Sales,5,3429.66,0.36,10974.91,9657.92,1316.99,14816.13,Completed
ORD-SLUMP-13730,2024-11-11,2024-11,CUST-1166,PROD-118,EMP-1011,REG-05,Direct Online,6,1328.66,0.39,4862.9,4279.35,583.55,6564.92,Completed
ORD-SLUMP-13731,2024-11-11,2024-11,CUST-1142,PROD-111,EMP-1023,REG-02,Field Sales,4,2548.88,0.23,7850.55,6908.48,942.07,10598.24,Completed
ORD-SLUMP-13732,2024-11-12,2024-11,CUST-1198,PROD-108,EMP-1023,REG-04,Direct Online,7,3128.41,0.22,17081.12,15031.39,2049.73,23059.51,Completed
ORD-SLUMP-13733,2024-11-12,2024-11,CUST-1271,PROD-105,EMP-1008,REG-05,Field Sales,5,2179.28,0.29,7736.44,6808.07,928.37,10444.19,Completed
ORD-SLUMP-13734,2024-11-12,2024-11,CUST-1016,PROD-117,EMP-1026,REG-02,Enterprise Partner,2,3582.29,0.28,5158.5,4539.48,619.02,6963.98,Completed
ORD-SLUMP-13735,2024-11-12,2024-11,CUST-1202,PROD-115,EMP-1022,REG-01,Direct Online,5,2941.73,0.35,9560.62,8413.35,1147.27,12906.84,Completed
ORD-SLUMP-13736,2024-11-13,2024-11,CUST-1254,PROD-102,EMP-1001,REG-02,Direct Online,3,1492.47,0.26,3313.28,2915.69,397.59,4472.93,Completed
ORD-SLUMP-13737,2024-11-13,2024-11,CUST-1023,PROD-110,EMP-1015,REG-03,Field Sales,4,2710.66,0.24,8240.41,7251.56,988.85,11124.55,Completed
ORD-SLUMP-13738,2024-11-13,2024-11,CUST-1289,PROD-108,EMP-1004,REG-03,Direct Online,6,4072.68,0.37,15394.73,13547.36,1847.37,20782.89,Completed
ORD-SLUMP-13739,2024-11-13,2024-11,CUST-1033,PROD-107,EMP-1022,REG-02,Direct Online,7,4043.52,0.29,20096.29,17684.74,2411.55,27129.99,Completed
ORD-SLUMP-13740,2024-11-13,2024-11,CUST-1217,PROD-109,EMP-1004,REG-02,Field Sales,7,4077.78,0.25,21408.34,18839.34,2569.0,28901.26,Completed
ORD-SLUMP-13741,2024-11-14,2024-11,CUST-1137,PROD-118,EMP-1006,REG-05,Retail Store,5,1398.85,0.29,4965.92,4370.01,595.91,6703.99,Completed
ORD-SLUMP-13742,2024-11-14,2024-11,CUST-1250,PROD-118,EMP-1022,REG-01,Retail Store,7,2979.48,0.32,14182.32,12480.44,1701.88,19146.13,Completed
ORD-SLUMP-13743,2024-11-14,2024-11,CUST-1110,PROD-118,EMP-1019,REG-01,Enterprise Partner,6,2136.59,0.34,8460.9,7445.59,1015.31,11422.22,Completed
ORD-SLUMP-13744,2024-11-14,2024-11,CUST-1119,PROD-114,EMP-1006,REG-01,Field Sales,7,2094.57,0.27,10703.25,9418.86,1284.39,14449.39,Completed
ORD-SLUMP-13745,2024-11-14,2024-11,CUST-1289,PROD-118,EMP-1024,REG-05,Direct Online,1,4200.77,0.22,3276.6,2883.41,393.19,4423.41,Completed
ORD-SLUMP-13746,2024-11-15,2024-11,CUST-1077,PROD-117,EMP-1022,REG-02,Enterprise Partner,1,3561.16,0.21,2813.32,2475.72,337.6,3797.98,Completed
ORD-SLUMP-13747,2024-11-15,2024-11,CUST-1006,PROD-106,EMP-1008,REG-03,Retail Store,3,2979.17,0.39,5451.88,4797.65,654.23,7360.04,Completed
ORD-SLUMP-13748,2024-11-15,2024-11,CUST-1077,PROD-110,EMP-1019,REG-03,Retail Store,6,2127.57,0.24,9701.72,8537.51,1164.21,13097.32,Completed
ORD-SLUMP-13749,2024-11-15,2024-11,CUST-1021,PROD-114,EMP-1027,REG-01,Direct Online,6,1925.83,0.2,9243.98,8134.7,1109.28,12479.37,Completed
ORD-SLUMP-13750,2024-11-15,2024-11,CUST-1252,PROD-111,EMP-1014,REG-02,Field Sales,5,2828.5,0.33,9475.47,8338.41,1137.06,12791.88,Completed
ORD-SLUMP-13751,2024-11-16,2024-11,CUST-1055,PROD-115,EMP-1021,REG-02,Enterprise Partner,2,3118.92,0.39,3805.08,3348.47,456.61,5136.86,Completed
ORD-SLUMP-13752,2024-11-16,2024-11,CUST-1175,PROD-112,EMP-1021,REG-01,Direct Online,6,1383.17,0.39,5062.4,4454.91,607.49,6834.24,Completed
ORD-SLUMP-13753,2024-11-16,2024-11,CUST-1229,PROD-105,EMP-1011,REG-04,Direct Online,1,4338.23,0.27,3166.91,2786.88,380.03,4275.33,Completed
ORD-SLUMP-13754,2024-11-16,2024-11,CUST-1181,PROD-103,EMP-1005,REG-02,Enterprise Partner,4,3327.61,0.28,9583.52,8433.5,1150.02,12937.75,Completed
ORD-SLUMP-13755,2024-11-16,2024-11,CUST-1154,PROD-114,EMP-1010,REG-04,Field Sales,3,2689.09,0.25,6050.45,5324.4,726.05,8168.11,Completed
ORD-SLUMP-13756,2024-11-16,2024-11,CUST-1287,PROD-112,EMP-1027,REG-03,Direct Online,7,2758.65,0.29,13710.49,12065.23,1645.26,18509.16,Completed
ORD-SLUMP-13757,2024-11-16,2024-11,CUST-1206,PROD-113,EMP-1018,REG-03,Direct Online,4,2598.67,0.35,6756.54,5945.76,810.78,9121.33,Completed
ORD-SLUMP-13758,2024-11-17,2024-11,CUST-1175,PROD-106,EMP-1019,REG-05,Direct Online,4,2704.72,0.34,7140.46,6283.6,856.86,9639.62,Completed
ORD-SLUMP-13759,2024-11-17,2024-11,CUST-1013,PROD-117,EMP-1026,REG-04,Enterprise Partner,7,1781.67,0.39,7607.73,6694.8,912.93,10270.44,Completed
ORD-SLUMP-13760,2024-11-17,2024-11,CUST-1211,PROD-116,EMP-1023,REG-01,Field Sales,6,1570.99,0.32,6409.64,5640.48,769.16,8653.01,Completed
ORD-SLUMP-13761,2024-11-17,2024-11,CUST-1175,PROD-101,EMP-1007,REG-04,Enterprise Partner,3,1305.97,0.23,3016.79,2654.78,362.01,4072.67,Completed
ORD-SLUMP-13762,2024-11-17,2024-11,CUST-1187,PROD-118,EMP-1015,REG-01,Enterprise Partner,7,3202.5,0.24,17037.3,14992.82,2044.48,23000.36,Completed
ORD-SLUMP-13763,2024-11-18,2024-11,CUST-1250,PROD-115,EMP-1014,REG-04,Direct Online,4,2216.91,0.27,6473.38,5696.57,776.81,8739.06,Completed
ORD-SLUMP-13764,2024-11-18,2024-11,CUST-1080,PROD-105,EMP-1018,REG-05,Field Sales,2,1456.96,0.23,2243.72,1974.47,269.25,3029.02,Completed
ORD-SLUMP-13765,2024-11-18,2024-11,CUST-1080,PROD-106,EMP-1014,REG-04,Direct Online,6,1065.93,0.34,4221.08,3714.55,506.53,5698.46,Completed
ORD-SLUMP-13766,2024-11-18,2024-11,CUST-1243,PROD-118,EMP-1008,REG-02,Field Sales,1,3620.27,0.38,2244.57,1975.22,269.35,3030.17,Completed
ORD-SLUMP-13767,2024-11-19,2024-11,CUST-1140,PROD-103,EMP-1002,REG-02,Retail Store,5,3063.95,0.36,9804.64,8628.08,1176.56,13236.26,Completed
ORD-SLUMP-13768,2024-11-19,2024-11,CUST-1297,PROD-118,EMP-1010,REG-01,Retail Store,1,2139.09,0.37,1347.63,1185.91,161.72,1819.3,Completed
ORD-SLUMP-13769,2024-11-19,2024-11,CUST-1126,PROD-112,EMP-1012,REG-04,Field Sales,1,1175.04,0.23,904.78,796.21,108.57,1221.45,Completed
ORD-SLUMP-13770,2024-11-19,2024-11,CUST-1193,PROD-116,EMP-1022,REG-05,Direct Online,6,2799.31,0.3,11757.1,10346.25,1410.85,15872.08,Completed
ORD-SLUMP-13771,2024-11-19,2024-11,CUST-1164,PROD-119,EMP-1010,REG-04,Enterprise Partner,7,1061.47,0.4,4458.17,3923.19,534.98,6018.53,Completed
ORD-SLUMP-13772,2024-11-19,2024-11,CUST-1205,PROD-114,EMP-1019,REG-02,Enterprise Partner,7,4196.36,0.24,22324.64,19645.68,2678.96,30138.26,Completed
ORD-SLUMP-13773,2024-11-20,2024-11,CUST-1196,PROD-117,EMP-1022,REG-04,Enterprise Partner,7,4394.3,0.25,23070.08,20301.67,2768.41,31144.61,Completed
ORD-SLUMP-13774,2024-11-20,2024-11,CUST-1157,PROD-113,EMP-1002,REG-02,Field Sales,4,1413.0,0.4,3391.2,2984.26,406.94,4578.12,Completed
ORD-SLUMP-13775,2024-11-20,2024-11,CUST-1214,PROD-115,EMP-1017,REG-03,Field Sales,6,3152.52,0.25,14186.34,12483.98,1702.36,19151.56,Completed
ORD-SLUMP-13776,2024-11-20,2024-11,CUST-1116,PROD-104,EMP-1029,REG-03,Field Sales,6,2278.56,0.38,8476.24,7459.09,1017.15,11442.92,Completed
ORD-SLUMP-13777,2024-11-20,2024-11,CUST-1176,PROD-101,EMP-1024,REG-04,Field Sales,4,1474.99,0.33,3952.97,3478.61,474.36,5336.51,Completed
ORD-SLUMP-13778,2024-11-20,2024-11,CUST-1007,PROD-106,EMP-1001,REG-04,Field Sales,4,3057.99,0.34,8073.09,7104.32,968.77,10898.67,Completed
ORD-SLUMP-13779,2024-11-20,2024-11,CUST-1218,PROD-115,EMP-1008,REG-03,Enterprise Partner,7,1349.26,0.31,6516.93,5734.9,782.03,8797.86,Completed
ORD-SLUMP-13780,2024-11-20,2024-11,CUST-1152,PROD-114,EMP-1025,REG-03,Direct Online,4,3113.02,0.39,7595.77,6684.28,911.49,10254.29,Completed
ORD-SLUMP-13781,2024-11-21,2024-11,CUST-1112,PROD-114,EMP-1018,REG-04,Field Sales,6,2533.14,0.38,9423.28,8292.49,1130.79,12721.43,Completed
ORD-SLUMP-13782,2024-11-21,2024-11,CUST-1210,PROD-113,EMP-1012,REG-05,Retail Store,6,1002.83,0.4,3610.19,3176.97,433.22,4873.76,Completed
ORD-SLUMP-13783,2024-11-21,2024-11,CUST-1198,PROD-114,EMP-1023,REG-02,Enterprise Partner,1,4151.11,0.29,2947.29,2593.62,353.67,3978.84,Completed
ORD-SLUMP-13784,2024-11-21,2024-11,CUST-1087,PROD-104,EMP-1001,REG-01,Enterprise Partner,2,2268.76,0.38,2813.26,2475.67,337.59,3797.9,Completed
ORD-SLUMP-13785,2024-11-21,2024-11,CUST-1079,PROD-117,EMP-1024,REG-03,Direct Online,1,1317.37,0.39,803.6,707.17,96.43,1084.86,Completed
ORD-SLUMP-13786,2024-11-21,2024-11,CUST-1247,PROD-104,EMP-1001,REG-04,Direct Online,2,4063.69,0.35,5282.8,4648.86,633.94,7131.78,Completed
ORD-SLUMP-13787,2024-11-22,2024-11,CUST-1045,PROD-107,EMP-1004,REG-03,Field Sales,7,3428.64,0.36,15360.31,13517.07,1843.24,20736.42,Completed
ORD-SLUMP-13788,2024-11-22,2024-11,CUST-1188,PROD-118,EMP-1002,REG-05,Field Sales,3,3592.69,0.32,7329.09,6449.6,879.49,9894.27,Completed
ORD-SLUMP-13789,2024-11-22,2024-11,CUST-1029,PROD-109,EMP-1016,REG-04,Field Sales,3,2649.35,0.33,5325.19,4686.17,639.02,7189.01,Completed
ORD-SLUMP-13790,2024-11-23,2024-11,CUST-1140,PROD-112,EMP-1004,REG-05,Retail Store,5,2778.28,0.28,10001.81,8801.59,1200.22,13502.44,Completed
ORD-SLUMP-13791,2024-11-23,2024-11,CUST-1015,PROD-117,EMP-1007,REG-05,Field Sales,7,2129.01,0.37,9388.93,8262.26,1126.67,12675.06,Completed
ORD-SLUMP-13792,2024-11-23,2024-11,CUST-1129,PROD-104,EMP-1019,REG-04,Direct Online,1,3771.62,0.32,2564.7,2256.94,307.76,3462.34,Completed
ORD-SLUMP-13793,2024-11-23,2024-11,CUST-1153,PROD-107,EMP-1028,REG-05,Enterprise Partner,3,869.08,0.24,1981.5,1743.72,237.78,2675.02,Completed
ORD-SLUMP-13794,2024-11-24,2024-11,CUST-1273,PROD-105,EMP-1017,REG-04,Retail Store,4,3026.27,0.34,7989.35,7030.63,958.72,10785.62,Completed
ORD-SLUMP-13795,2024-11-24,2024-11,CUST-1055,PROD-109,EMP-1007,REG-04,Retail Store,7,2880.9,0.39,12301.44,10825.27,1476.17,16606.94,Completed
ORD-SLUMP-13796,2024-11-24,2024-11,CUST-1043,PROD-109,EMP-1005,REG-04,Enterprise Partner,4,1756.92,0.29,4989.65,4390.89,598.76,6736.03,Completed
ORD-SLUMP-13797,2024-11-24,2024-11,CUST-1064,PROD-109,EMP-1025,REG-01,Retail Store,2,3501.59,0.38,4341.97,3820.93,521.04,5861.66,Completed
ORD-SLUMP-13798,2024-11-24,2024-11,CUST-1125,PROD-112,EMP-1027,REG-03,Field Sales,5,4001.22,0.33,13404.09,11795.6,1608.49,18095.52,Completed
ORD-SLUMP-13799,2024-11-24,2024-11,CUST-1099,PROD-114,EMP-1029,REG-05,Direct Online,5,1149.76,0.32,3909.18,3440.08,469.1,5277.39,Completed
ORD-SLUMP-13800,2024-11-25,2024-11,CUST-1288,PROD-106,EMP-1013,REG-01,Retail Store,3,4101.67,0.32,8367.41,7363.32,1004.09,11296.0,Completed
ORD-SLUMP-13801,2024-11-25,2024-11,CUST-1097,PROD-119,EMP-1017,REG-02,Direct Online,3,4235.04,0.36,8131.28,7155.53,975.75,10977.23,Completed
ORD-SLUMP-13802,2024-11-25,2024-11,CUST-1094,PROD-101,EMP-1001,REG-05,Field Sales,5,1797.11,0.37,5660.9,4981.59,679.31,7642.22,Completed
ORD-SLUMP-13803,2024-11-25,2024-11,CUST-1129,PROD-111,EMP-1012,REG-05,Retail Store,3,2203.67,0.34,4363.27,3839.68,523.59,5890.41,Completed
ORD-SLUMP-13804,2024-11-26,2024-11,CUST-1172,PROD-102,EMP-1002,REG-03,Field Sales,5,4308.95,0.38,13357.74,11754.81,1602.93,18032.95,Completed
ORD-SLUMP-13805,2024-11-26,2024-11,CUST-1187,PROD-113,EMP-1014,REG-01,Field Sales,7,1585.33,0.26,8212.01,7226.57,985.44,11086.21,Completed
ORD-SLUMP-13806,2024-11-26,2024-11,CUST-1051,PROD-118,EMP-1013,REG-03,Direct Online,3,4068.91,0.23,9399.18,8271.28,1127.9,12688.89,Completed
ORD-SLUMP-13807,2024-11-26,2024-11,CUST-1257,PROD-113,EMP-1008,REG-01,Retail Store,4,3134.27,0.24,9528.18,8384.8,1143.38,12863.04,Completed
ORD-SLUMP-13808,2024-11-26,2024-11,CUST-1272,PROD-107,EMP-1010,REG-04,Field Sales,3,3557.55,0.31,7364.13,6480.43,883.7,9941.58,Completed
ORD-SLUMP-13809,2024-11-27,2024-11,CUST-1133,PROD-115,EMP-1012,REG-01,Retail Store,3,3766.88,0.35,7345.42,6463.97,881.45,9916.32,Completed
ORD-SLUMP-13810,2024-11-27,2024-11,CUST-1091,PROD-108,EMP-1010,REG-04,Retail Store,1,1243.97,0.26,920.54,810.08,110.46,1242.73,Completed
ORD-SLUMP-13811,2024-11-27,2024-11,CUST-1016,PROD-101,EMP-1016,REG-04,Enterprise Partner,1,3167.73,0.31,2185.73,1923.44,262.29,2950.74,Completed
ORD-SLUMP-13812,2024-11-27,2024-11,CUST-1288,PROD-103,EMP-1002,REG-05,Direct Online,3,2269.27,0.35,4425.08,3894.07,531.01,5973.86,Completed
ORD-SLUMP-13813,2024-11-27,2024-11,CUST-1139,PROD-118,EMP-1010,REG-04,Field Sales,5,2483.75,0.28,8941.5,7868.52,1072.98,12071.03,Completed
ORD-SLUMP-13814,2024-11-27,2024-11,CUST-1216,PROD-102,EMP-1016,REG-04,Field Sales,7,2949.07,0.21,16308.36,14351.36,1957.0,22016.29,Completed
ORD-SLUMP-13815,2024-11-28,2024-11,CUST-1218,PROD-109,EMP-1028,REG-03,Direct Online,5,2747.64,0.34,9067.21,7979.14,1088.07,12240.73,Completed
ORD-SLUMP-13816,2024-11-28,2024-11,CUST-1192,PROD-119,EMP-1029,REG-05,Field Sales,1,2024.12,0.2,1619.3,1424.98,194.32,2186.06,Completed
ORD-SLUMP-13817,2024-11-28,2024-11,CUST-1239,PROD-101,EMP-1010,REG-04,Field Sales,4,2022.99,0.36,5178.85,4557.39,621.46,6991.45,Completed
ORD-SLUMP-13818,2024-11-28,2024-11,CUST-1053,PROD-111,EMP-1027,REG-01,Field Sales,2,956.35,0.32,1300.64,1144.56,156.08,1755.86,Completed
ORD-SLUMP-13819,2024-11-28,2024-11,CUST-1156,PROD-119,EMP-1002,REG-04,Retail Store,5,2534.38,0.39,7729.86,6802.28,927.58,10435.31,Completed
ORD-SLUMP-13820,2024-11-29,2024-11,CUST-1239,PROD-113,EMP-1028,REG-03,Enterprise Partner,7,4464.51,0.39,19063.46,16775.84,2287.62,25735.67,Completed
ORD-SLUMP-13821,2024-11-29,2024-11,CUST-1006,PROD-117,EMP-1009,REG-01,Enterprise Partner,5,4351.51,0.32,14795.13,13019.71,1775.42,19973.43,Completed
ORD-SLUMP-13822,2024-11-29,2024-11,CUST-1287,PROD-112,EMP-1024,REG-04,Direct Online,2,2787.48,0.36,3567.97,3139.81,428.16,4816.76,Completed
ORD-SLUMP-13823,2024-11-29,2024-11,CUST-1078,PROD-119,EMP-1011,REG-01,Direct Online,5,2996.88,0.38,9290.33,8175.49,1114.84,12541.95,Completed
ORD-SLUMP-13824,2024-11-29,2024-11,CUST-1046,PROD-109,EMP-1028,REG-02,Enterprise Partner,1,2670.94,0.3,1869.66,1645.3,224.36,2524.04,Completed
ORD-SLUMP-13825,2024-11-30,2024-11,CUST-1287,PROD-116,EMP-1026,REG-05,Enterprise Partner,7,874.09,0.32,4160.67,3661.39,499.28,5616.9,Completed
ORD-SLUMP-13826,2024-11-30,2024-11,CUST-1213,PROD-112,EMP-1029,REG-02,Field Sales,2,1726.16,0.39,2105.92,1853.21,252.71,2842.99,Completed
ORD-SLUMP-13827,2024-11-30,2024-11,CUST-1233,PROD-108,EMP-1021,REG-02,Field Sales,7,1094.93,0.34,5058.58,4451.55,607.03,6829.08,Completed
ORD-SLUMP-13828,2024-11-30,2024-11,CUST-1220,PROD-111,EMP-1002,REG-05,Field Sales,7,1635.71,0.28,8243.98,7254.7,989.28,11129.37,Completed
ORD-SLUMP-13829,2024-11-30,2024-11,CUST-1000,PROD-102,EMP-1024,REG-02,Retail Store,1,4459.68,0.39,2720.4,2393.95,326.45,3672.54,Completed
ORD-SLUMP-13830,2024-11-30,2024-11,CUST-1280,PROD-113,EMP-1023,REG-02,Field Sales,2,3113.84,0.37,3923.44,3452.63,470.81,5296.64,Completed
ORD-SLUMP-13831,2024-12-01,2024-12,CUST-1010,PROD-109,EMP-1027,REG-02,Retail Store,7,4240.64,0.26,21966.52,19330.54,2635.98,29654.8,Completed
ORD-SLUMP-13832,2024-12-01,2024-12,CUST-1016,PROD-116,EMP-1027,REG-03,Direct Online,1,3546.87,0.32,2411.87,2122.45,289.42,3256.02,Completed
ORD-SLUMP-13833,2024-12-01,2024-12,CUST-1246,PROD-116,EMP-1012,REG-04,Retail Store,1,984.83,0.32,669.68,589.32,80.36,904.07,Completed
ORD-SLUMP-13834,2024-12-01,2024-12,CUST-1288,PROD-116,EMP-1023,REG-04,Enterprise Partner,4,2152.11,0.37,5423.32,4772.52,650.8,7321.48,Completed
ORD-SLUMP-13835,2024-12-02,2024-12,CUST-1149,PROD-103,EMP-1013,REG-02,Enterprise Partner,5,1297.23,0.36,4151.14,3653.0,498.14,5604.04,Completed
ORD-SLUMP-13836,2024-12-02,2024-12,CUST-1094,PROD-117,EMP-1014,REG-03,Direct Online,2,1405.49,0.3,1967.69,1731.57,236.12,2656.38,Completed
ORD-SLUMP-13837,2024-12-02,2024-12,CUST-1094,PROD-101,EMP-1011,REG-02,Direct Online,4,3964.9,0.21,12529.08,11025.59,1503.49,16914.26,Completed
ORD-SLUMP-13838,2024-12-02,2024-12,CUST-1245,PROD-115,EMP-1029,REG-02,Direct Online,6,1440.39,0.22,6741.03,5932.11,808.92,9100.39,Completed
ORD-SLUMP-13839,2024-12-02,2024-12,CUST-1257,PROD-119,EMP-1006,REG-01,Retail Store,6,4422.05,0.31,18307.29,16110.42,2196.87,24714.84,Completed
ORD-SLUMP-13840,2024-12-02,2024-12,CUST-1284,PROD-114,EMP-1029,REG-01,Direct Online,5,2428.04,0.28,8740.94,7692.03,1048.91,11800.27,Completed
ORD-SLUMP-13841,2024-12-02,2024-12,CUST-1251,PROD-109,EMP-1028,REG-01,Enterprise Partner,5,3647.41,0.39,11124.6,9789.65,1334.95,15018.21,Completed
ORD-SLUMP-13842,2024-12-03,2024-12,CUST-1121,PROD-105,EMP-1001,REG-03,Field Sales,5,2953.03,0.28,10630.91,9355.2,1275.71,14351.73,Completed
ORD-SLUMP-13843,2024-12-03,2024-12,CUST-1046,PROD-112,EMP-1001,REG-01,Enterprise Partner,1,3789.44,0.38,2349.45,2067.52,281.93,3171.76,Completed
ORD-SLUMP-13844,2024-12-03,2024-12,CUST-1016,PROD-107,EMP-1009,REG-02,Field Sales,7,1423.34,0.3,6974.37,6137.45,836.92,9415.4,Completed
ORD-SLUMP-13845,2024-12-03,2024-12,CUST-1243,PROD-104,EMP-1001,REG-05,Field Sales,3,3379.57,0.33,6792.94,5977.79,815.15,9170.47,Completed
ORD-SLUMP-13846,2024-12-03,2024-12,CUST-1171,PROD-115,EMP-1004,REG-02,Enterprise Partner,6,2357.45,0.34,9335.5,8215.24,1120.26,12602.92,Completed
ORD-SLUMP-13847,2024-12-03,2024-12,CUST-1194,PROD-105,EMP-1028,REG-02,Direct Online,3,3157.21,0.23,7293.16,6417.98,875.18,9845.77,Completed
ORD-SLUMP-13848,2024-12-03,2024-12,CUST-1159,PROD-110,EMP-1029,REG-02,Direct Online,2,997.57,0.29,1416.55,1246.56,169.99,1912.34,Completed
ORD-SLUMP-13849,2024-12-03,2024-12,CUST-1222,PROD-104,EMP-1029,REG-05,Field Sales,1,1101.95,0.33,738.31,649.71,88.6,996.72,Completed
ORD-SLUMP-13850,2024-12-03,2024-12,CUST-1111,PROD-111,EMP-1011,REG-02,Retail Store,7,870.25,0.38,3776.88,3323.65,453.23,5098.79,Completed
ORD-SLUMP-13851,2024-12-03,2024-12,CUST-1219,PROD-106,EMP-1009,REG-04,Direct Online,5,3982.69,0.39,12147.2,10689.54,1457.66,16398.72,Completed
ORD-SLUMP-13852,2024-12-04,2024-12,CUST-1174,PROD-119,EMP-1021,REG-04,Field Sales,4,4129.9,0.21,13050.48,11484.42,1566.06,17618.15,Completed
ORD-SLUMP-13853,2024-12-04,2024-12,CUST-1201,PROD-107,EMP-1026,REG-05,Direct Online,4,3559.01,0.3,9965.23,8769.4,1195.83,13453.06,Completed
ORD-SLUMP-13854,2024-12-04,2024-12,CUST-1248,PROD-110,EMP-1010,REG-05,Enterprise Partner,1,3638.58,0.4,2183.15,1921.17,261.98,2947.25,Completed
ORD-SLUMP-13855,2024-12-04,2024-12,CUST-1297,PROD-118,EMP-1007,REG-05,Enterprise Partner,1,818.61,0.24,622.14,547.48,74.66,839.89,Completed
ORD-SLUMP-13856,2024-12-04,2024-12,CUST-1289,PROD-119,EMP-1011,REG-02,Enterprise Partner,1,1838.51,0.34,1213.42,1067.81,145.61,1638.12,Completed
ORD-SLUMP-13857,2024-12-04,2024-12,CUST-1263,PROD-105,EMP-1018,REG-05,Direct Online,4,4221.44,0.33,11313.46,9955.84,1357.62,15273.17,Completed
ORD-SLUMP-13858,2024-12-04,2024-12,CUST-1069,PROD-103,EMP-1025,REG-04,Field Sales,7,2433.05,0.33,11411.0,10041.68,1369.32,15404.85,Completed
ORD-SLUMP-13859,2024-12-05,2024-12,CUST-1180,PROD-102,EMP-1029,REG-01,Field Sales,5,3433.34,0.21,13561.69,11934.29,1627.4,18308.28,Completed
ORD-SLUMP-13860,2024-12-05,2024-12,CUST-1264,PROD-103,EMP-1021,REG-03,Field Sales,6,1928.57,0.28,8331.42,7331.65,999.77,11247.42,Completed
ORD-SLUMP-13861,2024-12-05,2024-12,CUST-1192,PROD-102,EMP-1015,REG-02,Retail Store,7,1451.89,0.37,6402.83,5634.49,768.34,8643.82,Completed
ORD-SLUMP-13862,2024-12-06,2024-12,CUST-1162,PROD-102,EMP-1015,REG-05,Direct Online,6,2510.89,0.23,11600.31,10208.27,1392.04,15660.42,Completed
ORD-SLUMP-13863,2024-12-06,2024-12,CUST-1273,PROD-113,EMP-1024,REG-03,Enterprise Partner,2,3631.17,0.32,4938.39,4345.78,592.61,6666.83,Completed
ORD-SLUMP-13864,2024-12-06,2024-12,CUST-1218,PROD-101,EMP-1006,REG-04,Enterprise Partner,4,868.96,0.23,2676.4,2355.23,321.17,3613.14,Completed
ORD-SLUMP-13865,2024-12-06,2024-12,CUST-1248,PROD-103,EMP-1013,REG-04,Field Sales,1,4114.68,0.34,2715.69,2389.81,325.88,3666.18,Completed
ORD-SLUMP-13866,2024-12-06,2024-12,CUST-1260,PROD-118,EMP-1003,REG-01,Direct Online,6,2269.09,0.29,9666.32,8506.36,1159.96,13049.53,Completed
ORD-SLUMP-13867,2024-12-06,2024-12,CUST-1146,PROD-106,EMP-1012,REG-05,Enterprise Partner,5,1475.27,0.32,5015.92,4414.01,601.91,6771.49,Completed
ORD-SLUMP-13868,2024-12-07,2024-12,CUST-1032,PROD-111,EMP-1016,REG-03,Enterprise Partner,7,1197.3,0.38,5196.28,4572.73,623.55,7014.98,Completed
ORD-SLUMP-13869,2024-12-07,2024-12,CUST-1031,PROD-107,EMP-1022,REG-02,Retail Store,7,1269.99,0.24,6756.35,5945.59,810.76,9121.07,Completed
ORD-SLUMP-13870,2024-12-07,2024-12,CUST-1105,PROD-108,EMP-1017,REG-03,Enterprise Partner,1,1851.37,0.29,1314.47,1156.73,157.74,1774.53,Completed
ORD-SLUMP-13871,2024-12-07,2024-12,CUST-1136,PROD-109,EMP-1001,REG-04,Enterprise Partner,4,1118.85,0.28,3222.29,2835.62,386.67,4350.09,Completed
ORD-SLUMP-13872,2024-12-07,2024-12,CUST-1092,PROD-105,EMP-1004,REG-03,Enterprise Partner,5,1427.18,0.34,4709.69,4144.53,565.16,6358.08,Completed
ORD-SLUMP-13873,2024-12-07,2024-12,CUST-1036,PROD-119,EMP-1014,REG-03,Field Sales,7,3092.03,0.21,17098.93,15047.06,2051.87,23083.56,Completed
ORD-SLUMP-13874,2024-12-07,2024-12,CUST-1171,PROD-110,EMP-1013,REG-04,Direct Online,5,4426.22,0.36,14163.9,12464.23,1699.67,19121.26,Completed
ORD-SLUMP-13875,2024-12-07,2024-12,CUST-1061,PROD-103,EMP-1015,REG-03,Retail Store,4,3618.33,0.26,10710.26,9425.03,1285.23,14458.85,Completed
ORD-SLUMP-13876,2024-12-08,2024-12,CUST-1288,PROD-114,EMP-1017,REG-02,Enterprise Partner,4,3079.16,0.38,7636.32,6719.96,916.36,10309.03,Completed
ORD-SLUMP-13877,2024-12-08,2024-12,CUST-1090,PROD-113,EMP-1017,REG-05,Direct Online,2,2007.73,0.26,2971.44,2614.87,356.57,4011.44,Completed
ORD-SLUMP-13878,2024-12-08,2024-12,CUST-1215,PROD-112,EMP-1003,REG-02,Direct Online,5,2291.35,0.36,7332.32,6452.44,879.88,9898.63,Completed
ORD-SLUMP-13879,2024-12-08,2024-12,CUST-1196,PROD-113,EMP-1022,REG-03,Enterprise Partner,4,1738.05,0.2,5561.76,4894.35,667.41,7508.38,Completed
ORD-SLUMP-13880,2024-12-08,2024-12,CUST-1287,PROD-102,EMP-1007,REG-03,Field Sales,3,3533.97,0.34,6997.26,6157.59,839.67,9446.3,Completed
ORD-SLUMP-13881,2024-12-09,2024-12,CUST-1102,PROD-112,EMP-1011,REG-05,Direct Online,4,2782.79,0.31,7680.5,6758.84,921.66,10368.68,Completed
ORD-SLUMP-13882,2024-12-09,2024-12,CUST-1133,PROD-112,EMP-1027,REG-03,Retail Store,6,2573.87,0.34,10192.53,8969.43,1223.1,13759.92,Completed
ORD-SLUMP-13883,2024-12-09,2024-12,CUST-1277,PROD-111,EMP-1021,REG-05,Direct Online,4,1579.78,0.3,4423.38,3892.57,530.81,5971.56,Completed
ORD-SLUMP-13884,2024-12-09,2024-12,CUST-1037,PROD-117,EMP-1002,REG-01,Retail Store,2,4286.69,0.21,6772.97,5960.21,812.76,9143.51,Completed
ORD-SLUMP-13885,2024-12-09,2024-12,CUST-1192,PROD-113,EMP-1001,REG-01,Field Sales,4,3345.53,0.27,9768.95,8596.68,1172.27,13188.08,Completed
ORD-SLUMP-13886,2024-12-10,2024-12,CUST-1276,PROD-111,EMP-1024,REG-01,Field Sales,3,3959.38,0.32,8077.14,7107.88,969.26,10904.14,Completed
ORD-SLUMP-13887,2024-12-10,2024-12,CUST-1286,PROD-104,EMP-1008,REG-03,Direct Online,4,2202.55,0.31,6079.04,5349.56,729.48,8206.7,Completed
ORD-SLUMP-13888,2024-12-10,2024-12,CUST-1215,PROD-114,EMP-1014,REG-03,Retail Store,1,3583.79,0.39,2186.11,1923.78,262.33,2951.25,Completed
ORD-SLUMP-13889,2024-12-10,2024-12,CUST-1187,PROD-118,EMP-1011,REG-03,Enterprise Partner,4,2205.74,0.38,5470.24,4813.81,656.43,7384.82,Completed
ORD-SLUMP-13890,2024-12-10,2024-12,CUST-1275,PROD-102,EMP-1017,REG-02,Enterprise Partner,5,2653.84,0.22,10349.98,9107.98,1242.0,13972.47,Completed
ORD-SLUMP-13891,2024-12-10,2024-12,CUST-1271,PROD-109,EMP-1018,REG-05,Enterprise Partner,5,2391.81,0.25,8969.29,7892.98,1076.31,12108.54,Completed
ORD-SLUMP-13892,2024-12-11,2024-12,CUST-1034,PROD-112,EMP-1026,REG-02,Direct Online,2,3116.26,0.37,3926.49,3455.31,471.18,5300.76,Completed
ORD-SLUMP-13893,2024-12-11,2024-12,CUST-1179,PROD-108,EMP-1029,REG-04,Field Sales,3,2028.54,0.36,3894.8,3427.42,467.38,5257.98,Completed
ORD-SLUMP-13894,2024-12-11,2024-12,CUST-1165,PROD-105,EMP-1028,REG-05,Retail Store,2,3496.84,0.22,5455.07,4800.46,654.61,7364.34,Completed
ORD-SLUMP-13895,2024-12-11,2024-12,CUST-1299,PROD-111,EMP-1016,REG-02,Enterprise Partner,4,3635.85,0.25,10907.55,9598.64,1308.91,14725.19,Completed
ORD-SLUMP-13896,2024-12-11,2024-12,CUST-1197,PROD-114,EMP-1009,REG-02,Retail Store,6,2689.05,0.31,11132.67,9796.75,1335.92,15029.1,Completed
ORD-SLUMP-13897,2024-12-11,2024-12,CUST-1026,PROD-115,EMP-1006,REG-03,Enterprise Partner,3,1079.97,0.32,2203.14,1938.76,264.38,2974.24,Completed
ORD-SLUMP-13898,2024-12-12,2024-12,CUST-1061,PROD-103,EMP-1029,REG-04,Direct Online,3,4199.29,0.26,9322.42,8203.73,1118.69,12585.27,Completed
ORD-SLUMP-13899,2024-12-13,2024-12,CUST-1147,PROD-115,EMP-1026,REG-02,Field Sales,4,1957.35,0.22,6106.93,5374.1,732.83,8244.36,Completed
ORD-SLUMP-13900,2024-12-13,2024-12,CUST-1014,PROD-108,EMP-1011,REG-02,Direct Online,6,1705.05,0.37,6445.09,5671.68,773.41,8700.87,Completed
ORD-SLUMP-13901,2024-12-13,2024-12,CUST-1210,PROD-112,EMP-1012,REG-01,Enterprise Partner,3,3160.86,0.33,6353.33,5590.93,762.4,8577.0,Completed
ORD-SLUMP-13902,2024-12-13,2024-12,CUST-1070,PROD-113,EMP-1012,REG-03,Direct Online,5,3982.94,0.29,14139.44,12442.71,1696.73,19088.24,Completed
ORD-SLUMP-13903,2024-12-13,2024-12,CUST-1044,PROD-117,EMP-1018,REG-02,Enterprise Partner,5,868.78,0.33,2910.41,2561.16,349.25,3929.05,Completed
ORD-SLUMP-13904,2024-12-14,2024-12,CUST-1098,PROD-109,EMP-1023,REG-04,Field Sales,4,2860.87,0.38,7094.96,6243.56,851.4,9578.2,Completed
ORD-SLUMP-13905,2024-12-14,2024-12,CUST-1088,PROD-114,EMP-1017,REG-02,Retail Store,5,4492.67,0.37,14151.91,12453.68,1698.23,19105.08,Completed
ORD-SLUMP-13906,2024-12-14,2024-12,CUST-1173,PROD-103,EMP-1005,REG-04,Field Sales,1,837.76,0.23,645.08,567.67,77.41,870.86,Completed
ORD-SLUMP-13907,2024-12-14,2024-12,CUST-1135,PROD-102,EMP-1029,REG-05,Direct Online,7,3534.35,0.29,17565.72,15457.83,2107.89,23713.72,Completed
ORD-SLUMP-13908,2024-12-14,2024-12,CUST-1204,PROD-113,EMP-1002,REG-01,Retail Store,1,2748.79,0.31,1896.67,1669.07,227.6,2560.5,Completed
ORD-SLUMP-13909,2024-12-14,2024-12,CUST-1138,PROD-119,EMP-1012,REG-05,Enterprise Partner,7,1987.47,0.33,9321.23,8202.68,1118.55,12583.66,Completed
ORD-SLUMP-13910,2024-12-15,2024-12,CUST-1277,PROD-105,EMP-1024,REG-01,Direct Online,1,2482.03,0.3,1737.42,1528.93,208.49,2345.52,Completed
ORD-SLUMP-13911,2024-12-15,2024-12,CUST-1111,PROD-119,EMP-1016,REG-03,Enterprise Partner,4,4242.45,0.39,10351.58,9109.39,1242.19,13974.63,Completed
ORD-SLUMP-13912,2024-12-15,2024-12,CUST-1151,PROD-104,EMP-1001,REG-01,Retail Store,3,1105.08,0.3,2320.67,2042.19,278.48,3132.9,Completed
ORD-SLUMP-13913,2024-12-15,2024-12,CUST-1028,PROD-118,EMP-1004,REG-04,Direct Online,3,3397.01,0.35,6624.17,5829.27,794.9,8942.63,Completed
ORD-SLUMP-13914,2024-12-15,2024-12,CUST-1189,PROD-116,EMP-1011,REG-04,Enterprise Partner,2,3868.25,0.31,5338.18,4697.6,640.58,7206.54,Completed
ORD-SLUMP-13915,2024-12-16,2024-12,CUST-1218,PROD-119,EMP-1014,REG-04,Retail Store,3,2003.7,0.38,3726.88,3279.65,447.23,5031.29,Completed
ORD-SLUMP-13916,2024-12-16,2024-12,CUST-1052,PROD-105,EMP-1020,REG-03,Field Sales,1,2948.67,0.31,2034.58,1790.43,244.15,2746.68,Completed
ORD-SLUMP-13917,2024-12-16,2024-12,CUST-1191,PROD-111,EMP-1008,REG-02,Retail Store,7,2868.38,0.21,15862.14,13958.68,1903.46,21413.89,Completed
ORD-SLUMP-13918,2024-12-16,2024-12,CUST-1286,PROD-107,EMP-1020,REG-02,Field Sales,7,4330.18,0.4,18186.76,16004.35,2182.41,24552.13,Completed
ORD-SLUMP-13919,2024-12-16,2024-12,CUST-1273,PROD-109,EMP-1002,REG-05,Retail Store,3,1989.89,0.21,4716.04,4150.12,565.92,6366.65,Completed
ORD-SLUMP-13920,2024-12-17,2024-12,CUST-1291,PROD-119,EMP-1011,REG-02,Retail Store,7,1929.02,0.38,8371.95,7367.32,1004.63,11302.13,Completed
ORD-SLUMP-13921,2024-12-17,2024-12,CUST-1120,PROD-112,EMP-1023,REG-04,Retail Store,4,3697.69,0.28,10649.35,9371.43,1277.92,14376.62,Completed
ORD-SLUMP-13922,2024-12-17,2024-12,CUST-1109,PROD-110,EMP-1010,REG-05,Field Sales,1,1054.06,0.24,801.09,704.96,96.13,1081.47,Completed
ORD-SLUMP-13923,2024-12-17,2024-12,CUST-1220,PROD-104,EMP-1028,REG-03,Direct Online,3,2986.68,0.38,5555.22,4888.59,666.63,7499.55,Completed
ORD-SLUMP-13924,2024-12-17,2024-12,CUST-1273,PROD-105,EMP-1004,REG-04,Enterprise Partner,2,2562.99,0.24,3895.74,3428.25,467.49,5259.25,Completed
ORD-SLUMP-13925,2024-12-17,2024-12,CUST-1050,PROD-102,EMP-1021,REG-02,Retail Store,7,4235.66,0.29,21051.23,18525.08,2526.15,28419.16,Completed
ORD-SLUMP-13926,2024-12-17,2024-12,CUST-1185,PROD-116,EMP-1007,REG-03,Enterprise Partner,5,894.62,0.32,3041.71,2676.7,365.01,4106.31,Completed
ORD-SLUMP-13927,2024-12-18,2024-12,CUST-1023,PROD-109,EMP-1013,REG-05,Field Sales,5,2481.95,0.26,9183.22,8081.23,1101.99,12397.35,Completed
ORD-SLUMP-13928,2024-12-18,2024-12,CUST-1222,PROD-101,EMP-1022,REG-05,Retail Store,1,832.45,0.35,541.09,476.16,64.93,730.47,Completed
ORD-SLUMP-13929,2024-12-18,2024-12,CUST-1079,PROD-103,EMP-1003,REG-04,Direct Online,7,1491.9,0.33,6997.01,6157.37,839.64,9445.96,Completed
ORD-SLUMP-13930,2024-12-18,2024-12,CUST-1167,PROD-109,EMP-1014,REG-04,Direct Online,1,2441.75,0.34,1611.55,1418.16,193.39,2175.59,Completed
ORD-SLUMP-13931,2024-12-18,2024-12,CUST-1165,PROD-112,EMP-1001,REG-02,Field Sales,1,4370.88,0.35,2841.07,2500.14,340.93,3835.44,Completed
ORD-SLUMP-13932,2024-12-19,2024-12,CUST-1011,PROD-110,EMP-1009,REG-05,Retail Store,4,1152.19,0.31,3180.04,2798.44,381.6,4293.05,Completed
ORD-SLUMP-13933,2024-12-19,2024-12,CUST-1043,PROD-114,EMP-1021,REG-04,Direct Online,4,1981.59,0.3,5548.45,4882.64,665.81,7490.41,Completed
ORD-SLUMP-13934,2024-12-19,2024-12,CUST-1181,PROD-114,EMP-1009,REG-03,Retail Store,2,3059.84,0.35,3977.79,3500.46,477.33,5370.02,Completed
ORD-SLUMP-13935,2024-12-19,2024-12,CUST-1101,PROD-105,EMP-1025,REG-05,Field Sales,6,3228.57,0.38,12010.28,10569.05,1441.23,16213.88,Completed
ORD-SLUMP-13936,2024-12-19,2024-12,CUST-1002,PROD-102,EMP-1028,REG-03,Field Sales,2,1998.98,0.4,2398.78,2110.93,287.85,3238.35,Completed
ORD-SLUMP-13937,2024-12-19,2024-12,CUST-1109,PROD-101,EMP-1022,REG-01,Enterprise Partner,7,1745.85,0.2,9776.76,8603.55,1173.21,13198.63,Completed
ORD-SLUMP-13938,2024-12-20,2024-12,CUST-1099,PROD-111,EMP-1002,REG-02,Field Sales,6,2913.69,0.25,13111.6,11538.21,1573.39,17700.66,Completed
ORD-SLUMP-13939,2024-12-20,2024-12,CUST-1101,PROD-106,EMP-1015,REG-05,Direct Online,1,2242.36,0.34,1479.96,1302.36,177.6,1997.95,Completed
ORD-SLUMP-13940,2024-12-20,2024-12,CUST-1081,PROD-101,EMP-1020,REG-05,Enterprise Partner,6,3725.98,0.21,17661.15,15541.81,2119.34,23842.55,Completed
ORD-SLUMP-13941,2024-12-20,2024-12,CUST-1226,PROD-106,EMP-1013,REG-02,Direct Online,6,4447.09,0.23,20545.56,18080.09,2465.47,27736.51,Completed
ORD-SLUMP-13942,2024-12-20,2024-12,CUST-1075,PROD-104,EMP-1024,REG-03,Retail Store,5,3565.23,0.21,14082.66,12392.74,1689.92,19011.59,Completed
ORD-SLUMP-13943,2024-12-20,2024-12,CUST-1144,PROD-115,EMP-1004,REG-03,Retail Store,1,1736.05,0.31,1197.87,1054.13,143.74,1617.12,Completed
ORD-SLUMP-13944,2024-12-20,2024-12,CUST-1153,PROD-115,EMP-1004,REG-04,Direct Online,4,2381.95,0.31,6574.18,5785.28,788.9,8875.14,Completed
ORD-SLUMP-13945,2024-12-21,2024-12,CUST-1051,PROD-114,EMP-1027,REG-02,Direct Online,7,4495.38,0.36,20139.3,17722.58,2416.72,27188.06,Completed
ORD-SLUMP-13946,2024-12-21,2024-12,CUST-1210,PROD-119,EMP-1012,REG-01,Enterprise Partner,2,4308.24,0.28,6203.87,5459.41,744.46,8375.22,Completed
ORD-SLUMP-13947,2024-12-21,2024-12,CUST-1221,PROD-107,EMP-1028,REG-02,Retail Store,1,4212.21,0.27,3074.91,2705.92,368.99,4151.13,Completed
ORD-SLUMP-13948,2024-12-21,2024-12,CUST-1223,PROD-117,EMP-1002,REG-02,Enterprise Partner,5,3329.4,0.39,10154.67,8936.11,1218.56,13708.8,Completed
ORD-SLUMP-13949,2024-12-21,2024-12,CUST-1027,PROD-105,EMP-1028,REG-04,Field Sales,2,4316.08,0.39,5265.62,4633.75,631.87,7108.59,Completed
ORD-SLUMP-13950,2024-12-21,2024-12,CUST-1123,PROD-114,EMP-1024,REG-02,Field Sales,3,1524.35,0.37,2881.02,2535.3,345.72,3889.38,Completed
ORD-SLUMP-13951,2024-12-21,2024-12,CUST-1248,PROD-101,EMP-1005,REG-02,Field Sales,3,3828.28,0.36,7350.3,6468.26,882.04,9922.91,Completed
ORD-SLUMP-13952,2024-12-22,2024-12,CUST-1260,PROD-114,EMP-1011,REG-02,Retail Store,3,2136.39,0.27,4678.69,4117.25,561.44,6316.23,Completed
ORD-SLUMP-13953,2024-12-22,2024-12,CUST-1286,PROD-117,EMP-1025,REG-05,Enterprise Partner,1,2148.18,0.28,1546.69,1361.09,185.6,2088.03,Completed
ORD-SLUMP-13954,2024-12-22,2024-12,CUST-1219,PROD-114,EMP-1026,REG-01,Field Sales,7,2283.52,0.28,11508.94,10127.87,1381.07,15537.07,Completed
ORD-SLUMP-13955,2024-12-22,2024-12,CUST-1134,PROD-119,EMP-1013,REG-02,Retail Store,2,2971.92,0.21,4695.63,4132.15,563.48,6339.1,Completed
ORD-SLUMP-13956,2024-12-22,2024-12,CUST-1270,PROD-115,EMP-1003,REG-01,Retail Store,4,3809.87,0.21,12039.19,10594.49,1444.7,16252.91,Completed
ORD-SLUMP-13957,2024-12-22,2024-12,CUST-1260,PROD-101,EMP-1004,REG-01,Retail Store,7,1703.79,0.3,8348.57,7346.74,1001.83,11270.57,Completed
ORD-SLUMP-13958,2024-12-22,2024-12,CUST-1229,PROD-117,EMP-1023,REG-03,Enterprise Partner,6,3835.37,0.3,16108.55,14175.52,1933.03,21746.54,Completed
ORD-SLUMP-13959,2024-12-23,2024-12,CUST-1190,PROD-106,EMP-1025,REG-02,Field Sales,6,4306.99,0.39,15763.58,13871.95,1891.63,21280.83,Completed
ORD-SLUMP-13960,2024-12-23,2024-12,CUST-1125,PROD-116,EMP-1004,REG-03,Enterprise Partner,7,1694.18,0.36,7589.93,6679.14,910.79,10246.41,Completed
ORD-SLUMP-13961,2024-12-23,2024-12,CUST-1260,PROD-107,EMP-1011,REG-05,Enterprise Partner,7,3943.28,0.34,18217.95,16031.8,2186.15,24594.23,Completed
ORD-SLUMP-13962,2024-12-23,2024-12,CUST-1075,PROD-115,EMP-1028,REG-03,Direct Online,7,2106.9,0.22,11503.67,10123.23,1380.44,15529.95,Completed
ORD-SLUMP-13963,2024-12-24,2024-12,CUST-1048,PROD-118,EMP-1029,REG-03,Field Sales,5,893.65,0.32,3038.41,2673.8,364.61,4101.85,Completed
ORD-SLUMP-13964,2024-12-24,2024-12,CUST-1224,PROD-102,EMP-1001,REG-05,Enterprise Partner,5,2806.14,0.28,10102.1,8889.85,1212.25,13637.84,Completed
ORD-SLUMP-13965,2024-12-24,2024-12,CUST-1039,PROD-111,EMP-1010,REG-02,Retail Store,4,2160.86,0.32,5877.54,5172.24,705.3,7934.68,Completed
ORD-SLUMP-13966,2024-12-24,2024-12,CUST-1067,PROD-114,EMP-1001,REG-04,Direct Online,3,4444.51,0.38,8266.79,7274.78,992.01,11160.17,Completed
ORD-SLUMP-13967,2024-12-24,2024-12,CUST-1205,PROD-108,EMP-1002,REG-04,Field Sales,7,3265.26,0.33,15314.07,13476.38,1837.69,20673.99,Completed
ORD-SLUMP-13968,2024-12-25,2024-12,CUST-1239,PROD-109,EMP-1005,REG-05,Direct Online,2,2294.34,0.22,3579.17,3149.67,429.5,4831.88,Completed
ORD-SLUMP-13969,2024-12-25,2024-12,CUST-1005,PROD-114,EMP-1002,REG-02,Retail Store,7,4001.67,0.25,21008.77,18487.72,2521.05,28361.84,Completed
ORD-SLUMP-13970,2024-12-25,2024-12,CUST-1022,PROD-109,EMP-1010,REG-04,Direct Online,7,3997.56,0.31,19308.21,16991.22,2316.99,26066.08,Completed
ORD-SLUMP-13971,2024-12-25,2024-12,CUST-1131,PROD-106,EMP-1026,REG-03,Enterprise Partner,6,4111.86,0.35,16036.25,14111.9,1924.35,21648.94,Completed
ORD-SLUMP-13972,2024-12-25,2024-12,CUST-1288,PROD-103,EMP-1028,REG-03,Field Sales,4,1989.88,0.3,5571.66,4903.06,668.6,7521.74,Completed
ORD-SLUMP-13973,2024-12-25,2024-12,CUST-1084,PROD-116,EMP-1019,REG-05,Field Sales,4,3031.46,0.26,8973.12,7896.35,1076.77,12113.71,Completed
ORD-SLUMP-13974,2024-12-25,2024-12,CUST-1040,PROD-103,EMP-1012,REG-04,Field Sales,3,1028.05,0.22,2405.64,2116.96,288.68,3247.61,Completed
ORD-SLUMP-13975,2024-12-25,2024-12,CUST-1253,PROD-118,EMP-1021,REG-04,Enterprise Partner,5,1090.38,0.2,4361.52,3838.14,523.38,5888.05,Completed
ORD-SLUMP-13976,2024-12-25,2024-12,CUST-1135,PROD-113,EMP-1013,REG-03,Field Sales,7,1794.17,0.26,9293.8,8178.54,1115.26,12546.63,Completed
ORD-SLUMP-13977,2024-12-26,2024-12,CUST-1123,PROD-112,EMP-1006,REG-02,Enterprise Partner,6,2993.76,0.26,13292.29,11697.22,1595.07,17944.59,Completed
ORD-SLUMP-13978,2024-12-26,2024-12,CUST-1266,PROD-102,EMP-1014,REG-04,Direct Online,2,3793.32,0.24,5765.85,5073.95,691.9,7783.9,Completed
ORD-SLUMP-13979,2024-12-26,2024-12,CUST-1079,PROD-113,EMP-1007,REG-05,Retail Store,7,1163.91,0.39,4969.9,4373.51,596.39,6709.36,Completed
ORD-SLUMP-13980,2024-12-27,2024-12,CUST-1239,PROD-111,EMP-1002,REG-02,Retail Store,6,1073.81,0.23,4961.0,4365.68,595.32,6697.35,Completed
ORD-SLUMP-13981,2024-12-27,2024-12,CUST-1014,PROD-107,EMP-1024,REG-01,Direct Online,7,4434.16,0.25,23279.34,20485.82,2793.52,31427.11,Completed
ORD-SLUMP-13982,2024-12-27,2024-12,CUST-1142,PROD-117,EMP-1012,REG-01,Enterprise Partner,1,2422.92,0.21,1914.11,1684.42,229.69,2584.05,Completed
ORD-SLUMP-13983,2024-12-27,2024-12,CUST-1146,PROD-107,EMP-1003,REG-01,Enterprise Partner,5,3169.99,0.26,11728.96,10321.48,1407.48,15834.1,Completed
ORD-SLUMP-13984,2024-12-27,2024-12,CUST-1287,PROD-102,EMP-1006,REG-02,Retail Store,5,2950.09,0.34,9735.3,8567.06,1168.24,13142.66,Completed
ORD-SLUMP-13985,2024-12-27,2024-12,CUST-1297,PROD-111,EMP-1023,REG-05,Direct Online,4,889.15,0.35,2311.79,2034.38,277.41,3120.92,Completed
ORD-SLUMP-13986,2024-12-27,2024-12,CUST-1110,PROD-103,EMP-1020,REG-02,Enterprise Partner,1,1693.48,0.27,1236.24,1087.89,148.35,1668.92,Completed
ORD-SLUMP-13987,2024-12-27,2024-12,CUST-1144,PROD-108,EMP-1029,REG-02,Direct Online,4,858.38,0.35,2231.79,1963.98,267.81,3012.92,Completed
ORD-SLUMP-13988,2024-12-27,2024-12,CUST-1166,PROD-108,EMP-1024,REG-04,Field Sales,6,2794.25,0.36,10729.92,9442.33,1287.59,14485.39,Completed
ORD-SLUMP-13989,2024-12-28,2024-12,CUST-1079,PROD-105,EMP-1022,REG-02,Enterprise Partner,5,2717.08,0.36,8694.66,7651.3,1043.36,11737.79,Completed
ORD-SLUMP-13990,2024-12-28,2024-12,CUST-1291,PROD-111,EMP-1029,REG-03,Enterprise Partner,1,2198.38,0.32,1494.9,1315.51,179.39,2018.12,Completed
ORD-SLUMP-13991,2024-12-28,2024-12,CUST-1094,PROD-115,EMP-1006,REG-05,Direct Online,5,1334.06,0.21,5269.54,4637.2,632.34,7113.88,Completed
ORD-SLUMP-13992,2024-12-29,2024-12,CUST-1043,PROD-115,EMP-1014,REG-04,Retail Store,1,1104.58,0.36,706.93,622.1,84.83,954.36,Completed
ORD-SLUMP-13993,2024-12-29,2024-12,CUST-1155,PROD-102,EMP-1012,REG-01,Enterprise Partner,4,1567.8,0.38,3888.14,3421.56,466.58,5248.99,Completed
ORD-SLUMP-13994,2024-12-29,2024-12,CUST-1180,PROD-103,EMP-1026,REG-03,Enterprise Partner,3,3278.52,0.39,5999.69,5279.73,719.96,8099.58,Completed
ORD-SLUMP-13995,2024-12-29,2024-12,CUST-1058,PROD-109,EMP-1025,REG-04,Enterprise Partner,1,2068.24,0.27,1509.82,1328.64,181.18,2038.26,Completed
ORD-SLUMP-13996,2024-12-30,2024-12,CUST-1293,PROD-103,EMP-1029,REG-04,Direct Online,1,1464.22,0.25,1098.16,966.38,131.78,1482.52,Completed
ORD-SLUMP-13997,2024-12-30,2024-12,CUST-1073,PROD-115,EMP-1025,REG-03,Retail Store,4,4476.48,0.29,12713.2,11187.62,1525.58,17162.82,Completed
ORD-SLUMP-13998,2024-12-30,2024-12,CUST-1271,PROD-105,EMP-1026,REG-01,Enterprise Partner,3,941.51,0.26,2090.15,1839.33,250.82,2821.7,Completed
ORD-SLUMP-13999,2024-12-30,2024-12,CUST-1074,PROD-104,EMP-1028,REG-05,Enterprise Partner,6,4282.56,0.38,15931.12,14019.39,1911.73,21507.01,Completed
