customer_id,customer_name,customer_segment,region,acquisition_date,purchase_frequency,average_order_value,lifetime_value,retention_status
CUST-00001,Apex Global 1,Government,REG-03,2023-06-16,13.0,1849.91,43625.76,Active
CUST-00002,Starlight Media 2,Startup,REG-02,2024-06-30,15.1,1071.91,33549.16,Active
CUST-00003,Omni Digital 3,Mid-Market,REG-03,2025-05-13,31.7,1391.57,136314.9,Active
CUST-00004,Quantum Labs 4,SMB,REG-01,2023-08-05,18.4,2485.13,130375.22,Active
CUST-00005,Innovate X 5,Government,REG-04,2023-05-27,10.2,2044.79,51957.49,Active
CUST-00006,TechCorp 6,Government,REG-05,2024-02-13,12.8,5985.96,116322.09,Active
CUST-00007,Innovate X 7,Enterprise,REG-02,2024-10-04,14.6,8645.05,324599.28,Active
CUST-00008,Starlight Media 8,Government,REG-05,2023-09-15,29.2,5269.09,188691.73,Active
CUST-00009,Nexus Dynamic 9,SMB,REG-03,2023-04-25,7.3,1053.55,9286.5,Active
CUST-00010,Innovate X 10,Startup,REG-02,2024-06-03,18.4,3546.81,123110.43,Active
CUST-00011,TechCorp 11,Mid-Market,REG-02,2024-01-18,31.5,4775.65,449921.09,Active
CUST-00012,Nexus Dynamic 12,Startup,REG-03,2024-05-15,2.4,3751.85,29003.84,Active
CUST-00013,Apex Global 13,Mid-Market,REG-01,2023-09-04,35.6,7628.65,379397.97,Active
CUST-00014,Innovate X 14,Startup,REG-02,2023-05-12,13.9,3813.97,83751.38,Active
CUST-00015,Horizon Inc 15,Government,REG-02,2025-08-09,17.6,4582.14,134085.31,Active
CUST-00016,Vanguard Solutions 16,Government,REG-05,2024-04-07,6.3,1929.66,24041.36,Active
CUST-00017,Horizon Inc 17,Startup,REG-02,2023-01-08,3.3,2708.86,15434.19,Active
CUST-00018,Innovate X 18,Enterprise,REG-05,2023-09-01,21.0,6596.85,338055.57,Active
CUST-00019,Omni Digital 19,Startup,REG-04,2023-09-06,16.1,3326.24,87715.87,Churned
CUST-00020,Apex Global 20,SMB,REG-04,2024-02-25,10.4,3051.77,87240.58,Active
CUST-00021,Quantum Labs 21,Enterprise,REG-04,2025-01-15,24.3,10547.56,454150.54,Active
CUST-00022,Starlight Media 22,Mid-Market,REG-04,2023-07-07,14.0,2748.65,127892.35,Active
CUST-00023,Vanguard Solutions 23,Enterprise,REG-01,2024-10-29,60.0,10278.29,2114465.07,Active
CUST-00024,TechCorp 24,Mid-Market,REG-04,2024-05-12,21.3,7052.55,492061.18,Active
CUST-00025,Starlight Media 25,Government,REG-03,2025-08-06,24.2,3138.79,165052.01,Active
CUST-00026,Horizon Inc 26,Government,REG-02,2023-07-14,11.0,5835.72,162543.83,Active
CUST-00027,Starlight Media 27,Enterprise,REG-01,2024-08-21,31.7,11153.56,856196.41,Churned
CUST-00028,Innovate X 28,Enterprise,REG-02,2023-03-12,38.1,8589.73,569764.67,Churned
CUST-00029,Horizon Inc 29,Mid-Market,REG-05,2024-08-31,5.4,1573.88,23048.8,Active
CUST-00030,Nexus Dynamic 30,SMB,REG-02,2024-11-16,14.9,1335.4,41989.76,Active
CUST-00031,Apex Global 31,Government,REG-03,2025-08-09,23.3,1130.85,59391.7,Active
CUST-00032,Vanguard Solutions 32,Enterprise,REG-05,2023-08-07,33.3,2890.79,192788.48,Churned
CUST-00033,Starlight Media 33,SMB,REG-03,2023-06-11,9.9,2401.26,45067.6,Active
CUST-00034,Apex Global 34,Enterprise,REG-05,2023-11-03,56.3,2587.66,469061.66,Active
CUST-00035,Nexus Dynamic 35,Startup,REG-02,2023-10-06,7.1,1237.2,17468.32,Active
CUST-00036,Nexus Dynamic 36,Startup,REG-04,2023-09-15,18.3,3461.36,89458.3,Active
CUST-00037,Starlight Media 37,Enterprise,REG-01,2023-12-08,47.6,8189.69,702666.08,Active
CUST-00038,TechCorp 38,Government,REG-05,2023-01-10,6.0,5711.52,95588.4,Churned
CUST-00039,TechCorp 39,SMB,REG-05,2024-07-19,4.7,946.06,8488.31,Active
CUST-00040,Omni Digital 40,SMB,REG-02,2024-11-29,6.5,859.78,16733.67,Active
CUST-00041,Omni Digital 41,Startup,REG-02,2025-08-05,18.7,3526.12,227176.0,Active
CUST-00042,Vanguard Solutions 42,Enterprise,REG-02,2025-01-24,55.9,9715.06,1165942.84,Active
CUST-00043,Vanguard Solutions 43,SMB,REG-02,2025-03-17,14.6,1838.9,34608.78,Active
CUST-00044,Omni Digital 44,Government,REG-03,2023-11-09,25.2,5324.45,229806.72,Active
CUST-00045,Starlight Media 45,SMB,REG-03,2025-06-04,3.2,3206.64,20600.85,Active
CUST-00046,TechCorp 46,SMB,REG-01,2023-04-29,17.8,1414.25,63824.17,Active
CUST-00047,Apex Global 47,Enterprise,REG-05,2024-03-20,24.7,9757.5,531115.72,Active
CUST-00048,Starlight Media 48,Government,REG-05,2023-07-14,9.9,4471.12,53289.09,Active
CUST-00049,Apex Global 49,Mid-Market,REG-03,2024-03-17,6.5,5649.66,71956.84,Active
CUST-00050,Vanguard Solutions 50,SMB,REG-05,2023-11-13,14.0,1641.64,64434.55,Active
CUST-00051,TechCorp 51,Government,REG-04,2024-11-24,23.2,1663.64,96836.25,Active
CUST-00052,Quantum Labs 52,SMB,REG-03,2023-08-04,9.7,2529.95,66402.29,Active
CUST-00053,Nexus Dynamic 53,Mid-Market,REG-05,2024-04-29,32.6,7718.82,727903.17,Active
CUST-00054,Vanguard Solutions 54,Startup,REG-05,2023-12-10,3.7,3832.0,24673.22,Active
CUST-00055,Omni Digital 55,Mid-Market,REG-01,2023-02-17,12.8,4325.95,174665.76,Churned
CUST-00056,TechCorp 56,Startup,REG-02,2025-01-05,14.5,2230.32,56955.42,Active
CUST-00057,Vanguard Solutions 57,Enterprise,REG-04,2023-08-13,15.5,11558.64,428423.23,Churned
CUST-00058,Quantum Labs 58,Enterprise,REG-04,2023-05-17,49.3,8509.57,1456643.73,Active
CUST-00059,Quantum Labs 59,Startup,REG-05,2024-03-12,17.0,2417.55,134127.7,Active
CUST-00060,Vanguard Solutions 60,Government,REG-03,2025-02-08,9.7,4097.72,117708.25,Active
CUST-00061,Apex Global 61,SMB,REG-04,2023-03-21,14.8,1320.73,38555.08,Active
CUST-00062,Horizon Inc 62,Mid-Market,REG-02,2023-08-25,17.8,2069.64,62335.96,Active
CUST-00063,TechCorp 63,Startup,REG-04,2024-03-01,3.1,3415.12,22187.93,Active
CUST-00064,Omni Digital 64,Startup,REG-04,2024-05-03,2.1,1731.16,10662.71,Active
CUST-00065,TechCorp 65,Startup,REG-05,2025-03-30,12.9,1271.89,27969.17,Active
CUST-00066,Synergy Systems 66,Government,REG-03,2024-11-15,21.3,2872.66,96652.2,Active
CUST-00067,Omni Digital 67,Startup,REG-05,2023-01-28,18.3,2571.62,128235.53,Churned
CUST-00068,Omni Digital 68,Mid-Market,REG-04,2023-07-06,5.8,3653.73,35746.44,Active
CUST-00069,Horizon Inc 69,SMB,REG-04,2023-09-16,17.0,2146.07,106631.46,Churned
CUST-00070,TechCorp 70,Mid-Market,REG-01,2025-03-10,38.5,1281.81,62741.66,Active
CUST-00071,Nexus Dynamic 71,Startup,REG-02,2023-09-02,4.3,2843.11,30528.35,Active
CUST-00072,Nexus Dynamic 72,SMB,REG-02,2024-09-12,12.9,3117.74,58857.29,Active
CUST-00073,Vanguard Solutions 73,Enterprise,REG-05,2023-01-27,56.2,7545.87,1394563.25,Active
CUST-00074,Innovate X 74,Enterprise,REG-05,2024-12-08,50.9,4049.92,577925.14,Active
CUST-00075,Horizon Inc 75,Enterprise,REG-05,2025-03-12,8.2,7093.83,158307.99,Churned
CUST-00076,Quantum Labs 76,Enterprise,REG-04,2025-04-22,32.5,6052.0,399877.16,Active
CUST-00077,Starlight Media 77,Mid-Market,REG-04,2023-06-30,30.4,7758.32,429532.88,Active
CUST-00078,Apex Global 78,Government,REG-04,2024-03-22,25.3,3860.49,189607.59,Active
CUST-00079,Quantum Labs 79,SMB,REG-04,2023-09-07,15.5,2494.47,105817.71,Active
CUST-00080,Nexus Dynamic 80,SMB,REG-02,2024-05-14,5.8,3292.41,37863.11,Active
CUST-00081,Vanguard Solutions 81,Startup,REG-01,2024-06-13,19.1,799.65,43623.21,Active
CUST-00082,Nexus Dynamic 82,Government,REG-04,2024-04-03,24.4,1238.53,51666.51,Active
CUST-00083,Horizon Inc 83,Startup,REG-03,2024-04-29,12.0,1703.15,71373.96,Active
CUST-00084,Starlight Media 84,Government,REG-03,2023-11-10,9.8,1383.44,22274.56,Churned
CUST-00085,Innovate X 85,Mid-Market,REG-02,2023-08-10,30.6,2935.5,229600.5,Active
CUST-00086,Starlight Media 86,SMB,REG-01,2025-05-02,5.5,1296.19,11497.12,Churned
CUST-00087,Quantum Labs 87,Mid-Market,REG-03,2023-02-16,39.1,4873.51,534325.53,Churned
CUST-00088,Nexus Dynamic 88,Enterprise,REG-01,2024-08-10,21.4,6526.5,277046.96,Active
CUST-00089,Synergy Systems 89,Government,REG-01,2025-04-21,4.8,3331.67,40414.2,Active
CUST-00090,Innovate X 90,Mid-Market,REG-05,2025-08-29,14.9,7957.43,174580.72,Active
CUST-00091,Innovate X 91,Startup,REG-05,2023-08-20,16.0,1831.32,96387.79,Active
CUST-00092,Vanguard Solutions 92,Government,REG-03,2024-08-05,19.8,3950.56,227013.66,Active
CUST-00093,Omni Digital 93,Mid-Market,REG-03,2024-11-07,6.9,2679.06,45651.5,Active
CUST-00094,Quantum Labs 94,Government,REG-05,2024-04-26,10.9,1965.25,60536.35,Active
CUST-00095,Vanguard Solutions 95,Enterprise,REG-02,2025-08-04,20.3,9808.1,509013.67,Active
CUST-00096,TechCorp 96,Government,REG-01,2024-07-11,9.1,1532.19,25250.01,Churned
CUST-00097,Nexus Dynamic 97,Mid-Market,REG-03,2024-09-01,31.0,4984.45,287991.23,Churned
CUST-00098,Horizon Inc 98,Government,REG-03,2024-05-27,17.6,3048.23,138171.77,Active
CUST-00099,TechCorp 99,Startup,REG-03,2023-01-27,3.6,3866.69,43468.31,Active
CUST-00100,Nexus Dynamic 100,SMB,REG-05,2023-02-11,15.7,1113.17,41832.69,Active
CUST-00101,Horizon Inc 101,Mid-Market,REG-05,2024-03-22,26.9,4442.08,168466.63,Active
CUST-00102,Omni Digital 102,SMB,REG-01,2025-05-28,4.9,1940.76,22248.75,Active
CUST-00103,Starlight Media 103,Startup,REG-01,2024-04-10,3.6,1383.4,7304.12,Active
CUST-00104,Quantum Labs 104,Enterprise,REG-05,2024-04-18,28.3,3469.62,199531.67,Active
CUST-00105,Apex Global 105,Enterprise,REG-02,2023-10-01,35.7,11240.56,885910.26,Active
CUST-00106,Apex Global 106,Enterprise,REG-05,2025-03-29,18.9,3162.97,147473.39,Active
CUST-00107,Nexus Dynamic 107,Mid-Market,REG-01,2024-04-17,38.1,5533.97,327680.14,Active
CUST-00108,Omni Digital 108,Startup,REG-03,2024-03-01,17.0,3930.86,117650.16,Active
CUST-00109,Omni Digital 109,Mid-Market,REG-05,2024-06-04,30.9,1955.56,82214.48,Active
CUST-00110,Quantum Labs 110,SMB,REG-05,2023-10-01,16.8,1489.94,47225.43,Active
CUST-00111,Horizon Inc 111,Mid-Market,REG-04,2024-07-05,21.4,3327.08,210366.59,Active
CUST-00112,Quantum Labs 112,Mid-Market,REG-02,2024-08-08,17.8,6992.09,266937.95,Active
CUST-00113,Synergy Systems 113,Government,REG-04,2024-11-10,24.4,4173.1,157810.58,Active
CUST-00114,Quantum Labs 114,Startup,REG-05,2023-12-06,17.7,3559.67,139414.0,Active
CUST-00115,Nexus Dynamic 115,Enterprise,REG-02,2024-02-24,53.0,11684.55,849718.74,Active
CUST-00116,Starlight Media 116,SMB,REG-05,2024-12-10,9.2,781.1,14053.9,Active
CUST-00117,Apex Global 117,Government,REG-03,2024-10-03,22.4,4736.86,340225.79,Churned
CUST-00118,Apex Global 118,Mid-Market,REG-03,2023-08-21,30.9,4037.8,177971.5,Active
CUST-00119,Horizon Inc 119,Government,REG-02,2024-12-11,11.1,901.97,19483.71,Churned
CUST-00120,Synergy Systems 120,SMB,REG-04,2023-05-30,6.4,1942.18,34407.86,Active
CUST-00121,Vanguard Solutions 121,Enterprise,REG-05,2025-06-10,26.7,8672.91,542939.31,Active
CUST-00122,Starlight Media 122,Government,REG-03,2024-04-15,9.9,799.34,24141.26,Active
CUST-00123,Nexus Dynamic 123,Mid-Market,REG-01,2024-03-28,38.0,7913.56,567766.92,Active
CUST-00124,Horizon Inc 124,Government,REG-03,2023-07-23,30.0,5230.01,226768.4,Active
CUST-00125,Innovate X 125,Startup,REG-03,2024-12-17,7.3,3922.81,77717.45,Active
CUST-00126,Innovate X 126,Enterprise,REG-05,2025-02-02,32.8,10993.63,670067.1,Active
CUST-00127,Synergy Systems 127,SMB,REG-02,2024-10-13,5.4,1377.19,21848.11,Active
CUST-00128,Nexus Dynamic 128,Enterprise,REG-01,2023-11-13,48.6,1850.33,183375.45,Churned
CUST-00129,Starlight Media 129,SMB,REG-04,2023-06-29,5.6,3252.79,58578.89,Active
CUST-00130,Horizon Inc 130,SMB,REG-02,2023-09-21,18.5,3804.66,241071.6,Active
CUST-00131,Omni Digital 131,Enterprise,REG-04,2025-09-13,10.1,9418.59,163516.42,Active
CUST-00132,Nexus Dynamic 132,Startup,REG-03,2023-04-03,16.2,548.72,21637.5,Active
CUST-00133,Innovate X 133,Startup,REG-04,2025-04-22,13.5,1800.16,66882.56,Active
CUST-00134,Nexus Dynamic 134,Startup,REG-03,2025-07-26,13.0,2766.78,95726.65,Active
CUST-00135,Vanguard Solutions 135,Government,REG-01,2023-05-24,4.2,945.36,13859.6,Churned
CUST-00136,Omni Digital 136,Startup,REG-02,2024-02-02,10.2,2846.7,84473.17,Active
CUST-00137,Nexus Dynamic 137,Startup,REG-02,2025-06-25,9.5,846.58,18702.84,Active
CUST-00138,Horizon Inc 138,Enterprise,REG-03,2023-08-11,29.9,11480.83,1087341.49,Churned
CUST-00139,Quantum Labs 139,Startup,REG-03,2023-03-04,9.2,1164.33,15863.88,Active
CUST-00140,Synergy Systems 140,Enterprise,REG-02,2024-10-19,40.5,11696.48,623555.59,Active
CUST-00141,Vanguard Solutions 141,Startup,REG-02,2023-03-12,16.9,2439.73,105085.78,Active
CUST-00142,Synergy Systems 142,SMB,REG-02,2025-03-18,18.2,509.92,29459.55,Churned
CUST-00143,Vanguard Solutions 143,Startup,REG-03,2025-03-28,5.1,2813.7,18070.71,Churned
CUST-00144,Apex Global 144,Startup,REG-03,2023-01-17,5.1,683.4,10128.23,Active
CUST-00145,Innovate X 145,Government,REG-04,2025-03-07,12.8,3866.75,110848.28,Active
CUST-00146,Omni Digital 146,Enterprise,REG-05,2023-11-05,30.7,11622.27,478080.71,Active
CUST-00147,Synergy Systems 147,Government,REG-01,2024-05-17,22.2,3078.7,223379.88,Active
CUST-00148,Innovate X 148,Enterprise,REG-02,2023-10-09,39.7,7646.33,861486.55,Active
CUST-00149,Starlight Media 149,Startup,REG-03,2024-04-09,11.1,2005.7,67326.82,Churned
CUST-00150,Apex Global 150,Mid-Market,REG-04,2024-04-07,36.0,3896.69,435300.45,Active
CUST-00151,Apex Global 151,SMB,REG-04,2023-11-17,14.0,1810.05,39305.19,Active
CUST-00152,TechCorp 152,Enterprise,REG-01,2023-04-06,29.3,9318.18,561631.61,Churned
CUST-00153,Omni Digital 153,Startup,REG-05,2024-07-29,7.9,927.81,14756.7,Active
CUST-00154,Quantum Labs 154,Enterprise,REG-03,2024-09-06,22.9,2587.81,140273.32,Active
CUST-00155,Omni Digital 155,Mid-Market,REG-01,2023-12-25,34.4,3572.93,363071.71,Active
CUST-00156,Nexus Dynamic 156,Startup,REG-05,2024-09-20,14.1,2448.59,89789.07,Active
CUST-00157,Synergy Systems 157,Enterprise,REG-02,2023-10-07,43.9,4744.34,412720.08,Churned
CUST-00158,Vanguard Solutions 158,Startup,REG-04,2023-03-13,4.6,2716.1,15873.84,Active
CUST-00159,Innovate X 159,Government,REG-04,2024-04-09,12.2,2692.78,93945.66,Active
CUST-00160,Nexus Dynamic 160,Startup,REG-01,2025-06-23,2.9,1050.93,7988.1,Active
CUST-00161,Horizon Inc 161,Government,REG-04,2024-05-12,19.4,2924.46,96210.89,Active
CUST-00162,Vanguard Solutions 162,Government,REG-01,2023-10-18,21.3,3863.95,198508.51,Active
CUST-00163,Nexus Dynamic 163,Government,REG-05,2023-02-26,3.2,2332.45,12582.83,Churned
CUST-00164,Vanguard Solutions 164,SMB,REG-03,2023-05-03,2.1,3114.55,10491.69,Active
CUST-00165,Omni Digital 165,Startup,REG-05,2025-05-03,14.0,1739.59,51466.97,Active
CUST-00166,Omni Digital 166,Enterprise,REG-04,2025-08-01,10.2,4787.14,106805.93,Active
CUST-00167,Horizon Inc 167,SMB,REG-01,2024-02-19,2.4,1636.69,11953.24,Active
CUST-00168,Nexus Dynamic 168,Enterprise,REG-04,2025-05-14,11.7,6074.6,150747.91,Churned
CUST-00169,Vanguard Solutions 169,SMB,REG-02,2023-12-08,16.0,767.33,32613.57,Active
CUST-00170,Nexus Dynamic 170,SMB,REG-03,2025-01-14,19.2,2759.05,81562.99,Churned
CUST-00171,Quantum Labs 171,Mid-Market,REG-02,2024-09-08,9.5,6314.07,82376.32,Active
CUST-00172,Innovate X 172,Government,REG-05,2025-02-17,18.6,4325.95,259790.69,Active
CUST-00173,Innovate X 173,SMB,REG-03,2023-06-04,9.9,2141.22,56221.24,Active
CUST-00174,Nexus Dynamic 174,Enterprise,REG-03,2024-06-03,10.0,6348.3,81670.67,Active
CUST-00175,TechCorp 175,Enterprise,REG-01,2024-09-21,38.1,5537.07,534738.47,Active
CUST-00176,Quantum Labs 176,Government,REG-05,2024-10-29,8.1,3926.28,74836.75,Active
CUST-00177,Quantum Labs 177,Enterprise,REG-03,2025-10-02,44.6,6797.76,484143.9,Active
CUST-00178,Horizon Inc 178,Government,REG-05,2024-06-19,19.5,2660.46,171784.48,Active
CUST-00179,Omni Digital 179,Startup,REG-01,2025-03-19,13.4,1671.27,43855.91,Active
CUST-00180,Apex Global 180,SMB,REG-03,2025-01-11,17.3,3875.44,173392.86,Active
CUST-00181,Innovate X 181,Startup,REG-02,2025-07-27,8.3,3886.94,90542.31,Active
CUST-00182,Starlight Media 182,Enterprise,REG-03,2024-07-26,26.3,9812.45,792350.9,Active
CUST-00183,Quantum Labs 183,Enterprise,REG-04,2024-06-04,25.5,5307.28,218513.56,Active
CUST-00184,Starlight Media 184,Mid-Market,REG-02,2023-05-21,9.6,3070.54,88805.22,Active
CUST-00185,Synergy Systems 185,Startup,REG-01,2024-11-08,8.1,3182.08,38698.69,Active
CUST-00186,Vanguard Solutions 186,Mid-Market,REG-05,2025-04-08,36.5,6048.28,287099.63,Active
CUST-00187,Quantum Labs 187,Government,REG-05,2023-10-19,23.3,4864.95,197031.53,Active
CUST-00188,Omni Digital 188,Mid-Market,REG-03,2024-11-25,38.1,7891.08,680029.73,Active
CUST-00189,Nexus Dynamic 189,Startup,REG-05,2024-03-04,19.4,3359.12,198296.2,Churned
CUST-00190,Apex Global 190,Enterprise,REG-04,2025-06-14,26.0,11310.08,834025.41,Active
CUST-00191,Apex Global 191,SMB,REG-01,2025-02-20,4.9,2072.62,24178.12,Active
CUST-00192,Vanguard Solutions 192,Mid-Market,REG-04,2025-06-24,16.6,1186.69,26051.82,Active
CUST-00193,Horizon Inc 193,Government,REG-01,2024-01-19,9.1,2423.1,31485.3,Active
CUST-00194,Quantum Labs 194,Mid-Market,REG-02,2023-02-09,14.3,6808.33,272699.54,Churned
CUST-00195,Innovate X 195,Government,REG-05,2023-01-06,27.5,849.77,39633.41,Churned
CUST-00196,Innovate X 196,Startup,REG-04,2023-04-24,16.0,1331.74,31540.96,Active
CUST-00197,Innovate X 197,Government,REG-01,2023-04-24,25.6,3374.1,210148.55,Active
CUST-00198,Apex Global 198,Mid-Market,REG-02,2023-10-26,19.5,5303.67,181328.8,Active
CUST-00199,TechCorp 199,Startup,REG-03,2023-03-11,19.2,2404.29,138890.95,Active
CUST-00200,Apex Global 200,Government,REG-04,2023-02-14,20.2,5900.46,212561.66,Churned
CUST-00201,Synergy Systems 201,SMB,REG-02,2025-01-20,13.8,862.82,30224.25,Active
CUST-00202,Quantum Labs 202,Enterprise,REG-03,2024-07-13,24.3,8249.35,623404.56,Active
CUST-00203,Vanguard Solutions 203,Mid-Market,REG-02,2023-03-06,29.8,7605.24,291241.67,Active
CUST-00204,TechCorp 204,Enterprise,REG-03,2025-08-13,22.7,5681.35,396628.4,Active
CUST-00205,Horizon Inc 205,Mid-Market,REG-03,2024-01-01,35.0,1334.63,126504.74,Active
CUST-00206,Quantum Labs 206,Government,REG-04,2025-01-31,14.9,5771.51,170252.53,Active
CUST-00207,Synergy Systems 207,SMB,REG-05,2023-10-01,16.4,3044.78,68985.97,Active
CUST-00208,Omni Digital 208,Startup,REG-03,2023-11-25,3.8,1647.72,11771.14,Active
CUST-00209,Omni Digital 209,Mid-Market,REG-04,2023-12-26,20.1,6087.7,403392.93,Active
CUST-00210,Synergy Systems 210,SMB,REG-01,2023-03-18,14.1,1921.74,64492.4,Active
CUST-00211,Horizon Inc 211,Enterprise,REG-02,2025-05-19,38.8,9703.78,481942.69,Churned
CUST-00212,Horizon Inc 212,SMB,REG-04,2025-08-30,12.2,2617.83,88206.42,Active
CUST-00213,Apex Global 213,Government,REG-01,2024-08-10,6.7,2676.49,34485.72,Active
CUST-00214,Quantum Labs 214,Enterprise,REG-02,2024-05-26,34.0,11092.2,554708.83,Active
CUST-00215,Apex Global 215,Mid-Market,REG-05,2023-10-20,29.0,7990.4,384752.9,Churned
CUST-00216,Horizon Inc 216,Government,REG-02,2025-07-09,22.3,5985.63,409005.42,Active
CUST-00217,Synergy Systems 217,SMB,REG-01,2024-07-17,11.8,3619.66,134890.13,Active
CUST-00218,TechCorp 218,SMB,REG-05,2023-08-18,4.2,1203.43,7679.75,Active
CUST-00219,Apex Global 219,SMB,REG-05,2024-08-09,8.6,3312.82,70336.39,Active
CUST-00220,Innovate X 220,Enterprise,REG-03,2024-02-12,60.0,9048.13,1307871.0,Active
CUST-00221,Synergy Systems 221,Enterprise,REG-02,2025-09-22,23.1,2278.73,119564.32,Active
CUST-00222,Apex Global 222,Startup,REG-05,2023-07-06,15.8,951.62,35432.69,Active
CUST-00223,Starlight Media 223,Startup,REG-02,2023-11-08,5.0,1629.31,23066.66,Active
CUST-00224,Innovate X 224,SMB,REG-01,2023-09-14,5.5,3847.23,38748.55,Active
CUST-00225,Innovate X 225,Startup,REG-01,2024-05-29,13.5,2571.33,88014.24,Active
CUST-00226,Innovate X 226,Startup,REG-03,2025-05-12,18.6,644.18,38182.2,Churned
CUST-00227,Starlight Media 227,SMB,REG-02,2025-02-24,12.3,2663.38,41593.44,Active
CUST-00228,TechCorp 228,SMB,REG-03,2024-05-09,6.4,3325.72,45421.63,Active
CUST-00229,Horizon Inc 229,Mid-Market,REG-04,2024-03-01,21.4,2428.16,134859.56,Active
CUST-00230,Apex Global 230,SMB,REG-04,2023-05-14,15.7,2302.43,52205.99,Active
CUST-00231,Omni Digital 231,SMB,REG-04,2023-09-11,4.5,677.12,10281.89,Active
CUST-00232,Quantum Labs 232,Mid-Market,REG-02,2025-04-13,15.8,5043.81,152948.8,Active
CUST-00233,Quantum Labs 233,Startup,REG-04,2024-05-25,17.8,2240.8,56124.44,Active
CUST-00234,Quantum Labs 234,Mid-Market,REG-02,2024-08-20,16.7,1353.78,52863.6,Active
CUST-00235,Omni Digital 235,SMB,REG-05,2023-01-09,17.2,2008.25,111558.18,Active
CUST-00236,Omni Digital 236,SMB,REG-01,2024-02-15,2.9,2466.36,14546.67,Active
CUST-00237,Synergy Systems 237,Startup,REG-04,2025-02-21,11.9,3388.59,106192.05,Active
CUST-00238,Vanguard Solutions 238,Enterprise,REG-04,2024-01-18,48.9,5060.4,831340.45,Active
CUST-00239,Quantum Labs 239,Startup,REG-05,2024-02-16,11.0,658.56,10976.23,Active
CUST-00240,Synergy Systems 240,Startup,REG-04,2023-06-02,12.9,2304.27,58092.37,Active
CUST-00241,Quantum Labs 241,Government,REG-05,2025-01-27,25.8,3867.05,236137.82,Active
CUST-00242,Innovate X 242,Startup,REG-03,2024-05-01,16.7,1789.25,82163.98,Active
CUST-00243,Innovate X 243,SMB,REG-01,2024-09-03,10.5,3884.75,122397.33,Active
CUST-00244,Omni Digital 244,Mid-Market,REG-01,2024-08-20,21.3,4669.63,284337.26,Active
CUST-00245,Omni Digital 245,Mid-Market,REG-02,2023-02-02,24.6,5903.65,238003.15,Active
CUST-00246,TechCorp 246,Mid-Market,REG-04,2024-12-08,11.3,4512.74,132910.64,Active
CUST-00247,Synergy Systems 247,Mid-Market,REG-05,2023-08-01,24.2,7986.86,444597.58,Active
CUST-00248,Nexus Dynamic 248,Government,REG-05,2023-12-17,17.7,4298.31,243121.92,Active
CUST-00249,Nexus Dynamic 249,Startup,REG-04,2023-07-16,19.2,1476.52,53482.1,Active
CUST-00250,Nexus Dynamic 250,SMB,REG-02,2024-12-07,14.7,1609.64,47376.59,Active
CUST-00251,Synergy Systems 251,SMB,REG-01,2024-08-10,14.2,1828.93,89712.75,Active
CUST-00252,Quantum Labs 252,SMB,REG-01,2023-10-22,19.2,776.6,49581.46,Active
CUST-00253,Innovate X 253,Mid-Market,REG-02,2025-04-27,23.4,7531.17,493652.67,Churned
CUST-00254,Apex Global 254,Startup,REG-02,2023-09-06,2.9,3668.14,18286.52,Active
CUST-00255,Synergy Systems 255,Government,REG-03,2025-01-04,15.8,4326.26,103637.95,Active
CUST-00256,TechCorp 256,Government,REG-04,2024-05-03,20.6,4718.53,180859.7,Active
CUST-00257,Synergy Systems 257,Enterprise,REG-05,2023-08-26,34.9,9092.74,1064454.8,Active
CUST-00258,Nexus Dynamic 258,Government,REG-02,2025-08-14,27.8,5985.15,351590.65,Active
CUST-00259,Starlight Media 259,Enterprise,REG-01,2023-11-02,36.7,2626.66,333623.94,Active
CUST-00260,Apex Global 260,Startup,REG-04,2025-06-29,18.9,3478.71,149671.02,Active
CUST-00261,Nexus Dynamic 261,SMB,REG-02,2025-01-18,10.3,1400.43,23486.69,Active
CUST-00262,Horizon Inc 262,Startup,REG-02,2023-06-29,13.0,2735.54,75840.55,Active
CUST-00263,TechCorp 263,Enterprise,REG-04,2024-11-16,11.2,11807.69,303920.7,Active
CUST-00264,Innovate X 264,SMB,REG-04,2023-08-30,10.0,1434.48,28089.1,Active
CUST-00265,Synergy Systems 265,Enterprise,REG-03,2024-10-31,25.4,3981.18,276660.42,Active
CUST-00266,Nexus Dynamic 266,Government,REG-05,2025-08-03,27.2,4443.67,231492.01,Churned
CUST-00267,Innovate X 267,SMB,REG-05,2023-08-15,5.9,967.49,8860.98,Active
CUST-00268,Vanguard Solutions 268,SMB,REG-04,2024-12-19,11.9,2147.9,62271.61,Active
CUST-00269,Innovate X 269,Mid-Market,REG-05,2025-06-13,32.3,4678.55,364917.46,Active
CUST-00270,Horizon Inc 270,Enterprise,REG-01,2025-04-28,35.6,6807.61,610049.08,Churned
CUST-00271,Quantum Labs 271,Startup,REG-04,2023-04-30,14.2,3009.21,99319.34,Active
CUST-00272,Nexus Dynamic 272,Enterprise,REG-04,2023-05-16,33.7,6296.38,282803.03,Active
CUST-00273,Horizon Inc 273,Enterprise,REG-04,2023-09-18,50.1,9330.95,1182780.09,Churned
CUST-00274,Omni Digital 274,Enterprise,REG-05,2023-03-03,56.5,2224.7,420788.96,Churned
CUST-00275,Omni Digital 275,Mid-Market,REG-02,2025-02-23,27.1,6105.03,565280.4,Active
CUST-00276,Horizon Inc 276,Government,REG-04,2024-01-20,5.2,5811.76,97054.43,Churned
CUST-00277,TechCorp 277,Enterprise,REG-02,2024-07-04,27.2,2837.14,266319.49,Active
CUST-00278,Quantum Labs 278,SMB,REG-04,2024-11-20,14.9,1984.45,61275.46,Active
CUST-00279,Omni Digital 279,SMB,REG-02,2023-10-10,5.4,3563.23,56966.73,Churned
CUST-00280,TechCorp 280,Startup,REG-01,2023-09-04,5.7,853.14,6211.02,Active
CUST-00281,Synergy Systems 281,Mid-Market,REG-01,2024-02-16,19.8,4778.32,277690.75,Active
CUST-00282,Horizon Inc 282,Startup,REG-03,2023-08-28,16.7,3060.31,98814.63,Active
CUST-00283,TechCorp 283,Mid-Market,REG-03,2025-06-16,9.2,5621.49,88354.44,Active
CUST-00284,TechCorp 284,Startup,REG-05,2025-06-19,15.2,1112.97,46710.35,Active
CUST-00285,Synergy Systems 285,SMB,REG-04,2025-03-15,11.4,2937.08,71619.39,Active
CUST-00286,TechCorp 286,Startup,REG-04,2023-09-04,17.3,1552.58,75943.64,Active
CUST-00287,Horizon Inc 287,Startup,REG-04,2025-09-18,9.5,2354.97,46833.19,Active
CUST-00288,Omni Digital 288,Enterprise,REG-04,2025-05-17,26.0,7124.17,575622.22,Churned
CUST-00289,Starlight Media 289,Startup,REG-05,2023-02-10,17.7,1158.57,60533.73,Active
CUST-00290,Vanguard Solutions 290,Mid-Market,REG-04,2023-08-02,35.3,3330.75,399891.29,Churned
CUST-00291,Starlight Media 291,Enterprise,REG-04,2025-07-25,19.1,7846.22,250327.86,Active
CUST-00292,Quantum Labs 292,SMB,REG-03,2024-01-25,10.4,2770.52,55015.49,Active
CUST-00293,Horizon Inc 293,Government,REG-01,2025-04-02,29.5,3214.82,296971.44,Active
CUST-00294,Innovate X 294,SMB,REG-04,2023-02-16,12.1,1274.46,23680.78,Active
CUST-00295,Quantum Labs 295,Startup,REG-04,2023-10-30,4.7,1654.53,16125.16,Active
CUST-00296,Quantum Labs 296,Startup,REG-03,2023-09-21,15.7,2210.17,99386.21,Active
CUST-00297,TechCorp 297,Mid-Market,REG-03,2023-06-23,9.0,4825.82,70504.21,Active
CUST-00298,Omni Digital 298,Startup,REG-01,2025-05-09,17.2,3808.16,179267.63,Active
CUST-00299,Innovate X 299,Mid-Market,REG-02,2023-03-11,29.5,1063.99,74174.98,Active
CUST-00300,Starlight Media 300,Startup,REG-04,2024-11-06,10.8,523.14,13948.39,Churned
CUST-00301,Synergy Systems 301,SMB,REG-05,2025-09-27,7.2,2257.76,45598.95,Active
CUST-00302,Nexus Dynamic 302,Enterprise,REG-01,2024-06-20,14.0,3515.29,118647.66,Active
CUST-00303,Nexus Dynamic 303,Government,REG-01,2024-01-18,28.9,3159.74,160660.23,Active
CUST-00304,Synergy Systems 304,Enterprise,REG-01,2023-04-06,27.9,5460.28,349595.78,Active
CUST-00305,Apex Global 305,Enterprise,REG-04,2025-05-15,29.4,9735.95,716013.16,Active
CUST-00306,TechCorp 306,Startup,REG-01,2023-08-24,5.8,3538.41,66522.02,Active
CUST-00307,TechCorp 307,Enterprise,REG-03,2025-07-09,35.3,8410.15,478720.81,Active
CUST-00308,Synergy Systems 308,Mid-Market,REG-05,2023-05-28,31.1,5988.98,394135.46,Churned
CUST-00309,Synergy Systems 309,Startup,REG-02,2024-08-03,17.0,1862.05,103258.41,Active
CUST-00310,Horizon Inc 310,Enterprise,REG-05,2025-02-02,58.6,2063.81,266707.72,Active
CUST-00311,Quantum Labs 311,Startup,REG-05,2025-09-04,12.7,3891.22,96398.99,Active
CUST-00312,Omni Digital 312,Government,REG-02,2023-12-31,17.9,2720.99,79253.81,Active
CUST-00313,Synergy Systems 313,Enterprise,REG-05,2023-10-30,49.1,8987.64,612818.21,Active
CUST-00314,Nexus Dynamic 314,Government,REG-03,2024-01-05,5.9,777.27,8754.54,Active
CUST-00315,TechCorp 315,Enterprise,REG-02,2023-03-31,16.1,6212.86,247657.16,Active
CUST-00316,Nexus Dynamic 316,Enterprise,REG-03,2024-07-21,11.0,7779.46,166543.36,Active
CUST-00317,Innovate X 317,Government,REG-04,2025-03-08,5.3,5480.96,95338.45,Active
CUST-00318,Apex Global 318,Startup,REG-02,2024-12-02,8.9,985.94,16607.33,Active
CUST-00319,Vanguard Solutions 319,Mid-Market,REG-04,2023-10-10,19.2,4389.62,116047.71,Active
CUST-00320,Horizon Inc 320,Government,REG-05,2024-09-23,8.3,1311.6,20691.7,Active
CUST-00321,Innovate X 321,Startup,REG-04,2025-04-03,17.5,2040.78,78227.8,Active
CUST-00322,Omni Digital 322,Mid-Market,REG-03,2023-11-25,25.7,5867.05,347061.04,Active
CUST-00323,Omni Digital 323,SMB,REG-03,2025-01-22,14.5,2218.53,81210.56,Active
CUST-00324,Starlight Media 324,SMB,REG-04,2024-01-09,4.0,2473.48,25349.43,Active
CUST-00325,Omni Digital 325,Enterprise,REG-04,2025-08-23,44.3,6103.78,505659.94,Active
CUST-00326,Omni Digital 326,Government,REG-02,2024-10-10,11.2,2076.58,36154.77,Active
CUST-00327,Omni Digital 327,Enterprise,REG-04,2024-09-04,31.9,5708.45,430703.52,Active
CUST-00328,Apex Global 328,Startup,REG-01,2025-03-20,19.4,2955.72,175938.32,Active
CUST-00329,Omni Digital 329,Enterprise,REG-02,2024-11-04,41.9,3246.55,354925.08,Active
CUST-00330,Innovate X 330,SMB,REG-04,2023-04-19,2.2,1405.58,7342.78,Active
CUST-00331,Synergy Systems 331,Startup,REG-02,2024-04-01,8.7,2120.72,50977.67,Active
CUST-00332,Synergy Systems 332,SMB,REG-01,2024-05-09,3.9,1955.91,26026.71,Churned
CUST-00333,Quantum Labs 333,SMB,REG-03,2023-12-18,10.2,1224.04,28849.94,Active
CUST-00334,Apex Global 334,Government,REG-03,2023-03-10,11.1,5003.48,81347.21,Active
CUST-00335,Vanguard Solutions 335,Mid-Market,REG-02,2024-06-12,10.3,2120.95,54344.72,Active
CUST-00336,Vanguard Solutions 336,Government,REG-02,2023-07-10,20.3,3018.71,77650.24,Active
CUST-00337,Apex Global 337,Government,REG-05,2024-03-15,13.5,4449.86,100520.59,Active
CUST-00338,Nexus Dynamic 338,Startup,REG-01,2025-03-29,17.7,1154.36,39837.94,Active
CUST-00339,Horizon Inc 339,Government,REG-05,2025-09-16,20.3,3884.1,205476.62,Active
CUST-00340,Innovate X 340,SMB,REG-04,2024-09-24,5.1,2857.56,44324.17,Active
CUST-00341,Starlight Media 341,Enterprise,REG-02,2023-11-17,12.4,4706.49,94602.47,Active
CUST-00342,Synergy Systems 342,Government,REG-04,2024-09-02,6.7,2764.48,30139.65,Active
CUST-00343,Horizon Inc 343,Startup,REG-02,2024-05-16,7.2,1154.85,26080.3,Active
CUST-00344,Omni Digital 344,Enterprise,REG-04,2023-05-20,16.5,5531.41,227407.55,Active
CUST-00345,Vanguard Solutions 345,Government,REG-04,2024-12-28,25.7,3315.67,118457.82,Churned
CUST-00346,Quantum Labs 346,SMB,REG-01,2023-10-09,6.0,1510.35,27147.36,Active
CUST-00347,Starlight Media 347,Startup,REG-05,2023-04-26,12.3,1437.61,43307.24,Active
CUST-00348,Vanguard Solutions 348,Enterprise,REG-04,2024-07-13,17.8,5964.12,307100.75,Active
CUST-00349,Apex Global 349,SMB,REG-01,2024-04-05,6.7,3517.7,32997.46,Active
CUST-00350,Omni Digital 350,Mid-Market,REG-02,2025-04-10,30.6,5823.94,566789.38,Active
CUST-00351,Starlight Media 351,Mid-Market,REG-05,2023-05-23,32.3,6694.71,660072.79,Active
CUST-00352,Starlight Media 352,SMB,REG-05,2024-07-05,5.0,3926.5,36772.85,Active
CUST-00353,Synergy Systems 353,Enterprise,REG-02,2025-09-12,46.5,5821.76,361767.81,Active
CUST-00354,Quantum Labs 354,Mid-Market,REG-02,2023-05-30,29.6,6799.37,594000.59,Active
CUST-00355,Apex Global 355,Mid-Market,REG-05,2024-10-09,13.7,3899.58,119647.92,Active
CUST-00356,Horizon Inc 356,Government,REG-05,2025-02-06,10.5,5665.76,121887.88,Active
CUST-00357,Horizon Inc 357,Startup,REG-01,2025-06-08,15.9,3064.53,140386.67,Active
CUST-00358,Nexus Dynamic 358,Enterprise,REG-05,2024-02-12,17.8,6011.25,180537.07,Active
CUST-00359,TechCorp 359,SMB,REG-05,2024-08-14,4.4,3483.48,46182.7,Active
CUST-00360,Quantum Labs 360,Enterprise,REG-01,2024-10-03,48.3,6325.61,453935.31,Active
CUST-00361,Nexus Dynamic 361,Government,REG-01,2025-09-08,14.6,5977.39,287260.78,Active
CUST-00362,Synergy Systems 362,Mid-Market,REG-03,2023-04-06,27.6,2752.72,156147.06,Active
CUST-00363,Apex Global 363,Enterprise,REG-04,2024-10-02,22.5,8844.13,345955.34,Active
CUST-00364,TechCorp 364,Enterprise,REG-02,2024-05-03,10.2,7733.63,188902.9,Active
CUST-00365,Apex Global 365,SMB,REG-01,2025-05-30,9.6,962.61,12594.68,Active
CUST-00366,Synergy Systems 366,Enterprise,REG-03,2024-01-12,53.6,2939.86,469413.94,Active
CUST-00367,Vanguard Solutions 367,Mid-Market,REG-01,2024-06-27,24.3,5272.23,202097.62,Active
CUST-00368,Apex Global 368,Mid-Market,REG-04,2024-09-22,28.7,7019.74,281928.74,Churned
CUST-00369,Apex Global 369,Startup,REG-04,2023-12-26,19.3,1600.76,47009.62,Active
CUST-00370,Nexus Dynamic 370,Mid-Market,REG-05,2024-09-07,25.6,5253.15,402316.34,Active
CUST-00371,Vanguard Solutions 371,Mid-Market,REG-05,2024-09-13,22.3,6234.91,261357.15,Churned
CUST-00372,TechCorp 372,Government,REG-04,2023-04-26,9.5,4099.93,53100.7,Active
CUST-00373,Synergy Systems 373,SMB,REG-03,2023-05-16,9.0,3436.41,67050.8,Active
CUST-00374,Omni Digital 374,Government,REG-01,2023-01-18,18.9,822.42,26365.42,Active
CUST-00375,Starlight Media 375,Startup,REG-03,2024-10-05,14.8,3184.89,102484.99,Active
CUST-00376,Synergy Systems 376,Startup,REG-05,2023-06-06,7.0,1584.67,26356.24,Active
CUST-00377,Nexus Dynamic 377,Startup,REG-03,2024-02-05,12.6,3171.28,107672.41,Active
CUST-00378,TechCorp 378,Government,REG-02,2023-03-01,9.6,5604.3,78914.06,Active
CUST-00379,Horizon Inc 379,SMB,REG-02,2023-05-03,2.2,980.24,2644.13,Active
CUST-00380,Nexus Dynamic 380,Startup,REG-05,2025-03-12,16.8,1407.36,48594.78,Active
CUST-00381,Innovate X 381,Enterprise,REG-01,2023-12-10,49.6,4355.8,290995.82,Active
CUST-00382,Synergy Systems 382,Enterprise,REG-04,2024-04-11,33.6,2082.11,222226.36,Active
CUST-00383,TechCorp 383,SMB,REG-01,2025-07-04,12.3,3029.72,64295.39,Active
CUST-00384,TechCorp 384,Enterprise,REG-02,2023-02-17,31.5,5521.28,268740.76,Active
CUST-00385,Apex Global 385,Startup,REG-04,2023-08-18,7.8,1956.9,43603.58,Active
CUST-00386,TechCorp 386,Startup,REG-03,2023-05-03,11.0,3656.79,64861.99,Active
CUST-00387,Starlight Media 387,Government,REG-01,2025-06-17,15.6,2232.11,109447.26,Active
CUST-00388,Quantum Labs 388,Government,REG-01,2024-01-13,8.4,3709.99,59180.01,Active
CUST-00389,Vanguard Solutions 389,SMB,REG-05,2025-09-22,10.9,3204.15,57608.18,Active
CUST-00390,TechCorp 390,Mid-Market,REG-01,2025-08-12,18.8,2630.98,98765.31,Active
CUST-00391,Starlight Media 391,SMB,REG-01,2025-02-16,13.8,3471.52,137617.32,Churned
CUST-00392,TechCorp 392,Mid-Market,REG-04,2024-05-18,38.6,7807.91,460353.73,Active
CUST-00393,Apex Global 393,Mid-Market,REG-05,2024-02-27,29.2,3607.44,362515.61,Churned
CUST-00394,Synergy Systems 394,Startup,REG-02,2024-10-14,16.8,761.91,32076.86,Active
CUST-00395,Horizon Inc 395,Mid-Market,REG-03,2023-09-25,34.6,7482.29,544644.67,Active
CUST-00396,Apex Global 396,SMB,REG-04,2023-10-06,6.2,3802.44,35670.52,Active
CUST-00397,Vanguard Solutions 397,Mid-Market,REG-01,2023-06-18,20.2,3198.23,95465.34,Active
CUST-00398,Innovate X 398,Government,REG-03,2024-04-19,10.2,1379.55,21986.79,Active
CUST-00399,Omni Digital 399,Enterprise,REG-02,2025-05-05,52.3,3057.4,453428.08,Active
CUST-00400,Quantum Labs 400,Startup,REG-01,2024-11-24,7.4,3370.31,39901.87,Active
CUST-00401,TechCorp 401,Startup,REG-05,2023-09-13,3.7,856.68,9590.81,Churned
CUST-00402,Innovate X 402,Mid-Market,REG-02,2023-07-22,33.7,3605.68,321966.9,Active
CUST-00403,Quantum Labs 403,Startup,REG-03,2025-07-28,16.6,576.3,12898.48,Active
CUST-00404,TechCorp 404,Mid-Market,REG-01,2025-07-15,34.5,6662.21,340589.3,Active
CUST-00405,Synergy Systems 405,Mid-Market,REG-05,2024-03-19,33.6,3764.99,160382.52,Active
CUST-00406,Innovate X 406,SMB,REG-02,2025-07-19,5.4,1479.49,25820.24,Churned
CUST-00407,Nexus Dynamic 407,Startup,REG-02,2024-10-24,7.3,1941.97,34967.23,Churned
CUST-00408,Starlight Media 408,Government,REG-02,2024-03-05,8.4,5394.43,109176.4,Active
CUST-00409,Innovate X 409,Enterprise,REG-04,2025-03-11,44.5,6536.69,871862.95,Active
CUST-00410,Nexus Dynamic 410,Startup,REG-03,2024-02-02,6.9,591.22,10497.84,Churned
CUST-00411,Vanguard Solutions 411,Enterprise,REG-04,2024-06-26,25.3,7631.88,335073.33,Active
CUST-00412,Vanguard Solutions 412,Mid-Market,REG-03,2024-06-30,33.4,7420.82,329298.17,Active
CUST-00413,Horizon Inc 413,Startup,REG-04,2023-12-30,18.8,3970.4,119395.12,Active
CUST-00414,Vanguard Solutions 414,SMB,REG-05,2023-01-29,14.7,1730.89,63752.65,Churned
CUST-00415,TechCorp 415,Government,REG-05,2023-11-13,7.7,949.31,9715.94,Active
CUST-00416,Synergy Systems 416,Startup,REG-04,2023-01-01,8.0,2649.47,64749.33,Active
CUST-00417,Starlight Media 417,SMB,REG-01,2023-01-23,4.7,2966.44,21273.13,Churned
CUST-00418,Horizon Inc 418,SMB,REG-01,2024-01-18,14.7,2817.49,105524.08,Active
CUST-00419,Synergy Systems 419,Mid-Market,REG-02,2025-01-19,38.2,6542.9,852171.98,Active
CUST-00420,Nexus Dynamic 420,Startup,REG-05,2025-03-16,8.4,2829.36,73040.65,Active
CUST-00421,Innovate X 421,Mid-Market,REG-02,2025-01-16,4.1,5914.06,61043.93,Active
CUST-00422,Apex Global 422,Enterprise,REG-02,2024-09-08,23.2,9992.47,604177.69,Active
CUST-00423,Apex Global 423,Government,REG-02,2023-12-06,23.1,1999.48,159786.11,Active
CUST-00424,Apex Global 424,SMB,REG-04,2023-01-12,6.8,1373.39,12663.08,Active
CUST-00425,Omni Digital 425,Enterprise,REG-01,2024-01-31,29.7,5906.36,277614.15,Active
CUST-00426,Vanguard Solutions 426,SMB,REG-05,2024-01-20,3.8,2178.21,26382.05,Active
CUST-00427,Apex Global 427,Mid-Market,REG-04,2023-03-17,32.8,1233.89,50434.86,Active
CUST-00428,Apex Global 428,Enterprise,REG-03,2023-06-24,53.9,3189.5,235952.99,Active
CUST-00429,Innovate X 429,SMB,REG-05,2024-09-20,18.1,2965.77,117669.86,Active
CUST-00430,Starlight Media 430,Government,REG-02,2023-02-24,5.7,1829.14,17067.14,Active
CUST-00431,Synergy Systems 431,SMB,REG-03,2023-11-01,6.3,673.72,10675.06,Active
CUST-00432,Vanguard Solutions 432,Enterprise,REG-03,2023-01-04,29.1,4592.77,363880.64,Active
CUST-00433,Nexus Dynamic 433,Enterprise,REG-01,2023-07-31,15.2,4564.02,96321.3,Active
CUST-00434,Horizon Inc 434,Government,REG-04,2024-05-15,27.2,2141.27,155874.09,Active
CUST-00435,Nexus Dynamic 435,Government,REG-03,2023-07-11,15.0,2132.3,72593.09,Active
CUST-00436,Starlight Media 436,Startup,REG-01,2023-06-04,15.5,2836.14,61417.93,Active
CUST-00437,Starlight Media 437,Government,REG-05,2023-08-21,17.9,5164.19,284927.69,Active
CUST-00438,TechCorp 438,Government,REG-05,2025-06-21,9.4,2318.97,45951.95,Active
CUST-00439,Quantum Labs 439,Startup,REG-05,2025-07-11,11.3,2500.2,97762.31,Churned
CUST-00440,Omni Digital 440,Mid-Market,REG-02,2025-09-22,11.6,2349.08,35373.84,Churned
CUST-00441,Apex Global 441,Mid-Market,REG-02,2025-05-04,25.4,3238.25,236254.16,Active
CUST-00442,TechCorp 442,Government,REG-05,2024-02-11,17.9,5247.28,224980.08,Active
CUST-00443,Innovate X 443,Startup,REG-05,2024-06-19,16.1,893.82,22221.49,Active
CUST-00444,Omni Digital 444,Enterprise,REG-01,2024-07-30,48.1,9750.33,1498516.41,Active
CUST-00445,Synergy Systems 445,SMB,REG-04,2024-11-01,10.7,2631.37,36212.99,Active
CUST-00446,Vanguard Solutions 446,Startup,REG-05,2024-11-28,14.5,635.74,29922.57,Active
CUST-00447,Nexus Dynamic 447,Enterprise,REG-04,2025-07-31,20.5,5410.63,219294.92,Active
CUST-00448,Quantum Labs 448,SMB,REG-04,2025-05-28,14.5,843.76,39131.75,Churned
CUST-00449,Omni Digital 449,SMB,REG-03,2025-01-16,9.5,2759.44,42788.97,Active
CUST-00450,Starlight Media 450,Government,REG-05,2025-06-07,13.1,1045.08,41351.31,Churned
CUST-00451,Vanguard Solutions 451,Government,REG-02,2025-03-10,26.0,5366.5,176724.75,Active
CUST-00452,Quantum Labs 452,Enterprise,REG-02,2023-02-03,30.6,11139.33,961459.38,Active
CUST-00453,Quantum Labs 453,Startup,REG-04,2024-10-12,18.6,2884.11,94224.2,Active
CUST-00454,Apex Global 454,Mid-Market,REG-04,2024-08-23,23.8,3409.74,253729.55,Active
CUST-00455,Vanguard Solutions 455,SMB,REG-01,2024-01-31,2.9,3488.37,30284.17,Active
CUST-00456,TechCorp 456,Mid-Market,REG-02,2023-10-03,27.5,4592.97,402747.63,Active
CUST-00457,Nexus Dynamic 457,Government,REG-02,2024-10-24,7.7,4954.54,65414.63,Active
CUST-00458,Starlight Media 458,SMB,REG-04,2025-07-05,8.8,1720.48,26943.5,Active
CUST-00459,Horizon Inc 459,Startup,REG-04,2024-08-21,3.8,2290.3,23702.28,Active
CUST-00460,Nexus Dynamic 460,Startup,REG-05,2024-09-15,7.1,2895.45,47447.13,Active
CUST-00461,Starlight Media 461,SMB,REG-03,2023-09-25,13.8,3832.66,142718.85,Active
CUST-00462,Synergy Systems 462,Mid-Market,REG-01,2025-04-04,34.9,6670.2,495709.12,Active
CUST-00463,Innovate X 463,Enterprise,REG-04,2023-10-30,20.0,5894.94,246766.0,Churned
CUST-00464,Horizon Inc 464,Mid-Market,REG-03,2025-01-13,29.7,5804.23,459945.77,Active
CUST-00465,Quantum Labs 465,Startup,REG-03,2025-05-15,5.1,2801.65,35492.0,Active
CUST-00466,Horizon Inc 466,Mid-Market,REG-03,2025-01-12,33.1,6340.43,340208.41,Active
CUST-00467,Horizon Inc 467,Enterprise,REG-02,2023-12-30,18.1,10650.04,417740.08,Active
CUST-00468,Innovate X 468,SMB,REG-05,2023-10-29,10.3,912.24,12435.3,Active
CUST-00469,Nexus Dynamic 469,Startup,REG-01,2024-04-28,18.0,2251.67,129503.46,Active
CUST-00470,Innovate X 470,Government,REG-01,2025-06-10,26.1,1471.17,63766.1,Active
CUST-00471,Synergy Systems 471,Government,REG-02,2023-11-20,26.3,1696.87,61848.0,Active
CUST-00472,Synergy Systems 472,SMB,REG-01,2023-01-05,10.1,1232.84,37095.4,Active
CUST-00473,Omni Digital 473,Government,REG-01,2023-05-13,19.6,4075.81,169981.57,Active
CUST-00474,Starlight Media 474,Enterprise,REG-01,2024-06-30,16.8,5417.56,112164.84,Active
CUST-00475,Nexus Dynamic 475,Mid-Market,REG-01,2024-11-23,4.1,6135.22,43275.91,Active
CUST-00476,Nexus Dynamic 476,Mid-Market,REG-01,2024-01-28,22.1,3142.81,93776.86,Churned
CUST-00477,Quantum Labs 477,Government,REG-05,2024-09-02,17.2,3026.74,144705.48,Churned
CUST-00478,Synergy Systems 478,SMB,REG-02,2023-06-18,19.1,3713.72,150929.28,Active
CUST-00479,Omni Digital 479,Mid-Market,REG-01,2024-08-26,22.2,1862.13,117219.75,Active
CUST-00480,TechCorp 480,SMB,REG-05,2024-09-30,2.9,3981.38,31434.35,Active
CUST-00481,Vanguard Solutions 481,Enterprise,REG-01,2024-03-02,30.0,2797.75,149508.8,Active
CUST-00482,Synergy Systems 482,Enterprise,REG-03,2024-03-06,41.7,8456.07,642099.06,Active
CUST-00483,Vanguard Solutions 483,Government,REG-01,2024-06-07,22.4,1368.11,44810.97,Churned
CUST-00484,Nexus Dynamic 484,Startup,REG-02,2025-03-07,6.7,2331.01,25985.6,Active
CUST-00485,TechCorp 485,Mid-Market,REG-01,2024-07-15,21.9,2453.86,179822.48,Active
CUST-00486,Starlight Media 486,Enterprise,REG-01,2025-07-17,12.0,7528.6,211081.4,Active
CUST-00487,Quantum Labs 487,Enterprise,REG-01,2025-07-15,19.8,3927.18,270126.55,Active
CUST-00488,Horizon Inc 488,Enterprise,REG-01,2025-04-12,15.4,1914.17,55074.29,Active
CUST-00489,Synergy Systems 489,Government,REG-01,2023-04-08,26.0,5424.03,172367.02,Churned
CUST-00490,Horizon Inc 490,SMB,REG-03,2025-07-04,9.9,2676.32,85328.81,Churned
CUST-00491,Quantum Labs 491,Mid-Market,REG-01,2024-02-15,18.4,4195.77,241035.14,Active
CUST-00492,Apex Global 492,Government,REG-02,2023-04-26,6.6,4563.66,104143.73,Active
CUST-00493,Horizon Inc 493,Government,REG-05,2024-05-09,24.7,4311.56,172192.55,Active
CUST-00494,Quantum Labs 494,Startup,REG-01,2025-06-02,14.3,3434.88,168915.69,Churned
CUST-00495,Starlight Media 495,Enterprise,REG-04,2024-03-27,8.5,4246.94,69409.23,Active
CUST-00496,Innovate X 496,Startup,REG-05,2023-08-18,19.6,2844.46,110281.4,Active
CUST-00497,Synergy Systems 497,Enterprise,REG-04,2024-11-08,45.2,6560.26,808482.23,Active
CUST-00498,Quantum Labs 498,Startup,REG-05,2023-02-25,2.2,3770.3,19598.67,Active
CUST-00499,Vanguard Solutions 499,Mid-Market,REG-01,2025-02-08,21.7,2686.24,200017.27,Churned
CUST-00500,Apex Global 500,Startup,REG-04,2024-02-17,16.7,775.91,28787.27,Active
CUST-00501,Omni Digital 501,Government,REG-04,2023-11-20,6.2,3361.21,56324.13,Churned
CUST-00502,Nexus Dynamic 502,Enterprise,REG-05,2024-07-16,6.0,2454.4,38136.48,Active
CUST-00503,Vanguard Solutions 503,Startup,REG-05,2023-07-31,13.8,2096.73,57405.77,Active
CUST-00504,Quantum Labs 504,Government,REG-03,2024-07-27,23.7,3899.74,263252.07,Active
CUST-00505,Nexus Dynamic 505,Enterprise,REG-01,2025-02-16,41.6,1523.07,127785.11,Active
CUST-00506,Omni Digital 506,Startup,REG-05,2024-01-18,14.6,660.22,15206.41,Churned
CUST-00507,Vanguard Solutions 507,Enterprise,REG-03,2024-09-17,16.6,2767.83,145191.45,Active
CUST-00508,Quantum Labs 508,SMB,REG-01,2025-02-14,9.5,3743.19,111167.64,Active
CUST-00509,Starlight Media 509,Government,REG-05,2025-09-06,16.6,5810.24,116702.22,Active
CUST-00510,Synergy Systems 510,Government,REG-05,2024-05-09,28.0,4850.68,447308.79,Active
CUST-00511,Omni Digital 511,Mid-Market,REG-01,2024-02-01,27.7,5243.13,281790.27,Active
CUST-00512,Synergy Systems 512,Startup,REG-02,2023-10-08,9.2,1700.01,29350.18,Active
CUST-00513,Horizon Inc 513,Government,REG-05,2024-12-17,26.9,3439.55,290439.09,Active
CUST-00514,Synergy Systems 514,Startup,REG-02,2023-07-25,5.8,3000.35,48363.83,Active
CUST-00515,Quantum Labs 515,Mid-Market,REG-05,2024-07-09,29.0,3256.67,138400.43,Active
CUST-00516,Nexus Dynamic 516,Startup,REG-05,2025-08-23,14.0,1961.17,80175.32,Active
CUST-00517,Nexus Dynamic 517,Government,REG-01,2024-06-19,5.9,2749.57,21446.9,Churned
CUST-00518,Starlight Media 518,Mid-Market,REG-03,2024-11-30,13.0,6875.67,249234.69,Active
CUST-00519,Vanguard Solutions 519,Enterprise,REG-03,2025-04-13,30.4,7969.14,667118.85,Active
CUST-00520,TechCorp 520,Startup,REG-04,2023-09-01,11.2,3288.92,103180.89,Active
CUST-00521,TechCorp 521,Government,REG-04,2024-03-02,28.8,5873.07,324605.75,Active
CUST-00522,Horizon Inc 522,SMB,REG-02,2024-09-27,17.6,3511.56,137144.77,Active
CUST-00523,Synergy Systems 523,Startup,REG-05,2025-01-26,12.9,3216.51,141817.47,Active
CUST-00524,Starlight Media 524,Enterprise,REG-02,2025-09-12,15.4,6895.39,219551.71,Active
CUST-00525,Synergy Systems 525,SMB,REG-02,2023-06-14,12.5,1392.56,34122.84,Active
CUST-00526,Nexus Dynamic 526,Enterprise,REG-02,2025-08-08,23.4,2033.98,159180.89,Active
CUST-00527,Synergy Systems 527,Government,REG-05,2024-07-17,12.7,4866.17,119341.17,Active
CUST-00528,Vanguard Solutions 528,Startup,REG-01,2025-03-16,11.1,1955.76,52865.23,Churned
CUST-00529,Starlight Media 529,Mid-Market,REG-03,2023-12-06,17.0,2529.12,126023.11,Active
CUST-00530,Vanguard Solutions 530,Enterprise,REG-01,2024-11-15,24.7,4023.65,266072.06,Active
CUST-00531,Nexus Dynamic 531,Enterprise,REG-03,2024-01-26,55.5,11422.37,1323362.24,Active
CUST-00532,Nexus Dynamic 532,Enterprise,REG-05,2025-04-21,47.6,6900.25,778461.18,Active
CUST-00533,Starlight Media 533,Mid-Market,REG-03,2024-06-10,7.0,1671.7,40193.06,Active
CUST-00534,Apex Global 534,Enterprise,REG-01,2023-08-04,42.2,9622.61,1295127.58,Active
CUST-00535,Apex Global 535,Mid-Market,REG-05,2025-04-28,29.3,7833.57,684663.28,Active
CUST-00536,Nexus Dynamic 536,Mid-Market,REG-01,2024-04-15,29.8,1265.2,51595.39,Active
CUST-00537,Omni Digital 537,Startup,REG-01,2024-08-11,16.8,3688.45,132455.67,Active
CUST-00538,Apex Global 538,Government,REG-03,2023-01-18,13.5,1371.11,22463.12,Active
CUST-00539,Nexus Dynamic 539,Startup,REG-01,2024-12-18,17.3,1751.95,71423.29,Active
CUST-00540,Quantum Labs 540,Startup,REG-01,2023-10-16,15.8,2031.87,67698.69,Active
CUST-00541,Synergy Systems 541,Mid-Market,REG-05,2023-08-14,8.9,3736.95,100914.5,Active
CUST-00542,TechCorp 542,SMB,REG-03,2025-09-07,19.1,2437.33,115295.98,Churned
CUST-00543,Horizon Inc 543,Startup,REG-05,2024-02-08,11.7,3814.43,84830.02,Active
CUST-00544,Nexus Dynamic 544,Mid-Market,REG-04,2025-07-16,27.3,4587.87,196665.12,Active
CUST-00545,Starlight Media 545,Mid-Market,REG-01,2023-07-05,28.2,4971.05,185756.33,Active
CUST-00546,Quantum Labs 546,Government,REG-05,2023-03-16,10.8,1103.65,16995.49,Active
CUST-00547,Vanguard Solutions 547,SMB,REG-03,2023-05-12,14.1,1320.86,34562.94,Churned
CUST-00548,Innovate X 548,SMB,REG-04,2024-04-06,7.9,2807.98,62000.58,Active
CUST-00549,Omni Digital 549,SMB,REG-03,2025-09-08,9.7,516.91,8855.79,Active
CUST-00550,Nexus Dynamic 550,SMB,REG-03,2023-05-18,14.2,1660.47,54322.77,Active
CUST-00551,Synergy Systems 551,Government,REG-05,2023-04-22,7.7,3934.8,95018.16,Active
CUST-00552,Starlight Media 552,Startup,REG-02,2023-09-27,15.2,2693.17,117612.86,Active
CUST-00553,Starlight Media 553,Enterprise,REG-05,2024-08-15,27.9,7695.38,705185.39,Active
CUST-00554,Nexus Dynamic 554,Startup,REG-04,2024-10-31,16.0,1780.37,48813.62,Active
CUST-00555,Innovate X 555,Mid-Market,REG-04,2024-05-28,22.4,3777.5,199269.39,Active
CUST-00556,Synergy Systems 556,Mid-Market,REG-05,2023-05-24,20.1,2254.02,153225.91,Active
CUST-00557,TechCorp 557,Government,REG-03,2023-02-11,8.9,3310.12,39611.44,Active
CUST-00558,TechCorp 558,Mid-Market,REG-05,2025-07-18,32.5,3716.65,399960.49,Active
CUST-00559,Innovate X 559,SMB,REG-01,2024-12-21,19.4,2717.48,96425.32,Active
CUST-00560,Apex Global 560,Startup,REG-05,2023-06-28,8.8,1824.81,40975.41,Active
CUST-00561,Horizon Inc 561,Startup,REG-03,2024-01-21,19.5,1280.15,53256.83,Active
CUST-00562,Apex Global 562,Government,REG-04,2025-06-27,19.3,3384.64,99267.44,Active
CUST-00563,Vanguard Solutions 563,Startup,REG-03,2023-08-05,4.7,1050.75,12764.34,Active
CUST-00564,Omni Digital 564,Government,REG-03,2025-01-07,6.1,4294.95,60303.96,Active
CUST-00565,Innovate X 565,Enterprise,REG-02,2023-02-14,12.9,7719.65,150357.65,Active
CUST-00566,Innovate X 566,Mid-Market,REG-01,2023-06-20,13.3,2260.26,102327.65,Active
CUST-00567,Synergy Systems 567,Enterprise,REG-03,2025-08-27,10.6,6216.64,229542.44,Active
CUST-00568,Starlight Media 568,Mid-Market,REG-04,2024-09-07,9.1,5078.52,137036.59,Active
CUST-00569,Omni Digital 569,SMB,REG-02,2025-01-11,14.3,3728.23,137124.23,Churned
CUST-00570,Synergy Systems 570,Government,REG-02,2023-04-22,3.4,3494.23,39104.04,Active
CUST-00571,Starlight Media 571,Startup,REG-01,2023-07-01,10.6,2651.62,36252.18,Active
CUST-00572,Omni Digital 572,Enterprise,REG-01,2024-05-08,41.6,10970.84,1113747.42,Churned
CUST-00573,Quantum Labs 573,Startup,REG-04,2024-01-15,17.7,2941.75,113853.99,Active
CUST-00574,Omni Digital 574,Government,REG-03,2024-08-26,24.7,5516.26,425859.65,Active
CUST-00575,Starlight Media 575,Mid-Market,REG-03,2024-05-03,31.6,7370.6,324393.83,Active
CUST-00576,Starlight Media 576,Government,REG-03,2023-07-13,3.1,4654.14,17549.47,Active
CUST-00577,Omni Digital 577,Enterprise,REG-04,2024-11-01,17.1,9945.02,363986.51,Churned
CUST-00578,Omni Digital 578,Startup,REG-03,2023-09-25,17.4,1982.47,70403.61,Active
CUST-00579,Nexus Dynamic 579,Mid-Market,REG-04,2024-07-19,32.2,4377.27,289153.58,Active
CUST-00580,Apex Global 580,SMB,REG-05,2023-12-19,15.9,1893.45,45687.37,Active
CUST-00581,Horizon Inc 581,Mid-Market,REG-04,2025-03-12,29.2,2132.57,105440.68,Active
CUST-00582,Apex Global 582,Startup,REG-05,2024-12-14,14.3,682.18,20436.49,Active
CUST-00583,Innovate X 583,Mid-Market,REG-04,2025-08-06,25.6,1616.98,74722.03,Active
CUST-00584,Innovate X 584,Enterprise,REG-04,2025-08-11,59.2,7946.64,1128264.86,Active
CUST-00585,Starlight Media 585,Enterprise,REG-02,2024-10-17,32.7,1612.46,166423.92,Active
CUST-00586,TechCorp 586,SMB,REG-02,2023-02-04,16.1,2286.92,103331.26,Active
CUST-00587,Horizon Inc 587,SMB,REG-02,2024-11-01,2.0,1051.06,7342.03,Active
CUST-00588,Starlight Media 588,Government,REG-04,2024-08-23,8.4,830.67,19665.26,Active
CUST-00589,Vanguard Solutions 589,SMB,REG-05,2025-07-25,12.5,1716.16,65979.58,Active
CUST-00590,Starlight Media 590,Government,REG-04,2024-08-11,3.1,1668.93,12232.39,Active
CUST-00591,Innovate X 591,SMB,REG-03,2025-08-27,4.1,2296.5,16879.39,Active
CUST-00592,Quantum Labs 592,SMB,REG-04,2025-09-16,8.8,2192.7,33951.44,Active
CUST-00593,Vanguard Solutions 593,Government,REG-05,2025-06-01,3.7,1360.41,6822.3,Active
CUST-00594,Vanguard Solutions 594,Mid-Market,REG-03,2024-02-27,38.4,4615.53,216647.22,Active
CUST-00595,Quantum Labs 595,SMB,REG-01,2024-02-13,14.1,3373.76,65402.41,Active
CUST-00596,Vanguard Solutions 596,SMB,REG-03,2023-08-12,18.1,1441.77,88162.11,Active
CUST-00597,Vanguard Solutions 597,Government,REG-02,2023-08-29,22.9,5331.9,204590.5,Active
CUST-00598,Quantum Labs 598,Startup,REG-03,2023-06-09,16.0,919.57,20311.78,Active
CUST-00599,Horizon Inc 599,Startup,REG-01,2025-02-21,17.4,3852.98,211210.28,Active
CUST-00600,Omni Digital 600,Government,REG-05,2025-06-08,10.4,1710.08,52604.04,Active
CUST-00601,Starlight Media 601,Mid-Market,REG-05,2023-05-12,5.9,6594.89,89497.96,Active
CUST-00602,Quantum Labs 602,SMB,REG-04,2025-05-31,14.4,1111.8,55169.65,Active
CUST-00603,Nexus Dynamic 603,SMB,REG-01,2023-01-13,14.1,1828.0,36902.3,Active
CUST-00604,Quantum Labs 604,Mid-Market,REG-05,2023-09-27,12.5,4299.42,140273.59,Active
CUST-00605,Synergy Systems 605,Government,REG-02,2024-03-05,21.9,2704.63,187464.41,Active
CUST-00606,Vanguard Solutions 606,Startup,REG-02,2025-09-29,12.4,1299.98,23046.42,Active
CUST-00607,TechCorp 607,Startup,REG-04,2025-05-26,8.9,1010.45,30630.54,Churned
CUST-00608,Horizon Inc 608,Mid-Market,REG-04,2024-05-26,8.8,7252.89,169169.28,Active
CUST-00609,TechCorp 609,Government,REG-03,2023-09-14,18.2,3731.13,143712.32,Active
CUST-00610,Horizon Inc 610,Mid-Market,REG-03,2024-05-02,34.2,1674.11,166757.6,Active
CUST-00611,Innovate X 611,Startup,REG-05,2025-08-12,16.6,1704.49,60749.78,Active
CUST-00612,Horizon Inc 612,Mid-Market,REG-05,2024-08-12,27.4,4769.07,451154.47,Active
CUST-00613,Synergy Systems 613,Startup,REG-04,2025-03-04,15.3,3613.71,114807.16,Active
CUST-00614,Synergy Systems 614,Mid-Market,REG-03,2024-03-07,26.7,5001.46,420977.87,Churned
CUST-00615,Nexus Dynamic 615,SMB,REG-02,2023-11-18,7.7,1519.75,21241.45,Active
CUST-00616,TechCorp 616,Government,REG-03,2025-02-04,18.8,5819.01,235442.31,Active
CUST-00617,Omni Digital 617,Mid-Market,REG-02,2024-11-08,13.1,6207.13,237793.03,Active
CUST-00618,Starlight Media 618,Enterprise,REG-01,2023-03-07,56.6,6468.45,484661.52,Active
CUST-00619,Vanguard Solutions 619,Enterprise,REG-01,2023-09-26,39.4,2385.27,314141.6,Active
CUST-00620,Horizon Inc 620,Mid-Market,REG-03,2024-03-29,26.6,1918.94,159695.18,Churned
CUST-00621,Starlight Media 621,SMB,REG-04,2024-04-23,19.5,2392.04,85199.17,Active
CUST-00622,Starlight Media 622,Mid-Market,REG-05,2024-09-03,20.4,6242.38,409766.18,Active
CUST-00623,Nexus Dynamic 623,SMB,REG-03,2024-05-08,11.7,3316.48,85997.85,Active
CUST-00624,Quantum Labs 624,Mid-Market,REG-03,2023-01-11,4.0,6707.66,84523.95,Active
CUST-00625,Omni Digital 625,Startup,REG-01,2024-12-05,18.6,3814.35,162983.09,Churned
CUST-00626,Omni Digital 626,SMB,REG-05,2023-08-25,16.3,2418.74,64409.9,Active
CUST-00627,Apex Global 627,Government,REG-02,2023-06-17,22.3,4141.45,286795.47,Active
CUST-00628,Nexus Dynamic 628,Government,REG-02,2024-06-13,23.6,5527.26,398820.37,Active
CUST-00629,Quantum Labs 629,Startup,REG-03,2024-02-27,5.4,739.62,6047.78,Churned
CUST-00630,Starlight Media 630,Startup,REG-04,2023-10-06,14.6,2221.99,62853.91,Active
CUST-00631,Vanguard Solutions 631,Enterprise,REG-02,2025-09-22,11.5,4326.55,141551.45,Active
CUST-00632,Horizon Inc 632,Enterprise,REG-02,2023-01-16,32.7,5090.08,319014.06,Active
CUST-00633,Omni Digital 633,Government,REG-01,2023-12-05,5.2,4690.49,37463.93,Active
CUST-00634,TechCorp 634,Enterprise,REG-05,2024-04-26,15.8,10904.84,305857.73,Active
CUST-00635,Quantum Labs 635,Enterprise,REG-02,2024-01-30,47.6,6151.09,848078.64,Churned
CUST-00636,Horizon Inc 636,Enterprise,REG-05,2024-11-12,59.0,6464.67,1055497.81,Active
CUST-00637,Vanguard Solutions 637,Mid-Market,REG-01,2025-02-01,37.7,4646.48,312265.52,Active
CUST-00638,TechCorp 638,SMB,REG-01,2025-06-03,14.0,3906.46,95310.2,Active
CUST-00639,Quantum Labs 639,Mid-Market,REG-03,2024-08-21,8.3,6524.01,66091.29,Churned
CUST-00640,Horizon Inc 640,Startup,REG-02,2024-01-16,15.9,1370.53,51205.8,Active
CUST-00641,Vanguard Solutions 641,Enterprise,REG-01,2023-12-31,40.8,8863.95,1092315.13,Churned
CUST-00642,TechCorp 642,SMB,REG-05,2025-03-18,13.6,1715.61,75856.34,Active
CUST-00643,Nexus Dynamic 643,Government,REG-03,2025-01-11,6.6,5467.98,83588.39,Active
CUST-00644,Innovate X 644,Startup,REG-04,2023-07-14,12.2,2402.67,56997.3,Active
CUST-00645,Quantum Labs 645,Startup,REG-02,2023-03-12,11.6,2072.84,74170.54,Active
CUST-00646,Innovate X 646,Enterprise,REG-05,2024-01-24,45.6,10770.79,1289454.91,Active
CUST-00647,Quantum Labs 647,Mid-Market,REG-03,2025-01-08,6.3,7770.14,150958.52,Active
CUST-00648,Apex Global 648,Startup,REG-02,2024-09-19,7.1,1934.32,26652.32,Churned
CUST-00649,Innovate X 649,Enterprise,REG-02,2023-07-02,53.2,3621.83,446317.78,Churned
CUST-00650,Apex Global 650,Government,REG-04,2024-06-22,19.8,3849.08,100058.22,Active
CUST-00651,TechCorp 651,Enterprise,REG-02,2024-11-02,32.5,10842.56,487663.34,Active
CUST-00652,Innovate X 652,SMB,REG-05,2025-01-31,18.9,1955.84,75736.8,Active
CUST-00653,Starlight Media 653,SMB,REG-05,2023-02-11,15.2,3420.6,71711.58,Active
CUST-00654,Innovate X 654,Enterprise,REG-01,2025-01-12,18.5,5545.98,168693.36,Active
CUST-00655,Quantum Labs 655,Mid-Market,REG-05,2025-02-06,24.1,6222.76,444274.51,Active
CUST-00656,Starlight Media 656,Government,REG-01,2023-06-20,24.4,3637.32,209521.85,Active
CUST-00657,Horizon Inc 657,Startup,REG-04,2025-08-13,8.3,1603.04,46307.06,Active
CUST-00658,Starlight Media 658,Government,REG-04,2025-04-25,22.6,3944.17,222420.67,Active
CUST-00659,Nexus Dynamic 659,SMB,REG-03,2025-09-11,10.1,3859.39,46793.35,Churned
CUST-00660,Vanguard Solutions 660,Startup,REG-01,2024-06-14,4.4,3616.14,19333.61,Active
CUST-00661,Starlight Media 661,SMB,REG-01,2025-03-01,16.8,2914.02,89818.79,Active
CUST-00662,Innovate X 662,Startup,REG-05,2023-06-08,3.7,2111.29,12178.92,Active
CUST-00663,Apex Global 663,Mid-Market,REG-02,2023-09-20,33.2,1643.34,115639.53,Active
CUST-00664,Apex Global 664,SMB,REG-04,2023-06-27,10.8,3646.58,110924.38,Active
CUST-00665,Horizon Inc 665,Startup,REG-03,2023-02-08,15.2,2516.99,52815.44,Churned
CUST-00666,Innovate X 666,SMB,REG-04,2024-03-02,18.7,921.89,51233.55,Active
CUST-00667,Starlight Media 667,Enterprise,REG-04,2023-02-25,22.5,1932.41,106169.24,Churned
CUST-00668,Innovate X 668,Mid-Market,REG-02,2023-02-21,28.3,7981.57,775529.33,Active
CUST-00669,Quantum Labs 669,Startup,REG-01,2023-08-16,9.8,3252.29,49097.22,Active
CUST-00670,Synergy Systems 670,Startup,REG-01,2024-07-15,9.2,797.78,17278.78,Active
CUST-00671,Starlight Media 671,Mid-Market,REG-04,2024-07-26,11.1,3767.23,105128.59,Active
CUST-00672,Apex Global 672,Mid-Market,REG-02,2023-03-15,13.6,4010.46,151349.16,Active
CUST-00673,Nexus Dynamic 673,Government,REG-04,2024-01-10,12.4,2433.88,77439.68,Churned
CUST-00674,Vanguard Solutions 674,Mid-Market,REG-03,2024-09-23,33.6,6619.57,585696.36,Active
CUST-00675,Innovate X 675,Mid-Market,REG-03,2023-06-09,31.3,6969.35,318148.33,Churned
CUST-00676,Horizon Inc 676,Mid-Market,REG-03,2023-01-15,16.4,6629.97,206782.48,Active
CUST-00677,Synergy Systems 677,Mid-Market,REG-05,2023-08-05,11.3,4662.86,94574.56,Active
CUST-00678,Vanguard Solutions 678,Enterprise,REG-04,2024-08-19,54.9,7031.39,690035.81,Churned
CUST-00679,Horizon Inc 679,Startup,REG-03,2023-02-24,10.4,3808.12,53591.75,Active
CUST-00680,Apex Global 680,Enterprise,REG-01,2023-10-27,52.8,8318.82,760615.64,Active
CUST-00681,Starlight Media 681,SMB,REG-04,2025-06-06,12.7,808.07,17009.18,Active
CUST-00682,TechCorp 682,Enterprise,REG-01,2023-09-11,55.8,4701.74,610464.43,Active
CUST-00683,TechCorp 683,SMB,REG-03,2023-12-30,13.3,1326.72,60875.87,Active
CUST-00684,Vanguard Solutions 684,SMB,REG-04,2025-06-30,20.0,3966.27,267446.73,Active
CUST-00685,Innovate X 685,Mid-Market,REG-03,2025-07-07,18.1,1960.82,102169.13,Active
CUST-00686,Quantum Labs 686,Mid-Market,REG-04,2023-09-04,24.6,3985.25,188082.35,Active
CUST-00687,Synergy Systems 687,Startup,REG-02,2023-07-31,13.7,2533.61,96262.92,Active
CUST-00688,Innovate X 688,SMB,REG-05,2025-07-20,4.4,3984.9,60390.61,Churned
CUST-00689,Synergy Systems 689,Mid-Market,REG-03,2023-03-11,24.1,7640.21,271091.52,Active
CUST-00690,Nexus Dynamic 690,Enterprise,REG-03,2025-06-20,58.5,11592.56,1286953.7,Active
CUST-00691,Innovate X 691,Mid-Market,REG-02,2023-04-20,8.7,1183.39,35701.66,Active
CUST-00692,Quantum Labs 692,Startup,REG-05,2023-08-25,12.7,1308.19,20933.56,Churned
CUST-00693,Quantum Labs 693,Mid-Market,REG-05,2025-05-16,25.8,5984.13,318061.0,Active
CUST-00694,Nexus Dynamic 694,Government,REG-02,2023-06-17,8.2,919.21,22299.3,Churned
CUST-00695,Quantum Labs 695,Government,REG-02,2025-01-30,21.1,1814.88,63969.8,Active
CUST-00696,TechCorp 696,Startup,REG-04,2024-12-05,7.8,2101.41,28972.77,Active
CUST-00697,Starlight Media 697,Startup,REG-04,2025-01-07,7.6,2640.27,58345.58,Active
CUST-00698,Starlight Media 698,Enterprise,REG-05,2023-04-22,30.4,10183.61,401699.84,Active
CUST-00699,Vanguard Solutions 699,Startup,REG-04,2025-01-22,2.7,1855.89,14831.61,Active
CUST-00700,Nexus Dynamic 700,SMB,REG-04,2024-02-12,17.9,3207.87,106665.22,Active
CUST-00701,Starlight Media 701,Startup,REG-01,2024-12-07,11.3,997.84,35053.05,Active
CUST-00702,Horizon Inc 702,Enterprise,REG-02,2025-03-08,37.6,10890.44,1005985.73,Active
CUST-00703,Apex Global 703,Government,REG-01,2023-07-03,15.2,5457.24,270444.39,Active
CUST-00704,Apex Global 704,SMB,REG-03,2024-12-09,13.7,2990.14,64609.31,Active
CUST-00705,Starlight Media 705,Enterprise,REG-04,2024-10-11,25.6,7000.08,373349.72,Active
CUST-00706,Synergy Systems 706,Startup,REG-02,2024-01-23,11.9,653.67,12391.7,Active
CUST-00707,Quantum Labs 707,Mid-Market,REG-02,2023-07-03,31.7,1359.17,82230.89,Active
CUST-00708,TechCorp 708,SMB,REG-02,2023-05-01,18.2,3861.52,84906.67,Active
CUST-00709,Vanguard Solutions 709,Government,REG-04,2025-05-25,16.5,4989.14,213899.35,Active
CUST-00710,Starlight Media 710,Startup,REG-04,2024-04-09,9.4,777.92,18867.83,Active
CUST-00711,Horizon Inc 711,SMB,REG-05,2024-10-05,12.0,3388.38,53367.52,Churned
CUST-00712,Apex Global 712,Enterprise,REG-02,2025-05-24,7.8,7569.97,152784.26,Active
CUST-00713,Innovate X 713,Enterprise,REG-01,2024-03-02,59.7,3194.02,353540.62,Active
CUST-00714,Nexus Dynamic 714,Startup,REG-05,2023-07-01,19.4,3122.67,122882.12,Churned
CUST-00715,Nexus Dynamic 715,SMB,REG-03,2025-07-08,8.8,736.83,14153.79,Active
CUST-00716,Vanguard Solutions 716,Government,REG-02,2023-05-05,21.8,2190.7,115201.08,Active
CUST-00717,Innovate X 717,Startup,REG-01,2023-04-22,12.3,3927.72,116747.16,Churned
CUST-00718,Synergy Systems 718,SMB,REG-04,2024-09-15,17.3,1408.81,61487.41,Active
CUST-00719,Innovate X 719,Startup,REG-05,2024-05-23,11.4,2711.5,72108.19,Active
CUST-00720,Vanguard Solutions 720,Mid-Market,REG-03,2025-09-29,11.0,1827.45,45616.09,Active
CUST-00721,Vanguard Solutions 721,Startup,REG-04,2024-02-28,2.8,1723.78,14739.91,Active
CUST-00722,Apex Global 722,SMB,REG-03,2025-03-20,3.2,1550.99,12234.14,Active
CUST-00723,Horizon Inc 723,SMB,REG-03,2024-02-10,15.0,2655.98,50475.7,Active
CUST-00724,Quantum Labs 724,SMB,REG-04,2025-07-27,10.5,624.45,9915.3,Active
CUST-00725,Nexus Dynamic 725,Startup,REG-03,2024-04-18,16.1,1948.84,91240.61,Active
CUST-00726,Horizon Inc 726,Startup,REG-03,2024-07-22,11.6,1228.92,39582.24,Active
CUST-00727,Synergy Systems 727,Enterprise,REG-02,2023-10-15,51.4,5061.1,536683.93,Active
CUST-00728,Horizon Inc 728,Startup,REG-05,2024-02-03,5.4,908.96,14722.16,Active
CUST-00729,Nexus Dynamic 729,Enterprise,REG-03,2024-02-28,10.7,10709.01,235434.07,Active
CUST-00730,Apex Global 730,Mid-Market,REG-05,2023-11-06,10.3,3619.51,47943.63,Active
CUST-00731,Quantum Labs 731,Government,REG-05,2023-01-26,24.6,5501.02,210346.47,Active
CUST-00732,Starlight Media 732,Startup,REG-03,2025-03-05,7.9,3193.18,35971.91,Active
CUST-00733,Nexus Dynamic 733,Mid-Market,REG-02,2025-01-11,5.3,3713.12,62759.29,Churned
CUST-00734,Nexus Dynamic 734,Enterprise,REG-05,2025-06-11,10.7,6402.2,89473.94,Active
CUST-00735,Nexus Dynamic 735,Enterprise,REG-05,2025-02-15,22.9,10867.42,482304.46,Active
CUST-00736,TechCorp 736,Startup,REG-03,2025-03-02,9.9,911.78,13932.03,Active
CUST-00737,Nexus Dynamic 737,Startup,REG-05,2024-06-10,3.8,2398.85,22456.73,Active
CUST-00738,Synergy Systems 738,Startup,REG-02,2023-06-25,3.3,2646.42,17283.84,Active
CUST-00739,Synergy Systems 739,Enterprise,REG-04,2025-07-13,42.5,2612.23,146961.29,Active
CUST-00740,Vanguard Solutions 740,Startup,REG-05,2024-10-06,17.1,2947.78,131941.7,Active
CUST-00741,Quantum Labs 741,Startup,REG-01,2025-09-24,18.6,3175.5,148010.14,Churned
CUST-00742,Vanguard Solutions 742,Enterprise,REG-04,2023-11-14,43.0,8957.27,874477.85,Active
CUST-00743,Horizon Inc 743,Mid-Market,REG-05,2023-09-22,36.9,3744.54,388145.13,Active
CUST-00744,Nexus Dynamic 744,Government,REG-04,2023-01-31,4.8,1342.66,14828.77,Active
CUST-00745,Horizon Inc 745,SMB,REG-05,2024-08-11,4.3,860.26,11394.66,Active
CUST-00746,Vanguard Solutions 746,Startup,REG-01,2025-03-22,7.4,2113.41,40008.8,Active
CUST-00747,Omni Digital 747,Startup,REG-02,2025-09-24,10.7,731.21,13136.0,Active
CUST-00748,Innovate X 748,Government,REG-05,2025-03-17,12.2,4394.2,85672.74,Active
CUST-00749,Nexus Dynamic 749,Government,REG-01,2024-08-29,19.1,2458.23,66888.28,Active
CUST-00750,Quantum Labs 750,Government,REG-01,2024-09-04,5.9,5023.85,88154.15,Active
CUST-00751,TechCorp 751,Enterprise,REG-01,2023-08-11,50.1,10816.25,1776051.93,Active
CUST-00752,Horizon Inc 752,Mid-Market,REG-02,2024-04-08,23.1,3729.88,217920.09,Active
CUST-00753,Horizon Inc 753,SMB,REG-05,2025-03-24,18.4,1565.93,97090.58,Active
CUST-00754,TechCorp 754,Enterprise,REG-05,2023-01-09,39.0,6859.45,842566.93,Active
CUST-00755,Nexus Dynamic 755,SMB,REG-05,2025-09-18,3.0,2961.74,27435.18,Active
CUST-00756,Omni Digital 756,Enterprise,REG-02,2024-03-18,43.9,5639.82,478264.15,Active
CUST-00757,Horizon Inc 757,Government,REG-05,2023-08-05,20.9,3243.07,110679.7,Active
CUST-00758,TechCorp 758,Government,REG-02,2023-10-23,29.9,4267.85,192540.9,Churned
CUST-00759,Omni Digital 759,Mid-Market,REG-04,2024-11-04,19.7,7931.52,217927.24,Active
CUST-00760,Quantum Labs 760,Government,REG-05,2025-08-10,14.5,1693.94,58252.88,Active
CUST-00761,Vanguard Solutions 761,Government,REG-03,2023-08-20,8.0,3924.01,79398.69,Active
CUST-00762,Quantum Labs 762,Startup,REG-03,2024-02-25,18.7,2517.23,60109.43,Churned
CUST-00763,Nexus Dynamic 763,SMB,REG-01,2024-08-17,10.7,2916.74,47650.12,Active
CUST-00764,Apex Global 764,Government,REG-05,2023-03-22,17.1,3952.87,119238.11,Active
CUST-00765,Quantum Labs 765,Startup,REG-05,2023-11-16,13.0,3662.55,115727.4,Churned
CUST-00766,Nexus Dynamic 766,Startup,REG-04,2024-08-10,15.2,1973.56,102273.67,Active
CUST-00767,TechCorp 767,Mid-Market,REG-01,2024-12-12,37.2,6245.98,667318.63,Active
CUST-00768,TechCorp 768,Government,REG-05,2023-06-23,18.5,4195.68,145229.68,Active
CUST-00769,Innovate X 769,SMB,REG-04,2023-03-26,4.3,769.02,9929.14,Active
CUST-00770,Synergy Systems 770,SMB,REG-03,2025-05-28,6.6,3095.0,52881.2,Active
CUST-00771,Starlight Media 771,Government,REG-03,2025-04-07,7.7,4858.27,65212.7,Active
CUST-00772,Omni Digital 772,Enterprise,REG-03,2023-03-28,58.2,7753.21,1394305.84,Active
CUST-00773,Horizon Inc 773,Government,REG-02,2024-11-07,14.9,4097.27,102866.31,Active
CUST-00774,Quantum Labs 774,Enterprise,REG-03,2025-02-12,50.3,2051.49,233955.79,Active
CUST-00775,Omni Digital 775,Startup,REG-02,2024-01-24,14.3,1865.25,48119.24,Active
CUST-00776,TechCorp 776,Enterprise,REG-03,2025-08-07,49.1,5511.04,521183.0,Active
CUST-00777,Nexus Dynamic 777,Enterprise,REG-05,2024-10-14,25.1,10364.51,677458.91,Active
CUST-00778,Vanguard Solutions 778,SMB,REG-03,2023-10-01,16.4,1393.7,58138.4,Active
CUST-00779,TechCorp 779,Startup,REG-02,2024-06-16,8.1,2915.97,38117.11,Active
CUST-00780,Nexus Dynamic 780,Enterprise,REG-01,2024-02-26,11.3,2591.03,65164.5,Active
CUST-00781,Vanguard Solutions 781,SMB,REG-02,2023-02-04,2.4,821.79,6624.08,Active
CUST-00782,Innovate X 782,Startup,REG-01,2024-12-26,19.2,802.35,39911.24,Active
CUST-00783,Quantum Labs 783,Mid-Market,REG-01,2024-12-13,10.6,3061.98,88253.77,Churned
CUST-00784,Apex Global 784,SMB,REG-04,2024-12-09,18.3,3194.58,113637.85,Active
CUST-00785,Synergy Systems 785,SMB,REG-01,2024-01-27,9.0,3985.85,64353.7,Active
CUST-00786,Apex Global 786,Government,REG-01,2024-05-18,29.4,1803.51,111510.92,Active
CUST-00787,Nexus Dynamic 787,Mid-Market,REG-05,2025-02-26,19.5,5297.76,149213.0,Active
CUST-00788,Quantum Labs 788,Enterprise,REG-01,2023-03-16,9.8,9139.22,267586.54,Churned
CUST-00789,Omni Digital 789,Mid-Market,REG-01,2025-08-13,5.4,3733.39,31222.21,Active
CUST-00790,Apex Global 790,Startup,REG-01,2024-06-11,14.7,3198.47,108127.14,Active
CUST-00791,Starlight Media 791,Startup,REG-02,2023-01-04,8.9,2912.41,77595.68,Churned
CUST-00792,Horizon Inc 792,SMB,REG-03,2024-11-29,7.5,693.18,18160.29,Active
CUST-00793,Starlight Media 793,Startup,REG-03,2023-03-24,17.1,3161.59,100930.83,Active
CUST-00794,Horizon Inc 794,Enterprise,REG-04,2024-11-07,16.3,8806.76,468240.56,Active
CUST-00795,Innovate X 795,Government,REG-01,2025-06-25,20.1,4610.45,141031.65,Active
CUST-00796,Quantum Labs 796,Mid-Market,REG-04,2024-02-03,6.3,4783.86,57497.31,Active
CUST-00797,Starlight Media 797,Enterprise,REG-01,2023-12-14,9.0,9771.67,114194.28,Churned
CUST-00798,Quantum Labs 798,Government,REG-05,2023-06-02,23.0,1973.17,61978.4,Active
CUST-00799,Synergy Systems 799,Enterprise,REG-04,2025-07-17,55.6,1980.92,309819.53,Churned
CUST-00800,Apex Global 800,Enterprise,REG-03,2025-04-20,48.9,6289.94,489844.4,Active
CUST-00801,Omni Digital 801,Enterprise,REG-04,2024-09-01,49.2,3816.01,572676.11,Active
CUST-00802,Vanguard Solutions 802,SMB,REG-01,2025-09-26,14.3,2410.6,66863.03,Active
CUST-00803,Horizon Inc 803,Enterprise,REG-05,2023-06-27,24.1,2767.83,101714.31,Active
CUST-00804,Innovate X 804,Startup,REG-02,2024-03-25,6.4,2536.95,24464.37,Active
CUST-00805,Innovate X 805,Government,REG-02,2023-01-17,26.7,1173.79,38128.95,Active
CUST-00806,Nexus Dynamic 806,SMB,REG-04,2024-12-11,16.5,3203.97,147622.91,Active
CUST-00807,Quantum Labs 807,Startup,REG-04,2024-02-26,6.3,1110.92,19532.58,Active
CUST-00808,Vanguard Solutions 808,Startup,REG-01,2024-10-04,16.9,1554.2,56818.76,Active
CUST-00809,Vanguard Solutions 809,Enterprise,REG-05,2025-09-27,11.2,5299.96,175145.99,Active
CUST-00810,Quantum Labs 810,Government,REG-02,2023-10-11,4.4,1341.57,9109.37,Active
CUST-00811,Omni Digital 811,Government,REG-02,2023-06-13,21.1,976.36,55276.72,Active
CUST-00812,Starlight Media 812,SMB,REG-03,2024-09-23,16.5,3154.43,67643.28,Active
CUST-00813,Quantum Labs 813,Mid-Market,REG-02,2025-03-15,5.0,4604.33,31377.98,Active
CUST-00814,Apex Global 814,Startup,REG-05,2023-11-30,9.5,3114.8,96650.51,Active
CUST-00815,Apex Global 815,SMB,REG-02,2023-04-11,6.3,1944.08,20329.94,Active
CUST-00816,Synergy Systems 816,Government,REG-05,2024-05-11,4.5,3038.29,23204.36,Active
CUST-00817,Horizon Inc 817,Government,REG-03,2023-05-20,15.4,1769.31,55169.32,Active
CUST-00818,Omni Digital 818,Mid-Market,REG-01,2024-12-09,24.5,2964.23,105707.43,Active
CUST-00819,Innovate X 819,Mid-Market,REG-03,2023-08-14,35.9,5225.45,565774.59,Active
CUST-00820,Vanguard Solutions 820,Mid-Market,REG-05,2025-09-20,23.9,2607.92,133814.82,Active
CUST-00821,Vanguard Solutions 821,Startup,REG-04,2025-05-07,10.3,550.76,12393.17,Active
CUST-00822,TechCorp 822,SMB,REG-04,2024-08-16,6.0,3746.18,75891.17,Active
CUST-00823,Omni Digital 823,Government,REG-01,2023-02-11,29.8,4600.75,323520.08,Active
CUST-00824,Omni Digital 824,Government,REG-01,2024-04-08,16.4,1186.23,57041.21,Active
CUST-00825,Nexus Dynamic 825,Mid-Market,REG-02,2024-01-03,14.6,5533.48,113805.41,Active
CUST-00826,Synergy Systems 826,Mid-Market,REG-04,2025-05-28,24.5,5085.62,429334.71,Active
CUST-00827,Apex Global 827,Government,REG-02,2025-03-19,26.5,4040.76,301856.21,Churned
CUST-00828,Starlight Media 828,Government,REG-03,2024-06-27,3.9,2985.99,21200.56,Active
CUST-00829,Starlight Media 829,Startup,REG-02,2025-03-17,14.3,2671.59,75341.5,Active
CUST-00830,Starlight Media 830,SMB,REG-01,2023-04-24,8.9,2128.74,24516.05,Active
CUST-00831,Quantum Labs 831,Enterprise,REG-05,2024-12-27,47.8,2953.26,278144.43,Active
CUST-00832,Omni Digital 832,Startup,REG-02,2025-02-10,15.4,1289.03,39925.19,Active
CUST-00833,Quantum Labs 833,SMB,REG-01,2023-03-06,8.7,2083.44,42656.38,Active
CUST-00834,Apex Global 834,Startup,REG-05,2025-07-10,7.3,2673.33,59322.22,Active
CUST-00835,Apex Global 835,Mid-Market,REG-04,2023-03-31,6.9,7285.62,93667.39,Active
CUST-00836,TechCorp 836,Mid-Market,REG-03,2023-04-25,29.1,4474.3,418272.29,Active
CUST-00837,TechCorp 837,SMB,REG-04,2025-09-19,14.3,3761.03,123161.44,Active
CUST-00838,Horizon Inc 838,SMB,REG-02,2023-03-06,2.4,3306.96,24765.53,Active
CUST-00839,Starlight Media 839,Government,REG-05,2023-12-18,20.7,4880.83,234209.19,Active
CUST-00840,Nexus Dynamic 840,Startup,REG-04,2024-04-13,7.5,961.84,21753.22,Active
CUST-00841,Quantum Labs 841,Mid-Market,REG-04,2024-01-16,38.9,6388.25,325248.97,Active
CUST-00842,Synergy Systems 842,Mid-Market,REG-05,2025-08-04,9.8,4747.22,75331.75,Active
CUST-00843,Synergy Systems 843,Mid-Market,REG-02,2023-04-30,5.5,3216.38,26373.96,Active
CUST-00844,Starlight Media 844,Mid-Market,REG-05,2024-12-25,5.2,3218.61,33320.37,Active
CUST-00845,Quantum Labs 845,Mid-Market,REG-05,2023-11-05,8.4,1174.48,32965.6,Active
CUST-00846,Nexus Dynamic 846,SMB,REG-02,2023-01-05,19.5,2411.51,111308.78,Active
CUST-00847,Innovate X 847,Government,REG-03,2025-09-19,28.5,5898.62,423567.18,Churned
CUST-00848,Apex Global 848,Government,REG-03,2024-12-06,6.0,3264.65,25311.21,Active
CUST-00849,Innovate X 849,SMB,REG-01,2024-02-16,13.1,1271.28,33674.0,Active
CUST-00850,Starlight Media 850,Mid-Market,REG-05,2024-06-23,12.0,7549.66,166626.96,Churned
CUST-00851,TechCorp 851,Government,REG-01,2025-09-26,16.8,1770.86,57443.44,Active
CUST-00852,Horizon Inc 852,SMB,REG-04,2023-06-01,14.9,1996.74,62122.73,Churned
CUST-00853,Omni Digital 853,SMB,REG-03,2025-09-27,10.0,2463.62,41785.43,Active
CUST-00854,Synergy Systems 854,Government,REG-03,2023-06-17,24.8,5844.39,315219.45,Active
CUST-00855,Horizon Inc 855,Startup,REG-05,2023-03-30,4.6,1561.31,24945.18,Active
CUST-00856,Synergy Systems 856,Enterprise,REG-05,2025-02-13,26.3,1569.5,110181.06,Active
CUST-00857,Nexus Dynamic 857,Startup,REG-04,2024-12-28,12.2,3702.05,74896.79,Active
CUST-00858,Quantum Labs 858,Startup,REG-04,2023-02-13,16.8,1556.98,66595.84,Active
CUST-00859,Quantum Labs 859,Mid-Market,REG-01,2025-03-21,4.1,2838.74,39558.78,Active
CUST-00860,Nexus Dynamic 860,Enterprise,REG-03,2024-03-03,15.7,11021.33,464253.87,Churned
CUST-00861,Quantum Labs 861,Government,REG-01,2024-09-05,23.1,3800.6,219556.78,Active
CUST-00862,Synergy Systems 862,Enterprise,REG-03,2024-06-08,45.6,1684.22,138005.42,Active
CUST-00863,Horizon Inc 863,SMB,REG-04,2025-06-18,14.5,1750.85,33552.98,Active
CUST-00864,Synergy Systems 864,Enterprise,REG-03,2023-10-26,34.6,11331.33,933854.51,Active
CUST-00865,Nexus Dynamic 865,Enterprise,REG-05,2025-02-09,15.0,4887.37,141290.25,Active
CUST-00866,Nexus Dynamic 866,SMB,REG-03,2023-04-09,11.6,1730.7,30727.51,Churned
CUST-00867,Vanguard Solutions 867,SMB,REG-04,2024-02-26,8.1,3687.76,42881.44,Active
CUST-00868,Apex Global 868,Mid-Market,REG-05,2024-09-20,28.8,7667.47,694700.85,Active
CUST-00869,Nexus Dynamic 869,Government,REG-04,2025-07-27,5.1,5048.93,85587.42,Active
CUST-00870,Synergy Systems 870,SMB,REG-02,2025-04-16,10.0,3956.54,95082.72,Active
CUST-00871,Vanguard Solutions 871,SMB,REG-01,2025-02-01,16.7,1278.25,67683.69,Churned
CUST-00872,Apex Global 872,SMB,REG-02,2023-08-03,4.3,775.12,9295.39,Active
CUST-00873,Innovate X 873,Enterprise,REG-04,2025-02-14,29.3,3561.69,133100.0,Active
CUST-00874,Apex Global 874,Enterprise,REG-04,2023-05-02,55.1,1954.46,203943.16,Churned
CUST-00875,Synergy Systems 875,Enterprise,REG-05,2023-07-30,37.7,3600.26,372222.9,Churned
CUST-00876,Starlight Media 876,SMB,REG-05,2023-12-23,8.3,3492.98,86854.74,Active
CUST-00877,Nexus Dynamic 877,Startup,REG-01,2023-04-12,16.8,3171.35,128738.83,Active
CUST-00878,Quantum Labs 878,Mid-Market,REG-05,2023-01-05,39.0,1690.8,111588.03,Active
CUST-00879,Omni Digital 879,SMB,REG-05,2023-07-09,9.9,3852.12,61625.91,Active
CUST-00880,Apex Global 880,Government,REG-02,2024-06-10,9.1,1342.44,42324.37,Churned
CUST-00881,Horizon Inc 881,Startup,REG-02,2024-05-22,15.7,2966.56,115571.37,Churned
CUST-00882,Quantum Labs 882,Government,REG-01,2024-01-30,10.7,3902.04,80063.97,Active
CUST-00883,Quantum Labs 883,Mid-Market,REG-05,2024-02-22,14.5,6987.56,165577.08,Churned
CUST-00884,Apex Global 884,SMB,REG-02,2023-01-14,20.0,2220.77,64042.36,Active
CUST-00885,Synergy Systems 885,Enterprise,REG-02,2024-02-09,27.6,7700.85,304779.02,Active
CUST-00886,Vanguard Solutions 886,Enterprise,REG-03,2025-09-25,16.8,3602.77,190130.06,Active
CUST-00887,Omni Digital 887,Government,REG-04,2023-10-13,23.7,4771.35,290097.41,Active
CUST-00888,Quantum Labs 888,SMB,REG-04,2024-11-13,12.9,1915.55,57190.83,Active
CUST-00889,TechCorp 889,Enterprise,REG-01,2023-09-14,32.4,3923.63,428098.92,Churned
CUST-00890,Nexus Dynamic 890,Enterprise,REG-04,2024-11-25,7.4,3380.5,64804.25,Active
CUST-00891,Quantum Labs 891,Startup,REG-05,2023-04-09,15.7,2813.78,105841.33,Active
CUST-00892,Starlight Media 892,Mid-Market,REG-03,2024-11-08,21.9,4533.56,243010.64,Active
CUST-00893,Quantum Labs 893,Startup,REG-01,2025-09-02,15.8,3967.49,202118.89,Churned
CUST-00894,Nexus Dynamic 894,SMB,REG-04,2024-03-29,10.3,615.01,15711.93,Active
CUST-00895,Quantum Labs 895,Mid-Market,REG-04,2024-03-17,8.8,6010.06,122762.01,Churned
CUST-00896,Nexus Dynamic 896,Startup,REG-05,2024-08-08,10.5,2467.89,40411.48,Churned
CUST-00897,TechCorp 897,Government,REG-05,2025-09-21,13.2,4301.56,168234.24,Active
CUST-00898,Horizon Inc 898,Enterprise,REG-05,2023-02-16,12.9,5347.31,211215.81,Active
CUST-00899,Vanguard Solutions 899,Government,REG-01,2024-03-14,12.3,2626.17,64859.59,Active
CUST-00900,Synergy Systems 900,Mid-Market,REG-03,2024-08-29,7.1,5815.94,132078.77,Churned
CUST-00901,Omni Digital 901,Enterprise,REG-05,2023-11-30,8.0,8406.56,146051.4,Active
CUST-00902,Horizon Inc 902,SMB,REG-01,2024-12-13,10.5,577.83,11697.49,Active
CUST-00903,Horizon Inc 903,Startup,REG-01,2025-04-07,10.8,2918.02,52742.52,Active
CUST-00904,Apex Global 904,Mid-Market,REG-05,2023-11-03,17.1,4051.94,162341.43,Active
CUST-00905,Innovate X 905,Startup,REG-02,2023-10-22,6.8,1540.62,26390.61,Active
CUST-00906,Omni Digital 906,Enterprise,REG-05,2023-04-08,38.0,4370.33,415643.87,Active
CUST-00907,Starlight Media 907,Mid-Market,REG-03,2025-03-25,6.8,6766.17,108614.37,Active
CUST-00908,Synergy Systems 908,SMB,REG-02,2024-02-29,9.2,2687.37,55441.3,Active
CUST-00909,Quantum Labs 909,Enterprise,REG-05,2025-06-02,16.1,6741.64,295214.08,Active
CUST-00910,TechCorp 910,SMB,REG-05,2025-04-08,13.1,3191.92,91889.37,Active
CUST-00911,Omni Digital 911,Startup,REG-02,2024-01-09,10.3,1341.31,40296.99,Active
CUST-00912,Nexus Dynamic 912,Government,REG-03,2025-05-30,25.4,1088.24,46110.75,Active
CUST-00913,Vanguard Solutions 913,Mid-Market,REG-03,2024-12-04,25.6,3841.06,143679.95,Active
CUST-00914,Synergy Systems 914,SMB,REG-04,2024-05-12,12.1,2026.47,65908.59,Churned
CUST-00915,TechCorp 915,SMB,REG-02,2023-01-30,6.7,3312.38,60252.58,Active
CUST-00916,Omni Digital 916,Government,REG-01,2023-02-26,26.2,1190.63,80596.6,Active
CUST-00917,Starlight Media 917,SMB,REG-01,2024-02-11,19.0,3034.82,87835.21,Churned
CUST-00918,Apex Global 918,Enterprise,REG-05,2024-11-11,50.8,11471.58,1947908.23,Active
CUST-00919,Vanguard Solutions 919,Mid-Market,REG-05,2023-05-06,31.8,3193.87,316311.05,Active
CUST-00920,Innovate X 920,Government,REG-02,2023-05-28,5.9,1874.07,20250.46,Active
CUST-00921,Vanguard Solutions 921,Enterprise,REG-04,2024-06-30,26.2,11461.46,578937.65,Active
CUST-00922,Innovate X 922,SMB,REG-02,2024-01-07,10.6,1787.09,36158.58,Active
CUST-00923,Horizon Inc 923,Enterprise,REG-01,2024-12-08,55.5,8551.79,845714.45,Active
CUST-00924,Nexus Dynamic 924,Enterprise,REG-05,2025-06-06,18.8,6145.23,140726.57,Active
CUST-00925,Quantum Labs 925,SMB,REG-01,2025-08-16,16.8,1324.11,37458.19,Active
CUST-00926,Quantum Labs 926,SMB,REG-04,2025-03-19,2.6,3532.56,28411.4,Active
CUST-00927,Nexus Dynamic 927,Government,REG-03,2025-01-04,14.4,5572.37,114819.25,Active
CUST-00928,TechCorp 928,Startup,REG-01,2023-12-27,9.6,3052.31,72076.72,Active
CUST-00929,Nexus Dynamic 929,Enterprise,REG-02,2024-10-07,29.9,8231.54,297088.82,Active
CUST-00930,Synergy Systems 930,SMB,REG-05,2023-03-26,4.0,1373.61,15610.79,Active
CUST-00931,Synergy Systems 931,Startup,REG-04,2025-03-22,18.9,2080.21,126167.44,Churned
CUST-00932,Omni Digital 932,Startup,REG-03,2025-03-29,7.1,795.4,11551.52,Active
CUST-00933,Apex Global 933,Startup,REG-02,2023-01-22,19.1,3730.89,191571.49,Active
CUST-00934,Nexus Dynamic 934,Government,REG-02,2023-09-26,21.9,1635.97,76040.1,Active
CUST-00935,Omni Digital 935,Mid-Market,REG-01,2025-09-08,17.2,7630.7,192922.31,Active
CUST-00936,Nexus Dynamic 936,Government,REG-04,2023-05-02,9.1,1816.51,55804.78,Active
CUST-00937,Nexus Dynamic 937,SMB,REG-04,2024-01-27,4.3,3497.18,38800.58,Active
CUST-00938,Innovate X 938,Mid-Market,REG-04,2023-07-04,18.7,2021.6,70596.7,Active
CUST-00939,Horizon Inc 939,Government,REG-02,2024-01-14,18.7,4147.99,108377.11,Active
CUST-00940,Starlight Media 940,Government,REG-02,2024-12-31,13.4,2972.28,102500.8,Churned
CUST-00941,Innovate X 941,Enterprise,REG-01,2023-12-07,56.3,6444.79,731087.47,Active
CUST-00942,Synergy Systems 942,Enterprise,REG-01,2023-09-17,33.2,5499.85,629643.3,Active
CUST-00943,Quantum Labs 943,Startup,REG-01,2024-08-17,5.2,1094.53,13281.43,Active
CUST-00944,Synergy Systems 944,Mid-Market,REG-01,2023-11-21,29.6,4030.51,214618.37,Active
CUST-00945,Nexus Dynamic 945,Government,REG-03,2025-02-04,12.7,3007.95,125162.53,Active
CUST-00946,Synergy Systems 946,Startup,REG-03,2024-03-22,18.1,1604.4,101275.73,Active
CUST-00947,Synergy Systems 947,Startup,REG-04,2023-02-24,5.4,690.99,6049.35,Active
CUST-00948,Starlight Media 948,Government,REG-04,2023-04-29,29.9,5617.83,217327.13,Active
CUST-00949,Vanguard Solutions 949,Government,REG-04,2024-05-19,6.0,4528.76,41859.97,Active
CUST-00950,Innovate X 950,SMB,REG-02,2025-05-04,5.0,2280.58,20837.89,Active
CUST-00951,Vanguard Solutions 951,Mid-Market,REG-05,2025-09-21,4.1,6367.93,42173.3,Active
CUST-00952,Horizon Inc 952,Government,REG-01,2025-06-27,11.9,2242.48,92253.66,Churned
CUST-00953,Quantum Labs 953,Startup,REG-01,2025-05-07,7.8,601.06,10588.62,Active
CUST-00954,Quantum Labs 954,Government,REG-03,2024-08-31,20.8,2479.49,67089.15,Active
CUST-00955,TechCorp 955,SMB,REG-05,2023-05-13,5.8,670.39,10422.02,Active
CUST-00956,Omni Digital 956,Enterprise,REG-05,2025-09-01,38.5,2471.79,170046.21,Active
CUST-00957,Synergy Systems 957,Enterprise,REG-01,2025-05-22,17.2,5579.28,203971.75,Active
CUST-00958,Innovate X 958,Enterprise,REG-03,2024-05-17,49.3,9226.84,1510171.12,Active
CUST-00959,Omni Digital 959,Mid-Market,REG-03,2024-11-12,7.5,3572.2,44465.96,Active
CUST-00960,Synergy Systems 960,Government,REG-03,2024-07-30,19.2,1223.67,51026.07,Active
CUST-00961,Synergy Systems 961,Government,REG-04,2023-04-06,4.1,2544.16,23637.89,Active
CUST-00962,Quantum Labs 962,Government,REG-05,2024-10-06,20.5,1190.84,55584.28,Churned
CUST-00963,Innovate X 963,SMB,REG-02,2023-05-11,14.3,1551.43,39310.47,Active
CUST-00964,Quantum Labs 964,Enterprise,REG-05,2023-03-20,55.5,6890.85,908108.43,Active
CUST-00965,Quantum Labs 965,Startup,REG-03,2023-12-30,6.6,786.19,12234.92,Churned
CUST-00966,Innovate X 966,Mid-Market,REG-02,2025-05-13,18.1,1583.03,92162.94,Active
CUST-00967,Vanguard Solutions 967,Government,REG-04,2024-09-30,24.8,2542.01,208773.0,Active
CUST-00968,TechCorp 968,Mid-Market,REG-01,2025-02-03,39.4,2815.22,304900.44,Active
CUST-00969,Innovate X 969,Enterprise,REG-04,2023-04-30,6.7,8385.91,126888.14,Active
CUST-00970,Omni Digital 970,Government,REG-03,2024-09-25,25.0,3987.91,278009.5,Active
CUST-00971,Vanguard Solutions 971,SMB,REG-01,2023-05-09,4.4,1167.81,15809.34,Active
CUST-00972,Starlight Media 972,Enterprise,REG-02,2024-05-07,41.0,8322.27,751458.15,Active
CUST-00973,Synergy Systems 973,Mid-Market,REG-01,2023-11-05,31.7,2037.16,140155.01,Churned
CUST-00974,Omni Digital 974,Government,REG-04,2024-04-27,3.5,3109.96,19136.11,Active
CUST-00975,Quantum Labs 975,Enterprise,REG-03,2023-01-09,11.5,10400.11,262299.0,Active
CUST-00976,Innovate X 976,Startup,REG-05,2025-01-18,12.0,1517.71,42275.67,Active
CUST-00977,Apex Global 977,Startup,REG-04,2023-08-26,14.9,2349.08,75974.17,Active
CUST-00978,Omni Digital 978,SMB,REG-04,2025-06-29,10.5,2231.76,78727.55,Active
CUST-00979,Innovate X 979,Enterprise,REG-02,2023-10-22,45.2,6427.02,641326.54,Active
CUST-00980,Omni Digital 980,SMB,REG-05,2025-05-23,17.2,2799.35,72303.38,Active
CUST-00981,Apex Global 981,Government,REG-03,2025-03-26,15.8,5847.44,145297.28,Active
CUST-00982,Quantum Labs 982,Government,REG-02,2023-06-27,8.4,3930.18,47277.94,Active
CUST-00983,Synergy Systems 983,SMB,REG-02,2023-08-03,12.0,3997.41,97147.11,Active
CUST-00984,Starlight Media 984,Mid-Market,REG-05,2023-02-02,33.0,3364.14,162320.66,Active
CUST-00985,Starlight Media 985,Mid-Market,REG-04,2023-09-22,39.8,6494.2,767539.67,Active
CUST-00986,Quantum Labs 986,SMB,REG-02,2025-05-23,14.4,2303.86,90895.05,Active
CUST-00987,Starlight Media 987,Government,REG-01,2025-09-25,5.9,3955.51,69988.24,Active
CUST-00988,Nexus Dynamic 988,Enterprise,REG-05,2023-04-18,15.0,2739.62,68725.63,Active
CUST-00989,Synergy Systems 989,Government,REG-05,2024-05-25,22.8,1271.29,77921.88,Active
CUST-00990,Quantum Labs 990,Enterprise,REG-02,2024-03-25,58.4,9576.8,679616.11,Active
CUST-00991,Vanguard Solutions 991,SMB,REG-03,2024-06-01,5.1,1431.05,20763.52,Active
CUST-00992,Quantum Labs 992,Mid-Market,REG-05,2024-03-07,32.3,1965.96,138830.69,Active
CUST-00993,Apex Global 993,Startup,REG-03,2025-08-24,2.5,1009.55,3086.4,Active
CUST-00994,TechCorp 994,Enterprise,REG-03,2023-11-19,27.7,9609.91,585193.02,Active
CUST-00995,Nexus Dynamic 995,Mid-Market,REG-05,2023-03-01,39.2,7860.33,936041.27,Active
CUST-00996,Horizon Inc 996,Government,REG-04,2025-06-26,21.4,3656.45,148666.79,Active
CUST-00997,Vanguard Solutions 997,Enterprise,REG-03,2025-07-10,34.5,11164.73,1082626.15,Active
CUST-00998,Omni Digital 998,Startup,REG-05,2025-03-18,13.1,2047.5,53485.62,Active
CUST-00999,Synergy Systems 999,Mid-Market,REG-03,2023-03-28,5.3,3341.45,50786.54,Active
CUST-01000,Synergy Systems 1000,Startup,REG-05,2023-10-18,5.8,2290.85,25486.73,Active
CUST-01001,Omni Digital 1001,Enterprise,REG-01,2025-06-30,49.0,7721.29,664023.17,Active
CUST-01002,TechCorp 1002,Startup,REG-01,2025-01-19,3.1,1805.43,14787.26,Active
CUST-01003,Innovate X 1003,Enterprise,REG-04,2023-11-02,36.9,1554.74,113572.6,Active
CUST-01004,Innovate X 1004,Startup,REG-05,2025-05-14,12.7,1726.18,40653.75,Active
CUST-01005,Horizon Inc 1005,Mid-Market,REG-04,2024-06-16,30.6,1736.59,126888.95,Active
CUST-01006,Synergy Systems 1006,Government,REG-01,2023-05-31,22.2,5099.3,157181.96,Churned
CUST-01007,Omni Digital 1007,Government,REG-02,2024-04-01,5.1,4303.32,46666.5,Active
CUST-01008,Omni Digital 1008,SMB,REG-05,2024-05-25,13.5,3987.79,149917.0,Active
CUST-01009,Starlight Media 1009,Mid-Market,REG-02,2024-06-01,8.6,5978.05,76992.73,Active
CUST-01010,Apex Global 1010,Enterprise,REG-02,2024-04-11,31.6,9338.21,994845.98,Active
CUST-01011,Horizon Inc 1011,Startup,REG-04,2023-04-23,4.2,2501.18,13579.22,Active
CUST-01012,Omni Digital 1012,SMB,REG-03,2023-11-07,7.3,597.92,6672.06,Active
CUST-01013,Starlight Media 1013,Enterprise,REG-03,2025-06-29,21.3,3422.31,211484.93,Churned
CUST-01014,Horizon Inc 1014,SMB,REG-01,2025-06-10,2.8,2184.12,11694.83,Active
CUST-01015,Quantum Labs 1015,Government,REG-04,2025-05-04,22.4,3929.98,259912.09,Active
CUST-01016,Omni Digital 1016,Government,REG-04,2023-06-02,26.4,2457.39,197192.18,Active
CUST-01017,Nexus Dynamic 1017,Government,REG-02,2025-07-10,13.7,3590.22,167408.67,Active
CUST-01018,Apex Global 1018,Enterprise,REG-02,2024-12-25,7.3,8116.15,176242.87,Active
CUST-01019,Starlight Media 1019,Startup,REG-01,2023-07-17,19.2,2396.42,135388.83,Active
CUST-01020,TechCorp 1020,Mid-Market,REG-04,2024-05-29,36.3,1841.98,224209.16,Active
CUST-01021,Starlight Media 1021,SMB,REG-02,2023-09-09,16.9,3436.21,147094.58,Churned
CUST-01022,Synergy Systems 1022,Startup,REG-03,2024-02-16,12.6,2220.16,93652.87,Active
CUST-01023,Starlight Media 1023,Government,REG-01,2025-05-30,17.3,2755.56,67185.76,Active
CUST-01024,Synergy Systems 1024,Mid-Market,REG-03,2023-05-28,10.6,6378.13,105111.99,Active
CUST-01025,Horizon Inc 1025,Enterprise,REG-05,2025-09-11,23.6,1785.3,56228.87,Active
CUST-01026,Vanguard Solutions 1026,Mid-Market,REG-04,2025-07-03,15.7,3628.59,176820.25,Churned
CUST-01027,Nexus Dynamic 1027,Mid-Market,REG-05,2024-08-23,12.5,4560.35,134539.95,Active
CUST-01028,TechCorp 1028,Enterprise,REG-03,2024-04-20,35.9,2187.31,99450.0,Active
CUST-01029,Synergy Systems 1029,SMB,REG-05,2025-09-13,12.6,855.28,31843.02,Active
CUST-01030,Synergy Systems 1030,SMB,REG-05,2024-02-21,10.0,3461.97,81390.72,Active
CUST-01031,Quantum Labs 1031,SMB,REG-05,2023-06-22,16.1,2381.37,83375.46,Active
CUST-01032,TechCorp 1032,Enterprise,REG-01,2025-04-12,31.1,10208.4,592189.42,Active
CUST-01033,Vanguard Solutions 1033,Enterprise,REG-04,2023-10-07,38.3,10314.62,819473.07,Active
CUST-01034,Omni Digital 1034,Startup,REG-05,2023-10-16,2.8,3087.14,21567.52,Active
CUST-01035,Horizon Inc 1035,Enterprise,REG-02,2025-01-12,36.0,4434.31,350161.89,Active
CUST-01036,Horizon Inc 1036,SMB,REG-03,2025-09-30,15.5,2084.51,57047.5,Active
CUST-01037,TechCorp 1037,Mid-Market,REG-04,2025-09-09,25.6,1111.12,79396.01,Active
CUST-01038,Quantum Labs 1038,Startup,REG-04,2023-01-05,18.2,2854.47,111709.7,Active
CUST-01039,Quantum Labs 1039,Government,REG-05,2023-03-25,24.3,4157.76,139254.89,Churned
CUST-01040,TechCorp 1040,Enterprise,REG-03,2025-09-22,49.9,10188.4,1028658.85,Active
CUST-01041,Nexus Dynamic 1041,Enterprise,REG-04,2024-01-15,56.6,6168.07,596807.48,Churned
CUST-01042,Quantum Labs 1042,SMB,REG-02,2023-04-03,16.7,2688.33,137350.01,Active
CUST-01043,Omni Digital 1043,SMB,REG-01,2023-10-15,10.9,2964.17,83806.26,Churned
CUST-01044,Innovate X 1044,Enterprise,REG-03,2024-08-05,33.0,3290.01,178671.11,Active
CUST-01045,Vanguard Solutions 1045,Startup,REG-02,2023-03-08,12.6,3110.91,58525.39,Active
CUST-01046,Innovate X 1046,Startup,REG-03,2023-07-16,17.3,580.91,34476.29,Active
CUST-01047,TechCorp 1047,SMB,REG-05,2025-06-23,10.2,3782.62,103178.79,Active
CUST-01048,Horizon Inc 1048,SMB,REG-04,2025-05-14,19.9,1459.12,80268.44,Active
CUST-01049,Horizon Inc 1049,Startup,REG-01,2025-06-24,15.0,664.38,33009.39,Active
CUST-01050,Vanguard Solutions 1050,Enterprise,REG-04,2023-07-19,24.1,10741.03,791499.08,Active
CUST-01051,Apex Global 1051,Government,REG-01,2025-07-28,9.7,1613.53,29969.83,Active
CUST-01052,Nexus Dynamic 1052,Enterprise,REG-04,2024-03-18,49.6,7721.57,1011278.38,Active
CUST-01053,Vanguard Solutions 1053,Mid-Market,REG-01,2024-04-29,12.6,3385.61,56531.1,Active
CUST-01054,TechCorp 1054,Enterprise,REG-05,2024-09-26,29.7,2504.54,165643.82,Churned
CUST-01055,Quantum Labs 1055,Enterprise,REG-04,2023-11-17,54.1,8780.32,1425086.95,Churned
CUST-01056,Nexus Dynamic 1056,Enterprise,REG-03,2024-09-17,39.8,2190.8,240515.34,Active
CUST-01057,Innovate X 1057,Government,REG-04,2023-04-09,19.7,2908.32,182683.92,Active
CUST-01058,TechCorp 1058,Enterprise,REG-04,2024-01-29,31.1,5995.11,489702.6,Churned
CUST-01059,Innovate X 1059,Government,REG-05,2023-12-03,18.9,1317.03,30573.78,Active
CUST-01060,Quantum Labs 1060,Mid-Market,REG-05,2023-05-10,26.9,2794.0,162967.6,Active
CUST-01061,Horizon Inc 1061,Mid-Market,REG-02,2023-05-21,32.7,1423.44,89221.88,Active
CUST-01062,Nexus Dynamic 1062,SMB,REG-05,2025-06-25,11.7,1009.69,26933.36,Active
CUST-01063,Starlight Media 1063,SMB,REG-01,2024-06-14,12.6,2874.05,48229.62,Active
CUST-01064,Horizon Inc 1064,Enterprise,REG-04,2023-12-19,16.6,3603.9,196796.5,Active
CUST-01065,Innovate X 1065,Mid-Market,REG-04,2024-12-12,28.9,4271.82,344756.16,Active
CUST-01066,TechCorp 1066,SMB,REG-05,2023-11-03,9.5,1067.98,22776.28,Active
CUST-01067,Vanguard Solutions 1067,Government,REG-02,2025-07-31,3.1,1920.88,10299.48,Active
CUST-01068,Horizon Inc 1068,Government,REG-03,2025-04-06,23.0,1827.91,68266.1,Active
CUST-01069,Innovate X 1069,Enterprise,REG-01,2024-01-02,7.6,2709.49,38472.79,Active
CUST-01070,Synergy Systems 1070,SMB,REG-01,2025-09-25,2.5,1192.39,4771.16,Active
CUST-01071,TechCorp 1071,SMB,REG-05,2023-09-09,5.2,575.22,9388.09,Active
CUST-01072,Vanguard Solutions 1072,Mid-Market,REG-04,2024-11-01,32.3,1776.78,192432.23,Active
CUST-01073,Omni Digital 1073,SMB,REG-03,2024-11-07,5.1,2344.24,36318.23,Active
CUST-01074,Horizon Inc 1074,Enterprise,REG-01,2023-05-28,53.7,2873.34,252459.05,Active
CUST-01075,Vanguard Solutions 1075,SMB,REG-05,2024-03-15,19.6,1355.92,34714.91,Active
CUST-01076,Synergy Systems 1076,Startup,REG-03,2025-03-19,4.7,1365.1,16987.92,Active
CUST-01077,Innovate X 1077,Startup,REG-05,2025-06-26,10.8,3045.54,98831.07,Active
CUST-01078,Starlight Media 1078,Enterprise,REG-02,2024-06-04,27.0,10765.43,850959.47,Active
CUST-01079,Quantum Labs 1079,Government,REG-02,2023-11-26,22.2,3508.75,180059.04,Active
CUST-01080,Vanguard Solutions 1080,SMB,REG-05,2024-02-15,13.5,3267.19,118841.89,Active
CUST-01081,Horizon Inc 1081,Government,REG-02,2024-02-10,8.9,2981.37,54853.89,Active
CUST-01082,Innovate X 1082,SMB,REG-05,2023-03-28,4.4,794.1,7765.02,Active
CUST-01083,Quantum Labs 1083,Enterprise,REG-04,2024-06-08,39.5,5974.07,536931.53,Active
CUST-01084,Apex Global 1084,SMB,REG-03,2024-01-27,2.4,2045.91,8892.03,Churned
CUST-01085,Apex Global 1085,SMB,REG-05,2024-06-09,11.8,773.56,16756.99,Active
CUST-01086,Nexus Dynamic 1086,Enterprise,REG-03,2023-02-09,35.5,5004.46,489048.41,Active
CUST-01087,TechCorp 1087,Mid-Market,REG-05,2023-05-22,39.9,6266.68,725514.69,Active
CUST-01088,TechCorp 1088,SMB,REG-03,2025-04-22,8.2,3988.95,110406.44,Active
CUST-01089,Vanguard Solutions 1089,Government,REG-05,2025-02-18,28.7,5293.7,261839.4,Active
CUST-01090,Horizon Inc 1090,Government,REG-02,2024-06-12,18.8,3651.23,156375.77,Active
CUST-01091,Quantum Labs 1091,Enterprise,REG-03,2025-05-16,16.1,9586.38,432966.6,Active
CUST-01092,Quantum Labs 1092,Startup,REG-01,2024-01-19,4.5,3558.13,30467.09,Active
CUST-01093,Starlight Media 1093,SMB,REG-03,2023-08-19,9.5,2900.17,58622.9,Active
CUST-01094,Horizon Inc 1094,SMB,REG-03,2024-08-24,2.4,3248.75,25893.3,Active
CUST-01095,Omni Digital 1095,Startup,REG-05,2025-07-24,12.9,3534.31,157494.89,Active
CUST-01096,Nexus Dynamic 1096,Enterprise,REG-05,2024-01-31,16.2,2640.7,107371.2,Active
CUST-01097,TechCorp 1097,Enterprise,REG-02,2023-04-17,42.4,3365.18,442446.55,Active
CUST-01098,Starlight Media 1098,Mid-Market,REG-02,2023-03-13,36.8,3701.26,227948.48,Active
CUST-01099,Omni Digital 1099,Enterprise,REG-04,2023-02-28,25.9,1615.99,81681.53,Active
CUST-01100,Vanguard Solutions 1100,Mid-Market,REG-01,2023-05-13,23.3,4347.76,137584.9,Active
CUST-01101,Nexus Dynamic 1101,Mid-Market,REG-02,2023-11-14,19.6,5967.7,268087.49,Active
CUST-01102,Quantum Labs 1102,Startup,REG-02,2024-05-29,14.9,2106.35,52221.37,Active
CUST-01103,Quantum Labs 1103,Enterprise,REG-04,2024-09-11,49.6,7021.49,1147081.96,Active
CUST-01104,Nexus Dynamic 1104,Government,REG-05,2023-02-10,22.9,2261.54,167087.0,Active
CUST-01105,Omni Digital 1105,Government,REG-05,2025-04-23,24.9,1669.41,73701.03,Active
CUST-01106,TechCorp 1106,Government,REG-04,2025-07-21,20.8,4417.24,130442.66,Active
CUST-01107,Vanguard Solutions 1107,Mid-Market,REG-02,2023-10-08,35.8,4764.16,466185.12,Churned
CUST-01108,Horizon Inc 1108,Government,REG-04,2025-02-19,17.9,5975.41,147179.67,Churned
CUST-01109,Quantum Labs 1109,Government,REG-04,2023-06-18,9.8,3406.84,75554.36,Churned
CUST-01110,Synergy Systems 1110,Government,REG-03,2025-02-02,13.8,1770.62,31444.38,Active
CUST-01111,Quantum Labs 1111,SMB,REG-04,2024-05-11,10.3,788.92,22030.48,Active
CUST-01112,Synergy Systems 1112,Mid-Market,REG-04,2025-04-20,14.0,2129.57,93274.24,Active
CUST-01113,Nexus Dynamic 1113,SMB,REG-01,2024-07-01,15.3,1089.59,45747.84,Churned
CUST-01114,Quantum Labs 1114,Mid-Market,REG-04,2024-01-02,10.4,6000.89,203028.65,Active
CUST-01115,Quantum Labs 1115,Enterprise,REG-05,2024-10-18,41.8,8430.42,506183.89,Active
CUST-01116,Vanguard Solutions 1116,Enterprise,REG-05,2023-01-05,8.6,5462.65,78172.59,Active
CUST-01117,Apex Global 1117,Mid-Market,REG-01,2023-01-17,19.2,7925.03,300573.17,Active
CUST-01118,Starlight Media 1118,Mid-Market,REG-01,2025-03-27,34.1,5648.76,551907.7,Churned
CUST-01119,Omni Digital 1119,Enterprise,REG-03,2023-11-27,36.4,3490.25,212975.16,Active
CUST-01120,TechCorp 1120,Enterprise,REG-02,2023-08-07,11.7,4895.36,70706.15,Active
CUST-01121,TechCorp 1121,Government,REG-02,2024-04-14,8.9,4204.3,68866.55,Active
CUST-01122,Starlight Media 1122,Enterprise,REG-02,2024-02-25,22.3,7788.13,601113.78,Churned
CUST-01123,Synergy Systems 1123,Startup,REG-02,2023-09-15,19.3,2599.54,173454.44,Active
CUST-01124,Apex Global 1124,SMB,REG-02,2024-10-12,15.7,2906.69,157415.74,Active
CUST-01125,Starlight Media 1125,SMB,REG-01,2024-09-15,18.4,2071.19,90524.73,Active
CUST-01126,Omni Digital 1126,Startup,REG-01,2023-08-27,2.4,3156.29,11251.51,Active
CUST-01127,Vanguard Solutions 1127,Mid-Market,REG-05,2023-03-23,6.2,3621.67,42263.9,Active
CUST-01128,Synergy Systems 1128,Enterprise,REG-02,2025-08-03,45.2,11879.79,1192371.86,Active
CUST-01129,Nexus Dynamic 1129,SMB,REG-03,2024-10-21,16.2,638.63,31255.65,Active
CUST-01130,Vanguard Solutions 1130,Enterprise,REG-02,2025-05-17,45.6,5098.65,389058.26,Churned
CUST-01131,Quantum Labs 1131,Mid-Market,REG-05,2025-06-12,17.7,3251.46,127614.97,Churned
CUST-01132,Innovate X 1132,Enterprise,REG-02,2023-02-23,40.3,2986.09,200931.47,Churned
CUST-01133,Vanguard Solutions 1133,Startup,REG-02,2023-08-30,11.1,1991.84,50282.82,Active
CUST-01134,Vanguard Solutions 1134,Mid-Market,REG-04,2023-06-30,25.8,3121.7,203425.18,Active
CUST-01135,Omni Digital 1135,SMB,REG-04,2023-03-23,19.1,1758.54,69485.42,Active
CUST-01136,Omni Digital 1136,Startup,REG-05,2025-01-22,9.8,1045.57,34773.25,Active
CUST-01137,Synergy Systems 1137,Government,REG-01,2025-02-16,27.5,2326.22,155804.99,Active
CUST-01138,Horizon Inc 1138,SMB,REG-04,2024-04-19,7.5,1491.29,27882.58,Active
CUST-01139,Horizon Inc 1139,Mid-Market,REG-04,2023-07-20,9.6,2327.38,27470.95,Active
CUST-01140,Nexus Dynamic 1140,Government,REG-04,2025-08-05,14.2,2821.91,116488.6,Active
CUST-01141,Synergy Systems 1141,Startup,REG-01,2024-02-23,17.9,3973.65,105717.92,Active
CUST-01142,Quantum Labs 1142,Mid-Market,REG-04,2025-09-07,13.2,7391.6,279161.27,Active
CUST-01143,Horizon Inc 1143,SMB,REG-01,2024-10-28,8.9,1984.14,31214.15,Active
CUST-01144,Innovate X 1144,Enterprise,REG-02,2023-09-25,38.7,11414.78,679832.01,Active
CUST-01145,Innovate X 1145,Mid-Market,REG-01,2023-04-30,31.8,5510.78,579848.75,Active
CUST-01146,Nexus Dynamic 1146,Enterprise,REG-05,2025-07-20,16.2,5940.92,299163.75,Active
CUST-01147,Apex Global 1147,Startup,REG-05,2024-11-05,18.0,2551.28,132627.89,Active
CUST-01148,Omni Digital 1148,Enterprise,REG-05,2025-03-06,49.1,10049.39,897416.35,Active
CUST-01149,Starlight Media 1149,SMB,REG-01,2023-06-22,16.7,505.53,11486.96,Active
CUST-01150,Quantum Labs 1150,Government,REG-03,2025-01-20,14.6,1676.11,39856.74,Churned
CUST-01151,Synergy Systems 1151,Mid-Market,REG-05,2025-08-29,8.0,4969.64,67146.55,Active
CUST-01152,Synergy Systems 1152,Mid-Market,REG-03,2025-07-12,35.4,4085.11,477198.58,Churned
CUST-01153,Quantum Labs 1153,Enterprise,REG-03,2023-03-29,26.4,4406.0,231118.78,Active
CUST-01154,TechCorp 1154,Government,REG-01,2023-01-10,4.6,4696.94,26286.23,Active
CUST-01155,Nexus Dynamic 1155,Enterprise,REG-02,2024-06-18,48.8,5444.49,636641.2,Active
CUST-01156,Horizon Inc 1156,Government,REG-04,2025-02-14,12.1,3004.63,74631.85,Active
CUST-01157,Apex Global 1157,Mid-Market,REG-03,2024-11-12,18.3,5275.66,332422.45,Active
CUST-01158,Innovate X 1158,Enterprise,REG-04,2025-06-10,43.7,9114.81,1291476.7,Churned
CUST-01159,Quantum Labs 1159,Enterprise,REG-05,2023-10-14,57.4,9390.12,954899.51,Active
CUST-01160,TechCorp 1160,Startup,REG-04,2024-11-07,5.4,3951.63,72602.25,Active
CUST-01161,Omni Digital 1161,SMB,REG-01,2025-09-19,16.5,1639.34,60100.53,Active
CUST-01162,Apex Global 1162,Startup,REG-01,2023-12-23,9.7,3760.19,121857.01,Active
CUST-01163,Starlight Media 1163,Government,REG-03,2024-09-13,8.3,1501.6,29863.58,Active
CUST-01164,Quantum Labs 1164,Enterprise,REG-02,2024-05-24,49.0,4664.16,628048.29,Active
CUST-01165,Apex Global 1165,Mid-Market,REG-04,2025-09-04,8.2,5638.49,81100.68,Active
CUST-01166,Nexus Dynamic 1166,Enterprise,REG-04,2025-01-02,7.6,11254.54,166873.7,Active
CUST-01167,Starlight Media 1167,Mid-Market,REG-03,2024-11-12,21.1,7282.58,227900.7,Churned
CUST-01168,Innovate X 1168,Government,REG-01,2025-03-25,21.7,5327.69,386498.0,Active
CUST-01169,Starlight Media 1169,Enterprise,REG-03,2024-01-22,55.1,9301.16,1469609.41,Active
CUST-01170,Innovate X 1170,Government,REG-02,2023-08-17,10.0,2277.63,33166.39,Active
CUST-01171,TechCorp 1171,Mid-Market,REG-01,2024-08-09,17.2,6973.31,407122.44,Active
CUST-01172,Horizon Inc 1172,SMB,REG-01,2024-08-27,11.6,3464.92,138812.96,Active
CUST-01173,Quantum Labs 1173,Mid-Market,REG-05,2024-11-10,25.7,2554.99,138498.13,Active
CUST-01174,Innovate X 1174,SMB,REG-02,2025-04-15,19.0,3430.26,153136.03,Active
CUST-01175,Nexus Dynamic 1175,SMB,REG-02,2025-02-03,14.0,3304.52,130315.5,Active
CUST-01176,Quantum Labs 1176,Startup,REG-01,2023-10-08,19.9,2972.83,136069.41,Active
CUST-01177,Vanguard Solutions 1177,SMB,REG-04,2023-03-02,19.7,1666.01,101878.94,Active
CUST-01178,Synergy Systems 1178,Enterprise,REG-02,2025-05-27,32.3,5613.98,628149.9,Active
CUST-01179,Omni Digital 1179,Enterprise,REG-05,2024-02-06,24.2,8617.94,725293.53,Active
CUST-01180,Omni Digital 1180,Enterprise,REG-05,2025-01-14,21.3,8811.95,309454.23,Active
CUST-01181,Nexus Dynamic 1181,Enterprise,REG-02,2023-11-28,46.6,7594.03,1079928.74,Active
CUST-01182,Vanguard Solutions 1182,Government,REG-02,2024-08-14,6.7,4403.77,55159.72,Churned
CUST-01183,Synergy Systems 1183,Mid-Market,REG-01,2024-01-06,30.1,5029.77,417873.0,Active
CUST-01184,Synergy Systems 1184,Government,REG-04,2024-11-26,25.7,5611.42,204914.36,Active
CUST-01185,Omni Digital 1185,Enterprise,REG-01,2025-09-30,33.8,5054.1,375445.23,Churned
CUST-01186,Omni Digital 1186,Mid-Market,REG-01,2023-05-02,12.7,4420.38,156198.62,Active
CUST-01187,TechCorp 1187,Enterprise,REG-04,2025-06-04,50.2,5512.06,734477.74,Active
CUST-01188,Innovate X 1188,Enterprise,REG-01,2023-03-26,12.6,8234.8,341313.57,Active
CUST-01189,Quantum Labs 1189,Startup,REG-05,2024-05-06,6.9,3108.76,64930.29,Active
CUST-01190,Starlight Media 1190,Government,REG-03,2024-08-08,6.4,2457.45,44692.83,Active
CUST-01191,Starlight Media 1191,Mid-Market,REG-04,2025-04-12,29.2,3756.58,337869.83,Active
CUST-01192,Vanguard Solutions 1192,Government,REG-01,2024-06-15,25.6,3579.65,282550.97,Active
CUST-01193,Apex Global 1193,Enterprise,REG-02,2025-06-01,38.4,3389.34,322234.81,Active
CUST-01194,TechCorp 1194,Enterprise,REG-02,2024-08-11,17.1,3192.71,136146.66,Active
CUST-01195,TechCorp 1195,Enterprise,REG-01,2024-06-02,22.1,11645.9,410431.69,Active
CUST-01196,Quantum Labs 1196,Mid-Market,REG-03,2023-02-17,38.1,4636.1,529984.69,Active
CUST-01197,Starlight Media 1197,Mid-Market,REG-05,2024-05-17,29.0,4658.66,468509.8,Active
CUST-01198,Nexus Dynamic 1198,Startup,REG-02,2024-12-05,3.8,3369.17,22345.2,Active
CUST-01199,Omni Digital 1199,Mid-Market,REG-02,2024-09-08,23.9,5142.48,225901.14,Active
CUST-01200,Nexus Dynamic 1200,Enterprise,REG-05,2023-09-19,20.1,8322.57,263577.91,Active
CUST-01201,Vanguard Solutions 1201,Government,REG-02,2024-07-02,8.5,4055.23,62721.28,Active
CUST-01202,Horizon Inc 1202,SMB,REG-05,2024-11-04,13.7,2290.0,49484.6,Active
CUST-01203,Starlight Media 1203,Government,REG-04,2023-01-27,29.0,2049.36,108241.77,Active
CUST-01204,Vanguard Solutions 1204,Government,REG-01,2023-12-04,20.3,2654.8,106011.27,Active
CUST-01205,Apex Global 1205,SMB,REG-01,2023-04-11,8.8,3890.71,70902.43,Churned
CUST-01206,Horizon Inc 1206,Mid-Market,REG-05,2025-01-15,35.5,5121.79,555586.53,Churned
CUST-01207,Omni Digital 1207,Startup,REG-03,2024-07-18,6.9,846.73,7655.44,Active
CUST-01208,Omni Digital 1208,Mid-Market,REG-03,2025-04-05,30.7,7776.0,578395.02,Active
CUST-01209,Synergy Systems 1209,Government,REG-05,2023-05-11,10.0,4354.96,123698.81,Active
CUST-01210,Vanguard Solutions 1210,Government,REG-05,2025-01-23,10.2,5571.82,151751.19,Active
CUST-01211,Nexus Dynamic 1211,Startup,REG-04,2024-12-24,10.2,2036.36,41836.76,Active
CUST-01212,Apex Global 1212,SMB,REG-04,2024-06-17,19.0,3584.86,209258.37,Active
CUST-01213,Apex Global 1213,SMB,REG-04,2025-02-28,7.6,815.49,8570.16,Active
CUST-01214,TechCorp 1214,Mid-Market,REG-05,2023-02-28,7.0,3000.96,70121.58,Active
CUST-01215,Starlight Media 1215,Government,REG-05,2025-08-12,22.7,3268.19,176903.04,Active
CUST-01216,Starlight Media 1216,Enterprise,REG-04,2023-01-15,39.3,11064.31,1267786.94,Active
CUST-01217,Innovate X 1217,SMB,REG-02,2025-01-26,13.9,3721.61,180957.33,Active
CUST-01218,Vanguard Solutions 1218,Enterprise,REG-05,2024-04-04,58.1,8582.48,1609836.21,Active
CUST-01219,Omni Digital 1219,Mid-Market,REG-01,2024-01-11,34.2,4595.79,532938.66,Active
CUST-01220,Apex Global 1220,Mid-Market,REG-03,2025-09-20,8.1,7398.32,106336.99,Active
CUST-01221,Vanguard Solutions 1221,SMB,REG-03,2024-05-09,7.3,1245.73,26349.0,Active
CUST-01222,TechCorp 1222,SMB,REG-05,2025-04-25,18.1,3773.95,222189.5,Active
CUST-01223,Synergy Systems 1223,SMB,REG-01,2024-09-22,10.3,1544.23,23007.04,Active
CUST-01224,Synergy Systems 1224,Government,REG-03,2023-01-10,5.7,3333.24,26502.56,Active
CUST-01225,Omni Digital 1225,Government,REG-01,2025-07-24,16.2,1567.06,68803.59,Active
CUST-01226,Quantum Labs 1226,SMB,REG-03,2024-01-09,9.7,1137.64,33839.72,Churned
CUST-01227,Vanguard Solutions 1227,Government,REG-02,2023-05-24,12.6,3028.29,77314.31,Active
CUST-01228,Synergy Systems 1228,Enterprise,REG-02,2023-10-19,8.2,5642.73,134694.26,Active
CUST-01229,Synergy Systems 1229,Mid-Market,REG-04,2025-09-09,27.9,2860.6,173071.13,Active
CUST-01230,Apex Global 1230,SMB,REG-04,2024-05-28,15.1,3096.63,144905.11,Churned
CUST-01231,Horizon Inc 1231,Enterprise,REG-02,2023-06-09,24.6,1643.31,112148.48,Churned
CUST-01232,Omni Digital 1232,Government,REG-05,2025-01-25,3.2,3271.01,19355.1,Churned
CUST-01233,Nexus Dynamic 1233,Mid-Market,REG-05,2023-06-06,30.3,2308.02,129139.64,Churned
CUST-01234,Innovate X 1234,Mid-Market,REG-04,2023-07-23,21.1,6479.02,196455.15,Active
CUST-01235,TechCorp 1235,Mid-Market,REG-02,2025-05-25,25.3,5441.34,237829.36,Churned
CUST-01236,Omni Digital 1236,SMB,REG-02,2025-08-09,4.6,561.81,4287.86,Active
CUST-01237,TechCorp 1237,Government,REG-05,2023-11-10,21.9,5895.65,220796.92,Active
CUST-01238,Omni Digital 1238,Startup,REG-04,2024-10-21,2.9,885.19,5227.09,Active
CUST-01239,Vanguard Solutions 1239,Mid-Market,REG-03,2025-07-05,5.7,1286.22,9676.79,Active
CUST-01240,Horizon Inc 1240,SMB,REG-04,2023-10-14,18.4,852.67,25496.9,Active
CUST-01241,Horizon Inc 1241,SMB,REG-03,2023-04-25,3.7,547.82,5004.64,Active
CUST-01242,Vanguard Solutions 1242,SMB,REG-03,2025-01-30,16.0,2351.02,77288.83,Active
CUST-01243,Innovate X 1243,Startup,REG-04,2023-03-31,18.0,956.7,50076.66,Churned
CUST-01244,Nexus Dynamic 1244,Mid-Market,REG-02,2024-12-22,20.0,1690.46,113807.9,Active
CUST-01245,Nexus Dynamic 1245,Government,REG-02,2024-06-30,22.5,980.01,36182.78,Active
CUST-01246,Quantum Labs 1246,Startup,REG-03,2025-07-05,8.6,2704.53,34192.68,Active
CUST-01247,Synergy Systems 1247,Government,REG-05,2025-08-11,28.7,4902.15,222848.74,Active
CUST-01248,Omni Digital 1248,SMB,REG-01,2025-09-05,12.2,3280.37,111887.26,Active
CUST-01249,Starlight Media 1249,Government,REG-05,2025-06-10,16.9,1143.67,42653.34,Active
CUST-01250,TechCorp 1250,Government,REG-04,2024-09-13,10.3,1716.35,27719.86,Active
CUST-01251,Nexus Dynamic 1251,Startup,REG-04,2024-05-30,14.7,2337.76,65219.52,Active
CUST-01252,Nexus Dynamic 1252,Startup,REG-01,2023-06-25,6.0,2367.48,26580.73,Active
CUST-01253,Starlight Media 1253,Mid-Market,REG-03,2025-06-13,32.5,5496.89,316694.27,Active
CUST-01254,Starlight Media 1254,Enterprise,REG-01,2024-10-26,24.8,7854.18,399102.65,Churned
CUST-01255,TechCorp 1255,SMB,REG-02,2024-02-23,18.2,1532.13,96651.41,Active
CUST-01256,Innovate X 1256,SMB,REG-02,2025-01-18,19.4,1118.57,74533.68,Active
CUST-01257,Quantum Labs 1257,Enterprise,REG-04,2025-08-26,41.3,10635.27,1167887.54,Active
CUST-01258,Quantum Labs 1258,Mid-Market,REG-03,2023-10-03,11.3,5408.6,193980.37,Active
CUST-01259,Synergy Systems 1259,Mid-Market,REG-04,2024-01-13,9.3,4353.05,94759.85,Active
CUST-01260,Synergy Systems 1260,Mid-Market,REG-05,2024-05-17,38.0,2262.85,158966.72,Active
CUST-01261,Omni Digital 1261,Government,REG-05,2023-07-12,4.9,1128.26,9752.69,Active
CUST-01262,TechCorp 1262,Enterprise,REG-05,2023-05-21,45.2,9983.92,1167703.25,Active
CUST-01263,Nexus Dynamic 1263,Enterprise,REG-01,2025-02-20,50.8,11314.12,864441.76,Active
CUST-01264,Horizon Inc 1264,Mid-Market,REG-05,2023-01-14,32.5,1065.77,104633.71,Active
CUST-01265,Horizon Inc 1265,Enterprise,REG-02,2023-05-23,31.9,7409.94,525218.13,Active
CUST-01266,TechCorp 1266,Government,REG-02,2023-09-07,4.5,4383.22,52136.12,Churned
CUST-01267,Vanguard Solutions 1267,Enterprise,REG-05,2023-10-31,11.5,10807.8,267863.54,Churned
CUST-01268,Omni Digital 1268,Enterprise,REG-02,2024-03-13,26.8,5209.75,259660.19,Active
CUST-01269,Apex Global 1269,Enterprise,REG-04,2023-06-23,59.5,3857.49,780341.06,Active
CUST-01270,Synergy Systems 1270,Startup,REG-03,2023-05-02,8.5,3736.46,44306.66,Churned
CUST-01271,Nexus Dynamic 1271,Mid-Market,REG-04,2024-06-27,16.1,2269.56,79586.22,Active
CUST-01272,Nexus Dynamic 1272,Startup,REG-03,2023-12-23,17.8,1448.83,60560.12,Active
CUST-01273,Omni Digital 1273,Enterprise,REG-01,2025-06-01,56.4,3060.75,467552.2,Active
CUST-01274,Apex Global 1274,Government,REG-04,2025-04-14,4.8,3783.68,61877.63,Active
CUST-01275,Omni Digital 1275,SMB,REG-02,2023-07-06,15.8,1734.13,64023.15,Active
CUST-01276,Quantum Labs 1276,Startup,REG-03,2023-05-22,16.4,2788.84,80752.69,Active
CUST-01277,Omni Digital 1277,Startup,REG-05,2024-05-19,11.6,3374.91,81611.58,Active
CUST-01278,TechCorp 1278,Startup,REG-05,2025-03-06,14.5,3118.99,127405.01,Active
CUST-01279,Horizon Inc 1279,Mid-Market,REG-01,2024-01-07,24.1,7703.31,616000.69,Churned
CUST-01280,Omni Digital 1280,SMB,REG-02,2023-10-29,10.3,3423.38,87039.59,Active
CUST-01281,Synergy Systems 1281,Mid-Market,REG-02,2025-04-27,12.1,6228.97,110767.73,Active
CUST-01282,Apex Global 1282,Government,REG-01,2024-12-13,29.1,2701.34,221144.71,Active
CUST-01283,TechCorp 1283,Government,REG-05,2025-06-10,7.3,1521.16,16933.63,Active
CUST-01284,Nexus Dynamic 1284,Startup,REG-04,2023-06-03,15.8,2144.18,51571.14,Active
CUST-01285,Synergy Systems 1285,Government,REG-04,2025-01-09,12.1,4852.33,164342.23,Active
CUST-01286,Quantum Labs 1286,Enterprise,REG-01,2024-09-10,46.6,6784.6,387297.44,Active
CUST-01287,Nexus Dynamic 1287,Startup,REG-03,2025-07-30,12.3,1571.12,33293.19,Active
CUST-01288,Vanguard Solutions 1288,Enterprise,REG-05,2024-01-22,58.8,2813.9,279174.11,Active
CUST-01289,Quantum Labs 1289,Government,REG-02,2025-04-22,23.1,3686.3,267036.35,Active
CUST-01290,Omni Digital 1290,Government,REG-03,2024-10-30,20.3,5093.08,163261.99,Active
CUST-01291,Vanguard Solutions 1291,Mid-Market,REG-03,2023-04-22,7.8,3538.91,82568.51,Active
CUST-01292,Vanguard Solutions 1292,SMB,REG-02,2024-07-08,3.9,1241.68,5933.32,Active
CUST-01293,TechCorp 1293,Startup,REG-02,2024-10-15,18.7,1341.17,35001.24,Active
CUST-01294,Nexus Dynamic 1294,Startup,REG-04,2023-02-16,2.9,826.24,4576.04,Active
CUST-01295,Apex Global 1295,Government,REG-05,2023-07-19,11.5,2800.87,65013.5,Churned
CUST-01296,Innovate X 1296,SMB,REG-04,2025-07-07,15.3,853.51,39923.55,Active
CUST-01297,Apex Global 1297,Government,REG-04,2024-08-23,26.5,946.39,39394.94,Active
CUST-01298,Starlight Media 1298,Enterprise,REG-02,2025-06-24,17.6,8655.33,232154.29,Active
CUST-01299,Nexus Dynamic 1299,Startup,REG-05,2024-10-29,11.4,3190.23,81073.09,Churned
CUST-01300,Vanguard Solutions 1300,SMB,REG-05,2025-05-26,18.9,640.05,34347.51,Active
CUST-01301,TechCorp 1301,Mid-Market,REG-05,2024-09-13,6.7,2066.81,36611.97,Active
CUST-01302,Quantum Labs 1302,Mid-Market,REG-03,2024-07-14,35.2,6581.68,754985.28,Active
CUST-01303,Apex Global 1303,SMB,REG-02,2025-08-14,7.3,738.57,13618.96,Active
CUST-01304,Synergy Systems 1304,Mid-Market,REG-04,2023-09-22,39.5,7849.39,916273.8,Active
CUST-01305,Synergy Systems 1305,Enterprise,REG-05,2024-05-14,8.1,10519.53,180825.44,Active
CUST-01306,Starlight Media 1306,Government,REG-03,2024-06-08,25.8,5748.24,305429.02,Active
CUST-01307,Vanguard Solutions 1307,Government,REG-03,2025-06-17,26.6,4333.42,302859.03,Active
CUST-01308,Apex Global 1308,Startup,REG-01,2023-06-08,17.4,1517.31,41288.12,Active
CUST-01309,Quantum Labs 1309,Mid-Market,REG-04,2025-06-14,20.6,1654.52,77420.42,Active
CUST-01310,Vanguard Solutions 1310,Enterprise,REG-01,2023-07-04,45.5,11133.33,1682676.54,Active
CUST-01311,Quantum Labs 1311,Government,REG-03,2023-03-08,11.6,5981.3,160863.18,Active
CUST-01312,Horizon Inc 1312,Enterprise,REG-03,2024-04-10,8.1,3135.28,57925.85,Active
CUST-01313,Quantum Labs 1313,Startup,REG-01,2024-09-07,15.9,718.4,34948.78,Active
CUST-01314,Synergy Systems 1314,Mid-Market,REG-01,2023-08-05,35.2,7668.52,748371.17,Active
CUST-01315,Omni Digital 1315,Enterprise,REG-02,2023-03-12,20.8,2357.95,157420.13,Active
CUST-01316,Omni Digital 1316,Startup,REG-02,2024-11-16,18.1,1144.27,27413.61,Active
CUST-01317,Synergy Systems 1317,SMB,REG-03,2023-06-18,5.6,3796.8,49067.31,Active
CUST-01318,Innovate X 1318,Government,REG-03,2025-07-23,21.7,2792.97,74113.36,Active
CUST-01319,Horizon Inc 1319,Mid-Market,REG-01,2025-01-10,28.0,5315.59,289425.25,Active
CUST-01320,Omni Digital 1320,Enterprise,REG-02,2025-07-07,30.8,3048.61,299334.2,Churned
CUST-01321,Quantum Labs 1321,SMB,REG-05,2025-01-09,2.1,2076.96,13585.45,Churned
CUST-01322,Synergy Systems 1322,Startup,REG-01,2023-02-07,5.9,3926.61,50189.1,Active
CUST-01323,TechCorp 1323,Startup,REG-04,2023-08-10,8.3,3833.32,109290.26,Active
CUST-01324,Quantum Labs 1324,SMB,REG-03,2023-01-17,7.4,1574.38,35927.76,Churned
CUST-01325,Horizon Inc 1325,Government,REG-04,2024-02-25,12.5,5097.98,138885.11,Active
CUST-01326,Omni Digital 1326,Enterprise,REG-02,2024-04-14,29.1,3357.4,250919.01,Active
CUST-01327,Apex Global 1327,SMB,REG-04,2024-10-11,7.1,2671.32,63116.52,Active
CUST-01328,Innovate X 1328,Enterprise,REG-01,2024-10-27,6.9,11291.22,112069.05,Active
CUST-01329,Omni Digital 1329,Startup,REG-01,2024-10-10,10.0,2534.32,32314.14,Active
CUST-01330,Apex Global 1330,Mid-Market,REG-02,2025-03-06,20.4,3667.56,123434.25,Active
CUST-01331,Horizon Inc 1331,SMB,REG-04,2024-02-27,18.3,2757.01,151595.01,Active
CUST-01332,Omni Digital 1332,Mid-Market,REG-05,2023-10-18,13.6,5610.77,145517.39,Active
CUST-01333,Starlight Media 1333,Mid-Market,REG-01,2025-07-10,36.7,1228.72,56835.05,Active
CUST-01334,Omni Digital 1334,Startup,REG-03,2023-12-10,5.1,2502.66,27940.02,Active
CUST-01335,Omni Digital 1335,Mid-Market,REG-05,2024-10-21,18.2,1361.07,82822.5,Active
CUST-01336,Synergy Systems 1336,Mid-Market,REG-04,2025-07-14,15.5,2109.11,56595.99,Active
CUST-01337,Starlight Media 1337,Startup,REG-01,2024-10-08,12.4,1872.04,68548.75,Active
CUST-01338,Synergy Systems 1338,Mid-Market,REG-03,2023-07-28,7.4,1179.48,10705.41,Active
CUST-01339,Synergy Systems 1339,Enterprise,REG-05,2024-12-25,35.4,11710.2,1042622.97,Churned
CUST-01340,Vanguard Solutions 1340,Government,REG-03,2023-07-11,9.5,5464.02,97739.06,Active
CUST-01341,Innovate X 1341,Government,REG-03,2024-11-06,4.4,1185.56,7984.68,Churned
CUST-01342,Synergy Systems 1342,Enterprise,REG-01,2024-04-15,56.1,2788.19,238727.67,Active
CUST-01343,TechCorp 1343,Enterprise,REG-01,2024-05-21,51.6,11083.55,959859.49,Churned
CUST-01344,Horizon Inc 1344,Government,REG-01,2024-05-13,28.9,1150.64,92473.77,Active
CUST-01345,TechCorp 1345,Government,REG-02,2023-07-04,11.1,5494.1,165709.11,Active
CUST-01346,Nexus Dynamic 1346,Enterprise,REG-03,2023-12-22,32.1,7947.05,626758.59,Active
CUST-01347,Horizon Inc 1347,Enterprise,REG-02,2024-09-12,7.6,1741.9,31467.94,Active
CUST-01348,Nexus Dynamic 1348,Enterprise,REG-02,2023-01-31,23.7,3807.49,259325.55,Active
CUST-01349,Quantum Labs 1349,SMB,REG-04,2023-07-24,19.2,1719.94,81515.03,Active
CUST-01350,Nexus Dynamic 1350,Government,REG-05,2025-08-27,13.8,1763.53,38885.37,Active
CUST-01351,Quantum Labs 1351,Government,REG-01,2024-08-20,24.4,3834.79,147932.6,Active
CUST-01352,Omni Digital 1352,Government,REG-04,2024-03-09,19.1,2176.29,80354.35,Churned
CUST-01353,TechCorp 1353,Government,REG-02,2024-08-03,12.5,5463.95,210668.46,Active
CUST-01354,Starlight Media 1354,Startup,REG-03,2024-08-23,9.4,2613.59,79051.14,Active
CUST-01355,Vanguard Solutions 1355,SMB,REG-04,2023-01-31,4.1,3331.64,29881.87,Active
CUST-01356,TechCorp 1356,Enterprise,REG-02,2024-11-03,26.1,3022.92,151740.33,Churned
CUST-01357,Nexus Dynamic 1357,SMB,REG-02,2024-04-21,12.2,1625.46,34407.94,Churned
CUST-01358,Apex Global 1358,Startup,REG-02,2024-06-23,5.9,2463.36,41383.77,Active
CUST-01359,Quantum Labs 1359,Startup,REG-04,2024-11-29,15.6,1612.24,48699.25,Active
CUST-01360,Omni Digital 1360,Government,REG-01,2023-10-09,14.4,1401.49,32161.6,Active
CUST-01361,Quantum Labs 1361,Mid-Market,REG-05,2023-01-22,14.3,5505.67,249501.71,Active
CUST-01362,Horizon Inc 1362,SMB,REG-02,2025-05-11,19.4,629.53,29640.35,Active
CUST-01363,Horizon Inc 1363,Enterprise,REG-01,2024-04-26,11.1,9926.39,315506.99,Active
CUST-01364,Quantum Labs 1364,Government,REG-01,2024-07-23,23.9,3342.55,104513.48,Active
CUST-01365,TechCorp 1365,Government,REG-01,2025-05-13,13.1,3994.38,66316.51,Churned
CUST-01366,Horizon Inc 1366,Mid-Market,REG-01,2023-11-27,35.0,6069.77,365524.41,Churned
CUST-01367,TechCorp 1367,Startup,REG-01,2025-08-14,14.4,683.72,31817.28,Churned
CUST-01368,Synergy Systems 1368,SMB,REG-01,2023-09-28,7.9,2644.63,64113.4,Active
CUST-01369,Omni Digital 1369,Mid-Market,REG-05,2024-04-16,8.3,3235.33,41364.82,Active
CUST-01370,Horizon Inc 1370,Government,REG-01,2024-06-18,17.2,3783.89,177085.3,Active
CUST-01371,Vanguard Solutions 1371,Government,REG-02,2023-04-05,10.1,2305.23,32373.06,Active
CUST-01372,Omni Digital 1372,Mid-Market,REG-01,2023-03-18,39.0,1421.87,68217.9,Active
CUST-01373,Horizon Inc 1373,Mid-Market,REG-04,2023-04-18,16.3,6697.97,322255.94,Active
CUST-01374,Horizon Inc 1374,SMB,REG-04,2024-11-02,4.8,2265.79,35917.17,Active
CUST-01375,Omni Digital 1375,Government,REG-04,2025-06-07,19.8,1815.86,76239.48,Churned
CUST-01376,Apex Global 1376,Mid-Market,REG-03,2025-09-01,35.3,5538.68,300852.53,Active
CUST-01377,Horizon Inc 1377,Mid-Market,REG-01,2025-07-04,20.6,2867.3,135578.19,Active
CUST-01378,Omni Digital 1378,SMB,REG-01,2025-08-07,11.9,1740.49,34956.43,Active
CUST-01379,Omni Digital 1379,Startup,REG-03,2023-02-24,9.9,1794.23,23322.82,Active
CUST-01380,Omni Digital 1380,Mid-Market,REG-03,2023-07-13,18.5,5158.34,230747.48,Active
CUST-01381,Innovate X 1381,Enterprise,REG-01,2024-10-23,19.4,2666.37,75777.39,Active
CUST-01382,Omni Digital 1382,SMB,REG-02,2023-03-09,11.6,1464.11,54856.95,Active
CUST-01383,Synergy Systems 1383,Government,REG-04,2023-04-14,8.9,5076.36,126090.52,Active
CUST-01384,Starlight Media 1384,Mid-Market,REG-03,2024-10-14,14.4,5174.19,215174.8,Churned
CUST-01385,Apex Global 1385,Startup,REG-04,2025-01-26,7.5,3673.34,48180.21,Active
CUST-01386,Horizon Inc 1386,Mid-Market,REG-02,2023-12-07,36.4,1992.84,89171.94,Active
CUST-01387,Innovate X 1387,Enterprise,REG-02,2025-09-24,20.2,2308.26,128791.14,Active
CUST-01388,TechCorp 1388,SMB,REG-04,2024-08-20,2.0,3556.26,16265.67,Churned
CUST-01389,Apex Global 1389,Startup,REG-03,2025-05-05,6.1,2261.01,40500.44,Active
CUST-01390,Nexus Dynamic 1390,SMB,REG-03,2024-04-08,10.8,1727.73,45811.73,Active
CUST-01391,Innovate X 1391,SMB,REG-04,2023-01-14,16.9,1553.97,51673.28,Active
CUST-01392,Vanguard Solutions 1392,Government,REG-01,2023-10-04,21.5,4573.13,122674.05,Active
CUST-01393,Vanguard Solutions 1393,Mid-Market,REG-03,2024-05-24,5.1,5043.09,72024.43,Active
CUST-01394,Starlight Media 1394,Enterprise,REG-02,2025-07-31,57.6,8206.7,1616910.47,Active
CUST-01395,Omni Digital 1395,Government,REG-05,2023-06-29,10.2,4315.1,142710.54,Active
CUST-01396,Omni Digital 1396,SMB,REG-03,2023-07-15,2.7,2320.27,12463.87,Active
CUST-01397,Synergy Systems 1397,Government,REG-05,2025-09-18,24.4,2571.74,91203.92,Churned
CUST-01398,Nexus Dynamic 1398,Government,REG-02,2024-06-19,29.1,4024.92,319510.06,Active
CUST-01399,Quantum Labs 1399,Enterprise,REG-03,2023-01-16,30.5,3781.92,357417.02,Churned
CUST-01400,Nexus Dynamic 1400,SMB,REG-01,2024-03-16,8.3,3419.39,37314.54,Churned
CUST-01401,Omni Digital 1401,Startup,REG-05,2023-06-08,19.2,2996.19,87905.73,Active
CUST-01402,Omni Digital 1402,Startup,REG-01,2023-10-25,5.9,2156.12,25641.35,Active
CUST-01403,Synergy Systems 1403,Government,REG-04,2025-09-17,27.4,5438.43,494193.58,Active
CUST-01404,Nexus Dynamic 1404,Startup,REG-04,2024-11-26,17.8,3315.33,89705.8,Active
CUST-01405,Quantum Labs 1405,Mid-Market,REG-04,2024-07-21,11.2,3134.97,66145.76,Active
CUST-01406,Horizon Inc 1406,Startup,REG-02,2024-01-20,16.1,3418.48,78202.67,Active
CUST-01407,Starlight Media 1407,Startup,REG-03,2024-04-24,8.4,2132.93,61119.44,Active
CUST-01408,Starlight Media 1408,Enterprise,REG-04,2023-04-01,46.8,7959.69,706098.19,Active
CUST-01409,Omni Digital 1409,SMB,REG-02,2024-09-27,11.8,2479.51,54850.07,Active
CUST-01410,TechCorp 1410,Mid-Market,REG-04,2024-11-17,4.2,6652.37,89751.37,Active
CUST-01411,Nexus Dynamic 1411,Enterprise,REG-01,2023-10-04,50.8,8323.74,831743.12,Churned
CUST-01412,TechCorp 1412,Startup,REG-04,2024-12-08,8.0,713.03,16559.91,Active
CUST-01413,Synergy Systems 1413,Mid-Market,REG-05,2023-05-28,24.2,7770.95,284666.82,Active
CUST-01414,Apex Global 1414,SMB,REG-03,2025-01-06,19.8,522.58,23957.61,Active
CUST-01415,Quantum Labs 1415,Enterprise,REG-01,2023-06-06,38.6,2770.86,152174.39,Active
CUST-01416,Synergy Systems 1416,Enterprise,REG-05,2024-03-30,27.1,11223.47,574801.57,Active
CUST-01417,Omni Digital 1417,Mid-Market,REG-05,2023-09-24,33.6,5769.24,615738.16,Active
CUST-01418,Starlight Media 1418,Mid-Market,REG-01,2023-07-09,9.1,6212.19,99130.85,Active
CUST-01419,Nexus Dynamic 1419,Mid-Market,REG-04,2024-05-06,14.4,5672.75,278220.63,Active
CUST-01420,Nexus Dynamic 1420,Government,REG-04,2024-12-15,24.6,3185.81,240679.88,Churned
CUST-01421,Innovate X 1421,Government,REG-01,2024-07-31,13.5,3797.82,65543.89,Active
CUST-01422,Nexus Dynamic 1422,Government,REG-01,2025-07-18,27.5,5804.68,363344.67,Active
CUST-01423,Starlight Media 1423,Enterprise,REG-02,2024-01-02,33.0,10540.73,586045.75,Active
CUST-01424,Quantum Labs 1424,Government,REG-05,2023-03-06,7.7,1544.86,32220.5,Active
CUST-01425,Quantum Labs 1425,Mid-Market,REG-03,2025-03-14,31.5,3120.51,207015.06,Active
CUST-01426,Starlight Media 1426,Government,REG-04,2024-09-12,20.8,3774.2,261655.48,Active
CUST-01427,Omni Digital 1427,SMB,REG-02,2024-12-15,7.8,3843.18,59972.16,Active
CUST-01428,Quantum Labs 1428,Enterprise,REG-01,2023-01-31,52.0,3171.39,234512.36,Churned
CUST-01429,Synergy Systems 1429,SMB,REG-02,2025-10-01,15.9,3710.44,178751.46,Churned
CUST-01430,Apex Global 1430,Government,REG-04,2025-08-02,4.7,3962.49,27251.87,Active
CUST-01431,Quantum Labs 1431,Government,REG-03,2024-09-13,20.0,904.66,28955.54,Churned
CUST-01432,Nexus Dynamic 1432,Government,REG-02,2024-10-14,18.5,1798.61,59252.8,Active
CUST-01433,Innovate X 1433,Mid-Market,REG-02,2025-01-29,9.8,6696.86,200821.9,Active
CUST-01434,Innovate X 1434,Enterprise,REG-01,2023-07-28,7.8,2975.91,28134.07,Active
CUST-01435,Quantum Labs 1435,Startup,REG-01,2023-12-15,5.3,3054.92,53354.02,Active
CUST-01436,Synergy Systems 1436,Mid-Market,REG-02,2024-08-07,33.8,4505.95,307635.44,Active
CUST-01437,Starlight Media 1437,Enterprise,REG-04,2024-03-13,39.8,10676.76,1066183.53,Churned
CUST-01438,Nexus Dynamic 1438,SMB,REG-01,2023-05-01,11.0,680.18,18280.25,Churned
CUST-01439,Starlight Media 1439,SMB,REG-04,2024-12-21,8.4,3553.55,46657.8,Active
CUST-01440,Starlight Media 1440,Startup,REG-02,2025-05-23,11.3,2639.37,57208.61,Active
CUST-01441,Omni Digital 1441,Enterprise,REG-05,2024-04-27,56.6,11841.81,1811296.52,Churned
CUST-01442,Horizon Inc 1442,SMB,REG-02,2023-12-09,18.0,707.87,21275.22,Active
CUST-01443,TechCorp 1443,Enterprise,REG-02,2024-05-20,9.9,11453.97,371927.06,Active
CUST-01444,Quantum Labs 1444,SMB,REG-01,2025-08-30,9.5,3087.51,97894.43,Active
CUST-01445,Omni Digital 1445,Mid-Market,REG-03,2025-01-10,5.5,1249.2,16266.08,Active
CUST-01446,Vanguard Solutions 1446,Government,REG-03,2025-03-11,25.9,5850.19,189296.79,Churned
CUST-01447,Omni Digital 1447,Startup,REG-05,2025-05-30,8.8,2892.58,31605.02,Active
CUST-01448,Innovate X 1448,Government,REG-02,2024-03-16,21.9,3635.11,116694.03,Churned
CUST-01449,TechCorp 1449,SMB,REG-03,2023-07-18,8.2,3713.24,53217.75,Churned
CUST-01450,TechCorp 1450,Mid-Market,REG-04,2025-02-04,31.1,6654.15,503557.08,Churned
CUST-01451,Innovate X 1451,Mid-Market,REG-01,2023-03-20,6.0,4069.89,45175.06,Active
CUST-01452,Nexus Dynamic 1452,Mid-Market,REG-03,2023-05-13,25.8,4350.91,166299.67,Churned
CUST-01453,Quantum Labs 1453,Startup,REG-02,2024-05-21,14.7,3346.99,160619.42,Active
CUST-01454,Horizon Inc 1454,SMB,REG-03,2025-03-09,11.9,3541.4,74241.6,Active
CUST-01455,Nexus Dynamic 1455,Startup,REG-05,2023-04-17,3.0,3651.49,30920.68,Active
CUST-01456,Vanguard Solutions 1456,Enterprise,REG-02,2025-07-22,13.4,11747.35,272363.69,Active
CUST-01457,Quantum Labs 1457,Enterprise,REG-03,2025-01-12,50.1,2990.59,516787.51,Active
CUST-01458,Apex Global 1458,Enterprise,REG-01,2024-05-25,51.2,4338.14,567043.32,Active
CUST-01459,TechCorp 1459,Enterprise,REG-03,2025-05-25,38.9,6701.25,830099.14,Active
CUST-01460,Starlight Media 1460,Mid-Market,REG-02,2024-01-24,10.6,4017.59,56222.52,Active
CUST-01461,Innovate X 1461,SMB,REG-01,2025-07-20,13.0,3626.09,156606.08,Active
CUST-01462,TechCorp 1462,Mid-Market,REG-01,2023-12-16,30.1,5350.71,513964.26,Active
CUST-01463,Starlight Media 1463,Enterprise,REG-05,2024-02-02,57.4,11290.96,1206156.66,Active
CUST-01464,Quantum Labs 1464,Government,REG-04,2024-08-09,22.4,4787.31,192834.71,Active
CUST-01465,Vanguard Solutions 1465,Mid-Market,REG-02,2025-07-18,4.5,6597.12,100556.67,Churned
CUST-01466,Nexus Dynamic 1466,Startup,REG-03,2023-12-12,12.3,635.12,14302.33,Active
CUST-01467,Quantum Labs 1467,Startup,REG-01,2023-05-08,7.5,2812.72,65876.71,Active
CUST-01468,Starlight Media 1468,Government,REG-01,2024-03-26,3.2,944.27,6119.06,Active
CUST-01469,Apex Global 1469,Mid-Market,REG-04,2023-03-01,24.9,1556.83,126498.24,Active
CUST-01470,Synergy Systems 1470,Government,REG-02,2023-09-22,23.7,2199.76,166768.66,Churned
CUST-01471,Quantum Labs 1471,Mid-Market,REG-05,2024-11-02,5.8,1801.13,13460.95,Active
CUST-01472,Nexus Dynamic 1472,Startup,REG-03,2023-02-12,12.0,1297.83,52778.88,Active
CUST-01473,Quantum Labs 1473,Enterprise,REG-03,2024-07-07,44.8,7806.08,700955.88,Churned
CUST-01474,Omni Digital 1474,Enterprise,REG-05,2023-03-21,18.8,4920.78,190028.61,Active
CUST-01475,Omni Digital 1475,Enterprise,REG-04,2025-06-15,21.3,1759.29,97280.47,Active
CUST-01476,Synergy Systems 1476,SMB,REG-04,2025-08-23,19.5,2676.71,81880.64,Churned
CUST-01477,Starlight Media 1477,Startup,REG-01,2023-04-19,13.0,3328.12,102748.4,Active
CUST-01478,Omni Digital 1478,Startup,REG-03,2025-08-20,5.9,3407.54,25632.8,Active
CUST-01479,Starlight Media 1479,Enterprise,REG-01,2025-09-08,56.5,3858.1,514011.93,Active
CUST-01480,Starlight Media 1480,Government,REG-05,2025-01-20,6.3,5362.02,102553.99,Active
CUST-01481,Vanguard Solutions 1481,Startup,REG-04,2023-11-21,6.8,3426.03,43659.76,Active
CUST-01482,Omni Digital 1482,SMB,REG-02,2024-04-11,7.7,3903.39,83978.8,Active
CUST-01483,Vanguard Solutions 1483,SMB,REG-01,2023-12-27,12.1,767.55,18883.82,Active
CUST-01484,Omni Digital 1484,Government,REG-04,2023-08-24,18.4,5090.62,139390.86,Active
CUST-01485,Omni Digital 1485,Startup,REG-02,2024-09-12,6.7,1504.1,19367.3,Churned
CUST-01486,Quantum Labs 1486,Startup,REG-02,2024-08-12,10.9,3585.04,64697.33,Active
CUST-01487,Apex Global 1487,Enterprise,REG-02,2023-05-04,28.6,9537.85,773659.84,Active
CUST-01488,Starlight Media 1488,Mid-Market,REG-01,2025-05-03,19.5,5830.33,395287.73,Churned
CUST-01489,Horizon Inc 1489,Government,REG-04,2023-12-29,6.4,4408.88,49529.01,Active
CUST-01490,Horizon Inc 1490,SMB,REG-05,2024-09-15,13.1,3979.47,67981.33,Active
CUST-01491,Synergy Systems 1491,Government,REG-04,2024-10-07,15.1,5132.72,144573.74,Active
CUST-01492,Innovate X 1492,Mid-Market,REG-05,2025-07-27,33.5,4565.62,237098.84,Churned
CUST-01493,Apex Global 1493,SMB,REG-04,2024-01-24,7.8,1118.53,24968.1,Active
CUST-01494,Omni Digital 1494,Mid-Market,REG-03,2024-05-20,16.3,4948.92,263281.74,Active
CUST-01495,Vanguard Solutions 1495,SMB,REG-03,2024-01-29,7.7,1124.46,13241.65,Active
CUST-01496,Apex Global 1496,Government,REG-05,2023-10-12,18.5,3981.26,105233.86,Active
CUST-01497,Innovate X 1497,SMB,REG-03,2024-05-13,9.9,3598.72,66391.57,Active
CUST-01498,Synergy Systems 1498,Enterprise,REG-02,2024-11-13,21.0,2507.75,130075.72,Active
CUST-01499,Quantum Labs 1499,Enterprise,REG-05,2025-07-13,8.1,10851.77,214228.85,Active
CUST-01500,Synergy Systems 1500,Enterprise,REG-03,2023-07-28,21.2,11452.74,529531.92,Active
CUST-01501,Omni Digital 1501,Government,REG-03,2025-07-29,6.0,4458.19,84070.18,Active
CUST-01502,Horizon Inc 1502,Government,REG-03,2023-03-30,26.3,5963.66,452143.98,Churned
CUST-01503,Starlight Media 1503,Enterprise,REG-02,2025-01-14,10.0,3145.64,62009.23,Active
CUST-01504,Horizon Inc 1504,Enterprise,REG-03,2025-07-02,55.9,6050.47,1131162.92,Active
CUST-01505,Vanguard Solutions 1505,Mid-Market,REG-05,2024-11-07,34.2,5382.57,622777.88,Active
CUST-01506,Quantum Labs 1506,Mid-Market,REG-05,2024-01-21,35.4,2541.47,148452.67,Active
CUST-01507,Vanguard Solutions 1507,Mid-Market,REG-04,2023-10-17,8.7,5443.41,66491.91,Active
CUST-01508,Nexus Dynamic 1508,Enterprise,REG-04,2023-03-10,32.5,7917.78,729004.18,Churned
CUST-01509,Synergy Systems 1509,Startup,REG-04,2024-10-08,12.5,2732.0,79014.09,Active
CUST-01510,Horizon Inc 1510,SMB,REG-02,2025-06-15,7.3,2197.71,48651.52,Active
CUST-01511,Nexus Dynamic 1511,Startup,REG-04,2023-10-30,3.7,893.29,10662.68,Active
CUST-01512,Apex Global 1512,Government,REG-04,2023-11-30,9.7,2980.54,46409.68,Active
CUST-01513,Innovate X 1513,SMB,REG-04,2024-12-22,4.3,3587.6,48320.65,Active
CUST-01514,TechCorp 1514,Government,REG-02,2023-01-30,10.9,3414.31,120824.07,Active
CUST-01515,Nexus Dynamic 1515,Startup,REG-03,2023-09-25,14.1,1939.3,83694.1,Active
CUST-01516,Omni Digital 1516,Enterprise,REG-03,2024-05-12,45.3,5068.34,707753.52,Active
CUST-01517,Innovate X 1517,Mid-Market,REG-05,2025-06-15,10.0,2443.41,64461.04,Active
CUST-01518,Apex Global 1518,Startup,REG-03,2023-05-13,12.9,569.72,21027.53,Active
CUST-01519,Starlight Media 1519,SMB,REG-03,2025-02-24,15.8,722.13,14983.1,Active
CUST-01520,Horizon Inc 1520,Mid-Market,REG-02,2025-05-08,23.3,7018.06,282477.15,Active
CUST-01521,Starlight Media 1521,SMB,REG-04,2023-08-09,12.0,1370.46,20250.59,Active
CUST-01522,Vanguard Solutions 1522,Enterprise,REG-05,2024-02-12,48.7,1943.99,175248.52,Churned
CUST-01523,Nexus Dynamic 1523,Enterprise,REG-03,2025-02-06,12.7,9732.56,334611.36,Churned
CUST-01524,Starlight Media 1524,Enterprise,REG-01,2023-03-17,33.2,8886.64,851200.6,Churned
CUST-01525,Nexus Dynamic 1525,Startup,REG-02,2023-04-08,15.2,3274.17,81959.58,Active
CUST-01526,Innovate X 1526,SMB,REG-04,2024-06-08,15.4,1557.54,54100.28,Churned
CUST-01527,Nexus Dynamic 1527,Government,REG-04,2023-10-26,14.6,1916.83,59737.21,Active
CUST-01528,Starlight Media 1528,Startup,REG-05,2023-09-08,8.9,3976.04,101679.67,Active
CUST-01529,Quantum Labs 1529,Enterprise,REG-04,2023-08-18,37.2,1761.36,194849.34,Active
CUST-01530,Starlight Media 1530,Startup,REG-01,2024-10-20,7.6,1003.2,20195.31,Churned
CUST-01531,Quantum Labs 1531,Mid-Market,REG-02,2025-06-04,37.9,5153.87,272086.12,Active
CUST-01532,Horizon Inc 1532,Startup,REG-05,2025-02-17,6.2,3185.93,35153.11,Active
CUST-01533,Vanguard Solutions 1533,Mid-Market,REG-01,2023-11-26,28.8,5191.11,479053.2,Active
CUST-01534,Quantum Labs 1534,Startup,REG-04,2024-07-12,11.0,3858.16,73938.57,Active
CUST-01535,Apex Global 1535,Startup,REG-05,2025-05-29,15.3,3065.74,155672.44,Active
CUST-01536,Apex Global 1536,Government,REG-02,2025-02-14,3.4,3479.68,17502.64,Active
CUST-01537,Starlight Media 1537,Enterprise,REG-04,2024-05-22,15.2,9933.11,350363.44,Active
CUST-01538,Nexus Dynamic 1538,Government,REG-04,2023-01-10,11.0,3036.27,62680.33,Active
CUST-01539,Vanguard Solutions 1539,Startup,REG-03,2024-09-21,18.0,2473.34,70416.36,Active
CUST-01540,Synergy Systems 1540,Startup,REG-03,2024-06-15,12.9,2152.39,46769.3,Active
CUST-01541,Apex Global 1541,Mid-Market,REG-05,2025-01-02,33.9,1068.75,78167.46,Active
CUST-01542,TechCorp 1542,Enterprise,REG-03,2024-12-19,16.1,8787.47,344751.76,Active
CUST-01543,TechCorp 1543,Startup,REG-04,2024-08-31,4.8,1726.58,20603.42,Active
CUST-01544,Innovate X 1544,Mid-Market,REG-03,2023-10-19,33.5,7076.65,603166.16,Active
CUST-01545,Vanguard Solutions 1545,Government,REG-03,2024-07-28,17.6,4211.68,102159.49,Active
CUST-01546,Omni Digital 1546,SMB,REG-02,2023-09-27,12.1,943.46,27413.27,Active
CUST-01547,Innovate X 1547,SMB,REG-05,2025-03-01,17.4,2616.71,155866.13,Active
CUST-01548,Innovate X 1548,Government,REG-02,2023-06-22,3.1,1967.11,10353.38,Active
CUST-01549,Synergy Systems 1549,Mid-Market,REG-02,2023-06-18,21.1,1001.73,29145.36,Active
CUST-01550,Starlight Media 1550,Startup,REG-04,2024-03-11,14.0,1644.81,54134.12,Churned
CUST-01551,Starlight Media 1551,Government,REG-04,2025-03-03,13.4,3241.01,83256.68,Active
CUST-01552,Synergy Systems 1552,Enterprise,REG-05,2025-05-12,17.6,3244.22,151748.41,Active
CUST-01553,Omni Digital 1553,Government,REG-05,2024-03-28,16.2,4892.07,220029.64,Active
CUST-01554,Omni Digital 1554,SMB,REG-02,2023-01-26,17.6,3493.8,182794.74,Active
CUST-01555,TechCorp 1555,Mid-Market,REG-05,2024-07-27,35.5,7444.24,433208.95,Active
CUST-01556,Horizon Inc 1556,Mid-Market,REG-04,2024-01-05,22.9,1039.3,45550.73,Churned
CUST-01557,Omni Digital 1557,SMB,REG-05,2025-08-01,2.2,1455.6,8609.76,Active
CUST-01558,Quantum Labs 1558,Enterprise,REG-03,2023-10-08,39.8,11696.98,1440216.81,Active
CUST-01559,Apex Global 1559,Startup,REG-04,2024-05-17,5.1,3124.78,42858.68,Active
CUST-01560,Synergy Systems 1560,Enterprise,REG-03,2023-01-30,39.1,8989.76,992273.23,Active
CUST-01561,Apex Global 1561,Enterprise,REG-04,2025-05-04,51.7,2088.5,287884.12,Churned
CUST-01562,Horizon Inc 1562,Startup,REG-03,2025-05-23,5.5,2649.01,18042.23,Active
CUST-01563,TechCorp 1563,Mid-Market,REG-05,2025-01-09,38.0,4614.38,589734.59,Active
CUST-01564,TechCorp 1564,Enterprise,REG-02,2025-04-24,47.1,3048.9,260390.3,Active
CUST-01565,TechCorp 1565,SMB,REG-05,2023-07-23,14.4,1932.38,74050.98,Active
CUST-01566,Innovate X 1566,SMB,REG-03,2024-07-28,8.3,1695.08,35268.56,Active
CUST-01567,TechCorp 1567,Government,REG-01,2023-04-30,27.8,1708.13,66421.57,Active
CUST-01568,Nexus Dynamic 1568,Mid-Market,REG-01,2023-08-11,27.0,4222.44,366820.34,Active
CUST-01569,Horizon Inc 1569,Mid-Market,REG-02,2023-11-14,5.9,5941.4,56416.65,Churned
CUST-01570,Quantum Labs 1570,Government,REG-02,2025-05-05,8.1,5388.74,70159.23,Active
CUST-01571,Synergy Systems 1571,SMB,REG-01,2024-05-16,8.4,1772.65,44320.15,Active
CUST-01572,Nexus Dynamic 1572,Enterprise,REG-05,2024-01-30,14.4,7471.47,375016.89,Active
CUST-01573,Starlight Media 1573,Mid-Market,REG-03,2024-12-17,38.9,4861.28,550141.34,Active
CUST-01574,Synergy Systems 1574,Mid-Market,REG-03,2023-08-12,20.8,1220.14,37184.82,Active
CUST-01575,TechCorp 1575,Government,REG-02,2024-04-23,18.8,2704.48,105206.53,Active
CUST-01576,Horizon Inc 1576,SMB,REG-01,2024-10-06,8.5,3653.58,48605.67,Active
CUST-01577,Quantum Labs 1577,Enterprise,REG-02,2025-07-24,25.3,3208.83,199515.48,Active
CUST-01578,Nexus Dynamic 1578,Startup,REG-04,2024-08-30,12.4,2022.39,53126.14,Active
CUST-01579,Vanguard Solutions 1579,SMB,REG-05,2023-12-12,10.7,1904.04,26328.25,Active
CUST-01580,Synergy Systems 1580,Startup,REG-01,2024-03-07,9.7,1442.76,35381.9,Active
CUST-01581,Innovate X 1581,Startup,REG-02,2025-08-02,7.4,2588.98,53730.88,Active
CUST-01582,Synergy Systems 1582,Mid-Market,REG-02,2024-11-10,16.0,7719.39,423855.99,Active
CUST-01583,Nexus Dynamic 1583,SMB,REG-04,2024-02-10,5.0,502.95,3870.78,Active
CUST-01584,Starlight Media 1584,SMB,REG-01,2023-07-09,6.3,1211.63,10742.94,Active
CUST-01585,Vanguard Solutions 1585,SMB,REG-01,2024-05-03,4.9,849.7,10261.46,Active
CUST-01586,Horizon Inc 1586,Government,REG-04,2025-05-01,15.5,2024.4,103829.97,Active
CUST-01587,Innovate X 1587,Mid-Market,REG-04,2025-03-02,15.8,2982.36,129674.21,Active
CUST-01588,Innovate X 1588,Government,REG-05,2023-03-15,12.4,4266.85,181558.03,Churned
CUST-01589,Omni Digital 1589,Mid-Market,REG-02,2024-01-13,17.0,4510.19,92288.54,Active
CUST-01590,Omni Digital 1590,Enterprise,REG-02,2023-05-22,33.0,1964.6,122821.07,Churned
CUST-01591,Omni Digital 1591,Mid-Market,REG-04,2023-06-04,14.3,3707.71,163775.98,Churned
CUST-01592,Apex Global 1592,Mid-Market,REG-02,2024-02-12,28.6,6839.63,443909.88,Churned
CUST-01593,Quantum Labs 1593,Government,REG-01,2023-06-14,11.6,3767.08,91030.96,Active
CUST-01594,Quantum Labs 1594,Government,REG-04,2025-02-28,4.5,2981.15,38994.55,Churned
CUST-01595,Synergy Systems 1595,Startup,REG-03,2025-03-10,10.5,1672.72,42689.21,Active
CUST-01596,Innovate X 1596,Government,REG-05,2025-02-16,13.4,4292.27,88914.09,Active
CUST-01597,Nexus Dynamic 1597,SMB,REG-02,2024-06-11,16.6,3046.7,113615.99,Churned
CUST-01598,Nexus Dynamic 1598,Enterprise,REG-01,2025-06-07,32.4,5354.59,562985.05,Active
CUST-01599,Horizon Inc 1599,Government,REG-03,2024-11-22,11.0,5050.64,136021.5,Active
CUST-01600,TechCorp 1600,Government,REG-01,2024-04-02,11.8,4088.91,124014.35,Active
CUST-01601,Quantum Labs 1601,Startup,REG-04,2023-09-12,5.2,2372.45,18380.83,Churned
CUST-01602,Starlight Media 1602,Government,REG-03,2023-12-20,29.2,4367.21,224622.22,Active
CUST-01603,Apex Global 1603,Startup,REG-04,2023-02-11,3.4,1804.78,9434.65,Active
CUST-01604,Omni Digital 1604,Government,REG-05,2025-09-30,22.6,2523.31,151948.18,Active
CUST-01605,Omni Digital 1605,Enterprise,REG-02,2025-08-31,46.3,9076.74,1222169.58,Churned
CUST-01606,Vanguard Solutions 1606,Enterprise,REG-02,2024-08-07,20.1,4683.61,224270.21,Active
CUST-01607,Synergy Systems 1607,Enterprise,REG-03,2024-08-10,31.5,9487.55,658974.02,Active
CUST-01608,TechCorp 1608,SMB,REG-05,2024-11-18,2.8,1895.35,8580.85,Active
CUST-01609,Horizon Inc 1609,Government,REG-02,2023-01-20,24.1,4200.37,185448.13,Active
CUST-01610,Innovate X 1610,Enterprise,REG-02,2023-08-19,7.0,4908.39,46266.15,Active
CUST-01611,TechCorp 1611,Government,REG-05,2024-03-06,20.1,2475.95,104250.61,Active
CUST-01612,Vanguard Solutions 1612,SMB,REG-03,2023-11-24,8.2,2055.34,38131.35,Active
CUST-01613,Apex Global 1613,Startup,REG-02,2024-11-20,9.0,1910.28,46756.89,Active
CUST-01614,Horizon Inc 1614,Government,REG-05,2023-12-20,5.2,4677.06,58808.97,Active
CUST-01615,Omni Digital 1615,Government,REG-04,2023-01-31,7.2,3820.92,72512.77,Active
CUST-01616,Omni Digital 1616,Enterprise,REG-03,2024-07-23,46.2,11891.64,1133483.93,Active
CUST-01617,Synergy Systems 1617,Startup,REG-01,2023-04-10,9.1,1239.57,16406.38,Active
CUST-01618,Horizon Inc 1618,Government,REG-05,2024-02-23,12.5,1893.2,77409.53,Active
CUST-01619,Quantum Labs 1619,Enterprise,REG-03,2024-05-29,34.9,5617.82,622659.35,Active
CUST-01620,Horizon Inc 1620,SMB,REG-04,2023-06-10,18.6,1121.69,38875.63,Active
CUST-01621,Omni Digital 1621,Government,REG-02,2024-11-30,27.5,2762.61,205286.35,Active
CUST-01622,Innovate X 1622,Mid-Market,REG-01,2024-09-25,12.1,5267.94,150286.66,Churned
CUST-01623,Horizon Inc 1623,Government,REG-01,2023-11-29,19.5,1623.91,83555.78,Active
CUST-01624,Synergy Systems 1624,Enterprise,REG-05,2025-06-23,48.7,5588.06,646620.6,Active
CUST-01625,Horizon Inc 1625,Government,REG-03,2025-01-10,26.6,1669.86,149042.15,Active
CUST-01626,Innovate X 1626,Mid-Market,REG-03,2023-03-08,36.2,2449.05,200424.89,Active
CUST-01627,Horizon Inc 1627,Government,REG-02,2025-03-26,7.8,3172.38,66195.97,Active
CUST-01628,Omni Digital 1628,Mid-Market,REG-02,2024-04-18,30.0,1488.9,130508.03,Active
CUST-01629,Starlight Media 1629,Startup,REG-04,2025-06-01,8.9,3240.65,98131.93,Active
CUST-01630,TechCorp 1630,Enterprise,REG-05,2024-10-24,59.4,9005.02,1181375.38,Active
CUST-01631,Starlight Media 1631,SMB,REG-04,2025-04-28,16.8,3190.67,109123.28,Active
CUST-01632,Apex Global 1632,Government,REG-04,2025-03-17,6.3,1516.41,17231.89,Active
CUST-01633,Nexus Dynamic 1633,Mid-Market,REG-03,2024-02-27,27.6,1993.65,96791.71,Active
CUST-01634,Nexus Dynamic 1634,Enterprise,REG-03,2024-10-19,43.5,6311.54,777226.66,Active
CUST-01635,Innovate X 1635,SMB,REG-03,2024-12-06,10.0,3255.81,91455.44,Active
CUST-01636,Nexus Dynamic 1636,Enterprise,REG-02,2023-06-01,34.2,1772.38,195447.82,Active
CUST-01637,Synergy Systems 1637,SMB,REG-02,2024-08-04,13.4,2163.5,64118.69,Active
CUST-01638,Innovate X 1638,Mid-Market,REG-05,2023-10-27,34.9,2801.14,168558.54,Active
CUST-01639,Starlight Media 1639,SMB,REG-02,2024-08-21,2.2,1774.57,9251.67,Active
CUST-01640,Starlight Media 1640,Government,REG-04,2024-09-25,27.3,5855.12,428521.23,Active
CUST-01641,Quantum Labs 1641,SMB,REG-05,2024-01-19,8.8,3741.29,88605.5,Active
CUST-01642,Vanguard Solutions 1642,Mid-Market,REG-04,2025-07-07,17.7,5681.21,135645.01,Active
CUST-01643,Quantum Labs 1643,Mid-Market,REG-02,2023-10-12,25.9,6101.33,233095.58,Active
CUST-01644,Starlight Media 1644,Government,REG-05,2025-07-23,20.2,814.05,47956.57,Active
CUST-01645,Apex Global 1645,Mid-Market,REG-02,2024-01-08,27.9,3789.44,150905.22,Active
CUST-01646,TechCorp 1646,SMB,REG-05,2025-09-11,11.6,3094.4,115115.96,Active
CUST-01647,Vanguard Solutions 1647,Government,REG-05,2024-06-19,9.7,2094.38,58929.18,Active
CUST-01648,Vanguard Solutions 1648,Mid-Market,REG-04,2023-07-01,5.4,5263.96,70197.74,Churned
CUST-01649,Quantum Labs 1649,Enterprise,REG-02,2024-06-19,22.3,3681.19,144566.64,Active
CUST-01650,Quantum Labs 1650,Government,REG-01,2024-07-03,26.8,1018.18,82326.57,Churned
CUST-01651,Nexus Dynamic 1651,Enterprise,REG-04,2023-03-27,31.7,2548.7,206473.74,Active
CUST-01652,Vanguard Solutions 1652,Startup,REG-01,2024-08-18,9.7,3667.46,101598.86,Active
CUST-01653,Quantum Labs 1653,Startup,REG-05,2025-02-12,10.2,501.73,15022.79,Active
CUST-01654,Starlight Media 1654,Mid-Market,REG-03,2024-06-03,21.4,2986.29,171534.48,Active
CUST-01655,Synergy Systems 1655,Mid-Market,REG-03,2023-10-09,28.4,4521.44,338950.69,Churned
CUST-01656,Omni Digital 1656,Government,REG-01,2023-11-23,27.1,3425.13,217230.18,Active
CUST-01657,Vanguard Solutions 1657,SMB,REG-01,2025-08-05,17.5,1698.51,82632.68,Active
CUST-01658,Nexus Dynamic 1658,Enterprise,REG-02,2023-08-07,22.6,4706.53,315142.37,Active
CUST-01659,Synergy Systems 1659,Startup,REG-02,2024-08-07,14.1,1633.18,37797.42,Active
CUST-01660,Omni Digital 1660,Mid-Market,REG-05,2024-11-09,9.7,7696.95,258075.31,Active
CUST-01661,Nexus Dynamic 1661,SMB,REG-02,2025-08-13,6.7,3770.15,78791.25,Active
CUST-01662,Omni Digital 1662,SMB,REG-03,2025-04-29,15.4,2073.98,69569.69,Active
CUST-01663,Nexus Dynamic 1663,Enterprise,REG-04,2023-02-26,58.3,5212.93,927652.18,Active
CUST-01664,Omni Digital 1664,Enterprise,REG-02,2023-08-02,41.8,4187.26,545187.63,Churned
CUST-01665,Nexus Dynamic 1665,Government,REG-03,2024-07-25,18.1,1797.12,55116.97,Active
CUST-01666,TechCorp 1666,Enterprise,REG-01,2023-09-06,14.7,9089.92,449695.77,Active
CUST-01667,Horizon Inc 1667,Government,REG-04,2023-09-13,10.6,3935.2,86035.13,Churned
CUST-01668,Apex Global 1668,SMB,REG-05,2024-01-14,9.9,1494.82,33818.53,Active
CUST-01669,Apex Global 1669,SMB,REG-04,2025-04-24,4.7,1026.47,9105.43,Active
CUST-01670,Nexus Dynamic 1670,Government,REG-02,2023-12-02,18.5,4754.63,158298.74,Active
CUST-01671,Horizon Inc 1671,Enterprise,REG-02,2025-03-01,47.6,10642.62,1422641.95,Active
CUST-01672,Nexus Dynamic 1672,Government,REG-02,2023-07-08,11.7,1945.33,46273.38,Active
CUST-01673,Quantum Labs 1673,SMB,REG-05,2025-02-04,18.8,990.94,49874.47,Active
CUST-01674,TechCorp 1674,Enterprise,REG-05,2023-03-03,55.3,6878.75,470648.47,Active
CUST-01675,Apex Global 1675,Startup,REG-03,2025-03-20,11.7,1489.26,34284.67,Churned
CUST-01676,Apex Global 1676,Startup,REG-01,2025-09-24,12.0,893.17,16762.1,Active
CUST-01677,Nexus Dynamic 1677,Startup,REG-04,2024-09-16,13.7,1168.11,21893.73,Active
CUST-01678,Innovate X 1678,Government,REG-04,2025-06-29,26.8,4629.42,334491.1,Churned
CUST-01679,Omni Digital 1679,SMB,REG-04,2024-06-24,16.1,3088.11,168126.26,Active
CUST-01680,Synergy Systems 1680,Startup,REG-03,2023-01-07,13.2,1864.82,30022.13,Active
CUST-01681,Innovate X 1681,SMB,REG-02,2024-08-21,14.1,1643.17,52195.2,Active
CUST-01682,Starlight Media 1682,SMB,REG-05,2023-06-06,5.4,1018.99,10507.15,Churned
CUST-01683,Vanguard Solutions 1683,Startup,REG-01,2025-03-09,4.3,1719.82,10052.43,Active
CUST-01684,Horizon Inc 1684,Mid-Market,REG-02,2023-11-07,9.9,7937.03,136397.29,Active
CUST-01685,Quantum Labs 1685,Enterprise,REG-02,2025-06-17,54.5,6116.23,1039524.3,Active
CUST-01686,Apex Global 1686,Mid-Market,REG-04,2023-02-20,20.1,3794.25,127586.89,Active
CUST-01687,Apex Global 1687,Enterprise,REG-02,2024-06-02,55.3,9107.44,745348.34,Active
CUST-01688,Starlight Media 1688,Government,REG-05,2024-01-02,23.2,2413.62,91791.79,Active
CUST-01689,Omni Digital 1689,SMB,REG-04,2023-09-19,11.2,3807.14,52751.38,Active
CUST-01690,Nexus Dynamic 1690,Government,REG-01,2023-12-30,12.7,2377.4,40766.65,Active
CUST-01691,Nexus Dynamic 1691,Mid-Market,REG-01,2024-10-28,27.2,3727.8,231602.15,Active
CUST-01692,Synergy Systems 1692,SMB,REG-01,2023-05-25,17.3,1120.75,23680.34,Active
CUST-01693,Innovate X 1693,Government,REG-01,2023-03-04,19.1,1851.58,102617.48,Active
CUST-01694,Synergy Systems 1694,Government,REG-02,2024-03-05,7.7,5665.53,149204.37,Active
CUST-01695,Nexus Dynamic 1695,SMB,REG-01,2025-03-16,4.9,2241.44,20911.18,Active
CUST-01696,Synergy Systems 1696,Startup,REG-03,2023-01-30,16.1,1660.54,86735.02,Churned
CUST-01697,TechCorp 1697,Government,REG-01,2024-07-06,13.2,3892.16,123713.13,Active
CUST-01698,Omni Digital 1698,SMB,REG-02,2023-04-05,9.6,732.14,24094.41,Active
CUST-01699,Nexus Dynamic 1699,Startup,REG-04,2023-05-18,17.4,3332.99,69689.09,Active
CUST-01700,Quantum Labs 1700,Mid-Market,REG-03,2024-11-03,23.4,7698.34,493117.23,Churned
CUST-01701,Apex Global 1701,Startup,REG-02,2023-05-09,5.9,954.33,18959.54,Active
CUST-01702,Nexus Dynamic 1702,Enterprise,REG-04,2023-10-17,53.9,2604.9,241539.13,Active
CUST-01703,Synergy Systems 1703,SMB,REG-04,2024-11-15,12.6,2309.17,101007.46,Active
CUST-01704,Omni Digital 1704,SMB,REG-04,2024-01-19,13.9,2527.79,117693.76,Churned
CUST-01705,Synergy Systems 1705,Enterprise,REG-02,2025-09-30,15.8,3001.02,60619.72,Active
CUST-01706,Innovate X 1706,Government,REG-03,2023-01-12,18.4,3290.19,120532.57,Active
CUST-01707,Starlight Media 1707,Government,REG-04,2023-08-08,15.2,2129.72,71596.1,Active
CUST-01708,Quantum Labs 1708,SMB,REG-03,2025-07-02,5.4,1693.44,29313.25,Active
CUST-01709,Starlight Media 1709,Enterprise,REG-03,2025-02-20,34.0,2162.74,150042.29,Active
CUST-01710,Synergy Systems 1710,Mid-Market,REG-01,2023-08-21,39.1,6810.55,393217.85,Active
CUST-01711,Starlight Media 1711,SMB,REG-03,2024-04-08,9.9,3945.09,54320.59,Active
CUST-01712,Vanguard Solutions 1712,Mid-Market,REG-04,2025-04-19,37.9,7989.81,499103.57,Active
CUST-01713,Starlight Media 1713,Enterprise,REG-02,2025-01-21,46.2,7018.53,970776.25,Active
CUST-01714,Synergy Systems 1714,Startup,REG-01,2025-03-30,11.6,2388.1,77440.77,Active
CUST-01715,Synergy Systems 1715,SMB,REG-02,2023-04-13,14.2,2722.18,122751.28,Active
CUST-01716,Nexus Dynamic 1716,Startup,REG-05,2024-03-10,17.4,1474.47,87379.23,Active
CUST-01717,Nexus Dynamic 1717,Government,REG-05,2025-09-22,14.4,3251.87,90863.86,Active
CUST-01718,Innovate X 1718,Enterprise,REG-01,2023-09-15,44.3,8515.26,633791.03,Active
CUST-01719,Vanguard Solutions 1719,Enterprise,REG-01,2025-02-12,28.2,3009.81,262405.89,Active
CUST-01720,Vanguard Solutions 1720,Government,REG-02,2024-10-23,14.3,3854.94,97667.12,Active
CUST-01721,Vanguard Solutions 1721,SMB,REG-02,2025-07-03,9.2,3040.93,71274.15,Active
CUST-01722,Starlight Media 1722,Government,REG-02,2024-11-19,10.4,2469.21,68424.82,Active
CUST-01723,Innovate X 1723,Enterprise,REG-05,2024-04-27,18.5,6101.86,348942.97,Active
CUST-01724,TechCorp 1724,Government,REG-02,2023-03-14,26.8,4709.81,360494.6,Active
CUST-01725,Quantum Labs 1725,Government,REG-03,2023-04-26,19.9,2986.03,94329.38,Active
CUST-01726,Horizon Inc 1726,SMB,REG-02,2024-06-19,3.9,3991.62,40282.41,Active
CUST-01727,Nexus Dynamic 1727,Mid-Market,REG-04,2025-05-06,29.3,4027.34,156976.91,Churned
CUST-01728,Apex Global 1728,SMB,REG-03,2024-10-17,11.1,1968.76,68258.18,Active
CUST-01729,Nexus Dynamic 1729,Enterprise,REG-01,2024-12-31,49.5,4048.81,468662.01,Active
CUST-01730,Omni Digital 1730,Enterprise,REG-04,2024-07-28,38.8,7439.01,749074.59,Active
CUST-01731,Apex Global 1731,Enterprise,REG-05,2023-04-21,37.9,9832.8,1264954.43,Active
CUST-01732,TechCorp 1732,Mid-Market,REG-03,2024-08-17,28.2,7326.53,448382.54,Active
CUST-01733,Omni Digital 1733,SMB,REG-04,2025-05-22,10.3,3521.94,46641.31,Active
CUST-01734,Omni Digital 1734,Enterprise,REG-02,2024-08-03,15.8,8120.47,251040.17,Active
CUST-01735,Vanguard Solutions 1735,Enterprise,REG-04,2025-05-19,54.1,5265.18,789288.1,Active
CUST-01736,Synergy Systems 1736,SMB,REG-04,2025-03-13,2.9,2103.72,21226.13,Active
CUST-01737,Synergy Systems 1737,Mid-Market,REG-05,2025-02-28,35.1,5538.01,564417.9,Active
CUST-01738,Horizon Inc 1738,Government,REG-01,2023-12-08,12.5,3575.73,136407.76,Active
CUST-01739,Synergy Systems 1739,SMB,REG-01,2025-07-25,15.0,2738.08,78845.45,Active
CUST-01740,Horizon Inc 1740,Government,REG-02,2023-09-29,26.1,3298.56,170041.38,Active
CUST-01741,Starlight Media 1741,Mid-Market,REG-02,2023-11-27,4.6,2328.53,20503.6,Active
CUST-01742,Innovate X 1742,SMB,REG-05,2024-07-05,5.2,2664.65,19047.42,Churned
CUST-01743,Apex Global 1743,Government,REG-03,2023-05-30,22.3,3547.35,167114.43,Active
CUST-01744,Vanguard Solutions 1744,SMB,REG-05,2024-08-06,19.5,1633.43,54692.78,Active
CUST-01745,Vanguard Solutions 1745,Startup,REG-02,2024-11-14,19.9,592.26,20228.01,Active
CUST-01746,TechCorp 1746,Mid-Market,REG-02,2024-03-26,27.3,2511.78,84244.47,Active
CUST-01747,Synergy Systems 1747,Startup,REG-04,2025-05-08,9.9,2447.13,84702.37,Active
CUST-01748,Horizon Inc 1748,Startup,REG-05,2024-02-14,13.3,3610.11,165746.0,Active
CUST-01749,Apex Global 1749,SMB,REG-04,2024-01-15,8.6,3739.27,55948.76,Active
CUST-01750,Apex Global 1750,Mid-Market,REG-03,2025-05-30,33.8,5917.04,605943.99,Active
CUST-01751,Starlight Media 1751,Startup,REG-04,2024-07-02,7.6,3325.39,65442.08,Active
CUST-01752,Omni Digital 1752,Mid-Market,REG-04,2023-10-03,24.7,1372.41,88924.44,Active
CUST-01753,Synergy Systems 1753,Enterprise,REG-02,2023-01-23,36.2,7369.46,355438.34,Active
CUST-01754,TechCorp 1754,Enterprise,REG-03,2023-03-08,57.6,4398.95,450921.23,Active
CUST-01755,Quantum Labs 1755,Startup,REG-04,2024-03-17,14.7,3799.62,193718.48,Active
CUST-01756,Omni Digital 1756,SMB,REG-05,2024-12-14,14.1,1656.87,58653.98,Active
CUST-01757,Horizon Inc 1757,Mid-Market,REG-05,2025-09-30,28.5,3201.21,110903.12,Active
CUST-01758,Vanguard Solutions 1758,Startup,REG-01,2025-03-04,19.6,2648.48,125543.57,Active
CUST-01759,Quantum Labs 1759,Mid-Market,REG-05,2025-03-03,31.3,2255.39,114139.27,Active
CUST-01760,Omni Digital 1760,Enterprise,REG-03,2023-04-02,11.1,5737.33,179089.08,Active
CUST-01761,Omni Digital 1761,Government,REG-04,2023-05-22,25.9,1710.7,84881.36,Active
CUST-01762,Apex Global 1762,SMB,REG-04,2023-04-03,5.3,1905.0,17378.83,Active
CUST-01763,Starlight Media 1763,SMB,REG-04,2025-02-08,3.7,1402.19,16718.11,Churned
CUST-01764,Omni Digital 1764,Enterprise,REG-03,2023-04-08,15.1,11617.8,424007.54,Churned
CUST-01765,Vanguard Solutions 1765,SMB,REG-01,2025-03-30,18.3,2471.78,143685.57,Active
CUST-01766,Synergy Systems 1766,Startup,REG-04,2023-07-06,11.6,3915.21,64628.56,Active
CUST-01767,Starlight Media 1767,Startup,REG-03,2024-08-10,5.2,2042.44,33409.9,Active
CUST-01768,Apex Global 1768,Mid-Market,REG-04,2023-02-01,26.4,7547.05,646129.67,Active
CUST-01769,Quantum Labs 1769,SMB,REG-03,2023-04-21,8.3,1131.46,22468.48,Active
CUST-01770,Starlight Media 1770,Mid-Market,REG-05,2023-06-08,39.9,7439.99,996538.91,Active
CUST-01771,Vanguard Solutions 1771,Government,REG-04,2025-08-24,6.1,3660.92,44176.2,Active
CUST-01772,Innovate X 1772,Government,REG-02,2025-03-24,13.9,2631.19,120992.74,Active
CUST-01773,Starlight Media 1773,Enterprise,REG-05,2023-04-04,41.8,4865.81,490756.97,Active
CUST-01774,Vanguard Solutions 1774,Startup,REG-04,2025-02-14,11.8,1203.26,27498.57,Active
CUST-01775,Starlight Media 1775,SMB,REG-04,2024-02-18,9.8,788.36,9694.64,Churned
CUST-01776,TechCorp 1776,Government,REG-05,2024-02-03,11.3,5959.51,200189.19,Active
CUST-01777,Starlight Media 1777,Startup,REG-01,2023-07-12,19.0,1574.92,76340.2,Active
CUST-01778,Horizon Inc 1778,Mid-Market,REG-03,2025-01-26,5.7,1195.74,23334.07,Active
CUST-01779,Synergy Systems 1779,Startup,REG-01,2025-04-23,16.9,3557.97,174294.47,Active
CUST-01780,Vanguard Solutions 1780,Startup,REG-03,2024-11-28,14.6,3687.32,76816.8,Active
CUST-01781,Omni Digital 1781,SMB,REG-01,2025-01-01,5.7,1223.58,18642.37,Churned
CUST-01782,Horizon Inc 1782,Mid-Market,REG-01,2025-08-04,14.5,7330.77,288813.76,Active
CUST-01783,Innovate X 1783,Mid-Market,REG-04,2025-04-26,12.2,7423.09,192398.79,Active
CUST-01784,Nexus Dynamic 1784,Mid-Market,REG-05,2024-11-15,13.3,7455.24,274153.81,Active
CUST-01785,Vanguard Solutions 1785,Mid-Market,REG-03,2024-02-24,28.9,3911.21,243178.08,Active
CUST-01786,Synergy Systems 1786,Government,REG-03,2024-09-06,3.3,4385.75,18758.98,Active
CUST-01787,Starlight Media 1787,Mid-Market,REG-01,2024-10-14,8.1,2112.47,51670.74,Churned
CUST-01788,Nexus Dynamic 1788,SMB,REG-02,2025-08-24,15.3,3843.61,167280.34,Active
CUST-01789,Vanguard Solutions 1789,Startup,REG-03,2023-10-19,17.4,1415.25,72651.56,Active
CUST-01790,Apex Global 1790,Enterprise,REG-05,2025-05-16,32.9,2834.71,325464.14,Active
CUST-01791,Vanguard Solutions 1791,Enterprise,REG-02,2023-02-08,51.0,3437.02,517773.68,Active
CUST-01792,Starlight Media 1792,Government,REG-05,2024-01-15,14.8,1499.48,57103.09,Churned
CUST-01793,Nexus Dynamic 1793,Mid-Market,REG-02,2025-01-12,15.4,4981.61,259437.45,Active
CUST-01794,Nexus Dynamic 1794,Mid-Market,REG-03,2024-04-18,11.2,5508.95,129571.57,Active
CUST-01795,Quantum Labs 1795,Startup,REG-01,2023-08-19,5.3,1180.19,16972.51,Active
CUST-01796,TechCorp 1796,Enterprise,REG-02,2024-09-08,34.5,7346.96,387742.35,Active
CUST-01797,Horizon Inc 1797,Enterprise,REG-01,2024-02-24,34.0,1683.35,163523.53,Active
CUST-01798,TechCorp 1798,SMB,REG-01,2023-05-27,18.2,2895.11,63944.41,Churned
CUST-01799,TechCorp 1799,Government,REG-05,2023-05-03,26.1,4751.43,158853.46,Active
CUST-01800,Vanguard Solutions 1800,Government,REG-05,2024-10-22,13.4,4349.45,121785.31,Active
CUST-01801,Synergy Systems 1801,Government,REG-05,2023-09-14,12.3,5936.88,164044.93,Active
CUST-01802,Omni Digital 1802,Government,REG-05,2025-06-19,12.7,1508.14,51049.77,Active
CUST-01803,Omni Digital 1803,SMB,REG-02,2024-01-12,15.3,2011.08,58144.33,Churned
CUST-01804,Omni Digital 1804,Startup,REG-02,2024-02-16,4.3,2692.75,19436.59,Active
CUST-01805,Synergy Systems 1805,Government,REG-04,2024-03-30,28.7,3183.47,180624.57,Active
CUST-01806,Innovate X 1806,Startup,REG-02,2023-09-09,5.9,1168.38,11357.53,Active
CUST-01807,Omni Digital 1807,SMB,REG-04,2024-07-15,17.5,3272.27,118084.34,Active
CUST-01808,Innovate X 1808,Mid-Market,REG-04,2023-04-22,23.5,4166.24,321207.69,Active
CUST-01809,Starlight Media 1809,Government,REG-01,2023-07-24,8.9,3646.39,50641.23,Active
CUST-01810,Nexus Dynamic 1810,Government,REG-02,2025-08-23,15.0,4393.34,137581.78,Active
CUST-01811,Quantum Labs 1811,Startup,REG-02,2024-10-18,9.2,3236.51,49277.98,Active
CUST-01812,TechCorp 1812,Mid-Market,REG-02,2025-02-19,37.5,3213.5,403207.47,Active
CUST-01813,Apex Global 1813,Enterprise,REG-01,2023-03-29,7.2,11161.8,257149.12,Active
CUST-01814,Innovate X 1814,SMB,REG-03,2023-07-27,15.4,3852.85,113173.0,Churned
CUST-01815,Apex Global 1815,SMB,REG-05,2025-07-15,16.9,2162.81,103012.6,Active
CUST-01816,Omni Digital 1816,Startup,REG-02,2025-07-11,17.9,1071.4,28238.03,Active
CUST-01817,Vanguard Solutions 1817,Mid-Market,REG-05,2024-07-19,26.6,5899.04,289795.85,Active
CUST-01818,Omni Digital 1818,Enterprise,REG-02,2025-07-20,30.0,9434.57,427917.31,Active
CUST-01819,Innovate X 1819,Government,REG-02,2025-02-24,3.5,4362.64,47048.94,Active
CUST-01820,Horizon Inc 1820,Startup,REG-02,2024-04-03,18.1,3896.04,238153.73,Active
CUST-01821,Apex Global 1821,Enterprise,REG-03,2023-03-12,15.6,8052.33,346444.65,Active
CUST-01822,Quantum Labs 1822,Mid-Market,REG-03,2023-10-27,29.6,7641.33,314636.26,Active
CUST-01823,Starlight Media 1823,Enterprise,REG-05,2025-07-01,37.9,11912.87,921053.99,Active
CUST-01824,Vanguard Solutions 1824,SMB,REG-05,2025-07-14,18.5,2213.63,134461.42,Churned
CUST-01825,Quantum Labs 1825,SMB,REG-03,2024-04-04,19.9,1681.31,61145.43,Active
CUST-01826,Innovate X 1826,Enterprise,REG-03,2024-07-18,7.7,10656.42,273327.74,Churned
CUST-01827,Nexus Dynamic 1827,Enterprise,REG-03,2024-01-25,16.8,6436.27,226348.59,Active
CUST-01828,Horizon Inc 1828,Government,REG-03,2024-01-11,24.7,5231.54,388106.38,Active
CUST-01829,Quantum Labs 1829,Mid-Market,REG-03,2025-01-06,13.4,2350.32,58194.35,Churned
CUST-01830,Apex Global 1830,Enterprise,REG-03,2025-06-01,33.5,2692.02,276386.14,Active
CUST-01831,Apex Global 1831,Mid-Market,REG-01,2023-07-01,17.4,2078.04,110041.18,Active
CUST-01832,Quantum Labs 1832,Enterprise,REG-01,2025-01-24,49.6,10636.68,1382342.01,Active
CUST-01833,Apex Global 1833,SMB,REG-01,2024-09-19,4.2,2964.52,20654.93,Active
CUST-01834,TechCorp 1834,Mid-Market,REG-01,2025-01-05,38.3,1026.89,118802.35,Active
CUST-01835,Quantum Labs 1835,Enterprise,REG-04,2023-11-25,39.8,3522.71,431879.36,Active
CUST-01836,Synergy Systems 1836,Startup,REG-02,2024-04-25,7.2,2866.56,65829.22,Churned
CUST-01837,Vanguard Solutions 1837,Startup,REG-01,2023-03-23,5.2,1192.02,9489.62,Active
CUST-01838,Innovate X 1838,Enterprise,REG-01,2023-07-12,16.1,4874.76,273245.09,Active
CUST-01839,Vanguard Solutions 1839,SMB,REG-05,2024-02-27,11.1,1498.91,36287.32,Active
CUST-01840,TechCorp 1840,Startup,REG-01,2024-11-01,18.0,2892.36,96176.74,Active
CUST-01841,Quantum Labs 1841,Enterprise,REG-04,2023-12-19,54.7,2134.24,342990.17,Active
CUST-01842,Apex Global 1842,Enterprise,REG-01,2023-11-23,37.8,11121.5,853987.21,Active
CUST-01843,Quantum Labs 1843,Startup,REG-03,2025-01-14,17.1,2077.75,103285.86,Active
CUST-01844,Horizon Inc 1844,SMB,REG-04,2023-11-17,11.8,3107.39,63238.34,Active
CUST-01845,Quantum Labs 1845,Government,REG-04,2025-06-20,15.5,5598.09,273058.42,Active
CUST-01846,Synergy Systems 1846,Government,REG-04,2023-06-06,6.8,4690.4,69054.41,Churned
CUST-01847,Synergy Systems 1847,SMB,REG-04,2025-06-10,13.4,1897.96,31335.21,Active
CUST-01848,Horizon Inc 1848,Mid-Market,REG-05,2025-08-26,10.6,1663.92,37038.34,Churned
CUST-01849,Vanguard Solutions 1849,Mid-Market,REG-01,2024-05-24,18.1,3124.65,192118.48,Active
CUST-01850,TechCorp 1850,Mid-Market,REG-04,2024-09-13,30.1,4029.99,409864.96,Active
CUST-01851,Starlight Media 1851,SMB,REG-01,2023-03-10,19.2,2971.08,148201.12,Churned
CUST-01852,Nexus Dynamic 1852,Government,REG-02,2024-03-02,16.2,5773.5,248087.36,Active
CUST-01853,Synergy Systems 1853,Startup,REG-04,2024-09-18,4.2,953.0,7398.26,Active
CUST-01854,Horizon Inc 1854,SMB,REG-05,2025-09-20,10.5,561.98,12102.64,Active
CUST-01855,Innovate X 1855,Mid-Market,REG-03,2024-10-11,37.0,7807.7,869443.63,Active
CUST-01856,Vanguard Solutions 1856,SMB,REG-02,2025-07-12,4.3,1626.41,18569.08,Active
CUST-01857,Horizon Inc 1857,Startup,REG-05,2023-08-31,16.6,1371.85,56831.24,Active
CUST-01858,Innovate X 1858,Startup,REG-01,2024-01-29,15.5,2682.62,57672.62,Active
CUST-01859,Horizon Inc 1859,SMB,REG-01,2024-04-05,9.0,1176.14,31447.49,Active
CUST-01860,Starlight Media 1860,Enterprise,REG-04,2023-09-10,18.1,1532.06,55992.67,Active
CUST-01861,Vanguard Solutions 1861,Mid-Market,REG-03,2025-09-06,15.5,7896.99,317143.81,Active
CUST-01862,Starlight Media 1862,Startup,REG-05,2023-05-04,7.3,711.97,16813.4,Active
CUST-01863,Vanguard Solutions 1863,SMB,REG-02,2025-03-20,8.8,2952.26,82127.94,Active
CUST-01864,Synergy Systems 1864,Mid-Market,REG-03,2023-01-26,5.0,5507.92,59740.92,Active
CUST-01865,Quantum Labs 1865,Government,REG-04,2024-07-22,7.2,3081.73,42655.09,Active
CUST-01866,TechCorp 1866,SMB,REG-02,2024-12-24,12.9,1496.67,49211.81,Active
CUST-01867,Omni Digital 1867,Enterprise,REG-01,2025-06-07,23.6,6509.57,234437.89,Active
CUST-01868,TechCorp 1868,Startup,REG-01,2024-10-05,9.8,1633.59,25765.12,Active
CUST-01869,Synergy Systems 1869,SMB,REG-03,2024-08-02,15.6,637.84,23651.17,Active
CUST-01870,Vanguard Solutions 1870,Government,REG-01,2025-08-07,4.8,1545.74,17824.7,Active
CUST-01871,Omni Digital 1871,Enterprise,REG-03,2025-09-22,25.3,2352.17,118437.68,Churned
CUST-01872,Apex Global 1872,Startup,REG-01,2024-06-21,9.5,3264.05,86747.73,Active
CUST-01873,Starlight Media 1873,Mid-Market,REG-04,2023-06-12,8.1,7379.97,107584.17,Active
CUST-01874,Vanguard Solutions 1874,Enterprise,REG-01,2024-10-20,51.5,3867.96,258463.54,Active
CUST-01875,Starlight Media 1875,Mid-Market,REG-02,2024-05-27,15.5,3712.68,153013.97,Active
CUST-01876,Innovate X 1876,SMB,REG-04,2023-01-25,14.1,2939.94,102184.99,Churned
CUST-01877,Horizon Inc 1877,Enterprise,REG-02,2023-08-24,37.5,1575.1,166223.99,Active
CUST-01878,Nexus Dynamic 1878,Startup,REG-02,2024-02-11,5.8,2376.8,45560.35,Active
CUST-01879,Horizon Inc 1879,SMB,REG-05,2024-01-19,11.2,1059.52,19741.88,Active
CUST-01880,Innovate X 1880,Mid-Market,REG-03,2025-07-08,13.4,1834.17,45625.83,Churned
CUST-01881,Vanguard Solutions 1881,Startup,REG-04,2023-07-29,5.3,645.81,10441.79,Active
CUST-01882,Nexus Dynamic 1882,Mid-Market,REG-05,2025-01-23,30.9,6830.51,580564.96,Active
CUST-01883,Vanguard Solutions 1883,SMB,REG-04,2023-02-25,13.7,1304.34,58030.62,Active
CUST-01884,Omni Digital 1884,Startup,REG-01,2023-11-14,2.2,3403.56,23802.5,Active
CUST-01885,Nexus Dynamic 1885,SMB,REG-04,2024-02-05,12.8,1078.4,32174.2,Active
CUST-01886,TechCorp 1886,Mid-Market,REG-01,2024-09-23,7.9,1001.9,10065.99,Churned
CUST-01887,Horizon Inc 1887,SMB,REG-01,2023-11-07,10.0,3050.62,104049.92,Churned
CUST-01888,TechCorp 1888,Mid-Market,REG-02,2025-09-21,19.2,7135.11,188370.86,Active
CUST-01889,Vanguard Solutions 1889,SMB,REG-01,2025-07-09,4.2,996.43,9420.17,Active
CUST-01890,Vanguard Solutions 1890,Enterprise,REG-01,2025-06-20,56.3,6503.3,451442.24,Churned
CUST-01891,Synergy Systems 1891,Government,REG-05,2024-12-12,18.1,2167.85,110518.64,Active
CUST-01892,Omni Digital 1892,Mid-Market,REG-01,2024-02-12,28.4,1209.29,80504.49,Active
CUST-01893,Nexus Dynamic 1893,Mid-Market,REG-01,2024-08-13,36.3,5596.27,692049.96,Active
CUST-01894,Quantum Labs 1894,Government,REG-02,2025-04-01,10.2,4274.02,148891.59,Active
CUST-01895,Vanguard Solutions 1895,Enterprise,REG-01,2025-06-13,36.4,10498.48,949848.14,Active
CUST-01896,Horizon Inc 1896,Enterprise,REG-03,2024-01-08,10.8,5356.62,178624.75,Active
CUST-01897,Omni Digital 1897,SMB,REG-05,2024-07-07,4.6,3073.18,28239.5,Active
CUST-01898,Starlight Media 1898,SMB,REG-04,2023-12-22,15.8,1016.72,44130.11,Active
CUST-01899,Horizon Inc 1899,Government,REG-03,2025-09-11,14.7,3911.3,185998.56,Active
CUST-01900,Synergy Systems 1900,Government,REG-04,2025-02-10,17.6,4321.77,246931.73,Active
CUST-01901,Vanguard Solutions 1901,Startup,REG-03,2024-07-07,13.4,3106.78,131450.46,Active
CUST-01902,Apex Global 1902,Government,REG-01,2025-04-23,14.3,1337.37,45003.18,Churned
CUST-01903,Horizon Inc 1903,Startup,REG-01,2023-09-18,18.8,2826.23,83887.34,Active
CUST-01904,Omni Digital 1904,Government,REG-01,2023-11-30,22.8,4933.79,276888.02,Active
CUST-01905,Quantum Labs 1905,Mid-Market,REG-05,2023-12-26,31.0,5814.61,625889.72,Active
CUST-01906,Synergy Systems 1906,Mid-Market,REG-02,2025-01-03,4.0,6555.16,61890.56,Churned
CUST-01907,Vanguard Solutions 1907,Enterprise,REG-03,2023-09-05,46.8,4680.0,368236.57,Active
CUST-01908,Apex Global 1908,Enterprise,REG-01,2023-02-01,22.0,3674.42,250887.28,Active
CUST-01909,Innovate X 1909,SMB,REG-04,2025-08-31,4.1,3807.06,42482.02,Churned
CUST-01910,Innovate X 1910,SMB,REG-03,2024-02-02,8.7,1563.25,35691.1,Active
CUST-01911,Quantum Labs 1911,Startup,REG-01,2024-11-26,10.8,610.31,12755.27,Churned
CUST-01912,Quantum Labs 1912,Government,REG-05,2025-02-27,5.6,4365.1,64204.44,Active
CUST-01913,Apex Global 1913,Enterprise,REG-04,2023-02-09,58.0,9470.02,768804.05,Active
CUST-01914,Horizon Inc 1914,Enterprise,REG-02,2025-01-11,50.9,8128.64,585954.95,Active
CUST-01915,Vanguard Solutions 1915,Mid-Market,REG-05,2024-04-25,5.2,3168.7,49225.37,Active
CUST-01916,Starlight Media 1916,Startup,REG-04,2023-04-08,2.2,949.34,6650.46,Active
CUST-01917,Starlight Media 1917,Government,REG-01,2024-05-29,7.9,2192.39,43293.03,Active
CUST-01918,Synergy Systems 1918,Enterprise,REG-03,2024-08-22,12.4,6925.73,137407.6,Active
CUST-01919,Vanguard Solutions 1919,Enterprise,REG-03,2024-09-07,23.9,2651.58,98610.0,Active
CUST-01920,Omni Digital 1920,Government,REG-04,2023-09-13,3.2,4822.64,47156.1,Active
CUST-01921,Quantum Labs 1921,Enterprise,REG-03,2023-07-07,18.1,10588.44,487216.6,Active
CUST-01922,Quantum Labs 1922,Enterprise,REG-01,2023-06-18,13.5,9273.74,422828.56,Active
CUST-01923,Starlight Media 1923,Government,REG-03,2025-03-24,21.9,857.82,45235.49,Active
CUST-01924,Apex Global 1924,Enterprise,REG-04,2024-04-30,7.8,6081.06,133508.07,Churned
CUST-01925,Apex Global 1925,SMB,REG-03,2024-05-01,9.2,3717.46,112356.51,Active
CUST-01926,Horizon Inc 1926,Enterprise,REG-02,2023-03-30,36.8,8478.73,694561.31,Active
CUST-01927,Starlight Media 1927,Startup,REG-03,2024-05-04,3.2,3264.99,16995.43,Active
CUST-01928,TechCorp 1928,Enterprise,REG-02,2023-07-27,14.0,2898.76,114174.79,Churned
CUST-01929,Synergy Systems 1929,Startup,REG-01,2023-04-26,11.4,1430.61,39470.84,Active
CUST-01930,Vanguard Solutions 1930,SMB,REG-02,2025-05-31,10.6,1247.46,36063.08,Active
CUST-01931,Synergy Systems 1931,Enterprise,REG-02,2024-02-02,35.9,8083.81,921410.97,Churned
CUST-01932,Synergy Systems 1932,Startup,REG-02,2025-05-31,15.7,2171.91,118551.74,Churned
CUST-01933,Omni Digital 1933,Mid-Market,REG-04,2025-05-09,26.5,7563.26,622192.46,Active
CUST-01934,Quantum Labs 1934,Enterprise,REG-03,2025-03-10,27.3,3522.36,276070.73,Active
CUST-01935,Omni Digital 1935,Startup,REG-02,2025-02-05,18.3,2177.78,134847.56,Active
CUST-01936,Omni Digital 1936,Mid-Market,REG-02,2024-09-05,22.8,4479.93,140203.47,Active
CUST-01937,Nexus Dynamic 1937,Enterprise,REG-05,2023-03-28,44.0,9659.0,1265515.51,Churned
CUST-01938,Innovate X 1938,Government,REG-03,2024-04-20,20.6,5930.06,242536.18,Active
CUST-01939,Innovate X 1939,SMB,REG-03,2025-05-25,19.1,2290.04,91329.32,Active
CUST-01940,Quantum Labs 1940,Startup,REG-05,2024-09-05,13.9,2508.96,79494.94,Churned
CUST-01941,Nexus Dynamic 1941,SMB,REG-05,2024-06-13,13.1,720.27,24975.67,Active
CUST-01942,Horizon Inc 1942,Startup,REG-05,2023-08-22,7.6,3670.34,91678.36,Active
CUST-01943,Vanguard Solutions 1943,SMB,REG-02,2025-04-25,8.0,2866.35,42206.45,Active
CUST-01944,Starlight Media 1944,Startup,REG-02,2025-04-01,15.9,1532.55,67750.01,Active
CUST-01945,Nexus Dynamic 1945,Startup,REG-03,2023-07-29,16.4,2536.12,66500.2,Active
CUST-01946,Quantum Labs 1946,Mid-Market,REG-02,2024-09-04,32.4,6812.72,357824.22,Active
CUST-01947,Synergy Systems 1947,SMB,REG-02,2024-02-06,10.7,1447.59,38828.91,Active
CUST-01948,TechCorp 1948,SMB,REG-05,2023-03-15,6.5,3882.8,77485.4,Active
CUST-01949,Innovate X 1949,Enterprise,REG-02,2025-04-11,56.4,11241.96,1424036.39,Active
CUST-01950,Quantum Labs 1950,SMB,REG-05,2024-08-04,9.6,1429.95,47464.67,Active
CUST-01951,TechCorp 1951,Startup,REG-01,2024-05-02,9.9,1596.0,24038.3,Churned
CUST-01952,Omni Digital 1952,Enterprise,REG-01,2023-10-12,11.8,7119.84,125439.02,Churned
CUST-01953,Nexus Dynamic 1953,Mid-Market,REG-01,2025-07-01,27.8,1419.16,57454.64,Active
CUST-01954,Starlight Media 1954,SMB,REG-04,2023-09-04,6.1,2664.09,40829.2,Active
CUST-01955,Omni Digital 1955,SMB,REG-02,2023-06-05,2.4,2544.42,18035.3,Active
CUST-01956,Nexus Dynamic 1956,Mid-Market,REG-05,2024-09-23,4.6,2122.77,24547.12,Active
CUST-01957,Synergy Systems 1957,Government,REG-01,2023-04-08,9.6,2883.61,48628.91,Active
CUST-01958,Omni Digital 1958,Mid-Market,REG-03,2023-04-20,4.1,5698.13,51419.2,Active
CUST-01959,Omni Digital 1959,Government,REG-02,2023-08-26,5.7,1180.48,19100.04,Active
CUST-01960,Starlight Media 1960,Startup,REG-04,2023-01-24,11.7,1451.03,54804.54,Active
CUST-01961,Horizon Inc 1961,SMB,REG-03,2023-01-22,11.0,2654.73,91341.13,Active
CUST-01962,Vanguard Solutions 1962,Mid-Market,REG-01,2024-09-07,34.1,5782.95,313008.95,Active
CUST-01963,Quantum Labs 1963,SMB,REG-03,2024-02-19,6.9,3002.27,67666.49,Active
CUST-01964,Innovate X 1964,Enterprise,REG-05,2023-09-07,40.9,2179.3,253144.14,Churned
CUST-01965,Omni Digital 1965,SMB,REG-03,2024-01-26,2.4,2027.02,10820.65,Active
CUST-01966,Vanguard Solutions 1966,SMB,REG-03,2023-08-23,6.8,3690.6,45114.62,Active
CUST-01967,TechCorp 1967,Startup,REG-05,2024-09-05,11.6,1184.99,17642.49,Active
CUST-01968,Apex Global 1968,Mid-Market,REG-01,2024-12-25,37.0,1646.64,170544.35,Churned
CUST-01969,Synergy Systems 1969,Startup,REG-03,2024-04-08,4.7,995.72,10307.71,Active
CUST-01970,Innovate X 1970,Mid-Market,REG-04,2023-11-16,10.0,1467.45,47034.17,Active
CUST-01971,Vanguard Solutions 1971,Mid-Market,REG-03,2024-07-15,20.9,3962.85,131377.25,Churned
CUST-01972,Quantum Labs 1972,Startup,REG-01,2023-03-10,15.9,1441.65,68794.91,Active
CUST-01973,Horizon Inc 1973,Startup,REG-03,2025-01-10,5.2,2367.8,20065.23,Active
CUST-01974,Synergy Systems 1974,Mid-Market,REG-03,2024-06-09,33.3,4506.39,488923.74,Active
CUST-01975,Nexus Dynamic 1975,Enterprise,REG-04,2023-06-09,51.7,4040.22,543217.75,Active
CUST-01976,TechCorp 1976,Government,REG-02,2024-04-10,7.7,1326.85,18092.77,Active
CUST-01977,Omni Digital 1977,Enterprise,REG-04,2023-05-20,6.0,6338.11,115505.5,Active
CUST-01978,Horizon Inc 1978,Startup,REG-05,2025-01-13,9.3,2337.68,74196.62,Active
CUST-01979,Synergy Systems 1979,Startup,REG-05,2025-01-05,17.1,1918.2,58330.03,Active
CUST-01980,Nexus Dynamic 1980,Startup,REG-04,2023-05-10,16.5,1224.13,52101.84,Active
CUST-01981,Vanguard Solutions 1981,Enterprise,REG-05,2025-07-14,28.3,5447.41,317470.41,Active
CUST-01982,Synergy Systems 1982,Enterprise,REG-02,2024-03-21,47.9,9378.65,1003983.9,Active
CUST-01983,Omni Digital 1983,SMB,REG-04,2023-09-08,4.6,3651.76,55071.32,Active
CUST-01984,Synergy Systems 1984,Government,REG-04,2024-01-16,26.8,3182.32,183906.0,Churned
CUST-01985,Omni Digital 1985,Enterprise,REG-03,2024-01-19,8.9,6383.44,118686.14,Active
CUST-01986,Quantum Labs 1986,Enterprise,REG-05,2023-10-29,25.2,6881.9,398415.11,Active
CUST-01987,Synergy Systems 1987,Enterprise,REG-03,2023-12-06,16.4,11180.85,290025.22,Active
CUST-01988,Omni Digital 1988,Startup,REG-03,2023-03-03,2.4,1265.43,7284.35,Churned
CUST-01989,Innovate X 1989,SMB,REG-05,2024-04-16,8.2,1642.91,27567.81,Active
CUST-01990,Innovate X 1990,Enterprise,REG-04,2025-02-15,32.3,9518.22,394492.37,Active
CUST-01991,Nexus Dynamic 1991,Startup,REG-01,2025-09-18,4.8,3386.5,31849.62,Active
CUST-01992,TechCorp 1992,Mid-Market,REG-02,2025-02-19,36.9,1652.33,126999.25,Active
CUST-01993,Synergy Systems 1993,Enterprise,REG-03,2023-01-13,57.5,3542.18,511098.49,Active
CUST-01994,TechCorp 1994,Government,REG-05,2024-08-04,9.9,5559.37,66117.09,Churned
CUST-01995,Quantum Labs 1995,SMB,REG-04,2025-03-16,3.2,2139.07,23661.56,Active
CUST-01996,Quantum Labs 1996,Enterprise,REG-01,2024-11-16,30.8,10943.76,882657.97,Active
CUST-01997,Horizon Inc 1997,SMB,REG-05,2024-07-25,11.9,3654.64,126419.8,Active
CUST-01998,Innovate X 1998,Startup,REG-02,2024-11-14,14.3,3007.97,103066.25,Active
CUST-01999,Quantum Labs 1999,Mid-Market,REG-02,2025-04-14,4.8,4383.77,41132.11,Active
CUST-02000,Starlight Media 2000,Government,REG-01,2025-09-01,19.0,4958.79,168891.27,Active
CUST-02001,Starlight Media 2001,Mid-Market,REG-02,2025-06-20,38.4,4250.43,253392.65,Churned
CUST-02002,Synergy Systems 2002,Startup,REG-03,2024-02-27,15.4,1967.52,59441.87,Churned
CUST-02003,Omni Digital 2003,Startup,REG-04,2025-08-29,18.7,732.12,26314.8,Active
CUST-02004,Nexus Dynamic 2004,Government,REG-04,2023-06-07,14.2,5886.38,164473.97,Active
CUST-02005,Omni Digital 2005,Mid-Market,REG-04,2025-06-19,39.9,7494.85,631460.23,Active
CUST-02006,Omni Digital 2006,Mid-Market,REG-03,2023-09-07,26.0,2154.26,87720.78,Active
CUST-02007,Apex Global 2007,Enterprise,REG-01,2023-03-26,10.4,9243.02,148527.07,Active
CUST-02008,Horizon Inc 2008,Mid-Market,REG-01,2023-01-03,21.0,1228.79,48261.63,Active
CUST-02009,Apex Global 2009,Startup,REG-01,2023-02-11,5.0,1584.19,11326.44,Active
CUST-02010,Quantum Labs 2010,Enterprise,REG-05,2023-01-01,50.4,3518.61,282117.91,Active
CUST-02011,Synergy Systems 2011,Enterprise,REG-03,2024-08-30,21.7,10286.92,304675.05,Active
CUST-02012,Quantum Labs 2012,Enterprise,REG-04,2024-09-12,52.0,3152.64,489348.34,Active
CUST-02013,Quantum Labs 2013,Startup,REG-02,2024-12-06,7.1,1876.88,26370.69,Active
CUST-02014,Vanguard Solutions 2014,Government,REG-03,2025-09-01,16.7,2291.68,108039.65,Active
CUST-02015,Innovate X 2015,SMB,REG-03,2023-08-04,6.3,1020.52,10010.41,Churned
CUST-02016,Horizon Inc 2016,Enterprise,REG-02,2023-04-21,59.9,2824.15,484217.42,Active
CUST-02017,Starlight Media 2017,SMB,REG-05,2023-09-02,14.9,2023.67,44686.96,Active
CUST-02018,Omni Digital 2018,Startup,REG-03,2025-08-17,14.8,3634.56,145732.86,Active
CUST-02019,Quantum Labs 2019,Mid-Market,REG-03,2023-03-09,5.8,6887.85,121779.87,Active
CUST-02020,Omni Digital 2020,Government,REG-04,2025-03-13,22.1,2448.79,81484.64,Active
CUST-02021,Omni Digital 2021,SMB,REG-05,2025-06-07,14.6,526.04,23051.12,Active
CUST-02022,Innovate X 2022,Enterprise,REG-04,2025-06-15,59.4,3055.76,586956.54,Active
CUST-02023,Horizon Inc 2023,Government,REG-03,2025-07-18,8.5,1697.69,18592.56,Churned
CUST-02024,Vanguard Solutions 2024,SMB,REG-05,2024-01-17,8.1,866.09,20867.84,Active
CUST-02025,Omni Digital 2025,Mid-Market,REG-02,2023-12-07,28.5,7004.42,581175.21,Active
CUST-02026,TechCorp 2026,Startup,REG-05,2024-09-19,18.7,1188.31,66005.04,Active
CUST-02027,TechCorp 2027,Government,REG-05,2024-07-14,10.8,5983.15,145377.86,Active
CUST-02028,Quantum Labs 2028,Government,REG-05,2024-10-04,29.1,1079.69,97649.29,Active
CUST-02029,TechCorp 2029,Startup,REG-05,2023-08-25,18.6,3421.81,109003.96,Active
CUST-02030,Quantum Labs 2030,Mid-Market,REG-05,2023-09-18,18.2,1030.0,32378.24,Active
CUST-02031,Starlight Media 2031,Mid-Market,REG-04,2023-01-03,19.5,7710.46,457902.97,Active
CUST-02032,Innovate X 2032,Government,REG-01,2024-05-28,26.5,4596.94,361021.58,Active
CUST-02033,Vanguard Solutions 2033,Enterprise,REG-04,2024-08-17,17.5,8443.53,275041.02,Churned
CUST-02034,Apex Global 2034,Government,REG-05,2025-01-13,11.9,3611.58,71368.56,Active
CUST-02035,Synergy Systems 2035,SMB,REG-02,2025-08-27,10.6,848.11,30039.87,Active
CUST-02036,Nexus Dynamic 2036,SMB,REG-03,2024-03-01,4.9,1992.57,28090.56,Active
CUST-02037,TechCorp 2037,SMB,REG-05,2024-12-09,11.9,740.06,30475.38,Active
CUST-02038,Quantum Labs 2038,Mid-Market,REG-01,2025-03-08,31.7,6309.14,364223.03,Active
CUST-02039,Innovate X 2039,SMB,REG-01,2024-05-27,15.8,3228.38,115798.44,Churned
CUST-02040,Nexus Dynamic 2040,SMB,REG-01,2023-12-31,16.2,1736.34,58848.79,Active
CUST-02041,Horizon Inc 2041,Enterprise,REG-05,2025-04-03,58.3,9548.08,1938200.76,Active
CUST-02042,Horizon Inc 2042,Mid-Market,REG-05,2025-04-14,28.8,2359.19,236417.64,Active
CUST-02043,Omni Digital 2043,Enterprise,REG-03,2025-05-23,27.0,9445.94,366801.52,Active
CUST-02044,Vanguard Solutions 2044,Mid-Market,REG-02,2023-07-14,26.4,4383.96,294967.93,Active
CUST-02045,TechCorp 2045,Government,REG-05,2025-02-28,15.4,2441.62,77021.89,Active
CUST-02046,Horizon Inc 2046,Government,REG-02,2023-01-04,18.4,839.89,42166.71,Active
CUST-02047,Starlight Media 2047,Government,REG-01,2025-09-19,11.5,3183.28,55218.47,Churned
CUST-02048,Horizon Inc 2048,Startup,REG-01,2024-08-30,4.4,2230.21,34258.02,Active
CUST-02049,Omni Digital 2049,Enterprise,REG-05,2025-04-10,7.8,10269.88,154543.01,Active
CUST-02050,Nexus Dynamic 2050,SMB,REG-01,2025-05-29,3.9,3786.67,40303.3,Active
CUST-02051,Apex Global 2051,Government,REG-02,2023-10-15,12.2,2913.16,48730.14,Active
CUST-02052,Apex Global 2052,Government,REG-03,2025-01-26,11.1,869.34,33357.8,Active
CUST-02053,Horizon Inc 2053,Mid-Market,REG-05,2024-09-09,25.6,1700.86,63604.46,Active
CUST-02054,Nexus Dynamic 2054,SMB,REG-01,2023-07-07,12.4,2537.8,43468.67,Churned
CUST-02055,Starlight Media 2055,Startup,REG-05,2025-07-23,17.5,3340.52,143958.69,Active
CUST-02056,Omni Digital 2056,SMB,REG-05,2024-11-04,7.4,3633.64,78792.5,Churned
CUST-02057,TechCorp 2057,Enterprise,REG-03,2023-10-03,46.0,2937.36,191452.79,Active
CUST-02058,Innovate X 2058,Enterprise,REG-04,2023-02-13,31.3,5291.85,405228.8,Active
CUST-02059,Apex Global 2059,Startup,REG-02,2023-03-25,8.0,1147.95,30414.02,Active
CUST-02060,Starlight Media 2060,Enterprise,REG-04,2023-08-12,45.4,2829.94,372214.98,Active
CUST-02061,Vanguard Solutions 2061,Mid-Market,REG-04,2023-01-06,28.5,7125.51,513051.53,Active
CUST-02062,Starlight Media 2062,Government,REG-05,2023-09-01,4.6,1857.79,23362.85,Active
CUST-02063,Vanguard Solutions 2063,SMB,REG-03,2023-05-20,9.3,2567.7,78676.54,Active
CUST-02064,Omni Digital 2064,Startup,REG-01,2024-12-24,9.6,2769.18,62330.68,Active
CUST-02065,Apex Global 2065,Startup,REG-02,2025-02-03,6.6,948.67,10168.37,Active
CUST-02066,Omni Digital 2066,Mid-Market,REG-02,2024-12-29,5.4,7987.01,125646.94,Active
CUST-02067,TechCorp 2067,Mid-Market,REG-02,2023-10-11,38.5,5022.02,521896.27,Active
CUST-02068,Horizon Inc 2068,Government,REG-01,2023-12-16,8.6,1508.01,37167.82,Active
CUST-02069,Synergy Systems 2069,SMB,REG-04,2024-01-23,13.9,2881.1,88898.86,Active
CUST-02070,Quantum Labs 2070,Mid-Market,REG-04,2023-12-28,10.8,5661.0,206499.96,Active
CUST-02071,TechCorp 2071,SMB,REG-04,2023-02-20,6.5,2016.53,20510.42,Active
CUST-02072,Synergy Systems 2072,Government,REG-05,2023-10-24,8.5,1329.69,21028.99,Active
CUST-02073,Vanguard Solutions 2073,Government,REG-01,2024-04-29,24.2,3530.36,217765.75,Active
CUST-02074,Quantum Labs 2074,Government,REG-02,2024-12-05,26.3,5157.21,463337.2,Active
CUST-02075,Starlight Media 2075,Mid-Market,REG-04,2025-07-15,8.8,6467.05,152746.94,Active
CUST-02076,Starlight Media 2076,Startup,REG-02,2023-04-23,6.8,1797.92,21836.18,Churned
CUST-02077,Nexus Dynamic 2077,SMB,REG-04,2023-01-21,3.1,3850.04,17262.65,Active
CUST-02078,Quantum Labs 2078,Mid-Market,REG-05,2025-05-26,26.1,6592.96,416220.53,Active
CUST-02079,Innovate X 2079,Startup,REG-01,2023-06-02,19.3,1645.82,88500.71,Active
CUST-02080,Nexus Dynamic 2080,SMB,REG-01,2024-05-07,5.5,879.63,9214.28,Active
CUST-02081,Horizon Inc 2081,SMB,REG-05,2023-07-24,13.3,2844.43,128984.68,Active
CUST-02082,Horizon Inc 2082,Enterprise,REG-04,2024-04-28,39.7,10847.7,838415.82,Active
CUST-02083,Apex Global 2083,Government,REG-02,2024-06-29,12.0,1944.78,79399.63,Churned
CUST-02084,Starlight Media 2084,Enterprise,REG-05,2025-07-06,13.4,5812.72,101328.97,Active
CUST-02085,Vanguard Solutions 2085,Enterprise,REG-01,2024-11-28,59.4,7259.96,1230069.82,Active
CUST-02086,Nexus Dynamic 2086,Mid-Market,REG-03,2023-04-10,5.3,1081.88,14628.77,Churned
CUST-02087,Nexus Dynamic 2087,Startup,REG-04,2025-07-03,5.8,1692.85,17127.76,Churned
CUST-02088,Starlight Media 2088,Startup,REG-05,2025-02-03,13.3,3163.19,54758.54,Active
CUST-02089,Horizon Inc 2089,Mid-Market,REG-01,2025-08-06,34.3,6719.46,391264.25,Active
CUST-02090,Horizon Inc 2090,Enterprise,REG-01,2024-05-30,37.5,11210.52,772954.52,Active
CUST-02091,TechCorp 2091,SMB,REG-04,2024-07-23,14.5,594.15,12270.38,Active
CUST-02092,Vanguard Solutions 2092,SMB,REG-02,2023-06-26,16.8,1319.77,28911.79,Active
CUST-02093,Apex Global 2093,Mid-Market,REG-02,2023-10-30,20.6,5631.63,199416.7,Churned
CUST-02094,Apex Global 2094,Mid-Market,REG-03,2024-10-04,31.2,6327.65,615942.32,Active
CUST-02095,Omni Digital 2095,Mid-Market,REG-04,2024-01-23,4.3,3621.75,37780.88,Active
CUST-02096,Synergy Systems 2096,Enterprise,REG-01,2025-02-21,14.5,2268.74,70880.0,Active
CUST-02097,Innovate X 2097,SMB,REG-05,2024-12-31,12.0,2870.0,116576.78,Active
CUST-02098,Quantum Labs 2098,SMB,REG-04,2023-06-11,16.9,2579.94,118559.29,Active
CUST-02099,TechCorp 2099,Government,REG-02,2024-09-17,25.6,3086.65,152203.31,Active
CUST-02100,Apex Global 2100,Mid-Market,REG-04,2023-10-30,17.5,4748.13,276919.08,Active
CUST-02101,Omni Digital 2101,Mid-Market,REG-01,2023-08-24,30.5,4734.8,458001.38,Active
CUST-02102,TechCorp 2102,Startup,REG-02,2023-02-24,11.3,2386.59,46740.16,Churned
CUST-02103,Starlight Media 2103,Startup,REG-05,2024-07-10,17.9,1345.23,59482.38,Active
CUST-02104,Vanguard Solutions 2104,Enterprise,REG-03,2023-09-25,23.9,2929.89,112747.16,Active
CUST-02105,Starlight Media 2105,Mid-Market,REG-02,2024-12-16,26.9,4625.69,328141.15,Churned
CUST-02106,TechCorp 2106,Enterprise,REG-03,2024-04-16,14.9,4401.27,206483.08,Churned
CUST-02107,Innovate X 2107,Enterprise,REG-01,2025-06-02,49.7,1818.65,175508.07,Active
CUST-02108,Starlight Media 2108,Enterprise,REG-01,2024-12-05,16.3,11507.43,267476.28,Active
CUST-02109,Horizon Inc 2109,SMB,REG-01,2025-03-17,13.4,3890.25,65653.52,Churned
CUST-02110,Nexus Dynamic 2110,SMB,REG-04,2024-11-19,4.1,3699.91,40728.88,Active
CUST-02111,Quantum Labs 2111,Mid-Market,REG-01,2024-07-12,33.3,5202.44,437552.92,Active
CUST-02112,Horizon Inc 2112,Startup,REG-01,2023-06-04,5.2,3171.3,38806.97,Active
CUST-02113,Nexus Dynamic 2113,Government,REG-04,2023-02-11,16.7,3203.39,69627.81,Churned
CUST-02114,Synergy Systems 2114,Mid-Market,REG-04,2023-12-20,26.9,1620.82,124912.78,Active
CUST-02115,Horizon Inc 2115,Government,REG-04,2024-07-30,6.3,2918.11,55790.4,Active
CUST-02116,Starlight Media 2116,SMB,REG-01,2024-01-10,7.6,1095.82,21042.93,Active
CUST-02117,Quantum Labs 2117,Enterprise,REG-04,2023-02-24,28.0,4024.09,291245.13,Active
CUST-02118,Starlight Media 2118,Startup,REG-03,2025-03-16,20.0,3203.28,191608.15,Active
CUST-02119,Nexus Dynamic 2119,Mid-Market,REG-02,2023-03-08,6.2,6613.96,136745.32,Active
CUST-02120,Nexus Dynamic 2120,Startup,REG-01,2025-06-30,12.0,2352.51,34198.95,Active
CUST-02121,Vanguard Solutions 2121,Mid-Market,REG-05,2025-08-29,21.1,7163.18,267936.7,Active
CUST-02122,Innovate X 2122,Startup,REG-01,2024-02-14,6.8,1042.01,9570.76,Active
CUST-02123,Synergy Systems 2123,SMB,REG-02,2024-06-18,12.3,2843.23,100727.99,Active
CUST-02124,Starlight Media 2124,Enterprise,REG-02,2025-06-19,28.7,9028.41,530406.56,Active
CUST-02125,Omni Digital 2125,Government,REG-02,2023-04-17,11.4,4836.05,76576.2,Active
CUST-02126,TechCorp 2126,SMB,REG-04,2023-06-10,8.4,3126.03,77269.06,Active
CUST-02127,Nexus Dynamic 2127,Mid-Market,REG-04,2025-03-18,12.2,5730.26,138548.84,Active
CUST-02128,Nexus Dynamic 2128,Mid-Market,REG-01,2024-11-15,7.0,3640.9,54686.99,Active
CUST-02129,Apex Global 2129,Startup,REG-05,2025-09-10,16.7,2268.26,125440.12,Active
CUST-02130,Synergy Systems 2130,SMB,REG-02,2024-07-23,14.6,2315.61,105141.1,Active
CUST-02131,TechCorp 2131,Government,REG-05,2025-05-01,21.8,4286.81,185207.51,Active
CUST-02132,Starlight Media 2132,SMB,REG-02,2023-07-29,18.5,1231.28,67415.94,Active
CUST-02133,Apex Global 2133,SMB,REG-05,2023-11-19,17.9,927.63,47745.42,Active
CUST-02134,Starlight Media 2134,Enterprise,REG-01,2024-12-29,38.4,7025.22,771235.34,Active
CUST-02135,Vanguard Solutions 2135,Enterprise,REG-05,2025-09-26,16.7,7729.84,342214.35,Active
CUST-02136,Apex Global 2136,Mid-Market,REG-04,2024-10-21,15.6,2580.02,129981.13,Active
CUST-02137,Quantum Labs 2137,Enterprise,REG-05,2025-02-18,33.3,9463.18,615473.03,Active
CUST-02138,Synergy Systems 2138,Startup,REG-04,2025-03-08,11.9,3524.06,136343.13,Churned
CUST-02139,Synergy Systems 2139,Mid-Market,REG-01,2025-04-10,5.1,1747.22,26650.98,Churned
CUST-02140,Quantum Labs 2140,Startup,REG-05,2025-08-04,2.2,2909.39,12595.6,Active
CUST-02141,TechCorp 2141,SMB,REG-03,2025-04-22,19.6,918.95,51638.54,Active
CUST-02142,Nexus Dynamic 2142,Startup,REG-02,2024-02-06,8.6,3272.29,42438.53,Churned
CUST-02143,Starlight Media 2143,Startup,REG-01,2025-04-07,4.2,2340.86,29251.95,Active
CUST-02144,Omni Digital 2144,SMB,REG-02,2023-08-25,9.1,2170.71,61779.94,Active
CUST-02145,Apex Global 2145,Mid-Market,REG-02,2025-04-14,30.0,7591.2,590999.33,Active
CUST-02146,Nexus Dynamic 2146,Mid-Market,REG-04,2023-10-09,16.1,3927.88,89300.67,Active
CUST-02147,Horizon Inc 2147,Mid-Market,REG-05,2024-07-02,18.7,6230.02,362091.06,Active
CUST-02148,Apex Global 2148,Mid-Market,REG-04,2025-08-16,18.2,4047.6,222375.3,Churned
CUST-02149,TechCorp 2149,Enterprise,REG-02,2024-03-12,48.1,1688.67,105345.98,Active
CUST-02150,TechCorp 2150,Startup,REG-02,2024-01-05,9.0,3595.89,45414.15,Active
CUST-02151,Synergy Systems 2151,Government,REG-02,2024-12-02,15.3,2431.99,108423.53,Churned
CUST-02152,Omni Digital 2152,Mid-Market,REG-03,2025-07-08,16.3,1364.36,48670.75,Active
CUST-02153,Synergy Systems 2153,Startup,REG-01,2024-05-12,13.3,2198.45,86402.95,Active
CUST-02154,Nexus Dynamic 2154,Startup,REG-02,2024-06-21,17.0,1516.4,88039.68,Churned
CUST-02155,Quantum Labs 2155,Startup,REG-01,2025-03-23,11.5,2066.01,39116.04,Active
CUST-02156,Apex Global 2156,Startup,REG-05,2023-05-20,9.3,1241.86,30996.14,Active
CUST-02157,Starlight Media 2157,Enterprise,REG-01,2024-11-14,26.0,8756.63,282660.86,Active
CUST-02158,TechCorp 2158,SMB,REG-05,2024-08-17,14.7,3311.5,90409.56,Active
CUST-02159,Omni Digital 2159,Government,REG-03,2024-08-19,24.8,2864.99,182962.23,Active
CUST-02160,Innovate X 2160,Startup,REG-05,2025-04-07,8.8,3231.82,53516.91,Active
CUST-02161,Omni Digital 2161,Startup,REG-04,2023-04-02,18.0,1534.42,67146.15,Active
CUST-02162,Nexus Dynamic 2162,Startup,REG-02,2023-05-31,7.9,860.3,8488.18,Active
CUST-02163,Synergy Systems 2163,Startup,REG-05,2025-03-22,19.5,1180.58,36898.2,Active
CUST-02164,TechCorp 2164,Mid-Market,REG-03,2025-03-10,9.1,7783.77,150850.71,Active
CUST-02165,Quantum Labs 2165,Government,REG-05,2024-12-17,3.6,3679.02,20615.05,Active
CUST-02166,Vanguard Solutions 2166,Government,REG-01,2024-10-19,14.9,4683.7,133422.81,Active
CUST-02167,Starlight Media 2167,Startup,REG-05,2023-08-14,7.9,2818.9,73223.23,Active
CUST-02168,Horizon Inc 2168,Mid-Market,REG-05,2025-02-14,4.6,6731.41,57433.34,Churned
CUST-02169,Starlight Media 2169,Government,REG-01,2025-10-02,6.8,4399.5,77873.39,Active
CUST-02170,Apex Global 2170,Mid-Market,REG-04,2024-08-27,31.5,4811.5,232982.74,Active
CUST-02171,TechCorp 2171,Startup,REG-04,2024-08-09,8.8,1924.24,23155.45,Active
CUST-02172,Vanguard Solutions 2172,Startup,REG-04,2025-04-08,9.7,2852.04,76826.32,Churned
CUST-02173,Nexus Dynamic 2173,Startup,REG-03,2024-08-08,8.1,3733.39,44647.85,Active
CUST-02174,TechCorp 2174,Government,REG-05,2023-06-02,9.5,4930.49,89684.27,Active
CUST-02175,Innovate X 2175,Enterprise,REG-02,2024-05-04,46.6,1510.27,192538.04,Active
CUST-02176,Vanguard Solutions 2176,Government,REG-04,2023-03-06,30.0,1363.12,141213.63,Active
CUST-02177,TechCorp 2177,Enterprise,REG-01,2024-11-15,16.4,7924.84,402143.66,Active
CUST-02178,Innovate X 2178,Enterprise,REG-01,2024-01-20,34.5,7926.71,503807.86,Active
CUST-02179,Innovate X 2179,Enterprise,REG-03,2023-02-25,30.5,9623.37,934740.35,Active
CUST-02180,TechCorp 2180,Government,REG-04,2024-10-04,6.9,4582.38,53978.17,Active
CUST-02181,Synergy Systems 2181,Government,REG-04,2024-03-29,19.2,2801.37,71741.17,Active
CUST-02182,Quantum Labs 2182,Government,REG-04,2024-11-18,6.5,1470.26,11895.82,Active
CUST-02183,Nexus Dynamic 2183,Government,REG-04,2025-08-03,4.3,1595.1,19262.24,Active
CUST-02184,Vanguard Solutions 2184,Enterprise,REG-04,2025-08-17,34.3,7102.13,329951.48,Active
CUST-02185,Synergy Systems 2185,Government,REG-02,2023-04-02,28.3,5759.51,313382.36,Active
CUST-02186,TechCorp 2186,Mid-Market,REG-03,2025-07-26,38.6,1760.99,166725.55,Churned
CUST-02187,Omni Digital 2187,Mid-Market,REG-02,2024-11-25,7.7,5220.49,48280.27,Churned
CUST-02188,Horizon Inc 2188,Mid-Market,REG-05,2025-09-30,28.1,1926.49,126686.37,Active
CUST-02189,Nexus Dynamic 2189,Government,REG-01,2023-07-14,8.9,1140.26,27766.96,Active
CUST-02190,Omni Digital 2190,Startup,REG-01,2025-01-13,19.3,3525.95,132219.51,Churned
CUST-02191,Vanguard Solutions 2191,SMB,REG-05,2023-02-14,19.5,830.81,29702.56,Active
CUST-02192,Synergy Systems 2192,Government,REG-02,2024-11-29,9.8,1283.48,28702.17,Churned
CUST-02193,Apex Global 2193,Government,REG-04,2024-11-14,16.9,5554.65,128880.05,Active
CUST-02194,Omni Digital 2194,Government,REG-05,2024-07-03,25.3,1287.27,53567.29,Active
CUST-02195,Quantum Labs 2195,Mid-Market,REG-05,2024-07-13,16.2,6808.23,331333.0,Active
CUST-02196,Starlight Media 2196,Mid-Market,REG-04,2025-06-06,33.7,7123.13,585847.42,Active
CUST-02197,Quantum Labs 2197,Mid-Market,REG-05,2024-11-28,39.9,3858.98,304633.7,Active
CUST-02198,Apex Global 2198,Enterprise,REG-04,2025-03-15,44.0,7218.28,846191.72,Active
CUST-02199,Starlight Media 2199,Government,REG-04,2024-12-17,4.6,5269.75,56768.87,Active
CUST-02200,Synergy Systems 2200,Mid-Market,REG-01,2024-01-09,31.5,3632.82,175123.56,Active
CUST-02201,Horizon Inc 2201,Mid-Market,REG-02,2024-10-06,16.6,5717.18,132699.76,Active
CUST-02202,Synergy Systems 2202,Enterprise,REG-03,2024-07-06,59.4,11339.12,1872127.75,Active
CUST-02203,Innovate X 2203,Enterprise,REG-05,2024-10-28,47.6,3329.25,547983.69,Churned
CUST-02204,Nexus Dynamic 2204,Government,REG-04,2025-02-12,19.0,957.03,46521.85,Active
CUST-02205,Synergy Systems 2205,Mid-Market,REG-04,2024-09-30,25.9,3021.63,192322.14,Churned
CUST-02206,Starlight Media 2206,Mid-Market,REG-01,2025-05-21,15.9,1237.38,50993.59,Active
CUST-02207,Innovate X 2207,Government,REG-05,2025-01-03,21.7,3413.65,138618.47,Churned
CUST-02208,Starlight Media 2208,SMB,REG-05,2024-06-08,12.0,731.06,12222.44,Active
CUST-02209,Horizon Inc 2209,Startup,REG-04,2025-09-12,16.6,3695.22,171701.37,Active
CUST-02210,Synergy Systems 2210,Mid-Market,REG-02,2025-07-05,23.6,4133.05,224194.01,Active
CUST-02211,Quantum Labs 2211,Enterprise,REG-05,2024-04-07,20.8,9692.6,688707.41,Churned
CUST-02212,Omni Digital 2212,Government,REG-05,2024-06-28,16.3,3595.38,185844.55,Active
CUST-02213,Vanguard Solutions 2213,Startup,REG-04,2025-01-05,17.2,3429.66,88356.71,Active
CUST-02214,Synergy Systems 2214,Government,REG-01,2025-03-20,20.4,2420.83,118824.57,Active
CUST-02215,Omni Digital 2215,Mid-Market,REG-03,2023-02-23,29.0,7181.14,567741.84,Active
CUST-02216,Nexus Dynamic 2216,Government,REG-05,2023-12-06,21.5,3738.27,102110.32,Churned
CUST-02217,Starlight Media 2217,Startup,REG-02,2025-03-08,15.4,3483.69,97487.51,Active
CUST-02218,Synergy Systems 2218,Government,REG-04,2024-08-30,13.6,1486.86,62703.76,Active
CUST-02219,Vanguard Solutions 2219,Mid-Market,REG-02,2024-11-30,23.2,5032.37,212402.81,Active
CUST-02220,Nexus Dynamic 2220,Mid-Market,REG-05,2025-09-10,36.5,5008.16,262705.36,Active
CUST-02221,Horizon Inc 2221,Enterprise,REG-03,2023-07-11,34.8,5047.82,610534.16,Active
CUST-02222,Vanguard Solutions 2222,Government,REG-02,2025-09-18,18.5,2869.17,135617.74,Active
CUST-02223,Starlight Media 2223,SMB,REG-05,2024-09-14,16.1,1795.18,49543.72,Active
CUST-02224,Nexus Dynamic 2224,Enterprise,REG-05,2024-12-28,27.1,5340.94,490485.2,Active
CUST-02225,Nexus Dynamic 2225,Government,REG-05,2023-11-29,3.4,2432.32,19201.58,Active
CUST-02226,Innovate X 2226,Mid-Market,REG-01,2023-07-18,15.0,5362.26,258902.66,Active
CUST-02227,Horizon Inc 2227,Enterprise,REG-01,2025-07-24,32.0,6584.62,275573.54,Active
CUST-02228,Apex Global 2228,Startup,REG-02,2023-10-03,16.3,801.04,26606.34,Active
CUST-02229,Synergy Systems 2229,SMB,REG-03,2024-04-09,3.9,3396.6,22059.58,Active
CUST-02230,Apex Global 2230,SMB,REG-05,2025-06-26,5.9,1968.19,33374.23,Active
CUST-02231,Synergy Systems 2231,Mid-Market,REG-04,2024-04-03,34.7,1320.55,156144.02,Active
CUST-02232,Omni Digital 2232,Enterprise,REG-03,2025-08-31,47.6,2414.94,343194.4,Active
CUST-02233,Innovate X 2233,Startup,REG-05,2025-08-28,20.0,2936.28,141209.13,Active
CUST-02234,Horizon Inc 2234,Mid-Market,REG-04,2023-01-07,13.8,1908.43,82770.23,Active
CUST-02235,Omni Digital 2235,Government,REG-02,2025-06-30,6.7,2487.19,51007.79,Active
CUST-02236,Quantum Labs 2236,Government,REG-01,2025-09-05,11.8,4807.86,134162.21,Active
CUST-02237,Horizon Inc 2237,Startup,REG-04,2023-10-14,7.4,1086.56,18760.5,Active
CUST-02238,Horizon Inc 2238,SMB,REG-05,2024-10-09,8.1,2559.12,70860.23,Active
CUST-02239,Apex Global 2239,Startup,REG-03,2023-07-02,11.0,1565.9,45010.04,Churned
CUST-02240,Nexus Dynamic 2240,Government,REG-03,2023-01-27,6.7,5217.82,112909.3,Churned
CUST-02241,Apex Global 2241,SMB,REG-02,2024-08-23,13.7,1312.31,61207.6,Churned
CUST-02242,Omni Digital 2242,SMB,REG-03,2023-03-12,5.8,1633.92,21845.93,Active
CUST-02243,Omni Digital 2243,Startup,REG-02,2024-11-29,3.8,1561.42,18735.18,Active
CUST-02244,Vanguard Solutions 2244,Government,REG-05,2024-09-26,29.9,3325.8,233592.3,Active
CUST-02245,Synergy Systems 2245,Government,REG-04,2025-07-09,20.2,3065.59,209538.58,Active
CUST-02246,Nexus Dynamic 2246,Enterprise,REG-02,2024-01-11,51.7,11840.29,1725309.06,Active
CUST-02247,Apex Global 2247,Mid-Market,REG-01,2024-06-22,11.9,6694.97,225259.47,Active
CUST-02248,TechCorp 2248,Mid-Market,REG-02,2025-05-06,6.3,2401.27,23136.6,Active
CUST-02249,Omni Digital 2249,SMB,REG-05,2023-04-05,3.1,3084.04,30943.68,Active
CUST-02250,Quantum Labs 2250,SMB,REG-04,2023-06-13,5.7,2434.61,27664.58,Active
CUST-02251,Quantum Labs 2251,Government,REG-05,2024-12-24,5.4,3144.14,51103.54,Active
CUST-02252,Omni Digital 2252,Government,REG-03,2023-09-24,23.2,2656.73,162952.96,Active
CUST-02253,Quantum Labs 2253,Mid-Market,REG-05,2025-08-22,5.2,1997.12,14617.32,Active
CUST-02254,Quantum Labs 2254,Government,REG-05,2023-09-04,22.7,2810.6,157176.68,Active
CUST-02255,Vanguard Solutions 2255,Enterprise,REG-04,2023-06-29,9.4,8718.57,135728.12,Active
CUST-02256,Synergy Systems 2256,Startup,REG-05,2025-09-16,5.4,3432.51,23490.35,Active
CUST-02257,Omni Digital 2257,Startup,REG-05,2025-07-20,13.1,3093.48,130796.55,Active
CUST-02258,Synergy Systems 2258,SMB,REG-05,2023-03-19,13.5,1326.95,44184.73,Active
CUST-02259,Horizon Inc 2259,SMB,REG-03,2024-12-20,19.4,3262.73,200531.59,Active
CUST-02260,Quantum Labs 2260,Startup,REG-03,2023-10-01,9.5,2211.86,56368.48,Active
CUST-02261,Nexus Dynamic 2261,Mid-Market,REG-02,2025-04-07,18.2,2729.95,61857.38,Active
CUST-02262,Innovate X 2262,Startup,REG-04,2024-09-17,14.9,907.68,44015.61,Active
CUST-02263,Innovate X 2263,Government,REG-01,2023-07-11,18.4,3060.74,88576.69,Active
CUST-02264,Horizon Inc 2264,Government,REG-05,2025-07-21,16.4,1340.69,51181.05,Active
CUST-02265,Apex Global 2265,Mid-Market,REG-05,2025-09-01,24.1,7404.87,313899.83,Churned
CUST-02266,TechCorp 2266,Mid-Market,REG-03,2024-02-11,30.3,6082.77,244183.76,Active
CUST-02267,Starlight Media 2267,Enterprise,REG-03,2025-02-18,35.9,7869.09,949588.66,Active
CUST-02268,Horizon Inc 2268,Startup,REG-05,2025-06-03,12.2,1722.6,35397.77,Active
CUST-02269,TechCorp 2269,Startup,REG-03,2023-07-09,6.3,2372.46,49710.5,Active
CUST-02270,Innovate X 2270,Mid-Market,REG-01,2023-10-12,39.2,2654.01,217651.79,Churned
CUST-02271,Innovate X 2271,Startup,REG-03,2023-04-23,10.3,1714.11,56588.84,Active
CUST-02272,Innovate X 2272,Enterprise,REG-01,2025-03-08,14.1,7560.48,318977.57,Active
CUST-02273,Vanguard Solutions 2273,SMB,REG-01,2023-04-05,7.5,2172.89,44060.27,Active
CUST-02274,Vanguard Solutions 2274,Enterprise,REG-05,2025-04-23,16.6,1551.58,55526.41,Active
CUST-02275,Synergy Systems 2275,Startup,REG-04,2023-04-06,13.0,903.1,24830.56,Active
CUST-02276,Quantum Labs 2276,Enterprise,REG-02,2023-06-11,12.4,8711.25,303634.67,Active
CUST-02277,Omni Digital 2277,Mid-Market,REG-01,2023-04-28,25.8,6222.15,225585.91,Churned
CUST-02278,Horizon Inc 2278,Enterprise,REG-02,2025-07-24,15.8,2770.05,125166.13,Active
CUST-02279,Nexus Dynamic 2279,Startup,REG-04,2025-08-12,6.5,3739.19,70910.96,Active
CUST-02280,Nexus Dynamic 2280,Startup,REG-02,2024-03-17,8.8,1229.41,13316.23,Active
CUST-02281,Starlight Media 2281,Startup,REG-01,2023-06-03,15.8,1487.16,33625.68,Active
CUST-02282,Synergy Systems 2282,Government,REG-05,2023-05-24,27.9,5264.18,370964.05,Active
CUST-02283,Horizon Inc 2283,Mid-Market,REG-05,2023-10-21,17.5,1119.8,60620.75,Active
CUST-02284,Vanguard Solutions 2284,SMB,REG-04,2025-05-09,16.2,3336.63,156363.61,Churned
CUST-02285,Apex Global 2285,Startup,REG-05,2023-12-20,4.3,2930.96,29517.58,Churned
CUST-02286,Starlight Media 2286,Mid-Market,REG-04,2023-05-02,9.1,2335.3,71210.5,Active
CUST-02287,Apex Global 2287,SMB,REG-04,2023-11-11,15.7,956.17,47236.15,Active
CUST-02288,Synergy Systems 2288,Mid-Market,REG-01,2023-05-25,39.6,7511.3,645954.06,Active
CUST-02289,Apex Global 2289,Government,REG-02,2024-07-24,16.4,1066.62,45093.28,Churned
CUST-02290,Starlight Media 2290,Government,REG-04,2025-06-01,19.0,2914.79,83014.56,Active
CUST-02291,TechCorp 2291,Enterprise,REG-03,2023-11-24,20.1,10572.58,659598.93,Active
CUST-02292,Omni Digital 2292,Mid-Market,REG-03,2023-02-03,13.0,1872.86,63719.38,Active
CUST-02293,Innovate X 2293,Government,REG-05,2025-07-25,23.7,3120.24,160717.45,Active
CUST-02294,Synergy Systems 2294,Enterprise,REG-03,2024-03-29,37.9,9672.99,733386.37,Active
CUST-02295,TechCorp 2295,Mid-Market,REG-03,2024-05-06,34.3,1958.01,205723.86,Active
CUST-02296,Vanguard Solutions 2296,Enterprise,REG-01,2024-07-22,9.2,2744.35,75801.66,Churned
CUST-02297,Quantum Labs 2297,Enterprise,REG-04,2024-07-21,18.4,6217.92,209963.7,Active
CUST-02298,Horizon Inc 2298,Mid-Market,REG-04,2024-06-12,5.5,1091.9,8552.27,Active
CUST-02299,TechCorp 2299,Government,REG-01,2023-06-01,19.0,5309.27,146151.12,Active
CUST-02300,Vanguard Solutions 2300,Government,REG-01,2023-07-20,16.7,2895.08,69322.71,Churned
CUST-02301,Nexus Dynamic 2301,SMB,REG-01,2025-09-19,2.9,3545.8,20880.07,Active
CUST-02302,Innovate X 2302,Government,REG-03,2023-07-24,24.6,1668.65,115730.86,Churned
CUST-02303,Omni Digital 2303,Government,REG-02,2023-12-24,17.4,3522.64,123646.24,Active
CUST-02304,Vanguard Solutions 2304,Startup,REG-03,2024-05-23,2.5,921.74,2794.19,Active
CUST-02305,Omni Digital 2305,Startup,REG-04,2023-06-10,16.8,3718.1,138095.3,Active
CUST-02306,Synergy Systems 2306,Government,REG-04,2025-04-22,7.0,2604.48,24564.41,Active
CUST-02307,Horizon Inc 2307,Government,REG-01,2023-02-02,4.6,2146.52,21269.07,Churned
CUST-02308,Quantum Labs 2308,Startup,REG-01,2025-02-12,3.2,907.68,6471.23,Active
CUST-02309,Starlight Media 2309,Enterprise,REG-03,2023-02-08,7.1,8378.58,151503.75,Active
CUST-02310,Horizon Inc 2310,Enterprise,REG-05,2025-02-14,43.8,8928.83,1095738.61,Active
CUST-02311,Innovate X 2311,Mid-Market,REG-01,2023-11-21,32.2,1296.08,108686.62,Active
CUST-02312,Quantum Labs 2312,SMB,REG-05,2025-04-21,10.9,3694.02,120860.87,Active
CUST-02313,Innovate X 2313,Mid-Market,REG-01,2023-07-23,20.7,4073.12,124500.75,Active
CUST-02314,Nexus Dynamic 2314,Startup,REG-03,2023-04-15,9.4,1837.01,24676.28,Active
CUST-02315,Omni Digital 2315,Enterprise,REG-04,2024-05-06,36.8,4106.54,470152.71,Active
CUST-02316,Innovate X 2316,Mid-Market,REG-02,2025-01-24,28.8,4607.72,339617.48,Active
CUST-02317,Omni Digital 2317,Enterprise,REG-05,2024-04-01,49.6,2203.45,337912.38,Active
CUST-02318,Synergy Systems 2318,Mid-Market,REG-01,2023-08-08,20.8,4609.0,295805.11,Active
CUST-02319,Nexus Dynamic 2319,Enterprise,REG-01,2024-02-25,9.0,3162.76,77718.22,Churned
CUST-02320,Innovate X 2320,Enterprise,REG-05,2025-08-24,58.6,2378.73,285696.49,Active
CUST-02321,Apex Global 2321,Startup,REG-05,2024-09-01,11.1,3975.68,112303.9,Active
CUST-02322,Nexus Dynamic 2322,Enterprise,REG-04,2025-09-12,7.2,10280.94,174574.84,Active
CUST-02323,Nexus Dynamic 2323,Startup,REG-01,2025-04-14,16.8,747.13,30842.52,Active
CUST-02324,Starlight Media 2324,SMB,REG-05,2023-05-22,4.9,920.85,15240.5,Active
CUST-02325,Starlight Media 2325,Startup,REG-02,2024-08-07,19.7,3903.82,158404.7,Active
CUST-02326,Apex Global 2326,Mid-Market,REG-01,2025-04-11,4.9,4780.66,50673.73,Active
CUST-02327,Apex Global 2327,Mid-Market,REG-02,2024-01-25,24.3,3096.89,160098.36,Active
CUST-02328,Omni Digital 2328,Mid-Market,REG-05,2025-07-01,22.0,6720.0,269358.13,Active
CUST-02329,Quantum Labs 2329,Startup,REG-05,2023-06-04,10.3,3132.55,81655.99,Active
CUST-02330,Apex Global 2330,Enterprise,REG-03,2023-02-14,37.8,3908.04,217331.74,Active
CUST-02331,Synergy Systems 2331,Startup,REG-04,2023-04-26,8.4,654.07,17960.78,Active
CUST-02332,Omni Digital 2332,Government,REG-03,2024-11-21,27.1,4377.38,294649.48,Active
CUST-02333,Omni Digital 2333,SMB,REG-01,2025-03-08,18.8,2533.62,151264.39,Active
CUST-02334,Innovate X 2334,Mid-Market,REG-03,2024-10-17,5.6,5233.23,63587.02,Active
CUST-02335,Quantum Labs 2335,Government,REG-04,2024-07-13,9.7,2140.36,54128.3,Churned
CUST-02336,Synergy Systems 2336,Startup,REG-03,2023-06-05,3.2,540.65,4307.75,Churned
CUST-02337,Synergy Systems 2337,Mid-Market,REG-03,2024-08-16,31.4,6778.64,454486.72,Active
CUST-02338,Starlight Media 2338,Enterprise,REG-05,2025-09-17,37.0,9788.11,619513.17,Active
CUST-02339,Synergy Systems 2339,Startup,REG-02,2024-09-20,2.7,2025.68,18954.14,Active
CUST-02340,Nexus Dynamic 2340,Startup,REG-04,2024-09-08,12.4,1987.2,64891.57,Churned
CUST-02341,Innovate X 2341,Enterprise,REG-02,2025-04-29,12.1,10908.63,460226.06,Active
CUST-02342,TechCorp 2342,Mid-Market,REG-02,2025-01-01,18.7,2628.54,112697.33,Active
CUST-02343,Omni Digital 2343,SMB,REG-02,2025-10-01,6.5,3714.23,46807.48,Active
CUST-02344,Synergy Systems 2344,SMB,REG-01,2025-07-20,5.0,3672.5,33793.58,Active
CUST-02345,Nexus Dynamic 2345,SMB,REG-01,2024-09-23,3.8,1612.59,7798.3,Active
CUST-02346,Quantum Labs 2346,SMB,REG-01,2025-03-17,12.2,1907.23,31303.02,Active
CUST-02347,TechCorp 2347,Enterprise,REG-05,2023-05-10,43.8,7742.75,854084.57,Active
CUST-02348,Synergy Systems 2348,Startup,REG-05,2025-09-06,18.3,509.98,19800.31,Active
CUST-02349,Vanguard Solutions 2349,Enterprise,REG-03,2023-03-23,29.9,5843.84,550387.93,Churned
CUST-02350,Innovate X 2350,SMB,REG-05,2023-07-09,18.5,2693.07,168324.2,Active
CUST-02351,Starlight Media 2351,Startup,REG-05,2025-04-04,18.5,2946.08,138331.11,Active
CUST-02352,Horizon Inc 2352,Government,REG-03,2025-08-10,16.7,3727.91,173320.04,Active
CUST-02353,Synergy Systems 2353,SMB,REG-05,2023-09-25,19.6,3312.53,85272.7,Churned
CUST-02354,Omni Digital 2354,Startup,REG-02,2023-03-01,17.2,3233.66,193986.29,Active
CUST-02355,Innovate X 2355,Enterprise,REG-03,2023-04-27,9.8,2325.37,63132.74,Churned
CUST-02356,Synergy Systems 2356,Startup,REG-05,2025-04-06,9.1,1974.37,31831.21,Active
CUST-02357,TechCorp 2357,Enterprise,REG-05,2024-08-16,20.0,5410.08,143731.34,Active
CUST-02358,Innovate X 2358,Enterprise,REG-05,2024-11-02,41.2,4661.89,290513.27,Active
CUST-02359,Starlight Media 2359,SMB,REG-02,2023-02-18,7.3,1817.17,27361.13,Active
CUST-02360,TechCorp 2360,Startup,REG-04,2024-03-17,11.0,675.01,22387.52,Active
CUST-02361,TechCorp 2361,SMB,REG-03,2024-03-09,17.6,2215.1,86514.12,Active
CUST-02362,Starlight Media 2362,Startup,REG-04,2025-03-12,19.2,3188.02,209273.45,Active
CUST-02363,Omni Digital 2363,Startup,REG-01,2024-03-11,4.4,3499.63,31565.4,Active
CUST-02364,Horizon Inc 2364,Mid-Market,REG-02,2025-02-27,19.1,5904.19,149379.98,Active
CUST-02365,Synergy Systems 2365,Startup,REG-05,2023-12-22,6.1,687.95,11741.89,Active
CUST-02366,Quantum Labs 2366,Mid-Market,REG-01,2023-06-29,9.5,2267.31,63599.18,Active
CUST-02367,Apex Global 2367,Government,REG-03,2024-02-15,6.6,2409.03,21541.8,Churned
CUST-02368,Nexus Dynamic 2368,Mid-Market,REG-03,2024-12-27,39.4,1646.1,213679.17,Active
CUST-02369,TechCorp 2369,Startup,REG-05,2024-10-16,9.0,709.89,18842.05,Active
CUST-02370,Synergy Systems 2370,Enterprise,REG-04,2024-08-25,33.9,5658.85,543895.28,Active
CUST-02371,TechCorp 2371,Mid-Market,REG-01,2023-06-27,24.8,7177.35,360311.12,Active
CUST-02372,Omni Digital 2372,SMB,REG-04,2023-05-19,19.9,1929.92,69328.72,Active
CUST-02373,Quantum Labs 2373,Enterprise,REG-02,2025-01-17,12.0,3228.55,64659.43,Active
CUST-02374,TechCorp 2374,SMB,REG-02,2024-03-16,8.2,2560.6,43831.06,Active
CUST-02375,Starlight Media 2375,Government,REG-05,2023-12-25,29.3,4086.68,245171.91,Active
CUST-02376,Nexus Dynamic 2376,Mid-Market,REG-03,2023-05-11,8.4,4902.44,120564.58,Active
CUST-02377,Nexus Dynamic 2377,SMB,REG-03,2023-02-18,2.6,3806.0,17666.31,Active
CUST-02378,Vanguard Solutions 2378,Government,REG-03,2025-01-27,6.9,1783.25,39671.01,Churned
CUST-02379,Innovate X 2379,Mid-Market,REG-04,2023-10-20,31.7,5303.44,486519.99,Active
CUST-02380,Synergy Systems 2380,Enterprise,REG-04,2024-03-24,54.7,5680.51,520289.72,Active
CUST-02381,Apex Global 2381,Government,REG-02,2023-02-01,8.2,5121.17,102441.72,Active
CUST-02382,Omni Digital 2382,Government,REG-03,2025-01-01,3.3,3600.24,36150.29,Churned
CUST-02383,Vanguard Solutions 2383,Mid-Market,REG-01,2023-09-19,15.8,5447.39,109854.75,Active
CUST-02384,Vanguard Solutions 2384,SMB,REG-05,2024-05-30,16.9,1433.68,78883.63,Active
CUST-02385,Starlight Media 2385,SMB,REG-01,2023-02-06,17.4,3521.28,184547.91,Active
CUST-02386,Horizon Inc 2386,Enterprise,REG-04,2024-03-27,31.6,4509.36,467600.87,Active
CUST-02387,TechCorp 2387,Mid-Market,REG-03,2023-09-18,13.2,5690.18,152231.33,Active
CUST-02388,Vanguard Solutions 2388,Startup,REG-02,2025-04-19,11.6,1765.71,27685.88,Active
CUST-02389,Horizon Inc 2389,Government,REG-05,2023-04-20,3.4,4352.76,43480.58,Active
CUST-02390,Starlight Media 2390,Mid-Market,REG-05,2023-05-07,9.3,4195.45,91901.48,Active
CUST-02391,Innovate X 2391,Government,REG-05,2024-08-04,18.6,5937.9,266580.48,Active
CUST-02392,Quantum Labs 2392,Enterprise,REG-03,2023-11-19,32.0,8882.31,888593.12,Churned
CUST-02393,Starlight Media 2393,Mid-Market,REG-03,2024-01-21,12.4,6671.57,263259.5,Active
CUST-02394,Innovate X 2394,Government,REG-03,2023-06-29,10.2,5498.93,174592.74,Active
CUST-02395,Starlight Media 2395,Government,REG-02,2024-06-17,9.4,3732.07,50424.95,Active
CUST-02396,Synergy Systems 2396,Government,REG-01,2024-02-06,27.8,1574.86,141307.73,Active
CUST-02397,Apex Global 2397,Startup,REG-05,2025-08-04,2.9,2523.26,24334.07,Active
CUST-02398,Starlight Media 2398,Enterprise,REG-01,2023-01-16,16.0,3345.16,64487.14,Churned
CUST-02399,Innovate X 2399,Government,REG-04,2024-03-20,13.2,987.88,16541.8,Active
CUST-02400,Horizon Inc 2400,Startup,REG-04,2025-01-02,9.0,539.21,6756.71,Active
CUST-02401,Horizon Inc 2401,Government,REG-01,2023-10-23,4.7,4553.66,69874.0,Active
CUST-02402,Starlight Media 2402,Mid-Market,REG-01,2024-08-26,22.4,1331.55,68898.29,Active
CUST-02403,Apex Global 2403,Mid-Market,REG-02,2023-11-19,15.1,7064.48,272445.95,Active
CUST-02404,Synergy Systems 2404,Enterprise,REG-01,2023-07-23,45.6,11943.14,1226020.43,Active
CUST-02405,Quantum Labs 2405,Enterprise,REG-03,2025-04-16,50.0,11406.31,1933793.18,Active
CUST-02406,Omni Digital 2406,Enterprise,REG-03,2023-01-21,54.8,1983.81,238685.11,Active
CUST-02407,Apex Global 2407,Government,REG-03,2023-04-05,5.0,5501.18,57868.86,Active
CUST-02408,Innovate X 2408,Enterprise,REG-02,2023-10-16,6.1,6193.72,73486.95,Active
CUST-02409,Vanguard Solutions 2409,SMB,REG-05,2024-04-25,2.8,2653.11,15189.88,Active
CUST-02410,Innovate X 2410,Government,REG-04,2024-07-15,8.5,3658.3,64343.46,Active
CUST-02411,Omni Digital 2411,Startup,REG-04,2023-06-13,9.0,2106.9,23427.32,Active
CUST-02412,Quantum Labs 2412,Startup,REG-05,2024-06-16,18.2,2480.13,103217.92,Active
CUST-02413,Apex Global 2413,Startup,REG-01,2024-01-08,2.6,3309.98,18813.76,Active
CUST-02414,Apex Global 2414,Startup,REG-04,2025-07-07,8.8,2926.25,44923.12,Churned
CUST-02415,Starlight Media 2415,Mid-Market,REG-04,2025-06-21,29.3,7917.76,520927.39,Active
CUST-02416,TechCorp 2416,Startup,REG-05,2025-04-30,17.7,1830.49,61438.5,Churned
CUST-02417,Horizon Inc 2417,Startup,REG-03,2025-08-14,4.5,754.94,7678.65,Active
CUST-02418,Nexus Dynamic 2418,Enterprise,REG-04,2024-05-13,30.7,8913.7,750683.14,Churned
CUST-02419,Starlight Media 2419,Government,REG-05,2023-07-09,24.2,1257.0,83587.67,Active
CUST-02420,Synergy Systems 2420,Mid-Market,REG-03,2023-04-05,25.9,5145.54,448041.4,Active
CUST-02421,Nexus Dynamic 2421,Mid-Market,REG-02,2024-09-09,37.9,3339.87,322979.23,Active
CUST-02422,Quantum Labs 2422,SMB,REG-03,2025-07-27,4.4,3381.58,29716.34,Active
CUST-02423,Horizon Inc 2423,Enterprise,REG-03,2024-03-21,48.1,2827.4,427485.08,Churned
CUST-02424,Vanguard Solutions 2424,Government,REG-01,2024-12-28,18.5,5675.01,138005.93,Active
CUST-02425,Quantum Labs 2425,SMB,REG-04,2023-10-09,19.1,2107.75,67872.05,Churned
CUST-02426,Nexus Dynamic 2426,Mid-Market,REG-05,2023-06-16,37.1,5277.19,634549.93,Active
CUST-02427,Synergy Systems 2427,Enterprise,REG-01,2023-04-02,32.2,8345.47,886400.59,Active
CUST-02428,Starlight Media 2428,SMB,REG-04,2023-09-04,3.6,3977.9,19572.07,Active
CUST-02429,TechCorp 2429,SMB,REG-01,2024-05-08,3.2,3252.05,35057.97,Active
CUST-02430,Apex Global 2430,Enterprise,REG-01,2024-08-11,26.1,1510.77,63460.43,Active
CUST-02431,Quantum Labs 2431,Enterprise,REG-03,2023-07-10,29.1,9349.08,353764.13,Active
CUST-02432,Horizon Inc 2432,Enterprise,REG-05,2023-05-20,16.8,1844.69,42241.21,Active
CUST-02433,Starlight Media 2433,Enterprise,REG-01,2025-09-06,32.1,11013.54,1099120.56,Active
CUST-02434,Innovate X 2434,Startup,REG-03,2024-07-29,14.8,2946.94,75109.23,Active
CUST-02435,Synergy Systems 2435,Startup,REG-04,2024-02-28,12.7,2505.8,101516.53,Active
CUST-02436,Innovate X 2436,Startup,REG-03,2023-10-13,19.2,3180.97,131363.28,Active
CUST-02437,Apex Global 2437,Startup,REG-02,2025-09-27,10.5,3316.71,106745.4,Churned
CUST-02438,Vanguard Solutions 2438,Enterprise,REG-03,2023-12-07,8.5,5193.85,109989.85,Active
CUST-02439,Horizon Inc 2439,Mid-Market,REG-01,2024-04-24,36.1,2493.35,290533.34,Active
CUST-02440,Omni Digital 2440,Government,REG-03,2024-06-20,23.6,5075.25,236678.23,Active
CUST-02441,Quantum Labs 2441,Startup,REG-01,2024-02-20,17.5,3926.55,151273.18,Active
CUST-02442,Starlight Media 2442,Mid-Market,REG-05,2024-07-15,11.9,6024.23,127472.84,Active
CUST-02443,Nexus Dynamic 2443,Startup,REG-02,2024-07-14,7.5,1119.07,25518.69,Active
CUST-02444,Nexus Dynamic 2444,Government,REG-02,2024-07-07,4.3,2503.46,23948.48,Active
CUST-02445,Synergy Systems 2445,Enterprise,REG-04,2024-01-04,30.2,5023.42,209984.38,Active
CUST-02446,Horizon Inc 2446,Mid-Market,REG-05,2023-07-07,30.3,1068.13,41369.16,Active
CUST-02447,Apex Global 2447,Enterprise,REG-01,2024-05-20,40.0,4749.47,240015.34,Active
CUST-02448,Apex Global 2448,Mid-Market,REG-01,2025-08-31,7.0,1700.82,35615.92,Active
CUST-02449,TechCorp 2449,Startup,REG-01,2023-05-26,7.9,1532.26,40764.16,Active
CUST-02450,Nexus Dynamic 2450,Mid-Market,REG-02,2024-10-11,4.9,6019.61,60560.86,Active
CUST-02451,Innovate X 2451,Enterprise,REG-02,2023-01-01,54.2,8502.04,746123.29,Active
CUST-02452,Apex Global 2452,SMB,REG-01,2023-01-11,4.8,1961.88,28897.54,Active
CUST-02453,Innovate X 2453,SMB,REG-01,2023-12-12,5.9,3018.16,28867.4,Active
CUST-02454,Quantum Labs 2454,SMB,REG-04,2024-10-10,18.0,1689.25,67123.62,Churned
CUST-02455,Horizon Inc 2455,Enterprise,REG-04,2024-12-22,16.3,2855.92,119563.28,Churned
CUST-02456,TechCorp 2456,Startup,REG-03,2024-10-21,2.5,1307.1,9565.66,Churned
CUST-02457,Vanguard Solutions 2457,Government,REG-03,2025-09-07,21.3,1885.22,76268.5,Active
CUST-02458,TechCorp 2458,Startup,REG-01,2023-01-04,7.0,941.2,8382.39,Active
CUST-02459,Innovate X 2459,Startup,REG-05,2024-12-16,19.5,1494.74,39804.31,Active
CUST-02460,Horizon Inc 2460,Enterprise,REG-02,2024-10-31,24.2,7961.42,626432.69,Active
CUST-02461,Apex Global 2461,SMB,REG-02,2025-07-20,8.7,2484.79,33225.68,Active
CUST-02462,Omni Digital 2462,Enterprise,REG-01,2024-02-22,58.0,7478.64,1096765.33,Active
CUST-02463,Quantum Labs 2463,Startup,REG-04,2025-08-23,18.5,3384.87,83611.39,Active
CUST-02464,Synergy Systems 2464,Government,REG-03,2023-02-15,24.0,5451.05,456719.49,Active
CUST-02465,Vanguard Solutions 2465,Mid-Market,REG-02,2024-08-06,34.5,3147.3,304837.61,Active
CUST-02466,Horizon Inc 2466,Enterprise,REG-01,2024-02-07,32.5,5458.26,558887.35,Active
CUST-02467,Omni Digital 2467,Enterprise,REG-02,2023-06-14,40.2,10198.64,560704.39,Active
CUST-02468,Synergy Systems 2468,SMB,REG-03,2023-05-14,18.2,1142.76,30017.38,Active
CUST-02469,Vanguard Solutions 2469,Startup,REG-01,2024-10-04,5.4,3814.59,57998.97,Churned
CUST-02470,Omni Digital 2470,SMB,REG-03,2025-05-26,3.7,553.32,6164.67,Active
CUST-02471,Starlight Media 2471,Enterprise,REG-03,2023-09-08,6.3,9525.21,146681.48,Active
CUST-02472,Vanguard Solutions 2472,SMB,REG-02,2023-01-15,4.7,3659.99,24139.3,Active
CUST-02473,Quantum Labs 2473,Mid-Market,REG-05,2025-08-07,4.2,7274.69,60171.75,Active
CUST-02474,Synergy Systems 2474,SMB,REG-05,2024-07-23,16.2,2400.61,75583.98,Active
CUST-02475,Vanguard Solutions 2475,Enterprise,REG-02,2024-08-30,45.8,9596.19,842477.2,Active
CUST-02476,Quantum Labs 2476,Mid-Market,REG-04,2024-11-18,32.9,2254.27,90443.63,Active
CUST-02477,Innovate X 2477,SMB,REG-03,2024-06-17,5.4,1395.42,26084.07,Active
CUST-02478,Starlight Media 2478,Mid-Market,REG-01,2025-07-18,20.0,1635.84,65164.67,Active
CUST-02479,Synergy Systems 2479,Enterprise,REG-02,2023-07-13,29.3,11553.07,483263.79,Active
CUST-02480,TechCorp 2480,Enterprise,REG-03,2025-07-17,55.2,9749.6,1292264.28,Active
CUST-02481,Horizon Inc 2481,SMB,REG-05,2023-04-07,9.8,3204.81,74033.08,Active
CUST-02482,Quantum Labs 2482,SMB,REG-05,2024-07-17,3.5,2559.89,17200.48,Active
CUST-02483,Horizon Inc 2483,Mid-Market,REG-01,2024-01-26,24.0,1311.2,41406.36,Active
CUST-02484,Omni Digital 2484,Mid-Market,REG-04,2024-07-01,31.6,5895.55,591236.78,Churned
CUST-02485,Horizon Inc 2485,Startup,REG-02,2024-06-04,18.4,2178.57,63995.6,Active
CUST-02486,Synergy Systems 2486,SMB,REG-01,2024-11-04,3.7,2298.7,13495.01,Active
CUST-02487,Vanguard Solutions 2487,Enterprise,REG-01,2023-07-01,35.8,7957.94,693519.65,Active
CUST-02488,Vanguard Solutions 2488,Mid-Market,REG-02,2023-03-02,13.1,2941.97,89440.56,Active
CUST-02489,Innovate X 2489,Mid-Market,REG-05,2025-02-04,7.9,3950.22,105885.04,Active
CUST-02490,Vanguard Solutions 2490,Mid-Market,REG-01,2024-11-20,8.6,5391.12,57027.51,Churned
CUST-02491,Quantum Labs 2491,Enterprise,REG-03,2025-08-17,44.6,3067.31,432357.77,Churned
CUST-02492,Vanguard Solutions 2492,Government,REG-03,2025-05-20,28.1,4401.13,177770.91,Active
CUST-02493,Vanguard Solutions 2493,Enterprise,REG-02,2024-05-30,11.1,5022.38,72928.97,Active
CUST-02494,Quantum Labs 2494,Enterprise,REG-01,2023-12-19,44.6,7746.14,1157446.22,Active
CUST-02495,TechCorp 2495,SMB,REG-04,2025-07-13,12.5,2638.87,56595.96,Active
CUST-02496,Quantum Labs 2496,Mid-Market,REG-05,2023-04-02,19.0,7184.22,379103.56,Active
CUST-02497,Starlight Media 2497,SMB,REG-04,2025-06-04,12.9,3512.1,70948.39,Active
CUST-02498,Nexus Dynamic 2498,Mid-Market,REG-01,2025-08-24,32.3,2845.69,288334.1,Active
CUST-02499,Apex Global 2499,Enterprise,REG-05,2024-02-01,27.2,3083.78,116312.04,Active
CUST-02500,Omni Digital 2500,Government,REG-04,2023-01-15,16.5,2676.19,109576.55,Active
