campaign_id,campaign_name,campaign_date,channel,campaign_cost,impressions,clicks,leads,conversions,customers_acquired,revenue_generated
CAMP-00001,Email Campaigns Campaign 2023-01-01,2023-01-01,Email Campaigns,2265.6,48768,1416,212,62,52,104059.14
CAMP-00002,Google Ads Campaign 2023-01-01,2023-01-01,Google Ads,3068.41,57416,2610,393,111,84,335366.15
CAMP-00003,Email Campaigns Campaign 2023-01-02,2023-01-02,Email Campaigns,376.77,88447,4033,520,157,97,214405.7
CAMP-00004,Events & Webinars Campaign 2023-01-02,2023-01-02,Events & Webinars,329.38,24867,1629,167,34,21,18337.24
CAMP-00005,Partner Referrals Campaign 2023-01-02,2023-01-02,Partner Referrals,685.72,73828,2291,142,17,16,37717.67
CAMP-00006,LinkedIn Ads Campaign 2023-01-02,2023-01-02,LinkedIn Ads,2469.31,21927,543,32,7,6,20932.92
CAMP-00007,Events & Webinars Campaign 2023-01-03,2023-01-03,Events & Webinars,1361.18,82747,3451,624,91,71,184439.39
CAMP-00008,Google Ads Campaign 2023-01-03,2023-01-03,Google Ads,2238.77,38341,2409,195,69,56,205760.33
CAMP-00009,Partner Referrals Campaign 2023-01-04,2023-01-04,Partner Referrals,2274.75,27853,1682,127,12,7,15306.81
CAMP-00010,Google Ads Campaign 2023-01-04,2023-01-04,Google Ads,3290.7,31343,1709,178,27,21,19165.11
CAMP-00011,LinkedIn Ads Campaign 2023-01-05,2023-01-05,LinkedIn Ads,1548.02,49931,3556,694,126,117,291699.15
CAMP-00012,Events & Webinars Campaign 2023-01-05,2023-01-05,Events & Webinars,430.61,16372,383,39,5,3,7565.08
CAMP-00013,Email Campaigns Campaign 2023-01-05,2023-01-05,Email Campaigns,1902.24,23606,1799,193,34,29,67282.73
CAMP-00014,Google Ads Campaign 2023-01-06,2023-01-06,Google Ads,1677.93,28923,2070,394,109,89,201953.06
CAMP-00015,Partner Referrals Campaign 2023-01-06,2023-01-06,Partner Referrals,2283.96,67153,2028,124,17,14,45097.36
CAMP-00016,SEO Content Campaign 2023-01-06,2023-01-06,SEO Content,860.53,63492,2245,279,70,68,243138.15
CAMP-00017,Events & Webinars Campaign 2023-01-06,2023-01-06,Events & Webinars,2291.44,56056,2007,171,51,35,31139.98
CAMP-00018,Partner Referrals Campaign 2023-01-07,2023-01-07,Partner Referrals,2472.05,39634,2962,250,62,51,210020.08
CAMP-00019,SEO Content Campaign 2023-01-07,2023-01-07,SEO Content,2616.74,99785,2783,466,111,94,214258.34
CAMP-00020,LinkedIn Ads Campaign 2023-01-08,2023-01-08,LinkedIn Ads,454.98,57988,1604,268,53,34,87687.97
CAMP-00021,Google Ads Campaign 2023-01-08,2023-01-08,Google Ads,2086.9,24914,1663,284,40,33,46640.79
CAMP-00022,Partner Referrals Campaign 2023-01-08,2023-01-08,Partner Referrals,2234.81,15821,1161,172,64,58,56210.28
CAMP-00023,Events & Webinars Campaign 2023-01-08,2023-01-08,Events & Webinars,3181.04,85409,3433,474,76,48,116977.12
CAMP-00024,LinkedIn Ads Campaign 2023-01-09,2023-01-09,LinkedIn Ads,986.19,57794,2159,263,76,74,138683.15
CAMP-00025,Events & Webinars Campaign 2023-01-09,2023-01-09,Events & Webinars,689.47,75603,4665,675,188,113,418259.47
CAMP-00026,SEO Content Campaign 2023-01-10,2023-01-10,SEO Content,1596.37,26624,1222,205,22,21,36511.99
CAMP-00027,Events & Webinars Campaign 2023-01-10,2023-01-10,Events & Webinars,1641.74,21883,1389,111,20,19,83597.63
CAMP-00028,Partner Referrals Campaign 2023-01-10,2023-01-10,Partner Referrals,510.93,88609,3208,393,49,33,124339.44
CAMP-00029,Email Campaigns Campaign 2023-01-10,2023-01-10,Email Campaigns,2840.44,29747,703,120,31,29,37104.44
CAMP-00030,SEO Content Campaign 2023-01-11,2023-01-11,SEO Content,983.98,73342,2456,414,157,131,408416.23
CAMP-00031,Email Campaigns Campaign 2023-01-11,2023-01-11,Email Campaigns,2943.01,59273,1374,202,21,20,39457.39
CAMP-00032,Events & Webinars Campaign 2023-01-11,2023-01-11,Events & Webinars,584.67,93210,6288,752,78,60,78095.6
CAMP-00033,LinkedIn Ads Campaign 2023-01-11,2023-01-11,LinkedIn Ads,1800.52,87504,2292,200,73,68,57389.33
CAMP-00034,LinkedIn Ads Campaign 2023-01-12,2023-01-12,LinkedIn Ads,1163.35,15750,968,156,52,46,37035.62
CAMP-00035,Partner Referrals Campaign 2023-01-12,2023-01-12,Partner Referrals,2363.16,21747,1052,166,46,44,181729.62
CAMP-00036,Google Ads Campaign 2023-01-12,2023-01-12,Google Ads,688.83,49843,3408,252,80,63,62722.53
CAMP-00037,Events & Webinars Campaign 2023-01-13,2023-01-13,Events & Webinars,1547.41,28029,1605,98,17,13,36613.69
CAMP-00038,Partner Referrals Campaign 2023-01-13,2023-01-13,Partner Referrals,727.88,23411,561,76,13,10,32123.86
CAMP-00039,Google Ads Campaign 2023-01-13,2023-01-13,Google Ads,1670.37,29084,880,115,12,11,14879.01
CAMP-00040,Partner Referrals Campaign 2023-01-14,2023-01-14,Partner Referrals,1319.72,35038,2705,503,59,38,36168.99
CAMP-00041,Events & Webinars Campaign 2023-01-14,2023-01-14,Events & Webinars,3288.21,32280,1562,188,71,63,105859.64
CAMP-00042,LinkedIn Ads Campaign 2023-01-14,2023-01-14,LinkedIn Ads,3162.05,53881,1468,261,70,66,202448.3
CAMP-00043,LinkedIn Ads Campaign 2023-01-15,2023-01-15,LinkedIn Ads,2736.23,26096,1401,157,30,24,85481.37
CAMP-00044,SEO Content Campaign 2023-01-15,2023-01-15,SEO Content,840.55,59039,4558,723,271,172,519335.34
CAMP-00045,Google Ads Campaign 2023-01-15,2023-01-15,Google Ads,1506.35,52057,3925,288,55,40,86869.8
CAMP-00046,Events & Webinars Campaign 2023-01-15,2023-01-15,Events & Webinars,308.8,66881,4486,620,129,102,175249.83
CAMP-00047,Google Ads Campaign 2023-01-16,2023-01-16,Google Ads,1545.8,48980,2207,115,12,10,31923.74
CAMP-00048,LinkedIn Ads Campaign 2023-01-16,2023-01-16,LinkedIn Ads,1591.02,23459,1460,267,101,74,187068.07
CAMP-00049,LinkedIn Ads Campaign 2023-01-17,2023-01-17,LinkedIn Ads,1989.44,14201,300,18,6,4,4768.62
CAMP-00050,Email Campaigns Campaign 2023-01-17,2023-01-17,Email Campaigns,559.77,30950,2354,343,82,74,129273.59
CAMP-00051,SEO Content Campaign 2023-01-17,2023-01-17,SEO Content,2342.23,11430,312,39,9,7,7303.67
CAMP-00052,Events & Webinars Campaign 2023-01-18,2023-01-18,Events & Webinars,711.32,62985,2739,192,74,62,244156.91
CAMP-00053,SEO Content Campaign 2023-01-18,2023-01-18,SEO Content,3457.0,55253,3276,308,83,57,159668.9
CAMP-00054,Events & Webinars Campaign 2023-01-19,2023-01-19,Events & Webinars,3272.07,76836,4757,845,315,266,578496.69
CAMP-00055,Partner Referrals Campaign 2023-01-19,2023-01-19,Partner Referrals,2086.61,71523,3102,278,102,66,280530.84
CAMP-00056,LinkedIn Ads Campaign 2023-01-19,2023-01-19,LinkedIn Ads,1529.84,22400,574,58,11,10,22835.25
CAMP-00057,Partner Referrals Campaign 2023-01-20,2023-01-20,Partner Referrals,1050.55,86569,2923,192,59,45,41208.48
CAMP-00058,Events & Webinars Campaign 2023-01-20,2023-01-20,Events & Webinars,1273.07,59163,3650,328,47,35,119781.24
CAMP-00059,Events & Webinars Campaign 2023-01-21,2023-01-21,Events & Webinars,1745.47,96983,7405,1417,293,207,768474.09
CAMP-00060,Google Ads Campaign 2023-01-21,2023-01-21,Google Ads,1363.58,9169,456,29,6,5,7693.0
CAMP-00061,SEO Content Campaign 2023-01-21,2023-01-21,SEO Content,1616.42,76655,2359,363,108,95,81042.85
CAMP-00062,LinkedIn Ads Campaign 2023-01-21,2023-01-21,LinkedIn Ads,3162.17,88764,5431,1048,132,96,286439.38
CAMP-00063,SEO Content Campaign 2023-01-22,2023-01-22,SEO Content,2126.85,19090,1483,263,104,64,93173.0
CAMP-00064,Partner Referrals Campaign 2023-01-22,2023-01-22,Partner Referrals,3046.2,79145,3550,593,90,64,266962.39
CAMP-00065,Events & Webinars Campaign 2023-01-22,2023-01-22,Events & Webinars,2597.38,65817,2238,216,53,46,49926.62
CAMP-00066,SEO Content Campaign 2023-01-23,2023-01-23,SEO Content,2780.47,8973,314,61,17,13,25390.86
CAMP-00067,LinkedIn Ads Campaign 2023-01-23,2023-01-23,LinkedIn Ads,2617.03,11930,793,46,5,4,4625.26
CAMP-00068,Google Ads Campaign 2023-01-23,2023-01-23,Google Ads,959.66,82772,4600,335,37,32,120399.91
CAMP-00069,Events & Webinars Campaign 2023-01-23,2023-01-23,Events & Webinars,995.62,58071,3402,459,178,173,397001.64
CAMP-00070,Partner Referrals Campaign 2023-01-24,2023-01-24,Partner Referrals,2396.94,79842,2387,276,35,25,35160.33
CAMP-00071,LinkedIn Ads Campaign 2023-01-24,2023-01-24,LinkedIn Ads,3063.4,33059,2088,144,30,25,103672.93
CAMP-00072,SEO Content Campaign 2023-01-25,2023-01-25,SEO Content,3096.14,83514,2229,173,56,50,161894.7
CAMP-00073,Email Campaigns Campaign 2023-01-25,2023-01-25,Email Campaigns,2410.59,44509,1599,109,40,29,105757.17
CAMP-00074,Partner Referrals Campaign 2023-01-26,2023-01-26,Partner Referrals,3249.84,21060,606,118,38,31,72651.49
CAMP-00075,LinkedIn Ads Campaign 2023-01-26,2023-01-26,LinkedIn Ads,2885.16,24880,670,50,15,12,44321.15
CAMP-00076,Email Campaigns Campaign 2023-01-26,2023-01-26,Email Campaigns,2294.07,35018,1264,246,65,61,266240.8
CAMP-00077,SEO Content Campaign 2023-01-26,2023-01-26,SEO Content,1267.5,56838,1466,287,96,72,105384.66
CAMP-00078,Events & Webinars Campaign 2023-01-27,2023-01-27,Events & Webinars,1669.69,34366,712,117,43,41,93450.95
CAMP-00079,Email Campaigns Campaign 2023-01-27,2023-01-27,Email Campaigns,1489.3,92049,4779,634,236,191,724646.14
CAMP-00080,Partner Referrals Campaign 2023-01-28,2023-01-28,Partner Referrals,2102.28,21422,953,158,28,24,81892.16
CAMP-00081,Google Ads Campaign 2023-01-28,2023-01-28,Google Ads,1722.42,63808,1374,105,38,35,96156.7
CAMP-00082,LinkedIn Ads Campaign 2023-01-28,2023-01-28,LinkedIn Ads,466.16,43230,1782,250,57,48,191234.58
CAMP-00083,Google Ads Campaign 2023-01-29,2023-01-29,Google Ads,893.44,34452,1532,191,26,20,53188.59
CAMP-00084,Events & Webinars Campaign 2023-01-29,2023-01-29,Events & Webinars,2898.87,19034,1348,240,71,44,41229.72
CAMP-00085,Email Campaigns Campaign 2023-01-30,2023-01-30,Email Campaigns,3180.05,86940,6884,629,209,198,772591.63
CAMP-00086,Partner Referrals Campaign 2023-01-30,2023-01-30,Partner Referrals,1079.84,86969,6755,991,160,101,333016.31
CAMP-00087,Events & Webinars Campaign 2023-01-30,2023-01-30,Events & Webinars,2799.62,51498,2810,154,20,19,82442.89
CAMP-00088,Email Campaigns Campaign 2023-01-31,2023-01-31,Email Campaigns,2296.57,24056,1800,182,21,14,58939.05
CAMP-00089,Google Ads Campaign 2023-01-31,2023-01-31,Google Ads,2036.48,87754,4841,601,105,92,278256.23
CAMP-00090,Events & Webinars Campaign 2023-01-31,2023-01-31,Events & Webinars,2568.21,84117,6202,835,323,242,766165.76
CAMP-00091,Partner Referrals Campaign 2023-01-31,2023-01-31,Partner Referrals,628.29,9899,542,36,10,9,14470.23
CAMP-00092,Google Ads Campaign 2023-02-01,2023-02-01,Google Ads,885.86,24241,1229,131,18,11,14701.72
CAMP-00093,Events & Webinars Campaign 2023-02-01,2023-02-01,Events & Webinars,2281.58,69952,1482,191,40,27,56261.4
CAMP-00094,Email Campaigns Campaign 2023-02-01,2023-02-01,Email Campaigns,1006.15,19105,888,75,20,18,14672.71
CAMP-00095,Partner Referrals Campaign 2023-02-01,2023-02-01,Partner Referrals,553.83,42996,3128,619,144,143,289567.51
CAMP-00096,Partner Referrals Campaign 2023-02-02,2023-02-02,Partner Referrals,2409.59,60380,1258,124,47,31,121533.28
CAMP-00097,Events & Webinars Campaign 2023-02-02,2023-02-02,Events & Webinars,3244.45,49658,2423,313,120,84,189833.89
CAMP-00098,LinkedIn Ads Campaign 2023-02-02,2023-02-02,LinkedIn Ads,909.51,7471,397,62,17,12,42103.64
CAMP-00099,Email Campaigns Campaign 2023-02-02,2023-02-02,Email Campaigns,2172.29,27708,1330,163,53,33,83874.58
CAMP-00100,LinkedIn Ads Campaign 2023-02-03,2023-02-03,LinkedIn Ads,2043.78,95191,6997,1133,450,350,1271980.43
CAMP-00101,Google Ads Campaign 2023-02-03,2023-02-03,Google Ads,1602.48,99012,5384,752,198,177,378315.49
CAMP-00102,Events & Webinars Campaign 2023-02-03,2023-02-03,Events & Webinars,2212.85,38574,3082,532,166,132,190117.23
CAMP-00103,SEO Content Campaign 2023-02-03,2023-02-03,SEO Content,3014.85,69798,3366,332,123,76,197126.42
CAMP-00104,SEO Content Campaign 2023-02-04,2023-02-04,SEO Content,2627.78,37438,763,86,32,26,77432.84
CAMP-00105,Google Ads Campaign 2023-02-04,2023-02-04,Google Ads,3331.07,20763,1496,204,34,29,80710.94
CAMP-00106,SEO Content Campaign 2023-02-05,2023-02-05,SEO Content,733.76,37332,1002,170,37,28,22530.59
CAMP-00107,Email Campaigns Campaign 2023-02-05,2023-02-05,Email Campaigns,1513.0,96747,2142,311,115,85,119306.59
CAMP-00108,LinkedIn Ads Campaign 2023-02-05,2023-02-05,LinkedIn Ads,1829.11,69569,4890,668,171,106,257791.6
CAMP-00109,Partner Referrals Campaign 2023-02-05,2023-02-05,Partner Referrals,777.84,45821,1755,158,26,20,87490.42
CAMP-00110,LinkedIn Ads Campaign 2023-02-06,2023-02-06,LinkedIn Ads,1348.37,26646,2091,322,118,71,313607.04
CAMP-00111,Google Ads Campaign 2023-02-06,2023-02-06,Google Ads,1569.38,56874,3080,273,85,75,309876.76
CAMP-00112,Email Campaigns Campaign 2023-02-06,2023-02-06,Email Campaigns,1083.19,86975,4186,834,179,175,246379.58
CAMP-00113,LinkedIn Ads Campaign 2023-02-07,2023-02-07,LinkedIn Ads,1205.15,69170,2975,208,76,70,170742.36
CAMP-00114,SEO Content Campaign 2023-02-07,2023-02-07,SEO Content,2759.89,59880,1799,101,40,35,70269.69
CAMP-00115,Partner Referrals Campaign 2023-02-08,2023-02-08,Partner Referrals,2683.64,93040,3072,292,91,55,84060.75
CAMP-00116,Google Ads Campaign 2023-02-08,2023-02-08,Google Ads,1381.28,96919,6526,627,139,93,351318.89
CAMP-00117,SEO Content Campaign 2023-02-08,2023-02-08,SEO Content,688.77,11170,549,97,32,21,19498.3
CAMP-00118,Email Campaigns Campaign 2023-02-08,2023-02-08,Email Campaigns,1198.82,47123,2842,485,51,38,139419.16
CAMP-00119,Partner Referrals Campaign 2023-02-09,2023-02-09,Partner Referrals,473.79,55467,2988,477,110,69,97319.62
CAMP-00120,LinkedIn Ads Campaign 2023-02-09,2023-02-09,LinkedIn Ads,2733.95,45917,1673,106,38,28,124457.61
CAMP-00121,SEO Content Campaign 2023-02-09,2023-02-09,SEO Content,1254.12,74969,4614,918,147,123,248798.51
CAMP-00122,Google Ads Campaign 2023-02-10,2023-02-10,Google Ads,2801.22,29403,1158,183,27,17,13670.1
CAMP-00123,Events & Webinars Campaign 2023-02-10,2023-02-10,Events & Webinars,526.31,81373,5687,834,152,108,133579.25
CAMP-00124,Email Campaigns Campaign 2023-02-10,2023-02-10,Email Campaigns,3011.0,89405,2166,168,65,47,38531.81
CAMP-00125,SEO Content Campaign 2023-02-11,2023-02-11,SEO Content,1379.19,67675,2020,356,84,77,140036.94
CAMP-00126,Events & Webinars Campaign 2023-02-11,2023-02-11,Events & Webinars,920.11,34548,1991,379,92,74,66421.66
CAMP-00127,LinkedIn Ads Campaign 2023-02-11,2023-02-11,LinkedIn Ads,2949.25,58813,4582,442,132,113,415844.26
CAMP-00128,Google Ads Campaign 2023-02-11,2023-02-11,Google Ads,308.35,42420,3095,360,61,52,127318.54
CAMP-00129,Email Campaigns Campaign 2023-02-12,2023-02-12,Email Campaigns,2404.72,68630,5181,835,203,158,356209.62
CAMP-00130,SEO Content Campaign 2023-02-12,2023-02-12,SEO Content,2932.77,14703,935,90,31,21,25822.46
CAMP-00131,Google Ads Campaign 2023-02-13,2023-02-13,Google Ads,959.71,17093,477,86,33,26,48960.12
CAMP-00132,SEO Content Campaign 2023-02-13,2023-02-13,SEO Content,1126.2,85881,3598,258,85,67,78684.17
CAMP-00133,Email Campaigns Campaign 2023-02-13,2023-02-13,Email Campaigns,2204.89,23789,487,67,10,6,24416.11
CAMP-00134,Events & Webinars Campaign 2023-02-13,2023-02-13,Events & Webinars,3057.68,57984,4192,320,55,42,173467.78
CAMP-00135,Events & Webinars Campaign 2023-02-14,2023-02-14,Events & Webinars,678.96,21199,739,92,21,20,73565.75
CAMP-00136,Partner Referrals Campaign 2023-02-14,2023-02-14,Partner Referrals,2755.72,72351,3961,409,48,40,116696.11
CAMP-00137,Google Ads Campaign 2023-02-14,2023-02-14,Google Ads,818.43,13696,834,123,19,15,15248.71
CAMP-00138,SEO Content Campaign 2023-02-14,2023-02-14,SEO Content,1383.05,62013,2742,511,139,113,176806.3
CAMP-00139,SEO Content Campaign 2023-02-15,2023-02-15,SEO Content,681.97,87743,3385,349,113,91,216672.66
CAMP-00140,LinkedIn Ads Campaign 2023-02-15,2023-02-15,LinkedIn Ads,1947.17,66426,1419,250,98,74,247558.73
CAMP-00141,Partner Referrals Campaign 2023-02-15,2023-02-15,Partner Referrals,3475.93,83396,2031,312,56,54,170618.35
CAMP-00142,Google Ads Campaign 2023-02-15,2023-02-15,Google Ads,444.17,81741,1877,356,125,116,354232.87
CAMP-00143,Partner Referrals Campaign 2023-02-16,2023-02-16,Partner Referrals,2608.86,28299,2140,138,37,22,17853.27
CAMP-00144,Google Ads Campaign 2023-02-16,2023-02-16,Google Ads,2120.58,7669,319,36,10,9,33049.39
CAMP-00145,SEO Content Campaign 2023-02-16,2023-02-16,SEO Content,3011.24,69501,2236,341,107,95,388298.46
CAMP-00146,SEO Content Campaign 2023-02-17,2023-02-17,SEO Content,3459.42,85218,2159,158,46,40,36429.79
CAMP-00147,LinkedIn Ads Campaign 2023-02-17,2023-02-17,LinkedIn Ads,1984.16,25453,847,81,27,21,49578.72
CAMP-00148,Email Campaigns Campaign 2023-02-17,2023-02-17,Email Campaigns,2271.38,59852,4705,723,284,212,530251.26
CAMP-00149,Google Ads Campaign 2023-02-17,2023-02-17,Google Ads,1911.92,73633,2252,141,18,11,16506.99
CAMP-00150,Email Campaigns Campaign 2023-02-18,2023-02-18,Email Campaigns,1341.86,89755,3594,201,80,60,60511.33
CAMP-00151,Partner Referrals Campaign 2023-02-18,2023-02-18,Partner Referrals,3401.34,5778,131,7,2,1,1650.6
CAMP-00152,Events & Webinars Campaign 2023-02-18,2023-02-18,Events & Webinars,2240.87,96243,2415,482,169,164,338884.94
CAMP-00153,SEO Content Campaign 2023-02-18,2023-02-18,SEO Content,1589.3,82540,5340,414,111,105,418233.6
CAMP-00154,Partner Referrals Campaign 2023-02-19,2023-02-19,Partner Referrals,374.59,13141,440,70,10,9,22259.02
CAMP-00155,Google Ads Campaign 2023-02-19,2023-02-19,Google Ads,1798.99,69309,3352,317,52,39,32919.49
CAMP-00156,Events & Webinars Campaign 2023-02-19,2023-02-19,Events & Webinars,1714.81,20168,938,186,62,45,59065.62
CAMP-00157,LinkedIn Ads Campaign 2023-02-19,2023-02-19,LinkedIn Ads,2541.74,73816,3708,644,229,199,823627.92
CAMP-00158,SEO Content Campaign 2023-02-20,2023-02-20,SEO Content,836.35,20099,496,96,21,19,37982.5
CAMP-00159,Email Campaigns Campaign 2023-02-20,2023-02-20,Email Campaigns,634.12,83977,2070,329,70,46,179968.66
CAMP-00160,Google Ads Campaign 2023-02-20,2023-02-20,Google Ads,1908.0,69419,3333,496,66,54,113731.8
CAMP-00161,SEO Content Campaign 2023-02-21,2023-02-21,SEO Content,1101.05,24855,883,142,47,32,82072.99
CAMP-00162,Google Ads Campaign 2023-02-21,2023-02-21,Google Ads,2719.63,49797,3357,422,104,91,154737.95
CAMP-00163,Google Ads Campaign 2023-02-22,2023-02-22,Google Ads,2401.63,50710,2882,434,142,117,156013.42
CAMP-00164,Events & Webinars Campaign 2023-02-22,2023-02-22,Events & Webinars,1651.76,73582,2665,195,49,34,80658.64
CAMP-00165,SEO Content Campaign 2023-02-23,2023-02-23,SEO Content,1848.95,12755,324,54,10,8,20738.82
CAMP-00166,Partner Referrals Campaign 2023-02-23,2023-02-23,Partner Referrals,2535.02,49459,1591,250,58,49,130290.18
CAMP-00167,Events & Webinars Campaign 2023-02-23,2023-02-23,Events & Webinars,369.28,27721,1721,297,99,83,187571.56
CAMP-00168,Email Campaigns Campaign 2023-02-24,2023-02-24,Email Campaigns,1295.9,11937,783,58,21,18,57282.23
CAMP-00169,Partner Referrals Campaign 2023-02-24,2023-02-24,Partner Referrals,1091.53,37352,2945,458,166,115,472509.12
CAMP-00170,Google Ads Campaign 2023-02-24,2023-02-24,Google Ads,2679.4,86575,6889,444,157,155,672993.28
CAMP-00171,LinkedIn Ads Campaign 2023-02-24,2023-02-24,LinkedIn Ads,655.98,24140,628,115,42,28,75436.06
CAMP-00172,Google Ads Campaign 2023-02-25,2023-02-25,Google Ads,2250.57,74205,2135,226,23,14,35057.43
CAMP-00173,SEO Content Campaign 2023-02-25,2023-02-25,SEO Content,1630.61,6915,186,17,3,2,3853.79
CAMP-00174,Email Campaigns Campaign 2023-02-25,2023-02-25,Email Campaigns,1416.53,50224,2845,499,193,117,278164.25
CAMP-00175,Partner Referrals Campaign 2023-02-25,2023-02-25,Partner Referrals,3148.23,85684,6335,1058,208,199,430750.54
CAMP-00176,Email Campaigns Campaign 2023-02-26,2023-02-26,Email Campaigns,3102.92,76569,5702,585,163,106,306220.7
CAMP-00177,Partner Referrals Campaign 2023-02-26,2023-02-26,Partner Referrals,1020.68,91472,2280,370,118,103,268896.13
CAMP-00178,Events & Webinars Campaign 2023-02-27,2023-02-27,Events & Webinars,1125.65,88729,4461,412,65,55,110361.11
CAMP-00179,Google Ads Campaign 2023-02-27,2023-02-27,Google Ads,1139.46,76542,4759,778,297,184,494923.46
CAMP-00180,SEO Content Campaign 2023-02-27,2023-02-27,SEO Content,2213.91,32835,1019,91,19,17,69920.74
CAMP-00181,LinkedIn Ads Campaign 2023-02-27,2023-02-27,LinkedIn Ads,1048.78,36134,2208,352,87,65,148907.13
CAMP-00182,Google Ads Campaign 2023-02-28,2023-02-28,Google Ads,2505.03,92171,4770,840,302,293,540824.2
CAMP-00183,SEO Content Campaign 2023-02-28,2023-02-28,SEO Content,434.84,62206,3356,434,58,42,166127.95
CAMP-00184,Email Campaigns Campaign 2023-03-01,2023-03-01,Email Campaigns,2172.68,7915,328,40,4,2,2115.99
CAMP-00185,LinkedIn Ads Campaign 2023-03-01,2023-03-01,LinkedIn Ads,3023.69,18232,475,56,13,9,35281.26
CAMP-00186,Partner Referrals Campaign 2023-03-01,2023-03-01,Partner Referrals,984.43,33578,2235,422,75,74,86665.85
CAMP-00187,SEO Content Campaign 2023-03-02,2023-03-02,SEO Content,2865.69,27158,664,49,17,10,10784.8
CAMP-00188,LinkedIn Ads Campaign 2023-03-02,2023-03-02,LinkedIn Ads,1810.05,18606,978,88,26,16,42802.13
CAMP-00189,Events & Webinars Campaign 2023-03-03,2023-03-03,Events & Webinars,1465.81,79276,2943,415,144,106,291759.66
CAMP-00190,Email Campaigns Campaign 2023-03-03,2023-03-03,Email Campaigns,1714.37,11882,885,133,21,14,49545.21
CAMP-00191,Email Campaigns Campaign 2023-03-04,2023-03-04,Email Campaigns,518.2,86343,4452,491,98,88,363515.14
CAMP-00192,Google Ads Campaign 2023-03-04,2023-03-04,Google Ads,1605.74,74998,3862,571,69,53,217254.35
CAMP-00193,Partner Referrals Campaign 2023-03-05,2023-03-05,Partner Referrals,2184.65,44240,1327,137,28,25,45936.63
CAMP-00194,Events & Webinars Campaign 2023-03-05,2023-03-05,Events & Webinars,2628.44,57284,2729,441,143,89,195156.03
CAMP-00195,LinkedIn Ads Campaign 2023-03-06,2023-03-06,LinkedIn Ads,3481.84,24892,1622,141,24,21,60113.14
CAMP-00196,SEO Content Campaign 2023-03-06,2023-03-06,SEO Content,2793.81,18898,384,53,8,6,9622.58
CAMP-00197,Email Campaigns Campaign 2023-03-06,2023-03-06,Email Campaigns,1422.07,32206,653,88,27,18,43012.02
CAMP-00198,Partner Referrals Campaign 2023-03-06,2023-03-06,Partner Referrals,877.67,92974,6973,1323,370,230,375981.75
CAMP-00199,Events & Webinars Campaign 2023-03-07,2023-03-07,Events & Webinars,976.91,20445,1507,301,78,72,61960.97
CAMP-00200,Email Campaigns Campaign 2023-03-07,2023-03-07,Email Campaigns,2068.32,27552,863,51,15,9,12293.48
CAMP-00201,Google Ads Campaign 2023-03-08,2023-03-08,Google Ads,2249.49,76050,1924,186,58,47,206262.8
CAMP-00202,Partner Referrals Campaign 2023-03-08,2023-03-08,Partner Referrals,1926.03,65397,3381,653,223,143,499180.78
CAMP-00203,Email Campaigns Campaign 2023-03-09,2023-03-09,Email Campaigns,755.93,96592,5235,830,246,148,376651.73
CAMP-00204,SEO Content Campaign 2023-03-09,2023-03-09,SEO Content,1681.03,78879,2430,286,78,68,217601.43
CAMP-00205,Events & Webinars Campaign 2023-03-09,2023-03-09,Events & Webinars,1509.1,67065,5169,367,82,71,238761.46
CAMP-00206,LinkedIn Ads Campaign 2023-03-10,2023-03-10,LinkedIn Ads,2225.25,19276,1229,94,25,21,85068.1
CAMP-00207,Partner Referrals Campaign 2023-03-10,2023-03-10,Partner Referrals,2671.18,50411,1250,207,76,62,222193.75
CAMP-00208,Google Ads Campaign 2023-03-11,2023-03-11,Google Ads,3486.18,62378,3810,437,49,37,122303.41
CAMP-00209,Partner Referrals Campaign 2023-03-11,2023-03-11,Partner Referrals,2823.23,63447,2466,387,57,49,44920.32
CAMP-00210,Events & Webinars Campaign 2023-03-11,2023-03-11,Events & Webinars,1037.39,22099,1333,231,86,83,242630.99
CAMP-00211,LinkedIn Ads Campaign 2023-03-11,2023-03-11,LinkedIn Ads,2210.51,98414,2514,493,125,77,68411.23
CAMP-00212,Partner Referrals Campaign 2023-03-12,2023-03-12,Partner Referrals,1300.88,10245,273,35,9,6,8412.89
CAMP-00213,Events & Webinars Campaign 2023-03-12,2023-03-12,Events & Webinars,3305.52,80220,5494,739,109,65,129600.85
CAMP-00214,Partner Referrals Campaign 2023-03-13,2023-03-13,Partner Referrals,1639.4,70165,4135,381,59,52,110863.41
CAMP-00215,Google Ads Campaign 2023-03-13,2023-03-13,Google Ads,1150.73,8239,332,30,6,3,13298.58
CAMP-00216,Events & Webinars Campaign 2023-03-14,2023-03-14,Events & Webinars,2823.69,44900,2562,498,196,138,204167.37
CAMP-00217,SEO Content Campaign 2023-03-14,2023-03-14,SEO Content,3326.28,36888,830,112,16,13,36759.82
CAMP-00218,LinkedIn Ads Campaign 2023-03-15,2023-03-15,LinkedIn Ads,2189.82,74240,3291,568,182,144,115518.66
CAMP-00219,SEO Content Campaign 2023-03-15,2023-03-15,SEO Content,1660.2,82663,5730,772,295,266,751309.06
CAMP-00220,Email Campaigns Campaign 2023-03-16,2023-03-16,Email Campaigns,1117.78,32525,1778,292,79,77,286608.62
CAMP-00221,Partner Referrals Campaign 2023-03-16,2023-03-16,Partner Referrals,2671.03,82609,5782,577,81,68,287015.9
CAMP-00222,SEO Content Campaign 2023-03-16,2023-03-16,SEO Content,2825.76,23556,1435,226,36,21,43747.57
CAMP-00223,Google Ads Campaign 2023-03-16,2023-03-16,Google Ads,920.15,99416,5786,343,72,45,161090.7
CAMP-00224,Email Campaigns Campaign 2023-03-17,2023-03-17,Email Campaigns,1557.57,41650,2065,140,26,17,26417.47
CAMP-00225,Partner Referrals Campaign 2023-03-17,2023-03-17,Partner Referrals,1474.84,51026,3645,603,146,96,115620.7
CAMP-00226,Google Ads Campaign 2023-03-17,2023-03-17,Google Ads,380.62,47208,3010,598,88,73,169657.7
CAMP-00227,LinkedIn Ads Campaign 2023-03-18,2023-03-18,LinkedIn Ads,766.11,21791,1173,205,73,67,245383.33
CAMP-00228,SEO Content Campaign 2023-03-18,2023-03-18,SEO Content,3031.84,30041,1428,154,33,31,58660.33
CAMP-00229,Email Campaigns Campaign 2023-03-18,2023-03-18,Email Campaigns,2869.01,56320,2827,462,149,95,95675.76
CAMP-00230,Events & Webinars Campaign 2023-03-18,2023-03-18,Events & Webinars,2552.87,61535,2274,125,39,35,80868.97
CAMP-00231,Google Ads Campaign 2023-03-19,2023-03-19,Google Ads,3152.25,27170,742,103,39,25,100407.49
CAMP-00232,SEO Content Campaign 2023-03-19,2023-03-19,SEO Content,856.47,20549,1379,85,19,13,18193.59
CAMP-00233,Google Ads Campaign 2023-03-20,2023-03-20,Google Ads,3401.06,91419,3758,432,103,97,239427.29
CAMP-00234,Events & Webinars Campaign 2023-03-20,2023-03-20,Events & Webinars,2480.82,47073,1788,170,65,46,44083.26
CAMP-00235,SEO Content Campaign 2023-03-20,2023-03-20,SEO Content,1831.98,72532,1535,230,44,28,98858.44
CAMP-00236,SEO Content Campaign 2023-03-21,2023-03-21,SEO Content,3391.73,10258,229,43,8,5,16889.9
CAMP-00237,Google Ads Campaign 2023-03-21,2023-03-21,Google Ads,1990.65,72306,2305,193,68,52,225306.78
CAMP-00238,Email Campaigns Campaign 2023-03-22,2023-03-22,Email Campaigns,2918.33,86670,1892,111,19,11,47855.68
CAMP-00239,Google Ads Campaign 2023-03-22,2023-03-22,Google Ads,3387.75,6756,529,86,10,6,18745.34
CAMP-00240,SEO Content Campaign 2023-03-22,2023-03-22,SEO Content,1503.04,39881,1288,149,58,40,42960.51
CAMP-00241,SEO Content Campaign 2023-03-23,2023-03-23,SEO Content,2539.71,8554,456,67,25,19,21183.75
CAMP-00242,Events & Webinars Campaign 2023-03-23,2023-03-23,Events & Webinars,3365.99,66527,3501,397,76,65,151471.5
CAMP-00243,Google Ads Campaign 2023-03-24,2023-03-24,Google Ads,1777.96,89518,5726,357,49,33,68393.28
CAMP-00244,Email Campaigns Campaign 2023-03-24,2023-03-24,Email Campaigns,2613.48,83752,2098,384,42,32,70052.33
CAMP-00245,Google Ads Campaign 2023-03-25,2023-03-25,Google Ads,2253.75,89407,5229,676,99,63,110705.99
CAMP-00246,Events & Webinars Campaign 2023-03-25,2023-03-25,Events & Webinars,2404.31,64025,3573,438,155,136,551079.41
CAMP-00247,LinkedIn Ads Campaign 2023-03-25,2023-03-25,LinkedIn Ads,2981.13,42371,1719,142,49,38,63718.86
CAMP-00248,SEO Content Campaign 2023-03-25,2023-03-25,SEO Content,3458.58,62266,3390,522,82,60,124293.41
CAMP-00249,Google Ads Campaign 2023-03-26,2023-03-26,Google Ads,2490.13,10817,588,74,28,22,64831.19
CAMP-00250,LinkedIn Ads Campaign 2023-03-26,2023-03-26,LinkedIn Ads,1032.69,31038,2187,352,74,56,150957.34
CAMP-00251,LinkedIn Ads Campaign 2023-03-27,2023-03-27,LinkedIn Ads,2227.74,6443,225,31,3,2,6584.95
CAMP-00252,Partner Referrals Campaign 2023-03-27,2023-03-27,Partner Referrals,1179.52,15533,857,158,23,22,32179.06
CAMP-00253,Google Ads Campaign 2023-03-27,2023-03-27,Google Ads,599.83,54202,3449,576,195,131,314453.28
CAMP-00254,Events & Webinars Campaign 2023-03-28,2023-03-28,Events & Webinars,2083.4,47683,1732,235,72,66,175484.06
CAMP-00255,Partner Referrals Campaign 2023-03-28,2023-03-28,Partner Referrals,2725.8,31327,2263,369,42,38,84849.4
CAMP-00256,Email Campaigns Campaign 2023-03-28,2023-03-28,Email Campaigns,1692.87,56738,4023,232,65,52,107349.27
CAMP-00257,Google Ads Campaign 2023-03-29,2023-03-29,Google Ads,2416.73,88696,3322,235,53,38,122240.77
CAMP-00258,Partner Referrals Campaign 2023-03-29,2023-03-29,Partner Referrals,3474.33,90049,6026,819,193,159,623622.31
CAMP-00259,LinkedIn Ads Campaign 2023-03-30,2023-03-30,LinkedIn Ads,1172.81,49464,3774,728,278,207,728028.59
CAMP-00260,Events & Webinars Campaign 2023-03-30,2023-03-30,Events & Webinars,431.85,6836,228,42,7,6,23786.03
CAMP-00261,Email Campaigns Campaign 2023-03-30,2023-03-30,Email Campaigns,2629.4,48377,1349,134,26,25,23271.61
CAMP-00262,LinkedIn Ads Campaign 2023-03-31,2023-03-31,LinkedIn Ads,2604.61,71842,5612,722,136,104,124731.07
CAMP-00263,Partner Referrals Campaign 2023-03-31,2023-03-31,Partner Referrals,3352.83,92586,3339,195,68,58,219889.91
CAMP-00264,Events & Webinars Campaign 2023-03-31,2023-03-31,Events & Webinars,1449.32,7539,442,42,9,5,12772.95
CAMP-00265,Email Campaigns Campaign 2023-03-31,2023-03-31,Email Campaigns,2251.86,41648,1737,134,32,22,18803.03
CAMP-00266,Email Campaigns Campaign 2023-04-01,2023-04-01,Email Campaigns,2397.78,5692,451,33,7,6,5896.62
CAMP-00267,Events & Webinars Campaign 2023-04-01,2023-04-01,Events & Webinars,2565.25,83087,6503,856,211,188,457824.35
CAMP-00268,Partner Referrals Campaign 2023-04-01,2023-04-01,Partner Referrals,2831.12,9332,301,48,13,12,14222.17
CAMP-00269,LinkedIn Ads Campaign 2023-04-01,2023-04-01,LinkedIn Ads,2339.76,84808,5247,295,35,28,92844.58
CAMP-00270,SEO Content Campaign 2023-04-02,2023-04-02,SEO Content,333.47,79168,3965,600,100,67,254840.9
CAMP-00271,LinkedIn Ads Campaign 2023-04-02,2023-04-02,LinkedIn Ads,2774.72,94085,2353,371,136,125,313339.63
CAMP-00272,Email Campaigns Campaign 2023-04-02,2023-04-02,Email Campaigns,582.89,35455,875,118,12,8,20384.17
CAMP-00273,LinkedIn Ads Campaign 2023-04-03,2023-04-03,LinkedIn Ads,2547.44,74908,1992,230,43,41,157993.68
CAMP-00274,Partner Referrals Campaign 2023-04-03,2023-04-03,Partner Referrals,2890.78,59493,3150,574,120,111,357829.98
CAMP-00275,SEO Content Campaign 2023-04-03,2023-04-03,SEO Content,1011.58,83989,4632,753,85,70,240602.7
CAMP-00276,Google Ads Campaign 2023-04-03,2023-04-03,Google Ads,1418.85,11220,353,51,15,12,47336.55
CAMP-00277,Events & Webinars Campaign 2023-04-04,2023-04-04,Events & Webinars,999.13,65972,4141,426,146,122,211757.85
CAMP-00278,Google Ads Campaign 2023-04-04,2023-04-04,Google Ads,559.37,18648,1224,99,11,8,21980.31
CAMP-00279,LinkedIn Ads Campaign 2023-04-05,2023-04-05,LinkedIn Ads,799.4,40704,2334,417,131,117,132477.65
CAMP-00280,Email Campaigns Campaign 2023-04-05,2023-04-05,Email Campaigns,738.85,53277,3625,582,225,135,213200.16
CAMP-00281,Partner Referrals Campaign 2023-04-05,2023-04-05,Partner Referrals,1725.2,65426,3904,463,74,52,107112.34
CAMP-00282,Events & Webinars Campaign 2023-04-06,2023-04-06,Events & Webinars,896.17,36414,2896,407,115,82,326823.2
CAMP-00283,Email Campaigns Campaign 2023-04-06,2023-04-06,Email Campaigns,2663.73,95883,2341,142,56,53,94541.24
CAMP-00284,Partner Referrals Campaign 2023-04-06,2023-04-06,Partner Referrals,2506.82,66416,3348,631,94,84,128220.57
CAMP-00285,Google Ads Campaign 2023-04-06,2023-04-06,Google Ads,777.5,13832,942,55,14,13,32634.38
CAMP-00286,SEO Content Campaign 2023-04-07,2023-04-07,SEO Content,2187.32,51756,1368,188,54,36,111351.69
CAMP-00287,Google Ads Campaign 2023-04-07,2023-04-07,Google Ads,2997.72,98176,4012,648,78,71,169168.14
CAMP-00288,Partner Referrals Campaign 2023-04-07,2023-04-07,Partner Referrals,2922.39,13555,393,21,6,4,10213.27
CAMP-00289,Email Campaigns Campaign 2023-04-07,2023-04-07,Email Campaigns,2205.39,94088,5443,663,222,206,525387.68
CAMP-00290,SEO Content Campaign 2023-04-08,2023-04-08,SEO Content,2818.83,22475,708,78,18,15,12686.6
CAMP-00291,LinkedIn Ads Campaign 2023-04-08,2023-04-08,LinkedIn Ads,493.29,98853,3331,499,90,70,67699.26
CAMP-00292,LinkedIn Ads Campaign 2023-04-09,2023-04-09,LinkedIn Ads,2864.12,85669,2185,293,90,87,196457.27
CAMP-00293,Partner Referrals Campaign 2023-04-09,2023-04-09,Partner Referrals,918.71,90205,5080,903,241,170,229583.03
CAMP-00294,Events & Webinars Campaign 2023-04-10,2023-04-10,Events & Webinars,2980.35,65069,3833,718,93,92,150343.49
CAMP-00295,Email Campaigns Campaign 2023-04-10,2023-04-10,Email Campaigns,2914.98,56342,1245,164,22,20,48119.79
CAMP-00296,Google Ads Campaign 2023-04-10,2023-04-10,Google Ads,2962.27,98614,4936,586,94,63,203079.24
CAMP-00297,Partner Referrals Campaign 2023-04-10,2023-04-10,Partner Referrals,2384.74,32596,1995,211,81,57,173380.8
CAMP-00298,Partner Referrals Campaign 2023-04-11,2023-04-11,Partner Referrals,3360.55,58103,2809,232,61,60,225764.75
CAMP-00299,LinkedIn Ads Campaign 2023-04-11,2023-04-11,LinkedIn Ads,3158.15,53974,3823,610,87,54,105093.33
CAMP-00300,Google Ads Campaign 2023-04-11,2023-04-11,Google Ads,1509.16,35730,1954,353,101,87,239560.05
CAMP-00301,Email Campaigns Campaign 2023-04-11,2023-04-11,Email Campaigns,1978.49,76263,4576,358,51,44,187423.72
CAMP-00302,Events & Webinars Campaign 2023-04-12,2023-04-12,Events & Webinars,1754.25,97067,7495,1038,137,98,380261.87
CAMP-00303,Partner Referrals Campaign 2023-04-12,2023-04-12,Partner Referrals,450.64,97048,7247,1128,310,277,578061.4
CAMP-00304,LinkedIn Ads Campaign 2023-04-12,2023-04-12,LinkedIn Ads,1249.11,97430,4105,323,121,73,207278.4
CAMP-00305,Partner Referrals Campaign 2023-04-13,2023-04-13,Partner Referrals,2649.99,58286,1998,287,66,58,74472.34
CAMP-00306,LinkedIn Ads Campaign 2023-04-13,2023-04-13,LinkedIn Ads,1546.28,94161,2631,315,94,74,250674.29
CAMP-00307,Google Ads Campaign 2023-04-13,2023-04-13,Google Ads,1012.31,65237,1410,273,49,31,105362.99
CAMP-00308,LinkedIn Ads Campaign 2023-04-14,2023-04-14,LinkedIn Ads,2907.93,82700,4891,612,183,127,177782.62
CAMP-00309,Email Campaigns Campaign 2023-04-14,2023-04-14,Email Campaigns,1194.32,64873,3306,412,119,101,396115.34
CAMP-00310,Partner Referrals Campaign 2023-04-15,2023-04-15,Partner Referrals,3199.68,58159,2863,493,73,60,170873.26
CAMP-00311,Events & Webinars Campaign 2023-04-15,2023-04-15,Events & Webinars,2600.69,99935,7429,1423,482,415,713380.24
CAMP-00312,SEO Content Campaign 2023-04-15,2023-04-15,SEO Content,3333.68,44863,1594,89,30,23,71698.61
CAMP-00313,Google Ads Campaign 2023-04-15,2023-04-15,Google Ads,3377.09,38079,1631,272,68,46,163178.61
CAMP-00314,LinkedIn Ads Campaign 2023-04-16,2023-04-16,LinkedIn Ads,1543.99,86804,4555,527,201,135,358968.58
CAMP-00315,Events & Webinars Campaign 2023-04-16,2023-04-16,Events & Webinars,1058.47,37956,2491,360,129,86,133971.75
CAMP-00316,Google Ads Campaign 2023-04-16,2023-04-16,Google Ads,940.91,77426,4491,882,314,209,724761.43
CAMP-00317,Google Ads Campaign 2023-04-17,2023-04-17,Google Ads,3386.03,97380,4192,264,61,40,159729.44
CAMP-00318,Email Campaigns Campaign 2023-04-17,2023-04-17,Email Campaigns,3073.68,49970,3578,404,140,97,304939.75
CAMP-00319,Events & Webinars Campaign 2023-04-17,2023-04-17,Events & Webinars,2365.11,35201,1628,228,63,39,162153.64
CAMP-00320,SEO Content Campaign 2023-04-18,2023-04-18,SEO Content,1029.32,25137,706,113,31,19,34175.3
CAMP-00321,LinkedIn Ads Campaign 2023-04-18,2023-04-18,LinkedIn Ads,2437.91,52950,2252,290,46,30,120613.65
CAMP-00322,SEO Content Campaign 2023-04-19,2023-04-19,SEO Content,1897.59,94731,6866,640,210,206,411931.95
CAMP-00323,LinkedIn Ads Campaign 2023-04-19,2023-04-19,LinkedIn Ads,2629.41,33635,1752,269,82,77,88012.22
CAMP-00324,Events & Webinars Campaign 2023-04-19,2023-04-19,Events & Webinars,1765.57,30781,1040,157,17,10,34047.53
CAMP-00325,Google Ads Campaign 2023-04-19,2023-04-19,Google Ads,3154.01,58027,4016,799,144,130,198837.22
CAMP-00326,LinkedIn Ads Campaign 2023-04-20,2023-04-20,LinkedIn Ads,1839.97,99092,3035,194,62,49,75895.68
CAMP-00327,Google Ads Campaign 2023-04-20,2023-04-20,Google Ads,3299.79,11390,541,104,24,17,60983.84
CAMP-00328,Partner Referrals Campaign 2023-04-20,2023-04-20,Partner Referrals,620.21,82625,3248,479,117,78,223586.91
CAMP-00329,SEO Content Campaign 2023-04-20,2023-04-20,SEO Content,1971.56,96303,4712,668,170,151,517825.24
CAMP-00330,LinkedIn Ads Campaign 2023-04-21,2023-04-21,LinkedIn Ads,2481.33,30539,1204,136,18,15,18376.21
CAMP-00331,Email Campaigns Campaign 2023-04-21,2023-04-21,Email Campaigns,563.58,23195,686,120,37,35,98455.08
CAMP-00332,Events & Webinars Campaign 2023-04-21,2023-04-21,Events & Webinars,3404.04,18244,527,48,18,12,24856.38
CAMP-00333,Partner Referrals Campaign 2023-04-21,2023-04-21,Partner Referrals,868.25,43122,1014,104,22,13,38752.71
CAMP-00334,Partner Referrals Campaign 2023-04-22,2023-04-22,Partner Referrals,1800.96,63903,2880,448,130,91,267491.54
CAMP-00335,SEO Content Campaign 2023-04-22,2023-04-22,SEO Content,402.57,59328,2409,185,43,40,158412.04
CAMP-00336,Email Campaigns Campaign 2023-04-22,2023-04-22,Email Campaigns,568.18,97187,6775,852,179,174,478593.13
CAMP-00337,LinkedIn Ads Campaign 2023-04-22,2023-04-22,LinkedIn Ads,1767.74,10640,239,15,2,1,1095.03
CAMP-00338,Email Campaigns Campaign 2023-04-23,2023-04-23,Email Campaigns,2226.12,54291,4209,399,134,95,160704.14
CAMP-00339,Google Ads Campaign 2023-04-23,2023-04-23,Google Ads,882.04,64838,2946,243,92,85,82272.64
CAMP-00340,Partner Referrals Campaign 2023-04-23,2023-04-23,Partner Referrals,976.87,79401,4923,397,72,68,272634.37
CAMP-00341,SEO Content Campaign 2023-04-23,2023-04-23,SEO Content,1687.65,14141,884,158,19,17,15250.06
CAMP-00342,Partner Referrals Campaign 2023-04-24,2023-04-24,Partner Referrals,2292.38,15384,713,50,5,4,8715.94
CAMP-00343,LinkedIn Ads Campaign 2023-04-24,2023-04-24,LinkedIn Ads,3190.07,38845,3042,400,131,119,511445.97
CAMP-00344,Events & Webinars Campaign 2023-04-24,2023-04-24,Events & Webinars,2445.18,48420,1251,109,11,8,20193.43
CAMP-00345,Email Campaigns Campaign 2023-04-24,2023-04-24,Email Campaigns,995.11,47325,3503,595,90,65,274215.28
CAMP-00346,SEO Content Campaign 2023-04-25,2023-04-25,SEO Content,2082.32,30985,1031,85,19,16,50719.15
CAMP-00347,Partner Referrals Campaign 2023-04-25,2023-04-25,Partner Referrals,1500.89,47007,2885,253,63,61,253281.71
CAMP-00348,LinkedIn Ads Campaign 2023-04-25,2023-04-25,LinkedIn Ads,1899.83,28494,1667,244,79,55,198371.34
CAMP-00349,Email Campaigns Campaign 2023-04-25,2023-04-25,Email Campaigns,2729.29,79818,6323,732,88,53,147466.06
CAMP-00350,Email Campaigns Campaign 2023-04-26,2023-04-26,Email Campaigns,1485.3,62331,4904,713,126,125,140144.56
CAMP-00351,Events & Webinars Campaign 2023-04-26,2023-04-26,Events & Webinars,2011.56,32574,1632,261,73,53,154224.49
CAMP-00352,SEO Content Campaign 2023-04-26,2023-04-26,SEO Content,457.06,79121,2352,138,29,25,102419.46
CAMP-00353,Events & Webinars Campaign 2023-04-27,2023-04-27,Events & Webinars,1612.24,63747,4822,958,378,297,1080007.39
CAMP-00354,Google Ads Campaign 2023-04-27,2023-04-27,Google Ads,2601.12,78057,3163,632,69,52,201683.11
CAMP-00355,SEO Content Campaign 2023-04-27,2023-04-27,SEO Content,831.78,8661,236,38,12,9,38765.42
CAMP-00356,Partner Referrals Campaign 2023-04-28,2023-04-28,Partner Referrals,1341.1,97769,7694,1439,362,252,698468.19
CAMP-00357,LinkedIn Ads Campaign 2023-04-28,2023-04-28,LinkedIn Ads,774.31,36460,2383,449,57,52,100196.91
CAMP-00358,Email Campaigns Campaign 2023-04-28,2023-04-28,Email Campaigns,3137.72,33424,2194,214,79,47,164486.74
CAMP-00359,Email Campaigns Campaign 2023-04-29,2023-04-29,Email Campaigns,2586.69,27719,1692,301,53,42,111248.73
CAMP-00360,Events & Webinars Campaign 2023-04-29,2023-04-29,Events & Webinars,2589.98,48064,2584,323,116,113,357255.16
CAMP-00361,Google Ads Campaign 2023-04-30,2023-04-30,Google Ads,1043.67,65411,4248,836,108,96,123516.25
CAMP-00362,Events & Webinars Campaign 2023-04-30,2023-04-30,Events & Webinars,1888.38,47066,1384,193,47,43,58085.48
CAMP-00363,Email Campaigns Campaign 2023-04-30,2023-04-30,Email Campaigns,2187.03,39385,873,98,31,21,67599.49
CAMP-00364,LinkedIn Ads Campaign 2023-04-30,2023-04-30,LinkedIn Ads,3348.84,44337,1304,71,14,9,11708.87
CAMP-00365,Google Ads Campaign 2023-05-01,2023-05-01,Google Ads,1347.94,47929,1314,95,10,9,7305.2
CAMP-00366,SEO Content Campaign 2023-05-01,2023-05-01,SEO Content,2779.13,35484,2710,303,103,80,332546.08
CAMP-00367,Email Campaigns Campaign 2023-05-02,2023-05-02,Email Campaigns,2177.52,77936,4311,705,177,139,624503.98
CAMP-00368,Events & Webinars Campaign 2023-05-02,2023-05-02,Events & Webinars,2698.48,79636,4094,514,91,87,243954.37
CAMP-00369,SEO Content Campaign 2023-05-02,2023-05-02,SEO Content,2349.73,64607,4290,381,139,86,226809.89
CAMP-00370,SEO Content Campaign 2023-05-03,2023-05-03,SEO Content,640.12,57326,1842,287,108,68,101620.44
CAMP-00371,LinkedIn Ads Campaign 2023-05-03,2023-05-03,LinkedIn Ads,859.37,23615,1537,79,22,15,66659.35
CAMP-00372,Google Ads Campaign 2023-05-03,2023-05-03,Google Ads,3191.98,48596,2200,348,39,37,90840.25
CAMP-00373,Partner Referrals Campaign 2023-05-04,2023-05-04,Partner Referrals,1216.86,35649,2183,162,48,31,130086.98
CAMP-00374,Email Campaigns Campaign 2023-05-04,2023-05-04,Email Campaigns,3266.05,19957,968,190,48,39,93575.95
CAMP-00375,LinkedIn Ads Campaign 2023-05-05,2023-05-05,LinkedIn Ads,580.86,50551,3454,591,148,126,445387.73
CAMP-00376,Email Campaigns Campaign 2023-05-05,2023-05-05,Email Campaigns,456.98,43270,1776,162,61,60,108463.2
CAMP-00377,Partner Referrals Campaign 2023-05-05,2023-05-05,Partner Referrals,3271.64,30739,1227,166,58,56,140495.79
CAMP-00378,Google Ads Campaign 2023-05-06,2023-05-06,Google Ads,1961.16,12857,865,75,17,12,37324.19
CAMP-00379,Partner Referrals Campaign 2023-05-06,2023-05-06,Partner Referrals,2461.6,16073,762,97,31,30,124945.58
CAMP-00380,LinkedIn Ads Campaign 2023-05-06,2023-05-06,LinkedIn Ads,1360.93,85579,6120,807,298,222,783231.53
CAMP-00381,LinkedIn Ads Campaign 2023-05-07,2023-05-07,LinkedIn Ads,3103.13,75615,4301,859,147,112,152672.47
CAMP-00382,Partner Referrals Campaign 2023-05-07,2023-05-07,Partner Referrals,341.73,74196,2554,279,52,46,165409.36
CAMP-00383,Events & Webinars Campaign 2023-05-08,2023-05-08,Events & Webinars,1647.22,7956,307,54,16,10,20327.44
CAMP-00384,SEO Content Campaign 2023-05-08,2023-05-08,SEO Content,865.62,69728,3318,650,202,201,623825.24
CAMP-00385,Events & Webinars Campaign 2023-05-09,2023-05-09,Events & Webinars,2800.48,79705,6262,846,207,165,307463.77
CAMP-00386,Email Campaigns Campaign 2023-05-09,2023-05-09,Email Campaigns,2615.69,22579,982,139,43,39,170480.05
CAMP-00387,Partner Referrals Campaign 2023-05-10,2023-05-10,Partner Referrals,451.16,11532,622,53,14,13,18074.82
CAMP-00388,Events & Webinars Campaign 2023-05-10,2023-05-10,Events & Webinars,405.75,77980,4420,660,198,170,547989.55
CAMP-00389,LinkedIn Ads Campaign 2023-05-10,2023-05-10,LinkedIn Ads,1037.29,70681,3726,590,80,75,323876.4
CAMP-00390,Google Ads Campaign 2023-05-10,2023-05-10,Google Ads,2135.21,22051,1486,282,107,65,121809.3
CAMP-00391,SEO Content Campaign 2023-05-11,2023-05-11,SEO Content,1200.74,45710,1377,97,22,19,72444.02
CAMP-00392,Email Campaigns Campaign 2023-05-11,2023-05-11,Email Campaigns,1239.42,56250,1493,80,26,18,38294.75
CAMP-00393,Google Ads Campaign 2023-05-11,2023-05-11,Google Ads,2656.93,84403,2231,376,42,41,137390.57
CAMP-00394,Partner Referrals Campaign 2023-05-12,2023-05-12,Partner Referrals,3158.44,38884,2846,174,39,27,110006.15
CAMP-00395,SEO Content Campaign 2023-05-12,2023-05-12,SEO Content,1075.01,77618,5115,418,136,119,418398.07
CAMP-00396,Google Ads Campaign 2023-05-13,2023-05-13,Google Ads,318.77,95020,3121,492,59,36,155692.8
CAMP-00397,Events & Webinars Campaign 2023-05-13,2023-05-13,Events & Webinars,766.07,83885,5682,1039,158,153,366710.66
CAMP-00398,Email Campaigns Campaign 2023-05-13,2023-05-13,Email Campaigns,2954.93,19735,1148,185,22,18,19338.18
CAMP-00399,LinkedIn Ads Campaign 2023-05-13,2023-05-13,LinkedIn Ads,1329.63,70304,3373,332,116,73,248688.23
CAMP-00400,Google Ads Campaign 2023-05-14,2023-05-14,Google Ads,898.66,98378,6200,733,209,172,378964.85
CAMP-00401,SEO Content Campaign 2023-05-14,2023-05-14,SEO Content,2873.68,18725,972,190,55,46,65012.79
CAMP-00402,LinkedIn Ads Campaign 2023-05-14,2023-05-14,LinkedIn Ads,1967.31,14369,1014,159,49,45,57038.13
CAMP-00403,Partner Referrals Campaign 2023-05-14,2023-05-14,Partner Referrals,2567.83,51986,2459,285,75,71,212558.32
CAMP-00404,LinkedIn Ads Campaign 2023-05-15,2023-05-15,LinkedIn Ads,1216.4,26889,2043,338,67,41,91643.19
CAMP-00405,Events & Webinars Campaign 2023-05-15,2023-05-15,Events & Webinars,2898.0,93206,4871,704,142,99,346425.53
CAMP-00406,Email Campaigns Campaign 2023-05-15,2023-05-15,Email Campaigns,3466.96,34691,1925,146,26,19,42342.24
CAMP-00407,Email Campaigns Campaign 2023-05-16,2023-05-16,Email Campaigns,378.67,11258,500,49,10,9,33066.98
CAMP-00408,LinkedIn Ads Campaign 2023-05-16,2023-05-16,LinkedIn Ads,2350.5,86616,2220,404,160,144,234734.2
CAMP-00409,SEO Content Campaign 2023-05-16,2023-05-16,SEO Content,443.05,81761,2045,156,47,37,98045.9
CAMP-00410,Events & Webinars Campaign 2023-05-16,2023-05-16,Events & Webinars,2820.84,32334,829,82,15,12,42354.96
CAMP-00411,LinkedIn Ads Campaign 2023-05-17,2023-05-17,LinkedIn Ads,2836.61,28891,981,120,15,9,38593.39
CAMP-00412,Google Ads Campaign 2023-05-17,2023-05-17,Google Ads,3056.14,62584,4841,372,65,54,157586.21
CAMP-00413,Email Campaigns Campaign 2023-05-18,2023-05-18,Email Campaigns,1651.09,57683,4316,497,114,75,166947.3
CAMP-00414,LinkedIn Ads Campaign 2023-05-18,2023-05-18,LinkedIn Ads,2868.4,50076,1685,209,53,44,72254.2
CAMP-00415,Email Campaigns Campaign 2023-05-19,2023-05-19,Email Campaigns,2099.53,64779,2615,456,118,112,467241.56
CAMP-00416,Partner Referrals Campaign 2023-05-19,2023-05-19,Partner Referrals,1047.77,97156,3613,672,82,68,270101.53
CAMP-00417,Partner Referrals Campaign 2023-05-20,2023-05-20,Partner Referrals,1084.58,89350,5121,324,82,54,135950.3
CAMP-00418,SEO Content Campaign 2023-05-20,2023-05-20,SEO Content,502.2,42299,1396,143,18,16,13487.17
CAMP-00419,Google Ads Campaign 2023-05-20,2023-05-20,Google Ads,3179.47,41855,937,181,57,44,162973.1
CAMP-00420,Events & Webinars Campaign 2023-05-21,2023-05-21,Events & Webinars,1269.69,5522,297,43,5,4,3771.81
CAMP-00421,LinkedIn Ads Campaign 2023-05-21,2023-05-21,LinkedIn Ads,2671.91,22337,472,34,3,2,8138.48
CAMP-00422,Events & Webinars Campaign 2023-05-22,2023-05-22,Events & Webinars,1925.51,57684,1907,304,68,65,88279.44
CAMP-00423,LinkedIn Ads Campaign 2023-05-22,2023-05-22,LinkedIn Ads,2108.33,28904,945,157,17,14,45517.75
CAMP-00424,Partner Referrals Campaign 2023-05-22,2023-05-22,Partner Referrals,2380.64,66980,1659,123,27,25,44093.4
CAMP-00425,SEO Content Campaign 2023-05-22,2023-05-22,SEO Content,1923.4,83069,5261,978,100,63,115948.19
CAMP-00426,Events & Webinars Campaign 2023-05-23,2023-05-23,Events & Webinars,2198.72,52600,2629,222,88,78,270182.45
CAMP-00427,LinkedIn Ads Campaign 2023-05-23,2023-05-23,LinkedIn Ads,2215.95,14608,961,135,41,33,115595.55
CAMP-00428,SEO Content Campaign 2023-05-23,2023-05-23,SEO Content,3307.64,93098,6255,515,191,177,200159.1
CAMP-00429,Partner Referrals Campaign 2023-05-23,2023-05-23,Partner Referrals,2249.04,52385,2587,434,161,137,532616.63
CAMP-00430,Partner Referrals Campaign 2023-05-24,2023-05-24,Partner Referrals,635.22,8989,234,28,6,4,3577.56
CAMP-00431,Google Ads Campaign 2023-05-24,2023-05-24,Google Ads,2907.68,19563,1363,231,58,47,74561.77
CAMP-00432,LinkedIn Ads Campaign 2023-05-24,2023-05-24,LinkedIn Ads,2731.07,56072,2401,420,75,50,136802.08
CAMP-00433,LinkedIn Ads Campaign 2023-05-25,2023-05-25,LinkedIn Ads,1551.56,95733,3967,629,85,77,214317.77
CAMP-00434,SEO Content Campaign 2023-05-25,2023-05-25,SEO Content,1955.67,21975,1242,103,36,32,115181.51
CAMP-00435,Google Ads Campaign 2023-05-26,2023-05-26,Google Ads,1292.02,86328,6157,561,129,105,414147.26
CAMP-00436,LinkedIn Ads Campaign 2023-05-26,2023-05-26,LinkedIn Ads,2766.02,37803,1413,176,48,42,121588.06
CAMP-00437,Email Campaigns Campaign 2023-05-26,2023-05-26,Email Campaigns,426.62,69373,3034,600,94,73,85606.0
CAMP-00438,SEO Content Campaign 2023-05-27,2023-05-27,SEO Content,3211.96,15489,400,25,7,4,4390.0
CAMP-00439,Google Ads Campaign 2023-05-27,2023-05-27,Google Ads,1928.78,90677,4922,300,39,27,79448.22
CAMP-00440,Email Campaigns Campaign 2023-05-28,2023-05-28,Email Campaigns,1236.61,82188,2217,220,72,69,191780.12
CAMP-00441,SEO Content Campaign 2023-05-28,2023-05-28,SEO Content,1640.36,16708,1020,146,34,30,71937.64
CAMP-00442,Google Ads Campaign 2023-05-28,2023-05-28,Google Ads,3356.03,39855,936,73,7,6,5485.43
CAMP-00443,Partner Referrals Campaign 2023-05-29,2023-05-29,Partner Referrals,2348.01,63366,4657,340,68,42,128972.5
CAMP-00444,Events & Webinars Campaign 2023-05-29,2023-05-29,Events & Webinars,3008.67,91653,4638,533,109,100,252599.18
CAMP-00445,Google Ads Campaign 2023-05-29,2023-05-29,Google Ads,3026.71,91153,3368,517,97,65,290357.87
CAMP-00446,LinkedIn Ads Campaign 2023-05-30,2023-05-30,LinkedIn Ads,1706.35,38845,2657,180,21,14,43798.73
CAMP-00447,Google Ads Campaign 2023-05-30,2023-05-30,Google Ads,3040.13,43285,2589,228,34,28,64269.47
CAMP-00448,Partner Referrals Campaign 2023-05-31,2023-05-31,Partner Referrals,3212.15,18426,927,131,35,22,59978.11
CAMP-00449,Email Campaigns Campaign 2023-05-31,2023-05-31,Email Campaigns,645.56,78143,3147,452,128,93,413916.15
CAMP-00450,LinkedIn Ads Campaign 2023-05-31,2023-05-31,LinkedIn Ads,2709.46,52464,3347,624,63,42,131156.7
CAMP-00451,Email Campaigns Campaign 2023-06-01,2023-06-01,Email Campaigns,1612.64,13547,346,19,4,2,6613.91
CAMP-00452,SEO Content Campaign 2023-06-01,2023-06-01,SEO Content,2793.27,23956,1691,251,91,83,257816.27
CAMP-00453,Events & Webinars Campaign 2023-06-02,2023-06-02,Events & Webinars,1912.37,82590,5808,498,70,46,57149.47
CAMP-00454,Email Campaigns Campaign 2023-06-02,2023-06-02,Email Campaigns,1808.61,49770,2802,395,148,133,320529.5
CAMP-00455,LinkedIn Ads Campaign 2023-06-02,2023-06-02,LinkedIn Ads,529.15,60917,2527,495,65,42,57149.49
CAMP-00456,SEO Content Campaign 2023-06-02,2023-06-02,SEO Content,2956.36,33639,988,188,39,24,79509.15
CAMP-00457,SEO Content Campaign 2023-06-03,2023-06-03,SEO Content,1347.11,57309,1510,115,39,32,40706.04
CAMP-00458,Google Ads Campaign 2023-06-03,2023-06-03,Google Ads,812.73,29548,1342,148,52,47,116652.2
CAMP-00459,Email Campaigns Campaign 2023-06-03,2023-06-03,Email Campaigns,2515.29,48885,3145,322,87,53,117071.91
CAMP-00460,LinkedIn Ads Campaign 2023-06-04,2023-06-04,LinkedIn Ads,2724.14,79002,3805,520,142,141,405569.09
CAMP-00461,SEO Content Campaign 2023-06-04,2023-06-04,SEO Content,786.96,29900,1045,90,30,21,63020.37
CAMP-00462,LinkedIn Ads Campaign 2023-06-05,2023-06-05,LinkedIn Ads,1526.24,97585,3625,450,178,148,306532.87
CAMP-00463,Events & Webinars Campaign 2023-06-05,2023-06-05,Events & Webinars,767.11,85450,5358,905,251,165,309023.24
CAMP-00464,Email Campaigns Campaign 2023-06-06,2023-06-06,Email Campaigns,1237.96,45915,3405,276,91,55,189487.96
CAMP-00465,SEO Content Campaign 2023-06-06,2023-06-06,SEO Content,1856.61,48962,2915,548,214,143,401990.04
CAMP-00466,Google Ads Campaign 2023-06-06,2023-06-06,Google Ads,3238.81,5755,137,8,2,1,1312.63
CAMP-00467,Partner Referrals Campaign 2023-06-07,2023-06-07,Partner Referrals,1033.18,62684,1845,172,37,31,87073.35
CAMP-00468,LinkedIn Ads Campaign 2023-06-07,2023-06-07,LinkedIn Ads,3313.64,64704,1931,163,62,44,103661.82
CAMP-00469,Google Ads Campaign 2023-06-07,2023-06-07,Google Ads,1660.11,86990,6082,661,164,158,471742.8
CAMP-00470,Events & Webinars Campaign 2023-06-07,2023-06-07,Events & Webinars,3045.85,22475,752,46,15,13,16964.76
CAMP-00471,Email Campaigns Campaign 2023-06-08,2023-06-08,Email Campaigns,2689.67,46352,1043,169,42,32,73278.32
CAMP-00472,Google Ads Campaign 2023-06-08,2023-06-08,Google Ads,3458.15,78882,2132,227,76,49,130444.51
CAMP-00473,Partner Referrals Campaign 2023-06-08,2023-06-08,Partner Referrals,1748.83,60669,3200,593,199,187,251856.45
CAMP-00474,Events & Webinars Campaign 2023-06-08,2023-06-08,Events & Webinars,554.07,94945,6684,336,116,89,85166.99
CAMP-00475,Events & Webinars Campaign 2023-06-09,2023-06-09,Events & Webinars,3093.14,89533,5061,943,276,231,1020796.81
CAMP-00476,Email Campaigns Campaign 2023-06-09,2023-06-09,Email Campaigns,3381.36,73331,4855,634,226,190,289765.09
CAMP-00477,SEO Content Campaign 2023-06-09,2023-06-09,SEO Content,1396.42,66623,4765,505,78,63,143320.27
CAMP-00478,LinkedIn Ads Campaign 2023-06-09,2023-06-09,LinkedIn Ads,2543.21,19972,1168,210,37,26,100765.93
CAMP-00479,LinkedIn Ads Campaign 2023-06-10,2023-06-10,LinkedIn Ads,1825.34,21493,901,67,13,10,33770.36
CAMP-00480,Events & Webinars Campaign 2023-06-10,2023-06-10,Events & Webinars,3096.02,94168,5119,525,88,66,119113.8
CAMP-00481,Google Ads Campaign 2023-06-10,2023-06-10,Google Ads,2047.71,15231,641,77,16,15,13485.32
CAMP-00482,Partner Referrals Campaign 2023-06-10,2023-06-10,Partner Referrals,1588.51,57199,2217,418,80,72,313015.04
CAMP-00483,Events & Webinars Campaign 2023-06-11,2023-06-11,Events & Webinars,2118.46,33041,829,48,13,11,38538.43
CAMP-00484,SEO Content Campaign 2023-06-11,2023-06-11,SEO Content,1260.35,47313,1518,265,46,36,144437.94
CAMP-00485,Partner Referrals Campaign 2023-06-11,2023-06-11,Partner Referrals,1326.24,45441,1957,362,66,41,172896.15
CAMP-00486,Events & Webinars Campaign 2023-06-12,2023-06-12,Events & Webinars,2151.12,36009,1854,191,29,25,20531.36
CAMP-00487,Partner Referrals Campaign 2023-06-12,2023-06-12,Partner Referrals,2407.53,9931,738,100,29,23,72846.92
CAMP-00488,SEO Content Campaign 2023-06-12,2023-06-12,SEO Content,1763.11,18714,720,133,40,25,91289.05
CAMP-00489,Email Campaigns Campaign 2023-06-12,2023-06-12,Email Campaigns,1321.07,41716,2674,165,49,39,74974.9
CAMP-00490,SEO Content Campaign 2023-06-13,2023-06-13,SEO Content,650.34,30418,1580,225,38,36,36143.34
CAMP-00491,Events & Webinars Campaign 2023-06-13,2023-06-13,Events & Webinars,3136.71,69201,3410,306,60,38,64149.77
CAMP-00492,Partner Referrals Campaign 2023-06-13,2023-06-13,Partner Referrals,2413.1,83116,6124,616,127,123,105469.02
CAMP-00493,LinkedIn Ads Campaign 2023-06-13,2023-06-13,LinkedIn Ads,3486.52,91272,4462,733,265,191,419227.88
CAMP-00494,LinkedIn Ads Campaign 2023-06-14,2023-06-14,LinkedIn Ads,1880.07,87094,2055,185,61,50,134802.38
CAMP-00495,Google Ads Campaign 2023-06-14,2023-06-14,Google Ads,2562.58,6659,232,18,2,1,3391.06
CAMP-00496,SEO Content Campaign 2023-06-14,2023-06-14,SEO Content,1088.78,6108,209,22,5,3,7655.19
CAMP-00497,Email Campaigns Campaign 2023-06-14,2023-06-14,Email Campaigns,656.09,27911,975,167,34,32,61050.88
CAMP-00498,LinkedIn Ads Campaign 2023-06-15,2023-06-15,LinkedIn Ads,1516.19,91037,3714,735,148,124,446921.16
CAMP-00499,Partner Referrals Campaign 2023-06-15,2023-06-15,Partner Referrals,3482.4,50759,1939,155,53,34,57345.98
CAMP-00500,Google Ads Campaign 2023-06-15,2023-06-15,Google Ads,2938.2,68336,3177,467,148,112,220491.36
CAMP-00501,Partner Referrals Campaign 2023-06-16,2023-06-16,Partner Referrals,847.07,44750,2054,210,73,44,82620.48
CAMP-00502,Email Campaigns Campaign 2023-06-16,2023-06-16,Email Campaigns,3464.37,32050,1061,132,15,11,21787.89
CAMP-00503,Events & Webinars Campaign 2023-06-17,2023-06-17,Events & Webinars,1551.97,64964,3389,354,82,61,89409.0
CAMP-00504,LinkedIn Ads Campaign 2023-06-17,2023-06-17,LinkedIn Ads,2287.07,6473,249,25,6,4,13746.24
CAMP-00505,Events & Webinars Campaign 2023-06-18,2023-06-18,Events & Webinars,718.97,43166,925,156,42,39,50292.13
CAMP-00506,SEO Content Campaign 2023-06-18,2023-06-18,SEO Content,1052.19,94181,6631,436,45,42,161090.71
CAMP-00507,Google Ads Campaign 2023-06-19,2023-06-19,Google Ads,3230.01,87981,5369,405,88,64,151301.46
CAMP-00508,SEO Content Campaign 2023-06-19,2023-06-19,SEO Content,2369.95,71509,2036,189,42,38,131321.95
CAMP-00509,Partner Referrals Campaign 2023-06-19,2023-06-19,Partner Referrals,508.19,65075,2573,221,85,59,53894.37
CAMP-00510,LinkedIn Ads Campaign 2023-06-19,2023-06-19,LinkedIn Ads,437.98,65734,1393,259,26,20,87693.67
CAMP-00511,Email Campaigns Campaign 2023-06-20,2023-06-20,Email Campaigns,776.95,67784,3532,453,138,131,536725.41
CAMP-00512,Partner Referrals Campaign 2023-06-20,2023-06-20,Partner Referrals,942.74,70595,2638,326,78,72,217492.56
CAMP-00513,SEO Content Campaign 2023-06-20,2023-06-20,SEO Content,585.36,46212,3397,209,73,57,114639.0
CAMP-00514,Events & Webinars Campaign 2023-06-21,2023-06-21,Events & Webinars,589.03,71952,2174,243,92,71,299434.45
CAMP-00515,Partner Referrals Campaign 2023-06-21,2023-06-21,Partner Referrals,1231.74,51590,1153,66,12,11,9585.48
CAMP-00516,SEO Content Campaign 2023-06-22,2023-06-22,SEO Content,1119.86,20024,900,89,17,14,19701.89
CAMP-00517,Partner Referrals Campaign 2023-06-22,2023-06-22,Partner Referrals,2544.61,96523,3151,157,55,52,76819.39
CAMP-00518,SEO Content Campaign 2023-06-23,2023-06-23,SEO Content,3041.81,42128,1024,162,33,28,97030.78
CAMP-00519,Email Campaigns Campaign 2023-06-23,2023-06-23,Email Campaigns,2595.51,20484,913,57,9,8,18472.99
CAMP-00520,LinkedIn Ads Campaign 2023-06-23,2023-06-23,LinkedIn Ads,1906.76,51746,3522,680,262,216,788718.9
CAMP-00521,Partner Referrals Campaign 2023-06-23,2023-06-23,Partner Referrals,2762.17,81274,5346,312,40,30,100959.08
CAMP-00522,SEO Content Campaign 2023-06-24,2023-06-24,SEO Content,3195.32,89709,6512,1160,190,162,144568.93
CAMP-00523,Email Campaigns Campaign 2023-06-24,2023-06-24,Email Campaigns,2478.48,51967,1396,80,30,18,36943.66
CAMP-00524,Events & Webinars Campaign 2023-06-25,2023-06-25,Events & Webinars,3444.76,94511,7428,1059,132,114,511241.84
CAMP-00525,Partner Referrals Campaign 2023-06-25,2023-06-25,Partner Referrals,3061.83,18737,417,21,7,5,11715.06
CAMP-00526,Google Ads Campaign 2023-06-25,2023-06-25,Google Ads,1988.56,68227,5448,970,373,351,882653.81
CAMP-00527,SEO Content Campaign 2023-06-25,2023-06-25,SEO Content,1047.68,41252,2523,383,141,117,182490.88
CAMP-00528,Google Ads Campaign 2023-06-26,2023-06-26,Google Ads,2773.59,24203,1137,133,49,30,67121.28
CAMP-00529,Events & Webinars Campaign 2023-06-26,2023-06-26,Events & Webinars,3052.47,98105,4103,652,92,78,318749.42
CAMP-00530,Email Campaigns Campaign 2023-06-27,2023-06-27,Email Campaigns,754.12,41935,2748,226,38,36,69627.13
CAMP-00531,Events & Webinars Campaign 2023-06-27,2023-06-27,Events & Webinars,1123.73,78080,5510,513,169,147,323805.07
CAMP-00532,Google Ads Campaign 2023-06-27,2023-06-27,Google Ads,2420.01,78241,4320,239,61,48,196578.89
CAMP-00533,SEO Content Campaign 2023-06-28,2023-06-28,SEO Content,2493.63,47350,2745,321,110,69,265300.94
CAMP-00534,Partner Referrals Campaign 2023-06-28,2023-06-28,Partner Referrals,2683.7,52727,1333,170,32,27,37993.07
CAMP-00535,Google Ads Campaign 2023-06-29,2023-06-29,Google Ads,1997.53,6683,252,15,2,1,3881.73
CAMP-00536,SEO Content Campaign 2023-06-29,2023-06-29,SEO Content,2403.16,44297,1017,75,21,19,27672.63
CAMP-00537,Partner Referrals Campaign 2023-06-29,2023-06-29,Partner Referrals,3309.67,46444,2108,345,133,119,197953.48
CAMP-00538,Google Ads Campaign 2023-06-30,2023-06-30,Google Ads,1277.88,71622,3854,675,231,214,615660.12
CAMP-00539,SEO Content Campaign 2023-06-30,2023-06-30,SEO Content,2618.77,80929,3334,441,107,80,81246.83
CAMP-00540,Partner Referrals Campaign 2023-07-01,2023-07-01,Partner Referrals,447.16,98990,3598,458,46,42,149409.27
CAMP-00541,SEO Content Campaign 2023-07-01,2023-07-01,SEO Content,1760.7,16851,802,121,14,9,7334.5
CAMP-00542,LinkedIn Ads Campaign 2023-07-02,2023-07-02,LinkedIn Ads,1481.74,93680,7044,691,170,154,283710.31
CAMP-00543,Events & Webinars Campaign 2023-07-02,2023-07-02,Events & Webinars,1612.62,62698,2384,442,87,53,161998.52
CAMP-00544,Partner Referrals Campaign 2023-07-02,2023-07-02,Partner Referrals,2025.09,74688,2183,419,123,99,389223.47
CAMP-00545,Google Ads Campaign 2023-07-02,2023-07-02,Google Ads,2005.71,73861,3454,638,243,168,175128.77
CAMP-00546,Email Campaigns Campaign 2023-07-03,2023-07-03,Email Campaigns,2438.57,83150,2620,189,47,44,155648.36
CAMP-00547,Events & Webinars Campaign 2023-07-03,2023-07-03,Events & Webinars,343.43,81516,4509,837,226,199,881954.22
CAMP-00548,Partner Referrals Campaign 2023-07-03,2023-07-03,Partner Referrals,2139.96,15942,1068,70,16,14,18131.3
CAMP-00549,Email Campaigns Campaign 2023-07-04,2023-07-04,Email Campaigns,2370.18,96952,7594,1346,506,384,582524.44
CAMP-00550,Google Ads Campaign 2023-07-04,2023-07-04,Google Ads,442.65,55130,3246,535,183,122,434016.8
CAMP-00551,SEO Content Campaign 2023-07-04,2023-07-04,SEO Content,2722.25,35606,2268,274,49,36,74981.74
CAMP-00552,SEO Content Campaign 2023-07-05,2023-07-05,SEO Content,2638.6,9140,650,32,11,9,35297.03
CAMP-00553,LinkedIn Ads Campaign 2023-07-05,2023-07-05,LinkedIn Ads,1528.58,50626,3510,294,86,59,139652.57
CAMP-00554,Email Campaigns Campaign 2023-07-05,2023-07-05,Email Campaigns,399.6,8408,296,49,15,14,31440.7
CAMP-00555,Events & Webinars Campaign 2023-07-06,2023-07-06,Events & Webinars,2365.99,39687,2185,123,15,13,28057.44
CAMP-00556,Email Campaigns Campaign 2023-07-06,2023-07-06,Email Campaigns,556.69,9007,638,64,24,23,69938.56
CAMP-00557,Google Ads Campaign 2023-07-06,2023-07-06,Google Ads,1293.63,24904,1442,97,18,13,50285.9
CAMP-00558,SEO Content Campaign 2023-07-07,2023-07-07,SEO Content,2315.98,47882,1734,238,73,61,114107.84
CAMP-00559,Google Ads Campaign 2023-07-07,2023-07-07,Google Ads,3134.4,55077,2559,471,169,103,158029.57
CAMP-00560,LinkedIn Ads Campaign 2023-07-07,2023-07-07,LinkedIn Ads,1931.57,72001,2880,565,105,102,273805.32
CAMP-00561,Partner Referrals Campaign 2023-07-08,2023-07-08,Partner Referrals,2434.19,37175,1405,104,36,24,39195.4
CAMP-00562,SEO Content Campaign 2023-07-08,2023-07-08,SEO Content,2662.5,85335,4534,279,74,56,165695.07
CAMP-00563,Events & Webinars Campaign 2023-07-09,2023-07-09,Events & Webinars,546.57,54689,2597,199,29,27,108859.27
CAMP-00564,Google Ads Campaign 2023-07-09,2023-07-09,Google Ads,1581.4,54277,2626,353,65,58,169744.39
CAMP-00565,SEO Content Campaign 2023-07-09,2023-07-09,SEO Content,3383.04,37584,1580,81,31,28,124280.91
CAMP-00566,LinkedIn Ads Campaign 2023-07-09,2023-07-09,LinkedIn Ads,3000.0,41702,2501,233,80,71,271700.9
CAMP-00567,Email Campaigns Campaign 2023-07-10,2023-07-10,Email Campaigns,1439.9,90547,6723,549,190,147,146151.11
CAMP-00568,Google Ads Campaign 2023-07-10,2023-07-10,Google Ads,2108.73,6130,399,65,25,19,78825.88
CAMP-00569,LinkedIn Ads Campaign 2023-07-10,2023-07-10,LinkedIn Ads,1057.02,92614,3587,282,40,37,140046.8
CAMP-00570,Partner Referrals Campaign 2023-07-10,2023-07-10,Partner Referrals,2172.64,15856,997,103,11,9,38062.5
CAMP-00571,Events & Webinars Campaign 2023-07-11,2023-07-11,Events & Webinars,2929.25,97515,4343,457,74,53,236990.95
CAMP-00572,Google Ads Campaign 2023-07-11,2023-07-11,Google Ads,1814.08,49580,2679,314,76,51,202789.59
CAMP-00573,Partner Referrals Campaign 2023-07-11,2023-07-11,Partner Referrals,1488.75,44805,3427,463,176,133,157671.07
CAMP-00574,Events & Webinars Campaign 2023-07-12,2023-07-12,Events & Webinars,1705.28,15509,1206,78,9,5,9919.15
CAMP-00575,Email Campaigns Campaign 2023-07-12,2023-07-12,Email Campaigns,1574.81,9629,536,75,15,13,53472.09
CAMP-00576,LinkedIn Ads Campaign 2023-07-12,2023-07-12,LinkedIn Ads,1329.88,15069,1045,156,43,31,106133.36
CAMP-00577,SEO Content Campaign 2023-07-13,2023-07-13,SEO Content,2527.25,27236,592,72,12,10,33793.17
CAMP-00578,LinkedIn Ads Campaign 2023-07-13,2023-07-13,LinkedIn Ads,1563.21,38887,1545,110,38,31,74149.04
CAMP-00579,Email Campaigns Campaign 2023-07-14,2023-07-14,Email Campaigns,1511.86,71993,2728,299,109,107,204952.66
CAMP-00580,Events & Webinars Campaign 2023-07-14,2023-07-14,Events & Webinars,2439.22,13113,812,130,32,29,95381.94
CAMP-00581,SEO Content Campaign 2023-07-14,2023-07-14,SEO Content,824.16,96283,6170,792,311,237,914162.3
CAMP-00582,SEO Content Campaign 2023-07-15,2023-07-15,SEO Content,354.03,22869,1538,268,77,71,266537.48
CAMP-00583,LinkedIn Ads Campaign 2023-07-15,2023-07-15,LinkedIn Ads,361.97,11866,364,28,3,2,4110.7
CAMP-00584,Partner Referrals Campaign 2023-07-15,2023-07-15,Partner Referrals,2521.05,59463,4068,339,73,53,83920.49
CAMP-00585,SEO Content Campaign 2023-07-16,2023-07-16,SEO Content,2240.29,49069,1163,144,43,32,74253.5
CAMP-00586,Google Ads Campaign 2023-07-16,2023-07-16,Google Ads,1711.36,12892,605,118,30,26,58349.65
CAMP-00587,LinkedIn Ads Campaign 2023-07-16,2023-07-16,LinkedIn Ads,2806.61,31978,1875,264,63,59,80718.64
CAMP-00588,Events & Webinars Campaign 2023-07-16,2023-07-16,Events & Webinars,1872.08,30481,1284,69,25,23,44612.63
CAMP-00589,Google Ads Campaign 2023-07-17,2023-07-17,Google Ads,1998.93,65688,2716,209,77,47,37797.69
CAMP-00590,Events & Webinars Campaign 2023-07-17,2023-07-17,Events & Webinars,1035.38,30799,2063,148,16,14,55508.24
CAMP-00591,Partner Referrals Campaign 2023-07-17,2023-07-17,Partner Referrals,1201.37,52127,1762,180,35,29,113093.99
CAMP-00592,SEO Content Campaign 2023-07-18,2023-07-18,SEO Content,2004.18,48361,3699,273,90,79,291940.0
CAMP-00593,Events & Webinars Campaign 2023-07-18,2023-07-18,Events & Webinars,2409.22,24671,591,54,5,3,10638.25
CAMP-00594,LinkedIn Ads Campaign 2023-07-18,2023-07-18,LinkedIn Ads,2976.74,67036,4957,974,219,214,760875.99
CAMP-00595,Email Campaigns Campaign 2023-07-18,2023-07-18,Email Campaigns,538.97,23676,803,99,12,10,31713.61
CAMP-00596,Google Ads Campaign 2023-07-19,2023-07-19,Google Ads,1946.13,78106,4654,639,98,85,241564.62
CAMP-00597,SEO Content Campaign 2023-07-19,2023-07-19,SEO Content,2630.71,21528,625,36,9,6,7958.04
CAMP-00598,Events & Webinars Campaign 2023-07-19,2023-07-19,Events & Webinars,1791.25,84209,6202,710,203,162,176623.79
CAMP-00599,LinkedIn Ads Campaign 2023-07-19,2023-07-19,LinkedIn Ads,1623.15,38790,1142,178,21,15,45477.02
CAMP-00600,LinkedIn Ads Campaign 2023-07-20,2023-07-20,LinkedIn Ads,418.27,57096,2908,198,43,37,68332.64
CAMP-00601,Partner Referrals Campaign 2023-07-20,2023-07-20,Partner Referrals,2367.01,11598,285,44,6,4,11285.7
CAMP-00602,Email Campaigns Campaign 2023-07-20,2023-07-20,Email Campaigns,3377.41,69759,1996,206,32,24,34829.23
CAMP-00603,Google Ads Campaign 2023-07-20,2023-07-20,Google Ads,1939.58,80863,4852,745,208,156,171784.88
CAMP-00604,LinkedIn Ads Campaign 2023-07-21,2023-07-21,LinkedIn Ads,668.35,42238,2180,188,39,36,89599.99
CAMP-00605,Events & Webinars Campaign 2023-07-21,2023-07-21,Events & Webinars,870.4,52006,1410,180,32,19,53008.45
CAMP-00606,SEO Content Campaign 2023-07-22,2023-07-22,SEO Content,2230.91,28846,1818,117,16,9,23321.79
CAMP-00607,Events & Webinars Campaign 2023-07-22,2023-07-22,Events & Webinars,676.52,12088,812,105,37,23,68616.27
CAMP-00608,Partner Referrals Campaign 2023-07-23,2023-07-23,Partner Referrals,1243.61,86188,3343,237,50,36,159738.25
CAMP-00609,Email Campaigns Campaign 2023-07-23,2023-07-23,Email Campaigns,2138.81,78405,3627,705,178,163,367193.33
CAMP-00610,SEO Content Campaign 2023-07-23,2023-07-23,SEO Content,991.1,64321,3611,422,157,114,315692.89
CAMP-00611,Partner Referrals Campaign 2023-07-24,2023-07-24,Partner Referrals,2046.98,95103,2563,257,41,27,74176.52
CAMP-00612,Google Ads Campaign 2023-07-24,2023-07-24,Google Ads,3141.53,40115,2407,227,40,34,35815.03
CAMP-00613,SEO Content Campaign 2023-07-24,2023-07-24,SEO Content,3390.6,41313,1967,277,70,63,82186.45
CAMP-00614,Email Campaigns Campaign 2023-07-25,2023-07-25,Email Campaigns,3381.28,61875,1599,299,44,38,109397.43
CAMP-00615,LinkedIn Ads Campaign 2023-07-25,2023-07-25,LinkedIn Ads,3322.7,58888,3014,444,45,27,77767.17
CAMP-00616,SEO Content Campaign 2023-07-25,2023-07-25,SEO Content,319.25,57268,2567,260,35,31,80141.33
CAMP-00617,Google Ads Campaign 2023-07-25,2023-07-25,Google Ads,1464.98,50529,3751,312,120,95,313295.42
CAMP-00618,Google Ads Campaign 2023-07-26,2023-07-26,Google Ads,813.6,46681,1591,135,14,13,12096.93
CAMP-00619,LinkedIn Ads Campaign 2023-07-26,2023-07-26,LinkedIn Ads,2647.67,22004,1253,176,56,34,147614.13
CAMP-00620,Email Campaigns Campaign 2023-07-27,2023-07-27,Email Campaigns,2038.71,66451,4526,454,57,47,101431.56
CAMP-00621,LinkedIn Ads Campaign 2023-07-27,2023-07-27,LinkedIn Ads,1210.25,20846,612,57,13,11,13948.22
CAMP-00622,Events & Webinars Campaign 2023-07-27,2023-07-27,Events & Webinars,1740.96,82648,4847,426,87,65,85756.91
CAMP-00623,SEO Content Campaign 2023-07-27,2023-07-27,SEO Content,1882.94,11510,244,43,12,9,30314.25
CAMP-00624,LinkedIn Ads Campaign 2023-07-28,2023-07-28,LinkedIn Ads,1849.38,40530,1708,279,78,53,161674.91
CAMP-00625,Events & Webinars Campaign 2023-07-28,2023-07-28,Events & Webinars,2816.32,60372,1560,160,27,24,102502.99
CAMP-00626,SEO Content Campaign 2023-07-28,2023-07-28,SEO Content,3071.42,86140,2410,392,52,45,129480.93
CAMP-00627,Google Ads Campaign 2023-07-29,2023-07-29,Google Ads,2656.62,12096,910,166,47,44,176145.82
CAMP-00628,LinkedIn Ads Campaign 2023-07-29,2023-07-29,LinkedIn Ads,343.9,16057,496,85,16,12,29092.47
CAMP-00629,Events & Webinars Campaign 2023-07-30,2023-07-30,Events & Webinars,768.16,45848,1139,118,29,20,59880.48
CAMP-00630,Google Ads Campaign 2023-07-30,2023-07-30,Google Ads,487.71,36878,1509,297,91,84,231577.58
CAMP-00631,Google Ads Campaign 2023-07-31,2023-07-31,Google Ads,2991.64,60448,2095,407,150,142,232855.2
CAMP-00632,Email Campaigns Campaign 2023-07-31,2023-07-31,Email Campaigns,3221.38,45108,3374,238,40,24,103724.15
CAMP-00633,SEO Content Campaign 2023-07-31,2023-07-31,SEO Content,2239.13,65122,2780,447,67,57,116196.91
CAMP-00634,Email Campaigns Campaign 2023-08-01,2023-08-01,Email Campaigns,2376.23,86915,6156,502,112,76,315874.05
CAMP-00635,Partner Referrals Campaign 2023-08-01,2023-08-01,Partner Referrals,2591.04,95809,3018,174,46,38,89915.32
CAMP-00636,Events & Webinars Campaign 2023-08-01,2023-08-01,Events & Webinars,1504.15,97358,5505,794,307,233,846999.58
CAMP-00637,Google Ads Campaign 2023-08-02,2023-08-02,Google Ads,2094.8,61626,4741,581,203,149,236505.84
CAMP-00638,LinkedIn Ads Campaign 2023-08-02,2023-08-02,LinkedIn Ads,2020.87,68425,1922,98,20,15,23932.86
CAMP-00639,Partner Referrals Campaign 2023-08-02,2023-08-02,Partner Referrals,585.62,74462,1995,338,106,87,348057.49
CAMP-00640,SEO Content Campaign 2023-08-02,2023-08-02,SEO Content,1024.24,34894,966,114,41,28,72834.03
CAMP-00641,Google Ads Campaign 2023-08-03,2023-08-03,Google Ads,2392.79,21864,530,77,12,7,26924.4
CAMP-00642,Email Campaigns Campaign 2023-08-03,2023-08-03,Email Campaigns,1054.46,81005,2382,324,33,21,85053.26
CAMP-00643,SEO Content Campaign 2023-08-04,2023-08-04,SEO Content,3460.1,17712,612,94,32,31,100813.6
CAMP-00644,Events & Webinars Campaign 2023-08-04,2023-08-04,Events & Webinars,1990.15,31498,1017,54,13,10,8666.22
CAMP-00645,Email Campaigns Campaign 2023-08-05,2023-08-05,Email Campaigns,2527.6,22371,943,145,42,29,53759.56
CAMP-00646,Partner Referrals Campaign 2023-08-05,2023-08-05,Partner Referrals,883.93,55229,3326,626,114,99,176080.44
CAMP-00647,SEO Content Campaign 2023-08-05,2023-08-05,SEO Content,442.05,68753,3794,562,213,184,782027.93
CAMP-00648,LinkedIn Ads Campaign 2023-08-05,2023-08-05,LinkedIn Ads,1133.17,43240,1814,117,33,21,21022.47
CAMP-00649,SEO Content Campaign 2023-08-06,2023-08-06,SEO Content,1433.15,24427,1765,180,31,20,33867.8
CAMP-00650,LinkedIn Ads Campaign 2023-08-06,2023-08-06,LinkedIn Ads,1488.34,71576,5166,387,39,23,99695.43
CAMP-00651,Partner Referrals Campaign 2023-08-06,2023-08-06,Partner Referrals,775.17,23911,799,65,22,21,55008.7
CAMP-00652,Events & Webinars Campaign 2023-08-07,2023-08-07,Events & Webinars,2000.61,88930,2159,190,32,20,61699.17
CAMP-00653,SEO Content Campaign 2023-08-07,2023-08-07,SEO Content,2934.94,37256,2369,203,71,65,68929.32
CAMP-00654,LinkedIn Ads Campaign 2023-08-07,2023-08-07,LinkedIn Ads,1777.81,50232,3429,515,98,81,158714.49
CAMP-00655,Partner Referrals Campaign 2023-08-07,2023-08-07,Partner Referrals,1486.59,87188,2669,217,85,71,96263.47
CAMP-00656,Email Campaigns Campaign 2023-08-08,2023-08-08,Email Campaigns,474.75,66774,4619,452,162,132,307036.83
CAMP-00657,Google Ads Campaign 2023-08-08,2023-08-08,Google Ads,509.42,19066,743,145,32,27,116431.19
CAMP-00658,LinkedIn Ads Campaign 2023-08-08,2023-08-08,LinkedIn Ads,2439.34,40096,2493,240,40,24,24882.64
CAMP-00659,Email Campaigns Campaign 2023-08-09,2023-08-09,Email Campaigns,2990.69,82265,3032,501,123,88,88966.32
CAMP-00660,Partner Referrals Campaign 2023-08-09,2023-08-09,Partner Referrals,1283.57,44940,1010,78,22,14,27113.48
CAMP-00661,Events & Webinars Campaign 2023-08-09,2023-08-09,Events & Webinars,497.12,14927,540,61,14,8,11451.71
CAMP-00662,SEO Content Campaign 2023-08-09,2023-08-09,SEO Content,1850.86,45712,3501,350,122,88,100035.96
CAMP-00663,LinkedIn Ads Campaign 2023-08-10,2023-08-10,LinkedIn Ads,1137.33,32316,1343,193,76,45,41322.67
CAMP-00664,Events & Webinars Campaign 2023-08-10,2023-08-10,Events & Webinars,1433.62,79706,5487,613,210,196,402964.85
CAMP-00665,Partner Referrals Campaign 2023-08-11,2023-08-11,Partner Referrals,3035.79,69422,2893,519,76,67,139677.93
CAMP-00666,Google Ads Campaign 2023-08-11,2023-08-11,Google Ads,1313.27,76543,4834,559,177,141,588683.8
CAMP-00667,Events & Webinars Campaign 2023-08-11,2023-08-11,Events & Webinars,1363.95,87513,3062,576,159,114,139730.56
CAMP-00668,Email Campaigns Campaign 2023-08-12,2023-08-12,Email Campaigns,2874.01,75811,5279,1019,103,99,241475.71
CAMP-00669,Partner Referrals Campaign 2023-08-12,2023-08-12,Partner Referrals,1127.33,73867,3587,184,67,59,57575.76
CAMP-00670,SEO Content Campaign 2023-08-12,2023-08-12,SEO Content,1563.26,24823,1092,64,17,11,25845.73
CAMP-00671,Google Ads Campaign 2023-08-12,2023-08-12,Google Ads,2411.44,16109,661,66,8,5,17543.27
CAMP-00672,Email Campaigns Campaign 2023-08-13,2023-08-13,Email Campaigns,1107.71,47306,3246,391,155,102,224295.61
CAMP-00673,Partner Referrals Campaign 2023-08-13,2023-08-13,Partner Referrals,3009.56,40218,2013,287,52,36,38944.66
CAMP-00674,SEO Content Campaign 2023-08-13,2023-08-13,SEO Content,2500.66,7433,368,41,7,4,14379.49
CAMP-00675,Google Ads Campaign 2023-08-14,2023-08-14,Google Ads,1414.4,66252,2015,204,60,38,113800.77
CAMP-00676,LinkedIn Ads Campaign 2023-08-14,2023-08-14,LinkedIn Ads,886.01,88291,2424,420,130,129,320511.08
CAMP-00677,Partner Referrals Campaign 2023-08-14,2023-08-14,Partner Referrals,2453.04,58777,2917,453,167,160,586587.7
CAMP-00678,SEO Content Campaign 2023-08-15,2023-08-15,SEO Content,1073.51,66282,2891,434,87,58,154157.95
CAMP-00679,LinkedIn Ads Campaign 2023-08-15,2023-08-15,LinkedIn Ads,960.84,28664,905,149,31,19,61095.24
CAMP-00680,Partner Referrals Campaign 2023-08-15,2023-08-15,Partner Referrals,2927.73,41400,3211,426,140,103,312365.51
CAMP-00681,SEO Content Campaign 2023-08-16,2023-08-16,SEO Content,908.89,8866,533,105,22,15,16480.48
CAMP-00682,Email Campaigns Campaign 2023-08-16,2023-08-16,Email Campaigns,2129.79,37598,1401,128,41,34,42422.76
CAMP-00683,Email Campaigns Campaign 2023-08-17,2023-08-17,Email Campaigns,3051.54,7047,325,18,6,5,11334.24
CAMP-00684,Partner Referrals Campaign 2023-08-17,2023-08-17,Partner Referrals,1680.55,55546,3894,423,73,56,49687.48
CAMP-00685,Google Ads Campaign 2023-08-17,2023-08-17,Google Ads,2882.28,77607,3977,688,77,52,51407.81
CAMP-00686,SEO Content Campaign 2023-08-18,2023-08-18,SEO Content,2430.59,95608,2062,291,83,59,69572.85
CAMP-00687,Events & Webinars Campaign 2023-08-18,2023-08-18,Events & Webinars,3409.99,13347,878,55,16,14,39920.82
CAMP-00688,Email Campaigns Campaign 2023-08-19,2023-08-19,Email Campaigns,1233.08,85247,3207,322,83,65,68554.31
CAMP-00689,LinkedIn Ads Campaign 2023-08-19,2023-08-19,LinkedIn Ads,1504.83,82852,2210,192,43,34,121306.66
CAMP-00690,SEO Content Campaign 2023-08-20,2023-08-20,SEO Content,1480.37,69430,4612,367,71,56,67490.18
CAMP-00691,LinkedIn Ads Campaign 2023-08-20,2023-08-20,LinkedIn Ads,780.33,18060,501,64,9,8,15978.92
CAMP-00692,Google Ads Campaign 2023-08-20,2023-08-20,Google Ads,3385.07,71161,3852,622,128,119,226364.96
CAMP-00693,Partner Referrals Campaign 2023-08-20,2023-08-20,Partner Referrals,684.62,38366,3026,527,121,80,136195.49
CAMP-00694,SEO Content Campaign 2023-08-21,2023-08-21,SEO Content,2679.73,92308,6545,1308,325,260,866831.56
CAMP-00695,Email Campaigns Campaign 2023-08-21,2023-08-21,Email Campaigns,2708.19,52595,1390,72,12,11,18404.92
CAMP-00696,Events & Webinars Campaign 2023-08-21,2023-08-21,Events & Webinars,450.62,77398,4068,576,86,68,194600.97
CAMP-00697,Google Ads Campaign 2023-08-21,2023-08-21,Google Ads,491.81,31285,2399,241,69,42,71933.0
CAMP-00698,Events & Webinars Campaign 2023-08-22,2023-08-22,Events & Webinars,1032.59,60945,2057,340,68,41,114258.25
CAMP-00699,SEO Content Campaign 2023-08-22,2023-08-22,SEO Content,1209.03,85870,3754,381,67,63,242573.62
CAMP-00700,Email Campaigns Campaign 2023-08-23,2023-08-23,Email Campaigns,1676.51,32321,1105,73,17,10,34778.79
CAMP-00701,SEO Content Campaign 2023-08-23,2023-08-23,SEO Content,2194.12,21418,993,159,48,35,152502.11
CAMP-00702,Email Campaigns Campaign 2023-08-24,2023-08-24,Email Campaigns,1656.59,55646,2756,188,21,13,46769.73
CAMP-00703,Events & Webinars Campaign 2023-08-24,2023-08-24,Events & Webinars,1065.93,90422,3019,311,115,74,233933.53
CAMP-00704,LinkedIn Ads Campaign 2023-08-24,2023-08-24,LinkedIn Ads,1272.46,62654,4543,633,107,89,306313.25
CAMP-00705,SEO Content Campaign 2023-08-24,2023-08-24,SEO Content,2104.81,74123,5808,951,226,180,681508.96
CAMP-00706,Partner Referrals Campaign 2023-08-25,2023-08-25,Partner Referrals,855.96,23461,1134,174,33,29,77599.25
CAMP-00707,SEO Content Campaign 2023-08-25,2023-08-25,SEO Content,2117.97,61534,4411,750,290,274,929108.68
CAMP-00708,Email Campaigns Campaign 2023-08-26,2023-08-26,Email Campaigns,846.26,59523,1269,246,85,83,318603.18
CAMP-00709,Partner Referrals Campaign 2023-08-26,2023-08-26,Partner Referrals,2690.29,99005,5687,1044,163,140,388573.3
CAMP-00710,LinkedIn Ads Campaign 2023-08-26,2023-08-26,LinkedIn Ads,1205.93,8983,644,70,25,23,86761.48
CAMP-00711,Email Campaigns Campaign 2023-08-27,2023-08-27,Email Campaigns,2405.89,39031,2140,408,109,88,336811.47
CAMP-00712,Events & Webinars Campaign 2023-08-27,2023-08-27,Events & Webinars,2457.46,25972,1709,155,39,32,141352.91
CAMP-00713,SEO Content Campaign 2023-08-27,2023-08-27,SEO Content,2511.39,97915,6530,825,132,119,475145.28
CAMP-00714,Google Ads Campaign 2023-08-27,2023-08-27,Google Ads,2583.54,84085,2263,400,97,86,157814.12
CAMP-00715,LinkedIn Ads Campaign 2023-08-28,2023-08-28,LinkedIn Ads,3239.62,75778,3709,543,149,128,485911.81
CAMP-00716,Email Campaigns Campaign 2023-08-28,2023-08-28,Email Campaigns,523.92,65092,2972,488,148,98,208481.06
CAMP-00717,Partner Referrals Campaign 2023-08-29,2023-08-29,Partner Referrals,1946.69,17365,811,70,23,22,40694.87
CAMP-00718,Events & Webinars Campaign 2023-08-29,2023-08-29,Events & Webinars,1999.89,45150,3552,193,48,33,78133.85
CAMP-00719,Partner Referrals Campaign 2023-08-30,2023-08-30,Partner Referrals,1395.91,70402,3734,449,64,59,237569.42
CAMP-00720,LinkedIn Ads Campaign 2023-08-30,2023-08-30,LinkedIn Ads,1422.68,68571,2003,145,26,19,51842.35
CAMP-00721,Google Ads Campaign 2023-08-30,2023-08-30,Google Ads,1172.79,63893,2860,485,154,144,486670.23
CAMP-00722,SEO Content Campaign 2023-08-31,2023-08-31,SEO Content,2863.02,24574,911,130,47,36,43456.12
CAMP-00723,LinkedIn Ads Campaign 2023-08-31,2023-08-31,LinkedIn Ads,2721.09,82040,6191,530,191,136,319360.26
CAMP-00724,Email Campaigns Campaign 2023-09-01,2023-09-01,Email Campaigns,2433.69,67262,2537,416,98,64,261173.79
CAMP-00725,Google Ads Campaign 2023-09-01,2023-09-01,Google Ads,3114.88,80881,5442,701,188,140,186578.26
CAMP-00726,SEO Content Campaign 2023-09-01,2023-09-01,SEO Content,2466.37,14775,301,59,14,10,29246.55
CAMP-00727,Events & Webinars Campaign 2023-09-02,2023-09-02,Events & Webinars,2268.43,30951,2080,315,103,89,129071.61
CAMP-00728,SEO Content Campaign 2023-09-02,2023-09-02,SEO Content,877.14,77319,1691,279,98,91,136813.73
CAMP-00729,LinkedIn Ads Campaign 2023-09-02,2023-09-02,LinkedIn Ads,1367.52,96401,4209,813,248,165,536847.63
CAMP-00730,Email Campaigns Campaign 2023-09-02,2023-09-02,Email Campaigns,2575.92,53773,3324,659,232,227,321905.17
CAMP-00731,SEO Content Campaign 2023-09-03,2023-09-03,SEO Content,1166.34,81915,6399,1004,181,180,472454.35
CAMP-00732,LinkedIn Ads Campaign 2023-09-03,2023-09-03,LinkedIn Ads,1179.39,23841,1794,239,92,70,218312.3
CAMP-00733,Google Ads Campaign 2023-09-03,2023-09-03,Google Ads,1402.98,8917,343,47,6,5,14672.99
CAMP-00734,LinkedIn Ads Campaign 2023-09-04,2023-09-04,LinkedIn Ads,3455.98,35584,988,114,22,19,56359.21
CAMP-00735,Google Ads Campaign 2023-09-04,2023-09-04,Google Ads,704.64,19021,1393,124,34,27,44890.64
CAMP-00736,SEO Content Campaign 2023-09-04,2023-09-04,SEO Content,3014.0,41313,884,164,35,28,59559.99
CAMP-00737,Partner Referrals Campaign 2023-09-05,2023-09-05,Partner Referrals,2236.06,83770,5078,285,99,89,125824.1
CAMP-00738,Events & Webinars Campaign 2023-09-05,2023-09-05,Events & Webinars,1557.98,80751,5110,959,102,73,67875.3
CAMP-00739,Email Campaigns Campaign 2023-09-05,2023-09-05,Email Campaigns,556.97,64734,2357,471,83,74,184659.06
CAMP-00740,Events & Webinars Campaign 2023-09-06,2023-09-06,Events & Webinars,3279.51,72409,4339,390,105,96,393133.21
CAMP-00741,Partner Referrals Campaign 2023-09-06,2023-09-06,Partner Referrals,3134.02,87489,3692,276,37,36,139282.74
CAMP-00742,Google Ads Campaign 2023-09-06,2023-09-06,Google Ads,833.02,16374,1244,182,22,13,35404.3
CAMP-00743,LinkedIn Ads Campaign 2023-09-06,2023-09-06,LinkedIn Ads,1201.14,64056,2474,199,66,61,60286.88
CAMP-00744,Google Ads Campaign 2023-09-07,2023-09-07,Google Ads,3340.4,75165,2970,334,67,42,50712.84
CAMP-00745,Email Campaigns Campaign 2023-09-07,2023-09-07,Email Campaigns,2962.66,78141,2551,267,49,34,110666.52
CAMP-00746,Partner Referrals Campaign 2023-09-08,2023-09-08,Partner Referrals,2000.34,99523,3731,418,160,135,185310.3
CAMP-00747,SEO Content Campaign 2023-09-08,2023-09-08,SEO Content,2449.24,54756,3129,242,30,26,55729.12
CAMP-00748,LinkedIn Ads Campaign 2023-09-08,2023-09-08,LinkedIn Ads,350.11,6317,351,56,8,5,17821.58
CAMP-00749,Email Campaigns Campaign 2023-09-08,2023-09-08,Email Campaigns,2354.48,60252,4813,797,200,188,202682.5
CAMP-00750,Partner Referrals Campaign 2023-09-09,2023-09-09,Partner Referrals,1979.6,94635,2107,290,111,101,357513.45
CAMP-00751,LinkedIn Ads Campaign 2023-09-09,2023-09-09,LinkedIn Ads,3127.01,42530,3307,560,168,126,343758.99
CAMP-00752,SEO Content Campaign 2023-09-09,2023-09-09,SEO Content,2338.09,68408,2501,201,78,58,142864.4
CAMP-00753,Email Campaigns Campaign 2023-09-09,2023-09-09,Email Campaigns,1323.59,5674,387,39,15,12,25198.77
CAMP-00754,Partner Referrals Campaign 2023-09-10,2023-09-10,Partner Referrals,3124.6,68536,3422,583,219,144,196572.77
CAMP-00755,Events & Webinars Campaign 2023-09-10,2023-09-10,Events & Webinars,2027.36,29870,1592,277,73,60,211933.53
CAMP-00756,Email Campaigns Campaign 2023-09-11,2023-09-11,Email Campaigns,1827.46,13814,328,62,12,8,8416.89
CAMP-00757,Events & Webinars Campaign 2023-09-11,2023-09-11,Events & Webinars,3032.03,7385,583,103,34,33,66185.77
CAMP-00758,LinkedIn Ads Campaign 2023-09-11,2023-09-11,LinkedIn Ads,3050.28,35408,1382,224,56,47,83974.89
CAMP-00759,Partner Referrals Campaign 2023-09-11,2023-09-11,Partner Referrals,3168.17,96473,4167,233,36,24,42549.9
CAMP-00760,Email Campaigns Campaign 2023-09-12,2023-09-12,Email Campaigns,688.43,74622,2023,213,28,22,20137.56
CAMP-00761,LinkedIn Ads Campaign 2023-09-12,2023-09-12,LinkedIn Ads,595.28,24545,1285,236,55,49,60518.32
CAMP-00762,SEO Content Campaign 2023-09-13,2023-09-13,SEO Content,2869.64,41907,2593,386,136,121,404475.52
CAMP-00763,Partner Referrals Campaign 2023-09-13,2023-09-13,Partner Referrals,564.42,55488,2438,356,42,30,80587.21
CAMP-00764,Events & Webinars Campaign 2023-09-13,2023-09-13,Events & Webinars,640.7,86071,3450,268,98,71,120178.43
CAMP-00765,Partner Referrals Campaign 2023-09-14,2023-09-14,Partner Referrals,1999.57,20870,1596,168,49,30,39103.8
CAMP-00766,Events & Webinars Campaign 2023-09-14,2023-09-14,Events & Webinars,1084.69,43161,1649,123,21,18,44077.16
CAMP-00767,LinkedIn Ads Campaign 2023-09-14,2023-09-14,LinkedIn Ads,1120.77,47272,2699,280,90,81,321994.56
CAMP-00768,Google Ads Campaign 2023-09-14,2023-09-14,Google Ads,313.49,52585,1419,135,31,29,24886.58
CAMP-00769,LinkedIn Ads Campaign 2023-09-15,2023-09-15,LinkedIn Ads,1787.48,11053,348,63,6,5,18668.6
CAMP-00770,Events & Webinars Campaign 2023-09-15,2023-09-15,Events & Webinars,2380.0,31318,2379,175,61,51,48643.72
CAMP-00771,Partner Referrals Campaign 2023-09-15,2023-09-15,Partner Referrals,1555.62,26257,1507,193,30,26,66284.01
CAMP-00772,Google Ads Campaign 2023-09-15,2023-09-15,Google Ads,721.2,91937,3391,311,108,85,330148.92
CAMP-00773,SEO Content Campaign 2023-09-16,2023-09-16,SEO Content,986.25,86491,5758,497,155,125,164841.14
CAMP-00774,Email Campaigns Campaign 2023-09-16,2023-09-16,Email Campaigns,3266.79,10376,648,69,16,13,28656.08
CAMP-00775,LinkedIn Ads Campaign 2023-09-16,2023-09-16,LinkedIn Ads,2010.05,38089,1597,274,97,85,183396.28
CAMP-00776,SEO Content Campaign 2023-09-17,2023-09-17,SEO Content,3019.35,81940,6201,1193,124,114,183031.21
CAMP-00777,Partner Referrals Campaign 2023-09-17,2023-09-17,Partner Referrals,1371.3,73359,2427,162,35,30,98607.38
CAMP-00778,LinkedIn Ads Campaign 2023-09-17,2023-09-17,LinkedIn Ads,3098.62,77450,5333,603,93,91,270038.0
CAMP-00779,Email Campaigns Campaign 2023-09-17,2023-09-17,Email Campaigns,702.56,22874,1463,260,51,48,183415.55
CAMP-00780,Email Campaigns Campaign 2023-09-18,2023-09-18,Email Campaigns,1270.36,64847,4550,480,133,112,443046.28
CAMP-00781,LinkedIn Ads Campaign 2023-09-18,2023-09-18,LinkedIn Ads,1537.31,51548,2879,512,63,43,47635.54
CAMP-00782,Events & Webinars Campaign 2023-09-18,2023-09-18,Events & Webinars,2029.36,94031,7419,948,295,255,748636.69
CAMP-00783,LinkedIn Ads Campaign 2023-09-19,2023-09-19,LinkedIn Ads,1238.08,33840,1309,75,9,8,9256.58
CAMP-00784,Google Ads Campaign 2023-09-19,2023-09-19,Google Ads,3129.56,94708,2239,218,34,30,87463.25
CAMP-00785,SEO Content Campaign 2023-09-19,2023-09-19,SEO Content,3031.78,48600,2131,361,118,106,325351.71
CAMP-00786,Events & Webinars Campaign 2023-09-20,2023-09-20,Events & Webinars,2048.17,14131,497,94,9,6,9991.39
CAMP-00787,SEO Content Campaign 2023-09-20,2023-09-20,SEO Content,1692.91,79610,3572,527,165,124,196880.93
CAMP-00788,LinkedIn Ads Campaign 2023-09-20,2023-09-20,LinkedIn Ads,2266.3,97414,2548,488,179,142,502925.68
CAMP-00789,Partner Referrals Campaign 2023-09-21,2023-09-21,Partner Referrals,3329.21,74532,3719,314,55,45,195583.82
CAMP-00790,Email Campaigns Campaign 2023-09-21,2023-09-21,Email Campaigns,397.8,77634,1751,299,95,91,347492.62
CAMP-00791,SEO Content Campaign 2023-09-21,2023-09-21,SEO Content,2803.54,7279,232,19,7,5,18073.86
CAMP-00792,SEO Content Campaign 2023-09-22,2023-09-22,SEO Content,2046.7,57738,4050,256,68,46,57459.42
CAMP-00793,LinkedIn Ads Campaign 2023-09-22,2023-09-22,LinkedIn Ads,673.04,49638,1250,202,35,32,53469.52
CAMP-00794,Partner Referrals Campaign 2023-09-22,2023-09-22,Partner Referrals,3181.2,75943,4289,494,87,71,219232.88
CAMP-00795,SEO Content Campaign 2023-09-23,2023-09-23,SEO Content,1621.35,57578,4554,262,65,62,89680.35
CAMP-00796,LinkedIn Ads Campaign 2023-09-23,2023-09-23,LinkedIn Ads,1932.0,38653,782,142,26,22,92860.55
CAMP-00797,Email Campaigns Campaign 2023-09-24,2023-09-24,Email Campaigns,2569.64,97113,4215,827,285,176,272710.1
CAMP-00798,Events & Webinars Campaign 2023-09-24,2023-09-24,Events & Webinars,1707.69,90036,3613,183,26,22,61441.69
CAMP-00799,Email Campaigns Campaign 2023-09-25,2023-09-25,Email Campaigns,441.68,32866,1889,209,41,35,28052.71
CAMP-00800,Partner Referrals Campaign 2023-09-25,2023-09-25,Partner Referrals,1395.07,80420,3659,721,82,62,77104.02
CAMP-00801,Events & Webinars Campaign 2023-09-25,2023-09-25,Events & Webinars,1993.45,67415,3134,511,104,64,237379.41
CAMP-00802,Events & Webinars Campaign 2023-09-26,2023-09-26,Events & Webinars,2918.63,68367,3141,489,80,60,267703.13
CAMP-00803,Partner Referrals Campaign 2023-09-26,2023-09-26,Partner Referrals,2043.82,29932,2066,271,59,58,153813.95
CAMP-00804,SEO Content Campaign 2023-09-26,2023-09-26,SEO Content,688.64,8755,542,32,3,2,6218.12
CAMP-00805,Email Campaigns Campaign 2023-09-26,2023-09-26,Email Campaigns,662.6,69701,3316,573,90,58,62178.31
CAMP-00806,Google Ads Campaign 2023-09-27,2023-09-27,Google Ads,1164.99,35485,1218,208,51,38,52288.97
CAMP-00807,Email Campaigns Campaign 2023-09-27,2023-09-27,Email Campaigns,2381.3,71805,5385,347,91,64,207289.69
CAMP-00808,SEO Content Campaign 2023-09-28,2023-09-28,SEO Content,1638.36,66854,2638,526,158,151,627719.71
CAMP-00809,LinkedIn Ads Campaign 2023-09-28,2023-09-28,LinkedIn Ads,2082.36,83262,5692,657,247,191,570010.93
CAMP-00810,Events & Webinars Campaign 2023-09-28,2023-09-28,Events & Webinars,3046.51,34457,2662,277,67,41,172059.63
CAMP-00811,SEO Content Campaign 2023-09-29,2023-09-29,SEO Content,939.04,5978,383,56,14,13,19728.61
CAMP-00812,LinkedIn Ads Campaign 2023-09-29,2023-09-29,LinkedIn Ads,470.53,32759,2425,194,63,47,44918.42
CAMP-00813,Partner Referrals Campaign 2023-09-29,2023-09-29,Partner Referrals,3039.46,97384,6264,737,201,192,703304.48
CAMP-00814,Events & Webinars Campaign 2023-09-29,2023-09-29,Events & Webinars,1525.24,61567,4853,817,192,162,329056.29
CAMP-00815,Partner Referrals Campaign 2023-09-30,2023-09-30,Partner Referrals,859.25,49274,1732,248,51,40,64017.02
CAMP-00816,Email Campaigns Campaign 2023-09-30,2023-09-30,Email Campaigns,305.39,84509,6382,329,51,45,91576.73
CAMP-00817,Google Ads Campaign 2023-09-30,2023-09-30,Google Ads,464.22,26356,1513,142,43,26,46602.81
CAMP-00818,SEO Content Campaign 2023-10-01,2023-10-01,SEO Content,1228.11,30505,682,132,19,12,21709.3
CAMP-00819,LinkedIn Ads Campaign 2023-10-01,2023-10-01,LinkedIn Ads,1762.57,45359,1314,122,36,32,84181.57
CAMP-00820,Events & Webinars Campaign 2023-10-02,2023-10-02,Events & Webinars,1726.12,80525,3281,654,124,83,165111.22
CAMP-00821,LinkedIn Ads Campaign 2023-10-02,2023-10-02,LinkedIn Ads,1328.35,15539,1050,163,43,40,156388.2
CAMP-00822,Email Campaigns Campaign 2023-10-02,2023-10-02,Email Campaigns,2808.88,64025,4122,257,91,73,133580.02
CAMP-00823,Partner Referrals Campaign 2023-10-03,2023-10-03,Partner Referrals,2877.81,30989,1972,127,47,44,77437.05
CAMP-00824,Email Campaigns Campaign 2023-10-03,2023-10-03,Email Campaigns,2038.22,18883,650,116,45,33,108855.41
CAMP-00825,LinkedIn Ads Campaign 2023-10-03,2023-10-03,LinkedIn Ads,1098.66,30320,1843,122,38,34,83000.97
CAMP-00826,SEO Content Campaign 2023-10-03,2023-10-03,SEO Content,3362.36,35484,1432,264,32,22,29131.76
CAMP-00827,Google Ads Campaign 2023-10-04,2023-10-04,Google Ads,3117.79,53763,3951,490,142,93,125034.07
CAMP-00828,Email Campaigns Campaign 2023-10-04,2023-10-04,Email Campaigns,1045.29,73114,1652,256,58,56,229229.56
CAMP-00829,SEO Content Campaign 2023-10-04,2023-10-04,SEO Content,3495.55,10406,236,28,10,8,11864.65
CAMP-00830,LinkedIn Ads Campaign 2023-10-05,2023-10-05,LinkedIn Ads,2530.56,85931,6120,519,132,111,376479.0
CAMP-00831,SEO Content Campaign 2023-10-05,2023-10-05,SEO Content,2253.21,88840,6961,661,126,117,448263.59
CAMP-00832,Google Ads Campaign 2023-10-05,2023-10-05,Google Ads,2278.05,43908,2911,205,40,30,38379.28
CAMP-00833,Google Ads Campaign 2023-10-06,2023-10-06,Google Ads,1888.77,97696,2325,238,70,62,179563.7
CAMP-00834,Events & Webinars Campaign 2023-10-06,2023-10-06,Events & Webinars,2220.9,76759,5217,785,124,116,176285.25
CAMP-00835,LinkedIn Ads Campaign 2023-10-06,2023-10-06,LinkedIn Ads,3060.65,69045,5511,389,44,39,123634.5
CAMP-00836,Email Campaigns Campaign 2023-10-07,2023-10-07,Email Campaigns,2507.38,19838,1394,181,30,26,71245.35
CAMP-00837,Events & Webinars Campaign 2023-10-07,2023-10-07,Events & Webinars,740.73,97091,5687,311,70,51,226824.67
CAMP-00838,Google Ads Campaign 2023-10-08,2023-10-08,Google Ads,3314.21,17632,894,51,15,10,22721.83
CAMP-00839,SEO Content Campaign 2023-10-08,2023-10-08,SEO Content,2837.2,20019,687,76,15,13,40435.6
CAMP-00840,Email Campaigns Campaign 2023-10-08,2023-10-08,Email Campaigns,1242.94,81839,2657,306,84,80,259953.14
CAMP-00841,Google Ads Campaign 2023-10-09,2023-10-09,Google Ads,1579.07,78394,3295,632,236,191,705316.01
CAMP-00842,LinkedIn Ads Campaign 2023-10-09,2023-10-09,LinkedIn Ads,2689.12,43471,2637,273,57,43,112764.73
CAMP-00843,Email Campaigns Campaign 2023-10-10,2023-10-10,Email Campaigns,1571.08,49964,2415,281,47,43,112467.07
CAMP-00844,Partner Referrals Campaign 2023-10-10,2023-10-10,Partner Referrals,835.51,20001,1006,68,25,22,53158.9
CAMP-00845,Google Ads Campaign 2023-10-10,2023-10-10,Google Ads,1920.6,21058,1054,185,69,48,157736.12
CAMP-00846,SEO Content Campaign 2023-10-10,2023-10-10,SEO Content,1632.63,62357,2389,390,90,88,124436.75
CAMP-00847,Google Ads Campaign 2023-10-11,2023-10-11,Google Ads,2634.25,46247,3425,178,47,32,114868.4
CAMP-00848,Partner Referrals Campaign 2023-10-11,2023-10-11,Partner Referrals,3396.34,30676,1766,319,107,79,192564.21
CAMP-00849,SEO Content Campaign 2023-10-11,2023-10-11,SEO Content,1970.83,9663,621,90,11,8,14305.29
CAMP-00850,Email Campaigns Campaign 2023-10-11,2023-10-11,Email Campaigns,756.59,91790,6989,1396,164,112,236252.79
CAMP-00851,Google Ads Campaign 2023-10-12,2023-10-12,Google Ads,840.37,26761,1473,166,57,41,84596.32
CAMP-00852,Events & Webinars Campaign 2023-10-12,2023-10-12,Events & Webinars,752.62,68130,4605,449,90,86,360236.55
CAMP-00853,LinkedIn Ads Campaign 2023-10-12,2023-10-12,LinkedIn Ads,1609.48,50688,3658,452,59,57,237686.33
CAMP-00854,LinkedIn Ads Campaign 2023-10-13,2023-10-13,LinkedIn Ads,2921.79,63573,3796,383,50,39,90250.92
CAMP-00855,Google Ads Campaign 2023-10-13,2023-10-13,Google Ads,1160.16,74836,3919,594,214,144,489165.17
CAMP-00856,SEO Content Campaign 2023-10-13,2023-10-13,SEO Content,3286.52,65708,3052,200,38,34,34037.37
CAMP-00857,Email Campaigns Campaign 2023-10-14,2023-10-14,Email Campaigns,3061.64,66772,4766,708,214,144,227293.96
CAMP-00858,Google Ads Campaign 2023-10-14,2023-10-14,Google Ads,1339.03,50987,1907,127,41,26,75912.81
CAMP-00859,SEO Content Campaign 2023-10-14,2023-10-14,SEO Content,1007.1,40334,3114,618,95,73,242785.56
CAMP-00860,LinkedIn Ads Campaign 2023-10-14,2023-10-14,LinkedIn Ads,970.05,78001,5496,347,34,24,62499.52
CAMP-00861,LinkedIn Ads Campaign 2023-10-15,2023-10-15,LinkedIn Ads,356.05,66643,2803,219,86,58,56292.06
CAMP-00862,Email Campaigns Campaign 2023-10-15,2023-10-15,Email Campaigns,654.56,95890,6620,524,172,119,467440.12
CAMP-00863,Events & Webinars Campaign 2023-10-16,2023-10-16,Events & Webinars,1350.11,84742,2948,267,76,66,67693.59
CAMP-00864,Google Ads Campaign 2023-10-16,2023-10-16,Google Ads,2693.66,67516,1571,291,73,48,204262.96
CAMP-00865,LinkedIn Ads Campaign 2023-10-16,2023-10-16,LinkedIn Ads,462.44,99121,3038,481,168,117,443962.12
CAMP-00866,SEO Content Campaign 2023-10-16,2023-10-16,SEO Content,3003.51,52234,2199,143,15,13,42455.69
CAMP-00867,Events & Webinars Campaign 2023-10-17,2023-10-17,Events & Webinars,2094.19,54844,3364,366,70,62,150260.06
CAMP-00868,SEO Content Campaign 2023-10-17,2023-10-17,SEO Content,1601.19,80759,2758,315,86,60,223958.91
CAMP-00869,Google Ads Campaign 2023-10-18,2023-10-18,Google Ads,2236.03,45221,1958,292,77,47,147723.71
CAMP-00870,SEO Content Campaign 2023-10-18,2023-10-18,SEO Content,2924.25,11945,848,97,23,21,72607.63
CAMP-00871,Events & Webinars Campaign 2023-10-19,2023-10-19,Events & Webinars,2315.71,34928,2774,432,69,58,139385.86
CAMP-00872,Email Campaigns Campaign 2023-10-19,2023-10-19,Email Campaigns,1910.54,96581,2144,147,51,36,83870.87
CAMP-00873,LinkedIn Ads Campaign 2023-10-19,2023-10-19,LinkedIn Ads,2436.65,55728,2566,504,68,45,147704.95
CAMP-00874,Partner Referrals Campaign 2023-10-19,2023-10-19,Partner Referrals,2450.49,99545,7180,1089,146,116,103367.37
CAMP-00875,Google Ads Campaign 2023-10-20,2023-10-20,Google Ads,3097.31,41333,1854,184,69,62,102120.8
CAMP-00876,Email Campaigns Campaign 2023-10-20,2023-10-20,Email Campaigns,2856.25,76656,3080,180,65,64,95603.87
CAMP-00877,Events & Webinars Campaign 2023-10-20,2023-10-20,Events & Webinars,1600.33,26926,1727,318,86,76,85362.86
CAMP-00878,Events & Webinars Campaign 2023-10-21,2023-10-21,Events & Webinars,1499.94,20144,1218,176,36,31,73247.12
CAMP-00879,Google Ads Campaign 2023-10-21,2023-10-21,Google Ads,1414.15,97606,2455,260,63,55,187611.73
CAMP-00880,LinkedIn Ads Campaign 2023-10-21,2023-10-21,LinkedIn Ads,2477.76,90218,6856,1044,105,81,188700.08
CAMP-00881,Partner Referrals Campaign 2023-10-21,2023-10-21,Partner Referrals,3127.93,77937,3732,236,83,80,167706.64
CAMP-00882,LinkedIn Ads Campaign 2023-10-22,2023-10-22,LinkedIn Ads,2891.45,62782,3047,477,141,119,440381.4
CAMP-00883,SEO Content Campaign 2023-10-22,2023-10-22,SEO Content,781.02,56871,4068,315,49,36,159306.41
CAMP-00884,Google Ads Campaign 2023-10-22,2023-10-22,Google Ads,2242.57,11446,515,89,13,8,15932.96
CAMP-00885,Email Campaigns Campaign 2023-10-22,2023-10-22,Email Campaigns,1564.36,70808,5136,325,83,58,221997.35
CAMP-00886,Events & Webinars Campaign 2023-10-23,2023-10-23,Events & Webinars,412.78,77939,2654,463,81,74,308000.11
CAMP-00887,SEO Content Campaign 2023-10-23,2023-10-23,SEO Content,1678.33,67557,3016,473,108,90,371279.31
CAMP-00888,Google Ads Campaign 2023-10-23,2023-10-23,Google Ads,2618.83,64987,5159,990,295,262,782452.4
CAMP-00889,Partner Referrals Campaign 2023-10-23,2023-10-23,Partner Referrals,2168.5,81271,5549,632,233,230,520247.34
CAMP-00890,LinkedIn Ads Campaign 2023-10-24,2023-10-24,LinkedIn Ads,735.82,43261,2359,147,31,25,55607.66
CAMP-00891,Email Campaigns Campaign 2023-10-24,2023-10-24,Email Campaigns,1401.36,65469,4706,632,118,78,68300.48
CAMP-00892,SEO Content Campaign 2023-10-24,2023-10-24,SEO Content,2373.37,50391,2463,467,106,103,212960.33
CAMP-00893,Google Ads Campaign 2023-10-25,2023-10-25,Google Ads,814.94,49561,3137,254,52,41,33328.67
CAMP-00894,Partner Referrals Campaign 2023-10-25,2023-10-25,Partner Referrals,2777.81,11898,389,66,14,12,45021.08
CAMP-00895,LinkedIn Ads Campaign 2023-10-25,2023-10-25,LinkedIn Ads,1702.16,74130,2893,189,73,51,189281.19
CAMP-00896,Google Ads Campaign 2023-10-26,2023-10-26,Google Ads,563.84,38506,2580,146,33,20,88665.69
CAMP-00897,Partner Referrals Campaign 2023-10-26,2023-10-26,Partner Referrals,3072.97,39212,1317,228,50,37,161582.94
CAMP-00898,LinkedIn Ads Campaign 2023-10-27,2023-10-27,LinkedIn Ads,768.55,31253,1617,260,88,76,96900.08
CAMP-00899,Events & Webinars Campaign 2023-10-27,2023-10-27,Events & Webinars,3118.78,41827,1337,175,59,55,141401.68
CAMP-00900,Google Ads Campaign 2023-10-27,2023-10-27,Google Ads,994.09,23381,1307,75,14,12,13432.02
CAMP-00901,SEO Content Campaign 2023-10-28,2023-10-28,SEO Content,2982.38,74249,3871,448,60,42,165737.58
CAMP-00902,Email Campaigns Campaign 2023-10-28,2023-10-28,Email Campaigns,1829.26,90265,6978,1076,301,261,934771.38
CAMP-00903,Events & Webinars Campaign 2023-10-28,2023-10-28,Events & Webinars,870.57,25832,1530,198,76,71,306053.33
CAMP-00904,Google Ads Campaign 2023-10-29,2023-10-29,Google Ads,683.49,86908,6559,403,47,34,152290.96
CAMP-00905,Partner Referrals Campaign 2023-10-29,2023-10-29,Partner Referrals,1246.04,64415,2543,152,16,11,39893.28
CAMP-00906,LinkedIn Ads Campaign 2023-10-30,2023-10-30,LinkedIn Ads,2455.39,59226,2904,485,152,107,154435.98
CAMP-00907,SEO Content Campaign 2023-10-30,2023-10-30,SEO Content,3010.45,29745,2345,143,32,30,118398.9
CAMP-00908,Partner Referrals Campaign 2023-10-31,2023-10-31,Partner Referrals,3100.64,45263,3577,406,44,38,67233.72
CAMP-00909,SEO Content Campaign 2023-10-31,2023-10-31,SEO Content,433.52,5435,322,28,2,1,2735.57
CAMP-00910,Google Ads Campaign 2023-11-01,2023-11-01,Google Ads,1925.54,75196,2959,402,152,98,109650.9
CAMP-00911,Email Campaigns Campaign 2023-11-01,2023-11-01,Email Campaigns,1462.21,80961,6115,690,182,152,604761.89
CAMP-00912,LinkedIn Ads Campaign 2023-11-02,2023-11-02,LinkedIn Ads,1672.49,34214,721,46,9,8,30078.38
CAMP-00913,SEO Content Campaign 2023-11-02,2023-11-02,SEO Content,2866.2,38646,1080,124,42,35,103109.49
CAMP-00914,Partner Referrals Campaign 2023-11-02,2023-11-02,Partner Referrals,1342.16,71516,1937,362,125,80,145975.74
CAMP-00915,LinkedIn Ads Campaign 2023-11-03,2023-11-03,LinkedIn Ads,1551.11,23417,1684,230,60,44,92329.76
CAMP-00916,Google Ads Campaign 2023-11-03,2023-11-03,Google Ads,1524.89,49910,3434,669,152,112,358326.4
CAMP-00917,Events & Webinars Campaign 2023-11-03,2023-11-03,Events & Webinars,663.9,48156,976,150,33,22,28138.79
CAMP-00918,SEO Content Campaign 2023-11-04,2023-11-04,SEO Content,1754.22,42562,2294,399,117,103,352893.01
CAMP-00919,Events & Webinars Campaign 2023-11-04,2023-11-04,Events & Webinars,2096.1,17346,550,109,15,14,52080.24
CAMP-00920,SEO Content Campaign 2023-11-05,2023-11-05,SEO Content,876.58,78229,4970,341,101,91,291038.17
CAMP-00921,Email Campaigns Campaign 2023-11-05,2023-11-05,Email Campaigns,1098.97,52367,2374,172,22,18,42566.18
CAMP-00922,LinkedIn Ads Campaign 2023-11-05,2023-11-05,LinkedIn Ads,1260.08,16681,625,70,22,19,82914.4
CAMP-00923,Events & Webinars Campaign 2023-11-05,2023-11-05,Events & Webinars,3484.33,91650,2926,395,103,99,262391.98
CAMP-00924,Google Ads Campaign 2023-11-06,2023-11-06,Google Ads,2559.45,43111,1454,264,30,20,69191.13
CAMP-00925,Events & Webinars Campaign 2023-11-06,2023-11-06,Events & Webinars,2463.21,34869,2530,181,60,38,58162.51
CAMP-00926,LinkedIn Ads Campaign 2023-11-06,2023-11-06,LinkedIn Ads,1839.83,27764,708,106,13,12,10336.79
CAMP-00927,Email Campaigns Campaign 2023-11-06,2023-11-06,Email Campaigns,887.5,21923,1530,255,52,45,187039.38
CAMP-00928,Events & Webinars Campaign 2023-11-07,2023-11-07,Events & Webinars,1800.97,18601,837,157,18,17,14485.94
CAMP-00929,Partner Referrals Campaign 2023-11-07,2023-11-07,Partner Referrals,2568.39,78800,2730,272,43,36,148255.11
CAMP-00930,Google Ads Campaign 2023-11-07,2023-11-07,Google Ads,2908.43,22327,1725,90,30,25,20719.28
CAMP-00931,Events & Webinars Campaign 2023-11-08,2023-11-08,Events & Webinars,1003.71,98691,6556,1299,261,234,994727.56
CAMP-00932,LinkedIn Ads Campaign 2023-11-08,2023-11-08,LinkedIn Ads,2912.19,9085,290,49,16,9,23983.28
CAMP-00933,Email Campaigns Campaign 2023-11-08,2023-11-08,Email Campaigns,3084.14,85362,3496,373,93,62,267791.75
CAMP-00934,Email Campaigns Campaign 2023-11-09,2023-11-09,Email Campaigns,363.08,29866,2273,173,61,39,135451.46
CAMP-00935,Google Ads Campaign 2023-11-09,2023-11-09,Google Ads,719.22,41489,3128,392,156,151,511372.01
CAMP-00936,Partner Referrals Campaign 2023-11-10,2023-11-10,Partner Referrals,1565.34,63325,2569,242,60,55,162809.79
CAMP-00937,Google Ads Campaign 2023-11-10,2023-11-10,Google Ads,2069.05,29591,2350,388,55,54,223492.49
CAMP-00938,SEO Content Campaign 2023-11-10,2023-11-10,SEO Content,2354.5,27486,1114,146,49,33,123469.34
CAMP-00939,LinkedIn Ads Campaign 2023-11-10,2023-11-10,LinkedIn Ads,2948.64,26279,1263,238,60,43,80306.02
CAMP-00940,Events & Webinars Campaign 2023-11-11,2023-11-11,Events & Webinars,3202.18,18290,1174,156,44,33,108627.17
CAMP-00941,Google Ads Campaign 2023-11-11,2023-11-11,Google Ads,2824.01,98834,5527,510,73,52,70583.91
CAMP-00942,Partner Referrals Campaign 2023-11-11,2023-11-11,Partner Referrals,2835.26,52991,2121,194,50,44,55831.88
CAMP-00943,Email Campaigns Campaign 2023-11-11,2023-11-11,Email Campaigns,1384.47,20511,1515,114,31,22,95132.36
CAMP-00944,Email Campaigns Campaign 2023-11-12,2023-11-12,Email Campaigns,3227.62,99319,3626,692,159,106,173030.29
CAMP-00945,Partner Referrals Campaign 2023-11-12,2023-11-12,Partner Referrals,1605.73,8649,341,38,4,3,8070.45
CAMP-00946,LinkedIn Ads Campaign 2023-11-12,2023-11-12,LinkedIn Ads,1952.9,51351,3277,443,133,123,538769.52
CAMP-00947,SEO Content Campaign 2023-11-12,2023-11-12,SEO Content,2014.87,19365,871,130,21,18,48500.67
CAMP-00948,Email Campaigns Campaign 2023-11-13,2023-11-13,Email Campaigns,3260.62,56395,4369,523,132,102,198433.37
CAMP-00949,Events & Webinars Campaign 2023-11-13,2023-11-13,Events & Webinars,1251.36,11081,772,142,49,30,131220.6
CAMP-00950,Events & Webinars Campaign 2023-11-14,2023-11-14,Events & Webinars,502.36,76451,5548,1047,415,279,757473.89
CAMP-00951,SEO Content Campaign 2023-11-14,2023-11-14,SEO Content,2245.43,62310,3325,559,104,88,219338.23
CAMP-00952,Partner Referrals Campaign 2023-11-15,2023-11-15,Partner Referrals,2165.75,48838,3624,615,195,189,762018.46
CAMP-00953,Events & Webinars Campaign 2023-11-15,2023-11-15,Events & Webinars,2423.68,74669,5945,471,111,99,231879.53
CAMP-00954,SEO Content Campaign 2023-11-15,2023-11-15,SEO Content,2143.56,50347,1504,101,36,32,66493.79
CAMP-00955,Email Campaigns Campaign 2023-11-15,2023-11-15,Email Campaigns,2742.37,5179,316,35,8,5,22397.24
CAMP-00956,Events & Webinars Campaign 2023-11-16,2023-11-16,Events & Webinars,834.13,65627,2879,257,31,19,58641.8
CAMP-00957,Email Campaigns Campaign 2023-11-16,2023-11-16,Email Campaigns,2374.8,84708,1951,302,51,34,131506.03
CAMP-00958,LinkedIn Ads Campaign 2023-11-16,2023-11-16,LinkedIn Ads,1945.42,18582,449,64,20,18,56680.8
CAMP-00959,SEO Content Campaign 2023-11-16,2023-11-16,SEO Content,2127.52,99611,7817,1259,343,254,423302.2
CAMP-00960,Email Campaigns Campaign 2023-11-17,2023-11-17,Email Campaigns,340.69,79573,6310,811,250,231,885705.03
CAMP-00961,LinkedIn Ads Campaign 2023-11-17,2023-11-17,LinkedIn Ads,866.69,46093,3506,395,134,111,358894.38
CAMP-00962,Partner Referrals Campaign 2023-11-18,2023-11-18,Partner Referrals,706.65,67492,1371,109,41,35,95341.12
CAMP-00963,LinkedIn Ads Campaign 2023-11-18,2023-11-18,LinkedIn Ads,477.09,69039,4334,249,77,63,117807.62
CAMP-00964,Google Ads Campaign 2023-11-18,2023-11-18,Google Ads,1007.47,59520,4510,418,129,96,248584.71
CAMP-00965,SEO Content Campaign 2023-11-19,2023-11-19,SEO Content,955.38,56255,2247,138,36,33,92318.42
CAMP-00966,LinkedIn Ads Campaign 2023-11-19,2023-11-19,LinkedIn Ads,2036.27,53665,4125,533,126,103,226667.7
CAMP-00967,Google Ads Campaign 2023-11-19,2023-11-19,Google Ads,410.78,7800,492,56,16,12,38838.63
CAMP-00968,Email Campaigns Campaign 2023-11-19,2023-11-19,Email Campaigns,879.5,99356,2949,501,114,73,146211.18
CAMP-00969,Events & Webinars Campaign 2023-11-20,2023-11-20,Events & Webinars,641.56,62543,3572,335,37,29,72528.74
CAMP-00970,Google Ads Campaign 2023-11-20,2023-11-20,Google Ads,2131.54,30394,1593,235,35,26,48855.31
CAMP-00971,LinkedIn Ads Campaign 2023-11-21,2023-11-21,LinkedIn Ads,1991.33,47558,3542,596,96,94,237241.39
CAMP-00972,Google Ads Campaign 2023-11-21,2023-11-21,Google Ads,1738.93,43623,1206,140,36,25,30598.34
CAMP-00973,SEO Content Campaign 2023-11-22,2023-11-22,SEO Content,2528.44,83911,3085,407,122,94,289028.89
CAMP-00974,LinkedIn Ads Campaign 2023-11-22,2023-11-22,LinkedIn Ads,1546.29,86849,3399,585,86,68,303594.33
CAMP-00975,Google Ads Campaign 2023-11-23,2023-11-23,Google Ads,2736.65,71398,5085,656,198,122,150830.85
CAMP-00976,Email Campaigns Campaign 2023-11-23,2023-11-23,Email Campaigns,2709.96,32831,1144,86,29,19,40120.06
CAMP-00977,LinkedIn Ads Campaign 2023-11-23,2023-11-23,LinkedIn Ads,3410.67,9697,467,59,6,4,12443.32
CAMP-00978,Events & Webinars Campaign 2023-11-23,2023-11-23,Events & Webinars,3003.21,31360,1006,147,48,47,115717.74
CAMP-00979,LinkedIn Ads Campaign 2023-11-24,2023-11-24,LinkedIn Ads,1930.49,78478,3679,390,146,136,239561.86
CAMP-00980,Google Ads Campaign 2023-11-24,2023-11-24,Google Ads,752.31,52114,1583,92,15,14,32402.98
CAMP-00981,Partner Referrals Campaign 2023-11-24,2023-11-24,Partner Referrals,875.63,81313,4999,802,251,245,984384.14
CAMP-00982,Google Ads Campaign 2023-11-25,2023-11-25,Google Ads,2391.56,78251,5207,694,220,140,173231.55
CAMP-00983,LinkedIn Ads Campaign 2023-11-25,2023-11-25,LinkedIn Ads,3247.41,85064,5544,824,252,174,443311.71
CAMP-00984,Email Campaigns Campaign 2023-11-25,2023-11-25,Email Campaigns,2379.67,26448,1219,205,77,64,77395.9
CAMP-00985,Partner Referrals Campaign 2023-11-26,2023-11-26,Partner Referrals,1647.41,85906,3989,695,88,53,91331.34
CAMP-00986,SEO Content Campaign 2023-11-26,2023-11-26,SEO Content,650.58,22946,802,43,6,3,11253.52
CAMP-00987,Google Ads Campaign 2023-11-26,2023-11-26,Google Ads,2688.9,25191,1441,179,30,24,92736.66
CAMP-00988,Google Ads Campaign 2023-11-27,2023-11-27,Google Ads,910.85,11473,279,52,20,15,14015.73
CAMP-00989,Partner Referrals Campaign 2023-11-27,2023-11-27,Partner Referrals,1123.75,47749,3774,495,183,165,244672.11
CAMP-00990,Events & Webinars Campaign 2023-11-27,2023-11-27,Events & Webinars,913.28,94114,4417,847,193,189,634799.45
CAMP-00991,Partner Referrals Campaign 2023-11-28,2023-11-28,Partner Referrals,2164.87,89237,3994,432,77,72,121126.44
CAMP-00992,Events & Webinars Campaign 2023-11-28,2023-11-28,Events & Webinars,2976.64,28104,2122,318,49,47,115837.42
CAMP-00993,Email Campaigns Campaign 2023-11-28,2023-11-28,Email Campaigns,1062.34,65887,5092,767,290,255,961564.89
CAMP-00994,SEO Content Campaign 2023-11-29,2023-11-29,SEO Content,3145.83,67014,3096,335,112,69,116210.63
CAMP-00995,Partner Referrals Campaign 2023-11-29,2023-11-29,Partner Referrals,1572.71,37472,1374,157,26,21,17834.32
CAMP-00996,Email Campaigns Campaign 2023-11-29,2023-11-29,Email Campaigns,2451.62,86336,4303,424,72,63,263857.84
CAMP-00997,Events & Webinars Campaign 2023-11-29,2023-11-29,Events & Webinars,1793.27,7078,517,95,25,23,24792.44
CAMP-00998,SEO Content Campaign 2023-11-30,2023-11-30,SEO Content,1609.46,58824,2084,385,143,91,232898.3
CAMP-00999,Events & Webinars Campaign 2023-11-30,2023-11-30,Events & Webinars,1127.83,82856,4610,918,323,282,1084121.52
CAMP-01000,Google Ads Campaign 2023-11-30,2023-11-30,Google Ads,1346.95,73349,5495,1093,313,204,611857.14
CAMP-01001,LinkedIn Ads Campaign 2023-11-30,2023-11-30,LinkedIn Ads,2669.33,35647,873,49,18,16,37978.57
CAMP-01002,Email Campaigns Campaign 2023-12-01,2023-12-01,Email Campaigns,756.87,95505,4765,815,236,218,294038.94
CAMP-01003,SEO Content Campaign 2023-12-01,2023-12-01,SEO Content,1241.29,59975,4288,222,39,25,41115.53
CAMP-01004,Google Ads Campaign 2023-12-01,2023-12-01,Google Ads,1397.36,5496,389,65,17,15,24008.44
CAMP-01005,LinkedIn Ads Campaign 2023-12-02,2023-12-02,LinkedIn Ads,1789.29,78237,4494,813,259,198,884080.95
CAMP-01006,SEO Content Campaign 2023-12-02,2023-12-02,SEO Content,869.97,71621,3008,341,39,29,41595.44
CAMP-01007,Partner Referrals Campaign 2023-12-02,2023-12-02,Partner Referrals,1785.1,75439,5670,359,139,91,83023.06
CAMP-01008,Events & Webinars Campaign 2023-12-02,2023-12-02,Events & Webinars,790.82,52511,1536,173,38,36,127931.2
CAMP-01009,Partner Referrals Campaign 2023-12-03,2023-12-03,Partner Referrals,2924.31,51019,2008,175,40,31,28463.82
CAMP-01010,Events & Webinars Campaign 2023-12-03,2023-12-03,Events & Webinars,1018.12,26722,1114,125,45,40,94917.55
CAMP-01011,Partner Referrals Campaign 2023-12-04,2023-12-04,Partner Referrals,2775.36,44908,1918,371,63,46,40579.1
CAMP-01012,Google Ads Campaign 2023-12-04,2023-12-04,Google Ads,2471.0,73830,4868,933,127,98,99568.9
CAMP-01013,SEO Content Campaign 2023-12-04,2023-12-04,SEO Content,2959.11,81214,2435,240,26,19,29068.29
CAMP-01014,Google Ads Campaign 2023-12-05,2023-12-05,Google Ads,531.92,7858,162,12,4,3,9573.33
CAMP-01015,Partner Referrals Campaign 2023-12-05,2023-12-05,Partner Referrals,1533.68,98695,7200,673,133,116,389367.99
CAMP-01016,Events & Webinars Campaign 2023-12-05,2023-12-05,Events & Webinars,2524.88,14033,524,42,16,11,36300.82
CAMP-01017,Email Campaigns Campaign 2023-12-05,2023-12-05,Email Campaigns,2497.25,20045,436,41,14,9,17345.34
CAMP-01018,Events & Webinars Campaign 2023-12-06,2023-12-06,Events & Webinars,2711.06,38689,2311,321,59,47,88195.75
CAMP-01019,Email Campaigns Campaign 2023-12-06,2023-12-06,Email Campaigns,2125.43,40328,1402,252,43,25,71504.7
CAMP-01020,SEO Content Campaign 2023-12-07,2023-12-07,SEO Content,1555.9,46732,1849,223,67,61,103103.29
CAMP-01021,Google Ads Campaign 2023-12-07,2023-12-07,Google Ads,1642.16,7219,235,16,3,2,5567.94
CAMP-01022,LinkedIn Ads Campaign 2023-12-08,2023-12-08,LinkedIn Ads,3113.81,77665,1656,266,49,45,108631.71
CAMP-01023,Partner Referrals Campaign 2023-12-08,2023-12-08,Partner Referrals,1473.82,72340,3532,309,80,75,157664.98
CAMP-01024,Google Ads Campaign 2023-12-08,2023-12-08,Google Ads,510.95,95824,3038,163,43,26,64806.21
CAMP-01025,SEO Content Campaign 2023-12-09,2023-12-09,SEO Content,2544.9,84207,5088,881,229,190,558574.22
CAMP-01026,Events & Webinars Campaign 2023-12-09,2023-12-09,Events & Webinars,2264.67,41116,2864,412,132,104,347308.72
CAMP-01027,LinkedIn Ads Campaign 2023-12-09,2023-12-09,LinkedIn Ads,519.1,43648,911,177,22,13,48916.55
CAMP-01028,Email Campaigns Campaign 2023-12-09,2023-12-09,Email Campaigns,1315.06,20137,1524,234,64,55,244273.63
CAMP-01029,SEO Content Campaign 2023-12-10,2023-12-10,SEO Content,787.16,18212,1235,154,35,24,102498.44
CAMP-01030,Events & Webinars Campaign 2023-12-10,2023-12-10,Events & Webinars,2737.26,12501,731,89,20,12,31233.49
CAMP-01031,Partner Referrals Campaign 2023-12-10,2023-12-10,Partner Referrals,440.97,97570,2436,319,92,63,248275.39
CAMP-01032,Partner Referrals Campaign 2023-12-11,2023-12-11,Partner Referrals,1851.43,27400,722,124,28,25,94334.75
CAMP-01033,Google Ads Campaign 2023-12-11,2023-12-11,Google Ads,1331.85,20690,1366,71,27,17,26822.45
CAMP-01034,LinkedIn Ads Campaign 2023-12-11,2023-12-11,LinkedIn Ads,2925.04,95920,2491,366,111,107,337107.26
CAMP-01035,Events & Webinars Campaign 2023-12-12,2023-12-12,Events & Webinars,2240.77,38888,3046,405,132,123,221619.47
CAMP-01036,SEO Content Campaign 2023-12-12,2023-12-12,SEO Content,2152.84,27053,730,110,35,31,43349.81
CAMP-01037,Partner Referrals Campaign 2023-12-12,2023-12-12,Partner Referrals,3496.22,84417,4757,820,126,95,305814.23
CAMP-01038,Partner Referrals Campaign 2023-12-13,2023-12-13,Partner Referrals,3465.06,49193,1740,334,77,71,271198.98
CAMP-01039,Events & Webinars Campaign 2023-12-13,2023-12-13,Events & Webinars,1219.64,5791,184,13,3,2,6584.57
CAMP-01040,SEO Content Campaign 2023-12-13,2023-12-13,SEO Content,1440.53,77726,5687,843,85,77,268962.77
CAMP-01041,Google Ads Campaign 2023-12-13,2023-12-13,Google Ads,3442.21,7346,544,70,9,8,10458.76
CAMP-01042,LinkedIn Ads Campaign 2023-12-14,2023-12-14,LinkedIn Ads,414.2,21614,708,105,35,28,103055.47
CAMP-01043,Events & Webinars Campaign 2023-12-14,2023-12-14,Events & Webinars,1387.99,54958,1846,101,28,20,74153.85
CAMP-01044,Google Ads Campaign 2023-12-14,2023-12-14,Google Ads,2131.76,31852,1296,89,10,9,34847.96
CAMP-01045,Email Campaigns Campaign 2023-12-14,2023-12-14,Email Campaigns,1897.37,53499,2304,247,42,27,109041.48
CAMP-01046,Events & Webinars Campaign 2023-12-15,2023-12-15,Events & Webinars,968.81,33497,1817,275,70,44,186195.67
CAMP-01047,Partner Referrals Campaign 2023-12-15,2023-12-15,Partner Referrals,551.68,53464,2959,375,56,55,79595.83
CAMP-01048,LinkedIn Ads Campaign 2023-12-16,2023-12-16,LinkedIn Ads,1563.06,75479,2422,313,75,60,82096.2
CAMP-01049,Email Campaigns Campaign 2023-12-16,2023-12-16,Email Campaigns,1865.78,54502,1806,162,50,47,91133.38
CAMP-01050,Google Ads Campaign 2023-12-16,2023-12-16,Google Ads,2178.68,36960,1922,265,52,40,74809.82
CAMP-01051,LinkedIn Ads Campaign 2023-12-17,2023-12-17,LinkedIn Ads,635.65,52268,3413,323,119,91,397009.23
CAMP-01052,SEO Content Campaign 2023-12-17,2023-12-17,SEO Content,776.2,41975,1535,226,81,65,195069.27
CAMP-01053,Partner Referrals Campaign 2023-12-17,2023-12-17,Partner Referrals,892.57,16906,812,154,27,20,86421.51
CAMP-01054,Google Ads Campaign 2023-12-17,2023-12-17,Google Ads,2101.16,44755,2954,413,42,32,47617.07
CAMP-01055,LinkedIn Ads Campaign 2023-12-18,2023-12-18,LinkedIn Ads,873.14,71459,1507,167,41,40,169589.28
CAMP-01056,Events & Webinars Campaign 2023-12-18,2023-12-18,Events & Webinars,788.24,13057,822,152,49,38,93760.91
CAMP-01057,Events & Webinars Campaign 2023-12-19,2023-12-19,Events & Webinars,2903.22,18093,1222,133,21,14,29631.25
CAMP-01058,Email Campaigns Campaign 2023-12-19,2023-12-19,Email Campaigns,1945.71,86301,6680,699,104,103,449229.99
CAMP-01059,Google Ads Campaign 2023-12-19,2023-12-19,Google Ads,3336.14,13122,615,92,29,19,61529.79
CAMP-01060,SEO Content Campaign 2023-12-19,2023-12-19,SEO Content,3185.32,76382,5115,554,106,64,251896.64
CAMP-01061,Google Ads Campaign 2023-12-20,2023-12-20,Google Ads,3164.56,25618,612,33,4,2,2270.92
CAMP-01062,Events & Webinars Campaign 2023-12-20,2023-12-20,Events & Webinars,2458.99,67389,2430,145,41,37,150928.53
CAMP-01063,Email Campaigns Campaign 2023-12-20,2023-12-20,Email Campaigns,803.5,46985,1182,231,70,56,64268.84
CAMP-01064,Partner Referrals Campaign 2023-12-21,2023-12-21,Partner Referrals,1327.57,28264,572,98,21,12,53689.44
CAMP-01065,SEO Content Campaign 2023-12-21,2023-12-21,SEO Content,2384.26,73608,3858,219,33,21,29325.63
CAMP-01066,Google Ads Campaign 2023-12-21,2023-12-21,Google Ads,2760.19,65245,3524,327,115,69,82674.31
CAMP-01067,Email Campaigns Campaign 2023-12-21,2023-12-21,Email Campaigns,2949.06,41445,2822,332,69,64,141526.99
CAMP-01068,Events & Webinars Campaign 2023-12-22,2023-12-22,Events & Webinars,559.19,46766,2992,588,132,100,161788.47
CAMP-01069,Google Ads Campaign 2023-12-22,2023-12-22,Google Ads,2692.15,92514,2474,319,43,36,68890.37
CAMP-01070,Events & Webinars Campaign 2023-12-23,2023-12-23,Events & Webinars,1936.1,94719,6586,1055,395,340,524353.64
CAMP-01071,LinkedIn Ads Campaign 2023-12-23,2023-12-23,LinkedIn Ads,2202.2,87520,3766,197,37,34,86021.94
CAMP-01072,LinkedIn Ads Campaign 2023-12-24,2023-12-24,LinkedIn Ads,1859.4,51807,2486,283,44,27,54305.72
CAMP-01073,Google Ads Campaign 2023-12-24,2023-12-24,Google Ads,1577.27,32161,1816,176,25,19,49109.25
CAMP-01074,Events & Webinars Campaign 2023-12-24,2023-12-24,Events & Webinars,1364.01,50347,3221,170,42,41,157896.58
CAMP-01075,SEO Content Campaign 2023-12-24,2023-12-24,SEO Content,1108.25,84860,6189,487,97,75,178948.17
CAMP-01076,SEO Content Campaign 2023-12-25,2023-12-25,SEO Content,2737.61,30251,683,116,44,30,92125.1
CAMP-01077,Partner Referrals Campaign 2023-12-25,2023-12-25,Partner Referrals,2457.52,99074,3935,603,193,171,280346.64
CAMP-01078,SEO Content Campaign 2023-12-26,2023-12-26,SEO Content,1562.56,84855,3995,476,183,129,535181.64
CAMP-01079,Events & Webinars Campaign 2023-12-26,2023-12-26,Events & Webinars,2317.59,86507,2572,269,92,63,150406.45
CAMP-01080,Email Campaigns Campaign 2023-12-26,2023-12-26,Email Campaigns,3047.06,77314,3813,677,257,206,427785.46
CAMP-01081,Events & Webinars Campaign 2023-12-27,2023-12-27,Events & Webinars,1678.72,91963,5362,1001,187,124,473557.78
CAMP-01082,Google Ads Campaign 2023-12-27,2023-12-27,Google Ads,662.82,92715,3583,613,168,103,334077.26
CAMP-01083,LinkedIn Ads Campaign 2023-12-27,2023-12-27,LinkedIn Ads,829.19,56119,3872,396,71,56,220840.93
CAMP-01084,Events & Webinars Campaign 2023-12-28,2023-12-28,Events & Webinars,814.27,71738,3938,246,94,67,141223.84
CAMP-01085,Google Ads Campaign 2023-12-28,2023-12-28,Google Ads,3071.25,81546,5797,1094,302,278,443241.46
CAMP-01086,LinkedIn Ads Campaign 2023-12-28,2023-12-28,LinkedIn Ads,967.91,6673,409,45,17,12,23289.32
CAMP-01087,SEO Content Campaign 2023-12-29,2023-12-29,SEO Content,2324.49,19423,433,66,14,13,23391.98
CAMP-01088,Google Ads Campaign 2023-12-29,2023-12-29,Google Ads,1645.97,19776,427,56,9,8,25277.41
CAMP-01089,Partner Referrals Campaign 2023-12-29,2023-12-29,Partner Referrals,1112.81,72365,3560,614,73,54,166096.61
CAMP-01090,Email Campaigns Campaign 2023-12-29,2023-12-29,Email Campaigns,1804.95,77321,2425,376,45,27,118118.26
CAMP-01091,Events & Webinars Campaign 2023-12-30,2023-12-30,Events & Webinars,1495.91,27909,2098,296,100,82,76652.15
CAMP-01092,SEO Content Campaign 2023-12-30,2023-12-30,SEO Content,2220.9,54881,4052,699,197,180,165150.54
CAMP-01093,SEO Content Campaign 2023-12-31,2023-12-31,SEO Content,445.62,18047,1317,116,22,17,33243.93
CAMP-01094,Events & Webinars Campaign 2023-12-31,2023-12-31,Events & Webinars,1031.77,85456,6317,957,153,130,149757.97
CAMP-01095,LinkedIn Ads Campaign 2023-12-31,2023-12-31,LinkedIn Ads,1129.14,54982,2028,149,34,23,83173.08
CAMP-01096,Email Campaigns Campaign 2024-01-01,2024-01-01,Email Campaigns,969.62,58908,1492,236,84,66,98283.46
CAMP-01097,LinkedIn Ads Campaign 2024-01-01,2024-01-01,LinkedIn Ads,2731.77,90986,6521,421,48,42,89475.13
CAMP-01098,Partner Referrals Campaign 2024-01-01,2024-01-01,Partner Referrals,3063.01,30735,625,45,5,3,4457.73
CAMP-01099,Google Ads Campaign 2024-01-01,2024-01-01,Google Ads,1385.46,45393,2494,214,79,70,205499.06
CAMP-01100,SEO Content Campaign 2024-01-02,2024-01-02,SEO Content,3370.53,17224,370,54,7,6,14457.13
CAMP-01101,Email Campaigns Campaign 2024-01-02,2024-01-02,Email Campaigns,3452.56,10687,425,48,14,13,28288.66
CAMP-01102,Partner Referrals Campaign 2024-01-02,2024-01-02,Partner Referrals,2535.13,38394,1398,94,35,32,61873.04
CAMP-01103,Events & Webinars Campaign 2024-01-03,2024-01-03,Events & Webinars,1921.45,45581,1559,244,93,64,169879.22
CAMP-01104,Google Ads Campaign 2024-01-03,2024-01-03,Google Ads,2334.59,95344,3896,393,123,79,109346.56
CAMP-01105,LinkedIn Ads Campaign 2024-01-03,2024-01-03,LinkedIn Ads,1857.09,10673,770,92,20,16,38178.96
CAMP-01106,Partner Referrals Campaign 2024-01-04,2024-01-04,Partner Referrals,470.07,68120,1856,368,72,51,156631.3
CAMP-01107,Google Ads Campaign 2024-01-04,2024-01-04,Google Ads,3069.85,31037,1670,89,18,16,31004.4
CAMP-01108,LinkedIn Ads Campaign 2024-01-05,2024-01-05,LinkedIn Ads,1811.82,28879,2105,348,45,38,130847.57
CAMP-01109,SEO Content Campaign 2024-01-05,2024-01-05,SEO Content,2553.43,73832,3788,290,88,64,62415.78
CAMP-01110,Google Ads Campaign 2024-01-05,2024-01-05,Google Ads,1860.09,16096,865,64,10,6,14211.53
CAMP-01111,LinkedIn Ads Campaign 2024-01-06,2024-01-06,LinkedIn Ads,633.58,45930,3146,195,33,20,87454.79
CAMP-01112,Partner Referrals Campaign 2024-01-06,2024-01-06,Partner Referrals,774.41,33498,702,83,19,18,34403.59
CAMP-01113,Email Campaigns Campaign 2024-01-07,2024-01-07,Email Campaigns,2316.18,57600,1779,227,61,43,94754.51
CAMP-01114,Google Ads Campaign 2024-01-07,2024-01-07,Google Ads,992.63,61439,1914,310,107,78,127210.17
CAMP-01115,SEO Content Campaign 2024-01-07,2024-01-07,SEO Content,3047.66,69754,4611,595,201,178,280870.07
CAMP-01116,Email Campaigns Campaign 2024-01-08,2024-01-08,Email Campaigns,1903.84,51416,2484,363,94,76,295881.79
CAMP-01117,LinkedIn Ads Campaign 2024-01-08,2024-01-08,LinkedIn Ads,891.48,98365,5190,288,86,54,193711.36
CAMP-01118,Events & Webinars Campaign 2024-01-08,2024-01-08,Events & Webinars,1758.81,25480,1802,104,24,23,37489.02
CAMP-01119,SEO Content Campaign 2024-01-09,2024-01-09,SEO Content,2393.2,34874,1236,179,28,19,78041.19
CAMP-01120,Google Ads Campaign 2024-01-09,2024-01-09,Google Ads,687.98,32959,2523,424,93,67,299702.15
CAMP-01121,Email Campaigns Campaign 2024-01-09,2024-01-09,Email Campaigns,3231.41,55403,2159,323,105,71,309015.93
CAMP-01122,Email Campaigns Campaign 2024-01-10,2024-01-10,Email Campaigns,3424.19,51466,3178,625,80,52,186098.51
CAMP-01123,Google Ads Campaign 2024-01-10,2024-01-10,Google Ads,1391.53,13694,388,61,11,10,34462.41
CAMP-01124,SEO Content Campaign 2024-01-10,2024-01-10,SEO Content,1618.92,87294,3237,297,118,78,163776.52
CAMP-01125,Events & Webinars Campaign 2024-01-10,2024-01-10,Events & Webinars,1858.62,66262,3793,730,136,111,114991.9
CAMP-01126,Email Campaigns Campaign 2024-01-11,2024-01-11,Email Campaigns,2055.2,28859,966,165,45,36,159371.17
CAMP-01127,LinkedIn Ads Campaign 2024-01-11,2024-01-11,LinkedIn Ads,3276.78,18484,912,136,25,22,67850.77
CAMP-01128,Events & Webinars Campaign 2024-01-11,2024-01-11,Events & Webinars,767.4,97054,6104,704,261,256,955169.27
CAMP-01129,Partner Referrals Campaign 2024-01-12,2024-01-12,Partner Referrals,2246.35,65746,3207,187,33,19,40845.97
CAMP-01130,SEO Content Campaign 2024-01-12,2024-01-12,SEO Content,1513.25,92430,6106,869,263,230,927410.44
CAMP-01131,LinkedIn Ads Campaign 2024-01-12,2024-01-12,LinkedIn Ads,1663.39,80606,4227,455,103,100,208387.08
CAMP-01132,LinkedIn Ads Campaign 2024-01-13,2024-01-13,LinkedIn Ads,2942.43,48274,3427,274,36,34,43123.57
CAMP-01133,Partner Referrals Campaign 2024-01-13,2024-01-13,Partner Referrals,832.7,9240,348,54,16,11,41554.71
CAMP-01134,Email Campaigns Campaign 2024-01-13,2024-01-13,Email Campaigns,1902.12,41070,3109,598,173,160,250589.07
CAMP-01135,SEO Content Campaign 2024-01-13,2024-01-13,SEO Content,3150.1,62913,3758,644,177,161,192550.16
CAMP-01136,SEO Content Campaign 2024-01-14,2024-01-14,SEO Content,370.68,31278,2168,252,31,24,45400.37
CAMP-01137,Events & Webinars Campaign 2024-01-14,2024-01-14,Events & Webinars,2345.75,90967,5155,803,152,117,310211.7
CAMP-01138,LinkedIn Ads Campaign 2024-01-14,2024-01-14,LinkedIn Ads,1600.58,28858,622,56,8,5,15828.57
CAMP-01139,Partner Referrals Campaign 2024-01-14,2024-01-14,Partner Referrals,3420.12,20468,1384,103,40,26,42870.41
CAMP-01140,Partner Referrals Campaign 2024-01-15,2024-01-15,Partner Referrals,2085.81,38032,2414,286,81,66,148053.28
CAMP-01141,SEO Content Campaign 2024-01-15,2024-01-15,SEO Content,1172.49,13626,709,125,42,40,63835.84
CAMP-01142,Events & Webinars Campaign 2024-01-15,2024-01-15,Events & Webinars,2177.29,79656,3761,238,71,67,294594.52
CAMP-01143,Google Ads Campaign 2024-01-15,2024-01-15,Google Ads,373.17,46956,3684,614,95,84,361938.79
CAMP-01144,SEO Content Campaign 2024-01-16,2024-01-16,SEO Content,1192.16,43007,1444,271,72,70,155412.3
CAMP-01145,Partner Referrals Campaign 2024-01-16,2024-01-16,Partner Referrals,1573.88,14163,904,108,26,15,55801.52
CAMP-01146,Google Ads Campaign 2024-01-16,2024-01-16,Google Ads,902.15,5781,344,48,5,3,5042.52
CAMP-01147,Email Campaigns Campaign 2024-01-16,2024-01-16,Email Campaigns,2608.04,24990,1352,163,58,43,131438.09
CAMP-01148,Email Campaigns Campaign 2024-01-17,2024-01-17,Email Campaigns,2957.97,78965,4537,347,85,73,232413.1
CAMP-01149,LinkedIn Ads Campaign 2024-01-17,2024-01-17,LinkedIn Ads,1149.07,48096,3701,374,97,60,63547.07
CAMP-01150,Events & Webinars Campaign 2024-01-18,2024-01-18,Events & Webinars,2736.25,15161,617,70,24,14,50540.78
CAMP-01151,Google Ads Campaign 2024-01-18,2024-01-18,Google Ads,3444.07,35440,2791,209,43,32,70123.38
CAMP-01152,SEO Content Campaign 2024-01-18,2024-01-18,SEO Content,3114.46,99113,4251,628,206,165,145747.45
CAMP-01153,SEO Content Campaign 2024-01-19,2024-01-19,SEO Content,908.14,99099,5237,540,141,114,285279.52
CAMP-01154,Events & Webinars Campaign 2024-01-19,2024-01-19,Events & Webinars,1405.54,24793,675,50,15,12,46029.22
CAMP-01155,Email Campaigns Campaign 2024-01-19,2024-01-19,Email Campaigns,2476.97,40998,871,94,24,21,78377.08
CAMP-01156,Google Ads Campaign 2024-01-19,2024-01-19,Google Ads,690.66,18195,1192,227,80,53,44641.76
CAMP-01157,Google Ads Campaign 2024-01-20,2024-01-20,Google Ads,935.78,93077,5831,1111,391,336,1171309.16
CAMP-01158,SEO Content Campaign 2024-01-20,2024-01-20,SEO Content,1339.7,63845,5073,394,102,84,144470.65
CAMP-01159,Partner Referrals Campaign 2024-01-20,2024-01-20,Partner Referrals,1239.28,49959,1213,172,32,25,57287.67
CAMP-01160,LinkedIn Ads Campaign 2024-01-21,2024-01-21,LinkedIn Ads,2990.75,86661,1928,242,68,46,73213.59
CAMP-01161,Email Campaigns Campaign 2024-01-21,2024-01-21,Email Campaigns,2187.72,99876,2153,212,50,35,108319.65
CAMP-01162,Events & Webinars Campaign 2024-01-21,2024-01-21,Events & Webinars,914.92,67666,2102,375,52,41,141414.51
CAMP-01163,LinkedIn Ads Campaign 2024-01-22,2024-01-22,LinkedIn Ads,437.35,72342,2933,192,45,35,119692.4
CAMP-01164,Email Campaigns Campaign 2024-01-22,2024-01-22,Email Campaigns,1489.34,19328,1323,254,57,37,149394.58
CAMP-01165,Partner Referrals Campaign 2024-01-22,2024-01-22,Partner Referrals,2808.42,75816,5834,1163,159,150,590415.85
CAMP-01166,Email Campaigns Campaign 2024-01-23,2024-01-23,Email Campaigns,389.16,40399,1028,113,29,24,34484.01
CAMP-01167,SEO Content Campaign 2024-01-23,2024-01-23,SEO Content,1880.07,70792,1512,150,15,10,37122.49
CAMP-01168,Events & Webinars Campaign 2024-01-23,2024-01-23,Events & Webinars,1913.41,27128,2145,185,50,43,173823.18
CAMP-01169,Events & Webinars Campaign 2024-01-24,2024-01-24,Events & Webinars,1559.2,83783,2427,324,91,90,148427.22
CAMP-01170,Google Ads Campaign 2024-01-24,2024-01-24,Google Ads,1372.38,52604,4051,389,137,107,186307.51
CAMP-01171,SEO Content Campaign 2024-01-24,2024-01-24,SEO Content,1677.51,78458,4606,596,208,131,421785.75
CAMP-01172,Google Ads Campaign 2024-01-25,2024-01-25,Google Ads,885.9,18328,1219,78,9,6,26222.99
CAMP-01173,Email Campaigns Campaign 2024-01-25,2024-01-25,Email Campaigns,465.27,56084,2083,114,44,42,60918.69
CAMP-01174,Partner Referrals Campaign 2024-01-26,2024-01-26,Partner Referrals,1486.24,43273,1190,215,85,62,49628.68
CAMP-01175,Email Campaigns Campaign 2024-01-26,2024-01-26,Email Campaigns,3297.14,56171,1970,344,135,109,306327.49
CAMP-01176,LinkedIn Ads Campaign 2024-01-26,2024-01-26,LinkedIn Ads,886.56,62501,4012,290,101,100,363934.69
CAMP-01177,Google Ads Campaign 2024-01-26,2024-01-26,Google Ads,1485.01,51933,2316,408,71,70,221983.42
CAMP-01178,Events & Webinars Campaign 2024-01-27,2024-01-27,Events & Webinars,877.27,36188,819,107,20,16,56602.08
CAMP-01179,LinkedIn Ads Campaign 2024-01-27,2024-01-27,LinkedIn Ads,1155.33,95208,3879,667,113,98,205710.27
CAMP-01180,Google Ads Campaign 2024-01-27,2024-01-27,Google Ads,314.84,36111,1059,155,44,43,100435.56
CAMP-01181,Google Ads Campaign 2024-01-28,2024-01-28,Google Ads,2660.9,76396,5231,676,124,87,98622.38
CAMP-01182,LinkedIn Ads Campaign 2024-01-28,2024-01-28,LinkedIn Ads,3075.81,5898,373,51,15,14,17894.7
CAMP-01183,Email Campaigns Campaign 2024-01-28,2024-01-28,Email Campaigns,2715.61,11740,767,126,22,15,24045.12
CAMP-01184,Events & Webinars Campaign 2024-01-28,2024-01-28,Events & Webinars,2487.2,23380,597,51,12,9,15841.61
CAMP-01185,Events & Webinars Campaign 2024-01-29,2024-01-29,Events & Webinars,2888.91,92586,2091,166,43,28,98818.69
CAMP-01186,Google Ads Campaign 2024-01-29,2024-01-29,Google Ads,445.51,96499,4121,693,175,147,546372.27
CAMP-01187,Email Campaigns Campaign 2024-01-30,2024-01-30,Email Campaigns,1623.01,11665,846,60,9,6,21657.37
CAMP-01188,Events & Webinars Campaign 2024-01-30,2024-01-30,Events & Webinars,2223.72,8463,658,120,39,33,78748.52
CAMP-01189,Email Campaigns Campaign 2024-01-31,2024-01-31,Email Campaigns,2303.72,75530,1819,95,17,16,41185.51
CAMP-01190,LinkedIn Ads Campaign 2024-01-31,2024-01-31,LinkedIn Ads,2999.91,76257,4198,654,179,123,481782.45
CAMP-01191,Google Ads Campaign 2024-01-31,2024-01-31,Google Ads,1769.67,89055,3031,308,118,92,159318.22
CAMP-01192,Partner Referrals Campaign 2024-01-31,2024-01-31,Partner Referrals,3244.69,90542,6949,693,144,108,463493.29
CAMP-01193,SEO Content Campaign 2024-02-01,2024-02-01,SEO Content,2935.36,67395,1562,307,34,30,101879.77
CAMP-01194,LinkedIn Ads Campaign 2024-02-01,2024-02-01,LinkedIn Ads,1491.75,94921,6372,1024,358,340,1371465.54
CAMP-01195,Email Campaigns Campaign 2024-02-01,2024-02-01,Email Campaigns,2930.85,24146,1908,277,32,26,32599.91
CAMP-01196,SEO Content Campaign 2024-02-02,2024-02-02,SEO Content,1313.71,38373,2802,548,97,95,409997.72
CAMP-01197,Events & Webinars Campaign 2024-02-02,2024-02-02,Events & Webinars,1992.93,87202,4020,521,63,40,73541.0
CAMP-01198,Google Ads Campaign 2024-02-02,2024-02-02,Google Ads,3420.94,84833,4949,446,153,129,322793.45
CAMP-01199,LinkedIn Ads Campaign 2024-02-03,2024-02-03,LinkedIn Ads,1805.34,68908,3156,266,91,81,263488.99
CAMP-01200,Google Ads Campaign 2024-02-03,2024-02-03,Google Ads,1096.6,51048,1027,186,68,41,179837.87
CAMP-01201,Events & Webinars Campaign 2024-02-03,2024-02-03,Events & Webinars,1788.66,79031,5597,464,135,120,185371.86
CAMP-01202,Email Campaigns Campaign 2024-02-03,2024-02-03,Email Campaigns,574.41,96941,6348,1039,235,165,411363.71
CAMP-01203,Events & Webinars Campaign 2024-02-04,2024-02-04,Events & Webinars,1064.37,58088,1771,223,48,29,50882.8
CAMP-01204,Partner Referrals Campaign 2024-02-04,2024-02-04,Partner Referrals,760.79,32766,1984,323,65,64,91075.24
CAMP-01205,Google Ads Campaign 2024-02-04,2024-02-04,Google Ads,2183.66,94376,4707,589,101,76,262721.88
CAMP-01206,Google Ads Campaign 2024-02-05,2024-02-05,Google Ads,1909.82,20265,1308,66,20,15,43895.75
CAMP-01207,Partner Referrals Campaign 2024-02-05,2024-02-05,Partner Referrals,3319.03,43040,2195,188,59,46,113095.6
CAMP-01208,SEO Content Campaign 2024-02-05,2024-02-05,SEO Content,3125.61,95060,2833,322,83,78,347021.98
CAMP-01209,Partner Referrals Campaign 2024-02-06,2024-02-06,Partner Referrals,2016.43,81140,6113,928,200,146,185455.48
CAMP-01210,Events & Webinars Campaign 2024-02-06,2024-02-06,Events & Webinars,1207.75,21709,1601,96,14,13,27809.74
CAMP-01211,SEO Content Campaign 2024-02-06,2024-02-06,SEO Content,1279.23,52752,1587,271,98,92,95306.73
CAMP-01212,LinkedIn Ads Campaign 2024-02-07,2024-02-07,LinkedIn Ads,2580.02,97067,3906,644,226,182,556270.88
CAMP-01213,Email Campaigns Campaign 2024-02-07,2024-02-07,Email Campaigns,1724.51,83308,6416,978,348,219,631813.98
CAMP-01214,Google Ads Campaign 2024-02-08,2024-02-08,Google Ads,2596.29,37205,1044,206,45,27,72756.63
CAMP-01215,LinkedIn Ads Campaign 2024-02-08,2024-02-08,LinkedIn Ads,1691.14,82497,4007,589,203,167,747407.2
CAMP-01216,Partner Referrals Campaign 2024-02-08,2024-02-08,Partner Referrals,722.32,7791,299,54,19,13,40512.33
CAMP-01217,Events & Webinars Campaign 2024-02-09,2024-02-09,Events & Webinars,3049.95,29750,841,78,9,6,20512.43
CAMP-01218,LinkedIn Ads Campaign 2024-02-09,2024-02-09,LinkedIn Ads,918.06,69401,3462,614,85,78,342449.84
CAMP-01219,SEO Content Campaign 2024-02-09,2024-02-09,SEO Content,1314.1,46532,2437,148,35,22,81849.23
CAMP-01220,Google Ads Campaign 2024-02-09,2024-02-09,Google Ads,1074.65,73855,4925,713,209,175,755971.03
CAMP-01221,Google Ads Campaign 2024-02-10,2024-02-10,Google Ads,2080.32,18884,958,118,43,37,152326.04
CAMP-01222,Email Campaigns Campaign 2024-02-10,2024-02-10,Email Campaigns,3202.74,8706,294,18,2,1,3502.69
CAMP-01223,LinkedIn Ads Campaign 2024-02-10,2024-02-10,LinkedIn Ads,2326.16,52910,3900,216,68,63,157010.07
CAMP-01224,Google Ads Campaign 2024-02-11,2024-02-11,Google Ads,480.62,10789,275,20,3,2,3278.3
CAMP-01225,SEO Content Campaign 2024-02-11,2024-02-11,SEO Content,1461.73,41948,2052,208,62,46,84556.04
CAMP-01226,LinkedIn Ads Campaign 2024-02-11,2024-02-11,LinkedIn Ads,3270.63,13767,960,78,8,5,10898.3
CAMP-01227,LinkedIn Ads Campaign 2024-02-12,2024-02-12,LinkedIn Ads,1705.53,45722,3400,494,79,70,284990.9
CAMP-01228,Email Campaigns Campaign 2024-02-12,2024-02-12,Email Campaigns,2953.47,79070,4347,383,126,75,179286.83
CAMP-01229,SEO Content Campaign 2024-02-13,2024-02-13,SEO Content,2270.88,72600,3483,631,208,142,168804.25
CAMP-01230,Google Ads Campaign 2024-02-13,2024-02-13,Google Ads,3077.94,85089,2981,236,75,48,120438.04
CAMP-01231,Events & Webinars Campaign 2024-02-14,2024-02-14,Events & Webinars,2479.72,58357,3463,269,74,60,236015.63
CAMP-01232,Google Ads Campaign 2024-02-14,2024-02-14,Google Ads,3485.01,19781,1199,216,46,41,145664.41
CAMP-01233,Email Campaigns Campaign 2024-02-15,2024-02-15,Email Campaigns,451.11,91277,7113,962,227,191,687237.7
CAMP-01234,SEO Content Campaign 2024-02-15,2024-02-15,SEO Content,1164.73,8247,438,82,19,14,40736.42
CAMP-01235,Events & Webinars Campaign 2024-02-15,2024-02-15,Events & Webinars,1366.41,87377,2659,529,54,52,62101.81
CAMP-01236,Email Campaigns Campaign 2024-02-16,2024-02-16,Email Campaigns,2422.41,55594,1810,248,90,69,118236.63
CAMP-01237,Google Ads Campaign 2024-02-16,2024-02-16,Google Ads,1986.97,27920,859,166,63,48,116397.08
CAMP-01238,Partner Referrals Campaign 2024-02-16,2024-02-16,Partner Referrals,2080.57,6205,264,28,6,4,8200.7
CAMP-01239,Google Ads Campaign 2024-02-17,2024-02-17,Google Ads,2849.44,15994,1012,136,48,29,26620.13
CAMP-01240,Events & Webinars Campaign 2024-02-17,2024-02-17,Events & Webinars,1198.55,35356,837,81,29,22,97559.85
CAMP-01241,LinkedIn Ads Campaign 2024-02-17,2024-02-17,LinkedIn Ads,681.03,95289,6879,1170,412,406,387926.31
CAMP-01242,Email Campaigns Campaign 2024-02-17,2024-02-17,Email Campaigns,1278.34,52043,2088,166,39,37,115797.3
CAMP-01243,SEO Content Campaign 2024-02-18,2024-02-18,SEO Content,1390.42,49816,1717,156,18,15,44085.8
CAMP-01244,Email Campaigns Campaign 2024-02-18,2024-02-18,Email Campaigns,1852.88,44638,3394,567,111,77,124097.52
CAMP-01245,LinkedIn Ads Campaign 2024-02-19,2024-02-19,LinkedIn Ads,1203.02,80766,2694,483,100,76,66301.9
CAMP-01246,Google Ads Campaign 2024-02-19,2024-02-19,Google Ads,2750.88,74103,2137,190,48,47,110398.49
CAMP-01247,Email Campaigns Campaign 2024-02-19,2024-02-19,Email Campaigns,476.0,76899,5393,1019,189,150,492314.08
CAMP-01248,Events & Webinars Campaign 2024-02-19,2024-02-19,Events & Webinars,2311.83,58196,2261,152,60,36,130679.67
CAMP-01249,Google Ads Campaign 2024-02-20,2024-02-20,Google Ads,2211.56,64536,4662,879,147,109,409150.74
CAMP-01250,Events & Webinars Campaign 2024-02-20,2024-02-20,Events & Webinars,3099.91,66105,1441,82,22,19,38205.58
CAMP-01251,LinkedIn Ads Campaign 2024-02-21,2024-02-21,LinkedIn Ads,950.75,32390,2278,356,119,105,447843.51
CAMP-01252,Google Ads Campaign 2024-02-21,2024-02-21,Google Ads,764.36,50747,1164,157,15,11,30810.62
CAMP-01253,SEO Content Campaign 2024-02-22,2024-02-22,SEO Content,3301.87,76632,5207,658,77,54,112974.05
CAMP-01254,Events & Webinars Campaign 2024-02-22,2024-02-22,Events & Webinars,2857.68,38715,1845,170,54,44,117390.28
CAMP-01255,LinkedIn Ads Campaign 2024-02-22,2024-02-22,LinkedIn Ads,2193.42,23290,1165,67,6,4,3850.11
CAMP-01256,LinkedIn Ads Campaign 2024-02-23,2024-02-23,LinkedIn Ads,3347.22,41765,1351,259,56,51,111007.71
CAMP-01257,SEO Content Campaign 2024-02-23,2024-02-23,SEO Content,1253.4,22563,665,47,7,6,26931.92
CAMP-01258,Google Ads Campaign 2024-02-23,2024-02-23,Google Ads,623.93,99407,3689,230,90,63,119513.2
CAMP-01259,SEO Content Campaign 2024-02-24,2024-02-24,SEO Content,1063.74,12562,672,35,4,2,4142.39
CAMP-01260,LinkedIn Ads Campaign 2024-02-24,2024-02-24,LinkedIn Ads,399.94,31003,1695,171,66,49,73699.72
CAMP-01261,Partner Referrals Campaign 2024-02-24,2024-02-24,Partner Referrals,357.2,38019,2527,396,140,87,153246.5
CAMP-01262,Google Ads Campaign 2024-02-25,2024-02-25,Google Ads,536.71,81977,4897,251,42,34,80525.91
CAMP-01263,Partner Referrals Campaign 2024-02-25,2024-02-25,Partner Referrals,1279.11,59144,1287,216,83,52,157303.86
CAMP-01264,SEO Content Campaign 2024-02-25,2024-02-25,SEO Content,2277.46,89641,4075,770,307,294,1006858.93
CAMP-01265,Email Campaigns Campaign 2024-02-25,2024-02-25,Email Campaigns,2203.84,75052,3249,396,96,65,165621.32
CAMP-01266,Events & Webinars Campaign 2024-02-26,2024-02-26,Events & Webinars,409.16,27838,1716,147,25,24,68107.06
CAMP-01267,Google Ads Campaign 2024-02-26,2024-02-26,Google Ads,2401.05,75172,5755,1059,122,117,519772.31
CAMP-01268,Email Campaigns Campaign 2024-02-27,2024-02-27,Email Campaigns,3058.78,59936,4523,315,56,43,74611.99
CAMP-01269,Partner Referrals Campaign 2024-02-27,2024-02-27,Partner Referrals,336.1,82965,5817,436,63,49,193452.82
CAMP-01270,Email Campaigns Campaign 2024-02-28,2024-02-28,Email Campaigns,1593.76,68619,5311,741,284,216,302553.07
CAMP-01271,Partner Referrals Campaign 2024-02-28,2024-02-28,Partner Referrals,1787.98,79084,3377,618,89,60,266489.39
CAMP-01272,LinkedIn Ads Campaign 2024-02-28,2024-02-28,LinkedIn Ads,1411.96,90498,4115,433,171,144,370496.3
CAMP-01273,Events & Webinars Campaign 2024-02-28,2024-02-28,Events & Webinars,1643.08,69066,2427,317,37,35,91565.12
CAMP-01274,Partner Referrals Campaign 2024-02-29,2024-02-29,Partner Referrals,1997.32,81945,4350,718,152,125,309652.0
CAMP-01275,Email Campaigns Campaign 2024-02-29,2024-02-29,Email Campaigns,2417.41,15309,1086,94,22,16,22090.71
CAMP-01276,Events & Webinars Campaign 2024-02-29,2024-02-29,Events & Webinars,1391.91,18956,1003,128,42,30,122665.85
CAMP-01277,Events & Webinars Campaign 2024-03-01,2024-03-01,Events & Webinars,2483.1,32269,2368,297,68,44,64560.61
CAMP-01278,Email Campaigns Campaign 2024-03-01,2024-03-01,Email Campaigns,1892.34,78807,3096,496,79,61,255522.43
CAMP-01279,SEO Content Campaign 2024-03-01,2024-03-01,SEO Content,567.97,11279,662,50,17,15,63042.35
CAMP-01280,SEO Content Campaign 2024-03-02,2024-03-02,SEO Content,688.51,11206,369,22,4,3,6026.34
CAMP-01281,Email Campaigns Campaign 2024-03-02,2024-03-02,Email Campaigns,2194.06,33538,862,89,21,13,26606.03
CAMP-01282,Email Campaigns Campaign 2024-03-03,2024-03-03,Email Campaigns,2903.22,17627,724,45,12,10,30731.33
CAMP-01283,Google Ads Campaign 2024-03-03,2024-03-03,Google Ads,2181.34,58283,2337,227,47,38,86187.06
CAMP-01284,LinkedIn Ads Campaign 2024-03-04,2024-03-04,LinkedIn Ads,1883.55,5430,306,20,5,4,14700.36
CAMP-01285,Partner Referrals Campaign 2024-03-04,2024-03-04,Partner Referrals,2505.54,88035,2194,368,49,41,45251.39
CAMP-01286,Events & Webinars Campaign 2024-03-05,2024-03-05,Events & Webinars,2766.44,60307,3940,494,83,56,179263.21
CAMP-01287,Email Campaigns Campaign 2024-03-05,2024-03-05,Email Campaigns,718.44,36534,2321,266,34,21,79346.12
CAMP-01288,Partner Referrals Campaign 2024-03-05,2024-03-05,Partner Referrals,477.07,22795,805,145,50,31,75677.52
CAMP-01289,Google Ads Campaign 2024-03-05,2024-03-05,Google Ads,1853.09,19892,513,89,19,14,55867.88
CAMP-01290,Partner Referrals Campaign 2024-03-06,2024-03-06,Partner Referrals,2931.67,37581,2475,296,70,67,142484.1
CAMP-01291,Events & Webinars Campaign 2024-03-06,2024-03-06,Events & Webinars,3092.76,22948,956,139,43,26,59266.48
CAMP-01292,LinkedIn Ads Campaign 2024-03-06,2024-03-06,LinkedIn Ads,1334.56,88726,5003,820,102,67,123742.59
CAMP-01293,SEO Content Campaign 2024-03-06,2024-03-06,SEO Content,1828.1,40125,2815,467,148,109,378573.94
CAMP-01294,SEO Content Campaign 2024-03-07,2024-03-07,SEO Content,3365.47,5755,223,36,10,8,22641.25
CAMP-01295,Events & Webinars Campaign 2024-03-07,2024-03-07,Events & Webinars,3435.73,68626,4135,807,115,73,80746.87
CAMP-01296,Partner Referrals Campaign 2024-03-07,2024-03-07,Partner Referrals,1302.35,18671,676,86,26,18,30916.11
CAMP-01297,Google Ads Campaign 2024-03-07,2024-03-07,Google Ads,2384.57,56500,1131,169,29,21,94356.09
CAMP-01298,Email Campaigns Campaign 2024-03-08,2024-03-08,Email Campaigns,477.09,30109,1541,191,41,32,69407.65
CAMP-01299,Events & Webinars Campaign 2024-03-08,2024-03-08,Events & Webinars,2649.06,19443,789,106,24,23,78679.77
CAMP-01300,Google Ads Campaign 2024-03-09,2024-03-09,Google Ads,3241.94,80581,2321,354,98,96,203117.78
CAMP-01301,SEO Content Campaign 2024-03-09,2024-03-09,SEO Content,998.27,89821,3213,240,46,41,77582.19
CAMP-01302,Google Ads Campaign 2024-03-10,2024-03-10,Google Ads,2850.97,57011,2671,163,22,13,29184.26
CAMP-01303,Events & Webinars Campaign 2024-03-10,2024-03-10,Events & Webinars,3169.61,58206,2342,178,58,40,136629.36
CAMP-01304,SEO Content Campaign 2024-03-11,2024-03-11,SEO Content,797.37,43919,1279,85,24,17,29997.15
CAMP-01305,Email Campaigns Campaign 2024-03-11,2024-03-11,Email Campaigns,1036.84,14161,643,80,13,12,33047.43
CAMP-01306,SEO Content Campaign 2024-03-12,2024-03-12,SEO Content,2491.05,9785,327,55,12,9,34138.44
CAMP-01307,LinkedIn Ads Campaign 2024-03-12,2024-03-12,LinkedIn Ads,1856.07,36824,1515,83,31,23,20945.63
CAMP-01308,Google Ads Campaign 2024-03-12,2024-03-12,Google Ads,2275.81,54997,2348,259,72,48,164474.49
CAMP-01309,LinkedIn Ads Campaign 2024-03-13,2024-03-13,LinkedIn Ads,2559.53,72454,3925,383,147,114,119852.27
CAMP-01310,Email Campaigns Campaign 2024-03-13,2024-03-13,Email Campaigns,1741.8,61899,3951,382,87,66,233068.91
CAMP-01311,Events & Webinars Campaign 2024-03-13,2024-03-13,Events & Webinars,2983.84,90383,4756,862,332,269,878979.61
CAMP-01312,Events & Webinars Campaign 2024-03-14,2024-03-14,Events & Webinars,2133.29,64742,4823,891,355,270,305616.05
CAMP-01313,LinkedIn Ads Campaign 2024-03-14,2024-03-14,LinkedIn Ads,709.54,16469,438,79,13,8,17670.42
CAMP-01314,Google Ads Campaign 2024-03-14,2024-03-14,Google Ads,1987.32,8616,674,88,21,16,38078.19
CAMP-01315,Partner Referrals Campaign 2024-03-14,2024-03-14,Partner Referrals,886.93,57193,3037,162,55,46,101043.44
CAMP-01316,SEO Content Campaign 2024-03-15,2024-03-15,SEO Content,2757.11,12879,344,60,7,5,8074.55
CAMP-01317,Email Campaigns Campaign 2024-03-15,2024-03-15,Email Campaigns,863.6,51589,3468,464,55,35,86776.66
CAMP-01318,LinkedIn Ads Campaign 2024-03-15,2024-03-15,LinkedIn Ads,2169.51,7506,325,29,8,7,25362.37
CAMP-01319,Partner Referrals Campaign 2024-03-15,2024-03-15,Partner Referrals,1485.93,52903,2286,269,52,38,170371.99
CAMP-01320,Partner Referrals Campaign 2024-03-16,2024-03-16,Partner Referrals,308.69,7654,519,71,12,8,23770.51
CAMP-01321,Events & Webinars Campaign 2024-03-16,2024-03-16,Events & Webinars,2363.59,56347,1853,350,115,94,320152.81
CAMP-01322,Email Campaigns Campaign 2024-03-16,2024-03-16,Email Campaigns,1168.38,71458,5199,366,130,129,109028.1
CAMP-01323,LinkedIn Ads Campaign 2024-03-16,2024-03-16,LinkedIn Ads,1680.37,90368,4067,361,137,130,547543.35
CAMP-01324,Events & Webinars Campaign 2024-03-17,2024-03-17,Events & Webinars,1233.42,15011,1126,223,26,23,88058.2
CAMP-01325,Google Ads Campaign 2024-03-17,2024-03-17,Google Ads,3092.01,5523,189,19,7,6,7875.97
CAMP-01326,SEO Content Campaign 2024-03-18,2024-03-18,SEO Content,2853.43,23294,1086,75,28,21,76082.32
CAMP-01327,Google Ads Campaign 2024-03-18,2024-03-18,Google Ads,1068.85,33393,1669,123,18,17,65089.7
CAMP-01328,LinkedIn Ads Campaign 2024-03-18,2024-03-18,LinkedIn Ads,2224.65,84540,5515,449,127,117,138585.41
CAMP-01329,Email Campaigns Campaign 2024-03-18,2024-03-18,Email Campaigns,1928.06,61688,4411,621,177,167,686260.68
CAMP-01330,Email Campaigns Campaign 2024-03-19,2024-03-19,Email Campaigns,2095.31,29251,1739,340,56,48,180110.76
CAMP-01331,LinkedIn Ads Campaign 2024-03-19,2024-03-19,LinkedIn Ads,3260.06,60879,4086,557,143,129,141403.92
CAMP-01332,Partner Referrals Campaign 2024-03-20,2024-03-20,Partner Referrals,2801.71,96609,6310,582,103,97,258533.85
CAMP-01333,Google Ads Campaign 2024-03-20,2024-03-20,Google Ads,998.12,45263,2650,493,146,143,414708.25
CAMP-01334,Email Campaigns Campaign 2024-03-20,2024-03-20,Email Campaigns,3240.35,52213,1921,298,32,24,53580.29
CAMP-01335,Google Ads Campaign 2024-03-21,2024-03-21,Google Ads,496.43,62737,3524,453,48,28,89388.2
CAMP-01336,LinkedIn Ads Campaign 2024-03-21,2024-03-21,LinkedIn Ads,736.77,73908,4280,654,134,94,139177.8
CAMP-01337,Email Campaigns Campaign 2024-03-21,2024-03-21,Email Campaigns,892.96,37133,1233,182,72,53,197813.22
CAMP-01338,Events & Webinars Campaign 2024-03-21,2024-03-21,Events & Webinars,3462.31,15007,887,170,23,14,13607.47
CAMP-01339,Email Campaigns Campaign 2024-03-22,2024-03-22,Email Campaigns,1166.51,25794,1833,243,58,36,72156.53
CAMP-01340,Events & Webinars Campaign 2024-03-22,2024-03-22,Events & Webinars,463.01,51067,1870,207,32,19,26373.47
CAMP-01341,SEO Content Campaign 2024-03-22,2024-03-22,SEO Content,1217.27,89563,1950,351,99,84,180057.36
CAMP-01342,Google Ads Campaign 2024-03-23,2024-03-23,Google Ads,3147.37,6971,250,42,8,7,18331.09
CAMP-01343,Events & Webinars Campaign 2024-03-23,2024-03-23,Events & Webinars,2028.18,55275,1931,333,50,42,65197.18
CAMP-01344,Google Ads Campaign 2024-03-24,2024-03-24,Google Ads,2296.86,63779,1983,214,44,33,117177.2
CAMP-01345,Events & Webinars Campaign 2024-03-24,2024-03-24,Events & Webinars,475.15,97055,3517,678,93,89,127186.62
CAMP-01346,SEO Content Campaign 2024-03-24,2024-03-24,SEO Content,1484.35,6095,247,35,7,6,21013.54
CAMP-01347,SEO Content Campaign 2024-03-25,2024-03-25,SEO Content,303.71,94410,5261,703,242,191,796228.83
CAMP-01348,Partner Referrals Campaign 2024-03-25,2024-03-25,Partner Referrals,1634.75,7809,340,56,9,8,35912.21
CAMP-01349,LinkedIn Ads Campaign 2024-03-26,2024-03-26,LinkedIn Ads,2705.18,88223,4358,264,100,67,285208.56
CAMP-01350,SEO Content Campaign 2024-03-26,2024-03-26,SEO Content,1976.41,85263,6105,482,84,81,315002.93
CAMP-01351,Events & Webinars Campaign 2024-03-27,2024-03-27,Events & Webinars,1778.81,74264,5170,347,112,78,309602.97
CAMP-01352,SEO Content Campaign 2024-03-27,2024-03-27,SEO Content,3041.17,97030,6711,903,193,163,441659.84
CAMP-01353,Email Campaigns Campaign 2024-03-27,2024-03-27,Email Campaigns,3402.47,70128,4825,882,247,202,298688.18
CAMP-01354,LinkedIn Ads Campaign 2024-03-27,2024-03-27,LinkedIn Ads,1539.07,57806,4485,851,132,94,388089.27
CAMP-01355,Google Ads Campaign 2024-03-28,2024-03-28,Google Ads,461.52,18630,785,83,24,19,28229.42
CAMP-01356,SEO Content Campaign 2024-03-28,2024-03-28,SEO Content,2845.85,38918,2011,133,47,29,127837.1
CAMP-01357,Email Campaigns Campaign 2024-03-29,2024-03-29,Email Campaigns,2926.1,13699,708,46,6,5,19259.77
CAMP-01358,Google Ads Campaign 2024-03-29,2024-03-29,Google Ads,987.05,18509,1343,266,84,55,98944.6
CAMP-01359,SEO Content Campaign 2024-03-30,2024-03-30,SEO Content,783.67,95969,3124,575,68,48,72762.59
CAMP-01360,Events & Webinars Campaign 2024-03-30,2024-03-30,Events & Webinars,1012.21,12319,649,123,37,33,34636.84
CAMP-01361,Email Campaigns Campaign 2024-03-30,2024-03-30,Email Campaigns,875.8,20810,916,92,35,24,43557.29
CAMP-01362,Partner Referrals Campaign 2024-03-30,2024-03-30,Partner Referrals,1892.09,18785,807,100,17,14,46816.66
CAMP-01363,SEO Content Campaign 2024-03-31,2024-03-31,SEO Content,747.1,47883,1770,109,37,36,127965.62
CAMP-01364,Google Ads Campaign 2024-03-31,2024-03-31,Google Ads,963.94,88721,3923,481,79,48,169345.82
CAMP-01365,Email Campaigns Campaign 2024-03-31,2024-03-31,Email Campaigns,1424.3,12160,553,92,22,20,85733.33
CAMP-01366,Events & Webinars Campaign 2024-03-31,2024-03-31,Events & Webinars,2777.98,84144,3441,465,163,106,337867.42
CAMP-01367,Events & Webinars Campaign 2024-04-01,2024-04-01,Events & Webinars,2733.09,63790,3478,288,97,91,171498.66
CAMP-01368,Partner Referrals Campaign 2024-04-01,2024-04-01,Partner Referrals,383.77,89625,1985,246,29,27,98297.37
CAMP-01369,SEO Content Campaign 2024-04-02,2024-04-02,SEO Content,1965.53,96220,6106,1072,414,363,632904.72
CAMP-01370,Partner Referrals Campaign 2024-04-02,2024-04-02,Partner Referrals,426.81,28063,903,173,59,50,55429.61
CAMP-01371,Google Ads Campaign 2024-04-02,2024-04-02,Google Ads,3418.95,70125,4328,272,104,87,248654.45
CAMP-01372,Events & Webinars Campaign 2024-04-02,2024-04-02,Events & Webinars,1508.63,57191,2079,296,54,45,68546.53
CAMP-01373,Events & Webinars Campaign 2024-04-03,2024-04-03,Events & Webinars,3270.99,71249,2352,432,143,135,255278.62
CAMP-01374,Email Campaigns Campaign 2024-04-03,2024-04-03,Email Campaigns,2249.53,62585,4826,742,130,112,109950.15
CAMP-01375,LinkedIn Ads Campaign 2024-04-04,2024-04-04,LinkedIn Ads,2298.18,57155,1948,255,41,25,43557.93
CAMP-01376,Email Campaigns Campaign 2024-04-04,2024-04-04,Email Campaigns,2167.72,81270,4058,648,143,96,120736.39
CAMP-01377,Google Ads Campaign 2024-04-04,2024-04-04,Google Ads,1976.46,82323,5805,902,213,140,197654.89
CAMP-01378,Partner Referrals Campaign 2024-04-05,2024-04-05,Partner Referrals,1866.76,95024,3769,632,213,155,282283.56
CAMP-01379,Events & Webinars Campaign 2024-04-05,2024-04-05,Events & Webinars,2413.63,94902,3139,348,37,25,32011.39
CAMP-01380,LinkedIn Ads Campaign 2024-04-05,2024-04-05,LinkedIn Ads,1096.45,75668,2339,184,54,37,148774.26
CAMP-01381,LinkedIn Ads Campaign 2024-04-06,2024-04-06,LinkedIn Ads,2148.21,45815,2112,204,50,31,134175.61
CAMP-01382,Email Campaigns Campaign 2024-04-06,2024-04-06,Email Campaigns,1101.29,79158,6289,603,126,98,356957.25
CAMP-01383,Google Ads Campaign 2024-04-06,2024-04-06,Google Ads,2363.25,93270,4362,800,300,226,201881.09
CAMP-01384,Email Campaigns Campaign 2024-04-07,2024-04-07,Email Campaigns,3358.51,96612,7567,933,206,127,488136.82
CAMP-01385,SEO Content Campaign 2024-04-07,2024-04-07,SEO Content,1223.33,83819,6513,681,245,227,322658.64
CAMP-01386,Partner Referrals Campaign 2024-04-08,2024-04-08,Partner Referrals,1973.56,55685,1114,68,10,9,28421.53
CAMP-01387,Email Campaigns Campaign 2024-04-08,2024-04-08,Email Campaigns,3092.15,21088,1162,225,57,46,87493.69
CAMP-01388,SEO Content Campaign 2024-04-09,2024-04-09,SEO Content,3384.16,63894,3671,421,58,41,55071.59
CAMP-01389,Email Campaigns Campaign 2024-04-09,2024-04-09,Email Campaigns,2419.0,98648,2066,395,50,47,189715.07
CAMP-01390,SEO Content Campaign 2024-04-10,2024-04-10,SEO Content,1163.63,39315,820,129,37,30,48380.78
CAMP-01391,Email Campaigns Campaign 2024-04-10,2024-04-10,Email Campaigns,404.3,18567,1137,152,54,48,181578.87
CAMP-01392,Google Ads Campaign 2024-04-10,2024-04-10,Google Ads,1569.88,81651,5274,731,184,130,441447.56
CAMP-01393,Partner Referrals Campaign 2024-04-10,2024-04-10,Partner Referrals,2641.0,17919,447,72,10,7,21298.38
CAMP-01394,SEO Content Campaign 2024-04-11,2024-04-11,SEO Content,1602.26,42633,3265,524,173,154,491166.92
CAMP-01395,Events & Webinars Campaign 2024-04-11,2024-04-11,Events & Webinars,360.88,34996,2497,206,59,58,115872.78
CAMP-01396,LinkedIn Ads Campaign 2024-04-11,2024-04-11,LinkedIn Ads,777.84,44087,1781,162,43,27,52429.29
CAMP-01397,Events & Webinars Campaign 2024-04-12,2024-04-12,Events & Webinars,2890.9,44288,2746,473,157,107,144103.12
CAMP-01398,Email Campaigns Campaign 2024-04-12,2024-04-12,Email Campaigns,690.23,38442,3022,384,94,65,270133.91
CAMP-01399,Google Ads Campaign 2024-04-12,2024-04-12,Google Ads,2770.94,33767,1311,180,59,54,236354.37
CAMP-01400,LinkedIn Ads Campaign 2024-04-12,2024-04-12,LinkedIn Ads,1608.33,69131,2436,225,40,37,100186.28
CAMP-01401,Email Campaigns Campaign 2024-04-13,2024-04-13,Email Campaigns,817.45,52085,4083,619,240,223,978572.66
CAMP-01402,Events & Webinars Campaign 2024-04-13,2024-04-13,Events & Webinars,1187.1,69444,1960,299,108,102,261043.1
CAMP-01403,Partner Referrals Campaign 2024-04-13,2024-04-13,Partner Referrals,628.9,65798,2147,118,34,25,49620.46
CAMP-01404,Google Ads Campaign 2024-04-13,2024-04-13,Google Ads,482.07,39158,2164,231,85,52,93355.68
CAMP-01405,LinkedIn Ads Campaign 2024-04-14,2024-04-14,LinkedIn Ads,914.55,64454,3871,479,86,81,70333.48
CAMP-01406,SEO Content Campaign 2024-04-14,2024-04-14,SEO Content,3311.97,64846,3590,623,234,174,277704.19
CAMP-01407,Partner Referrals Campaign 2024-04-14,2024-04-14,Partner Referrals,3294.17,75799,4271,367,39,37,94919.4
CAMP-01408,Events & Webinars Campaign 2024-04-15,2024-04-15,Events & Webinars,1339.3,30287,820,114,19,13,25591.23
CAMP-01409,Google Ads Campaign 2024-04-15,2024-04-15,Google Ads,1337.44,92620,5095,589,224,153,474360.0
CAMP-01410,Partner Referrals Campaign 2024-04-16,2024-04-16,Partner Referrals,993.36,6666,243,12,2,1,3294.61
CAMP-01411,Email Campaigns Campaign 2024-04-16,2024-04-16,Email Campaigns,2100.63,77382,5911,789,210,209,247239.97
CAMP-01412,Events & Webinars Campaign 2024-04-16,2024-04-16,Events & Webinars,2802.0,66651,1786,153,53,51,89751.62
CAMP-01413,SEO Content Campaign 2024-04-16,2024-04-16,SEO Content,1836.91,61719,1836,330,110,73,200733.03
CAMP-01414,Events & Webinars Campaign 2024-04-17,2024-04-17,Events & Webinars,1821.38,32970,2590,166,65,41,82696.56
CAMP-01415,SEO Content Campaign 2024-04-17,2024-04-17,SEO Content,3437.29,82378,3837,326,48,35,143934.28
CAMP-01416,LinkedIn Ads Campaign 2024-04-18,2024-04-18,LinkedIn Ads,2027.02,80547,5699,418,150,134,194008.9
CAMP-01417,Google Ads Campaign 2024-04-18,2024-04-18,Google Ads,2577.35,92068,5812,370,103,98,379563.3
CAMP-01418,LinkedIn Ads Campaign 2024-04-19,2024-04-19,LinkedIn Ads,3421.0,12597,272,49,16,11,24242.61
CAMP-01419,Events & Webinars Campaign 2024-04-19,2024-04-19,Events & Webinars,1795.25,77952,5751,382,98,66,101879.94
CAMP-01420,SEO Content Campaign 2024-04-20,2024-04-20,SEO Content,3242.3,98467,7750,449,109,89,296390.08
CAMP-01421,Partner Referrals Campaign 2024-04-20,2024-04-20,Partner Referrals,2334.59,28933,1249,240,45,43,56716.34
CAMP-01422,Events & Webinars Campaign 2024-04-21,2024-04-21,Events & Webinars,2938.07,79745,3808,505,196,121,485577.16
CAMP-01423,Partner Referrals Campaign 2024-04-21,2024-04-21,Partner Referrals,1034.92,33316,2635,302,68,44,73419.76
CAMP-01424,Events & Webinars Campaign 2024-04-22,2024-04-22,Events & Webinars,411.83,40159,2504,220,38,36,126647.69
CAMP-01425,Email Campaigns Campaign 2024-04-22,2024-04-22,Email Campaigns,710.68,46262,1791,136,44,33,75558.73
CAMP-01426,Google Ads Campaign 2024-04-22,2024-04-22,Google Ads,549.87,57979,2862,256,84,71,229245.95
CAMP-01427,SEO Content Campaign 2024-04-23,2024-04-23,SEO Content,596.76,37700,1955,322,55,41,80768.6
CAMP-01428,Events & Webinars Campaign 2024-04-23,2024-04-23,Events & Webinars,1300.11,41815,2526,448,134,98,277583.63
CAMP-01429,LinkedIn Ads Campaign 2024-04-24,2024-04-24,LinkedIn Ads,3196.62,91470,5035,619,120,108,256864.9
CAMP-01430,Email Campaigns Campaign 2024-04-24,2024-04-24,Email Campaigns,3382.19,61707,3590,288,45,32,134987.33
CAMP-01431,Partner Referrals Campaign 2024-04-24,2024-04-24,Partner Referrals,1370.38,81327,3917,738,95,93,253901.81
CAMP-01432,SEO Content Campaign 2024-04-24,2024-04-24,SEO Content,2720.15,83252,4558,349,98,60,185431.91
CAMP-01433,SEO Content Campaign 2024-04-25,2024-04-25,SEO Content,419.52,59311,3736,454,80,77,94788.35
CAMP-01434,Google Ads Campaign 2024-04-25,2024-04-25,Google Ads,3149.0,48215,993,93,33,28,103562.99
CAMP-01435,LinkedIn Ads Campaign 2024-04-25,2024-04-25,LinkedIn Ads,1188.69,49367,3518,518,169,143,199562.49
CAMP-01436,Email Campaigns Campaign 2024-04-25,2024-04-25,Email Campaigns,3340.45,41947,2912,510,122,74,128887.56
CAMP-01437,Google Ads Campaign 2024-04-26,2024-04-26,Google Ads,2175.66,93076,5760,963,313,208,368474.44
CAMP-01438,Email Campaigns Campaign 2024-04-26,2024-04-26,Email Campaigns,634.86,20636,1425,232,69,67,111687.71
CAMP-01439,LinkedIn Ads Campaign 2024-04-26,2024-04-26,LinkedIn Ads,2692.36,8406,440,27,7,4,9978.79
CAMP-01440,SEO Content Campaign 2024-04-27,2024-04-27,SEO Content,823.1,96403,6138,772,293,190,428495.43
CAMP-01441,Partner Referrals Campaign 2024-04-27,2024-04-27,Partner Referrals,2032.41,32600,1817,355,103,88,319850.91
CAMP-01442,LinkedIn Ads Campaign 2024-04-27,2024-04-27,LinkedIn Ads,2471.41,78421,5886,1045,126,90,272096.25
CAMP-01443,Partner Referrals Campaign 2024-04-28,2024-04-28,Partner Referrals,1899.74,52578,3566,493,172,113,102767.51
CAMP-01444,SEO Content Campaign 2024-04-28,2024-04-28,SEO Content,3049.03,12246,617,34,11,9,26555.27
CAMP-01445,Google Ads Campaign 2024-04-28,2024-04-28,Google Ads,509.31,18997,417,48,16,10,9586.18
CAMP-01446,Email Campaigns Campaign 2024-04-28,2024-04-28,Email Campaigns,734.75,32637,1812,162,22,15,60034.24
CAMP-01447,Email Campaigns Campaign 2024-04-29,2024-04-29,Email Campaigns,1581.28,46215,3131,168,22,20,75222.48
CAMP-01448,LinkedIn Ads Campaign 2024-04-29,2024-04-29,LinkedIn Ads,3163.0,23728,1483,201,20,19,43692.95
CAMP-01449,Google Ads Campaign 2024-04-29,2024-04-29,Google Ads,851.68,46583,2467,409,72,61,92686.55
CAMP-01450,Partner Referrals Campaign 2024-04-29,2024-04-29,Partner Referrals,668.06,91648,3671,338,118,78,309525.22
CAMP-01451,LinkedIn Ads Campaign 2024-04-30,2024-04-30,LinkedIn Ads,3080.85,78383,2975,489,105,77,197201.56
CAMP-01452,Email Campaigns Campaign 2024-04-30,2024-04-30,Email Campaigns,2981.04,84740,2267,248,30,24,57310.16
CAMP-01453,SEO Content Campaign 2024-05-01,2024-05-01,SEO Content,3016.7,82274,6116,775,186,117,308133.96
CAMP-01454,LinkedIn Ads Campaign 2024-05-01,2024-05-01,LinkedIn Ads,2054.42,98722,6483,740,286,212,727722.7
CAMP-01455,LinkedIn Ads Campaign 2024-05-02,2024-05-02,LinkedIn Ads,1728.54,29332,1065,155,15,11,33800.95
CAMP-01456,Events & Webinars Campaign 2024-05-02,2024-05-02,Events & Webinars,567.13,9047,458,38,7,5,17651.6
CAMP-01457,Partner Referrals Campaign 2024-05-02,2024-05-02,Partner Referrals,1916.88,23838,678,98,21,15,53396.0
CAMP-01458,SEO Content Campaign 2024-05-02,2024-05-02,SEO Content,1994.7,90401,7187,977,182,111,483213.48
CAMP-01459,Google Ads Campaign 2024-05-03,2024-05-03,Google Ads,3343.56,28957,1259,248,41,33,111729.71
CAMP-01460,Email Campaigns Campaign 2024-05-03,2024-05-03,Email Campaigns,375.03,76505,5180,585,214,146,358962.64
CAMP-01461,Partner Referrals Campaign 2024-05-04,2024-05-04,Partner Referrals,334.08,48656,1420,128,27,18,29169.08
CAMP-01462,Email Campaigns Campaign 2024-05-04,2024-05-04,Email Campaigns,1070.73,58527,2532,128,25,23,45545.05
CAMP-01463,Google Ads Campaign 2024-05-05,2024-05-05,Google Ads,648.98,49916,2629,230,55,36,158277.97
CAMP-01464,Events & Webinars Campaign 2024-05-05,2024-05-05,Events & Webinars,1887.83,12814,300,52,5,3,11244.1
CAMP-01465,SEO Content Campaign 2024-05-05,2024-05-05,SEO Content,871.0,67989,2933,233,43,30,38071.27
CAMP-01466,Email Campaigns Campaign 2024-05-06,2024-05-06,Email Campaigns,825.37,5261,268,14,2,1,2334.26
CAMP-01467,Google Ads Campaign 2024-05-06,2024-05-06,Google Ads,1954.77,67210,3351,358,41,34,31927.36
CAMP-01468,Partner Referrals Campaign 2024-05-06,2024-05-06,Partner Referrals,2554.39,66830,3647,258,52,41,75191.45
CAMP-01469,LinkedIn Ads Campaign 2024-05-07,2024-05-07,LinkedIn Ads,614.74,89559,5114,332,68,45,125955.22
CAMP-01470,Partner Referrals Campaign 2024-05-07,2024-05-07,Partner Referrals,1498.94,44753,1949,357,80,49,93345.16
CAMP-01471,Email Campaigns Campaign 2024-05-08,2024-05-08,Email Campaigns,3115.23,67080,3840,557,182,130,128535.85
CAMP-01472,Google Ads Campaign 2024-05-08,2024-05-08,Google Ads,1313.17,55796,2182,111,23,22,27322.1
CAMP-01473,Events & Webinars Campaign 2024-05-09,2024-05-09,Events & Webinars,1799.47,19221,948,79,28,21,80421.31
CAMP-01474,Google Ads Campaign 2024-05-09,2024-05-09,Google Ads,996.74,77552,5370,781,95,77,156145.8
CAMP-01475,Email Campaigns Campaign 2024-05-09,2024-05-09,Email Campaigns,3092.69,71365,4436,886,101,89,175845.36
CAMP-01476,SEO Content Campaign 2024-05-09,2024-05-09,SEO Content,3419.78,43986,3398,176,25,19,25532.52
CAMP-01477,SEO Content Campaign 2024-05-10,2024-05-10,SEO Content,3195.17,92205,5067,409,99,75,229371.57
CAMP-01478,Email Campaigns Campaign 2024-05-10,2024-05-10,Email Campaigns,614.88,36323,1895,294,35,31,132979.45
CAMP-01479,Events & Webinars Campaign 2024-05-10,2024-05-10,Events & Webinars,3435.35,9809,570,51,7,5,5427.17
CAMP-01480,LinkedIn Ads Campaign 2024-05-10,2024-05-10,LinkedIn Ads,1011.11,28796,601,108,41,40,150773.12
CAMP-01481,SEO Content Campaign 2024-05-11,2024-05-11,SEO Content,2661.27,71946,4655,702,77,71,292454.07
CAMP-01482,LinkedIn Ads Campaign 2024-05-11,2024-05-11,LinkedIn Ads,2015.95,88872,4793,610,160,118,225278.0
CAMP-01483,Partner Referrals Campaign 2024-05-11,2024-05-11,Partner Referrals,1608.79,61713,3528,481,92,58,209053.79
CAMP-01484,Email Campaigns Campaign 2024-05-11,2024-05-11,Email Campaigns,1880.34,97173,4738,931,197,140,255191.51
CAMP-01485,Google Ads Campaign 2024-05-12,2024-05-12,Google Ads,1993.32,53204,3684,343,41,32,141242.28
CAMP-01486,Partner Referrals Campaign 2024-05-12,2024-05-12,Partner Referrals,404.48,74293,5141,997,331,235,422666.23
CAMP-01487,Email Campaigns Campaign 2024-05-12,2024-05-12,Email Campaigns,1061.9,20493,412,23,3,2,6074.23
CAMP-01488,SEO Content Campaign 2024-05-12,2024-05-12,SEO Content,1964.33,70933,3919,377,84,53,194674.99
CAMP-01489,Google Ads Campaign 2024-05-13,2024-05-13,Google Ads,1855.37,7193,319,52,7,6,14411.39
CAMP-01490,LinkedIn Ads Campaign 2024-05-13,2024-05-13,LinkedIn Ads,1482.31,68954,4663,636,135,101,363519.92
CAMP-01491,Email Campaigns Campaign 2024-05-14,2024-05-14,Email Campaigns,3440.85,29746,1974,197,49,47,143671.65
CAMP-01492,SEO Content Campaign 2024-05-14,2024-05-14,SEO Content,764.8,70929,5570,601,60,55,201591.58
CAMP-01493,LinkedIn Ads Campaign 2024-05-15,2024-05-15,LinkedIn Ads,316.37,59020,3700,313,53,49,57711.94
CAMP-01494,Google Ads Campaign 2024-05-15,2024-05-15,Google Ads,2441.25,18070,1374,168,39,30,127574.24
CAMP-01495,Partner Referrals Campaign 2024-05-16,2024-05-16,Partner Referrals,3274.38,72397,1851,178,41,31,63145.48
CAMP-01496,Google Ads Campaign 2024-05-16,2024-05-16,Google Ads,3133.56,59690,4171,629,161,149,589136.74
CAMP-01497,SEO Content Campaign 2024-05-17,2024-05-17,SEO Content,2172.54,36619,1918,375,54,53,229536.07
CAMP-01498,Google Ads Campaign 2024-05-17,2024-05-17,Google Ads,2238.35,78234,5052,964,324,248,720908.65
CAMP-01499,LinkedIn Ads Campaign 2024-05-17,2024-05-17,LinkedIn Ads,1495.53,56424,2901,538,201,121,247161.03
CAMP-01500,Partner Referrals Campaign 2024-05-17,2024-05-17,Partner Referrals,571.44,15330,1075,95,33,21,76743.77
CAMP-01501,Events & Webinars Campaign 2024-05-18,2024-05-18,Events & Webinars,1693.49,95542,6248,1228,269,242,1001561.74
CAMP-01502,Email Campaigns Campaign 2024-05-18,2024-05-18,Email Campaigns,414.12,66827,5031,735,210,169,679181.18
CAMP-01503,LinkedIn Ads Campaign 2024-05-18,2024-05-18,LinkedIn Ads,453.46,78034,3773,670,72,63,95199.81
CAMP-01504,SEO Content Campaign 2024-05-19,2024-05-19,SEO Content,2115.0,41662,2002,161,57,53,79888.28
CAMP-01505,Email Campaigns Campaign 2024-05-19,2024-05-19,Email Campaigns,1052.16,16800,1076,117,17,15,63607.36
CAMP-01506,Events & Webinars Campaign 2024-05-20,2024-05-20,Events & Webinars,1435.3,26464,1293,247,77,51,190316.43
CAMP-01507,Email Campaigns Campaign 2024-05-20,2024-05-20,Email Campaigns,3249.13,60872,3078,341,101,93,218306.73
CAMP-01508,Google Ads Campaign 2024-05-20,2024-05-20,Google Ads,2536.77,15956,859,156,25,20,54268.68
CAMP-01509,SEO Content Campaign 2024-05-20,2024-05-20,SEO Content,1151.25,98782,5956,1182,174,129,280363.11
CAMP-01510,SEO Content Campaign 2024-05-21,2024-05-21,SEO Content,2742.83,84972,3359,242,36,22,77540.16
CAMP-01511,LinkedIn Ads Campaign 2024-05-21,2024-05-21,LinkedIn Ads,1783.98,91794,4179,211,42,39,147641.4
CAMP-01512,Events & Webinars Campaign 2024-05-21,2024-05-21,Events & Webinars,1156.64,58252,1229,197,53,50,44086.35
CAMP-01513,LinkedIn Ads Campaign 2024-05-22,2024-05-22,LinkedIn Ads,430.44,72499,5014,874,91,63,114333.06
CAMP-01514,Partner Referrals Campaign 2024-05-22,2024-05-22,Partner Referrals,1058.37,41386,1902,354,53,47,158280.8
CAMP-01515,Google Ads Campaign 2024-05-22,2024-05-22,Google Ads,3300.54,94055,2248,242,82,77,257520.8
CAMP-01516,Events & Webinars Campaign 2024-05-22,2024-05-22,Events & Webinars,2941.25,33947,943,95,14,12,24354.27
CAMP-01517,Partner Referrals Campaign 2024-05-23,2024-05-23,Partner Referrals,1782.97,97942,4868,384,87,57,66480.91
CAMP-01518,Google Ads Campaign 2024-05-23,2024-05-23,Google Ads,2347.24,86195,4854,901,345,263,520301.74
CAMP-01519,Email Campaigns Campaign 2024-05-23,2024-05-23,Email Campaigns,2518.91,80398,2145,172,61,43,187730.05
CAMP-01520,Email Campaigns Campaign 2024-05-24,2024-05-24,Email Campaigns,1189.85,51371,3829,426,102,89,281919.59
CAMP-01521,Events & Webinars Campaign 2024-05-24,2024-05-24,Events & Webinars,2062.0,27086,743,82,12,11,36049.07
CAMP-01522,Partner Referrals Campaign 2024-05-25,2024-05-25,Partner Referrals,1401.95,15015,594,35,9,6,21651.53
CAMP-01523,Google Ads Campaign 2024-05-25,2024-05-25,Google Ads,1002.32,26577,1923,285,101,73,73503.71
CAMP-01524,Events & Webinars Campaign 2024-05-26,2024-05-26,Events & Webinars,653.87,14602,383,29,7,5,14272.57
CAMP-01525,LinkedIn Ads Campaign 2024-05-26,2024-05-26,LinkedIn Ads,1462.54,87768,6681,709,255,177,467301.41
CAMP-01526,Google Ads Campaign 2024-05-26,2024-05-26,Google Ads,3498.85,53814,3810,429,69,46,45045.18
CAMP-01527,Partner Referrals Campaign 2024-05-26,2024-05-26,Partner Referrals,1590.15,15361,336,28,3,2,3125.31
CAMP-01528,LinkedIn Ads Campaign 2024-05-27,2024-05-27,LinkedIn Ads,3075.79,66878,5139,263,42,37,101724.34
CAMP-01529,Google Ads Campaign 2024-05-27,2024-05-27,Google Ads,2079.02,25145,1151,154,21,14,19412.43
CAMP-01530,Partner Referrals Campaign 2024-05-27,2024-05-27,Partner Referrals,1098.22,95762,6791,775,80,61,157186.77
CAMP-01531,Partner Referrals Campaign 2024-05-28,2024-05-28,Partner Referrals,2906.94,84429,1850,317,51,40,70903.88
CAMP-01532,Google Ads Campaign 2024-05-28,2024-05-28,Google Ads,328.45,88448,6652,587,193,176,640419.64
CAMP-01533,Events & Webinars Campaign 2024-05-28,2024-05-28,Events & Webinars,3167.69,63479,4881,470,103,79,120148.81
CAMP-01534,Events & Webinars Campaign 2024-05-29,2024-05-29,Events & Webinars,947.94,69834,4627,776,111,78,195444.32
CAMP-01535,SEO Content Campaign 2024-05-29,2024-05-29,SEO Content,949.94,70658,2017,118,15,14,35028.69
CAMP-01536,Partner Referrals Campaign 2024-05-29,2024-05-29,Partner Referrals,3144.71,75397,3112,211,37,25,98566.17
CAMP-01537,Google Ads Campaign 2024-05-29,2024-05-29,Google Ads,3398.29,10647,450,42,14,9,17677.48
CAMP-01538,Google Ads Campaign 2024-05-30,2024-05-30,Google Ads,637.83,76110,3759,469,167,119,402358.28
CAMP-01539,Email Campaigns Campaign 2024-05-30,2024-05-30,Email Campaigns,2200.4,78888,3591,215,58,45,194616.17
CAMP-01540,LinkedIn Ads Campaign 2024-05-30,2024-05-30,LinkedIn Ads,846.46,54113,2574,207,54,53,114387.86
CAMP-01541,Partner Referrals Campaign 2024-05-31,2024-05-31,Partner Referrals,1818.86,88648,6352,878,312,286,1159660.36
CAMP-01542,SEO Content Campaign 2024-05-31,2024-05-31,SEO Content,694.26,23572,616,77,24,20,71401.85
CAMP-01543,Email Campaigns Campaign 2024-05-31,2024-05-31,Email Campaigns,2757.17,54099,4072,770,87,67,242397.76
CAMP-01544,Events & Webinars Campaign 2024-05-31,2024-05-31,Events & Webinars,440.84,58014,4267,769,119,105,253671.37
CAMP-01545,Events & Webinars Campaign 2024-06-01,2024-06-01,Events & Webinars,1787.14,68669,1523,244,97,79,108394.14
CAMP-01546,LinkedIn Ads Campaign 2024-06-01,2024-06-01,LinkedIn Ads,3003.76,86062,6161,756,268,207,789460.38
CAMP-01547,SEO Content Campaign 2024-06-01,2024-06-01,SEO Content,3100.8,87756,1896,329,65,53,238415.87
CAMP-01548,LinkedIn Ads Campaign 2024-06-02,2024-06-02,LinkedIn Ads,788.71,83321,5509,778,132,109,157459.45
CAMP-01549,Events & Webinars Campaign 2024-06-02,2024-06-02,Events & Webinars,2752.69,83570,3253,229,59,50,204957.28
CAMP-01550,Partner Referrals Campaign 2024-06-03,2024-06-03,Partner Referrals,686.32,79626,6369,951,329,247,504520.3
CAMP-01551,Email Campaigns Campaign 2024-06-03,2024-06-03,Email Campaigns,2561.84,16984,1275,236,80,68,56209.02
CAMP-01552,Email Campaigns Campaign 2024-06-04,2024-06-04,Email Campaigns,1596.29,70305,3546,659,92,86,128188.35
CAMP-01553,Google Ads Campaign 2024-06-04,2024-06-04,Google Ads,1760.74,29628,1185,219,58,41,86689.39
CAMP-01554,SEO Content Campaign 2024-06-04,2024-06-04,SEO Content,477.39,41531,895,62,17,13,16486.84
CAMP-01555,Email Campaigns Campaign 2024-06-05,2024-06-05,Email Campaigns,3139.06,21727,792,138,15,12,46394.65
CAMP-01556,Google Ads Campaign 2024-06-05,2024-06-05,Google Ads,808.88,23659,1496,261,63,57,253188.7
CAMP-01557,Events & Webinars Campaign 2024-06-06,2024-06-06,Events & Webinars,852.27,86551,3720,204,60,44,48750.53
CAMP-01558,Partner Referrals Campaign 2024-06-06,2024-06-06,Partner Referrals,1559.69,68990,5479,630,239,216,676307.67
CAMP-01559,SEO Content Campaign 2024-06-06,2024-06-06,SEO Content,2927.37,59574,4550,350,136,92,103426.94
CAMP-01560,Email Campaigns Campaign 2024-06-06,2024-06-06,Email Campaigns,3454.87,90385,5658,359,48,42,88636.98
CAMP-01561,SEO Content Campaign 2024-06-07,2024-06-07,SEO Content,2924.01,51352,3222,441,72,69,101149.58
CAMP-01562,Email Campaigns Campaign 2024-06-07,2024-06-07,Email Campaigns,2370.58,68279,2331,452,121,91,136141.78
CAMP-01563,Email Campaigns Campaign 2024-06-08,2024-06-08,Email Campaigns,1798.56,80572,2149,345,104,92,310306.93
CAMP-01564,SEO Content Campaign 2024-06-08,2024-06-08,SEO Content,1194.57,70880,1920,327,58,54,102425.22
CAMP-01565,Events & Webinars Campaign 2024-06-09,2024-06-09,Events & Webinars,479.47,89537,2777,375,59,51,54041.46
CAMP-01566,Email Campaigns Campaign 2024-06-09,2024-06-09,Email Campaigns,770.06,28678,1412,136,44,30,60059.6
CAMP-01567,Google Ads Campaign 2024-06-09,2024-06-09,Google Ads,312.56,98498,6140,1224,291,198,355937.76
CAMP-01568,SEO Content Campaign 2024-06-09,2024-06-09,SEO Content,2670.02,14914,392,60,22,18,22818.07
CAMP-01569,Google Ads Campaign 2024-06-10,2024-06-10,Google Ads,2566.45,34713,2427,386,129,86,330293.74
CAMP-01570,LinkedIn Ads Campaign 2024-06-10,2024-06-10,LinkedIn Ads,1266.4,72919,1487,135,37,31,36149.99
CAMP-01571,LinkedIn Ads Campaign 2024-06-11,2024-06-11,LinkedIn Ads,2885.31,27916,902,135,48,40,71398.59
CAMP-01572,Email Campaigns Campaign 2024-06-11,2024-06-11,Email Campaigns,1437.17,24532,948,169,50,46,159346.83
CAMP-01573,Google Ads Campaign 2024-06-11,2024-06-11,Google Ads,766.38,9042,575,92,12,10,38622.04
CAMP-01574,Email Campaigns Campaign 2024-06-12,2024-06-12,Email Campaigns,3243.51,10277,716,50,10,9,21401.1
CAMP-01575,SEO Content Campaign 2024-06-12,2024-06-12,SEO Content,522.59,97921,7418,1151,377,362,1598329.3
CAMP-01576,Email Campaigns Campaign 2024-06-13,2024-06-13,Email Campaigns,423.51,22206,1235,150,55,43,167084.03
CAMP-01577,SEO Content Campaign 2024-06-13,2024-06-13,SEO Content,3188.31,66168,4226,284,37,26,54572.97
CAMP-01578,LinkedIn Ads Campaign 2024-06-13,2024-06-13,LinkedIn Ads,3175.8,89342,6199,577,200,142,450086.48
CAMP-01579,Partner Referrals Campaign 2024-06-13,2024-06-13,Partner Referrals,645.53,17921,1225,142,17,15,53904.67
CAMP-01580,Google Ads Campaign 2024-06-14,2024-06-14,Google Ads,2439.8,86506,6756,479,142,116,314097.78
CAMP-01581,Email Campaigns Campaign 2024-06-14,2024-06-14,Email Campaigns,2221.65,99705,2448,473,82,78,276089.78
CAMP-01582,Events & Webinars Campaign 2024-06-15,2024-06-15,Events & Webinars,1102.91,36473,2106,387,148,90,374744.82
CAMP-01583,Google Ads Campaign 2024-06-15,2024-06-15,Google Ads,3200.39,35441,1459,81,10,8,19304.92
CAMP-01584,Partner Referrals Campaign 2024-06-15,2024-06-15,Partner Referrals,2801.85,15359,480,82,21,19,59266.95
CAMP-01585,Partner Referrals Campaign 2024-06-16,2024-06-16,Partner Referrals,1404.39,49551,1857,267,42,28,110250.99
CAMP-01586,SEO Content Campaign 2024-06-16,2024-06-16,SEO Content,2283.54,82867,1835,332,129,109,388878.26
CAMP-01587,LinkedIn Ads Campaign 2024-06-16,2024-06-16,LinkedIn Ads,2553.43,84776,2544,208,54,50,43410.72
CAMP-01588,SEO Content Campaign 2024-06-17,2024-06-17,SEO Content,851.99,5092,189,23,2,1,1151.72
CAMP-01589,Google Ads Campaign 2024-06-17,2024-06-17,Google Ads,670.9,97328,6343,1061,372,316,262210.35
CAMP-01590,LinkedIn Ads Campaign 2024-06-17,2024-06-17,LinkedIn Ads,3216.53,63777,3508,256,79,51,177460.17
CAMP-01591,Email Campaigns Campaign 2024-06-17,2024-06-17,Email Campaigns,2016.94,36453,1963,274,68,49,108300.36
CAMP-01592,Partner Referrals Campaign 2024-06-18,2024-06-18,Partner Referrals,959.19,46679,1219,162,16,14,32167.37
CAMP-01593,SEO Content Campaign 2024-06-18,2024-06-18,SEO Content,2046.56,53859,1768,267,81,75,159564.66
CAMP-01594,Events & Webinars Campaign 2024-06-18,2024-06-18,Events & Webinars,2854.1,52239,3181,479,81,56,78148.33
CAMP-01595,Email Campaigns Campaign 2024-06-19,2024-06-19,Email Campaigns,1308.86,19990,1029,153,54,35,66578.31
CAMP-01596,Events & Webinars Campaign 2024-06-19,2024-06-19,Events & Webinars,2627.52,40497,1720,195,34,31,34842.12
CAMP-01597,Partner Referrals Campaign 2024-06-20,2024-06-20,Partner Referrals,3123.47,21738,1153,90,14,13,13717.72
CAMP-01598,SEO Content Campaign 2024-06-20,2024-06-20,SEO Content,3070.61,44736,3494,268,41,39,165416.06
CAMP-01599,Partner Referrals Campaign 2024-06-21,2024-06-21,Partner Referrals,2484.16,65120,2032,234,27,24,54311.37
CAMP-01600,Events & Webinars Campaign 2024-06-21,2024-06-21,Events & Webinars,1699.79,65695,1896,127,18,16,56123.92
CAMP-01601,SEO Content Campaign 2024-06-21,2024-06-21,SEO Content,2601.7,63820,3701,471,159,132,505141.33
CAMP-01602,Google Ads Campaign 2024-06-21,2024-06-21,Google Ads,682.71,76775,2034,261,81,65,122767.41
CAMP-01603,Partner Referrals Campaign 2024-06-22,2024-06-22,Partner Referrals,3452.04,74076,2362,351,129,126,143946.87
CAMP-01604,LinkedIn Ads Campaign 2024-06-22,2024-06-22,LinkedIn Ads,329.21,5566,123,10,2,1,1856.52
CAMP-01605,Email Campaigns Campaign 2024-06-23,2024-06-23,Email Campaigns,2037.57,83279,5956,647,91,68,180089.3
CAMP-01606,Partner Referrals Campaign 2024-06-23,2024-06-23,Partner Referrals,2858.8,62140,3571,637,234,202,229296.08
CAMP-01607,Events & Webinars Campaign 2024-06-23,2024-06-23,Events & Webinars,718.26,72606,1971,287,97,61,227167.56
CAMP-01608,Google Ads Campaign 2024-06-24,2024-06-24,Google Ads,1244.29,6252,268,36,5,4,14788.89
CAMP-01609,Email Campaigns Campaign 2024-06-24,2024-06-24,Email Campaigns,3244.27,65205,3552,557,95,62,89461.97
CAMP-01610,LinkedIn Ads Campaign 2024-06-24,2024-06-24,LinkedIn Ads,3420.48,55002,2057,391,140,122,452712.95
CAMP-01611,Google Ads Campaign 2024-06-25,2024-06-25,Google Ads,3357.26,6999,463,56,22,17,71806.91
CAMP-01612,SEO Content Campaign 2024-06-25,2024-06-25,SEO Content,958.73,23525,1316,222,35,22,19903.76
CAMP-01613,Partner Referrals Campaign 2024-06-25,2024-06-25,Partner Referrals,2815.83,60949,1242,136,46,29,105551.22
CAMP-01614,Google Ads Campaign 2024-06-26,2024-06-26,Google Ads,2733.62,85649,4687,778,302,297,1295837.67
CAMP-01615,SEO Content Campaign 2024-06-26,2024-06-26,SEO Content,537.62,48255,1232,200,57,38,170253.03
CAMP-01616,Events & Webinars Campaign 2024-06-26,2024-06-26,Events & Webinars,3023.02,44878,2547,272,108,100,118622.45
CAMP-01617,Email Campaigns Campaign 2024-06-26,2024-06-26,Email Campaigns,3377.8,63971,3932,350,35,32,39537.84
CAMP-01618,LinkedIn Ads Campaign 2024-06-27,2024-06-27,LinkedIn Ads,2966.14,88546,6724,1093,213,191,809579.96
CAMP-01619,Events & Webinars Campaign 2024-06-27,2024-06-27,Events & Webinars,1737.88,88971,6238,312,62,39,62047.72
CAMP-01620,Partner Referrals Campaign 2024-06-27,2024-06-27,Partner Referrals,1676.88,95911,5298,1022,243,238,549768.5
CAMP-01621,Email Campaigns Campaign 2024-06-27,2024-06-27,Email Campaigns,1828.94,59432,2031,198,74,58,48423.28
CAMP-01622,Google Ads Campaign 2024-06-28,2024-06-28,Google Ads,965.2,35021,2390,207,52,32,105241.59
CAMP-01623,Events & Webinars Campaign 2024-06-28,2024-06-28,Events & Webinars,1751.32,7489,368,44,12,9,14292.13
CAMP-01624,SEO Content Campaign 2024-06-29,2024-06-29,SEO Content,441.56,45018,2232,358,45,37,91945.85
CAMP-01625,Email Campaigns Campaign 2024-06-29,2024-06-29,Email Campaigns,3132.38,67008,4765,421,103,64,165136.98
CAMP-01626,Google Ads Campaign 2024-06-29,2024-06-29,Google Ads,1556.28,15520,482,61,12,7,26993.61
CAMP-01627,Google Ads Campaign 2024-06-30,2024-06-30,Google Ads,2531.75,88903,3830,666,144,100,411127.45
CAMP-01628,LinkedIn Ads Campaign 2024-06-30,2024-06-30,LinkedIn Ads,840.41,50646,3119,226,43,30,54378.36
CAMP-01629,LinkedIn Ads Campaign 2024-07-01,2024-07-01,LinkedIn Ads,1044.23,49335,1068,63,18,17,28766.01
CAMP-01630,Events & Webinars Campaign 2024-07-01,2024-07-01,Events & Webinars,3297.55,54055,1808,208,39,27,110366.95
CAMP-01631,Partner Referrals Campaign 2024-07-01,2024-07-01,Partner Referrals,1984.58,34182,1507,189,65,62,66341.68
CAMP-01632,Email Campaigns Campaign 2024-07-02,2024-07-02,Email Campaigns,3146.51,39614,2483,159,42,29,111044.53
CAMP-01633,Google Ads Campaign 2024-07-02,2024-07-02,Google Ads,1395.38,93215,5150,404,82,69,206727.07
CAMP-01634,Events & Webinars Campaign 2024-07-02,2024-07-02,Events & Webinars,595.97,8087,548,105,18,12,24098.25
CAMP-01635,Partner Referrals Campaign 2024-07-02,2024-07-02,Partner Referrals,368.03,28502,1997,205,44,42,56244.21
CAMP-01636,Partner Referrals Campaign 2024-07-03,2024-07-03,Partner Referrals,2752.62,55028,1147,210,26,17,18594.01
CAMP-01637,Events & Webinars Campaign 2024-07-03,2024-07-03,Events & Webinars,1448.44,64771,2849,312,121,97,105136.93
CAMP-01638,Partner Referrals Campaign 2024-07-04,2024-07-04,Partner Referrals,2801.39,50951,2087,388,128,119,437449.38
CAMP-01639,Email Campaigns Campaign 2024-07-04,2024-07-04,Email Campaigns,401.76,44064,1859,313,124,88,283381.72
CAMP-01640,LinkedIn Ads Campaign 2024-07-04,2024-07-04,LinkedIn Ads,1734.75,61209,3896,565,171,154,349991.93
CAMP-01641,Google Ads Campaign 2024-07-04,2024-07-04,Google Ads,2194.9,96353,5696,852,279,213,722769.78
CAMP-01642,Events & Webinars Campaign 2024-07-05,2024-07-05,Events & Webinars,691.64,46126,2377,405,138,86,121325.07
CAMP-01643,SEO Content Campaign 2024-07-05,2024-07-05,SEO Content,976.68,71604,4436,559,124,95,182010.95
CAMP-01644,LinkedIn Ads Campaign 2024-07-06,2024-07-06,LinkedIn Ads,2165.38,57289,1780,316,80,76,266294.1
CAMP-01645,Google Ads Campaign 2024-07-06,2024-07-06,Google Ads,2368.53,33513,2050,283,45,27,80522.48
CAMP-01646,Email Campaigns Campaign 2024-07-06,2024-07-06,Email Campaigns,3130.38,58539,2297,430,162,119,237034.48
CAMP-01647,Partner Referrals Campaign 2024-07-06,2024-07-06,Partner Referrals,1153.16,95325,3053,602,202,155,490036.83
CAMP-01648,Google Ads Campaign 2024-07-07,2024-07-07,Google Ads,2146.18,35975,1232,84,30,22,64239.83
CAMP-01649,Events & Webinars Campaign 2024-07-07,2024-07-07,Events & Webinars,897.04,40728,3145,270,35,23,57752.17
CAMP-01650,LinkedIn Ads Campaign 2024-07-08,2024-07-08,LinkedIn Ads,1881.4,17175,1075,212,54,39,63880.24
CAMP-01651,SEO Content Campaign 2024-07-08,2024-07-08,SEO Content,654.83,78457,4593,682,118,109,106196.53
CAMP-01652,Google Ads Campaign 2024-07-08,2024-07-08,Google Ads,3121.28,7691,571,97,24,15,34062.34
CAMP-01653,SEO Content Campaign 2024-07-09,2024-07-09,SEO Content,1775.11,60523,4050,429,154,119,518894.35
CAMP-01654,Events & Webinars Campaign 2024-07-09,2024-07-09,Events & Webinars,558.0,29426,718,121,42,41,62942.05
CAMP-01655,Partner Referrals Campaign 2024-07-09,2024-07-09,Partner Referrals,829.46,85612,3114,588,205,189,290072.84
CAMP-01656,LinkedIn Ads Campaign 2024-07-10,2024-07-10,LinkedIn Ads,2241.21,67014,4345,749,156,140,231772.53
CAMP-01657,Events & Webinars Campaign 2024-07-10,2024-07-10,Events & Webinars,1860.42,83198,4331,252,61,44,88818.35
CAMP-01658,Partner Referrals Campaign 2024-07-10,2024-07-10,Partner Referrals,1375.46,13198,758,86,11,9,31602.37
CAMP-01659,Email Campaigns Campaign 2024-07-10,2024-07-10,Email Campaigns,1075.91,97434,6845,1226,174,142,371047.95
CAMP-01660,Partner Referrals Campaign 2024-07-11,2024-07-11,Partner Referrals,3375.83,92496,5287,723,218,145,532367.85
CAMP-01661,Events & Webinars Campaign 2024-07-11,2024-07-11,Events & Webinars,487.08,62863,3537,598,86,61,68924.73
CAMP-01662,Email Campaigns Campaign 2024-07-12,2024-07-12,Email Campaigns,1586.34,5945,329,50,15,12,19709.2
CAMP-01663,Partner Referrals Campaign 2024-07-12,2024-07-12,Partner Referrals,921.79,18230,420,42,9,8,16190.43
CAMP-01664,Google Ads Campaign 2024-07-13,2024-07-13,Google Ads,2725.44,75312,4500,636,213,171,516373.6
CAMP-01665,LinkedIn Ads Campaign 2024-07-13,2024-07-13,LinkedIn Ads,1051.73,36179,1011,146,57,48,123930.86
CAMP-01666,Events & Webinars Campaign 2024-07-13,2024-07-13,Events & Webinars,3280.26,95879,7345,1216,425,363,808836.3
CAMP-01667,SEO Content Campaign 2024-07-13,2024-07-13,SEO Content,1775.91,77963,4550,321,68,67,167314.04
CAMP-01668,Events & Webinars Campaign 2024-07-14,2024-07-14,Events & Webinars,2790.3,37602,1988,178,70,67,239466.58
CAMP-01669,LinkedIn Ads Campaign 2024-07-14,2024-07-14,LinkedIn Ads,935.68,25845,637,84,28,22,34235.93
CAMP-01670,Google Ads Campaign 2024-07-14,2024-07-14,Google Ads,2637.86,91725,4186,676,139,135,156923.43
CAMP-01671,Partner Referrals Campaign 2024-07-14,2024-07-14,Partner Referrals,2874.37,50392,2330,357,135,113,265995.17
CAMP-01672,Email Campaigns Campaign 2024-07-15,2024-07-15,Email Campaigns,2761.49,95807,5576,303,45,39,93265.59
CAMP-01673,SEO Content Campaign 2024-07-15,2024-07-15,SEO Content,328.77,91727,5945,1182,266,239,648709.99
CAMP-01674,LinkedIn Ads Campaign 2024-07-15,2024-07-15,LinkedIn Ads,465.91,58608,3219,478,90,57,94900.39
CAMP-01675,Google Ads Campaign 2024-07-15,2024-07-15,Google Ads,2620.77,53655,2248,161,18,14,29666.92
CAMP-01676,LinkedIn Ads Campaign 2024-07-16,2024-07-16,LinkedIn Ads,805.85,54495,4207,782,188,119,483549.4
CAMP-01677,Email Campaigns Campaign 2024-07-16,2024-07-16,Email Campaigns,312.64,29754,857,105,40,36,143204.2
CAMP-01678,LinkedIn Ads Campaign 2024-07-17,2024-07-17,LinkedIn Ads,965.45,89220,5435,561,202,185,303419.92
CAMP-01679,SEO Content Campaign 2024-07-17,2024-07-17,SEO Content,1472.21,26894,597,71,11,10,8966.15
CAMP-01680,Partner Referrals Campaign 2024-07-17,2024-07-17,Partner Referrals,1717.45,46295,2168,265,28,17,54263.11
CAMP-01681,Email Campaigns Campaign 2024-07-17,2024-07-17,Email Campaigns,673.45,73104,4838,895,240,173,624917.16
CAMP-01682,Email Campaigns Campaign 2024-07-18,2024-07-18,Email Campaigns,435.52,25286,921,114,34,32,131202.23
CAMP-01683,SEO Content Campaign 2024-07-18,2024-07-18,SEO Content,826.48,75382,2309,231,70,42,164019.01
CAMP-01684,LinkedIn Ads Campaign 2024-07-19,2024-07-19,LinkedIn Ads,2598.63,29867,1818,120,15,9,27980.8
CAMP-01685,Google Ads Campaign 2024-07-19,2024-07-19,Google Ads,1792.65,12361,473,32,7,4,17585.42
CAMP-01686,Events & Webinars Campaign 2024-07-20,2024-07-20,Events & Webinars,3194.58,64438,3682,363,109,95,252949.35
CAMP-01687,Email Campaigns Campaign 2024-07-20,2024-07-20,Email Campaigns,774.72,63814,4439,652,91,72,306861.67
CAMP-01688,SEO Content Campaign 2024-07-21,2024-07-21,SEO Content,1138.04,37651,2794,457,76,66,95378.6
CAMP-01689,Events & Webinars Campaign 2024-07-21,2024-07-21,Events & Webinars,1635.17,27933,1749,120,30,21,55543.46
CAMP-01690,LinkedIn Ads Campaign 2024-07-21,2024-07-21,LinkedIn Ads,2183.41,82093,5331,370,40,31,114361.39
CAMP-01691,Partner Referrals Campaign 2024-07-21,2024-07-21,Partner Referrals,2547.62,96014,4446,340,34,33,53712.98
CAMP-01692,SEO Content Campaign 2024-07-22,2024-07-22,SEO Content,1139.69,19978,667,47,7,4,15089.08
CAMP-01693,Partner Referrals Campaign 2024-07-22,2024-07-22,Partner Referrals,3056.15,17388,1088,187,72,57,104792.45
CAMP-01694,Email Campaigns Campaign 2024-07-22,2024-07-22,Email Campaigns,2203.68,73722,2093,204,27,25,39171.26
CAMP-01695,Events & Webinars Campaign 2024-07-22,2024-07-22,Events & Webinars,1178.9,12219,598,85,18,14,33082.98
CAMP-01696,SEO Content Campaign 2024-07-23,2024-07-23,SEO Content,2668.2,26172,598,82,10,9,37096.1
CAMP-01697,Partner Referrals Campaign 2024-07-23,2024-07-23,Partner Referrals,726.77,64234,3908,634,87,71,221805.41
CAMP-01698,LinkedIn Ads Campaign 2024-07-23,2024-07-23,LinkedIn Ads,483.73,51839,2903,155,53,44,36434.49
CAMP-01699,LinkedIn Ads Campaign 2024-07-24,2024-07-24,LinkedIn Ads,759.3,44796,3303,402,106,91,385795.62
CAMP-01700,SEO Content Campaign 2024-07-24,2024-07-24,SEO Content,2820.35,25322,1064,178,45,39,123227.59
CAMP-01701,Google Ads Campaign 2024-07-24,2024-07-24,Google Ads,2954.13,30508,2202,281,73,52,189282.74
CAMP-01702,Email Campaigns Campaign 2024-07-24,2024-07-24,Email Campaigns,1850.01,68225,3114,553,151,92,384234.97
CAMP-01703,LinkedIn Ads Campaign 2024-07-25,2024-07-25,LinkedIn Ads,817.6,86248,6873,1013,231,215,630764.96
CAMP-01704,Email Campaigns Campaign 2024-07-25,2024-07-25,Email Campaigns,1113.81,19183,791,49,16,13,58132.78
CAMP-01705,Partner Referrals Campaign 2024-07-25,2024-07-25,Partner Referrals,2026.16,77362,5137,812,230,173,764749.04
CAMP-01706,LinkedIn Ads Campaign 2024-07-26,2024-07-26,LinkedIn Ads,2678.33,95187,5892,1077,422,416,839378.37
CAMP-01707,Partner Referrals Campaign 2024-07-26,2024-07-26,Partner Referrals,423.88,64359,4040,603,224,202,379896.94
CAMP-01708,Partner Referrals Campaign 2024-07-27,2024-07-27,Partner Referrals,3017.22,20881,1330,215,81,66,284329.38
CAMP-01709,Google Ads Campaign 2024-07-27,2024-07-27,Google Ads,786.09,94095,3472,511,174,147,322709.9
CAMP-01710,SEO Content Campaign 2024-07-28,2024-07-28,SEO Content,2742.89,32396,1488,78,14,8,18397.61
CAMP-01711,Google Ads Campaign 2024-07-28,2024-07-28,Google Ads,2628.85,84246,6680,1254,311,246,908684.38
CAMP-01712,Email Campaigns Campaign 2024-07-28,2024-07-28,Email Campaigns,1438.16,55676,3843,637,195,178,352154.6
CAMP-01713,Partner Referrals Campaign 2024-07-28,2024-07-28,Partner Referrals,2929.44,61486,4740,387,138,101,309408.7
CAMP-01714,Email Campaigns Campaign 2024-07-29,2024-07-29,Email Campaigns,2927.16,54533,3582,341,49,41,160545.86
CAMP-01715,Partner Referrals Campaign 2024-07-29,2024-07-29,Partner Referrals,1265.53,98115,4195,475,125,96,154181.77
CAMP-01716,Email Campaigns Campaign 2024-07-30,2024-07-30,Email Campaigns,3222.38,71505,4614,830,259,191,649400.48
CAMP-01717,SEO Content Campaign 2024-07-30,2024-07-30,SEO Content,2101.92,15689,834,147,38,24,25957.66
CAMP-01718,LinkedIn Ads Campaign 2024-07-31,2024-07-31,LinkedIn Ads,961.85,92545,3475,614,90,73,169871.13
CAMP-01719,SEO Content Campaign 2024-07-31,2024-07-31,SEO Content,3282.2,94945,4113,767,293,185,799035.52
CAMP-01720,Partner Referrals Campaign 2024-07-31,2024-07-31,Partner Referrals,612.9,52127,3246,558,111,76,317009.76
CAMP-01721,Google Ads Campaign 2024-08-01,2024-08-01,Google Ads,427.61,66695,4019,555,67,55,110888.8
CAMP-01722,Events & Webinars Campaign 2024-08-01,2024-08-01,Events & Webinars,306.39,33499,2614,204,54,47,123897.36
CAMP-01723,SEO Content Campaign 2024-08-01,2024-08-01,SEO Content,311.59,52541,3644,371,81,70,252055.91
CAMP-01724,SEO Content Campaign 2024-08-02,2024-08-02,SEO Content,1305.51,52575,3857,654,231,228,248640.86
CAMP-01725,LinkedIn Ads Campaign 2024-08-02,2024-08-02,LinkedIn Ads,1255.43,8770,350,33,6,4,13258.93
CAMP-01726,Google Ads Campaign 2024-08-03,2024-08-03,Google Ads,1887.47,22110,1277,91,34,25,37522.29
CAMP-01727,LinkedIn Ads Campaign 2024-08-03,2024-08-03,LinkedIn Ads,2260.86,5181,394,35,4,2,4313.11
CAMP-01728,SEO Content Campaign 2024-08-03,2024-08-03,SEO Content,1231.07,77693,5180,860,91,72,310771.68
CAMP-01729,Email Campaigns Campaign 2024-08-04,2024-08-04,Email Campaigns,1191.01,27521,1870,179,21,19,67936.99
CAMP-01730,Events & Webinars Campaign 2024-08-04,2024-08-04,Events & Webinars,2147.67,71405,3452,545,90,61,166397.25
CAMP-01731,Events & Webinars Campaign 2024-08-05,2024-08-05,Events & Webinars,3326.94,61695,2258,223,81,73,183060.32
CAMP-01732,Google Ads Campaign 2024-08-05,2024-08-05,Google Ads,3194.22,23731,1849,244,86,54,137697.23
CAMP-01733,Email Campaigns Campaign 2024-08-05,2024-08-05,Email Campaigns,3189.97,21879,460,52,7,6,20487.2
CAMP-01734,LinkedIn Ads Campaign 2024-08-05,2024-08-05,LinkedIn Ads,3063.48,7567,591,109,16,14,21946.29
CAMP-01735,LinkedIn Ads Campaign 2024-08-06,2024-08-06,LinkedIn Ads,1316.12,7513,344,52,16,14,13691.42
CAMP-01736,Events & Webinars Campaign 2024-08-06,2024-08-06,Events & Webinars,1680.86,7333,526,55,9,7,25038.48
CAMP-01737,Partner Referrals Campaign 2024-08-06,2024-08-06,Partner Referrals,2146.18,72206,3318,209,57,39,149318.95
CAMP-01738,SEO Content Campaign 2024-08-06,2024-08-06,SEO Content,459.26,25500,1811,249,93,76,299287.74
CAMP-01739,SEO Content Campaign 2024-08-07,2024-08-07,SEO Content,894.71,77179,2337,141,48,44,81209.06
CAMP-01740,Events & Webinars Campaign 2024-08-07,2024-08-07,Events & Webinars,1597.57,27661,1024,103,40,39,162329.73
CAMP-01741,Email Campaigns Campaign 2024-08-07,2024-08-07,Email Campaigns,2590.75,51302,2213,159,22,16,39204.51
CAMP-01742,Google Ads Campaign 2024-08-07,2024-08-07,Google Ads,762.43,21919,1587,313,72,68,180575.22
CAMP-01743,SEO Content Campaign 2024-08-08,2024-08-08,SEO Content,1782.66,89638,5244,333,131,81,86235.88
CAMP-01744,LinkedIn Ads Campaign 2024-08-08,2024-08-08,LinkedIn Ads,2080.65,91721,2327,133,19,17,15356.77
CAMP-01745,Partner Referrals Campaign 2024-08-08,2024-08-08,Partner Referrals,326.76,25060,1488,157,32,21,50164.84
CAMP-01746,LinkedIn Ads Campaign 2024-08-09,2024-08-09,LinkedIn Ads,1827.66,50830,2807,538,160,129,144342.23
CAMP-01747,SEO Content Campaign 2024-08-09,2024-08-09,SEO Content,2379.42,70309,4877,574,80,63,205119.59
CAMP-01748,Google Ads Campaign 2024-08-10,2024-08-10,Google Ads,390.8,68832,4887,845,250,234,302743.14
CAMP-01749,Partner Referrals Campaign 2024-08-10,2024-08-10,Partner Referrals,1320.15,23244,1222,143,24,16,18703.54
CAMP-01750,SEO Content Campaign 2024-08-10,2024-08-10,SEO Content,477.21,32737,862,59,7,5,19691.33
CAMP-01751,LinkedIn Ads Campaign 2024-08-11,2024-08-11,LinkedIn Ads,1336.71,12737,429,55,21,20,55046.64
CAMP-01752,Email Campaigns Campaign 2024-08-11,2024-08-11,Email Campaigns,1684.23,81137,6069,546,153,106,114759.51
CAMP-01753,Google Ads Campaign 2024-08-12,2024-08-12,Google Ads,3382.22,9249,257,17,3,2,4082.7
CAMP-01754,Email Campaigns Campaign 2024-08-12,2024-08-12,Email Campaigns,868.88,91860,4003,243,68,46,72454.27
CAMP-01755,Email Campaigns Campaign 2024-08-13,2024-08-13,Email Campaigns,1120.0,36962,1547,95,21,12,35791.39
CAMP-01756,Partner Referrals Campaign 2024-08-13,2024-08-13,Partner Referrals,3271.06,93047,2018,123,46,34,27962.49
CAMP-01757,LinkedIn Ads Campaign 2024-08-13,2024-08-13,LinkedIn Ads,3094.49,60895,2291,413,44,39,63971.37
CAMP-01758,LinkedIn Ads Campaign 2024-08-14,2024-08-14,LinkedIn Ads,2808.12,31538,921,132,24,16,56531.4
CAMP-01759,Google Ads Campaign 2024-08-14,2024-08-14,Google Ads,749.57,49382,1769,191,59,48,211157.54
CAMP-01760,Partner Referrals Campaign 2024-08-14,2024-08-14,Partner Referrals,890.04,59409,3385,379,102,97,133942.56
CAMP-01761,Email Campaigns Campaign 2024-08-15,2024-08-15,Email Campaigns,2999.98,67636,4930,417,91,73,142894.6
CAMP-01762,Google Ads Campaign 2024-08-15,2024-08-15,Google Ads,1747.0,53694,2243,324,59,50,126548.28
CAMP-01763,Google Ads Campaign 2024-08-16,2024-08-16,Google Ads,2240.12,20317,756,140,38,35,108385.78
CAMP-01764,Email Campaigns Campaign 2024-08-16,2024-08-16,Email Campaigns,3453.08,24964,1565,226,36,31,63013.95
CAMP-01765,Events & Webinars Campaign 2024-08-16,2024-08-16,Events & Webinars,3139.1,25077,1693,186,50,31,90807.81
CAMP-01766,Email Campaigns Campaign 2024-08-17,2024-08-17,Email Campaigns,560.5,26766,1120,159,21,15,25212.64
CAMP-01767,Google Ads Campaign 2024-08-17,2024-08-17,Google Ads,1718.58,14184,938,125,27,20,16728.3
CAMP-01768,LinkedIn Ads Campaign 2024-08-17,2024-08-17,LinkedIn Ads,2742.78,6170,291,45,14,9,23725.97
CAMP-01769,Events & Webinars Campaign 2024-08-17,2024-08-17,Events & Webinars,538.38,72611,3572,688,136,114,328820.96
CAMP-01770,Events & Webinars Campaign 2024-08-18,2024-08-18,Events & Webinars,1682.02,40151,1529,267,80,71,207099.16
CAMP-01771,Google Ads Campaign 2024-08-18,2024-08-18,Google Ads,1788.91,5510,381,40,11,9,27361.75
CAMP-01772,Partner Referrals Campaign 2024-08-18,2024-08-18,Partner Referrals,1763.59,45402,2015,231,65,52,141658.84
CAMP-01773,LinkedIn Ads Campaign 2024-08-19,2024-08-19,LinkedIn Ads,1341.73,83867,2419,438,128,110,127654.09
CAMP-01774,SEO Content Campaign 2024-08-19,2024-08-19,SEO Content,2880.08,73204,1557,95,37,23,60698.93
CAMP-01775,SEO Content Campaign 2024-08-20,2024-08-20,SEO Content,1414.2,13746,354,34,9,6,18612.6
CAMP-01776,Google Ads Campaign 2024-08-20,2024-08-20,Google Ads,794.1,34473,2282,358,93,85,192081.81
CAMP-01777,Partner Referrals Campaign 2024-08-21,2024-08-21,Partner Referrals,2517.31,21167,998,185,38,35,147663.75
CAMP-01778,LinkedIn Ads Campaign 2024-08-21,2024-08-21,LinkedIn Ads,2372.81,58381,1636,140,38,34,140589.72
CAMP-01779,Google Ads Campaign 2024-08-22,2024-08-22,Google Ads,456.92,36369,1072,99,30,20,72039.2
CAMP-01780,Events & Webinars Campaign 2024-08-22,2024-08-22,Events & Webinars,3336.1,31653,1096,116,30,22,73291.15
CAMP-01781,SEO Content Campaign 2024-08-22,2024-08-22,SEO Content,924.8,53748,2116,120,40,35,139937.13
CAMP-01782,LinkedIn Ads Campaign 2024-08-22,2024-08-22,LinkedIn Ads,3369.85,9357,699,108,35,30,134608.37
CAMP-01783,Google Ads Campaign 2024-08-23,2024-08-23,Google Ads,1342.99,14525,382,75,11,9,26027.96
CAMP-01784,Events & Webinars Campaign 2024-08-23,2024-08-23,Events & Webinars,626.91,56903,2307,175,64,56,47462.0
CAMP-01785,Google Ads Campaign 2024-08-24,2024-08-24,Google Ads,3087.19,50090,3905,711,127,90,267728.92
CAMP-01786,Partner Referrals Campaign 2024-08-24,2024-08-24,Partner Referrals,2447.97,24023,1408,235,83,51,134892.39
CAMP-01787,Events & Webinars Campaign 2024-08-25,2024-08-25,Events & Webinars,1750.04,95327,2175,387,49,39,169292.22
CAMP-01788,Google Ads Campaign 2024-08-25,2024-08-25,Google Ads,2629.25,42438,2537,190,24,21,73979.18
CAMP-01789,SEO Content Campaign 2024-08-25,2024-08-25,SEO Content,2511.49,93670,6478,1169,403,366,917406.05
CAMP-01790,Partner Referrals Campaign 2024-08-25,2024-08-25,Partner Referrals,1626.17,45606,2629,192,26,25,102229.24
CAMP-01791,Partner Referrals Campaign 2024-08-26,2024-08-26,Partner Referrals,3461.55,47389,3579,543,57,51,69013.92
CAMP-01792,LinkedIn Ads Campaign 2024-08-26,2024-08-26,LinkedIn Ads,452.42,82100,3712,211,58,37,88992.68
CAMP-01793,SEO Content Campaign 2024-08-26,2024-08-26,SEO Content,2698.67,25394,990,166,18,16,15681.61
CAMP-01794,Google Ads Campaign 2024-08-27,2024-08-27,Google Ads,2060.34,67163,4986,294,32,24,90966.36
CAMP-01795,LinkedIn Ads Campaign 2024-08-27,2024-08-27,LinkedIn Ads,2299.22,45875,3243,248,55,34,136745.5
CAMP-01796,SEO Content Campaign 2024-08-28,2024-08-28,SEO Content,1417.72,28594,1583,86,19,13,22046.28
CAMP-01797,LinkedIn Ads Campaign 2024-08-28,2024-08-28,LinkedIn Ads,405.6,48649,2105,236,29,25,45461.2
CAMP-01798,Partner Referrals Campaign 2024-08-28,2024-08-28,Partner Referrals,1865.42,99734,4124,263,88,60,90220.0
CAMP-01799,Email Campaigns Campaign 2024-08-29,2024-08-29,Email Campaigns,1153.81,82460,5006,579,198,127,392249.37
CAMP-01800,LinkedIn Ads Campaign 2024-08-29,2024-08-29,LinkedIn Ads,669.98,54831,4376,809,208,148,161454.33
CAMP-01801,Partner Referrals Campaign 2024-08-29,2024-08-29,Partner Referrals,1741.95,65280,2982,564,185,173,188219.25
CAMP-01802,Events & Webinars Campaign 2024-08-30,2024-08-30,Events & Webinars,344.86,89827,3960,615,147,102,234433.93
CAMP-01803,Partner Referrals Campaign 2024-08-30,2024-08-30,Partner Referrals,2230.89,60955,1710,276,78,77,156059.16
CAMP-01804,SEO Content Campaign 2024-08-31,2024-08-31,SEO Content,1877.3,48750,1974,289,59,46,202035.92
CAMP-01805,Email Campaigns Campaign 2024-08-31,2024-08-31,Email Campaigns,2455.99,32398,2109,278,34,30,44212.34
CAMP-01806,SEO Content Campaign 2024-09-01,2024-09-01,SEO Content,703.43,38342,1244,103,19,12,30750.84
CAMP-01807,Google Ads Campaign 2024-09-01,2024-09-01,Google Ads,556.69,60658,4753,534,84,78,315090.74
CAMP-01808,Email Campaigns Campaign 2024-09-01,2024-09-01,Email Campaigns,755.35,52525,1565,105,18,17,43180.72
CAMP-01809,LinkedIn Ads Campaign 2024-09-01,2024-09-01,LinkedIn Ads,2688.12,16170,1138,83,31,26,76257.89
CAMP-01810,Email Campaigns Campaign 2024-09-02,2024-09-02,Email Campaigns,2278.54,71724,3650,211,78,65,244920.24
CAMP-01811,Google Ads Campaign 2024-09-02,2024-09-02,Google Ads,3237.37,5905,453,79,20,15,49665.97
CAMP-01812,SEO Content Campaign 2024-09-02,2024-09-02,SEO Content,2892.69,33853,2609,406,117,85,322211.0
CAMP-01813,Events & Webinars Campaign 2024-09-02,2024-09-02,Events & Webinars,894.63,14786,778,115,14,10,31850.19
CAMP-01814,Email Campaigns Campaign 2024-09-03,2024-09-03,Email Campaigns,2193.21,17316,1220,194,57,53,93067.93
CAMP-01815,Events & Webinars Campaign 2024-09-03,2024-09-03,Events & Webinars,2580.57,94137,3031,249,95,81,357489.12
CAMP-01816,Google Ads Campaign 2024-09-04,2024-09-04,Google Ads,1100.32,84895,2385,129,28,19,42675.88
CAMP-01817,LinkedIn Ads Campaign 2024-09-04,2024-09-04,LinkedIn Ads,1199.14,81901,5263,850,191,119,256113.39
CAMP-01818,Events & Webinars Campaign 2024-09-04,2024-09-04,Events & Webinars,1380.72,59587,3919,657,246,217,786198.92
CAMP-01819,Partner Referrals Campaign 2024-09-04,2024-09-04,Partner Referrals,2276.5,19178,531,83,14,9,8978.04
CAMP-01820,Partner Referrals Campaign 2024-09-05,2024-09-05,Partner Referrals,2544.13,40726,2803,534,85,60,206923.22
CAMP-01821,Events & Webinars Campaign 2024-09-05,2024-09-05,Events & Webinars,556.0,86455,5772,405,75,56,144687.4
CAMP-01822,Partner Referrals Campaign 2024-09-06,2024-09-06,Partner Referrals,1557.59,73586,4976,918,361,288,778605.99
CAMP-01823,Events & Webinars Campaign 2024-09-06,2024-09-06,Events & Webinars,1822.38,22084,1326,175,53,52,200956.68
CAMP-01824,LinkedIn Ads Campaign 2024-09-06,2024-09-06,LinkedIn Ads,1735.65,53066,2766,349,113,71,73673.0
CAMP-01825,LinkedIn Ads Campaign 2024-09-07,2024-09-07,LinkedIn Ads,788.34,99675,6507,486,111,81,264940.39
CAMP-01826,Partner Referrals Campaign 2024-09-07,2024-09-07,Partner Referrals,1470.53,99534,2972,317,105,104,125553.22
CAMP-01827,SEO Content Campaign 2024-09-08,2024-09-08,SEO Content,918.76,54989,2694,250,34,22,80604.84
CAMP-01828,Email Campaigns Campaign 2024-09-08,2024-09-08,Email Campaigns,381.57,17821,1097,100,31,26,25104.15
CAMP-01829,Partner Referrals Campaign 2024-09-08,2024-09-08,Partner Referrals,1564.4,34984,838,114,18,15,60872.06
CAMP-01830,Google Ads Campaign 2024-09-08,2024-09-08,Google Ads,1093.84,31547,2421,420,130,99,381540.19
CAMP-01831,SEO Content Campaign 2024-09-09,2024-09-09,SEO Content,986.64,82809,2846,353,37,30,48445.85
CAMP-01832,Partner Referrals Campaign 2024-09-09,2024-09-09,Partner Referrals,2157.24,81138,5885,493,154,147,329919.72
CAMP-01833,Email Campaigns Campaign 2024-09-09,2024-09-09,Email Campaigns,2647.15,41283,933,101,37,34,54737.92
CAMP-01834,SEO Content Campaign 2024-09-10,2024-09-10,SEO Content,1882.84,76216,5847,919,210,149,127171.91
CAMP-01835,Email Campaigns Campaign 2024-09-10,2024-09-10,Email Campaigns,2053.49,40537,930,148,19,14,51082.57
CAMP-01836,Partner Referrals Campaign 2024-09-10,2024-09-10,Partner Referrals,3395.78,99383,5912,327,74,66,189920.49
CAMP-01837,LinkedIn Ads Campaign 2024-09-10,2024-09-10,LinkedIn Ads,2757.58,71611,1876,259,79,76,130105.48
CAMP-01838,SEO Content Campaign 2024-09-11,2024-09-11,SEO Content,1323.69,63184,1646,102,34,33,140171.98
CAMP-01839,Partner Referrals Campaign 2024-09-11,2024-09-11,Partner Referrals,3288.03,13301,636,105,19,11,20800.42
CAMP-01840,Events & Webinars Campaign 2024-09-11,2024-09-11,Events & Webinars,2779.85,76583,1576,213,35,33,39930.37
CAMP-01841,Partner Referrals Campaign 2024-09-12,2024-09-12,Partner Referrals,1959.27,53789,2368,371,55,44,96205.18
CAMP-01842,Google Ads Campaign 2024-09-12,2024-09-12,Google Ads,2919.27,76627,5987,631,72,62,55032.05
CAMP-01843,Email Campaigns Campaign 2024-09-12,2024-09-12,Email Campaigns,2090.42,67241,1976,182,60,55,167692.79
CAMP-01844,SEO Content Campaign 2024-09-12,2024-09-12,SEO Content,340.24,50389,4014,755,214,171,559508.57
CAMP-01845,Partner Referrals Campaign 2024-09-13,2024-09-13,Partner Referrals,2236.28,6979,186,10,1,1,4007.44
CAMP-01846,Email Campaigns Campaign 2024-09-13,2024-09-13,Email Campaigns,1143.3,46835,3303,531,143,91,128818.49
CAMP-01847,SEO Content Campaign 2024-09-14,2024-09-14,SEO Content,2905.69,88127,2056,358,51,46,186468.63
CAMP-01848,Google Ads Campaign 2024-09-14,2024-09-14,Google Ads,2818.17,10230,226,15,2,1,3458.31
CAMP-01849,Partner Referrals Campaign 2024-09-14,2024-09-14,Partner Referrals,2969.89,44498,3183,497,94,66,105753.22
CAMP-01850,LinkedIn Ads Campaign 2024-09-14,2024-09-14,LinkedIn Ads,303.03,47803,3339,400,57,52,199322.34
CAMP-01851,LinkedIn Ads Campaign 2024-09-15,2024-09-15,LinkedIn Ads,1699.53,87078,3635,254,28,27,30530.68
CAMP-01852,Events & Webinars Campaign 2024-09-15,2024-09-15,Events & Webinars,3094.18,36476,1047,80,30,29,36795.12
CAMP-01853,LinkedIn Ads Campaign 2024-09-16,2024-09-16,LinkedIn Ads,1366.42,91934,2305,237,25,16,40403.9
CAMP-01854,Email Campaigns Campaign 2024-09-16,2024-09-16,Email Campaigns,1314.61,33165,2006,236,51,30,66706.77
CAMP-01855,Partner Referrals Campaign 2024-09-16,2024-09-16,Partner Referrals,1905.43,76085,3352,488,50,33,39970.84
CAMP-01856,Google Ads Campaign 2024-09-16,2024-09-16,Google Ads,2100.33,97561,3992,541,93,73,276671.26
CAMP-01857,Partner Referrals Campaign 2024-09-17,2024-09-17,Partner Referrals,2511.31,66907,2278,126,33,28,62894.1
CAMP-01858,LinkedIn Ads Campaign 2024-09-17,2024-09-17,LinkedIn Ads,1479.84,11676,812,83,14,12,52612.94
CAMP-01859,Email Campaigns Campaign 2024-09-18,2024-09-18,Email Campaigns,3327.72,84351,4495,703,275,244,293292.86
CAMP-01860,Google Ads Campaign 2024-09-18,2024-09-18,Google Ads,826.0,8854,636,93,28,24,82105.69
CAMP-01861,SEO Content Campaign 2024-09-19,2024-09-19,SEO Content,419.08,16450,331,30,8,5,18033.22
CAMP-01862,LinkedIn Ads Campaign 2024-09-19,2024-09-19,LinkedIn Ads,3487.23,20189,793,122,35,29,80033.15
CAMP-01863,SEO Content Campaign 2024-09-20,2024-09-20,SEO Content,3145.15,63654,1682,240,63,39,59944.71
CAMP-01864,LinkedIn Ads Campaign 2024-09-20,2024-09-20,LinkedIn Ads,609.58,78348,5619,590,113,68,211365.34
CAMP-01865,Email Campaigns Campaign 2024-09-20,2024-09-20,Email Campaigns,2807.0,8662,328,62,21,20,47444.57
CAMP-01866,Google Ads Campaign 2024-09-21,2024-09-21,Google Ads,1435.66,75740,2124,275,57,54,179414.65
CAMP-01867,Email Campaigns Campaign 2024-09-21,2024-09-21,Email Campaigns,2228.26,6819,194,27,7,4,3508.34
CAMP-01868,LinkedIn Ads Campaign 2024-09-21,2024-09-21,LinkedIn Ads,1305.07,75355,2473,478,171,169,646757.19
CAMP-01869,LinkedIn Ads Campaign 2024-09-22,2024-09-22,LinkedIn Ads,1015.76,43772,1976,235,72,64,273093.69
CAMP-01870,Partner Referrals Campaign 2024-09-22,2024-09-22,Partner Referrals,1810.73,11392,434,33,6,3,7784.69
CAMP-01871,LinkedIn Ads Campaign 2024-09-23,2024-09-23,LinkedIn Ads,3259.51,76566,5816,898,208,175,303661.06
CAMP-01872,Events & Webinars Campaign 2024-09-23,2024-09-23,Events & Webinars,1993.35,56841,1846,278,110,92,131682.79
CAMP-01873,Events & Webinars Campaign 2024-09-24,2024-09-24,Events & Webinars,2329.6,76360,5557,376,110,78,282763.14
CAMP-01874,Google Ads Campaign 2024-09-24,2024-09-24,Google Ads,589.46,71922,2122,134,21,14,45264.32
CAMP-01875,Email Campaigns Campaign 2024-09-24,2024-09-24,Email Campaigns,3164.79,87398,4552,821,236,170,694514.17
CAMP-01876,LinkedIn Ads Campaign 2024-09-25,2024-09-25,LinkedIn Ads,2153.36,87824,5776,391,106,70,277500.64
CAMP-01877,Events & Webinars Campaign 2024-09-25,2024-09-25,Events & Webinars,1405.05,51270,1448,233,83,56,220850.1
CAMP-01878,SEO Content Campaign 2024-09-25,2024-09-25,SEO Content,1971.28,48823,2699,519,200,178,680179.93
CAMP-01879,Email Campaigns Campaign 2024-09-26,2024-09-26,Email Campaigns,912.74,94563,7189,1038,371,348,1084926.25
CAMP-01880,Google Ads Campaign 2024-09-26,2024-09-26,Google Ads,2718.02,6500,407,80,9,7,28940.9
CAMP-01881,SEO Content Campaign 2024-09-26,2024-09-26,SEO Content,3332.85,51099,1130,121,33,21,48682.61
CAMP-01882,Events & Webinars Campaign 2024-09-26,2024-09-26,Events & Webinars,1284.2,62133,1613,156,31,27,73837.63
CAMP-01883,LinkedIn Ads Campaign 2024-09-27,2024-09-27,LinkedIn Ads,3294.05,47444,3605,592,126,122,160390.23
CAMP-01884,Email Campaigns Campaign 2024-09-27,2024-09-27,Email Campaigns,3386.36,46009,3640,185,19,15,60896.7
CAMP-01885,Events & Webinars Campaign 2024-09-27,2024-09-27,Events & Webinars,359.86,49850,2660,345,92,59,227050.63
CAMP-01886,Events & Webinars Campaign 2024-09-28,2024-09-28,Events & Webinars,380.51,86965,6803,1057,293,250,585537.22
CAMP-01887,LinkedIn Ads Campaign 2024-09-28,2024-09-28,LinkedIn Ads,2178.77,97909,2056,142,37,24,82489.7
CAMP-01888,Email Campaigns Campaign 2024-09-28,2024-09-28,Email Campaigns,1128.35,97504,1960,314,121,105,341999.72
CAMP-01889,LinkedIn Ads Campaign 2024-09-29,2024-09-29,LinkedIn Ads,2487.01,78430,5899,393,52,32,38944.5
CAMP-01890,SEO Content Campaign 2024-09-29,2024-09-29,SEO Content,3395.51,70642,4927,950,362,333,598636.51
CAMP-01891,Partner Referrals Campaign 2024-09-29,2024-09-29,Partner Referrals,1766.88,93029,6762,816,127,102,427636.6
CAMP-01892,Events & Webinars Campaign 2024-09-30,2024-09-30,Events & Webinars,3403.45,20397,1328,206,30,23,95313.4
CAMP-01893,Google Ads Campaign 2024-09-30,2024-09-30,Google Ads,1467.78,50437,2577,373,57,46,189003.68
CAMP-01894,LinkedIn Ads Campaign 2024-09-30,2024-09-30,LinkedIn Ads,561.95,69580,3000,381,71,63,188485.16
CAMP-01895,SEO Content Campaign 2024-09-30,2024-09-30,SEO Content,1677.04,31393,1504,216,39,31,137853.44
CAMP-01896,Email Campaigns Campaign 2024-10-01,2024-10-01,Email Campaigns,2893.93,85146,3616,370,113,106,379265.98
CAMP-01897,Google Ads Campaign 2024-10-01,2024-10-01,Google Ads,2627.79,28682,702,93,24,18,72892.77
CAMP-01898,LinkedIn Ads Campaign 2024-10-01,2024-10-01,LinkedIn Ads,1782.84,96505,3924,203,56,46,148780.52
CAMP-01899,SEO Content Campaign 2024-10-01,2024-10-01,SEO Content,1552.34,30408,2361,123,16,15,38786.42
CAMP-01900,Google Ads Campaign 2024-10-02,2024-10-02,Google Ads,1946.93,82507,4184,704,168,123,240526.54
CAMP-01901,Events & Webinars Campaign 2024-10-02,2024-10-02,Events & Webinars,697.96,63977,3016,170,31,21,22959.66
CAMP-01902,LinkedIn Ads Campaign 2024-10-02,2024-10-02,LinkedIn Ads,1670.17,72794,4365,286,95,80,142988.02
CAMP-01903,Email Campaigns Campaign 2024-10-02,2024-10-02,Email Campaigns,1207.59,85631,4625,366,84,52,197130.88
CAMP-01904,Events & Webinars Campaign 2024-10-03,2024-10-03,Events & Webinars,1617.57,36713,2026,192,53,46,78663.37
CAMP-01905,Partner Referrals Campaign 2024-10-03,2024-10-03,Partner Referrals,1357.2,32985,2263,119,19,14,25517.58
CAMP-01906,Email Campaigns Campaign 2024-10-03,2024-10-03,Email Campaigns,2757.83,86841,4923,570,131,109,413258.97
CAMP-01907,LinkedIn Ads Campaign 2024-10-03,2024-10-03,LinkedIn Ads,2863.26,32593,2375,459,179,172,602986.66
CAMP-01908,Email Campaigns Campaign 2024-10-04,2024-10-04,Email Campaigns,1828.9,93402,5421,1033,238,198,498756.35
CAMP-01909,Partner Referrals Campaign 2024-10-04,2024-10-04,Partner Referrals,1251.47,48596,1767,320,101,78,96226.99
CAMP-01910,Google Ads Campaign 2024-10-04,2024-10-04,Google Ads,2098.66,70752,2925,282,91,78,89711.86
CAMP-01911,Events & Webinars Campaign 2024-10-05,2024-10-05,Events & Webinars,3201.62,41944,2327,431,112,84,78075.4
CAMP-01912,Partner Referrals Campaign 2024-10-05,2024-10-05,Partner Referrals,3177.35,56896,1800,294,107,100,92175.93
CAMP-01913,Partner Referrals Campaign 2024-10-06,2024-10-06,Partner Referrals,1319.76,93061,3326,373,111,100,186015.9
CAMP-01914,SEO Content Campaign 2024-10-06,2024-10-06,SEO Content,2057.37,96804,4823,484,122,113,129657.36
CAMP-01915,Google Ads Campaign 2024-10-06,2024-10-06,Google Ads,3341.49,89442,5130,583,188,146,211702.56
CAMP-01916,LinkedIn Ads Campaign 2024-10-07,2024-10-07,LinkedIn Ads,687.7,52809,3168,590,175,170,168119.64
CAMP-01917,Google Ads Campaign 2024-10-07,2024-10-07,Google Ads,1293.58,70333,4334,573,163,104,307896.59
CAMP-01918,Partner Referrals Campaign 2024-10-08,2024-10-08,Partner Referrals,2642.56,47461,3364,183,31,27,45068.71
CAMP-01919,Google Ads Campaign 2024-10-08,2024-10-08,Google Ads,1281.77,81591,2966,437,119,111,473641.84
CAMP-01920,Events & Webinars Campaign 2024-10-09,2024-10-09,Events & Webinars,322.82,86093,2082,218,44,36,131918.75
CAMP-01921,Partner Referrals Campaign 2024-10-09,2024-10-09,Partner Referrals,2838.33,80724,1865,137,32,20,46928.66
CAMP-01922,Email Campaigns Campaign 2024-10-09,2024-10-09,Email Campaigns,954.33,57694,2932,425,153,138,119979.31
CAMP-01923,SEO Content Campaign 2024-10-09,2024-10-09,SEO Content,1784.47,30660,2368,330,97,66,281633.39
CAMP-01924,Google Ads Campaign 2024-10-10,2024-10-10,Google Ads,1661.97,60179,1870,326,115,93,226694.83
CAMP-01925,Events & Webinars Campaign 2024-10-10,2024-10-10,Events & Webinars,573.78,71835,2909,295,57,46,92731.82
CAMP-01926,SEO Content Campaign 2024-10-11,2024-10-11,SEO Content,527.29,76100,4355,514,136,124,384575.54
CAMP-01927,LinkedIn Ads Campaign 2024-10-11,2024-10-11,LinkedIn Ads,911.54,16719,567,49,7,5,14061.5
CAMP-01928,Events & Webinars Campaign 2024-10-12,2024-10-12,Events & Webinars,1754.24,37167,2648,496,91,82,355467.99
CAMP-01929,Google Ads Campaign 2024-10-12,2024-10-12,Google Ads,1778.18,49834,2755,539,173,171,166930.07
CAMP-01930,Partner Referrals Campaign 2024-10-12,2024-10-12,Partner Referrals,3259.54,82140,5539,313,117,107,374140.93
CAMP-01931,SEO Content Campaign 2024-10-13,2024-10-13,SEO Content,2144.57,99479,7068,1236,404,347,798658.88
CAMP-01932,Partner Referrals Campaign 2024-10-13,2024-10-13,Partner Referrals,802.9,81434,5070,576,89,80,195115.12
CAMP-01933,Email Campaigns Campaign 2024-10-14,2024-10-14,Email Campaigns,2169.33,96078,4463,668,134,129,295288.45
CAMP-01934,Partner Referrals Campaign 2024-10-14,2024-10-14,Partner Referrals,463.36,43350,3329,308,75,47,41998.48
CAMP-01935,Events & Webinars Campaign 2024-10-14,2024-10-14,Events & Webinars,1726.3,9836,384,73,9,8,16816.92
CAMP-01936,Events & Webinars Campaign 2024-10-15,2024-10-15,Events & Webinars,2171.89,5378,275,31,4,3,7515.25
CAMP-01937,Partner Referrals Campaign 2024-10-15,2024-10-15,Partner Referrals,3444.97,20902,1383,175,50,47,193774.35
CAMP-01938,Partner Referrals Campaign 2024-10-16,2024-10-16,Partner Referrals,2751.62,94876,7460,761,93,78,245855.13
CAMP-01939,Email Campaigns Campaign 2024-10-16,2024-10-16,Email Campaigns,2845.04,77105,5966,955,195,117,293294.11
CAMP-01940,Google Ads Campaign 2024-10-16,2024-10-16,Google Ads,664.36,12176,912,168,27,23,85461.74
CAMP-01941,LinkedIn Ads Campaign 2024-10-17,2024-10-17,LinkedIn Ads,2361.85,73808,4317,337,47,30,59281.96
CAMP-01942,Google Ads Campaign 2024-10-17,2024-10-17,Google Ads,880.21,48305,2091,210,40,28,24429.62
CAMP-01943,Partner Referrals Campaign 2024-10-17,2024-10-17,Partner Referrals,527.52,30242,2038,386,106,91,101091.48
CAMP-01944,Events & Webinars Campaign 2024-10-17,2024-10-17,Events & Webinars,475.75,39068,1340,147,15,11,29355.15
CAMP-01945,Partner Referrals Campaign 2024-10-18,2024-10-18,Partner Referrals,3336.6,85035,3800,588,143,95,399484.1
CAMP-01946,LinkedIn Ads Campaign 2024-10-18,2024-10-18,LinkedIn Ads,1259.12,60863,4545,509,182,127,545660.94
CAMP-01947,Google Ads Campaign 2024-10-18,2024-10-18,Google Ads,1610.77,21478,579,30,3,1,2404.82
CAMP-01948,SEO Content Campaign 2024-10-18,2024-10-18,SEO Content,3038.38,37683,2995,344,97,65,183451.63
CAMP-01949,Email Campaigns Campaign 2024-10-19,2024-10-19,Email Campaigns,3232.03,66669,1429,128,44,31,79510.96
CAMP-01950,SEO Content Campaign 2024-10-19,2024-10-19,SEO Content,2659.37,58414,3585,180,65,62,267412.91
CAMP-01951,Partner Referrals Campaign 2024-10-20,2024-10-20,Partner Referrals,3184.51,82323,3062,429,73,59,202498.65
CAMP-01952,Events & Webinars Campaign 2024-10-20,2024-10-20,Events & Webinars,1302.1,29394,1631,305,64,58,147037.01
CAMP-01953,SEO Content Campaign 2024-10-20,2024-10-20,SEO Content,652.88,44486,3446,685,240,188,540754.56
CAMP-01954,Events & Webinars Campaign 2024-10-21,2024-10-21,Events & Webinars,3415.25,74041,4832,794,169,105,143817.06
CAMP-01955,Google Ads Campaign 2024-10-21,2024-10-21,Google Ads,715.24,84489,5280,826,103,87,319948.06
CAMP-01956,Events & Webinars Campaign 2024-10-22,2024-10-22,Events & Webinars,762.79,30648,2230,381,134,123,202376.89
CAMP-01957,SEO Content Campaign 2024-10-22,2024-10-22,SEO Content,1713.73,28157,2155,368,92,62,68128.75
CAMP-01958,Email Campaigns Campaign 2024-10-23,2024-10-23,Email Campaigns,543.48,58375,4415,871,144,113,116343.29
CAMP-01959,Partner Referrals Campaign 2024-10-23,2024-10-23,Partner Referrals,3386.59,44653,1565,100,24,16,41577.03
CAMP-01960,Google Ads Campaign 2024-10-23,2024-10-23,Google Ads,603.44,73341,5608,1041,117,74,230790.36
CAMP-01961,LinkedIn Ads Campaign 2024-10-23,2024-10-23,LinkedIn Ads,2358.5,35670,822,122,22,15,23242.44
CAMP-01962,Email Campaigns Campaign 2024-10-24,2024-10-24,Email Campaigns,3469.03,51145,3654,337,85,69,200541.26
CAMP-01963,SEO Content Campaign 2024-10-24,2024-10-24,SEO Content,2805.81,42234,2904,507,178,168,534033.26
CAMP-01964,Partner Referrals Campaign 2024-10-24,2024-10-24,Partner Referrals,1088.94,38823,1472,227,58,43,103894.27
CAMP-01965,Google Ads Campaign 2024-10-24,2024-10-24,Google Ads,1293.78,60222,4780,311,54,42,139458.7
CAMP-01966,SEO Content Campaign 2024-10-25,2024-10-25,SEO Content,2478.36,39112,1590,224,77,50,176070.99
CAMP-01967,LinkedIn Ads Campaign 2024-10-25,2024-10-25,LinkedIn Ads,1662.04,63651,2769,284,28,19,28248.87
CAMP-01968,Events & Webinars Campaign 2024-10-25,2024-10-25,Events & Webinars,2362.46,9650,297,36,11,8,24611.41
CAMP-01969,SEO Content Campaign 2024-10-26,2024-10-26,SEO Content,538.65,22692,1445,99,19,17,49425.86
CAMP-01970,LinkedIn Ads Campaign 2024-10-26,2024-10-26,LinkedIn Ads,792.36,67731,4480,293,112,98,78846.21
CAMP-01971,SEO Content Campaign 2024-10-27,2024-10-27,SEO Content,970.43,70488,5390,803,214,207,836635.53
CAMP-01972,Partner Referrals Campaign 2024-10-27,2024-10-27,Partner Referrals,317.87,44618,2785,313,101,64,193349.96
CAMP-01973,Email Campaigns Campaign 2024-10-28,2024-10-28,Email Campaigns,1425.38,67782,1438,109,31,19,31050.16
CAMP-01974,LinkedIn Ads Campaign 2024-10-28,2024-10-28,LinkedIn Ads,3241.06,40142,2872,176,28,20,30800.95
CAMP-01975,Google Ads Campaign 2024-10-28,2024-10-28,Google Ads,2270.19,30510,1928,194,70,68,155059.06
CAMP-01976,Events & Webinars Campaign 2024-10-28,2024-10-28,Events & Webinars,1780.01,41459,2081,157,55,34,118241.19
CAMP-01977,Partner Referrals Campaign 2024-10-29,2024-10-29,Partner Referrals,3073.85,88147,6613,678,219,194,701505.71
CAMP-01978,Google Ads Campaign 2024-10-29,2024-10-29,Google Ads,2063.95,12405,808,114,36,28,45677.41
CAMP-01979,Email Campaigns Campaign 2024-10-30,2024-10-30,Email Campaigns,2447.66,77703,3630,535,55,34,106959.92
CAMP-01980,Events & Webinars Campaign 2024-10-30,2024-10-30,Events & Webinars,2147.58,44409,1550,282,30,19,54078.81
CAMP-01981,SEO Content Campaign 2024-10-30,2024-10-30,SEO Content,2017.31,86426,6829,1023,124,116,520294.97
CAMP-01982,LinkedIn Ads Campaign 2024-10-30,2024-10-30,LinkedIn Ads,305.48,34531,1914,298,100,92,100443.22
CAMP-01983,Events & Webinars Campaign 2024-10-31,2024-10-31,Events & Webinars,2370.16,70014,2978,383,90,80,321736.75
CAMP-01984,Partner Referrals Campaign 2024-10-31,2024-10-31,Partner Referrals,2506.31,76692,2519,263,75,58,222842.31
CAMP-01985,Partner Referrals Campaign 2024-11-01,2024-11-01,Partner Referrals,687.22,65243,4146,424,161,126,524613.32
CAMP-01986,SEO Content Campaign 2024-11-01,2024-11-01,SEO Content,1697.81,85921,5016,969,347,280,1164312.62
CAMP-01987,LinkedIn Ads Campaign 2024-11-01,2024-11-01,LinkedIn Ads,346.71,69889,1398,209,61,49,82792.71
CAMP-01988,Google Ads Campaign 2024-11-02,2024-11-02,Google Ads,2044.56,37468,1716,146,31,19,58491.43
CAMP-01989,Events & Webinars Campaign 2024-11-02,2024-11-02,Events & Webinars,2507.19,71134,4957,951,334,296,1128265.48
CAMP-01990,LinkedIn Ads Campaign 2024-11-02,2024-11-02,LinkedIn Ads,3290.79,31924,1472,232,33,27,77692.57
CAMP-01991,Partner Referrals Campaign 2024-11-02,2024-11-02,Partner Referrals,1319.03,9675,621,119,15,12,51799.54
CAMP-01992,SEO Content Campaign 2024-11-03,2024-11-03,SEO Content,1223.54,96080,6730,1282,149,135,535728.78
CAMP-01993,Google Ads Campaign 2024-11-03,2024-11-03,Google Ads,2511.06,86777,5412,993,310,196,371349.09
CAMP-01994,Partner Referrals Campaign 2024-11-03,2024-11-03,Partner Referrals,551.0,97765,4496,445,167,134,447231.65
CAMP-01995,Google Ads Campaign 2024-11-04,2024-11-04,Google Ads,682.29,86096,6583,1302,489,432,648209.07
CAMP-01996,SEO Content Campaign 2024-11-04,2024-11-04,SEO Content,1382.33,50031,3221,392,66,49,80812.92
CAMP-01997,LinkedIn Ads Campaign 2024-11-04,2024-11-04,LinkedIn Ads,548.87,12922,358,58,16,12,36450.24
CAMP-01998,Partner Referrals Campaign 2024-11-05,2024-11-05,Partner Referrals,3374.85,73990,5467,834,233,222,568903.44
CAMP-01999,Events & Webinars Campaign 2024-11-05,2024-11-05,Events & Webinars,2770.58,23223,1524,301,92,60,81057.53
CAMP-02000,Email Campaigns Campaign 2024-11-06,2024-11-06,Email Campaigns,1776.93,66310,2306,136,30,19,72023.49
CAMP-02001,LinkedIn Ads Campaign 2024-11-06,2024-11-06,LinkedIn Ads,2449.84,48179,2053,278,70,65,105298.7
CAMP-02002,Google Ads Campaign 2024-11-06,2024-11-06,Google Ads,2329.19,82959,4731,317,94,83,293417.15
CAMP-02003,Email Campaigns Campaign 2024-11-07,2024-11-07,Email Campaigns,545.45,92858,2865,168,33,23,26927.87
CAMP-02004,Google Ads Campaign 2024-11-07,2024-11-07,Google Ads,779.19,15710,698,88,24,18,24691.6
CAMP-02005,SEO Content Campaign 2024-11-07,2024-11-07,SEO Content,3437.55,22982,672,103,22,17,66078.95
CAMP-02006,Partner Referrals Campaign 2024-11-07,2024-11-07,Partner Referrals,890.73,18960,1092,214,29,19,72594.16
CAMP-02007,SEO Content Campaign 2024-11-08,2024-11-08,SEO Content,2180.48,46926,2247,176,30,26,66000.69
CAMP-02008,LinkedIn Ads Campaign 2024-11-08,2024-11-08,LinkedIn Ads,1408.64,77957,2089,182,34,23,58344.47
CAMP-02009,Google Ads Campaign 2024-11-09,2024-11-09,Google Ads,2633.38,13837,470,79,21,19,49823.9
CAMP-02010,LinkedIn Ads Campaign 2024-11-09,2024-11-09,LinkedIn Ads,725.75,47269,2591,261,44,42,110635.64
CAMP-02011,SEO Content Campaign 2024-11-09,2024-11-09,SEO Content,2897.39,95397,2568,341,102,68,287332.42
CAMP-02012,Events & Webinars Campaign 2024-11-10,2024-11-10,Events & Webinars,1542.78,98762,5935,657,216,129,264349.35
CAMP-02013,Google Ads Campaign 2024-11-10,2024-11-10,Google Ads,963.13,42311,3290,247,93,73,220440.61
CAMP-02014,Google Ads Campaign 2024-11-11,2024-11-11,Google Ads,3365.63,77662,5756,665,148,136,140337.24
CAMP-02015,LinkedIn Ads Campaign 2024-11-11,2024-11-11,LinkedIn Ads,997.98,45671,1537,166,33,28,91849.49
CAMP-02016,Email Campaigns Campaign 2024-11-11,2024-11-11,Email Campaigns,1485.46,39447,1908,363,80,53,227465.68
CAMP-02017,SEO Content Campaign 2024-11-11,2024-11-11,SEO Content,1899.5,52923,2709,310,49,44,144963.42
CAMP-02018,LinkedIn Ads Campaign 2024-11-12,2024-11-12,LinkedIn Ads,2755.55,61680,4294,547,73,46,63044.75
CAMP-02019,Email Campaigns Campaign 2024-11-12,2024-11-12,Email Campaigns,3124.98,92877,4372,675,108,78,333787.89
CAMP-02020,Google Ads Campaign 2024-11-13,2024-11-13,Google Ads,1637.51,46082,2011,358,44,41,135585.82
CAMP-02021,Partner Referrals Campaign 2024-11-13,2024-11-13,Partner Referrals,3044.53,35376,2162,321,112,103,85386.98
CAMP-02022,SEO Content Campaign 2024-11-14,2024-11-14,SEO Content,3433.41,74098,4410,706,77,52,145987.64
CAMP-02023,Partner Referrals Campaign 2024-11-14,2024-11-14,Partner Referrals,2745.92,43879,2102,397,109,69,73083.54
CAMP-02024,Google Ads Campaign 2024-11-14,2024-11-14,Google Ads,2846.08,69561,4141,629,112,76,195931.37
CAMP-02025,LinkedIn Ads Campaign 2024-11-14,2024-11-14,LinkedIn Ads,335.0,98571,6310,1037,326,273,541078.76
CAMP-02026,LinkedIn Ads Campaign 2024-11-15,2024-11-15,LinkedIn Ads,691.94,59683,2855,355,97,58,237209.87
CAMP-02027,Partner Referrals Campaign 2024-11-15,2024-11-15,Partner Referrals,756.59,34583,1478,170,63,60,55911.65
CAMP-02028,Email Campaigns Campaign 2024-11-16,2024-11-16,Email Campaigns,429.0,8809,368,65,13,11,43705.81
CAMP-02029,Google Ads Campaign 2024-11-16,2024-11-16,Google Ads,2303.34,18869,1508,133,48,36,135468.08
CAMP-02030,SEO Content Campaign 2024-11-16,2024-11-16,SEO Content,1274.47,20429,623,54,15,10,13220.88
CAMP-02031,LinkedIn Ads Campaign 2024-11-16,2024-11-16,LinkedIn Ads,1026.08,18932,785,108,40,34,84684.89
CAMP-02032,Events & Webinars Campaign 2024-11-17,2024-11-17,Events & Webinars,2069.9,26604,1721,256,52,47,173272.98
CAMP-02033,LinkedIn Ads Campaign 2024-11-17,2024-11-17,LinkedIn Ads,1472.38,68547,2946,346,133,95,232637.81
CAMP-02034,SEO Content Campaign 2024-11-18,2024-11-18,SEO Content,2083.99,34756,874,52,18,12,9768.84
CAMP-02035,Partner Referrals Campaign 2024-11-18,2024-11-18,Partner Referrals,2364.2,55373,4353,817,317,267,848618.24
CAMP-02036,LinkedIn Ads Campaign 2024-11-19,2024-11-19,LinkedIn Ads,899.58,45354,1999,131,43,35,137419.27
CAMP-02037,Google Ads Campaign 2024-11-19,2024-11-19,Google Ads,2746.27,13596,313,31,7,4,7606.34
CAMP-02038,SEO Content Campaign 2024-11-19,2024-11-19,SEO Content,1792.58,48086,2410,368,48,39,73370.91
CAMP-02039,Partner Referrals Campaign 2024-11-20,2024-11-20,Partner Referrals,625.22,75312,4499,317,32,22,28183.85
CAMP-02040,Events & Webinars Campaign 2024-11-20,2024-11-20,Events & Webinars,1587.47,94718,2227,287,102,90,160384.33
CAMP-02041,LinkedIn Ads Campaign 2024-11-20,2024-11-20,LinkedIn Ads,1814.2,31433,1180,232,31,24,63880.61
CAMP-02042,SEO Content Campaign 2024-11-20,2024-11-20,SEO Content,2063.94,38252,1346,80,25,21,21812.45
CAMP-02043,Events & Webinars Campaign 2024-11-21,2024-11-21,Events & Webinars,2731.52,97423,4586,828,319,282,578992.15
CAMP-02044,SEO Content Campaign 2024-11-21,2024-11-21,SEO Content,813.84,49972,3584,683,146,89,238474.7
CAMP-02045,Google Ads Campaign 2024-11-21,2024-11-21,Google Ads,3075.32,30470,2081,126,43,36,130388.55
CAMP-02046,Email Campaigns Campaign 2024-11-21,2024-11-21,Email Campaigns,3049.5,26514,2000,120,20,18,39867.85
CAMP-02047,SEO Content Campaign 2024-11-22,2024-11-22,SEO Content,1411.16,60050,4357,338,63,44,63205.27
CAMP-02048,Google Ads Campaign 2024-11-22,2024-11-22,Google Ads,2864.26,36568,2681,291,89,78,162922.79
CAMP-02049,Email Campaigns Campaign 2024-11-22,2024-11-22,Email Campaigns,3229.76,29881,1155,225,70,66,285185.09
CAMP-02050,Google Ads Campaign 2024-11-23,2024-11-23,Google Ads,2818.04,64889,4629,338,77,64,69330.92
CAMP-02051,Events & Webinars Campaign 2024-11-23,2024-11-23,Events & Webinars,883.82,27858,1397,179,21,20,17177.76
CAMP-02052,Events & Webinars Campaign 2024-11-24,2024-11-24,Events & Webinars,1513.83,6076,441,71,27,20,56188.71
CAMP-02053,Email Campaigns Campaign 2024-11-24,2024-11-24,Email Campaigns,2926.07,61499,2804,179,50,33,89296.58
CAMP-02054,Google Ads Campaign 2024-11-24,2024-11-24,Google Ads,732.33,13152,631,110,37,22,19360.35
CAMP-02055,Events & Webinars Campaign 2024-11-25,2024-11-25,Events & Webinars,848.02,44452,2371,348,97,74,183345.51
CAMP-02056,Email Campaigns Campaign 2024-11-25,2024-11-25,Email Campaigns,366.54,9858,477,87,19,15,63443.68
CAMP-02057,Google Ads Campaign 2024-11-26,2024-11-26,Google Ads,3063.25,92258,4163,493,188,134,116203.42
CAMP-02058,LinkedIn Ads Campaign 2024-11-26,2024-11-26,LinkedIn Ads,2707.36,9356,237,25,4,2,3019.42
CAMP-02059,Google Ads Campaign 2024-11-27,2024-11-27,Google Ads,2096.31,18359,970,59,8,7,6607.2
CAMP-02060,LinkedIn Ads Campaign 2024-11-27,2024-11-27,LinkedIn Ads,749.25,16541,922,182,47,40,105050.21
CAMP-02061,Partner Referrals Campaign 2024-11-27,2024-11-27,Partner Referrals,1856.46,24453,1065,69,15,13,57057.17
CAMP-02062,Email Campaigns Campaign 2024-11-27,2024-11-27,Email Campaigns,3312.95,36720,1769,115,27,25,103227.65
CAMP-02063,Google Ads Campaign 2024-11-28,2024-11-28,Google Ads,972.51,5964,327,48,6,5,8247.17
CAMP-02064,Email Campaigns Campaign 2024-11-28,2024-11-28,Email Campaigns,2542.84,58090,2250,423,156,155,471460.35
CAMP-02065,Events & Webinars Campaign 2024-11-28,2024-11-28,Events & Webinars,2711.35,84508,4684,301,30,23,69991.54
CAMP-02066,Partner Referrals Campaign 2024-11-29,2024-11-29,Partner Referrals,3282.68,19325,1256,185,26,16,25272.57
CAMP-02067,Events & Webinars Campaign 2024-11-29,2024-11-29,Events & Webinars,2391.97,63806,4567,237,93,66,53463.92
CAMP-02068,Google Ads Campaign 2024-11-29,2024-11-29,Google Ads,2088.67,7342,477,52,11,10,10852.59
CAMP-02069,LinkedIn Ads Campaign 2024-11-29,2024-11-29,LinkedIn Ads,3406.58,7257,336,57,16,13,49432.96
CAMP-02070,Google Ads Campaign 2024-11-30,2024-11-30,Google Ads,1779.39,51496,3405,535,105,65,89469.73
CAMP-02071,SEO Content Campaign 2024-11-30,2024-11-30,SEO Content,471.02,65604,3216,630,243,222,566287.87
CAMP-02072,Google Ads Campaign 2024-12-01,2024-12-01,Google Ads,393.85,79118,4439,850,311,298,1327063.13
CAMP-02073,Partner Referrals Campaign 2024-12-01,2024-12-01,Partner Referrals,2591.52,85940,2368,307,44,27,63142.72
CAMP-02074,Events & Webinars Campaign 2024-12-01,2024-12-01,Events & Webinars,3454.67,83625,5663,926,207,177,164624.4
CAMP-02075,SEO Content Campaign 2024-12-01,2024-12-01,SEO Content,867.06,84195,4053,215,29,20,79015.34
CAMP-02076,LinkedIn Ads Campaign 2024-12-02,2024-12-02,LinkedIn Ads,798.23,70793,3500,365,100,86,231422.69
CAMP-02077,Email Campaigns Campaign 2024-12-02,2024-12-02,Email Campaigns,975.29,27183,980,140,24,16,49655.36
CAMP-02078,Events & Webinars Campaign 2024-12-02,2024-12-02,Events & Webinars,2994.55,34498,1515,271,106,64,180826.69
CAMP-02079,Partner Referrals Campaign 2024-12-02,2024-12-02,Partner Referrals,309.17,54336,3557,399,51,33,134029.54
CAMP-02080,SEO Content Campaign 2024-12-03,2024-12-03,SEO Content,3259.34,29828,1698,224,84,52,178929.47
CAMP-02081,Google Ads Campaign 2024-12-03,2024-12-03,Google Ads,1033.33,40175,831,43,15,10,8758.21
CAMP-02082,LinkedIn Ads Campaign 2024-12-03,2024-12-03,LinkedIn Ads,2513.46,22130,797,147,45,44,93473.44
CAMP-02083,Email Campaigns Campaign 2024-12-03,2024-12-03,Email Campaigns,1937.74,92258,5125,460,78,73,73038.73
CAMP-02084,LinkedIn Ads Campaign 2024-12-04,2024-12-04,LinkedIn Ads,1444.03,56650,3904,300,35,32,109962.67
CAMP-02085,Google Ads Campaign 2024-12-04,2024-12-04,Google Ads,1833.42,22310,845,109,30,23,93880.37
CAMP-02086,Partner Referrals Campaign 2024-12-04,2024-12-04,Partner Referrals,2846.88,72349,4582,699,116,86,357652.49
CAMP-02087,LinkedIn Ads Campaign 2024-12-05,2024-12-05,LinkedIn Ads,1052.06,18852,811,147,22,19,63664.53
CAMP-02088,Partner Referrals Campaign 2024-12-05,2024-12-05,Partner Referrals,2800.06,85108,3032,468,162,137,160438.2
CAMP-02089,Google Ads Campaign 2024-12-05,2024-12-05,Google Ads,2135.06,70516,3140,451,112,90,325757.17
CAMP-02090,Events & Webinars Campaign 2024-12-05,2024-12-05,Events & Webinars,758.25,89410,3770,458,145,134,568648.34
CAMP-02091,Google Ads Campaign 2024-12-06,2024-12-06,Google Ads,927.71,31171,2261,212,70,66,194331.17
CAMP-02092,LinkedIn Ads Campaign 2024-12-06,2024-12-06,LinkedIn Ads,898.53,54963,1697,266,94,77,256239.55
CAMP-02093,Partner Referrals Campaign 2024-12-06,2024-12-06,Partner Referrals,2419.81,62510,1666,94,23,18,65041.07
CAMP-02094,SEO Content Campaign 2024-12-06,2024-12-06,SEO Content,315.07,24545,767,98,35,30,24634.27
CAMP-02095,Google Ads Campaign 2024-12-07,2024-12-07,Google Ads,3233.36,64557,3768,267,80,59,84482.03
CAMP-02096,Events & Webinars Campaign 2024-12-07,2024-12-07,Events & Webinars,1462.47,27194,659,75,27,25,94038.76
CAMP-02097,LinkedIn Ads Campaign 2024-12-07,2024-12-07,LinkedIn Ads,1812.38,53940,2372,377,41,28,47926.57
CAMP-02098,Email Campaigns Campaign 2024-12-07,2024-12-07,Email Campaigns,1008.69,54514,2730,260,30,27,33976.06
CAMP-02099,Email Campaigns Campaign 2024-12-08,2024-12-08,Email Campaigns,2918.5,58057,2169,201,38,27,104006.05
CAMP-02100,Partner Referrals Campaign 2024-12-08,2024-12-08,Partner Referrals,1077.85,23838,1385,150,17,12,18490.28
CAMP-02101,Google Ads Campaign 2024-12-08,2024-12-08,Google Ads,1016.71,63689,3131,484,164,102,383158.84
CAMP-02102,LinkedIn Ads Campaign 2024-12-09,2024-12-09,LinkedIn Ads,3138.04,32830,1985,125,27,23,30441.41
CAMP-02103,Partner Referrals Campaign 2024-12-09,2024-12-09,Partner Referrals,3080.71,78624,2001,105,16,13,25689.38
CAMP-02104,Google Ads Campaign 2024-12-09,2024-12-09,Google Ads,1426.79,52715,2109,185,29,18,78426.03
CAMP-02105,Email Campaigns Campaign 2024-12-09,2024-12-09,Email Campaigns,1910.01,12780,703,59,23,20,20622.02
CAMP-02106,Google Ads Campaign 2024-12-10,2024-12-10,Google Ads,2786.52,33223,1201,158,56,36,151697.13
CAMP-02107,Events & Webinars Campaign 2024-12-10,2024-12-10,Events & Webinars,491.92,83053,4288,415,57,45,118682.25
CAMP-02108,Partner Referrals Campaign 2024-12-11,2024-12-11,Partner Referrals,1980.5,80562,2064,149,42,33,112401.17
CAMP-02109,LinkedIn Ads Campaign 2024-12-11,2024-12-11,LinkedIn Ads,711.34,38357,2389,292,69,50,51393.06
CAMP-02110,Partner Referrals Campaign 2024-12-12,2024-12-12,Partner Referrals,872.17,18224,642,52,15,11,33203.63
CAMP-02111,Email Campaigns Campaign 2024-12-12,2024-12-12,Email Campaigns,999.85,85587,6066,1021,225,188,788319.02
CAMP-02112,Events & Webinars Campaign 2024-12-13,2024-12-13,Events & Webinars,1927.96,69026,2801,276,63,58,128217.73
CAMP-02113,LinkedIn Ads Campaign 2024-12-13,2024-12-13,LinkedIn Ads,2833.3,17108,610,97,34,27,111915.53
CAMP-02114,SEO Content Campaign 2024-12-14,2024-12-14,SEO Content,620.02,45599,1937,371,82,59,110597.91
CAMP-02115,LinkedIn Ads Campaign 2024-12-14,2024-12-14,LinkedIn Ads,767.79,45535,1793,324,119,88,268400.63
CAMP-02116,Events & Webinars Campaign 2024-12-15,2024-12-15,Events & Webinars,2805.01,70533,5325,298,46,32,65621.64
CAMP-02117,Google Ads Campaign 2024-12-15,2024-12-15,Google Ads,3142.38,14038,1035,100,33,25,46692.45
CAMP-02118,Partner Referrals Campaign 2024-12-15,2024-12-15,Partner Referrals,1198.79,80308,4042,572,197,170,280533.91
CAMP-02119,Email Campaigns Campaign 2024-12-16,2024-12-16,Email Campaigns,719.26,92623,2470,477,52,34,60586.11
CAMP-02120,Partner Referrals Campaign 2024-12-16,2024-12-16,Partner Referrals,1253.8,12940,474,69,15,14,30418.93
CAMP-02121,SEO Content Campaign 2024-12-16,2024-12-16,SEO Content,3419.05,66486,1377,190,55,39,67610.43
CAMP-02122,LinkedIn Ads Campaign 2024-12-16,2024-12-16,LinkedIn Ads,2921.03,26926,1499,109,14,11,35031.1
CAMP-02123,Partner Referrals Campaign 2024-12-17,2024-12-17,Partner Referrals,1256.06,87440,3890,682,255,171,696273.36
CAMP-02124,LinkedIn Ads Campaign 2024-12-17,2024-12-17,LinkedIn Ads,1839.57,50305,3461,194,57,39,47412.98
CAMP-02125,Events & Webinars Campaign 2024-12-17,2024-12-17,Events & Webinars,1299.36,71740,3883,442,84,54,85524.09
CAMP-02126,Google Ads Campaign 2024-12-17,2024-12-17,Google Ads,855.41,96800,5531,769,195,149,659248.01
CAMP-02127,LinkedIn Ads Campaign 2024-12-18,2024-12-18,LinkedIn Ads,799.59,72091,4116,368,77,49,200002.4
CAMP-02128,SEO Content Campaign 2024-12-18,2024-12-18,SEO Content,3498.87,62008,4531,792,164,122,109308.45
CAMP-02129,Partner Referrals Campaign 2024-12-18,2024-12-18,Partner Referrals,1537.56,42325,1304,99,30,27,101565.94
CAMP-02130,Events & Webinars Campaign 2024-12-18,2024-12-18,Events & Webinars,2662.71,9143,624,68,11,9,16132.73
CAMP-02131,Google Ads Campaign 2024-12-19,2024-12-19,Google Ads,2299.15,57144,2440,221,38,23,75016.21
CAMP-02132,LinkedIn Ads Campaign 2024-12-19,2024-12-19,LinkedIn Ads,358.62,75216,3564,261,67,63,169212.48
CAMP-02133,Partner Referrals Campaign 2024-12-19,2024-12-19,Partner Referrals,2445.42,57923,3346,566,170,128,385430.62
CAMP-02134,Events & Webinars Campaign 2024-12-19,2024-12-19,Events & Webinars,1168.66,20417,452,32,5,4,8569.13
CAMP-02135,LinkedIn Ads Campaign 2024-12-20,2024-12-20,LinkedIn Ads,936.64,87909,6916,549,211,143,474413.56
CAMP-02136,Email Campaigns Campaign 2024-12-20,2024-12-20,Email Campaigns,1467.77,63650,3599,228,48,32,81403.96
CAMP-02137,Events & Webinars Campaign 2024-12-21,2024-12-21,Events & Webinars,3409.54,95235,4328,680,182,147,166171.4
CAMP-02138,LinkedIn Ads Campaign 2024-12-21,2024-12-21,LinkedIn Ads,1921.57,9103,384,74,11,7,18725.85
CAMP-02139,Partner Referrals Campaign 2024-12-21,2024-12-21,Partner Referrals,2017.47,77743,6052,1129,404,251,866961.73
CAMP-02140,Email Campaigns Campaign 2024-12-22,2024-12-22,Email Campaigns,1992.55,41856,1294,172,44,41,104165.64
CAMP-02141,SEO Content Campaign 2024-12-22,2024-12-22,SEO Content,1750.15,90825,4634,628,156,110,448677.02
CAMP-02142,Google Ads Campaign 2024-12-23,2024-12-23,Google Ads,2055.21,85877,5431,1081,336,310,1186609.52
CAMP-02143,SEO Content Campaign 2024-12-23,2024-12-23,SEO Content,1366.92,5326,118,7,1,1,1292.89
CAMP-02144,LinkedIn Ads Campaign 2024-12-23,2024-12-23,LinkedIn Ads,2942.01,22759,584,100,27,23,97503.87
CAMP-02145,LinkedIn Ads Campaign 2024-12-24,2024-12-24,LinkedIn Ads,2731.01,79168,2753,483,145,95,233811.12
CAMP-02146,Email Campaigns Campaign 2024-12-24,2024-12-24,Email Campaigns,2589.08,49235,3461,495,94,72,267224.53
CAMP-02147,SEO Content Campaign 2024-12-24,2024-12-24,SEO Content,2766.31,57960,2568,289,106,79,201238.21
CAMP-02148,Google Ads Campaign 2024-12-24,2024-12-24,Google Ads,888.71,87357,3077,323,124,117,396923.58
CAMP-02149,SEO Content Campaign 2024-12-25,2024-12-25,SEO Content,1791.61,63161,1736,113,34,33,46679.18
CAMP-02150,Events & Webinars Campaign 2024-12-25,2024-12-25,Events & Webinars,808.35,43004,3413,337,122,104,224216.42
CAMP-02151,Email Campaigns Campaign 2024-12-25,2024-12-25,Email Campaigns,3041.48,79497,2051,366,74,53,237711.21
CAMP-02152,Google Ads Campaign 2024-12-26,2024-12-26,Google Ads,695.0,52568,1991,379,96,90,275247.22
CAMP-02153,Partner Referrals Campaign 2024-12-26,2024-12-26,Partner Referrals,2130.91,13636,620,46,6,3,4737.5
CAMP-02154,Events & Webinars Campaign 2024-12-26,2024-12-26,Events & Webinars,2820.39,71461,5003,713,191,121,464006.98
CAMP-02155,Events & Webinars Campaign 2024-12-27,2024-12-27,Events & Webinars,731.29,38423,1730,144,19,14,31725.69
CAMP-02156,LinkedIn Ads Campaign 2024-12-27,2024-12-27,LinkedIn Ads,2654.49,88715,5770,512,193,122,315583.72
CAMP-02157,SEO Content Campaign 2024-12-27,2024-12-27,SEO Content,1727.0,62461,4325,678,179,161,523165.77
CAMP-02158,Google Ads Campaign 2024-12-27,2024-12-27,Google Ads,2549.96,30023,2153,388,122,105,117340.6
CAMP-02159,LinkedIn Ads Campaign 2024-12-28,2024-12-28,LinkedIn Ads,1154.52,37146,763,110,16,10,11189.36
CAMP-02160,SEO Content Campaign 2024-12-28,2024-12-28,SEO Content,3061.89,62577,4624,882,130,82,215602.6
CAMP-02161,Partner Referrals Campaign 2024-12-29,2024-12-29,Partner Referrals,3217.94,75263,2181,189,46,31,71703.51
CAMP-02162,Events & Webinars Campaign 2024-12-29,2024-12-29,Events & Webinars,814.87,71839,3348,659,162,148,345594.03
CAMP-02163,Google Ads Campaign 2024-12-30,2024-12-30,Google Ads,2664.45,85852,2225,285,82,72,66031.37
CAMP-02164,Events & Webinars Campaign 2024-12-30,2024-12-30,Events & Webinars,828.12,81775,2172,235,24,22,90352.68
CAMP-02165,LinkedIn Ads Campaign 2024-12-30,2024-12-30,LinkedIn Ads,1786.93,48022,2731,456,84,82,361425.52
CAMP-02166,SEO Content Campaign 2024-12-30,2024-12-30,SEO Content,3447.94,99354,6683,1287,357,264,401204.69
CAMP-02167,Partner Referrals Campaign 2024-12-31,2024-12-31,Partner Referrals,3177.37,26051,1403,211,31,24,31432.78
CAMP-02168,SEO Content Campaign 2024-12-31,2024-12-31,SEO Content,869.56,61868,2348,186,40,27,91951.31
CAMP-02169,SEO Content Campaign 2025-01-01,2025-01-01,SEO Content,2385.75,14472,821,116,44,38,127950.36
CAMP-02170,Events & Webinars Campaign 2025-01-01,2025-01-01,Events & Webinars,2013.25,69231,5338,891,217,179,667024.38
CAMP-02171,LinkedIn Ads Campaign 2025-01-02,2025-01-02,LinkedIn Ads,2504.27,60631,3418,224,32,31,56349.51
CAMP-02172,Email Campaigns Campaign 2025-01-02,2025-01-02,Email Campaigns,603.9,92894,6227,331,95,64,157702.96
CAMP-02173,Partner Referrals Campaign 2025-01-03,2025-01-03,Partner Referrals,1054.51,10935,713,66,9,5,6388.69
CAMP-02174,SEO Content Campaign 2025-01-03,2025-01-03,SEO Content,1269.74,30249,2286,132,49,44,121314.39
CAMP-02175,SEO Content Campaign 2025-01-04,2025-01-04,SEO Content,2944.61,45245,2158,398,118,77,339700.43
CAMP-02176,Events & Webinars Campaign 2025-01-04,2025-01-04,Events & Webinars,1679.3,33668,1209,74,18,11,39059.47
CAMP-02177,Email Campaigns Campaign 2025-01-04,2025-01-04,Email Campaigns,1242.52,60692,1816,149,56,37,155187.24
CAMP-02178,Events & Webinars Campaign 2025-01-05,2025-01-05,Events & Webinars,1663.45,37992,1627,212,48,41,34370.09
CAMP-02179,Partner Referrals Campaign 2025-01-05,2025-01-05,Partner Referrals,3342.44,56336,3471,343,135,102,209920.06
CAMP-02180,Email Campaigns Campaign 2025-01-05,2025-01-05,Email Campaigns,1525.92,45853,3416,501,111,96,317668.67
CAMP-02181,Events & Webinars Campaign 2025-01-06,2025-01-06,Events & Webinars,2447.23,97448,5576,873,280,195,452204.88
CAMP-02182,Email Campaigns Campaign 2025-01-06,2025-01-06,Email Campaigns,2029.93,99313,3542,562,97,86,203646.24
CAMP-02183,Google Ads Campaign 2025-01-07,2025-01-07,Google Ads,3404.13,33200,1248,138,20,15,25823.29
CAMP-02184,Partner Referrals Campaign 2025-01-07,2025-01-07,Partner Referrals,1263.43,88378,5773,1116,263,225,386142.43
CAMP-02185,SEO Content Campaign 2025-01-07,2025-01-07,SEO Content,1992.0,31483,1939,121,32,23,77155.65
CAMP-02186,Partner Referrals Campaign 2025-01-08,2025-01-08,Partner Referrals,3340.03,96944,6602,690,242,179,144862.44
CAMP-02187,LinkedIn Ads Campaign 2025-01-08,2025-01-08,LinkedIn Ads,1341.96,30332,1557,221,68,58,120825.98
CAMP-02188,Email Campaigns Campaign 2025-01-08,2025-01-08,Email Campaigns,1642.46,79549,3272,545,210,188,164950.93
CAMP-02189,SEO Content Campaign 2025-01-08,2025-01-08,SEO Content,3097.55,9559,726,109,16,14,30198.98
CAMP-02190,Events & Webinars Campaign 2025-01-09,2025-01-09,Events & Webinars,1080.67,15903,926,128,23,20,69958.78
CAMP-02191,LinkedIn Ads Campaign 2025-01-09,2025-01-09,LinkedIn Ads,3299.92,95062,1918,350,87,84,258580.51
CAMP-02192,Email Campaigns Campaign 2025-01-10,2025-01-10,Email Campaigns,765.52,48849,3265,548,169,136,327882.81
CAMP-02193,Events & Webinars Campaign 2025-01-10,2025-01-10,Events & Webinars,1603.15,62135,4638,628,230,226,235596.98
CAMP-02194,Email Campaigns Campaign 2025-01-11,2025-01-11,Email Campaigns,3233.87,37945,1812,331,64,52,209497.78
CAMP-02195,Events & Webinars Campaign 2025-01-11,2025-01-11,Events & Webinars,1730.28,77748,2367,266,59,35,64795.35
CAMP-02196,Partner Referrals Campaign 2025-01-12,2025-01-12,Partner Referrals,1421.46,35161,1971,329,67,49,75771.49
CAMP-02197,SEO Content Campaign 2025-01-12,2025-01-12,SEO Content,1081.51,96722,6883,535,110,70,137679.55
CAMP-02198,Events & Webinars Campaign 2025-01-12,2025-01-12,Events & Webinars,1628.7,61425,3728,682,207,197,161618.49
CAMP-02199,Google Ads Campaign 2025-01-12,2025-01-12,Google Ads,3332.83,68080,3499,634,222,149,183126.18
CAMP-02200,Email Campaigns Campaign 2025-01-13,2025-01-13,Email Campaigns,1851.92,47903,2106,133,26,16,53014.97
CAMP-02201,SEO Content Campaign 2025-01-13,2025-01-13,SEO Content,2524.56,74444,2552,380,93,83,354659.06
CAMP-02202,Email Campaigns Campaign 2025-01-14,2025-01-14,Email Campaigns,1697.96,41015,2998,202,32,20,20985.44
CAMP-02203,LinkedIn Ads Campaign 2025-01-14,2025-01-14,LinkedIn Ads,3251.57,97825,4157,406,134,114,138258.51
CAMP-02204,Google Ads Campaign 2025-01-14,2025-01-14,Google Ads,1795.53,80489,2079,278,86,53,200522.61
CAMP-02205,Events & Webinars Campaign 2025-01-15,2025-01-15,Events & Webinars,502.27,58298,3449,289,59,49,144870.63
CAMP-02206,Partner Referrals Campaign 2025-01-15,2025-01-15,Partner Referrals,2734.29,42544,3128,594,88,56,220233.76
CAMP-02207,Partner Referrals Campaign 2025-01-16,2025-01-16,Partner Referrals,1466.61,19474,1075,91,10,6,21225.49
CAMP-02208,Events & Webinars Campaign 2025-01-16,2025-01-16,Events & Webinars,2188.23,98754,3043,484,118,87,374800.81
CAMP-02209,Email Campaigns Campaign 2025-01-17,2025-01-17,Email Campaigns,2869.85,10038,479,74,14,11,42794.49
CAMP-02210,SEO Content Campaign 2025-01-17,2025-01-17,SEO Content,755.5,55912,3537,441,57,39,59519.42
CAMP-02211,Events & Webinars Campaign 2025-01-17,2025-01-17,Events & Webinars,1866.71,35670,1499,219,61,60,109532.84
CAMP-02212,Email Campaigns Campaign 2025-01-18,2025-01-18,Email Campaigns,478.9,33735,2312,281,78,58,148169.15
CAMP-02213,Events & Webinars Campaign 2025-01-18,2025-01-18,Events & Webinars,2418.69,82768,3325,415,149,103,97786.55
CAMP-02214,SEO Content Campaign 2025-01-18,2025-01-18,SEO Content,1950.25,88304,4152,413,103,75,331995.32
CAMP-02215,Google Ads Campaign 2025-01-18,2025-01-18,Google Ads,507.0,19966,1121,170,20,17,74752.31
CAMP-02216,Partner Referrals Campaign 2025-01-19,2025-01-19,Partner Referrals,1874.12,58066,2479,295,51,37,113616.43
CAMP-02217,LinkedIn Ads Campaign 2025-01-19,2025-01-19,LinkedIn Ads,473.52,48281,1439,196,46,38,149078.07
CAMP-02218,Email Campaigns Campaign 2025-01-19,2025-01-19,Email Campaigns,3473.98,10621,723,116,19,16,68822.96
CAMP-02219,Events & Webinars Campaign 2025-01-19,2025-01-19,Events & Webinars,2601.84,69728,4176,377,88,83,305196.31
CAMP-02220,SEO Content Campaign 2025-01-20,2025-01-20,SEO Content,3240.22,15536,902,115,39,28,80288.42
CAMP-02221,LinkedIn Ads Campaign 2025-01-20,2025-01-20,LinkedIn Ads,742.77,20646,760,103,21,16,46319.76
CAMP-02222,Events & Webinars Campaign 2025-01-20,2025-01-20,Events & Webinars,2294.87,13978,291,30,11,7,11547.2
CAMP-02223,Google Ads Campaign 2025-01-20,2025-01-20,Google Ads,610.83,56200,2418,410,153,113,240488.77
CAMP-02224,LinkedIn Ads Campaign 2025-01-21,2025-01-21,LinkedIn Ads,407.55,68640,3279,247,56,45,167613.28
CAMP-02225,Partner Referrals Campaign 2025-01-21,2025-01-21,Partner Referrals,2742.19,12814,719,68,26,18,57665.01
CAMP-02226,Google Ads Campaign 2025-01-22,2025-01-22,Google Ads,1427.77,65339,2802,282,54,34,113922.39
CAMP-02227,Email Campaigns Campaign 2025-01-22,2025-01-22,Email Campaigns,857.28,54748,3337,428,95,91,308594.66
CAMP-02228,LinkedIn Ads Campaign 2025-01-22,2025-01-22,LinkedIn Ads,3117.18,43525,3408,402,92,60,52091.33
CAMP-02229,Events & Webinars Campaign 2025-01-22,2025-01-22,Events & Webinars,2698.49,7298,213,22,6,4,10578.21
CAMP-02230,Partner Referrals Campaign 2025-01-23,2025-01-23,Partner Referrals,1245.35,41322,2837,419,95,88,106759.78
CAMP-02231,LinkedIn Ads Campaign 2025-01-23,2025-01-23,LinkedIn Ads,1538.21,94973,2657,400,128,107,419451.7
CAMP-02232,Email Campaigns Campaign 2025-01-23,2025-01-23,Email Campaigns,3270.52,67425,5021,863,284,186,690203.53
CAMP-02233,Google Ads Campaign 2025-01-24,2025-01-24,Google Ads,1522.5,56005,2669,528,196,158,204080.59
CAMP-02234,SEO Content Campaign 2025-01-24,2025-01-24,SEO Content,1513.46,80846,4456,865,240,148,388891.01
CAMP-02235,Events & Webinars Campaign 2025-01-24,2025-01-24,Events & Webinars,400.83,31565,2265,177,56,44,90075.75
CAMP-02236,Events & Webinars Campaign 2025-01-25,2025-01-25,Events & Webinars,2312.84,59143,2212,231,40,31,117193.52
CAMP-02237,LinkedIn Ads Campaign 2025-01-25,2025-01-25,LinkedIn Ads,1906.53,68497,2904,164,64,59,205512.72
CAMP-02238,Partner Referrals Campaign 2025-01-26,2025-01-26,Partner Referrals,2509.36,62752,2389,346,97,59,72347.9
CAMP-02239,Events & Webinars Campaign 2025-01-26,2025-01-26,Events & Webinars,646.07,52070,2990,344,91,67,212862.92
CAMP-02240,Google Ads Campaign 2025-01-27,2025-01-27,Google Ads,2308.21,99748,4571,474,77,52,56683.14
CAMP-02241,Events & Webinars Campaign 2025-01-27,2025-01-27,Events & Webinars,2339.95,58439,1624,166,64,51,98621.87
CAMP-02242,Email Campaigns Campaign 2025-01-28,2025-01-28,Email Campaigns,2676.12,88728,5757,911,218,133,475952.46
CAMP-02243,SEO Content Campaign 2025-01-28,2025-01-28,SEO Content,906.53,99164,2855,460,59,50,40185.5
CAMP-02244,Google Ads Campaign 2025-01-29,2025-01-29,Google Ads,895.44,65845,5170,707,106,92,286976.76
CAMP-02245,Events & Webinars Campaign 2025-01-29,2025-01-29,Events & Webinars,2424.68,97044,5751,609,192,155,494089.83
CAMP-02246,SEO Content Campaign 2025-01-30,2025-01-30,SEO Content,897.34,51301,3420,582,109,108,211266.86
CAMP-02247,Email Campaigns Campaign 2025-01-30,2025-01-30,Email Campaigns,3255.73,96879,5912,565,168,144,159344.83
CAMP-02248,Partner Referrals Campaign 2025-01-30,2025-01-30,Partner Referrals,2191.31,31866,1944,267,81,72,150722.23
CAMP-02249,SEO Content Campaign 2025-01-31,2025-01-31,SEO Content,584.83,25343,1358,154,31,22,38209.0
CAMP-02250,Events & Webinars Campaign 2025-01-31,2025-01-31,Events & Webinars,1862.74,31071,2484,429,169,113,135831.69
CAMP-02251,LinkedIn Ads Campaign 2025-01-31,2025-01-31,LinkedIn Ads,2066.37,76642,2890,236,81,73,260889.46
CAMP-02252,Events & Webinars Campaign 2025-02-01,2025-02-01,Events & Webinars,2193.92,79140,2496,403,154,133,554698.35
CAMP-02253,Partner Referrals Campaign 2025-02-01,2025-02-01,Partner Referrals,1170.21,28146,1630,124,42,26,25425.71
CAMP-02254,Email Campaigns Campaign 2025-02-02,2025-02-02,Email Campaigns,510.67,85287,3333,593,152,136,482729.18
CAMP-02255,SEO Content Campaign 2025-02-02,2025-02-02,SEO Content,1168.58,28531,943,53,7,6,16997.72
CAMP-02256,Email Campaigns Campaign 2025-02-03,2025-02-03,Email Campaigns,1099.84,55082,2298,269,82,53,161630.55
CAMP-02257,SEO Content Campaign 2025-02-03,2025-02-03,SEO Content,3249.17,45780,1203,83,31,19,22508.9
CAMP-02258,Partner Referrals Campaign 2025-02-04,2025-02-04,Partner Referrals,342.58,90913,3966,404,59,37,50070.98
CAMP-02259,SEO Content Campaign 2025-02-04,2025-02-04,SEO Content,1264.27,88701,2116,393,90,56,250779.37
CAMP-02260,Google Ads Campaign 2025-02-05,2025-02-05,Google Ads,1573.21,18682,618,105,28,16,22634.86
CAMP-02261,Email Campaigns Campaign 2025-02-05,2025-02-05,Email Campaigns,550.37,95471,6255,1089,242,202,641368.14
CAMP-02262,Partner Referrals Campaign 2025-02-06,2025-02-06,Partner Referrals,3219.71,19464,935,117,27,18,66410.85
CAMP-02263,SEO Content Campaign 2025-02-06,2025-02-06,SEO Content,1497.17,20457,882,53,7,6,5711.73
CAMP-02264,LinkedIn Ads Campaign 2025-02-06,2025-02-06,LinkedIn Ads,860.51,16473,913,59,19,15,30203.66
CAMP-02265,Email Campaigns Campaign 2025-02-06,2025-02-06,Email Campaigns,2574.43,73606,4101,673,67,47,170069.2
CAMP-02266,Email Campaigns Campaign 2025-02-07,2025-02-07,Email Campaigns,1207.33,29592,640,74,16,14,23288.1
CAMP-02267,SEO Content Campaign 2025-02-07,2025-02-07,SEO Content,440.9,98786,4355,669,129,115,281810.82
CAMP-02268,Google Ads Campaign 2025-02-07,2025-02-07,Google Ads,1264.31,82284,5474,860,216,180,185040.57
CAMP-02269,Events & Webinars Campaign 2025-02-07,2025-02-07,Events & Webinars,1724.77,20241,722,45,11,10,33052.67
CAMP-02270,LinkedIn Ads Campaign 2025-02-08,2025-02-08,LinkedIn Ads,1146.76,40209,1667,205,65,39,162242.55
CAMP-02271,Google Ads Campaign 2025-02-08,2025-02-08,Google Ads,738.85,55504,3587,540,193,118,233908.45
CAMP-02272,SEO Content Campaign 2025-02-08,2025-02-08,SEO Content,2313.12,5198,407,58,9,8,20350.18
CAMP-02273,Events & Webinars Campaign 2025-02-09,2025-02-09,Events & Webinars,2398.03,69893,5137,583,72,58,244025.62
CAMP-02274,LinkedIn Ads Campaign 2025-02-09,2025-02-09,LinkedIn Ads,892.21,9573,486,96,24,18,33218.35
CAMP-02275,Email Campaigns Campaign 2025-02-09,2025-02-09,Email Campaigns,509.19,10145,718,91,35,29,32531.1
CAMP-02276,Google Ads Campaign 2025-02-09,2025-02-09,Google Ads,3434.09,69432,4724,340,87,65,225407.6
CAMP-02277,Email Campaigns Campaign 2025-02-10,2025-02-10,Email Campaigns,1619.57,91365,6755,1108,353,247,479233.9
CAMP-02278,Events & Webinars Campaign 2025-02-10,2025-02-10,Events & Webinars,1641.33,77589,3564,660,194,159,653969.09
CAMP-02279,Partner Referrals Campaign 2025-02-11,2025-02-11,Partner Referrals,3436.68,54595,1585,184,71,60,227888.25
CAMP-02280,Email Campaigns Campaign 2025-02-11,2025-02-11,Email Campaigns,2448.64,93083,5529,461,158,124,464664.46
CAMP-02281,SEO Content Campaign 2025-02-12,2025-02-12,SEO Content,444.78,84147,1794,120,39,36,79096.35
CAMP-02282,Events & Webinars Campaign 2025-02-12,2025-02-12,Events & Webinars,2859.2,25057,790,116,34,26,66540.93
CAMP-02283,LinkedIn Ads Campaign 2025-02-12,2025-02-12,LinkedIn Ads,1056.62,41145,2064,305,57,46,92569.08
CAMP-02284,Google Ads Campaign 2025-02-13,2025-02-13,Google Ads,561.35,40725,1800,258,58,41,47948.73
CAMP-02285,LinkedIn Ads Campaign 2025-02-13,2025-02-13,LinkedIn Ads,1911.33,58721,4481,579,127,116,504522.1
CAMP-02286,Events & Webinars Campaign 2025-02-13,2025-02-13,Events & Webinars,3461.25,57416,1999,374,133,92,118601.78
CAMP-02287,Email Campaigns Campaign 2025-02-13,2025-02-13,Email Campaigns,499.04,18243,1354,179,48,33,87421.4
CAMP-02288,Partner Referrals Campaign 2025-02-14,2025-02-14,Partner Referrals,3234.43,76048,4739,340,103,84,110966.46
CAMP-02289,LinkedIn Ads Campaign 2025-02-14,2025-02-14,LinkedIn Ads,1946.9,59036,2110,280,35,31,47963.76
CAMP-02290,Email Campaigns Campaign 2025-02-14,2025-02-14,Email Campaigns,1823.6,54640,1580,205,42,40,133910.76
CAMP-02291,SEO Content Campaign 2025-02-14,2025-02-14,SEO Content,1900.94,35842,2451,171,65,59,130151.75
CAMP-02292,SEO Content Campaign 2025-02-15,2025-02-15,SEO Content,1925.23,65385,2307,426,78,65,128903.81
CAMP-02293,Email Campaigns Campaign 2025-02-15,2025-02-15,Email Campaigns,3158.37,45142,2337,322,73,58,113203.49
CAMP-02294,Google Ads Campaign 2025-02-15,2025-02-15,Google Ads,1396.31,31754,1654,109,30,18,42292.08
CAMP-02295,Google Ads Campaign 2025-02-16,2025-02-16,Google Ads,3381.03,82881,3299,357,42,35,76601.36
CAMP-02296,LinkedIn Ads Campaign 2025-02-16,2025-02-16,LinkedIn Ads,2622.74,89844,6563,773,186,125,464504.4
CAMP-02297,Partner Referrals Campaign 2025-02-17,2025-02-17,Partner Referrals,1528.78,60482,1551,271,100,71,247415.17
CAMP-02298,Events & Webinars Campaign 2025-02-17,2025-02-17,Events & Webinars,2822.73,57384,3903,308,73,51,87013.08
CAMP-02299,SEO Content Campaign 2025-02-17,2025-02-17,SEO Content,2077.36,35670,1577,241,76,51,106437.58
CAMP-02300,Partner Referrals Campaign 2025-02-18,2025-02-18,Partner Referrals,3470.25,46530,1535,175,32,25,100625.41
CAMP-02301,Google Ads Campaign 2025-02-18,2025-02-18,Google Ads,1181.68,33321,1262,228,43,39,60812.66
CAMP-02302,LinkedIn Ads Campaign 2025-02-18,2025-02-18,LinkedIn Ads,1449.38,39827,2263,218,73,70,303001.09
CAMP-02303,SEO Content Campaign 2025-02-18,2025-02-18,SEO Content,1018.49,50245,3601,490,146,109,118963.28
CAMP-02304,Partner Referrals Campaign 2025-02-19,2025-02-19,Partner Referrals,1125.92,38528,784,90,17,11,27170.32
CAMP-02305,SEO Content Campaign 2025-02-19,2025-02-19,SEO Content,411.46,78008,5201,596,172,131,404577.58
CAMP-02306,Events & Webinars Campaign 2025-02-20,2025-02-20,Events & Webinars,2076.03,72317,2052,242,80,72,299063.95
CAMP-02307,Email Campaigns Campaign 2025-02-20,2025-02-20,Email Campaigns,2860.73,41826,988,182,32,19,64936.97
CAMP-02308,Google Ads Campaign 2025-02-20,2025-02-20,Google Ads,414.91,56427,2450,471,151,136,409778.89
CAMP-02309,Google Ads Campaign 2025-02-21,2025-02-21,Google Ads,1488.68,57168,2566,202,29,24,46820.35
CAMP-02310,Partner Referrals Campaign 2025-02-21,2025-02-21,Partner Referrals,2612.97,97000,6012,525,191,188,469817.86
CAMP-02311,SEO Content Campaign 2025-02-22,2025-02-22,SEO Content,2814.08,83906,4807,844,112,73,246330.74
CAMP-02312,Email Campaigns Campaign 2025-02-22,2025-02-22,Email Campaigns,2177.78,53422,2118,120,24,19,59279.68
CAMP-02313,Google Ads Campaign 2025-02-22,2025-02-22,Google Ads,1897.68,38436,2805,470,70,53,113735.02
CAMP-02314,Partner Referrals Campaign 2025-02-23,2025-02-23,Partner Referrals,3269.11,10108,431,39,13,8,8213.58
CAMP-02315,Email Campaigns Campaign 2025-02-23,2025-02-23,Email Campaigns,1889.51,29443,2222,219,73,72,139810.51
CAMP-02316,Partner Referrals Campaign 2025-02-24,2025-02-24,Partner Referrals,2107.5,13436,1066,55,20,12,35085.19
CAMP-02317,Events & Webinars Campaign 2025-02-24,2025-02-24,Events & Webinars,1202.42,52084,3355,394,49,48,42771.07
CAMP-02318,Email Campaigns Campaign 2025-02-24,2025-02-24,Email Campaigns,2264.75,84363,2000,294,43,41,118938.39
CAMP-02319,LinkedIn Ads Campaign 2025-02-25,2025-02-25,LinkedIn Ads,1232.14,46916,1339,169,27,17,38030.77
CAMP-02320,Email Campaigns Campaign 2025-02-25,2025-02-25,Email Campaigns,2722.62,52074,3975,490,67,65,261830.7
CAMP-02321,SEO Content Campaign 2025-02-25,2025-02-25,SEO Content,2371.61,85592,2545,216,22,18,14881.92
CAMP-02322,Events & Webinars Campaign 2025-02-25,2025-02-25,Events & Webinars,2010.6,33838,963,125,26,20,32702.45
CAMP-02323,SEO Content Campaign 2025-02-26,2025-02-26,SEO Content,1645.74,7918,229,15,3,2,5993.21
CAMP-02324,Partner Referrals Campaign 2025-02-26,2025-02-26,Partner Referrals,478.94,10539,547,35,13,9,39430.94
CAMP-02325,Events & Webinars Campaign 2025-02-26,2025-02-26,Events & Webinars,3199.91,57870,4177,733,228,216,850186.47
CAMP-02326,Google Ads Campaign 2025-02-27,2025-02-27,Google Ads,781.34,55532,4099,682,250,158,346559.86
CAMP-02327,Partner Referrals Campaign 2025-02-27,2025-02-27,Partner Referrals,951.22,98411,5434,284,46,45,106414.49
CAMP-02328,Email Campaigns Campaign 2025-02-28,2025-02-28,Email Campaigns,3129.62,60650,4730,842,328,230,803428.02
CAMP-02329,SEO Content Campaign 2025-02-28,2025-02-28,SEO Content,1564.07,11125,484,91,13,12,53876.93
CAMP-02330,Google Ads Campaign 2025-03-01,2025-03-01,Google Ads,440.03,43510,3387,264,97,69,265864.02
CAMP-02331,Partner Referrals Campaign 2025-03-01,2025-03-01,Partner Referrals,2726.97,82552,5859,1139,182,158,573019.61
CAMP-02332,Email Campaigns Campaign 2025-03-01,2025-03-01,Email Campaigns,3241.0,10687,578,94,9,8,33930.81
CAMP-02333,LinkedIn Ads Campaign 2025-03-02,2025-03-02,LinkedIn Ads,2718.73,41314,3095,470,95,90,381930.93
CAMP-02334,Events & Webinars Campaign 2025-03-02,2025-03-02,Events & Webinars,822.75,90440,3666,451,161,113,489956.83
CAMP-02335,Email Campaigns Campaign 2025-03-02,2025-03-02,Email Campaigns,674.24,38620,2627,452,57,54,165395.41
CAMP-02336,Partner Referrals Campaign 2025-03-03,2025-03-03,Partner Referrals,3175.15,75434,4566,433,131,121,422254.7
CAMP-02337,Events & Webinars Campaign 2025-03-03,2025-03-03,Events & Webinars,1399.43,21463,1530,166,61,57,156399.33
CAMP-02338,SEO Content Campaign 2025-03-03,2025-03-03,SEO Content,1983.48,11599,336,46,12,9,7988.0
CAMP-02339,Partner Referrals Campaign 2025-03-04,2025-03-04,Partner Referrals,2753.92,47345,2204,161,38,35,79551.32
CAMP-02340,Events & Webinars Campaign 2025-03-04,2025-03-04,Events & Webinars,1918.99,66914,2293,278,50,46,42926.75
CAMP-02341,Google Ads Campaign 2025-03-04,2025-03-04,Google Ads,1979.76,18403,1271,144,56,42,108357.11
CAMP-02342,LinkedIn Ads Campaign 2025-03-05,2025-03-05,LinkedIn Ads,557.54,13285,374,41,8,6,13965.16
CAMP-02343,SEO Content Campaign 2025-03-05,2025-03-05,SEO Content,1935.46,98139,4184,444,103,94,339394.83
CAMP-02344,SEO Content Campaign 2025-03-06,2025-03-06,SEO Content,3430.55,92541,4556,262,103,94,387750.56
CAMP-02345,Events & Webinars Campaign 2025-03-06,2025-03-06,Events & Webinars,2700.79,14288,1110,84,33,32,37143.03
CAMP-02346,Google Ads Campaign 2025-03-07,2025-03-07,Google Ads,2862.32,78507,2578,378,40,37,92395.4
CAMP-02347,LinkedIn Ads Campaign 2025-03-07,2025-03-07,LinkedIn Ads,835.45,5719,304,35,6,5,5971.51
CAMP-02348,Email Campaigns Campaign 2025-03-08,2025-03-08,Email Campaigns,2410.9,95420,4529,382,123,84,290232.83
CAMP-02349,LinkedIn Ads Campaign 2025-03-08,2025-03-08,LinkedIn Ads,1925.41,94287,4624,735,241,216,802400.82
CAMP-02350,Partner Referrals Campaign 2025-03-09,2025-03-09,Partner Referrals,963.06,38495,924,111,23,18,70437.55
CAMP-02351,Google Ads Campaign 2025-03-09,2025-03-09,Google Ads,345.47,13112,863,47,15,10,11959.8
CAMP-02352,SEO Content Campaign 2025-03-09,2025-03-09,SEO Content,1769.5,99825,3356,252,59,44,53798.09
CAMP-02353,Events & Webinars Campaign 2025-03-09,2025-03-09,Events & Webinars,1308.95,19516,837,97,22,17,16206.4
CAMP-02354,Partner Referrals Campaign 2025-03-10,2025-03-10,Partner Referrals,668.71,17918,541,89,30,19,45932.54
CAMP-02355,LinkedIn Ads Campaign 2025-03-10,2025-03-10,LinkedIn Ads,2437.23,98006,4364,341,73,58,83364.21
CAMP-02356,Email Campaigns Campaign 2025-03-10,2025-03-10,Email Campaigns,2356.27,17743,1092,209,50,37,36125.97
CAMP-02357,LinkedIn Ads Campaign 2025-03-11,2025-03-11,LinkedIn Ads,3447.57,52143,2267,340,127,84,91242.61
CAMP-02358,Partner Referrals Campaign 2025-03-11,2025-03-11,Partner Referrals,641.5,12718,556,59,15,14,27471.15
CAMP-02359,LinkedIn Ads Campaign 2025-03-12,2025-03-12,LinkedIn Ads,1420.01,55284,4305,446,127,88,199081.88
CAMP-02360,Email Campaigns Campaign 2025-03-12,2025-03-12,Email Campaigns,1316.26,83317,2218,190,49,36,46627.22
CAMP-02361,Events & Webinars Campaign 2025-03-12,2025-03-12,Events & Webinars,2200.07,56165,3050,477,109,104,353048.97
CAMP-02362,Events & Webinars Campaign 2025-03-13,2025-03-13,Events & Webinars,663.28,91318,4921,724,120,111,91497.49
CAMP-02363,Email Campaigns Campaign 2025-03-13,2025-03-13,Email Campaigns,3066.51,56945,1547,139,42,27,31290.97
CAMP-02364,Email Campaigns Campaign 2025-03-14,2025-03-14,Email Campaigns,653.72,71560,5296,477,101,77,333894.96
CAMP-02365,Partner Referrals Campaign 2025-03-14,2025-03-14,Partner Referrals,1551.33,95503,6697,592,178,130,373083.31
CAMP-02366,Events & Webinars Campaign 2025-03-15,2025-03-15,Events & Webinars,967.25,44424,2897,255,100,90,172251.05
CAMP-02367,SEO Content Campaign 2025-03-15,2025-03-15,SEO Content,2074.4,68121,3515,339,95,68,264305.52
CAMP-02368,Partner Referrals Campaign 2025-03-15,2025-03-15,Partner Referrals,1863.51,69407,1917,139,50,47,102007.23
CAMP-02369,SEO Content Campaign 2025-03-16,2025-03-16,SEO Content,2895.36,10595,423,21,2,1,3520.41
CAMP-02370,Events & Webinars Campaign 2025-03-16,2025-03-16,Events & Webinars,3437.56,36139,2286,284,92,83,349148.05
CAMP-02371,Events & Webinars Campaign 2025-03-17,2025-03-17,Events & Webinars,681.91,11155,739,45,8,5,5173.7
CAMP-02372,Partner Referrals Campaign 2025-03-17,2025-03-17,Partner Referrals,3145.1,60336,4260,255,38,28,122247.82
CAMP-02373,SEO Content Campaign 2025-03-17,2025-03-17,SEO Content,921.17,44763,3323,637,164,109,172857.53
CAMP-02374,Email Campaigns Campaign 2025-03-18,2025-03-18,Email Campaigns,1282.79,97327,5125,965,215,171,223999.56
CAMP-02375,SEO Content Campaign 2025-03-18,2025-03-18,SEO Content,2814.68,83889,5636,790,173,153,599361.71
CAMP-02376,LinkedIn Ads Campaign 2025-03-18,2025-03-18,LinkedIn Ads,483.96,65861,2379,297,40,34,142626.56
CAMP-02377,Events & Webinars Campaign 2025-03-18,2025-03-18,Events & Webinars,2533.08,97789,6112,377,92,69,292229.86
CAMP-02378,SEO Content Campaign 2025-03-19,2025-03-19,SEO Content,509.26,18757,642,103,11,7,6290.29
CAMP-02379,Partner Referrals Campaign 2025-03-19,2025-03-19,Partner Referrals,3242.91,8819,611,31,3,2,7537.29
CAMP-02380,Events & Webinars Campaign 2025-03-19,2025-03-19,Events & Webinars,1227.83,40108,3149,544,189,137,212742.76
CAMP-02381,LinkedIn Ads Campaign 2025-03-19,2025-03-19,LinkedIn Ads,475.85,26525,1896,188,45,42,171612.67
CAMP-02382,Email Campaigns Campaign 2025-03-20,2025-03-20,Email Campaigns,682.15,71786,2410,349,61,38,59353.67
CAMP-02383,SEO Content Campaign 2025-03-20,2025-03-20,SEO Content,340.06,19533,1012,66,15,11,27689.09
CAMP-02384,Events & Webinars Campaign 2025-03-20,2025-03-20,Events & Webinars,2551.11,81526,1896,222,42,29,108603.65
CAMP-02385,LinkedIn Ads Campaign 2025-03-20,2025-03-20,LinkedIn Ads,3367.53,68991,4340,693,237,200,239859.67
CAMP-02386,Email Campaigns Campaign 2025-03-21,2025-03-21,Email Campaigns,2520.47,95965,3081,178,50,48,81803.81
CAMP-02387,LinkedIn Ads Campaign 2025-03-21,2025-03-21,LinkedIn Ads,3276.22,95210,1944,199,24,18,39778.24
CAMP-02388,Google Ads Campaign 2025-03-21,2025-03-21,Google Ads,2970.81,15167,314,44,10,7,29275.01
CAMP-02389,Partner Referrals Campaign 2025-03-21,2025-03-21,Partner Referrals,2270.41,53674,1260,132,48,30,90224.27
CAMP-02390,Google Ads Campaign 2025-03-22,2025-03-22,Google Ads,507.04,7999,625,99,18,17,34217.4
CAMP-02391,Partner Referrals Campaign 2025-03-22,2025-03-22,Partner Referrals,1380.92,71354,1813,136,39,28,64512.86
CAMP-02392,Email Campaigns Campaign 2025-03-22,2025-03-22,Email Campaigns,1818.1,14396,1127,61,7,5,13810.88
CAMP-02393,SEO Content Campaign 2025-03-22,2025-03-22,SEO Content,1984.71,89159,2581,224,56,42,169337.94
CAMP-02394,Events & Webinars Campaign 2025-03-23,2025-03-23,Events & Webinars,452.03,32834,1564,124,33,26,84598.14
CAMP-02395,LinkedIn Ads Campaign 2025-03-23,2025-03-23,LinkedIn Ads,1547.74,10320,756,127,32,29,93809.72
CAMP-02396,Partner Referrals Campaign 2025-03-23,2025-03-23,Partner Referrals,3190.11,8452,659,116,35,32,124935.6
CAMP-02397,SEO Content Campaign 2025-03-23,2025-03-23,SEO Content,3206.13,93723,6995,836,122,94,302350.98
CAMP-02398,Email Campaigns Campaign 2025-03-24,2025-03-24,Email Campaigns,3427.16,71871,4318,782,289,225,186802.15
CAMP-02399,Google Ads Campaign 2025-03-24,2025-03-24,Google Ads,1026.26,82912,6493,455,51,39,36464.97
CAMP-02400,SEO Content Campaign 2025-03-24,2025-03-24,SEO Content,361.4,35312,2504,322,83,79,110300.56
CAMP-02401,Partner Referrals Campaign 2025-03-24,2025-03-24,Partner Referrals,2010.5,89034,5405,510,115,80,306171.94
CAMP-02402,SEO Content Campaign 2025-03-25,2025-03-25,SEO Content,835.5,51321,3081,367,62,45,199728.42
CAMP-02403,LinkedIn Ads Campaign 2025-03-25,2025-03-25,LinkedIn Ads,3405.29,49051,1508,211,79,68,293432.58
CAMP-02404,Google Ads Campaign 2025-03-26,2025-03-26,Google Ads,2533.27,46020,3242,354,51,32,141866.92
CAMP-02405,SEO Content Campaign 2025-03-26,2025-03-26,SEO Content,1085.19,67466,4878,619,185,154,145141.85
CAMP-02406,Events & Webinars Campaign 2025-03-26,2025-03-26,Events & Webinars,484.7,31056,1500,91,13,10,18338.31
CAMP-02407,SEO Content Campaign 2025-03-27,2025-03-27,SEO Content,1763.63,61954,1938,151,52,35,123835.68
CAMP-02408,Google Ads Campaign 2025-03-27,2025-03-27,Google Ads,1066.86,41721,1221,73,7,4,7037.09
CAMP-02409,Partner Referrals Campaign 2025-03-28,2025-03-28,Partner Referrals,2621.59,83901,3467,377,127,93,161138.71
CAMP-02410,Events & Webinars Campaign 2025-03-28,2025-03-28,Events & Webinars,2651.43,71980,4104,375,48,44,168939.71
CAMP-02411,LinkedIn Ads Campaign 2025-03-28,2025-03-28,LinkedIn Ads,2679.82,7200,319,26,6,4,17110.77
CAMP-02412,SEO Content Campaign 2025-03-28,2025-03-28,SEO Content,316.53,13005,1020,65,11,10,42310.67
CAMP-02413,SEO Content Campaign 2025-03-29,2025-03-29,SEO Content,992.07,23344,1115,184,37,29,117990.22
CAMP-02414,LinkedIn Ads Campaign 2025-03-29,2025-03-29,LinkedIn Ads,1501.81,55216,2957,182,68,53,207153.33
CAMP-02415,Email Campaigns Campaign 2025-03-29,2025-03-29,Email Campaigns,2125.28,21130,458,46,7,4,8896.44
CAMP-02416,Email Campaigns Campaign 2025-03-30,2025-03-30,Email Campaigns,2855.08,59733,2880,340,34,21,90409.47
CAMP-02417,LinkedIn Ads Campaign 2025-03-30,2025-03-30,LinkedIn Ads,357.75,36889,2450,328,91,76,162210.24
CAMP-02418,SEO Content Campaign 2025-03-30,2025-03-30,SEO Content,2363.37,8675,537,82,30,29,78230.35
CAMP-02419,SEO Content Campaign 2025-03-31,2025-03-31,SEO Content,2080.27,52249,3135,274,62,48,78010.86
CAMP-02420,LinkedIn Ads Campaign 2025-03-31,2025-03-31,LinkedIn Ads,3012.2,42609,2234,411,64,52,170741.88
CAMP-02421,Events & Webinars Campaign 2025-03-31,2025-03-31,Events & Webinars,3255.3,19714,896,169,28,25,63547.99
CAMP-02422,Partner Referrals Campaign 2025-03-31,2025-03-31,Partner Referrals,3477.15,50671,3592,543,163,136,471864.36
CAMP-02423,Google Ads Campaign 2025-04-01,2025-04-01,Google Ads,1730.04,64316,3291,543,79,75,326608.76
CAMP-02424,LinkedIn Ads Campaign 2025-04-01,2025-04-01,LinkedIn Ads,1539.65,11829,386,35,12,8,25551.85
CAMP-02425,SEO Content Campaign 2025-04-01,2025-04-01,SEO Content,2932.86,16612,1165,119,39,34,134333.29
CAMP-02426,Partner Referrals Campaign 2025-04-01,2025-04-01,Partner Referrals,2373.97,87974,5719,657,165,99,166055.03
CAMP-02427,Email Campaigns Campaign 2025-04-02,2025-04-02,Email Campaigns,1160.28,27355,1860,99,37,35,151448.19
CAMP-02428,Google Ads Campaign 2025-04-02,2025-04-02,Google Ads,3233.93,57777,3502,485,112,78,251589.17
CAMP-02429,LinkedIn Ads Campaign 2025-04-02,2025-04-02,LinkedIn Ads,3110.93,7825,561,70,23,21,21707.56
CAMP-02430,Partner Referrals Campaign 2025-04-02,2025-04-02,Partner Referrals,1240.03,51840,1425,238,71,50,201463.79
CAMP-02431,SEO Content Campaign 2025-04-03,2025-04-03,SEO Content,2037.1,75206,4790,786,241,169,434547.01
CAMP-02432,Events & Webinars Campaign 2025-04-03,2025-04-03,Events & Webinars,1004.5,9290,214,32,10,6,18604.22
CAMP-02433,Google Ads Campaign 2025-04-03,2025-04-03,Google Ads,876.07,10115,239,12,3,2,5012.99
CAMP-02434,LinkedIn Ads Campaign 2025-04-04,2025-04-04,LinkedIn Ads,2991.4,51392,3360,231,77,46,126549.16
CAMP-02435,Partner Referrals Campaign 2025-04-04,2025-04-04,Partner Referrals,2270.42,68141,4826,755,200,157,458270.36
CAMP-02436,Email Campaigns Campaign 2025-04-04,2025-04-04,Email Campaigns,2140.51,14028,1101,138,28,22,31856.36
CAMP-02437,SEO Content Campaign 2025-04-05,2025-04-05,SEO Content,2049.33,96918,5516,304,105,81,249643.98
CAMP-02438,Google Ads Campaign 2025-04-05,2025-04-05,Google Ads,1933.07,62951,3069,404,102,69,281202.62
CAMP-02439,Email Campaigns Campaign 2025-04-05,2025-04-05,Email Campaigns,1280.61,78885,3999,611,74,53,76979.47
CAMP-02440,Google Ads Campaign 2025-04-06,2025-04-06,Google Ads,873.23,15147,683,134,36,29,99552.77
CAMP-02441,SEO Content Campaign 2025-04-06,2025-04-06,SEO Content,2508.84,35844,2105,312,103,65,114640.24
CAMP-02442,Email Campaigns Campaign 2025-04-06,2025-04-06,Email Campaigns,728.58,29236,2097,308,46,39,162849.33
CAMP-02443,Events & Webinars Campaign 2025-04-07,2025-04-07,Events & Webinars,2117.86,20703,910,71,18,15,57399.06
CAMP-02444,Partner Referrals Campaign 2025-04-07,2025-04-07,Partner Referrals,352.59,22840,1137,113,26,19,46229.05
CAMP-02445,Google Ads Campaign 2025-04-07,2025-04-07,Google Ads,1710.38,42924,1120,168,20,15,47435.08
CAMP-02446,Email Campaigns Campaign 2025-04-07,2025-04-07,Email Campaigns,3415.52,59377,3380,574,225,167,394706.09
CAMP-02447,LinkedIn Ads Campaign 2025-04-08,2025-04-08,LinkedIn Ads,479.86,44176,1445,74,15,12,39916.81
CAMP-02448,Google Ads Campaign 2025-04-08,2025-04-08,Google Ads,624.69,96812,7617,916,286,248,360692.39
CAMP-02449,SEO Content Campaign 2025-04-08,2025-04-08,SEO Content,2236.94,52834,1797,101,21,13,28818.72
CAMP-02450,Events & Webinars Campaign 2025-04-09,2025-04-09,Events & Webinars,3031.46,90022,2179,400,152,142,448562.03
CAMP-02451,LinkedIn Ads Campaign 2025-04-09,2025-04-09,LinkedIn Ads,1750.16,47810,3637,344,116,78,299811.53
CAMP-02452,Partner Referrals Campaign 2025-04-09,2025-04-09,Partner Referrals,3249.37,74708,5367,369,137,113,239797.36
CAMP-02453,Google Ads Campaign 2025-04-09,2025-04-09,Google Ads,3373.17,20357,482,48,13,12,35874.78
CAMP-02454,Partner Referrals Campaign 2025-04-10,2025-04-10,Partner Referrals,1998.81,58439,1530,223,66,47,81470.17
CAMP-02455,Google Ads Campaign 2025-04-10,2025-04-10,Google Ads,1702.51,32482,862,107,29,22,26937.18
CAMP-02456,SEO Content Campaign 2025-04-11,2025-04-11,SEO Content,2114.74,78189,1844,214,31,27,93239.88
CAMP-02457,Google Ads Campaign 2025-04-11,2025-04-11,Google Ads,1702.14,19141,787,126,23,21,41876.84
CAMP-02458,Partner Referrals Campaign 2025-04-11,2025-04-11,Partner Referrals,3308.3,33600,739,112,31,27,116436.29
CAMP-02459,Email Campaigns Campaign 2025-04-11,2025-04-11,Email Campaigns,1509.69,53012,1152,78,15,9,28950.27
CAMP-02460,Partner Referrals Campaign 2025-04-12,2025-04-12,Partner Referrals,585.5,7975,391,58,18,17,32906.78
CAMP-02461,Email Campaigns Campaign 2025-04-12,2025-04-12,Email Campaigns,3250.76,86383,2607,451,96,75,176077.62
CAMP-02462,SEO Content Campaign 2025-04-12,2025-04-12,SEO Content,2692.18,78421,2863,489,52,48,169126.28
CAMP-02463,SEO Content Campaign 2025-04-13,2025-04-13,SEO Content,2297.59,8062,475,91,20,16,46857.53
CAMP-02464,Google Ads Campaign 2025-04-13,2025-04-13,Google Ads,1989.18,78536,5167,677,204,158,158626.29
CAMP-02465,Events & Webinars Campaign 2025-04-13,2025-04-13,Events & Webinars,1354.45,40724,2925,161,41,27,55527.63
CAMP-02466,Partner Referrals Campaign 2025-04-13,2025-04-13,Partner Referrals,2248.55,54978,4163,672,156,151,415137.9
CAMP-02467,Google Ads Campaign 2025-04-14,2025-04-14,Google Ads,862.95,59202,3888,250,77,72,225489.03
CAMP-02468,SEO Content Campaign 2025-04-14,2025-04-14,SEO Content,394.71,97093,3858,686,238,192,344751.82
CAMP-02469,Events & Webinars Campaign 2025-04-14,2025-04-14,Events & Webinars,2796.92,28665,884,90,25,19,57013.58
CAMP-02470,LinkedIn Ads Campaign 2025-04-14,2025-04-14,LinkedIn Ads,1652.56,70311,2513,394,104,92,313051.06
CAMP-02471,SEO Content Campaign 2025-04-15,2025-04-15,SEO Content,1503.84,74723,2208,420,138,85,174799.82
CAMP-02472,Google Ads Campaign 2025-04-15,2025-04-15,Google Ads,2942.65,51549,3789,263,39,35,136044.66
CAMP-02473,Events & Webinars Campaign 2025-04-15,2025-04-15,Events & Webinars,2375.98,37195,2145,348,88,60,267067.3
CAMP-02474,Partner Referrals Campaign 2025-04-16,2025-04-16,Partner Referrals,3204.5,32264,2479,225,32,23,64584.2
CAMP-02475,Events & Webinars Campaign 2025-04-16,2025-04-16,Events & Webinars,1281.24,63037,1699,91,30,19,21032.48
CAMP-02476,SEO Content Campaign 2025-04-16,2025-04-16,SEO Content,787.64,25728,1353,83,33,24,92968.51
CAMP-02477,Google Ads Campaign 2025-04-16,2025-04-16,Google Ads,2966.56,55106,2227,136,19,13,51109.19
CAMP-02478,Events & Webinars Campaign 2025-04-17,2025-04-17,Events & Webinars,2452.75,16438,689,84,17,11,21096.4
CAMP-02479,SEO Content Campaign 2025-04-17,2025-04-17,SEO Content,2443.5,5547,217,29,7,6,9324.44
CAMP-02480,Google Ads Campaign 2025-04-17,2025-04-17,Google Ads,2551.84,83447,4925,622,87,72,191403.3
CAMP-02481,Email Campaigns Campaign 2025-04-17,2025-04-17,Email Campaigns,801.74,8859,280,40,8,6,8299.68
CAMP-02482,SEO Content Campaign 2025-04-18,2025-04-18,SEO Content,3362.3,27533,1572,245,94,88,116790.16
CAMP-02483,Google Ads Campaign 2025-04-18,2025-04-18,Google Ads,2912.37,14759,1132,75,17,12,23351.12
CAMP-02484,Partner Referrals Campaign 2025-04-18,2025-04-18,Partner Referrals,3107.43,13046,504,76,18,10,39751.86
CAMP-02485,SEO Content Campaign 2025-04-19,2025-04-19,SEO Content,2975.13,77847,3991,592,209,207,169513.97
CAMP-02486,LinkedIn Ads Campaign 2025-04-19,2025-04-19,LinkedIn Ads,327.44,37039,2432,250,28,21,59477.28
CAMP-02487,SEO Content Campaign 2025-04-20,2025-04-20,SEO Content,1225.37,23642,941,111,22,17,13623.71
CAMP-02488,Partner Referrals Campaign 2025-04-20,2025-04-20,Partner Referrals,317.75,77046,5112,449,162,144,646477.53
CAMP-02489,Events & Webinars Campaign 2025-04-20,2025-04-20,Events & Webinars,2022.76,87039,1920,346,90,74,314335.47
CAMP-02490,LinkedIn Ads Campaign 2025-04-21,2025-04-21,LinkedIn Ads,3393.51,17872,908,58,19,18,74988.38
CAMP-02491,Email Campaigns Campaign 2025-04-21,2025-04-21,Email Campaigns,3106.84,17986,665,46,4,2,6733.08
CAMP-02492,Events & Webinars Campaign 2025-04-22,2025-04-22,Events & Webinars,2183.84,87446,6892,1189,148,105,357185.47
CAMP-02493,LinkedIn Ads Campaign 2025-04-22,2025-04-22,LinkedIn Ads,1768.09,69355,2787,496,179,134,169643.21
CAMP-02494,Email Campaigns Campaign 2025-04-22,2025-04-22,Email Campaigns,1191.22,59835,1801,192,48,30,68542.29
CAMP-02495,LinkedIn Ads Campaign 2025-04-23,2025-04-23,LinkedIn Ads,2024.65,17332,958,94,35,23,20997.12
CAMP-02496,Partner Referrals Campaign 2025-04-23,2025-04-23,Partner Referrals,2361.57,75458,4388,655,145,102,416635.0
CAMP-02497,SEO Content Campaign 2025-04-24,2025-04-24,SEO Content,1320.56,31549,1197,147,37,34,58965.38
CAMP-02498,Email Campaigns Campaign 2025-04-24,2025-04-24,Email Campaigns,1392.86,7048,150,22,7,5,21115.07
CAMP-02499,Events & Webinars Campaign 2025-04-24,2025-04-24,Events & Webinars,2145.2,58560,2780,248,24,15,56839.79
CAMP-02500,Partner Referrals Campaign 2025-04-24,2025-04-24,Partner Referrals,856.84,62302,4591,881,326,248,348712.31
CAMP-02501,Partner Referrals Campaign 2025-04-25,2025-04-25,Partner Referrals,3148.34,45802,2893,371,89,71,249448.92
CAMP-02502,Events & Webinars Campaign 2025-04-25,2025-04-25,Events & Webinars,1142.18,10533,827,88,14,12,26668.26
CAMP-02503,SEO Content Campaign 2025-04-25,2025-04-25,SEO Content,808.4,87680,5532,784,189,174,645752.61
CAMP-02504,Email Campaigns Campaign 2025-04-26,2025-04-26,Email Campaigns,1402.23,26051,1389,234,89,67,238807.82
CAMP-02505,Events & Webinars Campaign 2025-04-26,2025-04-26,Events & Webinars,993.88,88674,5062,756,137,117,159219.66
CAMP-02506,Google Ads Campaign 2025-04-26,2025-04-26,Google Ads,1216.26,25394,1510,212,62,52,156293.29
CAMP-02507,SEO Content Campaign 2025-04-27,2025-04-27,SEO Content,1048.07,29326,1206,205,75,66,221714.68
CAMP-02508,Email Campaigns Campaign 2025-04-27,2025-04-27,Email Campaigns,1904.99,55722,1179,67,17,11,18593.13
CAMP-02509,Google Ads Campaign 2025-04-27,2025-04-27,Google Ads,1862.69,70074,1566,194,31,22,83292.08
CAMP-02510,Events & Webinars Campaign 2025-04-27,2025-04-27,Events & Webinars,3039.3,24860,1662,220,67,47,72426.58
CAMP-02511,SEO Content Campaign 2025-04-28,2025-04-28,SEO Content,2024.74,8164,342,62,11,7,10783.13
CAMP-02512,LinkedIn Ads Campaign 2025-04-28,2025-04-28,LinkedIn Ads,618.0,42673,2875,273,105,102,314871.23
CAMP-02513,Email Campaigns Campaign 2025-04-28,2025-04-28,Email Campaigns,528.15,29887,1207,152,29,21,39556.34
CAMP-02514,Email Campaigns Campaign 2025-04-29,2025-04-29,Email Campaigns,2059.92,35938,1770,249,43,37,106282.56
CAMP-02515,LinkedIn Ads Campaign 2025-04-29,2025-04-29,LinkedIn Ads,536.16,20487,1254,122,23,20,57089.52
CAMP-02516,Events & Webinars Campaign 2025-04-30,2025-04-30,Events & Webinars,778.41,77168,4076,544,75,49,64513.37
CAMP-02517,Partner Referrals Campaign 2025-04-30,2025-04-30,Partner Referrals,905.64,22759,747,128,23,16,13847.21
CAMP-02518,Events & Webinars Campaign 2025-05-01,2025-05-01,Events & Webinars,1817.08,71318,4690,449,130,113,357783.36
CAMP-02519,LinkedIn Ads Campaign 2025-05-01,2025-05-01,LinkedIn Ads,1284.07,77081,4531,268,38,27,41234.25
CAMP-02520,LinkedIn Ads Campaign 2025-05-02,2025-05-02,LinkedIn Ads,1581.0,69462,2989,239,24,22,62698.73
CAMP-02521,Google Ads Campaign 2025-05-02,2025-05-02,Google Ads,1899.81,56930,2937,567,184,160,493430.62
CAMP-02522,LinkedIn Ads Campaign 2025-05-03,2025-05-03,LinkedIn Ads,2496.8,88754,2897,462,178,177,275310.79
CAMP-02523,SEO Content Campaign 2025-05-03,2025-05-03,SEO Content,2990.15,47750,1458,228,45,30,59631.49
CAMP-02524,Google Ads Campaign 2025-05-03,2025-05-03,Google Ads,510.72,78117,3077,231,86,60,201845.25
CAMP-02525,Email Campaigns Campaign 2025-05-03,2025-05-03,Email Campaigns,2679.2,44687,2512,331,125,105,286814.5
CAMP-02526,SEO Content Campaign 2025-05-04,2025-05-04,SEO Content,1764.19,41827,2911,234,84,58,169983.32
CAMP-02527,Google Ads Campaign 2025-05-04,2025-05-04,Google Ads,3360.48,72052,2193,370,146,87,287520.85
CAMP-02528,Events & Webinars Campaign 2025-05-04,2025-05-04,Events & Webinars,3335.53,53146,2972,158,23,18,37697.43
CAMP-02529,LinkedIn Ads Campaign 2025-05-04,2025-05-04,LinkedIn Ads,1632.09,15620,1244,237,30,28,76178.46
CAMP-02530,SEO Content Campaign 2025-05-05,2025-05-05,SEO Content,1800.73,51062,1828,295,58,37,49695.97
CAMP-02531,Google Ads Campaign 2025-05-05,2025-05-05,Google Ads,1037.65,76876,1605,115,13,12,32669.12
CAMP-02532,Partner Referrals Campaign 2025-05-05,2025-05-05,Partner Referrals,579.66,39314,1868,320,79,78,242981.02
CAMP-02533,Events & Webinars Campaign 2025-05-06,2025-05-06,Events & Webinars,323.18,30539,2341,186,57,47,135163.3
CAMP-02534,Email Campaigns Campaign 2025-05-06,2025-05-06,Email Campaigns,1855.81,62311,2343,183,48,47,107441.56
CAMP-02535,Google Ads Campaign 2025-05-06,2025-05-06,Google Ads,2773.8,35647,1410,187,42,40,45769.03
CAMP-02536,SEO Content Campaign 2025-05-06,2025-05-06,SEO Content,1107.41,39723,844,163,16,9,34764.15
CAMP-02537,Email Campaigns Campaign 2025-05-07,2025-05-07,Email Campaigns,1416.86,35375,2688,246,27,18,23079.97
CAMP-02538,Partner Referrals Campaign 2025-05-07,2025-05-07,Partner Referrals,1036.71,35321,1132,207,48,40,98601.68
CAMP-02539,LinkedIn Ads Campaign 2025-05-08,2025-05-08,LinkedIn Ads,453.4,93055,7083,370,117,96,300634.63
CAMP-02540,Email Campaigns Campaign 2025-05-08,2025-05-08,Email Campaigns,1736.33,42940,3317,333,45,31,77174.62
CAMP-02541,Google Ads Campaign 2025-05-08,2025-05-08,Google Ads,1281.68,61660,3116,441,70,59,148587.12
CAMP-02542,SEO Content Campaign 2025-05-08,2025-05-08,SEO Content,3229.03,7924,434,27,6,4,4400.85
CAMP-02543,SEO Content Campaign 2025-05-09,2025-05-09,SEO Content,2407.83,50327,1739,235,36,33,147913.59
CAMP-02544,Events & Webinars Campaign 2025-05-09,2025-05-09,Events & Webinars,2671.15,20779,1504,87,13,11,31386.66
CAMP-02545,Events & Webinars Campaign 2025-05-10,2025-05-10,Events & Webinars,2740.56,45578,2547,362,98,73,84577.96
CAMP-02546,Google Ads Campaign 2025-05-10,2025-05-10,Google Ads,3008.85,68312,1480,93,10,6,26102.83
CAMP-02547,LinkedIn Ads Campaign 2025-05-10,2025-05-10,LinkedIn Ads,928.62,98552,2203,318,124,114,293755.78
CAMP-02548,Partner Referrals Campaign 2025-05-10,2025-05-10,Partner Referrals,3438.41,62909,4515,750,133,100,377524.83
CAMP-02549,Email Campaigns Campaign 2025-05-11,2025-05-11,Email Campaigns,758.74,25887,548,107,33,20,87482.04
CAMP-02550,Partner Referrals Campaign 2025-05-11,2025-05-11,Partner Referrals,1977.34,35595,1331,245,52,34,94041.56
CAMP-02551,Partner Referrals Campaign 2025-05-12,2025-05-12,Partner Referrals,351.0,68379,1418,179,59,48,72453.05
CAMP-02552,Email Campaigns Campaign 2025-05-12,2025-05-12,Email Campaigns,3253.98,80588,5067,972,363,266,402978.68
CAMP-02553,Google Ads Campaign 2025-05-13,2025-05-13,Google Ads,1520.86,81007,5219,600,204,198,889495.49
CAMP-02554,SEO Content Campaign 2025-05-13,2025-05-13,SEO Content,974.99,6832,425,43,14,9,10857.42
CAMP-02555,LinkedIn Ads Campaign 2025-05-13,2025-05-13,LinkedIn Ads,2066.99,10815,318,30,8,5,6851.32
CAMP-02556,SEO Content Campaign 2025-05-14,2025-05-14,SEO Content,1448.64,73219,4745,866,293,252,638096.73
CAMP-02557,Google Ads Campaign 2025-05-14,2025-05-14,Google Ads,2090.57,51014,3897,394,111,91,291383.09
CAMP-02558,Partner Referrals Campaign 2025-05-15,2025-05-15,Partner Referrals,1942.2,26886,1675,202,66,59,52927.71
CAMP-02559,SEO Content Campaign 2025-05-15,2025-05-15,SEO Content,2721.52,21433,754,111,20,19,69866.4
CAMP-02560,LinkedIn Ads Campaign 2025-05-15,2025-05-15,LinkedIn Ads,3460.75,42411,3211,221,52,37,112680.13
CAMP-02561,Google Ads Campaign 2025-05-15,2025-05-15,Google Ads,2863.87,62499,3892,508,161,98,138749.89
CAMP-02562,Email Campaigns Campaign 2025-05-16,2025-05-16,Email Campaigns,2428.45,51957,2771,173,36,32,91880.11
CAMP-02563,Events & Webinars Campaign 2025-05-16,2025-05-16,Events & Webinars,1977.45,77111,6036,700,140,91,252995.63
CAMP-02564,Partner Referrals Campaign 2025-05-16,2025-05-16,Partner Referrals,1365.9,94698,2914,360,113,95,239065.44
CAMP-02565,SEO Content Campaign 2025-05-16,2025-05-16,SEO Content,3189.83,99861,2272,251,79,50,148099.81
CAMP-02566,Partner Referrals Campaign 2025-05-17,2025-05-17,Partner Referrals,3371.57,97971,5374,749,113,110,210552.87
CAMP-02567,Events & Webinars Campaign 2025-05-17,2025-05-17,Events & Webinars,684.77,50961,1573,111,25,15,60437.91
CAMP-02568,SEO Content Campaign 2025-05-18,2025-05-18,SEO Content,761.13,23469,776,119,40,27,80731.41
CAMP-02569,Email Campaigns Campaign 2025-05-18,2025-05-18,Email Campaigns,999.87,47179,3367,525,91,83,243987.96
CAMP-02570,LinkedIn Ads Campaign 2025-05-18,2025-05-18,LinkedIn Ads,3346.66,95496,5716,529,98,78,301191.5
CAMP-02571,Events & Webinars Campaign 2025-05-18,2025-05-18,Events & Webinars,1025.1,98704,3141,201,20,17,20051.22
CAMP-02572,Email Campaigns Campaign 2025-05-19,2025-05-19,Email Campaigns,1229.94,86661,2534,345,94,63,212242.8
CAMP-02573,Events & Webinars Campaign 2025-05-19,2025-05-19,Events & Webinars,3425.79,34258,2336,422,70,49,215892.89
CAMP-02574,SEO Content Campaign 2025-05-19,2025-05-19,SEO Content,1586.2,97786,7524,1086,232,228,234487.21
CAMP-02575,Google Ads Campaign 2025-05-20,2025-05-20,Google Ads,3050.85,75103,1598,222,51,44,128810.11
CAMP-02576,Events & Webinars Campaign 2025-05-20,2025-05-20,Events & Webinars,1701.42,32394,2300,311,76,54,94405.25
CAMP-02577,Email Campaigns Campaign 2025-05-21,2025-05-21,Email Campaigns,1440.62,71073,3398,179,27,24,96449.43
CAMP-02578,LinkedIn Ads Campaign 2025-05-21,2025-05-21,LinkedIn Ads,509.21,68647,5140,762,282,208,203939.86
CAMP-02579,Events & Webinars Campaign 2025-05-22,2025-05-22,Events & Webinars,619.2,90718,2651,404,110,88,337119.15
CAMP-02580,Google Ads Campaign 2025-05-22,2025-05-22,Google Ads,3268.26,81087,1703,170,47,33,84890.28
CAMP-02581,Events & Webinars Campaign 2025-05-23,2025-05-23,Events & Webinars,3124.03,34733,975,180,68,53,201906.79
CAMP-02582,LinkedIn Ads Campaign 2025-05-23,2025-05-23,LinkedIn Ads,408.76,56119,2158,156,56,54,209960.52
CAMP-02583,Google Ads Campaign 2025-05-23,2025-05-23,Google Ads,2575.41,44224,3136,235,28,22,89018.86
CAMP-02584,SEO Content Campaign 2025-05-24,2025-05-24,SEO Content,2607.59,40116,2951,325,64,55,136014.95
CAMP-02585,LinkedIn Ads Campaign 2025-05-24,2025-05-24,LinkedIn Ads,2736.09,89757,5440,458,57,49,205166.77
CAMP-02586,Events & Webinars Campaign 2025-05-24,2025-05-24,Events & Webinars,1569.96,73522,4405,612,63,40,41573.09
CAMP-02587,Google Ads Campaign 2025-05-24,2025-05-24,Google Ads,3192.82,79547,3977,696,156,142,316499.09
CAMP-02588,Events & Webinars Campaign 2025-05-25,2025-05-25,Events & Webinars,353.29,60306,3035,261,55,52,104255.82
CAMP-02589,Email Campaigns Campaign 2025-05-25,2025-05-25,Email Campaigns,3297.49,63533,1906,257,80,59,209934.42
CAMP-02590,Partner Referrals Campaign 2025-05-26,2025-05-26,Partner Referrals,624.95,44149,1600,277,84,58,58634.5
CAMP-02591,Google Ads Campaign 2025-05-26,2025-05-26,Google Ads,2110.76,74227,3448,403,150,109,481921.43
CAMP-02592,Events & Webinars Campaign 2025-05-27,2025-05-27,Events & Webinars,1919.74,57455,1707,274,42,35,104275.77
CAMP-02593,Partner Referrals Campaign 2025-05-27,2025-05-27,Partner Referrals,2098.05,33167,2379,184,45,28,28290.65
CAMP-02594,Email Campaigns Campaign 2025-05-27,2025-05-27,Email Campaigns,2976.13,14581,787,140,24,18,40053.53
CAMP-02595,SEO Content Campaign 2025-05-28,2025-05-28,SEO Content,435.81,84125,3658,644,195,186,665828.42
CAMP-02596,Events & Webinars Campaign 2025-05-28,2025-05-28,Events & Webinars,417.9,11441,646,109,20,13,10899.69
CAMP-02597,LinkedIn Ads Campaign 2025-05-29,2025-05-29,LinkedIn Ads,1465.91,13837,695,59,22,16,18777.51
CAMP-02598,Google Ads Campaign 2025-05-29,2025-05-29,Google Ads,2217.37,9607,547,86,12,7,5654.84
CAMP-02599,Email Campaigns Campaign 2025-05-29,2025-05-29,Email Campaigns,2330.28,60131,2131,372,51,48,190828.43
CAMP-02600,SEO Content Campaign 2025-05-30,2025-05-30,SEO Content,1846.66,91227,6803,993,390,309,1292906.35
CAMP-02601,Google Ads Campaign 2025-05-30,2025-05-30,Google Ads,328.49,37121,1477,81,14,12,10771.71
CAMP-02602,Partner Referrals Campaign 2025-05-31,2025-05-31,Partner Referrals,1405.85,87127,4787,915,131,112,478745.99
CAMP-02603,Email Campaigns Campaign 2025-05-31,2025-05-31,Email Campaigns,2762.68,27521,1166,97,27,25,42153.12
CAMP-02604,Google Ads Campaign 2025-05-31,2025-05-31,Google Ads,1598.97,88395,5013,870,319,199,463284.09
CAMP-02605,SEO Content Campaign 2025-05-31,2025-05-31,SEO Content,707.83,43504,2297,134,33,31,75695.52
CAMP-02606,Events & Webinars Campaign 2025-06-01,2025-06-01,Events & Webinars,1281.76,84337,3724,364,103,69,178953.05
CAMP-02607,Partner Referrals Campaign 2025-06-01,2025-06-01,Partner Referrals,2751.37,37806,1226,71,10,8,34623.79
CAMP-02608,LinkedIn Ads Campaign 2025-06-01,2025-06-01,LinkedIn Ads,1090.77,38543,2758,527,170,102,347813.73
CAMP-02609,LinkedIn Ads Campaign 2025-06-02,2025-06-02,LinkedIn Ads,624.88,19589,1067,184,45,40,40922.59
CAMP-02610,Events & Webinars Campaign 2025-06-02,2025-06-02,Events & Webinars,1442.65,52170,4049,276,46,38,93215.53
CAMP-02611,Partner Referrals Campaign 2025-06-02,2025-06-02,Partner Referrals,1385.22,21999,1580,97,13,9,28465.99
CAMP-02612,SEO Content Campaign 2025-06-02,2025-06-02,SEO Content,3107.64,45809,3657,622,87,68,55807.19
CAMP-02613,Email Campaigns Campaign 2025-06-03,2025-06-03,Email Campaigns,973.32,31025,687,100,37,32,68242.19
CAMP-02614,Google Ads Campaign 2025-06-03,2025-06-03,Google Ads,2212.33,51972,3204,391,78,74,152426.88
CAMP-02615,LinkedIn Ads Campaign 2025-06-03,2025-06-03,LinkedIn Ads,3104.15,84077,5632,985,290,193,638144.24
CAMP-02616,SEO Content Campaign 2025-06-03,2025-06-03,SEO Content,464.37,57540,3876,380,71,51,197497.42
CAMP-02617,Email Campaigns Campaign 2025-06-04,2025-06-04,Email Campaigns,565.44,55657,1627,265,45,34,92765.63
CAMP-02618,SEO Content Campaign 2025-06-04,2025-06-04,SEO Content,340.33,91465,4202,667,223,165,623299.74
CAMP-02619,LinkedIn Ads Campaign 2025-06-04,2025-06-04,LinkedIn Ads,2303.26,17206,668,74,29,23,74200.2
CAMP-02620,Google Ads Campaign 2025-06-04,2025-06-04,Google Ads,733.54,36180,1792,240,68,60,57262.26
CAMP-02621,LinkedIn Ads Campaign 2025-06-05,2025-06-05,LinkedIn Ads,379.98,73355,2117,161,46,31,134584.12
CAMP-02622,Events & Webinars Campaign 2025-06-05,2025-06-05,Events & Webinars,2158.9,99415,3069,213,53,38,116239.19
CAMP-02623,SEO Content Campaign 2025-06-05,2025-06-05,SEO Content,3246.51,33108,2636,402,97,81,136234.74
CAMP-02624,Partner Referrals Campaign 2025-06-05,2025-06-05,Partner Referrals,585.05,36671,2411,397,113,100,398601.72
CAMP-02625,LinkedIn Ads Campaign 2025-06-06,2025-06-06,LinkedIn Ads,2897.81,14269,759,57,19,12,31894.18
CAMP-02626,Partner Referrals Campaign 2025-06-06,2025-06-06,Partner Referrals,328.31,56071,2030,309,75,65,176716.44
CAMP-02627,Email Campaigns Campaign 2025-06-06,2025-06-06,Email Campaigns,2108.96,39151,2602,280,80,57,81444.54
CAMP-02628,SEO Content Campaign 2025-06-06,2025-06-06,SEO Content,1641.28,28436,1903,96,18,10,14098.35
CAMP-02629,Email Campaigns Campaign 2025-06-07,2025-06-07,Email Campaigns,1974.88,27975,1829,291,75,65,192837.34
CAMP-02630,Partner Referrals Campaign 2025-06-07,2025-06-07,Partner Referrals,2174.08,74615,2334,293,99,77,237179.43
CAMP-02631,SEO Content Campaign 2025-06-07,2025-06-07,SEO Content,1909.27,53898,1850,327,59,36,72687.09
CAMP-02632,Events & Webinars Campaign 2025-06-07,2025-06-07,Events & Webinars,1544.82,44348,1550,146,42,37,129178.4
CAMP-02633,Partner Referrals Campaign 2025-06-08,2025-06-08,Partner Referrals,3307.84,14763,427,75,21,20,66045.46
CAMP-02634,Google Ads Campaign 2025-06-08,2025-06-08,Google Ads,2781.59,26328,1138,77,19,16,69775.68
CAMP-02635,SEO Content Campaign 2025-06-08,2025-06-08,SEO Content,1889.2,80215,6228,836,166,165,138390.2
CAMP-02636,Events & Webinars Campaign 2025-06-08,2025-06-08,Events & Webinars,374.64,14677,1079,80,12,8,6630.59
CAMP-02637,SEO Content Campaign 2025-06-09,2025-06-09,SEO Content,1032.06,74082,2127,339,62,53,151856.7
CAMP-02638,Partner Referrals Campaign 2025-06-09,2025-06-09,Partner Referrals,3055.28,86533,3309,415,136,101,350502.07
CAMP-02639,Partner Referrals Campaign 2025-06-10,2025-06-10,Partner Referrals,2678.19,6353,193,35,12,9,22268.04
CAMP-02640,Google Ads Campaign 2025-06-10,2025-06-10,Google Ads,3387.47,65169,2633,435,94,82,173259.46
CAMP-02641,Events & Webinars Campaign 2025-06-10,2025-06-10,Events & Webinars,1071.26,9071,384,26,7,6,5796.21
CAMP-02642,Partner Referrals Campaign 2025-06-11,2025-06-11,Partner Referrals,3096.46,31795,2003,108,40,32,112761.52
CAMP-02643,LinkedIn Ads Campaign 2025-06-11,2025-06-11,LinkedIn Ads,1132.65,91697,1956,261,100,73,256443.5
CAMP-02644,Partner Referrals Campaign 2025-06-12,2025-06-12,Partner Referrals,3461.78,13162,981,187,64,39,75336.29
CAMP-02645,Email Campaigns Campaign 2025-06-12,2025-06-12,Email Campaigns,3292.18,41577,2979,556,217,150,355873.44
CAMP-02646,Events & Webinars Campaign 2025-06-12,2025-06-12,Events & Webinars,1562.59,93569,6048,518,91,69,145060.88
CAMP-02647,Email Campaigns Campaign 2025-06-13,2025-06-13,Email Campaigns,3377.87,39497,1067,68,24,15,17288.17
CAMP-02648,Google Ads Campaign 2025-06-13,2025-06-13,Google Ads,696.01,55658,3424,381,133,81,107237.72
CAMP-02649,Email Campaigns Campaign 2025-06-14,2025-06-14,Email Campaigns,2895.56,44599,3238,608,220,179,362520.88
CAMP-02650,Partner Referrals Campaign 2025-06-14,2025-06-14,Partner Referrals,1111.67,49654,2758,455,78,64,282982.75
CAMP-02651,LinkedIn Ads Campaign 2025-06-14,2025-06-14,LinkedIn Ads,2045.52,34807,2784,477,159,127,170621.01
CAMP-02652,SEO Content Campaign 2025-06-14,2025-06-14,SEO Content,3258.59,97422,6258,968,171,131,157021.0
CAMP-02653,LinkedIn Ads Campaign 2025-06-15,2025-06-15,LinkedIn Ads,3340.74,92964,4381,539,127,103,214641.3
CAMP-02654,Google Ads Campaign 2025-06-15,2025-06-15,Google Ads,3331.93,92883,4893,662,142,115,105794.68
CAMP-02655,Partner Referrals Campaign 2025-06-16,2025-06-16,Partner Referrals,922.4,84464,3429,672,95,86,331471.82
CAMP-02656,Email Campaigns Campaign 2025-06-16,2025-06-16,Email Campaigns,1774.8,28556,1647,202,74,46,131362.15
CAMP-02657,SEO Content Campaign 2025-06-16,2025-06-16,SEO Content,319.18,94238,2671,412,72,71,196119.37
CAMP-02658,Google Ads Campaign 2025-06-16,2025-06-16,Google Ads,3163.49,9371,554,106,29,18,72517.62
CAMP-02659,LinkedIn Ads Campaign 2025-06-17,2025-06-17,LinkedIn Ads,3473.99,45217,1410,148,38,27,114281.29
CAMP-02660,SEO Content Campaign 2025-06-17,2025-06-17,SEO Content,599.47,31072,1709,207,57,40,165857.97
CAMP-02661,LinkedIn Ads Campaign 2025-06-18,2025-06-18,LinkedIn Ads,2371.84,90743,6320,945,139,84,203949.08
CAMP-02662,Email Campaigns Campaign 2025-06-18,2025-06-18,Email Campaigns,1916.08,55582,2467,189,74,56,141221.1
CAMP-02663,Events & Webinars Campaign 2025-06-18,2025-06-18,Events & Webinars,3290.29,62676,1705,154,46,29,65190.08
CAMP-02664,SEO Content Campaign 2025-06-18,2025-06-18,SEO Content,2707.77,90567,6455,1176,119,117,259933.84
CAMP-02665,Google Ads Campaign 2025-06-19,2025-06-19,Google Ads,873.14,86300,3379,610,66,57,159748.78
CAMP-02666,Partner Referrals Campaign 2025-06-19,2025-06-19,Partner Referrals,3335.23,55146,2854,288,104,78,267191.53
CAMP-02667,Partner Referrals Campaign 2025-06-20,2025-06-20,Partner Referrals,3487.03,57128,2648,267,97,62,236310.94
CAMP-02668,LinkedIn Ads Campaign 2025-06-20,2025-06-20,LinkedIn Ads,2872.69,92705,2008,362,91,59,209188.98
CAMP-02669,Google Ads Campaign 2025-06-20,2025-06-20,Google Ads,2892.72,30597,1341,136,22,16,47522.07
CAMP-02670,SEO Content Campaign 2025-06-21,2025-06-21,SEO Content,410.46,45927,2641,204,24,17,28094.7
CAMP-02671,LinkedIn Ads Campaign 2025-06-21,2025-06-21,LinkedIn Ads,877.39,6880,480,69,14,11,15841.78
CAMP-02672,Events & Webinars Campaign 2025-06-21,2025-06-21,Events & Webinars,1272.14,49304,2500,483,127,77,287506.7
CAMP-02673,Email Campaigns Campaign 2025-06-22,2025-06-22,Email Campaigns,548.13,85626,5638,624,193,126,254952.64
CAMP-02674,Events & Webinars Campaign 2025-06-22,2025-06-22,Events & Webinars,1874.11,11276,544,82,32,19,54361.04
CAMP-02675,Events & Webinars Campaign 2025-06-23,2025-06-23,Events & Webinars,768.62,12567,513,72,24,20,76361.1
CAMP-02676,Google Ads Campaign 2025-06-23,2025-06-23,Google Ads,2069.08,62282,3544,354,117,102,413729.6
CAMP-02677,Partner Referrals Campaign 2025-06-24,2025-06-24,Partner Referrals,2865.8,6727,200,25,8,7,10607.98
CAMP-02678,Email Campaigns Campaign 2025-06-24,2025-06-24,Email Campaigns,3175.56,22948,1159,58,22,13,31561.0
CAMP-02679,Google Ads Campaign 2025-06-24,2025-06-24,Google Ads,1541.14,53244,3245,279,45,34,117661.89
CAMP-02680,Email Campaigns Campaign 2025-06-25,2025-06-25,Email Campaigns,2093.89,55252,3686,440,109,84,193129.21
CAMP-02681,SEO Content Campaign 2025-06-25,2025-06-25,SEO Content,3177.83,27369,1327,76,26,22,73804.12
CAMP-02682,SEO Content Campaign 2025-06-26,2025-06-26,SEO Content,1737.59,23130,1827,327,45,40,129224.91
CAMP-02683,LinkedIn Ads Campaign 2025-06-26,2025-06-26,LinkedIn Ads,2086.53,25981,607,43,7,4,14171.05
CAMP-02684,Partner Referrals Campaign 2025-06-26,2025-06-26,Partner Referrals,1408.92,49947,1901,193,43,39,52351.13
CAMP-02685,Google Ads Campaign 2025-06-27,2025-06-27,Google Ads,3271.51,27823,1932,156,20,15,17373.19
CAMP-02686,Events & Webinars Campaign 2025-06-27,2025-06-27,Events & Webinars,1317.47,50913,2636,465,149,122,317097.56
CAMP-02687,SEO Content Campaign 2025-06-27,2025-06-27,SEO Content,1753.08,63645,1735,211,31,28,92394.56
CAMP-02688,SEO Content Campaign 2025-06-28,2025-06-28,SEO Content,2418.85,39471,877,56,14,13,23866.55
CAMP-02689,Google Ads Campaign 2025-06-28,2025-06-28,Google Ads,1573.37,10938,591,78,12,8,9409.77
CAMP-02690,Email Campaigns Campaign 2025-06-29,2025-06-29,Email Campaigns,3259.82,53907,1304,205,76,49,139127.33
CAMP-02691,LinkedIn Ads Campaign 2025-06-29,2025-06-29,LinkedIn Ads,3406.38,74033,3491,680,142,104,261196.26
CAMP-02692,Events & Webinars Campaign 2025-06-29,2025-06-29,Events & Webinars,1786.72,75777,4241,630,170,123,126834.3
CAMP-02693,Events & Webinars Campaign 2025-06-30,2025-06-30,Events & Webinars,2832.67,36579,2260,265,81,74,80058.36
CAMP-02694,Google Ads Campaign 2025-06-30,2025-06-30,Google Ads,1909.2,69676,1507,262,38,28,111096.53
CAMP-02695,LinkedIn Ads Campaign 2025-06-30,2025-06-30,LinkedIn Ads,3009.05,66840,4527,791,105,98,273786.15
CAMP-02696,Email Campaigns Campaign 2025-06-30,2025-06-30,Email Campaigns,1982.48,65601,5170,748,239,209,304663.72
CAMP-02697,Partner Referrals Campaign 2025-07-01,2025-07-01,Partner Referrals,2901.68,30755,1235,213,79,78,66527.82
CAMP-02698,Email Campaigns Campaign 2025-07-01,2025-07-01,Email Campaigns,3244.38,5537,315,55,10,8,28373.51
CAMP-02699,Email Campaigns Campaign 2025-07-02,2025-07-02,Email Campaigns,1313.6,75660,5274,419,104,103,314587.66
CAMP-02700,LinkedIn Ads Campaign 2025-07-02,2025-07-02,LinkedIn Ads,1751.54,78001,4499,696,142,140,553782.01
CAMP-02701,Partner Referrals Campaign 2025-07-02,2025-07-02,Partner Referrals,1718.64,10436,257,34,11,9,11451.96
CAMP-02702,Events & Webinars Campaign 2025-07-02,2025-07-02,Events & Webinars,735.7,84788,4521,565,166,123,422463.44
CAMP-02703,Events & Webinars Campaign 2025-07-03,2025-07-03,Events & Webinars,946.56,11487,759,41,9,6,19392.05
CAMP-02704,Partner Referrals Campaign 2025-07-03,2025-07-03,Partner Referrals,3209.97,86671,5224,732,160,107,156432.88
CAMP-02705,Google Ads Campaign 2025-07-03,2025-07-03,Google Ads,3486.82,36849,2783,414,115,90,268959.99
CAMP-02706,SEO Content Campaign 2025-07-04,2025-07-04,SEO Content,2935.53,17553,597,39,10,9,13920.54
CAMP-02707,LinkedIn Ads Campaign 2025-07-04,2025-07-04,LinkedIn Ads,3223.33,54128,3329,475,126,90,85388.5
CAMP-02708,Partner Referrals Campaign 2025-07-04,2025-07-04,Partner Referrals,2505.7,29635,1722,152,31,28,71724.56
CAMP-02709,Partner Referrals Campaign 2025-07-05,2025-07-05,Partner Referrals,714.73,12258,623,98,31,24,85492.93
CAMP-02710,Email Campaigns Campaign 2025-07-05,2025-07-05,Email Campaigns,2159.45,74529,4507,316,58,44,174121.99
CAMP-02711,Google Ads Campaign 2025-07-05,2025-07-05,Google Ads,1343.59,49183,2033,116,29,21,60604.87
CAMP-02712,LinkedIn Ads Campaign 2025-07-05,2025-07-05,LinkedIn Ads,1764.64,73679,5524,419,117,115,322721.5
CAMP-02713,LinkedIn Ads Campaign 2025-07-06,2025-07-06,LinkedIn Ads,2089.81,73422,3742,208,40,33,92375.54
CAMP-02714,Google Ads Campaign 2025-07-06,2025-07-06,Google Ads,2418.18,43291,1138,200,23,22,84172.5
CAMP-02715,Partner Referrals Campaign 2025-07-06,2025-07-06,Partner Referrals,2573.93,11916,537,83,11,10,20576.44
CAMP-02716,Email Campaigns Campaign 2025-07-07,2025-07-07,Email Campaigns,2686.89,90110,6675,606,153,121,505713.32
CAMP-02717,Google Ads Campaign 2025-07-07,2025-07-07,Google Ads,2082.95,43595,2161,171,38,36,73332.03
CAMP-02718,Events & Webinars Campaign 2025-07-07,2025-07-07,Events & Webinars,1403.78,90897,5359,1042,387,315,1151701.18
CAMP-02719,SEO Content Campaign 2025-07-08,2025-07-08,SEO Content,746.04,57719,1238,232,44,38,143572.27
CAMP-02720,Partner Referrals Campaign 2025-07-08,2025-07-08,Partner Referrals,2173.62,46770,2142,160,25,18,56571.95
CAMP-02721,Events & Webinars Campaign 2025-07-08,2025-07-08,Events & Webinars,623.17,10654,686,118,46,39,38723.7
CAMP-02722,SEO Content Campaign 2025-07-09,2025-07-09,SEO Content,1578.49,54339,2074,249,75,70,109934.06
CAMP-02723,Partner Referrals Campaign 2025-07-09,2025-07-09,Partner Referrals,1398.29,55984,1553,192,44,36,106246.26
CAMP-02724,LinkedIn Ads Campaign 2025-07-09,2025-07-09,LinkedIn Ads,2953.95,39321,2407,341,35,29,107459.41
CAMP-02725,Partner Referrals Campaign 2025-07-10,2025-07-10,Partner Referrals,2904.6,44158,2411,296,103,88,174797.98
CAMP-02726,Google Ads Campaign 2025-07-10,2025-07-10,Google Ads,2068.2,22958,1498,85,27,18,64096.79
CAMP-02727,LinkedIn Ads Campaign 2025-07-11,2025-07-11,LinkedIn Ads,1140.23,32876,1321,242,54,51,187824.16
CAMP-02728,Email Campaigns Campaign 2025-07-11,2025-07-11,Email Campaigns,1268.71,80453,2541,242,25,24,34604.47
CAMP-02729,Google Ads Campaign 2025-07-11,2025-07-11,Google Ads,381.33,45617,2030,298,99,77,301281.85
CAMP-02730,Google Ads Campaign 2025-07-12,2025-07-12,Google Ads,3209.49,81034,4024,456,72,51,183579.69
CAMP-02731,SEO Content Campaign 2025-07-12,2025-07-12,SEO Content,1158.72,43258,1882,113,41,33,134599.37
CAMP-02732,Email Campaigns Campaign 2025-07-12,2025-07-12,Email Campaigns,2473.43,46933,3257,389,130,88,154483.46
CAMP-02733,Partner Referrals Campaign 2025-07-12,2025-07-12,Partner Referrals,1467.2,45057,1021,162,39,38,156219.58
CAMP-02734,Email Campaigns Campaign 2025-07-13,2025-07-13,Email Campaigns,2120.92,45176,1956,316,97,77,64893.83
CAMP-02735,SEO Content Campaign 2025-07-13,2025-07-13,SEO Content,1106.25,46942,2726,440,100,63,271119.38
CAMP-02736,LinkedIn Ads Campaign 2025-07-13,2025-07-13,LinkedIn Ads,1337.15,6767,174,34,8,7,24617.69
CAMP-02737,Events & Webinars Campaign 2025-07-13,2025-07-13,Events & Webinars,2224.26,22086,833,81,20,14,19298.83
CAMP-02738,Email Campaigns Campaign 2025-07-14,2025-07-14,Email Campaigns,2044.45,53662,2781,518,108,68,132864.04
CAMP-02739,SEO Content Campaign 2025-07-14,2025-07-14,SEO Content,2667.53,86397,2780,466,63,43,165917.94
CAMP-02740,Events & Webinars Campaign 2025-07-15,2025-07-15,Events & Webinars,1768.14,91162,3198,217,45,40,79441.46
CAMP-02741,Google Ads Campaign 2025-07-15,2025-07-15,Google Ads,2153.63,26588,2079,209,50,36,112724.13
CAMP-02742,SEO Content Campaign 2025-07-15,2025-07-15,SEO Content,2892.59,54811,3940,737,118,117,498566.05
CAMP-02743,Events & Webinars Campaign 2025-07-16,2025-07-16,Events & Webinars,3410.82,58014,2228,314,121,90,227587.2
CAMP-02744,SEO Content Campaign 2025-07-16,2025-07-16,SEO Content,2886.44,9485,479,32,7,4,17501.03
CAMP-02745,Google Ads Campaign 2025-07-17,2025-07-17,Google Ads,2259.18,94498,4841,378,149,108,323970.97
CAMP-02746,LinkedIn Ads Campaign 2025-07-17,2025-07-17,LinkedIn Ads,2394.61,73831,3522,449,93,89,85348.93
CAMP-02747,SEO Content Campaign 2025-07-17,2025-07-17,SEO Content,2371.7,41698,2394,138,30,18,64631.56
CAMP-02748,Email Campaigns Campaign 2025-07-17,2025-07-17,Email Campaigns,348.97,83812,4047,506,114,79,275108.51
CAMP-02749,Email Campaigns Campaign 2025-07-18,2025-07-18,Email Campaigns,1728.33,7032,236,30,4,3,5567.27
CAMP-02750,Events & Webinars Campaign 2025-07-18,2025-07-18,Events & Webinars,962.05,68291,4881,401,80,53,157767.38
CAMP-02751,Events & Webinars Campaign 2025-07-19,2025-07-19,Events & Webinars,609.05,29864,1708,124,47,33,63383.66
CAMP-02752,Email Campaigns Campaign 2025-07-19,2025-07-19,Email Campaigns,2369.32,8600,448,67,7,5,14012.02
CAMP-02753,Partner Referrals Campaign 2025-07-20,2025-07-20,Partner Referrals,2896.02,89701,3193,183,72,46,80540.88
CAMP-02754,Events & Webinars Campaign 2025-07-20,2025-07-20,Events & Webinars,1065.71,93603,2951,380,62,60,100890.25
CAMP-02755,LinkedIn Ads Campaign 2025-07-21,2025-07-21,LinkedIn Ads,512.66,55492,1342,238,77,72,67942.93
CAMP-02756,Events & Webinars Campaign 2025-07-21,2025-07-21,Events & Webinars,360.95,79018,3468,528,108,95,302611.53
CAMP-02757,SEO Content Campaign 2025-07-21,2025-07-21,SEO Content,1591.03,23730,1423,163,40,34,90726.61
CAMP-02758,Email Campaigns Campaign 2025-07-21,2025-07-21,Email Campaigns,980.6,74133,4353,229,73,47,160684.87
CAMP-02759,Email Campaigns Campaign 2025-07-22,2025-07-22,Email Campaigns,2345.57,29381,1539,281,67,42,104222.16
CAMP-02760,Partner Referrals Campaign 2025-07-22,2025-07-22,Partner Referrals,2606.28,10408,398,61,11,8,11534.59
CAMP-02761,Google Ads Campaign 2025-07-23,2025-07-23,Google Ads,2536.75,85900,3968,441,69,51,171243.59
CAMP-02762,Events & Webinars Campaign 2025-07-23,2025-07-23,Events & Webinars,1896.47,78293,2772,465,130,114,141191.86
CAMP-02763,Partner Referrals Campaign 2025-07-23,2025-07-23,Partner Referrals,1140.5,38763,1571,130,34,22,87691.33
CAMP-02764,Email Campaigns Campaign 2025-07-23,2025-07-23,Email Campaigns,794.71,87387,2374,417,112,97,93079.37
CAMP-02765,Google Ads Campaign 2025-07-24,2025-07-24,Google Ads,1474.52,97448,3103,475,167,163,349065.15
CAMP-02766,LinkedIn Ads Campaign 2025-07-24,2025-07-24,LinkedIn Ads,516.78,73116,3839,675,99,92,273776.89
CAMP-02767,Email Campaigns Campaign 2025-07-24,2025-07-24,Email Campaigns,2861.49,34311,1383,120,29,23,94485.05
CAMP-02768,Events & Webinars Campaign 2025-07-24,2025-07-24,Events & Webinars,2357.68,84125,6487,1121,256,248,409362.42
CAMP-02769,Google Ads Campaign 2025-07-25,2025-07-25,Google Ads,363.43,68835,3371,610,136,130,168941.7
CAMP-02770,LinkedIn Ads Campaign 2025-07-25,2025-07-25,LinkedIn Ads,425.1,46561,2900,517,165,139,181178.07
CAMP-02771,Email Campaigns Campaign 2025-07-25,2025-07-25,Email Campaigns,1894.67,42244,2807,487,190,114,127909.21
CAMP-02772,Email Campaigns Campaign 2025-07-26,2025-07-26,Email Campaigns,1080.08,78023,3892,369,50,39,53726.0
CAMP-02773,LinkedIn Ads Campaign 2025-07-26,2025-07-26,LinkedIn Ads,838.25,83178,2173,362,82,53,156255.49
CAMP-02774,Partner Referrals Campaign 2025-07-27,2025-07-27,Partner Referrals,382.98,8864,368,66,7,6,15890.28
CAMP-02775,Events & Webinars Campaign 2025-07-27,2025-07-27,Events & Webinars,2840.31,71199,4192,649,154,117,486196.34
CAMP-02776,Email Campaigns Campaign 2025-07-27,2025-07-27,Email Campaigns,3337.03,87783,6384,458,67,45,141978.58
CAMP-02777,Google Ads Campaign 2025-07-27,2025-07-27,Google Ads,1820.95,75919,4044,704,187,114,318351.07
CAMP-02778,Events & Webinars Campaign 2025-07-28,2025-07-28,Events & Webinars,1906.86,6121,147,22,6,3,9351.81
CAMP-02779,LinkedIn Ads Campaign 2025-07-28,2025-07-28,LinkedIn Ads,727.8,39711,2366,188,27,26,60717.63
CAMP-02780,Email Campaigns Campaign 2025-07-28,2025-07-28,Email Campaigns,3307.58,41439,2015,389,43,38,133567.59
CAMP-02781,SEO Content Campaign 2025-07-28,2025-07-28,SEO Content,3334.21,74092,3526,576,213,192,565487.1
CAMP-02782,Google Ads Campaign 2025-07-29,2025-07-29,Google Ads,1226.24,73633,1693,129,35,23,76260.71
CAMP-02783,SEO Content Campaign 2025-07-29,2025-07-29,SEO Content,3231.03,32361,2282,408,89,59,239320.01
CAMP-02784,Partner Referrals Campaign 2025-07-29,2025-07-29,Partner Referrals,675.73,70037,1613,265,58,56,62951.61
CAMP-02785,Email Campaigns Campaign 2025-07-29,2025-07-29,Email Campaigns,1370.95,62040,2582,445,121,104,216731.83
CAMP-02786,Email Campaigns Campaign 2025-07-30,2025-07-30,Email Campaigns,2104.92,88909,3474,638,120,118,269880.28
CAMP-02787,Events & Webinars Campaign 2025-07-30,2025-07-30,Events & Webinars,691.3,17183,1373,256,47,34,98022.02
CAMP-02788,SEO Content Campaign 2025-07-31,2025-07-31,SEO Content,981.28,37598,1054,137,24,16,68630.29
CAMP-02789,Email Campaigns Campaign 2025-07-31,2025-07-31,Email Campaigns,2628.67,36141,1418,232,68,46,94106.99
CAMP-02790,Partner Referrals Campaign 2025-07-31,2025-07-31,Partner Referrals,1956.42,12394,294,27,3,2,1946.51
CAMP-02791,Google Ads Campaign 2025-07-31,2025-07-31,Google Ads,2097.87,94346,2905,222,42,41,53768.0
CAMP-02792,LinkedIn Ads Campaign 2025-08-01,2025-08-01,LinkedIn Ads,2061.38,50392,1140,198,60,46,164255.34
CAMP-02793,Events & Webinars Campaign 2025-08-01,2025-08-01,Events & Webinars,2809.38,12002,652,38,4,3,7863.74
CAMP-02794,SEO Content Campaign 2025-08-01,2025-08-01,SEO Content,2012.14,59612,4077,731,280,274,400806.39
CAMP-02795,Email Campaigns Campaign 2025-08-02,2025-08-02,Email Campaigns,824.66,97292,3776,336,40,24,86556.44
CAMP-02796,Google Ads Campaign 2025-08-02,2025-08-02,Google Ads,3048.02,94244,6154,827,303,199,236987.49
CAMP-02797,SEO Content Campaign 2025-08-02,2025-08-02,SEO Content,3405.12,45425,1659,226,54,33,65414.7
CAMP-02798,Events & Webinars Campaign 2025-08-02,2025-08-02,Events & Webinars,2931.02,57621,3383,327,109,108,290435.69
CAMP-02799,Partner Referrals Campaign 2025-08-03,2025-08-03,Partner Referrals,1657.69,56345,4362,239,57,48,69684.36
CAMP-02800,Google Ads Campaign 2025-08-03,2025-08-03,Google Ads,2600.73,30761,1403,198,41,34,29813.24
CAMP-02801,LinkedIn Ads Campaign 2025-08-03,2025-08-03,LinkedIn Ads,2261.18,91406,5043,864,109,80,239877.4
CAMP-02802,Events & Webinars Campaign 2025-08-03,2025-08-03,Events & Webinars,3100.63,51351,4062,266,51,31,66408.05
CAMP-02803,Google Ads Campaign 2025-08-04,2025-08-04,Google Ads,1115.5,80150,2251,420,55,42,128655.41
CAMP-02804,LinkedIn Ads Campaign 2025-08-04,2025-08-04,LinkedIn Ads,3471.79,97868,4043,323,50,42,94763.26
CAMP-02805,SEO Content Campaign 2025-08-04,2025-08-04,SEO Content,1279.92,62503,1695,128,31,25,72440.04
CAMP-02806,LinkedIn Ads Campaign 2025-08-05,2025-08-05,LinkedIn Ads,1526.38,6480,288,54,9,8,35265.81
CAMP-02807,Partner Referrals Campaign 2025-08-05,2025-08-05,Partner Referrals,2228.45,70045,2655,164,17,10,33097.55
CAMP-02808,SEO Content Campaign 2025-08-05,2025-08-05,SEO Content,3040.52,80235,5927,380,53,36,148718.54
CAMP-02809,Google Ads Campaign 2025-08-06,2025-08-06,Google Ads,1027.31,85718,5226,1019,186,127,146072.85
CAMP-02810,Partner Referrals Campaign 2025-08-06,2025-08-06,Partner Referrals,3108.67,25037,551,54,13,9,18931.73
CAMP-02811,SEO Content Campaign 2025-08-07,2025-08-07,SEO Content,2230.7,87298,2409,392,87,55,192373.32
CAMP-02812,LinkedIn Ads Campaign 2025-08-07,2025-08-07,LinkedIn Ads,1653.51,64023,4518,708,200,162,493697.8
CAMP-02813,Email Campaigns Campaign 2025-08-07,2025-08-07,Email Campaigns,3108.85,14753,1103,167,28,23,74483.78
CAMP-02814,Partner Referrals Campaign 2025-08-08,2025-08-08,Partner Referrals,1391.54,74304,4700,778,155,137,467879.17
CAMP-02815,Email Campaigns Campaign 2025-08-08,2025-08-08,Email Campaigns,3048.54,54711,3153,296,108,68,132282.69
CAMP-02816,Email Campaigns Campaign 2025-08-09,2025-08-09,Email Campaigns,3259.08,59025,1824,248,46,36,155948.53
CAMP-02817,SEO Content Campaign 2025-08-09,2025-08-09,SEO Content,1989.75,78790,1825,230,67,57,91442.02
CAMP-02818,Partner Referrals Campaign 2025-08-09,2025-08-09,Partner Referrals,3467.76,85158,6299,787,203,195,374516.99
CAMP-02819,LinkedIn Ads Campaign 2025-08-09,2025-08-09,LinkedIn Ads,2440.85,14820,749,129,16,14,42518.24
CAMP-02820,Events & Webinars Campaign 2025-08-10,2025-08-10,Events & Webinars,1741.3,40445,1574,172,43,37,161018.59
CAMP-02821,Partner Referrals Campaign 2025-08-10,2025-08-10,Partner Referrals,1432.28,62833,3673,321,42,25,32256.37
CAMP-02822,Email Campaigns Campaign 2025-08-10,2025-08-10,Email Campaigns,2412.14,32342,2206,211,22,13,36993.24
CAMP-02823,LinkedIn Ads Campaign 2025-08-11,2025-08-11,LinkedIn Ads,889.54,49158,3514,543,87,77,221153.15
CAMP-02824,Google Ads Campaign 2025-08-11,2025-08-11,Google Ads,2775.66,37130,811,126,29,23,84391.59
CAMP-02825,SEO Content Campaign 2025-08-12,2025-08-12,SEO Content,3395.41,74272,4559,401,71,63,182196.27
CAMP-02826,LinkedIn Ads Campaign 2025-08-12,2025-08-12,LinkedIn Ads,894.61,16362,653,115,11,9,23187.44
CAMP-02827,Partner Referrals Campaign 2025-08-12,2025-08-12,Partner Referrals,960.92,93935,4295,508,84,52,160996.92
CAMP-02828,Email Campaigns Campaign 2025-08-12,2025-08-12,Email Campaigns,3390.28,31228,1118,146,41,26,20884.25
CAMP-02829,Events & Webinars Campaign 2025-08-13,2025-08-13,Events & Webinars,2059.21,22295,673,125,13,10,25119.23
CAMP-02830,Partner Referrals Campaign 2025-08-13,2025-08-13,Partner Referrals,1770.77,61557,4552,727,110,103,445184.37
CAMP-02831,Google Ads Campaign 2025-08-14,2025-08-14,Google Ads,597.34,57040,2317,180,65,59,48492.4
CAMP-02832,SEO Content Campaign 2025-08-14,2025-08-14,SEO Content,830.35,41494,2344,314,101,95,379220.88
CAMP-02833,Partner Referrals Campaign 2025-08-14,2025-08-14,Partner Referrals,1675.77,64166,5007,260,61,58,81899.18
CAMP-02834,Events & Webinars Campaign 2025-08-14,2025-08-14,Events & Webinars,737.81,67826,2776,291,68,59,111687.42
CAMP-02835,Events & Webinars Campaign 2025-08-15,2025-08-15,Events & Webinars,2786.7,73009,4907,806,188,167,218502.62
CAMP-02836,Partner Referrals Campaign 2025-08-15,2025-08-15,Partner Referrals,2737.88,98687,2797,409,83,56,161594.49
CAMP-02837,Google Ads Campaign 2025-08-15,2025-08-15,Google Ads,1192.9,32988,2132,161,51,46,152744.52
CAMP-02838,SEO Content Campaign 2025-08-15,2025-08-15,SEO Content,1312.6,85672,6580,1010,309,200,814557.51
CAMP-02839,Email Campaigns Campaign 2025-08-16,2025-08-16,Email Campaigns,3110.34,15653,624,34,9,5,14433.27
CAMP-02840,Events & Webinars Campaign 2025-08-16,2025-08-16,Events & Webinars,3327.47,86532,6149,899,114,73,224982.6
CAMP-02841,LinkedIn Ads Campaign 2025-08-16,2025-08-16,LinkedIn Ads,2258.98,36860,2073,353,94,88,96670.18
CAMP-02842,Events & Webinars Campaign 2025-08-17,2025-08-17,Events & Webinars,2706.48,75388,3396,186,36,33,40398.04
CAMP-02843,Partner Referrals Campaign 2025-08-17,2025-08-17,Partner Referrals,391.01,6237,133,15,4,2,5067.59
CAMP-02844,SEO Content Campaign 2025-08-17,2025-08-17,SEO Content,1919.69,86668,2418,431,123,115,358071.44
CAMP-02845,SEO Content Campaign 2025-08-18,2025-08-18,SEO Content,2585.98,82173,1783,256,32,19,18383.18
CAMP-02846,LinkedIn Ads Campaign 2025-08-18,2025-08-18,LinkedIn Ads,1484.73,65636,4034,306,33,27,35367.4
CAMP-02847,Google Ads Campaign 2025-08-19,2025-08-19,Google Ads,1885.54,72855,2147,164,21,16,55939.81
CAMP-02848,Email Campaigns Campaign 2025-08-19,2025-08-19,Email Campaigns,584.68,53500,1360,119,12,10,38561.24
CAMP-02849,Events & Webinars Campaign 2025-08-19,2025-08-19,Events & Webinars,877.98,39447,1989,360,132,106,367704.95
CAMP-02850,LinkedIn Ads Campaign 2025-08-19,2025-08-19,LinkedIn Ads,1194.02,87541,2112,130,39,33,117959.5
CAMP-02851,Email Campaigns Campaign 2025-08-20,2025-08-20,Email Campaigns,464.8,20630,1141,199,44,37,55322.64
CAMP-02852,Google Ads Campaign 2025-08-20,2025-08-20,Google Ads,3454.43,78543,2265,448,116,91,293183.01
CAMP-02853,Events & Webinars Campaign 2025-08-21,2025-08-21,Events & Webinars,3420.7,81455,2531,246,65,44,71625.62
CAMP-02854,Google Ads Campaign 2025-08-21,2025-08-21,Google Ads,2551.69,45623,2070,312,34,32,32791.15
CAMP-02855,LinkedIn Ads Campaign 2025-08-21,2025-08-21,LinkedIn Ads,1596.84,28173,735,37,14,12,31637.27
CAMP-02856,Email Campaigns Campaign 2025-08-21,2025-08-21,Email Campaigns,1181.92,72680,4036,498,101,70,214985.5
CAMP-02857,Email Campaigns Campaign 2025-08-22,2025-08-22,Email Campaigns,3035.57,7139,277,50,16,10,44513.89
CAMP-02858,LinkedIn Ads Campaign 2025-08-22,2025-08-22,LinkedIn Ads,1463.39,25880,620,34,7,5,9623.07
CAMP-02859,Partner Referrals Campaign 2025-08-22,2025-08-22,Partner Referrals,1210.4,32415,1697,219,21,15,40039.24
CAMP-02860,Events & Webinars Campaign 2025-08-22,2025-08-22,Events & Webinars,1253.69,84126,5034,484,81,49,83575.1
CAMP-02861,Events & Webinars Campaign 2025-08-23,2025-08-23,Events & Webinars,2334.94,49128,3507,633,232,205,708116.49
CAMP-02862,Partner Referrals Campaign 2025-08-23,2025-08-23,Partner Referrals,2592.87,22074,1562,196,24,15,12045.6
CAMP-02863,SEO Content Campaign 2025-08-23,2025-08-23,SEO Content,1788.73,46346,2883,362,107,64,150569.24
CAMP-02864,Email Campaigns Campaign 2025-08-23,2025-08-23,Email Campaigns,457.91,53052,1204,225,33,22,55745.14
CAMP-02865,Email Campaigns Campaign 2025-08-24,2025-08-24,Email Campaigns,1996.52,79402,3544,558,170,167,185889.35
CAMP-02866,Events & Webinars Campaign 2025-08-24,2025-08-24,Events & Webinars,622.21,70392,5530,911,273,176,245650.99
CAMP-02867,Partner Referrals Campaign 2025-08-24,2025-08-24,Partner Referrals,586.9,78141,4992,443,149,110,300842.27
CAMP-02868,Email Campaigns Campaign 2025-08-25,2025-08-25,Email Campaigns,1266.37,65583,3051,435,156,134,319813.39
CAMP-02869,Google Ads Campaign 2025-08-25,2025-08-25,Google Ads,2453.96,27944,1118,119,44,32,27600.64
CAMP-02870,Email Campaigns Campaign 2025-08-26,2025-08-26,Email Campaigns,2782.13,56269,1962,352,109,87,207499.79
CAMP-02871,SEO Content Campaign 2025-08-26,2025-08-26,SEO Content,1308.07,86216,2459,439,155,95,396353.61
CAMP-02872,Email Campaigns Campaign 2025-08-27,2025-08-27,Email Campaigns,1025.91,73175,2181,405,51,47,77707.69
CAMP-02873,SEO Content Campaign 2025-08-27,2025-08-27,SEO Content,2567.88,37575,1880,179,60,50,210469.64
CAMP-02874,Email Campaigns Campaign 2025-08-28,2025-08-28,Email Campaigns,1903.28,82150,2805,538,123,120,112370.67
CAMP-02875,Events & Webinars Campaign 2025-08-28,2025-08-28,Events & Webinars,1206.77,84912,5428,294,88,60,164371.88
CAMP-02876,LinkedIn Ads Campaign 2025-08-28,2025-08-28,LinkedIn Ads,3009.27,35190,1653,223,65,40,177803.7
CAMP-02877,SEO Content Campaign 2025-08-28,2025-08-28,SEO Content,2744.78,41310,2547,441,129,121,442989.05
CAMP-02878,Google Ads Campaign 2025-08-29,2025-08-29,Google Ads,3290.75,60184,3988,271,86,52,105777.57
CAMP-02879,Email Campaigns Campaign 2025-08-29,2025-08-29,Email Campaigns,3243.39,99132,6017,973,316,209,751406.54
CAMP-02880,Partner Referrals Campaign 2025-08-29,2025-08-29,Partner Referrals,2346.3,19279,888,165,30,26,31706.8
CAMP-02881,LinkedIn Ads Campaign 2025-08-30,2025-08-30,LinkedIn Ads,1977.73,73387,2888,251,67,46,109637.13
CAMP-02882,Events & Webinars Campaign 2025-08-30,2025-08-30,Events & Webinars,1095.4,17875,414,79,28,20,89570.52
CAMP-02883,SEO Content Campaign 2025-08-30,2025-08-30,SEO Content,3112.03,9635,253,37,4,2,2446.01
CAMP-02884,Email Campaigns Campaign 2025-08-31,2025-08-31,Email Campaigns,2567.39,50610,3889,526,175,167,241037.7
CAMP-02885,LinkedIn Ads Campaign 2025-08-31,2025-08-31,LinkedIn Ads,1592.07,91739,4852,764,159,158,557005.65
CAMP-02886,Events & Webinars Campaign 2025-08-31,2025-08-31,Events & Webinars,2382.78,51316,1323,104,25,22,20950.9
CAMP-02887,Google Ads Campaign 2025-09-01,2025-09-01,Google Ads,2969.9,98376,6766,1281,309,293,381818.47
CAMP-02888,Email Campaigns Campaign 2025-09-01,2025-09-01,Email Campaigns,1676.21,7466,475,90,26,25,56861.5
CAMP-02889,Events & Webinars Campaign 2025-09-01,2025-09-01,Events & Webinars,3416.98,79551,2888,572,106,93,162726.07
CAMP-02890,Partner Referrals Campaign 2025-09-01,2025-09-01,Partner Referrals,1629.93,86179,3142,609,103,92,290168.05
CAMP-02891,LinkedIn Ads Campaign 2025-09-02,2025-09-02,LinkedIn Ads,3486.85,74063,4218,634,77,75,223207.38
CAMP-02892,Events & Webinars Campaign 2025-09-02,2025-09-02,Events & Webinars,2269.67,12243,571,35,13,10,43817.71
CAMP-02893,Google Ads Campaign 2025-09-02,2025-09-02,Google Ads,636.52,16502,1127,158,29,21,84905.17
CAMP-02894,LinkedIn Ads Campaign 2025-09-03,2025-09-03,LinkedIn Ads,2571.11,33665,1852,271,78,62,146609.79
CAMP-02895,SEO Content Campaign 2025-09-03,2025-09-03,SEO Content,2733.45,42754,2164,394,96,73,263140.29
CAMP-02896,Email Campaigns Campaign 2025-09-04,2025-09-04,Email Campaigns,1241.85,76628,3169,414,131,97,284173.76
CAMP-02897,Events & Webinars Campaign 2025-09-04,2025-09-04,Events & Webinars,1209.69,76434,1838,189,20,13,51066.96
CAMP-02898,Partner Referrals Campaign 2025-09-04,2025-09-04,Partner Referrals,2318.4,48564,2778,532,103,71,181312.15
CAMP-02899,Email Campaigns Campaign 2025-09-05,2025-09-05,Email Campaigns,2071.42,38313,1470,209,60,37,143753.49
CAMP-02900,Google Ads Campaign 2025-09-05,2025-09-05,Google Ads,3338.05,51162,4037,290,47,32,45628.91
CAMP-02901,LinkedIn Ads Campaign 2025-09-05,2025-09-05,LinkedIn Ads,416.64,86801,6627,881,138,133,595851.08
CAMP-02902,Google Ads Campaign 2025-09-06,2025-09-06,Google Ads,2558.59,84218,5826,919,179,158,209368.75
CAMP-02903,Events & Webinars Campaign 2025-09-06,2025-09-06,Events & Webinars,2589.96,85004,2659,524,196,191,243344.86
CAMP-02904,LinkedIn Ads Campaign 2025-09-06,2025-09-06,LinkedIn Ads,3044.05,44888,2446,400,71,62,104287.1
CAMP-02905,Partner Referrals Campaign 2025-09-06,2025-09-06,Partner Referrals,2058.89,6021,348,54,10,8,10363.65
CAMP-02906,SEO Content Campaign 2025-09-07,2025-09-07,SEO Content,590.56,5442,406,68,11,8,16650.15
CAMP-02907,Google Ads Campaign 2025-09-07,2025-09-07,Google Ads,828.93,46543,1334,161,30,25,26519.39
CAMP-02908,Partner Referrals Campaign 2025-09-08,2025-09-08,Partner Referrals,2650.95,15882,896,83,28,23,33141.18
CAMP-02909,SEO Content Campaign 2025-09-08,2025-09-08,SEO Content,854.12,32227,2424,259,83,78,216818.37
CAMP-02910,LinkedIn Ads Campaign 2025-09-08,2025-09-08,LinkedIn Ads,2932.51,44217,1645,259,83,58,174917.63
CAMP-02911,Email Campaigns Campaign 2025-09-09,2025-09-09,Email Campaigns,612.37,41470,1386,239,70,51,98377.06
CAMP-02912,Events & Webinars Campaign 2025-09-09,2025-09-09,Events & Webinars,1673.35,73809,4794,903,317,219,444538.02
CAMP-02913,Email Campaigns Campaign 2025-09-10,2025-09-10,Email Campaigns,3476.43,69183,5237,422,151,125,296261.91
CAMP-02914,Events & Webinars Campaign 2025-09-10,2025-09-10,Events & Webinars,1055.96,44686,3266,506,144,142,358756.91
CAMP-02915,Partner Referrals Campaign 2025-09-10,2025-09-10,Partner Referrals,2036.78,67529,1738,204,73,47,49647.12
CAMP-02916,LinkedIn Ads Campaign 2025-09-11,2025-09-11,LinkedIn Ads,3089.1,10932,660,44,17,12,34731.69
CAMP-02917,Partner Referrals Campaign 2025-09-11,2025-09-11,Partner Referrals,332.47,74162,4852,824,324,297,307357.49
CAMP-02918,Google Ads Campaign 2025-09-11,2025-09-11,Google Ads,3450.96,66098,3950,293,70,56,136927.76
CAMP-02919,Events & Webinars Campaign 2025-09-11,2025-09-11,Events & Webinars,1052.48,84073,4844,398,102,68,196528.43
CAMP-02920,Partner Referrals Campaign 2025-09-12,2025-09-12,Partner Referrals,3014.12,74183,2866,316,124,86,174284.98
CAMP-02921,LinkedIn Ads Campaign 2025-09-12,2025-09-12,LinkedIn Ads,2055.24,9130,223,44,15,14,60729.69
CAMP-02922,Google Ads Campaign 2025-09-12,2025-09-12,Google Ads,2384.15,71702,3021,183,63,52,65587.84
CAMP-02923,SEO Content Campaign 2025-09-13,2025-09-13,SEO Content,3219.24,41537,3303,261,95,76,208847.71
CAMP-02924,Partner Referrals Campaign 2025-09-13,2025-09-13,Partner Referrals,2864.9,17819,690,62,9,7,7309.79
CAMP-02925,LinkedIn Ads Campaign 2025-09-14,2025-09-14,LinkedIn Ads,2224.17,73095,2263,335,111,89,286032.1
CAMP-02926,SEO Content Campaign 2025-09-14,2025-09-14,SEO Content,2067.38,80385,1705,188,18,14,39036.84
CAMP-02927,Email Campaigns Campaign 2025-09-14,2025-09-14,Email Campaigns,2411.3,56634,1877,125,35,33,62578.97
CAMP-02928,Google Ads Campaign 2025-09-15,2025-09-15,Google Ads,1368.53,31919,1331,251,36,32,28429.82
CAMP-02929,SEO Content Campaign 2025-09-15,2025-09-15,SEO Content,3192.07,29493,1931,289,99,95,214436.64
CAMP-02930,Events & Webinars Campaign 2025-09-16,2025-09-16,Events & Webinars,1383.88,88737,4679,243,82,53,77518.6
CAMP-02931,Partner Referrals Campaign 2025-09-16,2025-09-16,Partner Referrals,1852.94,61001,1818,357,65,42,62871.54
CAMP-02932,Events & Webinars Campaign 2025-09-17,2025-09-17,Events & Webinars,2452.34,71007,3502,554,92,85,221164.74
CAMP-02933,SEO Content Campaign 2025-09-17,2025-09-17,SEO Content,537.64,53799,2985,365,53,42,112890.16
CAMP-02934,Partner Referrals Campaign 2025-09-17,2025-09-17,Partner Referrals,2938.16,83852,4628,519,159,128,158366.21
CAMP-02935,LinkedIn Ads Campaign 2025-09-17,2025-09-17,LinkedIn Ads,1936.67,33890,1965,352,116,114,361315.28
CAMP-02936,LinkedIn Ads Campaign 2025-09-18,2025-09-18,LinkedIn Ads,1821.16,5192,361,20,2,1,2970.09
CAMP-02937,SEO Content Campaign 2025-09-18,2025-09-18,SEO Content,1243.37,5649,254,25,7,6,26145.86
CAMP-02938,Partner Referrals Campaign 2025-09-18,2025-09-18,Partner Referrals,3082.77,34483,853,67,16,13,23266.31
CAMP-02939,Email Campaigns Campaign 2025-09-18,2025-09-18,Email Campaigns,1092.0,73895,3520,244,42,41,155517.58
CAMP-02940,LinkedIn Ads Campaign 2025-09-19,2025-09-19,LinkedIn Ads,3141.24,59736,4677,590,155,127,263269.67
CAMP-02941,Google Ads Campaign 2025-09-19,2025-09-19,Google Ads,829.42,59576,2761,224,77,61,62964.27
CAMP-02942,LinkedIn Ads Campaign 2025-09-20,2025-09-20,LinkedIn Ads,3163.88,80950,6081,314,101,70,249180.47
CAMP-02943,Events & Webinars Campaign 2025-09-20,2025-09-20,Events & Webinars,496.84,94607,4745,819,204,161,136373.16
CAMP-02944,Email Campaigns Campaign 2025-09-20,2025-09-20,Email Campaigns,2376.22,20882,673,71,12,7,10223.56
CAMP-02945,Google Ads Campaign 2025-09-20,2025-09-20,Google Ads,1606.6,73175,4328,653,235,182,784127.94
CAMP-02946,Email Campaigns Campaign 2025-09-21,2025-09-21,Email Campaigns,550.57,66994,1805,188,46,35,69119.62
CAMP-02947,LinkedIn Ads Campaign 2025-09-21,2025-09-21,LinkedIn Ads,3171.97,63561,1963,190,67,60,146543.46
CAMP-02948,Partner Referrals Campaign 2025-09-21,2025-09-21,Partner Referrals,1879.83,48961,3153,599,224,184,307177.24
CAMP-02949,Google Ads Campaign 2025-09-21,2025-09-21,Google Ads,1885.6,99281,6569,1070,341,289,544405.82
CAMP-02950,Partner Referrals Campaign 2025-09-22,2025-09-22,Partner Referrals,1149.09,30880,2351,452,83,69,136966.67
CAMP-02951,Google Ads Campaign 2025-09-22,2025-09-22,Google Ads,1754.94,54180,1685,226,48,35,78913.43
CAMP-02952,LinkedIn Ads Campaign 2025-09-22,2025-09-22,LinkedIn Ads,2057.61,92576,5639,970,362,236,779256.98
CAMP-02953,Google Ads Campaign 2025-09-23,2025-09-23,Google Ads,915.91,32065,2255,333,122,89,388345.44
CAMP-02954,LinkedIn Ads Campaign 2025-09-23,2025-09-23,LinkedIn Ads,1163.93,73231,3889,553,216,189,598886.01
CAMP-02955,Partner Referrals Campaign 2025-09-23,2025-09-23,Partner Referrals,3027.06,60735,1836,181,21,19,29048.58
CAMP-02956,Partner Referrals Campaign 2025-09-24,2025-09-24,Partner Referrals,2935.55,54664,3207,590,220,182,559051.5
CAMP-02957,LinkedIn Ads Campaign 2025-09-24,2025-09-24,LinkedIn Ads,1967.59,6049,375,46,11,9,9624.15
CAMP-02958,Events & Webinars Campaign 2025-09-25,2025-09-25,Events & Webinars,2985.14,77102,2955,380,96,83,116682.58
CAMP-02959,Email Campaigns Campaign 2025-09-25,2025-09-25,Email Campaigns,2525.12,51737,3595,669,118,101,157626.16
CAMP-02960,Partner Referrals Campaign 2025-09-25,2025-09-25,Partner Referrals,895.34,93257,2294,207,74,71,273539.17
CAMP-02961,SEO Content Campaign 2025-09-25,2025-09-25,SEO Content,1406.81,41956,3000,377,90,57,57501.38
CAMP-02962,Email Campaigns Campaign 2025-09-26,2025-09-26,Email Campaigns,1703.71,36740,1428,101,29,18,26183.78
CAMP-02963,SEO Content Campaign 2025-09-26,2025-09-26,SEO Content,1926.56,22054,721,40,12,11,39176.37
CAMP-02964,Partner Referrals Campaign 2025-09-26,2025-09-26,Partner Referrals,3432.1,77558,5648,742,246,188,522325.09
CAMP-02965,Partner Referrals Campaign 2025-09-27,2025-09-27,Partner Referrals,2111.18,83527,1743,159,55,44,178606.09
CAMP-02966,LinkedIn Ads Campaign 2025-09-27,2025-09-27,LinkedIn Ads,2118.86,90135,4318,710,170,157,529332.48
CAMP-02967,SEO Content Campaign 2025-09-27,2025-09-27,SEO Content,2798.95,16432,1083,127,43,26,74258.95
CAMP-02968,Email Campaigns Campaign 2025-09-28,2025-09-28,Email Campaigns,309.28,23320,1310,237,53,42,149587.23
CAMP-02969,LinkedIn Ads Campaign 2025-09-28,2025-09-28,LinkedIn Ads,1068.47,86941,4035,569,207,136,316771.27
CAMP-02970,Events & Webinars Campaign 2025-09-28,2025-09-28,Events & Webinars,2015.19,11461,681,77,25,19,22063.38
CAMP-02971,Google Ads Campaign 2025-09-29,2025-09-29,Google Ads,2649.88,49987,2056,276,106,97,362920.5
CAMP-02972,Partner Referrals Campaign 2025-09-29,2025-09-29,Partner Referrals,1886.33,19847,676,64,14,9,30283.03
CAMP-02973,Events & Webinars Campaign 2025-09-30,2025-09-30,Events & Webinars,770.56,68074,1445,162,36,31,76817.37
CAMP-02974,Google Ads Campaign 2025-09-30,2025-09-30,Google Ads,3404.94,37012,1232,238,92,57,230114.38
CAMP-02975,Partner Referrals Campaign 2025-09-30,2025-09-30,Partner Referrals,754.24,18745,931,173,41,26,114254.63
CAMP-02976,Google Ads Campaign 2025-10-01,2025-10-01,Google Ads,1807.11,52840,2499,252,77,70,167841.01
CAMP-02977,Partner Referrals Campaign 2025-10-01,2025-10-01,Partner Referrals,1709.46,44111,2946,442,169,158,387253.86
CAMP-02978,LinkedIn Ads Campaign 2025-10-02,2025-10-02,LinkedIn Ads,1841.0,25623,1984,244,41,34,106791.97
CAMP-02979,Google Ads Campaign 2025-10-02,2025-10-02,Google Ads,376.73,27132,2065,387,98,75,265197.81
CAMP-02980,Events & Webinars Campaign 2025-10-03,2025-10-03,Events & Webinars,2069.39,5646,264,36,11,9,38155.45
CAMP-02981,Email Campaigns Campaign 2025-10-03,2025-10-03,Email Campaigns,1995.44,47257,3060,232,31,27,42146.22
CAMP-02982,Partner Referrals Campaign 2025-10-03,2025-10-03,Partner Referrals,3091.97,61763,3836,292,45,30,53151.0
CAMP-02983,Google Ads Campaign 2025-10-03,2025-10-03,Google Ads,3126.78,21066,1332,156,17,16,47298.16
CAMP-02984,Events & Webinars Campaign 2025-10-04,2025-10-04,Events & Webinars,2817.85,74963,2330,337,86,78,279892.25
CAMP-02985,Google Ads Campaign 2025-10-04,2025-10-04,Google Ads,929.11,64472,2944,209,26,25,44655.43
CAMP-02986,Events & Webinars Campaign 2025-10-05,2025-10-05,Events & Webinars,1778.15,89549,4403,389,89,87,270658.08
CAMP-02987,Partner Referrals Campaign 2025-10-05,2025-10-05,Partner Referrals,2288.58,91109,4124,574,169,108,182974.7
CAMP-02988,Email Campaigns Campaign 2025-10-05,2025-10-05,Email Campaigns,1796.91,6036,197,26,8,6,20781.36
CAMP-02989,Google Ads Campaign 2025-10-06,2025-10-06,Google Ads,1045.77,90196,2686,517,184,111,444172.73
CAMP-02990,SEO Content Campaign 2025-10-06,2025-10-06,SEO Content,678.56,52363,2328,180,59,45,159770.76
CAMP-02991,Partner Referrals Campaign 2025-10-06,2025-10-06,Partner Referrals,3001.87,65911,4153,480,77,63,81117.32
CAMP-02992,LinkedIn Ads Campaign 2025-10-07,2025-10-07,LinkedIn Ads,2410.28,45408,3233,576,215,197,187829.79
CAMP-02993,Email Campaigns Campaign 2025-10-07,2025-10-07,Email Campaigns,2364.71,84337,5285,773,301,294,1113286.18
CAMP-02994,SEO Content Campaign 2025-10-07,2025-10-07,SEO Content,1974.86,89060,1943,148,25,22,69356.05
CAMP-02995,Events & Webinars Campaign 2025-10-08,2025-10-08,Events & Webinars,1304.94,78827,4142,391,43,27,41303.24
CAMP-02996,SEO Content Campaign 2025-10-08,2025-10-08,SEO Content,3349.18,74802,4258,380,76,75,143749.51
CAMP-02997,Partner Referrals Campaign 2025-10-08,2025-10-08,Partner Referrals,2598.67,99667,4594,834,295,265,214856.48
CAMP-02998,Email Campaigns Campaign 2025-10-08,2025-10-08,Email Campaigns,3356.73,74279,3927,672,149,126,203979.2
CAMP-02999,LinkedIn Ads Campaign 2025-10-09,2025-10-09,LinkedIn Ads,3138.81,88048,5857,515,75,62,205770.89
CAMP-03000,Email Campaigns Campaign 2025-10-09,2025-10-09,Email Campaigns,2217.32,6082,317,47,7,4,11559.62
CAMP-03001,Google Ads Campaign 2025-10-09,2025-10-09,Google Ads,1032.59,40867,3086,470,108,78,258267.58
CAMP-03002,Email Campaigns Campaign 2025-10-10,2025-10-10,Email Campaigns,2303.87,58533,4253,617,121,96,331494.53
CAMP-03003,LinkedIn Ads Campaign 2025-10-10,2025-10-10,LinkedIn Ads,492.91,16347,603,76,10,7,10887.73
CAMP-03004,Events & Webinars Campaign 2025-10-10,2025-10-10,Events & Webinars,428.78,57290,4533,581,194,145,501096.66
CAMP-03005,Partner Referrals Campaign 2025-10-10,2025-10-10,Partner Referrals,2236.64,78890,1859,294,102,82,361277.52
CAMP-03006,LinkedIn Ads Campaign 2025-10-11,2025-10-11,LinkedIn Ads,2539.31,32313,948,121,41,38,82249.36
CAMP-03007,Google Ads Campaign 2025-10-11,2025-10-11,Google Ads,1597.5,83237,4306,317,112,89,251492.53
CAMP-03008,SEO Content Campaign 2025-10-11,2025-10-11,SEO Content,1375.23,60647,4012,679,168,109,184951.78
CAMP-03009,SEO Content Campaign 2025-10-12,2025-10-12,SEO Content,3306.46,44382,2674,495,111,77,323909.91
CAMP-03010,Google Ads Campaign 2025-10-12,2025-10-12,Google Ads,3307.56,36356,2891,468,96,83,185331.96
CAMP-03011,LinkedIn Ads Campaign 2025-10-12,2025-10-12,LinkedIn Ads,566.77,45081,3144,495,150,147,494009.9
CAMP-03012,Events & Webinars Campaign 2025-10-12,2025-10-12,Events & Webinars,3140.67,72828,1775,181,72,49,93389.93
CAMP-03013,Partner Referrals Campaign 2025-10-13,2025-10-13,Partner Referrals,1062.45,40096,2977,551,181,173,647963.19
CAMP-03014,Events & Webinars Campaign 2025-10-13,2025-10-13,Events & Webinars,786.94,91780,6387,1250,188,138,577824.04
CAMP-03015,Google Ads Campaign 2025-10-13,2025-10-13,Google Ads,857.32,51334,3008,182,44,37,52770.47
CAMP-03016,Events & Webinars Campaign 2025-10-14,2025-10-14,Events & Webinars,1967.77,78758,5209,843,220,150,568052.97
CAMP-03017,Partner Referrals Campaign 2025-10-14,2025-10-14,Partner Referrals,3302.73,82034,1860,200,21,13,57604.61
CAMP-03018,Google Ads Campaign 2025-10-14,2025-10-14,Google Ads,3164.61,55630,3991,394,85,80,97701.58
CAMP-03019,Events & Webinars Campaign 2025-10-15,2025-10-15,Events & Webinars,730.64,21258,505,57,7,5,5254.61
CAMP-03020,Email Campaigns Campaign 2025-10-15,2025-10-15,Email Campaigns,2236.95,71223,2888,575,92,66,93019.73
CAMP-03021,Google Ads Campaign 2025-10-15,2025-10-15,Google Ads,1011.51,60136,2008,327,115,91,269655.51
CAMP-03022,Partner Referrals Campaign 2025-10-15,2025-10-15,Partner Referrals,2466.45,52173,1390,160,50,32,137999.77
CAMP-03023,Partner Referrals Campaign 2025-10-16,2025-10-16,Partner Referrals,2026.31,43164,3051,421,156,144,274452.15
CAMP-03024,LinkedIn Ads Campaign 2025-10-16,2025-10-16,LinkedIn Ads,1344.68,87573,6530,1244,222,151,491402.3
CAMP-03025,SEO Content Campaign 2025-10-17,2025-10-17,SEO Content,1375.07,48178,1151,191,22,20,74128.55
CAMP-03026,Partner Referrals Campaign 2025-10-17,2025-10-17,Partner Referrals,2169.17,51847,3021,591,227,195,840242.99
CAMP-03027,Events & Webinars Campaign 2025-10-18,2025-10-18,Events & Webinars,1596.25,63716,2915,292,48,45,174237.05
CAMP-03028,Partner Referrals Campaign 2025-10-18,2025-10-18,Partner Referrals,540.8,70487,3227,467,163,161,292638.16
CAMP-03029,SEO Content Campaign 2025-10-18,2025-10-18,SEO Content,1479.31,83226,4820,438,87,56,168518.67
CAMP-03030,Email Campaigns Campaign 2025-10-18,2025-10-18,Email Campaigns,3333.57,36291,1206,101,29,22,69437.95
CAMP-03031,Partner Referrals Campaign 2025-10-19,2025-10-19,Partner Referrals,3221.01,26991,1153,225,32,27,98994.45
CAMP-03032,LinkedIn Ads Campaign 2025-10-19,2025-10-19,LinkedIn Ads,549.81,12196,556,75,21,15,50507.91
CAMP-03033,Events & Webinars Campaign 2025-10-19,2025-10-19,Events & Webinars,2342.4,69032,3212,625,127,85,204585.3
CAMP-03034,Events & Webinars Campaign 2025-10-20,2025-10-20,Events & Webinars,3499.12,68407,1786,178,70,62,140445.83
CAMP-03035,LinkedIn Ads Campaign 2025-10-20,2025-10-20,LinkedIn Ads,302.39,16304,999,105,37,34,55029.43
CAMP-03036,Google Ads Campaign 2025-10-20,2025-10-20,Google Ads,403.7,65292,2526,397,142,126,171977.62
CAMP-03037,Email Campaigns Campaign 2025-10-20,2025-10-20,Email Campaigns,551.33,58301,3483,278,69,66,72036.85
CAMP-03038,Email Campaigns Campaign 2025-10-21,2025-10-21,Email Campaigns,2787.07,21975,1464,209,57,56,115034.81
CAMP-03039,Events & Webinars Campaign 2025-10-21,2025-10-21,Events & Webinars,2490.02,23745,1554,80,28,18,19251.18
CAMP-03040,LinkedIn Ads Campaign 2025-10-21,2025-10-21,LinkedIn Ads,991.48,87878,5662,385,69,59,104309.25
CAMP-03041,Google Ads Campaign 2025-10-22,2025-10-22,Google Ads,320.31,41502,2933,170,60,50,142755.01
CAMP-03042,SEO Content Campaign 2025-10-22,2025-10-22,SEO Content,2569.29,86626,6544,936,253,170,271434.1
CAMP-03043,LinkedIn Ads Campaign 2025-10-22,2025-10-22,LinkedIn Ads,854.68,67043,2237,200,68,63,150375.26
CAMP-03044,SEO Content Campaign 2025-10-23,2025-10-23,SEO Content,1074.08,73901,3343,662,258,248,502089.07
CAMP-03045,Partner Referrals Campaign 2025-10-23,2025-10-23,Partner Referrals,1918.48,30455,939,68,15,12,29005.23
CAMP-03046,Events & Webinars Campaign 2025-10-23,2025-10-23,Events & Webinars,922.54,78583,3923,668,131,109,91396.44
CAMP-03047,Email Campaigns Campaign 2025-10-23,2025-10-23,Email Campaigns,1882.67,26403,927,123,44,39,41809.52
CAMP-03048,Partner Referrals Campaign 2025-10-24,2025-10-24,Partner Referrals,2479.65,70194,4406,847,284,171,152253.42
CAMP-03049,Events & Webinars Campaign 2025-10-24,2025-10-24,Events & Webinars,1154.89,79623,4572,562,176,164,202133.14
CAMP-03050,LinkedIn Ads Campaign 2025-10-24,2025-10-24,LinkedIn Ads,1367.23,68846,2029,297,35,33,42936.11
CAMP-03051,Email Campaigns Campaign 2025-10-24,2025-10-24,Email Campaigns,1806.58,59001,1332,117,45,34,47501.1
CAMP-03052,SEO Content Campaign 2025-10-25,2025-10-25,SEO Content,2199.28,70523,3731,670,97,94,196354.93
CAMP-03053,Events & Webinars Campaign 2025-10-25,2025-10-25,Events & Webinars,1131.21,65021,4715,905,264,205,515896.15
CAMP-03054,LinkedIn Ads Campaign 2025-10-25,2025-10-25,LinkedIn Ads,388.4,62279,3463,438,143,107,298261.62
CAMP-03055,LinkedIn Ads Campaign 2025-10-26,2025-10-26,LinkedIn Ads,719.38,50992,2530,276,53,44,61198.92
CAMP-03056,Email Campaigns Campaign 2025-10-26,2025-10-26,Email Campaigns,2517.37,17144,913,124,24,22,64897.95
CAMP-03057,Partner Referrals Campaign 2025-10-27,2025-10-27,Partner Referrals,1661.98,10004,540,64,13,8,11758.61
CAMP-03058,Email Campaigns Campaign 2025-10-27,2025-10-27,Email Campaigns,1718.17,62312,3954,635,120,88,312040.92
CAMP-03059,Events & Webinars Campaign 2025-10-27,2025-10-27,Events & Webinars,1697.61,31673,2365,298,107,71,165757.18
CAMP-03060,Google Ads Campaign 2025-10-27,2025-10-27,Google Ads,2800.3,6615,313,21,5,4,5754.39
CAMP-03061,LinkedIn Ads Campaign 2025-10-28,2025-10-28,LinkedIn Ads,2328.89,22001,1392,160,29,22,77785.67
CAMP-03062,Email Campaigns Campaign 2025-10-28,2025-10-28,Email Campaigns,1333.06,84836,5023,876,113,106,292470.37
CAMP-03063,Partner Referrals Campaign 2025-10-28,2025-10-28,Partner Referrals,330.41,40977,1051,93,37,36,144972.97
CAMP-03064,Google Ads Campaign 2025-10-28,2025-10-28,Google Ads,3318.05,15958,503,71,18,12,31462.14
CAMP-03065,Events & Webinars Campaign 2025-10-29,2025-10-29,Events & Webinars,1220.2,47854,1969,241,61,44,170492.48
CAMP-03066,Google Ads Campaign 2025-10-29,2025-10-29,Google Ads,909.0,44905,2746,373,61,41,117324.61
CAMP-03067,Email Campaigns Campaign 2025-10-29,2025-10-29,Email Campaigns,394.94,87146,5381,808,95,68,186069.55
CAMP-03068,Partner Referrals Campaign 2025-10-30,2025-10-30,Partner Referrals,610.03,98322,4776,832,233,224,551512.89
CAMP-03069,Email Campaigns Campaign 2025-10-30,2025-10-30,Email Campaigns,915.68,52483,2340,228,34,32,139119.19
CAMP-03070,LinkedIn Ads Campaign 2025-10-30,2025-10-30,LinkedIn Ads,706.57,69992,3960,381,47,37,105145.98
CAMP-03071,SEO Content Campaign 2025-10-30,2025-10-30,SEO Content,1253.45,51054,1108,168,30,29,98132.6
CAMP-03072,Partner Referrals Campaign 2025-10-31,2025-10-31,Partner Referrals,1781.68,72970,3203,286,45,38,126778.93
CAMP-03073,Google Ads Campaign 2025-10-31,2025-10-31,Google Ads,3371.36,40424,2695,474,179,164,392005.45
CAMP-03074,Events & Webinars Campaign 2025-11-01,2025-11-01,Events & Webinars,2338.68,47670,3013,248,83,60,152833.79
CAMP-03075,LinkedIn Ads Campaign 2025-11-01,2025-11-01,LinkedIn Ads,2707.41,45592,3213,269,60,50,64138.87
CAMP-03076,Partner Referrals Campaign 2025-11-01,2025-11-01,Partner Referrals,2573.98,39531,2947,472,79,62,153289.18
CAMP-03077,SEO Content Campaign 2025-11-01,2025-11-01,SEO Content,422.2,12659,330,50,8,7,24507.46
CAMP-03078,Partner Referrals Campaign 2025-11-02,2025-11-02,Partner Referrals,2147.31,79715,5369,323,67,47,74735.03
CAMP-03079,Events & Webinars Campaign 2025-11-02,2025-11-02,Events & Webinars,1706.91,21393,613,79,15,11,28537.54
CAMP-03080,Email Campaigns Campaign 2025-11-02,2025-11-02,Email Campaigns,2885.61,47497,3457,567,155,133,259689.21
CAMP-03081,LinkedIn Ads Campaign 2025-11-02,2025-11-02,LinkedIn Ads,1794.35,82752,4769,611,124,87,252330.91
CAMP-03082,Google Ads Campaign 2025-11-03,2025-11-03,Google Ads,1237.57,12150,422,68,12,8,21100.33
CAMP-03083,Email Campaigns Campaign 2025-11-03,2025-11-03,Email Campaigns,2531.76,11369,302,49,5,3,12917.37
CAMP-03084,Email Campaigns Campaign 2025-11-04,2025-11-04,Email Campaigns,2739.08,66457,4937,484,188,146,331598.04
CAMP-03085,LinkedIn Ads Campaign 2025-11-04,2025-11-04,LinkedIn Ads,2207.69,76645,2380,294,108,94,271166.35
CAMP-03086,SEO Content Campaign 2025-11-04,2025-11-04,SEO Content,349.79,91093,3885,746,207,144,377858.84
CAMP-03087,LinkedIn Ads Campaign 2025-11-05,2025-11-05,LinkedIn Ads,2143.32,72323,2098,308,87,55,104197.43
CAMP-03088,Email Campaigns Campaign 2025-11-05,2025-11-05,Email Campaigns,443.94,90460,2305,180,20,19,66550.11
CAMP-03089,Partner Referrals Campaign 2025-11-06,2025-11-06,Partner Referrals,1071.88,10810,359,24,7,5,19754.94
CAMP-03090,Email Campaigns Campaign 2025-11-06,2025-11-06,Email Campaigns,318.96,91352,4061,283,71,57,195183.73
CAMP-03091,Events & Webinars Campaign 2025-11-06,2025-11-06,Events & Webinars,2834.87,8447,372,36,6,4,7852.15
CAMP-03092,SEO Content Campaign 2025-11-06,2025-11-06,SEO Content,3220.72,82861,2621,199,68,55,163725.78
CAMP-03093,Google Ads Campaign 2025-11-07,2025-11-07,Google Ads,1579.94,44845,1606,131,40,29,122796.78
CAMP-03094,Events & Webinars Campaign 2025-11-07,2025-11-07,Events & Webinars,1668.42,20224,842,87,22,13,22172.0
CAMP-03095,LinkedIn Ads Campaign 2025-11-07,2025-11-07,LinkedIn Ads,1426.43,65411,4226,654,127,118,286986.28
CAMP-03096,SEO Content Campaign 2025-11-08,2025-11-08,SEO Content,544.52,6723,534,63,11,8,9730.82
CAMP-03097,LinkedIn Ads Campaign 2025-11-08,2025-11-08,LinkedIn Ads,359.1,62015,3009,241,79,48,95198.91
CAMP-03098,Google Ads Campaign 2025-11-08,2025-11-08,Google Ads,1599.08,47721,2076,148,16,14,40216.02
CAMP-03099,Email Campaigns Campaign 2025-11-08,2025-11-08,Email Campaigns,857.94,5736,131,11,2,1,4458.04
CAMP-03100,Events & Webinars Campaign 2025-11-09,2025-11-09,Events & Webinars,1677.08,51224,3079,172,47,34,65669.18
CAMP-03101,Google Ads Campaign 2025-11-09,2025-11-09,Google Ads,2514.08,24669,1456,147,36,29,36934.46
CAMP-03102,SEO Content Campaign 2025-11-09,2025-11-09,SEO Content,2673.5,56796,1224,119,44,33,86417.99
CAMP-03103,SEO Content Campaign 2025-11-10,2025-11-10,SEO Content,3480.1,17265,1150,150,33,22,88905.08
CAMP-03104,LinkedIn Ads Campaign 2025-11-10,2025-11-10,LinkedIn Ads,2953.34,68819,3862,479,183,157,262599.37
CAMP-03105,Events & Webinars Campaign 2025-11-10,2025-11-10,Events & Webinars,1167.42,98113,6905,971,158,99,292469.12
CAMP-03106,Google Ads Campaign 2025-11-11,2025-11-11,Google Ads,1640.24,57082,3644,246,96,81,341634.26
CAMP-03107,LinkedIn Ads Campaign 2025-11-11,2025-11-11,LinkedIn Ads,2819.56,67368,4401,487,162,122,534280.79
CAMP-03108,Events & Webinars Campaign 2025-11-12,2025-11-12,Events & Webinars,2182.08,92584,5152,980,189,168,661689.22
CAMP-03109,Email Campaigns Campaign 2025-11-12,2025-11-12,Email Campaigns,1666.76,51115,3146,315,106,68,209680.36
CAMP-03110,Google Ads Campaign 2025-11-13,2025-11-13,Google Ads,577.48,88637,2506,367,120,95,239790.57
CAMP-03111,Partner Referrals Campaign 2025-11-13,2025-11-13,Partner Referrals,3329.51,94016,2618,349,100,61,63945.7
CAMP-03112,SEO Content Campaign 2025-11-13,2025-11-13,SEO Content,725.85,23553,648,126,49,45,123302.55
CAMP-03113,SEO Content Campaign 2025-11-14,2025-11-14,SEO Content,2554.89,14992,589,71,21,13,22373.16
CAMP-03114,Partner Referrals Campaign 2025-11-14,2025-11-14,Partner Referrals,3093.9,41625,3158,224,64,53,99537.84
CAMP-03115,Email Campaigns Campaign 2025-11-14,2025-11-14,Email Campaigns,2335.59,23378,878,94,19,13,19312.07
CAMP-03116,LinkedIn Ads Campaign 2025-11-14,2025-11-14,LinkedIn Ads,2659.61,83584,2523,318,92,88,360669.86
CAMP-03117,SEO Content Campaign 2025-11-15,2025-11-15,SEO Content,1952.0,98309,2209,398,92,73,163092.85
CAMP-03118,LinkedIn Ads Campaign 2025-11-15,2025-11-15,LinkedIn Ads,2113.4,77775,2089,190,52,50,125160.3
CAMP-03119,Google Ads Campaign 2025-11-15,2025-11-15,Google Ads,2051.01,47370,3276,648,124,87,254802.48
CAMP-03120,LinkedIn Ads Campaign 2025-11-16,2025-11-16,LinkedIn Ads,1158.98,65291,3897,331,119,98,167616.8
CAMP-03121,Email Campaigns Campaign 2025-11-16,2025-11-16,Email Campaigns,1021.3,73007,5569,966,157,115,317918.19
CAMP-03122,SEO Content Campaign 2025-11-16,2025-11-16,SEO Content,1135.57,36845,2005,358,99,71,151861.74
CAMP-03123,SEO Content Campaign 2025-11-17,2025-11-17,SEO Content,2185.12,41706,2536,205,37,35,140155.03
CAMP-03124,LinkedIn Ads Campaign 2025-11-17,2025-11-17,LinkedIn Ads,1599.23,9267,687,82,27,17,32468.34
CAMP-03125,Email Campaigns Campaign 2025-11-17,2025-11-17,Email Campaigns,1557.6,28545,713,59,14,9,31025.93
CAMP-03126,Partner Referrals Campaign 2025-11-17,2025-11-17,Partner Referrals,2301.2,14849,363,67,12,7,14401.73
CAMP-03127,Partner Referrals Campaign 2025-11-18,2025-11-18,Partner Referrals,3062.35,9716,543,90,25,23,86004.19
CAMP-03128,LinkedIn Ads Campaign 2025-11-18,2025-11-18,LinkedIn Ads,2626.52,31405,1719,208,51,33,65927.77
CAMP-03129,SEO Content Campaign 2025-11-18,2025-11-18,SEO Content,2937.43,35360,1067,106,21,17,41313.96
CAMP-03130,LinkedIn Ads Campaign 2025-11-19,2025-11-19,LinkedIn Ads,345.67,95693,4952,911,170,102,106933.98
CAMP-03131,Google Ads Campaign 2025-11-19,2025-11-19,Google Ads,1035.28,49206,3768,461,180,167,601649.31
CAMP-03132,Partner Referrals Campaign 2025-11-20,2025-11-20,Partner Referrals,1073.07,44815,2854,487,99,92,165389.62
CAMP-03133,Events & Webinars Campaign 2025-11-20,2025-11-20,Events & Webinars,3491.26,38415,2592,264,96,81,225874.3
CAMP-03134,SEO Content Campaign 2025-11-20,2025-11-20,SEO Content,3143.77,91265,3277,365,64,49,118296.11
CAMP-03135,Email Campaigns Campaign 2025-11-20,2025-11-20,Email Campaigns,782.34,27503,684,82,27,16,13521.56
CAMP-03136,Google Ads Campaign 2025-11-21,2025-11-21,Google Ads,966.37,16657,530,39,9,8,6693.25
CAMP-03137,SEO Content Campaign 2025-11-21,2025-11-21,SEO Content,692.0,29453,2268,140,17,14,18926.62
CAMP-03138,Partner Referrals Campaign 2025-11-22,2025-11-22,Partner Referrals,2547.7,69070,4306,409,110,100,363019.34
CAMP-03139,Google Ads Campaign 2025-11-22,2025-11-22,Google Ads,1532.72,57805,2364,377,124,115,346768.51
CAMP-03140,SEO Content Campaign 2025-11-23,2025-11-23,SEO Content,3355.65,28786,1611,289,81,53,146035.8
CAMP-03141,Partner Referrals Campaign 2025-11-23,2025-11-23,Partner Referrals,898.28,19004,623,115,15,13,44675.29
CAMP-03142,LinkedIn Ads Campaign 2025-11-23,2025-11-23,LinkedIn Ads,541.77,42946,1338,240,35,32,132083.69
CAMP-03143,Email Campaigns Campaign 2025-11-24,2025-11-24,Email Campaigns,2630.54,88051,2948,215,31,27,114603.77
CAMP-03144,LinkedIn Ads Campaign 2025-11-24,2025-11-24,LinkedIn Ads,3498.36,26449,920,148,34,25,57254.08
CAMP-03145,Partner Referrals Campaign 2025-11-25,2025-11-25,Partner Referrals,2525.33,45772,3092,538,175,171,735050.54
CAMP-03146,SEO Content Campaign 2025-11-25,2025-11-25,SEO Content,1710.45,25987,1648,85,33,28,53922.32
CAMP-03147,Email Campaigns Campaign 2025-11-25,2025-11-25,Email Campaigns,1676.57,7918,558,50,6,4,4944.13
CAMP-03148,Email Campaigns Campaign 2025-11-26,2025-11-26,Email Campaigns,1284.97,59167,1316,244,94,62,239896.63
CAMP-03149,SEO Content Campaign 2025-11-26,2025-11-26,SEO Content,3133.83,72848,3609,403,57,55,213796.48
CAMP-03150,LinkedIn Ads Campaign 2025-11-26,2025-11-26,LinkedIn Ads,3358.24,45224,2083,209,80,49,161030.57
CAMP-03151,Events & Webinars Campaign 2025-11-27,2025-11-27,Events & Webinars,625.84,89463,5432,675,232,195,620585.03
CAMP-03152,SEO Content Campaign 2025-11-27,2025-11-27,SEO Content,1930.5,28727,653,68,11,9,9683.3
CAMP-03153,Google Ads Campaign 2025-11-27,2025-11-27,Google Ads,2257.3,50648,3405,472,176,133,125209.4
CAMP-03154,Events & Webinars Campaign 2025-11-28,2025-11-28,Events & Webinars,434.38,35567,1931,271,28,18,71091.67
CAMP-03155,Email Campaigns Campaign 2025-11-28,2025-11-28,Email Campaigns,2746.66,33612,2588,462,108,65,146693.46
CAMP-03156,Google Ads Campaign 2025-11-29,2025-11-29,Google Ads,1885.11,60112,4164,662,136,109,137461.39
CAMP-03157,SEO Content Campaign 2025-11-29,2025-11-29,SEO Content,2012.42,76278,2720,436,172,171,505797.65
CAMP-03158,Events & Webinars Campaign 2025-11-29,2025-11-29,Events & Webinars,1934.86,78115,3464,407,143,129,193774.3
CAMP-03159,Email Campaigns Campaign 2025-11-30,2025-11-30,Email Campaigns,2572.8,5753,450,47,8,7,14479.15
CAMP-03160,SEO Content Campaign 2025-11-30,2025-11-30,SEO Content,1857.46,43746,963,83,13,9,37433.73
CAMP-03161,Google Ads Campaign 2025-11-30,2025-11-30,Google Ads,3362.13,51573,1596,163,24,18,24698.94
CAMP-03162,LinkedIn Ads Campaign 2025-11-30,2025-11-30,LinkedIn Ads,3042.22,45639,2018,388,71,63,220636.92
CAMP-03163,SEO Content Campaign 2025-12-01,2025-12-01,SEO Content,641.6,73351,3214,574,109,86,332890.23
CAMP-03164,Google Ads Campaign 2025-12-01,2025-12-01,Google Ads,1741.85,44096,940,184,19,13,32322.13
CAMP-03165,Events & Webinars Campaign 2025-12-01,2025-12-01,Events & Webinars,2255.29,37291,2239,356,79,69,233911.6
CAMP-03166,LinkedIn Ads Campaign 2025-12-02,2025-12-02,LinkedIn Ads,2111.11,94704,2282,172,51,35,93252.49
CAMP-03167,SEO Content Campaign 2025-12-02,2025-12-02,SEO Content,2705.5,46469,2191,314,98,59,88768.01
CAMP-03168,SEO Content Campaign 2025-12-03,2025-12-03,SEO Content,2122.98,72951,4524,869,280,212,719526.43
CAMP-03169,Events & Webinars Campaign 2025-12-03,2025-12-03,Events & Webinars,3378.03,37219,1148,201,63,42,47062.06
CAMP-03170,LinkedIn Ads Campaign 2025-12-04,2025-12-04,LinkedIn Ads,777.17,64846,3279,483,188,117,502623.99
CAMP-03171,Events & Webinars Campaign 2025-12-04,2025-12-04,Events & Webinars,2462.55,53509,1521,217,85,55,132486.75
CAMP-03172,Email Campaigns Campaign 2025-12-05,2025-12-05,Email Campaigns,2685.84,85249,3214,606,152,136,487687.0
CAMP-03173,LinkedIn Ads Campaign 2025-12-05,2025-12-05,LinkedIn Ads,3014.6,71180,5180,918,335,223,237663.02
CAMP-03174,Google Ads Campaign 2025-12-05,2025-12-05,Google Ads,1330.91,21944,557,55,12,8,29075.87
CAMP-03175,Email Campaigns Campaign 2025-12-06,2025-12-06,Email Campaigns,2325.02,93356,3469,489,190,130,497091.32
CAMP-03176,Google Ads Campaign 2025-12-06,2025-12-06,Google Ads,949.31,37867,2906,147,24,15,60840.68
CAMP-03177,SEO Content Campaign 2025-12-06,2025-12-06,SEO Content,467.72,95935,6817,1008,368,252,830130.32
CAMP-03178,SEO Content Campaign 2025-12-07,2025-12-07,SEO Content,2237.76,94465,4828,702,126,104,304608.11
CAMP-03179,LinkedIn Ads Campaign 2025-12-07,2025-12-07,LinkedIn Ads,2514.46,58099,2956,470,82,81,168624.38
CAMP-03180,Partner Referrals Campaign 2025-12-07,2025-12-07,Partner Referrals,557.97,7341,397,31,12,11,39030.37
CAMP-03181,Email Campaigns Campaign 2025-12-07,2025-12-07,Email Campaigns,468.61,57080,3411,670,199,134,443730.79
CAMP-03182,Events & Webinars Campaign 2025-12-08,2025-12-08,Events & Webinars,3077.79,65955,3569,570,193,163,632538.64
CAMP-03183,SEO Content Campaign 2025-12-08,2025-12-08,SEO Content,422.12,85990,5407,434,136,125,508782.07
CAMP-03184,SEO Content Campaign 2025-12-09,2025-12-09,SEO Content,520.88,24209,1486,90,11,8,35775.64
CAMP-03185,Events & Webinars Campaign 2025-12-09,2025-12-09,Events & Webinars,3150.64,24131,623,118,46,35,109870.27
CAMP-03186,Partner Referrals Campaign 2025-12-09,2025-12-09,Partner Referrals,1871.68,30038,1448,97,19,15,51529.07
CAMP-03187,Email Campaigns Campaign 2025-12-10,2025-12-10,Email Campaigns,2004.76,65809,2701,344,80,54,56380.51
CAMP-03188,Events & Webinars Campaign 2025-12-10,2025-12-10,Events & Webinars,945.54,61440,3857,241,83,81,121147.01
CAMP-03189,SEO Content Campaign 2025-12-10,2025-12-10,SEO Content,907.83,80060,1962,390,91,82,119890.12
CAMP-03190,Partner Referrals Campaign 2025-12-10,2025-12-10,Partner Referrals,2837.43,67472,2401,281,109,102,255862.69
CAMP-03191,Partner Referrals Campaign 2025-12-11,2025-12-11,Partner Referrals,3497.52,18280,710,43,13,10,40583.8
CAMP-03192,Email Campaigns Campaign 2025-12-11,2025-12-11,Email Campaigns,1304.71,95093,6884,466,113,89,118968.98
CAMP-03193,LinkedIn Ads Campaign 2025-12-11,2025-12-11,LinkedIn Ads,2367.86,45543,2307,222,85,83,368617.62
CAMP-03194,SEO Content Campaign 2025-12-11,2025-12-11,SEO Content,2069.61,21506,515,83,30,28,97478.54
CAMP-03195,Email Campaigns Campaign 2025-12-12,2025-12-12,Email Campaigns,514.61,66249,3243,558,216,163,156794.62
CAMP-03196,Google Ads Campaign 2025-12-12,2025-12-12,Google Ads,497.45,27600,2048,372,88,86,384584.54
CAMP-03197,Partner Referrals Campaign 2025-12-12,2025-12-12,Partner Referrals,2222.4,65598,1375,230,75,65,116074.12
CAMP-03198,LinkedIn Ads Campaign 2025-12-13,2025-12-13,LinkedIn Ads,2850.54,68580,1844,194,37,27,71689.29
CAMP-03199,Partner Referrals Campaign 2025-12-13,2025-12-13,Partner Referrals,2725.61,73731,1801,352,67,44,84204.87
CAMP-03200,Google Ads Campaign 2025-12-13,2025-12-13,Google Ads,2227.07,98923,2878,267,70,51,76349.37
CAMP-03201,SEO Content Campaign 2025-12-13,2025-12-13,SEO Content,2639.84,72936,4979,279,90,87,347826.19
CAMP-03202,Partner Referrals Campaign 2025-12-14,2025-12-14,Partner Referrals,3035.99,18925,455,64,9,7,15283.03
CAMP-03203,LinkedIn Ads Campaign 2025-12-14,2025-12-14,LinkedIn Ads,2685.65,73433,5135,809,238,190,232252.27
CAMP-03204,Google Ads Campaign 2025-12-14,2025-12-14,Google Ads,2762.39,26351,1669,316,121,88,104838.79
CAMP-03205,Partner Referrals Campaign 2025-12-15,2025-12-15,Partner Referrals,3210.81,65885,3586,421,126,80,307468.88
CAMP-03206,Events & Webinars Campaign 2025-12-15,2025-12-15,Events & Webinars,2498.99,26548,1995,175,43,30,120324.43
CAMP-03207,Email Campaigns Campaign 2025-12-16,2025-12-16,Email Campaigns,2018.12,31214,1988,135,34,31,122473.7
CAMP-03208,Partner Referrals Campaign 2025-12-16,2025-12-16,Partner Referrals,616.26,5672,306,41,4,3,5772.9
CAMP-03209,Events & Webinars Campaign 2025-12-16,2025-12-16,Events & Webinars,1060.54,65709,1734,204,40,37,75103.53
CAMP-03210,SEO Content Campaign 2025-12-16,2025-12-16,SEO Content,3164.66,13449,1036,199,59,58,182516.94
CAMP-03211,LinkedIn Ads Campaign 2025-12-17,2025-12-17,LinkedIn Ads,1234.95,88483,6795,349,121,112,459327.24
CAMP-03212,SEO Content Campaign 2025-12-17,2025-12-17,SEO Content,1504.82,86749,6547,1185,121,120,407329.09
CAMP-03213,Partner Referrals Campaign 2025-12-18,2025-12-18,Partner Referrals,1652.83,48380,2985,236,70,58,215133.74
CAMP-03214,Email Campaigns Campaign 2025-12-18,2025-12-18,Email Campaigns,1297.85,38485,816,57,12,7,14553.94
CAMP-03215,Google Ads Campaign 2025-12-18,2025-12-18,Google Ads,1825.48,33106,1651,179,49,35,134810.63
CAMP-03216,Email Campaigns Campaign 2025-12-19,2025-12-19,Email Campaigns,3384.39,53968,2666,241,86,85,162634.5
CAMP-03217,Partner Referrals Campaign 2025-12-19,2025-12-19,Partner Referrals,3387.55,37394,2178,130,35,33,37761.58
CAMP-03218,Events & Webinars Campaign 2025-12-19,2025-12-19,Events & Webinars,3463.36,46430,978,80,22,13,27419.57
CAMP-03219,LinkedIn Ads Campaign 2025-12-19,2025-12-19,LinkedIn Ads,320.55,22513,1409,246,59,43,59835.6
CAMP-03220,Google Ads Campaign 2025-12-20,2025-12-20,Google Ads,2772.01,67132,3180,505,199,185,439748.26
CAMP-03221,Partner Referrals Campaign 2025-12-20,2025-12-20,Partner Referrals,548.61,99790,7091,825,248,178,181121.97
CAMP-03222,LinkedIn Ads Campaign 2025-12-20,2025-12-20,LinkedIn Ads,1217.47,36488,2234,439,51,33,56124.22
CAMP-03223,Email Campaigns Campaign 2025-12-21,2025-12-21,Email Campaigns,1582.96,20805,886,55,21,20,52309.17
CAMP-03224,LinkedIn Ads Campaign 2025-12-21,2025-12-21,LinkedIn Ads,827.78,12751,962,103,14,10,36363.61
CAMP-03225,Google Ads Campaign 2025-12-21,2025-12-21,Google Ads,2661.02,65206,3822,695,80,53,154803.1
CAMP-03226,SEO Content Campaign 2025-12-21,2025-12-21,SEO Content,2128.22,75945,2247,412,146,138,222945.4
CAMP-03227,LinkedIn Ads Campaign 2025-12-22,2025-12-22,LinkedIn Ads,3001.93,54028,3205,410,67,61,266825.12
CAMP-03228,Google Ads Campaign 2025-12-22,2025-12-22,Google Ads,2914.57,99337,6801,354,63,60,55013.25
CAMP-03229,Events & Webinars Campaign 2025-12-22,2025-12-22,Events & Webinars,1395.44,8520,415,68,16,13,39984.68
CAMP-03230,SEO Content Campaign 2025-12-22,2025-12-22,SEO Content,2740.72,94853,5317,784,95,88,78250.14
CAMP-03231,LinkedIn Ads Campaign 2025-12-23,2025-12-23,LinkedIn Ads,1187.94,37701,1099,140,32,25,50847.24
CAMP-03232,SEO Content Campaign 2025-12-23,2025-12-23,SEO Content,3067.38,74023,2167,261,76,58,212543.05
CAMP-03233,Google Ads Campaign 2025-12-23,2025-12-23,Google Ads,1497.55,60795,4175,813,107,73,109235.98
CAMP-03234,Events & Webinars Campaign 2025-12-23,2025-12-23,Events & Webinars,3040.33,91256,4386,620,62,49,120374.49
CAMP-03235,Email Campaigns Campaign 2025-12-24,2025-12-24,Email Campaigns,2047.83,65768,4118,473,142,135,448143.99
CAMP-03236,SEO Content Campaign 2025-12-24,2025-12-24,SEO Content,1491.64,31344,2390,269,74,67,145537.24
CAMP-03237,Google Ads Campaign 2025-12-25,2025-12-25,Google Ads,2343.39,36123,1072,125,16,15,40430.11
CAMP-03238,Email Campaigns Campaign 2025-12-25,2025-12-25,Email Campaigns,2209.25,40116,1044,160,45,43,105308.09
CAMP-03239,SEO Content Campaign 2025-12-25,2025-12-25,SEO Content,2954.19,15273,683,34,5,4,4090.13
CAMP-03240,Events & Webinars Campaign 2025-12-25,2025-12-25,Events & Webinars,680.47,40405,2947,277,95,69,224170.03
CAMP-03241,Google Ads Campaign 2025-12-26,2025-12-26,Google Ads,489.42,28106,1954,265,27,18,32436.49
CAMP-03242,Events & Webinars Campaign 2025-12-26,2025-12-26,Events & Webinars,2419.47,52373,2366,266,45,27,94920.31
CAMP-03243,LinkedIn Ads Campaign 2025-12-26,2025-12-26,LinkedIn Ads,885.81,42414,1930,175,23,14,32792.49
CAMP-03244,Partner Referrals Campaign 2025-12-26,2025-12-26,Partner Referrals,1813.64,42749,1469,167,49,48,189409.55
CAMP-03245,Events & Webinars Campaign 2025-12-27,2025-12-27,Events & Webinars,3465.92,12628,772,94,24,16,52168.27
CAMP-03246,LinkedIn Ads Campaign 2025-12-27,2025-12-27,LinkedIn Ads,1229.06,42862,3227,186,48,34,125493.27
CAMP-03247,Partner Referrals Campaign 2025-12-27,2025-12-27,Partner Referrals,2339.68,8423,290,25,3,2,6105.16
CAMP-03248,Email Campaigns Campaign 2025-12-28,2025-12-28,Email Campaigns,3145.67,5844,137,15,3,2,6333.99
CAMP-03249,Partner Referrals Campaign 2025-12-28,2025-12-28,Partner Referrals,943.96,84841,4054,552,170,122,376306.94
CAMP-03250,Partner Referrals Campaign 2025-12-29,2025-12-29,Partner Referrals,1424.54,48192,2205,375,78,53,60255.8
CAMP-03251,LinkedIn Ads Campaign 2025-12-29,2025-12-29,LinkedIn Ads,3094.31,17564,817,48,7,6,10031.24
CAMP-03252,Google Ads Campaign 2025-12-30,2025-12-30,Google Ads,325.78,57078,4180,631,109,85,363416.12
CAMP-03253,SEO Content Campaign 2025-12-30,2025-12-30,SEO Content,3046.14,73277,5509,872,327,222,401716.87
CAMP-03254,Partner Referrals Campaign 2025-12-30,2025-12-30,Partner Referrals,1436.97,65291,2221,269,87,68,134471.69
CAMP-03255,LinkedIn Ads Campaign 2025-12-30,2025-12-30,LinkedIn Ads,1070.35,34836,2162,344,81,71,294167.52
CAMP-03256,SEO Content Campaign 2025-12-31,2025-12-31,SEO Content,2252.83,99569,3236,242,48,37,102951.12
CAMP-03257,Email Campaigns Campaign 2025-12-31,2025-12-31,Email Campaigns,1797.69,73830,5808,651,250,249,1115216.29
CAMP-03258,LinkedIn Ads Campaign 2025-12-31,2025-12-31,LinkedIn Ads,2635.52,6279,215,11,2,1,1859.71
CAMP-03259,Events & Webinars Campaign 2025-12-31,2025-12-31,Events & Webinars,2944.6,84569,2785,452,60,44,155869.96
