operation_id,order_id,processing_time,fulfillment_time,delivery_time,inventory_level,inventory_turnover,sla_target,sla_actual,sla_status
OPS-012023,ORD-012023,2.3,6.7,2.8,1844,12.1,5.0,3.2,Met
OPS-009283,ORD-009283,2.5,1.7,4.0,1413,11.42,5.0,4.2,Met
OPS-005022,ORD-005022,3.3,1.1,4.5,298,9.26,5.0,4.7,Met
OPS-005378,ORD-005378,3.6,4.7,6.1,620,4.36,5.0,6.4,Breached
OPS-003919,ORD-003919,2.8,7.8,4.4,1232,13.23,5.0,4.8,Met
OPS-009199,ORD-009199,3.6,2.4,4.1,108,4.36,5.0,4.3,Met
OPS-000790,ORD-000790,3.5,5.7,6.3,1958,7.6,5.0,6.7,Breached
OPS-008774,ORD-008774,3.6,6.7,2.5,1083,6.49,5.0,2.9,Met
OPS-002986,ORD-002986,1.2,6.3,6.5,1795,8.46,5.0,6.8,Breached
OPS-007967,ORD-007967,1.5,1.3,4.9,247,9.9,5.0,5.0,Met
OPS-000388,ORD-000388,1.5,6.3,5.7,468,5.75,5.0,6.0,Breached
OPS-004752,ORD-004752,0.6,2.1,3.2,708,6.83,5.0,3.3,Met
OPS-005657,ORD-005657,2.4,1.8,4.0,439,11.09,5.0,4.2,Met
OPS-004157,ORD-004157,3.0,4.1,2.5,1810,4.96,5.0,2.8,Met
OPS-002253,ORD-002253,1.6,6.9,6.3,934,12.06,5.0,6.7,Breached
OPS-010646,ORD-010646,1.8,6.5,5.4,146,8.33,5.0,5.7,Breached
OPS-010718,ORD-010718,2.6,1.6,2.3,1241,6.57,5.0,2.5,Met
OPS-000553,ORD-000553,1.3,3.0,3.4,1455,4.71,5.0,3.6,Met
OPS-009316,ORD-009316,3.1,4.1,1.7,438,7.1,5.0,2.0,Met
OPS-003140,ORD-003140,1.9,7.3,1.9,1474,6.04,5.0,2.3,Met
OPS-006714,ORD-006714,2.3,5.1,5.1,703,4.52,5.0,5.4,Breached
OPS-006651,ORD-006651,1.4,5.6,3.9,1961,8.81,5.0,4.2,Met
OPS-006579,ORD-006579,1.4,2.2,6.8,214,9.05,5.0,7.0,Breached
OPS-005615,ORD-005615,1.0,5.8,1.6,1396,9.58,5.0,1.9,Met
OPS-007229,ORD-007229,2.5,7.1,4.5,1220,12.89,5.0,4.9,Met
OPS-001579,ORD-001579,1.4,1.9,6.5,926,10.54,5.0,6.6,Breached
OPS-006112,ORD-006112,2.0,6.7,2.1,1247,5.14,5.0,2.5,Met
OPS-002025,ORD-002025,2.3,6.2,3.9,1474,4.76,5.0,4.3,Met
OPS-011337,ORD-011337,0.5,2.1,5.5,263,7.29,5.0,5.6,Breached
OPS-001192,ORD-001192,1.1,7.4,5.4,244,11.92,5.0,5.8,Breached
OPS-007401,ORD-007401,1.3,2.9,4.7,1779,10.37,5.0,4.9,Met
OPS-007574,ORD-007574,1.1,2.8,3.9,1428,10.07,5.0,4.1,Met
OPS-003894,ORD-003894,1.6,1.4,2.5,232,11.96,5.0,2.6,Met
OPS-005919,ORD-005919,1.7,4.2,3.9,162,10.2,5.0,4.1,Met
OPS-004216,ORD-004216,1.7,5.3,4.0,1385,5.15,5.0,4.3,Met
OPS-005870,ORD-005870,1.2,7.5,5.8,1952,10.93,5.0,6.2,Breached
OPS-002742,ORD-002742,2.5,1.7,3.7,757,10.08,5.0,3.9,Met
OPS-012443,ORD-012443,0.8,1.9,2.7,876,7.07,5.0,2.8,Met
OPS-006490,ORD-006490,1.5,1.9,2.6,534,13.3,5.0,2.7,Met
OPS-002577,ORD-002577,3.8,4.4,2.8,931,10.14,5.0,3.1,Met
OPS-007215,ORD-007215,3.3,3.1,3.6,715,9.96,5.0,3.9,Met
OPS-010001,ORD-010001,3.3,5.8,2.9,105,8.54,5.0,3.3,Met
OPS-005255,ORD-005255,1.1,3.2,4.9,950,6.0,5.0,5.1,Breached
OPS-012209,ORD-012209,2.8,1.5,2.6,553,12.39,5.0,2.8,Met
OPS-004736,ORD-004736,2.5,2.3,1.1,318,8.3,5.0,1.3,Met
OPS-004331,ORD-004331,2.2,2.0,3.0,973,7.12,5.0,3.2,Met
OPS-003645,ORD-003645,3.3,7.5,5.4,539,12.91,5.0,5.9,Breached
OPS-006629,ORD-006629,2.4,1.0,3.4,1307,8.5,5.0,3.5,Met
OPS-009587,ORD-009587,1.1,5.8,2.1,1412,4.68,5.0,2.4,Met
OPS-005338,ORD-005338,0.9,4.2,5.5,1675,12.07,5.0,5.7,Breached
OPS-000278,ORD-000278,1.6,7.6,3.9,761,4.64,5.0,4.3,Met
OPS-009243,ORD-009243,0.6,5.8,5.9,635,8.61,5.0,6.2,Breached
OPS-002827,ORD-002827,3.8,3.8,3.0,814,6.77,5.0,3.3,Met
OPS-002788,ORD-002788,3.3,4.1,6.8,1339,10.74,5.0,7.1,Breached
OPS-011713,ORD-011713,3.0,1.1,6.5,228,12.85,5.0,6.7,Breached
OPS-005948,ORD-005948,0.8,4.9,4.1,266,12.37,5.0,4.3,Met
OPS-009062,ORD-009062,2.1,1.2,3.9,494,5.86,5.0,4.0,Met
OPS-002461,ORD-002461,3.8,2.0,3.7,372,11.99,5.0,3.9,Met
OPS-008089,ORD-008089,1.2,1.8,2.7,419,11.38,5.0,2.8,Met
OPS-010691,ORD-010691,3.1,6.0,5.7,1977,6.99,5.0,6.1,Breached
OPS-006372,ORD-006372,2.9,2.3,1.1,1510,7.98,5.0,1.3,Met
OPS-002382,ORD-002382,1.0,2.4,3.6,1638,5.56,5.0,3.7,Met
OPS-011771,ORD-011771,2.9,4.8,6.7,1617,13.95,5.0,7.0,Breached
OPS-003008,ORD-003008,2.2,1.0,5.8,937,13.09,5.0,5.9,Breached
OPS-009863,ORD-009863,3.4,3.6,1.2,433,4.68,5.0,1.5,Met
OPS-004945,ORD-004945,3.0,4.0,4.0,894,4.45,5.0,4.3,Met
OPS-006918,ORD-006918,3.6,6.7,1.5,1543,8.75,5.0,1.9,Met
OPS-001369,ORD-001369,2.7,2.0,3.9,683,9.3,5.0,4.1,Met
OPS-005167,ORD-005167,3.8,5.2,4.2,880,11.44,5.0,4.6,Met
OPS-002617,ORD-002617,2.5,4.9,4.9,1125,12.54,5.0,5.2,Breached
OPS-008647,ORD-008647,1.5,7.7,2.1,862,11.19,5.0,2.5,Met
OPS-004022,ORD-004022,1.5,1.9,6.8,1753,12.16,5.0,6.9,Breached
OPS-005496,ORD-005496,1.8,3.4,3.6,147,9.53,5.0,3.8,Met
OPS-004353,ORD-004353,1.1,6.7,2.4,977,9.69,5.0,2.7,Met
OPS-009651,ORD-009651,2.6,3.6,4.6,768,6.51,5.0,4.9,Met
OPS-000241,ORD-000241,4.0,3.7,5.6,1774,5.94,5.0,5.9,Breached
OPS-003283,ORD-003283,1.0,7.4,3.5,749,9.77,5.0,3.9,Met
OPS-006940,ORD-006940,3.1,3.7,6.5,1514,4.52,5.0,6.8,Breached
OPS-006177,ORD-006177,1.6,7.1,3.6,797,4.45,5.0,4.0,Met
OPS-003810,ORD-003810,1.8,1.3,4.8,1964,4.52,5.0,4.9,Met
OPS-002082,ORD-002082,1.9,1.9,5.5,882,6.29,5.0,5.7,Breached
OPS-011367,ORD-011367,2.8,4.4,5.0,370,6.1,5.0,5.3,Breached
OPS-008963,ORD-008963,1.5,6.8,1.3,136,4.03,5.0,1.6,Met
OPS-009932,ORD-009932,2.9,4.5,5.5,1359,10.54,5.0,5.8,Breached
OPS-005034,ORD-005034,3.8,5.2,1.9,987,9.04,5.0,2.3,Met
OPS-001413,ORD-001413,2.4,6.7,6.0,1750,6.29,5.0,6.4,Breached
OPS-012221,ORD-012221,3.8,5.0,4.4,768,5.65,5.0,4.8,Met
OPS-004464,ORD-004464,3.5,3.7,5.8,621,7.36,5.0,6.1,Breached
OPS-007184,ORD-007184,2.7,7.4,1.5,469,5.82,5.0,1.9,Met
OPS-011298,ORD-011298,1.7,7.0,1.6,1291,10.53,5.0,2.0,Met
OPS-007861,ORD-007861,2.2,4.4,3.6,994,6.67,5.0,3.9,Met
OPS-012294,ORD-012294,3.2,7.2,1.4,663,5.63,5.0,1.8,Met
OPS-007541,ORD-007541,3.6,6.9,5.7,138,10.27,5.0,6.1,Breached
OPS-006386,ORD-006386,0.5,4.0,1.8,1524,13.01,5.0,2.0,Met
OPS-006122,ORD-006122,1.1,6.4,4.2,517,7.96,5.0,4.5,Met
OPS-002683,ORD-002683,3.1,4.8,4.3,517,4.86,5.0,4.6,Met
OPS-000156,ORD-000156,1.4,4.6,6.3,223,7.02,5.0,6.5,Breached
OPS-005663,ORD-005663,2.5,3.4,2.1,875,13.59,5.0,2.3,Met
OPS-000316,ORD-000316,3.5,3.6,1.3,1840,12.86,5.0,1.6,Met
OPS-003797,ORD-003797,1.0,5.9,3.5,1448,12.48,5.0,3.8,Met
OPS-005643,ORD-005643,0.9,3.2,6.7,1495,4.11,5.0,6.9,Breached
OPS-009352,ORD-009352,0.7,2.8,1.9,555,6.08,5.0,2.0,Met
OPS-009679,ORD-009679,3.9,1.3,5.6,842,13.02,5.0,5.8,Breached
OPS-005665,ORD-005665,3.0,3.5,6.5,1424,9.3,5.0,6.8,Breached
OPS-010698,ORD-010698,3.5,7.1,3.5,536,7.92,5.0,3.9,Met
OPS-012096,ORD-012096,1.0,4.6,6.5,1365,7.76,5.0,6.7,Breached
OPS-002805,ORD-002805,0.7,1.9,2.9,1066,9.98,5.0,3.0,Met
OPS-003608,ORD-003608,3.5,3.9,6.8,1352,6.97,5.0,7.1,Breached
OPS-010457,ORD-010457,1.6,5.2,3.1,1911,10.9,5.0,3.4,Met
OPS-009065,ORD-009065,2.8,6.6,4.5,1053,13.24,5.0,4.9,Met
OPS-000562,ORD-000562,2.6,2.6,4.7,1024,8.6,5.0,4.9,Met
OPS-000493,ORD-000493,2.5,5.5,3.7,1463,7.64,5.0,4.0,Met
OPS-001529,ORD-001529,4.0,4.5,2.3,215,10.52,5.0,2.7,Met
OPS-004262,ORD-004262,0.7,7.4,1.8,1807,8.78,5.0,2.1,Met
OPS-009012,ORD-009012,2.0,7.8,3.8,230,10.31,5.0,4.2,Met
OPS-000399,ORD-000399,1.6,3.8,5.8,1802,13.99,5.0,6.0,Breached
OPS-002365,ORD-002365,2.9,1.5,3.6,558,8.21,5.0,3.8,Met
OPS-001387,ORD-001387,0.7,6.2,6.3,343,10.77,5.0,6.6,Breached
OPS-008120,ORD-008120,3.6,4.3,4.6,1670,13.7,5.0,4.9,Met
OPS-005901,ORD-005901,0.5,4.5,5.0,993,5.45,5.0,5.2,Breached
OPS-010540,ORD-010540,3.7,5.6,5.3,443,6.21,5.0,5.7,Breached
OPS-011352,ORD-011352,2.5,7.1,3.6,424,4.17,5.0,4.0,Met
OPS-008352,ORD-008352,2.4,4.9,1.4,1648,12.63,5.0,1.7,Met
OPS-004006,ORD-004006,1.9,7.0,2.4,1836,7.66,5.0,2.8,Met
OPS-003393,ORD-003393,3.7,4.7,3.2,507,4.42,5.0,3.6,Met
OPS-010500,ORD-010500,3.9,5.7,1.5,1531,9.39,5.0,1.9,Met
OPS-010749,ORD-010749,3.3,4.4,7.0,983,6.93,5.0,7.3,Breached
OPS-011779,ORD-011779,0.5,1.2,6.8,1107,7.21,5.0,6.9,Breached
OPS-003925,ORD-003925,2.7,7.4,4.6,296,13.9,5.0,5.0,Met
OPS-009417,ORD-009417,3.7,5.9,3.0,1791,7.18,5.0,3.4,Met
OPS-012283,ORD-012283,2.8,5.9,5.5,1774,12.48,5.0,5.9,Breached
OPS-002740,ORD-002740,1.5,3.7,4.8,548,9.9,5.0,5.0,Met
OPS-010331,ORD-010331,4.0,5.8,3.1,1288,7.33,5.0,3.5,Met
OPS-002282,ORD-002282,3.8,3.8,3.2,205,6.78,5.0,3.5,Met
OPS-011274,ORD-011274,3.7,1.9,1.2,814,8.45,5.0,1.4,Met
OPS-002391,ORD-002391,3.6,3.7,2.5,561,4.17,5.0,2.8,Met
OPS-003548,ORD-003548,1.9,1.0,4.6,888,8.4,5.0,4.7,Met
OPS-011314,ORD-011314,1.2,6.6,4.3,394,11.8,5.0,4.6,Met
OPS-005959,ORD-005959,1.4,4.8,2.2,886,9.63,5.0,2.5,Met
OPS-011083,ORD-011083,2.9,7.7,4.7,1570,7.43,5.0,5.1,Breached
OPS-003365,ORD-003365,3.1,3.1,2.2,244,5.57,5.0,2.5,Met
OPS-006440,ORD-006440,3.1,5.9,2.1,652,6.11,5.0,2.5,Met
OPS-010291,ORD-010291,2.4,7.2,2.1,734,4.96,5.0,2.5,Met
OPS-009157,ORD-009157,1.1,7.4,5.9,527,7.33,5.0,6.3,Breached
OPS-007792,ORD-007792,3.7,2.3,4.8,1389,13.08,5.0,5.0,Met
OPS-010034,ORD-010034,2.9,3.5,5.1,1379,7.14,5.0,5.4,Breached
OPS-006124,ORD-006124,3.9,1.3,7.0,486,5.26,5.0,7.2,Breached
OPS-007316,ORD-007316,1.5,4.4,6.8,1298,13.48,5.0,7.0,Breached
OPS-000111,ORD-000111,1.4,1.2,6.4,1441,6.85,5.0,6.5,Breached
OPS-002263,ORD-002263,3.2,7.4,4.8,836,6.12,5.0,5.2,Breached
OPS-002541,ORD-002541,3.8,2.2,5.0,1427,7.69,5.0,5.2,Breached
OPS-003546,ORD-003546,3.7,4.1,6.6,1859,10.02,5.0,6.9,Breached
OPS-005315,ORD-005315,1.2,3.8,3.1,1131,10.48,5.0,3.3,Met
OPS-008913,ORD-008913,3.6,1.0,4.8,212,6.27,5.0,5.0,Met
OPS-006779,ORD-006779,0.8,4.2,2.5,1441,9.03,5.0,2.7,Met
OPS-008959,ORD-008959,2.2,3.0,5.7,1483,8.65,5.0,5.9,Breached
OPS-001978,ORD-001978,4.0,4.1,6.1,603,11.89,5.0,6.4,Breached
OPS-003332,ORD-003332,2.1,1.5,1.2,803,13.51,5.0,1.4,Met
OPS-001019,ORD-001019,2.6,2.6,4.8,1668,4.91,5.0,5.0,Met
OPS-010231,ORD-010231,2.8,2.7,6.4,1447,14.0,5.0,6.6,Breached
OPS-010519,ORD-010519,2.6,2.4,5.2,518,7.46,5.0,5.4,Breached
OPS-007078,ORD-007078,3.1,1.6,6.8,1740,5.48,5.0,7.0,Breached
OPS-001253,ORD-001253,0.8,6.1,3.7,445,10.39,5.0,4.0,Met
OPS-005079,ORD-005079,2.4,5.9,2.3,1788,4.25,5.0,2.6,Met
OPS-004296,ORD-004296,2.5,7.5,5.9,391,5.63,5.0,6.3,Breached
OPS-009452,ORD-009452,3.8,3.7,6.7,1161,5.3,5.0,7.0,Breached
OPS-008216,ORD-008216,3.8,5.5,6.4,1961,12.48,5.0,6.8,Breached
OPS-009318,ORD-009318,0.9,6.3,2.7,1673,9.96,5.0,3.0,Met
OPS-006642,ORD-006642,1.1,5.2,3.1,1022,10.02,5.0,3.4,Met
OPS-002407,ORD-002407,2.3,1.4,2.1,519,8.72,5.0,2.3,Met
OPS-008845,ORD-008845,3.3,4.9,2.9,335,13.66,5.0,3.2,Met
OPS-009463,ORD-009463,3.3,2.1,5.4,848,10.35,5.0,5.6,Breached
OPS-006068,ORD-006068,1.3,3.3,3.6,945,4.61,5.0,3.8,Met
OPS-002415,ORD-002415,3.4,4.0,1.7,698,4.89,5.0,2.0,Met
OPS-005345,ORD-005345,3.6,7.9,1.3,646,12.38,5.0,1.8,Met
OPS-008509,ORD-008509,3.8,3.7,4.5,802,8.38,5.0,4.8,Met
OPS-012203,ORD-012203,2.9,3.9,4.0,1572,10.66,5.0,4.3,Met
OPS-000162,ORD-000162,1.1,5.1,2.3,1215,5.24,5.0,2.6,Met
OPS-003849,ORD-003849,3.1,5.7,4.5,1022,10.33,5.0,4.9,Met
OPS-001678,ORD-001678,1.3,5.2,1.7,1738,5.45,5.0,2.0,Met
OPS-009790,ORD-009790,3.8,3.7,3.9,1482,8.39,5.0,4.2,Met
OPS-010409,ORD-010409,2.2,1.1,4.9,698,4.31,5.0,5.0,Met
OPS-000109,ORD-000109,1.8,5.5,1.2,802,11.92,5.0,1.5,Met
OPS-000072,ORD-000072,2.1,7.7,3.0,262,10.56,5.0,3.4,Met
OPS-005380,ORD-005380,3.7,1.5,6.7,361,8.84,5.0,6.9,Breached
OPS-010583,ORD-010583,3.6,5.1,4.4,1140,11.96,5.0,4.8,Met
OPS-009535,ORD-009535,1.3,5.4,3.6,1350,6.0,5.0,3.9,Met
OPS-003142,ORD-003142,3.3,1.6,1.3,1225,11.31,5.0,1.5,Met
OPS-005303,ORD-005303,3.2,2.7,3.7,955,11.0,5.0,3.9,Met
OPS-001950,ORD-001950,0.9,2.0,1.1,1826,10.65,5.0,1.2,Met
OPS-010771,ORD-010771,2.5,5.0,1.1,1917,5.93,5.0,1.4,Met
OPS-007211,ORD-007211,0.9,1.8,5.7,1482,9.42,5.0,5.8,Breached
OPS-002417,ORD-002417,1.3,6.3,3.8,1373,4.51,5.0,4.1,Met
OPS-011527,ORD-011527,2.2,3.0,6.7,600,10.24,5.0,6.9,Breached
OPS-008395,ORD-008395,2.1,2.3,6.7,480,6.46,5.0,6.9,Breached
OPS-000367,ORD-000367,1.1,5.6,6.5,753,7.01,5.0,6.8,Breached
OPS-011094,ORD-011094,2.4,1.1,3.7,1720,12.9,5.0,3.8,Met
OPS-006051,ORD-006051,3.3,5.0,2.3,816,10.96,5.0,2.6,Met
OPS-006135,ORD-006135,2.1,5.2,4.5,680,8.33,5.0,4.8,Met
OPS-002672,ORD-002672,1.7,6.1,4.6,478,5.54,5.0,4.9,Met
OPS-010594,ORD-010594,3.4,2.8,1.7,412,7.61,5.0,2.0,Met
OPS-009427,ORD-009427,1.5,6.7,1.6,1244,12.29,5.0,1.9,Met
OPS-004311,ORD-004311,2.0,7.7,3.6,1979,6.35,5.0,4.0,Met
OPS-007198,ORD-007198,3.0,5.2,3.0,945,5.29,5.0,3.3,Met
OPS-006313,ORD-006313,0.7,7.6,5.7,1483,6.32,5.0,6.0,Breached
OPS-000715,ORD-000715,1.6,7.8,4.9,1340,4.56,5.0,5.3,Breached
OPS-000873,ORD-000873,1.9,5.4,4.5,1274,6.91,5.0,4.8,Met
OPS-009353,ORD-009353,3.5,5.2,1.9,418,12.72,5.0,2.3,Met
OPS-007507,ORD-007507,0.5,4.9,6.3,1999,11.35,5.0,6.5,Breached
OPS-000734,ORD-000734,1.3,4.0,6.8,826,7.93,5.0,7.0,Breached
OPS-000586,ORD-000586,0.8,5.5,3.7,1648,6.59,5.0,4.0,Met
OPS-007619,ORD-007619,3.0,5.8,4.7,1497,4.72,5.0,5.1,Breached
OPS-003423,ORD-003423,3.5,6.9,6.0,505,10.22,5.0,6.4,Breached
OPS-004432,ORD-004432,3.9,3.5,4.7,1869,8.39,5.0,5.0,Met
OPS-006106,ORD-006106,1.9,3.0,2.4,768,11.49,5.0,2.6,Met
OPS-000499,ORD-000499,0.6,4.3,5.4,1387,12.09,5.0,5.6,Breached
OPS-005065,ORD-005065,1.1,7.5,3.2,1410,7.54,5.0,3.6,Met
OPS-009058,ORD-009058,0.6,4.6,6.6,898,4.79,5.0,6.8,Breached
OPS-007367,ORD-007367,3.6,1.7,5.1,839,4.38,5.0,5.3,Breached
OPS-011127,ORD-011127,2.7,6.6,2.2,1488,11.0,5.0,2.6,Met
OPS-005777,ORD-005777,0.7,3.4,2.8,729,5.67,5.0,3.0,Met
OPS-010429,ORD-010429,3.8,3.2,1.7,357,4.55,5.0,2.0,Met
OPS-008735,ORD-008735,3.9,3.7,1.9,786,11.52,5.0,2.2,Met
OPS-007785,ORD-007785,1.3,3.6,3.5,597,8.31,5.0,3.7,Met
OPS-008638,ORD-008638,1.4,2.2,7.0,857,13.59,5.0,7.2,Breached
OPS-003223,ORD-003223,1.0,3.3,2.0,709,11.27,5.0,2.2,Met
OPS-002132,ORD-002132,2.5,2.7,5.4,1693,12.51,5.0,5.6,Breached
OPS-002813,ORD-002813,0.8,5.7,4.0,181,11.58,5.0,4.3,Met
OPS-009439,ORD-009439,2.8,4.2,4.3,987,4.07,5.0,4.6,Met
OPS-007127,ORD-007127,2.2,4.8,4.7,762,4.17,5.0,5.0,Met
OPS-010726,ORD-010726,2.8,7.2,6.3,1986,10.71,5.0,6.7,Breached
OPS-000081,ORD-000081,1.7,8.0,5.6,858,5.17,5.0,6.0,Breached
OPS-003449,ORD-003449,3.4,1.6,6.8,517,4.85,5.0,7.0,Breached
OPS-007956,ORD-007956,3.0,3.2,2.9,289,10.29,5.0,3.2,Met
OPS-001301,ORD-001301,2.3,1.9,4.2,741,9.04,5.0,4.4,Met
OPS-011716,ORD-011716,2.1,4.1,1.1,1252,9.57,5.0,1.4,Met
OPS-002472,ORD-002472,0.6,4.2,6.0,1347,11.67,5.0,6.2,Breached
OPS-011510,ORD-011510,1.8,1.2,6.6,370,9.1,5.0,6.7,Breached
OPS-008230,ORD-008230,1.8,5.5,6.0,870,5.47,5.0,6.3,Breached
OPS-003866,ORD-003866,1.6,4.6,5.2,596,11.46,5.0,5.5,Breached
OPS-009351,ORD-009351,3.7,3.9,1.5,1191,13.36,5.0,1.8,Met
OPS-000645,ORD-000645,0.6,5.3,5.7,1037,5.55,5.0,5.9,Breached
OPS-002471,ORD-002471,3.7,7.0,6.0,862,12.96,5.0,6.4,Breached
OPS-012222,ORD-012222,1.0,7.4,6.1,377,5.05,5.0,6.4,Breached
OPS-003063,ORD-003063,1.7,3.8,2.2,1475,6.77,5.0,2.4,Met
OPS-011975,ORD-011975,1.4,1.2,2.9,993,9.02,5.0,3.0,Met
OPS-010931,ORD-010931,3.6,7.4,3.9,1923,8.56,5.0,4.4,Met
OPS-010993,ORD-010993,3.4,2.1,4.7,689,5.75,5.0,4.9,Met
OPS-011342,ORD-011342,1.1,7.9,1.9,317,4.04,5.0,2.3,Met
OPS-005375,ORD-005375,3.3,7.7,3.4,1014,7.16,5.0,3.9,Met
OPS-009277,ORD-009277,3.4,5.4,2.5,297,4.8,5.0,2.9,Met
OPS-000986,ORD-000986,2.4,1.7,2.2,1986,9.37,5.0,2.4,Met
OPS-007429,ORD-007429,1.4,2.3,3.3,1406,7.34,5.0,3.5,Met
OPS-008002,ORD-008002,2.9,1.8,6.7,766,10.13,5.0,6.9,Breached
OPS-010939,ORD-010939,2.7,4.3,6.4,982,13.22,5.0,6.7,Breached
OPS-003755,ORD-003755,2.4,5.7,3.8,680,12.35,5.0,4.1,Met
OPS-004921,ORD-004921,1.9,7.9,5.3,562,4.61,5.0,5.7,Breached
OPS-009519,ORD-009519,0.6,2.7,3.1,398,13.76,5.0,3.2,Met
OPS-001452,ORD-001452,1.1,2.3,3.0,918,6.63,5.0,3.1,Met
OPS-008377,ORD-008377,3.8,5.7,5.0,1313,7.74,5.0,5.4,Breached
OPS-006510,ORD-006510,2.1,1.1,1.4,1401,13.13,5.0,1.5,Met
OPS-004632,ORD-004632,3.1,6.2,2.4,555,4.5,5.0,2.8,Met
OPS-005592,ORD-005592,1.7,5.7,6.9,1753,13.3,5.0,7.2,Breached
OPS-010978,ORD-010978,0.9,7.2,4.7,510,8.79,5.0,5.0,Met
OPS-012213,ORD-012213,1.0,1.6,6.0,1193,8.34,5.0,6.1,Breached
OPS-003603,ORD-003603,3.2,5.0,3.7,691,8.34,5.0,4.0,Met
OPS-003284,ORD-003284,1.0,2.3,3.0,504,5.21,5.0,3.1,Met
OPS-004112,ORD-004112,1.8,2.5,6.3,176,12.97,5.0,6.5,Breached
OPS-006892,ORD-006892,1.6,2.7,5.8,1969,10.45,5.0,6.0,Breached
OPS-003037,ORD-003037,3.2,2.2,3.0,408,8.35,5.0,3.2,Met
OPS-009006,ORD-009006,1.9,1.2,4.4,583,12.3,5.0,4.5,Met
OPS-008730,ORD-008730,1.2,6.7,1.3,945,5.96,5.0,1.6,Met
OPS-006703,ORD-006703,2.4,1.5,3.9,1475,13.68,5.0,4.1,Met
OPS-009093,ORD-009093,0.6,7.4,1.1,1576,13.24,5.0,1.4,Met
OPS-011541,ORD-011541,1.2,8.0,4.1,551,4.86,5.0,4.5,Met
OPS-002919,ORD-002919,0.7,1.0,2.1,1850,8.62,5.0,2.2,Met
OPS-008471,ORD-008471,2.2,7.7,5.8,1729,11.55,5.0,6.2,Breached
OPS-007472,ORD-007472,3.7,4.0,5.5,967,10.55,5.0,5.8,Breached
OPS-001363,ORD-001363,3.9,3.1,5.2,250,6.47,5.0,5.5,Breached
OPS-006821,ORD-006821,0.7,4.2,5.7,1979,4.19,5.0,5.9,Breached
OPS-012421,ORD-012421,0.9,2.3,5.8,664,9.72,5.0,5.9,Breached
OPS-006519,ORD-006519,2.7,6.6,4.8,1444,5.08,5.0,5.2,Breached
OPS-011224,ORD-011224,3.1,7.8,4.3,335,5.86,5.0,4.8,Met
OPS-001635,ORD-001635,0.6,4.6,2.0,753,11.32,5.0,2.2,Met
OPS-007209,ORD-007209,3.6,4.7,1.7,1391,12.97,5.0,2.0,Met
OPS-005541,ORD-005541,2.9,6.6,3.1,1101,4.41,5.0,3.5,Met
OPS-009930,ORD-009930,2.0,7.5,1.6,387,7.91,5.0,2.0,Met
OPS-008287,ORD-008287,0.6,3.9,1.6,1599,5.73,5.0,1.8,Met
OPS-009477,ORD-009477,1.6,4.0,1.5,789,11.43,5.0,1.7,Met
OPS-000083,ORD-000083,2.3,2.6,2.2,1526,9.37,5.0,2.4,Met
OPS-005074,ORD-005074,1.6,4.9,3.8,1911,5.99,5.0,4.1,Met
OPS-012230,ORD-012230,1.2,4.1,6.7,1055,12.54,5.0,6.9,Breached
OPS-008238,ORD-008238,1.2,4.5,3.8,1737,7.79,5.0,4.0,Met
OPS-001911,ORD-001911,0.5,2.4,1.1,1791,13.69,5.0,1.2,Met
OPS-006768,ORD-006768,2.8,5.9,1.8,421,7.09,5.0,2.2,Met
OPS-002991,ORD-002991,1.0,7.3,3.0,1407,9.97,5.0,3.3,Met
OPS-009673,ORD-009673,1.4,7.5,1.4,944,4.13,5.0,1.8,Met
OPS-001831,ORD-001831,3.3,5.4,6.4,201,6.42,5.0,6.8,Breached
OPS-002162,ORD-002162,1.8,4.0,5.3,379,6.22,5.0,5.5,Breached
OPS-003081,ORD-003081,2.9,4.1,1.6,158,4.1,5.0,1.9,Met
OPS-000030,ORD-000030,1.2,1.7,6.4,1556,11.76,5.0,6.5,Breached
OPS-007197,ORD-007197,3.6,6.3,4.7,908,5.78,5.0,5.1,Breached
OPS-009970,ORD-009970,2.2,7.2,6.8,1606,9.25,5.0,7.2,Breached
OPS-001182,ORD-001182,2.1,5.8,3.0,707,6.01,5.0,3.3,Met
OPS-002808,ORD-002808,3.9,3.8,6.7,864,10.98,5.0,7.0,Breached
OPS-002832,ORD-002832,1.8,6.2,5.6,1912,11.82,5.0,5.9,Breached
OPS-012255,ORD-012255,2.2,5.8,3.1,1964,11.95,5.0,3.4,Met
OPS-006706,ORD-006706,3.8,1.9,4.8,871,13.66,5.0,5.0,Met
OPS-003186,ORD-003186,2.8,1.6,3.9,1629,4.8,5.0,4.1,Met
OPS-000479,ORD-000479,1.9,2.4,6.6,466,8.56,5.0,6.8,Breached
OPS-007152,ORD-007152,3.7,2.9,4.7,508,4.58,5.0,5.0,Met
OPS-011653,ORD-011653,0.7,4.0,5.9,1245,13.97,5.0,6.1,Breached
OPS-009168,ORD-009168,2.1,1.1,3.8,100,6.69,5.0,3.9,Met
OPS-012388,ORD-012388,1.2,6.2,3.3,1747,10.73,5.0,3.6,Met
OPS-006314,ORD-006314,1.5,1.7,3.9,628,6.9,5.0,4.0,Met
OPS-008819,ORD-008819,1.5,1.9,2.4,274,8.1,5.0,2.5,Met
OPS-012272,ORD-012272,0.6,3.2,4.7,305,11.98,5.0,4.9,Met
OPS-007828,ORD-007828,0.6,1.4,5.2,234,11.96,5.0,5.3,Breached
OPS-005218,ORD-005218,3.1,7.6,6.7,1203,6.14,5.0,7.1,Breached
OPS-002400,ORD-002400,2.0,2.1,5.4,458,4.32,5.0,5.6,Breached
OPS-003958,ORD-003958,3.7,4.8,2.4,845,8.04,5.0,2.8,Met
OPS-001782,ORD-001782,3.9,1.4,2.3,1134,9.82,5.0,2.5,Met
OPS-001778,ORD-001778,1.7,1.4,2.6,548,13.43,5.0,2.7,Met
OPS-008503,ORD-008503,1.9,4.7,5.3,1702,5.19,5.0,5.6,Breached
OPS-002628,ORD-002628,0.7,1.4,1.8,1458,6.04,5.0,1.9,Met
OPS-009231,ORD-009231,1.0,1.6,2.4,146,9.99,5.0,2.5,Met
OPS-007315,ORD-007315,3.2,3.2,3.3,1508,13.84,5.0,3.6,Met
OPS-009101,ORD-009101,0.9,5.3,6.0,252,12.5,5.0,6.3,Breached
OPS-010285,ORD-010285,3.8,3.8,6.6,306,13.81,5.0,6.9,Breached
OPS-005116,ORD-005116,3.7,5.9,6.8,365,8.18,5.0,7.2,Breached
OPS-004226,ORD-004226,3.6,1.9,6.9,1777,4.78,5.0,7.1,Breached
OPS-012044,ORD-012044,1.7,3.7,5.4,1567,8.51,5.0,5.6,Breached
OPS-002634,ORD-002634,1.6,2.2,3.4,1450,7.58,5.0,3.6,Met
OPS-001136,ORD-001136,2.0,4.9,3.3,1609,12.4,5.0,3.6,Met
OPS-003113,ORD-003113,1.6,4.1,4.0,1385,4.93,5.0,4.2,Met
OPS-006822,ORD-006822,1.2,4.2,4.5,1795,9.42,5.0,4.7,Met
OPS-009606,ORD-009606,3.0,7.1,3.8,703,12.86,5.0,4.2,Met
OPS-001315,ORD-001315,3.9,5.1,3.1,1327,8.79,5.0,3.5,Met
OPS-003066,ORD-003066,2.0,4.0,2.0,820,10.9,5.0,2.2,Met
OPS-009661,ORD-009661,0.9,1.9,4.6,899,5.95,5.0,4.7,Met
OPS-011010,ORD-011010,0.8,4.4,2.0,1981,6.18,5.0,2.2,Met
OPS-000566,ORD-000566,2.4,4.6,2.6,1473,5.82,5.0,2.9,Met
OPS-008594,ORD-008594,2.7,4.5,2.0,532,9.31,5.0,2.3,Met
OPS-004880,ORD-004880,2.3,3.7,2.0,585,12.95,5.0,2.2,Met
OPS-003611,ORD-003611,0.9,5.7,4.2,587,8.74,5.0,4.5,Met
OPS-009836,ORD-009836,3.3,2.2,4.9,733,11.82,5.0,5.1,Breached
OPS-002559,ORD-002559,3.3,7.2,3.6,712,9.16,5.0,4.0,Met
OPS-002901,ORD-002901,2.2,5.0,1.3,370,8.38,5.0,1.6,Met
OPS-008723,ORD-008723,1.3,6.8,3.8,1755,11.56,5.0,4.1,Met
OPS-002712,ORD-002712,1.9,2.6,4.3,1668,5.92,5.0,4.5,Met
OPS-003164,ORD-003164,1.5,3.6,2.0,1551,8.02,5.0,2.2,Met
OPS-010396,ORD-010396,1.4,4.8,5.6,436,5.71,5.0,5.9,Breached
OPS-012330,ORD-012330,1.3,7.5,5.9,485,12.95,5.0,6.3,Breached
OPS-005489,ORD-005489,3.5,7.4,1.0,1407,7.34,5.0,1.5,Met
OPS-010885,ORD-010885,0.7,6.1,2.5,1182,8.16,5.0,2.8,Met
OPS-011785,ORD-011785,2.7,3.3,1.1,1344,7.59,5.0,1.4,Met
OPS-005275,ORD-005275,2.0,3.0,2.4,820,5.59,5.0,2.6,Met
OPS-002831,ORD-002831,0.6,5.7,2.0,509,8.2,5.0,2.3,Met
OPS-002637,ORD-002637,2.7,7.7,5.4,560,7.81,5.0,5.8,Breached
OPS-010808,ORD-010808,1.0,2.6,4.2,1672,13.39,5.0,4.4,Met
OPS-010305,ORD-010305,1.5,7.4,2.1,1215,4.83,5.0,2.5,Met
OPS-008193,ORD-008193,0.7,4.9,3.1,280,6.24,5.0,3.3,Met
OPS-011994,ORD-011994,3.6,3.9,5.9,1142,9.77,5.0,6.2,Breached
OPS-012055,ORD-012055,2.3,1.1,3.1,1847,13.53,5.0,3.2,Met
OPS-003727,ORD-003727,0.6,7.7,6.1,300,11.28,5.0,6.4,Breached
OPS-010555,ORD-010555,3.8,3.7,3.8,707,5.17,5.0,4.1,Met
OPS-011231,ORD-011231,3.3,1.3,1.6,1110,11.45,5.0,1.8,Met
OPS-006962,ORD-006962,3.2,1.8,3.7,113,9.36,5.0,3.9,Met
OPS-009185,ORD-009185,2.2,4.9,1.8,1838,6.34,5.0,2.1,Met
OPS-003078,ORD-003078,1.7,3.1,6.1,942,10.56,5.0,6.3,Breached
OPS-005572,ORD-005572,1.4,7.9,3.9,1873,13.75,5.0,4.3,Met
OPS-009847,ORD-009847,2.9,7.1,6.5,673,6.53,5.0,6.9,Breached
OPS-004879,ORD-004879,0.5,2.9,2.7,465,8.95,5.0,2.8,Met
OPS-011323,ORD-011323,0.7,3.8,2.7,689,5.17,5.0,2.9,Met
OPS-008591,ORD-008591,3.6,1.9,2.0,1150,11.82,5.0,2.2,Met
OPS-000275,ORD-000275,4.0,6.3,5.2,390,5.48,5.0,5.6,Breached
OPS-006850,ORD-006850,3.6,2.7,4.2,1502,13.82,5.0,4.5,Met
OPS-008938,ORD-008938,2.1,5.8,5.4,381,9.85,5.0,5.7,Breached
OPS-006476,ORD-006476,0.7,3.2,3.3,295,5.42,5.0,3.5,Met
OPS-003272,ORD-003272,1.3,1.8,4.0,712,11.42,5.0,4.1,Met
OPS-012164,ORD-012164,2.8,7.2,5.5,684,11.37,5.0,5.9,Breached
OPS-009196,ORD-009196,3.1,7.3,6.7,1673,7.68,5.0,7.1,Breached
OPS-009358,ORD-009358,1.5,2.2,6.1,904,12.89,5.0,6.3,Breached
OPS-003210,ORD-003210,2.2,5.7,1.6,1026,9.33,5.0,1.9,Met
OPS-008814,ORD-008814,2.7,1.2,2.1,1892,13.75,5.0,2.3,Met
OPS-011466,ORD-011466,1.4,2.7,5.5,1012,10.92,5.0,5.7,Breached
OPS-011900,ORD-011900,1.4,2.6,3.7,419,9.13,5.0,3.9,Met
OPS-009061,ORD-009061,3.9,6.0,5.5,1111,4.23,5.0,5.9,Breached
OPS-002202,ORD-002202,1.7,2.2,2.5,579,10.59,5.0,2.7,Met
OPS-011778,ORD-011778,0.9,6.4,3.7,1032,10.0,5.0,4.0,Met
OPS-002882,ORD-002882,2.8,5.7,4.3,316,10.94,5.0,4.7,Met
OPS-007559,ORD-007559,3.2,8.0,4.6,1807,5.63,5.0,5.1,Breached
OPS-003690,ORD-003690,2.3,7.4,4.8,1597,13.69,5.0,5.2,Breached
OPS-002440,ORD-002440,1.9,3.1,4.8,303,7.46,5.0,5.0,Met
OPS-011984,ORD-011984,3.8,2.6,4.2,208,12.54,5.0,4.5,Met
OPS-005377,ORD-005377,2.4,4.7,2.7,872,10.96,5.0,3.0,Met
OPS-002145,ORD-002145,2.0,2.9,3.2,592,11.31,5.0,3.4,Met
OPS-000510,ORD-000510,0.8,3.2,4.5,1596,6.62,5.0,4.7,Met
OPS-004517,ORD-004517,3.9,2.6,2.8,1729,6.72,5.0,3.1,Met
OPS-011368,ORD-011368,0.9,5.4,2.1,1404,11.41,5.0,2.4,Met
OPS-008687,ORD-008687,1.8,5.5,6.6,1713,6.8,5.0,6.9,Breached
OPS-000254,ORD-000254,2.4,6.2,2.5,1723,5.43,5.0,2.9,Met
OPS-008898,ORD-008898,4.0,2.8,4.0,221,10.92,5.0,4.3,Met
OPS-004180,ORD-004180,1.0,5.5,1.1,719,9.19,5.0,1.4,Met
OPS-000091,ORD-000091,1.1,4.1,5.0,1436,10.16,5.0,5.2,Breached
OPS-008351,ORD-008351,1.5,5.8,4.3,899,12.48,5.0,4.6,Met
OPS-004827,ORD-004827,1.0,2.7,1.7,1192,10.4,5.0,1.9,Met
OPS-004717,ORD-004717,0.8,6.0,6.1,1584,8.78,5.0,6.4,Breached
OPS-000793,ORD-000793,2.7,7.9,1.3,1237,9.35,5.0,1.7,Met
OPS-007916,ORD-007916,3.4,5.0,3.1,716,4.7,5.0,3.5,Met
OPS-006048,ORD-006048,2.2,2.4,6.9,704,10.47,5.0,7.1,Breached
OPS-003818,ORD-003818,1.7,7.3,2.2,1733,13.78,5.0,2.6,Met
OPS-006738,ORD-006738,0.9,3.2,2.9,768,4.65,5.0,3.1,Met
OPS-003966,ORD-003966,1.2,7.5,4.7,628,13.28,5.0,5.1,Breached
OPS-010042,ORD-010042,1.9,6.2,4.9,1392,8.23,5.0,5.2,Breached
OPS-009481,ORD-009481,3.3,5.0,6.2,1756,11.4,5.0,6.5,Breached
OPS-010992,ORD-010992,1.4,7.9,2.0,1678,7.57,5.0,2.4,Met
OPS-007305,ORD-007305,3.2,4.2,5.2,1803,4.0,5.0,5.5,Breached
OPS-004272,ORD-004272,1.7,6.8,1.4,364,6.87,5.0,1.8,Met
OPS-011418,ORD-011418,1.5,4.7,6.5,532,4.54,5.0,6.8,Breached
OPS-003972,ORD-003972,4.0,6.6,5.0,790,10.95,5.0,5.4,Breached
OPS-006473,ORD-006473,2.1,6.6,3.0,771,5.91,5.0,3.4,Met
OPS-006887,ORD-006887,1.4,7.8,4.7,1295,10.8,5.0,5.1,Breached
OPS-012238,ORD-012238,3.7,5.6,6.5,1316,8.6,5.0,6.9,Breached
OPS-006164,ORD-006164,1.9,7.9,1.7,1244,11.6,5.0,2.1,Met
OPS-004370,ORD-004370,0.5,2.5,1.8,442,12.6,5.0,1.9,Met
OPS-012373,ORD-012373,1.1,3.7,5.9,923,11.14,5.0,6.1,Breached
OPS-010168,ORD-010168,2.2,3.3,3.4,1569,12.51,5.0,3.6,Met
OPS-007100,ORD-007100,1.9,1.0,6.7,1114,10.61,5.0,6.8,Breached
OPS-002706,ORD-002706,0.9,1.7,2.0,721,11.33,5.0,2.1,Met
OPS-001035,ORD-001035,3.6,3.0,1.4,1606,10.74,5.0,1.7,Met
OPS-012162,ORD-012162,1.8,5.7,3.7,182,4.03,5.0,4.0,Met
OPS-010219,ORD-010219,3.7,5.4,1.3,1192,11.24,5.0,1.7,Met
OPS-003668,ORD-003668,1.2,7.5,4.4,986,10.78,5.0,4.8,Met
OPS-005835,ORD-005835,2.9,3.7,5.6,902,12.93,5.0,5.9,Breached
OPS-005365,ORD-005365,2.3,5.3,3.0,775,9.49,5.0,3.3,Met
OPS-005880,ORD-005880,2.3,5.9,4.8,1068,12.74,5.0,5.1,Breached
OPS-007964,ORD-007964,3.6,2.5,4.8,1247,6.72,5.0,5.1,Breached
OPS-009710,ORD-009710,1.2,4.5,4.8,1083,13.58,5.0,5.0,Met
OPS-008734,ORD-008734,1.5,4.3,1.1,1116,4.83,5.0,1.3,Met
OPS-003170,ORD-003170,1.7,5.2,4.4,385,10.95,5.0,4.7,Met
OPS-006477,ORD-006477,1.4,6.7,3.1,1131,9.35,5.0,3.4,Met
OPS-000948,ORD-000948,2.2,7.1,5.8,521,5.42,5.0,6.2,Breached
OPS-008286,ORD-008286,3.5,7.3,1.1,643,13.72,5.0,1.6,Met
OPS-009504,ORD-009504,3.3,3.9,6.2,1264,10.16,5.0,6.5,Breached
OPS-005921,ORD-005921,0.7,5.1,6.3,1902,9.34,5.0,6.5,Breached
OPS-001271,ORD-001271,2.7,4.0,3.6,1665,11.96,5.0,3.9,Met
OPS-007799,ORD-007799,1.2,2.9,4.9,859,9.87,5.0,5.1,Breached
OPS-003035,ORD-003035,2.9,1.3,5.2,320,11.75,5.0,5.4,Breached
OPS-003701,ORD-003701,2.1,5.9,2.8,1575,12.73,5.0,3.1,Met
OPS-005819,ORD-005819,2.6,6.7,4.6,133,5.51,5.0,5.0,Met
OPS-004351,ORD-004351,0.5,6.7,2.9,1309,7.4,5.0,3.2,Met
OPS-008756,ORD-008756,3.3,2.9,3.3,428,6.95,5.0,3.6,Met
OPS-007672,ORD-007672,2.9,4.8,1.7,670,8.59,5.0,2.0,Met
OPS-001280,ORD-001280,0.8,3.2,1.0,320,13.92,5.0,1.2,Met
OPS-003666,ORD-003666,2.3,4.6,1.6,590,7.04,5.0,1.9,Met
OPS-006880,ORD-006880,2.4,2.2,3.1,1860,9.53,5.0,3.3,Met
OPS-007878,ORD-007878,0.5,4.2,3.9,412,5.58,5.0,4.1,Met
OPS-000749,ORD-000749,1.2,5.0,3.4,746,11.34,5.0,3.7,Met
OPS-003551,ORD-003551,1.6,2.1,2.3,140,12.04,5.0,2.5,Met
OPS-001083,ORD-001083,1.1,7.3,2.9,356,9.51,5.0,3.2,Met
OPS-000317,ORD-000317,1.3,6.7,5.2,1359,12.08,5.0,5.5,Breached
OPS-010395,ORD-010395,0.6,1.4,2.1,1392,5.66,5.0,2.2,Met
OPS-001353,ORD-001353,3.6,5.0,2.3,908,7.94,5.0,2.7,Met
OPS-012267,ORD-012267,3.0,6.5,6.3,274,13.54,5.0,6.7,Breached
OPS-006233,ORD-006233,0.6,4.6,6.8,1933,6.75,5.0,7.0,Breached
OPS-011565,ORD-011565,2.2,6.9,5.5,1836,12.02,5.0,5.9,Breached
OPS-002729,ORD-002729,1.6,6.1,6.8,829,5.38,5.0,7.1,Breached
OPS-010961,ORD-010961,1.8,4.8,5.3,110,11.16,5.0,5.6,Breached
OPS-006806,ORD-006806,3.4,6.6,2.2,365,11.39,5.0,2.6,Met
OPS-012329,ORD-012329,3.6,2.4,3.8,212,4.8,5.0,4.0,Met
OPS-005509,ORD-005509,1.9,2.4,2.7,405,8.65,5.0,2.9,Met
OPS-003385,ORD-003385,1.4,6.5,6.1,1342,5.47,5.0,6.4,Breached
OPS-001074,ORD-001074,1.2,4.4,5.6,1292,8.46,5.0,5.8,Breached
OPS-003823,ORD-003823,1.7,5.2,3.1,133,11.06,5.0,3.4,Met
OPS-006038,ORD-006038,2.8,4.0,5.5,1311,6.97,5.0,5.8,Breached
OPS-004177,ORD-004177,3.4,1.2,4.8,1104,8.12,5.0,5.0,Met
OPS-000890,ORD-000890,1.3,6.7,1.5,251,5.69,5.0,1.8,Met
OPS-004080,ORD-004080,0.6,1.9,2.7,1972,11.05,5.0,2.8,Met
OPS-010451,ORD-010451,2.7,5.0,2.7,1052,12.9,5.0,3.0,Met
OPS-002288,ORD-002288,2.4,3.6,1.4,341,5.27,5.0,1.6,Met
OPS-002822,ORD-002822,3.2,5.0,4.2,943,6.63,5.0,4.5,Met
OPS-003517,ORD-003517,3.4,3.8,7.0,1167,7.67,5.0,7.3,Breached
OPS-009278,ORD-009278,0.6,6.7,1.7,100,12.8,5.0,2.0,Met
OPS-004195,ORD-004195,2.6,4.1,1.5,1402,4.8,5.0,1.8,Met
OPS-011246,ORD-011246,3.8,5.7,6.4,1689,11.44,5.0,6.8,Breached
OPS-008468,ORD-008468,3.2,8.0,2.0,1745,8.5,5.0,2.5,Met
OPS-007054,ORD-007054,3.8,4.3,1.4,1085,11.7,5.0,1.7,Met
OPS-000964,ORD-000964,2.3,7.2,2.0,687,13.34,5.0,2.4,Met
OPS-007179,ORD-007179,3.9,2.2,5.2,172,9.86,5.0,5.5,Breached
OPS-007618,ORD-007618,2.7,7.4,1.3,286,11.08,5.0,1.7,Met
OPS-011811,ORD-011811,1.9,6.3,1.8,308,6.35,5.0,2.1,Met
OPS-011734,ORD-011734,1.4,6.8,3.7,1548,6.24,5.0,4.0,Met
OPS-007810,ORD-007810,3.3,6.0,1.9,1648,5.36,5.0,2.3,Met
OPS-009121,ORD-009121,3.7,4.7,2.1,215,4.18,5.0,2.5,Met
OPS-009874,ORD-009874,2.0,5.3,2.1,1271,8.82,5.0,2.4,Met
OPS-003509,ORD-003509,1.1,2.9,2.1,1269,5.89,5.0,2.3,Met
OPS-008397,ORD-008397,1.5,4.0,5.0,180,8.75,5.0,5.2,Breached
OPS-004814,ORD-004814,3.3,2.1,3.6,800,13.83,5.0,3.8,Met
OPS-009588,ORD-009588,2.3,4.7,1.7,578,10.88,5.0,2.0,Met
OPS-000387,ORD-000387,1.7,5.7,2.2,1048,10.02,5.0,2.5,Met
OPS-012136,ORD-012136,0.7,1.9,4.2,1600,4.49,5.0,4.3,Met
OPS-001220,ORD-001220,3.2,4.0,3.2,799,9.69,5.0,3.5,Met
OPS-004832,ORD-004832,1.6,5.4,6.8,898,11.42,5.0,7.1,Breached
OPS-009865,ORD-009865,2.2,1.9,6.2,1215,10.23,5.0,6.4,Breached
OPS-009672,ORD-009672,1.5,3.5,1.6,411,11.07,5.0,1.8,Met
OPS-004039,ORD-004039,3.7,4.3,3.0,1754,9.71,5.0,3.3,Met
OPS-011358,ORD-011358,2.7,4.8,3.5,1495,5.21,5.0,3.8,Met
OPS-005341,ORD-005341,0.7,5.5,5.7,580,12.11,5.0,6.0,Breached
OPS-008269,ORD-008269,1.3,1.0,2.5,1858,8.32,5.0,2.6,Met
OPS-002112,ORD-002112,2.9,2.1,5.6,1012,9.17,5.0,5.8,Breached
OPS-003512,ORD-003512,2.5,4.2,2.9,826,12.39,5.0,3.2,Met
OPS-003172,ORD-003172,3.2,7.9,4.6,1144,5.68,5.0,5.1,Breached
OPS-003019,ORD-003019,2.2,6.3,5.8,879,9.55,5.0,6.2,Breached
OPS-008745,ORD-008745,0.9,2.6,4.3,295,13.72,5.0,4.4,Met
OPS-003688,ORD-003688,2.0,6.5,4.1,1283,9.55,5.0,4.5,Met
OPS-001580,ORD-001580,1.5,2.4,3.2,1930,8.81,5.0,3.4,Met
OPS-002289,ORD-002289,3.4,4.9,1.6,1112,8.73,5.0,1.9,Met
OPS-006561,ORD-006561,2.9,2.5,2.3,1069,6.84,5.0,2.5,Met
OPS-003740,ORD-003740,2.2,6.5,7.0,1443,11.25,5.0,7.4,Breached
OPS-006312,ORD-006312,3.5,3.0,6.1,752,7.63,5.0,6.4,Breached
OPS-006416,ORD-006416,1.3,5.1,1.9,1072,8.17,5.0,2.2,Met
OPS-008096,ORD-008096,2.9,4.9,5.9,1551,7.73,5.0,6.2,Breached
OPS-007486,ORD-007486,1.3,4.2,6.8,1713,10.97,5.0,7.0,Breached
OPS-010912,ORD-010912,2.4,7.4,4.3,1125,5.38,5.0,4.7,Met
OPS-009567,ORD-009567,2.5,4.3,3.2,820,11.94,5.0,3.5,Met
OPS-010077,ORD-010077,1.6,7.6,6.7,1994,5.09,5.0,7.1,Breached
OPS-007773,ORD-007773,1.6,6.3,4.9,1716,13.16,5.0,5.2,Breached
OPS-000230,ORD-000230,3.2,4.5,1.3,879,4.4,5.0,1.6,Met
OPS-008802,ORD-008802,1.9,6.7,6.7,1591,5.79,5.0,7.1,Breached
OPS-007344,ORD-007344,1.5,2.8,6.8,564,13.42,5.0,7.0,Breached
OPS-005414,ORD-005414,0.9,1.6,1.8,774,12.82,5.0,1.9,Met
OPS-002511,ORD-002511,2.6,3.1,3.4,1901,11.34,5.0,3.6,Met
OPS-003826,ORD-003826,3.4,6.5,4.0,1515,13.19,5.0,4.4,Met
OPS-005605,ORD-005605,1.5,1.0,2.5,1966,5.97,5.0,2.6,Met
OPS-009141,ORD-009141,3.5,4.5,2.6,1858,12.52,5.0,2.9,Met
OPS-003485,ORD-003485,2.7,6.2,4.4,1156,5.51,5.0,4.8,Met
OPS-010005,ORD-010005,2.3,4.0,2.8,1984,12.68,5.0,3.1,Met
OPS-000935,ORD-000935,1.2,5.8,1.2,339,10.86,5.0,1.5,Met
OPS-008275,ORD-008275,2.0,2.9,2.0,170,13.87,5.0,2.2,Met
OPS-001481,ORD-001481,3.2,5.3,4.5,644,13.48,5.0,4.9,Met
OPS-000742,ORD-000742,2.6,4.9,6.7,756,6.02,5.0,7.0,Breached
OPS-005540,ORD-005540,1.9,2.0,3.6,1055,7.24,5.0,3.8,Met
OPS-008917,ORD-008917,2.0,6.1,6.4,1442,10.9,5.0,6.7,Breached
OPS-004385,ORD-004385,1.3,7.1,5.3,1425,7.43,5.0,5.6,Breached
OPS-001534,ORD-001534,1.4,7.6,2.5,324,11.16,5.0,2.9,Met
OPS-012259,ORD-012259,3.1,3.2,4.0,1585,7.99,5.0,4.3,Met
OPS-005778,ORD-005778,1.2,1.5,4.7,1110,8.43,5.0,4.8,Met
OPS-009064,ORD-009064,1.3,5.7,4.8,1778,13.6,5.0,5.1,Breached
OPS-001636,ORD-001636,1.4,7.1,1.4,1441,4.1,5.0,1.8,Met
OPS-006557,ORD-006557,3.7,3.1,2.0,1881,11.44,5.0,2.3,Met
OPS-005668,ORD-005668,1.2,2.0,6.5,1651,10.04,5.0,6.6,Breached
OPS-008769,ORD-008769,0.6,2.6,2.8,1630,6.27,5.0,2.9,Met
OPS-006128,ORD-006128,1.8,3.1,3.3,805,9.68,5.0,3.5,Met
OPS-001501,ORD-001501,1.4,1.4,2.8,320,8.48,5.0,2.9,Met
OPS-008720,ORD-008720,3.4,7.6,6.2,1764,7.74,5.0,6.7,Breached
OPS-006297,ORD-006297,3.6,1.0,2.8,1334,11.33,5.0,3.0,Met
OPS-011019,ORD-011019,4.0,7.2,5.7,744,5.28,5.0,6.2,Breached
OPS-007801,ORD-007801,2.5,3.8,2.8,1240,10.33,5.0,3.1,Met
OPS-000838,ORD-000838,0.8,7.8,4.2,1773,8.73,5.0,4.6,Met
OPS-005698,ORD-005698,1.5,5.7,1.1,1515,10.61,5.0,1.4,Met
OPS-011316,ORD-011316,1.4,3.5,4.3,1116,12.79,5.0,4.5,Met
OPS-010184,ORD-010184,2.0,3.1,5.9,1825,8.42,5.0,6.1,Breached
OPS-009602,ORD-009602,2.3,7.3,4.4,1783,11.22,5.0,4.8,Met
OPS-009852,ORD-009852,2.6,7.1,3.6,481,8.58,5.0,4.0,Met
OPS-009151,ORD-009151,4.0,7.1,4.8,1334,9.58,5.0,5.3,Breached
OPS-003451,ORD-003451,2.8,6.3,4.1,1142,4.06,5.0,4.5,Met
OPS-008290,ORD-008290,2.9,1.8,4.6,517,8.57,5.0,4.8,Met
OPS-001337,ORD-001337,1.9,5.3,1.0,983,6.32,5.0,1.3,Met
OPS-003561,ORD-003561,2.5,3.8,4.0,1237,6.66,5.0,4.3,Met
OPS-002410,ORD-002410,1.3,6.8,4.0,678,6.48,5.0,4.3,Met
OPS-004650,ORD-004650,1.0,6.6,6.9,300,12.39,5.0,7.2,Breached
OPS-009912,ORD-009912,3.7,6.6,4.8,1382,8.91,5.0,5.2,Breached
OPS-011927,ORD-011927,1.0,2.0,4.3,139,7.01,5.0,4.4,Met
OPS-008289,ORD-008289,4.0,7.0,5.6,396,12.8,5.0,6.1,Breached
OPS-008893,ORD-008893,2.3,2.5,4.8,1908,6.48,5.0,5.0,Met
OPS-002794,ORD-002794,2.7,1.7,5.7,1291,13.17,5.0,5.9,Breached
OPS-004514,ORD-004514,1.9,2.7,2.8,1404,4.09,5.0,3.0,Met
OPS-002708,ORD-002708,3.1,2.1,3.3,1551,8.18,5.0,3.5,Met
OPS-011831,ORD-011831,2.0,5.5,1.6,611,6.76,5.0,1.9,Met
OPS-001520,ORD-001520,2.8,7.7,4.6,1189,8.16,5.0,5.0,Met
OPS-011295,ORD-011295,1.6,8.0,4.7,470,5.84,5.0,5.1,Breached
OPS-009401,ORD-009401,3.4,6.8,2.4,432,10.93,5.0,2.8,Met
OPS-002363,ORD-002363,2.1,1.8,6.7,752,12.99,5.0,6.9,Breached
OPS-001233,ORD-001233,1.2,6.1,5.4,1162,4.71,5.0,5.7,Breached
OPS-003229,ORD-003229,3.8,4.9,6.1,225,5.8,5.0,6.5,Breached
OPS-010276,ORD-010276,0.6,5.9,2.7,125,7.35,5.0,3.0,Met
OPS-008255,ORD-008255,1.0,5.7,4.7,674,4.13,5.0,5.0,Met
OPS-004553,ORD-004553,3.8,6.1,5.1,1521,9.87,5.0,5.5,Breached
OPS-006264,ORD-006264,1.7,6.7,4.0,707,4.31,5.0,4.3,Met
OPS-006864,ORD-006864,1.6,3.6,6.0,1981,5.49,5.0,6.2,Breached
OPS-006362,ORD-006362,1.6,3.7,1.3,1102,10.04,5.0,1.5,Met
OPS-004783,ORD-004783,1.9,4.8,6.4,609,6.96,5.0,6.7,Breached
OPS-003704,ORD-003704,1.8,7.5,4.4,1570,10.17,5.0,4.8,Met
OPS-008277,ORD-008277,1.3,5.0,5.5,1827,8.73,5.0,5.8,Breached
OPS-000999,ORD-000999,1.6,5.6,3.7,1728,8.01,5.0,4.0,Met
OPS-000229,ORD-000229,3.3,7.1,5.4,1092,9.14,5.0,5.8,Breached
OPS-004243,ORD-004243,3.8,2.6,2.4,130,4.07,5.0,2.7,Met
OPS-005620,ORD-005620,1.6,2.1,4.1,1269,5.05,5.0,4.3,Met
OPS-005840,ORD-005840,0.7,3.3,1.0,1419,11.33,5.0,1.2,Met
OPS-001597,ORD-001597,1.3,3.6,5.1,1112,7.85,5.0,5.3,Breached
OPS-009956,ORD-009956,1.2,1.7,3.6,1445,10.09,5.0,3.7,Met
OPS-011577,ORD-011577,2.9,7.2,4.9,862,12.52,5.0,5.3,Breached
OPS-010751,ORD-010751,1.4,4.0,6.9,1517,6.55,5.0,7.1,Breached
OPS-005865,ORD-005865,1.6,1.1,1.5,462,12.62,5.0,1.6,Met
OPS-000383,ORD-000383,3.4,5.8,1.9,226,8.04,5.0,2.3,Met
OPS-000556,ORD-000556,0.7,4.1,4.6,654,12.17,5.0,4.8,Met
OPS-003924,ORD-003924,0.9,5.9,2.1,1533,12.23,5.0,2.4,Met
OPS-011189,ORD-011189,1.5,7.4,4.2,279,6.7,5.0,4.6,Met
OPS-010626,ORD-010626,3.4,5.9,6.3,923,4.45,5.0,6.7,Breached
OPS-005993,ORD-005993,2.0,1.2,2.4,999,13.7,5.0,2.5,Met
OPS-007944,ORD-007944,3.9,6.3,4.0,1949,5.8,5.0,4.4,Met
OPS-002834,ORD-002834,1.4,2.1,1.2,752,12.06,5.0,1.3,Met
OPS-002427,ORD-002427,0.9,3.6,2.4,381,4.09,5.0,2.6,Met
OPS-012052,ORD-012052,2.7,7.3,2.5,1611,5.06,5.0,2.9,Met
OPS-004443,ORD-004443,3.7,2.6,5.5,313,13.08,5.0,5.8,Breached
OPS-001313,ORD-001313,1.5,2.8,2.1,332,6.89,5.0,2.3,Met
OPS-005713,ORD-005713,0.6,1.3,2.0,1531,4.59,5.0,2.1,Met
OPS-010746,ORD-010746,1.0,7.9,4.0,1563,6.6,5.0,4.4,Met
OPS-004240,ORD-004240,2.3,2.3,6.1,862,7.18,5.0,6.3,Breached
OPS-002714,ORD-002714,2.0,5.8,5.7,1427,8.93,5.0,6.0,Breached
OPS-004199,ORD-004199,1.6,2.3,4.8,1877,12.7,5.0,5.0,Met
OPS-003648,ORD-003648,3.7,6.0,6.5,231,11.15,5.0,6.9,Breached
OPS-010937,ORD-010937,1.1,7.5,2.9,459,4.97,5.0,3.3,Met
OPS-002059,ORD-002059,0.8,6.2,5.8,1958,13.38,5.0,6.1,Breached
OPS-001664,ORD-001664,3.8,5.1,3.6,488,12.6,5.0,4.0,Met
OPS-005972,ORD-005972,1.9,3.6,1.0,1629,13.26,5.0,1.2,Met
OPS-006721,ORD-006721,3.6,1.2,6.9,670,5.97,5.0,7.1,Breached
OPS-006407,ORD-006407,1.9,3.3,3.4,1170,6.86,5.0,3.6,Met
OPS-011537,ORD-011537,2.4,6.2,6.8,156,7.17,5.0,7.2,Breached
OPS-002103,ORD-002103,2.7,7.6,1.3,103,13.4,5.0,1.7,Met
OPS-009359,ORD-009359,3.9,4.9,2.7,1173,11.66,5.0,3.1,Met
OPS-010858,ORD-010858,1.4,5.8,4.9,1856,7.46,5.0,5.2,Breached
OPS-001785,ORD-001785,3.2,7.3,3.1,938,7.96,5.0,3.5,Met
OPS-004029,ORD-004029,1.3,1.3,6.8,119,5.64,5.0,6.9,Breached
OPS-005498,ORD-005498,1.7,2.5,2.2,1861,7.91,5.0,2.4,Met
OPS-002405,ORD-002405,2.0,4.5,2.9,355,11.39,5.0,3.2,Met
OPS-010381,ORD-010381,3.0,6.3,5.4,637,13.65,5.0,5.8,Breached
OPS-011588,ORD-011588,0.6,7.0,2.1,745,11.13,5.0,2.4,Met
OPS-004894,ORD-004894,3.9,1.2,4.3,458,11.6,5.0,4.5,Met
OPS-001982,ORD-001982,0.7,5.7,5.5,812,7.04,5.0,5.8,Breached
OPS-007640,ORD-007640,2.6,3.8,3.5,1958,9.36,5.0,3.8,Met
OPS-004221,ORD-004221,2.7,4.4,6.6,111,5.05,5.0,6.9,Breached
OPS-001867,ORD-001867,1.2,1.4,5.3,1485,11.9,5.0,5.4,Breached
OPS-011578,ORD-011578,1.8,7.1,3.3,914,9.72,5.0,3.7,Met
OPS-004364,ORD-004364,2.6,6.9,2.2,898,11.67,5.0,2.6,Met
OPS-010365,ORD-010365,1.9,5.0,4.9,1938,5.2,5.0,5.2,Breached
OPS-003390,ORD-003390,2.5,4.0,5.4,1132,9.26,5.0,5.7,Breached
OPS-001806,ORD-001806,2.8,5.9,1.7,1836,12.33,5.0,2.1,Met
OPS-002993,ORD-002993,1.7,1.8,5.2,547,6.28,5.0,5.3,Breached
OPS-004624,ORD-004624,2.3,4.5,2.0,1114,13.95,5.0,2.3,Met
OPS-000666,ORD-000666,0.7,5.0,6.4,643,4.68,5.0,6.6,Breached
OPS-000283,ORD-000283,3.9,8.0,2.8,1916,7.98,5.0,3.3,Met
OPS-001415,ORD-001415,0.7,3.6,5.1,1775,8.24,5.0,5.3,Breached
OPS-004473,ORD-004473,1.8,1.6,6.2,1642,10.8,5.0,6.3,Breached
OPS-006509,ORD-006509,2.0,7.9,4.2,1691,7.86,5.0,4.6,Met
OPS-005710,ORD-005710,0.6,6.7,1.7,976,9.04,5.0,2.0,Met
OPS-012160,ORD-012160,0.5,6.0,1.6,280,13.8,5.0,1.9,Met
OPS-002343,ORD-002343,3.7,2.7,6.2,853,11.53,5.0,6.5,Breached
OPS-008384,ORD-008384,2.6,4.0,6.9,1600,5.55,5.0,7.2,Breached
OPS-004079,ORD-004079,1.4,1.4,1.2,1292,9.48,5.0,1.3,Met
OPS-000288,ORD-000288,2.8,7.5,4.8,492,13.6,5.0,5.2,Breached
OPS-009924,ORD-009924,0.8,5.6,3.5,1858,8.83,5.0,3.8,Met
OPS-000773,ORD-000773,1.1,2.9,2.0,1494,8.48,5.0,2.2,Met
OPS-005101,ORD-005101,1.1,1.7,2.2,1776,10.26,5.0,2.3,Met
OPS-008007,ORD-008007,2.3,7.2,5.7,1797,11.95,5.0,6.1,Breached
OPS-002733,ORD-002733,2.1,4.7,4.5,1574,5.11,5.0,4.8,Met
OPS-002383,ORD-002383,2.7,7.0,5.6,1849,7.01,5.0,6.0,Breached
OPS-004422,ORD-004422,4.0,4.2,6.7,731,13.38,5.0,7.0,Breached
OPS-010366,ORD-010366,2.7,5.8,5.7,1262,8.67,5.0,6.1,Breached
OPS-001376,ORD-001376,1.7,4.2,1.5,1569,6.88,5.0,1.7,Met
OPS-012085,ORD-012085,3.1,3.4,1.9,1934,12.91,5.0,2.2,Met
OPS-004140,ORD-004140,1.8,4.5,6.6,1818,11.29,5.0,6.9,Breached
OPS-007724,ORD-007724,0.5,6.4,6.1,1051,6.78,5.0,6.4,Breached
OPS-000208,ORD-000208,2.6,3.0,6.2,565,10.27,5.0,6.4,Breached
OPS-010062,ORD-010062,2.1,1.6,6.7,1528,12.63,5.0,6.9,Breached
OPS-009617,ORD-009617,1.7,6.8,1.7,1013,10.2,5.0,2.1,Met
OPS-005639,ORD-005639,1.2,2.2,1.5,808,6.86,5.0,1.6,Met
OPS-002978,ORD-002978,1.6,5.1,3.9,1698,5.13,5.0,4.2,Met
OPS-009345,ORD-009345,1.0,1.8,4.7,1322,4.06,5.0,4.8,Met
OPS-001118,ORD-001118,3.7,2.0,3.4,1818,12.92,5.0,3.6,Met
OPS-005357,ORD-005357,3.1,3.0,4.1,255,13.8,5.0,4.4,Met
OPS-004920,ORD-004920,3.8,5.1,5.3,899,5.86,5.0,5.7,Breached
OPS-000247,ORD-000247,3.4,7.3,1.5,908,7.48,5.0,1.9,Met
OPS-007816,ORD-007816,2.4,5.9,5.1,1880,12.03,5.0,5.4,Breached
OPS-007362,ORD-007362,3.3,2.7,3.6,1053,10.97,5.0,3.9,Met
OPS-005169,ORD-005169,2.3,2.6,5.5,352,5.6,5.0,5.7,Breached
OPS-008846,ORD-008846,1.1,4.5,6.3,428,6.15,5.0,6.5,Breached
OPS-012002,ORD-012002,3.9,1.8,4.5,992,8.26,5.0,4.7,Met
OPS-002528,ORD-002528,2.9,1.3,6.5,1143,8.86,5.0,6.7,Breached
OPS-001091,ORD-001091,2.8,7.9,4.5,1334,10.47,5.0,4.9,Met
OPS-000377,ORD-000377,3.5,7.4,1.6,158,13.56,5.0,2.1,Met
OPS-007488,ORD-007488,3.8,6.5,1.0,923,7.94,5.0,1.4,Met
OPS-002431,ORD-002431,3.6,1.0,6.0,735,5.22,5.0,6.2,Breached
OPS-006494,ORD-006494,3.7,5.6,4.4,1145,13.1,5.0,4.8,Met
OPS-008823,ORD-008823,2.0,4.2,5.7,352,12.81,5.0,6.0,Breached
OPS-007759,ORD-007759,2.2,4.8,4.2,240,4.75,5.0,4.5,Met
OPS-007963,ORD-007963,3.4,2.3,3.6,1232,12.41,5.0,3.8,Met
OPS-001439,ORD-001439,2.8,5.4,5.0,252,4.33,5.0,5.3,Breached
OPS-008334,ORD-008334,2.0,3.9,5.8,362,7.85,5.0,6.0,Breached
OPS-005836,ORD-005836,1.5,4.5,4.7,446,10.81,5.0,5.0,Met
OPS-011494,ORD-011494,4.0,1.2,6.0,1801,10.74,5.0,6.2,Breached
OPS-008627,ORD-008627,2.9,2.1,6.6,1862,12.99,5.0,6.8,Breached
OPS-007231,ORD-007231,2.4,6.5,6.6,1779,13.19,5.0,7.0,Breached
OPS-003146,ORD-003146,1.6,3.2,4.0,980,10.08,5.0,4.2,Met
OPS-004693,ORD-004693,1.8,1.1,1.3,542,6.08,5.0,1.4,Met
OPS-003432,ORD-003432,2.9,3.1,2.4,1752,6.01,5.0,2.6,Met
OPS-011763,ORD-011763,1.7,7.0,3.8,1112,11.57,5.0,4.2,Met
OPS-012449,ORD-012449,1.2,3.1,4.5,317,11.61,5.0,4.7,Met
OPS-005724,ORD-005724,3.6,4.5,1.7,635,11.14,5.0,2.0,Met
OPS-005264,ORD-005264,0.5,2.9,2.8,783,10.37,5.0,2.9,Met
OPS-010621,ORD-010621,2.2,1.4,5.0,224,12.94,5.0,5.2,Breached
OPS-002224,ORD-002224,2.2,7.4,5.7,590,6.13,5.0,6.1,Breached
OPS-008572,ORD-008572,1.9,3.6,3.1,1978,12.3,5.0,3.3,Met
OPS-011234,ORD-011234,0.8,3.7,2.1,271,7.95,5.0,2.3,Met
OPS-009179,ORD-009179,0.6,2.1,5.9,649,9.62,5.0,6.0,Breached
OPS-009626,ORD-009626,2.7,5.8,3.1,152,4.41,5.0,3.5,Met
OPS-011386,ORD-011386,3.5,6.5,1.4,1894,12.64,5.0,1.8,Met
OPS-009720,ORD-009720,3.1,7.0,3.7,1989,6.79,5.0,4.1,Met
OPS-012430,ORD-012430,2.5,6.7,3.5,287,13.54,5.0,3.9,Met
OPS-010815,ORD-010815,3.0,3.0,3.6,516,4.94,5.0,3.9,Met
OPS-003595,ORD-003595,2.8,6.8,3.6,111,5.18,5.0,4.0,Met
OPS-002897,ORD-002897,1.4,3.6,5.9,497,4.75,5.0,6.1,Breached
OPS-008271,ORD-008271,1.6,2.7,1.1,1778,4.79,5.0,1.3,Met
OPS-007010,ORD-007010,3.4,6.3,1.7,903,7.32,5.0,2.1,Met
OPS-011717,ORD-011717,1.2,3.5,1.8,1037,10.67,5.0,2.0,Met
OPS-007121,ORD-007121,2.4,7.4,4.4,1714,11.65,5.0,4.8,Met
OPS-001619,ORD-001619,2.3,7.2,5.8,295,11.28,5.0,6.2,Breached
OPS-004169,ORD-004169,3.0,2.1,2.6,1346,6.78,5.0,2.8,Met
OPS-009113,ORD-009113,2.3,4.5,1.3,1534,9.91,5.0,1.6,Met
OPS-004455,ORD-004455,1.5,7.9,2.8,1601,6.69,5.0,3.2,Met
OPS-012194,ORD-012194,2.3,5.9,3.6,113,9.96,5.0,3.9,Met
OPS-009096,ORD-009096,2.8,3.6,2.5,1992,8.02,5.0,2.8,Met
OPS-012306,ORD-012306,0.7,4.2,5.2,1769,6.67,5.0,5.4,Breached
OPS-002125,ORD-002125,2.1,4.2,3.7,340,11.24,5.0,4.0,Met
OPS-000442,ORD-000442,1.2,4.2,4.1,878,5.17,5.0,4.3,Met
OPS-011335,ORD-011335,3.8,3.7,4.2,1242,5.04,5.0,4.5,Met
OPS-002052,ORD-002052,3.5,5.2,4.4,1738,5.15,5.0,4.8,Met
OPS-009693,ORD-009693,2.1,3.6,3.5,777,8.56,5.0,3.7,Met
OPS-012485,ORD-012485,0.6,4.2,1.5,1794,11.89,5.0,1.7,Met
OPS-001062,ORD-001062,1.1,1.3,6.6,569,6.46,5.0,6.7,Breached
OPS-002868,ORD-002868,1.1,1.8,1.9,683,9.66,5.0,2.0,Met
OPS-003339,ORD-003339,0.5,1.7,2.2,731,9.36,5.0,2.3,Met
OPS-011751,ORD-011751,1.8,5.7,3.3,304,9.67,5.0,3.6,Met
OPS-010532,ORD-010532,3.3,5.1,3.9,1037,12.22,5.0,4.2,Met
OPS-002590,ORD-002590,2.2,5.0,3.7,1874,9.67,5.0,4.0,Met
OPS-007440,ORD-007440,3.0,6.3,4.0,286,5.45,5.0,4.4,Met
OPS-003646,ORD-003646,3.5,1.3,4.4,1981,8.72,5.0,4.6,Met
OPS-009413,ORD-009413,3.3,5.2,1.5,934,11.3,5.0,1.9,Met
OPS-011124,ORD-011124,1.2,7.2,3.9,773,6.84,5.0,4.2,Met
OPS-007553,ORD-007553,3.6,4.9,7.0,909,5.05,5.0,7.4,Breached
OPS-003850,ORD-003850,2.8,6.1,5.3,1615,9.03,5.0,5.7,Breached
OPS-012180,ORD-012180,3.6,5.0,3.5,1011,13.29,5.0,3.9,Met
OPS-011206,ORD-011206,2.9,6.7,2.1,1345,9.39,5.0,2.5,Met
OPS-001719,ORD-001719,1.8,2.8,3.8,326,6.98,5.0,4.0,Met
OPS-002131,ORD-002131,3.0,6.1,4.3,1486,5.0,5.0,4.7,Met
OPS-000923,ORD-000923,1.1,3.5,1.9,1331,11.84,5.0,2.1,Met
OPS-000712,ORD-000712,2.3,2.0,5.7,1469,12.49,5.0,5.9,Breached
OPS-002762,ORD-002762,3.7,3.2,1.4,108,6.88,5.0,1.7,Met
OPS-007499,ORD-007499,1.9,4.1,6.4,1669,13.39,5.0,6.7,Breached
OPS-000584,ORD-000584,0.8,2.3,6.2,970,8.29,5.0,6.3,Breached
OPS-007110,ORD-007110,4.0,1.5,2.9,1498,7.72,5.0,3.1,Met
OPS-007036,ORD-007036,1.7,2.8,5.0,884,8.42,5.0,5.2,Breached
OPS-008783,ORD-008783,1.8,3.4,3.1,995,4.52,5.0,3.3,Met
OPS-007069,ORD-007069,3.0,1.9,3.3,680,13.56,5.0,3.5,Met
OPS-004551,ORD-004551,1.6,2.7,4.7,1255,4.11,5.0,4.9,Met
OPS-011597,ORD-011597,3.4,4.4,5.2,1527,12.92,5.0,5.5,Breached
OPS-005165,ORD-005165,2.0,2.4,1.6,1413,13.07,5.0,1.8,Met
OPS-009578,ORD-009578,3.0,4.6,4.9,443,5.71,5.0,5.2,Breached
OPS-006113,ORD-006113,3.5,4.9,5.7,1194,5.18,5.0,6.0,Breached
OPS-010761,ORD-010761,3.2,3.2,6.2,469,12.77,5.0,6.5,Breached
OPS-010323,ORD-010323,2.1,6.9,6.2,254,7.47,5.0,6.6,Breached
OPS-007547,ORD-007547,3.0,4.0,4.0,1220,5.49,5.0,4.3,Met
OPS-005591,ORD-005591,3.2,3.5,2.3,507,5.77,5.0,2.6,Met
OPS-007057,ORD-007057,1.7,2.0,3.1,1463,10.17,5.0,3.3,Met
OPS-005673,ORD-005673,1.5,2.6,1.4,1675,11.16,5.0,1.6,Met
OPS-008581,ORD-008581,2.2,4.9,6.3,1145,7.14,5.0,6.6,Breached
OPS-007188,ORD-007188,2.8,5.6,2.5,1126,12.02,5.0,2.9,Met
OPS-007798,ORD-007798,2.5,2.3,2.3,878,12.03,5.0,2.5,Met
OPS-007379,ORD-007379,1.4,4.2,4.8,1141,12.15,5.0,5.0,Met
OPS-007740,ORD-007740,1.3,7.6,6.1,1280,6.54,5.0,6.5,Breached
OPS-010865,ORD-010865,1.2,3.2,4.4,1591,7.81,5.0,4.6,Met
OPS-008442,ORD-008442,1.0,2.6,2.8,1289,12.72,5.0,2.9,Met
OPS-000585,ORD-000585,2.4,1.5,2.1,1760,13.71,5.0,2.3,Met
OPS-004762,ORD-004762,2.3,7.0,5.4,1560,8.9,5.0,5.8,Breached
OPS-004194,ORD-004194,2.2,1.8,3.4,472,6.14,5.0,3.6,Met
OPS-003570,ORD-003570,1.9,3.1,3.0,1329,12.68,5.0,3.2,Met
OPS-011584,ORD-011584,0.8,3.2,6.1,629,10.99,5.0,6.3,Breached
OPS-001807,ORD-001807,0.8,6.1,6.7,373,5.5,5.0,7.0,Breached
OPS-004001,ORD-004001,3.2,6.7,5.3,508,8.02,5.0,5.7,Breached
OPS-001853,ORD-001853,0.6,7.3,1.2,1969,8.74,5.0,1.5,Met
OPS-004149,ORD-004149,2.6,3.0,6.0,1999,7.45,5.0,6.2,Breached
OPS-008820,ORD-008820,3.3,3.5,5.4,1409,13.9,5.0,5.7,Breached
OPS-007695,ORD-007695,3.0,5.1,4.4,1644,7.2,5.0,4.7,Met
OPS-001008,ORD-001008,4.0,1.3,6.3,1394,9.48,5.0,6.5,Breached
OPS-006484,ORD-006484,3.9,1.6,4.6,1076,13.17,5.0,4.8,Met
OPS-011116,ORD-011116,2.7,4.1,2.3,1038,13.06,5.0,2.6,Met
OPS-008342,ORD-008342,1.6,5.6,4.6,509,4.47,5.0,4.9,Met
OPS-002980,ORD-002980,3.9,3.5,6.3,1493,5.36,5.0,6.6,Breached
OPS-007953,ORD-007953,0.6,2.3,4.2,220,8.52,5.0,4.3,Met
OPS-007730,ORD-007730,2.4,3.4,4.6,259,9.26,5.0,4.8,Met
OPS-001593,ORD-001593,1.8,6.9,3.8,1087,7.34,5.0,4.2,Met
OPS-002863,ORD-002863,3.6,5.6,6.8,866,10.31,5.0,7.2,Breached
OPS-012117,ORD-012117,1.5,7.0,6.0,643,4.85,5.0,6.4,Breached
OPS-004598,ORD-004598,1.8,4.3,6.6,1205,13.83,5.0,6.9,Breached
OPS-001779,ORD-001779,2.3,3.7,1.5,1569,6.86,5.0,1.8,Met
OPS-000028,ORD-000028,3.7,5.4,4.6,847,10.11,5.0,5.0,Met
OPS-002129,ORD-002129,1.3,2.6,1.7,1749,12.44,5.0,1.9,Met
OPS-006609,ORD-006609,0.7,4.7,2.8,1022,4.99,5.0,3.0,Met
OPS-004010,ORD-004010,1.4,3.4,3.4,1357,4.29,5.0,3.6,Met
OPS-003656,ORD-003656,1.0,7.3,1.2,774,6.08,5.0,1.5,Met
OPS-005055,ORD-005055,0.9,4.0,1.1,205,12.24,5.0,1.3,Met
OPS-006149,ORD-006149,2.1,5.0,5.2,859,9.14,5.0,5.5,Breached
OPS-007522,ORD-007522,0.7,4.9,6.8,845,10.86,5.0,7.0,Breached
OPS-010008,ORD-010008,2.5,6.0,3.9,1276,9.98,5.0,4.3,Met
OPS-000280,ORD-000280,3.6,7.0,2.1,1292,8.48,5.0,2.5,Met
OPS-004387,ORD-004387,1.7,5.8,6.8,1124,6.59,5.0,7.1,Breached
OPS-005651,ORD-005651,0.7,4.1,3.7,1568,12.45,5.0,3.9,Met
OPS-011826,ORD-011826,0.6,7.1,5.8,1475,5.55,5.0,6.1,Breached
OPS-001842,ORD-001842,3.1,5.3,4.5,1965,11.71,5.0,4.8,Met
OPS-008042,ORD-008042,1.3,6.7,4.9,352,4.55,5.0,5.2,Breached
OPS-001893,ORD-001893,3.2,3.1,1.3,1765,10.39,5.0,1.6,Met
OPS-007862,ORD-007862,4.0,4.9,5.4,163,12.75,5.0,5.8,Breached
OPS-006002,ORD-006002,0.8,3.0,6.9,922,11.07,5.0,7.1,Breached
OPS-005408,ORD-005408,1.6,2.0,6.5,1302,13.91,5.0,6.7,Breached
OPS-006282,ORD-006282,0.6,7.7,5.2,1864,10.71,5.0,5.5,Breached
OPS-002606,ORD-002606,2.9,3.9,5.1,1832,13.1,5.0,5.4,Breached
OPS-005846,ORD-005846,1.6,4.6,3.9,761,6.86,5.0,4.2,Met
OPS-010611,ORD-010611,2.3,7.8,4.7,1160,12.28,5.0,5.1,Breached
OPS-005119,ORD-005119,0.9,3.9,2.4,1709,13.46,5.0,2.6,Met
OPS-009132,ORD-009132,1.1,3.9,3.7,647,6.14,5.0,3.9,Met
OPS-004716,ORD-004716,0.8,3.0,4.1,1832,9.56,5.0,4.3,Met
OPS-002999,ORD-002999,1.9,3.8,5.1,1230,12.5,5.0,5.3,Breached
OPS-011085,ORD-011085,3.8,5.1,1.6,1692,6.5,5.0,2.0,Met
OPS-002699,ORD-002699,3.4,1.2,5.4,126,5.03,5.0,5.6,Breached
OPS-011029,ORD-011029,1.0,6.1,3.0,1941,10.93,5.0,3.3,Met
OPS-000527,ORD-000527,1.2,7.7,5.0,202,11.26,5.0,5.4,Breached
OPS-012319,ORD-012319,2.7,2.9,3.3,616,10.98,5.0,3.5,Met
OPS-007555,ORD-007555,2.2,2.7,1.6,510,7.43,5.0,1.8,Met
OPS-007154,ORD-007154,0.6,5.3,2.7,1547,10.9,5.0,2.9,Met
OPS-001390,ORD-001390,3.2,7.2,3.8,435,12.61,5.0,4.2,Met
OPS-011061,ORD-011061,3.0,4.7,1.4,302,13.03,5.0,1.7,Met
OPS-004720,ORD-004720,1.5,2.8,5.2,1024,12.99,5.0,5.4,Breached
OPS-007257,ORD-007257,2.6,3.9,5.7,990,6.0,5.0,6.0,Breached
OPS-002629,ORD-002629,3.8,6.9,5.4,271,6.86,5.0,5.8,Breached
OPS-003731,ORD-003731,2.9,1.7,1.3,1804,7.04,5.0,1.5,Met
OPS-008482,ORD-008482,2.5,3.5,4.7,598,4.64,5.0,5.0,Met
OPS-010245,ORD-010245,2.8,5.1,3.2,1000,4.8,5.0,3.5,Met
OPS-002913,ORD-002913,2.1,5.2,2.8,943,7.38,5.0,3.1,Met
OPS-008836,ORD-008836,1.3,2.7,3.7,568,5.95,5.0,3.9,Met
OPS-011172,ORD-011172,2.6,4.7,6.8,801,12.26,5.0,7.1,Breached
OPS-005421,ORD-005421,2.7,1.9,5.0,414,8.28,5.0,5.2,Breached
OPS-006747,ORD-006747,1.8,4.8,6.1,448,12.04,5.0,6.4,Breached
OPS-007827,ORD-007827,1.5,4.8,2.5,342,5.54,5.0,2.8,Met
OPS-001803,ORD-001803,1.0,2.5,5.5,1391,6.63,5.0,5.6,Breached
OPS-009356,ORD-009356,3.0,3.7,2.9,1486,6.97,5.0,3.2,Met
OPS-005664,ORD-005664,1.5,6.0,5.2,367,12.16,5.0,5.5,Breached
OPS-012024,ORD-012024,3.0,1.4,6.0,1088,4.71,5.0,6.2,Breached
OPS-006914,ORD-006914,2.4,2.8,3.1,832,9.6,5.0,3.3,Met
OPS-000474,ORD-000474,3.8,7.8,2.7,1129,12.61,5.0,3.2,Met
OPS-002639,ORD-002639,3.0,6.9,3.1,225,12.3,5.0,3.5,Met
OPS-008970,ORD-008970,3.0,5.1,4.5,417,11.55,5.0,4.8,Met
OPS-009913,ORD-009913,0.8,2.8,3.4,1162,6.76,5.0,3.5,Met
OPS-001187,ORD-001187,2.1,6.3,2.6,1053,12.6,5.0,3.0,Met
OPS-011933,ORD-011933,0.8,2.9,6.0,1138,10.25,5.0,6.2,Breached
OPS-001177,ORD-001177,3.9,4.4,2.3,727,8.05,5.0,2.6,Met
OPS-003475,ORD-003475,0.8,4.6,3.1,614,6.43,5.0,3.3,Met
OPS-011757,ORD-011757,2.9,3.2,1.9,567,13.88,5.0,2.2,Met
OPS-000690,ORD-000690,1.9,1.0,3.9,212,9.52,5.0,4.0,Met
OPS-005801,ORD-005801,2.4,7.2,4.5,1642,4.09,5.0,4.9,Met
OPS-003144,ORD-003144,3.3,5.8,4.3,782,5.95,5.0,4.7,Met
OPS-000900,ORD-000900,0.9,4.3,3.8,242,6.87,5.0,4.0,Met
OPS-008993,ORD-008993,4.0,3.8,3.2,880,4.14,5.0,3.5,Met
OPS-012157,ORD-012157,1.9,6.2,1.9,315,10.38,5.0,2.2,Met
OPS-008547,ORD-008547,1.5,3.6,3.6,330,4.53,5.0,3.8,Met
OPS-007134,ORD-007134,3.9,2.3,1.5,707,8.04,5.0,1.8,Met
OPS-011533,ORD-011533,2.4,7.0,1.5,1832,11.45,5.0,1.9,Met
OPS-002934,ORD-002934,1.1,5.2,4.9,1090,12.31,5.0,5.2,Breached
OPS-000211,ORD-000211,2.8,7.0,2.4,1979,9.39,5.0,2.8,Met
OPS-008031,ORD-008031,1.8,3.8,6.9,1097,12.63,5.0,7.1,Breached
OPS-000783,ORD-000783,2.8,6.8,3.7,174,5.11,5.0,4.1,Met
OPS-002477,ORD-002477,2.8,5.2,2.8,1781,7.93,5.0,3.1,Met
OPS-002003,ORD-002003,3.7,1.7,6.5,1461,5.25,5.0,6.7,Breached
OPS-011590,ORD-011590,1.6,2.4,4.6,1088,6.88,5.0,4.8,Met
OPS-005148,ORD-005148,1.9,1.7,1.8,1119,13.58,5.0,1.9,Met
OPS-006422,ORD-006422,3.6,6.3,6.3,276,9.41,5.0,6.7,Breached
OPS-000481,ORD-000481,1.8,3.8,3.0,734,7.71,5.0,3.2,Met
OPS-001179,ORD-001179,3.0,6.4,3.2,916,4.93,5.0,3.6,Met
OPS-001816,ORD-001816,1.5,2.1,2.1,1000,9.99,5.0,2.2,Met
OPS-010954,ORD-010954,3.5,7.1,3.9,554,4.33,5.0,4.3,Met
OPS-008331,ORD-008331,3.5,2.0,1.2,139,7.57,5.0,1.4,Met
OPS-011296,ORD-011296,1.4,2.2,5.7,416,13.72,5.0,5.9,Breached
OPS-002286,ORD-002286,3.3,3.0,4.7,875,12.17,5.0,5.0,Met
OPS-006916,ORD-006916,2.2,6.8,4.1,1423,7.29,5.0,4.5,Met
OPS-010182,ORD-010182,2.6,3.1,1.5,277,11.62,5.0,1.7,Met
OPS-009045,ORD-009045,3.2,7.8,2.3,744,7.22,5.0,2.8,Met
OPS-010208,ORD-010208,2.4,1.8,1.7,593,11.68,5.0,1.9,Met
OPS-007417,ORD-007417,2.5,1.3,2.2,1977,5.62,5.0,2.4,Met
OPS-002506,ORD-002506,1.1,4.1,5.7,1080,10.04,5.0,5.9,Breached
OPS-001615,ORD-001615,1.6,6.5,2.2,1493,10.3,5.0,2.5,Met
OPS-005466,ORD-005466,0.8,1.0,4.5,1421,13.7,5.0,4.6,Met
OPS-009621,ORD-009621,0.9,5.7,7.0,1897,5.12,5.0,7.3,Breached
OPS-003899,ORD-003899,3.4,2.5,2.7,113,8.83,5.0,2.9,Met
OPS-009589,ORD-009589,3.8,5.4,2.4,1370,7.97,5.0,2.8,Met
OPS-006302,ORD-006302,1.4,4.4,1.2,753,10.78,5.0,1.4,Met
OPS-010899,ORD-010899,0.6,3.1,5.4,548,9.24,5.0,5.6,Breached
OPS-005538,ORD-005538,3.0,4.6,4.5,643,5.11,5.0,4.8,Met
OPS-012211,ORD-012211,1.2,1.9,5.1,1091,4.25,5.0,5.2,Breached
OPS-010484,ORD-010484,1.4,6.4,1.6,1296,9.54,5.0,1.9,Met
OPS-003088,ORD-003088,1.2,7.3,1.8,1647,12.15,5.0,2.2,Met
OPS-011259,ORD-011259,0.9,5.4,4.1,1065,9.33,5.0,4.4,Met
OPS-003869,ORD-003869,3.7,7.4,2.1,1271,13.35,5.0,2.6,Met
OPS-002925,ORD-002925,1.9,3.2,3.3,847,9.82,5.0,3.5,Met
OPS-005990,ORD-005990,1.0,2.5,1.4,475,13.15,5.0,1.5,Met
OPS-007774,ORD-007774,1.2,4.0,4.0,1855,5.83,5.0,4.2,Met
OPS-006241,ORD-006241,2.2,7.9,6.9,1296,12.24,5.0,7.3,Breached
OPS-001482,ORD-001482,2.3,3.8,3.9,248,10.36,5.0,4.2,Met
OPS-010952,ORD-010952,2.8,2.8,3.6,1647,7.91,5.0,3.8,Met
OPS-001311,ORD-001311,2.5,2.2,2.5,1037,11.73,5.0,2.7,Met
OPS-010298,ORD-010298,1.9,6.4,6.8,287,8.98,5.0,7.1,Breached
OPS-012328,ORD-012328,3.5,2.7,6.7,561,11.72,5.0,7.0,Breached
OPS-010561,ORD-010561,2.2,7.2,1.1,1195,9.82,5.0,1.5,Met
OPS-010018,ORD-010018,2.1,6.6,4.6,1772,11.22,5.0,5.0,Met
OPS-010618,ORD-010618,0.9,2.0,1.9,1666,7.84,5.0,2.0,Met
OPS-012423,ORD-012423,1.2,1.6,1.8,111,10.45,5.0,1.9,Met
OPS-005250,ORD-005250,3.6,7.8,5.1,856,8.22,5.0,5.6,Breached
OPS-006437,ORD-006437,1.6,2.3,1.4,345,11.04,5.0,1.6,Met
OPS-011291,ORD-011291,2.0,5.9,1.2,223,8.61,5.0,1.5,Met
OPS-009197,ORD-009197,1.2,5.7,3.3,1252,13.71,5.0,3.6,Met
OPS-002095,ORD-002095,3.6,1.2,3.4,1397,9.45,5.0,3.6,Met
OPS-009777,ORD-009777,3.8,4.8,6.0,134,12.7,5.0,6.4,Breached
OPS-012390,ORD-012390,2.2,2.2,4.5,1986,11.7,5.0,4.7,Met
OPS-010311,ORD-010311,1.1,1.8,4.6,889,13.23,5.0,4.7,Met
OPS-009306,ORD-009306,3.5,3.0,3.1,1335,6.89,5.0,3.4,Met
OPS-007076,ORD-007076,2.3,5.8,3.0,883,13.96,5.0,3.3,Met
OPS-005553,ORD-005553,2.9,2.5,2.2,1915,6.03,5.0,2.4,Met
OPS-010871,ORD-010871,4.0,5.2,5.1,512,6.4,5.0,5.5,Breached
OPS-012280,ORD-012280,2.4,6.5,5.0,712,7.8,5.0,5.4,Breached
OPS-008071,ORD-008071,0.6,5.3,5.3,1095,13.05,5.0,5.5,Breached
OPS-002756,ORD-002756,3.2,1.9,6.1,433,13.72,5.0,6.3,Breached
OPS-005023,ORD-005023,0.7,7.3,1.7,817,10.9,5.0,2.0,Met
OPS-003101,ORD-003101,2.0,3.5,6.8,139,12.44,5.0,7.0,Breached
OPS-007373,ORD-007373,3.0,4.7,1.2,1443,5.44,5.0,1.5,Met
OPS-008753,ORD-008753,1.6,7.7,3.4,625,6.82,5.0,3.8,Met
OPS-000202,ORD-000202,2.6,4.7,6.2,1315,4.33,5.0,6.5,Breached
OPS-004436,ORD-004436,1.9,2.2,3.8,216,7.04,5.0,4.0,Met
OPS-002126,ORD-002126,3.9,5.7,1.5,699,4.89,5.0,1.9,Met
OPS-006849,ORD-006849,0.7,7.5,3.2,961,8.17,5.0,3.5,Met
OPS-003983,ORD-003983,1.5,6.1,3.9,1038,5.5,5.0,4.2,Met
OPS-007603,ORD-007603,0.5,7.9,6.0,136,13.62,5.0,6.3,Breached
OPS-011544,ORD-011544,2.3,2.8,4.2,835,6.77,5.0,4.4,Met
OPS-009354,ORD-009354,2.3,2.3,1.6,1203,9.91,5.0,1.8,Met
OPS-007452,ORD-007452,2.3,5.7,1.9,1873,5.63,5.0,2.2,Met
OPS-002409,ORD-002409,1.4,4.1,4.2,958,7.97,5.0,4.4,Met
OPS-005211,ORD-005211,2.0,1.2,6.1,1059,10.2,5.0,6.2,Breached
OPS-002283,ORD-002283,2.9,3.4,1.1,1425,9.45,5.0,1.4,Met
OPS-004232,ORD-004232,1.7,7.4,4.5,836,13.03,5.0,4.9,Met
OPS-005704,ORD-005704,2.7,3.5,5.8,231,13.9,5.0,6.1,Breached
OPS-006375,ORD-006375,4.0,3.3,6.7,478,5.07,5.0,7.0,Breached
OPS-001753,ORD-001753,2.9,6.4,3.9,1163,13.89,5.0,4.3,Met
OPS-003034,ORD-003034,2.6,7.8,1.0,418,11.06,5.0,1.4,Met
OPS-007975,ORD-007975,2.9,5.6,6.3,1501,8.04,5.0,6.7,Breached
OPS-001030,ORD-001030,1.5,4.7,3.0,1848,9.08,5.0,3.3,Met
OPS-004340,ORD-004340,1.6,6.9,2.6,414,7.76,5.0,3.0,Met
OPS-002515,ORD-002515,2.8,4.5,2.1,936,9.06,5.0,2.4,Met
OPS-012482,ORD-012482,0.9,8.0,3.1,1689,10.33,5.0,3.5,Met
OPS-010242,ORD-010242,2.3,3.5,6.1,441,12.11,5.0,6.3,Breached
OPS-005411,ORD-005411,2.7,5.3,6.3,1015,8.16,5.0,6.6,Breached
OPS-010106,ORD-010106,3.7,2.0,4.2,1412,8.6,5.0,4.4,Met
OPS-009454,ORD-009454,1.0,2.7,4.3,1005,6.98,5.0,4.5,Met
OPS-004266,ORD-004266,2.3,1.2,6.5,1820,9.22,5.0,6.6,Breached
OPS-004834,ORD-004834,2.0,1.7,1.2,1753,5.92,5.0,1.4,Met
OPS-002694,ORD-002694,2.5,1.6,2.4,269,11.34,5.0,2.6,Met
OPS-001447,ORD-001447,1.1,2.7,4.6,191,4.2,5.0,4.8,Met
OPS-002636,ORD-002636,2.2,2.3,6.3,1799,6.23,5.0,6.5,Breached
OPS-000486,ORD-000486,2.1,5.2,2.3,1508,9.46,5.0,2.6,Met
OPS-003408,ORD-003408,4.0,5.1,6.4,1490,4.91,5.0,6.8,Breached
OPS-001951,ORD-001951,1.3,2.1,4.6,615,9.82,5.0,4.7,Met
OPS-011457,ORD-011457,3.2,1.8,4.6,374,12.25,5.0,4.8,Met
OPS-006944,ORD-006944,2.5,6.4,5.0,783,11.38,5.0,5.4,Breached
OPS-009531,ORD-009531,0.6,7.3,6.7,1990,6.75,5.0,7.0,Breached
OPS-006867,ORD-006867,2.9,6.7,1.3,1541,11.41,5.0,1.7,Met
OPS-005086,ORD-005086,1.9,6.9,4.1,1048,12.14,5.0,4.5,Met
OPS-008991,ORD-008991,0.7,5.3,5.7,889,11.15,5.0,6.0,Breached
OPS-005109,ORD-005109,2.2,3.9,6.4,1038,13.71,5.0,6.7,Breached
OPS-007506,ORD-007506,1.1,2.4,2.4,384,13.15,5.0,2.5,Met
OPS-000959,ORD-000959,0.6,5.5,3.8,863,4.23,5.0,4.1,Met
OPS-005495,ORD-005495,2.7,6.6,3.9,374,12.92,5.0,4.3,Met
OPS-000920,ORD-000920,3.4,1.3,6.3,1256,4.37,5.0,6.5,Breached
OPS-010732,ORD-010732,1.1,4.7,3.8,1922,4.86,5.0,4.0,Met
OPS-006263,ORD-006263,3.9,7.1,1.5,151,13.66,5.0,2.0,Met
OPS-004109,ORD-004109,1.6,6.0,1.2,1723,9.62,5.0,1.5,Met
OPS-004620,ORD-004620,3.2,7.2,6.7,956,12.45,5.0,7.1,Breached
OPS-010401,ORD-010401,0.7,2.6,4.7,1833,4.66,5.0,4.8,Met
OPS-008541,ORD-008541,1.8,7.2,6.2,521,6.79,5.0,6.6,Breached
OPS-004227,ORD-004227,2.1,6.7,1.7,745,10.53,5.0,2.1,Met
OPS-004323,ORD-004323,1.2,3.5,5.2,1342,5.47,5.0,5.4,Breached
OPS-007346,ORD-007346,2.2,6.2,2.6,1222,4.97,5.0,3.0,Met
OPS-002900,ORD-002900,1.0,2.1,4.1,1903,12.66,5.0,4.2,Met
OPS-005739,ORD-005739,3.9,2.5,6.0,817,8.82,5.0,6.3,Breached
OPS-011882,ORD-011882,0.8,7.6,1.1,1339,5.69,5.0,1.5,Met
OPS-009620,ORD-009620,3.2,6.9,1.7,393,6.47,5.0,2.1,Met
OPS-011531,ORD-011531,0.8,2.6,4.4,1106,12.0,5.0,4.5,Met
OPS-010867,ORD-010867,1.6,7.7,5.8,1650,10.03,5.0,6.2,Breached
OPS-003726,ORD-003726,1.2,6.6,3.3,1926,5.9,5.0,3.6,Met
OPS-005464,ORD-005464,0.7,2.4,1.3,856,10.38,5.0,1.4,Met
OPS-009338,ORD-009338,2.0,3.2,4.5,274,8.94,5.0,4.7,Met
OPS-006078,ORD-006078,1.7,5.6,4.7,240,8.49,5.0,5.0,Met
OPS-006248,ORD-006248,2.0,4.8,2.4,974,7.33,5.0,2.7,Met
OPS-002230,ORD-002230,2.4,3.9,3.8,193,12.18,5.0,4.1,Met
OPS-007741,ORD-007741,2.0,1.6,3.6,190,13.61,5.0,3.8,Met
OPS-008808,ORD-008808,2.2,2.9,3.5,1415,13.02,5.0,3.7,Met
OPS-009474,ORD-009474,3.5,3.7,4.4,841,6.87,5.0,4.7,Met
OPS-010363,ORD-010363,2.8,3.8,3.0,660,11.83,5.0,3.3,Met
OPS-011798,ORD-011798,1.6,1.3,2.1,1180,8.3,5.0,2.2,Met
OPS-004726,ORD-004726,3.8,4.3,3.2,1627,9.94,5.0,3.5,Met
OPS-004852,ORD-004852,3.5,6.0,6.8,233,10.71,5.0,7.2,Breached
OPS-007746,ORD-007746,2.0,5.3,4.2,258,5.41,5.0,4.5,Met
OPS-005559,ORD-005559,1.9,4.4,4.5,1595,9.26,5.0,4.8,Met
OPS-007831,ORD-007831,2.7,5.1,4.9,1724,6.57,5.0,5.2,Breached
OPS-001146,ORD-001146,1.3,4.7,2.2,615,4.42,5.0,2.5,Met
OPS-007347,ORD-007347,1.0,5.8,2.0,1656,11.87,5.0,2.3,Met
OPS-006460,ORD-006460,3.5,5.9,5.0,219,12.14,5.0,5.4,Breached
OPS-006400,ORD-006400,3.8,7.9,3.2,390,6.66,5.0,3.7,Met
OPS-008706,ORD-008706,1.5,4.1,4.0,1997,11.45,5.0,4.2,Met
OPS-010830,ORD-010830,3.5,2.5,1.6,912,4.39,5.0,1.9,Met
OPS-000839,ORD-000839,2.2,4.7,3.4,1984,8.54,5.0,3.7,Met
OPS-006208,ORD-006208,3.3,4.6,6.5,939,11.17,5.0,6.8,Breached
OPS-010010,ORD-010010,2.4,7.3,3.7,1335,13.14,5.0,4.1,Met
OPS-001107,ORD-001107,3.0,7.7,5.3,479,4.12,5.0,5.7,Breached
OPS-005465,ORD-005465,2.8,2.6,5.6,479,13.46,5.0,5.8,Breached
OPS-009937,ORD-009937,3.0,4.4,3.8,455,5.62,5.0,4.1,Met
OPS-009742,ORD-009742,2.9,7.1,1.9,427,6.14,5.0,2.3,Met
OPS-007296,ORD-007296,1.1,5.0,4.8,113,8.61,5.0,5.1,Breached
OPS-003196,ORD-003196,2.9,4.0,1.7,1765,9.62,5.0,2.0,Met
OPS-008784,ORD-008784,0.8,3.5,6.2,1012,6.82,5.0,6.4,Breached
OPS-007901,ORD-007901,1.4,3.7,4.6,306,11.43,5.0,4.8,Met
OPS-012076,ORD-012076,0.6,3.9,2.0,255,4.24,5.0,2.2,Met
OPS-000988,ORD-000988,2.8,2.7,6.6,222,9.97,5.0,6.8,Breached
OPS-009016,ORD-009016,1.0,7.0,3.1,1988,4.04,5.0,3.4,Met
OPS-006900,ORD-006900,2.7,4.7,6.2,1416,11.36,5.0,6.5,Breached
OPS-006574,ORD-006574,2.3,2.6,5.1,906,12.05,5.0,5.3,Breached
OPS-006762,ORD-006762,3.2,2.1,3.7,1410,4.54,5.0,3.9,Met
OPS-008181,ORD-008181,3.1,3.8,3.6,1269,7.51,5.0,3.9,Met
OPS-007084,ORD-007084,3.2,2.5,4.7,225,11.17,5.0,4.9,Met
OPS-010466,ORD-010466,2.8,3.7,1.2,286,12.72,5.0,1.5,Met
OPS-002800,ORD-002800,3.3,1.8,3.6,1071,5.79,5.0,3.8,Met
OPS-002105,ORD-002105,3.7,5.6,6.2,893,7.25,5.0,6.6,Breached
OPS-003373,ORD-003373,3.4,1.3,4.5,1909,6.24,5.0,4.7,Met
OPS-010048,ORD-010048,2.0,5.6,6.3,1611,4.93,5.0,6.6,Breached
OPS-010296,ORD-010296,2.0,1.1,3.8,898,7.66,5.0,3.9,Met
OPS-000179,ORD-000179,2.2,2.7,6.8,818,8.58,5.0,7.0,Breached
OPS-006299,ORD-006299,0.7,4.1,6.8,833,5.71,5.0,7.0,Breached
OPS-010748,ORD-010748,1.6,6.7,5.5,1307,5.16,5.0,5.8,Breached
OPS-001161,ORD-001161,3.0,7.4,5.7,1387,7.23,5.0,6.1,Breached
OPS-008414,ORD-008414,1.2,6.8,2.7,215,12.98,5.0,3.0,Met
OPS-010446,ORD-010446,3.1,2.8,6.2,332,11.84,5.0,6.4,Breached
OPS-007287,ORD-007287,2.1,7.6,2.4,217,9.54,5.0,2.8,Met
OPS-008639,ORD-008639,1.3,4.3,4.8,199,11.85,5.0,5.0,Met
OPS-000276,ORD-000276,1.6,4.0,4.0,1420,12.3,5.0,4.2,Met
OPS-000262,ORD-000262,1.1,7.2,5.9,1886,11.86,5.0,6.2,Breached
OPS-006146,ORD-006146,3.9,7.0,4.6,134,8.05,5.0,5.1,Breached
OPS-007625,ORD-007625,2.4,4.3,3.4,938,10.24,5.0,3.7,Met
OPS-007863,ORD-007863,2.2,5.2,6.3,868,6.7,5.0,6.6,Breached
OPS-012100,ORD-012100,2.9,6.4,5.9,1924,13.51,5.0,6.3,Breached
OPS-010818,ORD-010818,1.0,2.0,4.6,972,6.32,5.0,4.7,Met
OPS-002332,ORD-002332,0.9,7.1,6.3,1919,11.67,5.0,6.6,Breached
OPS-001176,ORD-001176,4.0,7.0,4.0,1152,8.42,5.0,4.5,Met
OPS-010891,ORD-010891,1.6,4.3,4.0,1026,13.73,5.0,4.2,Met
OPS-012438,ORD-012438,1.4,3.3,6.0,1772,10.48,5.0,6.2,Breached
OPS-001813,ORD-001813,1.9,7.9,4.4,680,11.82,5.0,4.8,Met
OPS-003162,ORD-003162,1.6,7.4,2.8,764,10.56,5.0,3.2,Met
OPS-012241,ORD-012241,1.6,5.7,4.5,1721,10.91,5.0,4.8,Met
OPS-006794,ORD-006794,3.7,7.6,5.8,1482,6.37,5.0,6.3,Breached
OPS-002254,ORD-002254,3.5,4.9,4.0,760,10.35,5.0,4.3,Met
OPS-009472,ORD-009472,2.2,4.9,2.5,1234,6.28,5.0,2.8,Met
OPS-011576,ORD-011576,0.8,4.6,3.1,529,9.85,5.0,3.3,Met
OPS-006224,ORD-006224,1.9,1.3,6.7,1459,10.33,5.0,6.8,Breached
OPS-008728,ORD-008728,2.0,4.6,6.5,1274,5.02,5.0,6.8,Breached
OPS-010734,ORD-010734,1.6,3.5,6.1,1621,5.01,5.0,6.3,Breached
OPS-011416,ORD-011416,0.9,4.5,6.0,692,8.87,5.0,6.2,Breached
OPS-006253,ORD-006253,1.0,1.3,3.9,1814,13.12,5.0,4.0,Met
OPS-012402,ORD-012402,2.3,3.5,4.1,1430,13.61,5.0,4.3,Met
OPS-009806,ORD-009806,3.4,2.1,5.5,1837,7.3,5.0,5.7,Breached
OPS-005999,ORD-005999,1.1,5.3,5.9,430,7.76,5.0,6.2,Breached
OPS-005471,ORD-005471,1.8,5.2,1.6,460,5.94,5.0,1.9,Met
OPS-010201,ORD-010201,3.2,1.1,1.3,1691,10.74,5.0,1.5,Met
OPS-002992,ORD-002992,3.9,2.7,2.9,739,5.66,5.0,3.2,Met
OPS-001707,ORD-001707,2.3,5.8,3.1,1644,6.08,5.0,3.4,Met
OPS-006332,ORD-006332,3.9,4.9,3.4,493,13.83,5.0,3.8,Met
OPS-002731,ORD-002731,0.9,5.3,5.4,1832,10.56,5.0,5.7,Breached
OPS-001277,ORD-001277,3.3,7.0,2.2,1739,12.28,5.0,2.6,Met
OPS-004312,ORD-004312,3.9,3.8,4.1,811,13.49,5.0,4.4,Met
OPS-006402,ORD-006402,2.4,3.5,5.1,1767,11.41,5.0,5.3,Breached
OPS-012363,ORD-012363,2.9,2.7,3.1,826,10.51,5.0,3.3,Met
OPS-005379,ORD-005379,2.8,6.2,2.0,375,8.73,5.0,2.4,Met
OPS-006705,ORD-006705,3.2,5.6,4.2,506,13.63,5.0,4.6,Met
OPS-000778,ORD-000778,1.9,1.5,6.6,1746,4.79,5.0,6.7,Breached
OPS-005874,ORD-005874,1.4,1.9,2.5,1734,7.12,5.0,2.6,Met
OPS-005662,ORD-005662,3.2,7.0,6.9,1345,8.54,5.0,7.3,Breached
OPS-001060,ORD-001060,3.3,4.0,2.6,1472,12.89,5.0,2.9,Met
OPS-010228,ORD-010228,3.4,2.8,1.2,1900,13.61,5.0,1.5,Met
OPS-004935,ORD-004935,0.5,5.7,1.3,1834,5.94,5.0,1.6,Met
OPS-005688,ORD-005688,3.1,5.3,6.6,874,9.81,5.0,6.9,Breached
OPS-010584,ORD-010584,2.7,6.4,5.8,335,10.93,5.0,6.2,Breached
OPS-011160,ORD-011160,3.8,7.0,7.0,763,7.81,5.0,7.5,Breached
OPS-009536,ORD-009536,2.0,3.3,6.0,454,10.33,5.0,6.2,Breached
OPS-012245,ORD-012245,3.8,1.7,3.3,1628,7.82,5.0,3.5,Met
OPS-005598,ORD-005598,3.5,6.8,6.3,779,6.24,5.0,6.7,Breached
OPS-000054,ORD-000054,0.5,5.3,2.1,710,10.75,5.0,2.3,Met
OPS-012256,ORD-012256,0.6,7.5,3.7,1582,8.52,5.0,4.0,Met
OPS-011153,ORD-011153,3.9,3.5,3.2,1563,7.13,5.0,3.5,Met
OPS-010687,ORD-010687,1.9,2.3,4.1,1882,5.53,5.0,4.3,Met
OPS-010520,ORD-010520,4.0,6.4,2.1,283,8.08,5.0,2.5,Met
OPS-000069,ORD-000069,1.2,4.7,1.0,1916,8.5,5.0,1.2,Met
OPS-005754,ORD-005754,2.1,6.2,5.8,1429,6.46,5.0,6.1,Breached
OPS-012035,ORD-012035,0.7,4.5,5.2,1180,6.81,5.0,5.4,Breached
OPS-007500,ORD-007500,1.5,2.6,5.7,213,4.96,5.0,5.9,Breached
OPS-010744,ORD-010744,1.2,3.1,1.3,467,11.9,5.0,1.5,Met
OPS-009291,ORD-009291,1.7,5.2,5.5,237,12.47,5.0,5.8,Breached
OPS-003438,ORD-003438,2.4,7.5,3.8,385,5.26,5.0,4.2,Met
OPS-007722,ORD-007722,2.7,3.5,2.4,199,6.24,5.0,2.7,Met
OPS-003397,ORD-003397,1.9,5.1,2.5,1143,10.72,5.0,2.8,Met
OPS-007206,ORD-007206,3.8,3.7,5.5,367,7.84,5.0,5.8,Breached
OPS-008357,ORD-008357,2.8,6.7,1.7,1630,9.32,5.0,2.1,Met
OPS-011539,ORD-011539,2.8,5.0,5.3,1582,5.52,5.0,5.6,Breached
OPS-000334,ORD-000334,3.1,5.7,2.0,758,13.8,5.0,2.4,Met
OPS-011940,ORD-011940,2.8,3.0,2.8,1388,8.19,5.0,3.0,Met
OPS-001426,ORD-001426,1.3,4.7,3.2,259,4.6,5.0,3.5,Met
OPS-007592,ORD-007592,1.2,6.1,3.8,1224,12.41,5.0,4.1,Met
OPS-009545,ORD-009545,3.5,5.2,6.1,1540,8.21,5.0,6.5,Breached
OPS-000636,ORD-000636,0.9,1.0,5.9,681,7.0,5.0,6.0,Breached
OPS-000853,ORD-000853,0.9,1.3,6.6,1900,11.42,5.0,6.7,Breached
OPS-005528,ORD-005528,2.4,7.5,3.6,1036,12.46,5.0,4.0,Met
OPS-011354,ORD-011354,1.9,6.1,2.6,1970,10.99,5.0,2.9,Met
OPS-009822,ORD-009822,2.4,1.4,2.9,569,8.54,5.0,3.1,Met
OPS-001274,ORD-001274,2.7,6.9,1.4,1913,13.03,5.0,1.8,Met
OPS-002835,ORD-002835,2.9,5.8,1.4,1569,11.82,5.0,1.8,Met
OPS-011041,ORD-011041,0.9,6.3,4.4,1340,7.03,5.0,4.7,Met
OPS-003587,ORD-003587,2.5,1.6,4.2,1599,7.28,5.0,4.4,Met
OPS-011647,ORD-011647,3.2,3.7,3.6,1067,6.99,5.0,3.9,Met
OPS-008765,ORD-008765,2.4,3.0,7.0,1905,13.88,5.0,7.2,Breached
OPS-010604,ORD-010604,2.3,6.1,6.0,291,9.24,5.0,6.3,Breached
OPS-005331,ORD-005331,1.7,5.8,1.1,980,11.53,5.0,1.4,Met
OPS-009092,ORD-009092,2.2,6.0,6.1,701,7.36,5.0,6.4,Breached
OPS-007495,ORD-007495,1.7,4.2,5.7,1768,6.36,5.0,5.9,Breached
OPS-003864,ORD-003864,2.8,7.4,5.5,974,5.09,5.0,5.9,Breached
OPS-007161,ORD-007161,2.4,6.2,1.7,1459,7.73,5.0,2.1,Met
OPS-006464,ORD-006464,3.7,2.3,6.4,300,5.7,5.0,6.7,Breached
OPS-000762,ORD-000762,4.0,5.9,3.2,1485,12.33,5.0,3.6,Met
OPS-010522,ORD-010522,1.4,6.9,3.9,1460,10.84,5.0,4.2,Met
OPS-007539,ORD-007539,3.3,7.2,5.8,1909,12.55,5.0,6.2,Breached
OPS-001297,ORD-001297,3.8,6.6,3.8,585,11.41,5.0,4.2,Met
OPS-009049,ORD-009049,2.6,6.1,1.0,498,11.78,5.0,1.4,Met
OPS-002302,ORD-002302,0.6,3.8,2.4,1756,12.1,5.0,2.6,Met
OPS-009590,ORD-009590,3.4,5.9,5.8,1055,13.15,5.0,6.2,Breached
OPS-005295,ORD-005295,2.9,6.5,6.8,1701,9.53,5.0,7.2,Breached
OPS-004302,ORD-004302,1.5,3.0,2.7,1913,5.18,5.0,2.9,Met
OPS-003242,ORD-003242,2.0,7.0,6.6,1639,13.37,5.0,7.0,Breached
OPS-011966,ORD-011966,2.2,5.2,5.3,1809,9.15,5.0,5.6,Breached
OPS-012337,ORD-012337,2.6,3.4,5.6,772,8.89,5.0,5.8,Breached
OPS-001689,ORD-001689,1.9,6.8,2.4,1787,9.28,5.0,2.8,Met
OPS-000021,ORD-000021,2.8,4.1,6.2,1326,6.0,5.0,6.5,Breached
OPS-011550,ORD-011550,3.6,2.8,2.4,1910,6.17,5.0,2.7,Met
OPS-003493,ORD-003493,1.9,7.6,6.6,1141,13.72,5.0,7.0,Breached
OPS-003343,ORD-003343,3.9,6.6,1.1,302,13.5,5.0,1.5,Met
OPS-004162,ORD-004162,0.6,7.5,4.3,1755,10.5,5.0,4.6,Met
OPS-000960,ORD-000960,2.9,5.6,4.8,1645,7.1,5.0,5.2,Breached
OPS-006266,ORD-006266,1.2,2.5,7.0,1535,5.26,5.0,7.2,Breached
OPS-007005,ORD-007005,2.8,6.2,2.2,559,13.24,5.0,2.6,Met
OPS-011130,ORD-011130,2.6,5.6,2.7,114,6.36,5.0,3.0,Met
OPS-003821,ORD-003821,3.4,6.2,2.6,1891,7.56,5.0,3.0,Met
OPS-008278,ORD-008278,1.7,5.8,6.5,214,5.07,5.0,6.8,Breached
OPS-010769,ORD-010769,3.8,2.4,5.1,1094,10.63,5.0,5.4,Breached
OPS-008617,ORD-008617,2.8,2.5,5.5,160,5.74,5.0,5.7,Breached
OPS-005973,ORD-005973,3.4,5.1,1.3,1002,8.41,5.0,1.7,Met
OPS-009705,ORD-009705,2.2,5.6,3.6,864,7.69,5.0,3.9,Met
OPS-008347,ORD-008347,3.2,7.2,5.4,1753,13.37,5.0,5.8,Breached
OPS-009025,ORD-009025,3.2,2.2,5.9,1657,10.78,5.0,6.1,Breached
OPS-010546,ORD-010546,1.9,5.2,4.6,1070,11.17,5.0,4.9,Met
OPS-006328,ORD-006328,1.4,4.6,6.6,466,10.08,5.0,6.8,Breached
OPS-003504,ORD-003504,3.5,5.2,5.3,1863,11.09,5.0,5.7,Breached
OPS-003566,ORD-003566,2.7,1.9,6.2,429,4.71,5.0,6.4,Breached
OPS-001493,ORD-001493,1.1,3.8,5.2,263,11.26,5.0,5.4,Breached
OPS-010782,ORD-010782,1.9,3.9,4.1,1686,5.51,5.0,4.3,Met
OPS-009279,ORD-009279,2.5,5.8,5.3,1204,4.93,5.0,5.6,Breached
OPS-003413,ORD-003413,3.3,3.5,3.0,164,8.68,5.0,3.3,Met
OPS-007609,ORD-007609,3.8,4.0,5.7,609,10.79,5.0,6.0,Breached
OPS-000632,ORD-000632,2.4,4.6,5.5,839,4.2,5.0,5.8,Breached
OPS-007463,ORD-007463,0.7,5.8,3.7,1578,9.75,5.0,4.0,Met
OPS-011782,ORD-011782,3.8,5.9,4.5,1761,11.5,5.0,4.9,Met
OPS-001798,ORD-001798,2.1,7.3,3.8,1941,9.45,5.0,4.2,Met
OPS-011951,ORD-011951,0.5,5.4,1.1,1420,9.08,5.0,1.3,Met
OPS-008788,ORD-008788,1.8,2.0,6.2,1256,6.89,5.0,6.4,Breached
OPS-012031,ORD-012031,1.2,6.1,6.3,976,7.05,5.0,6.6,Breached
OPS-006991,ORD-006991,2.5,2.3,2.7,485,11.65,5.0,2.9,Met
OPS-006381,ORD-006381,0.9,2.9,6.8,1340,11.48,5.0,7.0,Breached
OPS-001375,ORD-001375,3.8,3.5,4.5,1268,7.7,5.0,4.8,Met
OPS-007129,ORD-007129,1.1,6.8,5.8,287,8.3,5.0,6.1,Breached
OPS-004060,ORD-004060,2.2,1.9,5.2,603,7.04,5.0,5.4,Breached
OPS-004828,ORD-004828,1.1,6.7,3.8,1448,13.83,5.0,4.1,Met
OPS-012332,ORD-012332,2.1,4.0,2.4,1409,12.34,5.0,2.7,Met
OPS-002892,ORD-002892,1.6,5.0,2.3,653,11.52,5.0,2.6,Met
OPS-009218,ORD-009218,1.8,4.9,5.8,1111,7.81,5.0,6.1,Breached
OPS-008150,ORD-008150,3.2,7.1,3.4,1036,6.27,5.0,3.8,Met
OPS-008912,ORD-008912,3.2,5.0,3.5,622,4.55,5.0,3.8,Met
OPS-006707,ORD-006707,3.8,3.3,5.6,1853,9.14,5.0,5.9,Breached
OPS-009597,ORD-009597,3.1,6.0,4.7,258,5.39,5.0,5.1,Breached
OPS-001236,ORD-001236,3.0,2.4,2.7,276,4.81,5.0,2.9,Met
OPS-009153,ORD-009153,2.9,1.2,6.9,398,11.72,5.0,7.1,Breached
OPS-000505,ORD-000505,3.3,3.5,6.5,172,5.16,5.0,6.8,Breached
OPS-001676,ORD-001676,2.7,5.0,2.0,766,12.26,5.0,2.3,Met
OPS-008382,ORD-008382,3.5,4.0,4.9,655,4.76,5.0,5.2,Breached
OPS-009416,ORD-009416,2.2,7.3,6.9,411,10.03,5.0,7.3,Breached
OPS-007903,ORD-007903,3.0,6.5,6.7,1714,12.1,5.0,7.1,Breached
OPS-012481,ORD-012481,3.4,3.7,4.8,1653,10.76,5.0,5.1,Breached
OPS-000080,ORD-000080,3.2,3.8,5.6,1219,4.09,5.0,5.9,Breached
OPS-005085,ORD-005085,2.8,8.0,5.9,1320,12.7,5.0,6.4,Breached
OPS-012391,ORD-012391,3.2,2.9,6.5,1407,9.87,5.0,6.8,Breached
OPS-010482,ORD-010482,3.6,3.5,6.1,1320,7.55,5.0,6.4,Breached
OPS-003471,ORD-003471,3.2,5.7,2.4,1788,6.98,5.0,2.8,Met
OPS-011677,ORD-011677,4.0,1.6,2.6,357,10.31,5.0,2.8,Met
OPS-008930,ORD-008930,3.4,4.3,6.0,101,9.46,5.0,6.3,Breached
OPS-004637,ORD-004637,0.7,5.5,5.9,1219,11.98,5.0,6.2,Breached
OPS-003520,ORD-003520,1.6,3.6,6.9,260,4.15,5.0,7.1,Breached
OPS-011287,ORD-011287,2.0,3.8,2.1,1719,5.05,5.0,2.3,Met
OPS-007931,ORD-007931,1.8,1.9,2.1,1522,13.01,5.0,2.3,Met
OPS-003832,ORD-003832,2.5,5.8,3.4,1873,12.96,5.0,3.7,Met
OPS-011478,ORD-011478,3.2,4.8,5.9,1662,8.56,5.0,6.2,Breached
OPS-005104,ORD-005104,3.2,2.1,1.4,1364,7.29,5.0,1.6,Met
OPS-008261,ORD-008261,0.8,4.0,6.0,1811,12.82,5.0,6.2,Breached
OPS-009826,ORD-009826,2.6,4.8,4.6,1213,9.95,5.0,4.9,Met
OPS-006347,ORD-006347,0.6,5.5,1.6,373,7.72,5.0,1.9,Met
OPS-002505,ORD-002505,3.6,7.1,2.8,1353,5.83,5.0,3.2,Met
OPS-001964,ORD-001964,3.6,6.4,4.5,742,5.96,5.0,4.9,Met
OPS-012366,ORD-012366,1.4,4.0,4.7,1316,11.95,5.0,4.9,Met
OPS-005121,ORD-005121,3.4,4.7,6.4,773,9.58,5.0,6.7,Breached
OPS-004979,ORD-004979,3.8,4.1,3.0,943,5.79,5.0,3.3,Met
OPS-001374,ORD-001374,1.1,1.8,1.1,1060,12.51,5.0,1.2,Met
OPS-004787,ORD-004787,1.2,5.8,2.8,715,11.5,5.0,3.1,Met
OPS-010229,ORD-010229,1.7,5.9,1.3,324,10.75,5.0,1.6,Met
OPS-009712,ORD-009712,0.8,6.7,5.5,1680,4.03,5.0,5.8,Breached
OPS-007318,ORD-007318,1.8,5.4,3.6,1744,13.62,5.0,3.9,Met
OPS-012456,ORD-012456,3.1,4.6,3.3,1446,5.2,5.0,3.6,Met
OPS-011756,ORD-011756,2.2,6.0,2.1,1685,9.45,5.0,2.4,Met
OPS-008495,ORD-008495,1.2,1.9,4.5,1184,6.5,5.0,4.6,Met
OPS-011838,ORD-011838,2.2,3.9,2.0,149,8.61,5.0,2.3,Met
OPS-000686,ORD-000686,2.1,1.5,4.7,232,8.78,5.0,4.9,Met
OPS-005860,ORD-005860,3.0,3.8,4.1,999,10.04,5.0,4.4,Met
OPS-010745,ORD-010745,1.8,3.5,6.4,918,6.2,5.0,6.6,Breached
OPS-001210,ORD-001210,2.1,2.7,6.1,1023,6.0,5.0,6.3,Breached
OPS-005811,ORD-005811,1.2,6.6,3.0,619,13.08,5.0,3.3,Met
OPS-003913,ORD-003913,1.0,6.2,1.2,1177,9.99,5.0,1.5,Met
OPS-000626,ORD-000626,1.8,6.0,1.6,1240,10.86,5.0,1.9,Met
OPS-003497,ORD-003497,2.0,6.2,4.8,1688,9.16,5.0,5.1,Breached
OPS-007119,ORD-007119,3.7,3.3,6.6,856,11.97,5.0,6.9,Breached
OPS-004132,ORD-004132,1.6,1.5,6.9,762,10.76,5.0,7.0,Breached
OPS-006953,ORD-006953,2.5,7.1,1.4,911,8.14,5.0,1.8,Met
OPS-002102,ORD-002102,2.6,5.9,4.7,1311,12.8,5.0,5.1,Breached
OPS-012289,ORD-012289,2.3,1.9,6.3,773,11.48,5.0,6.5,Breached
OPS-011916,ORD-011916,2.5,3.0,4.8,1689,7.93,5.0,5.0,Met
OPS-012119,ORD-012119,0.9,3.1,4.6,1746,12.91,5.0,4.8,Met
OPS-000819,ORD-000819,4.0,4.2,3.8,1859,4.82,5.0,4.1,Met
OPS-003178,ORD-003178,2.3,4.4,3.1,161,9.25,5.0,3.4,Met
OPS-006424,ORD-006424,0.9,5.1,2.2,1716,5.99,5.0,2.5,Met
OPS-005829,ORD-005829,1.6,5.1,3.5,533,4.94,5.0,3.8,Met
OPS-004985,ORD-004985,0.9,5.5,2.9,1179,5.52,5.0,3.2,Met
OPS-000904,ORD-000904,3.1,3.8,5.6,199,12.27,5.0,5.9,Breached
OPS-012078,ORD-012078,0.7,7.7,6.8,1203,8.46,5.0,7.1,Breached
OPS-010710,ORD-010710,2.9,3.7,4.6,424,9.37,5.0,4.9,Met
OPS-001886,ORD-001886,0.5,7.9,3.2,1181,10.85,5.0,3.6,Met
OPS-006808,ORD-006808,3.2,6.6,1.1,1889,4.01,5.0,1.5,Met
OPS-007911,ORD-007911,4.0,2.7,1.4,1178,6.58,5.0,1.7,Met
OPS-008649,ORD-008649,1.9,4.5,6.6,1553,5.9,5.0,6.9,Breached
OPS-011461,ORD-011461,2.2,7.0,3.4,1093,10.2,5.0,3.8,Met
OPS-001170,ORD-001170,3.0,1.1,4.0,390,11.03,5.0,4.2,Met
OPS-006131,ORD-006131,1.0,7.1,1.2,1265,5.2,5.0,1.5,Met
OPS-005980,ORD-005980,2.7,2.6,5.1,482,11.98,5.0,5.3,Breached
OPS-009849,ORD-009849,1.3,2.1,5.9,240,6.97,5.0,6.0,Breached
OPS-005294,ORD-005294,2.0,2.6,2.3,279,4.41,5.0,2.5,Met
OPS-012400,ORD-012400,0.6,6.8,5.8,912,5.56,5.0,6.1,Breached
OPS-006080,ORD-006080,1.8,8.0,4.8,1649,9.4,5.0,5.2,Breached
OPS-001209,ORD-001209,1.6,4.0,7.0,1504,13.06,5.0,7.2,Breached
OPS-004212,ORD-004212,0.9,7.8,2.9,592,9.73,5.0,3.3,Met
OPS-004734,ORD-004734,3.3,2.4,4.8,1128,10.56,5.0,5.0,Met
OPS-006508,ORD-006508,1.7,3.7,2.5,1843,9.33,5.0,2.7,Met
OPS-009175,ORD-009175,1.9,6.3,2.0,205,8.29,5.0,2.3,Met
OPS-007013,ORD-007013,4.0,5.9,2.1,469,5.12,5.0,2.5,Met
OPS-007312,ORD-007312,3.8,3.5,4.7,1389,7.98,5.0,5.0,Met
OPS-010623,ORD-010623,1.2,6.8,3.1,131,13.27,5.0,3.4,Met
OPS-001506,ORD-001506,3.2,7.3,2.7,1223,5.71,5.0,3.1,Met
OPS-010754,ORD-010754,3.2,2.2,4.1,1028,9.5,5.0,4.3,Met
OPS-004610,ORD-004610,1.7,1.7,6.6,563,10.03,5.0,6.7,Breached
OPS-005590,ORD-005590,3.5,2.4,5.8,982,5.01,5.0,6.0,Breached
OPS-011618,ORD-011618,2.5,7.7,3.8,995,13.86,5.0,4.2,Met
OPS-002371,ORD-002371,3.6,5.5,6.9,1617,11.19,5.0,7.3,Breached
OPS-007653,ORD-007653,0.7,2.0,6.0,890,5.53,5.0,6.1,Breached
OPS-004976,ORD-004976,3.6,6.2,3.9,1194,12.66,5.0,4.3,Met
OPS-011829,ORD-011829,1.9,4.2,2.7,867,12.0,5.0,3.0,Met
OPS-001211,ORD-001211,2.3,2.0,4.8,1799,6.77,5.0,5.0,Met
OPS-001543,ORD-001543,3.1,5.4,5.1,307,4.32,5.0,5.5,Breached
OPS-007338,ORD-007338,3.7,6.4,2.1,1585,8.65,5.0,2.5,Met
OPS-009920,ORD-009920,1.0,3.9,3.3,1480,5.05,5.0,3.5,Met
OPS-001077,ORD-001077,2.6,7.1,1.7,1096,5.69,5.0,2.1,Met
OPS-005105,ORD-005105,1.7,7.6,4.8,1714,12.48,5.0,5.2,Breached
OPS-007289,ORD-007289,0.8,2.5,3.1,1527,13.88,5.0,3.2,Met
OPS-011700,ORD-011700,1.1,2.8,4.4,1923,6.98,5.0,4.6,Met
OPS-012028,ORD-012028,4.0,7.4,3.6,1420,9.42,5.0,4.1,Met
OPS-003388,ORD-003388,1.4,1.1,1.2,1665,11.06,5.0,1.3,Met
OPS-011380,ORD-011380,3.9,3.4,4.2,256,7.37,5.0,4.5,Met
OPS-001956,ORD-001956,2.3,6.4,3.0,1775,10.53,5.0,3.4,Met
OPS-001339,ORD-001339,0.9,7.4,7.0,1834,4.63,5.0,7.3,Breached
OPS-010638,ORD-010638,2.3,4.7,1.9,520,13.2,5.0,2.2,Met
OPS-006537,ORD-006537,3.3,6.9,6.2,827,10.9,5.0,6.6,Breached
OPS-005906,ORD-005906,2.9,1.2,6.2,944,5.57,5.0,6.4,Breached
OPS-008646,ORD-008646,2.2,1.6,1.9,121,5.66,5.0,2.1,Met
OPS-007286,ORD-007286,0.7,4.4,2.5,359,11.82,5.0,2.7,Met
OPS-004649,ORD-004649,0.8,3.4,4.7,164,12.63,5.0,4.9,Met
OPS-006807,ORD-006807,0.9,4.1,3.4,646,7.7,5.0,3.6,Met
OPS-001235,ORD-001235,1.5,1.7,2.1,1659,13.51,5.0,2.2,Met
OPS-006584,ORD-006584,0.7,2.5,6.6,1636,13.82,5.0,6.7,Breached
OPS-007572,ORD-007572,3.2,5.5,1.5,1104,7.75,5.0,1.9,Met
OPS-006339,ORD-006339,2.8,7.8,1.9,1215,6.24,5.0,2.3,Met
OPS-000198,ORD-000198,0.9,3.7,3.0,608,13.36,5.0,3.2,Met
OPS-001713,ORD-001713,3.1,5.2,5.3,1253,5.71,5.0,5.6,Breached
OPS-011599,ORD-011599,1.1,5.1,6.9,431,12.48,5.0,7.2,Breached
OPS-009697,ORD-009697,0.7,1.2,2.0,1654,10.66,5.0,2.1,Met
OPS-010822,ORD-010822,1.0,4.6,3.7,1633,13.68,5.0,3.9,Met
OPS-002928,ORD-002928,3.9,3.3,4.9,1079,4.01,5.0,5.2,Breached
OPS-009347,ORD-009347,0.6,7.2,6.0,764,7.42,5.0,6.3,Breached
OPS-008431,ORD-008431,1.4,4.0,6.3,1261,12.67,5.0,6.5,Breached
OPS-002225,ORD-002225,3.2,3.0,2.5,563,5.13,5.0,2.8,Met
OPS-000073,ORD-000073,2.0,2.0,3.7,1169,7.69,5.0,3.9,Met
OPS-001644,ORD-001644,3.3,3.3,1.8,176,7.92,5.0,2.1,Met
OPS-008039,ORD-008039,0.8,2.4,6.0,1964,11.58,5.0,6.1,Breached
OPS-009036,ORD-009036,1.1,4.2,2.1,1259,8.54,5.0,2.3,Met
OPS-003222,ORD-003222,1.4,3.4,2.0,1942,6.9,5.0,2.2,Met
OPS-007101,ORD-007101,1.3,1.6,4.4,708,10.13,5.0,4.5,Met
OPS-001395,ORD-001395,2.4,4.0,5.1,950,13.55,5.0,5.4,Breached
OPS-009328,ORD-009328,1.2,1.7,2.1,920,4.7,5.0,2.2,Met
OPS-004031,ORD-004031,1.8,1.4,2.0,666,12.92,5.0,2.1,Met
OPS-001478,ORD-001478,0.5,7.5,2.8,813,4.75,5.0,3.1,Met
OPS-007427,ORD-007427,2.5,5.6,6.9,1838,9.41,5.0,7.2,Breached
OPS-002150,ORD-002150,2.2,5.2,2.0,528,7.78,5.0,2.3,Met
OPS-005049,ORD-005049,2.8,4.1,2.1,760,9.62,5.0,2.4,Met
OPS-012307,ORD-012307,1.3,3.9,6.4,152,5.56,5.0,6.6,Breached
OPS-003659,ORD-003659,2.5,4.7,2.3,1952,10.65,5.0,2.6,Met
OPS-008032,ORD-008032,1.7,4.4,1.0,1180,12.88,5.0,1.3,Met
OPS-004386,ORD-004386,2.1,6.7,3.7,1951,7.27,5.0,4.1,Met
OPS-010461,ORD-010461,1.0,3.8,2.3,1217,12.78,5.0,2.5,Met
OPS-005746,ORD-005746,1.2,7.7,3.9,1412,11.94,5.0,4.3,Met
OPS-007538,ORD-007538,0.8,1.5,2.4,552,9.11,5.0,2.5,Met
OPS-010919,ORD-010919,1.3,1.2,4.1,1082,10.75,5.0,4.2,Met
OPS-003830,ORD-003830,1.5,5.7,3.5,1247,10.69,5.0,3.8,Met
OPS-000671,ORD-000671,2.1,4.1,4.6,1358,10.71,5.0,4.9,Met
OPS-010959,ORD-010959,1.6,3.2,4.7,1679,9.43,5.0,4.9,Met
OPS-002523,ORD-002523,2.1,4.4,6.6,964,11.05,5.0,6.9,Breached
OPS-000394,ORD-000394,1.2,1.5,4.8,1307,5.15,5.0,4.9,Met
OPS-011437,ORD-011437,2.2,4.3,6.4,933,11.47,5.0,6.7,Breached
OPS-006506,ORD-006506,2.8,5.2,6.7,1570,7.94,5.0,7.0,Breached
OPS-009774,ORD-009774,3.1,6.2,4.1,1150,10.14,5.0,4.5,Met
OPS-002303,ORD-002303,3.0,5.2,1.4,738,8.95,5.0,1.7,Met
OPS-012006,ORD-012006,2.4,4.1,6.7,1994,12.76,5.0,7.0,Breached
OPS-003516,ORD-003516,1.4,5.0,4.6,1617,13.98,5.0,4.9,Met
OPS-002396,ORD-002396,3.0,3.8,4.8,1846,7.98,5.0,5.1,Breached
OPS-007387,ORD-007387,2.8,1.9,3.2,1731,9.16,5.0,3.4,Met
OPS-008429,ORD-008429,3.2,7.1,2.1,228,13.91,5.0,2.5,Met
OPS-005738,ORD-005738,0.9,6.7,6.0,756,12.86,5.0,6.3,Breached
OPS-009888,ORD-009888,0.6,4.2,5.2,841,13.19,5.0,5.4,Breached
OPS-009647,ORD-009647,2.3,5.5,4.6,590,6.55,5.0,4.9,Met
OPS-009223,ORD-009223,1.2,1.3,2.7,240,4.45,5.0,2.8,Met
OPS-009488,ORD-009488,1.1,7.4,3.2,947,11.22,5.0,3.6,Met
OPS-000366,ORD-000366,1.2,1.3,5.7,1838,8.41,5.0,5.8,Breached
OPS-009508,ORD-009508,1.4,4.5,6.9,1080,12.82,5.0,7.1,Breached
OPS-011567,ORD-011567,0.8,7.0,3.9,1226,4.29,5.0,4.2,Met
OPS-000084,ORD-000084,1.9,2.3,6.2,201,4.75,5.0,6.4,Breached
OPS-001656,ORD-001656,2.5,6.4,4.8,1759,8.71,5.0,5.2,Breached
OPS-005563,ORD-005563,1.5,7.7,4.5,1487,5.91,5.0,4.9,Met
OPS-006418,ORD-006418,0.6,1.1,1.8,675,5.55,5.0,1.9,Met
OPS-000157,ORD-000157,2.7,6.4,2.2,908,6.45,5.0,2.6,Met
OPS-008253,ORD-008253,1.1,1.5,7.0,670,8.6,5.0,7.1,Breached
OPS-009252,ORD-009252,3.1,7.9,3.3,1737,10.58,5.0,3.8,Met
OPS-003020,ORD-003020,2.2,5.8,5.0,310,9.47,5.0,5.3,Breached
OPS-001137,ORD-001137,3.5,6.5,5.6,516,9.4,5.0,6.0,Breached
OPS-003306,ORD-003306,0.9,4.1,1.7,948,11.44,5.0,1.9,Met
OPS-002777,ORD-002777,2.5,7.6,5.6,355,9.18,5.0,6.0,Breached
OPS-004280,ORD-004280,0.5,6.4,2.7,1981,12.82,5.0,3.0,Met
OPS-002436,ORD-002436,3.4,2.5,3.9,1465,5.68,5.0,4.1,Met
OPS-009174,ORD-009174,3.9,1.2,2.0,1686,12.21,5.0,2.2,Met
OPS-005228,ORD-005228,0.6,8.0,3.0,161,9.84,5.0,3.4,Met
OPS-006688,ORD-006688,3.3,7.7,6.7,896,11.43,5.0,7.2,Breached
OPS-002046,ORD-002046,2.0,6.3,3.5,1237,4.35,5.0,3.8,Met
OPS-003707,ORD-003707,1.5,2.0,3.1,512,9.33,5.0,3.2,Met
OPS-009581,ORD-009581,3.1,7.0,2.3,1066,12.95,5.0,2.7,Met
OPS-012153,ORD-012153,3.8,4.2,2.9,1792,6.72,5.0,3.2,Met
OPS-007016,ORD-007016,1.3,2.7,2.1,316,11.56,5.0,2.3,Met
OPS-000429,ORD-000429,1.5,1.5,6.9,1412,4.31,5.0,7.0,Breached
OPS-000953,ORD-000953,2.8,2.8,5.8,317,9.14,5.0,6.0,Breached
OPS-004414,ORD-004414,1.3,7.7,2.4,1510,5.03,5.0,2.8,Met
OPS-000272,ORD-000272,0.9,6.5,6.0,1048,6.61,5.0,6.3,Breached
OPS-002340,ORD-002340,0.6,3.2,1.3,1333,12.08,5.0,1.5,Met
OPS-005135,ORD-005135,1.6,6.1,3.7,878,11.36,5.0,4.0,Met
OPS-011556,ORD-011556,0.8,2.8,3.4,1596,13.14,5.0,3.5,Met
OPS-003247,ORD-003247,3.5,7.6,3.9,1661,13.74,5.0,4.4,Met
OPS-003470,ORD-003470,3.7,3.8,4.3,1080,10.32,5.0,4.6,Met
OPS-007408,ORD-007408,1.3,7.3,3.5,362,7.58,5.0,3.9,Met
OPS-006832,ORD-006832,1.1,6.4,2.7,761,4.87,5.0,3.0,Met
OPS-004445,ORD-004445,2.7,1.6,3.0,591,9.15,5.0,3.2,Met
OPS-008942,ORD-008942,2.8,2.9,4.4,511,4.88,5.0,4.6,Met
OPS-011611,ORD-011611,0.9,1.7,1.3,1513,7.45,5.0,1.4,Met
OPS-002186,ORD-002186,2.4,6.0,6.1,1628,10.76,5.0,6.4,Breached
OPS-002705,ORD-002705,2.9,6.9,6.5,1657,12.32,5.0,6.9,Breached
OPS-006782,ORD-006782,2.7,4.3,2.9,581,12.54,5.0,3.2,Met
OPS-011082,ORD-011082,2.8,2.8,7.0,1030,10.93,5.0,7.2,Breached
OPS-007400,ORD-007400,0.8,3.4,5.6,1308,10.38,5.0,5.8,Breached
OPS-006865,ORD-006865,3.0,6.0,1.7,938,9.56,5.0,2.1,Met
OPS-011410,ORD-011410,0.8,7.4,3.7,174,12.73,5.0,4.0,Met
OPS-009640,ORD-009640,3.1,2.8,1.9,445,4.39,5.0,2.1,Met
OPS-001445,ORD-001445,1.4,3.6,4.8,904,13.82,5.0,5.0,Met
OPS-005511,ORD-005511,0.6,5.8,6.8,1299,6.52,5.0,7.1,Breached
OPS-004801,ORD-004801,1.5,3.6,1.6,1394,4.71,5.0,1.8,Met
OPS-000874,ORD-000874,2.6,4.8,4.5,1461,10.38,5.0,4.8,Met
OPS-007527,ORD-007527,2.3,3.2,6.3,1085,12.82,5.0,6.5,Breached
OPS-003354,ORD-003354,2.9,7.9,5.0,1547,8.7,5.0,5.5,Breached
OPS-010445,ORD-010445,3.0,2.7,1.1,474,4.86,5.0,1.3,Met
OPS-005944,ORD-005944,1.9,1.2,1.6,1620,9.87,5.0,1.7,Met
OPS-010504,ORD-010504,1.4,6.7,3.8,792,10.1,5.0,4.1,Met
OPS-012191,ORD-012191,1.5,4.2,2.0,1539,10.26,5.0,2.2,Met
OPS-012122,ORD-012122,2.8,2.1,1.2,1198,5.2,5.0,1.4,Met
OPS-009164,ORD-009164,0.5,6.5,3.5,1778,8.21,5.0,3.8,Met
OPS-002933,ORD-002933,1.2,6.7,5.6,1486,12.97,5.0,5.9,Breached
OPS-005071,ORD-005071,2.8,2.6,5.7,1848,4.78,5.0,5.9,Breached
OPS-000709,ORD-000709,0.8,7.1,6.4,1569,5.25,5.0,6.7,Breached
OPS-012422,ORD-012422,3.9,3.2,3.7,202,6.81,5.0,4.0,Met
OPS-009645,ORD-009645,3.0,5.7,1.3,434,5.93,5.0,1.7,Met
OPS-009642,ORD-009642,2.3,4.8,6.7,1428,6.17,5.0,7.0,Breached
OPS-001081,ORD-001081,3.9,2.5,1.8,1328,9.44,5.0,2.1,Met
OPS-007497,ORD-007497,2.5,3.8,2.0,405,13.05,5.0,2.3,Met
OPS-008354,ORD-008354,2.8,7.0,4.1,1620,4.88,5.0,4.5,Met
OPS-000496,ORD-000496,3.4,3.0,2.6,1803,9.95,5.0,2.9,Met
OPS-010301,ORD-010301,1.2,1.2,6.5,1265,13.49,5.0,6.6,Breached
OPS-004594,ORD-004594,1.5,2.2,3.9,365,10.66,5.0,4.1,Met
OPS-011983,ORD-011983,1.4,4.5,3.3,698,7.98,5.0,3.5,Met
OPS-007919,ORD-007919,2.1,4.3,2.5,420,7.51,5.0,2.8,Met
OPS-009981,ORD-009981,3.7,6.4,5.1,1834,12.55,5.0,5.5,Breached
OPS-011392,ORD-011392,1.3,4.5,3.8,535,13.1,5.0,4.0,Met
OPS-006076,ORD-006076,1.0,6.5,3.6,1866,13.39,5.0,3.9,Met
OPS-007720,ORD-007720,1.9,1.7,2.7,900,12.93,5.0,2.9,Met
OPS-011036,ORD-011036,2.6,3.5,1.7,437,13.81,5.0,2.0,Met
OPS-011007,ORD-011007,1.9,3.9,5.4,1416,4.62,5.0,5.6,Breached
OPS-004924,ORD-004924,1.6,2.3,4.4,1578,4.09,5.0,4.6,Met
OPS-007015,ORD-007015,1.3,8.0,1.1,1191,13.73,5.0,1.5,Met
OPS-004257,ORD-004257,3.3,4.8,2.2,928,11.96,5.0,2.5,Met
OPS-000101,ORD-000101,3.7,4.4,2.7,1617,6.64,5.0,3.0,Met
OPS-010310,ORD-010310,2.4,1.7,6.2,1796,11.76,5.0,6.4,Breached
OPS-004178,ORD-004178,2.3,7.1,5.9,1516,10.83,5.0,6.3,Breached
OPS-012091,ORD-012091,2.5,5.9,4.9,128,5.11,5.0,5.2,Breached
OPS-001472,ORD-001472,3.6,1.9,5.0,1053,5.15,5.0,5.2,Breached
OPS-009544,ORD-009544,3.2,7.9,2.7,1187,9.16,5.0,3.2,Met
OPS-005602,ORD-005602,3.2,4.8,4.6,1812,6.33,5.0,4.9,Met
OPS-003153,ORD-003153,2.8,2.6,6.7,163,12.08,5.0,6.9,Breached
OPS-003442,ORD-003442,1.8,7.9,2.4,1913,8.15,5.0,2.8,Met
OPS-006235,ORD-006235,3.1,7.4,1.0,1531,8.67,5.0,1.4,Met
OPS-009510,ORD-009510,2.4,6.8,3.0,1667,8.16,5.0,3.4,Met
OPS-005562,ORD-005562,2.2,1.5,4.2,1165,4.85,5.0,4.4,Met
OPS-010767,ORD-010767,0.8,6.6,6.8,1253,9.18,5.0,7.1,Breached
OPS-001874,ORD-001874,0.8,7.9,6.0,1758,13.2,5.0,6.4,Breached
OPS-005680,ORD-005680,1.8,2.4,4.4,1757,4.99,5.0,4.6,Met
OPS-006843,ORD-006843,2.9,5.5,3.1,1405,4.56,5.0,3.5,Met
OPS-000331,ORD-000331,3.7,6.9,4.5,936,10.32,5.0,4.9,Met
OPS-010535,ORD-010535,3.5,4.9,4.2,1458,4.75,5.0,4.5,Met
OPS-005309,ORD-005309,1.2,2.9,2.7,589,9.31,5.0,2.9,Met
OPS-000098,ORD-000098,3.1,7.4,2.4,616,6.99,5.0,2.8,Met
OPS-003585,ORD-003585,2.5,3.4,5.7,534,10.48,5.0,5.9,Breached
OPS-009184,ORD-009184,1.9,3.5,3.1,636,13.38,5.0,3.3,Met
OPS-007833,ORD-007833,1.6,4.3,2.1,978,11.23,5.0,2.3,Met
OPS-006926,ORD-006926,3.6,6.4,6.2,1408,10.32,5.0,6.6,Breached
OPS-005753,ORD-005753,3.7,6.3,4.3,1799,8.82,5.0,4.7,Met
OPS-004541,ORD-004541,2.7,3.8,1.9,731,5.16,5.0,2.2,Met
OPS-009076,ORD-009076,1.7,4.7,5.5,329,10.7,5.0,5.8,Breached
OPS-011827,ORD-011827,3.5,5.9,6.0,707,12.04,5.0,6.4,Breached
OPS-008740,ORD-008740,2.0,1.9,1.4,406,9.34,5.0,1.6,Met
OPS-007503,ORD-007503,2.8,2.6,5.4,265,13.68,5.0,5.6,Breached
OPS-007433,ORD-007433,3.0,7.9,1.3,909,11.98,5.0,1.8,Met
OPS-003769,ORD-003769,2.6,5.1,6.8,387,13.25,5.0,7.1,Breached
OPS-004681,ORD-004681,1.4,5.5,1.1,464,10.33,5.0,1.4,Met
OPS-008335,ORD-008335,2.9,4.7,4.6,1684,11.88,5.0,4.9,Met
OPS-009550,ORD-009550,0.7,1.2,1.4,1681,5.29,5.0,1.5,Met
OPS-003298,ORD-003298,3.9,1.5,1.6,1852,9.88,5.0,1.8,Met
OPS-009523,ORD-009523,0.7,2.8,6.4,446,12.84,5.0,6.5,Breached
OPS-009802,ORD-009802,2.1,1.1,2.4,1439,13.45,5.0,2.5,Met
OPS-007104,ORD-007104,0.9,6.3,3.1,493,12.6,5.0,3.4,Met
OPS-008648,ORD-008648,1.8,7.2,5.9,595,12.52,5.0,6.3,Breached
OPS-010631,ORD-010631,1.3,3.8,4.1,846,7.62,5.0,4.3,Met
OPS-006239,ORD-006239,0.6,6.9,5.9,577,11.34,5.0,6.2,Breached
OPS-011512,ORD-011512,0.6,1.7,5.9,601,8.42,5.0,6.0,Breached
OPS-007847,ORD-007847,2.8,1.3,3.6,1713,4.49,5.0,3.8,Met
OPS-005930,ORD-005930,3.2,1.3,4.8,767,5.23,5.0,5.0,Met
OPS-002470,ORD-002470,3.8,7.4,3.5,1318,13.84,5.0,4.0,Met
OPS-011375,ORD-011375,4.0,6.0,2.8,1485,13.97,5.0,3.2,Met
OPS-005186,ORD-005186,2.2,3.7,1.7,1289,11.75,5.0,1.9,Met
OPS-008996,ORD-008996,1.8,5.0,2.7,421,9.33,5.0,3.0,Met
OPS-010340,ORD-010340,2.1,5.1,4.8,322,6.69,5.0,5.1,Breached
OPS-003667,ORD-003667,2.3,5.6,6.3,526,6.98,5.0,6.6,Breached
OPS-002771,ORD-002771,3.8,1.7,3.9,1314,5.01,5.0,4.1,Met
OPS-001916,ORD-001916,3.6,5.1,2.1,1239,6.68,5.0,2.5,Met
OPS-000868,ORD-000868,3.0,3.7,3.9,250,4.38,5.0,4.2,Met
OPS-004398,ORD-004398,2.1,4.9,1.5,1279,5.78,5.0,1.8,Met
OPS-011729,ORD-011729,3.5,5.5,4.2,650,12.52,5.0,4.6,Met
OPS-004876,ORD-004876,2.5,5.1,4.5,1393,8.9,5.0,4.8,Met
OPS-010685,ORD-010685,0.9,4.1,2.2,544,5.12,5.0,2.4,Met
OPS-001414,ORD-001414,2.2,2.0,6.9,511,11.27,5.0,7.1,Breached
OPS-001981,ORD-001981,1.8,2.1,3.5,116,5.86,5.0,3.7,Met
OPS-002802,ORD-002802,3.2,4.5,4.6,932,13.13,5.0,4.9,Met
OPS-010545,ORD-010545,2.8,7.3,2.2,737,11.75,5.0,2.6,Met
OPS-007942,ORD-007942,2.0,2.6,5.7,1912,10.74,5.0,5.9,Breached
OPS-008727,ORD-008727,0.8,4.7,5.7,690,13.21,5.0,5.9,Breached
OPS-004556,ORD-004556,0.8,4.1,2.5,1895,5.37,5.0,2.7,Met
OPS-006182,ORD-006182,3.2,7.9,2.7,1299,13.46,5.0,3.2,Met
OPS-007744,ORD-007744,3.9,6.1,1.9,598,7.64,5.0,2.3,Met
OPS-000203,ORD-000203,0.6,2.6,3.5,1921,12.58,5.0,3.6,Met
OPS-001960,ORD-001960,1.5,4.8,6.3,886,13.67,5.0,6.6,Breached
OPS-001565,ORD-001565,1.2,7.5,2.0,183,8.98,5.0,2.4,Met
OPS-000355,ORD-000355,3.6,6.8,4.9,1188,9.96,5.0,5.3,Breached
OPS-007512,ORD-007512,0.7,5.8,4.4,1051,5.6,5.0,4.7,Met
OPS-007097,ORD-007097,3.2,2.8,1.8,1277,9.83,5.0,2.0,Met
OPS-005087,ORD-005087,0.7,7.0,3.3,1586,12.01,5.0,3.6,Met
OPS-007591,ORD-007591,2.5,3.9,3.7,1324,12.62,5.0,4.0,Met
OPS-006359,ORD-006359,3.3,2.6,6.6,474,10.4,5.0,6.8,Breached
OPS-000716,ORD-000716,0.9,2.2,5.7,1484,6.13,5.0,5.8,Breached
OPS-004168,ORD-004168,3.2,7.1,5.8,677,6.29,5.0,6.2,Breached
OPS-007924,ORD-007924,0.8,1.5,6.2,1265,9.96,5.0,6.3,Breached
OPS-008060,ORD-008060,3.0,6.9,3.4,231,11.41,5.0,3.8,Met
OPS-001512,ORD-001512,2.1,6.9,3.0,1806,9.53,5.0,3.4,Met
OPS-010580,ORD-010580,2.7,5.3,2.8,1945,4.84,5.0,3.1,Met
OPS-007396,ORD-007396,2.0,6.2,2.1,564,4.24,5.0,2.4,Met
OPS-012051,ORD-012051,3.8,5.1,6.9,1356,6.87,5.0,7.3,Breached
OPS-003330,ORD-003330,0.9,7.5,1.3,399,5.04,5.0,1.6,Met
OPS-006645,ORD-006645,0.8,2.3,4.5,1439,8.65,5.0,4.6,Met
OPS-008119,ORD-008119,2.3,4.9,6.5,173,10.83,5.0,6.8,Breached
OPS-011879,ORD-011879,2.0,4.9,6.7,1000,6.05,5.0,7.0,Breached
OPS-007783,ORD-007783,1.7,3.8,5.5,559,11.56,5.0,5.7,Breached
OPS-005561,ORD-005561,3.2,1.7,2.0,1061,11.56,5.0,2.2,Met
OPS-000266,ORD-000266,3.3,4.8,6.8,203,5.11,5.0,7.1,Breached
OPS-005452,ORD-005452,1.9,6.2,6.7,1525,10.16,5.0,7.0,Breached
OPS-001224,ORD-001224,2.2,2.0,5.7,734,9.38,5.0,5.9,Breached
OPS-000300,ORD-000300,1.8,2.5,3.3,943,5.76,5.0,3.5,Met
OPS-010760,ORD-010760,2.0,3.1,2.7,1055,7.93,5.0,2.9,Met
OPS-010098,ORD-010098,1.0,5.0,6.8,1171,5.32,5.0,7.0,Breached
OPS-003502,ORD-003502,0.8,5.7,1.9,1110,12.41,5.0,2.2,Met
OPS-008114,ORD-008114,3.8,5.1,1.1,1534,5.0,5.0,1.5,Met
OPS-007970,ORD-007970,3.5,5.6,1.9,546,5.58,5.0,2.3,Met
OPS-005231,ORD-005231,1.4,4.9,1.1,1298,11.55,5.0,1.4,Met
OPS-008090,ORD-008090,3.5,2.8,6.3,1315,13.42,5.0,6.6,Breached
OPS-002423,ORD-002423,1.0,3.8,3.2,873,6.77,5.0,3.4,Met
OPS-006119,ORD-006119,2.4,7.3,6.6,1480,8.93,5.0,7.0,Breached
OPS-004677,ORD-004677,1.8,7.7,5.1,862,8.92,5.0,5.5,Breached
OPS-000024,ORD-000024,1.1,6.2,1.5,1812,9.59,5.0,1.8,Met
OPS-011385,ORD-011385,1.1,3.0,1.4,1563,11.7,5.0,1.6,Met
OPS-000259,ORD-000259,3.1,4.7,3.3,1410,13.22,5.0,3.6,Met
OPS-011447,ORD-011447,2.6,4.7,4.6,153,9.65,5.0,4.9,Met
OPS-004361,ORD-004361,3.5,7.0,5.8,1540,4.76,5.0,6.2,Breached
OPS-002161,ORD-002161,2.3,1.4,6.1,145,7.44,5.0,6.3,Breached
OPS-000696,ORD-000696,3.9,5.3,5.3,1103,13.58,5.0,5.7,Breached
OPS-006118,ORD-006118,1.1,3.7,3.6,1833,12.84,5.0,3.8,Met
OPS-009655,ORD-009655,1.5,7.2,2.4,164,4.09,5.0,2.8,Met
OPS-007419,ORD-007419,1.5,1.3,5.7,1562,9.71,5.0,5.8,Breached
OPS-011226,ORD-011226,2.9,1.7,2.8,1576,6.72,5.0,3.0,Met
OPS-006111,ORD-006111,3.8,2.6,6.0,1225,12.24,5.0,6.3,Breached
OPS-004078,ORD-004078,1.5,3.1,3.6,218,11.98,5.0,3.8,Met
OPS-002044,ORD-002044,2.4,2.9,5.2,124,6.75,5.0,5.4,Breached
OPS-004940,ORD-004940,2.2,2.4,3.9,1447,5.26,5.0,4.1,Met
OPS-010142,ORD-010142,1.9,7.7,5.3,1216,4.84,5.0,5.7,Breached
OPS-010088,ORD-010088,0.5,2.8,4.8,1761,9.38,5.0,4.9,Met
OPS-008529,ORD-008529,1.7,7.3,5.6,1145,12.94,5.0,6.0,Breached
OPS-002749,ORD-002749,1.6,3.9,5.2,1066,4.6,5.0,5.4,Breached
OPS-002089,ORD-002089,2.1,4.9,2.4,1746,7.57,5.0,2.7,Met
OPS-002226,ORD-002226,1.4,2.0,4.2,1677,4.74,5.0,4.3,Met
OPS-001474,ORD-001474,1.0,3.0,3.1,1932,8.56,5.0,3.3,Met
OPS-011669,ORD-011669,1.6,4.4,5.6,1779,13.43,5.0,5.8,Breached
OPS-008417,ORD-008417,2.7,4.2,4.4,242,12.33,5.0,4.7,Met
OPS-000797,ORD-000797,1.1,1.7,6.2,1141,6.16,5.0,6.3,Breached
OPS-005260,ORD-005260,1.1,7.9,4.4,393,13.19,5.0,4.8,Met
OPS-002479,ORD-002479,3.2,5.2,1.6,1438,7.22,5.0,2.0,Met
OPS-005300,ORD-005300,3.6,2.2,2.5,1175,8.4,5.0,2.7,Met
OPS-004444,ORD-004444,2.3,2.3,1.8,401,8.4,5.0,2.0,Met
OPS-011919,ORD-011919,2.0,5.0,3.7,1277,4.45,5.0,4.0,Met
OPS-004449,ORD-004449,2.8,7.6,1.4,532,12.83,5.0,1.8,Met
OPS-009423,ORD-009423,0.9,5.1,2.7,979,5.53,5.0,3.0,Met
OPS-007536,ORD-007536,3.3,2.7,3.4,519,8.09,5.0,3.6,Met
OPS-002666,ORD-002666,3.5,3.4,3.9,236,7.1,5.0,4.2,Met
OPS-002940,ORD-002940,3.1,2.0,2.7,710,8.03,5.0,2.9,Met
OPS-003204,ORD-003204,2.6,2.3,2.5,1836,8.04,5.0,2.7,Met
OPS-012020,ORD-012020,2.7,3.7,5.3,273,11.66,5.0,5.6,Breached
OPS-005053,ORD-005053,1.9,2.5,4.0,1160,12.82,5.0,4.2,Met
OPS-006881,ORD-006881,2.1,6.6,4.8,1893,7.21,5.0,5.2,Breached
OPS-001730,ORD-001730,0.8,7.3,2.2,1041,13.11,5.0,2.5,Met
OPS-006530,ORD-006530,1.4,4.3,3.2,344,13.07,5.0,3.4,Met
OPS-009603,ORD-009603,3.8,2.3,6.6,286,11.48,5.0,6.9,Breached
OPS-011084,ORD-011084,2.4,5.9,5.7,1002,10.12,5.0,6.0,Breached
OPS-012296,ORD-012296,4.0,1.5,6.1,1876,13.24,5.0,6.3,Breached
OPS-004284,ORD-004284,1.4,6.1,3.2,651,4.13,5.0,3.5,Met
OPS-002246,ORD-002246,3.7,1.7,1.8,978,6.26,5.0,2.0,Met
OPS-004835,ORD-004835,1.3,5.7,1.3,1643,4.77,5.0,1.6,Met
OPS-003303,ORD-003303,3.2,6.1,4.5,1949,11.17,5.0,4.9,Met
OPS-002347,ORD-002347,3.6,4.7,4.7,392,9.51,5.0,5.0,Met
OPS-003436,ORD-003436,2.9,6.8,1.2,833,7.28,5.0,1.6,Met
OPS-005428,ORD-005428,2.4,7.8,4.7,1125,8.38,5.0,5.1,Breached
OPS-005097,ORD-005097,3.0,3.6,4.7,1825,6.66,5.0,5.0,Met
OPS-008192,ORD-008192,1.2,1.5,2.0,314,8.35,5.0,2.1,Met
OPS-001983,ORD-001983,2.3,4.7,6.7,1251,4.82,5.0,7.0,Breached
OPS-004908,ORD-004908,1.1,4.3,5.3,107,5.6,5.0,5.5,Breached
OPS-011239,ORD-011239,0.7,2.6,6.8,1864,13.15,5.0,6.9,Breached
OPS-007802,ORD-007802,0.9,3.3,4.2,688,6.2,5.0,4.4,Met
OPS-004712,ORD-004712,2.0,7.0,5.5,620,5.06,5.0,5.9,Breached
OPS-006250,ORD-006250,3.1,3.8,4.1,556,6.48,5.0,4.4,Met
OPS-012291,ORD-012291,0.6,7.9,3.7,882,11.2,5.0,4.1,Met
OPS-000661,ORD-000661,1.7,1.1,4.4,451,11.16,5.0,4.5,Met
OPS-001123,ORD-001123,1.2,6.8,4.4,863,5.04,5.0,4.7,Met
OPS-009931,ORD-009931,2.4,5.5,1.1,232,6.61,5.0,1.4,Met
OPS-002324,ORD-002324,3.5,1.5,2.0,1509,5.51,5.0,2.2,Met
OPS-004337,ORD-004337,3.4,4.8,4.0,1333,9.54,5.0,4.3,Met
OPS-005180,ORD-005180,3.2,7.7,5.2,817,9.24,5.0,5.7,Breached
OPS-007334,ORD-007334,2.0,3.0,5.0,1177,7.93,5.0,5.2,Breached
OPS-007813,ORD-007813,2.6,7.6,5.3,998,8.7,5.0,5.7,Breached
OPS-007285,ORD-007285,0.8,3.6,1.7,1660,12.36,5.0,1.9,Met
OPS-005992,ORD-005992,3.6,1.8,1.0,1589,13.29,5.0,1.2,Met
OPS-004021,ORD-004021,1.6,4.3,5.3,405,4.87,5.0,5.5,Breached
OPS-001450,ORD-001450,1.1,1.2,6.4,1546,9.35,5.0,6.5,Breached
OPS-008358,ORD-008358,3.5,1.9,6.1,928,13.96,5.0,6.3,Breached
OPS-009542,ORD-009542,2.1,5.6,4.4,1041,13.1,5.0,4.7,Met
OPS-008597,ORD-008597,3.6,5.3,3.3,369,11.56,5.0,3.7,Met
OPS-011470,ORD-011470,2.1,7.6,1.5,474,12.77,5.0,1.9,Met
OPS-009074,ORD-009074,3.9,2.1,2.6,1742,9.1,5.0,2.9,Met
OPS-008148,ORD-008148,2.1,4.6,6.4,1340,12.71,5.0,6.7,Breached
OPS-005807,ORD-005807,1.2,6.5,6.3,1745,7.54,5.0,6.6,Breached
OPS-000125,ORD-000125,2.8,4.4,1.1,1139,5.51,5.0,1.4,Met
OPS-001162,ORD-001162,0.9,2.1,4.2,228,11.48,5.0,4.3,Met
OPS-005970,ORD-005970,2.6,7.9,5.8,1589,6.03,5.0,6.2,Breached
OPS-011277,ORD-011277,1.3,3.5,5.3,535,10.77,5.0,5.5,Breached
OPS-005435,ORD-005435,3.2,4.4,3.7,594,10.55,5.0,4.0,Met
OPS-003416,ORD-003416,1.1,2.5,2.1,817,12.78,5.0,2.2,Met
OPS-005706,ORD-005706,3.2,4.8,3.6,1613,4.0,5.0,3.9,Met
OPS-003151,ORD-003151,1.4,6.1,6.6,418,7.46,5.0,6.9,Breached
OPS-008607,ORD-008607,1.7,6.4,2.2,368,6.88,5.0,2.5,Met
OPS-006030,ORD-006030,3.4,5.1,5.2,1732,7.76,5.0,5.6,Breached
OPS-000695,ORD-000695,1.2,6.9,6.5,1844,9.07,5.0,6.8,Breached
OPS-006920,ORD-006920,3.6,4.5,4.3,1536,7.63,5.0,4.6,Met
OPS-011871,ORD-011871,3.7,5.5,1.2,836,11.64,5.0,1.6,Met
OPS-004206,ORD-004206,1.1,8.0,3.4,1986,6.03,5.0,3.8,Met
OPS-006687,ORD-006687,2.2,3.7,6.6,1033,10.17,5.0,6.8,Breached
OPS-011904,ORD-011904,0.9,2.9,4.4,767,13.33,5.0,4.6,Met
OPS-001417,ORD-001417,3.3,5.3,4.3,510,11.18,5.0,4.7,Met
OPS-001660,ORD-001660,1.0,1.8,6.1,404,11.65,5.0,6.2,Breached
OPS-010217,ORD-010217,1.1,1.2,4.2,1465,4.34,5.0,4.3,Met
OPS-003827,ORD-003827,3.0,2.6,3.2,1235,9.58,5.0,3.4,Met
OPS-002527,ORD-002527,0.8,6.4,2.0,1357,5.68,5.0,2.3,Met
OPS-011530,ORD-011530,3.1,6.8,6.4,1637,8.26,5.0,6.8,Breached
OPS-008024,ORD-008024,1.9,3.8,2.7,854,9.53,5.0,2.9,Met
OPS-000784,ORD-000784,1.4,2.7,1.9,649,11.22,5.0,2.1,Met
OPS-003564,ORD-003564,3.0,7.5,3.2,1738,12.56,5.0,3.6,Met
OPS-011125,ORD-011125,3.3,6.5,4.2,1030,11.72,5.0,4.6,Met
OPS-004152,ORD-004152,0.9,5.8,2.7,837,10.08,5.0,3.0,Met
OPS-007430,ORD-007430,0.5,3.5,6.2,1691,4.85,5.0,6.4,Breached
OPS-012453,ORD-012453,1.3,3.5,1.2,1573,7.57,5.0,1.4,Met
OPS-003639,ORD-003639,1.3,7.1,5.2,1841,7.15,5.0,5.5,Breached
OPS-001293,ORD-001293,3.7,3.9,3.2,1035,11.75,5.0,3.5,Met
OPS-001454,ORD-001454,1.0,6.6,2.1,1846,7.54,5.0,2.4,Met
OPS-011741,ORD-011741,1.9,3.8,3.2,781,9.72,5.0,3.4,Met
OPS-004631,ORD-004631,1.9,2.0,5.9,904,10.59,5.0,6.1,Breached
OPS-008910,ORD-008910,2.3,1.0,2.9,1774,11.95,5.0,3.0,Met
OPS-005951,ORD-005951,3.4,1.3,2.8,1962,9.88,5.0,3.0,Met
OPS-006054,ORD-006054,3.1,5.1,2.6,1324,9.98,5.0,2.9,Met
OPS-006925,ORD-006925,3.4,4.1,3.5,1987,6.67,5.0,3.8,Met
OPS-007668,ORD-007668,1.0,1.0,3.4,1247,5.33,5.0,3.5,Met
OPS-008793,ORD-008793,3.6,3.0,4.2,1944,9.09,5.0,4.5,Met
OPS-008523,ORD-008523,3.7,6.5,2.6,1944,9.62,5.0,3.0,Met
OPS-004034,ORD-004034,1.7,6.2,3.1,916,13.67,5.0,3.4,Met
OPS-005351,ORD-005351,2.8,6.6,2.5,990,12.37,5.0,2.9,Met
OPS-000138,ORD-000138,1.4,5.8,6.6,703,10.43,5.0,6.9,Breached
OPS-001952,ORD-001952,3.3,5.2,2.6,1426,7.45,5.0,3.0,Met
OPS-008268,ORD-008268,3.1,6.0,5.0,1460,5.22,5.0,5.4,Breached
OPS-002642,ORD-002642,0.6,1.6,3.1,566,12.07,5.0,3.2,Met
OPS-002467,ORD-002467,1.3,7.7,3.3,1838,5.04,5.0,3.7,Met
OPS-004504,ORD-004504,1.1,6.1,4.2,1875,4.79,5.0,4.5,Met
OPS-008702,ORD-008702,3.8,5.8,3.6,1272,4.73,5.0,4.0,Met
OPS-003908,ORD-003908,3.3,7.2,6.8,1782,13.79,5.0,7.2,Breached
OPS-000640,ORD-000640,3.6,3.1,4.0,677,7.75,5.0,4.3,Met
OPS-011067,ORD-011067,3.1,2.3,5.8,470,7.51,5.0,6.0,Breached
OPS-004830,ORD-004830,1.9,5.3,2.0,1484,6.07,5.0,2.3,Met
OPS-009714,ORD-009714,0.5,3.6,2.3,113,7.45,5.0,2.5,Met
OPS-006193,ORD-006193,3.9,2.6,4.0,1125,8.9,5.0,4.3,Met
OPS-011451,ORD-011451,1.1,5.7,2.8,920,7.97,5.0,3.1,Met
OPS-009517,ORD-009517,1.1,1.3,4.1,1705,5.15,5.0,4.2,Met
OPS-010374,ORD-010374,1.7,7.7,5.7,429,7.31,5.0,6.1,Breached
OPS-011776,ORD-011776,2.2,2.3,2.2,1639,12.14,5.0,2.4,Met
OPS-007634,ORD-007634,2.6,4.2,1.8,543,12.46,5.0,2.1,Met
OPS-010810,ORD-010810,1.8,4.2,3.3,1290,6.09,5.0,3.5,Met
OPS-008200,ORD-008200,1.6,1.6,6.8,209,8.62,5.0,6.9,Breached
OPS-008558,ORD-008558,1.8,4.3,2.7,1365,6.19,5.0,3.0,Met
OPS-007904,ORD-007904,3.6,6.0,2.1,389,4.33,5.0,2.5,Met
OPS-003799,ORD-003799,0.8,4.1,1.2,752,13.66,5.0,1.4,Met
OPS-006499,ORD-006499,1.9,2.5,2.8,938,11.38,5.0,3.0,Met
OPS-006514,ORD-006514,1.2,3.9,2.2,120,13.19,5.0,2.4,Met
OPS-001310,ORD-001310,2.2,4.3,1.2,1767,8.4,5.0,1.5,Met
OPS-000881,ORD-000881,3.9,1.3,1.5,189,11.03,5.0,1.7,Met
OPS-006528,ORD-006528,0.9,1.6,5.0,1103,11.19,5.0,5.1,Breached
OPS-012208,ORD-012208,2.0,1.7,4.1,1686,8.55,5.0,4.3,Met
OPS-002596,ORD-002596,2.5,2.6,4.3,1616,13.74,5.0,4.5,Met
OPS-000765,ORD-000765,3.5,5.8,5.0,1232,12.96,5.0,5.4,Breached
OPS-007049,ORD-007049,1.7,4.8,1.4,1781,5.31,5.0,1.7,Met
OPS-010575,ORD-010575,2.3,4.8,5.0,1566,7.36,5.0,5.3,Breached
OPS-006630,ORD-006630,3.6,4.0,3.2,1824,11.06,5.0,3.5,Met
OPS-008844,ORD-008844,3.3,5.8,3.7,1003,6.22,5.0,4.1,Met
OPS-007048,ORD-007048,1.5,1.5,6.3,999,6.0,5.0,6.4,Breached
OPS-003770,ORD-003770,1.6,5.2,5.7,874,11.67,5.0,6.0,Breached
OPS-001090,ORD-001090,3.1,6.2,5.9,1778,12.86,5.0,6.3,Breached
OPS-003590,ORD-003590,3.5,5.0,4.3,540,12.84,5.0,4.7,Met
OPS-005759,ORD-005759,3.7,4.5,5.0,1130,5.36,5.0,5.3,Breached
OPS-010462,ORD-010462,3.3,5.0,4.7,390,11.91,5.0,5.0,Met
OPS-002242,ORD-002242,0.9,2.0,1.4,1607,5.17,5.0,1.5,Met
OPS-000336,ORD-000336,2.4,7.4,2.3,1697,5.65,5.0,2.7,Met
OPS-010330,ORD-010330,1.4,1.8,6.4,889,12.36,5.0,6.5,Breached
OPS-001103,ORD-001103,3.0,6.9,4.3,777,5.09,5.0,4.7,Met
OPS-006216,ORD-006216,3.2,7.1,3.0,1031,11.23,5.0,3.4,Met
OPS-001776,ORD-001776,1.8,7.6,1.5,1366,4.14,5.0,1.9,Met
OPS-002293,ORD-002293,0.5,4.6,1.7,908,10.02,5.0,1.9,Met
OPS-010637,ORD-010637,1.0,2.4,6.5,938,9.47,5.0,6.6,Breached
OPS-008443,ORD-008443,2.2,1.9,2.3,606,11.53,5.0,2.5,Met
OPS-011503,ORD-011503,3.1,6.9,4.1,1218,4.57,5.0,4.5,Met
OPS-005781,ORD-005781,2.8,7.9,4.1,1246,5.28,5.0,4.5,Met
OPS-000437,ORD-000437,1.2,5.3,1.3,199,13.19,5.0,1.6,Met
OPS-011738,ORD-011738,1.0,2.6,4.4,1944,6.94,5.0,4.6,Met
OPS-004495,ORD-004495,3.7,6.2,4.8,1755,11.59,5.0,5.2,Breached
OPS-004181,ORD-004181,1.2,2.8,6.6,1815,5.41,5.0,6.8,Breached
OPS-010136,ORD-010136,2.0,4.6,5.3,1631,10.4,5.0,5.6,Breached
OPS-000078,ORD-000078,3.4,1.3,6.7,1592,8.93,5.0,6.9,Breached
OPS-004375,ORD-004375,3.9,4.2,1.6,249,8.9,5.0,1.9,Met
OPS-009879,ORD-009879,0.9,3.6,4.9,1016,4.05,5.0,5.1,Breached
OPS-012351,ORD-012351,0.6,4.7,5.5,1141,4.08,5.0,5.7,Breached
OPS-003125,ORD-003125,3.6,2.3,1.0,1689,12.52,5.0,1.2,Met
OPS-004875,ORD-004875,2.2,6.6,3.5,1185,6.39,5.0,3.9,Met
OPS-008328,ORD-008328,3.8,7.9,3.0,1193,4.2,5.0,3.5,Met
OPS-009690,ORD-009690,3.5,7.9,1.9,288,6.7,5.0,2.4,Met
OPS-011948,ORD-011948,2.0,4.5,3.4,130,9.39,5.0,3.7,Met
OPS-002598,ORD-002598,2.0,1.5,3.3,1080,13.39,5.0,3.4,Met
OPS-003296,ORD-003296,1.1,4.6,6.1,1320,8.46,5.0,6.3,Breached
OPS-000332,ORD-000332,2.4,6.6,5.4,792,5.43,5.0,5.8,Breached
OPS-001186,ORD-001186,3.4,5.4,5.1,1546,9.12,5.0,5.5,Breached
OPS-009499,ORD-009499,0.9,1.8,4.8,731,10.19,5.0,4.9,Met
OPS-002055,ORD-002055,0.7,5.5,6.5,288,11.23,5.0,6.8,Breached
OPS-008527,ORD-008527,3.3,4.1,1.5,1748,10.04,5.0,1.8,Met
OPS-003322,ORD-003322,1.1,3.9,4.9,915,4.73,5.0,5.1,Breached
OPS-010376,ORD-010376,4.0,4.8,4.3,438,9.23,5.0,4.7,Met
OPS-011864,ORD-011864,2.9,5.6,1.1,521,4.98,5.0,1.5,Met
OPS-005355,ORD-005355,1.2,6.2,4.8,251,4.14,5.0,5.1,Breached
OPS-004092,ORD-004092,2.9,2.7,6.9,738,5.15,5.0,7.1,Breached
OPS-003500,ORD-003500,1.2,3.3,6.5,1449,8.97,5.0,6.7,Breached
OPS-003547,ORD-003547,0.5,2.6,6.6,253,12.8,5.0,6.7,Breached
OPS-007011,ORD-007011,2.7,2.3,6.3,1392,10.43,5.0,6.5,Breached
OPS-006522,ORD-006522,2.6,2.7,1.7,182,6.2,5.0,1.9,Met
OPS-005965,ORD-005965,0.8,2.4,1.1,1327,9.43,5.0,1.2,Met
OPS-001023,ORD-001023,3.1,4.5,2.2,1604,12.99,5.0,2.5,Met
OPS-004288,ORD-004288,2.9,5.4,3.4,677,10.64,5.0,3.7,Met
OPS-002912,ORD-002912,2.5,6.3,3.0,1311,5.94,5.0,3.4,Met
OPS-010628,ORD-010628,1.4,1.3,4.0,766,9.36,5.0,4.1,Met
OPS-000354,ORD-000354,2.8,5.9,4.2,611,11.95,5.0,4.6,Met
OPS-008676,ORD-008676,3.8,2.1,2.2,1287,12.55,5.0,2.4,Met
OPS-010660,ORD-010660,2.3,4.0,2.3,486,7.39,5.0,2.6,Met
OPS-008314,ORD-008314,3.8,7.3,5.1,1887,10.87,5.0,5.6,Breached
OPS-003440,ORD-003440,1.0,4.0,5.9,907,4.38,5.0,6.1,Breached
OPS-007102,ORD-007102,1.3,7.8,3.7,1284,13.96,5.0,4.1,Met
OPS-006791,ORD-006791,0.5,5.9,2.9,1180,9.01,5.0,3.2,Met
OPS-000639,ORD-000639,0.8,7.4,3.0,1540,11.09,5.0,3.3,Met
OPS-008434,ORD-008434,1.7,5.5,1.8,705,4.77,5.0,2.1,Met
OPS-002462,ORD-002462,2.2,7.9,6.1,1877,4.07,5.0,6.5,Breached
OPS-011524,ORD-011524,0.9,5.8,5.1,1415,10.99,5.0,5.4,Breached
OPS-006910,ORD-006910,0.9,3.9,6.1,1266,6.21,5.0,6.3,Breached
OPS-004542,ORD-004542,3.4,7.0,3.7,1110,10.98,5.0,4.1,Met
OPS-009244,ORD-009244,1.1,2.2,2.0,839,10.31,5.0,2.1,Met
OPS-006482,ORD-006482,0.6,5.0,5.3,1771,5.39,5.0,5.5,Breached
OPS-001504,ORD-001504,3.4,6.9,4.0,1413,10.83,5.0,4.4,Met
OPS-003077,ORD-003077,2.8,7.6,3.9,402,8.58,5.0,4.3,Met
OPS-012141,ORD-012141,2.8,5.5,6.7,1827,7.25,5.0,7.0,Breached
OPS-009494,ORD-009494,2.7,7.1,5.1,508,11.6,5.0,5.5,Breached
OPS-003745,ORD-003745,2.0,1.7,1.2,1530,9.57,5.0,1.4,Met
OPS-002401,ORD-002401,3.5,4.1,5.0,1742,13.45,5.0,5.3,Breached
OPS-009629,ORD-009629,0.9,6.0,6.6,1548,9.03,5.0,6.9,Breached
OPS-004274,ORD-004274,2.7,2.9,2.0,1958,8.82,5.0,2.2,Met
OPS-010777,ORD-010777,0.8,4.3,5.2,957,9.74,5.0,5.4,Breached
OPS-009099,ORD-009099,1.3,3.7,4.4,1394,6.09,5.0,4.6,Met
OPS-000809,ORD-000809,1.2,5.2,2.3,907,8.72,5.0,2.6,Met
OPS-005957,ORD-005957,1.5,7.8,2.3,231,7.9,5.0,2.7,Met
OPS-004321,ORD-004321,3.5,5.5,6.8,1202,11.6,5.0,7.2,Breached
OPS-001462,ORD-001462,2.4,3.1,6.7,335,12.17,5.0,6.9,Breached
OPS-005265,ORD-005265,1.3,6.2,1.8,956,5.49,5.0,2.1,Met
OPS-005621,ORD-005621,2.6,6.0,4.1,1603,8.78,5.0,4.5,Met
OPS-005404,ORD-005404,2.4,5.3,3.0,878,6.8,5.0,3.3,Met
OPS-002965,ORD-002965,1.0,5.5,6.0,1653,7.68,5.0,6.3,Breached
OPS-000946,ORD-000946,1.4,6.2,5.2,372,6.54,5.0,5.5,Breached
OPS-009447,ORD-009447,1.8,3.7,6.0,892,11.59,5.0,6.2,Breached
OPS-005273,ORD-005273,2.3,2.3,2.4,835,11.89,5.0,2.6,Met
OPS-004742,ORD-004742,2.2,2.9,4.8,1717,9.31,5.0,5.0,Met
OPS-001026,ORD-001026,2.4,1.5,1.9,1479,13.63,5.0,2.1,Met
OPS-002120,ORD-002120,2.1,7.3,2.3,687,12.61,5.0,2.7,Met
OPS-006367,ORD-006367,2.0,2.5,4.4,1848,10.4,5.0,4.6,Met
OPS-000788,ORD-000788,3.3,3.8,2.7,1332,7.63,5.0,3.0,Met
OPS-006003,ORD-006003,3.6,4.4,4.5,330,10.83,5.0,4.8,Met
OPS-007939,ORD-007939,3.1,2.4,1.2,514,13.87,5.0,1.4,Met
OPS-001154,ORD-001154,1.3,2.6,1.0,531,8.52,5.0,1.2,Met
OPS-007594,ORD-007594,3.0,2.6,3.3,1303,4.77,5.0,3.5,Met
OPS-004701,ORD-004701,1.3,3.2,2.4,981,13.24,5.0,2.6,Met
OPS-004786,ORD-004786,3.9,1.8,3.9,545,5.91,5.0,4.1,Met
OPS-006622,ORD-006622,3.6,4.7,2.0,757,4.54,5.0,2.3,Met
OPS-007974,ORD-007974,0.8,6.5,6.0,415,9.45,5.0,6.3,Breached
OPS-004770,ORD-004770,3.3,7.8,5.0,1126,5.37,5.0,5.5,Breached
OPS-000644,ORD-000644,1.2,7.9,1.2,1685,8.67,5.0,1.6,Met
OPS-002824,ORD-002824,3.0,4.0,1.6,444,12.89,5.0,1.9,Met
OPS-007790,ORD-007790,3.0,2.9,1.6,1382,6.75,5.0,1.8,Met
OPS-010263,ORD-010263,3.9,1.1,3.5,188,6.69,5.0,3.7,Met
OPS-003967,ORD-003967,2.1,6.5,2.5,1957,5.95,5.0,2.9,Met
OPS-002117,ORD-002117,2.2,3.6,2.5,953,11.14,5.0,2.7,Met
OPS-012243,ORD-012243,0.9,7.8,1.1,334,10.43,5.0,1.5,Met
OPS-012281,ORD-012281,2.7,1.7,6.5,634,10.16,5.0,6.7,Breached
OPS-011704,ORD-011704,0.7,4.2,1.9,1963,5.7,5.0,2.1,Met
OPS-009892,ORD-009892,1.7,1.6,3.3,1265,12.44,5.0,3.4,Met
OPS-000312,ORD-000312,3.1,3.8,6.5,1467,11.7,5.0,6.8,Breached
OPS-004494,ORD-004494,3.7,7.8,5.3,1734,10.19,5.0,5.8,Breached
OPS-003323,ORD-003323,3.6,2.3,1.6,468,7.33,5.0,1.8,Met
OPS-005844,ORD-005844,1.2,4.5,1.7,1990,12.24,5.0,1.9,Met
OPS-000379,ORD-000379,0.7,8.0,5.2,384,11.98,5.0,5.6,Breached
OPS-002028,ORD-002028,1.3,2.3,5.8,1217,6.63,5.0,6.0,Breached
OPS-009988,ORD-009988,2.0,1.4,3.5,1846,6.1,5.0,3.6,Met
OPS-005430,ORD-005430,3.2,1.1,3.3,559,9.13,5.0,3.5,Met
OPS-010281,ORD-010281,1.4,5.4,4.7,1673,5.69,5.0,5.0,Met
OPS-008033,ORD-008033,2.7,2.8,4.9,1496,10.08,5.0,5.1,Breached
OPS-005641,ORD-005641,3.0,1.7,3.2,1503,7.9,5.0,3.4,Met
OPS-004506,ORD-004506,0.7,7.6,1.6,1497,9.43,5.0,1.9,Met
OPS-003782,ORD-003782,2.6,2.8,1.2,1265,5.38,5.0,1.4,Met
OPS-008840,ORD-008840,3.0,3.7,1.8,312,9.79,5.0,2.1,Met
OPS-005650,ORD-005650,0.5,5.9,3.9,780,5.06,5.0,4.2,Met
OPS-010907,ORD-010907,3.0,7.7,2.1,971,10.86,5.0,2.5,Met
OPS-001869,ORD-001869,2.4,5.0,2.7,445,5.52,5.0,3.0,Met
OPS-003719,ORD-003719,0.6,4.1,3.4,1247,6.52,5.0,3.6,Met
OPS-005162,ORD-005162,3.3,5.1,6.1,496,6.15,5.0,6.4,Breached
OPS-009784,ORD-009784,2.1,1.8,4.1,1590,4.42,5.0,4.3,Met
OPS-010447,ORD-010447,3.5,3.5,6.9,1985,5.06,5.0,7.2,Breached
OPS-004570,ORD-004570,2.0,7.2,3.2,908,12.58,5.0,3.6,Met
OPS-005566,ORD-005566,3.9,2.5,4.7,1415,10.55,5.0,5.0,Met
OPS-009762,ORD-009762,0.8,3.8,2.3,1050,10.48,5.0,2.5,Met
OPS-011699,ORD-011699,1.2,5.8,1.1,860,10.56,5.0,1.4,Met
OPS-003878,ORD-003878,0.8,4.1,2.2,751,5.97,5.0,2.4,Met
OPS-007562,ORD-007562,2.2,4.3,6.4,266,5.84,5.0,6.7,Breached
OPS-012461,ORD-012461,3.2,6.6,1.2,1853,9.15,5.0,1.6,Met
OPS-004261,ORD-004261,1.6,3.4,3.1,840,4.13,5.0,3.3,Met
OPS-002996,ORD-002996,0.8,1.6,4.9,1107,12.18,5.0,5.0,Met
OPS-006230,ORD-006230,1.5,2.7,4.9,1513,4.13,5.0,5.1,Breached
OPS-001199,ORD-001199,3.9,4.5,2.2,1115,9.48,5.0,2.6,Met
OPS-002585,ORD-002585,1.0,5.0,4.2,139,4.21,5.0,4.5,Met
OPS-003239,ORD-003239,1.3,2.6,5.0,1876,10.3,5.0,5.2,Breached
OPS-010225,ORD-010225,0.7,2.7,4.4,577,8.76,5.0,4.5,Met
OPS-001851,ORD-001851,3.6,2.3,4.4,1993,6.08,5.0,4.6,Met
OPS-005368,ORD-005368,2.9,2.2,2.0,1494,13.57,5.0,2.2,Met
OPS-009808,ORD-009808,2.7,7.4,2.8,241,4.35,5.0,3.2,Met
OPS-008203,ORD-008203,2.4,5.2,1.7,1460,12.51,5.0,2.0,Met
OPS-006117,ORD-006117,1.8,7.5,1.9,514,14.0,5.0,2.3,Met
OPS-000067,ORD-000067,2.8,4.8,6.0,1639,13.67,5.0,6.3,Breached
OPS-004354,ORD-004354,0.6,3.1,5.5,1522,5.5,5.0,5.7,Breached
OPS-007428,ORD-007428,2.2,3.6,2.7,473,4.76,5.0,2.9,Met
OPS-003738,ORD-003738,3.7,2.3,4.0,1907,5.68,5.0,4.2,Met
OPS-011106,ORD-011106,3.4,2.0,5.1,1459,10.61,5.0,5.3,Breached
OPS-004873,ORD-004873,2.1,7.0,6.0,1949,9.44,5.0,6.4,Breached
OPS-007343,ORD-007343,1.7,5.3,2.0,1024,11.06,5.0,2.3,Met
OPS-008147,ORD-008147,1.9,4.2,6.3,1924,12.71,5.0,6.6,Breached
OPS-000759,ORD-000759,2.8,3.9,3.0,226,9.6,5.0,3.3,Met
OPS-010534,ORD-010534,3.5,5.8,6.3,1347,5.1,5.0,6.7,Breached
OPS-001888,ORD-001888,3.7,7.2,3.4,646,13.78,5.0,3.9,Met
OPS-002262,ORD-002262,1.8,1.6,4.1,231,6.85,5.0,4.2,Met
OPS-001434,ORD-001434,1.2,1.4,2.4,1677,9.48,5.0,2.5,Met
OPS-001121,ORD-001121,2.7,5.9,6.8,258,10.27,5.0,7.2,Breached
OPS-006401,ORD-006401,0.7,4.1,1.3,741,13.81,5.0,1.5,Met
OPS-004174,ORD-004174,2.8,3.1,6.0,321,13.5,5.0,6.2,Breached
OPS-003662,ORD-003662,3.6,2.7,4.4,1107,5.01,5.0,4.7,Met
OPS-004189,ORD-004189,3.3,2.9,1.5,494,10.09,5.0,1.8,Met
OPS-001530,ORD-001530,3.2,2.0,2.5,1137,13.05,5.0,2.7,Met
OPS-009365,ORD-009365,2.9,2.0,6.1,1624,10.79,5.0,6.3,Breached
OPS-001861,ORD-001861,3.1,4.4,2.6,1778,6.26,5.0,2.9,Met
OPS-004002,ORD-004002,2.2,6.9,6.6,419,5.3,5.0,7.0,Breached
OPS-002260,ORD-002260,0.6,2.7,1.3,1186,11.92,5.0,1.4,Met
OPS-009073,ORD-009073,2.1,5.6,3.7,770,6.82,5.0,4.0,Met
OPS-007368,ORD-007368,2.9,3.2,1.6,1001,12.23,5.0,1.9,Met
OPS-003248,ORD-003248,1.1,4.7,2.3,1627,5.07,5.0,2.5,Met
OPS-008781,ORD-008781,1.5,7.2,3.4,677,8.58,5.0,3.8,Met
OPS-000105,ORD-000105,1.6,4.2,1.2,1801,8.35,5.0,1.4,Met
OPS-009754,ORD-009754,0.9,4.5,2.1,996,10.43,5.0,2.3,Met
OPS-007980,ORD-007980,1.8,4.0,6.5,669,7.88,5.0,6.7,Breached
OPS-006825,ORD-006825,0.9,4.1,1.9,278,4.11,5.0,2.1,Met
OPS-011270,ORD-011270,1.2,6.5,4.9,1190,6.59,5.0,5.2,Breached
OPS-011969,ORD-011969,1.9,6.9,4.3,142,12.02,5.0,4.7,Met
OPS-000323,ORD-000323,2.8,6.3,1.8,628,10.2,5.0,2.2,Met
OPS-007501,ORD-007501,2.4,1.6,4.8,1639,8.62,5.0,5.0,Met
OPS-010362,ORD-010362,2.3,5.8,1.2,1727,10.29,5.0,1.5,Met
OPS-000348,ORD-000348,0.6,6.5,3.2,196,8.05,5.0,3.5,Met
OPS-008747,ORD-008747,2.2,7.6,2.2,1849,13.16,5.0,2.6,Met
OPS-007095,ORD-007095,2.9,3.1,6.2,477,4.14,5.0,6.5,Breached
OPS-006652,ORD-006652,2.0,4.1,2.6,402,4.32,5.0,2.9,Met
OPS-005011,ORD-005011,3.1,7.4,4.9,775,8.79,5.0,5.3,Breached
OPS-010813,ORD-010813,1.1,4.5,2.9,1721,8.9,5.0,3.1,Met
OPS-008582,ORD-008582,2.2,5.9,4.3,1553,12.13,5.0,4.6,Met
OPS-010024,ORD-010024,2.8,6.5,1.7,687,5.83,5.0,2.1,Met
OPS-011383,ORD-011383,0.9,6.4,6.5,1080,12.28,5.0,6.8,Breached
OPS-012331,ORD-012331,2.7,5.4,5.8,1467,12.25,5.0,6.1,Breached
OPS-006565,ORD-006565,2.9,6.2,2.5,510,9.47,5.0,2.9,Met
OPS-009779,ORD-009779,2.1,3.5,6.0,1351,13.51,5.0,6.2,Breached
OPS-002581,ORD-002581,2.3,1.5,3.8,1216,5.6,5.0,4.0,Met
OPS-006226,ORD-006226,1.8,7.1,5.6,1892,11.77,5.0,6.0,Breached
OPS-007424,ORD-007424,0.8,5.3,5.7,369,12.94,5.0,6.0,Breached
OPS-000631,ORD-000631,0.5,2.3,4.8,1005,9.28,5.0,4.9,Met
OPS-006049,ORD-006049,3.6,5.2,3.4,313,11.94,5.0,3.8,Met
OPS-009348,ORD-009348,2.4,7.6,3.2,952,7.79,5.0,3.6,Met
OPS-010670,ORD-010670,2.9,6.5,5.0,838,7.27,5.0,5.4,Breached
OPS-008295,ORD-008295,1.2,5.8,2.7,1099,11.54,5.0,3.0,Met
OPS-000652,ORD-000652,3.6,7.5,2.1,1182,8.95,5.0,2.6,Met
OPS-002455,ORD-002455,3.2,1.6,5.8,1576,7.84,5.0,6.0,Breached
OPS-000057,ORD-000057,1.1,2.0,4.8,1787,6.06,5.0,4.9,Met
OPS-012045,ORD-012045,3.1,1.1,6.6,238,11.03,5.0,6.8,Breached
OPS-004709,ORD-004709,2.8,2.5,5.3,148,5.35,5.0,5.5,Breached
OPS-010811,ORD-010811,0.9,2.0,4.0,917,9.65,5.0,4.1,Met
OPS-006007,ORD-006007,1.0,2.1,5.0,184,6.49,5.0,5.1,Breached
OPS-005889,ORD-005889,2.9,1.7,1.5,1738,13.75,5.0,1.7,Met
OPS-006017,ORD-006017,2.0,5.6,3.2,356,4.66,5.0,3.5,Met
OPS-011450,ORD-011450,1.8,6.8,6.8,977,5.04,5.0,7.2,Breached
OPS-000328,ORD-000328,4.0,2.8,1.9,1365,7.4,5.0,2.2,Met
OPS-006280,ORD-006280,1.4,2.7,4.9,624,5.73,5.0,5.1,Breached
OPS-009999,ORD-009999,3.6,7.5,1.3,1130,9.21,5.0,1.8,Met
OPS-009220,ORD-009220,2.2,6.8,1.5,715,5.85,5.0,1.9,Met
OPS-011566,ORD-011566,0.5,3.6,5.9,868,11.19,5.0,6.1,Breached
OPS-005879,ORD-005879,1.4,3.8,5.2,1470,4.11,5.0,5.4,Breached
OPS-008672,ORD-008672,3.6,7.6,1.1,483,12.25,5.0,1.6,Met
OPS-008926,ORD-008926,1.3,5.8,4.8,1262,10.08,5.0,5.1,Breached
OPS-011228,ORD-011228,3.4,6.6,3.5,435,5.64,5.0,3.9,Met
OPS-007666,ORD-007666,2.6,3.9,5.0,1660,8.82,5.0,5.3,Breached
OPS-005858,ORD-005858,0.5,5.6,5.6,922,6.34,5.0,5.9,Breached
OPS-008570,ORD-008570,1.7,4.5,6.2,1075,11.82,5.0,6.5,Breached
OPS-007123,ORD-007123,1.5,6.6,2.6,1319,13.94,5.0,2.9,Met
OPS-011257,ORD-011257,2.5,5.5,1.4,560,5.3,5.0,1.7,Met
OPS-002261,ORD-002261,3.0,7.2,6.5,1086,7.38,5.0,6.9,Breached
OPS-000743,ORD-000743,3.0,7.6,5.5,795,8.85,5.0,5.9,Breached
OPS-008656,ORD-008656,2.9,6.8,1.3,1658,12.69,5.0,1.7,Met
OPS-005637,ORD-005637,0.5,6.6,6.8,631,4.47,5.0,7.1,Breached
OPS-010796,ORD-010796,2.3,3.1,3.1,177,9.57,5.0,3.3,Met
OPS-006027,ORD-006027,2.9,2.7,4.2,817,9.5,5.0,4.4,Met
OPS-005448,ORD-005448,1.8,2.1,4.6,145,8.15,5.0,4.8,Met
OPS-006608,ORD-006608,0.7,1.6,5.9,1340,7.33,5.0,6.0,Breached
OPS-003305,ORD-003305,2.6,5.4,4.1,991,10.92,5.0,4.4,Met
OPS-011714,ORD-011714,0.7,3.4,7.0,453,7.52,5.0,7.2,Breached
OPS-005136,ORD-005136,3.8,2.5,2.7,1268,11.69,5.0,3.0,Met
OPS-012232,ORD-012232,2.9,3.8,7.0,947,6.16,5.0,7.3,Breached
OPS-005447,ORD-005447,1.1,2.6,4.2,1580,7.21,5.0,4.4,Met
OPS-008262,ORD-008262,3.9,4.5,4.9,492,8.47,5.0,5.2,Breached
OPS-010999,ORD-010999,2.0,5.5,1.2,1089,9.11,5.0,1.5,Met
OPS-000392,ORD-000392,2.9,7.4,2.5,506,9.22,5.0,2.9,Met
OPS-010045,ORD-010045,1.2,7.9,5.5,1559,9.26,5.0,5.9,Breached
OPS-010053,ORD-010053,0.5,4.1,2.0,1713,10.9,5.0,2.2,Met
OPS-004139,ORD-004139,3.1,3.0,3.1,1619,12.4,5.0,3.4,Met
OPS-002538,ORD-002538,3.0,7.9,5.6,1539,13.49,5.0,6.1,Breached
OPS-000503,ORD-000503,2.2,7.2,6.9,1728,4.6,5.0,7.3,Breached
OPS-010022,ORD-010022,2.8,6.4,5.7,371,9.12,5.0,6.1,Breached
OPS-003940,ORD-003940,3.5,7.3,1.2,1502,9.51,5.0,1.6,Met
OPS-001050,ORD-001050,2.7,6.5,2.4,1795,9.38,5.0,2.8,Met
OPS-000842,ORD-000842,1.1,5.8,1.5,1540,5.91,5.0,1.8,Met
OPS-002034,ORD-002034,0.8,2.7,1.6,2000,4.69,5.0,1.7,Met
OPS-011218,ORD-011218,0.6,7.8,3.8,482,10.94,5.0,4.1,Met
OPS-005222,ORD-005222,2.2,5.3,3.4,402,9.29,5.0,3.7,Met
OPS-001251,ORD-001251,1.5,4.4,5.1,1530,12.46,5.0,5.3,Breached
OPS-011211,ORD-011211,1.7,4.7,6.3,1236,7.51,5.0,6.6,Breached
OPS-004211,ORD-004211,1.4,7.2,3.9,1380,5.59,5.0,4.3,Met
OPS-006833,ORD-006833,3.0,1.3,1.9,531,10.29,5.0,2.1,Met
OPS-011691,ORD-011691,2.6,2.2,6.5,1745,12.37,5.0,6.7,Breached
OPS-011131,ORD-011131,3.1,5.8,2.4,1838,4.09,5.0,2.8,Met
OPS-007635,ORD-007635,3.5,3.0,3.6,1336,10.33,5.0,3.9,Met
OPS-005756,ORD-005756,1.8,1.7,3.7,281,9.39,5.0,3.8,Met
OPS-007326,ORD-007326,1.1,7.7,4.0,1221,9.58,5.0,4.4,Met
OPS-010380,ORD-010380,1.0,4.3,6.3,1252,8.71,5.0,6.5,Breached
OPS-012368,ORD-012368,3.1,6.8,1.5,1257,10.52,5.0,1.9,Met
OPS-005245,ORD-005245,2.0,6.8,4.8,1121,13.14,5.0,5.2,Breached
OPS-004919,ORD-004919,0.5,4.1,3.6,724,9.73,5.0,3.8,Met
OPS-008214,ORD-008214,0.6,5.7,2.9,697,7.67,5.0,3.2,Met
OPS-000123,ORD-000123,1.0,1.5,4.7,739,6.77,5.0,4.8,Met
OPS-003086,ORD-003086,3.9,2.9,1.4,427,11.06,5.0,1.7,Met
OPS-000760,ORD-000760,2.7,5.9,2.7,1193,9.25,5.0,3.1,Met
OPS-010509,ORD-010509,0.8,1.1,4.7,156,8.9,5.0,4.8,Met
OPS-006855,ORD-006855,1.9,6.2,5.4,1790,10.51,5.0,5.7,Breached
OPS-011837,ORD-011837,2.0,1.4,3.3,1225,13.08,5.0,3.4,Met
OPS-002453,ORD-002453,3.8,6.0,5.4,610,4.69,5.0,5.8,Breached
OPS-002049,ORD-002049,2.7,6.3,5.7,1193,11.64,5.0,6.1,Breached
OPS-011037,ORD-011037,2.1,1.1,1.6,1500,13.8,5.0,1.7,Met
OPS-009615,ORD-009615,0.6,7.2,1.8,1464,6.18,5.0,2.1,Met
OPS-002124,ORD-002124,2.1,4.8,2.4,843,11.69,5.0,2.7,Met
OPS-005073,ORD-005073,3.2,3.6,2.2,843,11.01,5.0,2.5,Met
OPS-001066,ORD-001066,1.1,4.0,6.6,800,9.43,5.0,6.8,Breached
OPS-006725,ORD-006725,3.4,5.0,5.7,1486,5.18,5.0,6.0,Breached
OPS-000023,ORD-000023,3.8,7.5,1.2,108,4.75,5.0,1.7,Met
OPS-010615,ORD-010615,2.7,6.2,2.3,718,12.2,5.0,2.7,Met
OPS-002537,ORD-002537,2.4,7.1,1.3,568,8.14,5.0,1.7,Met
OPS-008755,ORD-008755,3.8,3.5,2.6,401,11.8,5.0,2.9,Met
OPS-003108,ORD-003108,0.7,4.0,3.4,1489,4.68,5.0,3.6,Met
OPS-011113,ORD-011113,0.8,5.6,4.5,604,4.89,5.0,4.8,Met
OPS-004502,ORD-004502,0.7,2.6,6.1,1039,6.76,5.0,6.2,Breached
OPS-011693,ORD-011693,1.6,1.6,6.2,290,8.18,5.0,6.3,Breached
OPS-007679,ORD-007679,1.2,6.9,2.1,1223,10.61,5.0,2.4,Met
OPS-002039,ORD-002039,2.4,7.7,5.7,1765,9.86,5.0,6.1,Breached
OPS-005790,ORD-005790,0.5,2.1,4.3,1157,7.36,5.0,4.4,Met
OPS-004315,ORD-004315,3.6,6.7,3.1,1735,7.07,5.0,3.5,Met
OPS-001717,ORD-001717,2.5,4.9,2.6,1627,6.41,5.0,2.9,Met
OPS-011388,ORD-011388,3.3,1.4,5.6,830,7.04,5.0,5.8,Breached
OPS-010110,ORD-010110,1.4,4.8,4.7,285,12.99,5.0,5.0,Met
OPS-010731,ORD-010731,2.2,6.7,6.1,1917,12.35,5.0,6.5,Breached
OPS-010844,ORD-010844,1.7,6.6,6.4,875,11.55,5.0,6.7,Breached
OPS-012196,ORD-012196,3.2,5.2,1.8,1921,6.68,5.0,2.1,Met
OPS-010486,ORD-010486,3.8,5.1,7.0,1367,7.7,5.0,7.4,Breached
OPS-008301,ORD-008301,1.5,3.0,2.8,1997,11.83,5.0,3.0,Met
OPS-001826,ORD-001826,0.7,4.0,3.2,812,11.66,5.0,3.4,Met
OPS-004557,ORD-004557,2.7,7.3,1.7,1106,4.94,5.0,2.1,Met
OPS-005635,ORD-005635,3.6,2.0,6.8,353,5.93,5.0,7.0,Breached
OPS-008101,ORD-008101,0.6,4.4,6.2,1611,12.96,5.0,6.4,Breached
OPS-011285,ORD-011285,2.9,4.4,5.0,1766,13.74,5.0,5.3,Breached
OPS-010295,ORD-010295,3.2,2.2,3.3,1587,12.84,5.0,3.5,Met
OPS-012347,ORD-012347,3.8,5.6,2.7,1938,5.29,5.0,3.1,Met
OPS-006911,ORD-006911,2.1,1.9,6.2,1143,10.96,5.0,6.4,Breached
OPS-005437,ORD-005437,3.0,5.9,3.3,418,5.06,5.0,3.7,Met
OPS-002895,ORD-002895,0.8,5.2,4.3,420,13.53,5.0,4.5,Met
OPS-000467,ORD-000467,1.5,1.2,3.9,1205,8.23,5.0,4.0,Met
OPS-006697,ORD-006697,1.6,2.5,5.7,1414,6.35,5.0,5.9,Breached
OPS-001368,ORD-001368,2.0,3.2,5.0,1375,7.14,5.0,5.2,Breached
OPS-008791,ORD-008791,3.5,7.3,5.7,1623,8.27,5.0,6.2,Breached
OPS-008569,ORD-008569,0.9,3.8,4.2,142,8.05,5.0,4.4,Met
OPS-007821,ORD-007821,1.5,6.7,1.9,717,10.6,5.0,2.2,Met
OPS-009221,ORD-009221,1.0,5.8,1.5,548,11.65,5.0,1.8,Met
OPS-010752,ORD-010752,3.7,7.9,3.0,1808,10.9,5.0,3.5,Met
OPS-000041,ORD-000041,0.7,2.3,6.9,1024,13.4,5.0,7.0,Breached
OPS-005257,ORD-005257,3.1,7.9,1.0,628,10.9,5.0,1.5,Met
OPS-000832,ORD-000832,0.9,3.9,2.7,979,4.51,5.0,2.9,Met
OPS-006789,ORD-006789,0.5,5.6,5.4,1395,12.52,5.0,5.7,Breached
OPS-002239,ORD-002239,1.8,2.7,3.5,1260,9.55,5.0,3.7,Met
OPS-008419,ORD-008419,2.7,3.8,5.2,433,5.64,5.0,5.5,Breached
OPS-006434,ORD-006434,3.4,6.6,1.3,240,13.01,5.0,1.7,Met
OPS-000341,ORD-000341,3.4,2.5,2.3,1672,11.73,5.0,2.5,Met
OPS-009832,ORD-009832,2.1,3.1,4.1,934,6.38,5.0,4.3,Met
OPS-009374,ORD-009374,3.4,5.6,2.0,1188,5.86,5.0,2.4,Met
OPS-009317,ORD-009317,3.6,4.0,6.1,925,5.57,5.0,6.4,Breached
OPS-000360,ORD-000360,3.3,7.2,4.7,1296,10.31,5.0,5.1,Breached
OPS-005346,ORD-005346,3.7,6.7,6.7,211,8.75,5.0,7.1,Breached
OPS-008705,ORD-008705,3.8,4.9,5.0,1739,11.51,5.0,5.4,Breached
OPS-007226,ORD-007226,3.3,1.0,5.4,1371,8.05,5.0,5.6,Breached
OPS-000428,ORD-000428,2.6,4.4,3.5,1657,5.27,5.0,3.8,Met
OPS-007259,ORD-007259,0.8,2.5,1.0,425,13.03,5.0,1.1,Met
OPS-008009,ORD-008009,3.1,2.5,1.3,1386,7.87,5.0,1.5,Met
OPS-005212,ORD-005212,2.3,5.9,5.1,580,9.08,5.0,5.4,Breached
OPS-006542,ORD-006542,0.9,4.1,3.1,733,6.16,5.0,3.3,Met
OPS-007650,ORD-007650,3.7,4.6,2.0,1727,6.72,5.0,2.3,Met
OPS-007041,ORD-007041,1.5,6.5,5.5,569,8.26,5.0,5.8,Breached
OPS-011209,ORD-011209,2.6,4.5,3.7,158,10.58,5.0,4.0,Met
OPS-004984,ORD-004984,1.8,3.1,2.7,489,8.95,5.0,2.9,Met
OPS-001946,ORD-001946,1.4,5.9,6.2,1951,4.89,5.0,6.5,Breached
OPS-006498,ORD-006498,2.2,3.0,4.8,727,5.63,5.0,5.0,Met
OPS-009698,ORD-009698,1.8,3.6,3.0,270,6.97,5.0,3.2,Met
OPS-001486,ORD-001486,1.8,1.7,5.0,1950,12.64,5.0,5.1,Breached
OPS-008538,ORD-008538,3.5,6.7,3.1,114,9.07,5.0,3.5,Met
OPS-010152,ORD-010152,2.0,2.1,3.3,1559,5.1,5.0,3.5,Met
OPS-007302,ORD-007302,3.5,3.3,7.0,1728,10.74,5.0,7.3,Breached
OPS-010565,ORD-010565,3.4,2.0,3.1,311,7.33,5.0,3.3,Met
OPS-012472,ORD-012472,3.0,7.3,2.2,1288,8.75,5.0,2.6,Met
OPS-005611,ORD-005611,3.5,6.2,1.2,1541,11.07,5.0,1.6,Met
OPS-004539,ORD-004539,2.2,7.0,5.2,927,10.13,5.0,5.6,Breached
OPS-011395,ORD-011395,2.8,2.9,6.3,703,12.18,5.0,6.5,Breached
OPS-004707,ORD-004707,3.3,8.0,3.9,1465,11.57,5.0,4.4,Met
OPS-002551,ORD-002551,2.5,4.7,3.7,372,9.66,5.0,4.0,Met
OPS-010879,ORD-010879,2.4,7.7,6.3,1172,13.54,5.0,6.7,Breached
OPS-010780,ORD-010780,1.4,6.9,6.4,876,11.56,5.0,6.7,Breached
OPS-006256,ORD-006256,2.1,2.0,4.1,694,13.56,5.0,4.3,Met
OPS-000082,ORD-000082,3.0,5.4,4.5,1792,5.47,5.0,4.8,Met
OPS-002330,ORD-002330,1.3,5.3,1.8,964,12.1,5.0,2.1,Met
OPS-008519,ORD-008519,4.0,6.5,1.9,624,11.97,5.0,2.3,Met
OPS-009346,ORD-009346,0.9,4.9,5.0,1502,12.48,5.0,5.2,Breached
OPS-001930,ORD-001930,1.0,3.4,1.8,896,7.37,5.0,2.0,Met
OPS-006607,ORD-006607,3.3,4.7,1.2,1239,8.55,5.0,1.5,Met
OPS-007165,ORD-007165,2.9,4.4,4.6,966,7.43,5.0,4.9,Met
OPS-008951,ORD-008951,3.8,3.5,5.5,225,4.49,5.0,5.8,Breached
OPS-005387,ORD-005387,3.3,5.2,6.0,1786,7.37,5.0,6.4,Breached
OPS-007751,ORD-007751,3.1,6.1,3.6,346,12.56,5.0,4.0,Met
OPS-009709,ORD-009709,1.2,1.8,6.9,1184,6.92,5.0,7.0,Breached
OPS-007605,ORD-007605,3.7,5.8,2.0,564,8.29,5.0,2.4,Met
OPS-000344,ORD-000344,3.7,7.4,1.2,325,13.69,5.0,1.7,Met
OPS-001286,ORD-001286,1.8,2.8,1.7,164,11.23,5.0,1.9,Met
OPS-001040,ORD-001040,1.9,2.2,1.3,1056,13.72,5.0,1.5,Met
OPS-011903,ORD-011903,1.3,5.0,1.4,1171,11.94,5.0,1.7,Met
OPS-000776,ORD-000776,2.0,7.3,5.5,1834,7.44,5.0,5.9,Breached
OPS-009641,ORD-009641,2.0,2.5,6.1,1182,8.99,5.0,6.3,Breached
OPS-002403,ORD-002403,2.9,5.7,1.0,517,8.34,5.0,1.4,Met
OPS-009430,ORD-009430,1.0,2.1,5.6,1509,12.83,5.0,5.7,Breached
OPS-010422,ORD-010422,3.1,4.1,1.9,1896,11.52,5.0,2.2,Met
OPS-009057,ORD-009057,1.8,6.3,1.7,1160,9.44,5.0,2.0,Met
OPS-009431,ORD-009431,0.6,3.6,3.2,849,13.66,5.0,3.4,Met
OPS-011377,ORD-011377,1.8,2.4,2.1,1618,11.03,5.0,2.3,Met
OPS-002493,ORD-002493,1.1,1.2,2.3,847,13.45,5.0,2.4,Met
OPS-000766,ORD-000766,1.4,7.0,2.9,1185,10.35,5.0,3.2,Met
OPS-007224,ORD-007224,2.8,2.1,2.6,1292,4.42,5.0,2.8,Met
OPS-002424,ORD-002424,2.1,2.9,2.3,1588,12.89,5.0,2.5,Met
OPS-007333,ORD-007333,3.1,6.6,1.8,906,7.17,5.0,2.2,Met
OPS-006660,ORD-006660,1.8,7.7,1.7,512,9.83,5.0,2.1,Met
OPS-003143,ORD-003143,1.0,1.0,3.0,1578,4.54,5.0,3.1,Met
OPS-010316,ORD-010316,2.9,1.6,5.1,795,4.22,5.0,5.3,Breached
OPS-010803,ORD-010803,3.5,4.8,5.5,1248,12.92,5.0,5.8,Breached
OPS-010965,ORD-010965,2.9,6.0,4.9,1460,13.6,5.0,5.3,Breached
OPS-006493,ORD-006493,1.6,6.2,1.7,483,9.93,5.0,2.0,Met
OPS-002294,ORD-002294,1.4,7.6,5.3,1411,5.77,5.0,5.7,Breached
OPS-004923,ORD-004923,1.0,3.9,4.4,1429,5.11,5.0,4.6,Met
OPS-005283,ORD-005283,3.4,3.8,6.2,626,4.1,5.0,6.5,Breached
OPS-003023,ORD-003023,2.8,5.3,4.1,938,7.3,5.0,4.4,Met
OPS-007327,ORD-007327,3.1,1.3,6.3,1849,10.58,5.0,6.5,Breached
OPS-008985,ORD-008985,3.7,2.7,5.8,1158,12.45,5.0,6.1,Breached
OPS-009675,ORD-009675,1.0,7.9,4.0,930,10.29,5.0,4.4,Met
OPS-009596,ORD-009596,0.7,4.5,5.0,1012,5.51,5.0,5.2,Breached
OPS-009129,ORD-009129,2.6,6.1,2.9,694,4.56,5.0,3.3,Met
OPS-002287,ORD-002287,0.8,5.7,1.4,229,4.1,5.0,1.7,Met
OPS-004581,ORD-004581,1.9,5.7,3.1,1197,9.9,5.0,3.4,Met
OPS-000891,ORD-000891,2.3,6.1,2.7,108,11.44,5.0,3.1,Met
OPS-003048,ORD-003048,1.8,6.9,5.8,418,11.22,5.0,6.2,Breached
OPS-005179,ORD-005179,0.8,7.2,2.3,230,13.68,5.0,2.6,Met
OPS-006774,ORD-006774,1.6,5.2,1.2,1181,4.78,5.0,1.5,Met
OPS-008260,ORD-008260,1.3,7.4,5.7,479,13.98,5.0,6.1,Breached
OPS-004680,ORD-004680,2.8,3.5,6.4,1838,11.49,5.0,6.7,Breached
OPS-006834,ORD-006834,2.0,1.1,4.9,1862,4.29,5.0,5.0,Met
OPS-003947,ORD-003947,2.9,4.5,4.1,1899,11.92,5.0,4.4,Met
OPS-002426,ORD-002426,2.5,5.9,4.5,1604,10.24,5.0,4.8,Met
OPS-001784,ORD-001784,3.7,5.9,5.0,701,10.9,5.0,5.4,Breached
OPS-009838,ORD-009838,3.0,7.1,4.6,1519,9.77,5.0,5.0,Met
OPS-011721,ORD-011721,1.0,2.4,5.7,507,7.85,5.0,5.8,Breached
OPS-007092,ORD-007092,1.4,4.6,3.5,1775,4.39,5.0,3.8,Met
OPS-000799,ORD-000799,1.3,7.8,2.1,939,11.54,5.0,2.5,Met
OPS-000181,ORD-000181,2.3,5.9,3.4,667,6.17,5.0,3.7,Met
OPS-000804,ORD-000804,3.8,5.8,2.7,903,10.55,5.0,3.1,Met
OPS-009724,ORD-009724,0.9,2.8,3.1,100,7.53,5.0,3.3,Met
OPS-010177,ORD-010177,3.8,4.3,3.9,1424,12.81,5.0,4.2,Met
OPS-005640,ORD-005640,3.2,3.3,3.0,1757,11.45,5.0,3.3,Met
OPS-005607,ORD-005607,0.9,4.0,4.8,232,9.25,5.0,5.0,Met
OPS-002915,ORD-002915,1.0,7.9,4.2,116,8.85,5.0,4.6,Met
OPS-009250,ORD-009250,1.2,4.5,5.3,486,9.99,5.0,5.5,Breached
OPS-007928,ORD-007928,1.0,6.2,2.0,882,11.64,5.0,2.3,Met
OPS-012257,ORD-012257,2.2,6.3,1.7,313,4.01,5.0,2.1,Met
OPS-003926,ORD-003926,3.5,6.6,6.3,301,10.88,5.0,6.7,Breached
OPS-009371,ORD-009371,2.6,4.2,6.8,1358,7.71,5.0,7.1,Breached
OPS-006252,ORD-006252,3.7,6.2,2.4,978,9.6,5.0,2.8,Met
OPS-006244,ORD-006244,3.2,1.2,5.4,1587,9.32,5.0,5.6,Breached
OPS-003848,ORD-003848,2.2,4.4,3.9,1407,8.03,5.0,4.2,Met
OPS-000615,ORD-000615,1.8,1.3,3.0,1959,8.95,5.0,3.1,Met
OPS-009889,ORD-009889,2.9,5.5,3.2,366,8.9,5.0,3.6,Met
OPS-010643,ORD-010643,1.7,2.4,2.3,799,5.96,5.0,2.5,Met
OPS-009207,ORD-009207,1.1,2.4,2.6,1037,5.17,5.0,2.7,Met
OPS-003118,ORD-003118,3.8,3.7,2.1,1430,13.31,5.0,2.4,Met
OPS-009948,ORD-009948,3.6,6.9,6.8,1276,13.65,5.0,7.2,Breached
OPS-004778,ORD-004778,1.4,6.9,2.2,462,13.12,5.0,2.5,Met
OPS-012215,ORD-012215,1.6,7.8,2.2,971,8.47,5.0,2.6,Met
OPS-005223,ORD-005223,3.8,7.7,2.0,244,5.81,5.0,2.5,Met
OPS-008688,ORD-008688,1.0,2.4,2.5,1893,6.99,5.0,2.6,Met
OPS-008422,ORD-008422,3.2,4.1,1.3,1231,12.91,5.0,1.6,Met
OPS-008371,ORD-008371,2.9,2.4,5.5,907,11.37,5.0,5.7,Breached
OPS-008498,ORD-008498,3.9,2.6,6.4,1111,8.56,5.0,6.7,Breached
OPS-006333,ORD-006333,0.7,7.3,5.8,1495,12.75,5.0,6.1,Breached
OPS-001630,ORD-001630,0.8,7.8,5.6,259,9.02,5.0,6.0,Breached
OPS-001096,ORD-001096,2.5,1.6,4.2,1083,13.54,5.0,4.4,Met
OPS-008115,ORD-008115,2.6,4.4,6.9,568,5.25,5.0,7.2,Breached
OPS-003669,ORD-003669,3.0,7.3,7.0,441,11.96,5.0,7.4,Breached
OPS-009898,ORD-009898,1.0,4.7,5.7,591,10.62,5.0,5.9,Breached
OPS-002310,ORD-002310,0.7,7.2,3.4,548,10.03,5.0,3.7,Met
OPS-001479,ORD-001479,3.5,7.7,2.7,433,12.73,5.0,3.2,Met
OPS-009807,ORD-009807,1.6,2.5,7.0,1281,5.22,5.0,7.2,Breached
OPS-003816,ORD-003816,0.6,2.6,1.8,1331,10.03,5.0,1.9,Met
OPS-006974,ORD-006974,3.6,5.5,3.8,612,13.87,5.0,4.2,Met
OPS-001257,ORD-001257,2.4,8.0,4.9,1629,10.86,5.0,5.3,Breached
OPS-012171,ORD-012171,2.0,4.0,5.8,431,6.71,5.0,6.0,Breached
OPS-011660,ORD-011660,0.6,3.8,3.8,153,10.14,5.0,4.0,Met
OPS-006890,ORD-006890,2.1,2.1,5.0,879,13.08,5.0,5.2,Breached
OPS-002160,ORD-002160,1.4,7.1,5.0,548,13.15,5.0,5.4,Breached
OPS-001887,ORD-001887,2.5,1.1,5.1,1954,8.75,5.0,5.2,Breached
OPS-006772,ORD-006772,1.7,6.4,3.2,828,5.82,5.0,3.5,Met
OPS-003352,ORD-003352,1.6,2.2,6.5,1140,13.92,5.0,6.7,Breached
OPS-000812,ORD-000812,1.8,7.6,2.9,107,4.43,5.0,3.3,Met
OPS-007098,ORD-007098,2.2,1.8,4.6,1120,5.6,5.0,4.8,Met
OPS-004673,ORD-004673,3.7,1.6,2.4,400,12.72,5.0,2.6,Met
OPS-003855,ORD-003855,3.5,3.4,5.1,1522,12.08,5.0,5.4,Breached
OPS-001499,ORD-001499,1.0,2.3,1.2,695,8.04,5.0,1.3,Met
OPS-008891,ORD-008891,0.5,3.4,4.0,1315,7.92,5.0,4.2,Met
OPS-010669,ORD-010669,2.4,1.8,6.7,950,11.07,5.0,6.9,Breached
OPS-007167,ORD-007167,0.6,7.9,4.7,300,12.21,5.0,5.1,Breached
OPS-012189,ORD-012189,1.2,1.9,2.8,1530,11.17,5.0,2.9,Met
OPS-006771,ORD-006771,2.0,6.5,6.0,1138,4.81,5.0,6.4,Breached
OPS-008459,ORD-008459,3.3,5.1,2.7,1284,10.2,5.0,3.1,Met
OPS-005727,ORD-005727,1.4,5.4,6.4,1734,8.55,5.0,6.7,Breached
OPS-004878,ORD-004878,2.6,2.1,3.0,1850,12.59,5.0,3.2,Met
OPS-004725,ORD-004725,1.6,5.8,1.4,383,11.92,5.0,1.7,Met
OPS-003368,ORD-003368,2.1,4.9,5.8,1280,7.6,5.0,6.1,Breached
OPS-000066,ORD-000066,1.9,4.1,4.8,1078,9.28,5.0,5.0,Met
OPS-008169,ORD-008169,0.8,1.5,5.5,287,7.44,5.0,5.6,Breached
OPS-012336,ORD-012336,2.3,2.9,3.3,525,7.25,5.0,3.5,Met
OPS-011574,ORD-011574,2.9,5.4,3.8,1949,11.28,5.0,4.1,Met
OPS-003599,ORD-003599,3.1,4.1,5.3,989,9.11,5.0,5.6,Breached
OPS-001158,ORD-001158,2.7,2.6,3.1,789,12.59,5.0,3.3,Met
OPS-003484,ORD-003484,0.6,5.6,6.6,1660,6.34,5.0,6.9,Breached
OPS-000789,ORD-000789,2.6,1.1,2.1,1033,8.18,5.0,2.3,Met
OPS-011606,ORD-011606,2.1,7.0,2.4,1225,11.52,5.0,2.8,Met
OPS-007436,ORD-007436,2.7,3.1,6.5,925,10.84,5.0,6.7,Breached
OPS-000983,ORD-000983,3.3,4.9,7.0,1463,13.7,5.0,7.3,Breached
OPS-002967,ORD-002967,1.3,3.8,6.2,310,8.08,5.0,6.4,Breached
OPS-010234,ORD-010234,2.1,5.7,4.3,1499,4.89,5.0,4.6,Met
OPS-008141,ORD-008141,1.1,1.1,6.2,1995,12.22,5.0,6.3,Breached
OPS-012323,ORD-012323,1.9,7.1,1.4,639,7.53,5.0,1.8,Met
OPS-007959,ORD-007959,2.1,2.6,5.0,1844,12.01,5.0,5.2,Breached
OPS-007410,ORD-007410,2.6,2.9,1.5,392,6.46,5.0,1.7,Met
OPS-001850,ORD-001850,1.2,4.6,5.2,686,7.25,5.0,5.4,Breached
OPS-005707,ORD-005707,1.0,1.4,5.5,962,5.55,5.0,5.6,Breached
OPS-009305,ORD-009305,1.4,5.8,2.5,2000,6.46,5.0,2.8,Met
OPS-009639,ORD-009639,2.9,3.4,6.6,596,9.99,5.0,6.9,Breached
OPS-008974,ORD-008974,2.9,7.3,6.4,1323,11.75,5.0,6.8,Breached
OPS-003709,ORD-003709,3.7,5.7,2.8,477,13.8,5.0,3.2,Met
OPS-005947,ORD-005947,1.3,2.6,5.9,324,12.05,5.0,6.1,Breached
OPS-003220,ORD-003220,3.2,5.0,4.1,752,10.55,5.0,4.4,Met
OPS-006539,ORD-006539,1.3,6.3,5.9,1612,6.21,5.0,6.2,Breached
OPS-005583,ORD-005583,1.2,3.0,1.9,627,7.34,5.0,2.1,Met
OPS-006259,ORD-006259,3.4,2.2,6.3,1756,4.26,5.0,6.5,Breached
OPS-011123,ORD-011123,4.0,6.9,5.2,1103,6.14,5.0,5.7,Breached
OPS-008924,ORD-008924,2.8,5.0,1.8,156,13.88,5.0,2.1,Met
OPS-004609,ORD-004609,2.7,1.4,2.9,1506,8.65,5.0,3.1,Met
OPS-004230,ORD-004230,2.9,5.0,2.0,1711,6.4,5.0,2.3,Met
OPS-004083,ORD-004083,2.4,4.2,3.9,851,9.55,5.0,4.2,Met
OPS-002852,ORD-002852,3.0,5.4,3.9,1518,12.79,5.0,4.2,Met
OPS-009893,ORD-009893,1.8,3.8,1.2,1639,5.12,5.0,1.4,Met
OPS-010679,ORD-010679,2.5,3.9,6.1,1238,5.76,5.0,6.4,Breached
OPS-011293,ORD-011293,2.7,3.8,1.4,106,13.05,5.0,1.7,Met
OPS-003693,ORD-003693,1.7,4.6,5.6,814,4.59,5.0,5.9,Breached
OPS-000242,ORD-000242,3.2,7.4,4.7,1777,12.88,5.0,5.1,Breached
OPS-010250,ORD-010250,3.2,1.7,5.7,1016,12.92,5.0,5.9,Breached
OPS-000506,ORD-000506,2.1,5.5,4.1,697,7.42,5.0,4.4,Met
OPS-000682,ORD-000682,1.4,5.7,2.1,1058,13.74,5.0,2.4,Met
OPS-007946,ORD-007946,1.0,2.3,2.5,738,11.95,5.0,2.6,Met
OPS-000592,ORD-000592,2.9,4.8,6.2,1105,7.38,5.0,6.5,Breached
OPS-005928,ORD-005928,2.7,7.6,6.1,463,7.55,5.0,6.5,Breached
OPS-000100,ORD-000100,2.1,1.7,5.9,1289,11.6,5.0,6.1,Breached
OPS-004051,ORD-004051,1.2,4.8,4.4,1215,10.46,5.0,4.7,Met
OPS-002715,ORD-002715,1.6,3.4,2.1,389,6.76,5.0,2.3,Met
OPS-007235,ORD-007235,0.9,3.8,6.6,1581,6.86,5.0,6.8,Breached
OPS-003304,ORD-003304,2.1,4.6,2.7,782,4.66,5.0,3.0,Met
OPS-001764,ORD-001764,0.6,1.2,3.5,1644,7.89,5.0,3.6,Met
OPS-010516,ORD-010516,1.1,4.6,3.1,1144,11.54,5.0,3.3,Met
OPS-010406,ORD-010406,1.6,6.6,1.7,1595,11.19,5.0,2.0,Met
OPS-012442,ORD-012442,2.2,6.8,5.8,1706,12.76,5.0,6.2,Breached
OPS-010707,ORD-010707,0.8,4.0,3.0,1172,8.67,5.0,3.2,Met
OPS-003956,ORD-003956,1.9,2.9,3.4,1982,12.0,5.0,3.6,Met
OPS-002681,ORD-002681,0.8,6.4,6.5,1359,13.21,5.0,6.8,Breached
OPS-004943,ORD-004943,1.9,4.9,4.7,1030,4.21,5.0,5.0,Met
OPS-004974,ORD-004974,3.6,6.1,3.3,423,7.2,5.0,3.7,Met
OPS-011735,ORD-011735,1.5,1.3,5.6,1524,10.85,5.0,5.7,Breached
OPS-010840,ORD-010840,2.5,6.3,4.0,760,13.74,5.0,4.4,Met
OPS-000022,ORD-000022,3.4,4.3,4.5,926,8.2,5.0,4.8,Met
OPS-007755,ORD-007755,3.3,3.3,4.4,1442,7.3,5.0,4.7,Met
OPS-000052,ORD-000052,1.0,5.6,6.6,1663,6.57,5.0,6.9,Breached
OPS-007249,ORD-007249,0.7,6.2,3.3,558,7.04,5.0,3.6,Met
OPS-008360,ORD-008360,2.2,6.7,5.2,1048,9.73,5.0,5.6,Breached
OPS-010960,ORD-010960,2.5,2.2,6.2,1363,9.52,5.0,6.4,Breached
OPS-000380,ORD-000380,3.7,5.8,5.2,1050,9.56,5.0,5.6,Breached
OPS-011710,ORD-011710,3.6,5.1,6.0,774,12.94,5.0,6.4,Breached
OPS-011415,ORD-011415,3.5,7.3,6.9,240,6.89,5.0,7.4,Breached
OPS-010176,ORD-010176,3.8,3.2,3.8,1089,6.57,5.0,4.1,Met
OPS-005154,ORD-005154,1.1,4.1,1.4,321,11.85,5.0,1.6,Met
OPS-010039,ORD-010039,0.6,6.5,6.9,124,12.49,5.0,7.2,Breached
OPS-007145,ORD-007145,0.9,1.1,5.7,954,6.19,5.0,5.8,Breached
OPS-006591,ORD-006591,3.9,1.5,2.2,1665,11.99,5.0,2.4,Met
OPS-002730,ORD-002730,2.1,7.9,1.4,1568,13.36,5.0,1.8,Met
OPS-004033,ORD-004033,1.3,5.6,6.5,630,5.52,5.0,6.8,Breached
OPS-004672,ORD-004672,2.0,2.6,3.3,1442,12.32,5.0,3.5,Met
OPS-003765,ORD-003765,3.9,2.6,3.4,390,4.18,5.0,3.7,Met
OPS-003080,ORD-003080,1.0,3.7,1.8,1607,9.78,5.0,2.0,Met
OPS-002760,ORD-002760,3.5,3.3,3.0,584,12.59,5.0,3.3,Met
OPS-003711,ORD-003711,2.7,2.0,1.4,1438,4.91,5.0,1.6,Met
OPS-012327,ORD-012327,2.5,6.4,3.3,965,8.14,5.0,3.7,Met
OPS-003226,ORD-003226,2.9,7.1,4.2,1464,7.71,5.0,4.6,Met
OPS-007462,ORD-007462,2.9,1.4,4.4,177,8.14,5.0,4.6,Met
OPS-009399,ORD-009399,3.1,4.5,5.1,1842,9.27,5.0,5.4,Breached
OPS-004683,ORD-004683,3.2,7.4,1.2,648,5.51,5.0,1.6,Met
OPS-008984,ORD-008984,3.0,7.8,2.8,1098,6.65,5.0,3.2,Met
OPS-010271,ORD-010271,1.2,2.9,3.7,571,7.28,5.0,3.9,Met
OPS-011662,ORD-011662,2.1,5.0,3.0,357,7.73,5.0,3.3,Met
OPS-012412,ORD-012412,3.5,5.6,3.0,126,9.12,5.0,3.4,Met
OPS-010805,ORD-010805,1.5,5.8,1.0,1430,4.87,5.0,1.3,Met
OPS-004009,ORD-004009,2.1,3.8,5.8,987,13.17,5.0,6.0,Breached
OPS-012188,ORD-012188,1.8,4.9,4.9,853,4.66,5.0,5.2,Breached
OPS-012302,ORD-012302,2.6,3.1,1.9,642,12.87,5.0,2.1,Met
OPS-003387,ORD-003387,1.1,7.4,7.0,1157,7.62,5.0,7.4,Breached
OPS-010680,ORD-010680,3.3,5.7,1.1,247,9.7,5.0,1.5,Met
OPS-006896,ORD-006896,1.2,2.3,6.8,1937,7.94,5.0,6.9,Breached
OPS-005297,ORD-005297,0.6,1.2,4.1,710,7.68,5.0,4.2,Met
OPS-006159,ORD-006159,1.7,1.5,1.2,240,4.82,5.0,1.3,Met
OPS-006409,ORD-006409,4.0,6.7,4.7,668,10.1,5.0,5.1,Breached
OPS-003224,ORD-003224,1.2,4.7,2.2,1540,9.54,5.0,2.4,Met
OPS-012184,ORD-012184,3.8,1.7,4.6,1613,7.48,5.0,4.8,Met
OPS-000384,ORD-000384,1.4,1.8,3.1,719,10.57,5.0,3.2,Met
OPS-011865,ORD-011865,0.7,5.0,3.9,1748,9.49,5.0,4.1,Met
OPS-009270,ORD-009270,0.8,5.1,5.3,125,11.64,5.0,5.5,Breached
OPS-005103,ORD-005103,1.6,2.7,1.4,882,13.18,5.0,1.6,Met
OPS-000342,ORD-000342,3.4,7.1,6.6,1210,8.46,5.0,7.0,Breached
OPS-007391,ORD-007391,2.4,2.2,1.6,689,8.85,5.0,1.8,Met
OPS-008741,ORD-008741,2.7,6.7,6.9,554,7.94,5.0,7.3,Breached
OPS-001312,ORD-001312,3.3,1.6,5.1,1301,10.96,5.0,5.3,Breached
OPS-010863,ORD-010863,0.9,5.9,3.7,870,8.75,5.0,4.0,Met
OPS-004715,ORD-004715,0.9,3.5,6.3,1064,5.06,5.0,6.5,Breached
OPS-010775,ORD-010775,3.3,4.6,1.7,1717,5.42,5.0,2.0,Met
OPS-006743,ORD-006743,0.9,4.7,5.8,578,8.85,5.0,6.0,Breached
OPS-000627,ORD-000627,2.4,3.3,2.9,868,4.85,5.0,3.1,Met
OPS-005248,ORD-005248,2.9,1.3,2.0,1326,6.46,5.0,2.2,Met
OPS-009674,ORD-009674,3.0,4.3,6.5,1166,10.91,5.0,6.8,Breached
OPS-008186,ORD-008186,1.6,4.8,3.1,484,13.48,5.0,3.4,Met
OPS-009366,ORD-009366,1.3,7.2,2.0,537,8.91,5.0,2.4,Met
OPS-009765,ORD-009765,1.9,5.3,6.3,298,8.91,5.0,6.6,Breached
OPS-010439,ORD-010439,3.3,6.7,6.9,810,11.96,5.0,7.3,Breached
OPS-003452,ORD-003452,1.3,5.0,7.0,1084,11.06,5.0,7.3,Breached
OPS-000642,ORD-000642,2.5,7.5,2.5,1539,5.94,5.0,2.9,Met
OPS-006820,ORD-006820,1.4,7.2,1.2,888,5.02,5.0,1.6,Met
OPS-010064,ORD-010064,1.2,7.0,3.4,226,12.73,5.0,3.7,Met
OPS-008021,ORD-008021,1.6,2.3,6.4,266,10.01,5.0,6.6,Breached
OPS-009462,ORD-009462,2.2,2.2,4.5,101,5.17,5.0,4.7,Met
OPS-011877,ORD-011877,0.6,6.4,2.4,1863,12.89,5.0,2.7,Met
OPS-001109,ORD-001109,2.5,4.8,2.4,501,8.01,5.0,2.7,Met
OPS-010312,ORD-010312,0.5,4.8,1.7,1525,8.25,5.0,1.9,Met
OPS-005569,ORD-005569,1.0,7.2,5.0,1635,9.54,5.0,5.3,Breached
OPS-011884,ORD-011884,3.0,3.4,5.2,1307,13.46,5.0,5.5,Breached
OPS-010884,ORD-010884,2.4,1.8,6.6,1718,8.5,5.0,6.8,Breached
OPS-012464,ORD-012464,1.9,7.2,6.9,1269,10.36,5.0,7.3,Breached
OPS-008077,ORD-008077,0.9,2.9,4.6,801,11.97,5.0,4.8,Met
OPS-000243,ORD-000243,2.4,2.0,5.8,1396,6.21,5.0,6.0,Breached
OPS-007473,ORD-007473,1.2,4.1,5.1,1225,12.17,5.0,5.3,Breached
OPS-008224,ORD-008224,3.6,5.8,4.2,1642,8.02,5.0,4.6,Met
OPS-003136,ORD-003136,0.9,5.0,6.4,675,7.85,5.0,6.6,Breached
OPS-003465,ORD-003465,3.1,1.1,5.4,799,4.1,5.0,5.6,Breached
OPS-006057,ORD-006057,3.5,4.8,2.1,1552,8.58,5.0,2.4,Met
OPS-006374,ORD-006374,2.9,5.3,3.8,1067,6.87,5.0,4.1,Met
OPS-011925,ORD-011925,2.0,5.7,6.9,1823,9.86,5.0,7.2,Breached
OPS-008517,ORD-008517,1.9,1.0,5.7,1611,10.53,5.0,5.8,Breached
OPS-003193,ORD-003193,1.7,2.4,5.5,1228,6.18,5.0,5.7,Breached
OPS-006289,ORD-006289,3.2,7.8,5.4,441,6.31,5.0,5.9,Breached
OPS-007760,ORD-007760,2.0,5.9,3.7,1605,4.93,5.0,4.0,Met
OPS-006413,ORD-006413,3.4,3.6,6.3,555,12.6,5.0,6.6,Breached
OPS-011908,ORD-011908,2.2,1.6,6.7,402,13.9,5.0,6.9,Breached
OPS-006352,ORD-006352,3.7,7.8,1.6,1868,6.82,5.0,2.1,Met
OPS-010135,ORD-010135,1.8,2.3,5.9,797,10.29,5.0,6.1,Breached
OPS-008326,ORD-008326,3.5,6.4,3.1,1302,9.02,5.0,3.5,Met
OPS-008461,ORD-008461,3.8,1.2,5.9,1108,7.67,5.0,6.1,Breached
OPS-000821,ORD-000821,1.0,2.5,6.1,1559,6.33,5.0,6.2,Breached
OPS-012236,ORD-012236,2.8,2.5,6.6,257,4.94,5.0,6.8,Breached
OPS-004091,ORD-004091,1.0,6.7,2.5,323,8.84,5.0,2.8,Met
OPS-009265,ORD-009265,2.8,7.8,4.2,394,11.17,5.0,4.6,Met
OPS-004562,ORD-004562,1.7,7.1,1.9,428,11.68,5.0,2.3,Met
OPS-000613,ORD-000613,2.5,7.8,6.2,1855,10.68,5.0,6.6,Breached
OPS-000950,ORD-000950,2.4,2.9,1.3,109,12.07,5.0,1.5,Met
OPS-004756,ORD-004756,3.4,2.0,4.0,1783,5.92,5.0,4.2,Met
OPS-000649,ORD-000649,1.5,2.9,5.9,1428,5.25,5.0,6.1,Breached
OPS-007349,ORD-007349,1.9,4.7,2.5,1832,13.4,5.0,2.8,Met
OPS-002486,ORD-002486,1.9,2.5,5.2,1305,8.61,5.0,5.4,Breached
OPS-008027,ORD-008027,3.2,7.4,4.2,142,12.49,5.0,4.6,Met
OPS-004621,ORD-004621,1.7,4.9,3.1,111,10.16,5.0,3.4,Met
OPS-005976,ORD-005976,3.2,3.9,3.4,876,7.16,5.0,3.7,Met
OPS-001042,ORD-001042,2.4,1.1,1.8,1476,10.94,5.0,1.9,Met
OPS-008921,ORD-008921,2.0,2.2,2.3,438,13.06,5.0,2.5,Met
OPS-010161,ORD-010161,2.3,6.8,7.0,965,13.64,5.0,7.4,Breached
OPS-007706,ORD-007706,4.0,5.1,4.7,216,7.93,5.0,5.1,Breached
OPS-000330,ORD-000330,1.0,2.5,6.9,772,4.75,5.0,7.0,Breached
OPS-011641,ORD-011641,3.4,1.0,6.9,349,7.62,5.0,7.1,Breached
OPS-005209,ORD-005209,2.8,1.5,3.3,695,10.03,5.0,3.5,Met
OPS-003601,ORD-003601,1.2,4.2,1.4,832,4.24,5.0,1.6,Met
OPS-006876,ORD-006876,2.6,1.4,5.8,162,9.3,5.0,6.0,Breached
OPS-000036,ORD-000036,2.5,2.8,1.4,1112,5.84,5.0,1.6,Met
OPS-002613,ORD-002613,1.0,1.7,4.7,1934,10.15,5.0,4.8,Met
OPS-000949,ORD-000949,3.8,7.4,5.0,444,5.21,5.0,5.5,Breached
OPS-000897,ORD-000897,1.1,1.6,2.9,430,11.87,5.0,3.0,Met
OPS-006421,ORD-006421,3.1,2.6,4.6,1231,12.12,5.0,4.8,Met
OPS-001988,ORD-001988,2.5,7.7,3.8,656,5.8,5.0,4.2,Met
OPS-008831,ORD-008831,3.7,7.5,1.5,1021,10.4,5.0,2.0,Met
OPS-012130,ORD-012130,3.9,6.9,6.4,1845,4.44,5.0,6.9,Breached
OPS-007993,ORD-007993,2.1,7.5,2.0,1466,11.7,5.0,2.4,Met
OPS-010076,ORD-010076,3.0,7.7,1.5,1774,12.59,5.0,1.9,Met
OPS-000290,ORD-000290,1.3,4.3,2.6,343,10.58,5.0,2.8,Met
OPS-001608,ORD-001608,1.2,2.6,3.1,678,10.47,5.0,3.3,Met
OPS-003513,ORD-003513,1.7,6.6,3.5,1809,7.69,5.0,3.8,Met
OPS-008128,ORD-008128,3.0,6.0,6.3,603,9.7,5.0,6.7,Breached
OPS-008929,ORD-008929,1.8,2.9,3.0,125,6.83,5.0,3.2,Met
OPS-006878,ORD-006878,0.6,2.1,4.2,1894,9.8,5.0,4.3,Met
OPS-006804,ORD-006804,0.7,5.1,4.7,837,7.16,5.0,4.9,Met
OPS-003212,ORD-003212,1.7,5.4,1.8,1685,5.7,5.0,2.1,Met
OPS-001929,ORD-001929,2.3,6.8,4.5,1791,5.54,5.0,4.9,Met
OPS-010620,ORD-010620,3.1,6.8,3.2,431,4.46,5.0,3.6,Met
OPS-006405,ORD-006405,1.3,3.4,4.0,171,4.87,5.0,4.2,Met
OPS-006569,ORD-006569,1.7,1.6,5.3,1958,6.53,5.0,5.4,Breached
OPS-005392,ORD-005392,2.9,2.4,5.0,663,9.03,5.0,5.2,Breached
OPS-012334,ORD-012334,3.8,2.4,4.0,354,12.75,5.0,4.3,Met
OPS-007981,ORD-007981,1.5,6.6,1.8,1092,13.76,5.0,2.1,Met
OPS-010367,ORD-010367,0.8,4.5,6.5,1205,12.95,5.0,6.7,Breached
OPS-008316,ORD-008316,2.8,3.3,6.5,1209,6.14,5.0,6.8,Breached
OPS-012083,ORD-012083,3.1,1.1,4.3,912,7.45,5.0,4.5,Met
OPS-000680,ORD-000680,2.9,5.4,2.1,461,7.1,5.0,2.4,Met
OPS-006592,ORD-006592,3.8,3.6,2.5,762,12.54,5.0,2.8,Met
OPS-009660,ORD-009660,0.8,6.7,4.6,525,12.0,5.0,4.9,Met
OPS-007696,ORD-007696,3.2,3.6,2.8,482,8.43,5.0,3.1,Met
OPS-005975,ORD-005975,1.9,4.8,2.5,1177,7.08,5.0,2.8,Met
OPS-000816,ORD-000816,2.4,7.2,2.2,1924,7.54,5.0,2.6,Met
OPS-009134,ORD-009134,2.5,4.5,1.7,1660,4.91,5.0,2.0,Met
OPS-007439,ORD-007439,2.1,1.9,3.6,389,12.59,5.0,3.8,Met
OPS-005159,ORD-005159,3.8,7.5,3.8,488,9.0,5.0,4.3,Met
OPS-003804,ORD-003804,3.8,6.1,4.3,1077,12.49,5.0,4.7,Met
OPS-003407,ORD-003407,2.2,2.7,4.7,1502,4.09,5.0,4.9,Met
OPS-006019,ORD-006019,1.5,7.2,4.6,1880,13.82,5.0,5.0,Met
OPS-000373,ORD-000373,1.5,3.7,3.4,334,13.74,5.0,3.6,Met
OPS-009688,ORD-009688,1.6,1.0,3.3,871,8.24,5.0,3.4,Met
OPS-006603,ORD-006603,1.0,2.9,3.5,1275,11.36,5.0,3.7,Met
OPS-011184,ORD-011184,2.1,1.8,1.7,1583,6.63,5.0,1.9,Met
OPS-010258,ORD-010258,0.6,6.2,6.9,1117,11.49,5.0,7.2,Breached
OPS-005935,ORD-005935,2.1,5.4,6.6,1947,12.43,5.0,6.9,Breached
OPS-009613,ORD-009613,3.6,7.3,3.5,1545,4.04,5.0,4.0,Met
OPS-000223,ORD-000223,2.6,5.3,4.8,351,8.95,5.0,5.1,Breached
OPS-005441,ORD-005441,3.2,7.8,1.6,954,11.18,5.0,2.1,Met
OPS-005966,ORD-005966,2.6,3.1,1.5,1259,5.87,5.0,1.7,Met
OPS-002199,ORD-002199,3.9,5.6,1.4,374,9.96,5.0,1.8,Met
OPS-001145,ORD-001145,2.9,6.5,2.6,1600,4.98,5.0,3.0,Met
OPS-005762,ORD-005762,3.0,7.6,1.1,1041,7.11,5.0,1.5,Met
OPS-007864,ORD-007864,2.3,2.5,6.7,545,8.26,5.0,6.9,Breached
OPS-007227,ORD-007227,1.0,4.6,1.7,386,8.6,5.0,1.9,Met
OPS-011248,ORD-011248,1.5,5.7,6.9,1114,6.18,5.0,7.2,Breached
OPS-000826,ORD-000826,2.9,3.0,3.5,548,13.53,5.0,3.7,Met
OPS-003665,ORD-003665,2.2,4.2,2.2,1475,6.02,5.0,2.5,Met
OPS-000365,ORD-000365,2.2,7.5,1.0,634,4.55,5.0,1.4,Met
OPS-008571,ORD-008571,3.7,3.6,2.2,604,13.73,5.0,2.5,Met
OPS-003040,ORD-003040,2.6,7.0,5.5,489,11.75,5.0,5.9,Breached
OPS-010675,ORD-010675,2.3,7.6,5.6,343,11.5,5.0,6.0,Breached
OPS-010513,ORD-010513,1.6,7.9,6.7,540,11.54,5.0,7.1,Breached
OPS-007709,ORD-007709,3.7,1.4,2.7,846,4.67,5.0,2.9,Met
OPS-010102,ORD-010102,2.7,5.3,3.4,776,11.71,5.0,3.7,Met
OPS-009634,ORD-009634,2.1,6.9,3.8,1303,9.64,5.0,4.2,Met
OPS-010624,ORD-010624,3.1,3.5,1.6,997,8.24,5.0,1.9,Met
OPS-003714,ORD-003714,0.9,2.2,7.0,929,13.65,5.0,7.1,Breached
OPS-000477,ORD-000477,1.7,1.5,1.6,941,4.58,5.0,1.7,Met
OPS-001048,ORD-001048,3.5,5.2,2.2,1526,7.88,5.0,2.6,Met
OPS-005885,ORD-005885,1.9,2.3,2.7,359,4.65,5.0,2.9,Met
OPS-012174,ORD-012174,0.5,2.5,5.9,1187,10.36,5.0,6.0,Breached
OPS-002075,ORD-002075,2.6,7.6,4.2,442,10.3,5.0,4.6,Met
OPS-008507,ORD-008507,3.4,7.1,3.1,996,9.93,5.0,3.5,Met
OPS-001131,ORD-001131,2.8,7.2,1.0,495,11.25,5.0,1.4,Met
OPS-004068,ORD-004068,0.6,5.2,7.0,1757,5.59,5.0,7.2,Breached
OPS-002487,ORD-002487,1.7,7.7,3.3,877,13.49,5.0,3.7,Met
OPS-011507,ORD-011507,3.4,5.1,6.5,582,9.29,5.0,6.9,Breached
OPS-006904,ORD-006904,1.7,2.3,4.2,1781,11.92,5.0,4.4,Met
OPS-007177,ORD-007177,1.1,3.7,2.6,1444,11.91,5.0,2.8,Met
OPS-009126,ORD-009126,1.4,1.7,2.2,1612,13.33,5.0,2.3,Met
OPS-006471,ORD-006471,3.8,4.0,3.0,1500,4.23,5.0,3.3,Met
OPS-010370,ORD-010370,1.5,4.8,4.9,560,12.52,5.0,5.2,Breached
OPS-012316,ORD-012316,3.0,3.7,2.8,1225,4.34,5.0,3.1,Met
OPS-000940,ORD-000940,1.2,1.9,6.8,527,7.61,5.0,6.9,Breached
OPS-004314,ORD-004314,2.4,3.0,6.7,1885,11.6,5.0,6.9,Breached
OPS-004546,ORD-004546,3.1,4.8,1.1,225,11.67,5.0,1.4,Met
OPS-008949,ORD-008949,3.1,5.2,5.8,1632,7.42,5.0,6.1,Breached
OPS-012303,ORD-012303,2.0,3.3,4.2,1905,6.52,5.0,4.4,Met
OPS-011099,ORD-011099,3.2,5.9,6.0,764,6.02,5.0,6.4,Breached
OPS-004389,ORD-004389,2.7,3.6,4.7,1836,10.19,5.0,5.0,Met
OPS-009254,ORD-009254,0.8,7.9,3.1,1844,11.16,5.0,3.5,Met
OPS-005624,ORD-005624,1.4,6.1,4.4,863,11.76,5.0,4.7,Met
OPS-009332,ORD-009332,2.6,6.8,3.8,1074,13.21,5.0,4.2,Met
OPS-000425,ORD-000425,1.5,5.0,6.9,251,8.09,5.0,7.2,Breached
OPS-011412,ORD-011412,2.0,5.5,4.0,306,4.73,5.0,4.3,Met
OPS-003160,ORD-003160,3.1,3.1,4.9,211,10.86,5.0,5.2,Breached
OPS-010508,ORD-010508,1.6,3.3,6.3,831,8.41,5.0,6.5,Breached
OPS-011401,ORD-011401,1.0,5.1,5.5,590,11.82,5.0,5.8,Breached
OPS-001246,ORD-001246,3.2,1.1,6.0,531,10.58,5.0,6.2,Breached
OPS-009040,ORD-009040,2.1,2.2,5.2,1332,6.9,5.0,5.4,Breached
OPS-006104,ORD-006104,3.6,3.3,1.9,762,6.3,5.0,2.2,Met
OPS-005571,ORD-005571,3.2,6.4,2.3,1403,8.58,5.0,2.7,Met
OPS-007535,ORD-007535,3.3,2.3,5.3,342,13.21,5.0,5.5,Breached
OPS-008488,ORD-008488,3.1,8.0,5.1,587,8.31,5.0,5.6,Breached
OPS-012491,ORD-012491,1.8,5.8,7.0,967,11.81,5.0,7.3,Breached
OPS-008376,ORD-008376,1.6,3.9,6.0,865,12.2,5.0,6.2,Breached
OPS-003362,ORD-003362,1.9,3.4,1.3,126,4.67,5.0,1.5,Met
OPS-004248,ORD-004248,1.0,6.4,2.5,1862,9.55,5.0,2.8,Met
OPS-004525,ORD-004525,3.3,5.3,1.1,1086,6.76,5.0,1.5,Met
OPS-006043,ORD-006043,2.4,4.3,5.7,885,9.48,5.0,6.0,Breached
OPS-010120,ORD-010120,0.9,2.7,6.2,1817,13.02,5.0,6.4,Breached
OPS-009464,ORD-009464,2.2,7.8,3.7,1928,7.19,5.0,4.1,Met
OPS-006866,ORD-006866,1.6,4.0,6.9,1160,12.43,5.0,7.1,Breached
OPS-010908,ORD-010908,3.0,4.9,1.9,786,12.79,5.0,2.2,Met
OPS-011855,ORD-011855,1.9,8.0,4.5,433,7.57,5.0,4.9,Met
OPS-012478,ORD-012478,3.9,4.1,6.8,724,8.99,5.0,7.1,Breached
OPS-012444,ORD-012444,3.6,5.2,5.7,915,5.25,5.0,6.1,Breached
OPS-000222,ORD-000222,3.9,4.4,2.2,1415,8.99,5.0,2.5,Met
OPS-001857,ORD-001857,0.8,2.6,2.2,480,9.26,5.0,2.3,Met
OPS-001424,ORD-001424,2.5,4.3,4.5,1831,5.25,5.0,4.8,Met
OPS-006877,ORD-006877,1.4,4.1,6.4,1919,4.09,5.0,6.6,Breached
OPS-002101,ORD-002101,1.8,7.0,5.7,1863,8.4,5.0,6.1,Breached
OPS-008990,ORD-008990,3.4,1.7,2.5,1396,11.51,5.0,2.7,Met
OPS-011021,ORD-011021,1.1,6.0,2.2,1332,13.39,5.0,2.5,Met
OPS-009592,ORD-009592,3.7,1.4,5.0,278,7.09,5.0,5.2,Breached
OPS-007269,ORD-007269,4.0,7.4,7.0,355,8.72,5.0,7.5,Breached
OPS-006341,ORD-006341,3.6,2.8,2.9,439,8.95,5.0,3.2,Met
OPS-004005,ORD-004005,2.8,1.1,6.9,860,4.4,5.0,7.1,Breached
OPS-005923,ORD-005923,3.7,6.4,1.6,990,6.96,5.0,2.0,Met
OPS-009792,ORD-009792,2.3,1.7,3.7,1592,10.19,5.0,3.9,Met
OPS-004233,ORD-004233,3.4,4.6,1.8,1303,6.73,5.0,2.1,Met
OPS-008684,ORD-008684,0.9,1.1,1.5,413,11.18,5.0,1.6,Met
OPS-007776,ORD-007776,1.2,1.6,5.2,629,13.27,5.0,5.3,Breached
OPS-009396,ORD-009396,3.5,2.7,6.6,589,9.16,5.0,6.9,Breached
OPS-003641,ORD-003641,2.2,2.6,1.6,889,7.48,5.0,1.8,Met
OPS-011800,ORD-011800,0.7,7.6,3.0,184,8.18,5.0,3.3,Met
OPS-002322,ORD-002322,1.3,1.9,1.9,806,10.28,5.0,2.0,Met
OPS-005674,ORD-005674,3.8,1.7,6.4,1051,5.71,5.0,6.6,Breached
OPS-007883,ORD-007883,1.3,4.1,2.0,1006,13.45,5.0,2.2,Met
OPS-012008,ORD-012008,0.6,7.0,4.8,819,12.26,5.0,5.1,Breached
OPS-004825,ORD-004825,3.7,5.4,2.8,1782,8.95,5.0,3.2,Met
OPS-004574,ORD-004574,2.3,2.4,1.9,209,5.59,5.0,2.1,Met
OPS-001527,ORD-001527,0.8,6.7,6.2,1075,12.83,5.0,6.5,Breached
OPS-002140,ORD-002140,3.8,2.0,6.5,471,10.6,5.0,6.7,Breached
OPS-009611,ORD-009611,3.7,1.8,4.3,1809,12.09,5.0,4.5,Met
OPS-002707,ORD-002707,2.9,7.0,2.7,216,11.11,5.0,3.1,Met
OPS-004944,ORD-004944,3.3,4.5,6.4,1763,11.87,5.0,6.7,Breached
OPS-008333,ORD-008333,3.2,1.4,5.7,1079,7.78,5.0,5.9,Breached
OPS-001994,ORD-001994,1.2,3.1,5.9,1541,13.46,5.0,6.1,Breached
OPS-011435,ORD-011435,2.6,3.1,5.2,525,6.07,5.0,5.4,Breached
OPS-000554,ORD-000554,0.7,4.0,3.5,151,11.8,5.0,3.7,Met
OPS-009755,ORD-009755,2.5,2.2,1.1,416,8.97,5.0,1.3,Met
OPS-002610,ORD-002610,3.4,1.1,5.0,1209,7.98,5.0,5.2,Breached
OPS-000697,ORD-000697,1.9,3.2,6.4,1373,13.78,5.0,6.6,Breached
OPS-012311,ORD-012311,3.0,6.1,5.0,1159,11.63,5.0,5.4,Breached
OPS-010553,ORD-010553,2.4,3.2,6.4,810,5.2,5.0,6.6,Breached
OPS-007583,ORD-007583,2.5,5.8,1.1,1198,12.75,5.0,1.4,Met
OPS-002128,ORD-002128,2.5,1.9,1.2,775,13.66,5.0,1.4,Met
OPS-005348,ORD-005348,3.4,1.3,6.7,1143,11.91,5.0,6.9,Breached
OPS-008877,ORD-008877,2.9,1.8,2.0,1147,9.19,5.0,2.2,Met
OPS-009965,ORD-009965,3.1,4.4,2.8,1584,6.14,5.0,3.1,Met
OPS-006515,ORD-006515,3.5,4.2,5.1,835,9.31,5.0,5.4,Breached
OPS-007137,ORD-007137,2.9,5.6,5.7,1252,13.65,5.0,6.1,Breached
OPS-008681,ORD-008681,3.1,1.8,4.3,136,6.59,5.0,4.5,Met
OPS-000931,ORD-000931,2.7,2.3,6.5,1633,13.13,5.0,6.7,Breached
OPS-009911,ORD-009911,2.4,1.3,4.6,1008,9.21,5.0,4.8,Met
OPS-002236,ORD-002236,1.0,2.1,2.3,1137,9.67,5.0,2.4,Met
OPS-006121,ORD-006121,1.5,1.3,2.0,1386,8.07,5.0,2.1,Met
OPS-010087,ORD-010087,3.7,1.5,5.2,382,12.17,5.0,5.4,Breached
OPS-004000,ORD-004000,1.6,2.5,1.6,1567,13.21,5.0,1.8,Met
OPS-011174,ORD-011174,2.1,6.6,1.2,1668,6.33,5.0,1.6,Met
OPS-002321,ORD-002321,3.6,5.9,1.3,923,11.23,5.0,1.7,Met
OPS-000483,ORD-000483,1.7,7.0,6.6,1230,12.69,5.0,7.0,Breached
OPS-011554,ORD-011554,3.2,3.5,3.4,123,6.17,5.0,3.7,Met
OPS-011071,ORD-011071,2.8,7.0,6.8,1805,11.09,5.0,7.2,Breached
OPS-002878,ORD-002878,2.0,7.5,2.3,1021,13.39,5.0,2.7,Met
OPS-011583,ORD-011583,3.9,5.1,2.8,468,10.86,5.0,3.2,Met
OPS-009997,ORD-009997,0.7,8.0,4.5,1021,9.95,5.0,4.9,Met
OPS-010417,ORD-010417,2.4,3.0,1.1,747,9.36,5.0,1.3,Met
OPS-004810,ORD-004810,2.2,7.9,2.2,736,10.67,5.0,2.6,Met
OPS-003722,ORD-003722,1.7,5.4,2.1,1448,12.61,5.0,2.4,Met
OPS-007841,ORD-007841,1.0,1.0,6.5,669,10.03,5.0,6.6,Breached
OPS-011731,ORD-011731,4.0,3.8,4.9,1204,11.71,5.0,5.2,Breached
OPS-003955,ORD-003955,1.6,6.2,2.6,1571,9.85,5.0,2.9,Met
OPS-009766,ORD-009766,1.0,1.3,6.3,1217,6.63,5.0,6.4,Breached
OPS-009646,ORD-009646,3.6,3.7,5.2,973,6.7,5.0,5.5,Breached
OPS-001641,ORD-001641,3.4,7.2,6.9,880,12.86,5.0,7.3,Breached
OPS-004360,ORD-004360,2.2,6.9,1.4,758,7.62,5.0,1.8,Met
OPS-003421,ORD-003421,2.3,1.9,4.2,1956,5.77,5.0,4.4,Met
OPS-006612,ORD-006612,1.5,4.0,2.4,1023,7.53,5.0,2.6,Met
OPS-006566,ORD-006566,3.2,4.2,5.5,658,13.97,5.0,5.8,Breached
OPS-007371,ORD-007371,2.2,5.9,1.1,1156,5.34,5.0,1.4,Met
OPS-010755,ORD-010755,1.4,7.5,1.7,783,10.29,5.0,2.1,Met
OPS-010356,ORD-010356,0.6,5.4,2.3,231,9.48,5.0,2.5,Met
OPS-001130,ORD-001130,3.1,2.3,2.0,595,13.04,5.0,2.2,Met
OPS-004735,ORD-004735,3.0,3.3,5.6,1542,13.34,5.0,5.9,Breached
OPS-008856,ORD-008856,1.3,4.9,4.0,1678,11.08,5.0,4.3,Met
OPS-001495,ORD-001495,2.8,4.0,5.7,1408,9.85,5.0,6.0,Breached
OPS-002801,ORD-002801,3.8,7.4,6.9,1077,13.87,5.0,7.4,Breached
OPS-005133,ORD-005133,2.2,1.4,3.6,542,9.93,5.0,3.8,Met
OPS-010688,ORD-010688,2.1,2.9,3.9,374,10.74,5.0,4.1,Met
OPS-005440,ORD-005440,3.9,6.9,3.4,916,8.63,5.0,3.9,Met
OPS-008855,ORD-008855,0.7,5.5,1.2,1807,7.69,5.0,1.5,Met
OPS-007191,ORD-007191,3.6,2.0,2.7,1500,4.76,5.0,2.9,Met
OPS-007168,ORD-007168,3.3,4.8,6.0,1767,6.19,5.0,6.3,Breached
OPS-000507,ORD-000507,3.9,3.7,4.4,975,13.82,5.0,4.7,Met
OPS-004586,ORD-004586,2.3,1.5,6.7,1861,5.69,5.0,6.9,Breached
OPS-004070,ORD-004070,3.2,3.9,5.9,732,5.69,5.0,6.2,Breached
OPS-009764,ORD-009764,3.3,6.6,4.3,1228,5.1,5.0,4.7,Met
OPS-008307,ORD-008307,3.0,8.0,3.5,1201,13.65,5.0,4.0,Met
OPS-001894,ORD-001894,2.6,5.5,2.9,1487,9.21,5.0,3.2,Met
OPS-007818,ORD-007818,0.5,6.2,2.5,1363,10.72,5.0,2.8,Met
OPS-011745,ORD-011745,1.0,2.4,4.4,1025,11.05,5.0,4.5,Met
OPS-005220,ORD-005220,3.8,7.2,4.4,1145,11.76,5.0,4.9,Met
OPS-005925,ORD-005925,1.4,5.7,3.9,1180,4.09,5.0,4.2,Met
OPS-002571,ORD-002571,3.9,6.6,4.7,883,13.35,5.0,5.1,Breached
OPS-010125,ORD-010125,1.1,6.9,6.1,1646,10.0,5.0,6.4,Breached
OPS-011582,ORD-011582,1.5,2.7,5.3,189,7.22,5.0,5.5,Breached
OPS-010227,ORD-010227,1.8,6.1,1.7,1559,5.24,5.0,2.0,Met
OPS-006406,ORD-006406,3.6,2.3,1.4,1731,13.88,5.0,1.6,Met
OPS-002167,ORD-002167,2.9,4.8,1.0,1427,13.33,5.0,1.3,Met
OPS-002954,ORD-002954,2.6,5.3,3.5,1297,5.21,5.0,3.8,Met
OPS-003251,ORD-003251,3.8,2.3,3.3,723,4.47,5.0,3.6,Met
OPS-003041,ORD-003041,2.9,2.1,4.0,797,8.84,5.0,4.2,Met
OPS-004841,ORD-004841,3.6,1.6,1.3,433,8.2,5.0,1.5,Met
OPS-007757,ORD-007757,3.0,6.7,6.6,359,7.98,5.0,7.0,Breached
OPS-011371,ORD-011371,3.3,7.0,4.8,586,8.04,5.0,5.2,Breached
OPS-003348,ORD-003348,1.6,5.8,4.0,647,9.08,5.0,4.3,Met
OPS-001306,ORD-001306,1.9,7.8,4.4,1911,6.95,5.0,4.8,Met
OPS-007879,ORD-007879,2.6,4.3,3.4,188,8.36,5.0,3.7,Met
OPS-007945,ORD-007945,1.2,6.5,2.6,151,11.66,5.0,2.9,Met
OPS-011613,ORD-011613,0.9,6.7,2.2,1319,10.08,5.0,2.5,Met
OPS-006975,ORD-006975,0.8,3.9,1.7,1294,5.24,5.0,1.9,Met
OPS-005137,ORD-005137,3.3,2.4,1.7,1882,6.17,5.0,1.9,Met
OPS-004388,ORD-004388,1.5,7.0,6.2,565,5.18,5.0,6.6,Breached
OPS-008830,ORD-008830,1.2,4.0,1.0,648,10.28,5.0,1.2,Met
OPS-010372,ORD-010372,1.2,7.6,2.0,1621,12.5,5.0,2.4,Met
OPS-007770,ORD-007770,0.9,6.9,5.0,205,4.79,5.0,5.3,Breached
OPS-006723,ORD-006723,3.7,4.3,2.4,694,6.82,5.0,2.7,Met
OPS-009262,ORD-009262,1.8,3.6,6.7,1020,13.77,5.0,6.9,Breached
OPS-005516,ORD-005516,1.5,1.1,5.2,310,8.92,5.0,5.3,Breached
OPS-008560,ORD-008560,0.9,5.9,3.2,406,9.01,5.0,3.5,Met
OPS-002556,ORD-002556,1.7,1.5,5.9,139,9.6,5.0,6.0,Breached
OPS-008771,ORD-008771,1.7,2.5,5.5,681,10.3,5.0,5.7,Breached
OPS-010639,ORD-010639,1.7,3.8,6.9,1202,10.68,5.0,7.1,Breached
OPS-011646,ORD-011646,3.5,3.9,2.6,1146,6.76,5.0,2.9,Met
OPS-000906,ORD-000906,3.7,5.2,1.3,1858,11.71,5.0,1.7,Met
OPS-000175,ORD-000175,1.0,6.0,1.4,841,10.01,5.0,1.7,Met
OPS-000619,ORD-000619,3.1,7.1,4.7,1142,13.37,5.0,5.1,Breached
OPS-008406,ORD-008406,1.5,7.0,6.6,1155,5.6,5.0,7.0,Breached
OPS-000258,ORD-000258,1.0,1.5,1.1,170,5.33,5.0,1.2,Met
OPS-005140,ORD-005140,3.8,2.6,1.7,1291,7.18,5.0,2.0,Met
OPS-001155,ORD-001155,3.6,2.6,3.3,769,13.31,5.0,3.6,Met
OPS-008792,ORD-008792,1.4,6.5,2.9,136,11.96,5.0,3.2,Met
OPS-000663,ORD-000663,1.0,2.4,2.8,1625,9.35,5.0,2.9,Met
OPS-010007,ORD-010007,2.4,2.8,4.8,1491,4.86,5.0,5.0,Met
OPS-006399,ORD-006399,1.9,3.6,1.2,230,5.58,5.0,1.4,Met
OPS-000810,ORD-000810,2.1,4.3,1.6,1798,6.83,5.0,1.9,Met
OPS-006126,ORD-006126,3.4,2.2,6.1,1492,4.61,5.0,6.3,Breached
OPS-011690,ORD-011690,2.3,1.8,4.5,1508,5.15,5.0,4.7,Met
OPS-003276,ORD-003276,1.0,1.0,4.5,333,11.36,5.0,4.6,Met
OPS-006676,ORD-006676,2.0,6.3,5.3,756,6.62,5.0,5.6,Breached
OPS-002298,ORD-002298,1.8,4.7,2.8,1865,8.72,5.0,3.1,Met
OPS-008265,ORD-008265,3.8,6.2,6.7,348,5.81,5.0,7.1,Breached
OPS-005059,ORD-005059,3.6,7.0,4.9,1056,5.82,5.0,5.3,Breached
OPS-009637,ORD-009637,0.7,1.2,3.6,1154,13.87,5.0,3.7,Met
OPS-007669,ORD-007669,1.7,4.1,4.3,1649,8.0,5.0,4.5,Met
OPS-007805,ORD-007805,0.8,4.7,2.9,925,12.5,5.0,3.1,Met
OPS-009656,ORD-009656,1.1,4.3,3.5,523,11.2,5.0,3.7,Met
OPS-006309,ORD-006309,4.0,4.2,2.9,705,11.47,5.0,3.2,Met
OPS-000070,ORD-000070,3.1,5.1,6.2,1953,8.75,5.0,6.5,Breached
OPS-011519,ORD-011519,1.3,3.9,6.4,1127,13.56,5.0,6.6,Breached
OPS-005316,ORD-005316,2.4,3.8,4.2,1576,9.93,5.0,4.5,Met
OPS-005793,ORD-005793,1.3,1.2,4.8,423,5.46,5.0,4.9,Met
OPS-010868,ORD-010868,0.8,5.0,1.1,271,4.78,5.0,1.3,Met
OPS-005381,ORD-005381,3.7,7.1,6.0,1487,4.37,5.0,6.5,Breached
OPS-005991,ORD-005991,1.7,7.7,4.0,1159,6.34,5.0,4.4,Met
OPS-010074,ORD-010074,3.3,7.3,4.3,861,4.38,5.0,4.7,Met
OPS-000872,ORD-000872,2.0,5.6,1.0,1495,7.0,5.0,1.3,Met
OPS-004887,ORD-004887,2.4,2.1,2.9,1637,12.4,5.0,3.1,Met
OPS-006657,ORD-006657,3.0,3.5,6.2,137,9.58,5.0,6.5,Breached
OPS-003763,ORD-003763,3.1,4.9,3.1,986,8.06,5.0,3.4,Met
OPS-009972,ORD-009972,3.2,5.2,2.7,925,12.48,5.0,3.1,Met
OPS-002096,ORD-002096,2.4,5.8,3.4,224,6.04,5.0,3.7,Met
OPS-011492,ORD-011492,3.5,6.3,6.1,668,12.52,5.0,6.5,Breached
OPS-005364,ORD-005364,3.7,6.7,3.7,1658,6.59,5.0,4.1,Met
OPS-005088,ORD-005088,1.7,2.5,2.2,612,7.66,5.0,2.4,Met
OPS-004836,ORD-004836,2.5,1.7,2.4,1758,8.67,5.0,2.6,Met
OPS-008962,ORD-008962,0.7,6.9,4.9,409,9.3,5.0,5.2,Breached
OPS-009591,ORD-009591,1.1,3.9,3.8,1007,7.08,5.0,4.0,Met
OPS-008533,ORD-008533,2.3,4.1,2.1,400,12.83,5.0,2.4,Met
OPS-009788,ORD-009788,3.1,2.8,6.7,1830,11.34,5.0,6.9,Breached
OPS-010212,ORD-010212,1.5,7.5,5.8,1358,6.41,5.0,6.2,Breached
OPS-009609,ORD-009609,2.4,2.1,6.8,977,5.93,5.0,7.0,Breached
OPS-010824,ORD-010824,3.8,1.8,2.4,535,11.64,5.0,2.6,Met
OPS-001519,ORD-001519,3.8,2.3,6.4,1379,7.5,5.0,6.7,Breached
OPS-010325,ORD-010325,2.7,3.8,4.9,1870,7.01,5.0,5.2,Breached
OPS-012021,ORD-012021,2.6,4.0,2.5,1707,9.83,5.0,2.8,Met
OPS-004330,ORD-004330,3.1,2.4,1.6,954,10.07,5.0,1.8,Met
OPS-000484,ORD-000484,1.4,4.9,1.5,982,8.1,5.0,1.8,Met
OPS-009242,ORD-009242,2.7,1.6,2.8,1957,4.37,5.0,3.0,Met
OPS-004420,ORD-004420,3.8,1.5,5.6,854,7.15,5.0,5.8,Breached
OPS-012112,ORD-012112,3.4,1.4,5.7,1474,12.47,5.0,5.9,Breached
OPS-001996,ORD-001996,2.1,2.3,5.6,698,9.36,5.0,5.8,Breached
OPS-007764,ORD-007764,2.1,1.5,2.2,910,6.49,5.0,2.4,Met
OPS-002406,ORD-002406,2.8,6.2,6.0,1851,13.98,5.0,6.4,Breached
OPS-006670,ORD-006670,1.0,4.1,3.3,419,7.87,5.0,3.5,Met
OPS-000185,ORD-000185,3.5,6.1,4.7,1879,5.08,5.0,5.1,Breached
OPS-002979,ORD-002979,3.6,6.8,3.5,1133,10.67,5.0,3.9,Met
OPS-010983,ORD-010983,3.8,2.6,5.1,288,8.4,5.0,5.4,Breached
OPS-010342,ORD-010342,1.5,1.2,6.5,728,12.77,5.0,6.6,Breached
OPS-011749,ORD-011749,1.2,5.0,3.4,1132,8.06,5.0,3.7,Met
OPS-004978,ORD-004978,1.0,5.6,4.3,1771,8.78,5.0,4.6,Met
OPS-001609,ORD-001609,2.5,1.8,5.1,1231,4.82,5.0,5.3,Breached
OPS-006220,ORD-006220,3.5,6.4,2.5,1696,8.29,5.0,2.9,Met
OPS-009466,ORD-009466,3.5,1.2,2.0,715,10.31,5.0,2.2,Met
OPS-002806,ORD-002806,2.5,2.4,2.2,1992,4.48,5.0,2.4,Met
OPS-011706,ORD-011706,0.5,4.5,1.5,836,12.57,5.0,1.7,Met
OPS-000289,ORD-000289,3.1,2.2,3.0,223,11.89,5.0,3.2,Met
OPS-003328,ORD-003328,3.7,7.5,2.0,1918,13.08,5.0,2.5,Met
OPS-000534,ORD-000534,3.6,7.4,2.9,1749,10.27,5.0,3.4,Met
OPS-002399,ORD-002399,1.2,6.5,4.6,188,10.95,5.0,4.9,Met
OPS-006161,ORD-006161,2.1,6.4,1.6,1717,7.3,5.0,2.0,Met
OPS-012195,ORD-012195,2.7,7.6,5.6,463,6.09,5.0,6.0,Breached
OPS-000629,ORD-000629,2.1,2.5,6.7,155,10.0,5.0,6.9,Breached
OPS-008070,ORD-008070,0.7,7.0,1.0,1732,10.83,5.0,1.3,Met
OPS-006623,ORD-006623,3.4,1.7,5.1,341,12.26,5.0,5.3,Breached
OPS-005722,ORD-005722,1.7,3.3,4.7,1288,9.5,5.0,4.9,Met
OPS-000966,ORD-000966,3.6,5.0,1.4,1753,6.15,5.0,1.8,Met
OPS-005772,ORD-005772,1.1,5.5,6.9,658,4.08,5.0,7.2,Breached
OPS-003022,ORD-003022,3.4,6.7,3.1,1331,13.37,5.0,3.5,Met
OPS-006338,ORD-006338,3.9,1.1,5.6,676,13.19,5.0,5.8,Breached
OPS-003054,ORD-003054,2.5,6.2,2.4,548,13.14,5.0,2.8,Met
OPS-010712,ORD-010712,3.8,6.2,3.0,229,7.61,5.0,3.4,Met
OPS-005318,ORD-005318,0.7,5.6,2.0,1025,5.12,5.0,2.3,Met
OPS-012054,ORD-012054,1.9,5.3,5.0,235,9.72,5.0,5.3,Breached
OPS-001258,ORD-001258,3.4,2.9,2.9,533,13.47,5.0,3.2,Met
OPS-011753,ORD-011753,3.9,2.6,3.6,542,8.04,5.0,3.9,Met
OPS-007245,ORD-007245,3.5,4.8,6.4,1406,10.22,5.0,6.7,Breached
OPS-001865,ORD-001865,4.0,5.8,5.0,1669,4.08,5.0,5.4,Breached
OPS-003851,ORD-003851,3.5,2.9,3.3,859,7.72,5.0,3.6,Met
OPS-001148,ORD-001148,2.7,2.5,5.4,442,8.6,5.0,5.6,Breached
OPS-009827,ORD-009827,0.6,3.3,4.0,293,12.62,5.0,4.2,Met
OPS-009761,ORD-009761,1.1,6.5,3.7,314,13.52,5.0,4.0,Met
OPS-009027,ORD-009027,1.5,7.2,2.8,264,11.3,5.0,3.2,Met
OPS-006661,ORD-006661,1.1,3.3,3.0,1712,10.31,5.0,3.2,Met
OPS-002840,ORD-002840,3.4,3.9,1.3,1347,5.91,5.0,1.6,Met
OPS-007795,ORD-007795,3.5,2.2,1.2,257,12.76,5.0,1.4,Met
OPS-003989,ORD-003989,2.2,3.5,1.7,1732,5.77,5.0,1.9,Met
OPS-011057,ORD-011057,2.7,6.6,3.8,1535,8.57,5.0,4.2,Met
OPS-011033,ORD-011033,0.8,1.6,6.1,1060,8.34,5.0,6.2,Breached
OPS-010874,ORD-010874,1.0,1.5,2.9,973,8.42,5.0,3.0,Met
OPS-008847,ORD-008847,1.4,1.1,2.5,327,6.16,5.0,2.6,Met
OPS-002963,ORD-002963,2.8,2.2,5.2,909,4.96,5.0,5.4,Breached
OPS-012104,ORD-012104,1.5,3.8,4.7,1583,10.89,5.0,4.9,Met
OPS-007972,ORD-007972,2.2,6.7,3.5,520,10.94,5.0,3.9,Met
OPS-004847,ORD-004847,2.0,3.9,1.5,1583,7.37,5.0,1.7,Met
OPS-008312,ORD-008312,1.9,2.2,4.2,1511,12.03,5.0,4.4,Met
OPS-012354,ORD-012354,1.6,6.4,1.6,1893,5.68,5.0,1.9,Met
OPS-010866,ORD-010866,3.1,4.2,7.0,879,7.71,5.0,7.3,Breached
OPS-007611,ORD-007611,0.9,1.6,5.9,1707,7.52,5.0,6.0,Breached
OPS-011673,ORD-011673,3.6,5.7,1.3,517,5.97,5.0,1.7,Met
OPS-001412,ORD-001412,1.7,1.4,3.8,1525,7.97,5.0,3.9,Met
OPS-005238,ORD-005238,2.9,6.4,2.1,1697,13.94,5.0,2.5,Met
OPS-011403,ORD-011403,1.7,1.5,5.3,929,8.42,5.0,5.4,Breached
OPS-008797,ORD-008797,2.2,7.2,1.4,720,5.28,5.0,1.8,Met
OPS-001232,ORD-001232,2.6,4.4,1.3,233,7.19,5.0,1.6,Met
OPS-001164,ORD-001164,1.4,3.9,5.1,1334,5.99,5.0,5.3,Breached
OPS-008234,ORD-008234,1.6,7.5,2.2,1596,4.85,5.0,2.6,Met
OPS-011426,ORD-011426,3.5,3.2,2.2,268,4.29,5.0,2.5,Met
OPS-002047,ORD-002047,3.8,6.0,6.3,885,12.63,5.0,6.7,Breached
OPS-005693,ORD-005693,1.6,5.4,3.1,344,5.28,5.0,3.4,Met
OPS-005311,ORD-005311,3.2,2.2,2.1,1277,11.92,5.0,2.3,Met
OPS-004584,ORD-004584,2.9,2.9,4.2,443,5.18,5.0,4.4,Met
OPS-001668,ORD-001668,1.7,6.9,3.6,1854,7.42,5.0,4.0,Met
OPS-006033,ORD-006033,2.1,2.8,5.3,108,8.61,5.0,5.5,Breached
OPS-005771,ORD-005771,1.1,4.7,6.3,1308,7.38,5.0,6.5,Breached
OPS-007809,ORD-007809,1.5,4.8,3.0,1129,5.4,5.0,3.3,Met
OPS-004128,ORD-004128,3.1,7.1,5.4,1812,10.85,5.0,5.8,Breached
OPS-008345,ORD-008345,3.4,3.0,5.2,1668,10.44,5.0,5.5,Breached
OPS-006189,ORD-006189,2.2,7.4,1.5,604,5.21,5.0,1.9,Met
OPS-001490,ORD-001490,1.4,1.9,1.2,810,6.21,5.0,1.3,Met
OPS-002560,ORD-002560,2.7,2.6,1.5,1329,7.29,5.0,1.7,Met
OPS-003813,ORD-003813,1.9,1.4,2.4,1203,6.83,5.0,2.5,Met
OPS-004368,ORD-004368,1.7,5.6,6.2,1548,7.13,5.0,6.5,Breached
OPS-006035,ORD-006035,2.4,5.6,5.4,599,11.48,5.0,5.7,Breached
OPS-000656,ORD-000656,0.8,4.2,1.1,685,13.55,5.0,1.3,Met
OPS-012273,ORD-012273,1.7,3.9,1.5,1901,7.75,5.0,1.7,Met
OPS-001295,ORD-001295,2.4,2.5,2.6,547,5.36,5.0,2.8,Met
OPS-003403,ORD-003403,3.3,5.2,5.3,606,13.57,5.0,5.7,Breached
OPS-004833,ORD-004833,2.3,6.8,5.4,438,12.72,5.0,5.8,Breached
OPS-009408,ORD-009408,3.6,1.1,1.1,120,12.65,5.0,1.3,Met
OPS-003273,ORD-003273,1.6,2.5,5.1,261,10.87,5.0,5.3,Breached
OPS-006107,ORD-006107,1.7,5.6,4.0,1388,9.78,5.0,4.3,Met
OPS-005699,ORD-005699,1.3,6.9,3.6,1080,4.97,5.0,3.9,Met
OPS-002745,ORD-002745,0.6,6.4,3.5,378,7.96,5.0,3.8,Met
OPS-006039,ORD-006039,0.9,2.2,5.3,1929,7.26,5.0,5.4,Breached
OPS-004774,ORD-004774,3.3,4.6,6.2,1480,12.02,5.0,6.5,Breached
OPS-010790,ORD-010790,0.5,1.3,5.6,1065,11.05,5.0,5.7,Breached
OPS-005078,ORD-005078,2.9,7.4,2.3,432,4.26,5.0,2.7,Met
OPS-010319,ORD-010319,1.1,2.2,4.2,1795,8.56,5.0,4.3,Met
OPS-007453,ORD-007453,2.1,7.8,3.4,1524,6.7,5.0,3.8,Met
OPS-005859,ORD-005859,2.6,3.8,3.1,1562,5.86,5.0,3.4,Met
OPS-007817,ORD-007817,2.3,7.3,1.9,103,7.14,5.0,2.3,Met
OPS-009739,ORD-009739,2.9,4.0,2.0,683,12.8,5.0,2.3,Met
OPS-008697,ORD-008697,3.4,4.2,1.6,859,10.06,5.0,1.9,Met
OPS-003250,ORD-003250,0.9,1.8,1.1,1781,12.3,5.0,1.2,Met
OPS-011235,ORD-011235,3.2,2.9,3.5,207,12.98,5.0,3.8,Met
OPS-005152,ORD-005152,1.0,6.1,5.3,1063,9.81,5.0,5.6,Breached
OPS-001872,ORD-001872,0.6,2.6,2.6,1322,12.79,5.0,2.7,Met
OPS-002452,ORD-002452,0.8,4.2,3.1,1517,7.87,5.0,3.3,Met
OPS-008868,ORD-008868,1.8,6.0,1.2,588,4.83,5.0,1.5,Met
OPS-006973,ORD-006973,1.1,2.5,2.1,1193,10.57,5.0,2.2,Met
OPS-000995,ORD-000995,0.9,5.9,6.1,791,11.75,5.0,6.4,Breached
OPS-009715,ORD-009715,2.9,3.5,5.6,199,12.63,5.0,5.9,Breached
OPS-007902,ORD-007902,2.8,1.5,3.8,1073,12.05,5.0,4.0,Met
OPS-002769,ORD-002769,0.6,6.4,4.3,139,9.07,5.0,4.6,Met
OPS-008501,ORD-008501,2.6,5.2,6.8,582,7.67,5.0,7.1,Breached
OPS-000969,ORD-000969,3.8,4.6,6.4,1467,5.39,5.0,6.8,Breached
OPS-001681,ORD-001681,1.5,3.1,1.6,1080,11.46,5.0,1.8,Met
OPS-003179,ORD-003179,2.6,7.2,5.1,564,11.27,5.0,5.5,Breached
OPS-010414,ORD-010414,3.6,2.9,6.5,565,7.52,5.0,6.8,Breached
OPS-011992,ORD-011992,3.9,2.3,2.9,1734,6.87,5.0,3.2,Met
OPS-002419,ORD-002419,1.0,3.7,3.2,1698,10.91,5.0,3.4,Met
OPS-000318,ORD-000318,3.0,7.7,6.2,140,7.55,5.0,6.6,Breached
OPS-003302,ORD-003302,3.6,1.2,5.1,1846,6.55,5.0,5.3,Breached
OPS-007900,ORD-007900,3.0,1.7,4.5,1031,13.76,5.0,4.7,Met
OPS-001838,ORD-001838,3.2,3.2,3.8,127,13.67,5.0,4.1,Met
OPS-000424,ORD-000424,0.8,1.1,6.5,1129,7.66,5.0,6.6,Breached
OPS-001787,ORD-001787,3.7,1.5,5.4,686,7.85,5.0,5.6,Breached
OPS-001532,ORD-001532,1.6,3.2,6.7,391,11.34,5.0,6.9,Breached
OPS-012341,ORD-012341,3.3,3.7,1.4,1380,6.36,5.0,1.7,Met
OPS-006392,ORD-006392,3.7,4.3,1.1,1281,13.92,5.0,1.4,Met
OPS-005521,ORD-005521,3.8,3.6,4.6,853,5.47,5.0,4.9,Met
OPS-007377,ORD-007377,1.6,4.0,5.1,1111,8.12,5.0,5.3,Breached
OPS-005575,ORD-005575,3.3,4.4,6.5,1635,6.66,5.0,6.8,Breached
OPS-003582,ORD-003582,3.7,1.7,3.8,1133,4.84,5.0,4.0,Met
OPS-008081,ORD-008081,3.0,6.1,1.8,220,12.3,5.0,2.2,Met
OPS-003995,ORD-003995,1.6,5.3,1.3,1718,9.51,5.0,1.6,Met
OPS-008085,ORD-008085,0.9,4.1,5.7,685,6.6,5.0,5.9,Breached
OPS-000569,ORD-000569,2.1,7.2,3.2,1355,8.36,5.0,3.6,Met
OPS-012487,ORD-012487,3.7,1.6,5.9,1990,10.31,5.0,6.1,Breached
OPS-003568,ORD-003568,2.4,7.4,5.0,1835,8.33,5.0,5.4,Breached
OPS-006448,ORD-006448,3.1,5.6,1.9,607,4.1,5.0,2.3,Met
OPS-005481,ORD-005481,3.8,2.2,3.9,1686,13.4,5.0,4.2,Met
OPS-010166,ORD-010166,2.7,2.5,5.3,385,4.11,5.0,5.5,Breached
OPS-011817,ORD-011817,2.7,4.4,3.7,687,11.6,5.0,4.0,Met
OPS-008876,ORD-008876,2.8,1.5,1.8,1110,11.42,5.0,2.0,Met
OPS-009487,ORD-009487,3.4,3.7,3.1,144,10.57,5.0,3.4,Met
OPS-007125,ORD-007125,0.9,3.2,4.3,524,9.18,5.0,4.5,Met
OPS-010663,ORD-010663,2.0,3.4,2.1,1206,10.27,5.0,2.3,Met
OPS-007733,ORD-007733,1.9,7.8,6.0,1272,5.33,5.0,6.4,Breached
OPS-003082,ORD-003082,3.4,6.3,1.7,959,8.11,5.0,2.1,Met
OPS-011970,ORD-011970,1.6,2.1,6.5,590,9.63,5.0,6.7,Breached
OPS-003230,ORD-003230,0.8,2.2,2.1,773,8.06,5.0,2.2,Met
OPS-011452,ORD-011452,3.5,5.3,3.1,839,9.98,5.0,3.5,Met
OPS-011177,ORD-011177,2.2,1.2,5.8,1141,11.45,5.0,5.9,Breached
OPS-010207,ORD-010207,3.1,6.2,3.7,519,12.51,5.0,4.1,Met
OPS-003721,ORD-003721,2.5,1.8,6.7,1154,10.67,5.0,6.9,Breached
OPS-007918,ORD-007918,1.2,7.7,2.1,1587,10.44,5.0,2.5,Met
OPS-005784,ORD-005784,2.3,7.7,1.9,990,11.54,5.0,2.3,Met
OPS-004319,ORD-004319,2.3,8.0,1.4,1140,9.05,5.0,1.8,Met
OPS-001758,ORD-001758,2.8,5.7,5.9,1176,6.45,5.0,6.3,Breached
OPS-008952,ORD-008952,1.0,2.9,6.3,165,9.16,5.0,6.5,Breached
OPS-005939,ORD-005939,4.0,2.4,2.8,1096,6.88,5.0,3.1,Met
OPS-009734,ORD-009734,2.4,4.8,4.9,1233,6.25,5.0,5.2,Breached
OPS-006827,ORD-006827,3.5,5.2,6.4,1273,11.82,5.0,6.8,Breached
OPS-008106,ORD-008106,1.9,7.2,1.7,494,12.28,5.0,2.1,Met
OPS-000689,ORD-000689,3.1,7.1,4.3,1712,11.27,5.0,4.7,Met
OPS-000038,ORD-000038,3.2,4.7,5.7,661,5.75,5.0,6.0,Breached
OPS-006675,ORD-006675,3.3,2.8,2.0,402,13.28,5.0,2.3,Met
OPS-006077,ORD-006077,3.1,4.7,2.2,1891,8.84,5.0,2.5,Met
OPS-005328,ORD-005328,3.3,2.4,4.4,616,13.5,5.0,4.6,Met
OPS-001573,ORD-001573,1.1,1.4,1.2,1061,5.66,5.0,1.3,Met
OPS-010346,ORD-010346,0.8,3.9,2.6,1676,8.54,5.0,2.8,Met
OPS-004066,ORD-004066,1.4,8.0,2.5,962,12.67,5.0,2.9,Met
OPS-002833,ORD-002833,2.5,2.2,3.1,1697,10.84,5.0,3.3,Met
OPS-001809,ORD-001809,2.0,3.9,2.0,150,6.17,5.0,2.2,Met
OPS-002790,ORD-002790,1.5,7.2,1.9,224,10.87,5.0,2.3,Met
OPS-003123,ORD-003123,2.7,1.7,2.7,1310,11.76,5.0,2.9,Met
OPS-008686,ORD-008686,2.4,3.4,5.6,1333,11.72,5.0,5.8,Breached
OPS-008862,ORD-008862,3.3,2.0,1.2,1330,5.69,5.0,1.4,Met
OPS-012321,ORD-012321,1.1,6.0,1.5,445,7.04,5.0,1.8,Met
OPS-001099,ORD-001099,1.0,2.7,5.0,598,7.69,5.0,5.2,Breached
OPS-001221,ORD-001221,3.4,5.4,3.7,235,13.08,5.0,4.1,Met
OPS-001682,ORD-001682,0.6,3.4,2.3,216,11.4,5.0,2.5,Met
OPS-012317,ORD-012317,1.8,6.8,3.4,1478,4.56,5.0,3.8,Met
OPS-012411,ORD-012411,1.2,6.4,6.4,1654,7.19,5.0,6.7,Breached
OPS-004393,ORD-004393,0.6,5.1,6.2,1831,4.05,5.0,6.4,Breached
OPS-004942,ORD-004942,0.5,6.5,4.5,1828,13.64,5.0,4.8,Met
OPS-001740,ORD-001740,2.9,6.3,7.0,1913,8.57,5.0,7.4,Breached
OPS-002716,ORD-002716,2.5,4.0,6.4,1889,5.75,5.0,6.7,Breached
OPS-010629,ORD-010629,0.8,4.1,3.6,641,5.59,5.0,3.8,Met
OPS-002264,ORD-002264,1.0,1.3,3.9,1673,4.37,5.0,4.0,Met
OPS-000368,ORD-000368,1.0,3.5,3.9,121,11.13,5.0,4.1,Met
OPS-006518,ORD-006518,2.8,4.1,6.8,1040,7.51,5.0,7.1,Breached
OPS-009323,ORD-009323,1.8,4.3,2.9,1464,6.41,5.0,3.2,Met
OPS-006967,ORD-006967,1.1,3.5,3.5,385,13.06,5.0,3.7,Met
OPS-001156,ORD-001156,1.4,4.1,5.0,235,5.76,5.0,5.2,Breached
OPS-007772,ORD-007772,3.5,7.3,1.9,1400,12.42,5.0,2.3,Met
OPS-009361,ORD-009361,0.6,7.2,3.3,488,12.52,5.0,3.6,Met
OPS-009943,ORD-009943,0.9,1.4,3.5,354,10.56,5.0,3.6,Met
OPS-007652,ORD-007652,3.9,3.2,2.5,685,10.58,5.0,2.8,Met
OPS-006636,ORD-006636,1.5,7.7,5.0,1449,5.43,5.0,5.4,Breached
OPS-008078,ORD-008078,2.8,6.4,6.0,1625,5.93,5.0,6.4,Breached
OPS-002270,ORD-002270,3.4,4.0,2.8,1973,7.91,5.0,3.1,Met
OPS-009608,ORD-009608,1.3,4.9,4.0,389,7.49,5.0,4.3,Met
OPS-010821,ORD-010821,0.9,6.8,3.2,971,7.48,5.0,3.5,Met
OPS-009540,ORD-009540,1.6,6.2,2.6,190,9.83,5.0,2.9,Met
OPS-002457,ORD-002457,3.3,1.1,1.7,567,12.88,5.0,1.9,Met
OPS-003871,ORD-003871,3.0,6.0,6.7,1127,11.29,5.0,7.1,Breached
OPS-010044,ORD-010044,3.0,2.5,6.1,1837,13.9,5.0,6.3,Breached
OPS-011617,ORD-011617,3.0,4.1,2.7,705,7.06,5.0,3.0,Met
OPS-011215,ORD-011215,3.7,4.2,3.4,1037,12.74,5.0,3.7,Met
OPS-010723,ORD-010723,0.6,2.8,4.2,959,7.7,5.0,4.3,Met
OPS-006103,ORD-006103,2.7,2.2,4.8,1857,7.86,5.0,5.0,Met
OPS-007201,ORD-007201,1.0,1.2,6.1,1860,13.64,5.0,6.2,Breached
OPS-011909,ORD-011909,0.5,4.7,2.0,1994,13.64,5.0,2.2,Met
OPS-002001,ORD-002001,1.2,4.3,4.3,1930,8.78,5.0,4.5,Met
OPS-000432,ORD-000432,3.8,6.3,6.9,1263,5.13,5.0,7.3,Breached
OPS-000107,ORD-000107,2.3,4.3,5.4,664,11.81,5.0,5.7,Breached
OPS-002032,ORD-002032,1.4,5.0,3.6,1023,5.11,5.0,3.9,Met
OPS-007752,ORD-007752,3.9,2.3,1.3,1281,12.28,5.0,1.6,Met
OPS-003380,ORD-003380,2.4,2.8,6.0,1842,7.6,5.0,6.2,Breached
OPS-006686,ORD-006686,0.8,7.9,5.8,728,5.69,5.0,6.2,Breached
OPS-011740,ORD-011740,0.8,1.3,5.7,1224,9.31,5.0,5.8,Breached
OPS-007118,ORD-007118,4.0,2.2,4.1,1228,11.85,5.0,4.4,Met
OPS-007216,ORD-007216,1.0,4.9,6.0,1923,10.67,5.0,6.2,Breached
OPS-001880,ORD-001880,1.7,3.7,3.4,1802,8.08,5.0,3.6,Met
OPS-007332,ORD-007332,3.8,5.8,4.4,1209,4.15,5.0,4.8,Met
OPS-000693,ORD-000693,2.9,2.3,3.4,1633,5.1,5.0,3.6,Met
OPS-011760,ORD-011760,3.1,2.5,6.8,720,4.59,5.0,7.0,Breached
OPS-007624,ORD-007624,3.7,2.4,6.8,242,6.84,5.0,7.1,Breached
OPS-008109,ORD-008109,2.8,1.2,1.3,162,10.72,5.0,1.5,Met
OPS-008303,ORD-008303,1.5,2.8,1.7,1037,4.61,5.0,1.9,Met
OPS-002305,ORD-002305,0.9,6.1,1.8,1019,9.06,5.0,2.1,Met
OPS-007957,ORD-007957,3.1,5.0,3.9,1151,5.0,5.0,4.2,Met
OPS-003747,ORD-003747,2.6,6.4,6.6,104,6.47,5.0,7.0,Breached
OPS-006751,ORD-006751,3.3,4.3,1.3,992,6.4,5.0,1.6,Met
OPS-004906,ORD-004906,3.2,2.7,5.6,1262,9.84,5.0,5.8,Breached
OPS-011272,ORD-011272,3.9,6.2,2.8,338,4.97,5.0,3.2,Met
OPS-006755,ORD-006755,0.8,8.0,3.9,964,6.53,5.0,4.3,Met
OPS-004700,ORD-004700,3.4,1.9,1.3,792,5.09,5.0,1.5,Met
OPS-010403,ORD-010403,1.7,3.6,2.3,230,12.78,5.0,2.5,Met
OPS-008873,ORD-008873,1.6,6.6,4.4,688,8.08,5.0,4.7,Met
OPS-010913,ORD-010913,2.4,7.4,5.8,503,12.67,5.0,6.2,Breached
OPS-000753,ORD-000753,0.9,1.3,4.2,208,13.86,5.0,4.3,Met
OPS-000678,ORD-000678,3.9,4.8,5.0,213,12.85,5.0,5.4,Breached
OPS-009159,ORD-009159,1.9,5.5,3.8,544,11.54,5.0,4.1,Met
OPS-002189,ORD-002189,3.2,6.5,1.5,415,5.42,5.0,1.9,Met
OPS-005207,ORD-005207,4.0,5.0,3.6,1808,7.93,5.0,4.0,Met
OPS-000544,ORD-000544,2.5,5.0,4.7,1475,10.25,5.0,5.0,Met
OPS-001563,ORD-001563,2.2,7.1,4.8,1188,4.2,5.0,5.2,Breached
OPS-004848,ORD-004848,3.3,7.1,5.5,192,9.08,5.0,5.9,Breached
OPS-006966,ORD-006966,1.7,5.6,3.2,745,12.51,5.0,3.5,Met
OPS-002623,ORD-002623,3.4,3.1,4.6,1329,12.71,5.0,4.9,Met
OPS-001049,ORD-001049,3.1,2.1,6.4,1157,11.05,5.0,6.6,Breached
OPS-011053,ORD-011053,1.1,5.8,3.7,436,6.52,5.0,4.0,Met
OPS-007704,ORD-007704,3.2,4.7,6.8,1033,7.68,5.0,7.1,Breached
OPS-002156,ORD-002156,1.0,2.1,7.0,992,8.74,5.0,7.1,Breached
OPS-012037,ORD-012037,1.4,2.0,2.6,1863,7.85,5.0,2.7,Met
OPS-010608,ORD-010608,2.2,5.9,5.0,310,12.72,5.0,5.3,Breached
OPS-011011,ORD-011011,3.2,5.6,2.9,1003,6.4,5.0,3.3,Met
OPS-008522,ORD-008522,3.0,6.7,4.8,1956,7.66,5.0,5.2,Breached
OPS-001061,ORD-001061,1.1,6.6,1.3,851,10.81,5.0,1.6,Met
OPS-009730,ORD-009730,3.5,7.7,1.5,901,5.93,5.0,2.0,Met
OPS-011143,ORD-011143,1.0,3.0,3.4,820,13.35,5.0,3.6,Met
OPS-001596,ORD-001596,2.2,1.8,3.9,892,5.33,5.0,4.1,Met
OPS-000547,ORD-000547,2.6,1.9,6.4,1814,7.11,5.0,6.6,Breached
OPS-003461,ORD-003461,0.6,6.9,2.1,1424,4.89,5.0,2.4,Met
OPS-003092,ORD-003092,2.0,3.4,5.0,1030,10.12,5.0,5.2,Breached
OPS-010233,ORD-010233,1.1,1.3,2.4,1394,5.33,5.0,2.5,Met
OPS-001159,ORD-001159,1.6,2.8,6.4,1694,13.38,5.0,6.6,Breached
OPS-009335,ORD-009335,1.1,6.2,2.6,1988,8.1,5.0,2.9,Met
OPS-003536,ORD-003536,2.6,2.9,3.7,1765,9.59,5.0,3.9,Met
OPS-011639,ORD-011639,1.9,1.8,4.0,1070,9.85,5.0,4.2,Met
OPS-011845,ORD-011845,2.2,2.2,1.8,1266,9.65,5.0,2.0,Met
OPS-000246,ORD-000246,2.3,5.2,3.3,265,9.0,5.0,3.6,Met
OPS-008389,ORD-008389,1.7,6.3,5.3,845,8.35,5.0,5.6,Breached
OPS-010914,ORD-010914,1.1,1.9,3.7,706,8.24,5.0,3.8,Met
OPS-012362,ORD-012362,1.4,7.1,4.2,147,7.14,5.0,4.6,Met
OPS-006527,ORD-006527,1.7,2.4,4.2,346,6.76,5.0,4.4,Met
OPS-009955,ORD-009955,1.1,5.6,6.8,688,12.95,5.0,7.1,Breached
OPS-004111,ORD-004111,0.8,5.0,4.0,1173,4.89,5.0,4.2,Met
OPS-004790,ORD-004790,0.9,3.8,3.6,1335,10.6,5.0,3.8,Met
OPS-003677,ORD-003677,0.6,3.8,4.9,1352,5.98,5.0,5.1,Breached
OPS-007886,ORD-007886,2.0,1.8,3.8,1860,6.01,5.0,4.0,Met
OPS-011091,ORD-011091,3.1,4.3,2.8,1208,11.87,5.0,3.1,Met
OPS-006582,ORD-006582,1.2,6.7,4.2,1459,12.17,5.0,4.5,Met
OPS-006861,ORD-006861,2.1,2.1,2.9,651,7.21,5.0,3.1,Met
OPS-008337,ORD-008337,1.5,7.2,3.6,196,13.41,5.0,4.0,Met
OPS-005149,ORD-005149,3.2,2.9,6.4,1415,10.1,5.0,6.7,Breached
OPS-003198,ORD-003198,1.3,7.4,4.4,246,9.17,5.0,4.8,Met
OPS-000412,ORD-000412,1.6,5.2,4.0,1039,4.26,5.0,4.3,Met
OPS-001852,ORD-001852,3.2,7.4,5.2,1244,11.91,5.0,5.6,Breached
OPS-002592,ORD-002592,1.1,2.6,6.6,679,10.86,5.0,6.8,Breached
OPS-012053,ORD-012053,2.5,7.7,5.7,827,9.64,5.0,6.1,Breached
OPS-007415,ORD-007415,2.5,2.3,2.2,730,9.63,5.0,2.4,Met
OPS-004948,ORD-004948,2.0,1.6,5.6,1817,10.97,5.0,5.8,Breached
OPS-010358,ORD-010358,3.5,3.3,5.0,1841,5.79,5.0,5.3,Breached
OPS-003503,ORD-003503,0.8,3.1,2.2,1978,11.57,5.0,2.4,Met
OPS-001935,ORD-001935,1.0,7.2,4.2,1765,9.46,5.0,4.5,Met
OPS-001296,ORD-001296,3.6,1.9,1.4,365,7.24,5.0,1.6,Met
OPS-008675,ORD-008675,3.5,7.1,4.9,1433,11.64,5.0,5.3,Breached
OPS-007697,ORD-007697,2.5,2.5,1.3,1859,13.41,5.0,1.5,Met
OPS-010099,ORD-010099,1.0,5.5,5.7,566,10.75,5.0,6.0,Breached
OPS-003395,ORD-003395,2.6,6.1,4.8,1450,12.78,5.0,5.2,Breached
OPS-004225,ORD-004225,0.9,4.3,6.3,884,6.89,5.0,6.5,Breached
OPS-010567,ORD-010567,1.4,5.3,4.7,384,4.1,5.0,5.0,Met
OPS-006792,ORD-006792,3.3,1.9,1.4,214,6.69,5.0,1.6,Met
OPS-009428,ORD-009428,3.1,5.9,3.4,1114,9.36,5.0,3.8,Met
OPS-007012,ORD-007012,2.7,5.8,3.7,1908,12.42,5.0,4.1,Met
OPS-000814,ORD-000814,2.2,3.3,3.7,1154,4.77,5.0,3.9,Met
OPS-007300,ORD-007300,0.6,3.6,4.9,180,9.42,5.0,5.1,Breached
OPS-010598,ORD-010598,3.2,2.6,2.2,657,13.8,5.0,2.4,Met
OPS-005425,ORD-005425,2.1,2.1,5.9,1419,13.13,5.0,6.1,Breached
OPS-012067,ORD-012067,1.6,4.2,5.0,225,8.83,5.0,5.2,Breached
OPS-006733,ORD-006733,0.7,1.6,4.9,255,8.82,5.0,5.0,Met
OPS-009432,ORD-009432,3.7,6.5,5.9,1845,12.89,5.0,6.3,Breached
OPS-011995,ORD-011995,1.5,6.8,6.6,161,10.08,5.0,6.9,Breached
OPS-009490,ORD-009490,3.9,3.4,3.9,1239,4.2,5.0,4.2,Met
OPS-003881,ORD-003881,2.8,6.2,6.4,546,10.84,5.0,6.8,Breached
OPS-012068,ORD-012068,3.7,2.4,4.6,794,12.85,5.0,4.9,Met
OPS-005191,ORD-005191,0.6,5.7,2.8,1887,13.8,5.0,3.1,Met
OPS-007947,ORD-007947,3.0,1.5,4.4,490,5.54,5.0,4.6,Met
OPS-010449,ORD-010449,0.9,7.5,1.8,659,8.23,5.0,2.1,Met
OPS-003997,ORD-003997,0.5,2.6,6.9,1173,12.18,5.0,7.0,Breached
OPS-002323,ORD-002323,2.7,5.2,4.9,1998,4.64,5.0,5.2,Breached
OPS-011202,ORD-011202,0.6,2.0,1.6,1262,4.12,5.0,1.7,Met
OPS-005745,ORD-005745,1.5,2.9,6.4,263,5.89,5.0,6.6,Breached
OPS-000847,ORD-000847,1.9,1.6,3.8,1875,8.32,5.0,3.9,Met
OPS-004431,ORD-004431,2.8,4.3,6.1,1826,5.82,5.0,6.4,Breached
OPS-005526,ORD-005526,0.5,5.6,6.4,1614,9.61,5.0,6.7,Breached
OPS-002547,ORD-002547,1.4,1.9,6.5,546,7.55,5.0,6.6,Breached
OPS-009483,ORD-009483,3.3,1.7,3.3,1514,10.28,5.0,3.5,Met
OPS-002876,ORD-002876,2.1,2.6,4.1,1515,4.9,5.0,4.3,Met
OPS-006378,ORD-006378,0.9,7.6,2.4,1054,9.51,5.0,2.8,Met
OPS-001320,ORD-001320,1.2,4.1,3.9,938,12.02,5.0,4.1,Met
OPS-007655,ORD-007655,2.1,2.7,3.4,1608,5.94,5.0,3.6,Met
OPS-009239,ORD-009239,4.0,1.8,6.4,371,9.19,5.0,6.6,Breached
OPS-010112,ORD-010112,0.5,7.2,5.1,731,8.46,5.0,5.4,Breached
OPS-000046,ORD-000046,3.6,2.7,1.8,1549,7.51,5.0,2.1,Met
OPS-006417,ORD-006417,2.3,6.1,1.9,121,9.93,5.0,2.2,Met
OPS-003004,ORD-003004,0.7,7.4,6.7,1816,9.93,5.0,7.0,Breached
OPS-009719,ORD-009719,2.6,7.0,3.0,187,9.67,5.0,3.4,Met
OPS-004593,ORD-004593,2.7,1.4,3.8,1668,12.93,5.0,4.0,Met
OPS-002563,ORD-002563,3.7,7.2,4.6,284,11.63,5.0,5.1,Breached
OPS-012167,ORD-012167,1.8,4.7,2.3,620,7.58,5.0,2.6,Met
OPS-001259,ORD-001259,1.4,3.2,3.4,1510,8.87,5.0,3.6,Met
OPS-001837,ORD-001837,3.5,1.6,4.2,1725,5.03,5.0,4.4,Met
OPS-008464,ORD-008464,0.9,7.8,2.3,1490,9.47,5.0,2.7,Met
OPS-001044,ORD-001044,0.6,1.2,4.2,1674,8.13,5.0,4.3,Met
OPS-006786,ORD-006786,3.3,6.7,1.6,1598,9.91,5.0,2.0,Met
OPS-009091,ORD-009091,0.9,1.3,4.5,1709,5.35,5.0,4.6,Met
OPS-010014,ORD-010014,2.4,4.1,5.8,592,9.82,5.0,6.1,Breached
OPS-000187,ORD-000187,3.4,3.3,1.8,1908,13.33,5.0,2.1,Met
OPS-001443,ORD-001443,3.8,1.2,4.3,1790,7.45,5.0,4.5,Met
OPS-002318,ORD-002318,1.1,1.6,2.3,584,14.0,5.0,2.4,Met
OPS-003988,ORD-003988,1.9,4.0,4.5,1968,5.25,5.0,4.7,Met
OPS-001270,ORD-001270,1.6,7.8,6.8,1778,9.64,5.0,7.2,Breached
OPS-009180,ORD-009180,2.0,3.1,4.1,350,11.8,5.0,4.3,Met
OPS-009628,ORD-009628,0.9,6.5,4.6,1108,8.98,5.0,4.9,Met
OPS-004012,ORD-004012,2.3,7.6,2.5,862,11.52,5.0,2.9,Met
OPS-002111,ORD-002111,2.5,4.2,2.3,835,12.09,5.0,2.6,Met
OPS-011154,ORD-011154,2.1,6.9,3.9,1168,5.74,5.0,4.3,Met
OPS-010905,ORD-010905,0.9,6.1,3.0,1295,5.3,5.0,3.3,Met
OPS-008044,ORD-008044,1.2,1.1,3.5,1927,11.44,5.0,3.6,Met
OPS-000782,ORD-000782,2.4,4.0,4.5,285,5.81,5.0,4.8,Met
OPS-011462,ORD-011462,1.6,4.1,5.8,1567,10.22,5.0,6.0,Breached
OPS-010666,ORD-010666,2.1,2.3,1.2,923,12.32,5.0,1.4,Met
OPS-004440,ORD-004440,2.4,7.5,5.0,705,8.63,5.0,5.4,Breached
OPS-007405,ORD-007405,3.5,4.5,5.7,1791,12.12,5.0,6.0,Breached
OPS-008553,ORD-008553,2.8,6.5,6.7,1085,12.2,5.0,7.1,Breached
OPS-001749,ORD-001749,2.4,5.7,6.7,1989,12.81,5.0,7.0,Breached
OPS-002495,ORD-002495,2.3,1.0,1.6,937,11.47,5.0,1.7,Met
OPS-011715,ORD-011715,0.8,6.7,1.0,1257,4.37,5.0,1.3,Met
OPS-004265,ORD-004265,0.7,4.1,2.8,814,5.06,5.0,3.0,Met
OPS-009520,ORD-009520,2.8,1.5,5.1,756,5.07,5.0,5.3,Breached
OPS-000287,ORD-000287,2.0,4.2,5.7,1223,6.47,5.0,6.0,Breached
OPS-009671,ORD-009671,3.2,7.0,3.3,1360,11.24,5.0,3.7,Met
OPS-002964,ORD-002964,3.5,6.0,2.5,1273,4.84,5.0,2.9,Met
OPS-003980,ORD-003980,0.7,7.6,6.7,282,7.22,5.0,7.0,Breached
OPS-005486,ORD-005486,0.5,2.6,4.0,1266,13.36,5.0,4.1,Met
OPS-006046,ORD-006046,1.9,4.1,1.7,923,12.95,5.0,1.9,Met
OPS-003015,ORD-003015,0.8,1.1,5.6,685,12.98,5.0,5.7,Breached
OPS-005667,ORD-005667,1.5,4.9,4.8,694,7.92,5.0,5.1,Breached
OPS-002354,ORD-002354,2.0,6.5,4.9,1308,10.21,5.0,5.3,Breached
OPS-000409,ORD-000409,1.1,7.3,3.5,1072,5.36,5.0,3.9,Met
OPS-007914,ORD-007914,3.0,3.3,5.7,1603,8.37,5.0,6.0,Breached
OPS-006382,ORD-006382,1.7,5.8,1.9,768,6.69,5.0,2.2,Met
OPS-008983,ORD-008983,2.4,4.2,5.7,732,8.0,5.0,6.0,Breached
OPS-010528,ORD-010528,2.6,5.7,3.6,716,8.97,5.0,3.9,Met
OPS-005961,ORD-005961,1.9,1.4,4.7,1691,10.38,5.0,4.8,Met
OPS-007370,ORD-007370,1.5,1.1,4.3,610,5.89,5.0,4.4,Met
OPS-011644,ORD-011644,3.1,5.1,1.9,780,12.39,5.0,2.2,Met
OPS-001679,ORD-001679,1.0,1.3,4.9,1733,6.98,5.0,5.0,Met
OPS-009409,ORD-009409,2.8,4.0,2.1,497,6.61,5.0,2.4,Met
OPS-004697,ORD-004697,2.4,3.0,6.0,1171,13.24,5.0,6.2,Breached
OPS-011008,ORD-011008,2.8,5.1,2.5,1015,11.22,5.0,2.8,Met
OPS-010849,ORD-010849,2.8,3.7,6.8,166,6.63,5.0,7.1,Breached
OPS-004124,ORD-004124,0.6,4.3,6.4,581,7.27,5.0,6.6,Breached
OPS-008682,ORD-008682,2.3,2.9,2.6,353,5.26,5.0,2.8,Met
OPS-012416,ORD-012416,1.9,5.7,5.7,1040,4.45,5.0,6.0,Breached
OPS-010506,ORD-010506,2.4,4.3,4.4,1178,9.68,5.0,4.7,Met
OPS-006441,ORD-006441,2.6,2.5,5.5,1198,5.06,5.0,5.7,Breached
OPS-011024,ORD-011024,1.8,6.4,6.7,1435,12.41,5.0,7.0,Breached
OPS-004122,ORD-004122,0.6,5.7,2.3,1264,4.56,5.0,2.6,Met
OPS-001100,ORD-001100,3.4,5.0,4.2,1564,6.31,5.0,4.5,Met
OPS-010668,ORD-010668,3.2,3.5,2.8,438,9.05,5.0,3.1,Met
OPS-002222,ORD-002222,3.2,3.1,5.1,642,6.56,5.0,5.4,Breached
OPS-010465,ORD-010465,3.5,6.6,6.0,1904,8.83,5.0,6.4,Breached
OPS-004187,ORD-004187,1.9,7.3,4.9,1443,4.9,5.0,5.3,Breached
OPS-004829,ORD-004829,3.6,2.3,4.2,1093,10.13,5.0,4.4,Met
OPS-006130,ORD-006130,4.0,3.1,1.3,1011,7.5,5.0,1.6,Met
OPS-005877,ORD-005877,4.0,2.8,4.9,1004,11.92,5.0,5.2,Breached
OPS-010552,ORD-010552,2.6,2.2,2.7,182,9.89,5.0,2.9,Met
OPS-001418,ORD-001418,0.7,1.4,1.5,1378,7.5,5.0,1.6,Met
OPS-011808,ORD-011808,3.3,2.0,6.6,101,11.31,5.0,6.8,Breached
OPS-010878,ORD-010878,1.0,3.1,1.6,442,8.95,5.0,1.8,Met
OPS-010764,ORD-010764,3.3,2.7,3.3,1869,9.25,5.0,3.5,Met
OPS-012397,ORD-012397,2.2,5.1,4.5,684,7.55,5.0,4.8,Met
OPS-008250,ORD-008250,2.4,6.7,4.7,614,12.27,5.0,5.1,Breached
OPS-006868,ORD-006868,1.1,1.4,3.5,846,12.97,5.0,3.6,Met
OPS-005789,ORD-005789,3.7,6.6,3.4,1712,10.15,5.0,3.8,Met
OPS-005131,ORD-005131,1.2,4.7,5.1,1057,9.23,5.0,5.3,Breached
OPS-010283,ORD-010283,3.2,6.9,6.9,1083,4.44,5.0,7.3,Breached
OPS-000158,ORD-000158,3.2,4.3,4.9,1173,4.64,5.0,5.2,Breached
OPS-009161,ORD-009161,3.8,2.2,4.3,1992,7.51,5.0,4.5,Met
OPS-004731,ORD-004731,0.6,4.4,3.1,1656,13.3,5.0,3.3,Met
OPS-000591,ORD-000591,1.7,7.9,1.3,1312,7.54,5.0,1.7,Met
OPS-009809,ORD-009809,2.5,4.6,4.9,1741,8.8,5.0,5.2,Breached
OPS-001590,ORD-001590,1.5,7.7,6.5,1564,6.21,5.0,6.9,Breached
OPS-008839,ORD-008839,1.5,3.3,5.1,1290,11.89,5.0,5.3,Breached
OPS-004423,ORD-004423,0.7,1.8,6.1,678,13.31,5.0,6.2,Breached
OPS-002207,ORD-002207,3.8,6.6,2.0,1026,4.3,5.0,2.4,Met
OPS-008142,ORD-008142,2.4,6.5,4.9,1541,4.33,5.0,5.3,Breached
OPS-010469,ORD-010469,1.9,7.6,1.2,1739,8.05,5.0,1.6,Met
OPS-002360,ORD-002360,3.9,3.7,3.6,1557,10.46,5.0,3.9,Met
OPS-012339,ORD-012339,1.3,7.7,2.4,1034,4.78,5.0,2.8,Met
OPS-007023,ORD-007023,1.9,3.5,1.4,914,10.86,5.0,1.6,Met
OPS-012408,ORD-012408,3.6,3.5,4.5,1064,6.3,5.0,4.8,Met
OPS-004718,ORD-004718,2.8,3.9,6.9,1259,12.74,5.0,7.2,Breached
OPS-006907,ORD-006907,0.7,4.5,7.0,1099,12.7,5.0,7.2,Breached
OPS-012356,ORD-012356,1.5,2.9,1.7,1271,6.85,5.0,1.9,Met
OPS-000088,ORD-000088,3.2,3.3,3.6,570,11.1,5.0,3.9,Met
OPS-010147,ORD-010147,1.3,7.4,3.7,564,12.21,5.0,4.1,Met
OPS-006972,ORD-006972,1.1,3.4,4.7,1866,4.94,5.0,4.9,Met
OPS-009253,ORD-009253,3.1,4.2,1.2,409,10.28,5.0,1.5,Met
OPS-008826,ORD-008826,1.4,3.6,2.1,442,11.56,5.0,2.3,Met
OPS-000731,ORD-000731,0.8,2.0,1.5,904,13.88,5.0,1.6,Met
OPS-006895,ORD-006895,1.5,4.2,6.5,1675,11.66,5.0,6.7,Breached
OPS-007890,ORD-007890,1.0,1.4,3.5,1921,9.2,5.0,3.6,Met
OPS-009721,ORD-009721,2.3,2.0,4.9,1148,8.46,5.0,5.1,Breached
OPS-009047,ORD-009047,1.6,6.7,5.1,828,10.98,5.0,5.4,Breached
OPS-003604,ORD-003604,3.8,2.3,5.2,491,12.18,5.0,5.5,Breached
OPS-008292,ORD-008292,0.6,7.1,1.8,1031,8.53,5.0,2.1,Met
OPS-010785,ORD-010785,2.7,4.6,2.1,500,9.62,5.0,2.4,Met
OPS-009412,ORD-009412,0.8,5.2,6.2,893,5.39,5.0,6.5,Breached
OPS-005845,ORD-005845,0.8,1.6,3.2,982,12.38,5.0,3.3,Met
OPS-000717,ORD-000717,1.8,1.9,5.9,1096,9.64,5.0,6.1,Breached
OPS-000210,ORD-000210,3.3,5.6,4.4,240,8.5,5.0,4.8,Met
OPS-001401,ORD-001401,0.8,3.7,6.9,1869,8.03,5.0,7.1,Breached
OPS-007965,ORD-007965,1.5,4.4,1.6,462,7.24,5.0,1.8,Met
OPS-002068,ORD-002068,3.3,2.7,4.3,364,8.59,5.0,4.5,Met
OPS-006695,ORD-006695,1.5,3.4,3.7,801,10.16,5.0,3.9,Met
OPS-006552,ORD-006552,2.5,5.7,3.5,263,12.62,5.0,3.8,Met
OPS-008191,ORD-008191,1.3,5.2,6.6,1841,5.44,5.0,6.9,Breached
OPS-012179,ORD-012179,1.4,1.5,5.1,890,4.9,5.0,5.2,Breached
OPS-004004,ORD-004004,1.2,6.7,3.5,277,9.16,5.0,3.8,Met
OPS-004210,ORD-004210,1.3,2.2,2.5,1048,8.06,5.0,2.6,Met
OPS-002982,ORD-002982,3.2,2.2,4.9,1971,5.83,5.0,5.1,Breached
OPS-009677,ORD-009677,1.1,7.1,3.3,1374,12.23,5.0,3.6,Met
OPS-007923,ORD-007923,3.3,7.0,3.2,503,7.6,5.0,3.6,Met
OPS-008988,ORD-008988,2.6,6.3,1.2,554,9.63,5.0,1.6,Met
OPS-009769,ORD-009769,2.4,7.4,3.6,777,7.58,5.0,4.0,Met
OPS-004739,ORD-004739,0.9,1.1,3.4,248,8.33,5.0,3.5,Met
OPS-004053,ORD-004053,2.5,8.0,5.9,651,9.78,5.0,6.3,Breached
OPS-010969,ORD-010969,3.3,3.2,2.5,103,12.55,5.0,2.8,Met
OPS-004538,ORD-004538,1.5,5.2,2.2,1519,5.36,5.0,2.5,Met
OPS-004104,ORD-004104,3.8,6.4,1.6,1418,9.58,5.0,2.0,Met
OPS-002651,ORD-002651,2.8,2.0,3.9,762,6.12,5.0,4.1,Met
OPS-001901,ORD-001901,3.0,7.0,5.2,906,12.67,5.0,5.6,Breached
OPS-002896,ORD-002896,3.7,2.3,5.7,990,9.8,5.0,6.0,Breached
OPS-004463,ORD-004463,3.1,4.1,2.8,895,13.37,5.0,3.1,Met
OPS-005284,ORD-005284,2.8,4.2,6.2,422,7.06,5.0,6.5,Breached
OPS-012420,ORD-012420,1.5,3.2,3.6,144,9.4,5.0,3.8,Met
OPS-012372,ORD-012372,2.3,1.3,5.2,502,5.47,5.0,5.4,Breached
OPS-004396,ORD-004396,1.4,5.7,2.4,1741,7.37,5.0,2.7,Met
OPS-009990,ORD-009990,3.2,5.9,5.8,848,4.14,5.0,6.2,Breached
OPS-005268,ORD-005268,3.0,1.7,4.7,580,5.48,5.0,4.9,Met
OPS-004766,ORD-004766,3.6,1.7,6.0,570,5.48,5.0,6.2,Breached
OPS-005254,ORD-005254,2.7,2.8,7.0,1525,7.27,5.0,7.2,Breached
OPS-002526,ORD-002526,2.2,4.9,2.3,1093,9.92,5.0,2.6,Met
OPS-000286,ORD-000286,2.2,4.7,2.2,1618,5.41,5.0,2.5,Met
OPS-000751,ORD-000751,3.4,4.8,3.1,372,12.99,5.0,3.4,Met
OPS-007769,ORD-007769,1.5,5.0,3.4,1029,13.23,5.0,3.7,Met
OPS-011559,ORD-011559,1.1,1.6,2.2,457,4.02,5.0,2.3,Met
OPS-009422,ORD-009422,0.9,3.3,1.9,1285,11.55,5.0,2.1,Met
OPS-009297,ORD-009297,0.6,6.8,5.8,1513,8.3,5.0,6.1,Breached
OPS-003189,ORD-003189,1.6,4.0,6.7,577,8.42,5.0,6.9,Breached
OPS-005479,ORD-005479,1.7,6.8,3.5,1891,9.57,5.0,3.9,Met
OPS-002166,ORD-002166,0.9,7.5,2.2,1397,8.65,5.0,2.6,Met
OPS-009235,ORD-009235,1.7,6.3,2.6,352,11.09,5.0,2.9,Met
OPS-006987,ORD-006987,0.7,5.5,1.8,792,6.63,5.0,2.1,Met
OPS-010275,ORD-010275,1.0,2.6,6.1,207,12.8,5.0,6.2,Breached
OPS-002871,ORD-002871,2.6,4.0,3.4,221,12.39,5.0,3.7,Met
OPS-005669,ORD-005669,3.8,4.8,1.3,1032,8.77,5.0,1.7,Met
OPS-008441,ORD-008441,3.1,3.7,1.2,1528,6.26,5.0,1.5,Met
OPS-007219,ORD-007219,2.2,4.7,2.5,1213,11.24,5.0,2.8,Met
OPS-002188,ORD-002188,1.0,4.2,5.2,1501,8.43,5.0,5.4,Breached
OPS-010560,ORD-010560,0.6,6.7,1.1,685,13.69,5.0,1.4,Met
OPS-000234,ORD-000234,2.7,3.8,6.8,620,8.22,5.0,7.1,Breached
OPS-002624,ORD-002624,2.8,4.5,2.5,921,6.05,5.0,2.8,Met
OPS-012073,ORD-012073,3.0,7.4,4.9,1929,13.62,5.0,5.3,Breached
OPS-003312,ORD-003312,0.8,3.5,6.1,1354,12.95,5.0,6.3,Breached
OPS-009659,ORD-009659,1.2,3.1,5.7,886,4.9,5.0,5.9,Breached
OPS-007852,ORD-007852,0.6,4.4,4.9,1417,11.74,5.0,5.1,Breached
OPS-001738,ORD-001738,1.8,2.3,1.4,1421,12.64,5.0,1.6,Met
OPS-007546,ORD-007546,1.7,7.5,5.8,1777,12.65,5.0,6.2,Breached
OPS-008677,ORD-008677,3.1,4.2,1.4,399,9.93,5.0,1.7,Met
OPS-007616,ORD-007616,3.0,3.6,1.7,1412,8.59,5.0,2.0,Met
OPS-010890,ORD-010890,2.5,3.2,4.5,393,7.33,5.0,4.7,Met
OPS-010158,ORD-010158,4.0,4.5,3.1,276,6.17,5.0,3.5,Met
OPS-010597,ORD-010597,3.6,5.5,2.1,1480,12.6,5.0,2.5,Met
OPS-006210,ORD-006210,1.5,3.1,2.0,578,6.51,5.0,2.2,Met
OPS-002060,ORD-002060,3.3,2.8,3.4,1674,8.15,5.0,3.7,Met
OPS-001540,ORD-001540,3.2,7.3,6.8,1997,11.91,5.0,7.2,Breached
OPS-005424,ORD-005424,1.6,1.1,3.8,439,4.44,5.0,3.9,Met
OPS-001352,ORD-001352,1.6,1.0,1.3,1800,4.22,5.0,1.4,Met
OPS-006885,ORD-006885,4.0,3.5,2.7,381,12.95,5.0,3.0,Met
OPS-006980,ORD-006980,1.6,1.1,3.8,1597,9.8,5.0,3.9,Met
OPS-001927,ORD-001927,3.9,2.3,1.3,555,5.22,5.0,1.6,Met
OPS-010715,ORD-010715,0.5,1.1,6.4,1416,7.27,5.0,6.5,Breached
OPS-008410,ORD-008410,3.4,2.1,1.6,433,6.47,5.0,1.8,Met
OPS-003454,ORD-003454,0.5,6.2,2.0,731,11.19,5.0,2.3,Met
OPS-010833,ORD-010833,1.5,1.7,1.7,1291,5.86,5.0,1.8,Met
OPS-009900,ORD-009900,1.2,5.6,5.3,1359,9.86,5.0,5.6,Breached
OPS-010089,ORD-010089,3.0,3.6,3.2,1649,9.49,5.0,3.5,Met
OPS-006364,ORD-006364,1.9,1.7,4.5,442,12.42,5.0,4.7,Met
OPS-006960,ORD-006960,3.3,3.9,4.3,661,5.14,5.0,4.6,Met
OPS-002010,ORD-002010,3.9,7.4,3.1,1168,10.24,5.0,3.6,Met
OPS-000282,ORD-000282,3.1,6.8,4.9,1693,13.06,5.0,5.3,Breached
OPS-010612,ORD-010612,1.0,1.8,1.7,276,10.72,5.0,1.8,Met
OPS-001254,ORD-001254,1.0,2.1,2.2,1569,4.8,5.0,2.3,Met
OPS-009563,ORD-009563,2.3,4.7,1.7,347,8.01,5.0,2.0,Met
OPS-006532,ORD-006532,1.0,1.7,2.8,1371,5.35,5.0,2.9,Met
OPS-000590,ORD-000590,2.2,5.4,1.7,1686,4.4,5.0,2.0,Met
OPS-011422,ORD-011422,1.7,1.4,5.5,1809,13.75,5.0,5.6,Breached
OPS-005926,ORD-005926,2.5,3.1,3.6,859,8.35,5.0,3.8,Met
OPS-011972,ORD-011972,1.2,5.9,2.3,674,13.8,5.0,2.6,Met
OPS-008576,ORD-008576,1.3,7.8,2.6,1257,8.41,5.0,3.0,Met
OPS-010292,ORD-010292,3.4,3.0,1.5,1801,9.46,5.0,1.8,Met
OPS-001219,ORD-001219,3.1,5.5,1.3,1093,4.7,5.0,1.7,Met
OPS-003890,ORD-003890,3.9,6.1,6.4,476,4.7,5.0,6.8,Breached
OPS-007251,ORD-007251,3.5,4.2,2.5,1372,4.76,5.0,2.8,Met
OPS-011570,ORD-011570,3.7,7.4,1.9,523,13.18,5.0,2.4,Met
OPS-008481,ORD-008481,1.9,1.3,5.3,638,5.55,5.0,5.4,Breached
OPS-004419,ORD-004419,0.7,1.5,5.3,209,13.08,5.0,5.4,Breached
OPS-002529,ORD-002529,2.0,6.4,4.7,1630,13.16,5.0,5.0,Met
OPS-005855,ORD-005855,2.2,6.6,2.4,727,13.45,5.0,2.8,Met
OPS-010194,ORD-010194,0.7,1.6,2.8,329,12.43,5.0,2.9,Met
OPS-005883,ORD-005883,2.3,4.5,3.7,561,5.03,5.0,4.0,Met
OPS-008919,ORD-008919,2.1,5.6,2.0,1231,7.59,5.0,2.3,Met
OPS-008254,ORD-008254,1.0,1.6,2.1,242,4.38,5.0,2.2,Met
OPS-011630,ORD-011630,1.9,3.8,4.6,1073,7.34,5.0,4.8,Met
OPS-008796,ORD-008796,1.4,6.3,7.0,1026,8.71,5.0,7.3,Breached
OPS-009922,ORD-009922,2.1,4.2,1.3,1286,7.87,5.0,1.6,Met
OPS-010221,ORD-010221,1.0,1.5,5.1,1857,4.1,5.0,5.2,Breached
OPS-001913,ORD-001913,1.4,7.5,1.6,1483,12.44,5.0,2.0,Met
OPS-011648,ORD-011648,2.2,2.2,3.5,571,6.42,5.0,3.7,Met
OPS-011223,ORD-011223,3.7,6.4,6.0,1210,5.61,5.0,6.4,Breached
OPS-005726,ORD-005726,1.0,1.2,4.1,906,9.41,5.0,4.2,Met
OPS-005170,ORD-005170,0.7,1.9,5.2,302,13.06,5.0,5.3,Breached
OPS-010404,ORD-010404,1.7,3.5,1.2,843,10.97,5.0,1.4,Met
OPS-008105,ORD-008105,3.9,7.5,5.6,1144,13.28,5.0,6.1,Breached
OPS-010526,ORD-010526,1.2,7.2,4.7,720,9.11,5.0,5.0,Met
OPS-000406,ORD-000406,2.8,3.2,5.3,1467,7.79,5.0,5.5,Breached
OPS-012216,ORD-012216,2.7,5.8,6.0,663,11.04,5.0,6.4,Breached
OPS-008001,ORD-008001,2.1,1.8,1.4,1675,9.34,5.0,1.6,Met
OPS-006594,ORD-006594,3.0,2.3,6.7,1721,4.06,5.0,6.9,Breached
OPS-000407,ORD-000407,3.7,6.7,4.0,435,7.95,5.0,4.4,Met
OPS-005352,ORD-005352,0.9,6.2,1.7,1042,11.09,5.0,2.0,Met
OPS-011840,ORD-011840,1.3,5.6,6.6,1706,13.81,5.0,6.9,Breached
OPS-003402,ORD-003402,3.1,1.5,6.6,309,6.98,5.0,6.8,Breached
OPS-005500,ORD-005500,2.6,1.6,4.7,391,5.85,5.0,4.9,Met
OPS-007258,ORD-007258,2.5,3.2,2.7,930,8.03,5.0,2.9,Met
OPS-004990,ORD-004990,3.7,7.7,2.0,1905,4.67,5.0,2.5,Met
OPS-009618,ORD-009618,1.7,3.9,4.5,1639,13.99,5.0,4.7,Met
OPS-010529,ORD-010529,0.7,4.9,1.6,270,10.18,5.0,1.8,Met
OPS-010902,ORD-010902,2.1,6.6,3.5,940,13.13,5.0,3.9,Met
OPS-002612,ORD-002612,3.9,7.6,3.4,344,12.69,5.0,3.9,Met
OPS-000605,ORD-000605,0.8,3.9,2.8,1559,4.49,5.0,3.0,Met
OPS-006326,ORD-006326,1.6,3.7,5.7,788,8.42,5.0,5.9,Breached
OPS-004626,ORD-004626,1.5,2.6,3.4,1573,10.57,5.0,3.6,Met
OPS-011086,ORD-011086,1.7,4.6,2.2,404,8.26,5.0,2.5,Met
OPS-004412,ORD-004412,3.0,4.0,4.7,474,7.82,5.0,5.0,Met
OPS-007877,ORD-007877,2.0,1.0,4.6,635,13.26,5.0,4.7,Met
OPS-009433,ORD-009433,3.8,4.4,2.1,987,11.11,5.0,2.4,Met
OPS-004572,ORD-004572,1.2,1.0,4.5,239,9.79,5.0,4.6,Met
OPS-006145,ORD-006145,2.6,8.0,3.0,1330,7.79,5.0,3.4,Met
OPS-003930,ORD-003930,1.9,5.1,4.7,912,8.04,5.0,5.0,Met
OPS-004347,ORD-004347,0.9,7.9,4.6,902,5.89,5.0,5.0,Met
OPS-003644,ORD-003644,2.0,4.6,2.8,1092,6.84,5.0,3.1,Met
OPS-000971,ORD-000971,2.5,7.9,1.8,811,5.12,5.0,2.2,Met
OPS-011311,ORD-011311,2.1,1.1,3.9,265,8.93,5.0,4.0,Met
OPS-003661,ORD-003661,2.9,6.8,2.3,1400,7.91,5.0,2.7,Met
OPS-010647,ORD-010647,3.6,1.1,4.0,1786,10.45,5.0,4.2,Met
OPS-011786,ORD-011786,0.5,6.4,3.3,1650,7.61,5.0,3.6,Met
OPS-007164,ORD-007164,0.6,4.8,4.7,1398,9.65,5.0,4.9,Met
OPS-008221,ORD-008221,1.6,3.2,5.1,1328,11.79,5.0,5.3,Breached
OPS-004559,ORD-004559,3.7,5.4,3.5,549,12.08,5.0,3.9,Met
OPS-007080,ORD-007080,1.8,3.5,2.1,1027,10.4,5.0,2.3,Met
OPS-004026,ORD-004026,0.8,4.2,6.4,134,4.31,5.0,6.6,Breached
OPS-007241,ORD-007241,3.2,6.0,4.0,1156,12.45,5.0,4.4,Met
OPS-007596,ORD-007596,1.9,2.5,1.1,106,12.98,5.0,1.3,Met
OPS-005417,ORD-005417,1.9,5.7,3.6,1047,6.7,5.0,3.9,Met
OPS-000903,ORD-000903,2.3,1.5,6.3,1100,12.35,5.0,6.5,Breached
OPS-001403,ORD-001403,2.6,4.2,6.1,1680,11.04,5.0,6.4,Breached
OPS-011265,ORD-011265,0.6,4.4,1.3,1498,9.97,5.0,1.5,Met
OPS-008182,ORD-008182,2.8,2.9,5.3,662,13.99,5.0,5.5,Breached
OPS-002825,ORD-002825,2.0,2.2,2.5,424,4.35,5.0,2.7,Met
OPS-008029,ORD-008029,3.2,2.2,3.1,344,6.26,5.0,3.3,Met
OPS-010105,ORD-010105,1.2,6.2,3.2,1086,8.35,5.0,3.5,Met
OPS-004413,ORD-004413,0.6,7.0,6.5,1633,7.43,5.0,6.8,Breached
OPS-004641,ORD-004641,2.2,6.7,4.9,1643,6.21,5.0,5.3,Breached
OPS-004913,ORD-004913,3.0,2.4,1.5,969,9.41,5.0,1.7,Met
OPS-006084,ORD-006084,3.1,4.1,6.1,1865,5.85,5.0,6.4,Breached
OPS-001518,ORD-001518,1.6,6.7,2.9,1721,10.28,5.0,3.2,Met
OPS-007701,ORD-007701,0.7,6.4,2.9,839,12.69,5.0,3.2,Met
OPS-007242,ORD-007242,0.7,3.1,6.1,633,9.15,5.0,6.3,Breached
OPS-005060,ORD-005060,1.2,2.1,6.1,661,11.97,5.0,6.2,Breached
OPS-011369,ORD-011369,1.3,5.5,1.0,1365,7.03,5.0,1.3,Met
OPS-010579,ORD-010579,1.8,4.4,1.1,126,14.0,5.0,1.4,Met
OPS-012163,ORD-012163,3.3,4.2,5.5,1177,8.22,5.0,5.8,Breached
OPS-004713,ORD-004713,2.3,7.5,6.4,1392,8.29,5.0,6.8,Breached
OPS-007699,ORD-007699,3.8,5.2,3.0,1105,11.41,5.0,3.4,Met
OPS-003246,ORD-003246,3.3,6.3,2.9,1497,4.33,5.0,3.3,Met
OPS-004507,ORD-004507,1.2,4.0,4.5,1491,5.76,5.0,4.7,Met
OPS-010875,ORD-010875,3.5,6.7,3.6,938,9.97,5.0,4.0,Met
OPS-006271,ORD-006271,2.4,2.2,3.5,496,11.36,5.0,3.7,Met
OPS-012139,ORD-012139,3.5,1.3,2.0,529,8.85,5.0,2.2,Met
OPS-002168,ORD-002168,0.9,4.3,6.9,1602,11.79,5.0,7.1,Breached
OPS-011150,ORD-011150,1.1,2.7,3.3,1051,12.48,5.0,3.5,Met
OPS-007294,ORD-007294,1.0,3.3,6.1,1631,11.33,5.0,6.3,Breached
OPS-010518,ORD-010518,1.1,5.8,5.8,1894,12.3,5.0,6.1,Breached
OPS-011081,ORD-011081,1.0,5.6,2.2,1268,7.21,5.0,2.5,Met
OPS-006545,ORD-006545,1.2,4.3,6.8,1793,6.38,5.0,7.0,Breached
OPS-004844,ORD-004844,3.5,5.4,1.6,624,9.06,5.0,2.0,Met
OPS-010097,ORD-010097,0.7,6.4,6.9,1928,5.52,5.0,7.2,Breached
OPS-006360,ORD-006360,2.9,7.8,4.7,753,5.85,5.0,5.1,Breached
OPS-001517,ORD-001517,2.5,3.7,4.4,1972,7.17,5.0,4.7,Met
OPS-012254,ORD-012254,1.8,7.6,1.6,403,6.7,5.0,2.0,Met
OPS-008803,ORD-008803,3.8,2.6,5.2,1850,7.37,5.0,5.5,Breached
OPS-011394,ORD-011394,0.8,5.9,2.3,1406,6.37,5.0,2.6,Met
OPS-008284,ORD-008284,2.2,2.7,3.8,1189,11.08,5.0,4.0,Met
OPS-005809,ORD-005809,3.1,1.6,6.2,1209,11.87,5.0,6.4,Breached
OPS-001262,ORD-001262,1.9,3.1,4.2,1651,9.69,5.0,4.4,Met
OPS-003533,ORD-003533,0.9,7.9,6.0,295,6.48,5.0,6.4,Breached
OPS-000968,ORD-000968,1.2,7.3,6.2,1324,10.0,5.0,6.6,Breached
OPS-004668,ORD-004668,1.7,5.2,3.7,1642,8.44,5.0,4.0,Met
OPS-000227,ORD-000227,3.8,5.2,1.2,1978,13.58,5.0,1.6,Met
OPS-003285,ORD-003285,3.3,2.7,3.5,918,12.39,5.0,3.8,Met
OPS-002357,ORD-002357,0.6,7.5,5.8,1686,9.74,5.0,6.1,Breached
OPS-004599,ORD-004599,2.4,4.3,6.3,1507,13.75,5.0,6.6,Breached
OPS-000420,ORD-000420,1.9,2.9,2.5,641,10.43,5.0,2.7,Met
OPS-005333,ORD-005333,2.1,5.4,4.7,1348,7.7,5.0,5.0,Met
OPS-006894,ORD-006894,2.8,3.9,2.4,1540,12.67,5.0,2.7,Met
OPS-010186,ORD-010186,2.1,5.3,3.6,1683,6.69,5.0,3.9,Met
OPS-008670,ORD-008670,3.6,5.8,4.9,632,12.92,5.0,5.3,Breached
OPS-004160,ORD-004160,1.9,1.1,4.5,621,13.33,5.0,4.6,Met
OPS-002369,ORD-002369,3.5,6.7,6.8,1644,7.16,5.0,7.2,Breached
OPS-000612,ORD-000612,0.9,3.9,5.4,1677,11.95,5.0,5.6,Breached
OPS-011040,ORD-011040,0.7,6.0,4.5,1533,12.18,5.0,4.8,Met
OPS-007849,ORD-007849,3.8,3.2,6.5,1042,10.44,5.0,6.8,Breached
OPS-002786,ORD-002786,2.4,2.4,5.1,219,10.98,5.0,5.3,Breached
OPS-001288,ORD-001288,3.5,6.5,4.3,1447,6.63,5.0,4.7,Met
OPS-008343,ORD-008343,0.9,4.4,5.7,1465,9.42,5.0,5.9,Breached
OPS-006639,ORD-006639,3.9,6.1,3.3,1307,4.69,5.0,3.7,Met
OPS-007636,ORD-007636,0.6,7.1,4.6,703,9.45,5.0,4.9,Met
OPS-003052,ORD-003052,3.5,6.2,1.4,1636,6.76,5.0,1.8,Met
OPS-010957,ORD-010957,3.1,2.6,3.8,950,8.24,5.0,4.0,Met
OPS-001010,ORD-001010,2.5,5.9,1.5,1718,8.45,5.0,1.9,Met
OPS-005030,ORD-005030,3.5,2.9,4.7,939,5.62,5.0,5.0,Met
OPS-005927,ORD-005927,2.9,5.2,4.3,1978,4.81,5.0,4.6,Met
OPS-006321,ORD-006321,2.8,6.8,2.9,137,5.34,5.0,3.3,Met
OPS-001076,ORD-001076,2.3,1.6,2.9,1533,13.56,5.0,3.1,Met
OPS-011932,ORD-011932,1.8,7.0,2.4,615,11.95,5.0,2.8,Met
OPS-012322,ORD-012322,1.5,1.4,1.6,348,5.68,5.0,1.7,Met
OPS-000459,ORD-000459,2.5,1.3,5.6,1394,8.06,5.0,5.8,Breached
OPS-006585,ORD-006585,0.8,4.1,1.1,1420,6.86,5.0,1.3,Met
OPS-002281,ORD-002281,3.7,5.0,5.0,1502,6.9,5.0,5.4,Breached
OPS-004576,ORD-004576,0.7,4.8,4.3,156,13.93,5.0,4.5,Met
OPS-005457,ORD-005457,3.9,7.9,6.5,516,8.73,5.0,7.0,Breached
OPS-007093,ORD-007093,3.5,8.0,6.5,203,5.12,5.0,7.0,Breached
OPS-000444,ORD-000444,1.2,3.5,3.0,1304,10.63,5.0,3.2,Met
OPS-006334,ORD-006334,1.4,3.4,4.4,786,5.48,5.0,4.6,Met
OPS-012079,ORD-012079,3.9,5.1,3.3,1573,13.94,5.0,3.7,Met
OPS-012227,ORD-012227,3.0,1.9,2.6,1237,6.01,5.0,2.8,Met
OPS-001910,ORD-001910,2.6,5.9,1.8,1819,9.83,5.0,2.2,Met
OPS-009389,ORD-009389,3.7,7.6,2.6,918,12.58,5.0,3.1,Met
OPS-007056,ORD-007056,1.4,6.1,5.1,747,12.11,5.0,5.4,Breached
OPS-001408,ORD-001408,3.1,2.4,2.1,1267,7.1,5.0,2.3,Met
OPS-008251,ORD-008251,3.4,1.3,3.1,814,10.15,5.0,3.3,Met
OPS-004121,ORD-004121,3.8,3.4,6.0,1317,7.91,5.0,6.3,Breached
OPS-004378,ORD-004378,1.7,2.3,2.0,1184,4.35,5.0,2.2,Met
OPS-011976,ORD-011976,0.8,6.0,3.1,328,4.96,5.0,3.4,Met
OPS-012405,ORD-012405,1.2,3.5,2.1,184,5.99,5.0,2.3,Met
OPS-001611,ORD-001611,1.5,6.5,3.8,1436,12.53,5.0,4.1,Met
OPS-011747,ORD-011747,1.5,5.4,4.5,460,6.63,5.0,4.8,Met
OPS-007678,ORD-007678,3.7,5.3,1.4,257,13.91,5.0,1.8,Met
OPS-007133,ORD-007133,0.8,2.0,5.2,451,5.4,5.0,5.3,Breached
OPS-008025,ORD-008025,2.5,5.2,4.0,223,5.69,5.0,4.3,Met
OPS-008651,ORD-008651,3.9,6.3,1.4,1689,8.91,5.0,1.8,Met
OPS-000912,ORD-000912,1.6,3.9,6.0,1373,6.11,5.0,6.2,Breached
OPS-011895,ORD-011895,2.1,2.7,2.0,938,7.06,5.0,2.2,Met
OPS-012324,ORD-012324,2.3,7.7,2.0,1256,11.36,5.0,2.4,Met
OPS-006442,ORD-006442,2.1,1.5,2.1,628,4.2,5.0,2.2,Met
OPS-001152,ORD-001152,3.2,3.4,6.5,587,5.29,5.0,6.8,Breached
OPS-008827,ORD-008827,3.1,2.1,4.6,121,5.84,5.0,4.8,Met
OPS-008852,ORD-008852,2.4,3.8,4.5,568,10.6,5.0,4.8,Met
OPS-003410,ORD-003410,1.3,1.8,5.3,1731,13.77,5.0,5.4,Breached
OPS-006815,ORD-006815,3.1,3.0,6.6,1572,11.38,5.0,6.9,Breached
OPS-011382,ORD-011382,2.4,5.5,2.6,325,7.2,5.0,2.9,Met
OPS-002927,ORD-002927,2.3,7.2,5.5,1819,13.04,5.0,5.9,Breached
OPS-007382,ORD-007382,1.5,1.4,3.6,1614,5.43,5.0,3.7,Met
OPS-006597,ORD-006597,3.4,1.6,4.0,640,12.9,5.0,4.2,Met
OPS-007132,ORD-007132,1.5,7.8,2.5,1098,12.99,5.0,2.9,Met
OPS-003425,ORD-003425,1.3,4.7,1.3,170,10.89,5.0,1.6,Met
OPS-002197,ORD-002197,1.4,6.2,1.8,243,6.37,5.0,2.1,Met
OPS-001349,ORD-001349,3.9,4.3,4.5,868,12.98,5.0,4.8,Met
OPS-003872,ORD-003872,2.4,4.6,1.6,1343,5.02,5.0,1.9,Met
OPS-001346,ORD-001346,3.3,1.8,1.6,1626,4.91,5.0,1.8,Met
OPS-008611,ORD-008611,1.4,1.1,1.5,1756,12.07,5.0,1.6,Met
OPS-001613,ORD-001613,3.0,1.5,1.3,477,13.51,5.0,1.5,Met
OPS-009041,ORD-009041,2.5,7.2,3.5,1414,13.64,5.0,3.9,Met
OPS-012187,ORD-012187,3.7,2.9,2.7,697,11.0,5.0,3.0,Met
OPS-001947,ORD-001947,1.0,1.1,6.8,1042,7.66,5.0,6.9,Breached
OPS-002023,ORD-002023,1.4,1.7,1.2,1282,6.4,5.0,1.3,Met
OPS-010265,ORD-010265,3.9,4.7,1.9,1023,6.8,5.0,2.3,Met
OPS-011399,ORD-011399,3.5,6.9,2.5,1089,4.69,5.0,2.9,Met
OPS-005682,ORD-005682,2.5,7.7,4.6,265,5.36,5.0,5.0,Met
OPS-009747,ORD-009747,2.3,5.4,4.2,781,9.0,5.0,4.5,Met
OPS-009772,ORD-009772,3.4,3.7,2.4,252,4.42,5.0,2.7,Met
OPS-011968,ORD-011968,0.6,1.3,5.5,497,10.52,5.0,5.6,Breached
OPS-010121,ORD-010121,3.9,5.6,4.5,102,6.19,5.0,4.9,Met
OPS-004135,ORD-004135,1.7,1.7,6.4,848,8.85,5.0,6.5,Breached
OPS-010341,ORD-010341,3.3,2.6,5.8,639,11.38,5.0,6.0,Breached
OPS-011990,ORD-011990,3.5,6.1,5.1,1363,4.66,5.0,5.5,Breached
OPS-011595,ORD-011595,3.0,7.9,3.3,1287,10.05,5.0,3.8,Met
OPS-001243,ORD-001243,2.1,1.6,3.2,170,12.74,5.0,3.4,Met
OPS-005740,ORD-005740,3.8,2.8,3.7,958,12.16,5.0,4.0,Met
OPS-000525,ORD-000525,2.1,6.0,1.6,1797,8.78,5.0,1.9,Met
OPS-008625,ORD-008625,1.3,3.1,5.0,738,13.42,5.0,5.2,Breached
OPS-000638,ORD-000638,2.3,6.2,5.0,1842,4.02,5.0,5.4,Breached
OPS-009789,ORD-009789,3.8,8.0,3.8,393,5.91,5.0,4.3,Met
OPS-000025,ORD-000025,0.6,4.3,1.6,1911,6.51,5.0,1.8,Met
OPS-001360,ORD-001360,3.7,6.6,3.5,112,4.96,5.0,3.9,Met
OPS-000194,ORD-000194,1.5,5.7,4.1,421,8.5,5.0,4.4,Met
OPS-000212,ORD-000212,3.4,2.3,1.1,1503,10.21,5.0,1.3,Met
OPS-008466,ORD-008466,2.9,7.2,5.6,1713,9.01,5.0,6.0,Breached
OPS-010255,ORD-010255,2.4,5.0,6.0,1517,9.99,5.0,6.3,Breached
OPS-002115,ORD-002115,3.2,5.6,4.2,1603,8.01,5.0,4.6,Met
OPS-011607,ORD-011607,1.4,4.4,2.1,178,8.59,5.0,2.3,Met
OPS-009102,ORD-009102,1.5,7.1,6.8,308,11.03,5.0,7.2,Breached
OPS-000943,ORD-000943,1.1,5.1,3.5,1299,9.29,5.0,3.8,Met
OPS-005884,ORD-005884,1.7,5.4,6.9,1867,13.87,5.0,7.2,Breached
OPS-004120,ORD-004120,2.4,6.6,2.6,570,9.58,5.0,3.0,Met
OPS-000311,ORD-000311,3.5,2.5,4.7,687,4.26,5.0,5.0,Met
OPS-000761,ORD-000761,4.0,2.9,3.6,292,5.6,5.0,3.9,Met
OPS-010389,ORD-010389,3.3,5.3,2.6,350,11.6,5.0,3.0,Met
OPS-012469,ORD-012469,2.6,5.7,5.9,143,13.66,5.0,6.2,Breached
OPS-007906,ORD-007906,1.2,5.7,4.0,1886,9.89,5.0,4.3,Met
OPS-005298,ORD-005298,1.0,3.9,1.7,1223,13.94,5.0,1.9,Met
OPS-009904,ORD-009904,2.1,5.7,5.7,1311,12.94,5.0,6.0,Breached
OPS-002851,ORD-002851,0.8,8.0,2.8,278,8.84,5.0,3.2,Met
OPS-012029,ORD-012029,2.9,5.3,6.2,1707,6.64,5.0,6.5,Breached
OPS-011619,ORD-011619,4.0,5.6,4.5,465,5.01,5.0,4.9,Met
OPS-008918,ORD-008918,3.2,3.1,6.0,329,9.75,5.0,6.3,Breached
OPS-006232,ORD-006232,3.4,2.2,5.3,125,11.12,5.0,5.5,Breached
OPS-001326,ORD-001326,3.8,6.8,6.1,621,6.69,5.0,6.5,Breached
OPS-001672,ORD-001672,1.3,5.5,1.7,1233,8.53,5.0,2.0,Met
OPS-002062,ORD-002062,0.6,4.5,1.4,1769,8.88,5.0,1.6,Met
OPS-011707,ORD-011707,3.9,5.7,5.4,1864,5.29,5.0,5.8,Breached
OPS-010050,ORD-010050,0.6,5.2,5.4,463,6.57,5.0,5.6,Breached
OPS-010794,ORD-010794,1.9,4.2,3.5,1841,8.27,5.0,3.8,Met
OPS-002994,ORD-002994,3.4,4.1,4.4,380,11.38,5.0,4.7,Met
OPS-010730,ORD-010730,1.8,2.2,2.9,1299,13.96,5.0,3.1,Met
OPS-008367,ORD-008367,1.2,1.7,2.0,182,9.62,5.0,2.1,Met
OPS-010681,ORD-010681,0.6,7.7,5.3,856,9.47,5.0,5.6,Breached
OPS-009458,ORD-009458,0.6,8.0,3.7,1318,6.34,5.0,4.1,Met
OPS-001067,ORD-001067,0.8,2.7,1.3,360,10.03,5.0,1.4,Met
OPS-003384,ORD-003384,3.2,6.5,6.8,1364,8.23,5.0,7.2,Breached
OPS-008674,ORD-008674,2.0,4.7,3.8,416,7.03,5.0,4.1,Met
OPS-011471,ORD-011471,3.3,5.9,3.8,774,10.67,5.0,4.2,Met
OPS-007561,ORD-007561,2.4,1.6,6.8,1705,4.38,5.0,7.0,Breached
OPS-000369,ORD-000369,3.9,5.8,3.0,700,9.17,5.0,3.4,Met
OPS-003929,ORD-003929,3.3,1.3,6.7,525,4.74,5.0,6.9,Breached
OPS-003809,ORD-003809,2.4,4.1,3.7,326,7.87,5.0,4.0,Met
OPS-010215,ORD-010215,3.6,5.1,4.0,852,12.24,5.0,4.4,Met
OPS-010220,ORD-010220,1.8,3.1,1.1,138,5.99,5.0,1.3,Met
OPS-001595,ORD-001595,0.6,5.2,4.1,1133,7.01,5.0,4.3,Met
OPS-002844,ORD-002844,3.1,5.1,5.6,1406,8.4,5.0,5.9,Breached
OPS-001903,ORD-001903,0.8,4.3,4.1,1042,9.54,5.0,4.3,Met
OPS-003778,ORD-003778,1.6,2.4,3.1,1735,9.23,5.0,3.3,Met
OPS-007815,ORD-007815,1.3,1.5,5.0,1550,8.8,5.0,5.1,Breached
OPS-002358,ORD-002358,3.5,5.8,3.4,1425,9.9,5.0,3.8,Met
OPS-003377,ORD-003377,1.2,2.1,1.5,742,11.32,5.0,1.6,Met
OPS-003414,ORD-003414,3.0,2.5,5.5,1820,8.79,5.0,5.7,Breached
OPS-003180,ORD-003180,3.1,7.2,2.8,1269,9.54,5.0,3.2,Met
OPS-009781,ORD-009781,1.6,5.8,3.5,1150,8.57,5.0,3.8,Met
OPS-001716,ORD-001716,0.7,2.6,1.9,1599,8.33,5.0,2.0,Met
OPS-011109,ORD-011109,2.0,1.4,1.9,1960,11.54,5.0,2.0,Met
OPS-001046,ORD-001046,3.1,1.1,2.1,1371,11.29,5.0,2.3,Met
OPS-002143,ORD-002143,3.2,4.4,1.9,493,7.26,5.0,2.2,Met
OPS-000122,ORD-000122,1.2,2.4,3.5,128,10.52,5.0,3.6,Met
OPS-009140,ORD-009140,1.7,3.8,6.2,1918,10.04,5.0,6.4,Breached
OPS-009044,ORD-009044,3.0,7.9,6.7,1775,4.43,5.0,7.2,Breached
OPS-004276,ORD-004276,4.0,3.0,1.0,376,12.97,5.0,1.3,Met
OPS-006917,ORD-006917,3.1,6.5,3.1,711,7.19,5.0,3.5,Met
OPS-006727,ORD-006727,1.6,1.5,5.9,323,6.89,5.0,6.0,Breached
OPS-003917,ORD-003917,3.7,5.0,5.0,368,5.21,5.0,5.4,Breached
OPS-012030,ORD-012030,3.3,1.0,4.8,166,9.66,5.0,5.0,Met
OPS-008130,ORD-008130,3.0,1.4,6.5,535,8.66,5.0,6.7,Breached
OPS-006018,ORD-006018,1.4,1.2,3.7,262,6.72,5.0,3.8,Met
OPS-007880,ORD-007880,0.7,2.3,4.9,1760,12.79,5.0,5.0,Met
OPS-003678,ORD-003678,2.4,5.1,4.0,972,11.29,5.0,4.3,Met
OPS-004030,ORD-004030,1.8,4.0,2.5,761,13.83,5.0,2.7,Met
OPS-006172,ORD-006172,2.4,6.7,2.0,664,5.89,5.0,2.4,Met
OPS-007034,ORD-007034,1.3,2.9,2.3,1446,5.51,5.0,2.5,Met
OPS-005043,ORD-005043,1.3,1.3,5.0,132,7.69,5.0,5.1,Breached
OPS-005072,ORD-005072,2.8,2.0,5.2,1961,6.19,5.0,5.4,Breached
OPS-012107,ORD-012107,2.1,6.6,4.0,156,13.49,5.0,4.4,Met
OPS-011068,ORD-011068,1.0,6.1,5.7,1247,6.91,5.0,6.0,Breached
OPS-007632,ORD-007632,3.8,4.4,1.2,1763,10.89,5.0,1.5,Met
OPS-001031,ORD-001031,3.8,2.9,1.8,1946,13.33,5.0,2.1,Met
OPS-006260,ORD-006260,2.4,2.9,2.6,1451,5.98,5.0,2.8,Met
OPS-006015,ORD-006015,2.1,1.4,6.5,1642,6.22,5.0,6.6,Breached
OPS-009395,ORD-009395,2.2,7.4,3.0,1958,8.55,5.0,3.4,Met
OPS-005299,ORD-005299,0.8,6.4,4.2,236,8.71,5.0,4.5,Met
OPS-005752,ORD-005752,1.2,3.5,6.1,1869,11.48,5.0,6.3,Breached
OPS-003630,ORD-003630,1.8,7.3,6.1,239,12.17,5.0,6.5,Breached
OPS-001856,ORD-001856,2.0,7.4,3.0,1905,8.54,5.0,3.4,Met
OPS-008556,ORD-008556,3.8,4.4,4.2,163,7.79,5.0,4.5,Met
OPS-010497,ORD-010497,3.8,5.0,4.7,784,5.04,5.0,5.1,Breached
OPS-003706,ORD-003706,3.0,3.9,5.9,438,6.3,5.0,6.2,Breached
OPS-009600,ORD-009600,1.4,2.8,5.4,1268,10.48,5.0,5.6,Breached
OPS-010274,ORD-010274,1.6,3.4,3.7,1868,12.51,5.0,3.9,Met
OPS-012457,ORD-012457,2.8,5.6,6.7,1054,4.18,5.0,7.0,Breached
OPS-008162,ORD-008162,3.3,5.5,1.2,868,13.88,5.0,1.6,Met
OPS-011944,ORD-011944,1.2,1.7,2.5,304,5.79,5.0,2.6,Met
OPS-002219,ORD-002219,3.9,2.7,4.1,482,12.13,5.0,4.4,Met
OPS-003412,ORD-003412,1.3,5.2,3.0,1720,5.69,5.0,3.3,Met
OPS-000307,ORD-000307,2.4,2.5,3.1,517,4.83,5.0,3.3,Met
OPS-002669,ORD-002669,1.6,4.5,6.9,247,11.61,5.0,7.2,Breached
OPS-000414,ORD-000414,3.5,3.0,2.2,1734,10.55,5.0,2.5,Met
OPS-006658,ORD-006658,0.9,6.3,4.4,531,7.59,5.0,4.7,Met
OPS-011801,ORD-011801,2.8,4.5,6.9,1699,11.77,5.0,7.2,Breached
OPS-006923,ORD-006923,3.2,5.6,3.1,619,13.37,5.0,3.5,Met
OPS-009876,ORD-009876,3.3,1.8,5.0,1426,5.45,5.0,5.2,Breached
OPS-002945,ORD-002945,0.7,3.1,4.5,555,10.8,5.0,4.7,Met
OPS-007205,ORD-007205,3.7,2.8,1.9,109,7.5,5.0,2.2,Met
OPS-002240,ORD-002240,2.8,4.2,6.2,1876,5.78,5.0,6.5,Breached
OPS-003370,ORD-003370,1.2,2.7,1.9,781,7.42,5.0,2.1,Met
OPS-007703,ORD-007703,3.6,2.3,1.8,267,7.17,5.0,2.0,Met
OPS-009281,ORD-009281,3.6,1.3,4.6,625,4.83,5.0,4.8,Met
OPS-008892,ORD-008892,3.2,5.0,5.5,938,4.95,5.0,5.8,Breached
OPS-012367,ORD-012367,3.4,2.4,2.4,1353,5.43,5.0,2.6,Met
OPS-010427,ORD-010427,0.9,1.1,2.5,144,6.97,5.0,2.6,Met
OPS-000207,ORD-000207,1.3,2.8,3.1,1503,13.09,5.0,3.3,Met
OPS-012120,ORD-012120,1.8,7.3,1.8,1581,10.97,5.0,2.2,Met
OPS-004607,ORD-004607,1.2,7.5,3.3,1619,4.3,5.0,3.7,Met
OPS-003579,ORD-003579,0.7,2.7,1.7,217,13.83,5.0,1.8,Met
OPS-011262,ORD-011262,2.3,5.1,7.0,225,5.31,5.0,7.3,Breached
OPS-009918,ORD-009918,1.4,4.9,5.7,1911,9.64,5.0,6.0,Breached
OPS-000350,ORD-000350,2.8,4.3,2.7,1389,4.89,5.0,3.0,Met
OPS-010562,ORD-010562,1.6,5.5,2.4,738,12.93,5.0,2.7,Met
OPS-000517,ORD-000517,0.7,1.1,5.4,1453,13.81,5.0,5.5,Breached
OPS-004839,ORD-004839,3.0,5.6,2.9,1298,10.04,5.0,3.3,Met
OPS-005199,ORD-005199,3.3,6.5,3.8,235,7.72,5.0,4.2,Met
OPS-001497,ORD-001497,1.7,5.9,4.6,1728,6.01,5.0,4.9,Met
OPS-000463,ORD-000463,3.1,3.0,6.4,115,6.25,5.0,6.7,Breached
OPS-010926,ORD-010926,1.2,1.3,4.7,1943,11.07,5.0,4.8,Met
OPS-008054,ORD-008054,1.1,1.2,5.7,1693,12.75,5.0,5.8,Breached
OPS-009643,ORD-009643,4.0,5.9,6.9,319,4.33,5.0,7.3,Breached
OPS-011464,ORD-011464,2.3,6.5,1.9,820,4.26,5.0,2.3,Met
OPS-002695,ORD-002695,3.0,7.0,5.8,290,5.84,5.0,6.2,Breached
OPS-007162,ORD-007162,2.3,6.0,2.3,659,6.94,5.0,2.6,Met
OPS-007747,ORD-007747,0.8,5.2,6.3,314,9.42,5.0,6.5,Breached
OPS-001093,ORD-001093,3.8,7.9,1.5,1577,11.69,5.0,2.0,Met
OPS-005037,ORD-005037,3.8,8.0,3.9,300,10.81,5.0,4.4,Met
OPS-001196,ORD-001196,2.7,3.2,2.7,557,9.59,5.0,2.9,Met
OPS-003600,ORD-003600,2.3,3.3,3.2,452,10.59,5.0,3.4,Met
OPS-008940,ORD-008940,1.1,1.5,4.3,416,11.97,5.0,4.4,Met
OPS-009019,ORD-009019,2.6,3.8,5.6,284,9.21,5.0,5.9,Breached
OPS-008364,ORD-008364,0.6,1.8,6.2,221,10.99,5.0,6.3,Breached
OPS-000555,ORD-000555,3.2,1.4,6.7,614,11.8,5.0,6.9,Breached
OPS-008412,ORD-008412,2.8,3.0,3.4,1986,7.74,5.0,3.6,Met
OPS-007938,ORD-007938,1.0,4.9,4.8,677,7.39,5.0,5.0,Met
OPS-012210,ORD-012210,1.0,1.3,2.5,1929,4.2,5.0,2.6,Met
OPS-007253,ORD-007253,3.3,3.1,1.7,1386,6.18,5.0,2.0,Met
OPS-011319,ORD-011319,3.6,5.2,3.9,423,12.87,5.0,4.3,Met
OPS-001169,ORD-001169,1.4,7.1,3.3,1632,8.91,5.0,3.7,Met
OPS-006554,ORD-006554,3.0,7.9,6.1,1445,12.47,5.0,6.6,Breached
OPS-011179,ORD-011179,0.6,3.0,1.2,1934,6.81,5.0,1.3,Met
OPS-003428,ORD-003428,2.3,3.2,2.2,467,9.01,5.0,2.4,Met
OPS-006767,ORD-006767,3.5,5.3,4.0,1805,12.66,5.0,4.4,Met
OPS-004044,ORD-004044,3.8,4.7,6.3,1764,13.16,5.0,6.7,Breached
OPS-004914,ORD-004914,0.5,4.5,1.1,1467,12.61,5.0,1.3,Met
OPS-005550,ORD-005550,2.2,2.1,6.5,1286,4.12,5.0,6.7,Breached
OPS-006593,ORD-006593,2.5,5.6,1.1,317,5.15,5.0,1.4,Met
OPS-001941,ORD-001941,2.0,3.8,5.1,1415,6.4,5.0,5.3,Breached
OPS-003174,ORD-003174,2.2,4.6,2.1,119,4.4,5.0,2.4,Met
OPS-010735,ORD-010735,2.9,6.9,1.6,1284,7.08,5.0,2.0,Met
OPS-000887,ORD-000887,2.5,2.3,6.3,1581,8.13,5.0,6.5,Breached
OPS-006287,ORD-006287,3.4,3.3,2.4,1338,9.36,5.0,2.7,Met
OPS-003574,ORD-003574,2.2,2.9,1.8,1272,10.76,5.0,2.0,Met
OPS-005622,ORD-005622,1.4,3.9,5.0,1504,6.07,5.0,5.2,Breached
OPS-001261,ORD-001261,2.6,2.9,6.2,1571,11.18,5.0,6.4,Breached
OPS-004382,ORD-004382,3.4,4.3,4.2,1767,6.86,5.0,4.5,Met
OPS-000937,ORD-000937,3.6,6.9,4.6,202,13.25,5.0,5.0,Met
OPS-012448,ORD-012448,3.4,3.4,3.3,951,6.57,5.0,3.6,Met
OPS-000888,ORD-000888,3.5,5.3,3.4,1403,12.91,5.0,3.8,Met
OPS-001065,ORD-001065,3.6,3.5,2.7,558,8.19,5.0,3.0,Met
OPS-009894,ORD-009894,2.7,6.5,1.7,1926,8.96,5.0,2.1,Met
OPS-010399,ORD-010399,0.5,4.3,1.4,1145,4.99,5.0,1.6,Met
OPS-007490,ORD-007490,1.1,2.9,2.8,953,7.82,5.0,3.0,Met
OPS-000860,ORD-000860,2.5,1.5,2.2,1219,8.75,5.0,2.4,Met
OPS-000694,ORD-000694,0.8,4.2,3.7,1717,10.09,5.0,3.9,Met
OPS-008293,ORD-008293,1.9,6.3,5.7,1884,5.1,5.0,6.0,Breached
OPS-009173,ORD-009173,1.0,2.7,6.8,792,7.75,5.0,7.0,Breached
OPS-003945,ORD-003945,0.7,7.9,5.1,548,6.8,5.0,5.5,Breached
OPS-000097,ORD-000097,2.4,3.8,5.6,215,13.21,5.0,5.9,Breached
OPS-002051,ORD-002051,0.6,5.8,5.2,655,11.63,5.0,5.5,Breached
OPS-010817,ORD-010817,3.1,6.1,5.8,1189,12.59,5.0,6.2,Breached
OPS-005864,ORD-005864,2.8,5.9,4.2,244,12.77,5.0,4.6,Met
OPS-011237,ORD-011237,3.9,3.7,2.9,1787,9.93,5.0,3.2,Met
OPS-002170,ORD-002170,1.1,1.7,2.1,523,6.22,5.0,2.2,Met
OPS-002743,ORD-002743,2.7,7.6,4.7,206,7.86,5.0,5.1,Breached
OPS-010798,ORD-010798,3.8,2.8,4.0,1909,4.51,5.0,4.3,Met
OPS-001045,ORD-001045,3.3,1.0,4.8,816,8.08,5.0,5.0,Met
OPS-003633,ORD-003633,3.3,1.6,4.1,1950,11.0,5.0,4.3,Met
OPS-010412,ORD-010412,2.5,5.7,5.0,1605,13.15,5.0,5.3,Breached
OPS-009732,ORD-009732,1.9,3.9,3.9,719,11.63,5.0,4.1,Met
OPS-002500,ORD-002500,0.8,3.0,6.0,759,6.88,5.0,6.2,Breached
OPS-009505,ORD-009505,2.3,6.5,4.6,764,13.86,5.0,5.0,Met
OPS-007683,ORD-007683,3.6,5.3,6.3,1747,5.63,5.0,6.7,Breached
OPS-004813,ORD-004813,2.3,3.9,3.3,1604,4.34,5.0,3.6,Met
OPS-007940,ORD-007940,3.1,4.0,5.1,888,11.23,5.0,5.4,Breached
OPS-011675,ORD-011675,2.4,7.4,6.5,566,11.99,5.0,6.9,Breached
OPS-003263,ORD-003263,3.7,6.7,2.3,198,7.84,5.0,2.7,Met
OPS-006227,ORD-006227,1.6,1.2,3.1,1532,11.35,5.0,3.2,Met
OPS-008504,ORD-008504,2.5,7.3,5.5,1140,4.41,5.0,5.9,Breached
OPS-000017,ORD-000017,2.3,1.2,5.3,654,13.34,5.0,5.4,Breached
OPS-003875,ORD-003875,2.9,4.7,5.6,1862,8.59,5.0,5.9,Breached
OPS-006023,ORD-006023,1.5,3.7,1.5,434,13.74,5.0,1.7,Met
OPS-004072,ORD-004072,2.3,2.5,2.3,973,12.83,5.0,2.5,Met
OPS-008153,ORD-008153,1.9,6.2,1.4,1902,8.74,5.0,1.7,Met
OPS-010021,ORD-010021,3.8,6.2,6.5,1611,12.73,5.0,6.9,Breached
OPS-007986,ORD-007986,2.1,3.4,4.1,1868,5.6,5.0,4.3,Met
OPS-001359,ORD-001359,3.9,1.7,6.3,1670,6.01,5.0,6.5,Breached
OPS-009984,ORD-009984,1.1,7.6,1.2,537,9.32,5.0,1.6,Met
OPS-003100,ORD-003100,1.9,6.7,3.2,286,6.01,5.0,3.6,Met
OPS-008724,ORD-008724,3.7,5.8,6.5,1106,11.9,5.0,6.9,Breached
OPS-002678,ORD-002678,2.6,2.6,6.2,168,6.27,5.0,6.4,Breached
OPS-004462,ORD-004462,3.6,1.1,2.0,899,8.74,5.0,2.2,Met
OPS-011137,ORD-011137,2.5,3.2,3.8,326,10.69,5.0,4.0,Met
OPS-007761,ORD-007761,2.1,7.8,2.3,1988,10.78,5.0,2.7,Met
OPS-002309,ORD-002309,2.2,3.9,2.2,904,12.11,5.0,2.5,Met
OPS-002192,ORD-002192,2.5,1.4,5.9,874,4.2,5.0,6.1,Breached
OPS-002792,ORD-002792,2.2,6.7,2.8,1338,4.4,5.0,3.2,Met
OPS-011400,ORD-011400,3.0,3.7,4.5,289,6.54,5.0,4.8,Met
OPS-008975,ORD-008975,1.6,1.3,4.5,1743,5.28,5.0,4.6,Met
OPS-001222,ORD-001222,1.4,3.1,4.5,1223,10.38,5.0,4.7,Met
OPS-012394,ORD-012394,2.4,1.5,4.0,637,13.92,5.0,4.2,Met
OPS-009379,ORD-009379,0.6,1.7,1.3,151,9.92,5.0,1.4,Met
OPS-012129,ORD-012129,3.2,1.5,5.0,775,4.12,5.0,5.2,Breached
OPS-009624,ORD-009624,2.1,3.1,1.3,1221,4.45,5.0,1.5,Met
OPS-004123,ORD-004123,2.5,1.7,3.2,741,7.43,5.0,3.4,Met
OPS-008750,ORD-008750,0.8,5.3,4.8,622,8.9,5.0,5.1,Breached
OPS-007063,ORD-007063,3.6,6.8,2.7,1035,7.76,5.0,3.1,Met
OPS-000338,ORD-000338,3.9,2.5,3.9,1959,5.48,5.0,4.2,Met
OPS-000002,ORD-000002,2.2,3.0,5.6,1716,4.84,5.0,5.8,Breached
OPS-003549,ORD-003549,3.3,4.2,2.4,181,13.69,5.0,2.7,Met
OPS-002542,ORD-002542,2.6,1.4,6.4,498,5.14,5.0,6.6,Breached
OPS-006438,ORD-006438,1.4,1.9,2.5,580,5.1,5.0,2.6,Met
OPS-006156,ORD-006156,2.9,4.7,2.3,1382,6.94,5.0,2.6,Met
OPS-008252,ORD-008252,4.0,1.9,6.2,1140,13.9,5.0,6.4,Breached
OPS-002335,ORD-002335,1.6,7.3,5.7,748,6.24,5.0,6.1,Breached
OPS-001314,ORD-001314,3.0,6.3,2.2,1734,11.22,5.0,2.6,Met
OPS-001094,ORD-001094,2.2,7.0,4.3,1901,13.49,5.0,4.7,Met
OPS-010081,ORD-010081,1.2,2.4,5.4,1196,4.82,5.0,5.6,Breached
OPS-001115,ORD-001115,2.7,4.5,6.4,721,13.95,5.0,6.7,Breached
OPS-011119,ORD-011119,3.4,4.9,6.4,969,7.06,5.0,6.7,Breached
OPS-004287,ORD-004287,1.7,1.5,3.7,1820,13.89,5.0,3.8,Met
OPS-006034,ORD-006034,0.5,7.1,4.1,1486,11.98,5.0,4.4,Met
OPS-006535,ORD-006535,3.9,7.6,6.5,1044,12.21,5.0,7.0,Breached
OPS-002948,ORD-002948,3.5,5.5,2.8,891,5.7,5.0,3.2,Met
OPS-002220,ORD-002220,0.5,1.0,4.5,1979,4.8,5.0,4.6,Met
OPS-011666,ORD-011666,3.5,6.7,4.7,825,9.43,5.0,5.1,Breached
OPS-003479,ORD-003479,1.8,5.0,5.2,767,12.68,5.0,5.5,Breached
OPS-012427,ORD-012427,1.2,5.9,3.9,1426,10.64,5.0,4.2,Met
OPS-002750,ORD-002750,0.6,3.1,2.6,1630,9.31,5.0,2.8,Met
OPS-007894,ORD-007894,3.1,1.3,5.8,636,8.6,5.0,6.0,Breached
OPS-003802,ORD-003802,2.8,2.8,6.2,1082,4.71,5.0,6.4,Breached
OPS-002531,ORD-002531,2.7,4.5,2.0,114,8.45,5.0,2.3,Met
OPS-002146,ORD-002146,3.7,2.2,1.3,1327,4.54,5.0,1.5,Met
OPS-001574,ORD-001574,1.7,3.0,3.3,1228,4.37,5.0,3.5,Met
OPS-000622,ORD-000622,3.1,4.2,4.3,461,10.3,5.0,4.6,Met
OPS-007202,ORD-007202,1.6,6.7,5.1,279,4.84,5.0,5.4,Breached
OPS-004032,ORD-004032,3.2,6.6,6.9,1823,12.33,5.0,7.3,Breached
OPS-008554,ORD-008554,3.7,4.6,2.9,825,8.75,5.0,3.2,Met
OPS-000413,ORD-000413,3.6,6.5,4.8,1171,9.87,5.0,5.2,Breached
OPS-009978,ORD-009978,1.6,6.8,1.6,914,10.29,5.0,2.0,Met
OPS-011161,ORD-011161,1.7,4.3,3.9,1334,12.16,5.0,4.2,Met
OPS-009010,ORD-009010,1.4,7.1,3.3,181,13.67,5.0,3.7,Met
OPS-003260,ORD-003260,2.6,3.5,4.2,551,10.82,5.0,4.5,Met
OPS-006497,ORD-006497,0.5,5.8,4.5,280,10.6,5.0,4.8,Met
OPS-004843,ORD-004843,2.5,2.4,6.3,1081,7.52,5.0,6.5,Breached
OPS-004630,ORD-004630,3.0,6.2,1.9,1489,8.9,5.0,2.3,Met
OPS-005081,ORD-005081,0.7,1.5,2.8,1688,12.01,5.0,2.9,Met
OPS-007437,ORD-007437,2.6,3.0,1.9,531,7.92,5.0,2.1,Met
OPS-002008,ORD-002008,1.9,3.5,5.4,1802,13.68,5.0,5.6,Breached
OPS-000494,ORD-000494,2.5,2.1,6.1,594,7.83,5.0,6.3,Breached
OPS-008822,ORD-008822,2.8,4.1,5.5,1365,11.8,5.0,5.8,Breached
OPS-001138,ORD-001138,3.5,5.5,2.5,1314,13.34,5.0,2.9,Met
OPS-003287,ORD-003287,1.5,6.5,3.6,729,7.32,5.0,3.9,Met
OPS-001343,ORD-001343,1.2,5.5,1.2,1094,7.69,5.0,1.5,Met
OPS-011282,ORD-011282,1.0,4.7,1.2,554,11.56,5.0,1.4,Met
OPS-008017,ORD-008017,0.6,3.7,3.3,155,10.41,5.0,3.5,Met
OPS-002420,ORD-002420,2.2,6.6,4.0,916,12.65,5.0,4.4,Met
OPS-008402,ORD-008402,1.4,5.3,4.1,287,5.62,5.0,4.4,Met
OPS-006674,ORD-006674,0.8,5.2,5.6,1286,9.48,5.0,5.8,Breached
OPS-006358,ORD-006358,0.7,5.7,4.1,1460,10.36,5.0,4.4,Met
OPS-007414,ORD-007414,0.7,3.9,3.9,1876,10.35,5.0,4.1,Met
OPS-005056,ORD-005056,3.2,2.2,1.2,944,13.53,5.0,1.4,Met
OPS-009824,ORD-009824,3.7,5.1,3.7,1443,4.93,5.0,4.1,Met
OPS-001649,ORD-001649,3.2,1.5,1.8,233,6.68,5.0,2.0,Met
OPS-006452,ORD-006452,1.6,7.4,6.3,125,7.64,5.0,6.7,Breached
OPS-002974,ORD-002974,0.8,6.0,6.1,1338,13.31,5.0,6.4,Breached
OPS-004669,ORD-004669,1.0,4.8,6.9,368,4.78,5.0,7.1,Breached
OPS-010828,ORD-010828,0.8,3.5,2.8,1453,5.15,5.0,3.0,Met
OPS-003783,ORD-003783,1.7,1.8,3.7,1090,12.81,5.0,3.8,Met
OPS-005626,ORD-005626,2.8,7.0,4.4,1961,12.83,5.0,4.8,Met
OPS-001053,ORD-001053,2.3,3.4,3.5,732,4.76,5.0,3.7,Met
OPS-008657,ORD-008657,1.7,1.2,5.8,851,12.63,5.0,5.9,Breached
OPS-007908,ORD-007908,1.5,3.2,2.8,367,5.31,5.0,3.0,Met
OPS-009138,ORD-009138,1.0,7.4,6.5,1446,9.73,5.0,6.8,Breached
OPS-011615,ORD-011615,2.9,6.6,5.2,1672,8.21,5.0,5.6,Breached
OPS-002520,ORD-002520,1.9,3.9,5.2,1086,4.71,5.0,5.4,Breached
OPS-009846,ORD-009846,3.8,2.2,6.7,1848,13.39,5.0,7.0,Breached
OPS-007386,ORD-007386,2.1,5.5,1.4,1769,12.18,5.0,1.7,Met
OPS-001318,ORD-001318,3.6,6.5,4.8,373,12.24,5.0,5.2,Breached
OPS-003900,ORD-003900,1.1,4.6,6.6,1989,8.0,5.0,6.8,Breached
OPS-000942,ORD-000942,3.6,5.0,1.0,1903,6.38,5.0,1.4,Met
OPS-010400,ORD-010400,3.0,1.6,5.4,1830,7.85,5.0,5.6,Breached
OPS-004780,ORD-004780,3.6,3.7,6.0,977,6.1,5.0,6.3,Breached
OPS-009309,ORD-009309,1.0,2.4,4.8,1020,9.22,5.0,4.9,Met
OPS-002366,ORD-002366,3.8,7.6,5.5,1783,6.6,5.0,6.0,Breached
OPS-000071,ORD-000071,1.4,2.9,4.2,1207,12.41,5.0,4.4,Met
OPS-005604,ORD-005604,2.9,2.6,3.3,471,13.46,5.0,3.5,Met
OPS-010984,ORD-010984,2.0,1.7,5.3,1733,5.93,5.0,5.5,Breached
OPS-007989,ORD-007989,2.3,2.4,1.4,1794,11.14,5.0,1.6,Met
OPS-007460,ORD-007460,1.3,4.3,3.8,532,13.93,5.0,4.0,Met
OPS-009819,ORD-009819,3.6,4.8,3.8,370,8.37,5.0,4.1,Met
OPS-002578,ORD-002578,1.9,3.6,1.4,340,9.56,5.0,1.6,Met
OPS-006174,ORD-006174,1.0,3.1,4.8,235,4.88,5.0,5.0,Met
OPS-010897,ORD-010897,3.2,3.9,6.3,1260,10.9,5.0,6.6,Breached
OPS-003335,ORD-003335,2.5,4.7,7.0,1875,5.53,5.0,7.3,Breached
OPS-007569,ORD-007569,0.7,6.5,3.5,1335,8.48,5.0,3.8,Met
OPS-003780,ORD-003780,3.6,1.7,5.2,1888,5.14,5.0,5.4,Breached
OPS-000490,ORD-000490,1.3,2.5,4.4,1203,11.91,5.0,4.6,Met
OPS-006485,ORD-006485,2.2,7.5,2.7,355,10.25,5.0,3.1,Met
OPS-001600,ORD-001600,4.0,1.2,6.7,1849,10.48,5.0,6.9,Breached
OPS-008467,ORD-008467,3.5,7.9,3.0,244,9.79,5.0,3.5,Met
OPS-008790,ORD-008790,2.5,4.3,6.6,594,4.69,5.0,6.9,Breached
OPS-006516,ORD-006516,2.5,7.2,5.3,1444,8.16,5.0,5.7,Breached
OPS-000303,ORD-000303,3.0,4.2,4.4,1991,9.43,5.0,4.7,Met
OPS-011788,ORD-011788,2.1,5.7,1.2,1272,11.59,5.0,1.5,Met
OPS-006610,ORD-006610,0.8,4.5,2.0,1683,12.01,5.0,2.2,Met
OPS-002217,ORD-002217,4.0,5.0,1.2,1027,7.9,5.0,1.6,Met
OPS-007713,ORD-007713,1.7,2.7,3.4,1575,6.43,5.0,3.6,Met
OPS-002768,ORD-002768,0.6,5.0,6.7,1365,8.27,5.0,6.9,Breached
OPS-004008,ORD-004008,2.0,3.1,5.5,1628,12.26,5.0,5.7,Breached
OPS-009940,ORD-009940,1.5,6.4,4.2,1149,7.65,5.0,4.5,Met
OPS-004138,ORD-004138,3.0,7.2,2.1,954,4.67,5.0,2.5,Met
OPS-009498,ORD-009498,3.8,6.6,4.1,741,5.35,5.0,4.5,Met
OPS-000828,ORD-000828,0.9,7.0,7.0,458,5.77,5.0,7.3,Breached
OPS-005768,ORD-005768,3.5,1.5,3.1,200,10.14,5.0,3.3,Met
OPS-001325,ORD-001325,1.5,1.9,3.0,1845,4.03,5.0,3.1,Met
OPS-007178,ORD-007178,3.6,4.5,5.7,649,13.7,5.0,6.0,Breached
OPS-007350,ORD-007350,1.6,5.8,4.7,873,4.98,5.0,5.0,Met
OPS-001980,ORD-001980,3.2,7.5,6.9,1231,4.38,5.0,7.3,Breached
OPS-004708,ORD-004708,3.1,2.0,5.6,665,13.1,5.0,5.8,Breached
OPS-011880,ORD-011880,1.7,4.2,5.9,1090,13.1,5.0,6.1,Breached
OPS-001247,ORD-001247,3.6,5.3,5.7,763,7.12,5.0,6.1,Breached
OPS-005134,ORD-005134,1.9,6.7,2.9,1291,12.11,5.0,3.3,Met
OPS-001255,ORD-001255,2.5,6.4,4.0,1751,4.34,5.0,4.4,Met
OPS-000058,ORD-000058,3.4,6.9,4.3,1099,6.62,5.0,4.7,Met
OPS-002334,ORD-002334,1.4,7.3,3.2,950,7.18,5.0,3.6,Met
OPS-004336,ORD-004336,3.8,5.0,6.6,1150,9.39,5.0,7.0,Breached
OPS-009593,ORD-009593,2.2,3.3,5.5,628,4.97,5.0,5.7,Breached
OPS-001752,ORD-001752,3.0,2.3,3.3,132,12.26,5.0,3.5,Met
OPS-007677,ORD-007677,3.4,6.8,2.4,1720,11.69,5.0,2.8,Met
OPS-002645,ORD-002645,1.0,2.0,1.3,753,8.05,5.0,1.4,Met
OPS-007267,ORD-007267,2.9,7.8,6.0,1942,7.52,5.0,6.4,Breached
OPS-002536,ORD-002536,2.2,4.4,6.4,531,9.18,5.0,6.7,Breached
OPS-003472,ORD-003472,3.6,2.0,6.1,1834,6.57,5.0,6.3,Breached
OPS-006268,ORD-006268,2.1,6.7,3.5,826,13.79,5.0,3.9,Met
OPS-005642,ORD-005642,1.7,4.8,1.2,1377,13.73,5.0,1.5,Met
OPS-007638,ORD-007638,2.3,5.9,5.2,1000,5.67,5.0,5.5,Breached
OPS-005372,ORD-005372,0.5,1.4,1.0,481,6.04,5.0,1.1,Met
OPS-004468,ORD-004468,3.3,3.0,2.7,401,6.01,5.0,3.0,Met
OPS-000549,ORD-000549,1.3,6.9,3.1,1006,7.63,5.0,3.4,Met
OPS-012121,ORD-012121,0.9,3.0,1.8,133,11.82,5.0,2.0,Met
OPS-007491,ORD-007491,1.3,7.3,2.4,1324,4.13,5.0,2.8,Met
OPS-006071,ORD-006071,3.7,2.9,1.1,1539,12.87,5.0,1.4,Met
OPS-009177,ORD-009177,1.3,3.9,5.2,743,12.92,5.0,5.4,Breached
OPS-011650,ORD-011650,3.1,5.8,2.7,755,11.51,5.0,3.1,Met
OPS-010011,ORD-010011,2.9,7.0,6.5,1287,7.05,5.0,6.9,Breached
OPS-003766,ORD-003766,3.4,3.2,3.5,1048,10.57,5.0,3.8,Met
OPS-008175,ORD-008175,3.3,1.8,4.8,1397,8.86,5.0,5.0,Met
OPS-008923,ORD-008923,0.9,6.4,2.0,1327,9.07,5.0,2.3,Met
OPS-007504,ORD-007504,2.2,3.7,2.7,1791,7.43,5.0,2.9,Met
OPS-005565,ORD-005565,3.4,2.9,1.6,1821,5.35,5.0,1.9,Met
OPS-003045,ORD-003045,1.5,2.7,2.0,1883,11.11,5.0,2.2,Met
OPS-002504,ORD-002504,3.6,7.5,1.1,1385,10.51,5.0,1.6,Met
OPS-005769,ORD-005769,3.8,4.2,3.1,923,10.65,5.0,3.4,Met
OPS-008804,ORD-008804,0.9,3.6,5.8,1775,6.94,5.0,6.0,Breached
OPS-004892,ORD-004892,1.1,6.9,3.0,159,9.3,5.0,3.3,Met
OPS-006032,ORD-006032,1.0,2.8,1.4,197,11.72,5.0,1.6,Met
OPS-000625,ORD-000625,2.6,6.1,2.2,461,4.15,5.0,2.6,Met
OPS-010994,ORD-010994,0.6,2.4,2.2,1242,10.6,5.0,2.3,Met
OPS-005215,ORD-005215,2.4,7.0,1.3,185,13.62,5.0,1.7,Met
OPS-002203,ORD-002203,3.4,6.3,1.5,1893,6.12,5.0,1.9,Met
OPS-002567,ORD-002567,0.9,7.0,3.2,1991,11.96,5.0,3.5,Met
OPS-011140,ORD-011140,0.7,3.6,5.8,1738,7.46,5.0,6.0,Breached
OPS-006678,ORD-006678,2.8,1.7,3.8,1480,6.87,5.0,4.0,Met
OPS-007866,ORD-007866,3.5,4.8,5.6,1370,11.15,5.0,5.9,Breached
OPS-008217,ORD-008217,1.5,3.2,4.2,1097,6.48,5.0,4.4,Met
OPS-005407,ORD-005407,3.7,6.4,4.0,815,4.29,5.0,4.4,Met
OPS-000977,ORD-000977,4.0,6.9,6.2,1752,13.09,5.0,6.7,Breached
OPS-012013,ORD-012013,2.8,1.4,1.8,1455,9.27,5.0,2.0,Met
OPS-009963,ORD-009963,1.0,2.2,3.8,676,8.6,5.0,3.9,Met
OPS-003522,ORD-003522,2.8,4.2,5.2,205,11.45,5.0,5.5,Breached
OPS-006979,ORD-006979,1.3,4.5,2.0,1920,10.14,5.0,2.2,Met
OPS-001575,ORD-001575,0.7,5.8,5.0,1758,5.61,5.0,5.3,Breached
OPS-002201,ORD-002201,2.0,7.9,6.8,457,5.65,5.0,7.2,Breached
OPS-011954,ORD-011954,1.5,3.9,1.1,1826,11.87,5.0,1.3,Met
OPS-000691,ORD-000691,2.8,5.1,5.9,1247,6.55,5.0,6.2,Breached
OPS-004723,ORD-004723,2.9,7.6,1.1,719,7.72,5.0,1.5,Met
OPS-009810,ORD-009810,3.2,6.8,2.4,961,12.18,5.0,2.8,Met
OPS-010361,ORD-010361,2.8,6.0,4.0,1791,9.45,5.0,4.4,Met
OPS-011665,ORD-011665,1.1,2.5,4.2,1227,5.95,5.0,4.4,Met
OPS-003097,ORD-003097,3.2,7.9,2.8,551,6.84,5.0,3.3,Met
OPS-006802,ORD-006802,0.5,1.9,2.3,779,13.16,5.0,2.4,Met
OPS-004134,ORD-004134,1.1,5.8,2.0,1248,7.89,5.0,2.3,Met
OPS-005600,ORD-005600,3.8,2.1,1.4,1683,9.13,5.0,1.6,Met
OPS-006356,ORD-006356,1.7,6.5,5.0,1419,6.36,5.0,5.3,Breached
OPS-006978,ORD-006978,2.6,7.7,2.3,1221,5.92,5.0,2.7,Met
OPS-001009,ORD-001009,3.5,2.4,3.9,1766,12.15,5.0,4.1,Met
OPS-011568,ORD-011568,1.4,6.8,2.5,711,13.32,5.0,2.8,Met
OPS-011632,ORD-011632,2.4,6.4,5.7,1135,6.02,5.0,6.1,Breached
OPS-005555,ORD-005555,3.3,7.9,4.6,1399,8.11,5.0,5.1,Breached
OPS-011694,ORD-011694,2.7,6.1,1.0,1158,8.38,5.0,1.4,Met
OPS-011095,ORD-011095,3.0,1.4,3.8,1965,5.51,5.0,4.0,Met
OPS-003933,ORD-003933,0.7,4.0,5.8,1184,10.07,5.0,6.0,Breached
OPS-009146,ORD-009146,3.3,1.1,3.3,860,12.85,5.0,3.5,Met
OPS-000320,ORD-000320,3.3,3.2,1.2,1941,8.55,5.0,1.5,Met
OPS-002682,ORD-002682,2.4,3.3,5.6,705,6.03,5.0,5.8,Breached
OPS-012343,ORD-012343,1.5,4.3,4.3,1413,4.46,5.0,4.5,Met
OPS-009272,ORD-009272,3.8,2.1,5.8,1852,7.76,5.0,6.0,Breached
OPS-000256,ORD-000256,1.1,7.7,1.6,1065,7.94,5.0,2.0,Met
OPS-005780,ORD-005780,3.0,3.7,5.0,623,9.73,5.0,5.3,Breached
OPS-010956,ORD-010956,3.5,2.3,6.5,1106,8.84,5.0,6.7,Breached
OPS-003815,ORD-003815,1.2,2.4,2.2,1572,4.14,5.0,2.4,Met
OPS-001617,ORD-001617,3.3,3.1,2.7,655,8.92,5.0,3.0,Met
OPS-012299,ORD-012299,3.8,1.8,1.6,706,12.33,5.0,1.8,Met
OPS-000859,ORD-000859,1.0,5.7,2.5,1383,6.54,5.0,2.8,Met
OPS-007166,ORD-007166,0.7,6.5,3.2,306,8.06,5.0,3.5,Met
OPS-002137,ORD-002137,2.3,3.6,6.0,1002,4.1,5.0,6.2,Breached
OPS-011795,ORD-011795,2.9,5.4,3.8,1151,9.72,5.0,4.1,Met
OPS-009737,ORD-009737,3.3,4.7,5.7,426,5.55,5.0,6.0,Breached
OPS-011765,ORD-011765,0.9,7.4,4.9,1397,6.21,5.0,5.2,Breached
OPS-004994,ORD-004994,2.7,7.6,5.1,329,4.12,5.0,5.5,Breached
OPS-006024,ORD-006024,1.9,7.6,4.2,1157,7.67,5.0,4.6,Met
OPS-001846,ORD-001846,0.6,3.5,1.2,698,6.35,5.0,1.4,Met
OPS-001229,ORD-001229,0.6,6.7,5.6,1967,4.32,5.0,5.9,Breached
OPS-007217,ORD-007217,2.4,5.0,6.7,1091,5.81,5.0,7.0,Breached
OPS-010802,ORD-010802,3.2,4.2,4.9,920,6.89,5.0,5.2,Breached
OPS-011526,ORD-011526,1.9,5.1,5.3,2000,4.05,5.0,5.6,Breached
OPS-006712,ORD-006712,2.7,4.5,2.9,1263,9.74,5.0,3.2,Met
OPS-010493,ORD-010493,0.8,7.1,4.5,925,5.38,5.0,4.8,Met
OPS-009007,ORD-009007,2.8,5.2,4.9,540,5.07,5.0,5.2,Breached
OPS-011942,ORD-011942,1.2,1.9,5.6,534,8.85,5.0,5.7,Breached
OPS-010696,ORD-010696,2.3,2.8,3.5,274,10.32,5.0,3.7,Met
OPS-004968,ORD-004968,2.4,6.5,1.8,443,10.38,5.0,2.2,Met
OPS-005469,ORD-005469,4.0,6.1,4.5,1236,12.91,5.0,4.9,Met
OPS-002718,ORD-002718,1.1,5.4,5.8,1171,11.21,5.0,6.1,Breached
OPS-008614,ORD-008614,1.2,7.9,3.0,1107,10.71,5.0,3.4,Met
OPS-006634,ORD-006634,1.6,7.4,2.4,1864,4.17,5.0,2.8,Met
OPS-008093,ORD-008093,2.9,3.7,3.1,1627,6.57,5.0,3.4,Met
OPS-011918,ORD-011918,3.6,2.3,5.0,1554,12.78,5.0,5.2,Breached
OPS-004260,ORD-004260,2.1,3.0,2.3,522,12.8,5.0,2.5,Met
OPS-001143,ORD-001143,1.7,5.0,2.9,536,10.28,5.0,3.2,Met
OPS-001397,ORD-001397,0.8,1.6,2.0,1327,13.09,5.0,2.1,Met
OPS-005225,ORD-005225,3.4,2.8,6.9,535,8.5,5.0,7.2,Breached
OPS-005918,ORD-005918,1.1,1.5,2.6,1055,4.76,5.0,2.7,Met
OPS-003526,ORD-003526,2.0,4.6,6.8,1388,12.12,5.0,7.1,Breached
OPS-004481,ORD-004481,1.4,3.8,6.3,1422,5.47,5.0,6.5,Breached
OPS-000941,ORD-000941,3.4,7.5,5.7,1216,5.22,5.0,6.2,Breached
OPS-010853,ORD-010853,1.9,2.6,5.0,1806,7.15,5.0,5.2,Breached
OPS-008935,ORD-008935,3.6,1.0,2.5,1932,12.64,5.0,2.7,Met
OPS-011018,ORD-011018,1.5,5.5,1.5,1070,5.79,5.0,1.8,Met
OPS-003657,ORD-003657,1.3,1.1,2.0,1059,11.3,5.0,2.1,Met
OPS-001249,ORD-001249,3.8,7.1,1.5,1632,13.01,5.0,2.0,Met
OPS-008491,ORD-008491,0.9,4.1,4.4,1371,8.01,5.0,4.6,Met
OPS-000526,ORD-000526,2.9,6.5,2.4,1620,11.32,5.0,2.8,Met
OPS-006186,ORD-006186,3.8,3.1,4.7,862,9.8,5.0,5.0,Met
OPS-005890,ORD-005890,3.3,4.4,5.4,973,5.11,5.0,5.7,Breached
OPS-002647,ORD-002647,3.4,4.1,6.4,857,4.53,5.0,6.7,Breached
OPS-002601,ORD-002601,3.3,1.8,6.4,1551,5.69,5.0,6.6,Breached
OPS-006324,ORD-006324,0.9,5.1,1.9,1641,7.74,5.0,2.1,Met
OPS-005501,ORD-005501,1.9,5.5,5.5,876,10.84,5.0,5.8,Breached
OPS-007788,ORD-007788,0.9,3.5,5.6,1376,5.39,5.0,5.8,Breached
OPS-006857,ORD-006857,0.9,4.6,4.7,1005,4.42,5.0,4.9,Met
OPS-002807,ORD-002807,3.5,5.1,5.9,303,7.84,5.0,6.3,Breached
OPS-011331,ORD-011331,1.4,5.5,6.4,739,8.87,5.0,6.7,Breached
OPS-011586,ORD-011586,2.0,6.5,1.1,410,9.31,5.0,1.5,Met
OPS-006431,ORD-006431,2.7,7.6,1.0,1478,12.35,5.0,1.4,Met
OPS-011684,ORD-011684,0.6,4.0,2.0,872,11.21,5.0,2.2,Met
OPS-001991,ORD-001991,2.6,2.0,3.1,1629,11.91,5.0,3.3,Met
OPS-003453,ORD-003453,2.5,4.7,1.9,1673,12.71,5.0,2.2,Met
OPS-007356,ORD-007356,1.1,3.2,2.4,1716,10.84,5.0,2.6,Met
OPS-012293,ORD-012293,3.1,1.3,6.3,1428,4.97,5.0,6.5,Breached
OPS-004428,ORD-004428,3.1,6.1,2.7,569,10.01,5.0,3.1,Met
OPS-003131,ORD-003131,3.1,2.7,2.8,993,11.83,5.0,3.0,Met
OPS-000722,ORD-000722,2.5,4.2,6.9,918,4.5,5.0,7.2,Breached
OPS-009070,ORD-009070,1.4,1.9,3.1,235,5.66,5.0,3.2,Met
OPS-010393,ORD-010393,1.5,4.5,3.8,1306,8.4,5.0,4.0,Met
OPS-001175,ORD-001175,3.5,2.4,5.5,1350,6.98,5.0,5.7,Breached
OPS-001291,ORD-001291,1.4,3.1,2.0,529,8.79,5.0,2.2,Met
OPS-001064,ORD-001064,2.8,6.5,5.9,417,12.65,5.0,6.3,Breached
OPS-006502,ORD-006502,2.9,1.9,4.9,129,4.98,5.0,5.1,Breached
OPS-009236,ORD-009236,3.8,2.1,4.7,1752,8.68,5.0,4.9,Met
OPS-002725,ORD-002725,2.4,4.0,2.4,333,11.27,5.0,2.7,Met
OPS-005938,ORD-005938,3.4,2.0,5.3,1743,9.53,5.0,5.5,Breached
OPS-007529,ORD-007529,3.4,2.9,4.7,1087,7.95,5.0,5.0,Met
OPS-008976,ORD-008976,2.3,1.9,3.4,1809,9.2,5.0,3.6,Met
OPS-006619,ORD-006619,3.1,3.9,5.0,1554,9.14,5.0,5.3,Breached
OPS-000711,ORD-000711,3.1,3.0,1.4,1375,5.33,5.0,1.7,Met
OPS-001985,ORD-001985,1.1,3.7,7.0,280,9.77,5.0,7.2,Breached
OPS-003378,ORD-003378,3.7,4.9,7.0,320,9.7,5.0,7.4,Breached
OPS-007623,ORD-007623,3.9,1.4,3.7,336,10.75,5.0,3.9,Met
OPS-005394,ORD-005394,1.3,7.2,1.6,130,9.72,5.0,2.0,Met
OPS-007086,ORD-007086,3.1,6.1,3.2,251,7.09,5.0,3.6,Met
OPS-005671,ORD-005671,1.8,1.1,3.8,518,8.16,5.0,3.9,Met
OPS-009255,ORD-009255,0.7,4.7,4.5,1259,12.94,5.0,4.7,Met
OPS-009350,ORD-009350,3.0,4.5,2.1,624,12.15,5.0,2.4,Met
OPS-007032,ORD-007032,1.0,3.2,1.9,1549,12.1,5.0,2.1,Met
OPS-007266,ORD-007266,0.9,4.7,6.3,1902,4.2,5.0,6.5,Breached
OPS-008201,ORD-008201,3.9,6.2,6.9,1871,11.18,5.0,7.3,Breached
OPS-010851,ORD-010851,3.5,2.9,5.5,1534,8.11,5.0,5.8,Breached
OPS-004491,ORD-004491,4.0,4.4,5.8,606,10.1,5.0,6.1,Breached
OPS-009375,ORD-009375,2.8,7.2,5.5,1086,8.93,5.0,5.9,Breached
OPS-008087,ORD-008087,1.3,1.9,1.8,290,4.51,5.0,1.9,Met
OPS-012214,ORD-012214,2.0,4.4,5.8,300,11.59,5.0,6.1,Breached
OPS-011748,ORD-011748,2.4,1.9,5.9,1984,7.54,5.0,6.1,Breached
OPS-011659,ORD-011659,3.7,1.6,1.3,1267,5.05,5.0,1.5,Met
OPS-011171,ORD-011171,1.5,3.6,3.3,1793,7.79,5.0,3.5,Met
OPS-004826,ORD-004826,1.5,6.6,5.6,586,9.55,5.0,5.9,Breached
OPS-008359,ORD-008359,0.9,5.1,5.1,1673,8.33,5.0,5.3,Breached
OPS-008288,ORD-008288,3.7,2.1,1.3,309,9.89,5.0,1.5,Met
OPS-011542,ORD-011542,1.0,5.8,3.6,126,13.59,5.0,3.9,Met
OPS-004116,ORD-004116,2.6,7.0,6.2,294,12.12,5.0,6.6,Breached
OPS-004099,ORD-004099,2.8,7.9,4.0,1616,6.62,5.0,4.4,Met
OPS-009028,ORD-009028,1.9,1.3,2.6,353,7.52,5.0,2.7,Met
OPS-005549,ORD-005549,0.5,4.6,2.8,944,6.95,5.0,3.0,Met
OPS-004605,ORD-004605,3.2,1.6,4.0,330,10.69,5.0,4.2,Met
OPS-010630,ORD-010630,2.0,1.3,3.5,1012,7.04,5.0,3.6,Met
OPS-008399,ORD-008399,3.8,2.0,4.7,1623,5.44,5.0,4.9,Met
OPS-009568,ORD-009568,0.7,5.9,2.7,1385,6.06,5.0,3.0,Met
OPS-008995,ORD-008995,3.4,3.4,4.9,243,5.29,5.0,5.2,Breached
OPS-002033,ORD-002033,3.2,3.1,3.4,711,13.47,5.0,3.7,Met
OPS-009694,ORD-009694,1.4,8.0,4.3,1342,13.91,5.0,4.7,Met
OPS-002204,ORD-002204,1.0,4.2,3.1,169,13.32,5.0,3.3,Met
OPS-002655,ORD-002655,0.5,5.7,3.3,722,6.57,5.0,3.6,Met
OPS-009566,ORD-009566,2.1,1.1,1.6,721,11.59,5.0,1.7,Met
OPS-003202,ORD-003202,2.0,7.1,2.5,1098,11.92,5.0,2.9,Met
OPS-009756,ORD-009756,3.9,1.2,1.1,1317,7.21,5.0,1.3,Met
OPS-010599,ORD-010599,3.4,5.3,1.6,1711,9.69,5.0,2.0,Met
OPS-012465,ORD-012465,2.1,2.2,5.7,1859,5.83,5.0,5.9,Breached
OPS-009424,ORD-009424,2.6,7.0,5.2,1983,11.86,5.0,5.6,Breached
OPS-009131,ORD-009131,1.6,1.4,5.4,176,6.59,5.0,5.5,Breached
OPS-006601,ORD-006601,3.5,5.2,5.8,1032,13.31,5.0,6.2,Breached
OPS-009079,ORD-009079,2.7,4.0,3.6,147,6.53,5.0,3.9,Met
OPS-001304,ORD-001304,1.9,6.8,3.9,204,7.75,5.0,4.3,Met
OPS-002734,ORD-002734,2.3,3.7,2.7,132,4.4,5.0,3.0,Met
OPS-002960,ORD-002960,3.4,5.5,6.5,1939,11.83,5.0,6.9,Breached
OPS-010736,ORD-010736,3.9,5.8,6.5,1247,7.99,5.0,6.9,Breached
OPS-010084,ORD-010084,1.5,2.5,2.7,859,7.64,5.0,2.9,Met
OPS-000708,ORD-000708,1.0,3.5,5.8,379,5.61,5.0,6.0,Breached
OPS-007637,ORD-007637,1.7,7.4,6.7,149,13.56,5.0,7.1,Breached
OPS-012146,ORD-012146,1.3,3.1,1.6,926,12.39,5.0,1.8,Met
OPS-003748,ORD-003748,2.1,7.6,2.0,697,9.82,5.0,2.4,Met
OPS-003618,ORD-003618,1.6,2.5,3.2,378,10.27,5.0,3.4,Met
OPS-009954,ORD-009954,1.9,6.1,1.6,1754,13.97,5.0,1.9,Met
OPS-006648,ORD-006648,1.8,1.7,5.2,1742,10.73,5.0,5.3,Breached
OPS-009077,ORD-009077,2.3,4.8,5.3,1010,7.44,5.0,5.6,Breached
OPS-003007,ORD-003007,2.8,6.9,3.6,829,10.78,5.0,4.0,Met
OPS-005314,ORD-005314,0.6,2.2,4.5,760,10.53,5.0,4.6,Met
OPS-006621,ORD-006621,2.5,2.5,1.8,1736,11.43,5.0,2.0,Met
OPS-007716,ORD-007716,2.6,4.4,5.5,1604,4.1,5.0,5.8,Breached
OPS-008587,ORD-008587,1.0,5.4,1.7,905,10.03,5.0,2.0,Met
OPS-012451,ORD-012451,1.4,3.9,6.3,1282,7.88,5.0,6.5,Breached
OPS-001250,ORD-001250,2.2,7.4,1.5,1373,8.21,5.0,1.9,Met
OPS-005020,ORD-005020,3.8,2.1,1.2,1191,5.45,5.0,1.4,Met
OPS-004096,ORD-004096,2.4,2.4,2.9,849,5.17,5.0,3.1,Met
OPS-001391,ORD-001391,3.7,2.9,2.8,1869,13.22,5.0,3.1,Met
OPS-002450,ORD-002450,3.3,4.6,6.6,180,13.57,5.0,6.9,Breached
OPS-011899,ORD-011899,0.6,7.0,2.5,569,13.27,5.0,2.8,Met
OPS-009585,ORD-009585,3.1,7.5,2.0,276,5.7,5.0,2.4,Met
OPS-004638,ORD-004638,2.8,4.4,3.5,224,5.47,5.0,3.8,Met
OPS-000567,ORD-000567,1.4,6.3,5.1,805,8.56,5.0,5.4,Breached
OPS-009555,ORD-009555,3.1,2.9,5.4,273,13.35,5.0,5.7,Breached
OPS-011820,ORD-011820,1.5,2.5,6.2,1551,13.45,5.0,6.4,Breached
OPS-008433,ORD-008433,1.8,4.4,5.2,355,6.07,5.0,5.5,Breached
OPS-004655,ORD-004655,1.3,2.8,2.2,987,6.14,5.0,2.4,Met
OPS-007797,ORD-007797,4.0,3.3,3.6,559,11.51,5.0,3.9,Met
OPS-002713,ORD-002713,3.3,6.2,4.9,1779,7.31,5.0,5.3,Breached
OPS-009022,ORD-009022,3.7,2.2,4.9,975,8.53,5.0,5.1,Breached
OPS-005242,ORD-005242,3.6,2.4,6.9,764,4.8,5.0,7.2,Breached
OPS-003318,ORD-003318,1.3,6.9,6.8,1106,8.12,5.0,7.1,Breached
OPS-012231,ORD-012231,1.0,6.6,1.1,1051,5.94,5.0,1.4,Met
OPS-011268,ORD-011268,2.2,2.7,2.6,1509,11.37,5.0,2.8,Met
OPS-008394,ORD-008394,4.0,1.1,4.7,1406,4.81,5.0,4.9,Met
OPS-003534,ORD-003534,1.5,6.7,1.5,476,8.83,5.0,1.8,Met
OPS-002006,ORD-002006,3.0,2.6,3.2,664,5.77,5.0,3.4,Met
OPS-009557,ORD-009557,3.6,3.8,6.7,1361,9.83,5.0,7.0,Breached
OPS-000688,ORD-000688,1.4,1.0,4.4,1797,6.14,5.0,4.5,Met
OPS-004142,ORD-004142,1.4,5.4,3.7,1369,9.52,5.0,4.0,Met
OPS-011957,ORD-011957,4.0,3.4,6.6,140,9.71,5.0,6.9,Breached
OPS-005868,ORD-005868,1.1,4.5,6.2,318,4.22,5.0,6.4,Breached
OPS-003175,ORD-003175,1.5,2.2,1.9,791,9.13,5.0,2.1,Met
OPS-010240,ORD-010240,3.2,3.9,6.0,635,6.51,5.0,6.3,Breached
OPS-002268,ORD-002268,1.7,7.0,2.0,1353,12.86,5.0,2.4,Met
OPS-005882,ORD-005882,1.8,5.4,5.4,705,5.41,5.0,5.7,Breached
OPS-007869,ORD-007869,2.8,7.1,1.6,1751,8.92,5.0,2.0,Met
OPS-009818,ORD-009818,3.2,5.0,1.7,1657,8.37,5.0,2.0,Met
OPS-005340,ORD-005340,0.7,6.1,5.5,507,6.04,5.0,5.8,Breached
OPS-006805,ORD-006805,2.6,5.6,5.9,1707,10.69,5.0,6.2,Breached
OPS-009420,ORD-009420,1.3,7.1,4.5,1504,13.54,5.0,4.8,Met
OPS-010314,ORD-010314,1.3,4.6,2.9,1653,6.96,5.0,3.1,Met
OPS-002195,ORD-002195,2.0,1.2,3.2,1814,8.66,5.0,3.3,Met
OPS-007372,ORD-007372,1.4,8.0,4.4,123,7.24,5.0,4.8,Met
OPS-002816,ORD-002816,2.5,6.2,6.0,1321,4.17,5.0,6.4,Breached
OPS-001480,ORD-001480,3.3,5.5,1.4,1601,9.78,5.0,1.8,Met
OPS-006087,ORD-006087,0.5,7.7,4.0,1218,7.06,5.0,4.3,Met
OPS-012133,ORD-012133,1.0,2.4,1.7,262,5.14,5.0,1.8,Met
OPS-011350,ORD-011350,1.2,5.3,3.9,527,9.61,5.0,4.2,Met
OPS-006586,ORD-006586,3.6,6.8,5.4,1814,10.1,5.0,5.8,Breached
OPS-009209,ORD-009209,0.7,6.2,5.7,1938,5.35,5.0,6.0,Breached
OPS-011480,ORD-011480,2.0,5.2,5.5,1066,8.35,5.0,5.8,Breached
OPS-000768,ORD-000768,1.5,7.4,4.1,830,6.66,5.0,4.5,Met
OPS-008544,ORD-008544,1.0,1.5,1.4,1034,4.51,5.0,1.5,Met
OPS-011609,ORD-011609,3.6,4.7,3.1,891,8.33,5.0,3.4,Met
OPS-006928,ORD-006928,1.6,7.7,3.9,886,11.47,5.0,4.3,Met
OPS-010533,ORD-010533,1.3,1.4,6.3,484,4.59,5.0,6.4,Breached
OPS-002873,ORD-002873,3.3,1.8,1.3,186,4.77,5.0,1.5,Met
OPS-000535,ORD-000535,3.0,7.5,2.9,462,7.56,5.0,3.3,Met
OPS-003110,ORD-003110,0.8,5.3,6.0,2000,10.82,5.0,6.3,Breached
OPS-009300,ORD-009300,0.9,6.3,5.5,551,6.41,5.0,5.8,Breached
OPS-004861,ORD-004861,0.7,4.2,6.3,1469,6.9,5.0,6.5,Breached
OPS-003882,ORD-003882,2.3,6.2,5.2,288,9.75,5.0,5.6,Breached
OPS-002574,ORD-002574,1.0,3.5,2.7,1675,11.26,5.0,2.9,Met
OPS-004534,ORD-004534,1.3,3.7,5.3,1950,4.76,5.0,5.5,Breached
OPS-003651,ORD-003651,1.4,7.9,5.4,1510,5.73,5.0,5.8,Breached
OPS-007875,ORD-007875,0.6,7.2,1.4,1764,8.58,5.0,1.7,Met
OPS-003944,ORD-003944,1.1,7.4,6.2,297,4.86,5.0,6.6,Breached
OPS-003237,ORD-003237,0.7,6.6,5.5,551,9.22,5.0,5.8,Breached
OPS-004690,ORD-004690,3.0,4.8,4.8,1954,4.65,5.0,5.1,Breached
OPS-007600,ORD-007600,1.4,6.5,5.6,1523,4.64,5.0,5.9,Breached
OPS-002317,ORD-002317,3.9,7.6,2.1,1832,5.34,5.0,2.6,Met
OPS-009225,ORD-009225,0.7,2.7,1.6,566,13.8,5.0,1.7,Met
OPS-000664,ORD-000664,2.9,6.0,5.9,606,7.52,5.0,6.3,Breached
OPS-011587,ORD-011587,2.3,4.7,4.2,1384,11.59,5.0,4.5,Met
OPS-005477,ORD-005477,0.6,6.6,3.8,643,8.98,5.0,4.1,Met
OPS-005956,ORD-005956,0.9,6.6,3.8,1707,12.66,5.0,4.1,Met
OPS-010568,ORD-010568,2.7,3.1,1.3,1276,10.39,5.0,1.5,Met
OPS-005433,ORD-005433,3.3,1.5,5.4,1897,11.7,5.0,5.6,Breached
OPS-002903,ORD-002903,2.6,5.5,6.6,856,10.5,5.0,6.9,Breached
OPS-010299,ORD-010299,3.6,3.6,1.8,573,5.84,5.0,2.1,Met
OPS-003873,ORD-003873,2.0,1.9,2.2,444,6.84,5.0,2.4,Met
OPS-008655,ORD-008655,2.7,7.5,6.5,363,4.49,5.0,6.9,Breached
OPS-011989,ORD-011989,2.6,3.8,3.6,110,13.93,5.0,3.9,Met
OPS-011419,ORD-011419,3.9,6.4,5.3,190,12.42,5.0,5.7,Breached
OPS-011012,ORD-011012,0.6,2.3,1.1,1226,12.71,5.0,1.2,Met
OPS-007024,ORD-007024,3.7,2.0,2.0,1181,6.95,5.0,2.2,Met
OPS-005982,ORD-005982,2.4,3.5,2.5,1652,9.16,5.0,2.7,Met
OPS-004784,ORD-004784,0.8,4.7,1.8,1366,13.38,5.0,2.0,Met
OPS-002587,ORD-002587,1.1,3.7,6.8,420,7.95,5.0,7.0,Breached
OPS-004930,ORD-004930,2.5,3.1,6.3,1681,13.36,5.0,6.5,Breached
OPS-007656,ORD-007656,3.0,2.3,4.5,887,6.22,5.0,4.7,Met
OPS-002503,ORD-002503,2.2,1.8,2.7,324,4.85,5.0,2.9,Met
OPS-006270,ORD-006270,3.8,7.8,5.7,1953,7.27,5.0,6.2,Breached
OPS-006294,ORD-006294,1.8,2.7,5.2,857,5.76,5.0,5.4,Breached
OPS-010766,ORD-010766,3.7,6.0,2.3,1173,6.9,5.0,2.7,Met
OPS-005210,ORD-005210,1.4,4.6,4.7,1468,7.98,5.0,5.0,Met
OPS-002635,ORD-002635,3.0,2.8,6.2,327,12.77,5.0,6.4,Breached
OPS-003300,ORD-003300,1.4,1.6,3.4,1104,8.28,5.0,3.5,Met
OPS-011759,ORD-011759,1.8,1.3,6.0,1192,8.22,5.0,6.1,Breached
OPS-006199,ORD-006199,0.7,4.2,3.6,1051,11.86,5.0,3.8,Met
OPS-006391,ORD-006391,2.2,5.8,2.8,1843,5.72,5.0,3.1,Met
OPS-006787,ORD-006787,2.2,2.1,2.6,1308,5.25,5.0,2.8,Met
OPS-000720,ORD-000720,2.7,2.1,2.0,519,13.94,5.0,2.2,Met
OPS-005824,ORD-005824,2.3,7.1,2.5,1824,7.57,5.0,2.9,Met
OPS-001378,ORD-001378,2.7,3.9,5.2,1516,13.63,5.0,5.5,Breached
OPS-004658,ORD-004658,2.2,5.3,5.0,1480,12.77,5.0,5.3,Breached
OPS-002679,ORD-002679,3.9,6.8,4.9,375,8.91,5.0,5.3,Breached
OPS-002920,ORD-002920,3.8,1.4,6.3,345,6.65,5.0,6.5,Breached
OPS-001585,ORD-001585,0.8,4.1,6.3,1895,4.77,5.0,6.5,Breached
OPS-008668,ORD-008668,3.6,7.6,6.2,302,12.71,5.0,6.7,Breached
OPS-001422,ORD-001422,1.0,3.2,6.2,224,7.89,5.0,6.4,Breached
OPS-006513,ORD-006513,0.7,6.8,4.8,361,6.67,5.0,5.1,Breached
OPS-001114,ORD-001114,1.1,2.9,4.6,1717,9.83,5.0,4.8,Met
OPS-010673,ORD-010673,2.1,4.9,2.9,1557,8.02,5.0,3.2,Met
OPS-004563,ORD-004563,1.2,5.7,4.3,1813,5.31,5.0,4.6,Met
OPS-006331,ORD-006331,1.7,2.6,5.2,542,12.79,5.0,5.4,Breached
OPS-009122,ORD-009122,3.9,7.6,6.6,919,6.9,5.0,7.1,Breached
OPS-008146,ORD-008146,3.9,2.9,3.9,1776,8.97,5.0,4.2,Met
OPS-007120,ORD-007120,2.5,2.2,6.8,613,4.4,5.0,7.0,Breached
OPS-004310,ORD-004310,1.6,6.7,4.9,443,5.13,5.0,5.2,Breached
OPS-006411,ORD-006411,3.9,7.2,2.0,744,6.42,5.0,2.5,Met
OPS-011340,ORD-011340,1.3,7.6,2.2,1692,12.22,5.0,2.6,Met
OPS-011364,ORD-011364,2.6,2.9,2.8,1993,5.59,5.0,3.0,Met
OPS-003375,ORD-003375,1.6,6.6,3.5,404,11.61,5.0,3.8,Met
OPS-007984,ORD-007984,2.5,7.7,4.1,545,5.11,5.0,4.5,Met
OPS-008309,ORD-008309,3.9,7.7,6.8,1395,5.59,5.0,7.3,Breached
OPS-001601,ORD-001601,1.1,3.4,5.7,1580,8.07,5.0,5.9,Breached
OPS-009933,ORD-009933,3.5,1.0,4.1,769,11.4,5.0,4.3,Met
OPS-006091,ORD-006091,2.1,6.5,6.2,1507,12.32,5.0,6.6,Breached
OPS-001279,ORD-001279,2.8,4.5,2.4,802,5.17,5.0,2.7,Met
OPS-009798,ORD-009798,0.8,1.3,4.8,462,12.03,5.0,4.9,Met
OPS-000410,ORD-000410,1.6,7.6,4.7,841,8.06,5.0,5.1,Breached
OPS-005963,ORD-005963,2.2,5.1,1.9,1799,8.82,5.0,2.2,Met
OPS-003356,ORD-003356,0.6,5.4,5.4,1226,13.89,5.0,5.7,Breached
OPS-007921,ORD-007921,3.5,1.0,1.3,1566,6.72,5.0,1.5,Met
OPS-000016,ORD-000016,0.5,4.3,5.6,972,11.37,5.0,5.8,Breached
OPS-011608,ORD-011608,2.2,5.0,4.9,332,5.68,5.0,5.2,Breached
OPS-004962,ORD-004962,2.0,2.2,2.1,162,8.99,5.0,2.3,Met
OPS-006132,ORD-006132,1.0,2.0,3.0,1078,9.54,5.0,3.1,Met
OPS-006617,ORD-006617,2.4,6.2,7.0,1992,8.77,5.0,7.4,Breached
OPS-006783,ORD-006783,2.7,4.4,1.3,681,12.95,5.0,1.6,Met
OPS-002552,ORD-002552,3.2,7.6,1.4,613,4.29,5.0,1.8,Met
OPS-008102,ORD-008102,3.2,2.6,3.0,1605,10.48,5.0,3.2,Met
OPS-006474,ORD-006474,4.0,3.4,5.9,729,7.13,5.0,6.2,Breached
OPS-002667,ORD-002667,1.1,3.1,6.7,304,11.64,5.0,6.9,Breached
OPS-001925,ORD-001925,2.7,1.5,3.6,1441,10.72,5.0,3.8,Met
OPS-000299,ORD-000299,3.6,5.1,5.3,1768,11.32,5.0,5.7,Breached
OPS-005008,ORD-005008,0.9,4.8,3.3,466,12.16,5.0,3.5,Met
OPS-010369,ORD-010369,0.8,3.9,6.8,708,10.36,5.0,7.0,Breached
OPS-002387,ORD-002387,0.9,6.5,5.7,364,12.6,5.0,6.0,Breached
OPS-002885,ORD-002885,2.9,3.9,6.5,868,5.12,5.0,6.8,Breached
OPS-006481,ORD-006481,1.2,1.4,7.0,401,6.13,5.0,7.1,Breached
OPS-009467,ORD-009467,1.4,2.1,3.1,1193,4.39,5.0,3.2,Met
OPS-012297,ORD-012297,2.8,1.5,4.7,177,9.89,5.0,4.9,Met
OPS-000683,ORD-000683,0.8,3.1,3.8,830,6.18,5.0,4.0,Met
OPS-006927,ORD-006927,0.5,3.2,3.7,1890,6.79,5.0,3.9,Met
OPS-009492,ORD-009492,3.0,6.6,2.4,365,13.35,5.0,2.8,Met
OPS-005326,ORD-005326,1.3,4.9,1.7,1288,13.09,5.0,2.0,Met
OPS-010831,ORD-010831,1.2,4.0,1.4,1795,12.14,5.0,1.6,Met
OPS-004479,ORD-004479,2.3,2.3,1.1,1953,13.74,5.0,1.3,Met
OPS-004992,ORD-004992,3.6,3.5,3.1,1793,6.56,5.0,3.4,Met
OPS-009515,ORD-009515,1.3,3.2,3.6,1435,7.71,5.0,3.8,Met
OPS-002247,ORD-002247,3.7,6.2,1.0,1867,13.19,5.0,1.4,Met
OPS-012025,ORD-012025,3.1,3.2,3.3,1921,10.56,5.0,3.6,Met
OPS-011227,ORD-011227,2.9,7.3,2.8,868,9.45,5.0,3.2,Met
OPS-005518,ORD-005518,1.2,7.6,5.9,1897,5.33,5.0,6.3,Breached
OPS-010280,ORD-010280,0.8,1.6,2.3,918,9.73,5.0,2.4,Met
OPS-006775,ORD-006775,1.3,2.9,5.1,1699,8.97,5.0,5.3,Breached
OPS-003463,ORD-003463,3.7,2.4,2.8,292,4.06,5.0,3.1,Met
OPS-004893,ORD-004893,1.7,7.7,2.5,483,4.91,5.0,2.9,Met
OPS-005765,ORD-005765,1.1,5.0,4.5,1035,11.89,5.0,4.8,Met
OPS-009746,ORD-009746,2.0,5.8,4.5,686,12.5,5.0,4.8,Met
OPS-007046,ORD-007046,2.0,1.6,5.1,1942,7.41,5.0,5.2,Breached
OPS-004369,ORD-004369,1.3,1.3,1.9,1354,11.32,5.0,2.0,Met
OPS-007402,ORD-007402,1.3,5.8,4.5,150,7.95,5.0,4.8,Met
OPS-007578,ORD-007578,3.5,7.0,4.3,611,6.22,5.0,4.7,Met
OPS-007218,ORD-007218,1.1,6.1,2.1,659,6.75,5.0,2.4,Met
OPS-005431,ORD-005431,3.3,6.0,2.7,732,11.49,5.0,3.1,Met
OPS-010870,ORD-010870,1.1,5.5,1.5,1163,6.6,5.0,1.8,Met
OPS-000718,ORD-000718,1.8,2.5,6.1,1958,6.47,5.0,6.3,Breached
OPS-004477,ORD-004477,2.7,3.9,6.1,933,10.5,5.0,6.4,Breached
OPS-011460,ORD-011460,1.1,6.7,6.0,598,8.12,5.0,6.3,Breached
OPS-008083,ORD-008083,1.0,1.5,6.7,1106,9.4,5.0,6.8,Breached
OPS-008954,ORD-008954,3.8,3.9,6.1,545,7.01,5.0,6.4,Breached
OPS-006004,ORD-006004,2.1,4.2,6.7,1393,8.67,5.0,7.0,Breached
OPS-012204,ORD-012204,2.9,7.6,6.4,1770,7.28,5.0,6.8,Breached
OPS-009663,ORD-009663,1.0,5.9,4.3,558,12.6,5.0,4.6,Met
OPS-006387,ORD-006387,1.8,7.6,6.0,1288,5.34,5.0,6.4,Breached
OPS-011073,ORD-011073,3.3,5.7,6.6,1610,5.24,5.0,7.0,Breached
OPS-004753,ORD-004753,3.3,4.1,4.3,1239,13.4,5.0,4.6,Met
OPS-002675,ORD-002675,1.0,6.9,2.0,570,6.83,5.0,2.3,Met
OPS-003907,ORD-003907,1.2,6.7,5.9,956,13.89,5.0,6.2,Breached
OPS-008567,ORD-008567,3.2,5.5,5.4,258,4.8,5.0,5.8,Breached
OPS-010838,ORD-010838,2.7,7.7,3.0,1803,4.2,5.0,3.4,Met
OPS-011807,ORD-011807,1.1,1.6,3.1,379,7.02,5.0,3.2,Met
OPS-000536,ORD-000536,2.8,7.0,3.1,1922,10.13,5.0,3.5,Met
OPS-002719,ORD-002719,2.6,1.4,6.3,1746,10.27,5.0,6.5,Breached
OPS-003325,ORD-003325,2.8,4.2,6.7,1747,4.3,5.0,7.0,Breached
OPS-003879,ORD-003879,2.4,3.9,4.4,1442,7.02,5.0,4.7,Met
OPS-010378,ORD-010378,0.6,4.8,1.4,1414,9.12,5.0,1.6,Met
OPS-011947,ORD-011947,2.3,1.6,3.0,110,6.06,5.0,3.2,Met
OPS-002384,ORD-002384,3.1,3.7,6.1,1370,5.93,5.0,6.4,Breached
OPS-000397,ORD-000397,1.4,6.3,7.0,1671,5.73,5.0,7.3,Breached
OPS-006342,ORD-006342,1.9,5.1,2.3,1148,12.4,5.0,2.6,Met
OPS-001022,ORD-001022,2.8,3.5,2.1,143,9.07,5.0,2.4,Met
OPS-007806,ORD-007806,2.3,8.0,4.0,1863,6.86,5.0,4.4,Met
OPS-012338,ORD-012338,0.7,4.1,6.9,102,4.14,5.0,7.1,Breached
OPS-011183,ORD-011183,2.4,3.8,5.6,1018,6.2,5.0,5.9,Breached
OPS-011118,ORD-011118,1.7,5.8,1.0,1609,12.97,5.0,1.3,Met
OPS-007725,ORD-007725,2.6,3.9,2.5,594,10.49,5.0,2.8,Met
OPS-005451,ORD-005451,1.8,7.8,4.4,1925,12.09,5.0,4.8,Met
OPS-002765,ORD-002765,1.7,7.9,1.3,828,5.93,5.0,1.7,Met
OPS-002367,ORD-002367,2.6,1.3,3.3,1315,12.96,5.0,3.5,Met
OPS-011362,ORD-011362,2.6,5.6,3.2,1957,6.21,5.0,3.5,Met
OPS-006879,ORD-006879,2.3,2.0,6.9,583,6.88,5.0,7.1,Breached
OPS-008853,ORD-008853,3.8,2.3,4.2,464,4.71,5.0,4.5,Met
OPS-011020,ORD-011020,3.2,7.1,5.1,146,13.06,5.0,5.5,Breached
OPS-002720,ORD-002720,2.5,3.2,3.6,1921,12.59,5.0,3.8,Met
OPS-000670,ORD-000670,1.8,2.7,4.0,1734,6.79,5.0,4.2,Met
OPS-000563,ORD-000563,1.3,5.7,3.6,1085,12.75,5.0,3.9,Met
OPS-005117,ORD-005117,0.6,1.8,6.1,574,12.91,5.0,6.2,Breached
OPS-006163,ORD-006163,3.2,5.1,1.6,1127,10.24,5.0,1.9,Met
OPS-010577,ORD-010577,3.7,1.6,2.8,498,6.1,5.0,3.0,Met
OPS-002638,ORD-002638,2.2,2.4,1.3,1209,5.9,5.0,1.5,Met
OPS-004322,ORD-004322,0.7,3.8,5.9,1717,5.93,5.0,6.1,Breached
OPS-000568,ORD-000568,1.8,5.6,1.9,696,6.16,5.0,2.2,Met
OPS-005776,ORD-005776,2.4,2.4,4.1,1239,9.78,5.0,4.3,Met
OPS-010922,ORD-010922,3.8,1.4,4.4,351,4.99,5.0,4.6,Met
OPS-009735,ORD-009735,4.0,1.1,1.7,702,7.47,5.0,1.9,Met
OPS-003807,ORD-003807,3.3,1.1,4.7,922,7.5,5.0,4.9,Met
OPS-012440,ORD-012440,1.2,6.1,2.9,1538,13.58,5.0,3.2,Met
OPS-002961,ORD-002961,1.7,4.5,3.3,1228,7.71,5.0,3.6,Met
OPS-007606,ORD-007606,3.8,6.9,4.9,1509,13.68,5.0,5.3,Breached
OPS-001347,ORD-001347,2.1,3.5,6.3,1367,4.24,5.0,6.5,Breached
OPS-003128,ORD-003128,2.2,1.4,1.7,420,6.28,5.0,1.8,Met
OPS-000192,ORD-000192,1.8,3.7,6.1,1842,11.56,5.0,6.3,Breached
OPS-011625,ORD-011625,2.5,4.2,5.9,1987,9.27,5.0,6.2,Breached
OPS-008512,ORD-008512,0.7,6.3,6.9,887,8.18,5.0,7.2,Breached
OPS-010854,ORD-010854,3.9,1.5,3.7,1150,9.71,5.0,3.9,Met
OPS-009089,ORD-009089,1.8,2.2,6.3,141,6.97,5.0,6.5,Breached
OPS-008718,ORD-008718,3.3,2.5,5.3,1007,9.56,5.0,5.5,Breached
OPS-011495,ORD-011495,1.0,3.8,3.7,761,13.04,5.0,3.9,Met
OPS-004151,ORD-004151,2.8,4.7,4.1,959,12.64,5.0,4.4,Met
OPS-009906,ORD-009906,3.7,2.4,3.6,188,8.55,5.0,3.9,Met
OPS-003581,ORD-003581,1.6,2.3,6.0,716,10.63,5.0,6.2,Breached
OPS-010027,ORD-010027,2.8,2.4,3.8,213,8.72,5.0,4.0,Met
OPS-000119,ORD-000119,1.7,6.5,6.4,452,12.64,5.0,6.7,Breached
OPS-011023,ORD-011023,1.1,4.3,6.8,450,13.45,5.0,7.0,Breached
OPS-009013,ORD-009013,3.9,5.3,5.6,1724,11.86,5.0,6.0,Breached
OPS-004513,ORD-004513,2.3,4.3,3.6,1692,7.11,5.0,3.9,Met
OPS-010930,ORD-010930,0.8,6.0,2.0,1708,12.1,5.0,2.3,Met
OPS-010294,ORD-010294,3.9,6.9,5.4,1101,11.1,5.0,5.9,Breached
OPS-007542,ORD-007542,3.4,5.5,6.1,1017,7.93,5.0,6.5,Breached
OPS-001513,ORD-001513,3.1,3.7,1.7,1014,12.82,5.0,2.0,Met
OPS-007008,ORD-007008,2.7,6.1,4.7,414,4.71,5.0,5.1,Breached
OPS-004639,ORD-004639,2.3,7.6,3.6,363,12.49,5.0,4.0,Met
OPS-008204,ORD-008204,0.8,4.0,6.4,1122,12.56,5.0,6.6,Breached
OPS-007909,ORD-007909,2.3,4.6,6.9,1923,9.59,5.0,7.2,Breached
OPS-008749,ORD-008749,2.8,2.5,5.0,551,12.49,5.0,5.2,Breached
OPS-002307,ORD-002307,1.8,6.2,4.8,322,9.25,5.0,5.1,Breached
OPS-009491,ORD-009491,2.7,5.7,6.5,1464,7.35,5.0,6.8,Breached
OPS-011797,ORD-011797,3.9,7.7,1.4,1783,12.18,5.0,1.9,Met
OPS-003446,ORD-003446,1.3,4.6,5.5,445,7.72,5.0,5.7,Breached
OPS-012059,ORD-012059,3.9,3.2,6.8,1685,8.08,5.0,7.1,Breached
OPS-009257,ORD-009257,3.6,5.4,4.5,167,4.53,5.0,4.9,Met
OPS-007240,ORD-007240,1.4,6.6,2.1,386,12.88,5.0,2.4,Met
OPS-011513,ORD-011513,3.9,3.5,4.5,1034,10.58,5.0,4.8,Met
OPS-002936,ORD-002936,2.7,6.7,6.3,589,7.96,5.0,6.7,Breached
OPS-008198,ORD-008198,2.0,7.8,3.3,1117,4.73,5.0,3.7,Met
OPS-011536,ORD-011536,3.4,7.4,3.1,1388,12.95,5.0,3.6,Met
OPS-008616,ORD-008616,1.5,2.5,5.5,1523,7.03,5.0,5.7,Breached
OPS-002172,ORD-002172,1.6,7.6,3.9,627,6.38,5.0,4.3,Met
OPS-002072,ORD-002072,1.7,2.8,6.3,649,11.52,5.0,6.5,Breached
OPS-007934,ORD-007934,1.3,5.1,6.1,372,11.93,5.0,6.4,Breached
OPS-009993,ORD-009993,2.2,4.5,1.9,1470,8.77,5.0,2.2,Met
OPS-005952,ORD-005952,3.8,2.7,6.4,1221,5.53,5.0,6.7,Breached
OPS-010127,ORD-010127,1.5,5.0,4.7,1878,8.94,5.0,5.0,Met
OPS-002568,ORD-002568,1.4,6.6,1.2,1957,13.21,5.0,1.5,Met
OPS-007390,ORD-007390,3.6,3.4,4.0,1469,9.46,5.0,4.3,Met
OPS-005183,ORD-005183,2.8,7.6,6.5,621,5.81,5.0,6.9,Breached
OPS-004799,ORD-004799,1.8,4.2,4.1,1781,10.12,5.0,4.3,Met
OPS-004667,ORD-004667,3.6,1.3,2.0,1341,10.06,5.0,2.2,Met
OPS-008754,ORD-008754,1.7,4.8,2.5,1831,13.08,5.0,2.8,Met
OPS-001967,ORD-001967,3.4,3.1,5.8,1805,9.42,5.0,6.1,Breached
OPS-005968,ORD-005968,0.8,7.9,4.4,194,10.78,5.0,4.8,Met
OPS-007933,ORD-007933,3.5,5.6,3.8,454,9.52,5.0,4.2,Met
OPS-011936,ORD-011936,0.5,4.2,6.4,484,4.48,5.0,6.6,Breached
OPS-001336,ORD-001336,1.6,5.9,4.6,1339,9.44,5.0,4.9,Met
OPS-008904,ORD-008904,3.2,4.0,4.5,1626,11.83,5.0,4.8,Met
OPS-003095,ORD-003095,1.7,1.9,2.1,588,8.86,5.0,2.2,Met
OPS-009256,ORD-009256,3.0,7.9,2.6,146,4.9,5.0,3.1,Met
OPS-012252,ORD-012252,0.7,2.6,4.1,1802,12.65,5.0,4.2,Met
OPS-004543,ORD-004543,2.6,1.4,6.8,1523,4.08,5.0,7.0,Breached
OPS-000417,ORD-000417,2.5,6.2,4.2,1218,6.24,5.0,4.6,Met
OPS-006846,ORD-006846,3.0,7.8,4.4,1045,4.29,5.0,4.9,Met
OPS-002352,ORD-002352,3.1,2.4,4.9,1082,11.55,5.0,5.1,Breached
OPS-008900,ORD-008900,2.1,3.2,1.6,1866,6.06,5.0,1.8,Met
OPS-006694,ORD-006694,2.5,2.5,4.0,1619,8.69,5.0,4.2,Met
OPS-010827,ORD-010827,3.2,7.3,4.3,985,7.28,5.0,4.7,Met
OPS-008549,ORD-008549,2.8,2.5,2.3,337,10.33,5.0,2.5,Met
OPS-009406,ORD-009406,1.4,4.2,2.9,1826,13.17,5.0,3.1,Met
OPS-003776,ORD-003776,1.4,5.4,1.1,1188,12.09,5.0,1.4,Met
OPS-003032,ORD-003032,3.6,1.6,4.4,757,4.97,5.0,4.6,Met
OPS-000824,ORD-000824,1.7,3.4,2.3,1235,7.11,5.0,2.5,Met
OPS-000443,ORD-000443,3.5,4.4,6.3,601,13.51,5.0,6.6,Breached
OPS-003629,ORD-003629,2.5,6.1,1.5,1431,12.35,5.0,1.9,Met
OPS-000648,ORD-000648,2.2,1.7,6.4,1930,6.76,5.0,6.6,Breached
OPS-005905,ORD-005905,2.9,6.6,5.9,1064,13.08,5.0,6.3,Breached
OPS-008863,ORD-008863,2.4,3.0,3.7,1854,7.22,5.0,3.9,Met
OPS-001068,ORD-001068,3.8,1.2,5.7,204,4.11,5.0,5.9,Breached
OPS-007009,ORD-007009,0.9,4.2,1.5,1495,6.95,5.0,1.7,Met
OPS-006863,ORD-006863,0.9,5.7,4.8,849,13.21,5.0,5.1,Breached
OPS-002368,ORD-002368,2.2,2.3,4.6,379,10.83,5.0,4.8,Met
OPS-009854,ORD-009854,0.7,3.9,4.0,1495,6.02,5.0,4.2,Met
OPS-000418,ORD-000418,0.7,4.7,2.7,783,13.86,5.0,2.9,Met
OPS-008897,ORD-008897,1.4,3.2,2.5,839,6.05,5.0,2.7,Met
OPS-000596,ORD-000596,1.2,2.4,4.8,387,13.45,5.0,5.0,Met
OPS-004421,ORD-004421,3.4,5.3,1.5,422,10.17,5.0,1.9,Met
OPS-001897,ORD-001897,3.1,4.4,3.5,1963,7.73,5.0,3.8,Met
OPS-007513,ORD-007513,2.7,3.3,4.0,1141,9.38,5.0,4.2,Met
OPS-005398,ORD-005398,3.0,6.0,5.6,1454,9.54,5.0,6.0,Breached
OPS-003764,ORD-003764,0.8,5.6,3.8,359,11.12,5.0,4.1,Met
OPS-005983,ORD-005983,4.0,4.4,5.9,1920,4.88,5.0,6.2,Breached
OPS-002279,ORD-002279,2.3,5.6,4.9,1651,5.85,5.0,5.2,Breached
OPS-010807,ORD-010807,2.2,1.4,3.9,1303,11.83,5.0,4.0,Met
OPS-005813,ORD-005813,2.1,7.7,2.7,1879,5.78,5.0,3.1,Met
OPS-008363,ORD-008363,2.3,5.6,1.4,1776,11.98,5.0,1.7,Met
OPS-004798,ORD-004798,2.4,5.7,4.4,1742,11.88,5.0,4.7,Met
OPS-010387,ORD-010387,3.5,1.7,5.5,366,4.04,5.0,5.7,Breached
OPS-006138,ORD-006138,3.9,3.3,1.4,438,10.33,5.0,1.7,Met
OPS-011286,ORD-011286,1.9,3.1,2.2,346,7.33,5.0,2.4,Met
OPS-007496,ORD-007496,3.6,6.0,5.7,1746,12.71,5.0,6.1,Breached
OPS-009857,ORD-009857,3.9,6.2,3.7,1592,8.92,5.0,4.1,Met
OPS-003235,ORD-003235,1.6,4.5,2.9,798,12.74,5.0,3.2,Met
OPS-003640,ORD-003640,3.8,7.1,3.7,1668,13.97,5.0,4.2,Met
OPS-009630,ORD-009630,2.8,3.3,4.5,699,10.66,5.0,4.8,Met
OPS-003555,ORD-003555,1.6,5.6,5.4,409,13.84,5.0,5.7,Breached
OPS-002677,ORD-002677,2.1,3.8,3.2,806,13.86,5.0,3.4,Met
OPS-010173,ORD-010173,2.9,6.4,2.3,1945,8.56,5.0,2.7,Met
OPS-009194,ORD-009194,2.6,3.7,1.6,476,10.89,5.0,1.9,Met
OPS-008573,ORD-008573,2.9,6.2,4.6,1164,13.27,5.0,5.0,Met
OPS-003129,ORD-003129,1.7,3.1,3.6,1474,5.47,5.0,3.8,Met
OPS-008644,ORD-008644,2.9,3.5,5.9,1450,6.08,5.0,6.2,Breached
OPS-005247,ORD-005247,2.0,3.5,1.9,540,4.21,5.0,2.1,Met
OPS-001902,ORD-001902,3.7,6.5,6.4,1566,7.94,5.0,6.8,Breached
OPS-011856,ORD-011856,2.1,2.7,6.0,1747,6.25,5.0,6.2,Breached
OPS-002653,ORD-002653,2.3,3.7,1.9,323,4.71,5.0,2.1,Met
OPS-004548,ORD-004548,1.8,7.7,1.6,803,6.04,5.0,2.0,Met
OPS-001489,ORD-001489,1.4,6.4,2.7,134,10.92,5.0,3.0,Met
OPS-007246,ORD-007246,1.3,2.4,4.0,495,4.13,5.0,4.2,Met
OPS-012300,ORD-012300,1.0,1.9,1.9,720,9.55,5.0,2.0,Met
OPS-005282,ORD-005282,0.7,3.3,4.9,747,8.11,5.0,5.1,Breached
OPS-002019,ORD-002019,3.1,6.3,6.2,936,10.52,5.0,6.6,Breached
OPS-009571,ORD-009571,1.2,7.3,6.8,363,11.79,5.0,7.2,Breached
OPS-011310,ORD-011310,3.9,1.1,3.8,478,4.48,5.0,4.0,Met
OPS-002397,ORD-002397,0.7,4.2,1.6,1713,10.8,5.0,1.8,Met
OPS-005483,ORD-005483,0.8,6.5,5.1,1604,10.09,5.0,5.4,Breached
OPS-001658,ORD-001658,1.6,2.5,1.1,391,13.45,5.0,1.3,Met
OPS-011303,ORD-011303,3.9,3.2,1.7,461,10.41,5.0,2.0,Met
OPS-000521,ORD-000521,3.5,5.2,5.4,667,7.9,5.0,5.8,Breached
OPS-006628,ORD-006628,3.4,4.7,3.5,424,9.98,5.0,3.8,Met
OPS-005542,ORD-005542,1.5,4.2,2.3,577,5.47,5.0,2.5,Met
OPS-003906,ORD-003906,3.9,7.5,6.7,1400,6.15,5.0,7.2,Breached
OPS-012193,ORD-012193,4.0,1.9,1.1,1690,12.86,5.0,1.3,Met
OPS-010512,ORD-010512,1.7,1.8,6.7,588,4.9,5.0,6.8,Breached
OPS-009664,ORD-009664,3.6,6.9,1.4,1736,11.78,5.0,1.8,Met
OPS-007335,ORD-007335,1.5,1.1,4.6,876,5.97,5.0,4.7,Met
OPS-006305,ORD-006305,0.9,4.5,4.5,1236,8.2,5.0,4.7,Met
OPS-000087,ORD-000087,1.9,4.0,2.7,854,5.77,5.0,2.9,Met
OPS-012132,ORD-012132,0.7,4.9,2.9,1874,6.59,5.0,3.1,Met
OPS-002331,ORD-002331,3.7,2.1,3.7,1162,8.93,5.0,3.9,Met
OPS-007220,ORD-007220,2.8,2.4,5.0,302,7.7,5.0,5.2,Breached
OPS-007187,ORD-007187,0.6,5.5,5.8,885,13.92,5.0,6.1,Breached
OPS-010829,ORD-010829,1.0,5.4,2.5,610,8.33,5.0,2.8,Met
OPS-007482,ORD-007482,2.1,2.0,6.1,379,9.99,5.0,6.3,Breached
OPS-010523,ORD-010523,1.9,6.8,4.7,1169,12.8,5.0,5.1,Breached
OPS-002080,ORD-002080,3.6,2.5,6.9,1418,12.83,5.0,7.2,Breached
OPS-005279,ORD-005279,2.3,6.0,3.3,1004,5.52,5.0,3.6,Met
OPS-004055,ORD-004055,0.6,1.3,1.5,1767,12.9,5.0,1.6,Met
OPS-005093,ORD-005093,0.9,6.0,3.7,490,13.64,5.0,4.0,Met
OPS-008585,ORD-008585,2.5,6.1,4.1,1895,13.89,5.0,4.5,Met
OPS-002474,ORD-002474,1.1,5.6,1.0,1020,9.16,5.0,1.3,Met
OPS-002208,ORD-002208,0.5,2.8,4.2,866,12.85,5.0,4.3,Met
OPS-011709,ORD-011709,2.7,4.0,3.4,491,6.47,5.0,3.7,Met
OPS-003985,ORD-003985,1.2,4.4,3.6,1693,10.24,5.0,3.8,Met
OPS-010876,ORD-010876,2.8,5.0,1.2,1847,6.14,5.0,1.5,Met
OPS-001858,ORD-001858,1.8,3.2,5.7,796,8.12,5.0,5.9,Breached
OPS-004133,ORD-004133,3.5,2.8,5.6,552,9.53,5.0,5.9,Breached
OPS-000470,ORD-000470,0.9,1.5,6.9,1632,5.77,5.0,7.0,Breached
OPS-009030,ORD-009030,2.2,6.3,1.5,1309,9.26,5.0,1.9,Met
OPS-011250,ORD-011250,3.0,5.6,3.7,1174,7.4,5.0,4.1,Met
OPS-004611,ORD-004611,2.8,7.9,5.6,1017,13.35,5.0,6.0,Breached
OPS-002561,ORD-002561,3.2,3.2,1.1,1333,8.82,5.0,1.4,Met
OPS-006520,ORD-006520,3.5,7.0,5.5,268,6.31,5.0,5.9,Breached
OPS-011626,ORD-011626,3.1,6.0,4.9,905,8.21,5.0,5.3,Breached
OPS-002304,ORD-002304,2.9,6.3,6.9,343,5.73,5.0,7.3,Breached
OPS-001384,ORD-001384,3.2,3.9,3.1,1340,9.98,5.0,3.4,Met
OPS-004532,ORD-004532,3.8,2.1,6.2,1372,8.72,5.0,6.4,Breached
OPS-011496,ORD-011496,2.7,7.9,6.6,1615,4.5,5.0,7.0,Breached
OPS-008048,ORD-008048,2.1,3.7,4.2,1825,13.35,5.0,4.4,Met
OPS-000559,ORD-000559,2.9,7.2,4.0,945,5.48,5.0,4.4,Met
OPS-007602,ORD-007602,2.6,7.4,1.4,293,7.3,5.0,1.8,Met
OPS-010472,ORD-010472,3.0,5.9,6.1,883,12.27,5.0,6.5,Breached
OPS-007139,ORD-007139,1.0,2.5,6.5,565,7.13,5.0,6.6,Breached
OPS-002018,ORD-002018,1.5,1.4,5.3,170,9.24,5.0,5.4,Breached
OPS-005715,ORD-005715,2.8,4.3,3.7,761,12.36,5.0,4.0,Met
OPS-003114,ORD-003114,2.1,5.3,6.9,1803,6.28,5.0,7.2,Breached
OPS-007960,ORD-007960,2.5,5.7,6.9,1140,6.24,5.0,7.2,Breached
OPS-011088,ORD-011088,1.3,7.3,5.3,488,6.22,5.0,5.7,Breached
OPS-010881,ORD-010881,1.3,5.0,3.3,1720,4.61,5.0,3.6,Met
OPS-000120,ORD-000120,3.7,1.6,5.2,1459,8.7,5.0,5.4,Breached
OPS-006308,ORD-006308,3.5,5.7,2.2,1101,6.02,5.0,2.6,Met
OPS-005820,ORD-005820,2.3,5.0,5.4,1292,11.36,5.0,5.7,Breached
OPS-002029,ORD-002029,0.5,4.6,4.0,1824,6.72,5.0,4.2,Met
OPS-006340,ORD-006340,3.0,7.1,2.1,1060,9.08,5.0,2.5,Met
OPS-006151,ORD-006151,2.7,5.9,4.9,1544,7.49,5.0,5.3,Breached
OPS-006336,ORD-006336,1.1,5.0,5.9,1150,12.87,5.0,6.2,Breached
OPS-006844,ORD-006844,3.9,5.4,6.5,480,8.93,5.0,6.9,Breached
OPS-004864,ORD-004864,0.5,2.4,4.4,869,5.09,5.0,4.5,Met
OPS-009182,ORD-009182,1.6,1.3,1.4,1037,12.33,5.0,1.5,Met
OPS-007838,ORD-007838,2.4,1.9,4.1,207,8.76,5.0,4.3,Met
OPS-009145,ORD-009145,2.5,4.2,4.5,1399,9.4,5.0,4.8,Met
OPS-006684,ORD-006684,2.4,7.0,5.7,1959,8.27,5.0,6.1,Breached
OPS-009271,ORD-009271,2.0,3.6,5.6,1684,11.27,5.0,5.8,Breached
OPS-004628,ORD-004628,1.8,1.3,2.9,1916,7.25,5.0,3.0,Met
OPS-004327,ORD-004327,3.1,1.6,3.7,748,8.93,5.0,3.9,Met
OPS-004077,ORD-004077,2.9,5.4,3.3,1477,9.89,5.0,3.6,Met
OPS-011059,ORD-011059,2.1,7.3,2.3,1592,7.84,5.0,2.7,Met
OPS-003620,ORD-003620,2.2,7.9,3.8,1187,12.66,5.0,4.2,Met
OPS-008004,ORD-008004,2.3,4.2,3.3,1680,6.47,5.0,3.6,Met
OPS-008499,ORD-008499,3.1,7.0,5.9,262,11.34,5.0,6.3,Breached
OPS-008854,ORD-008854,2.5,1.0,3.6,1091,8.08,5.0,3.7,Met
OPS-001973,ORD-001973,3.5,6.8,3.9,1043,12.32,5.0,4.3,Met
OPS-012084,ORD-012084,3.2,3.9,1.5,243,6.29,5.0,1.8,Met
OPS-006045,ORD-006045,3.7,7.3,3.2,1819,6.73,5.0,3.7,Met
OPS-006249,ORD-006249,1.9,3.6,5.0,831,7.28,5.0,5.2,Breached
OPS-000487,ORD-000487,1.0,6.4,4.1,1624,8.77,5.0,4.4,Met
OPS-006036,ORD-006036,1.6,5.7,6.3,1164,13.08,5.0,6.6,Breached
OPS-002050,ORD-002050,2.3,2.9,3.8,404,12.21,5.0,4.0,Met
OPS-003417,ORD-003417,1.4,3.5,2.8,1107,4.85,5.0,3.0,Met
OPS-006155,ORD-006155,3.1,4.4,6.2,286,13.79,5.0,6.5,Breached
OPS-005276,ORD-005276,1.6,5.7,2.1,922,6.25,5.0,2.4,Met
OPS-002880,ORD-002880,2.9,1.7,5.3,1575,8.93,5.0,5.5,Breached
OPS-003270,ORD-003270,2.9,7.6,4.9,1255,10.15,5.0,5.3,Breached
OPS-005095,ORD-005095,1.2,4.3,4.2,105,5.08,5.0,4.4,Met
OPS-009944,ORD-009944,1.2,1.6,4.6,1727,12.37,5.0,4.7,Met
OPS-010385,ORD-010385,2.0,4.8,2.7,1762,12.94,5.0,3.0,Met
OPS-007047,ORD-007047,0.8,4.1,1.4,1932,11.89,5.0,1.6,Met
OPS-000063,ORD-000063,0.6,5.1,6.9,1852,13.29,5.0,7.1,Breached
OPS-003003,ORD-003003,2.9,5.1,3.5,356,6.86,5.0,3.8,Met
OPS-004822,ORD-004822,3.6,1.4,4.8,1345,11.36,5.0,5.0,Met
OPS-011591,ORD-011591,1.7,1.3,5.4,1982,4.65,5.0,5.5,Breached
OPS-003122,ORD-003122,2.0,2.9,6.0,510,13.87,5.0,6.2,Breached
OPS-003796,ORD-003796,2.2,3.3,4.4,264,7.21,5.0,4.6,Met
OPS-005292,ORD-005292,2.1,5.0,2.5,340,11.42,5.0,2.8,Met
OPS-002850,ORD-002850,1.3,4.3,5.4,473,9.89,5.0,5.6,Breached
OPS-002841,ORD-002841,2.1,3.6,4.4,176,10.61,5.0,4.6,Met
OPS-007820,ORD-007820,2.0,3.1,5.4,1897,7.69,5.0,5.6,Breached
OPS-010559,ORD-010559,2.5,6.1,5.5,1756,6.26,5.0,5.9,Breached
OPS-007020,ORD-007020,3.2,7.0,2.3,180,5.81,5.0,2.7,Met
OPS-012375,ORD-012375,2.2,7.0,2.5,329,6.92,5.0,2.9,Met
OPS-002439,ORD-002439,3.1,5.4,6.6,1078,11.05,5.0,7.0,Breached
OPS-008744,ORD-008744,1.4,4.7,4.0,634,11.42,5.0,4.3,Met
OPS-005325,ORD-005325,3.9,2.9,4.6,112,8.9,5.0,4.9,Met
OPS-006752,ORD-006752,1.7,2.9,1.1,865,4.48,5.0,1.3,Met
OPS-005798,ORD-005798,3.7,5.5,2.8,1421,5.12,5.0,3.2,Met
OPS-006480,ORD-006480,2.1,3.4,1.1,1445,12.7,5.0,1.3,Met
OPS-010882,ORD-010882,1.0,3.9,4.1,877,12.97,5.0,4.3,Met
OPS-008801,ORD-008801,2.1,2.1,3.8,1405,10.29,5.0,4.0,Met
OPS-001700,ORD-001700,1.0,1.4,1.2,227,6.45,5.0,1.3,Met
OPS-000498,ORD-000498,2.0,5.6,1.3,1071,11.56,5.0,1.6,Met
OPS-011138,ORD-011138,2.7,3.7,2.7,1847,4.71,5.0,3.0,Met
OPS-006489,ORD-006489,3.8,4.5,1.9,1992,7.65,5.0,2.2,Met
OPS-009386,ORD-009386,3.5,1.7,6.6,1406,13.43,5.0,6.8,Breached
OPS-007232,ORD-007232,1.2,7.2,2.5,638,11.3,5.0,2.9,Met
OPS-003342,ORD-003342,1.3,6.6,3.3,1189,11.52,5.0,3.6,Met
OPS-004018,ORD-004018,3.4,7.3,4.7,264,5.74,5.0,5.1,Breached
OPS-007208,ORD-007208,1.4,7.0,6.9,698,8.57,5.0,7.2,Breached
OPS-008457,ORD-008457,1.8,5.6,2.7,1445,13.2,5.0,3.0,Met
OPS-010123,ORD-010123,3.0,4.2,2.4,687,5.27,5.0,2.7,Met
OPS-011952,ORD-011952,1.5,5.8,5.3,1116,13.41,5.0,5.6,Breached
OPS-002380,ORD-002380,3.5,7.0,5.6,1485,13.74,5.0,6.0,Breached
OPS-010278,ORD-010278,3.4,3.6,3.9,1819,9.51,5.0,4.2,Met
OPS-005371,ORD-005371,1.9,7.5,5.8,1692,7.04,5.0,6.2,Breached
OPS-007192,ORD-007192,3.4,3.2,1.4,465,6.59,5.0,1.7,Met
OPS-006756,ORD-006756,2.1,5.7,6.7,809,9.35,5.0,7.0,Breached
OPS-003060,ORD-003060,1.2,5.1,4.7,1545,5.5,5.0,5.0,Met
OPS-000727,ORD-000727,3.0,3.0,5.8,223,6.8,5.0,6.0,Breached
OPS-000836,ORD-000836,1.2,4.4,5.2,1689,7.11,5.0,5.4,Breached
OPS-002815,ORD-002815,0.5,3.8,2.6,1035,9.21,5.0,2.8,Met
OPS-009234,ORD-009234,1.2,2.0,3.3,650,10.39,5.0,3.4,Met
OPS-000321,ORD-000321,3.6,3.6,5.1,895,6.49,5.0,5.4,Breached
OPS-002473,ORD-002473,0.9,2.0,2.6,375,12.67,5.0,2.7,Met
OPS-006001,ORD-006001,3.2,6.3,4.9,1607,7.64,5.0,5.3,Breached
OPS-004549,ORD-004549,1.0,6.1,1.5,514,11.5,5.0,1.8,Met
OPS-012355,ORD-012355,1.3,4.3,6.9,1747,12.99,5.0,7.1,Breached
OPS-007443,ORD-007443,1.8,5.6,1.2,146,12.96,5.0,1.5,Met
OPS-001333,ORD-001333,2.7,4.3,4.9,1516,5.35,5.0,5.2,Breached
OPS-005506,ORD-005506,2.4,2.0,6.6,566,12.11,5.0,6.8,Breached
OPS-005366,ORD-005366,3.4,1.3,5.7,852,7.51,5.0,5.9,Breached
OPS-003550,ORD-003550,3.5,1.4,1.6,1840,11.6,5.0,1.8,Met
OPS-008327,ORD-008327,3.3,1.9,4.1,1649,5.92,5.0,4.3,Met
OPS-003133,ORD-003133,2.4,1.2,6.1,890,12.88,5.0,6.2,Breached
OPS-000724,ORD-000724,1.5,2.3,4.6,1050,7.24,5.0,4.8,Met
OPS-002076,ORD-002076,2.9,3.3,6.1,1262,7.89,5.0,6.4,Breached
OPS-003795,ORD-003795,2.5,6.0,1.3,1987,9.35,5.0,1.7,Met
OPS-000981,ORD-000981,3.2,2.7,4.2,1979,8.8,5.0,4.4,Met
OPS-010801,ORD-010801,2.2,3.7,3.7,1113,7.22,5.0,3.9,Met
OPS-009579,ORD-009579,3.3,2.4,3.1,1050,10.03,5.0,3.3,Met
OPS-004352,ORD-004352,0.7,6.0,6.7,1739,10.52,5.0,7.0,Breached
OPS-009457,ORD-009457,2.6,1.1,2.3,446,11.52,5.0,2.5,Met
OPS-006753,ORD-006753,2.2,3.1,5.8,1728,7.66,5.0,6.0,Breached
OPS-003056,ORD-003056,2.6,7.1,3.7,1372,11.21,5.0,4.1,Met
OPS-004401,ORD-004401,3.6,3.5,6.1,609,6.41,5.0,6.4,Breached
OPS-005114,ORD-005114,3.7,4.1,6.5,902,4.91,5.0,6.8,Breached
OPS-008207,ORD-008207,2.5,7.9,4.5,1925,11.81,5.0,4.9,Met
OPS-000435,ORD-000435,3.7,1.7,5.6,704,7.76,5.0,5.8,Breached
OPS-008063,ORD-008063,1.4,7.6,3.7,1466,6.2,5.0,4.1,Met
OPS-006668,ORD-006668,0.7,1.2,3.4,309,13.81,5.0,3.5,Met
OPS-009678,ORD-009678,1.0,6.8,4.5,215,9.32,5.0,4.8,Met
OPS-011777,ORD-011777,0.9,6.5,3.7,1110,8.63,5.0,4.0,Met
OPS-011852,ORD-011852,2.4,1.6,3.8,1730,10.93,5.0,4.0,Met
OPS-007111,ORD-007111,0.7,8.0,5.6,1496,5.85,5.0,6.0,Breached
OPS-000817,ORD-000817,2.4,2.7,1.6,1155,4.07,5.0,1.8,Met
OPS-007271,ORD-007271,0.7,3.8,1.6,1384,13.12,5.0,1.8,Met
OPS-007112,ORD-007112,0.7,6.0,4.8,808,6.08,5.0,5.1,Breached
OPS-008721,ORD-008721,3.6,4.0,2.9,1006,11.16,5.0,3.2,Met
OPS-006946,ORD-006946,1.5,5.8,1.4,1802,7.48,5.0,1.7,Met
OPS-000848,ORD-000848,1.0,2.1,4.5,1029,5.6,5.0,4.6,Met
OPS-009780,ORD-009780,3.2,1.4,4.1,444,4.95,5.0,4.3,Met
OPS-009051,ORD-009051,2.4,7.5,2.3,688,11.42,5.0,2.7,Met
OPS-009301,ORD-009301,3.2,5.6,5.4,1779,8.1,5.0,5.8,Breached
OPS-002235,ORD-002235,1.3,7.7,1.6,1274,8.01,5.0,2.0,Met
OPS-007738,ORD-007738,1.0,3.4,4.1,1742,12.89,5.0,4.3,Met
OPS-006573,ORD-006573,1.6,4.4,5.9,881,6.03,5.0,6.2,Breached
OPS-005026,ORD-005026,2.2,3.4,1.3,1167,5.3,5.0,1.5,Met
OPS-001544,ORD-001544,2.0,2.8,2.8,945,7.19,5.0,3.0,Met
OPS-003814,ORD-003814,3.5,3.1,4.1,1334,9.1,5.0,4.4,Met
OPS-002210,ORD-002210,1.9,7.6,4.2,1519,13.43,5.0,4.6,Met
OPS-003943,ORD-003943,1.2,7.8,2.8,1958,10.53,5.0,3.2,Met
OPS-010541,ORD-010541,1.1,4.5,4.7,303,9.64,5.0,4.9,Met
OPS-000043,ORD-000043,2.5,2.5,5.3,1200,10.72,5.0,5.5,Breached
OPS-006426,ORD-006426,3.5,5.5,2.0,1649,13.21,5.0,2.4,Met
OPS-008356,ORD-008356,2.5,6.9,6.1,985,7.36,5.0,6.5,Breached
OPS-000620,ORD-000620,0.5,3.3,4.4,1702,12.22,5.0,4.6,Met
OPS-007310,ORD-007310,2.4,5.8,5.1,1353,7.1,5.0,5.4,Breached
OPS-001904,ORD-001904,2.5,2.8,2.9,1122,6.29,5.0,3.1,Met
OPS-004137,ORD-004137,0.8,2.3,5.1,497,9.31,5.0,5.2,Breached
OPS-008907,ORD-008907,3.7,2.5,2.7,1742,6.58,5.0,3.0,Met
OPS-000763,ORD-000763,0.8,4.0,2.6,1196,4.97,5.0,2.8,Met
OPS-002213,ORD-002213,2.9,6.8,2.0,577,6.21,5.0,2.4,Met
OPS-004619,ORD-004619,2.9,5.8,3.4,1037,12.03,5.0,3.8,Met
OPS-001141,ORD-001141,1.7,3.4,4.9,421,11.62,5.0,5.1,Breached
OPS-009638,ORD-009638,0.5,1.6,1.7,350,12.46,5.0,1.8,Met
OPS-007548,ORD-007548,3.4,4.5,1.9,406,12.13,5.0,2.2,Met
OPS-000395,ORD-000395,2.9,1.5,4.6,1001,12.63,5.0,4.8,Met
OPS-004512,ORD-004512,1.6,5.4,4.1,731,5.33,5.0,4.4,Met
OPS-010556,ORD-010556,1.3,2.0,4.7,1258,9.76,5.0,4.8,Met
OPS-012123,ORD-012123,1.2,3.9,3.1,1471,12.42,5.0,3.3,Met
OPS-009469,ORD-009469,2.6,6.0,2.2,894,13.29,5.0,2.6,Met
OPS-002644,ORD-002644,2.1,1.7,1.3,1988,5.73,5.0,1.5,Met
OPS-000551,ORD-000551,3.3,4.5,5.6,176,11.1,5.0,5.9,Breached
OPS-004469,ORD-004469,3.6,4.2,4.9,787,13.67,5.0,5.2,Breached
OPS-008161,ORD-008161,1.8,6.3,1.5,536,7.47,5.0,1.8,Met
OPS-003418,ORD-003418,2.6,2.6,2.4,1837,6.57,5.0,2.6,Met
OPS-005758,ORD-005758,3.2,6.7,4.8,1431,12.68,5.0,5.2,Breached
OPS-011441,ORD-011441,1.0,1.3,3.4,1267,11.58,5.0,3.5,Met
OPS-003523,ORD-003523,2.1,7.3,2.6,1063,8.78,5.0,3.0,Met
OPS-002783,ORD-002783,2.7,6.7,3.7,1855,4.9,5.0,4.1,Met
OPS-004016,ORD-004016,1.1,1.6,4.9,329,10.68,5.0,5.0,Met
OPS-007275,ORD-007275,2.6,4.9,6.1,1018,11.48,5.0,6.4,Breached
OPS-007297,ORD-007297,3.8,5.2,5.1,1311,5.08,5.0,5.5,Breached
OPS-005658,ORD-005658,1.9,6.1,2.8,286,5.89,5.0,3.1,Met
OPS-005018,ORD-005018,2.8,7.1,7.0,1705,7.82,5.0,7.4,Breached
OPS-005312,ORD-005312,2.1,3.3,1.3,103,11.91,5.0,1.5,Met
OPS-009181,ORD-009181,1.0,1.6,1.1,250,13.44,5.0,1.2,Met
OPS-002930,ORD-002930,1.2,4.9,4.7,1427,6.56,5.0,5.0,Met
OPS-009269,ORD-009269,3.7,5.7,6.7,1890,10.18,5.0,7.1,Breached
OPS-002421,ORD-002421,3.8,7.2,1.6,624,5.43,5.0,2.1,Met
OPS-005041,ORD-005041,3.7,3.3,6.5,206,10.51,5.0,6.8,Breached
OPS-010883,ORD-010883,2.6,7.5,3.3,1883,13.2,5.0,3.7,Met
OPS-008183,ORD-008183,2.4,4.8,6.9,1897,10.33,5.0,7.2,Breached
OPS-008369,ORD-008369,3.4,7.8,3.7,1056,11.43,5.0,4.2,Met
OPS-012471,ORD-012471,2.6,2.9,5.9,421,6.5,5.0,6.1,Breached
OPS-005267,ORD-005267,3.9,6.2,3.4,1246,10.24,5.0,3.8,Met
OPS-011509,ORD-011509,3.5,2.2,4.2,434,9.34,5.0,4.4,Met
OPS-003098,ORD-003098,3.5,3.6,6.7,1678,13.78,5.0,7.0,Breached
OPS-004358,ORD-004358,2.7,5.0,1.1,1314,12.59,5.0,1.4,Met
OPS-001505,ORD-001505,0.7,1.5,1.7,1319,12.25,5.0,1.8,Met
OPS-006625,ORD-006625,3.0,2.3,1.9,1572,10.19,5.0,2.1,Met
OPS-009828,ORD-009828,0.8,7.8,6.1,1254,10.27,5.0,6.5,Breached
OPS-010816,ORD-010816,1.5,2.2,6.0,1150,11.41,5.0,6.2,Breached
OPS-009060,ORD-009060,2.1,1.0,1.9,678,10.61,5.0,2.0,Met
OPS-000565,ORD-000565,3.8,1.6,3.9,647,6.69,5.0,4.1,Met
OPS-007778,ORD-007778,2.9,6.8,3.5,1411,9.86,5.0,3.9,Met
OPS-004905,ORD-004905,1.1,6.2,3.0,932,8.99,5.0,3.3,Met
OPS-004457,ORD-004457,3.3,7.8,3.1,561,10.92,5.0,3.6,Met
OPS-000587,ORD-000587,2.3,2.6,2.1,792,6.34,5.0,2.3,Met
OPS-004997,ORD-004997,0.7,6.8,2.6,1097,9.32,5.0,2.9,Met
OPS-008088,ORD-008088,4.0,1.6,3.2,473,7.01,5.0,3.4,Met
OPS-010336,ORD-010336,0.5,2.5,6.5,1286,13.98,5.0,6.6,Breached
OPS-006355,ORD-006355,2.2,5.0,6.6,448,13.39,5.0,6.9,Breached
OPS-006959,ORD-006959,2.5,7.6,6.9,1727,7.07,5.0,7.3,Breached
OPS-000040,ORD-000040,2.2,6.0,5.7,453,11.66,5.0,6.0,Breached
OPS-000074,ORD-000074,3.4,6.3,5.4,146,5.1,5.0,5.8,Breached
OPS-001605,ORD-001605,1.4,7.8,5.6,509,8.75,5.0,6.0,Breached
OPS-011635,ORD-011635,2.7,5.9,4.4,180,12.84,5.0,4.8,Met
OPS-006544,ORD-006544,2.2,1.7,3.6,1675,8.96,5.0,3.8,Met
OPS-009108,ORD-009108,2.8,2.3,2.2,1608,10.58,5.0,2.4,Met
OPS-005612,ORD-005612,3.2,3.8,4.0,1937,6.58,5.0,4.3,Met
OPS-007794,ORD-007794,3.6,3.4,4.8,1613,12.08,5.0,5.1,Breached
OPS-001720,ORD-001720,2.4,1.3,6.4,1669,13.21,5.0,6.6,Breached
OPS-005048,ORD-005048,1.5,4.5,2.6,1680,9.25,5.0,2.9,Met
OPS-002133,ORD-002133,3.9,5.8,6.1,169,9.06,5.0,6.5,Breached
OPS-011089,ORD-011089,1.2,4.9,1.5,1357,12.59,5.0,1.8,Met
OPS-008067,ORD-008067,1.0,3.8,5.0,1158,4.27,5.0,5.2,Breached
OPS-010360,ORD-010360,3.7,7.4,2.6,664,4.01,5.0,3.1,Met
OPS-008129,ORD-008129,1.7,3.7,3.4,888,6.61,5.0,3.6,Met
OPS-007667,ORD-007667,1.1,3.2,4.1,1328,10.78,5.0,4.3,Met
OPS-009996,ORD-009996,3.0,6.4,2.2,1630,13.09,5.0,2.6,Met
OPS-003099,ORD-003099,2.3,7.5,3.4,954,6.86,5.0,3.8,Met
OPS-003061,ORD-003061,1.2,3.0,6.9,293,9.77,5.0,7.1,Breached
OPS-010536,ORD-010536,3.9,7.1,4.3,986,7.87,5.0,4.8,Met
OPS-001772,ORD-001772,2.2,3.8,3.5,334,6.3,5.0,3.8,Met
OPS-001761,ORD-001761,2.1,6.3,3.5,1192,13.47,5.0,3.9,Met
OPS-003598,ORD-003598,3.8,5.0,4.8,563,8.89,5.0,5.2,Breached
OPS-004882,ORD-004882,4.0,6.4,6.7,181,10.48,5.0,7.1,Breached
OPS-010090,ORD-010090,3.4,7.9,6.8,771,13.41,5.0,7.3,Breached
OPS-009662,ORD-009662,3.1,3.4,3.4,1610,8.91,5.0,3.7,Met
OPS-010000,ORD-010000,2.1,7.4,1.5,460,13.32,5.0,1.9,Met
OPS-001047,ORD-001047,0.9,5.2,2.6,1240,12.68,5.0,2.9,Met
OPS-002566,ORD-002566,2.6,4.6,6.6,580,8.65,5.0,6.9,Breached
OPS-002066,ORD-002066,2.2,6.2,2.6,1503,7.66,5.0,3.0,Met
OPS-002591,ORD-002591,2.6,2.1,2.2,1763,10.37,5.0,2.4,Met
OPS-004235,ORD-004235,1.4,7.5,2.8,1803,11.71,5.0,3.2,Met
OPS-005532,ORD-005532,1.5,6.8,2.8,1285,10.35,5.0,3.1,Met
OPS-001085,ORD-001085,1.1,6.5,1.3,1726,12.35,5.0,1.6,Met
OPS-010787,ORD-010787,1.3,3.5,2.4,428,10.4,5.0,2.6,Met
OPS-009623,ORD-009623,1.3,4.0,4.9,1308,13.87,5.0,5.1,Breached
OPS-010943,ORD-010943,1.1,4.0,4.3,760,9.35,5.0,4.5,Met
OPS-011001,ORD-011001,1.3,5.2,2.8,1147,11.71,5.0,3.1,Met
OPS-005551,ORD-005551,0.8,2.4,1.9,991,8.19,5.0,2.0,Met
OPS-010054,ORD-010054,2.8,3.0,3.8,1896,5.08,5.0,4.0,Met
OPS-002821,ORD-002821,2.4,6.4,6.0,891,13.85,5.0,6.4,Breached
OPS-007997,ORD-007997,1.9,1.8,5.0,729,13.96,5.0,5.2,Breached
OPS-000502,ORD-000502,1.4,5.9,5.4,1950,7.04,5.0,5.7,Breached
OPS-006150,ORD-006150,2.6,7.8,6.5,1929,10.15,5.0,6.9,Breached
OPS-000224,ORD-000224,3.6,3.7,3.6,660,4.43,5.0,3.9,Met
OPS-011555,ORD-011555,3.1,6.3,3.9,653,4.83,5.0,4.3,Met
OPS-009878,ORD-009878,3.0,7.8,5.4,1257,10.93,5.0,5.9,Breached
OPS-005821,ORD-005821,2.2,6.6,2.6,912,5.44,5.0,3.0,Met
OPS-004268,ORD-004268,1.2,4.8,4.2,1615,13.61,5.0,4.5,Met
OPS-001537,ORD-001537,3.5,7.1,1.4,235,4.16,5.0,1.8,Met
OPS-008438,ORD-008438,1.1,5.2,6.5,1218,5.79,5.0,6.8,Breached
OPS-003481,ORD-003481,0.7,4.1,6.0,985,10.1,5.0,6.2,Breached
OPS-001808,ORD-001808,4.0,7.4,5.4,617,10.93,5.0,5.9,Breached
OPS-009753,ORD-009753,2.8,2.3,4.5,149,11.54,5.0,4.7,Met
OPS-005460,ORD-005460,1.3,3.7,5.4,194,8.11,5.0,5.6,Breached
OPS-004374,ORD-004374,1.4,1.3,2.6,1731,7.5,5.0,2.7,Met
OPS-007498,ORD-007498,2.0,7.5,6.9,151,6.95,5.0,7.3,Breached
OPS-008305,ORD-008305,3.7,4.3,5.0,849,7.05,5.0,5.3,Breached
OPS-000099,ORD-000099,1.6,7.4,5.8,1633,12.85,5.0,6.2,Breached
OPS-008615,ORD-008615,2.0,7.3,4.6,1056,10.94,5.0,5.0,Met
OPS-008094,ORD-008094,2.2,7.9,4.6,879,4.78,5.0,5.0,Met
OPS-008786,ORD-008786,3.8,2.7,1.5,1677,9.68,5.0,1.8,Met
OPS-008185,ORD-008185,0.9,1.4,3.8,872,13.12,5.0,3.9,Met
OPS-009614,ORD-009614,1.0,2.2,3.1,434,6.91,5.0,3.2,Met
OPS-007673,ORD-007673,2.6,7.4,4.2,168,5.51,5.0,4.6,Met
OPS-009668,ORD-009668,2.3,4.7,5.1,1903,5.31,5.0,5.4,Breached
OPS-005953,ORD-005953,2.6,2.9,2.9,1811,10.61,5.0,3.1,Met
OPS-006306,ORD-006306,1.6,2.1,2.1,930,7.51,5.0,2.3,Met
OPS-009105,ORD-009105,1.3,2.4,4.7,1107,9.01,5.0,4.9,Met
OPS-002519,ORD-002519,1.4,7.9,2.5,1170,8.71,5.0,2.9,Met
OPS-007130,ORD-007130,1.2,6.7,5.1,1409,13.74,5.0,5.4,Breached
OPS-011949,ORD-011949,4.0,4.9,6.8,1556,9.78,5.0,7.2,Breached
OPS-005830,ORD-005830,3.1,7.8,5.4,1807,12.44,5.0,5.9,Breached
OPS-000719,ORD-000719,1.5,3.2,2.4,359,10.45,5.0,2.6,Met
OPS-006906,ORD-006906,1.5,5.7,4.7,107,4.53,5.0,5.0,Met
OPS-006572,ORD-006572,1.9,2.3,3.1,932,4.87,5.0,3.3,Met
OPS-002615,ORD-002615,0.6,5.3,2.3,492,5.75,5.0,2.5,Met
OPS-007157,ORD-007157,2.9,6.6,6.8,157,13.26,5.0,7.2,Breached
OPS-008391,ORD-008391,1.9,6.3,3.7,800,8.18,5.0,4.0,Met
OPS-000604,ORD-000604,3.9,7.4,6.9,1951,13.68,5.0,7.4,Breached
OPS-006351,ORD-006351,1.1,4.2,5.4,299,10.96,5.0,5.6,Breached
OPS-009702,ORD-009702,1.6,3.2,2.8,229,12.95,5.0,3.0,Met
OPS-002584,ORD-002584,2.9,1.1,5.9,602,5.47,5.0,6.1,Breached
OPS-006889,ORD-006889,1.8,5.0,6.6,1502,8.98,5.0,6.9,Breached
OPS-004404,ORD-004404,2.9,5.9,4.7,353,7.43,5.0,5.1,Breached
OPS-006937,ORD-006937,0.9,5.2,6.6,207,12.47,5.0,6.9,Breached
OPS-008539,ORD-008539,3.6,7.9,6.2,1102,5.23,5.0,6.7,Breached
OPS-006624,ORD-006624,1.9,5.0,1.6,600,7.49,5.0,1.9,Met
OPS-012258,ORD-012258,1.1,2.0,3.8,1620,6.18,5.0,3.9,Met
OPS-002000,ORD-002000,0.9,1.4,2.9,1616,4.37,5.0,3.0,Met
OPS-007693,ORD-007693,3.7,6.2,2.7,145,13.85,5.0,3.1,Met
OPS-003975,ORD-003975,2.3,5.2,2.9,1003,12.75,5.0,3.2,Met
OPS-010704,ORD-010704,1.2,2.1,3.6,1079,4.91,5.0,3.7,Met
OPS-010169,ORD-010169,2.5,1.5,3.0,1639,13.45,5.0,3.2,Met
OPS-004163,ORD-004163,2.0,3.8,1.1,623,4.86,5.0,1.3,Met
OPS-000337,ORD-000337,3.7,2.4,3.5,1064,10.19,5.0,3.8,Met
OPS-004758,ORD-004758,2.9,2.3,3.9,683,6.15,5.0,4.1,Met
OPS-005775,ORD-005775,3.8,6.9,1.5,1431,10.56,5.0,1.9,Met
OPS-002346,ORD-002346,3.7,1.2,3.6,662,7.1,5.0,3.8,Met
OPS-007723,ORD-007723,3.5,2.9,4.9,563,9.39,5.0,5.2,Breached
OPS-004304,ORD-004304,2.2,4.6,3.8,1992,8.44,5.0,4.1,Met
OPS-009687,ORD-009687,0.7,3.0,1.9,1429,13.62,5.0,2.1,Met
OPS-008766,ORD-008766,0.6,1.6,2.6,525,9.59,5.0,2.7,Met
OPS-011913,ORD-011913,0.6,5.1,5.8,1546,10.92,5.0,6.0,Breached
OPS-000532,ORD-000532,1.8,3.9,6.5,1777,7.52,5.0,6.7,Breached
OPS-009831,ORD-009831,2.2,1.1,4.2,620,5.09,5.0,4.3,Met
OPS-010979,ORD-010979,1.2,6.7,1.6,828,10.21,5.0,1.9,Met
OPS-006746,ORD-006746,2.8,5.4,1.2,1181,4.23,5.0,1.5,Met
OPS-011821,ORD-011821,3.9,1.3,4.5,349,7.23,5.0,4.7,Met
OPS-004866,ORD-004866,2.7,5.2,6.7,1062,9.71,5.0,7.0,Breached
OPS-000834,ORD-000834,3.3,1.4,2.3,1611,9.43,5.0,2.5,Met
OPS-011427,ORD-011427,1.7,6.3,2.0,372,11.72,5.0,2.3,Met
OPS-003761,ORD-003761,1.9,7.2,1.9,259,12.01,5.0,2.3,Met
OPS-008837,ORD-008837,1.9,6.9,2.7,993,5.74,5.0,3.1,Met
OPS-003679,ORD-003679,3.2,4.3,2.6,782,4.28,5.0,2.9,Met
OPS-007489,ORD-007489,3.6,7.3,2.4,1303,13.89,5.0,2.9,Met
OPS-002553,ORD-002553,1.4,2.0,5.3,1774,6.15,5.0,5.4,Breached
OPS-006933,ORD-006933,1.8,5.7,4.4,982,9.53,5.0,4.7,Met
OPS-005189,ORD-005189,1.3,5.7,3.2,189,6.37,5.0,3.5,Met
OPS-004912,ORD-004912,3.2,7.6,2.9,503,13.19,5.0,3.3,Met
OPS-001882,ORD-001882,1.7,5.5,6.3,1012,8.39,5.0,6.6,Breached
OPS-007896,ORD-007896,3.5,3.0,4.7,1028,9.69,5.0,5.0,Met
OPS-009767,ORD-009767,3.4,7.4,4.9,472,7.5,5.0,5.4,Breached
OPS-001185,ORD-001185,2.9,7.8,3.2,501,5.27,5.0,3.6,Met
OPS-006938,ORD-006938,0.7,5.8,5.1,1434,13.15,5.0,5.4,Breached
OPS-010452,ORD-010452,1.8,6.0,1.2,1673,5.24,5.0,1.5,Met
OPS-003834,ORD-003834,1.7,1.5,3.6,765,12.75,5.0,3.7,Met
OPS-012406,ORD-012406,2.7,7.1,3.2,654,7.98,5.0,3.6,Met
OPS-002509,ORD-002509,3.5,7.0,6.5,1200,12.0,5.0,6.9,Breached
OPS-009246,ORD-009246,2.1,5.1,4.1,1311,12.43,5.0,4.4,Met
OPS-010118,ORD-010118,1.7,7.2,2.6,1850,10.67,5.0,3.0,Met
OPS-003637,ORD-003637,0.7,4.2,4.1,637,10.23,5.0,4.3,Met
OPS-012419,ORD-012419,0.7,5.9,2.7,525,7.2,5.0,3.0,Met
OPS-006040,ORD-006040,0.6,2.2,4.2,1283,8.26,5.0,4.3,Met
OPS-011485,ORD-011485,0.8,3.9,2.4,1021,12.07,5.0,2.6,Met
OPS-002316,ORD-002316,2.0,7.2,4.4,816,11.98,5.0,4.8,Met
OPS-001953,ORD-001953,2.4,2.7,3.9,1981,10.17,5.0,4.1,Met
OPS-011072,ORD-011072,0.5,5.4,6.3,1697,7.04,5.0,6.5,Breached
OPS-006931,ORD-006931,0.9,2.9,1.9,1173,4.47,5.0,2.1,Met
OPS-000530,ORD-000530,3.5,5.6,4.5,1914,8.68,5.0,4.9,Met
OPS-011912,ORD-011912,3.2,1.9,4.6,1273,12.34,5.0,4.8,Met
OPS-002684,ORD-002684,2.8,2.2,1.0,1120,7.38,5.0,1.2,Met
OPS-007292,ORD-007292,3.3,3.4,4.0,1591,5.33,5.0,4.3,Met
OPS-008383,ORD-008383,2.3,4.0,2.7,1505,5.6,5.0,3.0,Met
OPS-003623,ORD-003623,1.6,2.3,7.0,988,13.19,5.0,7.2,Breached
OPS-007406,ORD-007406,1.0,2.9,6.5,1733,11.47,5.0,6.7,Breached
OPS-008589,ORD-008589,0.6,5.1,6.0,1156,12.85,5.0,6.2,Breached
OPS-005206,ORD-005206,1.7,1.1,5.1,1046,9.45,5.0,5.2,Breached
OPS-008276,ORD-008276,1.8,4.4,5.6,1853,12.34,5.0,5.9,Breached
OPS-006115,ORD-006115,1.3,7.5,1.6,1799,6.5,5.0,2.0,Met
OPS-011487,ORD-011487,1.8,3.3,3.1,1356,9.62,5.0,3.3,Met
OPS-010632,ORD-010632,0.9,5.8,3.5,1919,9.0,5.0,3.8,Met
OPS-010237,ORD-010237,1.1,7.2,6.7,408,11.84,5.0,7.0,Breached
OPS-006245,ORD-006245,0.7,2.3,2.9,1093,5.79,5.0,3.0,Met
OPS-012161,ORD-012161,3.7,1.5,1.2,1306,9.28,5.0,1.4,Met
OPS-001577,ORD-001577,3.4,3.9,5.9,1928,13.06,5.0,6.2,Breached
OPS-007449,ORD-007449,3.0,4.4,4.6,1361,9.37,5.0,4.9,Met
OPS-002381,ORD-002381,1.0,4.7,6.2,188,5.67,5.0,6.4,Breached
OPS-010864,ORD-010864,1.9,6.9,1.8,1571,12.0,5.0,2.2,Met
OPS-006354,ORD-006354,1.9,2.1,4.5,870,12.33,5.0,4.7,Met
OPS-002774,ORD-002774,3.3,4.7,6.6,691,11.02,5.0,6.9,Breached
OPS-011520,ORD-011520,3.6,2.1,2.6,1610,6.6,5.0,2.8,Met
OPS-012057,ORD-012057,1.9,7.9,3.3,1601,7.06,5.0,3.7,Met
OPS-012063,ORD-012063,3.1,4.4,4.2,469,8.05,5.0,4.5,Met
OPS-008640,ORD-008640,1.1,5.2,1.4,616,5.92,5.0,1.7,Met
OPS-003139,ORD-003139,0.8,6.7,4.3,1837,8.18,5.0,4.6,Met
OPS-005743,ORD-005743,3.2,3.8,2.8,962,7.08,5.0,3.1,Met
OPS-007576,ORD-007576,1.3,5.0,3.0,739,10.27,5.0,3.3,Met
OPS-000128,ORD-000128,1.5,4.9,4.8,465,5.91,5.0,5.1,Breached
OPS-000062,ORD-000062,1.3,4.0,2.5,1438,13.4,5.0,2.7,Met
OPS-001491,ORD-001491,2.6,5.2,3.7,606,4.05,5.0,4.0,Met
OPS-002163,ORD-002163,3.8,1.6,1.2,903,13.19,5.0,1.4,Met
OPS-005683,ORD-005683,0.8,4.7,6.4,1349,7.34,5.0,6.6,Breached
OPS-010066,ORD-010066,0.8,5.0,3.8,1579,4.97,5.0,4.0,Met
OPS-003614,ORD-003614,2.3,3.0,1.8,1932,9.45,5.0,2.0,Met
OPS-008390,ORD-008390,2.1,1.9,5.5,522,4.92,5.0,5.7,Breached
OPS-007485,ORD-007485,3.1,4.6,3.8,358,6.02,5.0,4.1,Met
OPS-001933,ORD-001933,3.4,4.8,1.8,487,11.9,5.0,2.1,Met
OPS-000431,ORD-000431,3.4,2.8,2.9,880,12.04,5.0,3.2,Met
OPS-008737,ORD-008737,2.5,6.7,5.9,393,11.8,5.0,6.3,Breached
OPS-002525,ORD-002525,3.2,7.8,1.8,875,7.09,5.0,2.3,Met
OPS-003713,ORD-003713,2.1,5.9,5.2,1851,13.47,5.0,5.5,Breached
OPS-006929,ORD-006929,2.9,6.5,6.5,267,6.98,5.0,6.9,Breached
OPS-001476,ORD-001476,0.9,5.5,5.5,1433,5.05,5.0,5.8,Breached
OPS-005623,ORD-005623,1.8,1.4,5.6,678,4.74,5.0,5.7,Breached
OPS-004447,ORD-004447,2.9,1.5,2.5,1236,8.25,5.0,2.7,Met
OPS-003673,ORD-003673,0.9,7.4,2.2,509,4.5,5.0,2.5,Met
OPS-005705,ORD-005705,2.4,3.6,3.0,562,6.11,5.0,3.2,Met
OPS-012450,ORD-012450,2.0,6.1,4.2,1262,10.58,5.0,4.5,Met
OPS-006284,ORD-006284,1.8,3.9,5.2,328,9.94,5.0,5.4,Breached
OPS-008699,ORD-008699,3.6,1.6,2.5,1093,6.93,5.0,2.7,Met
OPS-008239,ORD-008239,3.8,5.3,3.6,575,11.24,5.0,4.0,Met
OPS-010405,ORD-010405,1.9,1.0,5.3,685,9.69,5.0,5.4,Breached
OPS-009708,ORD-009708,2.9,6.5,1.8,402,13.61,5.0,2.2,Met
OPS-004695,ORD-004695,2.7,1.4,4.3,1101,13.26,5.0,4.5,Met
OPS-007736,ORD-007736,1.5,1.2,4.4,836,13.59,5.0,4.5,Met
OPS-011594,ORD-011594,1.8,1.4,3.6,781,8.85,5.0,3.7,Met
OPS-000811,ORD-000811,1.8,7.9,2.6,1725,11.78,5.0,3.0,Met
OPS-010246,ORD-010246,2.8,6.6,6.2,803,5.74,5.0,6.6,Breached
OPS-006428,ORD-006428,3.9,7.4,1.9,1177,6.95,5.0,2.4,Met
OPS-011281,ORD-011281,0.9,2.2,5.5,1433,7.53,5.0,5.6,Breached
OPS-003067,ORD-003067,3.5,6.8,2.4,629,12.83,5.0,2.8,Met
OPS-010765,ORD-010765,2.9,5.0,2.1,1253,5.39,5.0,2.4,Met
OPS-008789,ORD-008789,2.1,5.1,6.3,1827,6.89,5.0,6.6,Breached
OPS-008779,ORD-008779,0.6,3.6,4.4,1352,7.51,5.0,4.6,Met
OPS-011642,ORD-011642,2.1,2.1,1.9,770,7.58,5.0,2.1,Met
OPS-008971,ORD-008971,0.5,5.0,3.8,524,5.53,5.0,4.0,Met
OPS-004782,ORD-004782,3.1,2.2,5.8,1592,10.26,5.0,6.0,Breached
OPS-001793,ORD-001793,2.5,3.1,6.9,1666,4.02,5.0,7.1,Breached
OPS-011180,ORD-011180,2.6,3.9,3.0,1818,12.9,5.0,3.3,Met
OPS-009043,ORD-009043,4.0,6.2,3.0,1867,5.63,5.0,3.4,Met
OPS-008082,ORD-008082,3.5,2.4,4.8,279,11.34,5.0,5.0,Met
OPS-004442,ORD-004442,1.8,6.9,5.8,870,8.17,5.0,6.2,Breached
OPS-006635,ORD-006635,1.4,5.3,4.4,959,13.24,5.0,4.7,Met
OPS-007284,ORD-007284,1.2,4.5,6.9,373,9.11,5.0,7.1,Breached
OPS-004849,ORD-004849,2.3,3.8,3.1,726,5.32,5.0,3.4,Met
OPS-005525,ORD-005525,0.5,2.2,2.5,734,12.36,5.0,2.6,Met
OPS-000273,ORD-000273,1.0,5.9,5.6,300,13.19,5.0,5.9,Breached
OPS-002575,ORD-002575,2.1,3.0,2.7,239,13.05,5.0,2.9,Met
OPS-007680,ORD-007680,3.6,4.5,4.9,1873,5.36,5.0,5.2,Breached
OPS-011391,ORD-011391,1.1,3.1,4.5,1390,4.15,5.0,4.7,Met
OPS-009109,ORD-009109,3.7,5.2,4.3,302,9.36,5.0,4.7,Met
OPS-011876,ORD-011876,0.8,1.4,5.5,1443,13.43,5.0,5.6,Breached
OPS-005028,ORD-005028,2.2,4.7,2.5,891,13.36,5.0,2.8,Met
OPS-004182,ORD-004182,0.8,3.4,6.8,1875,6.84,5.0,7.0,Breached
OPS-003195,ORD-003195,3.7,2.2,4.7,743,8.61,5.0,4.9,Met
OPS-000659,ORD-000659,2.8,3.0,5.8,1905,12.3,5.0,6.0,Breached
OPS-008132,ORD-008132,3.6,1.6,2.5,836,9.86,5.0,2.7,Met
OPS-003105,ORD-003105,3.2,6.0,1.2,174,8.11,5.0,1.6,Met
OPS-008439,ORD-008439,1.3,8.0,1.5,1046,10.62,5.0,1.9,Met
OPS-000687,ORD-000687,1.8,2.1,6.9,1112,8.78,5.0,7.1,Breached
OPS-000748,ORD-000748,2.3,5.8,3.1,131,4.61,5.0,3.4,Met
OPS-004350,ORD-004350,3.2,3.0,3.7,892,11.72,5.0,4.0,Met
OPS-007135,ORD-007135,2.0,5.5,2.1,1765,4.64,5.0,2.4,Met
OPS-001436,ORD-001436,0.9,3.2,6.0,1863,9.64,5.0,6.2,Breached
OPS-003062,ORD-003062,2.9,2.5,4.6,829,13.19,5.0,4.8,Met
OPS-009500,ORD-009500,0.9,3.8,6.3,774,12.58,5.0,6.5,Breached
OPS-007353,ORD-007353,2.6,2.8,3.0,516,6.22,5.0,3.2,Met
OPS-000699,ORD-000699,2.5,5.3,1.6,552,6.32,5.0,1.9,Met
OPS-004089,ORD-004089,2.4,4.3,2.2,1067,4.09,5.0,2.5,Met
OPS-012446,ORD-012446,1.1,4.1,6.3,477,6.82,5.0,6.5,Breached
OPS-012484,ORD-012484,1.4,3.1,1.1,971,8.39,5.0,1.3,Met
OPS-004527,ORD-004527,3.4,7.5,6.5,1350,7.42,5.0,7.0,Breached
OPS-003308,ORD-003308,3.6,7.8,4.3,1897,8.19,5.0,4.8,Met
OPS-000524,ORD-000524,0.8,4.2,3.1,1925,8.87,5.0,3.3,Met
OPS-000777,ORD-000777,2.2,1.9,1.7,1934,12.21,5.0,1.9,Met
OPS-001849,ORD-001849,2.1,6.9,4.3,407,11.56,5.0,4.7,Met
OPS-012384,ORD-012384,3.9,7.7,4.2,518,4.26,5.0,4.7,Met
OPS-004616,ORD-004616,0.7,3.1,3.3,357,10.04,5.0,3.5,Met
OPS-009778,ORD-009778,1.8,1.1,3.4,724,12.83,5.0,3.5,Met
OPS-007978,ORD-007978,1.0,2.8,1.7,633,8.05,5.0,1.9,Met
OPS-000139,ORD-000139,1.7,1.7,4.3,1758,9.49,5.0,4.4,Met
OPS-008713,ORD-008713,1.0,2.0,2.0,456,8.25,5.0,2.1,Met
OPS-009503,ORD-009503,1.7,6.0,3.5,928,4.27,5.0,3.8,Met
OPS-004645,ORD-004645,3.0,6.3,6.7,830,5.26,5.0,7.1,Breached
OPS-000253,ORD-000253,1.0,2.8,3.8,158,13.55,5.0,4.0,Met
OPS-007850,ORD-007850,3.2,5.7,5.6,1246,6.58,5.0,6.0,Breached
OPS-011910,ORD-011910,3.1,2.7,3.9,748,5.87,5.0,4.1,Met
OPS-004110,ORD-004110,3.5,5.4,6.7,1897,6.47,5.0,7.1,Breached
OPS-006212,ORD-006212,2.6,7.9,2.2,1902,5.05,5.0,2.6,Met
OPS-003299,ORD-003299,3.7,2.2,1.6,178,8.2,5.0,1.8,Met
OPS-002198,ORD-002198,1.6,7.5,3.6,1126,4.75,5.0,4.0,Met
OPS-001134,ORD-001134,3.5,1.8,4.9,1081,8.53,5.0,5.1,Breached
OPS-007252,ORD-007252,2.4,3.6,2.3,632,13.23,5.0,2.5,Met
OPS-010109,ORD-010109,1.3,1.2,1.2,312,11.53,5.0,1.3,Met
OPS-005520,ORD-005520,2.5,3.3,4.6,1180,4.25,5.0,4.8,Met
OPS-009883,ORD-009883,1.6,3.9,2.6,1261,8.92,5.0,2.8,Met
OPS-009514,ORD-009514,1.8,2.4,5.0,726,5.19,5.0,5.2,Breached
OPS-007789,ORD-007789,3.0,3.6,5.2,366,12.12,5.0,5.5,Breached
OPS-011279,ORD-011279,0.8,6.9,3.9,1686,11.82,5.0,4.2,Met
OPS-004936,ORD-004936,2.9,5.9,5.7,1005,5.27,5.0,6.1,Breached
OPS-002751,ORD-002751,3.9,1.3,2.0,1545,9.1,5.0,2.2,Met
OPS-006211,ORD-006211,1.9,1.3,1.6,626,8.07,5.0,1.7,Met
OPS-011474,ORD-011474,1.1,3.3,6.3,1418,5.16,5.0,6.5,Breached
OPS-001393,ORD-001393,2.7,3.2,6.4,1535,10.9,5.0,6.6,Breached
OPS-008704,ORD-008704,3.8,4.2,6.2,1733,13.16,5.0,6.5,Breached
OPS-003327,ORD-003327,1.1,3.6,5.6,499,12.62,5.0,5.8,Breached
OPS-004108,ORD-004108,0.6,1.2,3.3,742,13.63,5.0,3.4,Met
OPS-004682,ORD-004682,3.7,7.4,1.5,1074,12.33,5.0,2.0,Met
OPS-005202,ORD-005202,1.7,4.0,5.8,648,6.98,5.0,6.0,Breached
OPS-010059,ORD-010059,3.8,5.5,4.3,667,8.98,5.0,4.7,Met
OPS-008701,ORD-008701,3.4,1.5,5.1,1821,10.93,5.0,5.3,Breached
OPS-011014,ORD-011014,1.7,4.6,1.1,1384,9.33,5.0,1.4,Met
OPS-008543,ORD-008543,4.0,4.9,6.5,1700,7.33,5.0,6.9,Breached
OPS-006085,ORD-006085,2.1,1.4,1.4,497,7.05,5.0,1.5,Met
OPS-007779,ORD-007779,2.3,7.7,6.5,1790,7.0,5.0,6.9,Breached
OPS-010662,ORD-010662,1.8,4.9,3.3,646,11.64,5.0,3.6,Met
OPS-000205,ORD-000205,0.6,5.2,1.4,451,5.86,5.0,1.6,Met
OPS-004366,ORD-004366,3.5,5.8,2.8,1543,5.84,5.0,3.2,Met
OPS-004939,ORD-004939,2.3,3.9,1.8,460,7.97,5.0,2.1,Met
OPS-011789,ORD-011789,3.9,2.4,6.5,736,13.43,5.0,6.8,Breached
OPS-012429,ORD-012429,2.7,7.4,1.4,1573,12.89,5.0,1.8,Met
OPS-005192,ORD-005192,4.0,3.8,1.4,1762,8.87,5.0,1.7,Met
OPS-008738,ORD-008738,3.8,7.9,4.4,206,4.91,5.0,4.9,Met
OPS-005042,ORD-005042,0.8,5.4,5.7,1025,5.09,5.0,6.0,Breached
OPS-007070,ORD-007070,0.6,1.7,3.6,1500,4.96,5.0,3.7,Met
OPS-004372,ORD-004372,1.5,4.9,6.4,1791,6.48,5.0,6.7,Breached
OPS-010616,ORD-010616,1.5,3.4,1.1,1555,6.18,5.0,1.3,Met
OPS-009757,ORD-009757,1.1,6.6,4.1,1868,5.23,5.0,4.4,Met
OPS-011872,ORD-011872,2.1,3.1,1.5,538,5.24,5.0,1.7,Met
OPS-008035,ORD-008035,2.1,2.6,5.7,1990,12.68,5.0,5.9,Breached
OPS-004608,ORD-004608,2.3,6.6,1.3,1577,4.48,5.0,1.7,Met
OPS-003271,ORD-003271,1.6,2.9,4.7,540,4.97,5.0,4.9,Met
OPS-006148,ORD-006148,0.7,1.7,4.3,739,11.51,5.0,4.4,Met
OPS-011965,ORD-011965,1.4,6.4,4.5,255,6.0,5.0,4.8,Met
OPS-006072,ORD-006072,1.2,2.3,6.4,1622,10.66,5.0,6.5,Breached
OPS-011696,ORD-011696,1.6,2.2,7.0,1463,11.14,5.0,7.2,Breached
OPS-011505,ORD-011505,1.4,6.6,2.2,1703,12.83,5.0,2.5,Met
OPS-003897,ORD-003897,3.9,4.6,2.6,429,10.82,5.0,3.0,Met
OPS-006221,ORD-006221,2.4,7.3,2.5,210,12.38,5.0,2.9,Met
OPS-011973,ORD-011973,2.5,3.5,4.7,1337,12.58,5.0,5.0,Met
OPS-009791,ORD-009791,0.6,3.8,6.8,380,12.67,5.0,7.0,Breached
OPS-000685,ORD-000685,2.1,2.7,4.3,528,11.35,5.0,4.5,Met
OPS-006577,ORD-006577,3.1,3.1,5.8,1727,6.65,5.0,6.1,Breached
OPS-004694,ORD-004694,1.8,6.9,1.2,429,7.7,5.0,1.6,Met
OPS-006455,ORD-006455,3.1,1.5,5.4,1603,13.77,5.0,5.6,Breached
OPS-012447,ORD-012447,0.6,7.9,2.7,399,4.66,5.0,3.1,Met
OPS-001899,ORD-001899,1.5,3.6,4.5,1300,13.8,5.0,4.7,Met
OPS-010016,ORD-010016,4.0,6.2,4.4,263,6.86,5.0,4.8,Met
OPS-010657,ORD-010657,0.5,5.1,5.4,1249,7.98,5.0,5.6,Breached
OPS-011111,ORD-011111,2.1,5.0,6.7,224,7.8,5.0,7.0,Breached
OPS-011902,ORD-011902,1.7,3.4,3.1,572,4.65,5.0,3.3,Met
OPS-012374,ORD-012374,0.7,2.6,1.5,1368,13.2,5.0,1.6,Met
OPS-004860,ORD-004860,1.9,2.4,3.8,1224,13.42,5.0,4.0,Met
OPS-003602,ORD-003602,3.3,6.0,2.0,292,7.77,5.0,2.4,Met
OPS-004874,ORD-004874,3.1,7.0,6.9,727,7.6,5.0,7.3,Breached
OPS-008618,ORD-008618,3.7,6.7,5.2,1848,4.13,5.0,5.6,Breached
OPS-009081,ORD-009081,2.3,4.9,2.6,1518,10.6,5.0,2.9,Met
OPS-005631,ORD-005631,3.0,3.2,6.0,1950,11.97,5.0,6.3,Breached
OPS-012260,ORD-012260,1.6,4.7,1.7,1080,7.93,5.0,2.0,Met
OPS-009658,ORD-009658,2.4,6.9,4.1,1902,8.16,5.0,4.5,Met
OPS-002711,ORD-002711,0.7,7.6,5.4,1467,8.37,5.0,5.7,Breached
OPS-005270,ORD-005270,2.8,7.2,1.2,893,7.15,5.0,1.6,Met
OPS-006754,ORD-006754,1.7,6.4,4.6,123,7.77,5.0,4.9,Met
OPS-009725,ORD-009725,2.8,4.4,3.0,1128,6.16,5.0,3.3,Met
OPS-006728,ORD-006728,3.2,3.2,4.5,1219,4.01,5.0,4.8,Met
OPS-010266,ORD-010266,2.9,6.3,5.0,1276,12.22,5.0,5.4,Breached
OPS-005770,ORD-005770,4.0,5.2,3.3,286,11.2,5.0,3.7,Met
OPS-010861,ORD-010861,0.5,7.3,3.8,356,7.35,5.0,4.1,Met
OPS-009191,ORD-009191,1.8,6.0,1.0,367,9.02,5.0,1.3,Met
OPS-009154,ORD-009154,2.2,6.0,4.0,688,10.7,5.0,4.3,Met
OPS-010043,ORD-010043,1.3,5.4,1.1,622,13.06,5.0,1.4,Met
OPS-007871,ORD-007871,2.6,7.7,2.7,1551,4.79,5.0,3.1,Met
OPS-001331,ORD-001331,1.6,1.5,5.4,359,7.29,5.0,5.5,Breached
OPS-012001,ORD-012001,1.9,1.9,4.5,1320,6.45,5.0,4.7,Met
OPS-006453,ORD-006453,1.6,6.4,3.3,268,8.86,5.0,3.6,Met
OPS-000542,ORD-000542,1.4,6.7,6.0,366,9.6,5.0,6.3,Breached
OPS-011178,ORD-011178,1.1,3.8,4.9,596,4.86,5.0,5.1,Breached
OPS-000170,ORD-000170,2.1,3.4,4.8,1499,12.94,5.0,5.0,Met
OPS-008038,ORD-008038,2.8,1.0,6.4,1601,12.17,5.0,6.6,Breached
OPS-010483,ORD-010483,0.5,3.8,1.1,173,4.49,5.0,1.3,Met
OPS-010189,ORD-010189,1.1,4.0,2.5,603,4.89,5.0,2.7,Met
OPS-011501,ORD-011501,1.1,6.8,3.0,791,8.53,5.0,3.3,Met
OPS-002909,ORD-002909,3.7,3.7,3.1,195,12.94,5.0,3.4,Met
OPS-003409,ORD-003409,3.6,3.1,5.0,1371,11.83,5.0,5.3,Breached
OPS-003274,ORD-003274,2.8,5.3,2.9,1337,5.73,5.0,3.2,Met
OPS-001759,ORD-001759,3.7,3.8,2.7,1158,10.73,5.0,3.0,Met
OPS-008502,ORD-008502,2.4,7.4,1.3,554,7.91,5.0,1.7,Met
OPS-000121,ORD-000121,3.6,6.0,4.6,816,4.79,5.0,5.0,Met
OPS-002362,ORD-002362,2.6,4.4,6.2,638,10.77,5.0,6.5,Breached
OPS-005107,ORD-005107,3.9,1.7,3.4,1353,6.76,5.0,3.6,Met
OPS-000465,ORD-000465,2.3,2.5,4.2,416,6.81,5.0,4.4,Met
OPS-001797,ORD-001797,3.6,1.2,6.9,1213,6.23,5.0,7.1,Breached
OPS-010708,ORD-010708,3.2,7.0,4.7,681,7.88,5.0,5.1,Breached
OPS-000309,ORD-000309,1.6,2.5,6.5,1349,10.13,5.0,6.7,Breached
OPS-007676,ORD-007676,1.3,5.2,6.8,1763,7.33,5.0,7.1,Breached
OPS-000404,ORD-000404,3.0,4.5,5.2,1799,10.77,5.0,5.5,Breached
OPS-000634,ORD-000634,0.9,1.0,3.8,1245,11.02,5.0,3.9,Met
OPS-007122,ORD-007122,3.2,5.6,6.6,1286,13.47,5.0,7.0,Breached
OPS-006195,ORD-006195,3.5,6.5,2.4,1764,13.64,5.0,2.8,Met
OPS-012445,ORD-012445,2.1,2.9,5.2,252,7.08,5.0,5.4,Breached
OPS-006092,ORD-006092,1.9,5.3,1.2,1072,4.75,5.0,1.5,Met
OPS-007311,ORD-007311,3.9,3.9,3.7,508,5.55,5.0,4.0,Met
OPS-012488,ORD-012488,3.4,5.3,4.3,1292,13.11,5.0,4.7,Met
OPS-000346,ORD-000346,3.8,3.8,6.8,1504,10.88,5.0,7.1,Breached
OPS-005201,ORD-005201,1.4,1.8,6.1,452,7.82,5.0,6.2,Breached
OPS-004728,ORD-004728,0.7,3.1,2.5,470,10.45,5.0,2.7,Met
OPS-007117,ORD-007117,2.0,7.2,2.6,1963,8.71,5.0,3.0,Met
OPS-011894,ORD-011894,3.5,2.0,4.3,1916,7.55,5.0,4.5,Met
OPS-005796,ORD-005796,2.8,7.1,1.3,646,7.09,5.0,1.7,Met
OPS-001531,ORD-001531,2.9,4.3,3.6,1387,5.75,5.0,3.9,Met
OPS-000850,ORD-000850,2.4,5.0,3.8,887,7.58,5.0,4.1,Met
OPS-010347,ORD-010347,3.4,6.8,5.1,219,11.73,5.0,5.5,Breached
OPS-005016,ORD-005016,2.7,3.5,5.6,713,7.03,5.0,5.9,Breached
OPS-006606,ORD-006606,2.6,1.2,4.9,1432,7.47,5.0,5.1,Breached
OPS-007691,ORD-007691,1.9,2.1,3.0,150,8.37,5.0,3.2,Met
OPS-008909,ORD-008909,2.4,2.0,3.3,1946,6.13,5.0,3.5,Met
OPS-008160,ORD-008160,3.1,4.1,2.2,1878,12.51,5.0,2.5,Met
OPS-000930,ORD-000930,3.9,2.3,2.4,682,6.01,5.0,2.7,Met
OPS-006323,ORD-006323,3.6,4.4,5.2,857,7.71,5.0,5.5,Breached
OPS-010144,ORD-010144,3.5,1.3,7.0,600,11.76,5.0,7.2,Breached
OPS-006778,ORD-006778,0.9,4.7,3.1,1176,4.36,5.0,3.3,Met
OPS-006765,ORD-006765,1.0,3.6,2.6,325,8.5,5.0,2.8,Met
OPS-008411,ORD-008411,1.6,3.0,1.5,446,10.84,5.0,1.7,Met
OPS-005193,ORD-005193,2.3,1.2,5.7,1875,12.33,5.0,5.8,Breached
OPS-001885,ORD-001885,3.0,4.7,1.4,1055,5.21,5.0,1.7,Met
OPS-005646,ORD-005646,2.7,7.0,1.7,887,13.37,5.0,2.1,Met
OPS-007686,ORD-007686,3.0,6.5,2.5,1632,7.19,5.0,2.9,Met
OPS-012072,ORD-012072,1.5,6.4,6.0,201,6.56,5.0,6.3,Breached
OPS-009851,ORD-009851,3.0,4.3,1.9,1677,5.59,5.0,2.2,Met
OPS-007856,ORD-007856,3.8,1.7,5.9,1768,10.27,5.0,6.1,Breached
OPS-000877,ORD-000877,2.2,2.1,1.7,488,4.51,5.0,1.9,Met
OPS-009667,ORD-009667,1.8,7.2,3.4,1009,7.51,5.0,3.8,Met
OPS-002327,ORD-002327,3.9,5.7,5.2,803,10.39,5.0,5.6,Breached
OPS-003744,ORD-003744,3.6,6.7,6.4,999,13.94,5.0,6.8,Breached
OPS-000471,ORD-000471,1.5,5.0,1.1,1555,11.57,5.0,1.4,Met
OPS-007027,ORD-007027,0.7,1.1,5.5,1113,9.89,5.0,5.6,Breached
OPS-009261,ORD-009261,2.9,5.6,3.4,1312,10.99,5.0,3.8,Met
OPS-003625,ORD-003625,3.4,7.7,3.5,1201,5.2,5.0,4.0,Met
OPS-004761,ORD-004761,2.2,4.2,4.6,1472,10.06,5.0,4.9,Met
OPS-003538,ORD-003538,2.1,4.0,6.0,998,10.75,5.0,6.3,Breached
OPS-007319,ORD-007319,2.2,6.5,1.6,729,11.02,5.0,2.0,Met
OPS-005339,ORD-005339,1.9,6.2,2.5,983,6.45,5.0,2.8,Met
OPS-008714,ORD-008714,1.3,7.5,1.5,1206,9.63,5.0,1.9,Met
OPS-004318,ORD-004318,0.6,1.5,5.4,1931,9.46,5.0,5.5,Breached
OPS-011890,ORD-011890,2.6,3.6,4.2,1094,5.14,5.0,4.5,Met
OPS-011489,ORD-011489,2.3,3.1,1.0,357,8.43,5.0,1.2,Met
OPS-003853,ORD-003853,1.6,1.7,5.6,1899,9.42,5.0,5.7,Breached
OPS-010069,ORD-010069,2.2,1.2,3.0,1401,10.32,5.0,3.1,Met
OPS-012271,ORD-012271,1.4,6.8,5.1,1427,13.5,5.0,5.4,Breached
OPS-004028,ORD-004028,4.0,4.6,3.2,772,9.62,5.0,3.6,Met
OPS-003376,ORD-003376,3.5,6.2,4.4,784,4.65,5.0,4.8,Met
OPS-004511,ORD-004511,3.6,5.6,5.3,1049,13.51,5.0,5.7,Breached
OPS-001039,ORD-001039,0.5,6.5,2.9,583,4.48,5.0,3.2,Met
OPS-009478,ORD-009478,0.7,4.1,1.6,310,6.43,5.0,1.8,Met
OPS-004585,ORD-004585,3.4,3.0,4.6,929,13.85,5.0,4.9,Met
OPS-008945,ORD-008945,2.8,7.4,1.1,1736,11.83,5.0,1.5,Met
OPS-010355,ORD-010355,0.5,4.7,1.9,154,5.14,5.0,2.1,Met
OPS-004519,ORD-004519,2.9,1.0,3.0,1359,13.82,5.0,3.2,Met
OPS-002004,ORD-002004,1.8,4.2,2.2,1069,11.78,5.0,2.5,Met
OPS-009095,ORD-009095,3.1,1.0,3.7,1654,6.28,5.0,3.9,Met
OPS-001108,ORD-001108,1.7,2.0,6.5,951,10.97,5.0,6.7,Breached
OPS-011934,ORD-011934,1.1,3.9,2.9,950,10.55,5.0,3.1,Met
OPS-009150,ORD-009150,2.7,3.0,1.3,821,8.1,5.0,1.5,Met
OPS-005416,ORD-005416,1.5,6.0,6.4,1259,7.79,5.0,6.7,Breached
OPS-012183,ORD-012183,1.1,7.3,2.4,754,12.77,5.0,2.8,Met
OPS-006913,ORD-006913,1.7,3.6,2.5,864,7.53,5.0,2.7,Met
OPS-009237,ORD-009237,2.5,6.7,4.5,1490,8.54,5.0,4.9,Met
OPS-009522,ORD-009522,1.1,2.7,5.8,895,6.96,5.0,6.0,Breached
OPS-000293,ORD-000293,2.4,1.5,5.7,1723,13.29,5.0,5.9,Breached
OPS-012473,ORD-012473,3.4,4.1,5.1,154,5.25,5.0,5.4,Breached
OPS-003280,ORD-003280,1.6,5.1,5.9,982,9.54,5.0,6.2,Breached
OPS-002206,ORD-002206,3.0,7.5,5.8,1437,9.7,5.0,6.2,Breached
OPS-000421,ORD-000421,2.0,6.3,7.0,1392,13.1,5.0,7.3,Breached
OPS-005886,ORD-005886,2.4,5.3,6.7,1961,5.9,5.0,7.0,Breached
OPS-006279,ORD-006279,2.0,4.1,1.8,457,13.79,5.0,2.1,Met
OPS-006699,ORD-006699,2.3,6.2,5.2,159,8.76,5.0,5.6,Breached
OPS-001599,ORD-001599,3.6,7.8,1.7,621,9.14,5.0,2.2,Met
OPS-007014,ORD-007014,2.2,3.7,3.1,190,8.43,5.0,3.3,Met
OPS-011859,ORD-011859,1.8,7.0,6.7,1111,8.79,5.0,7.1,Breached
OPS-001496,ORD-001496,3.2,5.6,1.0,1554,6.15,5.0,1.4,Met
OPS-002937,ORD-002937,3.1,6.4,2.7,1045,4.56,5.0,3.1,Met
OPS-011201,ORD-011201,0.8,4.7,2.4,119,10.14,5.0,2.6,Met
OPS-003942,ORD-003942,3.6,4.9,6.8,1615,7.52,5.0,7.2,Breached
OPS-008561,ORD-008561,1.5,6.7,1.0,1928,9.85,5.0,1.3,Met
OPS-010145,ORD-010145,0.7,5.8,4.2,922,10.11,5.0,4.5,Met
OPS-003002,ORD-003002,3.2,4.4,3.3,1454,11.53,5.0,3.6,Met
OPS-005964,ORD-005964,0.9,3.6,3.0,198,13.46,5.0,3.2,Met
OPS-005373,ORD-005373,3.5,5.5,3.0,1495,4.55,5.0,3.4,Met
OPS-002308,ORD-002308,1.0,7.2,6.1,263,8.88,5.0,6.4,Breached
OPS-004480,ORD-004480,2.4,4.6,3.4,1489,10.11,5.0,3.7,Met
OPS-000992,ORD-000992,0.6,3.7,6.0,909,6.24,5.0,6.2,Breached
OPS-009701,ORD-009701,3.1,3.8,1.9,1831,13.72,5.0,2.2,Met
OPS-003941,ORD-003941,2.2,4.2,6.9,662,12.79,5.0,7.2,Breached
OPS-003029,ORD-003029,3.6,2.0,1.9,1121,4.15,5.0,2.1,Met
OPS-002100,ORD-002100,0.9,3.5,5.3,1665,9.64,5.0,5.5,Breached
OPS-004554,ORD-004554,0.5,1.0,1.7,1420,8.13,5.0,1.8,Met
OPS-007030,ORD-007030,1.7,6.3,4.2,1426,10.74,5.0,4.5,Met
OPS-006225,ORD-006225,2.6,5.8,4.5,1421,8.08,5.0,4.8,Met
OPS-011413,ORD-011413,0.7,5.1,3.6,1232,8.64,5.0,3.8,Met
OPS-005004,ORD-005004,3.6,6.6,3.2,1424,13.43,5.0,3.6,Met
OPS-000700,ORD-000700,1.7,6.9,1.1,165,6.03,5.0,1.5,Met
OPS-010903,ORD-010903,0.6,5.6,6.0,1388,7.5,5.0,6.3,Breached
OPS-000218,ORD-000218,3.7,6.4,5.2,1577,6.42,5.0,5.6,Breached
OPS-003835,ORD-003835,2.9,7.1,6.9,389,10.52,5.0,7.3,Breached
OPS-004222,ORD-004222,1.0,2.4,3.4,1792,13.58,5.0,3.5,Met
OPS-004902,ORD-004902,1.6,2.7,5.8,1102,5.12,5.0,6.0,Breached
OPS-011796,ORD-011796,3.6,5.2,6.5,1504,4.78,5.0,6.9,Breached
OPS-006666,ORD-006666,0.8,7.4,2.7,284,12.52,5.0,3.0,Met
OPS-000684,ORD-000684,1.5,6.5,1.5,1023,7.26,5.0,1.8,Met
OPS-004259,ORD-004259,1.8,4.2,3.4,999,10.94,5.0,3.6,Met
OPS-005720,ORD-005720,3.3,2.7,3.6,1512,8.83,5.0,3.9,Met
OPS-010277,ORD-010277,3.6,1.4,3.4,909,8.3,5.0,3.6,Met
OPS-000231,ORD-000231,1.1,4.8,3.7,1456,9.56,5.0,3.9,Met
OPS-008835,ORD-008835,3.0,5.0,2.6,546,9.38,5.0,2.9,Met
OPS-006187,ORD-006187,1.4,3.5,5.2,1808,12.88,5.0,5.4,Breached
OPS-005310,ORD-005310,2.7,5.3,3.0,1052,9.96,5.0,3.3,Met
OPS-001463,ORD-001463,1.7,6.8,1.4,1256,6.9,5.0,1.8,Met
OPS-009266,ORD-009266,3.8,6.4,3.6,1190,4.38,5.0,4.0,Met
OPS-008426,ORD-008426,0.8,2.8,6.2,726,7.68,5.0,6.4,Breached
OPS-006170,ORD-006170,2.2,5.2,1.7,1293,6.21,5.0,2.0,Met
OPS-011002,ORD-011002,2.3,7.7,5.0,586,6.86,5.0,5.4,Breached
OPS-003663,ORD-003663,2.3,3.0,4.3,877,7.88,5.0,4.5,Met
OPS-003737,ORD-003737,3.9,5.5,5.2,1693,11.96,5.0,5.6,Breached
OPS-005474,ORD-005474,3.7,4.9,1.4,109,6.04,5.0,1.8,Met
OPS-007171,ORD-007171,3.2,3.3,5.7,758,8.85,5.0,6.0,Breached
OPS-005243,ORD-005243,3.1,7.4,2.6,857,6.93,5.0,3.0,Met
OPS-010191,ORD-010191,0.9,3.5,3.5,995,8.11,5.0,3.7,Met
OPS-000576,ORD-000576,1.6,6.4,1.8,1045,6.65,5.0,2.1,Met
OPS-007037,ORD-007037,3.4,4.4,5.1,156,11.63,5.0,5.4,Breached
OPS-009393,ORD-009393,0.7,8.0,6.6,146,10.72,5.0,7.0,Breached
OPS-011448,ORD-011448,2.2,6.3,2.8,449,13.85,5.0,3.2,Met
OPS-007052,ORD-007052,1.5,2.2,1.1,1748,10.51,5.0,1.3,Met
OPS-006672,ORD-006672,1.3,5.3,3.9,1512,10.99,5.0,4.2,Met
OPS-009843,ORD-009843,1.1,4.8,5.7,358,4.4,5.0,5.9,Breached
OPS-006620,ORD-006620,1.6,1.8,6.2,1692,10.43,5.0,6.3,Breached
OPS-008546,ORD-008546,2.4,7.3,3.7,1703,7.33,5.0,4.1,Met
OPS-011979,ORD-011979,1.4,1.1,6.9,763,10.5,5.0,7.0,Breached
OPS-004283,ORD-004283,0.9,7.6,2.9,1309,7.1,5.0,3.3,Met
OPS-000252,ORD-000252,2.9,4.4,1.9,866,7.03,5.0,2.2,Met
OPS-003923,ORD-003923,0.7,6.1,6.4,1307,12.86,5.0,6.7,Breached
OPS-010740,ORD-010740,2.4,2.2,2.4,1500,13.67,5.0,2.6,Met
OPS-011322,ORD-011322,3.3,2.7,1.2,331,13.59,5.0,1.4,Met
OPS-011708,ORD-011708,3.9,5.3,1.1,1702,8.49,5.0,1.5,Met
OPS-000189,ORD-000189,1.4,5.4,4.7,854,5.27,5.0,5.0,Met
OPS-001674,ORD-001674,1.6,2.5,6.2,872,10.13,5.0,6.4,Breached
OPS-008375,ORD-008375,2.0,4.7,6.3,152,8.07,5.0,6.6,Breached
OPS-001283,ORD-001283,2.0,7.0,1.5,1937,4.27,5.0,1.9,Met
OPS-009915,ORD-009915,2.5,4.7,3.7,1943,8.15,5.0,4.0,Met
OPS-011878,ORD-011878,1.0,4.1,5.1,365,13.31,5.0,5.3,Breached
OPS-008972,ORD-008972,1.1,1.4,1.2,248,12.03,5.0,1.3,Met
OPS-006410,ORD-006410,3.9,2.2,3.8,582,12.88,5.0,4.1,Met
OPS-002248,ORD-002248,1.5,7.5,4.8,311,11.3,5.0,5.2,Breached
OPS-004144,ORD-004144,0.7,7.3,1.9,1409,7.19,5.0,2.2,Met
OPS-010928,ORD-010928,3.2,2.2,5.5,313,11.8,5.0,5.7,Breached
OPS-003613,ORD-003613,2.4,1.9,1.5,226,9.84,5.0,1.7,Met
OPS-006468,ORD-006468,2.9,6.4,5.4,1538,6.67,5.0,5.8,Breached
OPS-004907,ORD-004907,2.8,5.1,2.6,484,11.02,5.0,2.9,Met
OPS-000541,ORD-000541,2.5,2.6,2.8,1034,10.23,5.0,3.0,Met
OPS-007639,ORD-007639,0.9,2.5,2.3,754,6.46,5.0,2.4,Met
OPS-002344,ORD-002344,3.8,2.5,2.6,1284,8.25,5.0,2.9,Met
OPS-000434,ORD-000434,2.0,1.1,7.0,1097,7.69,5.0,7.1,Breached
OPS-006219,ORD-006219,1.9,2.3,6.9,984,13.35,5.0,7.1,Breached
OPS-004886,ORD-004886,2.3,1.9,2.9,1730,10.73,5.0,3.1,Met
OPS-002227,ORD-002227,1.3,5.3,2.6,746,12.81,5.0,2.9,Met
OPS-006141,ORD-006141,2.6,5.2,5.4,1132,10.15,5.0,5.7,Breached
OPS-002328,ORD-002328,3.8,5.6,6.3,1207,6.05,5.0,6.7,Breached
OPS-000357,ORD-000357,3.2,6.9,2.0,1442,13.75,5.0,2.4,Met
OPS-007074,ORD-007074,3.2,7.1,6.1,641,9.3,5.0,6.5,Breached
OPS-003031,ORD-003031,1.5,6.7,1.4,1551,8.9,5.0,1.7,Met
OPS-001685,ORD-001685,2.9,3.8,2.0,728,13.6,5.0,2.3,Met
OPS-002977,ORD-002977,1.2,2.3,2.9,645,11.01,5.0,3.0,Met
OPS-001878,ORD-001878,2.9,3.0,5.8,998,7.07,5.0,6.0,Breached
OPS-005343,ORD-005343,3.5,2.5,2.0,1728,8.97,5.0,2.2,Met
OPS-007199,ORD-007199,1.1,6.0,1.6,1726,5.71,5.0,1.9,Met
OPS-008456,ORD-008456,0.7,1.9,4.0,1484,8.55,5.0,4.1,Met
OPS-004870,ORD-004870,2.0,7.9,4.6,1310,4.28,5.0,5.0,Met
OPS-009649,ORD-009649,1.3,4.4,3.7,605,5.73,5.0,3.9,Met
OPS-003786,ORD-003786,1.2,3.3,5.2,1555,6.3,5.0,5.4,Breached
OPS-001683,ORD-001683,1.5,7.7,3.4,1400,10.15,5.0,3.8,Met
OPS-003792,ORD-003792,3.1,4.4,2.1,1578,6.77,5.0,2.4,Met
OPS-003145,ORD-003145,3.3,5.1,2.0,843,4.02,5.0,2.4,Met
OPS-009103,ORD-009103,1.2,1.1,3.3,1174,12.72,5.0,3.4,Met
OPS-009059,ORD-009059,2.5,6.8,3.0,538,5.82,5.0,3.4,Met
OPS-007581,ORD-007581,2.0,7.3,6.3,1021,8.87,5.0,6.7,Breached
OPS-000495,ORD-000495,3.7,7.7,1.1,1262,11.22,5.0,1.6,Met
OPS-007608,ORD-007608,2.0,2.8,4.2,1005,13.94,5.0,4.4,Met
OPS-011830,ORD-011830,1.2,6.7,2.8,439,9.99,5.0,3.1,Met
OPS-008460,ORD-008460,3.0,7.5,4.7,708,4.78,5.0,5.1,Breached
OPS-001184,ORD-001184,2.5,2.1,4.2,160,5.57,5.0,4.4,Met
OPS-008751,ORD-008751,2.0,3.8,4.9,801,7.6,5.0,5.1,Breached
OPS-011523,ORD-011523,0.6,7.1,3.9,1536,4.64,5.0,4.2,Met
OPS-009561,ORD-009561,2.6,1.5,4.8,620,7.61,5.0,5.0,Met
OPS-008014,ORD-008014,3.7,4.6,1.9,1033,7.51,5.0,2.2,Met
OPS-009403,ORD-009403,2.3,5.3,2.0,157,7.85,5.0,2.3,Met
OPS-004812,ORD-004812,3.6,2.1,5.2,1710,6.22,5.0,5.4,Breached
OPS-006090,ORD-006090,1.5,4.2,2.2,272,13.17,5.0,2.4,Met
OPS-005354,ORD-005354,3.8,3.0,7.0,730,8.25,5.0,7.3,Breached
OPS-011251,ORD-011251,3.3,6.9,6.7,1587,8.86,5.0,7.1,Breached
OPS-005900,ORD-005900,1.8,7.9,5.6,1175,8.96,5.0,6.0,Breached
OPS-009000,ORD-009000,0.6,6.4,6.1,1031,11.91,5.0,6.4,Breached
OPS-009873,ORD-009873,3.2,1.0,5.7,1360,6.32,5.0,5.9,Breached
OPS-007927,ORD-007927,2.0,4.0,5.5,1034,6.6,5.0,5.8,Breached
OPS-003968,ORD-003968,2.7,3.9,3.1,1078,6.93,5.0,3.4,Met
OPS-001651,ORD-001651,3.9,5.5,6.2,147,13.55,5.0,6.6,Breached
OPS-012099,ORD-012099,3.2,2.1,1.2,886,4.85,5.0,1.4,Met
OPS-002325,ORD-002325,3.3,4.7,2.3,1270,7.24,5.0,2.6,Met
OPS-007494,ORD-007494,2.8,6.6,3.2,519,4.6,5.0,3.6,Met
OPS-003166,ORD-003166,2.7,2.6,6.1,1904,7.68,5.0,6.3,Breached
OPS-006958,ORD-006958,2.5,7.1,2.8,1277,4.17,5.0,3.2,Met
OPS-004271,ORD-004271,1.9,2.6,4.8,114,5.21,5.0,5.0,Met
OPS-000178,ORD-000178,2.8,2.7,1.3,182,8.91,5.0,1.5,Met
OPS-004722,ORD-004722,3.2,5.4,4.1,1275,10.48,5.0,4.5,Met
OPS-003616,ORD-003616,3.4,1.2,4.8,214,5.14,5.0,5.0,Met
OPS-010202,ORD-010202,1.0,7.1,6.1,289,8.21,5.0,6.4,Breached
OPS-008619,ORD-008619,1.4,4.9,6.4,1635,5.17,5.0,6.7,Breached
OPS-010130,ORD-010130,3.3,2.8,4.7,1587,12.96,5.0,5.0,Met
OPS-010058,ORD-010058,2.3,4.3,2.7,727,12.58,5.0,3.0,Met
OPS-000393,ORD-000393,0.9,6.7,2.5,651,11.22,5.0,2.8,Met
OPS-001287,ORD-001287,3.5,6.0,2.6,367,6.02,5.0,3.0,Met
OPS-005530,ORD-005530,0.6,7.2,5.4,442,13.89,5.0,5.7,Breached
OPS-008905,ORD-008905,0.7,3.2,5.0,1377,12.06,5.0,5.2,Breached
OPS-009543,ORD-009543,2.7,7.2,1.8,968,13.15,5.0,2.2,Met
OPS-005519,ORD-005519,0.9,7.3,6.2,970,6.8,5.0,6.5,Breached
OPS-004719,ORD-004719,1.4,1.8,2.5,1457,11.23,5.0,2.6,Met
OPS-002499,ORD-002499,2.5,2.3,1.6,751,12.92,5.0,1.8,Met
OPS-004246,ORD-004246,1.1,5.5,5.2,1135,10.44,5.0,5.5,Breached
OPS-001663,ORD-001663,2.1,3.1,6.2,268,13.47,5.0,6.4,Breached
OPS-000382,ORD-000382,1.5,2.5,5.4,1342,6.96,5.0,5.6,Breached
OPS-004433,ORD-004433,2.3,5.7,1.5,1312,9.07,5.0,1.8,Met
OPS-002121,ORD-002121,1.5,3.3,4.1,1612,5.41,5.0,4.3,Met
OPS-006693,ORD-006693,3.6,7.8,4.1,1521,6.62,5.0,4.6,Met
OPS-008349,ORD-008349,0.9,4.4,6.3,750,9.81,5.0,6.5,Breached
OPS-001097,ORD-001097,2.5,4.7,4.0,660,13.88,5.0,4.3,Met
OPS-001968,ORD-001968,3.5,6.7,6.2,584,8.27,5.0,6.6,Breached
OPS-003191,ORD-003191,3.6,3.7,5.7,1221,7.47,5.0,6.0,Breached
OPS-008861,ORD-008861,3.7,3.1,6.8,263,9.53,5.0,7.1,Breached
OPS-008045,ORD-008045,3.6,2.7,3.5,772,4.09,5.0,3.8,Met
OPS-007627,ORD-007627,1.0,4.1,4.0,1393,11.82,5.0,4.2,Met
OPS-003652,ORD-003652,2.4,1.6,2.7,525,6.08,5.0,2.9,Met
OPS-005996,ORD-005996,0.8,3.5,2.1,1600,11.84,5.0,2.3,Met
OPS-006692,ORD-006692,1.8,1.3,1.5,1215,13.4,5.0,1.6,Met
OPS-010644,ORD-010644,1.2,1.4,6.7,878,10.14,5.0,6.8,Breached
OPS-004803,ORD-004803,2.3,2.2,1.1,174,7.93,5.0,1.3,Met
OPS-011087,ORD-011087,0.5,7.0,2.4,1515,13.48,5.0,2.7,Met
OPS-002147,ORD-002147,3.8,4.1,1.4,1493,4.91,5.0,1.7,Met
OPS-009776,ORD-009776,1.5,6.9,2.5,942,9.83,5.0,2.9,Met
OPS-000325,ORD-000325,2.5,6.1,5.7,910,9.46,5.0,6.1,Breached
OPS-008968,ORD-008968,1.7,5.6,2.0,721,6.5,5.0,2.3,Met
OPS-001317,ORD-001317,0.7,4.8,3.8,1962,12.46,5.0,4.0,Met
OPS-003006,ORD-003006,1.4,7.9,1.8,193,8.69,5.0,2.2,Met
OPS-004256,ORD-004256,3.4,7.6,5.6,1985,8.32,5.0,6.1,Breached
OPS-004670,ORD-004670,2.4,7.8,3.1,408,10.22,5.0,3.5,Met
OPS-003525,ORD-003525,2.5,1.5,4.0,1662,6.83,5.0,4.2,Met
OPS-006512,ORD-006512,1.4,3.2,4.8,1729,10.5,5.0,5.0,Met
OPS-011921,ORD-011921,3.1,1.2,3.2,348,13.02,5.0,3.4,Met
OPS-007858,ORD-007858,0.6,5.8,6.0,1477,11.31,5.0,6.3,Breached
OPS-007448,ORD-007448,3.5,7.8,6.0,925,12.73,5.0,6.5,Breached
OPS-006022,ORD-006022,2.8,4.5,3.3,1037,4.33,5.0,3.6,Met
OPS-004165,ORD-004165,3.4,7.1,3.5,1519,13.79,5.0,3.9,Met
OPS-007398,ORD-007398,3.6,3.7,1.6,607,4.15,5.0,1.9,Met
OPS-001082,ORD-001082,3.0,4.0,6.8,1023,9.61,5.0,7.1,Breached
OPS-001582,ORD-001582,4.0,4.3,1.9,684,5.69,5.0,2.2,Met
OPS-004535,ORD-004535,3.3,3.5,2.3,1142,7.92,5.0,2.6,Met
OPS-007281,ORD-007281,3.2,5.1,3.7,270,13.12,5.0,4.0,Met
OPS-005887,ORD-005887,0.9,4.4,1.3,336,10.3,5.0,1.5,Met
OPS-011196,ORD-011196,2.2,6.6,4.6,1571,7.54,5.0,5.0,Met
OPS-003329,ORD-003329,3.6,2.4,2.6,1706,13.42,5.0,2.9,Met
OPS-004106,ORD-004106,3.8,5.3,5.5,768,6.01,5.0,5.9,Breached
OPS-003950,ORD-003950,1.3,7.8,1.5,1361,11.31,5.0,1.9,Met
OPS-005527,ORD-005527,2.7,7.1,5.5,1207,10.28,5.0,5.9,Breached
OPS-001769,ORD-001769,3.3,4.8,1.8,1918,7.69,5.0,2.1,Met
OPS-008202,ORD-008202,3.3,6.6,5.0,183,8.46,5.0,5.4,Breached
OPS-000216,ORD-000216,3.0,2.8,1.5,487,6.35,5.0,1.7,Met
OPS-000802,ORD-000802,3.7,3.8,4.0,327,11.21,5.0,4.3,Met
OPS-007340,ORD-007340,0.8,3.1,4.6,390,4.02,5.0,4.8,Met
OPS-004103,ORD-004103,0.7,5.3,5.9,332,10.76,5.0,6.2,Breached
OPS-006646,ORD-006646,0.7,2.9,2.6,880,10.89,5.0,2.8,Met
OPS-001591,ORD-001591,3.7,4.7,5.3,209,13.85,5.0,5.6,Breached
OPS-002233,ORD-002233,1.6,1.4,6.0,574,6.27,5.0,6.1,Breached
OPS-003456,ORD-003456,3.1,3.1,3.9,143,7.64,5.0,4.2,Met
OPS-001718,ORD-001718,2.6,7.1,4.6,352,8.57,5.0,5.0,Met
OPS-001372,ORD-001372,1.2,3.3,5.3,406,8.9,5.0,5.5,Breached
OPS-004883,ORD-004883,1.5,2.8,2.2,1910,11.53,5.0,2.4,Met
OPS-012424,ORD-012424,1.9,2.0,2.6,1731,4.57,5.0,2.8,Met
OPS-003411,ORD-003411,1.2,6.9,3.2,298,10.41,5.0,3.5,Met
OPS-000961,ORD-000961,1.4,7.5,1.2,828,11.16,5.0,1.6,Met
OPS-003874,ORD-003874,1.1,2.5,6.9,943,8.52,5.0,7.1,Breached
OPS-011514,ORD-011514,3.2,5.3,5.7,1862,4.63,5.0,6.1,Breached
OPS-001440,ORD-001440,3.4,2.8,4.3,1541,4.93,5.0,4.6,Met
OPS-011039,ORD-011039,0.8,5.6,5.5,1075,6.9,5.0,5.8,Breached
OPS-006041,ORD-006041,1.1,6.2,1.4,288,11.39,5.0,1.7,Met
OPS-000707,ORD-000707,2.5,3.6,2.2,967,11.12,5.0,2.5,Met
OPS-006715,ORD-006715,1.8,1.1,2.8,900,6.21,5.0,2.9,Met
OPS-003379,ORD-003379,1.4,4.8,4.3,1538,6.56,5.0,4.6,Met
OPS-009127,ORD-009127,2.1,3.7,3.3,1838,6.34,5.0,3.5,Met
OPS-008513,ORD-008513,3.2,1.7,2.1,1163,12.54,5.0,2.3,Met
OPS-004779,ORD-004779,1.3,7.1,1.3,535,6.78,5.0,1.6,Met
OPS-002773,ORD-002773,1.0,2.3,3.3,633,9.93,5.0,3.4,Met
OPS-009598,ORD-009598,2.5,5.5,6.2,1001,13.57,5.0,6.5,Breached
OPS-000933,ORD-000933,1.1,7.6,4.5,1302,7.97,5.0,4.9,Met
OPS-007282,ORD-007282,3.0,4.5,5.3,848,11.04,5.0,5.6,Breached
OPS-003355,ORD-003355,3.0,2.3,5.7,1007,4.13,5.0,5.9,Breached
OPS-005826,ORD-005826,3.6,7.0,4.0,963,6.03,5.0,4.4,Met
OPS-009805,ORD-009805,1.6,6.0,6.7,1946,13.33,5.0,7.0,Breached
OPS-007982,ORD-007982,1.5,4.0,6.8,988,4.46,5.0,7.0,Breached
OPS-001294,ORD-001294,1.2,1.7,2.6,1334,13.6,5.0,2.7,Met
OPS-006950,ORD-006950,3.8,7.8,5.1,1394,6.86,5.0,5.6,Breached
OPS-010475,ORD-010475,1.3,5.5,5.0,668,5.02,5.0,5.3,Breached
OPS-009227,ORD-009227,1.1,3.1,4.2,964,10.6,5.0,4.4,Met
OPS-011016,ORD-011016,1.3,5.7,6.0,1585,12.06,5.0,6.3,Breached
OPS-010068,ORD-010068,2.1,6.5,1.9,114,10.87,5.0,2.3,Met
OPS-008986,ORD-008986,2.2,4.4,6.2,780,9.41,5.0,6.5,Breached
OPS-009147,ORD-009147,0.5,2.6,3.3,916,7.15,5.0,3.4,Met
OPS-011652,ORD-011652,3.2,7.8,2.6,482,10.46,5.0,3.1,Met
OPS-000183,ORD-000183,2.0,5.4,1.8,263,7.39,5.0,2.1,Met
OPS-010795,ORD-010795,1.5,7.4,3.0,211,7.08,5.0,3.4,Met
OPS-001594,ORD-001594,2.3,4.5,3.9,347,11.55,5.0,4.2,Met
OPS-007108,ORD-007108,2.1,1.3,2.2,1884,10.25,5.0,2.3,Met
OPS-010324,ORD-010324,3.5,5.9,1.5,810,6.15,5.0,1.9,Met
OPS-005112,ORD-005112,2.9,1.3,1.0,710,12.59,5.0,1.2,Met
OPS-002215,ORD-002215,2.1,2.2,6.0,1665,5.74,5.0,6.2,Breached
OPS-001441,ORD-001441,3.9,1.1,4.8,1743,10.31,5.0,5.0,Met
OPS-004520,ORD-004520,3.0,1.3,6.7,1272,5.89,5.0,6.9,Breached
OPS-002182,ORD-002182,3.3,5.3,3.4,475,13.69,5.0,3.8,Met
OPS-003258,ORD-003258,0.5,7.6,4.3,908,12.96,5.0,4.6,Met
OPS-008421,ORD-008421,2.8,7.6,3.3,1339,6.44,5.0,3.7,Met
OPS-000669,ORD-000669,2.7,7.2,6.1,123,6.26,5.0,6.5,Breached
OPS-005332,ORD-005332,2.5,4.5,5.8,181,7.74,5.0,6.1,Breached
OPS-001714,ORD-001714,1.2,4.0,6.9,1065,12.02,5.0,7.1,Breached
OPS-004097,ORD-004097,1.7,2.0,3.7,451,12.26,5.0,3.9,Met
OPS-010293,ORD-010293,1.1,2.6,5.3,1890,6.88,5.0,5.5,Breached
OPS-001835,ORD-001835,2.5,1.1,6.5,1803,7.57,5.0,6.7,Breached
OPS-006631,ORD-006631,3.7,4.7,4.1,1875,12.82,5.0,4.4,Met
OPS-003895,ORD-003895,1.7,7.9,2.6,1139,13.07,5.0,3.0,Met
OPS-012147,ORD-012147,3.8,7.4,2.5,1235,12.89,5.0,3.0,Met
OPS-006492,ORD-006492,3.1,5.0,6.3,879,9.58,5.0,6.6,Breached
OPS-003104,ORD-003104,3.5,2.5,6.5,978,5.64,5.0,6.8,Breached
OPS-000936,ORD-000936,3.9,7.1,6.8,226,11.66,5.0,7.3,Breached
OPS-001226,ORD-001226,1.9,5.3,4.5,1108,12.0,5.0,4.8,Met
OPS-009584,ORD-009584,1.0,6.7,6.9,1309,13.64,5.0,7.2,Breached
OPS-009441,ORD-009441,1.1,7.3,1.0,1691,9.84,5.0,1.4,Met
OPS-002546,ORD-002546,2.9,4.7,6.2,1550,7.73,5.0,6.5,Breached
OPS-008776,ORD-008776,3.4,5.8,3.1,637,12.67,5.0,3.5,Met
OPS-010728,ORD-010728,1.4,1.8,3.4,1315,11.71,5.0,3.5,Met
OPS-000265,ORD-000265,2.0,4.7,2.3,614,4.02,5.0,2.6,Met
OPS-008869,ORD-008869,2.7,3.5,5.3,1841,9.53,5.0,5.6,Breached
OPS-000907,ORD-000907,3.5,5.0,1.8,386,8.53,5.0,2.2,Met
OPS-003254,ORD-003254,3.8,1.2,1.9,668,7.42,5.0,2.1,Met
OPS-008999,ORD-008999,2.4,3.0,2.4,1546,13.84,5.0,2.6,Met
OPS-001173,ORD-001173,1.5,2.1,1.4,899,7.48,5.0,1.5,Met
OPS-003749,ORD-003749,1.2,3.5,4.8,602,9.96,5.0,5.0,Met
OPS-009372,ORD-009372,0.6,1.1,4.8,1224,12.95,5.0,4.9,Met
OPS-011529,ORD-011529,0.8,1.7,4.5,1060,8.48,5.0,4.6,Met
OPS-012145,ORD-012145,1.9,1.3,1.7,1375,11.08,5.0,1.8,Met
OPS-005741,ORD-005741,1.4,4.0,4.9,1954,12.18,5.0,5.1,Breached
OPS-009616,ORD-009616,2.6,1.9,4.4,271,11.66,5.0,4.6,Met
OPS-007017,ORD-007017,2.2,6.5,1.3,1536,10.16,5.0,1.7,Met
OPS-001602,ORD-001602,3.5,1.9,6.5,1756,12.87,5.0,6.7,Breached
OPS-011336,ORD-011336,1.4,5.5,1.9,1540,12.12,5.0,2.2,Met
OPS-006318,ORD-006318,3.1,6.1,6.0,547,11.05,5.0,6.4,Breached
OPS-003762,ORD-003762,2.1,5.6,3.5,1082,12.74,5.0,3.8,Met
OPS-007935,ORD-007935,2.2,2.9,1.3,1779,5.96,5.0,1.5,Met
OPS-012274,ORD-012274,1.7,2.9,5.6,624,13.92,5.0,5.8,Breached
OPS-012432,ORD-012432,2.2,6.9,3.1,1792,11.09,5.0,3.5,Met
OPS-012403,ORD-012403,1.8,5.7,4.0,911,9.73,5.0,4.3,Met
OPS-007320,ORD-007320,1.8,6.9,3.1,1311,11.14,5.0,3.5,Met
OPS-001954,ORD-001954,2.6,6.1,1.7,1731,12.02,5.0,2.1,Met
OPS-002484,ORD-002484,1.6,7.6,6.8,1324,7.63,5.0,7.2,Breached
OPS-008174,ORD-008174,0.5,1.0,5.5,1920,5.67,5.0,5.6,Breached
OPS-010383,ORD-010383,1.8,3.4,6.2,644,12.6,5.0,6.4,Breached
OPS-011810,ORD-011810,0.6,2.3,4.3,1104,4.08,5.0,4.4,Met
OPS-006638,ORD-006638,2.9,5.5,2.7,856,5.38,5.0,3.1,Met
OPS-005922,ORD-005922,2.9,5.7,5.3,1789,11.84,5.0,5.7,Breached
OPS-012207,ORD-012207,1.5,6.6,6.6,1204,13.43,5.0,6.9,Breached
OPS-012172,ORD-012172,2.8,3.1,6.1,275,12.43,5.0,6.3,Breached
OPS-009337,ORD-009337,1.6,6.7,1.3,1015,6.46,5.0,1.6,Met
OPS-004188,ORD-004188,1.6,3.3,6.5,600,4.29,5.0,6.7,Breached
OPS-001087,ORD-001087,1.6,2.0,6.8,188,9.3,5.0,7.0,Breached
OPS-000728,ORD-000728,3.8,5.4,5.1,1327,6.73,5.0,5.5,Breached
OPS-010510,ORD-010510,3.1,1.3,3.9,1087,9.88,5.0,4.1,Met
OPS-002872,ORD-002872,2.0,6.5,5.1,698,10.11,5.0,5.5,Breached
OPS-008613,ORD-008613,1.4,2.3,6.5,198,7.24,5.0,6.7,Breached
OPS-002173,ORD-002173,2.0,6.8,3.4,337,8.0,5.0,3.8,Met
OPS-006763,ORD-006763,1.7,2.7,5.7,1117,8.9,5.0,5.9,Breached
OPS-000458,ORD-000458,3.0,4.2,3.8,1601,6.21,5.0,4.1,Met
OPS-009652,ORD-009652,2.7,1.5,3.9,379,10.91,5.0,4.1,Met
OPS-006346,ORD-006346,2.3,2.1,6.9,1736,13.13,5.0,7.1,Breached
OPS-002274,ORD-002274,1.9,2.6,5.2,1055,11.69,5.0,5.4,Breached
OPS-008243,ORD-008243,2.6,5.3,2.7,1852,10.51,5.0,3.0,Met
OPS-008950,ORD-008950,0.6,2.7,2.4,863,8.52,5.0,2.5,Met
OPS-001539,ORD-001539,1.8,7.0,5.6,1282,7.02,5.0,6.0,Breached
OPS-006222,ORD-006222,3.1,5.0,4.4,341,5.82,5.0,4.7,Met
OPS-002861,ORD-002861,3.8,7.4,1.3,859,12.39,5.0,1.8,Met
OPS-001526,ORD-001526,2.4,4.7,3.8,761,5.5,5.0,4.1,Met
OPS-005205,ORD-005205,1.0,1.6,3.1,333,10.9,5.0,3.2,Met
OPS-011329,ORD-011329,2.3,5.9,4.5,867,12.5,5.0,4.8,Met
OPS-011623,ORD-011623,3.1,7.8,6.7,1747,10.88,5.0,7.2,Breached
OPS-002190,ORD-002190,0.9,3.1,4.5,628,7.16,5.0,4.7,Met
OPS-000213,ORD-000213,1.6,7.7,6.9,502,4.16,5.0,7.3,Breached
OPS-009392,ORD-009392,3.2,7.8,1.7,1823,5.14,5.0,2.2,Met
OPS-010859,ORD-010859,2.1,3.4,6.4,595,7.7,5.0,6.6,Breached
OPS-008743,ORD-008743,1.0,7.2,3.4,1814,9.43,5.0,3.7,Met
OPS-001786,ORD-001786,3.7,7.8,4.5,356,4.24,5.0,5.0,Met
OPS-011862,ORD-011862,2.6,6.7,1.5,1672,8.5,5.0,1.9,Met
OPS-006797,ORD-006797,3.8,2.2,6.3,1811,11.41,5.0,6.5,Breached
OPS-001342,ORD-001342,1.4,4.4,3.6,1819,7.16,5.0,3.8,Met
OPS-000668,ORD-000668,1.6,4.9,6.6,340,6.36,5.0,6.9,Breached
OPS-000865,ORD-000865,1.9,2.6,6.6,1728,12.37,5.0,6.8,Breached
OPS-006891,ORD-006891,0.8,7.5,3.2,1996,13.81,5.0,3.5,Met
OPS-008620,ORD-008620,1.3,3.7,5.8,121,6.09,5.0,6.0,Breached
OPS-009331,ORD-009331,2.8,4.0,6.5,1129,9.95,5.0,6.8,Breached
OPS-009190,ORD-009190,1.9,2.6,4.8,1815,10.9,5.0,5.0,Met
OPS-007644,ORD-007644,1.8,3.7,6.9,468,8.11,5.0,7.1,Breached
OPS-001890,ORD-001890,2.6,5.9,5.5,160,8.98,5.0,5.9,Breached
OPS-006073,ORD-006073,1.0,2.0,4.4,334,12.75,5.0,4.5,Met
OPS-010968,ORD-010968,3.8,6.5,5.2,1521,12.82,5.0,5.6,Breached
OPS-004467,ORD-004467,2.3,7.6,2.8,866,6.27,5.0,3.2,Met
OPS-011658,ORD-011658,1.7,2.7,3.5,615,10.54,5.0,3.7,Met
OPS-000973,ORD-000973,4.0,7.7,5.8,1832,8.09,5.0,6.3,Breached
OPS-003043,ORD-003043,3.6,5.2,2.4,1026,6.67,5.0,2.8,Met
OPS-007932,ORD-007932,3.2,5.7,3.3,641,13.93,5.0,3.7,Met
OPS-004602,ORD-004602,3.2,2.4,5.7,488,10.11,5.0,5.9,Breached
OPS-003842,ORD-003842,2.1,4.0,1.4,313,10.74,5.0,1.7,Met
OPS-002727,ORD-002727,2.7,3.6,5.1,636,5.27,5.0,5.4,Breached
OPS-006682,ORD-006682,0.7,2.6,1.2,1222,4.02,5.0,1.3,Met
OPS-007361,ORD-007361,2.3,3.0,5.8,767,8.18,5.0,6.0,Breached
OPS-005653,ORD-005653,2.8,1.3,3.9,486,12.14,5.0,4.1,Met
OPS-001420,ORD-001420,1.0,7.2,2.8,1866,12.55,5.0,3.1,Met
OPS-009436,ORD-009436,3.7,3.6,5.3,755,5.89,5.0,5.6,Breached
OPS-010154,ORD-010154,2.3,7.9,6.4,1951,11.17,5.0,6.8,Breached
OPS-001305,ORD-001305,3.4,3.9,5.7,854,6.3,5.0,6.0,Breached
OPS-011203,ORD-011203,3.8,5.0,1.8,341,4.25,5.0,2.2,Met
OPS-012019,ORD-012019,0.9,5.0,2.5,1708,12.53,5.0,2.7,Met
OPS-008969,ORD-008969,2.1,1.8,5.0,1700,6.87,5.0,5.2,Breached
OPS-009312,ORD-009312,2.4,5.5,4.1,1760,12.23,5.0,4.4,Met
OPS-005475,ORD-005475,1.0,5.8,6.5,1786,13.33,5.0,6.8,Breached
OPS-003213,ORD-003213,3.7,2.4,6.0,1251,4.13,5.0,6.3,Breached
OPS-001095,ORD-001095,2.8,3.4,4.8,404,13.23,5.0,5.1,Breached
OPS-009942,ORD-009942,1.2,3.2,5.6,1771,5.47,5.0,5.8,Breached
OPS-005696,ORD-005696,3.2,5.1,6.0,1560,12.98,5.0,6.3,Breached
OPS-003369,ORD-003369,3.3,4.1,5.8,358,9.03,5.0,6.1,Breached
OPS-005399,ORD-005399,2.1,1.8,4.9,1082,10.53,5.0,5.1,Breached
OPS-009307,ORD-009307,3.2,5.8,1.9,505,5.53,5.0,2.3,Met
OPS-004173,ORD-004173,3.0,2.2,6.7,1627,8.83,5.0,6.9,Breached
OPS-008465,ORD-008465,4.0,6.3,5.5,924,10.11,5.0,5.9,Breached
OPS-000794,ORD-000794,2.9,1.4,5.9,1451,4.1,5.0,6.1,Breached
OPS-004550,ORD-004550,1.4,6.4,2.7,294,6.9,5.0,3.0,Met
OPS-008123,ORD-008123,3.6,3.6,5.3,352,10.96,5.0,5.6,Breached
OPS-004267,ORD-004267,2.9,3.1,2.3,1084,5.32,5.0,2.5,Met
OPS-007577,ORD-007577,0.6,5.2,4.5,1904,5.67,5.0,4.7,Met
OPS-008170,ORD-008170,3.0,5.6,3.4,1132,11.73,5.0,3.8,Met
OPS-012149,ORD-012149,3.6,6.9,1.5,1617,11.84,5.0,1.9,Met
OPS-002758,ORD-002758,1.6,5.7,3.4,414,11.84,5.0,3.7,Met
OPS-009507,ORD-009507,2.4,1.2,2.3,1156,11.67,5.0,2.4,Met
OPS-006269,ORD-006269,2.1,3.6,2.6,1490,4.47,5.0,2.8,Met
OPS-009198,ORD-009198,0.8,4.7,3.1,1232,13.14,5.0,3.3,Met
OPS-004127,ORD-004127,2.9,1.9,3.0,465,9.11,5.0,3.2,Met
OPS-003219,ORD-003219,3.9,1.8,1.7,1246,12.29,5.0,1.9,Met
OPS-007531,ORD-007531,1.2,5.9,5.7,1776,6.61,5.0,6.0,Breached
OPS-000031,ORD-000031,1.6,2.1,6.7,1241,7.53,5.0,6.9,Breached
OPS-009861,ORD-009861,1.3,7.3,2.6,630,4.36,5.0,3.0,Met
OPS-004865,ORD-004865,1.7,6.6,4.6,1643,6.02,5.0,4.9,Met
OPS-009004,ORD-009004,3.1,2.8,5.7,987,13.69,5.0,5.9,Breached
OPS-005940,ORD-005940,3.7,1.5,2.1,718,9.35,5.0,2.3,Met
OPS-000233,ORD-000233,2.8,4.7,4.4,306,8.97,5.0,4.7,Met
OPS-002266,ORD-002266,3.2,3.0,2.2,805,10.0,5.0,2.5,Met
OPS-007409,ORD-007409,0.8,7.9,5.0,1268,9.34,5.0,5.4,Breached
OPS-005438,ORD-005438,3.1,3.0,4.2,337,5.42,5.0,4.5,Met
OPS-009706,ORD-009706,0.6,2.4,4.7,1916,11.2,5.0,4.8,Met
OPS-004395,ORD-004395,0.6,5.1,2.5,863,12.66,5.0,2.7,Met
OPS-009989,ORD-009989,2.4,3.3,1.8,1982,12.9,5.0,2.0,Met
OPS-010071,ORD-010071,3.2,6.9,3.8,514,11.91,5.0,4.2,Met
OPS-004478,ORD-004478,3.4,5.5,4.3,392,10.54,5.0,4.7,Met
OPS-002496,ORD-002496,4.0,2.0,4.6,1668,4.01,5.0,4.8,Met
OPS-006127,ORD-006127,2.2,2.6,6.5,312,4.43,5.0,6.7,Breached
OPS-011327,ORD-011327,2.8,1.7,1.7,497,13.87,5.0,1.9,Met
OPS-004958,ORD-004958,2.6,5.1,3.2,1443,11.72,5.0,3.5,Met
OPS-009029,ORD-009029,1.9,6.5,3.1,763,4.62,5.0,3.5,Met
OPS-005997,ORD-005997,2.1,2.0,2.5,1622,11.25,5.0,2.7,Met
OPS-007153,ORD-007153,0.7,7.5,6.0,1025,13.92,5.0,6.3,Breached
OPS-004147,ORD-004147,0.6,1.9,2.0,1654,13.13,5.0,2.1,Met
OPS-011958,ORD-011958,2.5,2.2,4.8,1611,8.94,5.0,5.0,Met
OPS-012178,ORD-012178,3.3,3.6,4.8,325,11.56,5.0,5.1,Breached
OPS-003606,ORD-003606,3.6,5.0,4.1,587,9.57,5.0,4.5,Met
OPS-008173,ORD-008173,1.6,1.0,3.3,997,11.98,5.0,3.4,Met
OPS-004518,ORD-004518,2.1,3.7,5.4,688,4.65,5.0,5.6,Breached
OPS-003217,ORD-003217,3.5,5.2,2.3,1867,9.76,5.0,2.7,Met
OPS-009039,ORD-009039,1.2,1.7,2.2,140,5.86,5.0,2.3,Met
OPS-011379,ORD-011379,1.1,4.2,5.2,1704,9.76,5.0,5.4,Breached
OPS-002463,ORD-002463,3.6,6.5,1.9,1652,4.44,5.0,2.3,Met
OPS-000095,ORD-000095,1.7,5.7,1.5,1329,9.41,5.0,1.8,Met
OPS-005582,ORD-005582,1.1,2.1,4.2,260,5.16,5.0,4.3,Met
OPS-002379,ORD-002379,2.5,2.1,5.3,382,4.3,5.0,5.5,Breached
OPS-001521,ORD-001521,3.2,8.0,3.8,1988,9.08,5.0,4.3,Met
OPS-002700,ORD-002700,1.4,4.4,3.5,1819,6.7,5.0,3.7,Met
OPS-000610,ORD-000610,1.0,5.7,4.0,1308,13.23,5.0,4.3,Met
OPS-010716,ORD-010716,2.9,1.9,5.9,125,8.4,5.0,6.1,Breached
OPS-003996,ORD-003996,0.7,2.3,2.1,1847,11.07,5.0,2.2,Met
OPS-006589,ORD-006589,1.9,5.9,3.5,343,6.1,5.0,3.8,Met
OPS-009850,ORD-009850,1.2,3.6,3.9,718,9.43,5.0,4.1,Met
OPS-007115,ORD-007115,3.9,6.6,5.2,1814,7.44,5.0,5.6,Breached
OPS-004757,ORD-004757,2.5,7.5,4.3,1253,8.38,5.0,4.7,Met
OPS-002079,ORD-002079,0.7,2.0,4.5,984,8.38,5.0,4.6,Met
OPS-007860,ORD-007860,3.0,2.7,2.2,570,7.34,5.0,2.4,Met
OPS-009541,ORD-009541,3.1,6.0,6.6,1988,4.84,5.0,7.0,Breached
OPS-008311,ORD-008311,1.7,2.7,5.5,1528,5.94,5.0,5.7,Breached
OPS-006710,ORD-006710,3.5,5.2,3.5,1834,13.89,5.0,3.9,Met
OPS-007003,ORD-007003,1.5,3.2,2.6,1895,12.91,5.0,2.8,Met
OPS-004126,ORD-004126,0.9,2.4,2.5,814,10.57,5.0,2.6,Met
OPS-002130,ORD-002130,3.8,4.9,1.5,1864,5.75,5.0,1.9,Met
OPS-002061,ORD-002061,2.2,8.0,1.4,1690,11.28,5.0,1.8,Met
OPS-006990,ORD-006990,1.6,6.0,2.8,1441,4.26,5.0,3.1,Met
OPS-005046,ORD-005046,3.6,2.1,5.7,256,10.95,5.0,5.9,Breached
OPS-000196,ORD-000196,1.8,1.1,5.8,1119,7.96,5.0,5.9,Breached
OPS-005871,ORD-005871,3.8,7.1,5.5,1995,9.43,5.0,6.0,Breached
OPS-009280,ORD-009280,3.3,7.4,2.5,1097,6.19,5.0,2.9,Met
OPS-010619,ORD-010619,0.9,3.2,6.6,939,5.31,5.0,6.8,Breached
OPS-002837,ORD-002837,2.0,5.3,4.2,583,12.45,5.0,4.5,Met
OPS-012166,ORD-012166,2.9,6.6,1.3,1914,6.59,5.0,1.7,Met
OPS-008931,ORD-008931,3.0,7.0,1.6,1552,4.57,5.0,2.0,Met
OPS-008896,ORD-008896,1.6,3.6,5.2,1988,4.02,5.0,5.4,Breached
OPS-006711,ORD-006711,2.5,6.2,3.8,450,10.89,5.0,4.2,Met
OPS-008604,ORD-008604,1.2,4.3,5.3,414,10.91,5.0,5.5,Breached
OPS-006123,ORD-006123,3.2,7.3,6.3,1521,6.01,5.0,6.7,Breached
OPS-004750,ORD-004750,1.5,1.5,1.4,1785,5.27,5.0,1.5,Met
OPS-007631,ORD-007631,2.7,5.1,6.4,1126,7.13,5.0,6.7,Breached
OPS-006281,ORD-006281,2.0,4.8,2.5,1820,12.46,5.0,2.8,Met
OPS-000643,ORD-000643,3.3,3.3,5.0,1064,8.41,5.0,5.3,Breached
OPS-001971,ORD-001971,0.7,4.7,6.5,267,7.91,5.0,6.7,Breached
OPS-011482,ORD-011482,1.5,5.6,5.3,673,7.01,5.0,5.6,Breached
OPS-005782,ORD-005782,2.4,3.9,1.9,1551,13.61,5.0,2.2,Met
OPS-002488,ORD-002488,0.5,6.4,6.5,1911,12.4,5.0,6.8,Breached
OPS-003116,ORD-003116,2.7,4.0,6.3,1562,9.53,5.0,6.6,Breached
OPS-003467,ORD-003467,0.6,1.7,2.4,1845,12.9,5.0,2.5,Met
OPS-008463,ORD-008463,3.6,5.6,1.2,826,12.68,5.0,1.6,Met
OPS-005751,ORD-005751,2.8,6.2,6.5,1822,6.94,5.0,6.9,Breached
OPS-006709,ORD-006709,1.3,2.0,2.3,465,9.06,5.0,2.4,Met
OPS-005246,ORD-005246,1.0,4.2,6.1,394,5.98,5.0,6.3,Breached
OPS-010558,ORD-010558,2.8,4.0,6.5,445,5.93,5.0,6.8,Breached
OPS-008545,ORD-008545,2.4,5.1,1.5,1056,5.5,5.0,1.8,Met
OPS-001328,ORD-001328,3.3,7.5,4.5,791,11.74,5.0,5.0,Met
OPS-009329,ORD-009329,2.1,3.5,3.3,1322,5.46,5.0,3.5,Met
OPS-004102,ORD-004102,1.0,1.5,2.4,632,7.04,5.0,2.5,Met
OPS-012494,ORD-012494,2.3,1.3,5.5,923,6.31,5.0,5.7,Breached
OPS-004568,ORD-004568,3.3,7.3,2.8,371,4.99,5.0,3.2,Met
OPS-009376,ORD-009376,0.9,2.7,4.0,581,10.01,5.0,4.2,Met
OPS-011445,ORD-011445,3.2,7.5,4.9,247,12.42,5.0,5.3,Breached
OPS-010222,ORD-010222,2.4,7.9,6.6,1359,10.46,5.0,7.0,Breached
OPS-010230,ORD-010230,3.2,1.5,5.0,1262,12.02,5.0,5.2,Breached
OPS-009834,ORD-009834,1.9,5.8,5.0,1163,4.75,5.0,5.3,Breached
OPS-005661,ORD-005661,0.5,1.0,2.2,1217,9.69,5.0,2.3,Met
OPS-005709,ORD-005709,2.9,1.3,1.3,1184,12.53,5.0,1.5,Met
OPS-000351,ORD-000351,3.3,6.7,2.3,338,12.3,5.0,2.7,Met
OPS-011238,ORD-011238,0.7,1.9,6.0,257,9.76,5.0,6.1,Breached
OPS-004355,ORD-004355,3.2,5.7,1.7,677,12.51,5.0,2.1,Met
OPS-001896,ORD-001896,2.8,3.7,2.9,1170,4.87,5.0,3.2,Met
OPS-002605,ORD-002605,2.6,5.4,4.5,1353,6.19,5.0,4.8,Met
OPS-005544,ORD-005544,1.6,7.7,5.3,1945,5.01,5.0,5.7,Breached
OPS-011667,ORD-011667,1.1,7.7,3.3,1786,7.3,5.0,3.7,Met
OPS-000846,ORD-000846,3.7,6.9,1.5,390,11.14,5.0,1.9,Met
OPS-004024,ORD-004024,1.1,1.7,5.5,867,9.48,5.0,5.6,Breached
OPS-004198,ORD-004198,3.0,4.6,4.3,558,7.59,5.0,4.6,Met
OPS-010031,ORD-010031,3.5,4.7,1.0,1960,7.76,5.0,1.3,Met
OPS-008890,ORD-008890,3.0,4.2,1.9,1612,10.12,5.0,2.2,Met
OPS-001207,ORD-001207,3.7,5.8,3.8,1840,9.35,5.0,4.2,Met
OPS-001054,ORD-001054,0.9,1.8,3.6,434,10.18,5.0,3.7,Met
OPS-010742,ORD-010742,0.7,4.3,4.0,1927,4.24,5.0,4.2,Met
OPS-000617,ORD-000617,4.0,1.6,6.1,1701,14.0,5.0,6.3,Breached
OPS-009887,ORD-009887,3.6,6.4,5.5,1200,13.81,5.0,5.9,Breached
OPS-002597,ORD-002597,1.8,2.4,5.5,134,11.55,5.0,5.7,Breached
OPS-007620,ORD-007620,0.8,3.1,5.8,1956,8.04,5.0,6.0,Breached
OPS-010391,ORD-010391,1.2,3.6,4.3,863,4.33,5.0,4.5,Met
OPS-004531,ORD-004531,2.1,3.1,3.5,610,9.23,5.0,3.7,Met
OPS-001802,ORD-001802,2.5,2.4,2.5,1545,6.35,5.0,2.7,Met
OPS-004275,ORD-004275,3.9,7.8,6.6,812,12.75,5.0,7.1,Breached
OPS-005719,ORD-005719,2.9,5.9,4.4,606,11.71,5.0,4.8,Met
OPS-011819,ORD-011819,3.8,2.9,2.8,1240,5.51,5.0,3.1,Met
OPS-006663,ORD-006663,1.2,4.0,3.2,431,7.4,5.0,3.4,Met
OPS-004515,ORD-004515,3.4,2.5,5.6,193,10.97,5.0,5.8,Breached
OPS-005446,ORD-005446,1.9,1.9,2.8,1910,10.74,5.0,3.0,Met
OPS-000916,ORD-000916,1.6,1.6,3.1,1789,13.39,5.0,3.2,Met
OPS-012463,ORD-012463,2.3,1.5,3.8,212,8.06,5.0,4.0,Met
OPS-002778,ORD-002778,2.1,6.1,5.4,1861,13.57,5.0,5.7,Breached
OPS-001456,ORD-001456,1.5,6.5,5.4,163,11.91,5.0,5.7,Breached
OPS-004714,ORD-004714,2.2,5.0,6.3,1265,10.24,5.0,6.6,Breached
OPS-000572,ORD-000572,3.2,1.7,1.5,511,6.86,5.0,1.7,Met
OPS-000595,ORD-000595,3.4,3.3,4.5,1709,8.23,5.0,4.8,Met
OPS-004765,ORD-004765,2.8,3.1,1.8,1844,13.28,5.0,2.0,Met
OPS-000049,ORD-000049,2.2,4.4,4.8,659,9.55,5.0,5.1,Breached
OPS-001943,ORD-001943,1.4,3.4,5.5,1613,10.04,5.0,5.7,Breached
OPS-010139,ORD-010139,1.1,6.5,6.7,309,10.28,5.0,7.0,Breached
OPS-007068,ORD-007068,2.8,1.1,6.8,1910,8.32,5.0,7.0,Breached
OPS-012495,ORD-012495,4.0,6.4,6.6,1039,9.91,5.0,7.0,Breached
OPS-003680,ORD-003680,3.2,4.7,1.4,508,7.89,5.0,1.7,Met
OPS-008590,ORD-008590,3.0,6.8,1.2,878,12.33,5.0,1.6,Met
OPS-006571,ORD-006571,0.5,4.0,4.3,1764,12.26,5.0,4.5,Met
OPS-011543,ORD-011543,1.9,3.9,3.1,1577,8.02,5.0,3.3,Met
OPS-009797,ORD-009797,1.0,1.3,4.0,429,4.33,5.0,4.1,Met
OPS-010991,ORD-010991,3.2,5.1,5.6,808,7.5,5.0,5.9,Breached
OPS-005497,ORD-005497,2.1,3.0,3.6,1829,9.71,5.0,3.8,Met
OPS-012386,ORD-012386,2.5,4.0,2.5,954,8.39,5.0,2.8,Met
OPS-012344,ORD-012344,3.6,2.3,4.7,392,11.74,5.0,4.9,Met
OPS-002558,ORD-002558,1.6,6.1,4.0,1353,9.91,5.0,4.3,Met
OPS-011075,ORD-011075,1.8,6.5,2.8,112,4.53,5.0,3.1,Met
OPS-000415,ORD-000415,2.7,7.3,3.0,1749,11.93,5.0,3.4,Met
OPS-000489,ORD-000489,3.9,7.5,1.1,1444,6.07,5.0,1.6,Met
OPS-003510,ORD-003510,1.9,1.7,2.6,210,8.9,5.0,2.8,Met
OPS-000385,ORD-000385,3.5,6.6,1.6,500,10.75,5.0,2.0,Met
OPS-012027,ORD-012027,1.0,4.5,6.3,1796,12.73,5.0,6.5,Breached
OPS-003194,ORD-003194,1.8,7.4,2.3,784,9.38,5.0,2.7,Met
OPS-002698,ORD-002698,3.7,4.4,5.2,122,11.54,5.0,5.5,Breached
OPS-007897,ORD-007897,1.0,6.2,2.7,1995,12.4,5.0,3.0,Met
OPS-002726,ORD-002726,1.8,6.9,2.0,767,5.85,5.0,2.4,Met
OPS-005554,ORD-005554,2.3,6.7,4.9,1880,11.23,5.0,5.3,Breached
OPS-008671,ORD-008671,1.6,3.1,3.4,1352,7.82,5.0,3.6,Met
OPS-007105,ORD-007105,1.8,7.2,5.8,1958,11.35,5.0,6.2,Breached
OPS-004306,ORD-004306,0.5,7.5,2.4,1602,6.12,5.0,2.7,Met
OPS-005271,ORD-005271,2.6,3.5,4.7,904,5.89,5.0,5.0,Met
OPS-003788,ORD-003788,1.4,3.3,6.6,1782,13.36,5.0,6.8,Breached
OPS-005258,ORD-005258,3.2,7.0,1.5,384,8.12,5.0,1.9,Met
OPS-000754,ORD-000754,2.5,4.2,2.8,123,8.69,5.0,3.1,Met
OPS-008946,ORD-008946,1.8,7.9,6.6,253,11.32,5.0,7.0,Breached
OPS-000657,ORD-000657,2.7,1.6,1.2,719,9.04,5.0,1.4,Met
OPS-000251,ORD-000251,3.3,4.9,5.2,153,6.71,5.0,5.5,Breached
OPS-011357,ORD-011357,2.9,3.0,1.4,159,12.72,5.0,1.6,Met
OPS-010944,ORD-010944,4.0,3.4,4.1,846,4.36,5.0,4.4,Met
OPS-005374,ORD-005374,0.7,3.6,2.4,1986,11.98,5.0,2.6,Met
OPS-007508,ORD-007508,0.7,5.9,5.6,306,7.11,5.0,5.9,Breached
OPS-000398,ORD-000398,1.6,2.3,6.6,1768,13.03,5.0,6.8,Breached
OPS-001523,ORD-001523,3.2,6.5,2.8,1567,7.11,5.0,3.2,Met
OPS-000391,ORD-000391,1.7,7.4,3.2,266,7.59,5.0,3.6,Met
OPS-004567,ORD-004567,2.3,3.7,3.9,287,6.18,5.0,4.2,Met
OPS-011791,ORD-011791,1.7,6.5,6.7,896,8.01,5.0,7.0,Breached
OPS-010852,ORD-010852,2.0,1.2,6.9,172,13.07,5.0,7.0,Breached
OPS-009610,ORD-009610,2.6,3.7,5.7,1448,6.27,5.0,6.0,Breached
OPS-002622,ORD-002622,2.4,3.7,1.3,964,6.8,5.0,1.6,Met
OPS-004802,ORD-004802,3.1,3.0,1.5,895,4.79,5.0,1.8,Met
OPS-004625,ORD-004625,2.2,3.7,1.2,1569,13.72,5.0,1.4,Met
OPS-003450,ORD-003450,3.5,1.5,2.1,597,4.04,5.0,2.3,Met
OPS-011661,ORD-011661,3.8,6.9,1.9,1324,8.58,5.0,2.3,Met
OPS-003084,ORD-003084,2.1,1.5,5.5,345,12.74,5.0,5.7,Breached
OPS-004899,ORD-004899,0.8,5.3,4.2,196,8.89,5.0,4.5,Met
OPS-003521,ORD-003521,2.4,1.6,2.1,314,4.41,5.0,2.3,Met
OPS-008717,ORD-008717,2.4,1.6,4.1,858,10.72,5.0,4.3,Met
OPS-006079,ORD-006079,2.5,5.8,4.2,451,4.91,5.0,4.5,Met
OPS-005057,ORD-005057,3.9,6.2,3.9,1106,12.02,5.0,4.3,Met
OPS-003310,ORD-003310,1.5,2.8,5.5,111,7.54,5.0,5.7,Breached
OPS-011736,ORD-011736,0.6,5.2,1.9,1984,7.59,5.0,2.1,Met
OPS-009052,ORD-009052,1.7,7.7,1.7,878,7.78,5.0,2.1,Met
OPS-010096,ORD-010096,2.5,2.1,4.2,611,5.53,5.0,4.4,Met
OPS-005851,ORD-005851,3.0,2.4,6.2,973,8.74,5.0,6.4,Breached
OPS-004119,ORD-004119,1.8,5.7,5.3,384,10.44,5.0,5.6,Breached
OPS-011194,ORD-011194,0.9,6.5,4.6,1666,12.18,5.0,4.9,Met
OPS-004489,ORD-004489,3.9,3.2,5.0,1618,4.72,5.0,5.3,Breached
OPS-003259,ORD-003259,1.5,5.8,1.5,1250,7.13,5.0,1.8,Met
OPS-003161,ORD-003161,1.4,1.9,6.0,1181,11.28,5.0,6.1,Breached
OPS-007461,ORD-007461,2.0,2.0,5.6,202,7.5,5.0,5.8,Breached
OPS-004085,ORD-004085,2.2,2.3,5.9,1568,6.99,5.0,6.1,Breached
OPS-008746,ORD-008746,1.4,3.4,5.1,218,12.39,5.0,5.3,Breached
OPS-005472,ORD-005472,3.0,2.2,2.0,1422,13.32,5.0,2.2,Met
OPS-010377,ORD-010377,1.3,1.8,1.1,280,10.55,5.0,1.2,Met
OPS-009959,ORD-009959,3.2,7.9,3.1,1889,4.36,5.0,3.6,Met
OPS-000616,ORD-000616,1.2,3.9,5.3,1835,9.04,5.0,5.5,Breached
OPS-000297,ORD-000297,3.8,4.0,5.6,1461,13.1,5.0,5.9,Breached
OPS-001891,ORD-001891,3.9,4.2,3.4,749,11.68,5.0,3.7,Met
OPS-009939,ORD-009939,1.0,7.9,5.4,1062,9.4,5.0,5.8,Breached
OPS-009106,ORD-009106,2.5,1.0,4.1,871,10.4,5.0,4.2,Met
OPS-001015,ORD-001015,3.7,2.3,6.5,1212,6.67,5.0,6.8,Breached
OPS-004452,ORD-004452,2.4,2.1,1.1,456,10.28,5.0,1.3,Met
OPS-011506,ORD-011506,3.4,3.6,4.3,638,12.22,5.0,4.6,Met
OPS-007471,ORD-007471,3.2,6.1,2.9,295,10.88,5.0,3.3,Met
OPS-005463,ORD-005463,2.8,6.7,3.8,1462,11.44,5.0,4.2,Met
OPS-011703,ORD-011703,3.2,4.1,6.3,1085,6.94,5.0,6.6,Breached
OPS-001072,ORD-001072,3.5,1.6,6.5,370,4.09,5.0,6.7,Breached
OPS-011950,ORD-011950,3.9,7.1,1.7,1687,10.42,5.0,2.2,Met
OPS-003340,ORD-003340,3.3,1.4,6.0,1740,12.31,5.0,6.2,Breached
OPS-002469,ORD-002469,3.7,2.0,3.0,1181,8.83,5.0,3.2,Met
OPS-008279,ORD-008279,2.1,2.7,3.2,130,5.66,5.0,3.4,Met
OPS-012261,ORD-012261,3.6,4.5,4.1,1498,7.91,5.0,4.4,Met
OPS-004618,ORD-004618,1.0,7.6,6.3,1377,10.04,5.0,6.7,Breached
OPS-005147,ORD-005147,2.1,2.9,2.3,331,9.37,5.0,2.5,Met
OPS-002582,ORD-002582,2.6,2.5,5.7,502,8.12,5.0,5.9,Breached
OPS-005320,ORD-005320,3.1,5.6,1.6,1645,6.87,5.0,2.0,Met
OPS-002063,ORD-002063,0.8,1.2,4.6,924,7.75,5.0,4.7,Met
OPS-003238,ORD-003238,1.8,2.1,3.5,303,11.75,5.0,3.7,Met
OPS-001744,ORD-001744,2.8,5.1,4.8,418,11.78,5.0,5.1,Breached
OPS-003311,ORD-003311,0.5,2.2,1.8,1395,12.62,5.0,1.9,Met
OPS-012459,ORD-012459,3.7,7.6,5.7,1182,8.75,5.0,6.2,Breached
OPS-009844,ORD-009844,3.7,5.9,1.1,1475,11.32,5.0,1.5,Met
OPS-005076,ORD-005076,2.9,3.0,5.2,1252,10.41,5.0,5.4,Breached
OPS-007181,ORD-007181,3.4,2.1,4.0,1005,5.55,5.0,4.2,Met
OPS-009890,ORD-009890,1.8,4.3,1.9,771,7.5,5.0,2.2,Met
OPS-002785,ORD-002785,1.8,3.6,6.9,1834,6.51,5.0,7.1,Breached
OPS-002104,ORD-002104,3.2,3.9,2.8,1212,12.89,5.0,3.1,Met
OPS-009704,ORD-009704,0.6,5.7,4.8,1283,13.67,5.0,5.1,Breached
OPS-005115,ORD-005115,2.2,6.1,2.4,411,12.97,5.0,2.7,Met
OPS-002572,ORD-002572,2.5,5.3,3.1,286,6.81,5.0,3.4,Met
OPS-004416,ORD-004416,1.6,3.9,6.6,562,6.19,5.0,6.8,Breached
OPS-007468,ORD-007468,2.2,7.9,3.1,1868,12.27,5.0,3.5,Met
OPS-001225,ORD-001225,3.4,2.9,3.7,720,4.41,5.0,4.0,Met
OPS-008112,ORD-008112,3.4,1.2,1.1,1933,11.21,5.0,1.3,Met
OPS-010894,ORD-010894,1.9,3.5,1.4,827,9.19,5.0,1.6,Met
OPS-009100,ORD-009100,2.4,4.3,1.3,1290,13.74,5.0,1.6,Met
OPS-008157,ORD-008157,0.6,4.0,5.2,1076,7.89,5.0,5.4,Breached
OPS-008794,ORD-008794,3.6,4.0,6.0,919,10.82,5.0,6.3,Breached
OPS-007478,ORD-007478,1.0,5.8,1.5,1449,7.89,5.0,1.8,Met
OPS-008496,ORD-008496,0.6,6.1,3.6,455,10.75,5.0,3.9,Met
OPS-000978,ORD-000978,3.6,4.2,2.0,135,7.87,5.0,2.3,Met
OPS-000898,ORD-000898,2.8,4.8,5.5,460,4.22,5.0,5.8,Breached
OPS-000279,ORD-000279,2.0,5.4,5.9,1282,4.21,5.0,6.2,Breached
OPS-011397,ORD-011397,2.5,7.5,4.4,692,13.34,5.0,4.8,Met
OPS-008915,ORD-008915,3.7,6.6,4.8,880,8.84,5.0,5.2,Breached
OPS-005040,ORD-005040,2.2,7.6,5.8,1057,6.03,5.0,6.2,Breached
OPS-007474,ORD-007474,2.5,5.8,6.1,191,12.37,5.0,6.4,Breached
OPS-008401,ORD-008401,1.5,4.9,4.3,1811,10.44,5.0,4.6,Met
OPS-009743,ORD-009743,1.4,6.8,5.8,1902,9.37,5.0,6.1,Breached
OPS-009451,ORD-009451,0.7,1.7,2.9,1078,6.53,5.0,3.0,Met
OPS-004335,ORD-004335,1.2,5.0,4.8,437,12.92,5.0,5.1,Breached
OPS-001459,ORD-001459,1.1,1.1,5.4,111,6.18,5.0,5.5,Breached
OPS-003221,ORD-003221,2.1,7.2,1.3,1382,10.43,5.0,1.7,Met
OPS-001847,ORD-001847,1.9,6.1,6.1,498,12.35,5.0,6.4,Breached
OPS-010134,ORD-010134,1.3,4.7,6.6,374,12.46,5.0,6.8,Breached
OPS-011486,ORD-011486,2.8,1.5,6.0,1609,5.67,5.0,6.2,Breached
OPS-001218,ORD-001218,0.9,5.6,2.8,100,12.49,5.0,3.1,Met
OPS-012115,ORD-012115,1.3,5.7,1.5,1436,7.53,5.0,1.8,Met
OPS-010678,ORD-010678,3.0,6.0,4.2,1058,13.2,5.0,4.6,Met
OPS-010410,ORD-010410,3.8,5.5,4.8,1851,11.77,5.0,5.2,Breached
OPS-000919,ORD-000919,0.6,2.5,6.5,386,12.7,5.0,6.6,Breached
OPS-004729,ORD-004729,2.6,1.4,7.0,1015,10.2,5.0,7.2,Breached
OPS-008711,ORD-008711,1.4,7.1,3.6,445,10.28,5.0,4.0,Met
OPS-000102,ORD-000102,3.8,4.1,6.6,1525,12.22,5.0,6.9,Breached
OPS-008710,ORD-008710,3.2,4.1,4.4,582,11.14,5.0,4.7,Met
OPS-002855,ORD-002855,2.4,7.1,2.0,338,10.82,5.0,2.4,Met
OPS-004977,ORD-004977,0.5,4.2,1.6,1916,4.22,5.0,1.8,Met
OPS-002221,ORD-002221,1.1,5.0,2.1,1707,9.42,5.0,2.4,Met
OPS-002950,ORD-002950,3.3,4.2,1.1,1119,12.9,5.0,1.4,Met
OPS-010287,ORD-010287,1.5,7.3,4.3,1099,7.85,5.0,4.7,Met
OPS-012378,ORD-012378,3.2,4.0,5.4,1647,12.9,5.0,5.7,Breached
OPS-011255,ORD-011255,0.7,6.1,6.0,1621,9.5,5.0,6.3,Breached
OPS-003085,ORD-003085,0.7,5.4,5.0,990,5.88,5.0,5.3,Breached
OPS-002255,ORD-002255,1.7,3.6,4.0,1306,6.6,5.0,4.2,Met
OPS-007094,ORD-007094,2.5,7.3,2.7,326,6.94,5.0,3.1,Met
OPS-002512,ORD-002512,3.9,1.7,5.7,1721,11.23,5.0,5.9,Breached
OPS-010977,ORD-010977,2.0,7.8,4.1,1026,11.83,5.0,4.5,Met
OPS-000055,ORD-000055,1.0,4.7,4.9,1274,11.24,5.0,5.1,Breached
OPS-004817,ORD-004817,2.3,1.0,2.2,617,13.23,5.0,2.3,Met
OPS-004100,ORD-004100,3.7,1.0,1.4,1083,5.15,5.0,1.6,Met
OPS-008927,ORD-008927,0.6,6.0,5.9,1917,4.55,5.0,6.2,Breached
OPS-008436,ORD-008436,2.1,1.5,1.8,1394,7.37,5.0,2.0,Met
OPS-011244,ORD-011244,3.5,6.9,6.0,1210,10.39,5.0,6.4,Breached
OPS-000310,ORD-000310,2.4,8.0,3.9,1668,13.15,5.0,4.3,Met
OPS-002817,ORD-002817,0.9,4.4,5.7,418,7.11,5.0,5.9,Breached
OPS-003206,ORD-003206,2.9,6.1,5.3,1052,4.16,5.0,5.7,Breached
OPS-010290,ORD-010290,1.3,7.0,3.5,217,13.73,5.0,3.8,Met
OPS-011974,ORD-011974,3.5,2.7,4.1,1645,7.6,5.0,4.4,Met
OPS-012345,ORD-012345,2.3,6.4,5.6,1318,4.65,5.0,6.0,Breached
OPS-003494,ORD-003494,3.7,7.0,5.1,1395,4.83,5.0,5.5,Breached
OPS-009631,ORD-009631,1.4,6.4,5.8,1558,12.72,5.0,6.1,Breached
OPS-009063,ORD-009063,3.0,2.9,2.5,1799,12.07,5.0,2.7,Met
OPS-011345,ORD-011345,3.1,3.9,2.5,1214,6.92,5.0,2.8,Met
OPS-002883,ORD-002883,1.1,4.2,5.9,596,5.75,5.0,6.1,Breached
OPS-006478,ORD-006478,1.3,2.0,2.1,476,10.76,5.0,2.2,Met
OPS-005601,ORD-005601,3.2,7.8,4.3,716,5.23,5.0,4.8,Met
OPS-005652,ORD-005652,2.0,7.6,3.4,387,7.79,5.0,3.8,Met
OPS-008678,ORD-008678,1.4,1.9,4.8,1744,12.26,5.0,4.9,Met
OPS-004953,ORD-004953,0.9,7.0,6.8,1310,10.47,5.0,7.1,Breached
OPS-005213,ORD-005213,1.4,4.5,1.8,559,13.63,5.0,2.0,Met
OPS-009926,ORD-009926,3.6,5.9,1.8,1958,6.54,5.0,2.2,Met
OPS-003733,ORD-003733,1.5,3.4,1.6,769,5.82,5.0,1.8,Met
OPS-008937,ORD-008937,2.3,3.0,5.6,1015,5.77,5.0,5.8,Breached
OPS-008552,ORD-008552,2.7,3.7,5.7,624,12.4,5.0,6.0,Breached
OPS-011326,ORD-011326,3.6,1.1,2.7,729,7.48,5.0,2.9,Met
OPS-009119,ORD-009119,2.3,6.5,4.5,739,8.54,5.0,4.9,Met
OPS-001405,ORD-001405,2.6,1.6,6.1,166,6.35,5.0,6.3,Breached
OPS-007985,ORD-007985,1.5,1.1,5.2,1767,13.07,5.0,5.3,Breached
OPS-011631,ORD-011631,0.6,5.7,5.1,1751,10.92,5.0,5.4,Breached
OPS-010642,ORD-010642,1.0,1.6,5.8,1662,5.19,5.0,5.9,Breached
OPS-006696,ORD-006696,2.1,6.6,1.4,872,10.95,5.0,1.8,Met
OPS-001510,ORD-001510,1.3,1.1,2.3,1919,13.73,5.0,2.4,Met
OPS-007854,ORD-007854,1.0,6.5,2.4,622,5.41,5.0,2.7,Met
OPS-003773,ORD-003773,0.6,4.2,3.6,593,9.13,5.0,3.8,Met
OPS-008028,ORD-008028,1.6,3.9,3.9,1125,6.7,5.0,4.1,Met
OPS-001873,ORD-001873,2.3,3.9,1.0,188,4.22,5.0,1.3,Met
OPS-005681,ORD-005681,2.6,7.0,3.4,1503,4.29,5.0,3.8,Met
OPS-006165,ORD-006165,2.7,3.9,4.6,1257,8.18,5.0,4.9,Met
OPS-009360,ORD-009360,3.8,1.6,3.6,401,10.83,5.0,3.8,Met
OPS-006613,ORD-006613,1.6,1.7,3.8,722,6.34,5.0,3.9,Met
OPS-006404,ORD-006404,1.7,7.1,3.4,1594,6.57,5.0,3.8,Met
OPS-007307,ORD-007307,3.8,5.5,4.8,993,6.12,5.0,5.2,Breached
OPS-003266,ORD-003266,0.7,2.1,5.0,621,7.73,5.0,5.1,Breached
OPS-007966,ORD-007966,3.7,5.8,6.2,1796,6.36,5.0,6.6,Breached
OPS-001231,ORD-001231,0.8,3.5,5.3,312,9.05,5.0,5.5,Breached
OPS-010549,ORD-010549,0.9,7.1,5.7,1439,10.36,5.0,6.0,Breached
OPS-003107,ORD-003107,1.8,1.8,5.7,1095,4.05,5.0,5.9,Breached
OPS-010762,ORD-010762,1.4,4.3,2.9,1876,11.51,5.0,3.1,Met
OPS-004629,ORD-004629,3.7,2.3,3.6,800,12.19,5.0,3.9,Met
OPS-005197,ORD-005197,2.0,1.8,5.9,1448,9.89,5.0,6.1,Breached
OPS-004993,ORD-004993,3.5,1.5,2.4,1236,9.24,5.0,2.6,Met
OPS-005401,ORD-005401,0.6,5.5,5.6,1333,8.86,5.0,5.9,Breached
OPS-009583,ORD-009583,3.5,3.2,4.6,1168,12.42,5.0,4.9,Met
OPS-001080,ORD-001080,2.9,2.7,1.3,181,11.47,5.0,1.5,Met
OPS-004969,ORD-004969,2.3,6.7,3.1,1362,7.77,5.0,3.5,Met
OPS-000445,ORD-000445,1.5,2.9,4.0,1021,13.47,5.0,4.2,Met
OPS-003977,ORD-003977,3.9,2.6,6.8,1744,4.27,5.0,7.1,Breached
OPS-008370,ORD-008370,1.5,6.8,2.4,1798,12.26,5.0,2.7,Met
OPS-000818,ORD-000818,2.9,1.4,6.3,722,5.44,5.0,6.5,Breached
OPS-002250,ORD-002250,1.7,4.7,4.3,1673,7.75,5.0,4.6,Met
OPS-004241,ORD-004241,1.1,2.1,5.7,1550,11.97,5.0,5.8,Breached
OPS-009783,ORD-009783,3.0,1.0,6.0,272,8.21,5.0,6.2,Breached
OPS-005045,ORD-005045,3.7,5.1,6.2,1024,12.2,5.0,6.6,Breached
OPS-009308,ORD-009308,3.8,2.5,6.8,614,13.91,5.0,7.1,Breached
OPS-000756,ORD-000756,1.8,1.8,3.0,1547,4.84,5.0,3.1,Met
OPS-011917,ORD-011917,1.2,3.7,5.3,1677,11.23,5.0,5.5,Breached
OPS-005494,ORD-005494,1.5,3.4,2.4,1275,5.42,5.0,2.6,Met
OPS-010674,ORD-010674,0.6,7.8,4.6,448,9.5,5.0,4.9,Met
OPS-003199,ORD-003199,1.2,7.7,6.6,649,4.38,5.0,7.0,Breached
OPS-003965,ORD-003965,3.0,4.5,4.7,1881,6.08,5.0,5.0,Met
OPS-008490,ORD-008490,3.4,4.6,1.1,485,12.11,5.0,1.4,Met
OPS-010702,ORD-010702,2.4,3.3,3.7,1291,8.9,5.0,3.9,Met
OPS-012489,ORD-012489,1.0,3.8,6.9,1630,6.84,5.0,7.1,Breached
OPS-010836,ORD-010836,1.9,5.7,5.6,559,13.75,5.0,5.9,Breached
OPS-009149,ORD-009149,2.2,4.4,6.7,728,8.8,5.0,7.0,Breached
OPS-010587,ORD-010587,3.0,4.4,6.1,240,10.66,5.0,6.4,Breached
OPS-008957,ORD-008957,4.0,1.1,6.8,1333,4.9,5.0,7.0,Breached
OPS-006403,ORD-006403,1.6,6.0,2.3,322,5.17,5.0,2.6,Met
OPS-008011,ORD-008011,2.3,5.0,1.2,1103,6.94,5.0,1.5,Met
OPS-002037,ORD-002037,0.9,1.5,1.4,1816,10.7,5.0,1.5,Met
OPS-012101,ORD-012101,1.6,3.7,5.0,543,4.73,5.0,5.2,Breached
OPS-008449,ORD-008449,2.1,6.9,3.6,110,5.72,5.0,4.0,Met
OPS-009509,ORD-009509,1.1,2.3,5.4,663,4.2,5.0,5.5,Breached
OPS-009556,ORD-009556,1.9,5.5,5.9,1456,6.01,5.0,6.2,Breached
OPS-012016,ORD-012016,1.4,4.5,2.8,1309,10.23,5.0,3.0,Met
OPS-002820,ORD-002820,2.8,2.4,5.9,1755,6.03,5.0,6.1,Breached
OPS-002524,ORD-002524,0.6,7.0,1.8,1970,4.64,5.0,2.1,Met
OPS-004741,ORD-004741,3.0,3.1,7.0,308,11.5,5.0,7.3,Breached
OPS-004490,ORD-004490,1.8,3.7,6.4,1397,13.16,5.0,6.6,Breached
OPS-000723,ORD-000723,3.2,6.0,1.8,1771,11.72,5.0,2.2,Met
OPS-006433,ORD-006433,1.5,7.4,5.6,555,5.91,5.0,6.0,Breached
OPS-004252,ORD-004252,2.0,6.4,1.8,1116,12.64,5.0,2.1,Met
OPS-005360,ORD-005360,3.2,3.1,2.8,1061,7.23,5.0,3.1,Met
OPS-003124,ORD-003124,2.7,5.4,5.1,1174,9.21,5.0,5.4,Breached
OPS-010676,ORD-010676,0.9,2.5,3.0,1574,7.63,5.0,3.1,Met
OPS-007929,ORD-007929,3.0,3.6,6.6,299,9.28,5.0,6.9,Breached
OPS-011680,ORD-011680,2.8,3.5,5.1,1942,5.21,5.0,5.4,Breached
OPS-003772,ORD-003772,2.6,6.0,1.2,1529,8.6,5.0,1.6,Met
OPS-002973,ORD-002973,1.5,1.0,4.3,1400,10.37,5.0,4.4,Met
OPS-010195,ORD-010195,4.0,4.9,6.4,1733,7.67,5.0,6.8,Breached
OPS-007155,ORD-007155,0.9,4.8,2.2,392,8.85,5.0,2.4,Met
OPS-002759,ORD-002759,1.7,7.1,2.0,1902,5.57,5.0,2.4,Met
OPS-000180,ORD-000180,3.7,3.0,4.8,646,8.21,5.0,5.1,Breached
OPS-006116,ORD-006116,3.4,2.9,2.9,1965,12.34,5.0,3.2,Met
OPS-009998,ORD-009998,1.3,3.8,1.4,259,4.99,5.0,1.6,Met
OPS-003790,ORD-003790,3.5,1.4,1.6,1649,12.5,5.0,1.8,Met
OPS-006064,ORD-006064,4.0,3.8,6.7,1348,4.13,5.0,7.0,Breached
OPS-002333,ORD-002333,2.5,7.9,3.9,429,9.96,5.0,4.3,Met
OPS-002465,ORD-002465,3.0,3.1,6.5,1866,7.59,5.0,6.8,Breached
OPS-004644,ORD-004644,2.4,6.2,6.4,1139,13.68,5.0,6.8,Breached
OPS-002372,ORD-002372,1.9,4.4,6.3,889,5.04,5.0,6.6,Breached
OPS-002829,ORD-002829,1.8,3.0,1.5,1238,6.88,5.0,1.7,Met
OPS-002458,ORD-002458,0.7,2.6,2.6,1322,4.74,5.0,2.7,Met
OPS-005003,ORD-005003,3.7,7.5,1.7,973,8.72,5.0,2.2,Met
OPS-008131,ORD-008131,2.8,1.9,2.8,704,5.59,5.0,3.0,Met
OPS-006283,ORD-006283,3.1,7.1,4.7,1370,7.84,5.0,5.1,Breached
OPS-004143,ORD-004143,0.8,7.2,4.7,155,9.62,5.0,5.0,Met
OPS-000583,ORD-000583,2.0,1.5,4.0,645,10.95,5.0,4.1,Met
OPS-002434,ORD-002434,1.9,1.6,6.1,982,4.35,5.0,6.2,Breached
OPS-009152,ORD-009152,1.0,1.9,1.4,916,9.99,5.0,1.5,Met
OPS-009501,ORD-009501,3.9,3.6,6.8,1479,12.53,5.0,7.1,Breached
OPS-012499,ORD-012499,2.0,3.0,6.1,527,11.68,5.0,6.3,Breached
OPS-004299,ORD-004299,3.4,5.7,5.9,1198,13.37,5.0,6.3,Breached
OPS-009580,ORD-009580,2.2,1.8,2.0,1843,8.15,5.0,2.2,Met
OPS-010975,ORD-010975,0.5,4.5,1.6,1741,5.13,5.0,1.8,Met
OPS-004846,ORD-004846,2.7,6.8,1.8,126,9.57,5.0,2.2,Met
OPS-000522,ORD-000522,1.6,3.8,4.1,884,5.98,5.0,4.3,Met
OPS-008022,ORD-008022,3.8,1.8,1.4,1913,9.12,5.0,1.6,Met
OPS-003042,ORD-003042,4.0,1.4,3.5,590,11.82,5.0,3.7,Met
OPS-005645,ORD-005645,2.5,5.5,3.7,118,5.63,5.0,4.0,Met
OPS-011980,ORD-011980,3.8,6.4,3.0,1765,10.69,5.0,3.4,Met
OPS-007670,ORD-007670,3.3,5.7,6.4,576,13.56,5.0,6.8,Breached
OPS-008455,ORD-008455,2.7,4.4,5.3,168,7.53,5.0,5.6,Breached
OPS-008928,ORD-008928,2.6,4.9,3.7,1946,11.53,5.0,4.0,Met
OPS-007758,ORD-007758,0.7,4.1,4.4,497,5.17,5.0,4.6,Met
OPS-007138,ORD-007138,3.0,6.7,2.5,1964,8.37,5.0,2.9,Met
OPS-004007,ORD-004007,3.0,1.4,1.7,678,11.45,5.0,1.9,Met
OPS-003455,ORD-003455,1.9,6.0,4.1,1958,9.22,5.0,4.4,Met
OPS-007364,ORD-007364,2.7,3.8,3.3,848,13.55,5.0,3.6,Met
OPS-007484,ORD-007484,3.0,7.9,5.4,1489,8.97,5.0,5.9,Breached
OPS-008194,ORD-008194,2.9,1.2,2.3,1337,6.13,5.0,2.5,Met
OPS-008440,ORD-008440,3.5,6.0,1.0,677,10.69,5.0,1.4,Met
OPS-002106,ORD-002106,2.0,6.4,6.8,800,6.72,5.0,7.1,Breached
OPS-008248,ORD-008248,0.5,7.6,3.6,1964,4.24,5.0,3.9,Met
OPS-012074,ORD-012074,3.2,5.9,6.9,1273,8.17,5.0,7.3,Breached
OPS-011280,ORD-011280,1.9,6.2,2.6,1632,7.45,5.0,2.9,Met
OPS-002123,ORD-002123,3.5,4.0,2.1,1376,4.66,5.0,2.4,Met
OPS-012435,ORD-012435,2.6,8.0,3.5,1380,13.43,5.0,3.9,Met
OPS-007029,ORD-007029,2.6,3.0,3.0,1266,12.05,5.0,3.2,Met
OPS-002187,ORD-002187,3.1,4.3,3.3,1536,10.75,5.0,3.6,Met
OPS-009240,ORD-009240,1.8,5.2,1.2,283,12.64,5.0,1.5,Met
OPS-011424,ORD-011424,1.3,6.4,3.9,423,4.07,5.0,4.2,Met
OPS-003921,ORD-003921,1.1,4.5,4.9,1028,12.64,5.0,5.1,Breached
OPS-006178,ORD-006178,1.0,3.4,4.8,2000,5.43,5.0,5.0,Met
OPS-012097,ORD-012097,1.5,2.4,2.0,1914,6.28,5.0,2.2,Met
OPS-002971,ORD-002971,1.6,3.7,4.2,1933,5.38,5.0,4.4,Met
OPS-004961,ORD-004961,3.3,5.8,4.8,652,12.04,5.0,5.2,Breached
OPS-005036,ORD-005036,3.0,3.0,5.5,679,7.23,5.0,5.8,Breached
OPS-000468,ORD-000468,3.9,2.3,3.8,659,9.21,5.0,4.1,Met
OPS-004842,ORD-004842,1.9,6.2,4.7,973,12.79,5.0,5.0,Met
OPS-011398,ORD-011398,3.4,1.5,2.4,1525,8.32,5.0,2.6,Met
OPS-002064,ORD-002064,1.4,1.4,3.4,1470,4.02,5.0,3.5,Met
OPS-007039,ORD-007039,0.6,6.4,5.9,626,9.17,5.0,6.2,Breached
OPS-010989,ORD-010989,2.7,1.8,2.9,1242,4.69,5.0,3.1,Met
OPS-003307,ORD-003307,2.4,5.9,2.8,1004,12.46,5.0,3.1,Met
OPS-010671,ORD-010671,3.8,3.4,3.7,1658,10.13,5.0,4.0,Met
OPS-003576,ORD-003576,3.2,7.0,4.0,1114,4.53,5.0,4.4,Met
OPS-010729,ORD-010729,3.7,7.0,4.0,1087,12.59,5.0,4.4,Met
OPS-011006,ORD-011006,3.7,2.0,5.8,510,4.07,5.0,6.0,Breached
OPS-010352,ORD-010352,1.4,5.1,6.8,1065,7.76,5.0,7.1,Breached
OPS-009165,ORD-009165,3.8,4.8,3.0,208,9.7,5.0,3.4,Met
OPS-007822,ORD-007822,3.8,7.3,5.3,1612,8.37,5.0,5.8,Breached
OPS-006419,ORD-006419,3.5,5.9,6.8,1786,13.73,5.0,7.2,Breached
OPS-000292,ORD-000292,1.2,3.9,4.0,1455,13.11,5.0,4.2,Met
OPS-011726,ORD-011726,1.2,5.0,6.3,730,13.0,5.0,6.6,Breached
OPS-003703,ORD-003703,1.8,2.4,6.0,749,6.73,5.0,6.2,Breached
OPS-005514,ORD-005514,1.7,5.6,5.3,1552,13.97,5.0,5.6,Breached
OPS-002184,ORD-002184,2.1,4.7,4.2,1149,6.83,5.0,4.5,Met
OPS-010791,ORD-010791,2.8,5.3,2.2,1157,13.41,5.0,2.5,Met
OPS-006741,ORD-006741,2.9,3.9,4.2,1082,7.88,5.0,4.5,Met
OPS-005729,ORD-005729,2.6,3.3,1.9,362,7.57,5.0,2.1,Met
OPS-008184,ORD-008184,3.2,4.2,7.0,291,4.09,5.0,7.3,Breached
OPS-007941,ORD-007941,1.5,3.6,6.3,720,8.5,5.0,6.5,Breached
OPS-003265,ORD-003265,2.7,3.1,4.9,1069,6.78,5.0,5.1,Breached
OPS-006143,ORD-006143,2.2,4.5,2.3,806,8.1,5.0,2.6,Met
OPS-008000,ORD-008000,3.9,1.6,4.3,535,9.84,5.0,4.5,Met
OPS-008104,ORD-008104,2.6,6.8,4.4,1172,8.82,5.0,4.8,Met
OPS-004617,ORD-004617,1.8,3.7,2.1,1890,9.57,5.0,2.3,Met
OPS-008864,ORD-008864,0.5,1.7,2.7,236,4.22,5.0,2.8,Met
OPS-008108,ORD-008108,2.7,5.5,4.2,1657,6.84,5.0,4.5,Met
OPS-011069,ORD-011069,3.0,5.0,2.5,1189,9.81,5.0,2.8,Met
OPS-009238,ORD-009238,2.9,7.2,2.5,1590,5.48,5.0,2.9,Met
OPS-004560,ORD-004560,2.7,1.8,5.2,962,10.92,5.0,5.4,Breached
OPS-009723,ORD-009723,2.0,6.3,3.3,1026,7.05,5.0,3.6,Met
OPS-011289,ORD-011289,0.9,4.1,3.4,165,8.58,5.0,3.6,Met
OPS-002376,ORD-002376,1.7,6.5,1.4,1245,9.32,5.0,1.7,Met
OPS-011276,ORD-011276,1.0,7.8,3.0,1015,6.11,5.0,3.4,Met
OPS-002532,ORD-002532,2.0,4.3,5.7,799,11.43,5.0,6.0,Breached
OPS-005038,ORD-005038,1.8,7.6,1.2,1504,10.02,5.0,1.6,Met
OPS-012496,ORD-012496,1.1,2.6,1.8,632,9.05,5.0,2.0,Met
OPS-006190,ORD-006190,3.4,7.6,2.0,1577,6.59,5.0,2.5,Met
OPS-002776,ORD-002776,3.4,2.4,4.9,1440,6.83,5.0,5.1,Breached
OPS-001924,ORD-001924,1.3,3.6,5.8,1638,12.14,5.0,6.0,Breached
OPS-006206,ORD-006206,3.2,7.2,2.4,1456,13.13,5.0,2.8,Met
OPS-001750,ORD-001750,0.8,5.5,1.6,1413,4.28,5.0,1.9,Met
OPS-010781,ORD-010781,1.6,6.3,2.5,1017,6.66,5.0,2.8,Met
OPS-009232,ORD-009232,1.8,7.6,2.3,424,10.6,5.0,2.7,Met
OPS-004313,ORD-004313,3.9,7.9,1.7,1911,12.71,5.0,2.2,Met
OPS-005564,ORD-005564,0.6,7.2,4.4,1037,6.5,5.0,4.7,Met
OPS-001120,ORD-001120,1.6,2.9,1.2,1912,13.07,5.0,1.4,Met
OPS-003589,ORD-003589,3.8,7.2,3.1,1859,5.61,5.0,3.6,Met
OPS-001866,ORD-001866,2.9,5.3,1.9,1780,11.41,5.0,2.2,Met
OPS-009985,ORD-009985,1.9,1.3,2.1,685,11.33,5.0,2.2,Met
OPS-008860,ORD-008860,2.2,7.4,6.6,340,8.33,5.0,7.0,Breached
OPS-008018,ORD-008018,3.5,5.1,6.9,1672,13.58,5.0,7.3,Breached
OPS-004446,ORD-004446,1.2,4.3,2.9,415,5.35,5.0,3.1,Met
OPS-001536,ORD-001536,1.7,2.9,1.8,320,4.1,5.0,2.0,Met
OPS-000153,ORD-000153,2.3,1.2,4.2,1422,13.38,5.0,4.3,Met
OPS-001592,ORD-001592,3.6,2.6,4.2,1610,4.59,5.0,4.5,Met
OPS-000264,ORD-000264,1.5,6.8,3.6,1423,4.87,5.0,3.9,Met
OPS-006724,ORD-006724,3.3,1.1,6.1,1411,6.16,5.0,6.3,Breached
OPS-000856,ORD-000856,3.4,2.3,1.3,688,5.15,5.0,1.5,Met
OPS-012410,ORD-012410,1.8,6.6,4.7,1165,6.79,5.0,5.0,Met
OPS-004789,ORD-004789,3.8,5.3,6.2,1810,8.13,5.0,6.6,Breached
OPS-007114,ORD-007114,1.0,1.9,5.7,702,7.78,5.0,5.8,Breached
OPS-006788,ORD-006788,2.7,6.6,2.2,1258,13.7,5.0,2.6,Met
OPS-001839,ORD-001839,2.6,4.8,7.0,130,9.01,5.0,7.3,Breached
OPS-012081,ORD-012081,3.8,7.5,3.2,393,11.48,5.0,3.7,Met
OPS-012437,ORD-012437,3.9,6.6,2.8,962,5.14,5.0,3.2,Met
OPS-008500,ORD-008500,4.0,6.0,2.6,129,10.77,5.0,3.0,Met
OPS-011438,ORD-011438,2.3,3.0,2.8,649,11.64,5.0,3.0,Met
OPS-000284,ORD-000284,0.8,7.9,3.2,191,10.21,5.0,3.6,Met
OPS-003607,ORD-003607,3.5,5.8,5.7,1180,5.74,5.0,6.1,Breached
OPS-008195,ORD-008195,1.6,7.4,1.5,1872,4.39,5.0,1.9,Met
OPS-009601,ORD-009601,1.5,5.3,5.9,1753,12.6,5.0,6.2,Breached
OPS-008424,ORD-008424,2.5,6.0,1.4,1140,5.76,5.0,1.8,Met
OPS-008884,ORD-008884,3.9,1.1,3.9,1949,13.81,5.0,4.1,Met
OPS-011306,ORD-011306,2.6,7.8,5.2,901,11.77,5.0,5.6,Breached
OPS-001018,ORD-001018,0.5,7.4,2.0,818,5.65,5.0,2.3,Met
OPS-002907,ORD-002907,2.7,4.7,1.9,242,12.14,5.0,2.2,Met
OPS-008812,ORD-008812,3.7,3.6,2.8,476,6.33,5.0,3.1,Met
OPS-002737,ORD-002737,2.1,2.2,4.6,648,13.05,5.0,4.8,Met
OPS-002408,ORD-002408,3.4,3.5,3.2,206,6.8,5.0,3.5,Met
OPS-005608,ORD-005608,1.6,6.3,6.5,1616,5.37,5.0,6.8,Breached
OPS-005735,ORD-005735,1.3,3.5,4.3,1570,8.12,5.0,4.5,Met
OPS-000851,ORD-000851,4.0,5.4,4.9,1277,4.58,5.0,5.3,Breached
OPS-003252,ORD-003252,1.6,2.7,3.4,1808,7.69,5.0,3.6,Met
OPS-009343,ORD-009343,2.2,4.6,4.7,633,8.8,5.0,5.0,Met
OPS-002149,ORD-002149,1.5,4.4,2.3,900,6.24,5.0,2.5,Met
OPS-012282,ORD-012282,2.7,6.5,1.1,1435,10.2,5.0,1.5,Met
OPS-000962,ORD-000962,1.5,5.0,1.0,1416,6.82,5.0,1.3,Met
OPS-004732,ORD-004732,2.7,5.7,6.3,890,10.41,5.0,6.6,Breached
OPS-000165,ORD-000165,0.8,3.8,1.6,1817,12.35,5.0,1.8,Met
OPS-010009,ORD-010009,0.8,2.6,3.4,1587,5.78,5.0,3.5,Met
OPS-004101,ORD-004101,2.6,6.8,2.1,1992,6.62,5.0,2.5,Met
OPS-002789,ORD-002789,3.8,1.2,2.9,314,4.22,5.0,3.1,Met
OPS-004242,ORD-004242,2.8,2.3,2.1,382,7.89,5.0,2.3,Met
OPS-002735,ORD-002735,3.9,4.8,5.5,1795,7.65,5.0,5.9,Breached
OPS-007411,ORD-007411,1.6,3.2,5.8,295,10.06,5.0,6.0,Breached
OPS-003319,ORD-003319,3.3,4.4,3.9,1380,5.88,5.0,4.2,Met
OPS-003486,ORD-003486,1.7,3.4,3.7,877,6.45,5.0,3.9,Met
OPS-004202,ORD-004202,3.4,5.1,5.2,1631,8.88,5.0,5.6,Breached
OPS-001908,ORD-001908,1.8,3.3,5.0,487,5.52,5.0,5.2,Breached
OPS-004857,ORD-004857,1.6,3.6,3.9,1641,10.0,5.0,4.1,Met
OPS-001354,ORD-001354,3.3,3.6,5.0,1193,6.38,5.0,5.3,Breached
OPS-000144,ORD-000144,1.5,1.2,4.3,1873,12.05,5.0,4.4,Met
OPS-009839,ORD-009839,2.6,7.4,6.1,1480,5.91,5.0,6.5,Breached
OPS-010397,ORD-010397,2.0,3.3,3.3,318,6.89,5.0,3.5,Met
OPS-001230,ORD-001230,1.1,6.6,2.4,589,6.84,5.0,2.7,Met
OPS-008722,ORD-008722,2.4,6.3,6.7,1847,9.04,5.0,7.1,Breached
OPS-007374,ORD-007374,2.5,5.7,2.3,1318,11.21,5.0,2.6,Met
OPS-009213,ORD-009213,3.0,2.4,1.1,818,10.7,5.0,1.3,Met
OPS-003157,ORD-003157,3.4,3.4,1.0,139,6.06,5.0,1.3,Met
OPS-007160,ORD-007160,2.9,2.4,4.8,403,11.8,5.0,5.0,Met
OPS-004269,ORD-004269,2.2,6.0,6.7,638,9.9,5.0,7.0,Breached
OPS-006781,ORD-006781,2.4,3.3,5.3,252,5.3,5.0,5.5,Breached
OPS-001975,ORD-001975,4.0,6.2,2.3,1754,13.35,5.0,2.7,Met
OPS-011562,ORD-011562,0.9,7.1,1.2,1413,12.52,5.0,1.5,Met
OPS-004036,ORD-004036,3.4,2.9,1.6,543,13.08,5.0,1.9,Met
OPS-008736,ORD-008736,2.6,6.1,3.6,1360,7.65,5.0,4.0,Met
OPS-005895,ORD-005895,3.3,4.6,2.2,631,7.16,5.0,2.5,Met
OPS-000089,ORD-000089,3.9,2.0,5.9,1835,10.65,5.0,6.1,Breached
OPS-000764,ORD-000764,0.6,6.2,1.5,1838,4.85,5.0,1.8,Met
OPS-001411,ORD-001411,2.8,6.8,2.8,1076,8.34,5.0,3.2,Met
OPS-003347,ORD-003347,1.0,6.9,4.8,1658,10.81,5.0,5.1,Breached
OPS-001056,ORD-001056,2.1,6.9,5.8,1495,8.39,5.0,6.2,Breached
OPS-000741,ORD-000741,1.5,6.7,3.3,383,11.37,5.0,3.6,Met
OPS-007973,ORD-007973,2.6,4.0,5.9,191,4.6,5.0,6.2,Breached
OPS-003137,ORD-003137,1.4,2.7,5.8,1092,13.3,5.0,6.0,Breached
OPS-001300,ORD-001300,1.4,5.0,5.1,517,8.69,5.0,5.4,Breached
OPS-001382,ORD-001382,0.8,1.4,5.2,1629,13.37,5.0,5.3,Breached
OPS-000439,ORD-000439,2.8,2.4,5.2,1391,11.07,5.0,5.4,Breached
OPS-005954,ORD-005954,2.2,4.8,2.7,975,6.51,5.0,3.0,Met
OPS-006934,ORD-006934,2.9,3.8,5.8,1945,4.79,5.0,6.1,Breached
OPS-003951,ORD-003951,2.0,4.5,5.4,908,7.04,5.0,5.7,Breached
OPS-002144,ORD-002144,3.1,7.8,6.7,688,13.6,5.0,7.2,Breached
OPS-010967,ORD-010967,2.7,1.3,6.0,1405,8.18,5.0,6.2,Breached
OPS-000513,ORD-000513,3.6,7.2,3.0,326,6.64,5.0,3.5,Met
OPS-008624,ORD-008624,2.3,7.8,2.7,1913,11.85,5.0,3.1,Met
OPS-003426,ORD-003426,0.9,2.5,5.7,1499,12.42,5.0,5.8,Breached
OPS-012088,ORD-012088,3.7,6.9,3.8,908,9.61,5.0,4.2,Met
OPS-002244,ORD-002244,1.9,4.8,5.3,822,10.5,5.0,5.6,Breached
OPS-010724,ORD-010724,3.4,5.8,6.4,452,11.86,5.0,6.8,Breached
OPS-002036,ORD-002036,2.7,7.1,4.2,267,6.33,5.0,4.6,Met
OPS-004529,ORD-004529,3.6,2.7,2.8,1692,8.17,5.0,3.1,Met
OPS-002234,ORD-002234,3.5,3.4,5.9,647,9.99,5.0,6.2,Breached
OPS-008563,ORD-008563,3.8,6.3,5.4,885,12.57,5.0,5.8,Breached
OPS-011052,ORD-011052,3.6,4.5,5.9,1635,12.28,5.0,6.2,Breached
OPS-012315,ORD-012315,2.6,6.9,6.6,1565,7.39,5.0,7.0,Breached
OPS-001546,ORD-001546,2.4,5.7,1.6,814,5.78,5.0,1.9,Met
OPS-001801,ORD-001801,0.6,6.4,4.4,505,12.63,5.0,4.7,Met
OPS-007690,ORD-007690,3.8,6.4,3.9,1424,8.26,5.0,4.3,Met
OPS-000843,ORD-000843,3.3,6.5,1.2,479,5.42,5.0,1.6,Met
OPS-006430,ORD-006430,2.3,4.5,1.6,821,8.38,5.0,1.9,Met
OPS-010823,ORD-010823,1.5,2.6,6.4,1896,9.28,5.0,6.6,Breached
OPS-005616,ORD-005616,3.8,3.3,2.3,649,12.57,5.0,2.6,Met
OPS-004937,ORD-004937,3.1,2.5,2.9,1501,12.24,5.0,3.1,Met
OPS-012032,ORD-012032,1.4,7.4,6.1,715,5.5,5.0,6.5,Breached
OPS-001228,ORD-001228,3.9,1.1,1.5,1049,13.94,5.0,1.7,Met
OPS-005744,ORD-005744,1.2,6.9,2.7,1455,8.17,5.0,3.0,Met
OPS-007844,ORD-007844,3.5,4.5,1.5,107,10.14,5.0,1.8,Met
OPS-007465,ORD-007465,1.6,5.3,6.2,1633,4.45,5.0,6.5,Breached
OPS-004303,ORD-004303,1.4,2.4,5.6,675,10.0,5.0,5.8,Breached
OPS-012436,ORD-012436,3.2,7.7,4.9,510,7.35,5.0,5.4,Breached
OPS-003542,ORD-003542,2.4,6.9,3.5,777,13.9,5.0,3.9,Met
OPS-000951,ORD-000951,1.8,5.1,3.5,921,11.21,5.0,3.8,Met
OPS-004938,ORD-004938,0.8,3.6,2.6,1960,12.09,5.0,2.8,Met
OPS-011867,ORD-011867,2.2,5.7,4.7,1633,10.46,5.0,5.0,Met
OPS-008914,ORD-008914,3.0,1.3,3.7,975,5.32,5.0,3.9,Met
OPS-007022,ORD-007022,0.6,7.0,3.4,1528,4.34,5.0,3.7,Met
OPS-003353,ORD-003353,2.2,7.8,7.0,545,9.39,5.0,7.4,Breached
OPS-002619,ORD-002619,3.4,3.3,1.6,406,12.92,5.0,1.9,Met
OPS-003075,ORD-003075,1.3,2.9,6.5,1906,12.13,5.0,6.7,Breached
OPS-000268,ORD-000268,1.4,1.2,2.0,1934,5.7,5.0,2.1,Met
OPS-004703,ORD-004703,3.5,4.9,6.1,1915,5.9,5.0,6.4,Breached
OPS-006459,ORD-006459,3.1,3.2,4.8,108,10.95,5.0,5.1,Breached
OPS-002152,ORD-002152,1.2,1.6,1.6,1818,9.33,5.0,1.7,Met
OPS-003183,ORD-003183,1.9,1.9,2.6,1049,5.07,5.0,2.8,Met
OPS-000747,ORD-000747,2.4,7.0,6.2,375,11.06,5.0,6.6,Breached
OPS-000952,ORD-000952,2.0,7.5,6.4,1499,9.73,5.0,6.8,Breached
OPS-004800,ORD-004800,3.9,1.4,2.1,1122,6.02,5.0,2.3,Met
OPS-009909,ORD-009909,2.4,4.3,5.0,1922,5.71,5.0,5.3,Breached
OPS-011078,ORD-011078,2.3,1.3,1.6,1932,12.35,5.0,1.8,Met
OPS-007749,ORD-007749,3.9,5.3,1.6,732,7.84,5.0,2.0,Met
OPS-006317,ORD-006317,1.3,4.8,5.2,1199,7.24,5.0,5.5,Breached
OPS-001760,ORD-001760,2.2,7.0,2.3,1796,9.22,5.0,2.7,Met
OPS-001767,ORD-001767,1.1,7.2,4.0,209,13.47,5.0,4.3,Met
OPS-004086,ORD-004086,2.9,6.2,1.7,355,8.1,5.0,2.1,Met
OPS-007694,ORD-007694,2.7,6.3,1.5,786,10.3,5.0,1.9,Met
OPS-006142,ORD-006142,2.2,3.1,2.2,775,12.7,5.0,2.4,Met
OPS-003655,ORD-003655,2.3,6.3,1.4,1584,13.09,5.0,1.8,Met
OPS-012277,ORD-012277,3.8,2.9,2.3,769,5.11,5.0,2.6,Met
OPS-008635,ORD-008635,0.8,5.0,6.3,897,12.75,5.0,6.5,Breached
OPS-005808,ORD-005808,3.4,1.7,6.6,1999,11.75,5.0,6.8,Breached
OPS-003885,ORD-003885,3.4,1.0,6.0,714,4.57,5.0,6.2,Breached
OPS-011637,ORD-011637,1.8,2.2,3.6,1995,4.14,5.0,3.8,Met
OPS-011516,ORD-011516,1.9,6.2,3.5,1898,12.92,5.0,3.8,Met
OPS-007475,ORD-007475,0.9,2.4,5.6,628,13.27,5.0,5.7,Breached
OPS-010677,ORD-010677,1.4,6.2,3.3,990,7.46,5.0,3.6,Met
OPS-008127,ORD-008127,1.9,6.4,1.4,668,12.66,5.0,1.7,Met
OPS-005614,ORD-005614,1.0,3.6,4.2,883,10.45,5.0,4.4,Met
OPS-002107,ORD-002107,2.3,2.6,5.6,1768,6.91,5.0,5.8,Breached
OPS-001477,ORD-001477,2.5,1.5,5.3,506,13.78,5.0,5.5,Breached
OPS-006395,ORD-006395,1.6,3.5,3.9,929,9.59,5.0,4.1,Met
OPS-007276,ORD-007276,0.8,2.3,2.3,869,6.01,5.0,2.4,Met
OPS-000085,ORD-000085,2.6,3.3,6.7,1886,8.87,5.0,6.9,Breached
OPS-000908,ORD-000908,1.2,2.3,1.5,828,8.21,5.0,1.6,Met
OPS-004348,ORD-004348,1.4,4.5,2.6,1540,10.95,5.0,2.8,Met
OPS-000801,ORD-000801,2.0,7.7,3.3,1419,6.51,5.0,3.7,Met
OPS-009692,ORD-009692,4.0,7.9,6.7,406,11.02,5.0,7.2,Breached
OPS-005839,ORD-005839,2.4,3.2,4.2,1160,5.51,5.0,4.4,Met
OPS-009071,ORD-009071,2.3,2.7,4.9,1587,6.9,5.0,5.1,Breached
OPS-001366,ORD-001366,2.4,2.7,6.6,1563,12.23,5.0,6.8,Breached
OPS-005453,ORD-005453,3.2,6.9,2.9,1908,8.23,5.0,3.3,Met
OPS-001168,ORD-001168,2.1,4.3,2.8,1714,8.98,5.0,3.1,Met
OPS-011892,ORD-011892,2.4,5.4,3.0,1066,11.93,5.0,3.3,Met
OPS-012040,ORD-012040,2.8,7.8,2.6,706,8.57,5.0,3.0,Met
OPS-012199,ORD-012199,3.3,1.9,5.1,1778,5.9,5.0,5.3,Breached
OPS-006000,ORD-006000,3.6,3.0,3.1,273,4.93,5.0,3.4,Met
OPS-003489,ORD-003489,1.7,3.3,3.9,1148,4.04,5.0,4.1,Met
OPS-001822,ORD-001822,0.8,1.3,4.2,421,4.13,5.0,4.3,Met
OPS-008453,ORD-008453,1.7,6.4,2.8,1654,6.62,5.0,3.1,Met
OPS-000901,ORD-000901,0.7,5.9,6.1,500,10.61,5.0,6.4,Breached
OPS-000780,ORD-000780,3.4,3.3,2.5,423,7.07,5.0,2.8,Met
OPS-008592,ORD-008592,3.6,5.2,4.9,1859,8.0,5.0,5.3,Breached
OPS-011187,ORD-011187,0.6,3.4,3.3,258,13.12,5.0,3.5,Met
OPS-005897,ORD-005897,3.5,2.3,4.6,940,5.74,5.0,4.8,Met
OPS-002603,ORD-002603,3.2,3.0,3.4,303,10.25,5.0,3.7,Met
OPS-012186,ORD-012186,1.7,5.1,3.2,413,11.75,5.0,3.5,Met
OPS-001965,ORD-001965,1.5,4.1,1.9,561,8.77,5.0,2.1,Met
OPS-003346,ORD-003346,2.3,3.7,2.5,749,4.99,5.0,2.8,Met
OPS-004597,ORD-004597,1.0,6.6,2.9,1975,11.03,5.0,3.2,Met
OPS-001800,ORD-001800,2.5,6.5,5.3,899,6.4,5.0,5.7,Breached
OPS-002766,ORD-002766,3.8,3.8,4.8,487,10.05,5.0,5.1,Breached
OPS-004071,ORD-004071,2.3,5.4,4.2,1686,5.29,5.0,4.5,Met
OPS-011097,ORD-011097,3.6,7.7,1.0,1302,4.28,5.0,1.5,Met
OPS-005792,ORD-005792,2.3,5.1,6.9,1769,12.77,5.0,7.2,Breached
OPS-003837,ORD-003837,1.2,7.1,2.7,523,8.01,5.0,3.0,Met
OPS-006982,ORD-006982,3.1,1.4,3.2,1846,6.88,5.0,3.4,Met
OPS-001267,ORD-001267,2.5,7.4,3.3,1337,5.77,5.0,3.7,Met
OPS-005896,ORD-005896,1.7,4.5,6.6,951,7.42,5.0,6.9,Breached
OPS-009968,ORD-009968,2.3,1.2,3.7,1087,7.44,5.0,3.8,Met
OPS-001217,ORD-001217,2.1,6.6,5.6,1490,6.21,5.0,6.0,Breached
OPS-008282,ORD-008282,1.3,6.2,2.5,908,11.33,5.0,2.8,Met
OPS-011260,ORD-011260,2.0,5.4,2.2,280,4.93,5.0,2.5,Met
OPS-008116,ORD-008116,2.5,2.0,2.0,859,11.82,5.0,2.2,Met
OPS-012353,ORD-012353,2.8,1.3,1.6,281,6.47,5.0,1.8,Met
OPS-002193,ORD-002193,3.5,7.6,4.6,769,5.03,5.0,5.1,Breached
OPS-003117,ORD-003117,2.4,5.3,4.4,1777,6.81,5.0,4.7,Met
OPS-006615,ORD-006615,0.7,1.7,1.1,1532,6.69,5.0,1.2,Met
OPS-011103,ORD-011103,2.0,7.8,1.2,1537,10.61,5.0,1.6,Met
OPS-004158,ORD-004158,1.8,3.4,1.1,1348,11.26,5.0,1.3,Met
OPS-009344,ORD-009344,3.2,5.2,6.8,1520,8.91,5.0,7.1,Breached
OPS-005730,ORD-005730,3.7,2.1,1.5,1844,12.29,5.0,1.7,Met
OPS-000939,ORD-000939,0.5,2.6,6.3,1344,10.76,5.0,6.4,Breached
OPS-007352,ORD-007352,1.9,6.3,4.8,339,4.31,5.0,5.1,Breached
OPS-000672,ORD-000672,3.3,2.6,5.4,252,7.84,5.0,5.6,Breached
OPS-008608,ORD-008608,3.7,4.4,5.0,1784,6.12,5.0,5.3,Breached
OPS-002155,ORD-002155,2.0,5.5,2.3,1868,5.46,5.0,2.6,Met
OPS-011724,ORD-011724,3.2,6.5,6.5,1226,7.17,5.0,6.9,Breached
OPS-001016,ORD-001016,2.0,3.7,5.0,167,7.62,5.0,5.2,Breached
OPS-012235,ORD-012235,2.6,2.4,5.8,897,10.5,5.0,6.0,Breached
OPS-011305,ORD-011305,1.1,4.7,1.1,1818,12.97,5.0,1.3,Met
OPS-011381,ORD-011381,2.9,5.2,3.5,681,5.5,5.0,3.8,Met
OPS-001958,ORD-001958,2.3,4.8,3.2,512,5.16,5.0,3.5,Met
OPS-005802,ORD-005802,2.6,7.5,3.7,473,7.15,5.0,4.1,Met
OPS-008474,ORD-008474,2.6,2.6,6.7,1239,4.82,5.0,6.9,Breached
OPS-004061,ORD-004061,3.4,3.8,1.3,584,7.34,5.0,1.6,Met
OPS-002454,ORD-002454,1.6,5.6,5.4,211,6.15,5.0,5.7,Breached
OPS-006495,ORD-006495,0.7,2.6,6.4,821,5.34,5.0,6.5,Breached
OPS-009654,ORD-009654,1.3,2.5,1.6,528,13.96,5.0,1.8,Met
OPS-010935,ORD-010935,3.6,7.1,4.3,113,12.62,5.0,4.7,Met
OPS-010030,ORD-010030,2.2,6.2,4.8,995,12.5,5.0,5.1,Breached
OPS-006290,ORD-006290,2.8,2.6,4.4,1038,11.26,5.0,4.6,Met
OPS-009960,ORD-009960,2.1,6.1,6.0,1873,5.44,5.0,6.3,Breached
OPS-001392,ORD-001392,3.9,1.7,4.9,889,12.43,5.0,5.1,Breached
OPS-007568,ORD-007568,3.3,6.9,3.4,630,9.25,5.0,3.8,Met
OPS-003508,ORD-003508,1.9,1.6,5.5,1885,11.84,5.0,5.6,Breached
OPS-005625,ORD-005625,3.6,3.7,2.2,207,11.38,5.0,2.5,Met
OPS-004497,ORD-004497,1.3,1.2,5.8,279,11.12,5.0,5.9,Breached
OPS-001876,ORD-001876,3.6,5.8,1.5,1434,8.46,5.0,1.9,Met
OPS-005690,ORD-005690,3.8,3.2,2.8,1661,12.7,5.0,3.1,Met
OPS-002728,ORD-002728,3.7,6.7,6.7,1908,7.64,5.0,7.1,Breached
OPS-009082,ORD-009082,1.5,6.3,5.5,149,7.18,5.0,5.8,Breached
OPS-010029,ORD-010029,1.1,2.5,2.3,754,11.36,5.0,2.4,Met
OPS-010799,ORD-010799,4.0,1.4,5.7,1678,10.62,5.0,5.9,Breached
OPS-009529,ORD-009529,3.4,3.2,6.6,771,4.07,5.0,6.9,Breached
OPS-007889,ORD-007889,1.2,4.5,4.9,420,7.0,5.0,5.1,Breached
OPS-011066,ORD-011066,2.3,3.8,1.1,242,6.93,5.0,1.4,Met
OPS-009479,ORD-009479,0.9,6.4,5.3,1592,9.49,5.0,5.6,Breached
OPS-002243,ORD-002243,0.7,4.1,4.8,1741,9.89,5.0,5.0,Met
OPS-010995,ORD-010995,3.3,1.6,6.2,545,5.24,5.0,6.4,Breached
OPS-009812,ORD-009812,2.5,2.7,4.2,1627,5.3,5.0,4.4,Met
OPS-011093,ORD-011093,3.1,6.9,1.9,1593,11.38,5.0,2.3,Met
OPS-001237,ORD-001237,2.9,7.7,6.4,600,11.17,5.0,6.8,Breached
OPS-011804,ORD-011804,2.0,6.5,2.1,1737,6.83,5.0,2.5,Met
OPS-004308,ORD-004308,2.0,5.1,3.4,1350,7.19,5.0,3.7,Met
OPS-006521,ORD-006521,1.8,6.4,1.2,1127,4.46,5.0,1.5,Met
OPS-007359,ORD-007359,2.8,3.0,4.9,1430,12.64,5.0,5.1,Breached
OPS-000003,ORD-000003,1.9,7.0,3.9,226,5.03,5.0,4.3,Met
OPS-005567,ORD-005567,2.5,1.3,1.7,1703,4.38,5.0,1.9,Met
OPS-003439,ORD-003439,2.6,7.9,3.1,1217,7.38,5.0,3.5,Met
OPS-010925,ORD-010925,2.2,4.3,6.6,671,5.91,5.0,6.9,Breached
OPS-008304,ORD-008304,0.9,4.9,4.8,976,8.97,5.0,5.0,Met
OPS-005240,ORD-005240,1.1,5.4,3.5,1976,11.85,5.0,3.8,Met
OPS-005785,ORD-005785,3.5,2.2,1.2,1593,7.88,5.0,1.4,Met
OPS-011376,ORD-011376,1.2,2.6,3.7,738,5.3,5.0,3.9,Met
OPS-010566,ORD-010566,3.7,5.5,3.5,1186,6.97,5.0,3.9,Met
OPS-003261,ORD-003261,2.1,4.2,2.9,1065,8.48,5.0,3.2,Met
OPS-011028,ORD-011028,1.7,3.7,4.9,1190,13.11,5.0,5.1,Breached
OPS-000825,ORD-000825,1.6,8.0,1.5,1017,4.07,5.0,1.9,Met
OPS-011032,ORD-011032,2.4,3.3,2.3,1736,10.71,5.0,2.5,Met
OPS-010204,ORD-010204,3.4,1.7,5.2,1561,7.63,5.0,5.4,Breached
OPS-008870,ORD-008870,2.2,1.8,6.4,951,5.31,5.0,6.6,Breached
OPS-011366,ORD-011366,1.6,2.1,4.9,659,5.57,5.0,5.1,Breached
OPS-010187,ORD-010187,2.9,7.6,4.3,1896,7.64,5.0,4.7,Met
OPS-011772,ORD-011772,0.8,5.7,4.5,919,8.94,5.0,4.8,Met
OPS-009718,ORD-009718,1.0,6.8,2.2,408,12.12,5.0,2.5,Met
OPS-005382,ORD-005382,1.9,1.6,4.4,121,4.87,5.0,4.5,Met
OPS-010162,ORD-010162,3.8,3.3,2.6,270,11.99,5.0,2.9,Met
OPS-012468,ORD-012468,3.0,7.1,5.5,1058,12.1,5.0,5.9,Breached
OPS-002781,ORD-002781,0.9,2.8,4.3,146,11.83,5.0,4.5,Met
OPS-007675,ORD-007675,1.4,1.3,4.3,1805,7.73,5.0,4.4,Met
OPS-002842,ORD-002842,1.1,4.4,3.2,794,7.69,5.0,3.4,Met
OPS-011842,ORD-011842,2.9,7.9,6.5,1056,10.94,5.0,7.0,Breached
OPS-011217,ORD-011217,2.4,4.7,6.2,1721,7.89,5.0,6.5,Breached
OPS-008603,ORD-008603,0.5,7.3,4.9,1477,4.95,5.0,5.2,Breached
OPS-005068,ORD-005068,4.0,4.3,4.6,100,13.76,5.0,4.9,Met
OPS-005009,ORD-005009,3.6,1.9,3.0,723,9.88,5.0,3.2,Met
OPS-003406,ORD-003406,1.8,7.1,3.2,279,8.62,5.0,3.6,Met
OPS-004185,ORD-004185,1.0,4.2,6.8,611,9.31,5.0,7.0,Breached
OPS-000835,ORD-000835,2.5,3.3,3.8,1533,5.63,5.0,4.0,Met
OPS-003743,ORD-003743,1.3,4.2,2.1,1043,13.53,5.0,2.3,Met
OPS-004324,ORD-004324,0.6,5.7,4.6,971,6.08,5.0,4.9,Met
OPS-003544,ORD-003544,2.0,4.4,3.8,468,9.86,5.0,4.1,Met
OPS-005067,ORD-005067,0.5,4.1,6.1,1491,4.21,5.0,6.3,Breached
OPS-010941,ORD-010941,2.0,3.8,4.7,1231,5.07,5.0,4.9,Met
OPS-012264,ORD-012264,2.5,1.2,4.3,760,5.09,5.0,4.5,Met
OPS-012433,ORD-012433,1.7,4.1,5.1,119,4.35,5.0,5.3,Breached
OPS-003928,ORD-003928,2.7,3.8,4.9,1248,12.44,5.0,5.2,Breached
OPS-010682,ORD-010682,1.5,2.4,3.5,1448,6.16,5.0,3.7,Met
OPS-008483,ORD-008483,1.4,5.7,5.7,336,5.45,5.0,6.0,Breached
OPS-006397,ORD-006397,2.5,7.5,3.5,1463,6.74,5.0,3.9,Met
OPS-010172,ORD-010172,0.8,7.5,4.8,752,10.59,5.0,5.1,Breached
OPS-000372,ORD-000372,0.9,1.6,6.5,1156,4.68,5.0,6.6,Breached
OPS-012205,ORD-012205,3.0,3.0,6.0,566,13.35,5.0,6.2,Breached
OPS-010149,ORD-010149,3.2,6.8,2.7,739,9.18,5.0,3.1,Met
OPS-012011,ORD-012011,2.4,6.3,4.2,1224,8.0,5.0,4.6,Met
OPS-000492,ORD-000492,1.3,2.6,4.8,423,4.74,5.0,5.0,Met
OPS-003712,ORD-003712,0.9,2.7,2.1,508,13.67,5.0,2.2,Met
OPS-003753,ORD-003753,2.7,5.6,1.4,1913,7.02,5.0,1.7,Met
OPS-007026,ORD-007026,3.5,4.1,3.7,694,11.73,5.0,4.0,Met
OPS-007397,ORD-007397,3.4,7.9,1.4,529,4.54,5.0,1.9,Met
OPS-007745,ORD-007745,0.5,5.7,5.0,1275,9.77,5.0,5.3,Breached
OPS-011188,ORD-011188,1.7,6.2,5.4,650,13.23,5.0,5.7,Breached
OPS-012301,ORD-012301,1.0,1.5,1.6,1444,5.05,5.0,1.7,Met
OPS-007143,ORD-007143,3.9,5.5,5.4,1841,11.03,5.0,5.8,Breached
OPS-007545,ORD-007545,3.7,4.3,2.4,248,9.13,5.0,2.7,Met
OPS-005806,ORD-005806,1.5,3.0,2.9,1246,9.74,5.0,3.1,Met
OPS-006956,ORD-006956,2.9,5.7,6.8,1181,13.8,5.0,7.2,Breached
OPS-003109,ORD-003109,3.6,7.5,3.7,1361,11.31,5.0,4.2,Met
OPS-005524,ORD-005524,2.7,3.3,2.6,609,9.99,5.0,2.9,Met
OPS-000464,ORD-000464,0.9,7.6,3.6,618,12.77,5.0,4.0,Met
OPS-004042,ORD-004042,3.8,2.4,2.9,777,10.64,5.0,3.2,Met
OPS-006194,ORD-006194,2.4,2.2,5.1,1134,6.57,5.0,5.3,Breached
OPS-011998,ORD-011998,3.7,1.0,2.7,596,7.55,5.0,2.9,Met
OPS-004545,ORD-004545,3.0,1.6,1.3,346,12.98,5.0,1.5,Met
OPS-001586,ORD-001586,3.1,6.6,2.2,1925,13.49,5.0,2.6,Met
OPS-000650,ORD-000650,2.7,2.0,2.1,267,5.77,5.0,2.3,Met
OPS-007221,ORD-007221,0.8,2.2,2.2,1597,13.45,5.0,2.3,Met
OPS-002602,ORD-002602,1.7,4.8,5.6,475,13.23,5.0,5.9,Breached
OPS-002823,ORD-002823,1.5,4.3,1.6,1744,10.56,5.0,1.8,Met
OPS-009758,ORD-009758,3.6,4.0,5.6,343,8.93,5.0,5.9,Breached
OPS-003478,ORD-003478,1.6,4.9,4.4,184,7.13,5.0,4.7,Met
OPS-007355,ORD-007355,1.2,6.4,2.9,508,12.76,5.0,3.2,Met
OPS-010964,ORD-010964,1.0,3.3,6.0,1696,9.65,5.0,6.2,Breached
OPS-005227,ORD-005227,1.3,4.5,5.8,594,8.37,5.0,6.0,Breached
OPS-004705,ORD-004705,2.7,6.7,2.7,1176,6.94,5.0,3.1,Met
OPS-001034,ORD-001034,3.6,5.9,4.3,1324,7.58,5.0,4.7,Met
OPS-011292,ORD-011292,1.0,2.0,3.1,283,11.69,5.0,3.2,Met
OPS-011332,ORD-011332,4.0,1.3,6.1,1292,8.45,5.0,6.3,Breached
OPS-010481,ORD-010481,1.6,5.7,4.4,732,11.58,5.0,4.7,Met
OPS-011141,ORD-011141,1.6,4.4,3.6,921,9.82,5.0,3.9,Met
OPS-000453,ORD-000453,3.8,4.7,6.2,361,12.92,5.0,6.6,Breached
OPS-011793,ORD-011793,3.6,7.6,1.3,486,8.42,5.0,1.8,Met
OPS-009008,ORD-009008,1.1,7.8,3.9,1207,13.65,5.0,4.3,Met
OPS-004488,ORD-004488,2.7,4.0,1.4,456,8.27,5.0,1.7,Met
OPS-007261,ORD-007261,2.1,1.2,4.1,363,9.42,5.0,4.2,Met
OPS-011175,ORD-011175,3.8,4.5,4.5,1562,11.12,5.0,4.8,Met
OPS-004588,ORD-004588,2.9,7.2,3.8,1288,5.09,5.0,4.2,Met
OPS-008475,ORD-008475,3.6,3.0,2.5,801,8.05,5.0,2.8,Met
OPS-011159,ORD-011159,2.9,3.8,3.1,994,5.84,5.0,3.4,Met
OPS-006875,ORD-006875,0.6,6.0,3.8,831,13.97,5.0,4.1,Met
OPS-009263,ORD-009263,2.0,4.4,4.9,1299,5.08,5.0,5.2,Breached
OPS-000460,ORD-000460,3.5,2.3,2.8,1094,11.81,5.0,3.0,Met
OPS-007612,ORD-007612,1.9,1.9,6.5,1312,11.2,5.0,6.7,Breached
OPS-007570,ORD-007570,2.9,5.6,2.8,1335,10.27,5.0,3.2,Met
OPS-003059,ORD-003059,3.5,6.1,4.7,214,7.32,5.0,5.1,Breached
OPS-008479,ORD-008479,2.8,3.7,4.2,1970,13.95,5.0,4.5,Met
OPS-003158,ORD-003158,1.6,7.7,4.8,901,8.12,5.0,5.2,Breached
OPS-002048,ORD-002048,2.4,7.6,4.3,290,7.12,5.0,4.7,Met
OPS-001367,ORD-001367,2.5,7.0,1.9,1454,11.41,5.0,2.3,Met
OPS-002448,ORD-002448,2.9,3.7,5.8,1197,10.91,5.0,6.1,Breached
OPS-003554,ORD-003554,3.9,3.0,6.1,1728,13.28,5.0,6.4,Breached
OPS-006202,ORD-006202,0.6,6.9,2.6,374,6.25,5.0,2.9,Met
OPS-004356,ORD-004356,3.9,3.6,3.6,822,6.49,5.0,3.9,Met
OPS-009285,ORD-009285,2.6,1.8,6.3,935,11.33,5.0,6.5,Breached
OPS-009907,ORD-009907,1.1,5.4,1.3,1873,8.86,5.0,1.6,Met
OPS-001706,ORD-001706,1.2,6.7,3.1,434,4.74,5.0,3.4,Met
OPS-000910,ORD-000910,3.2,4.8,5.9,1496,6.52,5.0,6.2,Breached
OPS-010165,ORD-010165,3.7,1.9,3.7,1261,11.93,5.0,3.9,Met
OPS-000045,ORD-000045,1.8,6.6,2.6,962,7.99,5.0,3.0,Met
OPS-001559,ORD-001559,0.5,7.9,2.2,534,11.02,5.0,2.6,Met
OPS-010415,ORD-010415,3.8,6.4,2.5,1748,7.67,5.0,2.9,Met
OPS-011200,ORD-011200,1.5,2.8,1.8,375,10.7,5.0,2.0,Met
OPS-004730,ORD-004730,3.7,3.8,2.8,1488,10.7,5.0,3.1,Met
OPS-001140,ORD-001140,0.8,1.5,5.1,1639,12.47,5.0,5.2,Breached
OPS-004073,ORD-004073,1.3,6.0,6.8,824,6.57,5.0,7.1,Breached
OPS-003571,ORD-003571,4.0,7.3,3.9,1111,11.05,5.0,4.4,Met
OPS-009877,ORD-009877,0.7,3.0,6.0,1382,8.18,5.0,6.2,Breached
OPS-005125,ORD-005125,1.1,7.5,2.6,1875,6.35,5.0,3.0,Met
OPS-010320,ORD-010320,1.2,5.1,4.0,1406,10.59,5.0,4.3,Met
OPS-000154,ORD-000154,4.0,5.0,4.5,452,8.64,5.0,4.9,Met
OPS-005517,ORD-005517,2.8,5.1,2.5,1632,6.25,5.0,2.8,Met
OPS-010371,ORD-010371,1.9,3.2,3.8,553,10.6,5.0,4.0,Met
OPS-011468,ORD-011468,2.6,4.9,6.6,995,13.14,5.0,6.9,Breached
OPS-008068,ORD-008068,3.3,6.4,6.3,1699,10.19,5.0,6.7,Breached
OPS-006133,ORD-006133,2.4,3.2,1.5,1183,5.26,5.0,1.7,Met
OPS-007604,ORD-007604,1.7,3.5,1.9,1560,12.71,5.0,2.1,Met
OPS-003444,ORD-003444,2.6,7.4,5.6,1432,11.62,5.0,6.0,Breached
OPS-000475,ORD-000475,2.1,4.1,4.7,1972,13.14,5.0,5.0,Met
OPS-003241,ORD-003241,1.5,5.8,4.7,1007,10.62,5.0,5.0,Met
OPS-001871,ORD-001871,0.6,2.7,5.9,215,11.2,5.0,6.0,Breached
OPS-010017,ORD-010017,0.7,4.2,5.9,1648,5.43,5.0,6.1,Breached
OPS-011105,ORD-011105,1.3,7.3,6.6,811,9.58,5.0,7.0,Breached
OPS-009387,ORD-009387,2.5,2.8,5.3,1471,10.18,5.0,5.5,Breached
OPS-008530,ORD-008530,2.2,5.9,3.6,1144,5.8,5.0,3.9,Met
OPS-008272,ORD-008272,3.8,3.4,1.1,1415,12.92,5.0,1.4,Met
OPS-008956,ORD-008956,1.9,6.8,1.0,236,4.34,5.0,1.4,Met
OPS-004606,ORD-004606,3.5,3.8,2.3,1793,9.95,5.0,2.6,Met
OPS-001642,ORD-001642,2.5,6.3,3.3,1530,13.27,5.0,3.7,Met
OPS-008053,ORD-008053,0.6,6.5,6.1,726,5.0,5.0,6.4,Breached
OPS-011315,ORD-011315,3.8,3.8,4.0,279,4.17,5.0,4.3,Met
OPS-005714,ORD-005714,1.2,7.8,6.1,175,4.89,5.0,6.5,Breached
OPS-000008,ORD-000008,0.7,7.6,2.7,928,10.6,5.0,3.0,Met
OPS-005111,ORD-005111,1.4,2.2,1.2,1017,7.4,5.0,1.3,Met
OPS-002732,ORD-002732,1.2,4.5,7.0,345,5.17,5.0,7.2,Breached
OPS-009302,ORD-009302,2.1,4.5,3.4,760,9.02,5.0,3.7,Met
OPS-008514,ORD-008514,2.3,6.1,1.9,361,4.3,5.0,2.2,Met
OPS-011500,ORD-011500,2.7,4.4,2.2,1769,13.63,5.0,2.5,Met
OPS-010051,ORD-010051,3.9,7.0,5.7,1975,10.04,5.0,6.2,Breached
OPS-008564,ORD-008564,1.6,3.9,5.7,1198,4.39,5.0,5.9,Breached
OPS-005386,ORD-005386,2.7,6.5,4.5,1009,4.13,5.0,4.9,Met
OPS-002625,ORD-002625,1.4,3.4,2.3,1048,13.29,5.0,2.5,Met
OPS-011535,ORD-011535,1.9,4.3,7.0,1367,4.79,5.0,7.3,Breached
OPS-011746,ORD-011746,3.9,3.9,6.4,782,6.16,5.0,6.7,Breached
OPS-009086,ORD-009086,2.3,2.5,2.8,1043,10.18,5.0,3.0,Met
OPS-006915,ORD-006915,2.4,4.9,4.8,744,10.73,5.0,5.1,Breached
OPS-003675,ORD-003675,1.9,1.0,5.9,476,10.09,5.0,6.0,Breached
OPS-003650,ORD-003650,3.1,4.1,5.3,1541,12.57,5.0,5.6,Breached
OPS-001547,ORD-001547,3.2,1.4,5.4,442,9.81,5.0,5.6,Breached
OPS-004687,ORD-004687,3.3,4.3,3.3,897,11.44,5.0,3.6,Met
OPS-002205,ORD-002205,1.6,4.0,2.7,212,6.02,5.0,2.9,Met
OPS-005857,ORD-005857,1.4,6.1,3.8,1532,9.87,5.0,4.1,Met
OPS-000883,ORD-000883,1.8,6.1,6.5,1053,12.78,5.0,6.8,Breached
OPS-002022,ORD-002022,3.0,2.6,6.4,1215,8.78,5.0,6.6,Breached
OPS-011521,ORD-011521,3.9,5.9,3.7,1321,5.86,5.0,4.1,Met
OPS-010495,ORD-010495,0.9,2.8,6.5,180,6.78,5.0,6.7,Breached
OPS-008887,ORD-008887,3.5,5.3,3.5,649,11.25,5.0,3.9,Met
OPS-010550,ORD-010550,2.0,6.1,5.1,1953,8.23,5.0,5.4,Breached
OPS-009936,ORD-009936,2.7,3.7,6.2,1239,8.36,5.0,6.5,Breached
OPS-007131,ORD-007131,2.9,4.5,4.0,565,10.46,5.0,4.3,Met
OPS-011055,ORD-011055,0.9,4.6,1.2,1098,10.08,5.0,1.4,Met
OPS-008574,ORD-008574,2.8,2.9,2.2,1073,8.2,5.0,2.4,Met
OPS-011511,ORD-011511,1.0,5.2,4.1,983,8.5,5.0,4.4,Met
OPS-009605,ORD-009605,1.1,5.3,2.9,1491,6.74,5.0,3.2,Met
OPS-011873,ORD-011873,2.3,4.7,4.3,1228,11.17,5.0,4.6,Met
OPS-008452,ORD-008452,1.8,3.1,1.5,229,5.95,5.0,1.7,Met
OPS-006669,ORD-006669,1.6,2.8,2.6,814,6.61,5.0,2.8,Met
OPS-007915,ORD-007915,2.2,3.2,5.4,1640,12.84,5.0,5.6,Breached
OPS-002271,ORD-002271,3.8,5.6,5.7,1775,9.39,5.0,6.1,Breached
OPS-001693,ORD-001693,1.5,2.4,5.9,356,5.62,5.0,6.1,Breached
OPS-007819,ORD-007819,2.5,1.5,6.4,1294,6.5,5.0,6.6,Breached
OPS-008901,ORD-008901,3.6,6.8,2.0,1665,4.9,5.0,2.4,Met
OPS-005144,ORD-005144,1.4,4.0,5.3,264,9.8,5.0,5.5,Breached
OPS-001525,ORD-001525,3.6,4.8,3.5,1183,5.57,5.0,3.9,Met
OPS-009023,ORD-009023,3.2,1.2,2.6,1338,11.34,5.0,2.8,Met
OPS-001710,ORD-001710,3.3,1.0,3.6,761,10.81,5.0,3.8,Met
OPS-005700,ORD-005700,0.9,2.9,4.2,1911,10.65,5.0,4.4,Met
OPS-012165,ORD-012165,3.6,5.9,6.7,204,10.27,5.0,7.1,Breached
OPS-002429,ORD-002429,1.3,7.7,2.0,1505,8.93,5.0,2.4,Met
OPS-012018,ORD-012018,1.7,1.7,5.3,1583,13.49,5.0,5.4,Breached
OPS-012431,ORD-012431,3.5,4.7,7.0,1769,12.37,5.0,7.3,Breached
OPS-004500,ORD-004500,2.1,5.5,3.1,1239,12.44,5.0,3.4,Met
OPS-010940,ORD-010940,2.5,8.0,2.3,946,12.13,5.0,2.7,Met
OPS-012285,ORD-012285,2.4,5.9,5.1,258,10.65,5.0,5.4,Breached
OPS-011269,ORD-011269,3.2,8.0,3.0,850,6.07,5.0,3.5,Met
OPS-001698,ORD-001698,3.1,2.9,2.0,1697,10.3,5.0,2.2,Met
OPS-001690,ORD-001690,2.0,6.3,5.4,1836,5.32,5.0,5.7,Breached
OPS-004357,ORD-004357,1.9,6.5,5.5,967,10.24,5.0,5.8,Breached
OPS-000880,ORD-000880,3.3,4.8,1.0,111,9.18,5.0,1.3,Met
OPS-012111,ORD-012111,0.6,4.6,6.3,1761,11.68,5.0,6.5,Breached
OPS-009895,ORD-009895,2.7,5.6,6.2,1526,11.94,5.0,6.5,Breached
OPS-011758,ORD-011758,1.5,2.5,5.0,1533,4.83,5.0,5.2,Breached
OPS-007807,ORD-007807,1.8,3.8,3.2,1960,12.88,5.0,3.4,Met
OPS-005867,ORD-005867,2.1,4.7,1.8,1489,12.03,5.0,2.1,Met
OPS-011888,ORD-011888,1.2,4.3,6.0,1155,13.11,5.0,6.2,Breached
OPS-006291,ORD-006291,1.4,3.4,6.2,875,5.15,5.0,6.4,Breached
OPS-005012,ORD-005012,1.5,6.5,5.6,262,8.59,5.0,5.9,Breached
OPS-008936,ORD-008936,1.1,7.1,2.1,1914,9.95,5.0,2.4,Met
OPS-008943,ORD-008943,1.6,5.8,2.4,1537,12.81,5.0,2.7,Met
OPS-008841,ORD-008841,0.7,5.7,5.5,1087,11.19,5.0,5.8,Breached
OPS-000363,ORD-000363,3.6,3.0,4.1,190,9.03,5.0,4.4,Met
OPS-001166,ORD-001166,0.8,1.6,1.5,1616,5.59,5.0,1.6,Met
OPS-000739,ORD-000739,3.6,6.1,6.3,1414,5.05,5.0,6.7,Breached
OPS-004747,ORD-004747,3.8,5.0,5.8,1342,5.79,5.0,6.2,Breached
OPS-006936,ORD-006936,0.9,6.4,3.0,1486,10.35,5.0,3.3,Met
OPS-004131,ORD-004131,1.0,5.5,5.5,1394,10.97,5.0,5.8,Breached
OPS-006939,ORD-006939,3.9,7.9,6.8,700,4.66,5.0,7.3,Breached
OPS-009078,ORD-009078,1.1,7.3,2.3,1557,13.3,5.0,2.6,Met
OPS-010819,ORD-010819,1.8,7.3,6.3,1141,12.82,5.0,6.7,Breached
OPS-002216,ORD-002216,0.8,5.5,6.3,1266,4.85,5.0,6.6,Breached
OPS-007999,ORD-007999,2.6,2.1,1.6,1292,12.22,5.0,1.8,Met
OPS-008074,ORD-008074,0.9,6.8,5.5,987,6.99,5.0,5.8,Breached
OPS-011850,ORD-011850,3.4,1.3,5.8,471,4.88,5.0,6.0,Breached
OPS-008446,ORD-008446,2.9,6.7,3.3,1532,10.64,5.0,3.7,Met
OPS-004674,ORD-004674,2.7,3.7,1.7,803,4.6,5.0,2.0,Met
OPS-007835,ORD-007835,1.4,1.0,1.0,258,6.01,5.0,1.1,Met
OPS-005091,ORD-005091,1.8,6.1,5.3,632,11.01,5.0,5.6,Breached
OPS-011982,ORD-011982,3.7,2.3,4.8,1812,4.96,5.0,5.0,Met
OPS-006380,ORD-006380,3.9,2.8,2.1,683,6.14,5.0,2.4,Met
OPS-001036,ORD-001036,0.6,4.3,6.5,368,12.79,5.0,6.7,Breached
OPS-000056,ORD-000056,1.5,2.8,1.4,810,5.98,5.0,1.6,Met
OPS-005014,ORD-005014,2.8,5.8,5.5,1635,13.91,5.0,5.9,Breached
OPS-002539,ORD-002539,3.6,2.4,6.0,555,5.01,5.0,6.2,Breached
OPS-011004,ORD-011004,3.4,4.3,5.5,278,12.16,5.0,5.8,Breached
OPS-002632,ORD-002632,0.5,2.4,3.5,1536,9.61,5.0,3.6,Met
OPS-004885,ORD-004885,1.4,6.6,3.4,342,12.55,5.0,3.7,Met
OPS-009107,ORD-009107,2.8,6.9,1.1,1831,11.31,5.0,1.5,Met
OPS-006745,ORD-006745,2.0,7.1,3.7,383,11.68,5.0,4.1,Met
OPS-009473,ORD-009473,2.7,2.9,6.3,1432,10.99,5.0,6.5,Breached
OPS-006503,ORD-006503,3.4,7.0,5.7,1902,13.45,5.0,6.1,Breached
OPS-009524,ORD-009524,2.2,5.0,5.9,334,8.65,5.0,6.2,Breached
OPS-007389,ORD-007389,4.0,5.0,5.6,286,8.14,5.0,6.0,Breached
OPS-009341,ORD-009341,3.4,1.0,3.6,239,7.42,5.0,3.8,Met
OPS-002497,ORD-002497,1.4,7.6,2.4,124,5.92,5.0,2.8,Met
OPS-005873,ORD-005873,1.1,1.9,6.6,285,8.39,5.0,6.7,Breached
OPS-003609,ORD-003609,3.2,6.4,3.9,466,6.83,5.0,4.3,Met
OPS-003861,ORD-003861,3.4,4.2,1.4,1237,5.47,5.0,1.7,Met
OPS-003338,ORD-003338,2.0,6.4,4.5,821,11.6,5.0,4.8,Met
OPS-002200,ORD-002200,2.6,1.3,3.1,1026,9.9,5.0,3.3,Met
OPS-005235,ORD-005235,3.3,7.2,1.9,848,4.2,5.0,2.3,Met
OPS-000188,ORD-000188,2.9,6.4,5.6,1651,6.73,5.0,6.0,Breached
OPS-010267,ORD-010267,1.9,3.3,2.8,1287,8.34,5.0,3.0,Met
OPS-000849,ORD-000849,1.1,4.7,5.0,1937,12.58,5.0,5.2,Breached
OPS-010247,ORD-010247,2.2,4.5,3.5,1265,11.84,5.0,3.8,Met
OPS-012460,ORD-012460,1.0,6.7,4.4,1205,12.21,5.0,4.7,Met
OPS-006361,ORD-006361,2.7,1.1,1.7,550,10.13,5.0,1.9,Met
OPS-002949,ORD-002949,2.5,7.0,6.1,202,4.57,5.0,6.5,Breached
OPS-010622,ORD-010622,3.4,6.6,3.7,882,7.4,5.0,4.1,Met
OPS-010554,ORD-010554,0.5,2.4,5.4,1592,8.48,5.0,5.5,Breached
OPS-004454,ORD-004454,1.8,6.0,5.0,1093,10.43,5.0,5.3,Breached
OPS-003524,ORD-003524,3.4,1.3,2.4,340,11.02,5.0,2.6,Met
OPS-000896,ORD-000896,3.0,1.2,3.7,306,12.78,5.0,3.9,Met
OPS-012126,ORD-012126,2.1,1.8,6.2,1771,12.03,5.0,6.4,Breached
OPS-009160,ORD-009160,1.9,2.9,5.0,1066,12.19,5.0,5.2,Breached
OPS-007714,ORD-007714,3.3,1.8,2.2,1645,4.18,5.0,2.4,Met
OPS-001566,ORD-001566,3.8,6.5,1.5,1160,11.94,5.0,1.9,Met
OPS-003732,ORD-003732,0.9,2.8,1.7,457,7.76,5.0,1.9,Met
OPS-003838,ORD-003838,0.5,2.6,4.1,1633,8.9,5.0,4.2,Met
OPS-009020,ORD-009020,1.8,3.9,1.1,1130,6.22,5.0,1.3,Met
OPS-003049,ORD-003049,2.5,4.5,4.7,431,8.81,5.0,5.0,Met
OPS-009166,ORD-009166,3.5,1.9,2.1,675,9.95,5.0,2.3,Met
OPS-006809,ORD-006809,2.6,6.5,3.7,1531,11.15,5.0,4.1,Met
OPS-002867,ORD-002867,2.9,3.9,3.1,1582,10.54,5.0,3.4,Met
OPS-000140,ORD-000140,1.2,7.3,6.0,1090,10.6,5.0,6.4,Breached
OPS-000403,ORD-000403,3.6,7.9,6.3,993,8.17,5.0,6.8,Breached
OPS-000703,ORD-000703,1.1,4.6,2.4,1309,13.74,5.0,2.6,Met
OPS-000370,ORD-000370,1.2,2.7,3.6,843,6.18,5.0,3.8,Met
OPS-008645,ORD-008645,1.7,7.4,3.0,1007,7.44,5.0,3.4,Met
OPS-000172,ORD-000172,3.4,5.2,3.4,1592,5.41,5.0,3.8,Met
OPS-001139,ORD-001139,2.9,5.7,2.6,1221,12.15,5.0,3.0,Met
OPS-005324,ORD-005324,3.5,6.2,4.3,418,7.57,5.0,4.7,Met
OPS-003594,ORD-003594,3.8,7.6,6.2,579,6.33,5.0,6.7,Breached
OPS-010547,ORD-010547,2.3,1.5,1.5,1295,5.18,5.0,1.7,Met
OPS-011240,ORD-011240,3.1,4.4,1.2,523,12.7,5.0,1.5,Met
OPS-008158,ORD-008158,0.6,6.8,1.3,1134,4.54,5.0,1.6,Met
OPS-002259,ORD-002259,2.2,2.9,1.9,175,11.48,5.0,2.1,Met
OPS-011247,ORD-011247,2.7,3.3,4.9,1447,5.0,5.0,5.2,Breached
OPS-003583,ORD-003583,0.6,4.7,4.3,1287,4.29,5.0,4.5,Met
OPS-000059,ORD-000059,3.0,4.1,1.3,1143,7.58,5.0,1.6,Met
OPS-004910,ORD-004910,1.8,3.6,5.5,1451,11.75,5.0,5.7,Breached
OPS-000504,ORD-000504,0.7,1.7,6.7,892,5.37,5.0,6.8,Breached
OPS-008151,ORD-008151,1.3,5.1,6.6,973,11.96,5.0,6.9,Breached
OPS-008989,ORD-008989,1.9,5.7,3.8,717,9.85,5.0,4.1,Met
OPS-008537,ORD-008537,3.9,5.8,5.1,826,12.85,5.0,5.5,Breached
OPS-001266,ORD-001266,0.6,7.0,4.0,1899,6.02,5.0,4.3,Met
OPS-010002,ORD-010002,1.6,3.4,5.6,1858,4.65,5.0,5.8,Breached
OPS-005697,ORD-005697,1.1,5.6,6.0,1423,6.01,5.0,6.3,Breached
OPS-012360,ORD-012360,1.4,5.5,2.5,1611,13.94,5.0,2.8,Met
OPS-008458,ORD-008458,1.2,5.8,4.7,484,4.79,5.0,5.0,Met
OPS-001457,ORD-001457,3.3,5.7,1.4,1005,11.7,5.0,1.8,Met
OPS-002856,ORD-002856,3.2,5.2,6.1,1873,5.18,5.0,6.4,Breached
OPS-010950,ORD-010950,3.0,2.7,6.8,436,10.86,5.0,7.0,Breached
OPS-010114,ORD-010114,1.2,6.2,4.1,111,9.61,5.0,4.4,Met
OPS-005405,ORD-005405,0.9,1.9,1.4,938,4.47,5.0,1.5,Met
OPS-010100,ORD-010100,0.6,2.5,2.5,1800,9.12,5.0,2.6,Met
OPS-009951,ORD-009951,3.3,3.0,6.3,1728,9.9,5.0,6.6,Breached
OPS-001189,ORD-001189,2.3,4.3,1.1,1049,12.15,5.0,1.4,Met
OPS-002141,ORD-002141,0.9,3.3,2.5,1248,4.81,5.0,2.7,Met
OPS-009971,ORD-009971,2.5,1.0,1.6,455,9.87,5.0,1.7,Met
OPS-005313,ORD-005313,3.7,1.7,5.6,1153,4.36,5.0,5.8,Breached
OPS-005002,ORD-005002,2.6,4.5,6.6,357,9.99,5.0,6.9,Breached
OPS-004896,ORD-004896,3.9,3.5,1.9,1439,12.15,5.0,2.2,Met
OPS-003781,ORD-003781,3.0,7.7,5.4,1250,10.86,5.0,5.8,Breached
OPS-011278,ORD-011278,2.1,2.0,2.7,565,10.83,5.0,2.9,Met
OPS-003324,ORD-003324,3.5,2.9,4.3,587,7.0,5.0,4.6,Met
OPS-001404,ORD-001404,1.6,3.9,1.6,1999,12.62,5.0,1.8,Met
OPS-000221,ORD-000221,2.8,4.4,4.0,776,7.93,5.0,4.3,Met
OPS-003596,ORD-003596,1.7,2.6,6.9,768,13.88,5.0,7.1,Breached
OPS-009425,ORD-009425,0.9,5.1,1.6,1159,4.55,5.0,1.9,Met
OPS-003112,ORD-003112,3.9,1.7,5.8,124,4.25,5.0,6.0,Breached
OPS-006288,ORD-006288,3.8,4.1,2.5,937,6.85,5.0,2.8,Met
OPS-010789,ORD-010789,2.7,7.3,4.8,1420,4.07,5.0,5.2,Breached
OPS-008858,ORD-008858,1.7,3.5,4.5,592,12.66,5.0,4.7,Met
OPS-002313,ORD-002313,2.3,4.8,1.2,1510,10.69,5.0,1.5,Met
OPS-006870,ORD-006870,0.8,2.0,3.2,1605,12.13,5.0,3.3,Met
OPS-003419,ORD-003419,2.9,5.0,6.0,1282,4.3,5.0,6.3,Breached
OPS-008015,ORD-008015,3.0,1.2,2.5,540,9.64,5.0,2.7,Met
OPS-004662,ORD-004662,0.7,5.3,4.4,1622,13.1,5.0,4.7,Met
OPS-005648,ORD-005648,2.1,5.7,6.6,1569,5.04,5.0,6.9,Breached
OPS-012169,ORD-012169,3.8,5.7,4.0,838,8.09,5.0,4.4,Met
OPS-000864,ORD-000864,3.9,6.1,6.3,1895,13.33,5.0,6.7,Breached
OPS-004998,ORD-004998,1.6,7.4,6.5,1064,6.05,5.0,6.9,Breached
OPS-007710,ORD-007710,3.5,4.8,4.7,1833,5.51,5.0,5.0,Met
OPS-003372,ORD-003372,3.1,2.3,1.8,1757,6.62,5.0,2.0,Met
OPS-009378,ORD-009378,1.0,3.4,6.9,1915,7.0,5.0,7.1,Breached
OPS-010576,ORD-010576,1.5,7.6,1.3,1132,12.03,5.0,1.7,Met
OPS-000182,ORD-000182,2.8,3.3,3.1,655,6.45,5.0,3.4,Met
OPS-007018,ORD-007018,0.9,6.2,3.6,143,5.05,5.0,3.9,Met
OPS-010261,ORD-010261,0.9,2.7,4.1,1850,7.91,5.0,4.2,Met
OPS-008787,ORD-008787,0.7,5.5,2.6,1936,5.2,5.0,2.9,Met
OPS-009172,ORD-009172,2.2,6.9,2.8,1622,5.77,5.0,3.2,Met
OPS-011605,ORD-011605,1.3,1.1,5.6,1591,13.48,5.0,5.7,Breached
OPS-005531,ORD-005531,2.9,2.9,5.2,1739,5.77,5.0,5.4,Breached
OPS-000876,ORD-000876,2.1,7.5,2.3,293,12.37,5.0,2.7,Met
OPS-006147,ORD-006147,0.9,6.0,3.1,1026,5.02,5.0,3.4,Met
OPS-009434,ORD-009434,3.4,7.1,4.0,683,5.47,5.0,4.4,Met
OPS-006898,ORD-006898,0.6,3.6,2.9,1607,4.5,5.0,3.1,Met
OPS-011132,ORD-011132,2.4,5.8,2.7,1632,4.86,5.0,3.0,Met
OPS-010264,ORD-010264,3.3,5.5,4.5,1650,5.5,5.0,4.9,Met
OPS-010146,ORD-010146,1.4,7.0,5.3,288,7.95,5.0,5.6,Breached
OPS-001606,ORD-001606,0.7,5.7,1.4,662,10.14,5.0,1.7,Met
OPS-000511,ORD-000511,2.7,3.1,2.7,1010,4.65,5.0,2.9,Met
OPS-005791,ORD-005791,0.9,2.5,2.5,1938,13.2,5.0,2.6,Met
OPS-006643,ORD-006643,1.1,7.5,6.5,1266,5.25,5.0,6.9,Breached
OPS-009533,ORD-009533,4.0,1.3,1.6,1557,11.03,5.0,1.8,Met
OPS-000090,ORD-000090,2.7,3.3,1.4,907,9.0,5.0,1.6,Met
OPS-010133,ORD-010133,2.2,2.1,6.4,1169,5.33,5.0,6.6,Breached
OPS-010695,ORD-010695,2.3,6.7,2.4,704,6.19,5.0,2.8,Met
OPS-002570,ORD-002570,3.6,7.8,3.8,984,5.55,5.0,4.3,Met
OPS-003844,ORD-003844,2.0,3.6,5.1,1534,5.68,5.0,5.3,Breached
OPS-007450,ORD-007450,2.4,6.5,1.6,1708,13.41,5.0,2.0,Met
OPS-004402,ORD-004402,1.2,7.6,5.3,583,5.17,5.0,5.7,Breached
OPS-010862,ORD-010862,2.1,5.2,5.2,736,11.77,5.0,5.5,Breached
OPS-000774,ORD-000774,3.0,5.5,4.7,175,5.95,5.0,5.1,Breached
OPS-004980,ORD-004980,2.2,7.9,3.7,1250,7.29,5.0,4.1,Met
OPS-009680,ORD-009680,2.5,1.7,5.9,701,7.52,5.0,6.1,Breached
OPS-002879,ORD-002879,1.1,4.0,1.6,1578,10.67,5.0,1.8,Met
OPS-007840,ORD-007840,1.2,7.6,4.2,1831,8.98,5.0,4.6,Met
OPS-007617,ORD-007617,3.5,3.8,1.8,220,8.31,5.0,2.1,Met
OPS-010416,ORD-010416,1.6,2.4,6.0,964,7.03,5.0,6.2,Breached
OPS-001997,ORD-001997,1.1,1.2,6.8,959,12.43,5.0,6.9,Breached
OPS-004788,ORD-004788,0.8,1.7,1.1,518,4.46,5.0,1.2,Met
OPS-009682,ORD-009682,3.2,7.1,1.0,1339,8.12,5.0,1.4,Met
OPS-002533,ORD-002533,2.3,4.9,4.2,1246,6.46,5.0,4.5,Met
OPS-005593,ORD-005593,3.7,3.1,5.0,1761,8.43,5.0,5.3,Breached
OPS-008630,ORD-008630,0.6,3.0,3.1,1910,8.75,5.0,3.2,Met
OPS-001955,ORD-001955,0.9,1.0,3.8,333,12.77,5.0,3.9,Met
OPS-007444,ORD-007444,3.7,6.7,2.3,658,11.88,5.0,2.7,Met
OPS-008785,ORD-008785,0.8,3.1,4.6,369,10.93,5.0,4.8,Met
OPS-002744,ORD-002744,2.6,1.9,2.8,1496,4.15,5.0,3.0,Met
OPS-009516,ORD-009516,1.9,4.3,6.6,326,13.96,5.0,6.9,Breached
OPS-006995,ORD-006995,1.0,7.3,6.4,1231,8.36,5.0,6.7,Breached
OPS-009259,ORD-009259,0.6,2.7,2.6,785,4.82,5.0,2.7,Met
OPS-003647,ORD-003647,1.5,2.1,2.7,954,5.94,5.0,2.9,Met
OPS-002153,ORD-002153,1.7,3.3,2.2,1215,8.47,5.0,2.4,Met
OPS-003672,ORD-003672,1.5,7.2,1.7,1673,7.6,5.0,2.1,Met
OPS-006488,ORD-006488,0.6,3.4,3.5,1204,9.89,5.0,3.7,Met
OPS-004430,ORD-004430,3.3,5.5,3.9,1397,10.38,5.0,4.3,Met
OPS-000333,ORD-000333,3.5,5.2,6.7,914,11.52,5.0,7.1,Breached
OPS-002312,ORD-002312,1.2,2.7,4.5,1542,6.79,5.0,4.7,Met
OPS-005288,ORD-005288,1.8,5.5,5.6,1750,5.27,5.0,5.9,Breached
OPS-005286,ORD-005286,1.1,2.7,4.1,1312,12.78,5.0,4.3,Met
OPS-002799,ORD-002799,0.6,5.3,5.3,1155,8.58,5.0,5.5,Breached
OPS-001883,ORD-001883,3.7,3.1,2.8,1496,13.03,5.0,3.1,Met
OPS-008010,ORD-008010,2.2,7.9,1.7,1363,12.75,5.0,2.1,Met
OPS-005649,ORD-005649,1.9,6.7,3.0,690,4.86,5.0,3.4,Met
OPS-007345,ORD-007345,3.1,7.9,6.2,1584,6.4,5.0,6.7,Breached
OPS-006568,ORD-006568,2.6,2.7,1.4,294,10.53,5.0,1.6,Met
OPS-010542,ORD-010542,3.0,4.3,5.2,702,13.35,5.0,5.5,Breached
OPS-005955,ORD-005955,1.7,3.4,6.9,1324,6.58,5.0,7.1,Breached
OPS-001818,ORD-001818,2.3,7.8,1.7,272,4.17,5.0,2.1,Met
OPS-011719,ORD-011719,2.2,7.4,1.1,496,5.12,5.0,1.5,Met
OPS-007586,ORD-007586,3.8,1.4,2.2,687,6.6,5.0,2.4,Met
OPS-008875,ORD-008875,3.1,1.9,4.8,1670,11.94,5.0,5.0,Met
OPS-011634,ORD-011634,1.0,1.6,5.8,1846,7.82,5.0,5.9,Breached
OPS-010067,ORD-010067,2.3,4.5,4.3,1853,12.72,5.0,4.6,Met
OPS-006986,ORD-006986,2.6,5.2,1.5,1251,11.33,5.0,1.8,Met
OPS-008435,ORD-008435,2.0,4.0,3.5,1930,8.44,5.0,3.8,Met
OPS-006818,ORD-006818,3.6,2.6,5.2,678,9.5,5.0,5.5,Breached
OPS-011434,ORD-011434,2.8,7.9,4.8,924,10.92,5.0,5.2,Breached
OPS-002300,ORD-002300,3.3,4.4,2.7,622,10.36,5.0,3.0,Met
OPS-001558,ORD-001558,2.9,2.8,5.6,635,9.33,5.0,5.8,Breached
OPS-011122,ORD-011122,3.4,4.4,4.8,443,11.48,5.0,5.1,Breached
OPS-010020,ORD-010020,1.2,3.3,2.4,1955,7.84,5.0,2.6,Met
OPS-000514,ORD-000514,2.9,1.2,6.5,585,10.57,5.0,6.7,Breached
OPS-008692,ORD-008692,1.9,1.3,5.2,824,9.72,5.0,5.3,Breached
OPS-007200,ORD-007200,1.1,7.2,4.0,1872,7.41,5.0,4.3,Met
OPS-010214,ORD-010214,2.6,7.6,6.6,1230,8.15,5.0,7.0,Breached
OPS-005216,ORD-005216,1.2,7.6,5.2,667,9.27,5.0,5.6,Breached
OPS-001875,ORD-001875,2.1,2.2,2.0,408,13.4,5.0,2.2,Met
OPS-008043,ORD-008043,2.1,1.1,5.7,1225,4.46,5.0,5.8,Breached
OPS-000026,ORD-000026,0.8,3.8,1.9,371,13.34,5.0,2.1,Met
OPS-002510,ORD-002510,3.1,6.5,2.3,546,13.27,5.0,2.7,Met
OPS-001554,ORD-001554,1.4,5.5,4.5,1403,11.64,5.0,4.8,Met
OPS-010982,ORD-010982,2.5,5.8,6.9,692,5.3,5.0,7.2,Breached
OPS-011769,ORD-011769,1.6,4.5,5.6,1674,5.34,5.0,5.9,Breached
OPS-006659,ORD-006659,3.4,2.8,6.5,1726,9.39,5.0,6.8,Breached
OPS-001319,ORD-001319,0.7,3.1,2.0,338,7.13,5.0,2.2,Met
OPS-008967,ORD-008967,3.6,4.9,6.1,1838,12.92,5.0,6.5,Breached
OPS-007469,ORD-007469,1.2,4.8,6.0,1213,6.23,5.0,6.2,Breached
OPS-002355,ORD-002355,3.7,2.3,1.5,1798,4.39,5.0,1.8,Met
OPS-009215,ORD-009215,1.1,3.5,3.5,1672,11.13,5.0,3.7,Met
OPS-008241,ORD-008241,2.5,6.9,3.2,1333,11.79,5.0,3.6,Met
OPS-002609,ORD-002609,1.9,2.6,3.8,1135,10.18,5.0,4.0,Met
OPS-001895,ORD-001895,0.5,3.5,1.2,361,10.69,5.0,1.4,Met
OPS-010496,ORD-010496,0.5,4.6,4.0,1751,9.73,5.0,4.2,Met
OPS-010348,ORD-010348,1.4,6.3,5.5,201,9.45,5.0,5.8,Breached
OPS-008920,ORD-008920,0.9,6.2,6.4,1742,11.9,5.0,6.7,Breached
OPS-009418,ORD-009418,0.6,3.6,4.8,1735,13.94,5.0,5.0,Met
OPS-006335,ORD-006335,3.3,6.1,3.1,1031,4.91,5.0,3.5,Met
OPS-006599,ORD-006599,0.5,4.1,3.9,406,5.57,5.0,4.1,Met
OPS-010538,ORD-010538,3.6,4.2,4.3,1990,9.94,5.0,4.6,Met
OPS-006217,ORD-006217,3.0,4.3,6.5,580,12.83,5.0,6.8,Breached
OPS-012385,ORD-012385,2.9,7.0,4.7,1062,6.71,5.0,5.1,Breached
OPS-003474,ORD-003474,1.2,5.0,2.8,374,13.93,5.0,3.1,Met
OPS-009848,ORD-009848,2.9,2.2,3.8,1659,5.86,5.0,4.0,Met
OPS-002847,ORD-002847,3.1,5.2,6.8,601,9.91,5.0,7.1,Breached
OPS-012240,ORD-012240,3.8,3.8,2.5,1498,4.03,5.0,2.8,Met
OPS-010197,ORD-010197,3.1,7.5,4.1,890,4.72,5.0,4.5,Met
OPS-009267,ORD-009267,3.1,5.2,6.7,1218,13.48,5.0,7.0,Breached
OPS-004045,ORD-004045,2.9,1.7,3.4,1000,9.14,5.0,3.6,Met
OPS-002178,ORD-002178,1.8,7.4,3.2,543,13.91,5.0,3.6,Met
OPS-003290,ORD-003290,1.3,2.1,2.2,650,5.8,5.0,2.3,Met
OPS-011824,ORD-011824,3.7,3.2,1.5,752,13.85,5.0,1.8,Met
OPS-011875,ORD-011875,2.2,3.1,3.2,1170,12.04,5.0,3.4,Met
OPS-005595,ORD-005595,3.5,5.2,4.4,1929,9.28,5.0,4.8,Met
OPS-006214,ORD-006214,2.2,6.5,3.8,1882,5.97,5.0,4.2,Met
OPS-000795,ORD-000795,1.5,2.3,5.8,1319,4.52,5.0,6.0,Breached
OPS-006228,ORD-006228,3.7,3.1,6.3,685,6.4,5.0,6.6,Breached
OPS-011455,ORD-011455,3.1,1.1,6.9,1438,4.53,5.0,7.1,Breached
OPS-001628,ORD-001628,3.9,4.1,3.2,850,10.02,5.0,3.5,Met
OPS-011540,ORD-011540,2.7,6.9,6.7,547,9.27,5.0,7.1,Breached
OPS-006009,ORD-006009,3.7,5.1,5.0,153,12.94,5.0,5.4,Breached
OPS-005504,ORD-005504,2.4,1.5,6.3,762,4.69,5.0,6.5,Breached
OPS-005035,ORD-005035,1.5,1.9,4.1,793,9.67,5.0,4.2,Met
OPS-005196,ORD-005196,2.7,7.7,6.1,1095,12.34,5.0,6.5,Breached
OPS-006173,ORD-006173,3.2,6.0,4.1,1470,13.13,5.0,4.5,Met
OPS-005198,ORD-005198,0.7,1.5,1.3,1795,4.42,5.0,1.4,Met
OPS-008524,ORD-008524,3.5,6.3,4.7,371,13.18,5.0,5.1,Breached
OPS-000660,ORD-000660,1.6,2.4,1.1,193,12.37,5.0,1.3,Met
OPS-006517,ORD-006517,0.7,3.7,4.5,1754,6.06,5.0,4.7,Met
OPS-002866,ORD-002866,2.0,2.4,5.2,1789,12.68,5.0,5.4,Breached
OPS-010490,ORD-010490,3.0,3.2,6.3,1232,4.02,5.0,6.6,Breached
OPS-011935,ORD-011935,1.5,6.9,4.6,1211,5.51,5.0,4.9,Met
OPS-008019,ORD-008019,2.2,3.0,4.9,1086,13.25,5.0,5.1,Breached
OPS-012392,ORD-012392,2.1,7.9,3.9,1434,8.98,5.0,4.3,Met
OPS-003225,ORD-003225,2.1,5.4,2.0,993,9.16,5.0,2.3,Met
OPS-000771,ORD-000771,3.6,4.5,2.5,1232,8.62,5.0,2.8,Met
OPS-001144,ORD-001144,1.3,6.3,7.0,1870,11.72,5.0,7.3,Breached
OPS-002618,ORD-002618,1.0,2.9,1.6,168,10.58,5.0,1.8,Met
OPS-006924,ORD-006924,3.7,1.5,2.8,555,11.41,5.0,3.0,Met
OPS-010521,ORD-010521,2.4,6.1,4.4,121,6.67,5.0,4.8,Met
OPS-005029,ORD-005029,2.7,6.8,5.4,576,10.56,5.0,5.8,Breached
OPS-009017,ORD-009017,2.1,4.0,3.9,1535,13.7,5.0,4.2,Met
OPS-009700,ORD-009700,2.0,7.3,3.8,1916,7.46,5.0,4.2,Met
OPS-008633,ORD-008633,0.7,7.3,5.9,288,10.72,5.0,6.2,Breached
OPS-003687,ORD-003687,3.4,7.2,1.3,1491,9.95,5.0,1.7,Met
OPS-006949,ORD-006949,1.1,4.0,4.7,1401,12.55,5.0,4.9,Met
OPS-002939,ORD-002939,1.1,7.1,2.5,1138,7.98,5.0,2.8,Met
OPS-003188,ORD-003188,3.0,1.5,5.2,1605,8.3,5.0,5.4,Breached
OPS-006839,ORD-006839,3.1,2.2,6.7,458,13.29,5.0,6.9,Breached
OPS-003495,ORD-003495,3.6,4.5,6.8,1663,8.35,5.0,7.1,Breached
OPS-012064,ORD-012064,2.4,5.6,2.3,617,11.26,5.0,2.6,Met
OPS-009210,ORD-009210,3.3,4.9,4.5,341,10.68,5.0,4.8,Met
OPS-002196,ORD-002196,1.8,2.3,3.3,751,7.73,5.0,3.5,Met
OPS-010985,ORD-010985,2.7,3.7,4.3,1522,6.26,5.0,4.6,Met
OPS-008432,ORD-008432,2.1,4.2,1.5,1649,6.42,5.0,1.8,Met
OPS-007149,ORD-007149,0.9,3.5,4.0,1383,9.63,5.0,4.2,Met
OPS-000132,ORD-000132,2.8,4.8,6.4,857,12.12,5.0,6.7,Breached
OPS-009411,ORD-009411,3.0,2.1,3.5,857,13.92,5.0,3.7,Met
OPS-001854,ORD-001854,1.9,7.6,1.4,1535,5.56,5.0,1.8,Met
OPS-000381,ORD-000381,1.4,4.0,1.7,1375,9.0,5.0,1.9,Met
OPS-009881,ORD-009881,2.5,3.2,6.0,430,11.49,5.0,6.2,Breached
OPS-007007,ORD-007007,1.5,7.2,4.6,1867,7.19,5.0,5.0,Met
OPS-003293,ORD-003293,3.3,1.2,2.7,1243,9.18,5.0,2.9,Met
OPS-010430,ORD-010430,3.7,2.0,4.0,1778,8.3,5.0,4.2,Met
OPS-001560,ORD-001560,3.9,1.1,1.4,514,13.09,5.0,1.6,Met
OPS-005182,ORD-005182,3.8,7.8,2.5,1975,8.8,5.0,3.0,Met
OPS-008332,ORD-008332,3.6,3.6,3.8,104,9.43,5.0,4.1,Met
OPS-009991,ORD-009991,2.6,4.0,6.0,1398,9.65,5.0,6.3,Breached
OPS-006238,ORD-006238,4.0,4.5,6.0,756,7.83,5.0,6.4,Breached
OPS-001688,ORD-001688,1.6,3.8,4.1,1232,4.27,5.0,4.3,Met
OPS-011344,ORD-011344,0.5,3.1,5.9,1219,10.98,5.0,6.1,Breached
OPS-003632,ORD-003632,3.9,3.9,2.7,608,9.4,5.0,3.0,Met
OPS-004819,ORD-004819,3.7,7.3,4.8,275,12.01,5.0,5.3,Breached
OPS-009974,ORD-009974,1.9,4.9,4.3,812,6.4,5.0,4.6,Met
OPS-008966,ORD-008966,1.9,1.9,4.5,1044,8.41,5.0,4.7,Met
OPS-008237,ORD-008237,1.9,4.1,4.1,624,12.42,5.0,4.3,Met
OPS-006184,ORD-006184,0.9,5.3,6.6,1603,8.2,5.0,6.9,Breached
OPS-008987,ORD-008987,0.7,7.5,4.7,924,4.79,5.0,5.0,Met
OPS-009689,ORD-009689,2.6,6.3,1.9,318,10.77,5.0,2.3,Met
OPS-011351,ORD-011351,1.8,3.2,4.3,334,9.28,5.0,4.5,Met
OPS-001627,ORD-001627,0.9,2.9,2.4,1735,9.06,5.0,2.6,Met
OPS-008218,ORD-008218,2.4,7.1,4.8,988,10.11,5.0,5.2,Breached
OPS-000520,ORD-000520,2.7,2.5,3.2,698,10.27,5.0,3.4,Met
OPS-008778,ORD-008778,0.6,3.0,4.1,1144,11.08,5.0,4.2,Met
OPS-001377,ORD-001377,2.0,3.0,2.6,1842,4.2,5.0,2.8,Met
OPS-011170,ORD-011170,1.6,5.8,4.5,1089,10.49,5.0,4.8,Met
OPS-003073,ORD-003073,2.0,4.1,2.1,391,4.16,5.0,2.4,Met
OPS-002692,ORD-002692,0.8,4.2,1.0,440,10.13,5.0,1.2,Met
OPS-009782,ORD-009782,1.6,4.2,1.5,968,8.26,5.0,1.7,Met
OPS-002576,ORD-002576,3.6,2.8,5.2,1218,4.77,5.0,5.5,Breached
OPS-012292,ORD-012292,1.9,2.9,5.3,173,6.08,5.0,5.5,Breached
OPS-003904,ORD-003904,3.2,2.9,2.3,429,7.57,5.0,2.6,Met
OPS-008138,ORD-008138,2.6,1.7,5.4,1434,8.46,5.0,5.6,Breached
OPS-003728,ORD-003728,3.5,4.3,2.6,373,12.41,5.0,2.9,Met
OPS-009442,ORD-009442,3.4,4.7,5.3,1727,6.03,5.0,5.6,Breached
OPS-005679,ORD-005679,3.7,7.4,2.7,647,7.33,5.0,3.2,Met
OPS-004863,ORD-004863,3.8,1.8,5.8,148,8.37,5.0,6.0,Breached
OPS-005979,ORD-005979,2.5,6.4,1.1,730,12.63,5.0,1.5,Met
OPS-002747,ORD-002747,1.8,7.8,3.9,212,13.71,5.0,4.3,Met
OPS-000852,ORD-000852,2.8,3.8,4.8,258,12.57,5.0,5.1,Breached
OPS-002995,ORD-002995,1.8,1.3,4.7,998,10.9,5.0,4.8,Met
OPS-006047,ORD-006047,3.4,1.4,5.9,1753,7.5,5.0,6.1,Breached
OPS-010505,ORD-010505,2.2,6.4,1.0,193,8.5,5.0,1.4,Met
OPS-011612,ORD-011612,3.0,1.2,3.5,1459,7.61,5.0,3.7,Met
OPS-009875,ORD-009875,1.8,6.8,5.0,1567,11.44,5.0,5.4,Breached
OPS-007952,ORD-007952,1.9,3.0,5.5,176,11.84,5.0,5.7,Breached
OPS-006838,ORD-006838,1.7,5.0,2.5,1367,6.24,5.0,2.8,Met
OPS-001116,ORD-001116,2.3,6.0,4.3,386,6.52,5.0,4.6,Met
OPS-000037,ORD-000037,3.7,6.6,2.3,937,13.15,5.0,2.7,Met
OPS-002404,ORD-002404,2.5,2.3,1.8,1113,7.81,5.0,2.0,Met
OPS-005230,ORD-005230,1.7,5.9,3.3,1085,12.51,5.0,3.6,Met
OPS-001132,ORD-001132,3.9,5.7,3.8,432,12.97,5.0,4.2,Met
OPS-007477,ORD-007477,3.5,2.0,3.1,1943,5.49,5.0,3.3,Met
OPS-001699,ORD-001699,2.4,2.3,4.4,718,10.3,5.0,4.6,Met
OPS-002501,ORD-002501,0.9,4.1,2.6,1789,11.78,5.0,2.8,Met
OPS-003979,ORD-003979,0.8,4.3,4.6,113,13.24,5.0,4.8,Met
OPS-009870,ORD-009870,3.4,7.9,4.1,382,8.62,5.0,4.6,Met
OPS-011134,ORD-011134,3.7,3.4,1.3,1648,8.95,5.0,1.6,Met
OPS-012041,ORD-012041,2.6,4.2,2.0,387,12.36,5.0,2.3,Met
OPS-011854,ORD-011854,2.2,1.6,1.1,200,5.73,5.0,1.3,Met
OPS-001252,ORD-001252,3.0,6.0,2.4,653,11.35,5.0,2.8,Met
OPS-000558,ORD-000558,0.5,4.1,4.0,1136,8.84,5.0,4.2,Met
OPS-004615,ORD-004615,0.7,7.7,1.8,104,6.77,5.0,2.1,Met
OPS-008872,ORD-008872,3.8,5.6,6.5,878,13.41,5.0,6.9,Breached
OPS-001655,ORD-001655,2.1,5.7,4.7,544,12.2,5.0,5.0,Met
OPS-002890,ORD-002890,2.5,3.4,2.5,1837,8.08,5.0,2.7,Met
OPS-000582,ORD-000582,2.4,7.2,4.1,198,11.86,5.0,4.5,Met
OPS-002839,ORD-002839,4.0,3.5,1.5,1876,5.42,5.0,1.8,Met
OPS-004273,ORD-004273,1.6,2.7,1.2,1981,8.86,5.0,1.4,Met
OPS-006935,ORD-006935,1.4,2.0,5.7,1790,6.47,5.0,5.8,Breached
OPS-011978,ORD-011978,1.9,5.0,5.8,511,9.7,5.0,6.1,Breached
OPS-002413,ORD-002413,1.6,7.4,2.9,817,4.75,5.0,3.3,Met
OPS-003698,ORD-003698,3.7,7.8,6.2,1437,5.28,5.0,6.7,Breached
OPS-002231,ORD-002231,2.7,3.6,6.8,389,9.27,5.0,7.1,Breached
OPS-010602,ORD-010602,2.2,1.2,6.9,720,4.82,5.0,7.0,Breached
OPS-004141,ORD-004141,3.9,4.5,5.9,142,11.96,5.0,6.2,Breached
OPS-010661,ORD-010661,1.9,6.3,6.4,678,5.74,5.0,6.7,Breached
OPS-001351,ORD-001351,1.1,1.3,4.2,916,4.95,5.0,4.3,Met
OPS-000405,ORD-000405,3.0,5.1,6.4,144,5.13,5.0,6.7,Breached
OPS-007085,ORD-007085,2.7,6.6,4.2,739,12.13,5.0,4.6,Met
OPS-007142,ORD-007142,2.4,3.9,1.6,1451,7.96,5.0,1.9,Met
OPS-003501,ORD-003501,2.5,4.5,1.1,567,10.16,5.0,1.4,Met
OPS-008997,ORD-008997,3.6,3.8,2.0,1769,13.93,5.0,2.3,Met
OPS-009137,ORD-009137,1.5,7.0,1.4,293,6.39,5.0,1.8,Met
OPS-003018,ORD-003018,2.8,2.7,3.2,694,5.67,5.0,3.4,Met
OPS-010942,ORD-010942,2.6,7.8,3.5,393,5.41,5.0,3.9,Met
OPS-011678,ORD-011678,2.7,7.0,1.4,1024,7.15,5.0,1.8,Met
OPS-008126,ORD-008126,0.6,7.2,4.1,1993,8.9,5.0,4.4,Met
OPS-006893,ORD-006893,1.6,5.5,1.2,826,13.27,5.0,1.5,Met
OPS-006732,ORD-006732,2.5,2.5,4.2,391,7.56,5.0,4.4,Met
OPS-006720,ORD-006720,2.3,2.5,3.4,417,9.42,5.0,3.6,Met
OPS-012007,ORD-012007,2.6,5.3,4.7,1269,6.01,5.0,5.0,Met
OPS-005869,ORD-005869,4.0,3.0,5.3,1649,5.21,5.0,5.6,Breached
OPS-002069,ORD-002069,3.1,4.2,2.0,1640,7.5,5.0,2.3,Met
OPS-002689,ORD-002689,3.9,1.4,2.1,323,13.99,5.0,2.3,Met
OPS-008612,ORD-008612,1.4,4.3,3.0,768,8.61,5.0,3.2,Met
OPS-004805,ORD-004805,1.6,5.2,3.0,745,9.04,5.0,3.3,Met
OPS-004927,ORD-004927,2.9,1.8,4.5,1904,8.1,5.0,4.7,Met
OPS-010155,ORD-010155,0.5,2.1,1.8,113,12.1,5.0,1.9,Met
OPS-007771,ORD-007771,1.6,7.6,1.9,1413,12.18,5.0,2.3,Met
OPS-006842,ORD-006842,1.3,6.0,6.3,1948,11.4,5.0,6.6,Breached
OPS-002113,ORD-002113,1.8,3.0,3.1,362,5.88,5.0,3.3,Met
OPS-002741,ORD-002741,0.6,3.8,1.7,321,9.14,5.0,1.9,Met
OPS-003910,ORD-003910,0.8,2.4,5.7,1727,9.21,5.0,5.8,Breached
OPS-006708,ORD-006708,2.4,6.8,6.5,461,12.19,5.0,6.9,Breached
OPS-008283,ORD-008283,3.0,3.3,4.8,544,6.97,5.0,5.1,Breached
OPS-005005,ORD-005005,0.8,5.7,1.4,369,9.93,5.0,1.7,Met
OPS-009311,ORD-009311,1.3,5.5,2.6,1371,12.53,5.0,2.9,Met
OPS-002245,ORD-002245,0.7,1.8,1.1,1046,11.34,5.0,1.2,Met
OPS-003389,ORD-003389,3.3,5.7,3.6,612,8.55,5.0,4.0,Met
OPS-004612,ORD-004612,2.9,7.6,3.3,1136,5.79,5.0,3.7,Met
OPS-011911,ORD-011911,2.9,4.9,4.8,1111,13.35,5.0,5.1,Breached
OPS-004179,ORD-004179,1.2,5.4,4.2,1690,7.64,5.0,4.5,Met
OPS-010345,ORD-010345,2.5,3.0,6.3,1885,7.43,5.0,6.5,Breached
OPS-011199,ORD-011199,3.8,2.5,4.2,396,12.11,5.0,4.5,Met
OPS-005630,ORD-005630,2.8,3.3,4.8,1155,4.14,5.0,5.1,Breached
OPS-005878,ORD-005878,2.9,6.7,3.3,217,4.52,5.0,3.7,Met
OPS-004483,ORD-004483,1.0,1.3,3.3,532,4.9,5.0,3.4,Met
OPS-008739,ORD-008739,2.5,4.7,1.1,978,6.23,5.0,1.4,Met
OPS-004967,ORD-004967,2.9,3.0,4.1,202,6.54,5.0,4.3,Met
OPS-004676,ORD-004676,3.9,5.9,3.1,445,5.92,5.0,3.5,Met
OPS-012275,ORD-012275,1.0,6.3,3.2,879,10.59,5.0,3.5,Met
OPS-007551,ORD-007551,2.8,2.1,2.7,151,8.39,5.0,2.9,Met
OPS-005647,ORD-005647,3.6,4.6,2.7,1120,9.3,5.0,3.0,Met
OPS-009733,ORD-009733,1.1,5.7,4.0,569,10.03,5.0,4.3,Met
OPS-000044,ORD-000044,0.6,5.9,4.9,480,4.85,5.0,5.2,Breached
OPS-011737,ORD-011737,2.7,6.6,1.4,1816,10.98,5.0,1.8,Met
OPS-001188,ORD-001188,1.6,5.7,6.2,1257,12.22,5.0,6.5,Breached
OPS-009357,ORD-009357,1.3,3.9,2.9,809,4.66,5.0,3.1,Met
OPS-007907,ORD-007907,2.6,1.6,6.7,118,13.37,5.0,6.9,Breached
OPS-009914,ORD-009914,1.6,3.7,6.5,1238,6.18,5.0,6.7,Breached
OPS-001149,ORD-001149,3.2,7.2,4.0,754,10.32,5.0,4.4,Met
OPS-005420,ORD-005420,3.6,2.6,2.9,1384,13.5,5.0,3.2,Met
OPS-011727,ORD-011727,3.3,7.7,5.8,1332,11.98,5.0,6.3,Breached
OPS-005837,ORD-005837,2.3,1.4,2.3,659,11.73,5.0,2.5,Met
OPS-010408,ORD-010408,2.7,4.3,4.2,1112,9.01,5.0,4.5,Met
OPS-006322,ORD-006322,4.0,7.2,1.5,849,8.39,5.0,2.0,Met
OPS-011897,ORD-011897,1.0,5.4,4.9,353,13.45,5.0,5.2,Breached
OPS-005914,ORD-005914,2.6,4.0,4.1,1008,9.7,5.0,4.4,Met
OPS-004175,ORD-004175,3.0,4.1,2.4,1573,7.68,5.0,2.7,Met
OPS-002416,ORD-002416,3.3,1.7,1.9,756,9.32,5.0,2.1,Met
OPS-010107,ORD-010107,0.9,2.5,5.2,609,6.51,5.0,5.3,Breached
OPS-004555,ORD-004555,3.6,4.9,1.4,416,7.45,5.0,1.8,Met
OPS-011809,ORD-011809,1.4,6.8,5.2,532,4.33,5.0,5.5,Breached
OPS-006965,ORD-006965,2.6,6.7,6.6,1035,7.1,5.0,7.0,Breached
OPS-012058,ORD-012058,2.3,6.8,2.3,1822,13.15,5.0,2.7,Met
OPS-005356,ORD-005356,1.9,5.9,2.1,862,5.06,5.0,2.4,Met
OPS-006596,ORD-006596,3.6,3.5,2.9,512,5.28,5.0,3.2,Met
OPS-006798,ORD-006798,1.1,3.7,5.0,608,6.6,5.0,5.2,Breached
OPS-009691,ORD-009691,1.7,2.8,3.5,1000,5.3,5.0,3.7,Met
OPS-010974,ORD-010974,2.3,6.1,5.3,389,10.95,5.0,5.6,Breached
OPS-003320,ORD-003320,1.5,5.5,6.9,1974,9.73,5.0,7.2,Breached
OPS-001416,ORD-001416,3.5,4.4,1.4,435,9.59,5.0,1.7,Met
OPS-006136,ORD-006136,3.0,5.5,6.8,1741,7.21,5.0,7.2,Breached
OPS-002724,ORD-002724,2.4,6.2,5.7,915,5.01,5.0,6.1,Breached
OPS-000837,ORD-000837,2.8,1.9,3.7,481,6.03,5.0,3.9,Met
OPS-006278,ORD-006278,2.9,5.2,3.1,1184,10.22,5.0,3.4,Met
OPS-005749,ORD-005749,2.6,4.7,5.7,558,7.2,5.0,6.0,Breached
OPS-010537,ORD-010537,1.9,6.5,1.1,1493,4.44,5.0,1.5,Met
OPS-001178,ORD-001178,3.9,2.4,3.8,1275,6.96,5.0,4.1,Met
OPS-005390,ORD-005390,3.0,4.0,6.7,1914,10.46,5.0,7.0,Breached
OPS-011886,ORD-011886,1.6,4.8,5.8,693,12.38,5.0,6.1,Breached
OPS-001739,ORD-001739,1.0,2.5,5.7,976,11.12,5.0,5.8,Breached
OPS-003699,ORD-003699,2.1,6.3,3.3,1331,8.8,5.0,3.6,Met
OPS-004450,ORD-004450,1.9,6.3,5.2,466,10.83,5.0,5.5,Breached
OPS-001729,ORD-001729,3.3,4.5,5.1,1731,7.14,5.0,5.4,Breached
OPS-010033,ORD-010033,1.5,2.6,3.8,621,5.54,5.0,4.0,Met
OPS-007845,ORD-007845,3.0,3.0,2.0,757,8.49,5.0,2.2,Met
OPS-001133,ORD-001133,2.4,7.3,4.7,376,5.41,5.0,5.1,Breached
OPS-012357,ORD-012357,0.7,6.0,4.4,668,11.69,5.0,4.7,Met
OPS-012415,ORD-012415,1.8,7.2,3.0,283,4.84,5.0,3.4,Met
OPS-001936,ORD-001936,0.6,2.6,1.0,816,5.07,5.0,1.1,Met
OPS-003499,ORD-003499,2.2,5.1,4.8,1909,5.48,5.0,5.1,Breached
OPS-004334,ORD-004334,0.9,7.3,5.7,527,10.3,5.0,6.0,Breached
OPS-008480,ORD-008480,2.1,4.3,6.5,1720,6.96,5.0,6.8,Breached
OPS-007597,ORD-007597,2.6,7.6,3.2,1211,8.18,5.0,3.6,Met
OPS-002865,ORD-002865,2.9,2.3,6.4,1754,4.44,5.0,6.6,Breached
OPS-011775,ORD-011775,3.1,6.5,5.6,1617,13.98,5.0,6.0,Breached
OPS-003563,ORD-003563,3.4,1.1,1.2,1289,5.55,5.0,1.4,Met
OPS-008473,ORD-008473,1.1,5.6,5.8,287,8.88,5.0,6.1,Breached
OPS-011120,ORD-011120,3.5,2.0,4.6,1673,5.65,5.0,4.8,Met
OPS-004773,ORD-004773,2.7,6.1,3.3,1673,5.19,5.0,3.7,Met
OPS-007109,ORD-007109,2.4,6.1,2.5,1063,9.9,5.0,2.9,Met
OPS-007930,ORD-007930,3.9,6.9,4.8,1289,13.97,5.0,5.2,Breached
OPS-000578,ORD-000578,3.7,1.8,1.3,1242,5.97,5.0,1.5,Met
OPS-008212,ORD-008212,3.2,4.7,3.5,1936,6.07,5.0,3.8,Met
OPS-006394,ORD-006394,1.5,4.0,1.7,814,5.27,5.0,1.9,Met
OPS-010653,ORD-010653,1.9,2.6,3.1,351,9.29,5.0,3.3,Met
OPS-009021,ORD-009021,3.4,4.1,6.5,1367,4.27,5.0,6.8,Breached
OPS-011728,ORD-011728,3.8,3.7,4.0,975,11.61,5.0,4.3,Met
OPS-005853,ORD-005853,3.5,5.9,5.4,1582,11.39,5.0,5.8,Breached
OPS-004093,ORD-004093,3.6,8.0,2.0,180,13.98,5.0,2.5,Met
OPS-000371,ORD-000371,1.4,1.1,1.4,730,9.1,5.0,1.5,Met
OPS-007445,ORD-007445,3.4,1.5,4.4,1065,13.87,5.0,4.6,Met
OPS-009176,ORD-009176,2.1,1.2,3.5,473,9.95,5.0,3.6,Met
OPS-003415,ORD-003415,2.4,6.4,1.7,1781,4.04,5.0,2.1,Met
OPS-002659,ORD-002659,1.8,3.6,6.1,1993,4.66,5.0,6.3,Breached
OPS-001302,ORD-001302,1.6,6.1,3.5,779,6.24,5.0,3.8,Met
OPS-009695,ORD-009695,0.9,6.6,2.2,1098,8.74,5.0,2.5,Met
OPS-010906,ORD-010906,2.8,7.9,5.2,1439,8.04,5.0,5.6,Breached
OPS-003862,ORD-003862,2.8,7.9,3.9,1611,12.33,5.0,4.3,Met
OPS-003560,ORD-003560,0.9,4.7,5.1,689,11.45,5.0,5.3,Breached
OPS-004176,ORD-004176,2.8,5.3,4.5,1564,4.83,5.0,4.8,Met
OPS-003991,ORD-003991,2.8,7.7,3.5,1528,6.33,5.0,3.9,Met
OPS-008013,ORD-008013,3.1,2.6,4.9,528,4.47,5.0,5.1,Breached
OPS-010190,ORD-010190,3.6,7.1,6.9,169,8.51,5.0,7.3,Breached
OPS-000133,ORD-000133,2.0,2.6,2.1,1832,13.73,5.0,2.3,Met
OPS-001777,ORD-001777,3.8,7.1,2.7,1958,7.78,5.0,3.2,Met
OPS-001622,ORD-001622,3.0,5.2,4.1,1800,11.47,5.0,4.4,Met
OPS-001829,ORD-001829,3.7,4.6,1.2,911,9.7,5.0,1.5,Met
OPS-009745,ORD-009745,3.9,4.9,4.2,224,13.88,5.0,4.6,Met
OPS-010180,ORD-010180,1.9,3.1,1.1,1223,12.15,5.0,1.3,Met
OPS-002083,ORD-002083,2.8,7.2,3.2,1804,11.92,5.0,3.6,Met
OPS-005410,ORD-005410,0.7,7.5,3.7,1327,6.3,5.0,4.0,Met
OPS-008515,ORD-008515,3.6,3.8,4.5,948,12.94,5.0,4.8,Met
OPS-000319,ORD-000319,3.2,3.4,5.4,178,5.24,5.0,5.7,Breached
OPS-000974,ORD-000974,3.3,5.2,5.0,1332,9.96,5.0,5.4,Breached
OPS-006748,ORD-006748,2.6,6.4,1.4,429,9.91,5.0,1.8,Met
OPS-004153,ORD-004153,3.6,1.1,5.7,611,9.34,5.0,5.9,Breached
OPS-002550,ORD-002550,3.8,6.0,6.2,1087,5.92,5.0,6.6,Breached
OPS-002373,ORD-002373,3.4,1.2,3.8,859,9.1,5.0,4.0,Met
OPS-005533,ORD-005533,2.0,2.7,1.7,1594,4.4,5.0,1.9,Met
OPS-010996,ORD-010996,2.5,1.2,5.7,597,8.7,5.0,5.9,Breached
OPS-012056,ORD-012056,1.5,2.7,5.8,1027,10.39,5.0,6.0,Breached
OPS-000294,ORD-000294,0.8,5.6,6.7,479,8.12,5.0,7.0,Breached
OPS-011213,ORD-011213,3.1,2.1,6.9,1545,4.02,5.0,7.1,Breached
OPS-010196,ORD-010196,3.1,2.1,7.0,1573,9.94,5.0,7.2,Breached
OPS-007045,ORD-007045,1.6,6.4,1.5,1901,6.61,5.0,1.8,Met
OPS-006390,ORD-006390,0.7,7.1,4.4,383,8.91,5.0,4.7,Met
OPS-006735,ORD-006735,0.6,7.2,5.5,1091,11.41,5.0,5.8,Breached
OPS-005823,ORD-005823,2.7,6.4,5.1,1381,6.94,5.0,5.5,Breached
OPS-005155,ORD-005155,2.8,7.2,6.6,1446,10.59,5.0,7.0,Breached
OPS-007848,ORD-007848,2.2,6.2,5.1,396,7.96,5.0,5.4,Breached
OPS-004166,ORD-004166,2.5,3.6,3.9,1842,4.71,5.0,4.2,Met
OPS-011065,ORD-011065,2.6,5.3,5.0,380,13.88,5.0,5.3,Breached
OPS-009899,ORD-009899,2.5,1.1,5.3,207,11.43,5.0,5.5,Breached
OPS-008240,ORD-008240,0.5,7.3,6.8,1348,10.81,5.0,7.1,Breached
OPS-010279,ORD-010279,1.5,5.8,1.9,1670,6.79,5.0,2.2,Met
OPS-009738,ORD-009738,4.0,6.7,2.4,767,6.61,5.0,2.8,Met
OPS-007926,ORD-007926,2.7,3.4,3.5,1084,11.84,5.0,3.8,Met
OPS-009219,ORD-009219,2.7,4.7,5.7,1345,5.72,5.0,6.0,Breached
OPS-012251,ORD-012251,2.9,2.4,6.1,609,13.28,5.0,6.3,Breached
OPS-009830,ORD-009830,1.4,4.8,4.1,980,6.79,5.0,4.4,Met
OPS-006874,ORD-006874,2.9,1.8,1.2,1648,12.74,5.0,1.4,Met
OPS-000176,ORD-000176,3.6,5.8,2.4,160,10.37,5.0,2.8,Met
OPS-012060,ORD-012060,2.6,1.5,6.7,1594,5.51,5.0,6.9,Breached
OPS-005307,ORD-005307,1.2,5.8,2.2,425,5.91,5.0,2.5,Met
OPS-011389,ORD-011389,3.9,4.8,4.0,378,6.74,5.0,4.4,Met
OPS-010209,ORD-010209,1.1,1.8,6.9,1717,4.53,5.0,7.0,Breached
OPS-000800,ORD-000800,3.4,6.1,3.8,642,8.72,5.0,4.2,Met
OPS-004596,ORD-004596,1.8,3.3,6.5,1224,11.7,5.0,6.7,Breached
OPS-001052,ORD-001052,0.6,4.7,5.2,1145,6.09,5.0,5.4,Breached
OPS-008879,ORD-008879,0.5,3.9,3.5,1829,6.44,5.0,3.7,Met
OPS-005064,ORD-005064,1.9,5.1,6.4,1245,11.57,5.0,6.7,Breached
OPS-010326,ORD-010326,3.7,6.5,4.1,1069,9.67,5.0,4.5,Met
OPS-002668,ORD-002668,2.5,4.5,6.8,503,11.05,5.0,7.1,Breached
OPS-009214,ORD-009214,2.4,1.4,2.3,1327,11.07,5.0,2.5,Met
OPS-000345,ORD-000345,1.6,7.8,5.9,851,4.24,5.0,6.3,Breached
OPS-010458,ORD-010458,3.4,6.6,5.7,978,4.56,5.0,6.1,Breached
OPS-012247,ORD-012247,2.8,6.9,1.8,1653,8.94,5.0,2.2,Met
OPS-005385,ORD-005385,1.8,4.2,5.0,674,6.27,5.0,5.2,Breached
OPS-006168,ORD-006168,3.8,2.1,6.8,485,5.54,5.0,7.0,Breached
OPS-005672,ORD-005672,0.9,3.3,2.2,1613,7.6,5.0,2.4,Met
OPS-010966,ORD-010966,0.5,3.2,4.7,764,8.39,5.0,4.9,Met
OPS-009155,ORD-009155,0.9,4.3,3.4,617,13.28,5.0,3.6,Met
OPS-010436,ORD-010436,0.8,3.8,4.4,1582,11.06,5.0,4.6,Met
OPS-008469,ORD-008469,3.7,1.3,6.2,218,7.12,5.0,6.4,Breached
OPS-006414,ORD-006414,2.0,1.0,5.5,498,7.65,5.0,5.6,Breached
OPS-001269,ORD-001269,1.4,6.1,2.5,991,6.2,5.0,2.8,Met
OPS-009744,ORD-009744,3.3,6.8,6.6,798,6.71,5.0,7.0,Breached
OPS-005513,ORD-005513,1.1,6.0,6.4,1949,5.68,5.0,6.7,Breached
OPS-007212,ORD-007212,1.4,5.5,1.7,133,7.94,5.0,2.0,Met
OPS-006158,ORD-006158,1.3,4.3,4.2,1154,7.19,5.0,4.4,Met
OPS-002378,ORD-002378,2.0,5.7,1.1,1764,4.51,5.0,1.4,Met
OPS-005234,ORD-005234,0.8,6.0,3.2,495,10.33,5.0,3.5,Met
OPS-006525,ORD-006525,1.0,6.7,2.6,1559,9.26,5.0,2.9,Met
OPS-001421,ORD-001421,3.8,1.7,4.2,1307,13.24,5.0,4.4,Met
OPS-010241,ORD-010241,3.4,7.4,3.3,1412,8.69,5.0,3.8,Met
OPS-007589,ORD-007589,1.9,7.7,3.3,229,13.93,5.0,3.7,Met
OPS-000378,ORD-000378,1.7,1.6,5.7,1354,4.66,5.0,5.8,Breached
OPS-003884,ORD-003884,1.9,5.7,5.1,942,5.69,5.0,5.4,Breached
OPS-006681,ORD-006681,3.3,5.2,1.3,750,5.99,5.0,1.7,Met
OPS-007882,ORD-007882,3.4,5.4,4.1,1642,12.66,5.0,4.5,Met
OPS-007366,ORD-007366,2.2,4.1,4.2,1007,7.75,5.0,4.5,Met
OPS-006096,ORD-006096,1.9,6.5,2.3,724,12.84,5.0,2.6,Met
OPS-010981,ORD-010981,0.6,3.6,1.7,375,7.71,5.0,1.9,Met
OPS-000497,ORD-000497,0.5,1.7,3.8,1927,9.53,5.0,3.9,Met
OPS-007998,ORD-007998,2.8,3.9,1.2,542,4.47,5.0,1.5,Met
OPS-006860,ORD-006860,3.9,4.2,3.8,1669,7.37,5.0,4.1,Met
OPS-008961,ORD-008961,0.7,3.8,6.3,861,4.05,5.0,6.5,Breached
OPS-009015,ORD-009015,2.9,3.4,4.1,727,7.85,5.0,4.4,Met
OPS-008816,ORD-008816,2.3,6.1,4.3,324,4.68,5.0,4.6,Met
OPS-002014,ORD-002014,3.9,1.0,1.0,538,13.28,5.0,1.2,Met
OPS-009821,ORD-009821,3.1,6.7,1.3,1812,7.51,5.0,1.7,Met
OPS-010901,ORD-010901,1.8,5.9,3.7,806,11.77,5.0,4.0,Met
OPS-005731,ORD-005731,2.3,6.9,5.0,1889,9.85,5.0,5.4,Breached
OPS-005995,ORD-005995,2.3,7.4,6.3,593,13.83,5.0,6.7,Breached
OPS-001498,ORD-001498,4.0,5.0,6.8,1629,4.5,5.0,7.2,Breached
OPS-000106,ORD-000106,2.5,4.5,6.4,447,8.45,5.0,6.7,Breached
OPS-008037,ORD-008037,2.3,2.0,1.3,1800,5.58,5.0,1.5,Met
OPS-000917,ORD-000917,0.5,5.9,2.2,108,8.3,5.0,2.5,Met
OPS-008653,ORD-008653,3.7,1.7,1.6,617,11.12,5.0,1.8,Met
OPS-003779,ORD-003779,1.3,6.2,5.7,1844,13.69,5.0,6.0,Breached
OPS-001028,ORD-001028,0.8,3.5,4.2,911,9.18,5.0,4.4,Met
OPS-011939,ORD-011939,3.2,1.6,5.9,988,12.76,5.0,6.1,Breached
OPS-000322,ORD-000322,1.3,5.9,4.7,1991,10.21,5.0,5.0,Met
OPS-005185,ORD-005185,2.9,2.2,6.4,849,9.69,5.0,6.6,Breached
OPS-008982,ORD-008982,1.4,3.0,1.9,115,9.7,5.0,2.1,Met
OPS-007303,ORD-007303,3.1,5.3,3.5,1505,12.0,5.0,3.9,Met
OPS-005891,ORD-005891,2.3,5.1,1.9,1796,8.96,5.0,2.2,Met
OPS-003025,ORD-003025,1.2,7.3,1.5,1119,11.41,5.0,1.9,Met
OPS-000755,ORD-000755,0.8,3.6,3.3,399,12.25,5.0,3.5,Met
OPS-007148,ORD-007148,2.6,2.4,6.0,601,4.82,5.0,6.2,Breached
OPS-004737,ORD-004737,2.6,3.9,6.6,1985,12.93,5.0,6.9,Breached
OPS-005856,ORD-005856,2.3,3.9,3.6,167,7.1,5.0,3.9,Met
OPS-003558,ORD-003558,1.1,7.8,4.8,1779,5.65,5.0,5.2,Breached
OPS-005262,ORD-005262,0.9,4.7,3.6,1013,9.12,5.0,3.8,Met
OPS-005943,ORD-005943,1.3,3.1,4.1,904,11.11,5.0,4.3,Met
OPS-008767,ORD-008767,3.5,2.4,2.8,1329,10.56,5.0,3.0,Met
OPS-009233,ORD-009233,0.8,4.5,6.4,204,11.32,5.0,6.6,Breached
OPS-002545,ORD-002545,2.6,1.4,3.9,1904,8.85,5.0,4.1,Met
OPS-003132,ORD-003132,2.9,1.2,1.9,296,4.67,5.0,2.1,Met
OPS-006427,ORD-006427,1.0,6.5,3.9,1160,10.49,5.0,4.2,Met
OPS-008178,ORD-008178,1.3,2.7,2.7,1483,4.51,5.0,2.9,Met
OPS-010284,ORD-010284,2.6,4.1,3.3,214,6.33,5.0,3.6,Met
OPS-008392,ORD-008392,2.9,3.9,3.0,1450,12.51,5.0,3.3,Met
OPS-006905,ORD-006905,0.8,6.8,3.6,132,7.75,5.0,3.9,Met
OPS-006303,ORD-006303,1.6,2.8,4.9,1184,7.53,5.0,5.1,Breached
OPS-003902,ORD-003902,2.8,5.9,3.8,494,6.66,5.0,4.2,Met
OPS-003205,ORD-003205,1.9,5.3,6.4,1797,8.63,5.0,6.7,Breached
OPS-008428,ORD-008428,3.2,3.0,1.6,500,8.5,5.0,1.9,Met
OPS-009268,ORD-009268,1.4,1.6,5.5,570,8.9,5.0,5.6,Breached
OPS-006576,ORD-006576,3.5,3.6,2.9,379,6.43,5.0,3.2,Met
OPS-001834,ORD-001834,2.1,7.0,3.5,1623,9.88,5.0,3.9,Met
OPS-009383,ORD-009383,2.5,4.5,5.9,1335,4.03,5.0,6.2,Breached
OPS-005786,ORD-005786,0.6,2.7,1.5,1561,4.95,5.0,1.6,Met
OPS-010581,ORD-010581,2.1,1.1,3.1,332,4.24,5.0,3.2,Met
OPS-010586,ORD-010586,3.7,6.4,1.8,1923,6.81,5.0,2.2,Met
OPS-006223,ORD-006223,1.0,1.8,6.8,1021,7.18,5.0,6.9,Breached
OPS-007700,ORD-007700,3.5,7.4,3.5,208,12.33,5.0,4.0,Met
OPS-011339,ORD-011339,2.9,4.9,4.3,1618,9.72,5.0,4.6,Met
OPS-006166,ORD-006166,2.4,3.1,5.7,1947,11.81,5.0,5.9,Breached
OPS-003981,ORD-003981,4.0,4.5,5.4,1918,4.56,5.0,5.8,Breached
OPS-004528,ORD-004528,2.3,4.1,1.5,658,13.04,5.0,1.8,Met
OPS-008588,ORD-008588,3.9,5.9,2.9,1304,10.31,5.0,3.3,Met
OPS-009896,ORD-009896,2.0,2.6,5.7,1904,8.97,5.0,5.9,Breached
OPS-004564,ORD-004564,1.6,5.6,3.7,482,12.98,5.0,4.0,Met
OPS-004571,ORD-004571,0.5,2.7,2.4,834,6.86,5.0,2.5,Met
OPS-007843,ORD-007843,1.9,3.4,6.9,1656,12.69,5.0,7.1,Breached
OPS-001746,ORD-001746,1.5,7.5,2.1,996,8.22,5.0,2.5,Met
OPS-004363,ORD-004363,3.7,7.5,6.4,1272,11.44,5.0,6.9,Breached
OPS-008606,ORD-008606,3.8,3.4,5.9,1302,11.26,5.0,6.2,Breached
OPS-001661,ORD-001661,2.3,5.0,6.2,481,13.77,5.0,6.5,Breached
OPS-008213,ORD-008213,1.6,4.0,1.2,1119,6.29,5.0,1.4,Met
OPS-001646,ORD-001646,3.7,4.4,6.5,780,12.92,5.0,6.8,Breached
OPS-002685,ORD-002685,2.4,6.5,1.7,1937,10.3,5.0,2.1,Met
OPS-010026,ORD-010026,1.4,5.7,6.3,514,6.22,5.0,6.6,Breached
OPS-003275,ORD-003275,1.6,6.5,1.5,1176,5.94,5.0,1.8,Met
OPS-005876,ORD-005876,3.7,1.1,3.2,1751,10.92,5.0,3.4,Met
OPS-007407,ORD-007407,1.8,6.3,3.0,568,10.99,5.0,3.3,Met
OPS-003860,ORD-003860,3.4,6.3,3.5,1707,8.43,5.0,3.9,Met
OPS-002981,ORD-002981,1.1,3.1,3.1,1225,13.67,5.0,3.3,Met
OPS-011210,ORD-011210,2.3,4.5,5.2,1792,12.59,5.0,5.5,Breached
OPS-001195,ORD-001195,0.8,5.4,3.9,1685,6.96,5.0,4.2,Met
OPS-000982,ORD-000982,1.1,7.9,2.9,1221,7.04,5.0,3.3,Met
OPS-010450,ORD-010450,0.5,5.2,3.4,1618,11.21,5.0,3.6,Met
OPS-011649,ORD-011649,3.5,3.0,4.1,1139,9.0,5.0,4.4,Met
OPS-011518,ORD-011518,3.7,6.6,3.9,142,5.48,5.0,4.3,Met
OPS-000343,ORD-000343,2.6,5.0,2.1,836,5.04,5.0,2.4,Met
OPS-001863,ORD-001863,1.4,7.0,1.6,1791,8.65,5.0,2.0,Met
OPS-004806,ORD-004806,0.8,1.5,4.1,1547,10.68,5.0,4.2,Met
OPS-001160,ORD-001160,1.6,1.8,5.0,573,5.57,5.0,5.1,Breached
OPS-002370,ORD-002370,0.8,7.1,2.3,929,5.38,5.0,2.6,Met
OPS-000653,ORD-000653,4.0,1.1,3.2,1757,10.6,5.0,3.4,Met
OPS-009953,ORD-009953,2.3,6.9,2.1,1092,13.44,5.0,2.5,Met
OPS-012364,ORD-012364,2.6,4.2,3.5,1362,12.94,5.0,3.8,Met
OPS-006152,ORD-006152,0.8,3.3,2.1,638,13.15,5.0,2.3,Met
OPS-005025,ORD-005025,2.2,6.6,2.8,1357,5.26,5.0,3.2,Met
OPS-003556,ORD-003556,4.0,3.7,4.8,1107,7.24,5.0,5.1,Breached
OPS-010334,ORD-010334,0.9,6.2,1.3,1476,13.25,5.0,1.6,Met
OPS-011953,ORD-011953,1.8,5.0,6.1,1111,6.15,5.0,6.4,Breached
OPS-008386,ORD-008386,2.7,4.9,3.2,896,8.16,5.0,3.5,Met
OPS-001721,ORD-001721,1.5,6.6,5.3,993,9.83,5.0,5.6,Breached
OPS-001275,ORD-001275,3.1,1.3,3.5,1242,6.55,5.0,3.7,Met
OPS-004656,ORD-004656,2.3,5.9,3.1,1215,13.64,5.0,3.4,Met
OPS-003806,ORD-003806,3.6,3.4,4.1,1414,8.71,5.0,4.4,Met
OPS-001124,ORD-001124,0.9,2.5,1.2,1278,9.25,5.0,1.3,Met
OPS-002395,ORD-002395,1.8,4.6,2.5,598,11.65,5.0,2.8,Met
OPS-004434,ORD-004434,3.0,6.0,2.6,1515,12.86,5.0,3.0,Met
OPS-009686,ORD-009686,1.1,6.4,1.3,138,9.24,5.0,1.6,Met
OPS-006276,ORD-006276,2.6,5.2,2.9,838,11.27,5.0,3.2,Met
OPS-003200,ORD-003200,2.0,5.9,5.7,449,5.65,5.0,6.0,Breached
OPS-000235,ORD-000235,2.8,6.0,2.4,268,4.72,5.0,2.8,Met
OPS-000255,ORD-000255,3.1,6.5,4.3,1830,10.62,5.0,4.7,Met
OPS-007225,ORD-007225,0.7,7.9,6.4,351,11.51,5.0,6.8,Breached
OPS-008528,ORD-008528,3.3,5.0,5.8,1712,8.81,5.0,6.1,Breached
OPS-009295,ORD-009295,3.1,6.1,3.3,1669,5.91,5.0,3.7,Met
OPS-003653,ORD-003653,3.7,5.3,2.2,1070,13.78,5.0,2.6,Met
OPS-006462,ORD-006462,0.7,3.9,4.6,771,4.21,5.0,4.8,Met
OPS-005805,ORD-005805,1.3,2.2,6.7,677,6.05,5.0,6.8,Breached
OPS-004838,ORD-004838,0.8,1.0,3.0,550,11.45,5.0,3.1,Met
OPS-008242,ORD-008242,2.5,3.3,5.5,1023,6.74,5.0,5.7,Breached
OPS-004537,ORD-004537,3.6,7.4,3.7,779,10.65,5.0,4.2,Met
OPS-005515,ORD-005515,1.6,2.2,3.1,1345,12.25,5.0,3.3,Met
OPS-008595,ORD-008595,2.8,2.5,3.7,361,5.03,5.0,3.9,Met
OPS-011205,ORD-011205,2.5,2.1,5.6,539,9.47,5.0,5.8,Breached
OPS-009066,ORD-009066,1.0,4.6,3.5,273,5.63,5.0,3.7,Met
OPS-002252,ORD-002252,1.0,7.6,3.5,1592,7.34,5.0,3.9,Met
OPS-006496,ORD-006496,1.8,1.8,6.2,1619,5.71,5.0,6.4,Breached
OPS-011432,ORD-011432,2.4,6.1,1.3,1423,7.24,5.0,1.7,Met
OPS-009871,ORD-009871,1.9,3.2,5.0,407,6.89,5.0,5.2,Breached
OPS-004867,ORD-004867,1.5,2.3,5.9,1706,6.44,5.0,6.1,Breached
OPS-012062,ORD-012062,1.5,5.1,3.2,797,5.02,5.0,3.5,Met
OPS-012308,ORD-012308,1.3,1.7,2.0,158,13.03,5.0,2.1,Met
OPS-000823,ORD-000823,0.6,4.6,1.1,665,10.35,5.0,1.3,Met
OPS-005861,ORD-005861,3.1,3.1,3.7,1066,11.31,5.0,4.0,Met
OPS-006316,ORD-006316,3.7,1.9,3.7,931,7.73,5.0,3.9,Met
OPS-007913,ORD-007913,2.2,4.3,4.9,691,8.72,5.0,5.2,Breached
OPS-001492,ORD-001492,1.8,5.8,3.7,1853,8.77,5.0,4.0,Met
OPS-011365,ORD-011365,1.7,5.6,1.9,393,11.24,5.0,2.2,Met
OPS-003734,ORD-003734,2.6,2.7,1.4,1706,5.88,5.0,1.6,Met
OPS-000725,ORD-000725,2.7,1.1,7.0,1752,4.74,5.0,7.2,Breached
OPS-001276,ORD-001276,1.9,2.9,6.5,1005,6.45,5.0,6.7,Breached
OPS-005021,ORD-005021,3.2,2.9,4.2,1836,4.18,5.0,4.5,Met
OPS-000702,ORD-000702,3.6,5.6,4.7,433,9.71,5.0,5.1,Breached
OPS-004383,ORD-004383,1.1,1.2,3.2,1026,13.65,5.0,3.3,Met
OPS-010477,ORD-010477,2.7,1.5,5.6,1621,13.22,5.0,5.8,Breached
OPS-002179,ORD-002179,3.5,6.7,1.4,810,6.92,5.0,1.8,Met
OPS-001989,ORD-001989,1.3,7.6,1.5,1089,6.82,5.0,1.9,Met
OPS-007528,ORD-007528,2.4,5.3,4.1,690,4.6,5.0,4.4,Met
OPS-009130,ORD-009130,1.6,7.6,2.6,170,7.2,5.0,3.0,Met
OPS-004424,ORD-004424,3.1,7.3,4.6,1827,4.61,5.0,5.0,Met
OPS-006773,ORD-006773,1.2,1.5,4.5,743,13.04,5.0,4.6,Met
OPS-010332,ORD-010332,2.9,1.9,5.1,389,9.56,5.0,5.3,Breached
OPS-003268,ORD-003268,3.0,5.8,2.6,1104,10.57,5.0,3.0,Met
OPS-012181,ORD-012181,1.9,6.7,6.9,453,13.18,5.0,7.3,Breached
OPS-009438,ORD-009438,2.9,6.1,6.8,661,12.02,5.0,7.2,Breached
OPS-009665,ORD-009665,2.2,4.3,4.2,916,9.01,5.0,4.5,Met
OPS-002299,ORD-002299,2.7,2.1,1.0,839,5.25,5.0,1.2,Met
OPS-003209,ORD-003209,0.9,4.5,5.6,1499,11.0,5.0,5.8,Breached
OPS-006680,ORD-006680,3.9,7.6,7.0,1260,4.83,5.0,7.5,Breached
OPS-000996,ORD-000996,1.6,2.1,2.8,1825,4.74,5.0,3.0,Met
OPS-008084,ORD-008084,2.1,5.7,2.8,622,11.76,5.0,3.1,Met
OPS-010880,ORD-010880,3.1,1.8,3.9,280,6.3,5.0,4.1,Met
OPS-006070,ORD-006070,1.5,6.3,4.3,532,7.56,5.0,4.6,Met
OPS-008285,ORD-008285,3.9,4.8,2.4,1702,13.29,5.0,2.8,Met
OPS-009288,ORD-009288,3.9,1.2,4.7,179,10.79,5.0,4.9,Met
OPS-006470,ORD-006470,2.4,2.1,1.1,298,8.21,5.0,1.3,Met
OPS-005842,ORD-005842,4.0,7.7,4.5,1478,11.53,5.0,5.0,Met
OPS-000820,ORD-000820,1.8,3.0,5.1,211,6.45,5.0,5.3,Breached
OPS-009276,ORD-009276,1.1,2.2,2.8,1108,9.68,5.0,2.9,Met
OPS-001059,ORD-001059,1.6,4.5,1.7,834,12.76,5.0,2.0,Met
OPS-008748,ORD-008748,2.4,4.7,3.7,1893,12.47,5.0,4.0,Met
OPS-005024,ORD-005024,2.5,1.5,4.7,299,5.17,5.0,4.9,Met
OPS-008708,ORD-008708,1.6,4.8,4.9,705,5.37,5.0,5.2,Breached
OPS-007899,ORD-007899,3.0,2.1,4.7,1068,7.22,5.0,4.9,Met
OPS-009977,ORD-009977,3.9,5.3,1.7,1802,4.68,5.0,2.1,Met
OPS-004614,ORD-004614,1.8,5.2,4.7,444,9.99,5.0,5.0,Met
OPS-006277,ORD-006277,3.9,3.1,4.1,516,13.99,5.0,4.4,Met
OPS-010511,ORD-010511,2.1,4.3,3.9,405,10.66,5.0,4.2,Met
OPS-004052,ORD-004052,1.9,2.8,4.2,1825,7.83,5.0,4.4,Met
OPS-002265,ORD-002265,1.3,7.5,1.7,1666,5.97,5.0,2.1,Met
OPS-007515,ORD-007515,3.1,6.8,2.5,1181,4.31,5.0,2.9,Met
OPS-001780,ORD-001780,3.7,1.2,6.4,686,9.27,5.0,6.6,Breached
OPS-006948,ORD-006948,1.9,3.5,6.5,183,7.23,5.0,6.7,Breached
OPS-007976,ORD-007976,3.4,6.5,5.5,595,11.03,5.0,5.9,Breached
OPS-000713,ORD-000713,3.8,1.9,6.3,256,9.09,5.0,6.5,Breached
OPS-009803,ORD-009803,0.8,3.8,1.1,347,9.58,5.0,1.3,Met
OPS-011301,ORD-011301,1.3,4.1,2.6,109,8.85,5.0,2.8,Met
OPS-011764,ORD-011764,1.4,1.8,5.6,171,12.5,5.0,5.7,Breached
OPS-010911,ORD-010911,4.0,6.9,1.7,1366,12.04,5.0,2.2,Met
OPS-000710,ORD-000710,3.4,3.4,4.7,1654,9.33,5.0,5.0,Met
OPS-011338,ORD-011338,0.8,4.9,4.1,780,9.2,5.0,4.3,Met
OPS-000561,ORD-000561,2.1,6.3,5.5,809,9.75,5.0,5.8,Breached
OPS-010448,ORD-010448,2.2,3.1,2.0,204,12.48,5.0,2.2,Met
OPS-004047,ORD-004047,2.2,1.2,2.9,204,5.15,5.0,3.0,Met
OPS-008667,ORD-008667,3.3,3.6,4.2,597,4.89,5.0,4.5,Met
OPS-005108,ORD-005108,3.0,5.6,3.6,111,10.1,5.0,4.0,Met
OPS-000798,ORD-000798,2.5,3.8,1.8,1449,11.52,5.0,2.1,Met
OPS-004023,ORD-004023,2.4,3.2,6.0,224,10.42,5.0,6.2,Breached
OPS-002442,ORD-002442,2.9,1.1,2.7,978,7.37,5.0,2.9,Met
OPS-004279,ORD-004279,1.9,4.6,6.6,1111,12.37,5.0,6.9,Breached
OPS-005443,ORD-005443,3.6,1.1,1.0,990,13.15,5.0,1.2,Met
OPS-005847,ORD-005847,1.7,3.5,4.4,1313,4.8,5.0,4.6,Met
OPS-002393,ORD-002393,1.9,3.4,2.6,646,6.15,5.0,2.8,Met
OPS-005618,ORD-005618,1.9,6.2,5.9,1701,10.25,5.0,6.2,Breached
OPS-008628,ORD-008628,3.0,5.2,3.4,1606,4.05,5.0,3.7,Met
OPS-004456,ORD-004456,2.0,6.2,3.8,547,8.15,5.0,4.1,Met
OPS-008055,ORD-008055,3.0,4.1,6.7,842,10.11,5.0,7.0,Breached
OPS-008454,ORD-008454,4.0,1.1,6.8,880,8.26,5.0,7.0,Breached
OPS-004759,ORD-004759,2.4,4.8,4.9,928,11.85,5.0,5.2,Breached
OPS-005102,ORD-005102,2.7,3.9,6.8,1127,11.19,5.0,7.1,Breached
OPS-002091,ORD-002091,1.5,7.8,6.1,177,10.68,5.0,6.5,Breached
OPS-001712,ORD-001712,2.8,5.7,4.4,1568,9.9,5.0,4.8,Met
OPS-007842,ORD-007842,2.2,3.9,6.9,377,10.33,5.0,7.2,Breached
OPS-008197,ORD-008197,1.8,3.4,3.7,1594,12.27,5.0,3.9,Met
OPS-003262,ORD-003262,2.0,3.6,1.7,1797,10.78,5.0,1.9,Met
OPS-010958,ORD-010958,1.7,5.3,3.0,166,6.22,5.0,3.3,Met
OPS-007072,ORD-007072,1.6,3.4,6.9,1800,4.94,5.0,7.1,Breached
OPS-002164,ORD-002164,3.7,1.6,3.1,1900,6.35,5.0,3.3,Met
OPS-005083,ORD-005083,3.2,4.2,4.5,886,4.21,5.0,4.8,Met
OPS-009123,ORD-009123,2.5,7.5,5.3,723,8.32,5.0,5.7,Breached
OPS-003999,ORD-003999,3.8,7.9,1.1,1814,13.36,5.0,1.6,Met
OPS-007832,ORD-007832,1.3,5.8,4.9,1486,7.34,5.0,5.2,Breached
OPS-005395,ORD-005395,2.2,3.3,5.5,1047,11.59,5.0,5.7,Breached
OPS-007685,ORD-007685,1.9,7.3,1.1,936,5.42,5.0,1.5,Met
OPS-009681,ORD-009681,1.6,3.4,4.1,1131,10.07,5.0,4.3,Met
OPS-010309,ORD-010309,0.6,3.0,4.0,1133,11.59,5.0,4.2,Met
OPS-011833,ORD-011833,1.1,6.9,1.5,906,5.42,5.0,1.8,Met
OPS-007610,ORD-007610,1.1,1.1,4.6,851,8.74,5.0,4.7,Met
OPS-003345,ORD-003345,0.6,2.1,2.7,1647,6.75,5.0,2.8,Met
OPS-010487,ORD-010487,3.0,7.4,4.7,1052,5.3,5.0,5.1,Breached
OPS-007033,ORD-007033,3.1,4.2,4.9,307,4.6,5.0,5.2,Breached
OPS-011674,ORD-011674,1.1,3.9,5.4,656,12.45,5.0,5.6,Breached
OPS-009248,ORD-009248,3.6,1.0,6.2,498,7.41,5.0,6.4,Breached
OPS-001303,ORD-001303,2.0,4.2,3.2,522,12.25,5.0,3.5,Met
OPS-010175,ORD-010175,3.5,5.4,1.7,800,11.88,5.0,2.1,Met
OPS-005848,ORD-005848,1.3,4.8,1.2,204,12.02,5.0,1.5,Met
OPS-004264,ORD-004264,1.9,1.8,4.3,464,4.06,5.0,4.5,Met
OPS-006968,ORD-006968,2.8,4.4,4.3,706,8.69,5.0,4.6,Met
OPS-004664,ORD-004664,0.6,5.7,6.2,578,6.09,5.0,6.5,Breached
OPS-008733,ORD-008733,0.9,5.5,3.5,316,7.5,5.0,3.8,Met
OPS-010093,ORD-010093,2.1,5.9,2.3,955,13.32,5.0,2.6,Met
OPS-008626,ORD-008626,3.0,7.5,4.2,764,11.09,5.0,4.6,Met
OPS-001624,ORD-001624,2.2,1.4,2.0,337,8.27,5.0,2.1,Met
OPS-003820,ORD-003820,2.7,3.2,3.4,1638,13.66,5.0,3.6,Met
OPS-006483,ORD-006483,2.9,6.9,6.7,1051,6.47,5.0,7.1,Breached
OPS-007767,ORD-007767,2.9,4.2,5.0,512,5.6,5.0,5.3,Breached
OPS-011360,ORD-011360,2.0,7.2,5.8,178,11.95,5.0,6.2,Breached
OPS-003684,ORD-003684,2.3,3.6,3.1,1724,13.46,5.0,3.3,Met
OPS-001432,ORD-001432,3.6,2.3,1.9,151,11.45,5.0,2.1,Met
OPS-011165,ORD-011165,1.7,3.1,5.0,1905,7.84,5.0,5.2,Breached
OPS-002139,ORD-002139,0.6,7.8,3.7,1975,8.36,5.0,4.0,Met
OPS-005787,ORD-005787,3.4,4.6,6.4,1366,9.15,5.0,6.7,Breached
OPS-010850,ORD-010850,3.2,3.5,3.9,1877,7.87,5.0,4.2,Met
OPS-010111,ORD-010111,3.8,2.9,2.8,496,4.95,5.0,3.1,Met
OPS-000611,ORD-000611,1.6,2.5,5.7,1288,7.93,5.0,5.9,Breached
OPS-007784,ORD-007784,2.0,6.6,6.2,1930,6.04,5.0,6.6,Breached
OPS-003477,ORD-003477,2.0,1.8,6.5,1789,10.27,5.0,6.7,Breached
OPS-004492,ORD-004492,1.6,2.2,1.2,1925,8.53,5.0,1.4,Met
OPS-012212,ORD-012212,3.6,1.9,4.6,521,10.78,5.0,4.8,Met
OPS-007236,ORD-007236,1.8,6.8,4.8,484,5.29,5.0,5.2,Breached
OPS-003573,ORD-003573,2.2,7.5,3.2,1277,12.36,5.0,3.6,Met
OPS-005396,ORD-005396,3.2,6.8,5.6,1336,12.69,5.0,6.0,Breached
OPS-006964,ORD-006964,1.4,7.5,4.4,1831,13.51,5.0,4.8,Met
OPS-009258,ORD-009258,2.6,5.3,1.2,557,11.16,5.0,1.5,Met
OPS-008036,ORD-008036,3.0,6.2,4.1,1779,12.17,5.0,4.5,Met
OPS-008210,ORD-008210,2.6,2.1,5.6,1501,13.65,5.0,5.8,Breached
OPS-005349,ORD-005349,0.6,4.3,1.4,441,7.98,5.0,1.6,Met
OPS-011129,ORD-011129,2.7,1.1,4.4,1296,4.41,5.0,4.6,Met
OPS-009085,ORD-009085,3.0,7.2,5.2,391,7.63,5.0,5.6,Breached
OPS-002110,ORD-002110,2.5,5.0,2.9,1557,6.94,5.0,3.2,Met
OPS-001907,ORD-001907,2.2,3.9,3.8,1587,9.53,5.0,4.1,Met
OPS-008857,ORD-008857,2.0,6.0,2.0,150,10.32,5.0,2.3,Met
OPS-009804,ORD-009804,2.9,4.7,3.8,1757,8.36,5.0,4.1,Met
OPS-008233,ORD-008233,2.3,3.3,3.8,580,12.47,5.0,4.0,Met
OPS-005766,ORD-005766,2.9,2.4,5.5,672,11.68,5.0,5.7,Breached
OPS-001078,ORD-001078,1.5,1.6,1.6,344,5.11,5.0,1.7,Met
OPS-004818,ORD-004818,0.7,4.4,6.9,391,4.87,5.0,7.1,Breached
OPS-005833,ORD-005833,3.5,6.4,2.1,1416,6.61,5.0,2.5,Met
OPS-009068,ORD-009068,2.1,1.9,6.8,1703,13.27,5.0,7.0,Breached
OPS-004224,ORD-004224,1.9,1.2,6.3,859,6.21,5.0,6.4,Breached
OPS-007642,ORD-007642,3.0,3.6,2.1,651,10.16,5.0,2.4,Met
OPS-008902,ORD-008902,1.6,2.5,1.2,1554,7.99,5.0,1.4,Met
OPS-004855,ORD-004855,2.3,2.2,1.8,1444,8.94,5.0,2.0,Met
OPS-006099,ORD-006099,2.2,1.5,1.3,2000,8.33,5.0,1.5,Met
OPS-001332,ORD-001332,2.8,2.9,3.9,882,12.43,5.0,4.1,Met
OPS-008934,ORD-008934,3.2,6.1,6.3,842,7.81,5.0,6.7,Breached
OPS-001754,ORD-001754,3.4,2.7,3.7,146,9.57,5.0,4.0,Met
OPS-001163,ORD-001163,1.5,7.5,5.0,460,7.03,5.0,5.4,Breached
OPS-001603,ORD-001603,1.3,3.2,6.7,775,10.99,5.0,6.9,Breached
OPS-011546,ORD-011546,2.9,3.6,1.4,1377,6.75,5.0,1.7,Met
OPS-011766,ORD-011766,1.0,4.5,1.9,1900,12.59,5.0,2.1,Met
OPS-011720,ORD-011720,0.8,4.9,6.3,1959,5.88,5.0,6.5,Breached
OPS-007459,ORD-007459,1.4,1.8,3.5,1927,5.24,5.0,3.6,Met
OPS-012377,ORD-012377,0.8,1.8,2.2,1183,5.34,5.0,2.3,Met
OPS-012014,ORD-012014,1.8,4.5,3.1,172,8.05,5.0,3.4,Met
OPS-008493,ORD-008493,3.4,4.6,1.4,582,9.89,5.0,1.7,Met
OPS-008886,ORD-008886,1.7,6.8,1.6,347,4.53,5.0,2.0,Met
OPS-009247,ORD-009247,3.0,6.6,6.1,1019,7.3,5.0,6.5,Breached
OPS-005685,ORD-005685,1.4,1.9,2.3,1031,4.14,5.0,2.4,Met
OPS-006086,ORD-006086,1.4,7.7,3.7,1208,9.09,5.0,4.1,Met
OPS-003057,ORD-003057,2.1,5.4,6.5,1288,13.6,5.0,6.8,Breached
OPS-004889,ORD-004889,2.7,4.1,4.3,791,6.54,5.0,4.6,Met
OPS-010613,ORD-010613,0.7,1.8,1.9,278,11.96,5.0,2.0,Met
OPS-000822,ORD-000822,0.8,3.2,6.8,629,4.9,5.0,7.0,Breached
OPS-011964,ORD-011964,1.5,4.2,1.6,1475,10.85,5.0,1.8,Met
OPS-012039,ORD-012039,1.2,3.5,4.7,878,10.77,5.0,4.9,Met
OPS-010218,ORD-010218,2.8,3.9,5.7,137,9.83,5.0,6.0,Breached
OPS-003337,ORD-003337,1.6,7.5,5.1,1334,5.09,5.0,5.5,Breached
OPS-004003,ORD-004003,3.9,2.1,3.5,1644,6.75,5.0,3.8,Met
OPS-000131,ORD-000131,3.7,3.7,2.0,1908,10.31,5.0,2.3,Met
OPS-009880,ORD-009880,2.4,6.9,6.2,988,12.17,5.0,6.6,Breached
OPS-002058,ORD-002058,2.5,6.7,3.7,1762,11.25,5.0,4.1,Met
OPS-010164,ORD-010164,0.7,4.0,6.2,438,11.55,5.0,6.4,Breached
OPS-003391,ORD-003391,3.3,7.8,1.7,1976,11.67,5.0,2.2,Met
OPS-004663,ORD-004663,3.3,5.3,5.7,1038,11.58,5.0,6.1,Breached
OPS-004675,ORD-004675,3.2,3.2,5.5,152,9.18,5.0,5.8,Breached
OPS-012103,ORD-012103,3.0,7.8,3.5,1278,12.11,5.0,4.0,Met
OPS-001736,ORD-001736,3.5,4.6,4.3,761,12.71,5.0,4.6,Met
OPS-011711,ORD-011711,1.1,2.0,6.4,347,13.67,5.0,6.5,Breached
OPS-010153,ORD-010153,3.2,3.3,4.2,1232,12.49,5.0,4.5,Met
OPS-007456,ORD-007456,2.2,6.3,6.1,372,13.06,5.0,6.5,Breached
OPS-000681,ORD-000681,3.0,4.9,4.3,106,5.07,5.0,4.6,Met
OPS-000201,ORD-000201,0.9,6.2,3.8,941,5.75,5.0,4.1,Met
OPS-003232,ORD-003232,3.7,7.8,6.8,541,9.47,5.0,7.3,Breached
OPS-010226,ORD-010226,2.7,3.1,1.2,1917,12.56,5.0,1.4,Met
OPS-000142,ORD-000142,0.9,3.7,1.8,620,11.0,5.0,2.0,Met
OPS-004917,ORD-004917,1.2,3.9,4.8,1296,7.36,5.0,5.0,Met
OPS-011851,ORD-011851,3.6,4.1,7.0,889,5.91,5.0,7.3,Breached
OPS-001309,ORD-001309,3.2,7.4,1.1,381,5.26,5.0,1.5,Met
OPS-000374,ORD-000374,1.3,2.8,1.5,1441,8.98,5.0,1.7,Met
OPS-011074,ORD-011074,2.4,2.0,4.8,311,6.83,5.0,5.0,Met
OPS-009749,ORD-009749,3.7,6.5,6.8,274,4.35,5.0,7.2,Breached
OPS-011561,ORD-011561,2.4,2.7,2.0,1892,10.02,5.0,2.2,Met
OPS-005143,ORD-005143,3.0,1.6,3.3,176,4.48,5.0,3.5,Met
OPS-005849,ORD-005849,3.0,6.2,4.6,1206,12.91,5.0,5.0,Met
OPS-011222,ORD-011222,1.5,3.4,3.6,1746,13.66,5.0,3.8,Met
OPS-007787,ORD-007787,1.5,3.6,3.7,236,6.75,5.0,3.9,Met
OPS-010997,ORD-010997,2.0,6.9,4.7,1811,10.77,5.0,5.1,Breached
OPS-005701,ORD-005701,1.8,1.6,3.5,1341,9.33,5.0,3.6,Met
OPS-006555,ORD-006555,3.7,4.5,6.9,108,4.41,5.0,7.2,Breached
OPS-009814,ORD-009814,1.8,1.1,2.9,827,6.24,5.0,3.0,Met
OPS-003394,ORD-003394,0.5,7.7,3.1,1374,8.66,5.0,3.4,Met
OPS-006432,ORD-006432,1.6,6.4,4.5,850,12.9,5.0,4.8,Met
OPS-012276,ORD-012276,2.4,4.6,6.4,1516,6.92,5.0,6.7,Breached
OPS-011469,ORD-011469,1.7,4.5,3.5,782,11.25,5.0,3.8,Met
OPS-010101,ORD-010101,1.0,6.7,2.3,1322,5.83,5.0,2.6,Met
OPS-010339,ORD-010339,1.8,7.9,2.5,1469,6.11,5.0,2.9,Met
OPS-007090,ORD-007090,2.2,1.3,2.1,315,5.41,5.0,2.2,Met
OPS-007234,ORD-007234,2.0,2.5,4.7,890,4.5,5.0,4.9,Met
OPS-012475,ORD-012475,2.5,6.8,2.1,1009,12.11,5.0,2.5,Met
OPS-003702,ORD-003702,0.7,1.9,6.0,762,12.45,5.0,6.1,Breached
OPS-003000,ORD-003000,1.8,6.1,4.9,1932,9.35,5.0,5.2,Breached
OPS-009118,ORD-009118,2.7,7.9,5.6,308,12.62,5.0,6.0,Breached
OPS-006154,ORD-006154,1.8,4.3,5.8,110,12.64,5.0,6.1,Breached
OPS-008798,ORD-008798,2.7,4.8,5.6,224,8.76,5.0,5.9,Breached
OPS-000039,ORD-000039,3.8,2.6,3.3,242,7.14,5.0,3.6,Met
OPS-007394,ORD-007394,1.4,5.8,4.1,247,13.07,5.0,4.4,Met
OPS-004326,ORD-004326,2.5,5.6,5.1,1339,13.52,5.0,5.4,Breached
OPS-002998,ORD-002998,3.1,2.9,1.4,288,13.23,5.0,1.6,Met
OPS-001841,ORD-001841,1.5,4.1,2.7,1797,12.57,5.0,2.9,Met
OPS-009031,ORD-009031,1.6,2.6,6.1,770,12.06,5.0,6.3,Breached
OPS-008404,ORD-008404,0.6,7.2,6.2,1665,5.25,5.0,6.5,Breached
OPS-012425,ORD-012425,1.8,5.1,3.7,235,9.64,5.0,4.0,Met
OPS-000635,ORD-000635,4.0,2.7,2.4,1405,11.72,5.0,2.7,Met
OPS-003643,ORD-003643,3.3,2.7,1.6,213,4.26,5.0,1.9,Met
OPS-009575,ORD-009575,2.3,5.3,6.1,318,9.44,5.0,6.4,Breached
OPS-008799,ORD-008799,1.9,4.6,2.3,819,11.97,5.0,2.6,Met
OPS-001961,ORD-001961,1.9,7.6,4.1,1947,9.46,5.0,4.5,Met
OPS-009139,ORD-009139,1.8,2.7,1.2,1547,10.38,5.0,1.4,Met
OPS-001431,ORD-001431,1.9,7.7,5.3,1632,5.83,5.0,5.7,Breached
OPS-006533,ORD-006533,2.1,1.8,1.3,1662,10.2,5.0,1.5,Met
OPS-011538,ORD-011538,3.6,3.9,4.5,1100,7.35,5.0,4.8,Met
OPS-011593,ORD-011593,2.0,1.8,3.1,843,12.82,5.0,3.3,Met
OPS-003870,ORD-003870,3.9,7.0,1.8,1719,13.49,5.0,2.3,Met
OPS-009125,ORD-009125,0.5,1.6,4.1,286,12.93,5.0,4.2,Met
OPS-009115,ORD-009115,3.9,5.6,3.5,1737,4.58,5.0,3.9,Met
OPS-004286,ORD-004286,0.8,5.2,3.6,993,6.46,5.0,3.9,Met
OPS-010750,ORD-010750,1.1,3.6,6.1,1627,12.86,5.0,6.3,Breached
OPS-002717,ORD-002717,1.0,2.4,6.3,401,5.78,5.0,6.4,Breached
OPS-008805,ORD-008805,2.5,3.8,4.8,1843,11.17,5.0,5.1,Breached
OPS-006101,ORD-006101,3.5,6.6,3.1,528,12.85,5.0,3.5,Met
OPS-008761,ORD-008761,3.9,5.5,3.6,851,6.75,5.0,4.0,Met
OPS-003344,ORD-003344,3.4,6.5,5.2,650,11.71,5.0,5.6,Breached
OPS-000269,ORD-000269,1.5,4.8,5.2,546,7.03,5.0,5.5,Breached
OPS-011302,ORD-011302,3.7,3.1,6.6,1774,4.17,5.0,6.9,Breached
OPS-001483,ORD-001483,0.9,2.5,1.3,646,4.69,5.0,1.4,Met
OPS-006819,ORD-006819,2.2,7.1,2.2,223,9.98,5.0,2.6,Met
OPS-003148,ORD-003148,0.7,5.8,4.2,1112,11.79,5.0,4.5,Met
OPS-004362,ORD-004362,1.6,4.7,1.4,837,13.45,5.0,1.7,Met
OPS-002932,ORD-002932,3.9,4.4,6.3,1350,12.23,5.0,6.6,Breached
OPS-004746,ORD-004746,3.0,4.3,5.4,212,11.35,5.0,5.7,Breached
OPS-002099,ORD-002099,1.0,6.9,2.7,266,8.64,5.0,3.0,Met
OPS-002886,ORD-002886,2.2,7.7,4.1,1193,11.84,5.0,4.5,Met
OPS-007173,ORD-007173,4.0,6.6,5.0,856,11.46,5.0,5.4,Breached
OPS-005985,ORD-005985,2.4,2.3,2.5,1133,12.65,5.0,2.7,Met
OPS-010006,ORD-010006,3.6,6.9,6.5,1556,12.17,5.0,6.9,Breached
OPS-011070,ORD-011070,2.4,2.4,6.4,1513,12.26,5.0,6.6,Breached
OPS-005548,ORD-005548,0.6,7.6,3.5,349,14.0,5.0,3.8,Met
OPS-003141,ORD-003141,1.7,1.0,2.4,1235,6.15,5.0,2.5,Met
OPS-003962,ORD-003962,2.4,3.1,3.2,1678,8.71,5.0,3.4,Met
OPS-007550,ORD-007550,2.7,1.6,4.2,613,12.03,5.0,4.4,Met
OPS-007949,ORD-007949,2.0,4.4,3.0,1594,4.88,5.0,3.3,Met
OPS-004192,ORD-004192,2.4,1.5,4.0,528,10.82,5.0,4.2,Met
OPS-010572,ORD-010572,3.4,4.3,3.7,1878,7.27,5.0,4.0,Met
OPS-003445,ORD-003445,1.4,6.4,1.4,160,7.48,5.0,1.7,Met
OPS-000219,ORD-000219,1.0,4.2,3.9,420,9.99,5.0,4.1,Met
OPS-011874,ORD-011874,3.9,7.6,2.1,1728,6.15,5.0,2.6,Met
OPS-011146,ORD-011146,2.7,6.1,5.3,456,13.85,5.0,5.7,Breached
OPS-012036,ORD-012036,1.7,4.2,3.8,1529,6.81,5.0,4.0,Met
OPS-000787,ORD-000787,3.5,7.6,5.2,1278,11.06,5.0,5.7,Breached
OPS-011898,ORD-011898,2.1,2.7,2.0,1317,9.12,5.0,2.2,Met
OPS-001511,ORD-001511,2.0,7.4,1.3,1344,5.79,5.0,1.7,Met
OPS-005894,ORD-005894,3.8,3.3,4.5,662,8.04,5.0,4.8,Met
OPS-000005,ORD-000005,2.2,6.9,6.6,1774,13.82,5.0,7.0,Breached
OPS-005655,ORD-005655,2.7,6.6,6.3,1914,4.4,5.0,6.7,Breached
OPS-009787,ORD-009787,2.5,3.3,1.2,1112,6.55,5.0,1.4,Met
OPS-000871,ORD-000871,2.4,7.9,3.9,426,9.81,5.0,4.3,Met
OPS-004740,ORD-004740,1.5,2.3,1.5,1374,4.17,5.0,1.7,Met
OPS-007865,ORD-007865,1.8,5.9,1.6,1204,5.02,5.0,1.9,Met
OPS-011883,ORD-011883,4.0,2.5,7.0,1698,13.76,5.0,7.3,Breached
OPS-008762,ORD-008762,1.4,1.9,4.8,729,12.74,5.0,4.9,Met
OPS-010860,ORD-010860,3.6,2.4,6.5,1993,5.76,5.0,6.8,Breached
OPS-004282,ORD-004282,2.4,4.3,5.8,1352,12.81,5.0,6.1,Breached
OPS-005400,ORD-005400,0.6,2.2,4.1,828,12.54,5.0,4.2,Met
OPS-011616,ORD-011616,4.0,5.1,5.0,304,11.02,5.0,5.4,Breached
OPS-012190,ORD-012190,3.6,6.5,6.2,1619,4.73,5.0,6.6,Breached
OPS-010402,ORD-010402,3.6,5.5,6.7,207,10.35,5.0,7.1,Breached
OPS-000944,ORD-000944,1.3,3.4,2.2,1473,6.96,5.0,2.4,Met
OPS-003954,ORD-003954,3.0,4.2,4.9,719,12.46,5.0,5.2,Breached
OPS-003803,ORD-003803,0.7,5.3,3.2,804,5.49,5.0,3.5,Met
OPS-011121,ORD-011121,1.1,2.2,6.2,1842,12.29,5.0,6.3,Breached
OPS-010703,ORD-010703,1.0,2.2,1.0,1613,7.83,5.0,1.1,Met
OPS-007051,ORD-007051,2.9,6.6,1.9,1193,8.91,5.0,2.3,Met
OPS-009437,ORD-009437,2.6,1.6,2.5,734,6.28,5.0,2.7,Met
OPS-008016,ORD-008016,1.9,6.7,2.3,935,9.9,5.0,2.7,Met
OPS-005013,ORD-005013,2.1,5.8,3.6,1433,12.8,5.0,3.9,Met
OPS-005413,ORD-005413,1.1,4.7,3.5,252,6.43,5.0,3.7,Met
OPS-002015,ORD-002015,2.8,3.4,1.7,233,4.35,5.0,2.0,Met
OPS-008964,ORD-008964,2.6,1.7,5.3,430,10.78,5.0,5.5,Breached
OPS-007532,ORD-007532,2.6,1.5,4.7,1392,13.45,5.0,4.9,Met
OPS-000501,ORD-000501,1.4,5.8,4.4,394,8.53,5.0,4.7,Met
OPS-005579,ORD-005579,1.3,5.4,5.4,497,11.78,5.0,5.7,Breached
OPS-002709,ORD-002709,3.7,4.3,1.0,1895,7.43,5.0,1.3,Met
OPS-002338,ORD-002338,3.4,2.8,3.8,1058,5.6,5.0,4.1,Met
OPS-002135,ORD-002135,2.0,5.3,2.5,275,4.11,5.0,2.8,Met
OPS-009934,ORD-009934,4.0,3.5,6.8,1820,12.68,5.0,7.1,Breached
OPS-009975,ORD-009975,2.3,6.7,6.0,564,4.97,5.0,6.4,Breached
OPS-006120,ORD-006120,3.0,2.8,4.4,1578,9.55,5.0,4.6,Met
OPS-010138,ORD-010138,2.0,7.1,4.0,1908,5.5,5.0,4.4,Met
OPS-003420,ORD-003420,0.9,2.3,4.4,1577,13.11,5.0,4.5,Met
OPS-000452,ORD-000452,2.7,2.6,1.8,1205,12.26,5.0,2.0,Met
OPS-001202,ORD-001202,1.6,3.2,3.7,1648,5.65,5.0,3.9,Met
OPS-001240,ORD-001240,1.8,6.6,4.3,1736,8.7,5.0,4.6,Met
OPS-002997,ORD-002997,1.6,5.1,3.0,1421,10.0,5.0,3.3,Met
OPS-000478,ORD-000478,1.4,7.1,1.1,861,11.42,5.0,1.5,Met
OPS-011195,ORD-011195,1.0,3.7,1.6,1579,8.07,5.0,1.8,Met
OPS-000104,ORD-000104,1.5,7.3,4.4,531,7.25,5.0,4.8,Met
OPS-003822,ORD-003822,1.8,5.4,2.2,557,10.35,5.0,2.5,Met
OPS-006665,ORD-006665,2.8,5.3,4.6,1460,4.55,5.0,4.9,Met
OPS-002508,ORD-002508,1.3,5.6,2.4,1458,12.38,5.0,2.7,Met
OPS-008264,ORD-008264,0.5,3.1,1.2,623,7.53,5.0,1.4,Met
OPS-001703,ORD-001703,2.6,4.7,3.1,1945,8.08,5.0,3.4,Met
OPS-002098,ORD-002098,1.5,3.0,6.9,1269,7.41,5.0,7.1,Breached
OPS-002530,ORD-002530,3.2,2.3,7.0,144,7.65,5.0,7.2,Breached
OPS-007663,ORD-007663,2.6,7.3,3.8,1969,4.22,5.0,4.2,Met
OPS-000531,ORD-000531,3.8,1.4,6.7,577,6.01,5.0,6.9,Breached
OPS-003488,ORD-003488,3.0,6.4,4.3,359,12.41,5.0,4.7,Met
OPS-011476,ORD-011476,2.1,6.7,3.4,1336,13.37,5.0,3.8,Met
OPS-004013,ORD-004013,3.1,7.0,3.7,1774,5.02,5.0,4.1,Met
OPS-002390,ORD-002390,0.8,5.5,7.0,326,12.67,5.0,7.3,Breached
OPS-003682,ORD-003682,3.3,5.9,5.3,1740,11.34,5.0,5.7,Breached
OPS-002604,ORD-002604,2.7,3.0,3.3,1797,13.27,5.0,3.5,Met
OPS-007087,ORD-007087,2.9,7.1,3.6,1091,10.76,5.0,4.0,Met
OPS-011347,ORD-011347,2.7,7.9,2.0,884,7.99,5.0,2.4,Met
OPS-009388,ORD-009388,2.6,4.7,6.4,1344,9.41,5.0,6.7,Breached
OPS-006836,ORD-006836,1.0,7.5,1.1,992,8.04,5.0,1.5,Met
OPS-001979,ORD-001979,2.5,3.1,3.4,1797,5.23,5.0,3.6,Met
OPS-010368,ORD-010368,1.5,4.7,1.7,870,10.03,5.0,2.0,Met
OPS-005736,ORD-005736,2.2,6.0,4.8,914,8.3,5.0,5.1,Breached
OPS-003279,ORD-003279,2.8,4.4,6.8,1601,12.45,5.0,7.1,Breached
OPS-006740,ORD-006740,0.7,4.4,2.6,1212,7.69,5.0,2.8,Met
OPS-008209,ORD-008209,2.8,1.9,6.9,1555,8.39,5.0,7.1,Breached
OPS-011022,ORD-011022,2.2,4.3,6.7,1963,8.15,5.0,7.0,Breached
OPS-000651,ORD-000651,3.7,6.7,4.2,719,4.86,5.0,4.6,Met
OPS-011812,ORD-011812,3.9,3.5,2.0,512,11.05,5.0,2.3,Met
OPS-000984,ORD-000984,2.2,7.7,3.0,1178,8.56,5.0,3.4,Met
OPS-000018,ORD-000018,3.1,4.4,1.3,1999,10.27,5.0,1.6,Met
OPS-003896,ORD-003896,2.2,7.2,3.9,1232,12.73,5.0,4.3,Met
OPS-001889,ORD-001889,2.6,4.6,4.1,187,11.48,5.0,4.4,Met
OPS-006153,ORD-006153,2.1,2.5,5.6,1418,4.69,5.0,5.8,Breached
OPS-009206,ORD-009206,2.5,6.4,6.8,1841,12.73,5.0,7.2,Breached
OPS-009987,ORD-009987,3.1,7.0,5.2,1346,6.14,5.0,5.6,Breached
OPS-002843,ORD-002843,1.4,2.8,5.9,1485,5.23,5.0,6.1,Breached
OPS-001500,ORD-001500,3.9,6.3,4.5,1021,6.12,5.0,4.9,Met
OPS-002670,ORD-002670,1.8,5.6,4.0,557,11.81,5.0,4.3,Met
OPS-010573,ORD-010573,1.3,5.5,6.6,1759,4.64,5.0,6.9,Breached
OPS-003739,ORD-003739,0.9,1.1,3.5,350,7.85,5.0,3.6,Met
OPS-003228,ORD-003228,3.5,6.5,4.5,541,11.45,5.0,4.9,Met
OPS-010435,ORD-010435,1.8,2.4,5.5,478,7.32,5.0,5.7,Breached
OPS-004679,ORD-004679,2.0,2.3,5.1,605,8.2,5.0,5.3,Breached
OPS-006050,ORD-006050,3.1,2.9,3.0,1333,4.3,5.0,3.2,Met
OPS-012493,ORD-012493,3.8,4.0,4.7,461,9.65,5.0,5.0,Met
OPS-005070,ORD-005070,3.9,4.0,6.8,1327,11.76,5.0,7.1,Breached
OPS-004926,ORD-004926,1.7,6.0,6.4,154,12.28,5.0,6.7,Breached
OPS-006776,ORD-006776,2.8,7.7,4.1,1813,13.06,5.0,4.5,Met
OPS-007194,ORD-007194,2.9,2.0,1.4,221,12.07,5.0,1.6,Met
OPS-011092,ORD-011092,2.6,4.5,2.4,345,12.75,5.0,2.7,Met
OPS-008669,ORD-008669,1.8,5.0,6.9,644,7.79,5.0,7.2,Breached
OPS-006396,ORD-006396,2.7,3.5,1.6,1142,6.61,5.0,1.9,Met
OPS-004684,ORD-004684,1.8,6.4,4.6,1204,13.39,5.0,4.9,Met
OPS-006229,ORD-006229,3.1,3.5,3.6,134,5.72,5.0,3.9,Met
OPS-008829,ORD-008829,1.7,6.6,3.2,1579,7.41,5.0,3.5,Met
OPS-002482,ORD-002482,1.0,1.3,6.1,1040,13.17,5.0,6.2,Breached
OPS-004439,ORD-004439,2.0,5.8,5.0,590,4.01,5.0,5.3,Breached
OPS-010041,ORD-010041,3.5,4.5,2.1,699,6.62,5.0,2.4,Met
OPS-005402,ORD-005402,1.1,3.0,5.5,1513,13.22,5.0,5.7,Breached
OPS-004234,ORD-004234,0.8,2.6,6.5,604,5.91,5.0,6.6,Breached
OPS-006443,ORD-006443,1.6,2.7,5.6,1504,11.26,5.0,5.8,Breached
OPS-000628,ORD-000628,3.6,4.0,2.9,257,9.46,5.0,3.2,Met
OPS-000115,ORD-000115,3.2,4.7,3.9,657,6.2,5.0,4.2,Met
OPS-009995,ORD-009995,1.9,1.4,5.3,316,6.08,5.0,5.4,Breached
OPS-004040,ORD-004040,2.4,7.6,2.8,1398,10.51,5.0,3.2,Met
OPS-004011,ORD-004011,4.0,7.1,7.0,1618,9.43,5.0,7.5,Breached
OPS-005656,ORD-005656,3.4,7.5,2.7,800,10.55,5.0,3.2,Met
OPS-006061,ORD-006061,1.4,4.4,6.4,1085,8.14,5.0,6.6,Breached
OPS-008815,ORD-008815,3.2,4.1,5.7,1642,13.47,5.0,6.0,Breached
OPS-000270,ORD-000270,3.1,5.2,2.3,808,11.3,5.0,2.6,Met
OPS-006921,ORD-006921,2.0,5.4,4.4,343,7.01,5.0,4.7,Met
OPS-003597,ORD-003597,0.6,2.6,5.4,887,8.66,5.0,5.5,Breached
OPS-012048,ORD-012048,2.9,7.5,5.6,455,11.01,5.0,6.0,Breached
OPS-003363,ORD-003363,1.6,6.5,2.2,1158,7.82,5.0,2.5,Met
OPS-005568,ORD-005568,2.0,3.1,4.0,1855,11.21,5.0,4.2,Met
OPS-002412,ORD-002412,2.3,2.9,1.6,440,7.29,5.0,1.8,Met
OPS-010095,ORD-010095,3.2,6.9,4.7,602,5.42,5.0,5.1,Breached
OPS-007323,ORD-007323,1.2,4.7,1.2,1173,7.53,5.0,1.4,Met
OPS-000200,ORD-000200,3.7,2.0,3.0,1112,12.09,5.0,3.2,Met
OPS-008659,ORD-008659,3.0,4.5,5.9,391,9.02,5.0,6.2,Breached
OPS-007753,ORD-007753,0.8,5.5,5.1,1184,11.07,5.0,5.4,Breached
OPS-008348,ORD-008348,1.0,2.5,7.0,1560,13.27,5.0,7.1,Breached
OPS-012170,ORD-012170,1.5,5.9,1.4,1408,7.4,5.0,1.7,Met
OPS-000869,ORD-000869,2.4,6.8,1.6,784,6.3,5.0,2.0,Met
OPS-001014,ORD-001014,1.2,6.5,3.5,240,10.63,5.0,3.8,Met
OPS-010951,ORD-010951,1.4,5.3,2.7,771,8.81,5.0,3.0,Met
OPS-001151,ORD-001151,3.3,4.4,4.0,1926,11.53,5.0,4.3,Met
OPS-004115,ORD-004115,0.8,7.5,1.4,1669,9.79,5.0,1.7,Met
OPS-010909,ORD-010909,2.9,7.5,6.5,724,4.18,5.0,6.9,Breached
OPS-001458,ORD-001458,3.0,7.9,6.9,245,12.95,5.0,7.4,Breached
OPS-009562,ORD-009562,2.5,6.1,6.8,1060,5.02,5.0,7.2,Breached
OPS-003708,ORD-003708,2.4,1.4,3.5,739,5.49,5.0,3.7,Met
OPS-000386,ORD-000386,1.0,1.6,2.5,1986,4.39,5.0,2.6,Met
OPS-009480,ORD-009480,1.7,3.7,1.4,1672,7.77,5.0,1.6,Met
OPS-004114,ORD-004114,2.0,1.5,3.8,1991,7.67,5.0,3.9,Met
OPS-002256,ORD-002256,3.0,6.5,1.6,1573,12.82,5.0,2.0,Met
OPS-009189,ORD-009189,1.7,7.8,4.3,1178,9.81,5.0,4.7,Met
OPS-007920,ORD-007920,3.1,2.5,4.4,1490,5.96,5.0,4.6,Met
OPS-006851,ORD-006851,1.4,3.5,4.5,1227,6.72,5.0,4.7,Met
OPS-003843,ORD-003843,1.6,3.0,4.6,693,7.02,5.0,4.8,Met
OPS-006731,ORD-006731,1.3,5.6,3.8,1477,10.28,5.0,4.1,Met
OPS-008911,ORD-008911,3.4,6.9,4.8,316,7.86,5.0,5.2,Breached
OPS-011805,ORD-011805,2.5,3.7,3.9,1160,5.36,5.0,4.2,Met
OPS-004660,ORD-004660,2.3,2.0,1.1,2000,7.2,5.0,1.3,Met
OPS-011112,ORD-011112,1.5,2.5,5.4,1800,4.46,5.0,5.6,Breached
OPS-003159,ORD-003159,1.7,4.9,5.8,749,8.29,5.0,6.1,Breached
OPS-006770,ORD-006770,3.7,4.5,3.9,1853,11.34,5.0,4.2,Met
OPS-000601,ORD-000601,0.5,1.9,2.0,1467,4.72,5.0,2.1,Met
OPS-001348,ORD-001348,1.6,1.1,6.6,587,5.27,5.0,6.7,Breached
OPS-001330,ORD-001330,1.5,5.5,3.6,1753,7.08,5.0,3.9,Met
OPS-010474,ORD-010474,0.7,3.0,5.6,365,10.3,5.0,5.8,Breached
OPS-004057,ORD-004057,3.6,3.2,5.7,471,9.91,5.0,6.0,Breached
OPS-009928,ORD-009928,1.2,6.7,1.8,926,13.62,5.0,2.1,Met
OPS-005686,ORD-005686,2.9,7.7,3.8,865,9.59,5.0,4.2,Met
OPS-002464,ORD-002464,2.7,7.2,2.6,649,4.06,5.0,3.0,Met
OPS-003559,ORD-003559,3.7,6.9,5.6,474,10.21,5.0,6.0,Breached
OPS-005468,ORD-005468,2.4,5.2,3.7,1081,6.68,5.0,4.0,Met
OPS-002875,ORD-002875,3.1,4.4,6.1,1785,9.51,5.0,6.4,Breached
OPS-004380,ORD-004380,1.2,7.4,1.7,429,9.54,5.0,2.1,Met
OPS-006457,ORD-006457,1.8,5.4,4.4,1208,8.1,5.0,4.7,Met
OPS-007066,ORD-007066,2.5,3.6,4.1,1097,12.12,5.0,4.4,Met
OPS-005434,ORD-005434,1.1,2.5,1.0,1643,12.74,5.0,1.1,Met
OPS-001278,ORD-001278,2.4,7.8,5.4,1624,8.12,5.0,5.8,Breached
OPS-011571,ORD-011571,2.3,6.7,5.8,1368,5.21,5.0,6.2,Breached
OPS-008505,ORD-008505,1.0,6.9,2.8,1742,7.85,5.0,3.1,Met
OPS-000552,ORD-000552,3.2,7.6,2.5,510,8.85,5.0,3.0,Met
OPS-002580,ORD-002580,3.6,1.5,3.0,508,11.26,5.0,3.2,Met
OPS-010986,ORD-010986,3.4,7.2,5.7,1080,11.63,5.0,6.1,Breached
OPS-004164,ORD-004164,3.7,3.0,6.6,1173,6.52,5.0,6.9,Breached
OPS-006262,ORD-006262,1.0,4.5,4.3,398,11.74,5.0,4.5,Met
OPS-001485,ORD-001485,3.2,6.7,4.4,1757,11.8,5.0,4.8,Met
OPS-011638,ORD-011638,1.9,2.7,1.4,1111,7.37,5.0,1.6,Met
OPS-001079,ORD-001079,3.5,5.7,2.7,1060,8.84,5.0,3.1,Met
OPS-008953,ORD-008953,2.1,2.7,3.9,394,5.47,5.0,4.1,Met
OPS-001840,ORD-001840,3.3,7.6,1.5,436,9.33,5.0,2.0,Met
OPS-010141,ORD-010141,3.9,2.8,3.2,1347,11.91,5.0,3.5,Met
OPS-003030,ORD-003030,2.9,2.2,4.1,1918,9.94,5.0,4.3,Met
OPS-001625,ORD-001625,1.0,5.9,3.8,294,10.4,5.0,4.1,Met
OPS-002086,ORD-002086,2.2,2.5,7.0,1362,10.13,5.0,7.2,Breached
OPS-004214,ORD-004214,3.8,7.7,4.7,1960,9.86,5.0,5.2,Breached
OPS-010038,ORD-010038,2.0,5.4,4.6,585,4.57,5.0,4.9,Met
OPS-004595,ORD-004595,2.8,2.3,5.2,1558,10.1,5.0,5.4,Breached
OPS-003017,ORD-003017,3.1,5.1,5.2,1099,12.16,5.0,5.5,Breached
OPS-000745,ORD-000745,1.4,5.3,1.2,143,8.94,5.0,1.5,Met
OPS-003617,ORD-003617,2.6,6.2,1.1,1580,6.38,5.0,1.5,Met
OPS-008925,ORD-008925,1.5,6.9,3.6,435,6.4,5.0,4.0,Met
OPS-007824,ORD-007824,2.8,6.1,1.6,1072,4.32,5.0,2.0,Met
OPS-010129,ORD-010129,3.7,6.8,5.5,419,9.18,5.0,5.9,Breached
OPS-011955,ORD-011955,1.7,6.5,4.2,328,4.56,5.0,4.5,Met
OPS-006475,ORD-006475,2.5,3.8,5.6,686,5.74,5.0,5.9,Breached
OPS-001428,ORD-001428,3.5,4.7,1.5,1691,8.21,5.0,1.8,Met
OPS-009292,ORD-009292,3.6,2.3,6.6,1329,9.81,5.0,6.8,Breached
OPS-010032,ORD-010032,2.5,5.1,3.9,472,12.56,5.0,4.2,Met
OPS-002648,ORD-002648,2.1,5.0,5.2,500,12.14,5.0,5.5,Breached
OPS-002793,ORD-002793,2.1,5.3,5.3,689,4.4,5.0,5.6,Breached
OPS-007091,ORD-007091,1.9,6.5,1.7,621,9.62,5.0,2.0,Met
OPS-002918,ORD-002918,1.5,1.8,2.4,852,9.42,5.0,2.5,Met
OPS-006330,ORD-006330,4.0,1.9,2.0,1239,8.8,5.0,2.2,Met
OPS-003615,ORD-003615,4.0,5.8,4.6,1471,9.84,5.0,5.0,Met
OPS-010835,ORD-010835,3.9,1.3,1.9,1389,11.67,5.0,2.1,Met
OPS-010651,ORD-010651,2.6,1.4,1.6,496,10.44,5.0,1.8,Met
OPS-000573,ORD-000573,2.2,3.6,1.1,702,8.99,5.0,1.3,Met
OPS-001256,ORD-001256,1.1,6.4,5.2,1934,4.17,5.0,5.5,Breached
OPS-007937,ORD-007937,1.8,7.8,3.1,966,8.79,5.0,3.5,Met
OPS-010244,ORD-010244,1.1,5.8,3.1,1000,7.46,5.0,3.4,Met
OPS-005636,ORD-005636,3.5,3.8,1.7,923,5.83,5.0,2.0,Met
OPS-002588,ORD-002588,1.5,7.8,2.4,1300,4.24,5.0,2.8,Met
OPS-008599,ORD-008599,1.5,7.7,5.3,737,7.07,5.0,5.7,Breached
OPS-011467,ORD-011467,2.7,2.0,6.1,550,13.68,5.0,6.3,Breached
OPS-003992,ORD-003992,3.5,3.7,5.2,288,5.99,5.0,5.5,Breached
OPS-012349,ORD-012349,0.7,3.4,4.9,999,9.08,5.0,5.1,Breached
OPS-003014,ORD-003014,2.2,4.2,3.4,1684,13.88,5.0,3.7,Met
OPS-010571,ORD-010571,3.0,5.1,4.5,234,7.79,5.0,4.8,Met
OPS-006320,ORD-006320,1.6,3.9,1.4,1717,10.98,5.0,1.6,Met
OPS-011682,ORD-011682,0.7,5.7,2.9,1937,7.59,5.0,3.2,Met
OPS-009859,ORD-009859,3.5,1.4,6.1,885,11.56,5.0,6.3,Breached
OPS-004552,ORD-004552,0.7,1.4,1.2,203,6.68,5.0,1.3,Met
OPS-006075,ORD-006075,1.4,5.9,5.9,414,4.55,5.0,6.2,Breached
OPS-004390,ORD-004390,0.6,6.8,3.9,1177,8.05,5.0,4.2,Met
OPS-000875,ORD-000875,1.6,7.7,2.8,710,7.25,5.0,3.2,Met
OPS-003605,ORD-003605,1.9,3.6,5.5,1679,8.13,5.0,5.7,Breached
OPS-012150,ORD-012150,1.6,3.8,3.0,819,7.51,5.0,3.2,Met
OPS-010382,ORD-010382,3.4,4.1,3.5,906,12.58,5.0,3.8,Met
OPS-007337,ORD-007337,2.3,5.8,1.1,1129,11.34,5.0,1.4,Met
OPS-011517,ORD-011517,1.4,4.9,4.5,1563,9.59,5.0,4.8,Met
OPS-003398,ORD-003398,1.4,5.4,6.4,970,13.69,5.0,6.7,Breached
OPS-005911,ORD-005911,1.6,1.8,6.8,1237,4.37,5.0,6.9,Breached
OPS-011629,ORD-011629,2.2,6.7,3.1,1651,12.43,5.0,3.5,Met
OPS-005609,ORD-005609,2.7,5.7,5.9,1885,7.41,5.0,6.2,Breached
OPS-001206,ORD-001206,2.5,4.8,4.8,1527,6.47,5.0,5.1,Breached
OPS-003106,ORD-003106,3.4,1.5,1.5,1431,10.74,5.0,1.7,Met
OPS-010488,ORD-010488,0.5,7.8,2.2,468,8.94,5.0,2.5,Met
OPS-002626,ORD-002626,1.2,4.6,5.2,1964,11.22,5.0,5.4,Breached
OPS-002746,ORD-002746,2.2,6.8,5.1,1741,6.59,5.0,5.5,Breached
OPS-003730,ORD-003730,2.9,5.8,2.1,272,12.9,5.0,2.5,Met
OPS-001069,ORD-001069,2.0,7.8,4.7,789,8.65,5.0,5.1,Breached
OPS-007756,ORD-007756,2.7,1.1,6.8,1319,4.87,5.0,7.0,Breached
OPS-011636,ORD-011636,1.1,7.2,3.9,1488,12.69,5.0,4.2,Met
OPS-007288,ORD-007288,1.0,2.3,5.5,1799,4.84,5.0,5.6,Breached
OPS-002361,ORD-002361,1.0,6.8,3.6,623,10.89,5.0,3.9,Met
OPS-012114,ORD-012114,1.8,1.1,4.5,294,6.04,5.0,4.6,Met
OPS-001836,ORD-001836,0.9,2.7,2.2,329,11.45,5.0,2.4,Met
OPS-009885,ORD-009885,3.0,2.3,6.4,1769,12.53,5.0,6.6,Breached
OPS-007912,ORD-007912,0.9,7.1,4.8,1430,4.27,5.0,5.1,Breached
OPS-010494,ORD-010494,4.0,6.2,3.5,1606,10.27,5.0,3.9,Met
OPS-007195,ORD-007195,1.3,4.3,3.1,246,11.26,5.0,3.3,Met
OPS-009576,ORD-009576,3.7,7.6,2.5,1487,7.01,5.0,3.0,Met
OPS-006348,ORD-006348,0.9,2.6,6.1,1268,8.05,5.0,6.2,Breached
OPS-000516,ORD-000516,2.0,4.3,3.9,475,7.9,5.0,4.2,Met
OPS-010502,ORD-010502,3.2,1.9,5.6,446,12.59,5.0,5.8,Breached
OPS-010826,ORD-010826,2.1,7.6,2.7,853,9.38,5.0,3.1,Met
OPS-008654,ORD-008654,3.7,2.2,3.5,409,8.92,5.0,3.7,Met
OPS-003775,ORD-003775,0.8,5.5,1.3,755,10.59,5.0,1.6,Met
OPS-009495,ORD-009495,2.2,6.3,4.3,646,7.52,5.0,4.7,Met
OPS-009024,ORD-009024,0.7,1.4,3.1,1812,8.23,5.0,3.2,Met
OPS-004064,ORD-004064,0.6,5.5,3.7,1616,9.25,5.0,4.0,Met
OPS-004301,ORD-004301,2.5,7.7,1.4,381,6.49,5.0,1.8,Met
OPS-009599,ORD-009599,2.5,5.8,4.3,1241,13.22,5.0,4.6,Met
OPS-007330,ORD-007330,1.0,5.2,3.9,926,4.9,5.0,4.2,Met
OPS-002583,ORD-002583,1.7,3.0,5.1,551,12.18,5.0,5.3,Breached
OPS-011402,ORD-011402,2.0,3.2,4.8,1985,10.64,5.0,5.0,Met
OPS-009373,ORD-009373,0.5,3.4,5.8,185,10.57,5.0,6.0,Breached
OPS-004840,ORD-004840,1.6,5.8,6.4,908,12.62,5.0,6.7,Breached
OPS-007273,ORD-007273,3.8,8.0,5.3,623,7.35,5.0,5.8,Breached
OPS-006637,ORD-006637,3.4,7.1,3.8,449,10.14,5.0,4.2,Met
OPS-002169,ORD-002169,3.5,7.6,6.7,465,11.7,5.0,7.2,Breached
OPS-010645,ORD-010645,3.0,2.3,3.1,1168,11.45,5.0,3.3,Met
OPS-001870,ORD-001870,1.1,1.0,2.8,142,13.84,5.0,2.9,Met
OPS-008889,ORD-008889,3.3,3.8,6.0,771,12.37,5.0,6.3,Breached
OPS-011185,ORD-011185,3.4,3.1,4.1,1585,13.74,5.0,4.4,Met
OPS-011421,ORD-011421,2.8,4.4,2.4,1058,5.23,5.0,2.7,Met
OPS-001071,ORD-001071,3.5,3.5,5.3,1782,5.48,5.0,5.6,Breached
OPS-001652,ORD-001652,3.7,4.3,3.8,342,13.0,5.0,4.1,Met
OPS-001321,ORD-001321,3.9,4.0,4.6,297,8.66,5.0,4.9,Met
OPS-009946,ORD-009946,1.1,7.8,1.5,1479,7.78,5.0,1.9,Met
OPS-010605,ORD-010605,1.7,2.9,2.2,821,12.1,5.0,2.4,Met
OPS-006008,ORD-006008,1.6,2.2,6.4,1391,13.53,5.0,6.6,Breached
OPS-001918,ORD-001918,3.4,2.5,5.9,1309,13.47,5.0,6.1,Breached
OPS-003350,ORD-003350,3.8,2.3,5.0,1495,4.95,5.0,5.3,Breached
OPS-004781,ORD-004781,1.5,7.2,3.5,517,7.09,5.0,3.9,Met
OPS-002016,ORD-002016,2.4,4.8,1.5,994,6.12,5.0,1.8,Met
OPS-004437,ORD-004437,3.8,2.9,3.7,1454,11.79,5.0,4.0,Met
OPS-012050,ORD-012050,0.6,4.1,5.5,1684,10.3,5.0,5.7,Breached
OPS-005825,ORD-005825,1.3,5.0,2.0,657,5.44,5.0,2.3,Met
OPS-004508,ORD-004508,3.5,6.0,2.5,923,11.17,5.0,2.9,Met
OPS-008834,ORD-008834,0.7,3.5,2.1,1361,9.47,5.0,2.3,Met
OPS-004371,ORD-004371,1.9,7.5,3.0,138,8.13,5.0,3.4,Met
OPS-007598,ORD-007598,2.0,3.6,7.0,519,12.91,5.0,7.2,Breached
OPS-002326,ORD-002326,1.3,3.8,6.4,1896,13.96,5.0,6.6,Breached
OPS-004583,ORD-004583,1.4,4.6,4.3,1545,13.25,5.0,4.5,Met
OPS-009786,ORD-009786,2.9,3.2,6.5,1411,8.96,5.0,6.8,Breached
OPS-006272,ORD-006272,2.3,6.9,1.2,1523,4.08,5.0,1.6,Met
OPS-007803,ORD-007803,0.6,1.0,4.5,1748,4.94,5.0,4.6,Met
OPS-012417,ORD-012417,2.4,4.7,1.9,1723,10.86,5.0,2.2,Met
OPS-003718,ORD-003718,0.5,7.5,6.7,1108,13.31,5.0,7.0,Breached
OPS-000400,ORD-000400,2.6,1.4,6.2,1241,11.88,5.0,6.4,Breached
OPS-007518,ORD-007518,0.8,3.4,1.6,1712,12.63,5.0,1.8,Met
OPS-001959,ORD-001959,3.5,8.0,3.2,813,6.38,5.0,3.7,Met
OPS-001444,ORD-001444,1.5,4.0,2.2,584,9.55,5.0,2.4,Met
OPS-000277,ORD-000277,1.5,7.8,3.0,1291,4.26,5.0,3.4,Met
OPS-004203,ORD-004203,2.3,5.0,2.9,1580,8.95,5.0,3.2,Met
OPS-007540,ORD-007540,3.8,5.5,2.6,1514,7.04,5.0,3.0,Met
OPS-012229,ORD-012229,1.4,6.6,4.5,127,5.93,5.0,4.8,Met
OPS-002702,ORD-002702,2.4,4.1,1.4,209,7.88,5.0,1.7,Met
OPS-001731,ORD-001731,2.0,7.4,4.8,1176,13.0,5.0,5.2,Breached
OPS-012455,ORD-012455,1.0,3.7,1.7,1761,13.1,5.0,1.9,Met
OPS-009136,ORD-009136,3.1,6.0,5.4,383,4.65,5.0,5.8,Breached
OPS-000855,ORD-000855,2.4,3.7,6.6,1898,6.44,5.0,6.9,Breached
OPS-010143,ORD-010143,0.9,5.6,1.3,1729,5.16,5.0,1.6,Met
OPS-001273,ORD-001273,1.0,1.3,2.1,459,4.35,5.0,2.2,Met
OPS-011620,ORD-011620,1.2,4.8,3.7,1617,10.59,5.0,4.0,Met
OPS-001268,ORD-001268,2.7,7.3,3.9,209,7.52,5.0,4.3,Met
OPS-012441,ORD-012441,2.0,3.1,4.0,1311,13.04,5.0,4.2,Met
OPS-009573,ORD-009573,1.2,6.3,4.7,1978,4.72,5.0,5.0,Met
OPS-006605,ORD-006605,2.7,3.9,5.9,1954,9.5,5.0,6.2,Breached
OPS-000472,ORD-000472,3.2,1.6,2.1,811,10.05,5.0,2.3,Met
OPS-005001,ORD-005001,2.0,3.2,1.6,559,8.77,5.0,1.8,Met
OPS-007661,ORD-007661,0.7,4.3,1.2,744,8.63,5.0,1.4,Met
OPS-006580,ORD-006580,3.3,5.5,5.4,1789,5.73,5.0,5.8,Breached
OPS-009460,ORD-009460,1.0,1.1,5.6,1864,12.07,5.0,5.7,Breached
OPS-005461,ORD-005461,2.5,1.4,4.7,978,4.72,5.0,4.9,Met
OPS-005773,ORD-005773,2.6,6.7,1.5,257,10.86,5.0,1.9,Met
OPS-009727,ORD-009727,3.0,7.5,5.1,1125,4.85,5.0,5.5,Breached
OPS-009011,ORD-009011,2.0,6.4,3.0,1935,9.57,5.0,3.4,Met
OPS-004359,ORD-004359,2.6,6.8,1.7,755,10.34,5.0,2.1,Met
OPS-005587,ORD-005587,3.7,4.6,2.1,1028,13.06,5.0,2.4,Met
OPS-011051,ORD-011051,4.0,2.8,6.7,1211,13.72,5.0,7.0,Breached
OPS-009289,ORD-009289,0.6,7.5,4.5,1119,13.86,5.0,4.8,Met
OPS-005904,ORD-005904,3.4,5.9,4.8,1267,9.86,5.0,5.2,Breached
OPS-003459,ORD-003459,1.5,7.0,4.7,966,11.15,5.0,5.1,Breached
OPS-004931,ORD-004931,0.8,4.7,2.3,1024,5.4,5.0,2.5,Met
OPS-001726,ORD-001726,0.9,2.2,3.6,1872,4.91,5.0,3.7,Met
OPS-002811,ORD-002811,4.0,4.1,4.2,1058,8.7,5.0,4.5,Met
OPS-005716,ORD-005716,0.7,2.7,2.9,245,12.9,5.0,3.0,Met
OPS-001695,ORD-001695,2.8,7.1,3.5,1338,10.23,5.0,3.9,Met
OPS-004482,ORD-004482,3.6,6.2,6.9,306,9.69,5.0,7.3,Breached
OPS-011981,ORD-011981,3.2,5.8,5.9,1028,9.5,5.0,6.3,Breached
OPS-004186,ORD-004186,2.0,5.4,4.8,463,9.62,5.0,5.1,Breached
OPS-005994,ORD-005994,2.2,4.6,4.4,1022,7.52,5.0,4.7,Met
OPS-002809,ORD-002809,3.0,2.8,5.1,1976,4.05,5.0,5.3,Breached
OPS-004281,ORD-004281,3.8,7.5,1.9,1286,4.79,5.0,2.4,Met
OPS-011390,ORD-011390,2.5,3.9,3.2,833,6.83,5.0,3.5,Met
OPS-004591,ORD-004591,3.6,7.9,4.9,1125,10.73,5.0,5.4,Breached
OPS-003993,ORD-003993,3.5,6.7,1.9,1238,8.31,5.0,2.3,Met
OPS-000171,ORD-000171,2.9,5.0,4.5,158,8.0,5.0,4.8,Met
OPS-009855,ORD-009855,3.6,4.4,5.2,1447,5.6,5.0,5.5,Breached
OPS-007748,ORD-007748,1.2,3.1,5.9,994,8.98,5.0,6.1,Breached
OPS-005122,ORD-005122,2.6,3.8,4.8,1082,7.49,5.0,5.1,Breached
OPS-002446,ORD-002446,3.5,6.8,6.9,1160,8.34,5.0,7.3,Breached
OPS-011755,ORD-011755,2.2,7.0,4.0,607,12.27,5.0,4.4,Met
OPS-007470,ORD-007470,0.5,3.9,2.7,323,8.63,5.0,2.9,Met
OPS-011230,ORD-011230,3.7,7.9,4.7,1641,4.71,5.0,5.2,Breached
OPS-011207,ORD-011207,1.6,5.7,5.1,1898,10.88,5.0,5.4,Breached
OPS-010075,ORD-010075,1.7,3.1,4.5,272,11.27,5.0,4.7,Met
OPS-001998,ORD-001998,2.3,2.6,5.9,430,10.48,5.0,6.1,Breached
OPS-011348,ORD-011348,2.9,3.3,5.6,1177,6.81,5.0,5.9,Breached
OPS-007329,ORD-007329,3.1,4.6,2.9,836,10.45,5.0,3.2,Met
OPS-002174,ORD-002174,3.8,6.5,2.3,456,8.88,5.0,2.7,Met
OPS-003957,ORD-003957,0.9,4.9,5.6,836,8.76,5.0,5.8,Breached
OPS-006110,ORD-006110,2.6,2.1,2.7,429,5.44,5.0,2.9,Met
OPS-000450,ORD-000450,3.9,4.3,5.5,1640,10.21,5.0,5.8,Breached
OPS-011349,ORD-011349,2.3,3.2,4.0,661,7.04,5.0,4.2,Met
OPS-011214,ORD-011214,3.4,5.8,3.4,1650,11.97,5.0,3.8,Met
OPS-004325,ORD-004325,3.3,6.4,3.0,336,12.32,5.0,3.4,Met
OPS-006066,ORD-006066,1.5,3.5,4.9,232,6.1,5.0,5.1,Breached
OPS-000042,ORD-000042,2.5,5.9,4.4,889,13.71,5.0,4.8,Met
OPS-010786,ORD-010786,2.3,6.0,1.9,1386,6.97,5.0,2.2,Met
OPS-011742,ORD-011742,1.9,1.3,3.6,1056,10.63,5.0,3.7,Met
OPS-003723,ORD-003723,1.6,4.6,2.3,1217,7.9,5.0,2.6,Met
OPS-003649,ORD-003649,2.4,3.6,5.4,881,5.05,5.0,5.7,Breached
OPS-003824,ORD-003824,2.6,4.8,5.6,647,13.16,5.0,5.9,Breached
OPS-011204,ORD-011204,2.5,4.4,4.9,1003,12.61,5.0,5.2,Breached
OPS-001937,ORD-001937,3.7,6.8,1.7,1789,5.95,5.0,2.1,Met
OPS-011190,ORD-011190,2.4,6.5,5.3,1117,8.96,5.0,5.7,Breached
OPS-008177,ORD-008177,1.5,3.0,1.2,1180,10.86,5.0,1.4,Met
OPS-012248,ORD-012248,2.6,6.7,5.6,231,12.44,5.0,6.0,Breached
OPS-006265,ORD-006265,0.8,3.6,3.9,584,10.23,5.0,4.1,Met
OPS-011406,ORD-011406,1.2,7.7,6.0,1199,12.43,5.0,6.4,Breached
OPS-010774,ORD-010774,1.3,4.5,6.6,1232,9.19,5.0,6.8,Breached
OPS-003562,ORD-003562,1.6,3.4,4.3,1270,9.98,5.0,4.5,Met
OPS-003462,ORD-003462,3.4,4.3,4.6,579,4.33,5.0,4.9,Met
OPS-010094,ORD-010094,3.8,3.8,5.4,1449,5.36,5.0,5.7,Breached
OPS-002031,ORD-002031,3.8,5.3,1.9,1046,7.42,5.0,2.3,Met
OPS-008023,ORD-008023,3.6,1.1,1.6,1732,8.34,5.0,1.8,Met
OPS-006298,ORD-006298,0.8,1.3,3.3,1760,4.32,5.0,3.4,Met
OPS-008732,ORD-008732,2.2,3.3,3.0,1915,10.84,5.0,3.2,Met
OPS-004065,ORD-004065,1.1,5.3,3.5,1019,8.08,5.0,3.8,Met
OPS-005321,ORD-005321,1.0,5.9,6.8,441,5.84,5.0,7.1,Breached
OPS-000260,ORD-000260,1.8,5.3,3.5,1388,4.36,5.0,3.8,Met
OPS-006479,ORD-006479,3.7,3.7,5.3,1516,6.76,5.0,5.6,Breached
OPS-004577,ORD-004577,2.2,7.0,6.6,1960,12.35,5.0,7.0,Breached
OPS-002818,ORD-002818,1.7,1.9,2.7,982,10.14,5.0,2.9,Met
OPS-006021,ORD-006021,1.2,4.0,4.4,1770,8.83,5.0,4.6,Met
OPS-004691,ORD-004691,1.4,3.6,3.8,733,6.4,5.0,4.0,Met
OPS-011528,ORD-011528,0.6,3.2,3.5,1647,8.8,5.0,3.7,Met
OPS-003519,ORD-003519,1.7,7.5,5.6,296,11.0,5.0,6.0,Breached
OPS-000263,ORD-000263,3.9,2.2,2.9,822,5.92,5.0,3.2,Met
OPS-000515,ORD-000515,0.8,2.6,4.0,893,11.01,5.0,4.1,Met
OPS-001909,ORD-001909,2.0,4.8,3.2,1470,9.39,5.0,3.5,Met
OPS-004792,ORD-004792,2.7,3.9,3.9,705,6.26,5.0,4.2,Met
OPS-008378,ORD-008378,1.3,3.0,6.6,1651,13.68,5.0,6.8,Breached
OPS-001549,ORD-001549,1.6,4.8,3.2,1208,10.61,5.0,3.5,Met
OPS-006647,ORD-006647,3.0,6.7,5.1,1565,4.01,5.0,5.5,Breached
OPS-010896,ORD-010896,2.3,3.3,3.7,1492,5.03,5.0,3.9,Met
OPS-007262,ORD-007262,3.7,4.3,3.3,1111,6.23,5.0,3.6,Met
OPS-001516,ORD-001516,2.2,2.5,7.0,1726,11.63,5.0,7.2,Breached
OPS-002891,ORD-002891,3.6,5.7,3.1,198,6.91,5.0,3.5,Met
OPS-011117,ORD-011117,3.6,7.7,6.3,893,5.26,5.0,6.8,Breached
OPS-009369,ORD-009369,1.1,4.2,5.5,1213,10.97,5.0,5.7,Breached
OPS-009627,ORD-009627,2.9,6.6,4.1,513,7.45,5.0,4.5,Met
OPS-003982,ORD-003982,3.0,2.7,3.9,351,11.17,5.0,4.1,Met
OPS-009748,ORD-009748,0.9,4.4,5.2,415,8.38,5.0,5.4,Breached
OPS-008632,ORD-008632,3.2,5.3,5.3,1407,10.33,5.0,5.7,Breached
OPS-008362,ORD-008362,2.9,6.5,1.8,540,9.16,5.0,2.2,Met
OPS-003961,ORD-003961,1.0,5.3,4.1,1593,6.22,5.0,4.4,Met
OPS-002011,ORD-002011,2.2,7.4,5.7,722,12.64,5.0,6.1,Breached
OPS-008851,ORD-008851,3.0,2.3,6.1,772,13.98,5.0,6.3,Breached
OPS-002042,ORD-002042,1.5,1.4,2.1,994,9.17,5.0,2.2,Met
OPS-011906,ORD-011906,2.2,5.7,4.0,1402,11.99,5.0,4.3,Met
OPS-006447,ORD-006447,3.9,4.6,2.2,1855,6.77,5.0,2.6,Met
OPS-008061,ORD-008061,2.6,5.3,6.3,1837,5.74,5.0,6.6,Breached
OPS-007136,ORD-007136,3.6,2.4,6.6,1487,10.07,5.0,6.8,Breached
OPS-001792,ORD-001792,3.3,2.1,3.2,743,9.7,5.0,3.4,Met
OPS-004471,ORD-004471,3.8,2.5,6.9,1653,13.9,5.0,7.2,Breached
OPS-009167,ORD-009167,1.8,5.7,4.4,615,13.83,5.0,4.7,Met
OPS-004891,ORD-004891,1.4,7.2,3.5,312,12.69,5.0,3.9,Met
OPS-000519,ORD-000519,1.3,6.7,3.1,702,5.01,5.0,3.4,Met
OPS-005978,ORD-005978,1.2,5.6,6.0,1531,9.17,5.0,6.3,Breached
OPS-001884,ORD-001884,1.5,1.7,3.4,1578,11.99,5.0,3.5,Met
OPS-006941,ORD-006941,2.0,1.4,1.6,1028,7.65,5.0,1.7,Met
OPS-010722,ORD-010722,3.6,3.2,2.7,1157,4.24,5.0,3.0,Met
OPS-012379,ORD-012379,2.3,6.2,2.3,1346,7.35,5.0,2.7,Met
OPS-006766,ORD-006766,0.5,4.5,6.1,715,4.11,5.0,6.3,Breached
OPS-004410,ORD-004410,2.7,2.8,4.6,247,6.01,5.0,4.8,Met
OPS-007812,ORD-007812,2.5,5.5,3.0,1893,5.86,5.0,3.3,Met
OPS-001142,ORD-001142,1.0,5.3,2.7,1733,12.65,5.0,3.0,Met
OPS-010070,ORD-010070,1.1,6.8,5.5,1421,5.17,5.0,5.8,Breached
OPS-000436,ORD-000436,2.1,2.5,6.7,1355,10.35,5.0,6.9,Breached
OPS-003863,ORD-003863,1.9,2.9,7.0,172,10.81,5.0,7.2,Breached
OPS-007321,ORD-007321,1.6,6.6,2.6,1980,10.63,5.0,2.9,Met
OPS-002088,ORD-002088,1.2,4.0,3.2,193,7.42,5.0,3.4,Met
OPS-001571,ORD-001571,2.9,5.2,5.7,1888,7.02,5.0,6.0,Breached
OPS-009962,ORD-009962,1.1,5.7,3.3,924,8.11,5.0,3.6,Met
OPS-009726,ORD-009726,3.0,5.1,3.1,1155,4.04,5.0,3.4,Met
OPS-003281,ORD-003281,3.4,5.6,1.6,793,12.04,5.0,2.0,Met
OPS-007698,ORD-007698,3.6,7.7,3.0,1525,7.75,5.0,3.5,Met
OPS-003090,ORD-003090,2.8,5.5,4.6,1313,7.09,5.0,4.9,Met
OPS-007204,ORD-007204,1.5,2.2,2.2,821,9.82,5.0,2.4,Met
OPS-008052,ORD-008052,3.4,7.0,2.5,1928,10.96,5.0,2.9,Met
OPS-007295,ORD-007295,2.8,3.8,2.6,1584,13.18,5.0,2.9,Met
OPS-010251,ORD-010251,3.0,6.5,3.0,1653,12.7,5.0,3.4,Met
OPS-007357,ORD-007357,1.7,7.0,6.5,858,5.62,5.0,6.9,Breached
OPS-010327,ORD-010327,3.4,1.0,5.8,173,9.39,5.0,6.0,Breached
OPS-001344,ORD-001344,3.8,4.5,6.2,1168,11.91,5.0,6.5,Breached
OPS-010530,ORD-010530,4.0,6.6,4.3,1104,4.98,5.0,4.7,Met
OPS-003724,ORD-003724,2.8,7.7,6.9,1864,4.44,5.0,7.3,Breached
OPS-002671,ORD-002671,2.7,4.6,2.3,1493,6.46,5.0,2.6,Met
OPS-006955,ORD-006955,3.9,5.6,1.2,1132,11.15,5.0,1.6,Met
OPS-004035,ORD-004035,3.0,5.6,6.5,1728,9.3,5.0,6.9,Breached
OPS-004950,ORD-004950,3.0,4.4,4.8,265,5.76,5.0,5.1,Breached
OPS-011815,ORD-011815,3.9,2.7,2.5,520,11.13,5.0,2.8,Met
OPS-004955,ORD-004955,3.8,4.9,6.6,490,8.5,5.0,7.0,Breached
OPS-007781,ORD-007781,1.8,4.3,2.1,1194,5.08,5.0,2.4,Met
OPS-007702,ORD-007702,2.1,6.7,2.7,1387,7.25,5.0,3.1,Met
OPS-011370,ORD-011370,3.6,6.1,1.7,1265,13.92,5.0,2.1,Met
OPS-002041,ORD-002041,3.8,6.3,3.9,1622,7.97,5.0,4.3,Met
OPS-009116,ORD-009116,2.5,1.8,6.6,305,12.22,5.0,6.8,Breached
OPS-005584,ORD-005584,1.7,5.3,3.3,411,13.14,5.0,3.6,Met
OPS-001438,ORD-001438,3.7,1.4,6.9,1189,4.59,5.0,7.1,Breached
OPS-006799,ORD-006799,2.7,5.8,3.4,1159,8.1,5.0,3.8,Met
OPS-000976,ORD-000976,1.6,3.6,6.3,1210,7.0,5.0,6.5,Breached
OPS-000401,ORD-000401,3.5,5.4,1.7,1691,6.8,5.0,2.1,Met
OPS-008211,ORD-008211,3.3,7.0,3.3,666,4.08,5.0,3.7,Met
OPS-005694,ORD-005694,2.4,3.9,5.5,1478,12.92,5.0,5.8,Breached
OPS-002229,ORD-002229,1.8,1.2,7.0,1749,12.31,5.0,7.1,Breached
OPS-008885,ORD-008885,2.8,3.6,1.3,1421,5.15,5.0,1.6,Met
OPS-001538,ORD-001538,1.8,1.7,5.9,1581,13.35,5.0,6.0,Breached
OPS-000529,ORD-000529,1.5,5.0,5.4,522,9.78,5.0,5.7,Breached
OPS-012140,ORD-012140,1.4,5.5,2.9,481,10.76,5.0,3.2,Met
OPS-010649,ORD-010649,2.6,7.3,1.1,317,5.37,5.0,1.5,Met
OPS-001864,ORD-001864,3.3,2.9,2.3,891,7.64,5.0,2.6,Met
OPS-004831,ORD-004831,0.5,4.4,6.8,172,10.16,5.0,7.0,Breached
OPS-006654,ORD-006654,2.1,2.8,5.7,976,6.88,5.0,5.9,Breached
OPS-010270,ORD-010270,2.1,5.2,2.6,1734,6.3,5.0,2.9,Met
OPS-007726,ORD-007726,2.1,7.1,5.2,126,11.19,5.0,5.6,Breached
OPS-002953,ORD-002953,0.6,3.3,3.4,1853,8.62,5.0,3.6,Met
OPS-006812,ORD-006812,3.2,5.8,2.5,386,6.95,5.0,2.9,Met
OPS-008066,ORD-008066,0.8,3.6,6.2,666,10.07,5.0,6.4,Breached
OPS-005214,ORD-005214,2.0,1.4,1.6,1510,8.64,5.0,1.7,Met
OPS-009785,ORD-009785,3.4,5.5,3.8,1656,6.56,5.0,4.2,Met
OPS-006504,ORD-006504,1.2,6.9,1.1,1513,4.13,5.0,1.4,Met
OPS-000075,ORD-000075,1.1,4.7,2.4,1611,6.96,5.0,2.6,Met
OPS-009518,ORD-009518,2.7,2.2,3.6,491,10.28,5.0,3.8,Met
OPS-007301,ORD-007301,2.8,1.6,6.1,1937,5.55,5.0,6.3,Breached
OPS-001942,ORD-001942,2.4,6.8,6.8,980,13.78,5.0,7.2,Breached
OPS-001203,ORD-001203,0.7,4.4,1.1,1981,13.05,5.0,1.3,Met
OPS-002232,ORD-002232,3.5,5.6,3.8,641,8.19,5.0,4.2,Met
OPS-010349,ORD-010349,3.6,4.2,6.3,902,13.11,5.0,6.6,Breached
OPS-000306,ORD-000306,3.8,4.0,5.3,130,8.88,5.0,5.6,Breached
OPS-011164,ORD-011164,3.7,5.5,1.8,1529,6.1,5.0,2.2,Met
OPS-007222,ORD-007222,3.1,7.6,4.9,1932,8.65,5.0,5.3,Breached
OPS-012176,ORD-012176,0.8,1.6,3.4,907,7.52,5.0,3.5,Met
OPS-004043,ORD-004043,2.4,5.2,2.5,175,4.68,5.0,2.8,Met
OPS-006144,ORD-006144,1.9,3.8,6.6,1245,4.59,5.0,6.8,Breached
OPS-004678,ORD-004678,1.2,3.2,6.1,1090,5.06,5.0,6.3,Breached
OPS-010843,ORD-010843,1.1,5.4,1.2,191,13.93,5.0,1.5,Met
OPS-007146,ORD-007146,3.1,2.8,2.3,607,4.85,5.0,2.5,Met
OPS-003697,ORD-003697,3.6,4.0,4.7,894,12.1,5.0,5.0,Met
OPS-010464,ORD-010464,0.9,5.0,5.7,1340,12.3,5.0,5.9,Breached
OPS-008280,ORD-008280,0.9,1.6,1.4,182,13.53,5.0,1.5,Met
OPS-010872,ORD-010872,1.9,7.4,3.4,1142,7.87,5.0,3.8,Met
OPS-006739,ORD-006739,3.5,3.5,2.3,752,12.46,5.0,2.6,Met
OPS-012105,ORD-012105,1.0,3.5,4.6,987,10.52,5.0,4.8,Met
OPS-000146,ORD-000146,1.2,1.6,4.8,1710,6.48,5.0,4.9,Met
OPS-011977,ORD-011977,3.6,7.6,2.4,1329,11.9,5.0,2.9,Met
OPS-010963,ORD-010963,1.2,6.6,6.8,1797,12.72,5.0,7.1,Breached
OPS-011569,ORD-011569,3.5,5.3,2.8,883,11.84,5.0,3.2,Met
OPS-001794,ORD-001794,2.4,3.1,1.0,683,12.64,5.0,1.2,Met
OPS-011676,ORD-011676,3.2,6.4,6.0,1871,13.39,5.0,6.4,Breached
OPS-001765,ORD-001765,2.5,3.1,6.6,1284,9.58,5.0,6.8,Breached
OPS-007279,ORD-007279,1.6,1.8,3.9,1745,13.17,5.0,4.0,Met
OPS-000476,ORD-000476,1.9,1.5,4.2,830,9.22,5.0,4.3,Met
OPS-004365,ORD-004365,1.9,7.1,4.6,246,5.96,5.0,5.0,Met
OPS-004634,ORD-004634,3.9,3.3,5.3,1956,4.14,5.0,5.6,Breached
OPS-000990,ORD-000990,2.8,6.5,6.2,589,4.34,5.0,6.6,Breached
OPS-007304,ORD-007304,1.9,4.4,2.0,1235,7.58,5.0,2.3,Met
OPS-000738,ORD-000738,2.6,6.0,3.8,1695,7.45,5.0,4.2,Met
OPS-007646,ORD-007646,1.2,2.2,5.4,1994,10.18,5.0,5.5,Breached
OPS-010779,ORD-010779,1.3,2.5,2.0,1426,4.1,5.0,2.2,Met
OPS-005610,ORD-005610,2.7,7.2,6.6,1192,4.36,5.0,7.0,Breached
OPS-000732,ORD-000732,0.5,6.4,4.5,1584,4.96,5.0,4.8,Met
OPS-001316,ORD-001316,2.2,1.8,1.3,504,7.59,5.0,1.5,Met
OPS-005510,ORD-005510,3.1,4.2,3.8,1713,12.67,5.0,4.1,Met
OPS-003215,ORD-003215,3.6,6.5,5.8,183,7.9,5.0,6.2,Breached
OPS-011479,ORD-011479,3.8,3.2,3.6,1736,7.83,5.0,3.9,Met
OPS-009055,ORD-009055,1.9,6.3,3.7,1286,6.11,5.0,4.0,Met
OPS-009547,ORD-009547,1.6,6.1,1.1,1427,12.7,5.0,1.4,Met
OPS-001017,ORD-001017,3.4,5.4,6.3,604,11.76,5.0,6.7,Breached
OPS-000358,ORD-000358,3.7,3.2,5.5,556,5.37,5.0,5.8,Breached
OPS-005166,ORD-005166,1.4,2.9,6.7,1844,13.25,5.0,6.9,Breached
OPS-010690,ORD-010690,2.4,4.0,1.4,1688,11.44,5.0,1.7,Met
OPS-011283,ORD-011283,1.8,1.2,6.5,740,9.06,5.0,6.6,Breached
OPS-009158,ORD-009158,2.6,7.3,5.9,1616,5.77,5.0,6.3,Breached
OPS-005126,ORD-005126,1.6,5.9,6.7,137,9.11,5.0,7.0,Breached
OPS-008215,ORD-008215,3.0,4.5,3.6,920,5.13,5.0,3.9,Met
OPS-006285,ORD-006285,1.2,2.9,3.9,724,8.3,5.0,4.1,Met
OPS-012286,ORD-012286,3.0,2.4,1.2,1291,13.96,5.0,1.4,Met
OPS-004328,ORD-004328,2.1,3.5,3.7,1060,7.14,5.0,3.9,Met
OPS-000993,ORD-000993,1.8,2.2,4.3,422,11.71,5.0,4.5,Met
OPS-008486,ORD-008486,3.2,1.7,3.1,497,5.84,5.0,3.3,Met
OPS-004536,ORD-004536,2.1,3.0,4.1,784,12.3,5.0,4.3,Met
OPS-007264,ORD-007264,2.2,2.0,1.0,1942,12.01,5.0,1.2,Met
OPS-005327,ORD-005327,2.0,6.1,3.5,237,9.58,5.0,3.8,Met
OPS-009440,ORD-009440,0.5,7.5,2.4,760,8.86,5.0,2.7,Met
OPS-001877,ORD-001877,3.6,2.1,5.5,392,10.49,5.0,5.7,Breached
OPS-006662,ORD-006662,1.8,1.3,5.6,1267,12.63,5.0,5.7,Breached
OPS-010454,ORD-010454,2.2,5.6,4.9,664,13.53,5.0,5.2,Breached
OPS-009251,ORD-009251,1.2,3.8,1.8,914,13.84,5.0,2.0,Met
OPS-007247,ORD-007247,1.0,3.6,6.9,196,12.82,5.0,7.1,Breached
OPS-002656,ORD-002656,4.0,4.6,5.3,1970,7.85,5.0,5.7,Breached
OPS-011220,ORD-011220,3.3,4.3,4.3,482,8.84,5.0,4.6,Met
OPS-009075,ORD-009075,1.6,2.9,5.9,933,7.44,5.0,6.1,Breached
OPS-003914,ORD-003914,1.0,1.8,2.3,161,10.65,5.0,2.4,Met
OPS-009929,ORD-009929,2.8,4.0,3.1,108,4.12,5.0,3.4,Met
OPS-008398,ORD-008398,2.3,1.7,2.9,384,11.6,5.0,3.1,Met
OPS-002621,ORD-002621,2.6,1.4,6.6,1051,6.58,5.0,6.8,Breached
OPS-008673,ORD-008673,2.3,5.8,6.9,1458,12.97,5.0,7.2,Breached
OPS-004460,ORD-004460,2.5,7.1,3.7,1404,7.21,5.0,4.1,Met
OPS-002278,ORD-002278,3.0,6.5,3.2,264,11.02,5.0,3.6,Met
OPS-006012,ORD-006012,1.8,5.2,1.5,664,13.33,5.0,1.8,Met
OPS-002522,ORD-002522,0.8,7.8,1.2,1031,10.66,5.0,1.6,Met
OPS-009435,ORD-009435,1.3,1.3,4.9,1206,5.76,5.0,5.0,Met
OPS-011038,ORD-011038,2.4,3.5,6.1,709,9.94,5.0,6.3,Breached
OPS-001843,ORD-001843,2.2,1.9,2.6,101,11.31,5.0,2.8,Met
OPS-011430,ORD-011430,0.6,4.6,3.1,1357,12.39,5.0,3.3,Met
OPS-009925,ORD-009925,3.2,7.4,5.4,1112,11.1,5.0,5.8,Breached
OPS-012476,ORD-012476,3.1,1.4,5.7,279,13.38,5.0,5.9,Breached
OPS-001057,ORD-001057,4.0,7.4,6.9,1680,4.51,5.0,7.4,Breached
OPS-002507,ORD-002507,3.2,3.6,2.5,1505,9.24,5.0,2.8,Met
OPS-003829,ORD-003829,1.0,4.0,2.6,1248,8.32,5.0,2.8,Met
OPS-000938,ORD-000938,2.0,7.2,1.0,976,10.22,5.0,1.4,Met
OPS-000947,ORD-000947,3.0,1.1,2.3,1344,10.06,5.0,2.5,Met
OPS-002593,ORD-002593,3.8,5.4,4.6,1559,8.71,5.0,5.0,Met
OPS-007782,ORD-007782,3.6,3.7,3.5,1858,8.75,5.0,3.8,Met
OPS-009362,ORD-009362,2.5,1.0,5.7,267,4.22,5.0,5.8,Breached
OPS-008245,ORD-008245,1.6,4.1,5.9,621,5.11,5.0,6.1,Breached
OPS-010743,ORD-010743,1.9,6.5,2.6,598,7.88,5.0,3.0,Met
OPS-011472,ORD-011472,3.0,5.3,5.6,982,10.46,5.0,5.9,Breached
OPS-003295,ORD-003295,0.7,6.2,3.0,1903,13.03,5.0,3.3,Met
OPS-006327,ORD-006327,1.0,6.6,4.0,1337,9.56,5.0,4.3,Met
OPS-006810,ORD-006810,2.5,3.4,4.3,519,5.4,5.0,4.5,Met
OPS-008165,ORD-008165,3.3,4.0,3.4,462,13.24,5.0,3.7,Met
OPS-011767,ORD-011767,2.8,6.4,6.2,643,7.84,5.0,6.6,Breached
OPS-009169,ORD-009169,1.8,6.6,4.2,926,10.64,5.0,4.5,Met
OPS-000808,ORD-000808,3.0,7.4,2.0,363,4.64,5.0,2.4,Met
OPS-003691,ORD-003691,3.8,2.5,1.6,1880,10.45,5.0,1.9,Met
OPS-011889,ORD-011889,3.6,5.1,5.7,740,6.75,5.0,6.1,Breached
OPS-005409,ORD-005409,1.7,6.0,1.3,1601,7.54,5.0,1.6,Met
OPS-000894,ORD-000894,3.4,7.7,6.6,920,10.17,5.0,7.1,Breached
OPS-012492,ORD-012492,1.3,2.7,6.6,1185,12.47,5.0,6.8,Breached
OPS-001824,ORD-001824,0.6,4.5,2.2,973,8.82,5.0,2.4,Met
OPS-006567,ORD-006567,3.9,3.6,6.6,1466,5.8,5.0,6.9,Breached
OPS-001013,ORD-001013,3.1,6.6,6.7,291,7.4,5.0,7.1,Breached
OPS-009572,ORD-009572,1.7,4.2,1.6,1497,7.99,5.0,1.8,Met
OPS-007530,ORD-007530,2.1,2.7,2.2,823,5.34,5.0,2.4,Met
OPS-004041,ORD-004041,1.0,6.7,2.6,1307,13.15,5.0,2.9,Met
OPS-003182,ORD-003182,3.4,3.9,4.3,1452,12.66,5.0,4.6,Met
OPS-006793,ORD-006793,1.1,4.4,4.0,1736,9.41,5.0,4.2,Met
OPS-000913,ORD-000913,1.2,2.7,6.3,1094,7.37,5.0,6.5,Breached
OPS-010683,ORD-010683,1.0,5.3,4.9,1392,4.04,5.0,5.2,Breached
OPS-010809,ORD-010809,1.7,6.0,4.6,425,4.75,5.0,4.9,Met
OPS-005764,ORD-005764,2.8,5.4,3.3,1789,12.07,5.0,3.6,Met
OPS-002676,ORD-002676,1.7,2.4,2.6,1552,8.03,5.0,2.8,Met
OPS-003492,ORD-003492,2.7,5.7,6.2,1102,4.12,5.0,6.5,Breached
OPS-008336,ORD-008336,2.4,2.3,2.7,512,9.32,5.0,2.9,Met
OPS-012414,ORD-012414,0.5,2.5,4.6,957,5.15,5.0,4.7,Met
OPS-012142,ORD-012142,0.7,7.6,6.9,370,7.24,5.0,7.2,Breached
OPS-009133,ORD-009133,0.8,6.7,6.1,1450,13.96,5.0,6.4,Breached
OPS-002663,ORD-002663,1.6,6.7,5.2,1763,11.17,5.0,5.5,Breached
OPS-001322,ORD-001322,0.7,2.2,3.6,844,13.65,5.0,3.7,Met
OPS-001446,ORD-001446,2.0,7.3,3.1,1093,9.03,5.0,3.5,Met
OPS-006261,ORD-006261,2.1,6.4,2.5,1275,4.57,5.0,2.9,Met
OPS-006016,ORD-006016,1.3,4.6,4.7,997,13.27,5.0,4.9,Met
OPS-000866,ORD-000866,3.2,6.0,6.3,1057,11.56,5.0,6.7,Breached
OPS-005422,ORD-005422,2.9,2.2,5.4,1895,13.9,5.0,5.6,Breached
OPS-000353,ORD-000353,1.0,5.3,3.6,1947,8.35,5.0,3.9,Met
OPS-002862,ORD-002862,3.7,5.1,1.5,1834,8.96,5.0,1.9,Met
OPS-001471,ORD-001471,2.7,2.2,5.1,137,5.53,5.0,5.3,Breached
OPS-004046,ORD-004046,3.8,4.0,1.9,488,10.43,5.0,2.2,Met
OPS-002534,ORD-002534,1.2,2.2,6.4,1317,12.31,5.0,6.5,Breached
OPS-012228,ORD-012228,1.7,3.6,6.2,710,12.11,5.0,6.4,Breached
OPS-011628,ORD-011628,1.4,1.1,4.8,1037,8.83,5.0,4.9,Met
OPS-012239,ORD-012239,3.9,2.9,6.3,1791,11.54,5.0,6.6,Breached
OPS-005069,ORD-005069,0.8,8.0,5.1,174,6.66,5.0,5.5,Breached
OPS-011456,ORD-011456,2.0,5.5,2.9,1327,8.78,5.0,3.2,Met
OPS-011866,ORD-011866,0.7,4.2,1.5,457,7.3,5.0,1.7,Met
OPS-008690,ORD-008690,3.8,8.0,6.1,401,4.57,5.0,6.6,Breached
OPS-000456,ORD-000456,2.6,5.5,6.6,972,7.09,5.0,6.9,Breached
OPS-009187,ORD-009187,3.9,1.4,5.6,1063,11.66,5.0,5.8,Breached
OPS-008073,ORD-008073,3.9,1.9,5.8,1949,4.32,5.0,6.0,Breached
OPS-001701,ORD-001701,1.0,3.2,1.9,535,6.07,5.0,2.1,Met
OPS-000589,ORD-000589,2.4,7.9,2.0,1069,5.59,5.0,2.4,Met
OPS-006031,ORD-006031,3.5,7.1,4.3,903,6.5,5.0,4.7,Met
OPS-011780,ORD-011780,1.4,7.6,1.4,525,9.49,5.0,1.8,Met
OPS-006469,ORD-006469,2.6,4.8,5.0,864,4.28,5.0,5.3,Breached
OPS-001508,ORD-001508,0.9,1.7,7.0,1910,4.25,5.0,7.1,Breached
OPS-004749,ORD-004749,2.6,7.6,5.6,156,10.71,5.0,6.0,Breached
OPS-006188,ORD-006188,3.0,1.5,5.9,814,9.89,5.0,6.1,Breached
OPS-003767,ORD-003767,1.3,4.4,4.6,601,9.49,5.0,4.8,Met
OPS-011600,ORD-011600,1.7,6.7,1.7,1211,4.31,5.0,2.0,Met
OPS-000239,ORD-000239,3.9,7.3,6.1,1424,8.41,5.0,6.6,Breached
OPS-004150,ORD-004150,4.0,7.2,2.5,1049,11.38,5.0,3.0,Met
OPS-004167,ORD-004167,3.9,3.9,1.1,1028,11.96,5.0,1.4,Met
OPS-011198,ORD-011198,1.5,2.1,2.1,502,13.85,5.0,2.2,Met
OPS-010753,ORD-010753,1.2,3.0,3.6,204,8.39,5.0,3.8,Met
OPS-004329,ORD-004329,3.6,6.4,6.9,1386,7.53,5.0,7.3,Breached
OPS-010524,ORD-010524,4.0,7.3,4.3,411,4.02,5.0,4.8,Met
OPS-002573,ORD-002573,0.7,2.4,3.0,1395,13.25,5.0,3.1,Met
OPS-008586,ORD-008586,1.5,4.2,6.4,680,8.31,5.0,6.6,Breached
OPS-003443,ORD-003443,2.5,6.5,5.1,1211,13.31,5.0,5.5,Breached
OPS-005277,ORD-005277,2.8,5.4,3.0,916,6.51,5.0,3.3,Met
OPS-002329,ORD-002329,0.8,5.6,4.0,745,13.4,5.0,4.3,Met
OPS-005589,ORD-005589,4.0,2.8,4.6,1217,6.3,5.0,4.9,Met
OPS-003710,ORD-003710,3.5,4.4,4.1,1831,10.07,5.0,4.4,Met
OPS-002134,ORD-002134,2.8,4.6,3.3,1345,9.4,5.0,3.6,Met
OPS-004219,ORD-004219,3.7,1.1,4.7,870,10.96,5.0,4.9,Met
OPS-007777,ORD-007777,0.9,6.5,2.3,915,5.15,5.0,2.6,Met
OPS-005362,ORD-005362,3.5,5.7,2.9,607,10.79,5.0,3.3,Met
OPS-011545,ORD-011545,1.9,2.8,3.6,1162,13.1,5.0,3.8,Met
OPS-003176,ORD-003176,1.5,6.8,1.3,1386,5.44,5.0,1.6,Met
OPS-004929,ORD-004929,3.2,2.3,2.5,602,6.44,5.0,2.7,Met
OPS-011792,ORD-011792,1.3,2.1,2.1,778,6.81,5.0,2.2,Met
OPS-002970,ORD-002970,3.6,1.6,6.9,389,11.68,5.0,7.1,Breached
OPS-001972,ORD-001972,1.8,6.6,4.7,1649,7.52,5.0,5.0,Met
OPS-008521,ORD-008521,1.2,5.4,7.0,315,8.99,5.0,7.3,Breached
OPS-007053,ORD-007053,0.5,3.8,6.5,642,6.94,5.0,6.7,Breached
OPS-007483,ORD-007483,1.7,1.2,2.0,389,4.72,5.0,2.1,Met
OPS-006129,ORD-006129,1.6,3.8,3.7,1121,7.59,5.0,3.9,Met
OPS-001084,ORD-001084,0.9,1.7,2.2,1931,4.81,5.0,2.3,Met
OPS-007768,ORD-007768,3.6,4.8,5.8,523,13.69,5.0,6.1,Breached
OPS-005176,ORD-005176,3.9,3.5,1.3,1897,11.86,5.0,1.6,Met
OPS-010877,ORD-010877,2.7,3.1,1.8,865,8.5,5.0,2.0,Met
OPS-001796,ORD-001796,1.0,3.2,4.9,846,9.47,5.0,5.1,Breached
OPS-003588,ORD-003588,2.5,2.1,3.9,279,5.86,5.0,4.1,Met
OPS-010970,ORD-010970,3.2,7.3,1.8,1442,11.67,5.0,2.2,Met
OPS-010137,ORD-010137,2.3,1.1,5.2,143,12.79,5.0,5.3,Breached
OPS-012108,ORD-012108,0.7,4.2,5.2,421,11.75,5.0,5.4,Breached
OPS-011115,ORD-011115,1.9,6.8,3.2,118,11.73,5.0,3.6,Met
OPS-001727,ORD-001727,1.8,3.4,3.6,159,4.08,5.0,3.8,Met
OPS-005737,ORD-005737,1.3,3.5,4.8,1669,9.26,5.0,5.0,Met
OPS-004505,ORD-004505,1.8,7.8,3.6,1126,9.97,5.0,4.0,Met
OPS-004544,ORD-004544,3.0,6.2,1.3,1789,10.33,5.0,1.7,Met
OPS-004470,ORD-004470,0.9,1.5,6.9,970,13.57,5.0,7.0,Breached
OPS-011458,ORD-011458,1.1,4.6,1.5,197,10.53,5.0,1.7,Met
OPS-003946,ORD-003946,1.2,7.0,4.4,1595,6.39,5.0,4.7,Met
OPS-004797,ORD-004797,2.8,4.2,6.6,514,10.2,5.0,6.9,Breached
OPS-002772,ORD-002772,1.4,7.2,3.9,338,7.71,5.0,4.3,Met
OPS-010700,ORD-010700,2.0,2.9,6.7,1882,10.56,5.0,6.9,Breached
OPS-009293,ORD-009293,3.3,6.7,4.6,1472,12.85,5.0,5.0,Met
OPS-005080,ORD-005080,2.7,1.5,3.6,1057,9.88,5.0,3.8,Met
OPS-005337,ORD-005337,0.6,1.7,4.4,430,10.73,5.0,4.5,Met
OPS-010159,ORD-010159,2.6,2.2,6.7,1045,6.08,5.0,6.9,Breached
OPS-011602,ORD-011602,1.3,2.1,6.3,1337,9.59,5.0,6.4,Breached
OPS-003689,ORD-003689,3.8,1.0,2.5,1044,11.83,5.0,2.7,Met
OPS-007385,ORD-007385,2.8,5.6,6.6,1572,9.24,5.0,6.9,Breached
OPS-005458,ORD-005458,0.9,2.8,2.2,858,10.29,5.0,2.4,Met
OPS-002389,ORD-002389,1.8,7.3,6.6,491,4.23,5.0,7.0,Breached
OPS-003155,ORD-003155,0.8,5.8,1.7,181,8.13,5.0,2.0,Met
OPS-008300,ORD-008300,1.7,8.0,5.9,1040,12.18,5.0,6.3,Breached
OPS-003777,ORD-003777,3.1,4.5,3.0,449,11.8,5.0,3.3,Met
OPS-003028,ORD-003028,3.2,2.6,4.5,1044,9.52,5.0,4.7,Met
OPS-008231,ORD-008231,3.2,3.2,6.1,1183,6.64,5.0,6.4,Breached
OPS-005062,ORD-005062,0.9,3.1,5.7,642,13.79,5.0,5.9,Breached
OPS-002917,ORD-002917,3.2,7.1,5.9,1696,9.34,5.0,6.3,Breached
OPS-001697,ORD-001697,2.7,4.9,3.6,1995,10.38,5.0,3.9,Met
OPS-004067,ORD-004067,2.0,3.9,3.1,1152,6.25,5.0,3.3,Met
OPS-010725,ORD-010725,1.1,4.6,1.8,1845,6.62,5.0,2.0,Met
OPS-003949,ORD-003949,3.0,2.8,2.4,214,13.87,5.0,2.6,Met
OPS-000518,ORD-000518,0.8,7.4,5.2,1481,7.55,5.0,5.5,Breached
OPS-012335,ORD-012335,1.3,7.5,2.5,910,6.79,5.0,2.9,Met
OPS-002024,ORD-002024,1.8,2.6,4.0,545,9.6,5.0,4.2,Met
OPS-010308,ORD-010308,1.6,1.1,5.8,1069,4.66,5.0,5.9,Breached
OPS-011359,ORD-011359,1.9,3.4,5.6,1379,6.69,5.0,5.8,Breached
OPS-010055,ORD-010055,2.2,4.4,5.3,1329,6.94,5.0,5.6,Breached
OPS-002228,ORD-002228,1.6,7.7,4.6,731,11.69,5.0,5.0,Met
OPS-005689,ORD-005689,4.0,2.3,2.7,1545,7.41,5.0,3.0,Met
OPS-010354,ORD-010354,3.2,6.5,1.6,1835,4.8,5.0,2.0,Met
OPS-005153,ORD-005153,3.1,5.5,4.6,962,5.39,5.0,5.0,Met
OPS-007511,ORD-007511,0.9,3.7,3.5,1251,4.74,5.0,3.7,Met
OPS-001383,ORD-001383,2.4,4.4,2.2,1253,7.93,5.0,2.5,Met
OPS-000599,ORD-000599,0.6,6.8,4.1,1360,12.72,5.0,4.4,Met
OPS-001589,ORD-001589,3.4,6.5,2.3,1770,10.19,5.0,2.7,Met
OPS-005120,ORD-005120,2.1,1.3,1.7,229,6.61,5.0,1.8,Met
OPS-004154,ORD-004154,2.7,2.4,2.3,1973,4.59,5.0,2.5,Met
OPS-003013,ORD-003013,3.6,1.0,5.8,1746,10.56,5.0,6.0,Breached
OPS-007071,ORD-007071,0.6,7.3,6.9,1392,8.84,5.0,7.2,Breached
OPS-004409,ORD-004409,3.6,1.1,4.3,1373,9.35,5.0,4.5,Met
OPS-004486,ORD-004486,3.9,1.8,2.2,139,6.33,5.0,2.4,Met
OPS-008548,ORD-008548,2.2,7.3,3.9,1004,10.19,5.0,4.3,Met
OPS-000092,ORD-000092,1.1,1.7,3.0,1746,6.08,5.0,3.1,Met
OPS-007144,ORD-007144,1.7,4.9,4.5,298,11.17,5.0,4.8,Met
OPS-009286,ORD-009286,1.9,1.1,3.1,996,7.58,5.0,3.2,Met
OPS-012320,ORD-012320,3.6,1.2,6.6,643,7.17,5.0,6.8,Breached
OPS-009816,ORD-009816,3.7,6.5,3.6,563,4.72,5.0,4.0,Met
OPS-003507,ORD-003507,1.2,6.5,3.8,1910,7.45,5.0,4.1,Met
OPS-006200,ORD-006200,0.7,3.6,2.2,1557,9.45,5.0,2.4,Met
OPS-005933,ORD-005933,2.5,5.9,3.1,1891,13.26,5.0,3.5,Met
OPS-010174,ORD-010174,0.8,4.1,5.7,1173,9.94,5.0,5.9,Breached
OPS-004904,ORD-004904,3.2,1.4,7.0,1643,13.35,5.0,7.2,Breached
OPS-009650,ORD-009650,3.6,6.4,5.1,1741,10.73,5.0,5.5,Breached
OPS-009336,ORD-009336,2.8,3.0,1.9,684,8.24,5.0,2.1,Met
OPS-001561,ORD-001561,2.1,7.3,6.5,1462,6.64,5.0,6.9,Breached
OPS-004816,ORD-004816,2.7,3.6,2.9,1415,4.7,5.0,3.2,Met
OPS-001535,ORD-001535,3.3,3.3,3.8,1491,13.98,5.0,4.1,Met
OPS-008596,ORD-008596,3.9,5.1,1.3,1588,11.97,5.0,1.7,Met
OPS-000560,ORD-000560,3.6,1.5,5.6,1305,10.15,5.0,5.8,Breached
OPS-007306,ORD-007306,2.7,7.0,3.4,1277,9.54,5.0,3.8,Met
OPS-001945,ORD-001945,2.0,3.0,5.2,1340,9.17,5.0,5.4,Breached
OPS-008583,ORD-008583,2.9,6.3,5.4,477,9.21,5.0,5.8,Breached
OPS-009644,ORD-009644,1.6,1.1,2.8,344,13.78,5.0,2.9,Met
OPS-004458,ORD-004458,2.9,4.2,1.1,1470,10.69,5.0,1.4,Met
OPS-006093,ORD-006093,1.1,5.8,5.8,1398,6.16,5.0,6.1,Breached
OPS-006952,ORD-006952,2.3,7.3,4.8,732,10.79,5.0,5.2,Breached
OPS-004964,ORD-004964,1.7,5.4,6.7,1558,12.04,5.0,7.0,Breached
OPS-009117,ORD-009117,1.9,6.8,5.0,1436,12.65,5.0,5.4,Breached
OPS-009976,ORD-009976,1.5,2.1,6.5,510,5.03,5.0,6.7,Breached
OPS-007892,ORD-007892,2.7,1.5,3.2,337,4.23,5.0,3.4,Met
OPS-005523,ORD-005523,2.9,5.6,5.7,1253,6.09,5.0,6.1,Breached
OPS-006082,ORD-006082,3.4,5.5,4.5,387,13.21,5.0,4.9,Met
OPS-004900,ORD-004900,1.2,2.7,2.5,1201,12.35,5.0,2.7,Met
OPS-008062,ORD-008062,0.8,7.2,4.2,1739,8.26,5.0,4.5,Met
OPS-012278,ORD-012278,2.6,5.1,5.0,1191,8.77,5.0,5.3,Breached
OPS-007590,ORD-007590,2.7,3.5,2.9,1440,9.08,5.0,3.2,Met
OPS-007451,ORD-007451,0.8,4.3,3.6,798,6.94,5.0,3.8,Met
OPS-008291,ORD-008291,3.5,3.0,5.3,1462,7.95,5.0,5.6,Breached
OPS-005827,ORD-005827,4.0,7.3,1.7,1680,12.82,5.0,2.2,Met
OPS-009980,ORD-009980,3.3,7.8,5.0,1961,11.69,5.0,5.5,Breached
OPS-011101,ORD-011101,3.3,3.3,2.6,969,13.01,5.0,2.9,Met
OPS-000833,ORD-000833,0.5,4.7,4.8,313,10.1,5.0,5.0,Met
OPS-000050,ORD-000050,3.6,6.3,1.0,337,10.52,5.0,1.4,Met
OPS-002849,ORD-002849,2.3,2.6,1.1,740,12.9,5.0,1.3,Met
OPS-002306,ORD-002306,3.5,6.2,2.0,1109,10.26,5.0,2.4,Met
OPS-007147,ORD-007147,3.1,2.7,3.9,1746,5.66,5.0,4.1,Met
OPS-002703,ORD-002703,3.7,5.1,4.2,230,5.21,5.0,4.6,Met
OPS-005130,ORD-005130,2.2,6.2,1.2,1281,5.08,5.0,1.6,Met
OPS-003490,ORD-003490,3.9,7.3,4.8,940,6.2,5.0,5.3,Breached
OPS-008874,ORD-008874,0.5,3.7,5.5,1013,8.23,5.0,5.7,Breached
OPS-008621,ORD-008621,0.9,7.5,4.3,1840,5.16,5.0,4.6,Met
OPS-005505,ORD-005505,2.9,5.6,4.6,1938,6.68,5.0,5.0,Met
OPS-001694,ORD-001694,3.6,4.5,4.7,1673,7.67,5.0,5.0,Met
OPS-001868,ORD-001868,1.8,8.0,3.4,593,12.23,5.0,3.8,Met
OPS-000161,ORD-000161,1.3,7.5,2.6,1711,7.76,5.0,3.0,Met
OPS-007328,ORD-007328,2.4,5.3,5.6,781,7.34,5.0,5.9,Breached
OPS-001921,ORD-001921,0.8,5.8,4.6,1840,6.04,5.0,4.9,Met
OPS-001675,ORD-001675,2.6,7.1,5.8,1122,7.87,5.0,6.2,Breached
OPS-011477,ORD-011477,1.0,6.6,3.1,542,12.05,5.0,3.4,Met
OPS-007645,ORD-007645,3.3,7.9,4.6,973,7.34,5.0,5.1,Breached
OPS-009298,ORD-009298,3.0,7.1,1.4,1873,7.71,5.0,1.8,Met
OPS-001329,ORD-001329,3.4,1.9,6.8,261,8.03,5.0,7.0,Breached
OPS-001285,ORD-001285,1.9,6.1,5.1,792,6.15,5.0,5.4,Breached
OPS-009390,ORD-009390,2.4,4.1,2.7,869,9.28,5.0,3.0,Met
OPS-009183,ORD-009183,2.9,4.7,1.0,1011,8.63,5.0,1.3,Met
OPS-001112,ORD-001112,1.3,2.5,6.7,250,5.0,5.0,6.9,Breached
OPS-010692,ORD-010692,2.1,6.9,2.9,1558,4.53,5.0,3.3,Met
OPS-002902,ORD-002902,1.2,2.5,4.2,1351,5.4,5.0,4.4,Met
OPS-002951,ORD-002951,3.6,3.3,5.8,1917,9.04,5.0,6.1,Breached
OPS-006841,ORD-006841,0.8,3.5,3.5,1875,4.69,5.0,3.7,Met
OPS-007420,ORD-007420,2.8,7.8,3.3,152,9.55,5.0,3.7,Met
OPS-001848,ORD-001848,3.9,4.5,1.2,771,8.57,5.0,1.5,Met
OPS-009685,ORD-009685,3.4,2.3,6.3,1075,13.58,5.0,6.5,Breached
OPS-006102,ORD-006102,3.3,6.7,5.4,1161,4.3,5.0,5.8,Breached
OPS-002941,ORD-002941,3.1,1.6,3.4,360,13.57,5.0,3.6,Met
OPS-005910,ORD-005910,1.4,3.8,1.3,816,9.48,5.0,1.5,Met
OPS-006371,ORD-006371,0.6,1.1,1.3,142,11.65,5.0,1.4,Met
OPS-004244,ORD-004244,0.7,2.7,5.8,711,11.41,5.0,5.9,Breached
OPS-003715,ORD-003715,2.8,7.6,5.7,632,4.94,5.0,6.1,Breached
OPS-005096,ORD-005096,1.3,7.4,1.8,1149,5.49,5.0,2.2,Met
OPS-006614,ORD-006614,3.6,2.1,1.6,1524,9.7,5.0,1.8,Met
OPS-007514,ORD-007514,1.3,3.5,5.1,1594,7.47,5.0,5.3,Breached
OPS-007633,ORD-007633,3.0,4.3,3.4,1588,5.82,5.0,3.7,Met
OPS-006992,ORD-006992,1.4,4.6,6.0,570,4.33,5.0,6.2,Breached
OPS-001666,ORD-001666,1.0,5.8,3.9,708,11.68,5.0,4.2,Met
OPS-000772,ORD-000772,1.0,3.6,6.8,602,9.64,5.0,7.0,Breached
OPS-008978,ORD-008978,0.9,7.2,4.4,1079,6.13,5.0,4.7,Met
OPS-002194,ORD-002194,1.3,6.6,5.4,1213,4.56,5.0,5.7,Breached
OPS-002185,ORD-002185,1.6,7.8,3.8,1959,7.41,5.0,4.2,Met
OPS-004986,ORD-004986,3.0,6.8,3.4,1567,11.12,5.0,3.8,Met
OPS-008842,ORD-008842,3.9,3.2,4.5,1000,7.77,5.0,4.8,Met
OPS-000051,ORD-000051,0.8,7.5,1.9,496,12.54,5.0,2.2,Met
OPS-001063,ORD-001063,2.6,7.4,4.9,1096,13.58,5.0,5.3,Breached
OPS-006742,ORD-006742,2.5,4.3,6.9,550,10.34,5.0,7.2,Breached
OPS-003742,ORD-003742,1.2,4.5,5.3,1538,4.79,5.0,5.5,Breached
OPS-002090,ORD-002090,3.3,4.9,5.2,1736,13.08,5.0,5.5,Breached
OPS-000844,ORD-000844,3.2,6.8,6.9,1512,13.58,5.0,7.3,Breached
OPS-000775,ORD-000775,2.4,2.0,5.1,1131,13.15,5.0,5.3,Breached
OPS-010210,ORD-010210,0.5,2.7,3.8,724,13.87,5.0,3.9,Met
OPS-010434,ORD-010434,1.4,6.1,2.3,924,9.52,5.0,2.6,Met
OPS-006524,ORD-006524,4.0,3.5,6.0,1900,9.13,5.0,6.3,Breached
OPS-010932,ORD-010932,3.1,7.6,3.6,1820,10.94,5.0,4.0,Met
OPS-007464,ORD-007464,1.5,2.9,6.6,442,6.34,5.0,6.8,Breached
OPS-003578,ORD-003578,2.3,7.6,4.2,841,8.45,5.0,4.6,Met
OPS-005969,ORD-005969,3.2,2.3,2.0,608,11.62,5.0,2.2,Met
OPS-002319,ORD-002319,1.5,5.5,6.0,1937,9.07,5.0,6.3,Breached
OPS-012197,ORD-012197,2.4,5.9,6.8,917,11.95,5.0,7.1,Breached
OPS-008759,ORD-008759,0.7,6.8,2.8,732,9.91,5.0,3.1,Met
OPS-003868,ORD-003868,1.8,3.4,2.2,156,12.73,5.0,2.4,Met
OPS-001976,ORD-001976,2.1,5.1,2.0,1052,11.86,5.0,2.3,Met
OPS-008447,ORD-008447,2.8,3.3,6.2,1355,4.77,5.0,6.5,Breached
OPS-000805,ORD-000805,2.8,1.5,1.6,1240,13.47,5.0,1.8,Met
OPS-001859,ORD-001859,3.8,5.4,7.0,620,6.78,5.0,7.4,Breached
OPS-007830,ORD-007830,3.3,3.6,6.1,629,11.19,5.0,6.4,Breached
OPS-006088,ORD-006088,3.0,4.6,6.5,1654,7.45,5.0,6.8,Breached
OPS-003867,ORD-003867,1.3,5.9,3.9,765,8.45,5.0,4.2,Met
OPS-006677,ORD-006677,0.9,2.0,2.6,898,10.82,5.0,2.7,Met
OPS-009707,ORD-009707,2.6,3.4,5.8,863,11.38,5.0,6.0,Breached
OPS-007567,ORD-007567,0.9,2.3,2.0,165,13.51,5.0,2.1,Met
OPS-005204,ORD-005204,1.7,3.6,3.8,1047,4.59,5.0,4.0,Met
OPS-011212,ORD-011212,2.0,3.8,2.2,1554,10.95,5.0,2.4,Met
OPS-002296,ORD-002296,0.8,6.1,1.2,723,13.08,5.0,1.5,Met
OPS-001461,ORD-001461,3.5,5.8,5.2,790,10.03,5.0,5.6,Breached
OPS-005767,ORD-005767,1.3,5.4,6.2,1265,9.73,5.0,6.5,Breached
OPS-001747,ORD-001747,3.4,7.3,5.1,1111,10.54,5.0,5.5,Breached
OPS-007169,ORD-007169,2.0,3.4,1.2,1830,6.62,5.0,1.4,Met
OPS-011135,ORD-011135,3.3,2.0,5.3,1371,5.67,5.0,5.5,Breached
OPS-010772,ORD-010772,3.1,6.5,1.2,461,5.75,5.0,1.6,Met
OPS-004983,ORD-004983,1.4,4.5,3.6,872,4.38,5.0,3.8,Met
OPS-001741,ORD-001741,1.6,7.7,6.2,1606,9.79,5.0,6.6,Breached
OPS-002092,ORD-002092,3.3,4.5,6.5,1646,6.7,5.0,6.8,Breached
OPS-011425,ORD-011425,2.3,7.6,3.1,257,4.13,5.0,3.5,Met
OPS-003024,ORD-003024,2.0,2.7,4.4,1470,11.3,5.0,4.6,Met
OPS-012110,ORD-012110,0.6,5.2,4.9,484,10.75,5.0,5.1,Breached
OPS-004297,ORD-004297,2.4,6.4,6.5,183,7.27,5.0,6.9,Breached
OPS-004285,ORD-004285,3.6,6.0,6.4,367,7.49,5.0,6.8,Breached
OPS-007455,ORD-007455,2.8,4.7,2.4,861,4.27,5.0,2.7,Met
OPS-001669,ORD-001669,3.6,3.9,5.0,508,6.03,5.0,5.3,Breached
OPS-009872,ORD-009872,1.5,5.4,6.6,1253,8.12,5.0,6.9,Breached
OPS-008246,ORD-008246,3.8,3.2,4.9,1471,8.12,5.0,5.2,Breached
OPS-006095,ORD-006095,1.6,2.8,2.3,1098,8.16,5.0,2.5,Met
OPS-000296,ORD-000296,3.7,6.6,3.6,1890,8.71,5.0,4.0,Met
OPS-002946,ORD-002946,3.4,7.8,2.5,195,6.88,5.0,3.0,Met
OPS-010335,ORD-010335,3.0,7.0,5.6,1988,8.68,5.0,6.0,Breached
OPS-005173,ORD-005173,1.1,5.6,3.2,840,5.51,5.0,3.5,Met
OPS-011870,ORD-011870,1.5,6.6,4.1,401,4.95,5.0,4.4,Met
OPS-010773,ORD-010773,3.4,5.4,3.6,673,11.63,5.0,4.0,Met
OPS-010249,ORD-010249,0.7,4.2,4.2,1991,12.14,5.0,4.4,Met
OPS-003535,ORD-003535,2.6,3.0,3.8,853,4.34,5.0,4.0,Met
OPS-006919,ORD-006919,1.2,2.5,4.9,156,9.19,5.0,5.1,Breached
OPS-008813,ORD-008813,3.5,4.3,1.3,1707,13.42,5.0,1.6,Met
OPS-003430,ORD-003430,2.5,7.6,4.0,310,12.25,5.0,4.4,Met
OPS-006882,ORD-006882,2.6,2.7,5.3,1070,8.17,5.0,5.5,Breached
OPS-009450,ORD-009450,3.9,2.0,5.0,1108,8.51,5.0,5.2,Breached
OPS-004934,ORD-004934,1.1,3.5,6.6,341,7.17,5.0,6.8,Breached
OPS-009212,ORD-009212,3.9,4.6,6.7,510,8.86,5.0,7.1,Breached
OPS-004459,ORD-004459,2.0,2.6,2.6,1841,10.09,5.0,2.8,Met
OPS-010072,ORD-010072,2.8,2.8,5.2,1208,5.43,5.0,5.4,Breached
OPS-008768,ORD-008768,2.9,5.0,3.9,658,5.8,5.0,4.2,Met
OPS-000889,ORD-000889,2.4,7.9,2.4,1976,8.45,5.0,2.8,Met
OPS-002491,ORD-002491,3.3,4.7,4.7,298,10.9,5.0,5.0,Met
OPS-006847,ORD-006847,3.6,3.4,1.2,1942,5.46,5.0,1.5,Met
OPS-004648,ORD-004648,1.0,5.4,6.7,1087,4.42,5.0,7.0,Breached
OPS-011627,ORD-011627,2.0,4.6,4.8,1746,12.87,5.0,5.1,Breached
OPS-009128,ORD-009128,0.6,5.3,3.8,1818,11.87,5.0,4.0,Met
OPS-004665,ORD-004665,1.5,4.2,1.9,265,6.22,5.0,2.1,Met
OPS-004627,ORD-004627,3.5,5.3,3.7,1482,4.58,5.0,4.1,Met
OPS-010351,ORD-010351,1.4,4.8,3.5,1520,10.08,5.0,3.8,Met
OPS-003313,ORD-003313,0.5,6.7,1.6,1709,10.99,5.0,1.9,Met
OPS-010758,ORD-010758,0.8,4.4,1.6,1165,6.34,5.0,1.8,Met
OPS-006500,ORD-006500,2.3,7.7,6.3,304,10.4,5.0,6.7,Breached
OPS-008156,ORD-008156,1.8,7.2,5.5,1691,6.72,5.0,5.9,Breached
OPS-000602,ORD-000602,1.8,4.3,2.5,498,7.31,5.0,2.8,Met
OPS-001007,ORD-001007,3.4,3.2,2.9,1929,4.43,5.0,3.2,Met
OPS-002038,ORD-002038,0.8,6.5,5.3,1525,6.6,5.0,5.6,Breached
OPS-006458,ORD-006458,3.2,6.1,6.6,438,6.38,5.0,7.0,Breached
OPS-006472,ORD-006472,2.7,1.5,1.3,1458,11.86,5.0,1.5,Met
OPS-007021,ORD-007021,2.7,2.1,3.3,623,10.65,5.0,3.5,Met
OPS-009339,ORD-009339,3.4,4.3,2.1,1093,12.99,5.0,2.4,Met
OPS-008324,ORD-008324,0.7,6.6,1.0,1747,7.45,5.0,1.3,Met
OPS-004772,ORD-004772,2.4,3.3,6.9,1890,10.64,5.0,7.1,Breached
OPS-007255,ORD-007255,3.1,1.4,2.4,1163,9.43,5.0,2.6,Met
OPS-005077,ORD-005077,1.1,3.0,5.1,671,9.49,5.0,5.3,Breached
OPS-005239,ORD-005239,2.2,3.3,4.2,1110,9.06,5.0,4.4,Met
OPS-007552,ORD-007552,1.8,3.9,4.0,456,6.29,5.0,4.2,Met
OPS-006626,ORD-006626,2.7,3.4,5.5,830,6.63,5.0,5.8,Breached
OPS-001623,ORD-001623,2.1,6.4,2.5,131,10.13,5.0,2.9,Met
OPS-005252,ORD-005252,2.5,1.2,6.2,1668,12.4,5.0,6.4,Breached
OPS-002177,ORD-002177,1.4,7.7,1.8,355,9.9,5.0,2.2,Met
OPS-011525,ORD-011525,4.0,5.1,5.4,1999,11.93,5.0,5.8,Breached
OPS-005677,ORD-005677,2.3,3.8,5.7,643,13.91,5.0,6.0,Breached
OPS-008609,ORD-008609,3.0,7.5,6.2,840,12.01,5.0,6.6,Breached
OPS-000854,ORD-000854,3.1,4.7,4.0,1335,4.47,5.0,4.3,Met
OPS-011857,ORD-011857,3.1,1.5,6.0,842,11.53,5.0,6.2,Breached
OPS-009260,ORD-009260,3.2,3.9,6.4,1860,4.77,5.0,6.7,Breached
OPS-011844,ORD-011844,0.7,1.6,5.3,1932,7.89,5.0,5.4,Breached
OPS-010825,ORD-010825,2.9,4.4,2.3,1180,7.38,5.0,2.6,Met
OPS-010491,ORD-010491,3.0,7.6,1.1,1022,12.1,5.0,1.5,Met
OPS-006191,ORD-006191,2.1,6.8,4.5,809,10.91,5.0,4.9,Met
OPS-007250,ORD-007250,3.4,5.4,3.4,483,12.87,5.0,3.8,Met
OPS-001242,ORD-001242,1.6,7.9,5.2,1539,9.49,5.0,5.6,Breached
OPS-006350,ORD-006350,1.3,7.2,4.3,983,6.85,5.0,4.7,Met
OPS-009042,ORD-009042,3.9,1.5,2.4,403,7.8,5.0,2.6,Met
OPS-005160,ORD-005160,1.1,7.7,3.6,131,6.64,5.0,4.0,Met
OPS-000389,ORD-000389,1.0,7.2,4.7,1161,10.8,5.0,5.0,Met
OPS-007141,ORD-007141,3.6,7.1,5.7,667,6.47,5.0,6.1,Breached
OPS-008226,ORD-008226,1.5,1.0,6.6,630,7.33,5.0,6.7,Breached
OPS-011803,ORD-011803,3.2,3.3,3.0,1161,13.93,5.0,3.3,Met
OPS-005094,ORD-005094,1.3,4.9,2.7,112,7.6,5.0,3.0,Met
OPS-002087,ORD-002087,1.6,5.6,4.3,1049,12.96,5.0,4.6,Met
OPS-010564,ORD-010564,3.6,6.4,6.5,667,13.75,5.0,6.9,Breached
OPS-012069,ORD-012069,1.8,5.3,1.2,1048,4.51,5.0,1.5,Met
OPS-011107,ORD-011107,1.0,5.5,3.1,388,5.56,5.0,3.4,Met
OPS-002043,ORD-002043,1.7,5.6,3.5,1842,12.05,5.0,3.8,Met
OPS-000376,ORD-000376,3.5,6.9,5.7,598,13.26,5.0,6.1,Breached
OPS-006848,ORD-006848,2.7,1.6,3.0,250,5.99,5.0,3.2,Met
OPS-003789,ORD-003789,3.2,7.1,2.9,1143,13.06,5.0,3.3,Met
OPS-008634,ORD-008634,2.2,1.6,4.0,1322,8.17,5.0,4.2,Met
OPS-000905,ORD-000905,2.8,1.4,1.8,1987,5.52,5.0,2.0,Met
OPS-003168,ORD-003168,0.9,2.0,3.5,1665,9.94,5.0,3.6,Met
OPS-012249,ORD-012249,2.7,3.9,5.3,1263,5.5,5.0,5.6,Breached
OPS-004376,ORD-004376,2.0,7.5,5.1,685,7.4,5.0,5.5,Breached
OPS-007823,ORD-007823,3.2,1.0,2.9,833,9.43,5.0,3.1,Met
OPS-004769,ORD-004769,1.8,3.9,1.2,1076,9.91,5.0,1.4,Met
OPS-006796,ORD-006796,2.0,5.4,5.2,878,10.99,5.0,5.5,Breached
OPS-002238,ORD-002238,3.9,4.1,7.0,1131,5.61,5.0,7.3,Breached
OPS-000994,ORD-000994,2.5,1.8,2.3,1313,13.17,5.0,2.5,Met
OPS-003642,ORD-003642,0.8,5.9,4.2,504,9.43,5.0,4.5,Met
OPS-009837,ORD-009837,1.0,8.0,4.1,298,6.51,5.0,4.5,Met
OPS-002686,ORD-002686,3.6,4.6,6.8,843,9.38,5.0,7.1,Breached
OPS-008916,ORD-008916,2.4,2.6,5.6,991,6.17,5.0,5.8,Breached
OPS-012298,ORD-012298,1.9,4.2,5.9,591,12.92,5.0,6.2,Breached
OPS-003278,ORD-003278,1.2,4.4,1.4,1579,11.99,5.0,1.6,Met
OPS-004056,ORD-004056,2.7,1.5,1.0,1013,4.51,5.0,1.2,Met
OPS-004793,ORD-004793,3.8,5.3,1.4,603,13.51,5.0,1.8,Met
OPS-005106,ORD-005106,3.7,5.8,6.0,613,13.23,5.0,6.4,Breached
OPS-009699,ORD-009699,2.9,4.1,1.4,1532,10.32,5.0,1.7,Met
OPS-009526,ORD-009526,2.3,2.1,2.9,1568,5.35,5.0,3.1,Met
OPS-006053,ORD-006053,3.3,7.6,5.6,1369,4.1,5.0,6.1,Breached
OPS-001324,ORD-001324,3.9,5.5,1.3,1997,7.35,5.0,1.7,Met
OPS-009053,ORD-009053,3.0,3.3,5.2,1398,8.79,5.0,5.5,Breached
OPS-011155,ORD-011155,2.7,3.2,5.0,995,9.98,5.0,5.2,Breached
OPS-010592,ORD-010592,2.5,1.0,5.7,1183,9.11,5.0,5.8,Breached
OPS-007363,ORD-007363,3.4,4.0,4.1,1743,9.35,5.0,4.4,Met
OPS-001545,ORD-001545,3.6,3.0,3.3,764,12.29,5.0,3.6,Met
OPS-010192,ORD-010192,0.7,1.5,5.5,1053,9.47,5.0,5.6,Breached
OPS-012305,ORD-012305,3.1,2.0,4.5,487,8.68,5.0,4.7,Met
OPS-011249,ORD-011249,2.0,7.6,2.7,579,10.43,5.0,3.1,Met
OPS-009327,ORD-009327,1.9,7.2,1.7,482,11.74,5.0,2.1,Met
OPS-008775,ORD-008775,1.8,3.8,4.2,686,6.56,5.0,4.4,Met
OPS-007520,ORD-007520,2.1,5.6,2.5,1493,10.75,5.0,2.8,Met
OPS-003621,ORD-003621,1.5,7.2,1.6,514,11.17,5.0,2.0,Met
OPS-009144,ORD-009144,2.2,7.4,1.2,1126,13.03,5.0,1.6,Met
OPS-003529,ORD-003529,1.4,3.7,5.5,1795,7.85,5.0,5.7,Breached
OPS-010433,ORD-010433,0.6,5.8,6.7,1914,9.02,5.0,7.0,Breached
OPS-007113,ORD-007113,3.0,1.3,1.6,1457,8.94,5.0,1.8,Met
OPS-006689,ORD-006689,3.5,3.9,4.2,594,10.06,5.0,4.5,Met
OPS-003245,ORD-003245,1.3,1.3,5.4,1937,8.49,5.0,5.5,Breached
OPS-011841,ORD-011841,2.9,3.4,2.2,674,9.14,5.0,2.5,Met
OPS-010243,ORD-010243,2.9,3.8,5.8,1027,9.62,5.0,6.1,Breached
OPS-002535,ORD-002535,3.5,5.5,4.5,1118,13.96,5.0,4.9,Met
OPS-004391,ORD-004391,0.9,2.4,3.1,838,10.26,5.0,3.2,Met
OPS-002214,ORD-002214,1.4,7.9,4.6,748,9.15,5.0,5.0,Met
OPS-010507,ORD-010507,0.5,6.2,4.6,1994,4.95,5.0,4.9,Met
OPS-000361,ORD-000361,3.6,7.7,6.7,1351,8.68,5.0,7.2,Breached
OPS-002691,ORD-002691,0.9,4.7,5.6,1441,13.58,5.0,5.8,Breached
OPS-006450,ORD-006450,2.7,3.0,3.1,1816,12.29,5.0,3.3,Met
OPS-000785,ORD-000785,1.1,2.7,2.3,1094,10.89,5.0,2.5,Met
OPS-003970,ORD-003970,0.6,2.8,6.7,745,12.2,5.0,6.8,Breached
OPS-001844,ORD-001844,1.7,2.4,5.2,1173,13.46,5.0,5.4,Breached
OPS-003405,ORD-003405,2.9,4.9,4.0,1624,10.86,5.0,4.3,Met
OPS-011585,ORD-011585,2.9,5.5,5.4,1306,9.37,5.0,5.8,Breached
OPS-000130,ORD-000130,2.9,3.0,4.0,506,13.47,5.0,4.2,Met
OPS-001248,ORD-001248,3.7,6.3,3.1,804,13.76,5.0,3.5,Met
OPS-009162,ORD-009162,3.1,1.2,2.9,1090,10.08,5.0,3.1,Met
OPS-006069,ORD-006069,1.1,4.9,5.9,1575,5.69,5.0,6.2,Breached
OPS-000730,ORD-000730,1.1,3.6,1.8,1041,13.13,5.0,2.0,Met
OPS-005128,ORD-005128,2.0,1.5,6.4,953,9.99,5.0,6.5,Breached
OPS-010784,ORD-010784,1.7,7.4,4.4,1252,5.24,5.0,4.8,Met
OPS-007681,ORD-007681,3.3,2.9,1.1,1136,7.51,5.0,1.4,Met
OPS-004745,ORD-004745,2.8,1.2,3.1,1819,11.87,5.0,3.3,Met
OPS-001990,ORD-001990,1.4,7.3,4.3,1672,6.28,5.0,4.7,Met
OPS-003793,ORD-003793,1.9,6.4,2.3,696,8.54,5.0,2.6,Met
OPS-007210,ORD-007210,2.3,4.6,4.6,1282,4.35,5.0,4.9,Met
OPS-000975,ORD-000975,3.0,4.9,3.5,372,8.84,5.0,3.8,Met
OPS-003064,ORD-003064,2.1,6.5,3.9,1245,13.75,5.0,4.3,Met
OPS-011580,ORD-011580,3.3,1.3,4.2,1102,8.07,5.0,4.4,Met
OPS-003685,ORD-003685,3.0,3.0,2.4,1098,8.53,5.0,2.6,Met
OPS-010185,ORD-010185,2.0,2.4,3.6,618,10.47,5.0,3.8,Met
OPS-001614,ORD-001614,2.3,6.2,5.5,527,13.0,5.0,5.9,Breached
OPS-005000,ORD-005000,0.6,7.9,2.7,1959,5.63,5.0,3.1,Met
OPS-011564,ORD-011564,3.4,5.6,5.7,1508,7.48,5.0,6.1,Breached
OPS-006744,ORD-006744,2.4,3.2,4.6,629,6.79,5.0,4.8,Met
OPS-003115,ORD-003115,1.7,5.2,2.4,1331,8.92,5.0,2.7,Met
OPS-003610,ORD-003610,3.7,3.5,2.9,1809,13.73,5.0,3.2,Met
OPS-005866,ORD-005866,0.7,2.9,1.5,624,4.15,5.0,1.6,Met
OPS-005359,ORD-005359,2.8,4.1,4.3,450,8.12,5.0,4.6,Met
OPS-002701,ORD-002701,3.6,3.5,5.0,1224,11.19,5.0,5.3,Breached
OPS-003676,ORD-003676,0.6,4.2,5.2,217,8.31,5.0,5.4,Breached
OPS-010946,ORD-010946,2.3,3.3,6.6,1785,8.56,5.0,6.8,Breached
OPS-010848,ORD-010848,2.7,5.4,1.3,529,5.55,5.0,1.6,Met
OPS-012061,ORD-012061,3.2,6.6,3.6,361,5.94,5.0,4.0,Met
OPS-003631,ORD-003631,1.2,3.2,2.3,962,5.71,5.0,2.5,Met
OPS-004170,ORD-004170,2.8,3.7,3.2,553,11.11,5.0,3.5,Met
OPS-010485,ORD-010485,2.7,7.3,3.3,124,6.09,5.0,3.7,Met
OPS-006730,ORD-006730,1.3,5.8,4.5,120,11.73,5.0,4.8,Met
OPS-007582,ORD-007582,0.8,3.8,4.6,868,9.74,5.0,4.8,Met
OPS-011732,ORD-011732,2.1,3.9,4.4,1771,11.87,5.0,4.7,Met
OPS-003505,ORD-003505,0.8,1.1,6.8,1881,5.53,5.0,6.9,Breached
OPS-002385,ORD-002385,0.9,7.2,3.2,573,5.33,5.0,3.5,Met
OPS-007309,ORD-007309,3.8,3.0,5.0,415,13.45,5.0,5.3,Breached
OPS-005633,ORD-005633,1.4,3.4,2.7,1696,7.55,5.0,2.9,Met
OPS-002249,ORD-002249,3.1,1.6,5.3,1495,9.39,5.0,5.5,Breached
OPS-011110,ORD-011110,1.8,2.5,4.5,356,12.29,5.0,4.7,Met
OPS-002422,ORD-002422,3.5,1.5,1.2,1708,10.58,5.0,1.4,Met
OPS-004640,ORD-004640,2.4,6.4,3.6,1694,5.17,5.0,4.0,Met
OPS-008172,ORD-008172,3.9,1.5,4.8,1421,10.53,5.0,5.0,Met
OPS-007277,ORD-007277,0.7,3.8,3.5,540,5.53,5.0,3.7,Met
OPS-007991,ORD-007991,3.1,6.0,5.5,1269,6.96,5.0,5.9,Breached
OPS-009098,ORD-009098,3.9,4.8,3.7,1921,12.47,5.0,4.1,Met
OPS-004487,ORD-004487,2.1,4.2,3.9,1482,13.11,5.0,4.2,Met
OPS-003877,ORD-003877,0.5,3.9,2.4,1625,5.2,5.0,2.6,Met
OPS-002853,ORD-002853,2.3,1.5,5.0,425,11.61,5.0,5.2,Breached
OPS-010837,ORD-010837,3.5,5.0,3.1,814,12.61,5.0,3.5,Met
OPS-000359,ORD-000359,2.7,5.2,4.4,168,5.33,5.0,4.7,Met
OPS-003190,ORD-003190,2.9,6.8,3.6,815,6.41,5.0,4.0,Met
OPS-005899,ORD-005899,1.0,2.0,1.4,1237,6.91,5.0,1.5,Met
OPS-008757,ORD-008757,3.2,4.8,2.2,679,12.56,5.0,2.5,Met
OPS-002757,ORD-002757,1.5,2.3,4.2,869,7.51,5.0,4.4,Met
OPS-000035,ORD-000035,1.9,4.0,3.3,1013,10.24,5.0,3.5,Met
OPS-002942,ORD-002942,1.5,5.0,3.4,785,7.64,5.0,3.7,Met
OPS-001284,ORD-001284,2.1,4.0,6.5,780,13.12,5.0,6.8,Breached
OPS-000807,ORD-000807,2.3,3.3,5.9,1282,11.33,5.0,6.1,Breached
OPS-008040,ORD-008040,0.9,2.1,2.8,1693,11.33,5.0,2.9,Met
OPS-006429,ORD-006429,1.3,6.8,5.3,860,6.44,5.0,5.6,Breached
OPS-011843,ORD-011843,3.8,1.2,2.9,664,9.95,5.0,3.1,Met
OPS-008323,ORD-008323,1.9,7.0,5.4,558,6.9,5.0,5.8,Breached
OPS-004696,ORD-004696,2.2,7.4,3.6,1333,10.89,5.0,4.0,Met
OPS-004183,ORD-004183,1.9,3.7,2.2,192,5.79,5.0,2.4,Met
OPS-007905,ORD-007905,0.6,3.5,6.9,1197,7.93,5.0,7.1,Breached
OPS-004516,ORD-004516,2.0,5.0,1.5,1476,13.98,5.0,1.8,Met
OPS-003808,ORD-003808,0.8,6.3,4.3,407,11.09,5.0,4.6,Met
OPS-012218,ORD-012218,2.4,5.9,5.2,342,4.95,5.0,5.5,Breached
OPS-002608,ORD-002608,4.0,1.9,5.3,659,5.99,5.0,5.5,Breached
OPS-008154,ORD-008154,2.0,5.3,5.6,764,12.73,5.0,5.9,Breached
OPS-008152,ORD-008152,2.6,6.8,2.5,1000,6.25,5.0,2.9,Met
OPS-004653,ORD-004653,2.0,5.1,4.1,1552,11.0,5.0,4.4,Met
OPS-006236,ORD-006236,3.6,1.2,1.2,1730,11.33,5.0,1.4,Met
OPS-012086,ORD-012086,3.0,7.9,4.1,1534,9.17,5.0,4.6,Met
OPS-004633,ORD-004633,1.6,4.4,5.8,1955,8.12,5.0,6.0,Breached
OPS-009056,ORD-009056,3.5,5.2,4.5,886,9.49,5.0,4.9,Met
OPS-001962,ORD-001962,1.7,4.2,4.3,913,12.0,5.0,4.5,Met
OPS-002968,ORD-002968,3.2,5.7,5.3,1999,12.88,5.0,5.7,Breached
OPS-006368,ORD-006368,3.2,7.5,2.4,391,11.57,5.0,2.8,Met
OPS-002931,ORD-002931,1.2,6.3,7.0,1162,12.14,5.0,7.3,Breached
OPS-001020,ORD-001020,3.8,6.8,2.6,1745,12.41,5.0,3.0,Met
OPS-007557,ORD-007557,0.6,5.0,6.5,1201,13.53,5.0,6.7,Breached
OPS-011431,ORD-011431,3.2,5.6,5.0,1011,13.39,5.0,5.4,Breached
OPS-006014,ORD-006014,3.2,6.4,3.2,1062,10.83,5.0,3.6,Met
OPS-004148,ORD-004148,1.8,2.7,5.6,1650,7.83,5.0,5.8,Breached
OPS-010297,ORD-010297,2.4,5.7,4.0,118,4.86,5.0,4.3,Met
OPS-011341,ORD-011341,3.3,3.3,6.1,667,8.71,5.0,6.4,Breached
OPS-003127,ORD-003127,0.8,1.8,4.4,274,8.74,5.0,4.5,Met
OPS-004014,ORD-004014,2.9,7.4,2.3,1826,6.91,5.0,2.7,Met
OPS-011374,ORD-011374,3.7,2.1,5.1,545,12.16,5.0,5.3,Breached
OPS-012173,ORD-012173,4.0,3.3,3.6,1101,4.71,5.0,3.9,Met
OPS-003083,ORD-003083,1.7,6.5,2.2,1815,10.48,5.0,2.5,Met
OPS-008773,ORD-008773,2.6,2.9,1.9,389,5.55,5.0,2.1,Met
OPS-003257,ORD-003257,0.5,3.1,1.1,1189,10.31,5.0,1.2,Met
OPS-002661,ORD-002661,1.2,1.1,3.4,181,12.7,5.0,3.5,Met
OPS-001673,ORD-001673,2.9,3.0,1.1,363,10.56,5.0,1.3,Met
OPS-011689,ORD-011689,2.5,4.1,1.2,1069,8.41,5.0,1.5,Met
OPS-007855,ORD-007855,3.2,4.9,3.7,1727,5.94,5.0,4.0,Met
OPS-006114,ORD-006114,1.4,5.8,6.9,1035,10.72,5.0,7.2,Breached
OPS-008518,ORD-008518,2.9,3.1,3.7,1704,11.33,5.0,4.0,Met
OPS-004661,ORD-004661,0.5,5.7,2.3,952,11.42,5.0,2.6,Met
OPS-011273,ORD-011273,4.0,8.0,1.8,1448,10.85,5.0,2.3,Met
OPS-001201,ORD-001201,3.7,5.2,5.7,607,4.19,5.0,6.1,Breached
OPS-011802,ORD-011802,3.9,3.7,3.8,863,11.79,5.0,4.1,Met
OPS-009368,ORD-009368,0.5,7.0,2.5,830,11.17,5.0,2.8,Met
OPS-005984,ORD-005984,3.8,4.2,2.1,1991,11.53,5.0,2.4,Met
OPS-006541,ORD-006541,3.8,2.9,5.9,468,4.39,5.0,6.2,Breached
OPS-005361,ORD-005361,0.7,2.1,4.6,731,8.11,5.0,4.7,Met
OPS-003754,ORD-003754,2.4,3.4,1.3,1185,9.15,5.0,1.5,Met
OPS-008437,ORD-008437,1.2,6.8,3.0,1678,10.21,5.0,3.3,Met
OPS-011654,ORD-011654,2.0,7.9,6.8,758,8.28,5.0,7.2,Breached
OPS-012175,ORD-012175,2.1,2.3,1.0,488,7.74,5.0,1.2,Met
OPS-005174,ORD-005174,2.3,7.8,6.6,1528,6.14,5.0,7.0,Breached
OPS-004971,ORD-004971,0.7,7.9,6.4,131,6.61,5.0,6.8,Breached
OPS-009171,ORD-009171,1.8,6.6,6.5,1829,6.97,5.0,6.8,Breached
OPS-009595,ORD-009595,0.8,3.6,1.2,911,10.81,5.0,1.4,Met
OPS-012290,ORD-012290,0.9,5.1,6.8,890,4.05,5.0,7.0,Breached
OPS-010548,ORD-010548,0.7,6.8,5.8,416,7.84,5.0,6.1,Breached
OPS-009245,ORD-009245,2.2,5.4,1.1,919,8.13,5.0,1.4,Met
OPS-006307,ORD-006307,3.8,4.3,4.1,431,5.28,5.0,4.4,Met
OPS-010302,ORD-010302,1.8,5.4,1.2,836,7.22,5.0,1.5,Met
OPS-004496,ORD-004496,3.2,3.1,6.4,1797,13.89,5.0,6.7,Breached
OPS-008086,ORD-008086,3.8,4.8,1.3,1112,5.89,5.0,1.7,Met
OPS-004155,ORD-004155,3.9,7.2,3.8,1427,8.36,5.0,4.3,Met
OPS-012220,ORD-012220,1.4,6.5,6.1,717,9.22,5.0,6.4,Breached
OPS-011754,ORD-011754,0.9,1.8,5.3,590,4.39,5.0,5.4,Breached
OPS-010658,ORD-010658,2.3,2.1,4.5,1528,10.3,5.0,4.7,Met
OPS-004686,ORD-004686,1.2,6.0,1.1,752,11.75,5.0,1.4,Met
OPS-005763,ORD-005763,2.3,2.1,3.0,347,11.12,5.0,3.2,Met
OPS-000448,ORD-000448,2.5,3.4,4.6,474,13.77,5.0,4.8,Met
OPS-011275,ORD-011275,3.1,2.5,3.8,1643,13.43,5.0,4.0,Met
OPS-000574,ORD-000574,3.5,2.8,5.0,778,13.77,5.0,5.3,Breached
OPS-007987,ORD-007987,1.3,4.3,6.8,177,11.65,5.0,7.0,Breached
OPS-011814,ORD-011814,0.9,5.3,2.5,1431,9.29,5.0,2.8,Met
OPS-000858,ORD-000858,2.9,7.9,5.7,1137,13.05,5.0,6.2,Breached
OPS-006831,ORD-006831,1.5,2.2,2.0,1377,4.28,5.0,2.2,Met
OPS-003622,ORD-003622,1.4,5.3,6.7,531,6.56,5.0,7.0,Breached
OPS-005828,ORD-005828,4.0,2.0,3.2,703,13.96,5.0,3.5,Met
OPS-004405,ORD-004405,0.6,4.1,3.2,1590,9.15,5.0,3.4,Met
OPS-004654,ORD-004654,1.6,7.6,3.4,186,11.98,5.0,3.8,Met
OPS-000007,ORD-000007,1.0,2.6,5.0,1088,6.5,5.0,5.2,Breached
OPS-009632,ORD-009632,2.9,6.6,1.7,224,13.8,5.0,2.1,Met
OPS-004237,ORD-004237,1.1,3.5,5.9,1610,9.03,5.0,6.1,Breached
OPS-003366,ORD-003366,0.8,7.9,5.4,398,12.82,5.0,5.8,Breached
OPS-005757,ORD-005757,4.0,3.0,6.3,533,5.76,5.0,6.6,Breached
OPS-001468,ORD-001468,3.0,3.7,6.3,1304,7.4,5.0,6.6,Breached
OPS-003901,ORD-003901,1.1,6.9,2.6,1338,6.23,5.0,2.9,Met
OPS-010060,ORD-010060,2.2,2.3,6.1,1433,11.26,5.0,6.3,Breached
OPS-005788,ORD-005788,2.4,3.7,5.3,1446,7.63,5.0,5.6,Breached
OPS-005585,ORD-005585,2.7,2.2,2.0,1708,10.2,5.0,2.2,Met
OPS-004159,ORD-004159,3.9,3.1,2.0,883,7.88,5.0,2.3,Met
OPS-004411,ORD-004411,1.0,4.6,4.1,411,5.23,5.0,4.3,Met
OPS-005263,ORD-005263,0.5,7.0,1.6,1669,13.21,5.0,1.9,Met
OPS-010211,ORD-010211,2.6,4.1,4.0,473,4.4,5.0,4.3,Met
OPS-004815,ORD-004815,2.2,7.8,1.2,278,10.9,5.0,1.6,Met
OPS-009947,ORD-009947,2.0,1.6,3.2,1890,13.71,5.0,3.4,Met
OPS-001992,ORD-001992,3.4,7.1,1.9,316,12.95,5.0,2.3,Met
OPS-006656,ORD-006656,2.3,6.8,2.5,961,8.14,5.0,2.9,Met
OPS-011985,ORD-011985,0.5,5.9,5.5,1058,9.3,5.0,5.8,Breached
OPS-001977,ORD-001977,1.1,2.6,4.7,418,10.78,5.0,4.9,Met
OPS-001442,ORD-001442,0.9,2.1,1.1,1967,8.87,5.0,1.2,Met
OPS-009525,ORD-009525,1.7,7.9,2.8,364,9.2,5.0,3.2,Met
OPS-005552,ORD-005552,1.2,6.9,4.1,1558,8.51,5.0,4.4,Met
OPS-003700,ORD-003700,2.1,6.2,3.7,1275,7.24,5.0,4.0,Met
OPS-000419,ORD-000419,1.4,4.0,3.6,982,5.02,5.0,3.8,Met
OPS-002984,ORD-002984,3.2,7.8,5.6,1303,12.59,5.0,6.1,Breached
OPS-002009,ORD-002009,3.4,5.6,3.4,1415,11.24,5.0,3.8,Met
OPS-002943,ORD-002943,1.9,2.7,6.5,1413,5.77,5.0,6.7,Breached
OPS-006718,ORD-006718,3.5,2.9,1.8,619,9.95,5.0,2.1,Met
OPS-011712,ORD-011712,0.9,8.0,5.4,1969,10.13,5.0,5.8,Breached
OPS-011504,ORD-011504,2.2,4.6,6.1,1057,9.55,5.0,6.4,Breached
OPS-011484,ORD-011484,3.6,5.4,5.9,444,6.05,5.0,6.3,Breached
OPS-005654,ORD-005654,3.6,4.4,4.4,222,11.66,5.0,4.7,Met
OPS-012498,ORD-012498,2.1,1.3,4.0,608,4.42,5.0,4.1,Met
OPS-003053,ORD-003053,1.9,6.0,2.4,1064,9.38,5.0,2.7,Met
OPS-011896,ORD-011896,0.8,5.5,3.4,1857,11.76,5.0,3.7,Met
OPS-003349,ORD-003349,2.5,1.1,4.3,1144,11.78,5.0,4.5,Met
OPS-010727,ORD-010727,1.3,7.0,5.5,249,9.91,5.0,5.8,Breached
OPS-007664,ORD-007664,0.8,3.7,5.3,768,11.24,5.0,5.5,Breached
OPS-009018,ORD-009018,0.7,2.9,2.4,335,6.6,5.0,2.5,Met
OPS-004754,ORD-004754,3.2,1.5,7.0,519,12.23,5.0,7.2,Breached
OPS-011868,ORD-011868,3.3,3.0,1.1,1825,11.75,5.0,1.4,Met
OPS-002845,ORD-002845,4.0,1.9,3.9,1190,4.44,5.0,4.1,Met
OPS-004922,ORD-004922,2.9,1.4,4.9,190,5.45,5.0,5.1,Breached
OPS-004901,ORD-004901,0.9,5.4,6.3,246,10.34,5.0,6.6,Breached
OPS-000204,ORD-000204,3.4,7.9,5.6,1058,6.11,5.0,6.1,Breached
OPS-006446,ORD-006446,3.0,3.0,5.9,1074,11.94,5.0,6.2,Breached
OPS-005924,ORD-005924,2.0,5.1,3.4,482,8.72,5.0,3.7,Met
OPS-008281,ORD-008281,1.1,5.3,2.9,287,10.47,5.0,3.2,Met
OPS-005712,ORD-005712,2.4,1.2,3.4,1479,7.72,5.0,3.5,Met
OPS-002359,ORD-002359,3.5,3.1,4.1,918,6.15,5.0,4.4,Met
OPS-011405,ORD-011405,1.3,5.1,6.7,286,13.54,5.0,7.0,Breached
OPS-005676,ORD-005676,2.7,6.0,3.1,308,5.59,5.0,3.5,Met
OPS-000815,ORD-000815,4.0,6.2,2.7,1260,13.68,5.0,3.1,Met
OPS-003236,ORD-003236,3.1,2.3,4.8,487,8.4,5.0,5.0,Met
OPS-007509,ORD-007509,2.1,6.1,2.5,394,12.56,5.0,2.8,Met
OPS-011581,ORD-011581,2.4,1.5,2.0,1851,10.5,5.0,2.2,Met
OPS-009949,ORD-009949,2.9,4.6,4.2,1168,12.58,5.0,4.5,Met
OPS-006273,ORD-006273,3.5,5.1,2.1,1558,13.22,5.0,2.5,Met
OPS-010426,ORD-010426,1.7,1.9,6.9,1081,10.12,5.0,7.1,Breached
OPS-003624,ORD-003624,1.3,6.3,2.4,500,10.55,5.0,2.7,Met
OPS-011169,ORD-011169,2.0,6.3,1.0,1606,12.71,5.0,1.3,Met
OPS-008477,ORD-008477,2.9,3.7,1.2,689,9.92,5.0,1.5,Met
OPS-007983,ORD-007983,1.5,2.1,5.2,914,6.8,5.0,5.4,Breached
OPS-007457,ORD-007457,1.4,2.5,3.8,198,10.67,5.0,4.0,Met
OPS-005353,ORD-005353,0.6,2.7,2.6,1930,10.14,5.0,2.7,Met
OPS-004600,ORD-004600,2.2,6.3,2.7,1652,7.86,5.0,3.1,Met
OPS-004190,ORD-004190,0.7,5.3,3.4,1079,6.18,5.0,3.6,Met
OPS-010407,ORD-010407,1.1,4.1,4.8,513,7.66,5.0,5.0,Met
OPS-011261,ORD-011261,0.9,1.9,2.6,1487,11.48,5.0,2.7,Met
OPS-011959,ORD-011959,3.7,1.0,4.9,1250,13.15,5.0,5.1,Breached
OPS-011956,ORD-011956,3.1,1.5,3.4,109,10.16,5.0,3.6,Met
OPS-000034,ORD-000034,3.4,1.2,5.7,1495,10.82,5.0,5.9,Breached
OPS-006785,ORD-006785,3.4,7.7,5.1,671,10.01,5.0,5.6,Breached
OPS-001680,ORD-001680,3.2,2.7,4.5,1395,13.42,5.0,4.7,Met
OPS-002070,ORD-002070,1.5,3.7,2.8,1405,7.69,5.0,3.0,Met
OPS-003686,ORD-003686,0.8,1.5,6.1,551,13.28,5.0,6.2,Breached
OPS-011475,ORD-011475,2.6,7.6,2.6,997,6.12,5.0,3.0,Met
OPS-010603,ORD-010603,3.2,2.2,1.3,1680,5.21,5.0,1.5,Met
OPS-000469,ORD-000469,3.1,6.6,2.7,1054,8.82,5.0,3.1,Met
OPS-009429,ORD-009429,2.2,1.5,3.4,1077,10.62,5.0,3.6,Met
OPS-009282,ORD-009282,2.1,1.9,2.3,859,11.02,5.0,2.5,Met
OPS-008113,ORD-008113,2.3,5.6,3.9,638,6.18,5.0,4.2,Met
OPS-001204,ORD-001204,2.2,3.9,1.4,1055,4.08,5.0,1.7,Met
OPS-004341,ORD-004341,2.1,7.8,6.7,1582,6.71,5.0,7.1,Breached
OPS-006412,ORD-006412,1.8,3.6,6.2,1550,5.8,5.0,6.4,Breached
OPS-009759,ORD-009759,3.7,1.6,2.1,799,7.63,5.0,2.3,Met
OPS-000892,ORD-000892,3.1,7.9,2.4,1606,8.55,5.0,2.9,Met
OPS-010379,ORD-010379,3.1,3.0,6.6,290,12.4,5.0,6.9,Breached
OPS-006501,ORD-006501,2.6,5.9,1.5,530,4.77,5.0,1.9,Met
OPS-010797,ORD-010797,2.7,7.7,6.8,1380,12.58,5.0,7.2,Breached
OPS-000618,ORD-000618,3.9,1.8,1.6,389,6.19,5.0,1.8,Met
OPS-004107,ORD-004107,1.8,7.4,3.9,116,9.52,5.0,4.3,Met
OPS-005329,ORD-005329,1.9,2.8,5.5,1765,10.41,5.0,5.7,Breached
OPS-010205,ORD-010205,2.3,3.7,5.7,1982,12.93,5.0,6.0,Breached
OPS-009820,ORD-009820,4.0,2.2,5.5,1296,9.49,5.0,5.8,Breached
OPS-006716,ORD-006716,3.7,1.8,4.2,762,9.49,5.0,4.4,Met
OPS-001715,ORD-001715,3.2,1.9,4.3,1671,6.65,5.0,4.5,Met
OPS-003216,ORD-003216,2.4,5.0,1.1,1997,4.32,5.0,1.4,Met
OPS-000454,ORD-000454,3.4,7.9,5.2,171,11.75,5.0,5.7,Breached
OPS-009773,ORD-009773,1.3,3.3,4.6,1535,7.55,5.0,4.8,Met
OPS-011208,ORD-011208,2.8,3.2,3.0,1251,6.56,5.0,3.2,Met
OPS-012151,ORD-012151,2.8,7.0,4.4,737,9.54,5.0,4.8,Met
OPS-006344,ORD-006344,1.9,6.5,5.0,248,8.58,5.0,5.3,Breached
OPS-008329,ORD-008329,2.7,1.1,2.6,274,8.03,5.0,2.8,Met
OPS-009224,ORD-009224,3.1,5.5,3.5,904,8.15,5.0,3.9,Met
OPS-009982,ORD-009982,3.0,5.4,4.8,211,10.67,5.0,5.1,Breached
OPS-010499,ORD-010499,0.5,4.6,4.4,435,4.7,5.0,4.6,Met
OPS-008095,ORD-008095,1.7,2.8,3.4,1785,9.68,5.0,3.6,Met
OPS-002339,ORD-002339,1.2,5.7,2.9,776,12.61,5.0,3.2,Met
OPS-001771,ORD-001771,3.8,5.4,5.7,682,12.39,5.0,6.1,Breached
OPS-006800,ORD-006800,3.3,5.8,5.9,1635,13.61,5.0,6.3,Breached
OPS-012034,ORD-012034,1.6,5.4,6.6,1724,11.9,5.0,6.9,Breached
OPS-001038,ORD-001038,1.3,1.4,2.3,856,7.39,5.0,2.4,Met
OPS-005406,ORD-005406,1.8,5.4,4.9,1610,10.66,5.0,5.2,Breached
OPS-005748,ORD-005748,2.2,6.2,4.1,936,9.4,5.0,4.4,Met
OPS-000621,ORD-000621,3.7,2.8,1.9,1081,10.09,5.0,2.2,Met
OPS-000945,ORD-000945,2.5,6.9,3.4,408,10.87,5.0,3.8,Met
OPS-010539,ORD-010539,3.3,3.9,1.8,334,11.95,5.0,2.1,Met
OPS-010459,ORD-010459,1.5,5.5,3.7,1598,9.01,5.0,4.0,Met
OPS-009419,ORD-009419,3.4,4.6,5.8,895,4.32,5.0,6.1,Breached
OPS-010460,ORD-010460,3.5,7.6,5.9,116,10.29,5.0,6.4,Breached
OPS-001662,ORD-001662,2.5,1.0,5.6,1748,7.96,5.0,5.7,Breached
OPS-009284,ORD-009284,1.7,6.4,4.5,1467,4.81,5.0,4.8,Met
OPS-006671,ORD-006671,1.5,2.3,6.4,1432,9.5,5.0,6.6,Breached
OPS-000779,ORD-000779,2.7,2.1,1.3,302,8.73,5.0,1.5,Met
OPS-000792,ORD-000792,2.9,3.4,1.5,613,12.7,5.0,1.8,Met
OPS-010544,ORD-010544,2.9,3.8,6.7,327,11.16,5.0,7.0,Breached
OPS-002858,ORD-002858,3.7,4.7,1.3,1891,10.68,5.0,1.6,Met
OPS-003819,ORD-003819,2.1,4.2,4.1,1389,13.22,5.0,4.4,Met
OPS-012242,ORD-012242,1.1,6.1,5.7,534,7.99,5.0,6.0,Breached
OPS-006013,ORD-006013,1.5,1.5,6.6,581,11.35,5.0,6.7,Breached
OPS-007060,ORD-007060,1.4,4.0,5.5,1696,13.99,5.0,5.7,Breached
OPS-008100,ORD-008100,1.8,2.4,3.2,1910,8.1,5.0,3.4,Met
OPS-003552,ORD-003552,1.0,6.0,3.3,593,10.89,5.0,3.6,Met
OPS-008944,ORD-008944,4.0,5.9,3.1,1536,8.33,5.0,3.5,Met
OPS-009054,ORD-009054,3.8,7.9,6.1,1748,7.81,5.0,6.6,Breached
OPS-010614,ORD-010614,0.5,5.7,2.2,1466,9.5,5.0,2.5,Met
OPS-010238,ORD-010238,3.4,5.6,3.0,651,7.74,5.0,3.4,Met
OPS-012066,ORD-012066,3.5,5.7,6.1,2000,12.08,5.0,6.5,Breached
OPS-008725,ORD-008725,1.9,7.1,3.7,1067,9.16,5.0,4.1,Met
OPS-000001,ORD-000001,0.8,3.9,6.5,588,12.83,5.0,6.7,Breached
OPS-005084,ORD-005084,2.2,4.5,2.0,1929,11.59,5.0,2.3,Met
OPS-002517,ORD-002517,3.1,4.0,4.1,863,9.7,5.0,4.4,Met
OPS-007859,ORD-007859,1.9,6.4,5.6,1792,5.91,5.0,5.9,Breached
OPS-000967,ORD-000967,1.1,7.1,1.9,776,8.0,5.0,2.2,Met
OPS-006558,ORD-006558,1.1,2.0,6.4,386,5.29,5.0,6.5,Breached
OPS-008478,ORD-008478,1.9,5.4,5.7,1445,11.2,5.0,6.0,Breached
OPS-006205,ORD-006205,1.2,7.8,4.0,1364,13.2,5.0,4.4,Met
OPS-007002,ORD-007002,1.0,7.0,4.1,1046,8.86,5.0,4.4,Met
OPS-008600,ORD-008600,2.8,3.4,6.8,125,4.68,5.0,7.1,Breached
OPS-000911,ORD-000911,1.7,5.8,6.9,1058,10.0,5.0,7.2,Breached
OPS-012269,ORD-012269,1.8,1.0,6.6,1599,13.99,5.0,6.7,Breached
OPS-011670,ORD-011670,2.2,7.2,1.7,363,11.29,5.0,2.1,Met
OPS-007962,ORD-007962,2.8,1.8,5.3,511,7.06,5.0,5.5,Breached
OPS-005158,ORD-005158,3.3,5.1,1.4,1543,10.87,5.0,1.8,Met
OPS-011914,ORD-011914,2.7,6.3,5.5,362,13.22,5.0,5.9,Breached
OPS-001475,ORD-001475,2.3,1.5,3.1,949,13.36,5.0,3.3,Met
OPS-011683,ORD-011683,3.9,2.4,6.4,897,13.54,5.0,6.7,Breached
OPS-001969,ORD-001969,0.6,5.9,2.2,1020,4.25,5.0,2.5,Met
OPS-005732,ORD-005732,1.9,7.3,1.8,1867,8.26,5.0,2.2,Met
OPS-006627,ORD-006627,2.1,4.5,2.3,981,11.38,5.0,2.6,Met
OPS-006993,ORD-006993,3.8,1.9,4.5,239,11.25,5.0,4.7,Met
OPS-006976,ORD-006976,0.6,5.9,5.7,1580,8.01,5.0,6.0,Breached
OPS-005444,ORD-005444,3.7,6.2,4.6,1810,7.82,5.0,5.0,Met
OPS-010585,ORD-010585,3.7,1.1,6.6,1504,6.17,5.0,6.8,Breached
OPS-007977,ORD-007977,0.8,3.0,1.5,1123,12.23,5.0,1.7,Met
OPS-002782,ORD-002782,1.2,1.6,4.5,1310,11.89,5.0,4.6,Met
OPS-002947,ORD-002947,0.8,6.6,1.4,1383,7.62,5.0,1.7,Met
OPS-008760,ORD-008760,2.8,4.6,6.6,709,9.0,5.0,6.9,Breached
OPS-010257,ORD-010257,3.1,4.4,4.7,1986,12.06,5.0,5.0,Met
OPS-001970,ORD-001970,1.6,3.9,4.0,806,4.39,5.0,4.2,Met
OPS-011166,ORD-011166,3.0,3.4,5.4,210,8.71,5.0,5.7,Breached
OPS-008346,ORD-008346,1.0,7.8,2.0,1754,9.35,5.0,2.4,Met
OPS-004094,ORD-004094,0.8,6.0,6.8,159,7.16,5.0,7.1,Breached
OPS-000641,ORD-000641,3.7,4.4,3.9,776,4.09,5.0,4.2,Met
OPS-009891,ORD-009891,3.0,6.1,2.1,1307,4.4,5.0,2.5,Met
OPS-011534,ORD-011534,0.5,4.2,5.1,1027,6.51,5.0,5.3,Breached
OPS-001215,ORD-001215,1.5,1.8,4.4,940,6.53,5.0,4.5,Met
OPS-009088,ORD-009088,3.0,7.6,3.5,475,12.57,5.0,3.9,Met
OPS-002616,ORD-002616,3.8,7.1,4.1,1885,9.64,5.0,4.6,Met
OPS-009156,ORD-009156,1.6,6.5,2.5,1364,9.57,5.0,2.8,Met
OPS-001533,ORD-001533,1.3,1.2,1.9,331,5.92,5.0,2.0,Met
OPS-011558,ORD-011558,3.0,1.4,5.6,394,11.59,5.0,5.8,Breached
OPS-006526,ORD-006526,2.0,4.4,3.8,1611,9.3,5.0,4.1,Met
OPS-011245,ORD-011245,0.9,1.9,6.4,289,13.6,5.0,6.5,Breached
OPS-004474,ORD-004474,2.1,1.1,6.6,650,7.27,5.0,6.7,Breached
OPS-000103,ORD-000103,2.6,7.6,4.4,377,10.26,5.0,4.8,Met
OPS-010738,ORD-010738,3.6,2.6,2.6,994,13.26,5.0,2.9,Met
OPS-003163,ORD-003163,3.3,5.6,2.4,626,4.98,5.0,2.8,Met
OPS-005090,ORD-005090,2.7,6.7,5.3,1090,10.91,5.0,5.7,Breached
OPS-003203,ORD-003203,1.4,1.9,4.9,273,9.0,5.0,5.0,Met
OPS-001974,ORD-001974,1.9,5.6,5.8,1676,11.66,5.0,6.1,Breached
OPS-006784,ORD-006784,3.0,4.9,3.0,418,13.86,5.0,3.3,Met
OPS-003383,ORD-003383,3.4,7.7,1.1,634,4.4,5.0,1.6,Met
OPS-008497,ORD-008497,1.3,5.5,3.5,1915,13.16,5.0,3.8,Met
OPS-000077,ORD-000077,2.3,4.5,5.5,968,13.89,5.0,5.8,Breached
OPS-006296,ORD-006296,1.0,5.0,2.7,330,8.64,5.0,3.0,Met
OPS-007979,ORD-007979,2.4,3.4,2.5,672,11.6,5.0,2.7,Met
OPS-006942,ORD-006942,2.6,2.7,3.1,450,5.55,5.0,3.3,Met
OPS-004973,ORD-004973,0.5,4.3,4.9,519,12.76,5.0,5.1,Breached
OPS-001292,ORD-001292,0.8,3.6,2.9,1983,13.23,5.0,3.1,Met
OPS-005573,ORD-005573,3.4,1.4,3.6,1271,12.66,5.0,3.8,Met
OPS-000236,ORD-000236,1.4,4.3,3.8,1765,8.3,5.0,4.0,Met
OPS-012093,ORD-012093,3.2,7.7,2.4,1465,6.07,5.0,2.9,Met
OPS-008365,ORD-008365,0.9,5.9,2.2,1197,9.61,5.0,2.5,Met
OPS-003636,ORD-003636,3.1,6.8,1.4,1806,13.27,5.0,1.8,Met
OPS-001197,ORD-001197,2.3,4.9,2.5,1600,8.63,5.0,2.8,Met
OPS-010269,ORD-010269,0.6,7.2,2.8,849,9.79,5.0,3.1,Met
OPS-001058,ORD-001058,1.4,6.2,1.3,1266,6.2,5.0,1.6,Met
OPS-004298,ORD-004298,3.4,7.2,5.8,791,13.44,5.0,6.2,Breached
OPS-004763,ORD-004763,1.3,6.4,2.5,704,5.51,5.0,2.8,Met
OPS-004623,ORD-004623,2.4,1.4,1.5,1744,9.54,5.0,1.7,Met
OPS-004465,ORD-004465,3.8,5.3,3.1,1083,8.87,5.0,3.5,Met
OPS-007917,ORD-007917,1.9,1.4,5.3,732,12.79,5.0,5.4,Breached
OPS-002392,ORD-002392,3.1,3.8,4.5,266,13.82,5.0,4.8,Met
OPS-008355,ORD-008355,3.9,7.4,2.6,639,7.54,5.0,3.1,Met
OPS-008895,ORD-008895,0.5,4.1,6.6,1647,13.11,5.0,6.8,Breached
OPS-006254,ORD-006254,0.6,5.4,1.4,292,11.85,5.0,1.6,Met
OPS-000190,ORD-000190,3.8,2.1,5.8,1373,5.33,5.0,6.0,Breached
OPS-000423,ORD-000423,4.0,2.7,4.5,235,4.15,5.0,4.8,Met
OPS-009124,ORD-009124,3.8,6.6,6.1,1058,7.6,5.0,6.5,Breached
OPS-005761,ORD-005761,1.8,3.8,6.3,1897,13.87,5.0,6.5,Breached
OPS-000004,ORD-000004,1.3,4.9,3.9,1220,4.47,5.0,4.2,Met
OPS-008806,ORD-008806,1.8,6.7,1.4,1745,12.51,5.0,1.8,Met
OPS-009026,ORD-009026,3.5,6.0,4.1,466,12.91,5.0,4.5,Met
OPS-000633,ORD-000633,3.1,2.0,6.2,140,13.31,5.0,6.4,Breached
OPS-012490,ORD-012490,1.4,1.2,4.9,1098,11.12,5.0,5.0,Met
OPS-000390,ORD-000390,1.5,2.5,5.4,1243,4.71,5.0,5.6,Breached
OPS-003736,ORD-003736,1.8,6.5,2.3,1787,12.19,5.0,2.6,Met
OPS-006971,ORD-006971,2.6,2.4,4.7,1331,4.93,5.0,4.9,Met
OPS-000957,ORD-000957,3.9,4.3,4.8,832,6.34,5.0,5.1,Breached
OPS-010321,ORD-010321,2.2,2.4,5.1,430,9.33,5.0,5.3,Breached
OPS-008415,ORD-008415,3.0,3.5,3.3,1207,6.21,5.0,3.6,Met
OPS-007517,ORD-007517,2.5,2.1,3.5,1474,5.55,5.0,3.7,Met
OPS-005545,ORD-005545,1.3,6.1,5.8,1809,6.96,5.0,6.1,Breached
OPS-005597,ORD-005597,3.7,6.6,2.5,1253,13.65,5.0,2.9,Met
OPS-000528,ORD-000528,2.8,3.2,3.3,789,4.72,5.0,3.5,Met
OPS-004346,ORD-004346,0.6,7.8,6.8,466,8.04,5.0,7.1,Breached
OPS-001335,ORD-001335,1.1,2.3,3.9,981,8.4,5.0,4.0,Met
OPS-003911,ORD-003911,3.4,6.8,2.2,172,12.28,5.0,2.6,Met
OPS-002673,ORD-002673,2.9,1.8,6.5,1519,5.91,5.0,6.7,Breached
OPS-008811,ORD-008811,3.2,6.2,5.0,1198,10.58,5.0,5.4,Breached
OPS-008850,ORD-008850,3.8,2.3,1.5,1193,7.25,5.0,1.8,Met
OPS-000509,ORD-000509,2.4,3.5,6.8,1501,4.31,5.0,7.0,Breached
OPS-009506,ORD-009506,2.5,5.2,5.7,883,11.03,5.0,6.0,Breached
OPS-003984,ORD-003984,1.5,6.0,3.1,1347,7.88,5.0,3.4,Met
OPS-003565,ORD-003565,1.1,2.5,4.1,457,11.82,5.0,4.2,Met
OPS-001012,ORD-001012,0.8,2.1,6.8,493,8.97,5.0,6.9,Breached
OPS-006543,ORD-006543,3.9,4.2,2.5,988,12.6,5.0,2.8,Met
OPS-004291,ORD-004291,2.9,3.6,4.4,344,13.6,5.0,4.7,Met
OPS-000177,ORD-000177,3.4,3.5,2.6,850,13.94,5.0,2.9,Met
OPS-002020,ORD-002020,3.6,1.6,6.8,1449,6.09,5.0,7.0,Breached
OPS-011043,ORD-011043,1.4,4.9,3.5,1228,10.57,5.0,3.8,Met
OPS-008076,ORD-008076,1.8,2.1,1.7,1859,13.59,5.0,1.9,Met
OPS-007566,ORD-007566,2.9,3.4,2.5,1193,4.27,5.0,2.8,Met
OPS-007351,ORD-007351,0.9,5.5,4.3,1636,6.43,5.0,4.6,Met
OPS-008034,ORD-008034,2.1,7.5,2.7,568,10.48,5.0,3.1,Met
OPS-008266,ORD-008266,3.9,3.6,4.4,1406,9.61,5.0,4.7,Met
OPS-002633,ORD-002633,3.8,6.5,5.5,1987,10.58,5.0,5.9,Breached
OPS-011499,ORD-011499,4.0,7.9,5.3,211,12.73,5.0,5.8,Breached
OPS-010163,ORD-010163,3.6,6.0,1.7,492,8.17,5.0,2.1,Met
OPS-004854,ORD-004854,1.1,1.2,3.5,153,11.53,5.0,3.6,Met
OPS-005027,ORD-005027,0.6,6.0,4.0,1670,7.49,5.0,4.3,Met
OPS-007688,ORD-007688,2.1,7.7,4.9,1278,6.0,5.0,5.3,Breached
OPS-004377,ORD-004377,0.8,7.3,5.2,383,13.45,5.0,5.5,Breached
OPS-011300,ORD-011300,0.9,7.3,5.1,1019,10.25,5.0,5.4,Breached
OPS-007193,ORD-007193,2.3,5.9,5.7,726,9.78,5.0,6.0,Breached
OPS-008344,ORD-008344,3.5,5.9,6.1,1655,8.59,5.0,6.5,Breached
OPS-002374,ORD-002374,1.0,5.7,5.2,1790,13.51,5.0,5.5,Breached
OPS-007994,ORD-007994,2.1,4.8,1.5,874,13.26,5.0,1.8,Met
OPS-000433,ORD-000433,3.3,3.1,2.2,1167,13.37,5.0,2.5,Met
OPS-000291,ORD-000291,2.9,1.9,5.2,1838,10.96,5.0,5.4,Breached
OPS-000726,ORD-000726,1.6,4.2,3.9,332,13.2,5.0,4.1,Met
OPS-012017,ORD-012017,1.0,4.5,4.0,520,13.99,5.0,4.2,Met
OPS-002922,ORD-002922,1.1,1.9,2.2,1563,13.36,5.0,2.3,Met
OPS-005574,ORD-005574,3.5,4.4,1.6,997,10.44,5.0,1.9,Met
OPS-000068,ORD-000068,3.8,2.7,2.0,128,8.82,5.0,2.3,Met
OPS-005266,ORD-005266,3.4,1.2,1.6,246,11.49,5.0,1.8,Met
OPS-004965,ORD-004965,3.4,4.1,4.1,1297,12.7,5.0,4.4,Met
OPS-010842,ORD-010842,1.4,3.0,4.9,1753,8.61,5.0,5.1,Breached
OPS-010413,ORD-010413,1.2,6.3,5.6,1393,12.0,5.0,5.9,Breached
OPS-003121,ORD-003121,2.7,1.8,2.9,422,11.05,5.0,3.1,Met
OPS-002209,ORD-002209,3.3,7.1,4.3,260,11.9,5.0,4.7,Met
OPS-001373,ORD-001373,1.3,6.0,7.0,1001,6.45,5.0,7.3,Breached
OPS-003021,ORD-003021,2.4,1.8,1.5,1700,13.17,5.0,1.7,Met
OPS-000349,ORD-000349,3.4,7.6,3.3,1471,12.86,5.0,3.8,Met
OPS-003619,ORD-003619,1.8,4.1,4.7,138,11.73,5.0,4.9,Met
OPS-002894,ORD-002894,2.9,7.9,2.8,1542,5.58,5.0,3.2,Met
OPS-003301,ORD-003301,1.3,6.0,2.9,1999,4.53,5.0,3.2,Met
OPS-001507,ORD-001507,3.3,2.6,3.2,212,13.8,5.0,3.4,Met
OPS-001011,ORD-001011,1.9,7.4,3.0,1318,6.89,5.0,3.4,Met
OPS-007265,ORD-007265,3.6,2.4,5.3,850,4.41,5.0,5.5,Breached
OPS-002494,ORD-002494,1.1,1.3,2.4,857,5.62,5.0,2.5,Met
OPS-002183,ORD-002183,1.8,3.2,6.7,712,12.42,5.0,6.9,Breached
OPS-003833,ORD-003833,1.5,1.2,4.2,219,11.75,5.0,4.3,Met
OPS-005177,ORD-005177,3.2,3.9,2.6,1466,5.78,5.0,2.9,Met
OPS-005459,ORD-005459,2.5,5.9,3.7,1819,6.08,5.0,4.0,Met
OPS-011423,ORD-011423,1.0,1.1,2.7,1003,4.92,5.0,2.8,Met
OPS-004418,ORD-004418,1.6,4.6,1.9,498,13.7,5.0,2.2,Met
OPS-007874,ORD-007874,3.9,6.6,3.5,872,9.34,5.0,3.9,Met
OPS-011047,ORD-011047,0.5,6.3,2.4,776,5.02,5.0,2.7,Met
OPS-003427,ORD-003427,2.4,1.9,3.6,578,5.22,5.0,3.8,Met
OPS-012318,ORD-012318,1.5,7.6,5.1,1917,11.87,5.0,5.5,Breached
OPS-012262,ORD-012262,2.5,6.7,6.0,553,6.76,5.0,6.4,Breached
OPS-000597,ORD-000597,3.4,6.2,6.9,538,9.11,5.0,7.3,Breached
OPS-010920,ORD-010920,3.0,7.4,3.7,1711,12.63,5.0,4.1,Met
OPS-001631,ORD-001631,2.3,4.1,6.8,1645,6.47,5.0,7.1,Breached
OPS-005291,ORD-005291,2.7,4.5,6.1,1188,10.62,5.0,6.4,Breached
OPS-009072,ORD-009072,3.5,3.9,1.8,1710,8.36,5.0,2.1,Met
OPS-009484,ORD-009484,3.7,4.9,5.3,932,8.72,5.0,5.7,Breached
OPS-007467,ORD-007467,2.6,2.1,1.0,1739,11.76,5.0,1.2,Met
OPS-005850,ORD-005850,2.8,4.4,6.6,1292,8.56,5.0,6.9,Breached
OPS-001000,ORD-001000,3.3,7.1,2.1,1507,4.36,5.0,2.5,Met
OPS-002285,ORD-002285,3.7,1.1,3.3,1921,11.94,5.0,3.5,Met
OPS-012279,ORD-012279,3.2,6.0,5.9,640,5.72,5.0,6.3,Breached
OPS-012005,ORD-012005,2.0,7.0,3.5,1677,6.95,5.0,3.9,Met
OPS-006275,ORD-006275,2.7,8.0,4.2,1881,4.65,5.0,4.6,Met
OPS-009835,ORD-009835,3.8,6.5,2.6,393,7.42,5.0,3.0,Met
OPS-000827,ORD-000827,3.3,7.4,2.1,471,8.49,5.0,2.5,Met
OPS-010814,ORD-010814,1.2,4.7,5.7,214,7.19,5.0,5.9,Breached
OPS-004098,ORD-004098,0.5,4.8,1.1,1739,11.11,5.0,1.3,Met
OPS-012428,ORD-012428,1.1,6.7,2.1,768,11.26,5.0,2.4,Met
OPS-003586,ORD-003586,3.1,2.5,2.9,1958,7.64,5.0,3.1,Met
OPS-005675,ORD-005675,3.5,6.4,5.0,720,7.99,5.0,5.4,Breached
OPS-003336,ORD-003336,3.8,2.9,6.3,1099,4.49,5.0,6.6,Breached
OPS-000011,ORD-000011,2.8,5.5,1.1,1801,11.13,5.0,1.4,Met
OPS-009577,ORD-009577,3.4,6.1,1.9,843,12.15,5.0,2.3,Met
OPS-006932,ORD-006932,2.2,4.6,6.1,1065,10.89,5.0,6.4,Breached
OPS-004172,ORD-004172,2.2,6.1,5.1,1007,9.61,5.0,5.4,Breached
OPS-003321,ORD-003321,2.4,5.0,2.7,937,4.23,5.0,3.0,Met
OPS-011242,ORD-011242,3.9,3.2,4.4,215,6.44,5.0,4.7,Met
OPS-011999,ORD-011999,2.8,6.1,5.9,993,12.27,5.0,6.3,Breached
OPS-006550,ORD-006550,0.7,3.4,1.1,1415,9.77,5.0,1.3,Met
OPS-004156,ORD-004156,1.7,6.6,1.6,1601,11.7,5.0,1.9,Met
OPS-005132,ORD-005132,2.5,2.8,3.9,1165,4.26,5.0,4.1,Met
OPS-007648,ORD-007648,0.9,2.9,6.9,1186,7.21,5.0,7.1,Breached
OPS-006595,ORD-006595,2.5,1.1,5.4,1879,7.29,5.0,5.6,Breached
OPS-001150,ORD-001150,2.5,1.6,6.6,1006,4.96,5.0,6.8,Breached
OPS-011233,ORD-011233,1.8,3.5,1.0,102,6.19,5.0,1.2,Met
OPS-003351,ORD-003351,3.6,4.6,4.9,275,7.33,5.0,5.2,Breached
OPS-008752,ORD-008752,4.0,2.5,3.8,1034,11.46,5.0,4.1,Met
OPS-006736,ORD-006736,2.0,5.1,4.1,264,7.77,5.0,4.4,Met
OPS-000721,ORD-000721,1.7,1.1,2.5,1313,12.0,5.0,2.6,Met
OPS-004933,ORD-004933,1.4,5.6,1.9,1994,5.38,5.0,2.2,Met
OPS-010569,ORD-010569,1.2,5.1,6.4,1290,7.53,5.0,6.7,Breached
OPS-001113,ORD-001113,1.1,5.7,4.9,709,4.51,5.0,5.2,Breached
OPS-001568,ORD-001568,2.2,4.5,4.5,1691,12.51,5.0,4.8,Met
OPS-000831,ORD-000831,3.2,3.9,2.2,528,8.27,5.0,2.5,Met
OPS-000658,ORD-000658,2.5,4.7,5.5,1978,12.95,5.0,5.8,Breached
OPS-004249,ORD-004249,2.5,5.9,6.8,1707,9.04,5.0,7.1,Breached
OPS-008476,ORD-008476,1.7,2.6,6.6,1355,5.45,5.0,6.8,Breached
OPS-010268,ORD-010268,1.6,2.1,5.3,227,13.41,5.0,5.5,Breached
OPS-004613,ORD-004613,0.9,7.2,4.9,1237,8.73,5.0,5.2,Breached
OPS-011730,ORD-011730,1.4,7.2,5.9,1663,13.39,5.0,6.3,Breached
OPS-000061,ORD-000061,3.6,4.1,6.7,1533,4.73,5.0,7.0,Breached
OPS-010770,ORD-010770,2.4,1.4,2.7,1154,8.81,5.0,2.9,Met
OPS-000340,ORD-000340,1.5,1.2,4.5,1402,11.32,5.0,4.6,Met
OPS-006578,ORD-006578,3.2,6.3,5.5,1596,12.77,5.0,5.9,Breached
OPS-003359,ORD-003359,2.8,7.3,6.2,413,13.32,5.0,6.6,Breached
OPS-004671,ORD-004671,2.5,6.7,5.6,651,13.7,5.0,6.0,Breached
OPS-009496,ORD-009496,0.7,7.7,5.1,1180,11.87,5.0,5.4,Breached
OPS-002211,ORD-002211,3.8,6.7,1.2,324,11.79,5.0,1.6,Met
OPS-005259,ORD-005259,2.0,4.4,1.6,929,10.18,5.0,1.9,Met
OPS-010170,ORD-010170,2.9,7.7,3.6,1532,11.26,5.0,4.0,Met
OPS-011320,ORD-011320,0.8,7.7,2.3,592,9.41,5.0,2.7,Met
OPS-011013,ORD-011013,1.0,3.8,6.5,262,10.85,5.0,6.7,Breached
OPS-008520,ORD-008520,2.5,4.4,1.2,344,9.4,5.0,1.5,Met
OPS-006062,ORD-006062,1.4,7.0,3.4,1003,6.65,5.0,3.8,Met
OPS-003400,ORD-003400,2.1,4.5,6.2,352,4.31,5.0,6.5,Breached
OPS-008374,ORD-008374,4.0,3.9,2.1,1588,12.72,5.0,2.4,Met
OPS-001341,ORD-001341,1.1,2.8,6.9,657,13.4,5.0,7.1,Breached
OPS-006840,ORD-006840,3.0,1.3,2.2,422,9.71,5.0,2.4,Met
OPS-002514,ORD-002514,3.3,3.6,4.0,789,12.94,5.0,4.3,Met
OPS-003716,ORD-003716,0.6,6.2,1.2,1869,8.61,5.0,1.5,Met
OPS-005233,ORD-005233,3.2,7.4,4.2,294,13.29,5.0,4.6,Met
OPS-004076,ORD-004076,2.4,2.8,1.2,1907,11.27,5.0,1.4,Met
OPS-002035,ORD-002035,2.1,7.1,3.3,1416,12.96,5.0,3.7,Met
OPS-011610,ORD-011610,1.3,5.6,5.3,1704,9.65,5.0,5.6,Breached
OPS-005627,ORD-005627,2.7,5.5,3.3,1570,8.56,5.0,3.6,Met
OPS-005304,ORD-005304,1.6,7.0,4.6,409,13.74,5.0,5.0,Met
OPS-001724,ORD-001724,2.7,1.8,3.3,362,8.24,5.0,3.5,Met
OPS-005678,ORD-005678,3.7,2.1,4.0,1068,7.56,5.0,4.2,Met
OPS-006548,ORD-006548,0.5,7.0,6.7,981,8.31,5.0,7.0,Breached
OPS-010570,ORD-010570,2.5,7.0,2.8,228,11.69,5.0,3.2,Met
OPS-010904,ORD-010904,2.9,3.6,4.6,1431,12.56,5.0,4.9,Met
OPS-005503,ORD-005503,1.9,7.1,2.2,217,9.13,5.0,2.6,Met
OPS-006632,ORD-006632,2.7,2.1,4.5,1418,9.9,5.0,4.7,Met
OPS-006376,ORD-006376,2.2,6.1,6.0,1584,11.95,5.0,6.3,Breached
OPS-008223,ORD-008223,3.7,3.2,5.6,1400,12.41,5.0,5.9,Breached
OPS-002490,ORD-002490,1.3,6.5,6.4,1197,6.15,5.0,6.7,Breached
OPS-005161,ORD-005161,1.8,6.8,5.0,515,13.62,5.0,5.4,Breached
OPS-004702,ORD-004702,2.4,6.7,4.8,1593,11.38,5.0,5.2,Breached
OPS-005502,ORD-005502,1.2,6.5,1.8,633,4.21,5.0,2.1,Met
OPS-007213,ORD-007213,0.6,2.6,4.0,324,12.21,5.0,4.1,Met
OPS-000791,ORD-000791,1.9,2.7,1.7,122,6.86,5.0,1.9,Met
OPS-000029,ORD-000029,3.3,1.7,5.2,222,7.45,5.0,5.4,Breached
OPS-008578,ORD-008578,2.8,2.5,3.4,1651,8.83,5.0,3.6,Met
OPS-011440,ORD-011440,3.0,5.5,5.1,1313,9.02,5.0,5.5,Breached
OPS-006564,ORD-006564,1.6,5.5,3.7,532,6.54,5.0,4.0,Met
OPS-000402,ORD-000402,3.3,6.0,6.3,1777,10.51,5.0,6.7,Breached
OPS-004916,ORD-004916,3.9,7.2,2.7,1510,6.36,5.0,3.2,Met
OPS-004636,ORD-004636,3.5,5.1,3.7,1630,13.01,5.0,4.1,Met
OPS-011922,ORD-011922,0.7,5.2,3.4,1971,11.21,5.0,3.6,Met
OPS-007375,ORD-007375,2.2,1.5,2.5,635,11.57,5.0,2.7,Met
OPS-009208,ORD-009208,2.8,3.6,3.4,397,9.41,5.0,3.7,Met
OPS-000015,ORD-000015,0.8,3.7,3.7,1395,11.8,5.0,3.9,Met
OPS-003392,ORD-003392,2.7,3.9,3.8,1886,8.71,5.0,4.1,Met
OPS-007525,ORD-007525,3.2,2.2,1.6,727,11.93,5.0,1.8,Met
OPS-002935,ORD-002935,1.7,1.9,1.1,1684,5.65,5.0,1.2,Met
OPS-002957,ORD-002957,2.5,1.1,1.1,1961,5.2,5.0,1.2,Met
OPS-005249,ORD-005249,0.7,1.7,6.9,1063,9.3,5.0,7.0,Breached
OPS-007825,ORD-007825,2.1,2.7,4.1,460,10.0,5.0,4.3,Met
OPS-003249,ORD-003249,2.9,1.6,1.7,592,13.67,5.0,1.9,Met
OPS-008516,ORD-008516,3.5,5.4,6.4,1912,6.04,5.0,6.8,Breached
OPS-007750,ORD-007750,0.9,4.0,3.2,167,12.96,5.0,3.4,Met
OPS-002466,ORD-002466,0.5,3.9,6.1,689,7.73,5.0,6.3,Breached
OPS-001193,ORD-001193,1.8,6.4,6.8,462,13.97,5.0,7.1,Breached
OPS-007814,ORD-007814,1.0,2.7,1.6,631,10.78,5.0,1.8,Met
OPS-010689,ORD-010689,2.6,7.5,1.3,1361,13.73,5.0,1.7,Met
OPS-003027,ORD-003027,3.0,2.1,3.5,314,13.98,5.0,3.7,Met
OPS-010328,ORD-010328,2.1,2.4,1.5,922,10.93,5.0,1.7,Met
OPS-002516,ORD-002516,2.3,7.4,6.9,800,10.31,5.0,7.3,Breached
OPS-000238,ORD-000238,1.3,7.8,2.4,1519,12.7,5.0,2.8,Met
OPS-003545,ORD-003545,1.1,7.5,2.2,1655,11.4,5.0,2.6,Met
OPS-009546,ORD-009546,3.9,1.6,2.4,721,11.24,5.0,2.6,Met
OPS-006125,ORD-006125,0.6,5.4,5.1,1463,10.47,5.0,5.3,Breached
OPS-000248,ORD-000248,1.9,3.6,5.0,1912,10.32,5.0,5.2,Breached
OPS-003638,ORD-003638,1.2,1.3,1.7,288,11.55,5.0,1.8,Met
OPS-001783,ORD-001783,3.8,4.8,2.0,1036,12.41,5.0,2.4,Met
OPS-007601,ORD-007601,4.0,1.7,6.7,778,9.36,5.0,6.9,Breached
OPS-003540,ORD-003540,0.7,5.8,1.3,1310,5.67,5.0,1.6,Met
OPS-000571,ORD-000571,3.2,5.1,2.4,1279,7.72,5.0,2.7,Met
OPS-001667,ORD-001667,0.7,7.8,2.9,161,6.25,5.0,3.3,Met
OPS-010776,ORD-010776,3.6,2.3,5.9,1428,10.26,5.0,6.1,Breached
OPS-001756,ORD-001756,2.2,3.1,3.6,208,8.97,5.0,3.8,Met
OPS-008297,ORD-008297,3.9,6.3,6.3,1189,6.52,5.0,6.7,Breached
OPS-006618,ORD-006618,2.2,2.1,7.0,620,13.02,5.0,7.2,Breached
OPS-011045,ORD-011045,1.8,2.4,5.9,1131,7.21,5.0,6.1,Breached
OPS-010036,ORD-010036,3.8,7.5,1.3,248,13.83,5.0,1.8,Met
OPS-004575,ORD-004575,1.1,4.6,4.8,1017,5.56,5.0,5.0,Met
OPS-008366,ORD-008366,3.9,2.1,6.6,1784,8.56,5.0,6.8,Breached
OPS-007308,ORD-007308,1.9,5.3,1.6,473,9.77,5.0,1.9,Met
OPS-001104,ORD-001104,3.1,5.0,6.1,470,11.45,5.0,6.4,Breached
OPS-009622,ORD-009622,1.5,1.4,1.4,1538,4.69,5.0,1.5,Met
OPS-004989,ORD-004989,3.4,2.7,2.1,1840,9.79,5.0,2.4,Met
OPS-011651,ORD-011651,1.8,4.9,1.8,464,4.02,5.0,2.1,Met
OPS-006963,ORD-006963,1.1,3.0,4.1,909,10.57,5.0,4.3,Met
OPS-002056,ORD-002056,2.4,3.4,5.4,1908,5.97,5.0,5.6,Breached
OPS-006600,ORD-006600,3.8,5.2,1.4,936,8.9,5.0,1.8,Met
OPS-005391,ORD-005391,1.0,3.1,3.7,802,12.23,5.0,3.9,Met
OPS-006701,ORD-006701,3.0,7.5,2.7,466,7.47,5.0,3.1,Met
OPS-000446,ORD-000446,2.3,3.1,3.8,840,10.02,5.0,4.0,Met
OPS-012270,ORD-012270,3.0,3.2,1.2,1407,8.46,5.0,1.5,Met
OPS-002627,ORD-002627,1.9,5.4,4.3,1062,9.89,5.0,4.6,Met
OPS-008425,ORD-008425,2.0,2.3,1.3,278,13.64,5.0,1.5,Met
OPS-005172,ORD-005172,3.7,5.2,1.3,1210,4.06,5.0,1.7,Met
OPS-009459,ORD-009459,0.7,4.0,5.2,232,8.62,5.0,5.4,Breached
OPS-012486,ORD-012486,2.9,4.5,5.2,988,4.33,5.0,5.5,Breached
OPS-010563,ORD-010563,0.8,7.4,2.1,245,11.2,5.0,2.4,Met
OPS-004566,ORD-004566,1.5,1.9,5.0,930,8.32,5.0,5.1,Breached
OPS-010470,ORD-010470,4.0,4.8,4.1,977,6.88,5.0,4.5,Met
OPS-007064,ORD-007064,2.6,2.3,6.6,459,12.47,5.0,6.8,Breached
OPS-001610,ORD-001610,0.8,6.2,5.8,205,5.74,5.0,6.1,Breached
OPS-011216,ORD-011216,3.0,5.3,5.4,588,10.54,5.0,5.7,Breached
OPS-007754,ORD-007754,2.4,4.3,6.9,477,11.88,5.0,7.2,Breached
OPS-001812,ORD-001812,3.1,1.7,7.0,1414,8.0,5.0,7.2,Breached
OPS-005695,ORD-005695,2.4,6.5,1.4,1554,10.82,5.0,1.8,Met
OPS-011643,ORD-011643,3.4,5.5,6.1,754,13.46,5.0,6.5,Breached
OPS-007958,ORD-007958,3.4,3.0,5.1,905,8.35,5.0,5.4,Breached
OPS-010357,ORD-010357,3.9,5.9,2.9,1432,8.7,5.0,3.3,Met
OPS-003658,ORD-003658,1.7,4.8,4.1,1259,5.9,5.0,4.4,Met
OPS-007106,ORD-007106,1.2,5.1,4.4,884,6.56,5.0,4.7,Met
OPS-007073,ORD-007073,0.8,3.4,3.3,740,13.41,5.0,3.5,Met
OPS-011046,ORD-011046,1.3,6.6,4.0,801,12.06,5.0,4.3,Met
OPS-003635,ORD-003635,1.4,1.6,1.8,1700,4.04,5.0,1.9,Met
OPS-002348,ORD-002348,2.5,4.4,4.0,1462,12.56,5.0,4.3,Met
OPS-007626,ORD-007626,3.6,3.0,5.3,1956,7.36,5.0,5.6,Breached
OPS-004853,ORD-004853,2.0,7.8,2.7,1223,10.47,5.0,3.1,Met
OPS-000244,ORD-000244,2.7,4.5,3.7,1553,11.78,5.0,4.0,Met
OPS-009751,ORD-009751,3.4,3.6,6.2,923,6.35,5.0,6.5,Breached
OPS-010648,ORD-010648,2.9,6.2,6.7,1535,9.83,5.0,7.1,Breached
OPS-010947,ORD-010947,3.5,6.1,5.9,1787,8.01,5.0,6.3,Breached
OPS-001687,ORD-001687,3.0,6.6,7.0,614,5.99,5.0,7.4,Breached
OPS-006529,ORD-006529,1.0,7.7,4.8,1114,10.35,5.0,5.2,Breached
OPS-010634,ORD-010634,3.2,6.5,3.2,1684,9.28,5.0,3.6,Met
OPS-001789,ORD-001789,1.6,4.5,4.6,1481,4.67,5.0,4.9,Met
OPS-003840,ORD-003840,2.5,6.5,6.1,222,5.21,5.0,6.5,Breached
OPS-000014,ORD-000014,1.5,3.4,2.1,1667,8.82,5.0,2.3,Met
OPS-003998,ORD-003998,0.8,3.9,4.8,1511,14.0,5.0,5.0,Met
OPS-005774,ORD-005774,1.0,3.2,6.6,1965,13.43,5.0,6.8,Breached
OPS-001550,ORD-001550,0.7,1.7,4.0,457,6.54,5.0,4.1,Met
OPS-003817,ORD-003817,1.1,2.7,4.2,782,6.7,5.0,4.4,Met
OPS-001469,ORD-001469,2.4,5.5,3.6,638,10.28,5.0,3.9,Met
OPS-010473,ORD-010473,1.5,7.0,3.1,1197,7.25,5.0,3.5,Met
OPS-007103,ORD-007103,0.9,4.7,2.9,1679,7.94,5.0,3.1,Met
OPS-003670,ORD-003670,3.7,4.6,2.0,973,7.0,5.0,2.3,Met
OPS-004213,ORD-004213,2.0,7.9,4.0,984,4.51,5.0,4.4,Met
OPS-006304,ORD-006304,3.0,3.9,2.8,1559,13.97,5.0,3.1,Met
OPS-005272,ORD-005272,3.4,6.7,3.7,386,8.22,5.0,4.1,Met
OPS-002641,ORD-002641,1.4,6.7,6.3,699,7.43,5.0,6.6,Breached
OPS-009273,ORD-009273,2.5,5.0,3.5,1077,6.39,5.0,3.8,Met
OPS-000667,ORD-000667,3.6,6.6,5.3,1231,11.46,5.0,5.7,Breached
OPS-005110,ORD-005110,1.8,7.9,5.1,138,11.32,5.0,5.5,Breached
OPS-008381,ORD-008381,3.4,7.9,3.0,1236,8.93,5.0,3.5,Met
OPS-000523,ORD-000523,1.3,7.3,4.4,562,8.89,5.0,4.8,Met
OPS-000998,ORD-000998,2.5,5.8,2.0,131,10.25,5.0,2.3,Met
OPS-006588,ORD-006588,0.8,4.2,2.5,1196,10.06,5.0,2.7,Met
OPS-010839,ORD-010839,2.7,3.5,4.2,730,8.48,5.0,4.5,Met
OPS-003964,ORD-003964,0.7,2.0,1.5,1218,9.97,5.0,1.6,Met
OPS-009313,ORD-009313,3.5,7.0,6.2,276,11.57,5.0,6.6,Breached
OPS-007438,ORD-007438,1.9,5.3,1.6,152,8.03,5.0,1.9,Met
OPS-011324,ORD-011324,2.6,3.8,2.6,303,13.12,5.0,2.9,Met
OPS-003120,ORD-003120,4.0,2.8,1.1,511,10.56,5.0,1.4,Met
OPS-009211,ORD-009211,3.8,1.0,1.9,667,6.18,5.0,2.1,Met
OPS-009377,ORD-009377,3.8,7.3,4.2,1989,13.31,5.0,4.7,Met
OPS-006463,ORD-006463,0.6,1.9,6.3,1100,8.73,5.0,6.4,Breached
OPS-010252,ORD-010252,3.1,4.5,6.5,741,4.46,5.0,6.8,Breached
OPS-005419,ORD-005419,3.3,5.5,6.7,1444,4.68,5.0,7.1,Breached
OPS-008136,ORD-008136,1.4,3.6,2.1,1177,9.89,5.0,2.3,Met
OPS-010132,ORD-010132,0.7,5.4,3.1,1647,8.58,5.0,3.4,Met
OPS-011762,ORD-011762,1.4,7.8,1.3,1038,13.03,5.0,1.7,Met
OPS-000922,ORD-000922,3.7,4.7,6.5,134,11.08,5.0,6.8,Breached
OPS-004698,ORD-004698,2.9,4.4,5.9,781,12.45,5.0,6.2,Breached
OPS-001645,ORD-001645,1.1,2.2,6.7,1117,4.15,5.0,6.8,Breached
OPS-011579,ORD-011579,2.8,5.2,3.8,260,5.18,5.0,4.1,Met
OPS-001289,ORD-001289,1.6,7.2,6.0,588,4.45,5.0,6.4,Breached
OPS-001653,ORD-001653,1.3,3.6,6.5,451,11.7,5.0,6.7,Breached
OPS-006310,ORD-006310,2.3,6.2,4.2,1286,5.08,5.0,4.6,Met
OPS-005492,ORD-005492,3.3,5.5,4.4,466,7.74,5.0,4.8,Met
OPS-000124,ORD-000124,3.4,4.2,3.3,1047,12.76,5.0,3.6,Met
OPS-009829,ORD-009829,0.6,7.0,5.0,764,11.35,5.0,5.3,Breached
OPS-005347,ORD-005347,2.5,3.9,6.5,1399,4.55,5.0,6.8,Breached
OPS-007729,ORD-007729,2.0,6.2,6.3,100,8.05,5.0,6.6,Breached
OPS-000326,ORD-000326,3.9,6.6,6.4,1770,13.2,5.0,6.8,Breached
OPS-005058,ORD-005058,3.3,7.5,2.1,837,13.12,5.0,2.5,Met
OPS-000954,ORD-000954,3.8,1.0,3.0,1294,12.28,5.0,3.2,Met
OPS-007647,ORD-007647,2.8,2.7,2.7,1947,8.11,5.0,2.9,Met
OPS-002468,ORD-002468,1.9,1.3,2.1,1137,9.92,5.0,2.2,Met
OPS-007342,ORD-007342,2.0,1.2,4.8,1095,13.85,5.0,4.9,Met
OPS-007925,ORD-007925,3.6,1.9,2.1,1721,10.85,5.0,2.3,Met
OPS-005363,ORD-005363,1.2,4.6,4.8,750,12.53,5.0,5.0,Met
OPS-011176,ORD-011176,3.8,7.0,2.0,931,11.22,5.0,2.5,Met
OPS-001650,ORD-001650,3.8,1.8,3.9,383,5.89,5.0,4.1,Met
OPS-008121,ORD-008121,0.6,2.1,2.3,1246,9.38,5.0,2.4,Met
OPS-000624,ORD-000624,3.2,3.0,2.0,1369,13.16,5.0,2.3,Met
OPS-011621,ORD-011621,1.0,1.7,2.6,1568,6.03,5.0,2.7,Met
OPS-008107,ORD-008107,2.1,3.1,4.9,692,9.69,5.0,5.1,Breached
OPS-007274,ORD-007274,0.9,1.4,2.6,1916,7.61,5.0,2.7,Met
OPS-001737,ORD-001737,2.8,6.1,6.7,222,9.24,5.0,7.1,Breached
OPS-009716,ORD-009716,3.7,6.2,4.5,576,7.03,5.0,4.9,Met
OPS-011573,ORD-011573,2.2,3.1,6.8,163,8.61,5.0,7.0,Breached
OPS-004400,ORD-004400,3.9,3.4,5.5,879,7.55,5.0,5.8,Breached
OPS-004074,ORD-004074,3.5,2.2,1.8,365,11.6,5.0,2.0,Met
OPS-011508,ORD-011508,1.4,6.2,1.2,230,10.2,5.0,1.5,Met
OPS-011907,ORD-011907,3.3,1.0,1.3,757,6.33,5.0,1.5,Met
OPS-006883,ORD-006883,2.0,3.3,6.7,682,11.06,5.0,6.9,Breached
OPS-007523,ORD-007523,3.4,6.2,2.0,1498,10.99,5.0,2.4,Met
OPS-011333,ORD-011333,1.7,2.8,3.5,1516,13.81,5.0,3.7,Met
OPS-010607,ORD-010607,3.8,6.3,1.9,718,10.95,5.0,2.3,Met
OPS-001632,ORD-001632,2.0,1.7,5.6,390,13.95,5.0,5.8,Breached
OPS-002447,ORD-002447,1.4,1.4,7.0,1357,6.25,5.0,7.1,Breached
OPS-011404,ORD-011404,2.2,1.0,1.8,190,6.08,5.0,1.9,Met
OPS-001711,ORD-001711,2.6,7.4,2.0,481,4.5,5.0,2.4,Met
OPS-006108,ORD-006108,2.9,6.8,3.9,1586,5.74,5.0,4.3,Met
OPS-001389,ORD-001389,2.1,3.2,6.5,1501,4.19,5.0,6.7,Breached
OPS-002476,ORD-002476,2.1,4.4,1.0,310,9.81,5.0,1.3,Met
OPS-004290,ORD-004290,2.9,2.3,2.3,188,4.85,5.0,2.5,Met
OPS-003841,ORD-003841,1.1,7.4,6.5,1107,11.0,5.0,6.9,Breached
OPS-009114,ORD-009114,2.3,6.0,5.3,1227,13.23,5.0,5.6,Breached
OPS-006337,ORD-006337,1.0,7.8,2.2,1596,8.9,5.0,2.6,Met
OPS-011378,ORD-011378,2.4,5.8,2.0,853,9.76,5.0,2.3,Met
OPS-006814,ORD-006814,1.3,4.6,5.3,169,4.97,5.0,5.5,Breached
OPS-011355,ORD-011355,3.4,3.7,5.1,1318,12.04,5.0,5.4,Breached
OPS-011330,ORD-011330,1.0,6.2,3.9,1835,8.08,5.0,4.2,Met
OPS-007442,ORD-007442,3.3,6.8,2.2,1780,9.61,5.0,2.6,Met
OPS-002846,ORD-002846,1.0,7.5,5.3,338,8.67,5.0,5.7,Breached
OPS-009619,ORD-009619,2.6,7.0,2.4,1486,6.19,5.0,2.8,Met
OPS-004075,ORD-004075,1.3,4.4,1.8,850,12.33,5.0,2.0,Met
OPS-001110,ORD-001110,2.8,2.8,4.1,1644,5.04,5.0,4.3,Met
OPS-005628,ORD-005628,3.6,4.5,1.3,1003,10.29,5.0,1.6,Met
OPS-009794,ORD-009794,1.6,7.7,6.5,998,4.85,5.0,6.9,Breached
OPS-007082,ORD-007082,3.7,5.3,4.4,857,8.66,5.0,4.8,Met
OPS-008780,ORD-008780,2.4,7.5,4.0,383,7.52,5.0,4.4,Met
OPS-007291,ORD-007291,2.6,1.0,6.5,299,6.1,5.0,6.7,Breached
OPS-009648,ORD-009648,1.7,1.1,5.3,1077,6.78,5.0,5.4,Breached
OPS-004333,ORD-004333,1.1,7.5,2.3,851,13.39,5.0,2.7,Met
OPS-002555,ORD-002555,1.8,4.4,2.8,792,12.35,5.0,3.1,Met
OPS-000580,ORD-000580,1.2,7.3,4.8,1012,11.26,5.0,5.2,Breached
OPS-000060,ORD-000060,2.4,1.8,1.2,776,12.6,5.0,1.4,Met
OPS-011825,ORD-011825,3.4,6.8,2.0,1801,11.56,5.0,2.4,Met
OPS-010747,ORD-010747,2.2,7.0,6.1,1632,10.96,5.0,6.5,Breached
OPS-003001,ORD-003001,3.4,5.5,5.9,368,4.25,5.0,6.3,Breached
OPS-005888,ORD-005888,3.8,2.1,6.5,1090,13.78,5.0,6.7,Breached
OPS-002680,ORD-002680,1.1,4.0,2.7,759,12.45,5.0,2.9,Met
OPS-003683,ORD-003683,3.4,6.4,4.5,780,12.69,5.0,4.9,Met
OPS-009795,ORD-009795,3.7,7.7,5.6,1775,8.43,5.0,6.1,Breached
OPS-006201,ORD-006201,3.8,6.3,6.5,1241,13.57,5.0,6.9,Breached
OPS-005219,ORD-005219,0.6,6.2,6.4,696,11.43,5.0,6.7,Breached
OPS-011761,ORD-011761,1.9,3.4,6.5,1388,5.14,5.0,6.7,Breached
OPS-001820,ORD-001820,0.6,5.5,4.4,192,10.19,5.0,4.7,Met
OPS-005599,ORD-005599,3.2,3.9,6.8,573,5.28,5.0,7.1,Breached
OPS-004484,ORD-004484,3.3,7.5,5.6,1972,11.64,5.0,6.0,Breached
OPS-007466,ORD-007466,3.1,5.7,1.6,1764,5.68,5.0,2.0,Met
OPS-004582,ORD-004582,3.2,2.3,3.1,1039,5.92,5.0,3.3,Met
OPS-000053,ORD-000053,3.0,3.1,5.7,990,13.84,5.0,6.0,Breached
OPS-006845,ORD-006845,3.0,2.0,5.6,244,10.7,5.0,5.8,Breached
OPS-006349,ORD-006349,3.1,3.8,3.7,1191,13.36,5.0,4.0,Met
OPS-007763,ORD-007763,0.6,7.6,4.5,1418,4.38,5.0,4.8,Met
OPS-002620,ORD-002620,0.9,2.3,2.7,1877,8.82,5.0,2.8,Met
OPS-012396,ORD-012396,3.6,2.3,1.2,1483,7.6,5.0,1.4,Met
OPS-009217,ORD-009217,3.3,3.8,1.8,1358,6.03,5.0,2.1,Met
OPS-006081,ORD-006081,0.5,5.2,3.2,162,12.43,5.0,3.4,Met
OPS-012369,ORD-012369,1.8,1.7,3.8,1295,13.38,5.0,3.9,Met
OPS-008809,ORD-008809,2.5,2.2,2.5,150,4.34,5.0,2.7,Met
OPS-002480,ORD-002480,0.6,3.8,1.1,1938,13.44,5.0,1.3,Met
OPS-002291,ORD-002291,2.3,5.8,4.7,1635,11.2,5.0,5.0,Met
OPS-001153,ORD-001153,3.9,1.1,3.8,1555,7.13,5.0,4.0,Met
OPS-005931,ORD-005931,2.0,7.9,4.8,1051,6.46,5.0,5.2,Breached
OPS-008535,ORD-008535,1.2,5.3,6.1,1865,10.05,5.0,6.4,Breached
OPS-002444,ORD-002444,1.6,2.8,1.8,304,11.45,5.0,2.0,Met
OPS-000884,ORD-000884,1.3,2.7,6.6,489,4.44,5.0,6.8,Breached
OPS-009537,ORD-009537,3.9,5.6,3.9,1530,12.22,5.0,4.3,Met
OPS-004503,ORD-004503,2.3,4.8,5.5,324,9.4,5.0,5.8,Breached
OPS-009633,ORD-009633,3.6,5.8,5.7,1169,12.96,5.0,6.1,Breached
OPS-010023,ORD-010023,2.4,7.0,6.8,1418,13.81,5.0,7.2,Breached
OPS-009957,ORD-009957,3.6,6.3,1.3,504,5.28,5.0,1.7,Met
OPS-011417,ORD-011417,3.5,7.2,2.5,1711,8.59,5.0,2.9,Met
OPS-005033,ORD-005033,2.5,7.3,2.7,1362,5.79,5.0,3.1,Met
OPS-002926,ORD-002926,3.4,6.4,3.1,529,6.63,5.0,3.5,Met
OPS-005006,ORD-005006,2.2,2.1,5.5,792,9.6,5.0,5.7,Breached
OPS-000126,ORD-000126,3.9,1.3,1.3,406,13.26,5.0,1.5,Met
OPS-010841,ORD-010841,2.4,5.3,2.9,1084,11.43,5.0,3.2,Met
OPS-006996,ORD-006996,2.4,1.7,1.5,1502,10.2,5.0,1.7,Met
OPS-008685,ORD-008685,3.6,5.9,2.2,1187,10.09,5.0,2.6,Met
OPS-009304,ORD-009304,2.5,4.5,3.0,1238,5.78,5.0,3.3,Met
OPS-000225,ORD-000225,2.2,1.5,1.3,278,8.49,5.0,1.5,Met
OPS-004785,ORD-004785,3.8,7.0,6.3,1780,10.74,5.0,6.8,Breached
OPS-003498,ORD-003498,3.6,7.6,3.1,1763,7.98,5.0,3.6,Met
OPS-003986,ORD-003986,2.1,1.4,2.7,1119,13.28,5.0,2.8,Met
OPS-011560,ORD-011560,2.4,7.8,2.4,370,9.78,5.0,2.8,Met
OPS-006179,ORD-006179,0.7,6.2,1.8,203,12.57,5.0,2.1,Met
OPS-009594,ORD-009594,1.2,1.2,4.2,1228,12.12,5.0,4.3,Met
OPS-006025,ORD-006025,0.6,2.9,1.8,530,10.13,5.0,1.9,Met
OPS-010476,ORD-010476,1.1,7.9,4.1,1915,7.17,5.0,4.5,Met
OPS-006157,ORD-006157,1.4,1.6,1.4,1242,13.65,5.0,1.5,Met
OPS-010706,ORD-010706,2.7,2.0,3.6,637,4.97,5.0,3.8,Met
OPS-009905,ORD-009905,2.0,1.3,5.2,117,7.98,5.0,5.3,Breached
OPS-000304,ORD-000304,3.1,7.5,6.8,147,9.3,5.0,7.2,Breached
OPS-006611,ORD-006611,1.7,1.1,5.7,906,4.07,5.0,5.8,Breached
OPS-002904,ORD-002904,1.1,7.8,6.7,1924,6.62,5.0,7.1,Breached
OPS-006319,ORD-006319,2.2,3.6,5.4,310,9.7,5.0,5.6,Breached
OPS-011133,ORD-011133,2.2,5.1,2.4,435,13.78,5.0,2.7,Met
OPS-009731,ORD-009731,2.3,1.9,1.5,1120,7.6,5.0,1.7,Met
OPS-002277,ORD-002277,1.5,5.2,1.2,974,4.52,5.0,1.5,Met
OPS-009967,ORD-009967,1.4,2.0,6.1,1633,5.51,5.0,6.2,Breached
OPS-012185,ORD-012185,0.9,2.3,4.0,728,9.93,5.0,4.1,Met
OPS-011312,ORD-011312,1.3,5.2,3.3,1753,8.47,5.0,3.6,Met
OPS-012387,ORD-012387,0.8,3.4,4.6,1794,12.13,5.0,4.8,Met
OPS-005423,ORD-005423,0.8,5.9,5.8,1301,11.8,5.0,6.1,Breached
OPS-000955,ORD-000955,0.9,3.4,6.9,786,6.36,5.0,7.1,Breached
OPS-002386,ORD-002386,2.6,6.7,2.9,1453,6.8,5.0,3.3,Met
OPS-004533,ORD-004533,2.6,2.1,4.2,655,8.72,5.0,4.4,Met
OPS-006749,ORD-006749,2.2,1.4,2.4,691,6.49,5.0,2.5,Met
OPS-008800,ORD-008800,0.7,4.1,6.3,822,13.36,5.0,6.5,Breached
OPS-011686,ORD-011686,1.3,2.2,4.0,1452,9.01,5.0,4.1,Met
OPS-000893,ORD-000893,1.1,1.9,4.5,346,11.56,5.0,4.6,Met
OPS-000886,ORD-000886,2.4,6.8,2.4,1539,7.27,5.0,2.8,Met
OPS-011433,ORD-011433,1.6,6.3,5.1,928,6.85,5.0,5.4,Breached
OPS-007651,ORD-007651,3.4,7.7,3.5,1882,10.83,5.0,4.0,Met
OPS-001208,ORD-001208,3.9,7.0,5.1,1863,7.58,5.0,5.6,Breached
OPS-000698,ORD-000698,2.6,7.5,4.5,126,12.78,5.0,4.9,Met
OPS-001587,ORD-001587,3.8,6.3,5.8,1053,11.42,5.0,6.2,Breached
OPS-000654,ORD-000654,2.8,4.7,3.6,1215,6.57,5.0,3.9,Met
OPS-000257,ORD-000257,3.5,2.2,6.2,1141,6.24,5.0,6.4,Breached
OPS-004604,ORD-004604,2.3,4.0,6.9,833,9.75,5.0,7.2,Breached
OPS-010115,ORD-010115,2.5,2.5,2.2,1431,6.06,5.0,2.4,Met
OPS-008047,ORD-008047,3.3,7.9,6.7,272,6.89,5.0,7.2,Breached
OPS-002985,ORD-002985,2.1,5.5,1.4,752,12.98,5.0,1.7,Met
OPS-006546,ORD-006546,2.6,7.2,1.9,508,13.91,5.0,2.3,Met
OPS-010933,ORD-010933,3.8,1.5,6.9,1365,8.76,5.0,7.1,Breached
OPS-011267,ORD-011267,3.7,3.8,2.7,1133,7.26,5.0,3.0,Met
OPS-003326,ORD-003326,1.3,6.9,4.5,1129,9.81,5.0,4.8,Met
OPS-009910,ORD-009910,3.9,4.6,6.4,1292,5.14,5.0,6.8,Breached
OPS-011725,ORD-011725,3.1,3.0,1.4,1379,6.28,5.0,1.7,Met
OPS-010719,ORD-010719,1.5,2.8,4.1,1186,7.79,5.0,4.3,Met
OPS-009229,ORD-009229,1.2,2.5,5.9,743,10.39,5.0,6.1,Breached
OPS-002614,ORD-002614,2.2,7.8,6.0,1027,5.7,5.0,6.4,Breached
OPS-012159,ORD-012159,3.6,1.5,5.8,1475,13.23,5.0,6.0,Breached
OPS-012479,ORD-012479,3.6,5.5,3.6,1625,12.18,5.0,4.0,Met
OPS-003434,ORD-003434,0.5,6.3,4.2,1603,7.98,5.0,4.5,Met
OPS-002797,ORD-002797,3.1,4.6,1.5,640,9.29,5.0,1.8,Met
OPS-007272,ORD-007272,3.5,1.5,5.1,691,4.88,5.0,5.3,Breached
OPS-005224,ORD-005224,1.3,6.4,1.1,1722,7.46,5.0,1.4,Met
OPS-012168,ORD-012168,2.8,2.2,4.6,777,5.54,5.0,4.8,Met
OPS-008163,ORD-008163,0.5,6.7,6.5,890,5.85,5.0,6.8,Breached
OPS-004472,ORD-004472,1.4,1.7,1.8,1281,10.45,5.0,1.9,Met
OPS-002693,ORD-002693,3.2,5.0,3.2,1285,13.57,5.0,3.5,Met
OPS-003382,ORD-003382,1.7,7.8,1.4,544,9.3,5.0,1.8,Met
OPS-000665,ORD-000665,2.3,3.4,4.4,1718,9.62,5.0,4.6,Met
OPS-006869,ORD-006869,1.6,5.2,1.9,1522,6.18,5.0,2.2,Met
OPS-006653,ORD-006653,3.1,2.0,3.6,1128,12.01,5.0,3.8,Met
OPS-001238,ORD-001238,2.0,6.9,2.3,1226,6.84,5.0,2.7,Met
OPS-011049,ORD-011049,3.3,2.4,3.0,661,7.64,5.0,3.2,Met
OPS-005092,ORD-005092,0.7,2.3,1.3,349,10.87,5.0,1.4,Met
OPS-007657,ORD-007657,0.8,3.5,6.4,1274,13.1,5.0,6.6,Breached
OPS-007458,ORD-007458,1.5,3.7,5.6,1170,5.68,5.0,5.8,Breached
OPS-001509,ORD-001509,3.6,4.4,3.0,1560,12.05,5.0,3.3,Met
OPS-010440,ORD-010440,3.9,3.8,4.8,1137,11.39,5.0,5.1,Breached
OPS-012144,ORD-012144,2.5,2.4,1.2,215,11.24,5.0,1.4,Met
OPS-001881,ORD-001881,2.7,4.8,5.9,387,5.51,5.0,6.2,Breached
OPS-008396,ORD-008396,3.6,2.7,2.5,1614,12.44,5.0,2.8,Met
OPS-011941,ORD-011941,1.1,1.1,4.1,695,5.51,5.0,4.2,Met
OPS-004448,ORD-004448,3.6,1.8,3.1,1084,7.68,5.0,3.3,Met
OPS-006590,ORD-006590,1.3,3.3,6.7,290,7.38,5.0,6.9,Breached
OPS-004501,ORD-004501,2.9,7.1,1.4,845,9.7,5.0,1.8,Met
OPS-008660,ORD-008660,3.8,2.9,5.5,774,6.78,5.0,5.8,Breached
OPS-002752,ORD-002752,0.5,6.6,3.6,1650,11.7,5.0,3.9,Met
OPS-008489,ORD-008489,3.9,1.2,3.3,1752,13.94,5.0,3.5,Met
OPS-006213,ORD-006213,2.2,4.7,3.2,795,7.98,5.0,3.5,Met
OPS-011739,ORD-011739,2.1,1.6,2.2,737,10.73,5.0,2.4,Met
OPS-011026,ORD-011026,0.8,7.8,5.7,198,4.45,5.0,6.1,Breached
OPS-005570,ORD-005570,1.2,2.7,5.3,1576,9.06,5.0,5.5,Breached
OPS-000926,ORD-000926,3.0,1.5,1.2,911,12.48,5.0,1.4,Met
OPS-010040,ORD-010040,3.9,4.0,6.6,1663,7.46,5.0,6.9,Breached
OPS-005244,ORD-005244,3.5,4.7,6.0,1793,13.97,5.0,6.3,Breached
OPS-006823,ORD-006823,2.6,2.2,3.2,1956,6.79,5.0,3.4,Met
OPS-000396,ORD-000396,1.2,1.3,5.4,878,9.99,5.0,5.5,Breached
OPS-012046,ORD-012046,3.7,2.6,1.1,1433,12.31,5.0,1.4,Met
OPS-011828,ORD-011828,1.4,1.2,2.0,209,5.33,5.0,2.1,Met
OPS-012000,ORD-012000,2.1,6.8,6.5,717,12.44,5.0,6.9,Breached
OPS-005606,ORD-005606,2.6,6.3,5.0,1232,13.42,5.0,5.4,Breached
OPS-007868,ORD-007868,3.2,7.5,5.7,1163,8.93,5.0,6.1,Breached
OPS-010471,ORD-010471,2.0,6.3,5.2,1682,5.24,5.0,5.5,Breached
OPS-010855,ORD-010855,2.2,4.4,4.3,301,6.92,5.0,4.6,Met
OPS-012380,ORD-012380,3.3,7.8,3.3,1743,5.02,5.0,3.8,Met
OPS-000093,ORD-000093,2.5,6.7,1.7,1070,7.52,5.0,2.1,Met
OPS-002449,ORD-002449,2.8,6.2,4.5,701,13.7,5.0,4.9,Met
OPS-012333,ORD-012333,1.8,7.0,5.0,533,11.78,5.0,5.4,Breached
OPS-003291,ORD-003291,2.8,1.4,2.2,1616,8.1,5.0,2.4,Met
OPS-002595,ORD-002595,2.3,5.5,4.1,1949,12.31,5.0,4.4,Met
OPS-006389,ORD-006389,3.9,6.8,2.6,1380,10.39,5.0,3.0,Met
OPS-011849,ORD-011849,3.5,5.6,3.0,1211,4.79,5.0,3.4,Met
OPS-000970,ORD-000970,2.8,1.5,3.4,1462,11.87,5.0,3.6,Met
OPS-010441,ORD-010441,3.4,5.0,6.7,926,9.64,5.0,7.0,Breached
OPS-009625,ORD-009625,1.3,6.3,1.3,752,7.77,5.0,1.6,Met
OPS-004795,ORD-004795,0.7,6.0,4.5,464,13.22,5.0,4.8,Met
OPS-008691,ORD-008691,3.5,1.5,4.5,1755,6.55,5.0,4.7,Met
OPS-008135,ORD-008135,3.0,6.9,3.7,1389,6.57,5.0,4.1,Met
OPS-008598,ORD-008598,3.5,6.6,3.0,592,9.38,5.0,3.4,Met
OPS-006872,ORD-006872,3.7,7.3,1.9,371,12.58,5.0,2.4,Met
OPS-006769,ORD-006769,1.8,2.9,5.9,624,10.82,5.0,6.1,Breached
OPS-003473,ORD-003473,2.7,6.6,4.8,1324,12.7,5.0,5.2,Breached
OPS-003437,ORD-003437,3.5,2.2,6.1,250,6.35,5.0,6.3,Breached
OPS-006028,ORD-006028,3.0,2.3,5.4,1453,10.75,5.0,5.6,Breached
OPS-001827,ORD-001827,2.3,1.7,6.0,1409,10.68,5.0,6.2,Breached
OPS-012312,ORD-012312,2.8,1.5,4.5,1427,6.38,5.0,4.7,Met
OPS-009349,ORD-009349,1.9,7.3,6.7,1240,10.39,5.0,7.1,Breached
OPS-000786,ORD-000786,3.7,5.3,4.7,241,12.6,5.0,5.1,Breached
OPS-000841,ORD-000841,1.9,1.7,6.1,1162,8.28,5.0,6.2,Breached
OPS-009969,ORD-009969,1.1,4.5,1.3,1134,10.58,5.0,1.5,Met
OPS-005747,ORD-005747,2.6,5.0,3.6,545,10.92,5.0,3.9,Met
OPS-004117,ORD-004117,3.5,3.5,5.6,1260,4.75,5.0,5.9,Breached
OPS-005129,ORD-005129,3.7,3.8,4.8,557,11.94,5.0,5.1,Breached
OPS-011442,ORD-011442,0.8,4.7,4.7,401,7.22,5.0,4.9,Met
OPS-001705,ORD-001705,2.4,3.3,2.0,1494,4.75,5.0,2.2,Met
OPS-000863,ORD-000863,3.4,4.8,2.2,1489,10.9,5.0,2.5,Met
OPS-011733,ORD-011733,2.5,7.9,4.5,1234,4.33,5.0,4.9,Met
OPS-006547,ORD-006547,1.7,3.1,1.9,830,9.49,5.0,2.1,Met
OPS-009367,ORD-009367,3.5,3.9,4.8,948,10.57,5.0,5.1,Breached
OPS-002084,ORD-002084,1.1,3.0,4.4,1425,8.24,5.0,4.6,Met
OPS-012454,ORD-012454,3.7,7.1,3.5,1791,7.15,5.0,4.0,Met
OPS-002021,ORD-002021,0.6,7.6,4.6,150,11.04,5.0,4.9,Met
OPS-003482,ORD-003482,2.9,7.4,4.2,1956,5.05,5.0,4.6,Met
OPS-010921,ORD-010921,2.5,3.8,6.6,489,6.23,5.0,6.9,Breached
OPS-004895,ORD-004895,2.8,6.0,4.2,1784,6.24,5.0,4.6,Met
OPS-009203,ORD-009203,3.9,4.8,6.2,1975,9.95,5.0,6.6,Breached
OPS-002607,ORD-002607,2.9,1.7,6.3,664,10.11,5.0,6.5,Breached
OPS-005832,ORD-005832,0.5,3.9,6.0,1209,6.02,5.0,6.2,Breached
OPS-005893,ORD-005893,1.4,3.4,5.2,1894,13.39,5.0,5.4,Breached
OPS-006616,ORD-006616,2.1,6.2,3.7,1932,11.38,5.0,4.0,Met
OPS-002748,ORD-002748,0.5,1.3,2.2,1660,6.69,5.0,2.3,Met
OPS-005634,ORD-005634,0.7,1.8,6.8,690,6.21,5.0,6.9,Breached
OPS-003269,ORD-003269,2.0,5.7,2.9,976,12.15,5.0,3.2,Met
OPS-000010,ORD-000010,0.8,2.8,3.2,1820,6.65,5.0,3.4,Met
OPS-009493,ORD-009493,2.7,3.8,2.6,1406,13.33,5.0,2.9,Met
OPS-001370,ORD-001370,1.8,1.6,4.0,1390,11.95,5.0,4.1,Met
OPS-009449,ORD-009449,1.4,3.4,2.4,653,8.31,5.0,2.6,Met
OPS-008992,ORD-008992,2.3,3.8,6.2,1516,8.43,5.0,6.5,Breached
OPS-011373,ORD-011373,3.2,8.0,5.8,1578,12.35,5.0,6.3,Breached
OPS-010078,ORD-010078,1.9,3.0,6.9,1589,10.41,5.0,7.1,Breached
OPS-009833,ORD-009833,3.5,3.3,1.1,1096,10.53,5.0,1.4,Met
OPS-000675,ORD-000675,1.0,4.9,6.7,1654,12.81,5.0,6.9,Breached
OPS-004059,ORD-004059,3.5,7.9,6.1,728,12.58,5.0,6.6,Breached
OPS-011603,ORD-011603,1.9,3.4,6.0,321,8.64,5.0,6.2,Breached
OPS-005909,ORD-005909,1.3,6.6,5.9,1857,5.26,5.0,6.2,Breached
OPS-009840,ORD-009840,2.5,6.5,2.7,808,5.74,5.0,3.1,Met
OPS-002275,ORD-002275,1.0,7.5,1.7,1913,7.44,5.0,2.1,Met
OPS-012287,ORD-012287,2.4,3.4,1.1,1481,12.45,5.0,1.3,Met
OPS-000033,ORD-000033,3.1,4.0,4.8,808,9.74,5.0,5.1,Breached
OPS-012358,ORD-012358,1.1,4.2,6.1,640,8.4,5.0,6.3,Breached
OPS-012325,ORD-012325,1.3,2.8,5.6,1823,12.98,5.0,5.8,Breached
OPS-007731,ORD-007731,1.7,2.5,5.8,1884,7.68,5.0,6.0,Breached
OPS-001763,ORD-001763,2.4,4.8,5.8,1685,9.42,5.0,6.1,Breached
OPS-001041,ORD-001041,1.8,7.6,3.0,612,9.97,5.0,3.4,Met
OPS-010591,ORD-010591,1.3,4.5,3.4,1303,4.22,5.0,3.6,Met
OPS-000327,ORD-000327,1.7,4.8,6.1,1931,9.9,5.0,6.4,Breached
OPS-000963,ORD-000963,3.8,1.3,3.3,1894,10.17,5.0,3.5,Met
OPS-000285,ORD-000285,3.0,4.6,2.9,1294,12.7,5.0,3.2,Met
OPS-010373,ORD-010373,2.8,1.9,6.5,1727,9.13,5.0,6.7,Breached
OPS-006020,ORD-006020,3.9,3.9,3.0,1195,13.91,5.0,3.3,Met
OPS-005241,ORD-005241,3.9,1.7,2.6,1679,11.38,5.0,2.8,Met
OPS-011790,ORD-011790,3.0,3.4,5.1,1955,5.58,5.0,5.4,Breached
OPS-000129,ORD-000129,2.4,7.1,5.5,165,8.96,5.0,5.9,Breached
OPS-010636,ORD-010636,0.9,2.3,1.5,1747,11.4,5.0,1.6,Met
OPS-009002,ORD-009002,3.7,1.3,2.3,1735,5.71,5.0,2.5,Met
OPS-006717,ORD-006717,3.4,1.8,3.7,1333,6.51,5.0,3.9,Met
OPS-003729,ORD-003729,3.6,6.6,4.2,1932,4.73,5.0,4.6,Met
OPS-008338,ORD-008338,3.3,4.7,6.7,1450,12.14,5.0,7.0,Breached
OPS-002830,ORD-002830,2.9,3.4,3.2,825,4.87,5.0,3.5,Met
OPS-006384,ORD-006384,3.6,6.6,3.8,116,8.26,5.0,4.2,Met
OPS-007278,ORD-007278,2.6,1.9,2.4,353,12.71,5.0,2.6,Met
OPS-009799,ORD-009799,1.2,6.7,3.5,1066,8.69,5.0,3.8,Met
OPS-002631,ORD-002631,2.9,2.8,3.9,1025,12.54,5.0,4.1,Met
OPS-001125,ORD-001125,3.4,7.9,4.8,465,6.54,5.0,5.3,Breached
OPS-006989,ORD-006989,3.8,7.8,4.1,114,13.65,5.0,4.6,Met
OPS-003757,ORD-003757,2.1,4.8,3.4,1506,9.11,5.0,3.7,Met
OPS-008525,ORD-008525,2.1,4.7,4.5,279,4.35,5.0,4.8,Met
OPS-011563,ORD-011563,2.8,2.9,5.9,591,12.98,5.0,6.1,Breached
OPS-001227,ORD-001227,3.4,1.3,1.7,1100,8.26,5.0,1.9,Met
OPS-008843,ORD-008843,2.9,2.2,4.2,1227,6.95,5.0,4.4,Met
OPS-000830,ORD-000830,3.6,4.8,4.2,406,6.32,5.0,4.5,Met
OPS-001845,ORD-001845,1.5,2.5,4.2,871,11.04,5.0,4.4,Met
OPS-003674,ORD-003674,3.1,5.2,4.2,1177,7.95,5.0,4.5,Met
OPS-011860,ORD-011860,1.4,1.6,3.0,1505,4.47,5.0,3.1,Met
OPS-009287,ORD-009287,1.0,2.7,5.5,820,8.86,5.0,5.7,Breached
OPS-008091,ORD-008091,1.4,4.5,2.7,629,10.87,5.0,2.9,Met
OPS-010514,ORD-010514,1.7,7.9,4.5,253,8.86,5.0,4.9,Met
OPS-006538,ORD-006538,0.8,6.8,2.1,1005,12.8,5.0,2.4,Met
OPS-006408,ORD-006408,1.3,4.7,1.7,1837,4.8,5.0,1.9,Met
OPS-000508,ORD-000508,3.5,6.7,5.9,651,9.28,5.0,6.3,Breached
OPS-011309,ORD-011309,0.8,7.6,1.9,1772,8.48,5.0,2.2,Met
OPS-000921,ORD-000921,2.2,4.7,7.0,1511,9.17,5.0,7.3,Breached
OPS-006562,ORD-006562,3.1,6.8,6.8,875,6.16,5.0,7.2,Breached
OPS-010463,ORD-010463,3.7,5.8,4.9,1298,13.71,5.0,5.3,Breached
OPS-005534,ORD-005534,3.4,5.3,4.4,811,10.56,5.0,4.8,Met
OPS-010641,ORD-010641,3.9,7.0,2.5,586,13.63,5.0,3.0,Met
OPS-001648,ORD-001648,3.6,6.3,2.6,999,13.98,5.0,3.0,Met
OPS-000885,ORD-000885,3.0,7.9,1.5,140,13.03,5.0,2.0,Met
OPS-005507,ORD-005507,3.3,2.9,4.7,1700,5.84,5.0,5.0,Met
OPS-006702,ORD-006702,4.0,7.3,6.3,1945,10.86,5.0,6.8,Breached
OPS-007067,ORD-007067,3.4,6.2,2.5,1759,12.27,5.0,2.9,Met
OPS-005306,ORD-005306,3.0,7.0,2.5,550,10.77,5.0,2.9,Met
OPS-008715,ORD-008715,0.6,6.8,6.5,982,13.09,5.0,6.8,Breached
OPS-002952,ORD-002952,1.9,1.8,5.6,1626,13.85,5.0,5.8,Breached
OPS-007203,ORD-007203,3.5,5.8,1.2,229,5.13,5.0,1.6,Met
OPS-008353,ORD-008353,3.6,2.1,3.1,1667,9.73,5.0,3.3,Met
OPS-005734,ORD-005734,0.9,4.6,4.2,1572,10.62,5.0,4.4,Met
OPS-003857,ORD-003857,0.6,2.4,7.0,699,6.55,5.0,7.1,Breached
OPS-006109,ORD-006109,2.4,1.2,6.6,1554,6.89,5.0,6.8,Breached
OPS-007423,ORD-007423,2.4,2.6,4.9,1490,8.67,5.0,5.1,Breached
OPS-011640,ORD-011640,1.0,1.3,3.2,443,5.32,5.0,3.3,Met
OPS-004095,ORD-004095,1.7,5.7,1.8,540,10.84,5.0,2.1,Met
OPS-001825,ORD-001825,3.3,1.1,2.3,252,5.61,5.0,2.5,Met
OPS-005290,ORD-005290,0.7,2.5,2.7,860,5.77,5.0,2.8,Met
OPS-009636,ORD-009636,1.4,2.2,5.7,144,13.87,5.0,5.9,Breached
OPS-004932,ORD-004932,1.3,5.0,5.1,108,11.77,5.0,5.4,Breached
OPS-011557,ORD-011557,3.1,3.4,6.7,862,12.38,5.0,7.0,Breached
OPS-006862,ORD-006862,1.7,4.3,2.1,1290,10.23,5.0,2.4,Met
OPS-011114,ORD-011114,2.2,4.3,6.2,444,12.75,5.0,6.5,Breached
OPS-008051,ORD-008051,2.9,4.8,5.6,805,12.08,5.0,5.9,Breached
OPS-005815,ORD-005815,0.7,1.1,3.7,1597,12.89,5.0,3.8,Met
OPS-006713,ORD-006713,2.9,3.3,5.8,1732,9.23,5.0,6.1,Breached
OPS-007293,ORD-007293,1.8,6.8,6.5,595,7.86,5.0,6.9,Breached
OPS-003812,ORD-003812,2.1,1.1,2.2,1915,9.93,5.0,2.3,Met
OPS-006777,ORD-006777,3.8,5.2,5.4,678,11.68,5.0,5.8,Breached
OPS-012206,ORD-012206,3.4,5.0,5.3,663,9.84,5.0,5.6,Breached
OPS-001174,ORD-001174,2.1,4.2,3.7,260,13.88,5.0,4.0,Met
OPS-001832,ORD-001832,1.5,1.4,6.2,582,10.51,5.0,6.3,Breached
OPS-007556,ORD-007556,1.2,2.4,3.3,575,7.47,5.0,3.4,Met
OPS-004270,ORD-004270,3.9,7.3,5.0,974,13.58,5.0,5.5,Breached
OPS-010717,ORD-010717,2.7,1.2,2.0,155,10.95,5.0,2.2,Met
OPS-010113,ORD-010113,3.5,6.9,4.0,349,10.24,5.0,4.4,Met
OPS-006734,ORD-006734,2.2,6.5,6.1,875,5.92,5.0,6.5,Breached
OPS-010386,ORD-010386,0.6,3.6,1.5,1689,13.05,5.0,1.7,Met
OPS-003518,ORD-003518,2.6,6.0,3.4,1457,10.39,5.0,3.8,Met
OPS-009564,ORD-009564,0.6,6.8,3.6,855,12.23,5.0,3.9,Met
OPS-000114,ORD-000114,3.7,3.6,6.2,1882,5.65,5.0,6.5,Breached
OPS-006393,ORD-006393,2.7,2.9,4.5,1273,8.56,5.0,4.7,Met
OPS-010756,ORD-010756,1.6,5.8,1.9,1800,6.04,5.0,2.2,Met
OPS-002923,ORD-002923,1.0,1.5,3.3,1925,9.59,5.0,3.4,Met
OPS-002696,ORD-002696,3.2,1.2,2.3,1043,10.46,5.0,2.5,Met
OPS-006704,ORD-006704,3.4,7.3,3.1,950,12.37,5.0,3.5,Met
OPS-007872,ORD-007872,2.3,1.8,3.2,932,11.84,5.0,3.4,Met
OPS-005854,ORD-005854,3.0,7.9,5.2,489,4.69,5.0,5.7,Breached
OPS-001659,ORD-001659,3.8,2.8,1.6,150,9.85,5.0,1.9,Met
OPS-008041,ORD-008041,3.6,7.5,5.1,609,12.41,5.0,5.6,Breached
OPS-008049,ORD-008049,3.7,3.1,1.1,1614,11.21,5.0,1.4,Met
OPS-011264,ORD-011264,0.6,1.0,4.8,692,13.22,5.0,4.9,Met
OPS-007684,ORD-007684,3.1,2.2,6.3,1399,7.07,5.0,6.5,Breached
OPS-007834,ORD-007834,3.6,5.0,1.5,1391,5.23,5.0,1.9,Met
OPS-007948,ORD-007948,0.9,4.8,3.8,1154,4.34,5.0,4.0,Met
OPS-007313,ORD-007313,2.3,8.0,6.0,234,11.15,5.0,6.4,Breached
OPS-004435,ORD-004435,1.9,6.5,3.3,1658,7.57,5.0,3.6,Met
OPS-008393,ORD-008393,3.7,5.2,4.7,924,12.18,5.0,5.1,Breached
OPS-002650,ORD-002650,2.2,7.6,1.8,1923,13.58,5.0,2.2,Met
OPS-011794,ORD-011794,2.7,6.0,5.9,1991,6.29,5.0,6.3,Breached
OPS-005783,ORD-005783,2.8,8.0,1.9,1442,4.94,5.0,2.3,Met
OPS-010015,ORD-010015,3.0,4.0,6.7,1057,7.89,5.0,7.0,Breached
OPS-012177,ORD-012177,2.0,5.9,4.0,321,8.29,5.0,4.3,Met
OPS-000411,ORD-000411,2.8,1.9,2.2,1463,9.06,5.0,2.4,Met
OPS-001514,ORD-001514,0.8,4.3,4.0,1441,4.23,5.0,4.2,Met
OPS-006957,ORD-006957,3.0,2.3,4.9,960,7.52,5.0,5.1,Breached
OPS-008932,ORD-008932,1.4,5.2,7.0,1554,8.08,5.0,7.3,Breached
OPS-007341,ORD-007341,1.0,5.3,5.0,771,5.27,5.0,5.3,Breached
OPS-005831,ORD-005831,2.4,1.4,3.6,1109,5.07,5.0,3.8,Met
OPS-000803,ORD-000803,2.8,4.3,5.4,769,12.1,5.0,5.7,Breached
OPS-007943,ORD-007943,2.3,2.9,4.7,986,6.29,5.0,4.9,Met
OPS-003341,ORD-003341,2.0,4.3,5.3,1705,11.24,5.0,5.6,Breached
OPS-005127,ORD-005127,1.1,4.4,6.6,365,5.83,5.0,6.8,Breached
OPS-002983,ORD-002983,0.7,3.8,3.6,385,6.89,5.0,3.8,Met
OPS-001005,ORD-001005,0.6,6.9,5.8,1325,4.24,5.0,6.1,Breached
OPS-007230,ORD-007230,3.5,2.0,5.8,1027,9.32,5.0,6.0,Breached
OPS-006999,ORD-006999,2.7,7.7,1.7,811,5.99,5.0,2.1,Met
OPS-000167,ORD-000167,2.9,2.3,3.5,1332,12.92,5.0,3.7,Met
OPS-003856,ORD-003856,3.5,7.9,5.0,818,7.02,5.0,5.5,Breached
OPS-005803,ORD-005803,2.9,7.6,2.1,1792,11.04,5.0,2.5,Met
OPS-001190,ORD-001190,3.6,7.2,7.0,977,6.85,5.0,7.5,Breached
OPS-004858,ORD-004858,2.6,4.3,6.7,1797,5.81,5.0,7.0,Breached
OPS-001691,ORD-001691,2.8,4.3,2.3,1540,13.58,5.0,2.6,Met
OPS-002795,ORD-002795,3.7,2.6,4.7,451,4.72,5.0,5.0,Met
OPS-005988,ORD-005988,2.7,6.8,2.2,1534,7.65,5.0,2.6,Met
OPS-004689,ORD-004689,1.8,2.0,6.3,1746,4.17,5.0,6.5,Breached
OPS-003033,ORD-003033,3.4,4.4,3.1,727,13.1,5.0,3.4,Met
OPS-005932,ORD-005932,3.5,1.3,6.4,1509,13.07,5.0,6.6,Breached
OPS-000757,ORD-000757,3.0,2.9,1.9,1444,4.15,5.0,2.1,Met
OPS-004666,ORD-004666,3.4,1.3,2.7,715,10.95,5.0,2.9,Met
OPS-011145,ORD-011145,2.5,5.6,3.1,1037,4.54,5.0,3.4,Met
OPS-006534,ORD-006534,1.6,6.4,4.4,1840,10.09,5.0,4.7,Met
OPS-000929,ORD-000929,3.6,1.9,2.1,1654,13.27,5.0,2.3,Met
OPS-009511,ORD-009511,0.8,4.9,1.2,1781,13.3,5.0,1.4,Met
OPS-005141,ORD-005141,2.0,3.5,6.6,362,11.29,5.0,6.8,Breached
OPS-004197,ORD-004197,1.0,1.3,6.3,1841,7.87,5.0,6.4,Breached
OPS-001598,ORD-001598,2.8,6.2,6.1,231,11.8,5.0,6.5,Breached
OPS-005546,ORD-005546,0.5,4.0,7.0,1088,7.43,5.0,7.2,Breached
OPS-010888,ORD-010888,3.5,6.8,5.4,1782,12.28,5.0,5.8,Breached
OPS-000545,ORD-000545,3.7,3.4,6.1,288,9.96,5.0,6.4,Breached
OPS-003634,ORD-003634,0.7,5.3,3.3,763,11.63,5.0,3.5,Met
OPS-000623,ORD-000623,1.4,3.0,4.5,1122,11.93,5.0,4.7,Met
OPS-000076,ORD-000076,3.7,7.5,2.5,1447,5.25,5.0,3.0,Met
OPS-000012,ORD-000012,3.3,3.7,2.3,1848,9.09,5.0,2.6,Met
OPS-008155,ORD-008155,2.6,6.1,6.5,403,11.36,5.0,6.9,Breached
OPS-008965,ORD-008965,2.4,5.6,5.4,1086,9.36,5.0,5.7,Breached
OPS-000305,ORD-000305,1.1,3.5,2.4,1160,6.84,5.0,2.6,Met
OPS-001002,ORD-001002,1.0,2.2,3.3,1952,13.01,5.0,3.4,Met
OPS-003973,ORD-003973,2.7,4.9,3.3,791,4.17,5.0,3.6,Met
OPS-007961,ORD-007961,1.0,4.1,1.8,470,7.27,5.0,2.0,Met
OPS-000750,ORD-000750,2.6,2.3,3.3,430,13.34,5.0,3.5,Met
OPS-006451,ORD-006451,1.4,6.3,6.1,1926,5.57,5.0,6.4,Breached
OPS-010282,ORD-010282,0.9,3.9,3.2,440,12.32,5.0,3.4,Met
OPS-011881,ORD-011881,1.1,3.0,3.9,880,4.27,5.0,4.1,Met
OPS-005317,ORD-005317,2.2,3.3,5.5,446,7.22,5.0,5.7,Breached
OPS-005226,ORD-005226,1.9,3.6,3.9,1019,8.28,5.0,4.1,Met
OPS-011030,ORD-011030,2.0,3.2,1.7,459,10.2,5.0,1.9,Met
OPS-006169,ORD-006169,2.8,2.3,6.4,590,10.4,5.0,6.6,Breached
OPS-002600,ORD-002600,0.5,3.2,3.2,803,13.04,5.0,3.4,Met
OPS-006044,ORD-006044,1.9,2.8,4.3,1414,11.92,5.0,4.5,Met
OPS-003584,ORD-003584,1.5,5.2,4.5,1214,7.43,5.0,4.8,Met
OPS-000169,ORD-000169,1.2,7.7,2.0,439,8.81,5.0,2.4,Met
OPS-012148,ORD-012148,1.9,2.9,2.6,1082,5.72,5.0,2.8,Met
OPS-009303,ORD-009303,2.6,1.8,2.9,773,8.87,5.0,3.1,Met
OPS-005816,ORD-005816,2.6,1.8,6.7,857,11.71,5.0,6.9,Breached
OPS-002142,ORD-002142,2.3,5.2,1.1,431,13.17,5.0,1.4,Met
OPS-001576,ORD-001576,3.5,6.3,3.1,1015,12.19,5.0,3.5,Met
OPS-009355,ORD-009355,3.3,4.0,3.9,1591,6.74,5.0,4.2,Met
OPS-001027,ORD-001027,2.2,2.8,4.7,991,7.48,5.0,4.9,Met
OPS-011687,ORD-011687,2.7,5.3,6.4,1128,9.4,5.0,6.7,Breached
OPS-010248,ORD-010248,0.6,5.0,2.7,1120,6.12,5.0,2.9,Met
OPS-001157,ORD-001157,0.6,6.4,6.5,1709,5.56,5.0,6.8,Breached
OPS-006365,ORD-006365,3.0,5.8,5.0,951,8.98,5.0,5.4,Breached
OPS-009763,ORD-009763,2.2,5.3,4.7,265,4.59,5.0,5.0,Met
OPS-010224,ORD-010224,1.2,6.6,2.8,1763,11.9,5.0,3.1,Met
OPS-008320,ORD-008320,2.8,2.8,2.8,645,13.61,5.0,3.0,Met
OPS-012467,ORD-012467,1.8,4.1,4.5,1473,11.14,5.0,4.7,Met
OPS-005818,ORD-005818,2.3,4.3,1.0,312,8.89,5.0,1.3,Met
OPS-011192,ORD-011192,3.6,1.8,1.6,180,11.34,5.0,1.8,Met
OPS-005367,ORD-005367,2.9,7.5,1.6,1700,8.51,5.0,2.0,Met
OPS-011254,ORD-011254,1.4,6.3,5.9,831,10.53,5.0,6.2,Breached
OPS-007766,ORD-007766,2.9,4.7,4.9,401,8.79,5.0,5.2,Breached
OPS-001555,ORD-001555,2.2,2.1,5.9,817,5.33,5.0,6.1,Breached
OPS-002966,ORD-002966,2.9,6.8,4.2,902,10.11,5.0,4.6,Met
OPS-008506,ORD-008506,2.1,5.7,6.4,617,7.23,5.0,6.7,Breached
OPS-006780,ORD-006780,3.4,5.8,5.1,1633,13.54,5.0,5.5,Breached
OPS-001578,ORD-001578,2.5,3.4,4.2,1732,10.89,5.0,4.4,Met
OPS-003282,ORD-003282,0.7,6.9,2.2,1793,11.06,5.0,2.5,Met
OPS-003859,ORD-003859,3.6,7.3,1.8,1894,8.27,5.0,2.3,Met
OPS-007564,ORD-007564,2.7,3.9,2.8,1824,8.79,5.0,3.1,Met
OPS-007263,ORD-007263,0.8,3.3,4.5,1833,6.72,5.0,4.7,Met
OPS-009800,ORD-009800,3.4,2.1,5.5,381,6.25,5.0,5.7,Breached
OPS-009770,ORD-009770,1.2,1.7,3.5,429,11.07,5.0,3.6,Met
OPS-004255,ORD-004255,2.7,5.6,3.7,1036,6.3,5.0,4.0,Met
OPS-000878,ORD-000878,3.2,2.2,2.9,1745,6.45,5.0,3.1,Met
OPS-008568,ORD-008568,1.3,7.4,3.5,533,12.34,5.0,3.9,Met
OPS-001101,ORD-001101,2.7,6.2,3.7,348,9.43,5.0,4.1,Met
OPS-009110,ORD-009110,3.1,2.3,6.7,1092,4.25,5.0,6.9,Breached
OPS-001770,ORD-001770,2.6,8.0,6.0,1010,12.93,5.0,6.4,Breached
OPS-003422,ORD-003422,2.9,6.1,1.8,383,8.85,5.0,2.2,Met
OPS-008696,ORD-008696,2.0,6.7,4.8,1689,4.35,5.0,5.2,Breached
OPS-004776,ORD-004776,3.3,3.2,2.5,266,7.07,5.0,2.8,Met
OPS-004540,ORD-004540,2.0,4.2,3.2,1485,4.09,5.0,3.5,Met
OPS-007954,ORD-007954,1.0,1.9,4.6,1993,13.31,5.0,4.7,Met
OPS-001334,ORD-001334,2.1,3.2,5.2,1402,8.13,5.0,5.4,Breached
OPS-007365,ORD-007365,1.6,3.5,4.9,414,12.05,5.0,5.1,Breached
OPS-006343,ORD-006343,2.9,4.0,4.0,422,4.18,5.0,4.3,Met
OPS-007378,ORD-007378,1.7,1.9,1.5,1557,10.84,5.0,1.6,Met
OPS-009558,ORD-009558,3.1,3.3,5.0,1085,10.41,5.0,5.3,Breached
OPS-006063,ORD-006063,2.7,3.9,5.5,146,5.8,5.0,5.8,Breached
OPS-006231,ORD-006231,0.9,5.6,6.5,1809,10.64,5.0,6.8,Breached
OPS-005581,ORD-005581,0.5,6.4,4.4,1306,13.84,5.0,4.7,Met
OPS-009676,ORD-009676,1.6,1.7,6.6,1304,4.12,5.0,6.7,Breached
OPS-009230,ORD-009230,2.7,4.0,2.7,1408,10.1,5.0,3.0,Met
OPS-010004,ORD-010004,1.5,7.6,1.6,1050,10.55,5.0,2.0,Met
OPS-009866,ORD-009866,2.5,4.9,2.4,1385,7.34,5.0,2.7,Met
OPS-010551,ORD-010551,0.6,1.0,2.7,1634,6.4,5.0,2.8,Met
OPS-007534,ORD-007534,0.8,2.4,4.5,1916,4.19,5.0,4.6,Met
OPS-002349,ORD-002349,2.2,3.7,2.9,116,11.96,5.0,3.1,Met
OPS-010783,ORD-010783,3.4,3.8,6.7,1061,10.26,5.0,7.0,Breached
OPS-010273,ORD-010273,1.3,5.5,4.6,1225,9.16,5.0,4.9,Met
OPS-002218,ORD-002218,3.2,5.5,6.8,1234,9.86,5.0,7.2,Breached
OPS-004090,ORD-004090,0.6,5.0,5.6,1017,10.47,5.0,5.8,Breached
OPS-002030,ORD-002030,0.8,1.5,3.7,1008,8.66,5.0,3.8,Met
OPS-004475,ORD-004475,1.9,4.0,3.6,684,7.47,5.0,3.8,Met
OPS-001670,ORD-001670,2.2,6.7,1.1,1292,13.05,5.0,1.5,Met
OPS-008838,ORD-008838,1.2,7.4,5.6,1824,12.63,5.0,6.0,Breached
OPS-001900,ORD-001900,1.6,1.3,4.7,1919,5.27,5.0,4.8,Met
OPS-003243,ORD-003243,1.8,7.6,5.8,1432,7.34,5.0,6.2,Breached
OPS-004292,ORD-004292,1.4,1.6,6.1,959,12.26,5.0,6.2,Breached
OPS-001494,ORD-001494,2.5,7.6,1.1,1142,11.94,5.0,1.5,Met
OPS-004345,ORD-004345,2.9,2.5,5.1,1269,10.97,5.0,5.3,Breached
OPS-008340,ORD-008340,3.0,1.8,6.8,1653,5.52,5.0,7.0,Breached
OPS-002914,ORD-002914,0.7,4.6,6.5,1351,6.34,5.0,6.7,Breached
OPS-005482,ORD-005482,1.9,4.4,4.4,861,12.9,5.0,4.7,Met
OPS-004250,ORD-004250,2.4,1.8,4.4,934,9.02,5.0,4.6,Met
OPS-011232,ORD-011232,1.9,7.6,7.0,1846,12.9,5.0,7.4,Breached
OPS-009657,ORD-009657,2.6,1.0,1.6,958,6.69,5.0,1.8,Met
OPS-009916,ORD-009916,2.0,3.2,5.3,1042,8.12,5.0,5.5,Breached
OPS-007595,ORD-007595,0.8,3.3,4.2,1632,13.48,5.0,4.4,Met
OPS-006398,ORD-006398,1.4,1.6,4.0,397,13.86,5.0,4.1,Met
OPS-011834,ORD-011834,1.5,1.8,2.9,1247,8.03,5.0,3.0,Met
OPS-004397,ORD-004397,2.2,3.5,1.8,1439,6.78,5.0,2.0,Met
OPS-001781,ORD-001781,2.5,4.9,4.0,1816,4.08,5.0,4.3,Met
OPS-012253,ORD-012253,3.9,2.4,5.2,1406,7.82,5.0,5.5,Breached
OPS-010672,ORD-010672,3.9,2.0,3.2,1994,10.15,5.0,3.4,Met
OPS-008098,ORD-008098,3.4,4.3,3.2,1042,5.63,5.0,3.5,Met
OPS-004881,ORD-004881,1.9,6.0,6.0,947,4.18,5.0,6.3,Breached
OPS-007836,ORD-007836,0.7,7.8,4.7,200,10.69,5.0,5.1,Breached
OPS-005278,ORD-005278,1.6,1.8,2.1,1227,10.6,5.0,2.2,Met
OPS-006388,ORD-006388,2.1,4.0,3.5,1691,10.9,5.0,3.8,Met
OPS-007659,ORD-007659,2.0,3.7,6.7,784,7.83,5.0,6.9,Breached
OPS-009163,ORD-009163,1.9,2.7,4.9,1300,5.51,5.0,5.1,Breached
OPS-003381,ORD-003381,3.4,5.0,1.7,770,9.28,5.0,2.0,Met
OPS-000449,ORD-000449,3.0,6.6,1.7,530,13.65,5.0,2.1,Met
OPS-010845,ORD-010845,3.1,5.4,6.5,679,9.09,5.0,6.9,Breached
OPS-010953,ORD-010953,3.5,5.3,2.6,1532,13.38,5.0,3.0,Met
OPS-004499,ORD-004499,2.0,6.5,6.1,324,7.34,5.0,6.5,Breached
OPS-011449,ORD-011449,1.3,8.0,6.4,129,4.1,5.0,6.8,Breached
OPS-002521,ORD-002521,1.7,5.8,6.6,1225,9.29,5.0,6.9,Breached
OPS-010596,ORD-010596,2.0,4.5,4.1,1278,6.31,5.0,4.4,Met
OPS-002136,ORD-002136,1.1,7.5,1.1,1412,10.2,5.0,1.5,Met
OPS-004957,ORD-004957,0.6,6.1,1.7,751,4.91,5.0,2.0,Met
OPS-002345,ORD-002345,2.9,4.6,4.2,179,9.22,5.0,4.5,Met
OPS-002342,ORD-002342,3.3,5.0,1.8,1898,10.73,5.0,2.1,Met
OPS-000934,ORD-000934,1.8,6.6,3.7,1982,12.6,5.0,4.0,Met
OPS-000250,ORD-000250,1.8,1.4,2.7,443,6.04,5.0,2.8,Met
OPS-003012,ORD-003012,1.5,5.0,2.5,1763,11.25,5.0,2.8,Met
OPS-007658,ORD-007658,2.9,6.3,1.4,238,8.03,5.0,1.8,Met
OPS-002599,ORD-002599,2.5,5.6,3.2,1090,9.56,5.0,3.5,Met
OPS-003435,ORD-003435,2.3,3.9,4.5,1871,8.54,5.0,4.8,Met
OPS-003794,ORD-003794,2.1,6.6,4.9,946,10.65,5.0,5.3,Breached
OPS-003334,ORD-003334,3.1,6.9,2.0,998,13.43,5.0,2.4,Met
OPS-006218,ORD-006218,3.4,8.0,3.8,147,12.14,5.0,4.3,Met
OPS-003487,ORD-003487,3.5,3.2,5.8,1864,10.01,5.0,6.1,Breached
OPS-007996,ORD-007996,2.7,2.3,3.3,126,7.91,5.0,3.5,Met
OPS-000857,ORD-000857,3.4,2.5,1.6,1578,8.24,5.0,1.8,Met
OPS-006209,ORD-006209,1.6,5.6,6.3,1385,13.97,5.0,6.6,Breached
OPS-011847,ORD-011847,1.7,7.8,7.0,410,11.0,5.0,7.4,Breached
OPS-002860,ORD-002860,1.1,6.2,4.4,953,12.25,5.0,4.7,Met
OPS-002657,ORD-002657,3.1,7.8,1.2,1201,8.38,5.0,1.7,Met
OPS-007380,ORD-007380,3.7,7.3,5.3,772,12.28,5.0,5.8,Breached
OPS-005232,ORD-005232,1.8,6.8,2.3,526,5.46,5.0,2.7,Met
OPS-003130,ORD-003130,2.5,7.9,5.7,453,8.05,5.0,6.1,Breached
OPS-000195,ORD-000195,1.8,5.0,6.4,1192,5.36,5.0,6.7,Breached
OPS-009539,ORD-009539,1.5,7.3,5.4,722,11.58,5.0,5.8,Breached
OPS-007881,ORD-007881,2.8,7.0,1.9,298,12.43,5.0,2.3,Met
OPS-002889,ORD-002889,1.6,2.3,3.1,331,8.26,5.0,3.3,Met
OPS-006385,ORD-006385,1.5,8.0,4.9,839,11.58,5.0,5.3,Breached
OPS-008171,ORD-008171,3.9,5.2,6.5,470,4.8,5.0,6.9,Breached
OPS-001923,ORD-001923,2.1,2.1,2.8,1952,6.72,5.0,3.0,Met
OPS-004498,ORD-004498,3.6,5.5,3.1,1514,6.58,5.0,3.5,Met
OPS-003233,ORD-003233,2.7,4.8,4.5,532,5.16,5.0,4.8,Met
OPS-002859,ORD-002859,1.0,7.3,5.5,1472,6.66,5.0,5.8,Breached
OPS-004145,ORD-004145,2.3,1.0,3.9,532,12.07,5.0,4.0,Met
OPS-001626,ORD-001626,3.3,6.8,2.8,1551,6.4,5.0,3.2,Met
OPS-001024,ORD-001024,3.2,6.5,4.4,1909,13.77,5.0,4.8,Met
OPS-005261,ORD-005261,2.7,6.3,1.1,1175,4.07,5.0,1.5,Met
OPS-005383,ORD-005383,1.2,7.8,1.5,242,10.59,5.0,1.9,Met
OPS-007588,ORD-007588,1.3,5.7,3.1,1514,7.59,5.0,3.4,Met
OPS-002085,ORD-002085,1.0,1.8,2.4,338,13.3,5.0,2.5,Met
OPS-008144,ORD-008144,2.8,6.7,2.4,493,6.48,5.0,2.8,Met
OPS-008693,ORD-008693,2.4,3.9,1.6,1738,7.03,5.0,1.9,Met
OPS-000163,ORD-000163,2.8,4.9,4.9,253,8.38,5.0,5.2,Breached
OPS-000164,ORD-000164,3.0,8.0,2.0,947,12.1,5.0,2.5,Met
OPS-012413,ORD-012413,3.3,3.2,4.4,1718,6.74,5.0,4.7,Met
OPS-005485,ORD-005485,2.3,3.0,2.5,437,6.42,5.0,2.7,Met
OPS-009455,ORD-009455,1.4,1.5,6.5,1693,11.94,5.0,6.6,Breached
OPS-008973,ORD-008973,3.8,1.9,5.4,1771,11.61,5.0,5.6,Breached
OPS-009813,ORD-009813,2.5,4.4,2.1,1945,13.86,5.0,2.4,Met
OPS-007480,ORD-007480,2.8,3.1,6.4,1713,12.55,5.0,6.6,Breached
OPS-005200,ORD-005200,0.6,6.7,6.9,1118,4.22,5.0,7.2,Breached
OPS-012483,ORD-012483,2.3,4.2,2.0,1711,9.55,5.0,2.3,Met
OPS-004453,ORD-004453,0.9,4.8,2.9,624,5.63,5.0,3.1,Met
OPS-004184,ORD-004184,1.7,6.6,2.3,565,13.85,5.0,2.6,Met
OPS-008179,ORD-008179,2.7,2.3,1.1,1546,7.43,5.0,1.3,Met
OPS-007671,ORD-007671,1.6,1.4,3.7,791,5.8,5.0,3.8,Met
OPS-009862,ORD-009862,0.5,4.0,1.1,1147,7.64,5.0,1.3,Met
OPS-007796,ORD-007796,0.9,1.4,5.8,330,10.42,5.0,5.9,Breached
OPS-011813,ORD-011813,1.6,2.9,3.7,1398,12.25,5.0,3.9,Met
OPS-003787,ORD-003787,2.0,8.0,6.4,961,10.49,5.0,6.8,Breached
OPS-001272,ORD-001272,2.3,7.8,1.0,1740,11.98,5.0,1.4,Met
OPS-006531,ORD-006531,3.8,3.7,2.2,1417,12.62,5.0,2.5,Met
OPS-011256,ORD-011256,1.3,6.1,5.6,1968,5.99,5.0,5.9,Breached
OPS-002026,ORD-002026,3.4,1.5,1.7,442,13.27,5.0,1.9,Met
OPS-005974,ORD-005974,1.6,4.8,1.8,1547,5.56,5.0,2.1,Met
OPS-001264,ORD-001264,2.6,3.0,3.0,775,13.46,5.0,3.2,Met
OPS-012198,ORD-012198,3.9,3.2,3.4,1402,13.95,5.0,3.7,Met
OPS-002445,ORD-002445,3.9,6.0,5.8,1121,8.0,5.0,6.2,Breached
OPS-002898,ORD-002898,3.9,5.9,2.0,1614,7.72,5.0,2.4,Met
OPS-010364,ORD-010364,0.8,4.6,6.3,1189,8.28,5.0,6.5,Breached
OPS-012003,ORD-012003,2.9,5.8,4.2,125,10.82,5.0,4.6,Met
OPS-003218,ORD-003218,1.4,3.1,3.8,152,10.12,5.0,4.0,Met
OPS-006507,ORD-006507,1.7,4.9,4.9,1924,13.54,5.0,5.2,Breached
OPS-011572,ORD-011572,1.2,4.8,5.2,1145,13.06,5.0,5.5,Breached
OPS-002057,ORD-002057,1.1,1.3,1.6,229,5.47,5.0,1.7,Met
OPS-002430,ORD-002430,1.7,4.1,6.4,308,10.05,5.0,6.6,Breached
OPS-010697,ORD-010697,1.7,4.3,4.3,883,12.02,5.0,4.5,Met
OPS-006357,ORD-006357,3.4,1.0,6.9,126,10.33,5.0,7.1,Breached
OPS-007299,ORD-007299,2.2,4.0,6.2,175,6.36,5.0,6.5,Breached
OPS-001567,ORD-001567,1.0,4.9,4.4,1984,4.03,5.0,4.6,Met
OPS-008894,ORD-008894,1.1,5.8,2.3,262,8.56,5.0,2.6,Met
OPS-012082,ORD-012082,3.7,1.4,6.1,1544,11.85,5.0,6.3,Breached
OPS-008666,ORD-008666,1.2,6.8,3.7,238,7.87,5.0,4.0,Met
OPS-000143,ORD-000143,3.4,5.1,6.1,1163,7.39,5.0,6.5,Breached
OPS-010479,ORD-010479,1.0,5.4,3.3,142,6.99,5.0,3.6,Met
OPS-005118,ORD-005118,2.3,1.4,3.1,1718,10.3,5.0,3.3,Met
OPS-004522,ORD-004522,0.8,1.2,5.0,1247,7.62,5.0,5.1,Breached
OPS-003050,ORD-003050,3.8,7.8,6.8,1658,8.07,5.0,7.3,Breached
OPS-008012,ORD-008012,2.7,7.7,5.0,1373,10.38,5.0,5.4,Breached
OPS-007001,ORD-007001,0.8,5.6,5.6,1608,12.39,5.0,5.9,Breached
OPS-000335,ORD-000335,1.9,7.1,5.9,603,8.89,5.0,6.3,Breached
OPS-006257,ORD-006257,1.1,5.4,6.8,1452,12.12,5.0,7.1,Breached
OPS-005285,ORD-005285,2.8,4.3,1.3,649,4.18,5.0,1.6,Met
OPS-003036,ORD-003036,0.5,4.6,6.8,952,7.45,5.0,7.0,Breached
OPS-001345,ORD-001345,3.7,2.5,7.0,794,8.34,5.0,7.3,Breached
OPS-005203,ORD-005203,2.1,6.0,5.1,1537,6.84,5.0,5.4,Breached
OPS-010713,ORD-010713,0.8,2.2,6.5,296,10.81,5.0,6.6,Breached
OPS-007186,ORD-007186,1.4,1.3,3.2,948,12.16,5.0,3.3,Met
OPS-000679,ORD-000679,3.8,6.7,1.8,1338,10.85,5.0,2.2,Met
OPS-009384,ORD-009384,1.5,4.9,3.8,1097,9.58,5.0,4.1,Met
OPS-011158,ORD-011158,1.0,3.5,5.9,232,6.94,5.0,6.1,Breached
OPS-003891,ORD-003891,1.5,5.2,6.7,1860,8.81,5.0,7.0,Breached
OPS-003750,ORD-003750,1.0,2.9,4.8,1845,11.62,5.0,5.0,Met
OPS-006790,ORD-006790,2.3,1.4,1.7,1717,6.06,5.0,1.9,Met
OPS-000603,ORD-000603,2.1,3.6,1.7,453,5.02,5.0,1.9,Met
OPS-010119,ORD-010119,3.3,2.3,6.7,605,9.17,5.0,6.9,Breached
OPS-002688,ORD-002688,1.7,6.6,2.2,697,11.05,5.0,2.5,Met
OPS-005539,ORD-005539,2.0,7.8,2.4,1592,6.11,5.0,2.8,Met
OPS-011701,ORD-011701,3.9,5.0,3.3,641,10.16,5.0,3.7,Met
OPS-010122,ORD-010122,1.4,3.1,6.8,1166,12.59,5.0,7.0,Breached
OPS-002838,ORD-002838,1.7,1.6,4.7,1700,7.67,5.0,4.8,Met
OPS-000427,ORD-000427,3.4,7.2,4.4,694,5.8,5.0,4.8,Met
OPS-008232,ORD-008232,3.7,1.6,6.1,1572,4.87,5.0,6.3,Breached
OPS-001260,ORD-001260,2.8,6.4,4.2,1415,11.48,5.0,4.6,Met
OPS-011598,ORD-011598,2.9,2.8,4.4,137,4.45,5.0,4.6,Met
OPS-004966,ORD-004966,1.6,1.3,5.9,1350,6.07,5.0,6.0,Breached
OPS-001912,ORD-001912,1.8,4.0,2.8,303,7.78,5.0,3.0,Met
OPS-009551,ORD-009551,0.9,2.9,5.1,936,4.91,5.0,5.3,Breached
OPS-012284,ORD-012284,1.8,4.2,3.1,1239,4.26,5.0,3.4,Met
OPS-006198,ORD-006198,1.7,1.6,4.2,461,4.79,5.0,4.3,Met
OPS-008508,ORD-008508,2.3,1.5,2.5,1748,4.46,5.0,2.7,Met
OPS-011343,ORD-011343,3.4,6.6,3.8,763,13.04,5.0,4.2,Met
OPS-009586,ORD-009586,1.1,3.3,4.9,1085,8.1,5.0,5.1,Breached
OPS-009741,ORD-009741,1.7,3.7,2.8,1944,8.34,5.0,3.0,Met
OPS-000577,ORD-000577,1.2,7.1,1.5,2000,6.56,5.0,1.8,Met
OPS-007388,ORD-007388,0.6,2.8,3.5,1387,4.03,5.0,3.6,Met
OPS-006902,ORD-006902,3.0,3.2,5.3,297,13.78,5.0,5.6,Breached
OPS-000840,ORD-000840,0.6,3.4,5.0,1541,5.45,5.0,5.2,Breached
OPS-004215,ORD-004215,2.9,4.1,2.8,893,6.0,5.0,3.1,Met
OPS-001400,ORD-001400,1.1,7.4,5.5,1963,7.72,5.0,5.9,Breached
OPS-001419,ORD-001419,0.6,7.9,5.2,965,11.02,5.0,5.6,Breached
OPS-009722,ORD-009722,3.5,4.3,1.9,1196,7.54,5.0,2.2,Met
OPS-009750,ORD-009750,1.2,4.8,1.2,1788,8.06,5.0,1.4,Met
OPS-010317,ORD-010317,3.9,2.5,1.7,1788,9.02,5.0,2.0,Met
OPS-010709,ORD-010709,2.5,6.6,6.0,1786,4.09,5.0,6.4,Breached
OPS-011744,ORD-011744,2.9,6.1,1.2,580,11.43,5.0,1.6,Met
OPS-003527,ORD-003527,2.5,4.4,5.3,1641,8.55,5.0,5.6,Breached
OPS-011149,ORD-011149,3.0,2.2,3.8,1635,12.94,5.0,4.0,Met
OPS-007381,ORD-007381,1.0,1.2,5.6,1840,11.24,5.0,5.7,Breached
OPS-004343,ORD-004343,0.6,6.7,3.7,1168,6.72,5.0,4.0,Met
OPS-002660,ORD-002660,1.5,2.5,1.9,1631,8.61,5.0,2.1,Met
OPS-006523,ORD-006523,3.1,2.5,7.0,1582,9.26,5.0,7.2,Breached
OPS-000329,ORD-000329,0.9,7.0,2.9,334,6.27,5.0,3.2,Met
OPS-005478,ORD-005478,1.8,5.0,6.5,467,9.36,5.0,6.8,Breached
OPS-005145,ORD-005145,3.4,7.0,1.3,152,11.83,5.0,1.7,Met
OPS-006698,ORD-006698,1.4,6.2,1.3,1687,12.92,5.0,1.6,Met
OPS-002767,ORD-002767,2.3,5.6,5.0,1153,10.26,5.0,5.3,Breached
OPS-005181,ORD-005181,1.3,4.5,2.0,1205,11.9,5.0,2.2,Met
OPS-006570,ORD-006570,2.1,3.5,6.8,1350,7.58,5.0,7.0,Breached
OPS-006854,ORD-006854,3.3,5.2,1.5,110,11.75,5.0,1.9,Met
OPS-010223,ORD-010223,2.8,2.2,1.1,1616,4.38,5.0,1.3,Met
OPS-007719,ORD-007719,2.2,4.4,4.8,1022,9.77,5.0,5.1,Breached
OPS-009528,ORD-009528,3.5,4.7,4.7,297,8.13,5.0,5.0,Met
OPS-002094,ORD-002094,3.6,6.3,5.7,1928,4.23,5.0,6.1,Breached
OPS-003087,ORD-003087,3.0,7.1,6.8,941,5.28,5.0,7.2,Breached
OPS-003464,ORD-003464,4.0,5.3,5.1,296,12.52,5.0,5.5,Breached
OPS-000135,ORD-000135,2.1,5.3,2.0,1266,9.46,5.0,2.3,Met
OPS-011473,ORD-011473,1.0,3.2,6.2,1454,6.76,5.0,6.4,Breached
OPS-005376,ORD-005376,1.5,5.2,6.7,974,7.06,5.0,7.0,Breached
OPS-002002,ORD-002002,3.3,4.3,3.5,1134,8.79,5.0,3.8,Met
OPS-001117,ORD-001117,3.9,7.9,2.6,570,4.47,5.0,3.1,Met
OPS-007968,ORD-007968,2.6,2.7,4.1,1902,10.61,5.0,4.3,Met
OPS-001795,ORD-001795,0.9,4.7,3.3,1105,11.78,5.0,3.5,Met
OPS-001548,ORD-001548,0.8,1.5,6.0,1776,13.16,5.0,6.1,Breached
OPS-012497,ORD-012497,2.6,2.9,1.2,418,9.29,5.0,1.4,Met
OPS-004918,ORD-004918,1.8,5.2,2.0,1215,12.14,5.0,2.3,Met
OPS-003922,ORD-003922,1.2,5.1,2.6,1604,11.1,5.0,2.9,Met
OPS-010199,ORD-010199,2.4,6.9,1.8,184,10.77,5.0,2.2,Met
OPS-005418,ORD-005418,2.4,1.1,2.8,557,4.94,5.0,2.9,Met
OPS-009513,ORD-009513,1.0,2.3,5.9,1814,12.38,5.0,6.0,Breached
OPS-007418,ORD-007418,2.2,1.2,4.1,1420,9.75,5.0,4.2,Met
OPS-010179,ORD-010179,3.3,6.3,3.9,522,6.63,5.0,4.3,Met
OPS-001618,ORD-001618,2.7,2.4,4.3,1208,5.9,5.0,4.5,Met
OPS-009426,ORD-009426,0.5,6.9,2.8,1637,10.21,5.0,3.1,Met
OPS-009084,ORD-009084,1.5,1.4,3.7,570,4.63,5.0,3.8,Met
OPS-002798,ORD-002798,1.0,3.0,2.7,1873,4.37,5.0,2.9,Met
OPS-011806,ORD-011806,1.8,1.1,3.6,339,5.78,5.0,3.7,Met
OPS-009193,ORD-009193,1.5,7.0,6.0,1829,12.63,5.0,6.4,Breached
OPS-002557,ORD-002557,2.1,1.8,6.8,558,10.26,5.0,7.0,Breached
OPS-010390,ORD-010390,3.2,7.1,2.0,1586,13.37,5.0,2.4,Met
OPS-011436,ORD-011436,1.9,4.7,1.8,1432,10.33,5.0,2.1,Met
OPS-000364,ORD-000364,3.4,7.5,4.9,523,9.48,5.0,5.4,Breached
OPS-003150,ORD-003150,0.5,7.7,3.9,1032,8.64,5.0,4.2,Met
OPS-006292,ORD-006292,2.4,5.0,6.5,1479,12.27,5.0,6.8,Breached
OPS-010739,ORD-010739,1.5,4.1,6.3,987,7.62,5.0,6.5,Breached
OPS-009363,ORD-009363,2.6,6.6,2.0,1368,10.31,5.0,2.4,Met
OPS-003537,ORD-003537,4.0,4.3,1.5,247,11.04,5.0,1.8,Met
OPS-000956,ORD-000956,2.1,5.7,5.2,478,8.09,5.0,5.5,Breached
OPS-003627,ORD-003627,2.1,7.4,2.8,1429,10.98,5.0,3.2,Met
OPS-005522,ORD-005522,3.7,7.9,6.1,303,10.72,5.0,6.6,Breached
OPS-004191,ORD-004191,2.0,1.0,3.4,370,7.11,5.0,3.5,Met
OPS-007765,ORD-007765,0.5,2.6,1.6,489,10.05,5.0,1.7,Met
OPS-009966,ORD-009966,2.5,2.9,4.7,1503,8.9,5.0,4.9,Met
OPS-002569,ORD-002569,3.6,4.8,3.4,1785,10.38,5.0,3.8,Met
OPS-007922,ORD-007922,2.1,7.8,4.2,1377,5.95,5.0,4.6,Met
OPS-000735,ORD-000735,2.1,5.4,6.6,746,11.9,5.0,6.9,Breached
OPS-003447,ORD-003447,2.9,6.5,2.0,1133,7.96,5.0,2.4,Met
OPS-008542,ORD-008542,3.0,5.6,2.9,1464,8.22,5.0,3.3,Met
OPS-000488,ORD-000488,3.6,4.1,2.2,1360,9.13,5.0,2.5,Met
OPS-009771,ORD-009771,3.6,6.4,5.7,1541,8.49,5.0,6.1,Breached
OPS-005536,ORD-005536,2.8,1.3,4.8,286,9.8,5.0,5.0,Met
OPS-003147,ORD-003147,3.5,7.9,5.6,450,5.95,5.0,6.1,Breached
OPS-002870,ORD-002870,2.8,5.5,2.9,1763,12.72,5.0,3.2,Met
OPS-011229,ORD-011229,3.6,4.7,6.5,1356,12.51,5.0,6.8,Breached
OPS-009410,ORD-009410,1.2,7.6,4.2,1231,7.5,5.0,4.6,Met
OPS-006575,ORD-006575,2.6,6.0,4.7,454,6.1,5.0,5.1,Breached
OPS-008189,ORD-008189,3.5,5.4,3.0,316,4.96,5.0,3.4,Met
OPS-000746,ORD-000746,0.8,4.0,3.2,247,12.36,5.0,3.4,Met
OPS-009446,ORD-009446,0.6,3.5,6.4,411,7.12,5.0,6.6,Breached
OPS-001106,ORD-001106,1.6,1.9,6.4,432,11.77,5.0,6.5,Breached
OPS-003076,ORD-003076,1.7,5.9,2.9,1778,7.03,5.0,3.2,Met
OPS-007280,ORD-007280,0.6,7.9,6.0,175,10.91,5.0,6.4,Breached
OPS-007159,ORD-007159,2.6,6.3,4.6,1744,7.82,5.0,5.0,Met
OPS-007613,ORD-007613,1.0,6.2,6.6,457,8.9,5.0,6.9,Breached
OPS-012125,ORD-012125,3.3,2.4,4.7,1905,13.84,5.0,4.9,Met
OPS-011297,ORD-011297,1.7,5.2,2.5,1968,13.21,5.0,2.8,Met
OPS-000862,ORD-000862,2.1,3.8,6.5,583,4.93,5.0,6.7,Breached
OPS-003154,ORD-003154,2.5,1.8,1.2,1370,6.59,5.0,1.4,Met
OPS-003156,ORD-003156,3.3,3.9,1.4,835,11.94,5.0,1.7,Met
OPS-000781,ORD-000781,2.0,7.1,1.8,1914,6.99,5.0,2.2,Met
OPS-002893,ORD-002893,1.0,1.2,1.3,449,13.32,5.0,1.4,Met
OPS-002148,ORD-002148,3.0,1.2,1.8,651,7.2,5.0,2.0,Met
OPS-007585,ORD-007585,2.2,4.4,6.5,598,11.74,5.0,6.8,Breached
OPS-002916,ORD-002916,1.1,6.4,1.5,1976,7.83,5.0,1.8,Met
OPS-008444,ORD-008444,2.4,4.8,6.5,301,7.61,5.0,6.8,Breached
OPS-000096,ORD-000096,3.8,6.8,1.8,1344,6.13,5.0,2.2,Met
OPS-004704,ORD-004704,1.4,3.0,2.5,733,13.89,5.0,2.7,Met
OPS-003532,ORD-003532,3.8,3.6,1.0,161,10.63,5.0,1.3,Met
OPS-006750,ORD-006750,1.8,7.2,5.3,1608,9.33,5.0,5.7,Breached
OPS-008882,ORD-008882,3.2,6.3,5.6,1623,4.2,5.0,6.0,Breached
OPS-011304,ORD-011304,3.3,6.4,6.8,1393,9.93,5.0,7.2,Breached
OPS-000606,ORD-000606,2.5,5.8,3.6,1534,8.83,5.0,3.9,Met
OPS-008888,ORD-008888,0.6,2.4,3.8,1163,9.23,5.0,3.9,Met
OPS-006994,ORD-006994,3.4,4.3,1.7,484,7.4,5.0,2.0,Met
OPS-009864,ORD-009864,0.7,2.0,5.9,1911,12.5,5.0,6.0,Breached
OPS-005721,ORD-005721,3.0,2.9,5.6,1994,12.69,5.0,5.8,Breached
OPS-006556,ORD-006556,1.9,6.0,4.5,1856,5.94,5.0,4.8,Met
OPS-007435,ORD-007435,2.9,1.5,4.8,1669,9.74,5.0,5.0,Met
OPS-002549,ORD-002549,0.9,6.2,1.2,127,5.77,5.0,1.5,Met
OPS-001385,ORD-001385,2.7,3.5,6.5,925,11.05,5.0,6.8,Breached
OPS-008379,ORD-008379,1.9,3.7,5.8,1296,11.37,5.0,6.0,Breached
OPS-009097,ORD-009097,1.2,3.2,4.9,835,13.33,5.0,5.1,Breached
OPS-008227,ORD-008227,2.0,3.2,4.8,1755,9.31,5.0,5.0,Met
OPS-003011,ORD-003011,2.5,2.1,4.4,530,11.64,5.0,4.6,Met
OPS-010517,ORD-010517,2.0,5.0,1.2,1849,5.76,5.0,1.5,Met
OPS-003288,ORD-003288,3.8,3.1,2.1,1491,5.12,5.0,2.4,Met
OPS-004019,ORD-004019,0.8,2.8,4.0,1482,5.58,5.0,4.2,Met
OPS-005578,ORD-005578,1.3,7.8,3.9,469,8.2,5.0,4.3,Met
OPS-001396,ORD-001396,2.1,1.7,3.7,1706,9.51,5.0,3.9,Met
OPS-007780,ORD-007780,3.1,4.4,1.8,1048,8.88,5.0,2.1,Met
OPS-002586,ORD-002586,3.3,6.8,1.9,1538,6.24,5.0,2.3,Met
OPS-011698,ORD-011698,2.5,5.6,1.9,1591,6.2,5.0,2.2,Met
OPS-000927,ORD-000927,2.8,7.1,3.8,1498,13.9,5.0,4.2,Met
OPS-002341,ORD-002341,3.2,3.0,1.6,542,4.03,5.0,1.9,Met
OPS-001021,ORD-001021,1.8,6.0,3.6,1568,12.78,5.0,3.9,Met
OPS-007936,ORD-007936,2.2,5.0,6.8,1675,6.37,5.0,7.1,Breached
OPS-000607,ORD-000607,2.5,2.1,2.9,1483,12.75,5.0,3.1,Met
OPS-000662,ORD-000662,0.8,2.8,5.6,1210,7.47,5.0,5.8,Breached
OPS-000609,ORD-000609,1.7,2.3,6.2,940,7.07,5.0,6.4,Breached
OPS-004995,ORD-004995,3.8,2.8,1.2,100,10.92,5.0,1.5,Met
OPS-011015,ORD-011015,1.0,2.0,2.5,169,6.41,5.0,2.6,Met
OPS-002764,ORD-002764,3.8,3.1,5.7,1939,5.96,5.0,6.0,Breached
OPS-010923,ORD-010923,0.6,2.8,2.6,712,5.04,5.0,2.7,Met
OPS-000870,ORD-000870,1.7,3.2,5.6,842,11.67,5.0,5.8,Breached
OPS-003735,ORD-003735,0.7,5.4,2.2,1588,4.6,5.0,2.5,Met
OPS-005577,ORD-005577,3.5,7.4,1.8,220,12.81,5.0,2.3,Met
OPS-003978,ORD-003978,1.9,3.0,6.1,194,12.85,5.0,6.3,Breached
OPS-010213,ORD-010213,2.1,7.6,2.5,1335,12.7,5.0,2.9,Met
OPS-011098,ORD-011098,3.2,1.7,5.6,1332,10.82,5.0,5.8,Breached
OPS-007969,ORD-007969,3.2,5.1,5.7,734,10.17,5.0,6.0,Breached
OPS-001775,ORD-001775,1.9,6.2,2.4,1262,8.94,5.0,2.7,Met
OPS-011937,ORD-011937,3.6,2.7,1.0,475,9.86,5.0,1.3,Met
OPS-006449,ORD-006449,3.6,4.9,4.5,1363,4.74,5.0,4.9,Met
OPS-010124,ORD-010124,3.6,5.9,6.0,794,6.36,5.0,6.4,Breached
OPS-002988,ORD-002988,1.1,6.6,3.5,1761,5.14,5.0,3.8,Met
OPS-004592,ORD-004592,2.8,6.3,5.7,965,12.24,5.0,6.1,Breached
OPS-000006,ORD-000006,0.7,2.7,1.3,1283,9.53,5.0,1.4,Met
OPS-005834,ORD-005834,2.8,2.5,4.3,1087,13.99,5.0,4.5,Met
OPS-008575,ORD-008575,1.0,2.6,4.6,1481,4.5,5.0,4.8,Met
OPS-007800,ORD-007800,2.4,4.7,6.0,924,13.89,5.0,6.3,Breached
OPS-007867,ORD-007867,1.3,8.0,3.0,191,5.21,5.0,3.4,Met
OPS-004850,ORD-004850,2.7,4.9,2.8,600,5.25,5.0,3.1,Met
OPS-001245,ORD-001245,0.6,7.6,2.7,1824,8.29,5.0,3.0,Met
OPS-012098,ORD-012098,2.8,5.1,2.5,100,6.41,5.0,2.8,Met
OPS-006830,ORD-006830,3.4,1.6,3.5,1467,5.92,5.0,3.7,Met
OPS-007239,ORD-007239,1.1,5.7,6.9,1842,5.72,5.0,7.2,Breached
OPS-007270,ORD-007270,3.8,3.1,1.1,1526,5.02,5.0,1.4,Met
OPS-001634,ORD-001634,0.6,3.7,1.2,232,8.52,5.0,1.4,Met
OPS-009380,ORD-009380,2.2,4.5,3.7,382,8.52,5.0,4.0,Met
OPS-009333,ORD-009333,2.8,2.1,5.9,984,10.17,5.0,6.1,Breached
OPS-000447,ORD-000447,2.2,6.9,2.2,150,6.15,5.0,2.6,Met
OPS-005151,ORD-005151,2.4,7.1,1.7,114,7.51,5.0,2.1,Met
OPS-003091,ORD-003091,1.7,4.8,6.1,1854,4.24,5.0,6.4,Breached
OPS-004058,ORD-004058,3.2,3.1,1.8,978,10.06,5.0,2.1,Met
OPS-005473,ORD-005473,3.8,4.4,1.6,266,13.67,5.0,1.9,Met
OPS-008536,ORD-008536,2.3,1.4,4.7,1197,4.0,5.0,4.9,Met
OPS-012192,ORD-012192,3.5,4.0,1.3,1402,5.25,5.0,1.6,Met
OPS-011575,ORD-011575,3.7,5.1,2.5,845,6.48,5.0,2.9,Met
OPS-002258,ORD-002258,1.6,4.2,3.1,445,8.98,5.0,3.3,Met
OPS-012418,ORD-012418,3.2,3.3,2.8,1458,9.49,5.0,3.1,Met
OPS-004293,ORD-004293,3.7,1.8,3.7,646,9.52,5.0,3.9,Met
OPS-000032,ORD-000032,2.2,4.3,4.9,700,11.59,5.0,5.2,Breached
OPS-007846,ORD-007846,2.1,6.5,6.3,1278,6.05,5.0,6.7,Breached
OPS-002388,ORD-002388,1.2,6.5,3.9,1365,9.14,5.0,4.2,Met
OPS-003593,ORD-003593,2.4,4.1,6.7,213,12.71,5.0,7.0,Breached
OPS-011624,ORD-011624,2.3,4.4,5.3,1397,12.65,5.0,5.6,Breached
OPS-005171,ORD-005171,1.3,1.1,6.2,326,12.04,5.0,6.3,Breached
OPS-012350,ORD-012350,0.6,3.0,3.2,1855,13.27,5.0,3.4,Met
OPS-011243,ORD-011243,2.4,7.9,2.5,349,5.96,5.0,2.9,Met
OPS-009711,ORD-009711,3.7,3.8,4.5,931,9.25,5.0,4.8,Met
OPS-010091,ORD-010091,0.6,2.2,1.3,1799,6.41,5.0,1.4,Met
OPS-009867,ORD-009867,3.7,4.3,6.8,291,5.58,5.0,7.1,Breached
OPS-005946,ORD-005946,2.6,5.4,5.9,667,5.68,5.0,6.2,Breached
OPS-004263,ORD-004263,2.4,4.7,6.2,1542,11.97,5.0,6.5,Breached
OPS-010812,ORD-010812,1.0,3.8,1.7,588,11.58,5.0,1.9,Met
OPS-005512,ORD-005512,2.0,2.9,6.5,1656,8.42,5.0,6.7,Breached
OPS-009696,ORD-009696,2.4,2.6,2.7,851,9.03,5.0,2.9,Met
OPS-004332,ORD-004332,2.0,6.4,4.9,559,7.54,5.0,5.2,Breached
OPS-010593,ORD-010593,1.4,1.4,5.5,804,7.59,5.0,5.6,Breached
OPS-008817,ORD-008817,3.4,1.6,6.0,125,12.99,5.0,6.2,Breached
OPS-006553,ORD-006553,0.8,7.6,2.5,795,13.98,5.0,2.9,Met
OPS-009801,ORD-009801,1.2,7.9,1.5,1902,6.87,5.0,1.9,Met
OPS-008298,ORD-008298,2.7,4.3,2.7,1325,13.16,5.0,3.0,Met
OPS-006377,ORD-006377,2.1,5.0,2.2,995,4.31,5.0,2.5,Met
OPS-003880,ORD-003880,3.7,3.5,3.8,1539,9.47,5.0,4.1,Met
OPS-009326,ORD-009326,3.4,6.8,4.7,1906,9.05,5.0,5.1,Breached
OPS-007804,ORD-007804,1.8,1.3,5.8,1536,8.05,5.0,5.9,Breached
OPS-011768,ORD-011768,0.7,5.4,6.5,703,5.16,5.0,6.8,Breached
OPS-012295,ORD-012295,3.0,5.6,4.8,118,5.93,5.0,5.2,Breached
OPS-005098,ORD-005098,2.4,5.8,6.7,863,10.12,5.0,7.0,Breached
OPS-006685,ORD-006685,0.7,7.5,5.9,1893,6.13,5.0,6.2,Breached
OPS-006549,ORD-006549,1.5,6.0,3.6,1929,12.24,5.0,3.9,Met
OPS-008562,ORD-008562,0.7,5.8,4.7,907,9.83,5.0,5.0,Met
OPS-010900,ORD-010900,1.7,5.7,4.6,1138,13.71,5.0,4.9,Met
OPS-011062,ORD-011062,1.7,2.7,2.6,1482,8.82,5.0,2.8,Met
OPS-000426,ORD-000426,2.4,6.8,4.9,141,4.54,5.0,5.3,Breached
OPS-003937,ORD-003937,3.5,4.1,1.2,1238,5.93,5.0,1.5,Met
OPS-000347,ORD-000347,2.9,5.9,3.4,1481,9.46,5.0,3.8,Met
OPS-005629,ORD-005629,3.6,1.4,1.8,271,13.57,5.0,2.0,Met
OPS-007992,ORD-007992,2.4,3.5,4.7,1631,8.31,5.0,4.9,Met
OPS-004659,ORD-004659,1.4,1.3,3.0,1226,5.8,5.0,3.1,Met
OPS-007331,ORD-007331,1.7,4.8,5.3,1453,13.54,5.0,5.6,Breached
OPS-007096,ORD-007096,2.6,2.1,2.5,1184,10.54,5.0,2.7,Met
OPS-004339,ORD-004339,3.2,5.7,5.1,501,6.86,5.0,5.5,Breached
OPS-010061,ORD-010061,3.6,3.7,3.0,757,9.53,5.0,3.3,Met
OPS-004196,ORD-004196,1.0,7.7,4.8,1616,6.26,5.0,5.2,Breached
OPS-003294,ORD-003294,1.9,4.4,7.0,581,5.8,5.0,7.3,Breached
OPS-006162,ORD-006162,2.8,7.5,5.2,649,10.38,5.0,5.6,Breached
OPS-000928,ORD-000928,2.6,7.4,5.1,1538,7.76,5.0,5.5,Breached
OPS-010126,ORD-010126,2.2,1.7,4.2,1394,13.9,5.0,4.4,Met
OPS-005066,ORD-005066,1.0,7.4,5.7,532,9.38,5.0,6.0,Breached
OPS-009470,ORD-009470,1.4,1.9,2.6,1683,9.22,5.0,2.7,Met
OPS-009003,ORD-009003,1.3,5.1,2.2,661,6.47,5.0,2.5,Met
OPS-000706,ORD-000706,1.8,4.6,3.7,1326,13.08,5.0,4.0,Met
OPS-000579,ORD-000579,3.0,7.7,5.6,1515,6.29,5.0,6.0,Breached
OPS-000539,ORD-000539,3.4,2.9,2.6,1174,10.89,5.0,2.9,Met
OPS-008650,ORD-008650,1.6,3.7,3.8,168,13.74,5.0,4.0,Met
OPS-010856,ORD-010856,2.5,1.2,1.9,365,5.47,5.0,2.1,Met
OPS-008302,ORD-008302,2.2,1.5,4.1,1778,6.63,5.0,4.3,Met
OPS-011090,ORD-011090,1.3,4.8,3.4,1097,7.09,5.0,3.7,Met
OPS-007028,ORD-007028,0.9,5.6,5.3,604,8.0,5.0,5.6,Breached
OPS-004118,ORD-004118,1.6,6.3,6.0,462,8.39,5.0,6.3,Breached
OPS-012359,ORD-012359,1.0,2.4,6.1,1464,9.35,5.0,6.2,Breached
OPS-005660,ORD-005660,4.0,1.8,5.1,898,5.18,5.0,5.3,Breached
OPS-005508,ORD-005508,2.5,2.2,1.2,936,7.32,5.0,1.4,Met
OPS-006056,ORD-006056,4.0,3.5,6.9,437,10.98,5.0,7.2,Breached
OPS-004236,ORD-004236,2.0,2.1,1.5,1767,5.28,5.0,1.7,Met
OPS-001938,ORD-001938,3.2,3.0,4.2,1545,6.24,5.0,4.5,Met
OPS-010438,ORD-010438,1.3,4.7,5.7,1256,10.53,5.0,6.0,Breached
OPS-007383,ORD-007383,0.5,4.6,1.5,850,11.97,5.0,1.7,Met
OPS-007426,ORD-007426,2.6,3.2,3.8,1488,8.32,5.0,4.0,Met
OPS-010080,ORD-010080,1.6,8.0,2.6,1631,4.31,5.0,3.0,Met
OPS-011781,ORD-011781,1.8,1.1,1.6,786,8.41,5.0,1.7,Met
OPS-012156,ORD-012156,2.3,4.3,2.3,285,13.79,5.0,2.6,Met
OPS-005487,ORD-005487,3.3,3.1,2.4,1915,11.69,5.0,2.7,Met
OPS-008933,ORD-008933,1.8,1.3,5.3,1732,10.96,5.0,5.4,Breached
OPS-002518,ORD-002518,4.0,7.6,4.8,732,10.29,5.0,5.3,Breached
OPS-010049,ORD-010049,2.7,7.1,5.4,1906,4.55,5.0,5.8,Breached
OPS-011923,ORD-011923,3.5,1.4,6.6,309,9.18,5.0,6.8,Breached
OPS-002722,ORD-002722,1.9,7.2,3.1,1942,6.68,5.0,3.5,Met
OPS-003476,ORD-003476,1.5,7.5,5.2,861,5.11,5.0,5.6,Breached
OPS-004573,ORD-004573,2.8,2.4,6.6,1890,6.1,5.0,6.8,Breached
OPS-000136,ORD-000136,3.2,5.4,5.9,1145,12.74,5.0,6.3,Breached
OPS-003051,ORD-003051,1.2,7.0,4.3,1309,11.23,5.0,4.6,Met
OPS-009067,ORD-009067,3.4,4.0,4.1,570,6.93,5.0,4.4,Met
OPS-001657,ORD-001657,1.2,1.8,3.3,1251,7.91,5.0,3.4,Met
OPS-008658,ORD-008658,3.0,1.3,5.5,1260,4.01,5.0,5.7,Breached
OPS-006722,ORD-006722,1.7,5.6,4.3,1734,11.41,5.0,4.6,Met
OPS-002710,ORD-002710,3.5,5.8,3.3,307,5.34,5.0,3.7,Met
OPS-006829,ORD-006829,3.1,3.1,5.6,320,10.7,5.0,5.9,Breached
OPS-012263,ORD-012263,1.3,6.7,6.1,947,13.4,5.0,6.4,Breached
OPS-005054,ORD-005054,0.5,4.6,3.4,669,11.85,5.0,3.6,Met
OPS-009604,ORD-009604,2.4,1.8,6.0,688,7.08,5.0,6.2,Breached
OPS-004898,ORD-004898,3.5,5.2,1.5,1948,12.98,5.0,1.9,Met
OPS-002364,ORD-002364,2.9,8.0,2.9,622,6.23,5.0,3.4,Met
OPS-011147,ORD-011147,3.1,2.9,3.7,1392,5.88,5.0,4.0,Met
OPS-003892,ORD-003892,3.0,1.1,4.3,1710,11.15,5.0,4.5,Met
OPS-001639,ORD-001639,2.0,5.1,3.3,768,5.1,5.0,3.6,Met
OPS-001762,ORD-001762,3.7,5.9,3.2,136,6.64,5.0,3.6,Met
OPS-010987,ORD-010987,3.1,3.2,2.5,1179,8.13,5.0,2.8,Met
OPS-011722,ORD-011722,3.1,1.5,5.7,723,11.9,5.0,5.9,Breached
OPS-003569,ORD-003569,2.8,2.5,4.9,919,5.16,5.0,5.1,Breached
OPS-010694,ORD-010694,2.1,6.6,1.5,666,5.14,5.0,1.9,Met
OPS-007099,ORD-007099,1.5,5.8,3.0,1680,7.74,5.0,3.3,Met
OPS-001879,ORD-001879,3.9,1.8,5.3,1358,7.04,5.0,5.5,Breached
OPS-002869,ORD-002869,3.5,6.5,3.5,1677,7.43,5.0,3.9,Met
OPS-007873,ORD-007873,1.1,2.9,6.9,258,6.45,5.0,7.1,Breached
OPS-007743,ORD-007743,1.8,2.4,2.2,1002,5.87,5.0,2.4,Met
OPS-000600,ORD-000600,3.7,2.3,4.7,1494,6.27,5.0,5.0,Met
OPS-012304,ORD-012304,3.3,6.0,5.2,1641,6.72,5.0,5.6,Breached
OPS-004394,ORD-004394,1.0,1.4,4.6,1935,5.14,5.0,4.7,Met
OPS-001466,ORD-001466,1.2,7.6,2.1,1429,4.79,5.0,2.5,Met
OPS-001453,ORD-001453,1.2,2.8,3.5,448,8.58,5.0,3.7,Met
OPS-006059,ORD-006059,3.3,2.8,4.2,1638,12.77,5.0,4.5,Met
OPS-008450,ORD-008450,1.3,2.9,2.5,1091,4.35,5.0,2.7,Met
OPS-003227,ORD-003227,2.6,6.7,2.1,559,12.6,5.0,2.5,Met
OPS-010338,ORD-010338,3.6,2.3,4.8,1714,13.43,5.0,5.0,Met
OPS-008579,ORD-008579,3.3,3.9,4.9,230,4.77,5.0,5.2,Breached
OPS-002295,ORD-002295,3.8,2.8,1.4,1596,5.44,5.0,1.7,Met
OPS-004767,ORD-004767,2.9,1.1,6.7,177,5.59,5.0,6.9,Breached
OPS-002804,ORD-002804,2.7,5.8,2.2,1312,8.64,5.0,2.6,Met
OPS-001282,ORD-001282,2.8,1.6,5.4,654,7.17,5.0,5.6,Breached
OPS-002836,ORD-002836,2.7,4.1,1.5,1167,8.9,5.0,1.8,Met
OPS-008103,ORD-008103,1.6,5.8,5.6,1725,4.56,5.0,5.9,Breached
OPS-003167,ORD-003167,2.9,2.8,2.6,186,4.87,5.0,2.8,Met
OPS-007244,ORD-007244,1.2,2.3,6.5,1577,7.96,5.0,6.6,Breached
OPS-005150,ORD-005150,1.0,2.0,1.4,1871,10.14,5.0,1.5,Met
OPS-000281,ORD-000281,1.6,5.5,1.3,461,4.12,5.0,1.6,Met
OPS-001488,ORD-001488,2.4,5.5,4.8,1983,7.85,5.0,5.1,Breached
OPS-011997,ORD-011997,1.1,1.5,5.5,1814,12.25,5.0,5.6,Breached
OPS-000112,ORD-000112,2.8,4.3,5.0,1708,9.98,5.0,5.3,Breached
OPS-000127,ORD-000127,3.7,6.2,2.6,1882,4.34,5.0,3.0,Met
OPS-008145,ORD-008145,2.5,1.0,3.9,1166,10.05,5.0,4.0,Met
OPS-001043,ORD-001043,1.1,7.1,2.2,987,9.37,5.0,2.5,Met
OPS-000925,ORD-000925,3.4,8.0,1.3,904,12.48,5.0,1.8,Met
OPS-002540,ORD-002540,3.2,5.8,5.7,1414,6.31,5.0,6.1,Breached
OPS-000550,ORD-000550,1.1,3.9,4.5,874,5.95,5.0,4.7,Met
OPS-011963,ORD-011963,3.4,3.5,1.1,148,8.04,5.0,1.4,Met
OPS-006204,ORD-006204,3.9,5.9,3.7,1246,7.45,5.0,4.1,Met
OPS-001745,ORD-001745,1.7,1.3,6.9,382,9.77,5.0,7.0,Breached
OPS-001788,ORD-001788,0.9,4.6,5.3,458,13.66,5.0,5.5,Breached
OPS-001102,ORD-001102,2.2,3.6,3.3,650,13.43,5.0,3.5,Met
OPS-000237,ORD-000237,2.6,7.6,3.4,713,8.03,5.0,3.8,Met
OPS-010140,ORD-010140,4.0,6.7,6.8,1530,4.49,5.0,7.2,Breached
OPS-009512,ORD-009512,2.4,5.9,1.9,1141,9.39,5.0,2.2,Met
OPS-002662,ORD-002662,2.4,7.4,5.8,1104,7.1,5.0,6.2,Breached
OPS-010972,ORD-010972,2.7,6.4,3.8,1881,6.83,5.0,4.2,Met
OPS-007712,ORD-007712,3.1,5.0,1.6,1807,12.99,5.0,1.9,Met
OPS-008641,ORD-008641,3.4,3.5,2.9,235,13.25,5.0,3.2,Met
OPS-009927,ORD-009927,1.7,2.8,2.8,157,4.62,5.0,3.0,Met
OPS-011219,ORD-011219,2.3,5.2,1.5,853,7.69,5.0,1.8,Met
OPS-011393,ORD-011393,3.8,7.5,3.1,1481,7.46,5.0,3.6,Met
OPS-006828,ORD-006828,0.8,6.7,2.5,1614,8.64,5.0,2.8,Met
OPS-005236,ORD-005236,1.0,4.6,6.1,364,8.97,5.0,6.3,Breached
OPS-003567,ORD-003567,0.9,6.5,4.8,1029,11.69,5.0,5.1,Breached
OPS-005281,ORD-005281,2.5,3.8,6.2,1004,8.5,5.0,6.5,Breached
OPS-006760,ORD-006760,3.1,7.7,4.8,692,12.53,5.0,5.2,Breached
OPS-007431,ORD-007431,1.7,2.8,4.0,1618,11.04,5.0,4.2,Met
OPS-000173,ORD-000173,2.5,1.3,1.4,491,5.21,5.0,1.6,Met
OPS-007412,ORD-007412,2.1,6.9,6.8,192,13.16,5.0,7.2,Breached
OPS-007403,ORD-007403,1.5,1.9,6.7,494,9.63,5.0,6.8,Breached
OPS-005619,ORD-005619,2.7,4.8,4.4,1576,12.46,5.0,4.7,Met
OPS-000274,ORD-000274,2.6,6.7,4.5,1100,7.54,5.0,4.9,Met
OPS-011142,ORD-011142,0.5,1.4,2.5,1841,5.03,5.0,2.6,Met
OPS-009294,ORD-009294,1.8,3.1,3.8,1571,11.05,5.0,4.0,Met
OPS-000352,ORD-000352,3.7,4.9,6.8,130,8.69,5.0,7.2,Breached
OPS-011928,ORD-011928,3.2,7.9,2.7,1843,11.3,5.0,3.2,Met
OPS-007043,ORD-007043,3.7,5.4,4.5,1517,13.3,5.0,4.9,Met
OPS-005412,ORD-005412,2.8,3.5,5.9,573,4.54,5.0,6.2,Breached
OPS-004622,ORD-004622,2.2,6.1,6.1,1753,7.45,5.0,6.4,Breached
OPS-009090,ORD-009090,1.8,7.6,4.6,1548,10.48,5.0,5.0,Met
OPS-005044,ORD-005044,1.8,3.9,4.5,1459,6.21,5.0,4.7,Met
OPS-001001,ORD-001001,1.3,1.9,2.4,639,7.1,5.0,2.5,Met
OPS-005050,ORD-005050,0.5,5.3,1.1,658,13.53,5.0,1.3,Met
OPS-007971,ORD-007971,2.5,4.7,5.3,1054,5.0,5.0,5.6,Breached
OPS-008006,ORD-008006,2.6,7.8,6.4,844,12.91,5.0,6.8,Breached
OPS-000020,ORD-000020,1.0,7.4,4.4,174,5.77,5.0,4.8,Met
OPS-003759,ORD-003759,3.2,2.0,4.7,1136,6.76,5.0,4.9,Met
OPS-005691,ORD-005691,1.1,6.6,4.3,281,5.04,5.0,4.6,Met
OPS-012127,ORD-012127,2.0,6.5,1.6,1249,8.11,5.0,2.0,Met
OPS-008445,ORD-008445,1.7,4.5,2.2,1045,9.6,5.0,2.5,Met
OPS-007955,ORD-007955,0.9,5.5,4.8,1182,6.26,5.0,5.1,Breached
OPS-010239,ORD-010239,1.7,3.7,7.0,1039,9.71,5.0,7.2,Breached
OPS-006540,ORD-006540,3.8,4.5,3.1,618,13.33,5.0,3.4,Met
OPS-012313,ORD-012313,1.7,7.8,4.6,685,11.95,5.0,5.0,Met
OPS-000134,ORD-000134,2.1,5.4,3.0,1179,7.94,5.0,3.3,Met
OPS-011695,ORD-011695,2.0,1.7,5.8,708,7.05,5.0,6.0,Breached
OPS-010635,ORD-010635,3.1,6.2,2.0,1610,4.69,5.0,2.4,Met
OPS-004578,ORD-004578,3.6,3.4,2.3,189,9.62,5.0,2.6,Met
OPS-007325,ORD-007325,1.0,6.6,5.1,525,12.81,5.0,5.4,Breached
OPS-002074,ORD-002074,3.5,5.9,3.9,131,11.6,5.0,4.3,Met
OPS-006816,ORD-006816,3.7,8.0,6.6,1569,4.12,5.0,7.1,Breached
OPS-011988,ORD-011988,2.4,5.4,1.1,556,5.1,5.0,1.4,Met
OPS-004247,ORD-004247,1.7,2.9,6.0,1789,5.67,5.0,6.2,Breached
OPS-004699,ORD-004699,3.8,1.2,1.7,148,10.84,5.0,1.9,Met
OPS-005476,ORD-005476,1.7,2.8,2.5,1091,4.95,5.0,2.7,Met
OPS-003457,ORD-003457,3.8,2.9,6.0,410,7.96,5.0,6.3,Breached
OPS-011096,ORD-011096,1.8,3.8,1.3,142,4.49,5.0,1.5,Met
OPS-001122,ORD-001122,0.8,5.3,4.9,440,7.45,5.0,5.2,Breached
OPS-005902,ORD-005902,2.7,5.4,5.6,1542,9.6,5.0,5.9,Breached
OPS-001263,ORD-001263,0.8,3.9,5.3,1060,8.1,5.0,5.5,Breached
OPS-003119,ORD-003119,1.1,3.6,6.3,1624,10.6,5.0,6.5,Breached
OPS-007228,ORD-007228,0.6,1.6,5.0,472,12.36,5.0,5.1,Breached
OPS-010444,ORD-010444,3.2,4.5,4.9,1393,8.78,5.0,5.2,Breached
OPS-011938,ORD-011938,3.1,5.3,5.1,1019,11.61,5.0,5.4,Breached
OPS-010498,ORD-010498,1.9,1.9,4.9,872,10.03,5.0,5.1,Breached
OPS-008532,ORD-008532,1.1,7.0,2.2,1831,12.58,5.0,2.5,Met
OPS-008140,ORD-008140,2.8,7.3,6.8,711,11.78,5.0,7.2,Breached
OPS-012462,ORD-012462,3.1,6.6,1.8,953,8.77,5.0,2.2,Met
OPS-002972,ORD-002972,3.2,1.5,6.5,1146,6.72,5.0,6.7,Breached
OPS-001584,ORD-001584,1.9,1.4,4.0,1458,6.08,5.0,4.1,Met
OPS-007742,ORD-007742,2.2,5.2,1.5,938,5.64,5.0,1.8,Met
OPS-011816,ORD-011816,2.3,5.9,5.0,1139,10.4,5.0,5.3,Breached
OPS-003976,ORD-003976,1.8,5.1,4.4,446,6.18,5.0,4.7,Met
OPS-003289,ORD-003289,1.5,1.2,3.8,258,6.75,5.0,3.9,Met
OPS-000879,ORD-000879,3.5,4.8,3.6,1589,12.85,5.0,3.9,Met
OPS-011551,ORD-011551,2.4,2.6,1.2,1480,13.41,5.0,1.4,Met
OPS-007128,ORD-007128,0.6,1.6,3.2,318,7.84,5.0,3.3,Met
OPS-004406,ORD-004406,2.3,1.2,2.7,961,13.27,5.0,2.8,Met
OPS-001819,ORD-001819,3.4,4.5,6.4,1241,8.07,5.0,6.7,Breached
OPS-003152,ORD-003152,3.6,6.2,5.7,350,4.42,5.0,6.1,Breached
OPS-004426,ORD-004426,2.0,2.7,1.3,886,4.88,5.0,1.5,Met
OPS-010595,ORD-010595,0.7,7.8,4.6,1800,12.89,5.0,5.0,Met
OPS-005082,ORD-005082,3.3,3.1,3.6,343,6.84,5.0,3.9,Met
OPS-001223,ORD-001223,1.9,7.1,4.0,1757,5.72,5.0,4.4,Met
OPS-009319,ORD-009319,2.6,6.1,6.3,243,10.47,5.0,6.7,Breached
OPS-010846,ORD-010846,3.1,6.6,4.0,1316,6.49,5.0,4.4,Met
OPS-005862,ORD-005862,2.7,4.0,2.8,1056,8.55,5.0,3.1,Met
OPS-007339,ORD-007339,3.8,7.8,5.7,978,4.15,5.0,6.2,Breached
OPS-007573,ORD-007573,0.8,7.7,2.0,1171,11.55,5.0,2.4,Met
OPS-011409,ORD-011409,3.1,5.3,4.5,118,10.61,5.0,4.8,Met
OPS-008698,ORD-008698,1.3,3.4,1.5,869,4.31,5.0,1.7,Met
OPS-011784,ORD-011784,3.5,1.8,2.1,553,8.1,5.0,2.3,Met
OPS-005113,ORD-005113,2.4,2.5,5.4,649,11.47,5.0,5.6,Breached
OPS-002687,ORD-002687,2.5,5.4,2.6,337,6.29,5.0,2.9,Met
OPS-007811,ORD-007811,1.1,4.7,2.2,440,8.49,5.0,2.4,Met
OPS-006315,ORD-006315,1.1,5.3,5.6,1217,8.05,5.0,5.9,Breached
OPS-004651,ORD-004651,0.9,3.0,1.3,1407,11.35,5.0,1.5,Met
OPS-005397,ORD-005397,2.1,4.0,2.9,1178,11.5,5.0,3.2,Met
OPS-008531,ORD-008531,1.0,3.0,4.6,1852,9.62,5.0,4.8,Met
OPS-004205,ORD-004205,2.4,4.7,2.9,673,10.42,5.0,3.2,Met
OPS-004590,ORD-004590,1.0,3.8,1.3,425,10.06,5.0,1.5,Met
OPS-004925,ORD-004925,1.6,2.7,6.4,1870,10.23,5.0,6.6,Breached
OPS-001327,ORD-001327,3.0,3.3,5.8,1548,10.08,5.0,6.1,Breached
OPS-007762,ORD-007762,2.5,2.2,1.8,621,9.23,5.0,2.0,Met
OPS-008848,ORD-008848,0.6,6.6,4.3,1259,13.68,5.0,4.6,Met
OPS-001361,ORD-001361,3.3,3.7,5.7,1048,11.6,5.0,6.0,Breached
OPS-008494,ORD-008494,3.1,6.3,3.0,1395,10.74,5.0,3.4,Met
OPS-000226,ORD-000226,3.0,7.0,4.4,1753,7.41,5.0,4.8,Met
OPS-007322,ORD-007322,3.2,5.6,6.6,800,5.6,5.0,7.0,Breached
OPS-007607,ORD-007607,3.4,2.5,6.2,393,6.88,5.0,6.4,Breached
OPS-002654,ORD-002654,3.4,7.2,4.4,366,4.54,5.0,4.8,Met
OPS-002165,ORD-002165,3.6,4.6,5.7,790,6.08,5.0,6.0,Breached
OPS-002119,ORD-002119,3.2,5.6,1.4,820,9.55,5.0,1.8,Met
OPS-002911,ORD-002911,2.1,2.2,5.0,467,11.26,5.0,5.2,Breached
OPS-003404,ORD-003404,1.6,6.9,3.7,1513,13.43,5.0,4.1,Met
OPS-003149,ORD-003149,3.5,2.3,4.9,1129,5.29,5.0,5.1,Breached
OPS-003207,ORD-003207,1.7,7.3,5.3,1686,10.99,5.0,5.7,Breached
OPS-010128,ORD-010128,1.2,4.0,1.3,861,12.95,5.0,1.5,Met
OPS-005484,ORD-005484,2.8,4.4,6.1,226,5.22,5.0,6.4,Breached
OPS-002796,ORD-002796,2.6,1.8,5.1,1741,9.62,5.0,5.3,Breached
OPS-004171,ORD-004171,3.7,5.4,5.2,495,9.54,5.0,5.6,Breached
OPS-012042,ORD-012042,0.8,6.4,6.0,1358,13.99,5.0,6.3,Breached
OPS-003466,ORD-003466,1.6,4.0,2.5,290,5.24,5.0,2.7,Met
OPS-003800,ORD-003800,2.2,6.4,5.1,455,10.82,5.0,5.5,Breached
OPS-011035,ORD-011035,4.0,3.5,3.6,559,13.52,5.0,3.9,Met
OPS-008059,ORD-008059,2.1,4.1,5.4,1947,10.11,5.0,5.7,Breached
OPS-001126,ORD-001126,2.7,4.9,5.0,1756,9.37,5.0,5.3,Breached
OPS-010609,ORD-010609,3.8,7.0,4.7,518,12.53,5.0,5.2,Breached
OPS-005493,ORD-005493,3.6,7.8,4.7,899,11.07,5.0,5.2,Breached
OPS-000261,ORD-000261,1.0,5.4,2.4,1399,12.62,5.0,2.7,Met
OPS-012233,ORD-012233,2.9,7.5,6.0,1461,12.57,5.0,6.4,Breached
OPS-006486,ORD-006486,3.0,1.7,6.2,1950,10.57,5.0,6.4,Breached
OPS-009979,ORD-009979,3.9,7.0,5.9,917,11.71,5.0,6.4,Breached
OPS-006985,ORD-006985,1.7,1.1,6.0,1697,11.31,5.0,6.1,Breached
OPS-011633,ORD-011633,1.1,1.5,3.0,281,9.87,5.0,3.1,Met
OPS-008318,ORD-008318,1.0,4.7,6.0,948,12.15,5.0,6.2,Breached
OPS-005941,ORD-005941,3.1,7.9,1.0,1627,12.66,5.0,1.5,Met
OPS-004877,ORD-004877,1.2,4.0,3.0,1070,12.48,5.0,3.2,Met
OPS-000117,ORD-000117,2.9,5.7,3.2,297,8.05,5.0,3.6,Met
OPS-008703,ORD-008703,2.6,3.2,2.7,338,13.81,5.0,2.9,Met
OPS-010998,ORD-010998,1.2,7.7,6.5,1802,6.49,5.0,6.9,Breached
OPS-006871,ORD-006871,0.9,5.8,2.7,1663,10.15,5.0,3.0,Met
OPS-004733,ORD-004733,1.7,6.1,3.1,870,9.2,5.0,3.4,Met
OPS-001004,ORD-001004,1.4,5.7,3.3,108,6.13,5.0,3.6,Met
OPS-005644,ORD-005644,3.0,1.4,2.5,780,10.25,5.0,2.7,Met
OPS-007615,ORD-007615,2.2,6.6,3.3,1906,8.44,5.0,3.7,Met
OPS-009945,ORD-009945,2.6,6.0,5.1,510,11.49,5.0,5.5,Breached
OPS-001524,ORD-001524,2.6,5.2,6.7,1760,11.81,5.0,7.0,Breached
OPS-002012,ORD-002012,3.1,4.5,1.9,1606,8.25,5.0,2.2,Met
OPS-002045,ORD-002045,0.9,4.4,2.4,1288,9.09,5.0,2.6,Met
OPS-005308,ORD-005308,0.9,6.3,2.7,244,4.75,5.0,3.0,Met
OPS-004657,ORD-004657,0.9,1.4,1.5,722,7.89,5.0,1.6,Met
OPS-011515,ORD-011515,1.2,3.1,3.7,1388,12.53,5.0,3.9,Met
OPS-002425,ORD-002425,3.8,3.6,3.4,191,13.76,5.0,3.7,Met
OPS-005723,ORD-005723,2.1,6.7,3.0,811,6.86,5.0,3.4,Met
OPS-003828,ORD-003828,3.1,4.9,3.1,413,13.57,5.0,3.4,Met
OPS-004915,ORD-004915,3.6,6.7,4.9,254,4.3,5.0,5.3,Breached
OPS-012352,ORD-012352,0.7,4.1,4.9,1575,10.42,5.0,5.1,Breached
OPS-005596,ORD-005596,3.3,2.1,2.9,674,10.43,5.0,3.1,Met
OPS-005934,ORD-005934,1.3,5.8,1.4,621,10.61,5.0,1.7,Met
OPS-006267,ORD-006267,1.8,5.3,3.8,932,11.58,5.0,4.1,Met
OPS-004897,ORD-004897,0.7,1.3,5.7,529,6.68,5.0,5.8,Breached
OPS-006134,ORD-006134,1.6,7.1,4.5,1069,8.0,5.0,4.9,Met
OPS-000899,ORD-000899,3.3,3.9,2.1,1658,7.48,5.0,2.4,Met
OPS-004791,ORD-004791,0.5,5.3,1.3,589,7.78,5.0,1.5,Met
OPS-004580,ORD-004580,2.1,1.2,6.9,1387,6.46,5.0,7.0,Breached
OPS-011481,ORD-011481,2.9,5.9,5.9,628,11.97,5.0,6.3,Breached
OPS-008056,ORD-008056,1.8,8.0,2.0,1524,5.91,5.0,2.4,Met
OPS-002435,ORD-002435,1.3,4.7,3.5,183,7.08,5.0,3.8,Met
OPS-005986,ORD-005986,2.6,3.5,2.0,1870,11.09,5.0,2.3,Met
OPS-005051,ORD-005051,1.5,4.1,4.3,699,4.58,5.0,4.5,Met
OPS-003577,ORD-003577,0.9,7.6,6.1,1791,5.74,5.0,6.5,Breached
OPS-006859,ORD-006859,3.1,5.3,2.2,1602,8.13,5.0,2.6,Met
OPS-011770,ORD-011770,1.0,4.9,6.9,1209,6.89,5.0,7.1,Breached
OPS-003458,ORD-003458,3.3,6.0,2.5,727,7.2,5.0,2.9,Met
OPS-012399,ORD-012399,3.2,7.1,6.4,1274,4.17,5.0,6.8,Breached
OPS-012452,ORD-012452,3.9,3.2,2.6,679,7.18,5.0,2.9,Met
OPS-002812,ORD-002812,2.8,1.8,4.1,154,13.82,5.0,4.3,Met
OPS-005852,ORD-005852,1.5,7.5,5.8,595,13.63,5.0,6.2,Breached
OPS-007075,ORD-007075,2.6,1.4,4.7,907,11.1,5.0,4.9,Met
OPS-005728,ORD-005728,3.1,6.1,2.2,1879,7.07,5.0,2.6,Met
OPS-002721,ORD-002721,1.7,5.9,2.2,825,9.01,5.0,2.5,Met
OPS-010418,ORD-010418,1.6,4.1,1.1,1087,6.28,5.0,1.3,Met
OPS-010924,ORD-010924,3.8,6.7,3.6,1828,13.0,5.0,4.0,Met
OPS-006903,ORD-006903,1.7,5.5,3.2,738,11.05,5.0,3.5,Met
OPS-011498,ORD-011498,2.5,6.9,2.7,872,10.76,5.0,3.1,Met
OPS-002630,ORD-002630,3.1,1.1,2.2,905,8.19,5.0,2.4,Met
OPS-001733,ORD-001733,1.8,4.5,4.0,601,10.6,5.0,4.3,Met
OPS-005429,ORD-005429,2.2,4.3,3.8,711,5.44,5.0,4.1,Met
OPS-006293,ORD-006293,1.7,6.7,2.3,1798,6.36,5.0,2.6,Met
OPS-001394,ORD-001394,3.9,4.2,2.6,1833,7.67,5.0,2.9,Met
OPS-003126,ORD-003126,2.5,4.1,3.6,1800,7.96,5.0,3.9,Met
OPS-002924,ORD-002924,3.7,4.6,4.4,1625,5.55,5.0,4.7,Met
OPS-009903,ORD-009903,2.6,5.1,1.4,244,6.46,5.0,1.7,Met
OPS-003044,ORD-003044,3.6,4.8,2.1,1942,7.36,5.0,2.5,Met
OPS-011288,ORD-011288,2.0,6.4,6.4,1970,11.27,5.0,6.8,Breached
OPS-007654,ORD-007654,2.9,3.9,3.0,1972,4.98,5.0,3.3,Met
OPS-008610,ORD-008610,1.6,4.4,3.1,211,12.52,5.0,3.4,Met
OPS-005903,ORD-005903,2.1,1.5,4.1,1867,4.13,5.0,4.2,Met
OPS-002336,ORD-002336,3.0,5.9,6.2,1771,9.33,5.0,6.6,Breached
OPS-009314,ORD-009314,1.7,4.7,3.3,1779,5.77,5.0,3.6,Met
OPS-011420,ORD-011420,3.4,6.0,5.1,1265,5.47,5.0,5.5,Breached
OPS-001356,ORD-001356,3.5,4.3,3.0,1270,11.27,5.0,3.3,Met
OPS-008372,ORD-008372,3.6,7.0,6.8,101,9.6,5.0,7.2,Breached
OPS-004082,ORD-004082,2.8,4.7,3.8,1146,9.8,5.0,4.1,Met
OPS-000430,ORD-000430,2.3,1.1,4.1,1735,5.56,5.0,4.2,Met
OPS-005684,ORD-005684,3.5,5.9,4.7,604,8.76,5.0,5.1,Breached
OPS-002237,ORD-002237,1.9,1.9,3.3,267,7.99,5.0,3.5,Met
OPS-007492,ORD-007492,1.6,3.6,5.4,611,7.96,5.0,5.6,Breached
OPS-008124,ORD-008124,0.5,4.8,4.0,1634,11.03,5.0,4.2,Met
OPS-006811,ORD-006811,2.3,2.5,6.0,1020,7.51,5.0,6.2,Breached
OPS-007476,ORD-007476,1.2,7.5,3.5,648,5.95,5.0,3.9,Met
OPS-010627,ORD-010627,1.6,3.7,1.6,123,8.87,5.0,1.8,Met
OPS-012326,ORD-012326,2.2,7.8,3.2,1936,10.35,5.0,3.6,Met
OPS-007393,ORD-007393,0.9,2.3,4.5,491,7.51,5.0,4.6,Met
OPS-003987,ORD-003987,2.3,1.8,1.4,1839,12.16,5.0,1.6,Met
OPS-010820,ORD-010820,1.8,7.2,6.8,1206,12.69,5.0,7.2,Breached
OPS-000608,ORD-000608,0.7,1.2,1.0,1644,9.13,5.0,1.1,Met
OPS-009005,ORD-009005,3.7,1.2,2.7,272,11.34,5.0,2.9,Met
OPS-001905,ORD-001905,3.9,2.2,1.3,757,8.64,5.0,1.6,Met
OPS-008258,ORD-008258,0.6,5.4,4.6,140,13.49,5.0,4.8,Met
OPS-011258,ORD-011258,2.4,2.1,5.0,1232,6.33,5.0,5.2,Breached
OPS-007176,ORD-007176,1.3,3.8,6.4,163,9.62,5.0,6.6,Breached
OPS-002151,ORD-002151,2.3,4.6,1.4,1616,8.84,5.0,1.7,Met
OPS-002459,ORD-002459,1.9,5.5,6.2,1768,6.21,5.0,6.5,Breached
OPS-011429,ORD-011429,1.5,2.8,4.6,1326,4.34,5.0,4.8,Met
OPS-007544,ORD-007544,3.7,2.7,6.1,1005,11.97,5.0,6.4,Breached
OPS-010344,ORD-010344,1.3,2.0,1.0,713,11.61,5.0,1.1,Met
OPS-002828,ORD-002828,3.2,4.6,3.5,915,5.49,5.0,3.8,Met
OPS-001437,ORD-001437,3.2,5.5,2.7,1524,6.76,5.0,3.1,Met
OPS-002418,ORD-002418,3.4,1.7,1.9,629,10.41,5.0,2.1,Met
OPS-003903,ORD-003903,1.8,2.1,5.5,663,13.84,5.0,5.7,Breached
OPS-000408,ORD-000408,1.9,3.3,4.4,937,6.05,5.0,4.6,Met
OPS-008665,ORD-008665,2.1,3.3,3.5,1056,12.81,5.0,3.7,Met
OPS-008222,ORD-008222,2.9,3.3,3.7,1827,12.36,5.0,4.0,Met
OPS-007587,ORD-007587,0.9,6.3,6.4,808,7.39,5.0,6.7,Breached
OPS-009290,ORD-009290,3.8,6.5,6.7,177,5.53,5.0,7.1,Breached
OPS-005838,ORD-005838,2.8,2.3,5.9,1274,13.56,5.0,6.1,Breached
OPS-006505,ORD-006505,1.7,3.7,1.4,1267,12.12,5.0,1.6,Met
OPS-008485,ORD-008485,3.2,4.1,3.0,122,12.64,5.0,3.3,Met
OPS-010103,ORD-010103,1.1,3.8,2.3,1711,6.35,5.0,2.5,Met
OPS-006858,ORD-006858,1.8,1.8,2.9,1790,4.88,5.0,3.0,Met
OPS-009274,ORD-009274,1.3,4.5,4.9,873,4.32,5.0,5.1,Breached
OPS-006363,ORD-006363,1.5,7.6,3.8,691,5.56,5.0,4.2,Met
OPS-004991,ORD-004991,1.2,3.9,5.0,726,9.68,5.0,5.2,Breached
OPS-011991,ORD-011991,3.8,1.6,1.6,228,9.6,5.0,1.8,Met
OPS-011547,ORD-011547,0.5,1.3,2.0,861,7.0,5.0,2.1,Met
OPS-008050,ORD-008050,1.7,2.3,4.8,1594,11.97,5.0,5.0,Met
OPS-009461,ORD-009461,1.7,1.4,6.0,1406,7.89,5.0,6.1,Breached
OPS-005052,ORD-005052,0.7,7.5,5.4,1165,7.3,5.0,5.7,Breached
OPS-008236,ORD-008236,1.9,6.4,6.5,1172,6.86,5.0,6.8,Breached
OPS-002810,ORD-002810,0.5,4.5,4.8,266,13.82,5.0,5.0,Met
OPS-011079,ORD-011079,1.8,1.0,6.5,1147,12.91,5.0,6.6,Breached
OPS-003626,ORD-003626,1.6,1.8,3.4,1185,5.01,5.0,3.5,Met
OPS-007826,ORD-007826,0.6,4.8,5.6,831,5.04,5.0,5.8,Breached
OPS-009845,ORD-009845,3.6,5.0,4.8,1880,13.37,5.0,5.2,Breached
OPS-003314,ORD-003314,2.8,2.5,6.7,1307,10.63,5.0,6.9,Breached
OPS-002257,ORD-002257,0.6,7.7,2.0,1586,6.56,5.0,2.3,Met
OPS-000155,ORD-000155,1.1,4.9,3.6,871,10.65,5.0,3.9,Met
OPS-000537,ORD-000537,2.2,6.6,1.2,115,7.07,5.0,1.6,Met
OPS-012389,ORD-012389,3.6,7.4,2.8,1536,12.4,5.0,3.3,Met
OPS-008663,ORD-008663,3.4,4.6,3.1,1590,11.56,5.0,3.4,Met
OPS-002320,ORD-002320,1.7,5.2,3.2,100,4.36,5.0,3.5,Met
OPS-001944,ORD-001944,1.1,6.8,2.7,982,13.52,5.0,3.0,Met
OPS-009923,ORD-009923,1.9,5.6,6.7,1871,8.0,5.0,7.0,Breached
OPS-001006,ORD-001006,1.2,3.9,6.5,648,13.05,5.0,6.7,Breached
OPS-007369,ORD-007369,3.0,3.1,6.7,1377,4.83,5.0,7.0,Breached
OPS-009186,ORD-009186,1.2,2.0,6.4,311,13.05,5.0,6.5,Breached
OPS-001791,ORD-001791,3.6,7.8,2.8,1288,8.28,5.0,3.3,Met
OPS-007432,ORD-007432,3.8,3.4,2.5,1449,9.19,5.0,2.8,Met
OPS-002958,ORD-002958,1.2,6.1,6.1,1877,9.21,5.0,6.4,Breached
OPS-008818,ORD-008818,3.3,5.0,2.1,1471,9.81,5.0,2.4,Met
OPS-002652,ORD-002652,1.7,5.4,3.5,726,5.57,5.0,3.8,Met
OPS-003357,ORD-003357,1.0,4.1,4.3,799,6.39,5.0,4.5,Met
OPS-006185,ORD-006185,2.6,1.4,4.3,1439,4.64,5.0,4.5,Met
OPS-003401,ORD-003401,3.6,3.2,6.6,1864,7.79,5.0,6.9,Breached
OPS-010423,ORD-010423,1.0,3.4,2.9,746,12.63,5.0,3.1,Met
OPS-002975,ORD-002975,1.0,3.4,4.7,1882,7.89,5.0,4.9,Met
OPS-007837,ORD-007837,2.3,5.6,6.2,1996,4.28,5.0,6.5,Breached
OPS-006251,ORD-006251,1.4,4.1,3.8,183,10.0,5.0,4.0,Met
OPS-007081,ORD-007081,0.7,6.2,4.8,1252,12.03,5.0,5.1,Breached
OPS-008661,ORD-008661,2.1,4.7,1.5,425,11.61,5.0,1.8,Met
OPS-008133,ORD-008133,3.2,1.1,3.4,1485,7.68,5.0,3.6,Met
OPS-000918,ORD-000918,2.1,2.5,5.6,1680,8.85,5.0,5.8,Breached
OPS-006981,ORD-006981,2.4,2.8,4.9,520,13.23,5.0,5.1,Breached
OPS-005892,ORD-005892,1.3,4.9,6.6,489,10.54,5.0,6.9,Breached
OPS-004760,ORD-004760,2.8,7.0,4.5,278,9.09,5.0,4.9,Met
OPS-000769,ORD-000769,3.8,4.9,5.4,1995,4.72,5.0,5.8,Breached
OPS-005388,ORD-005388,2.8,2.0,2.9,1182,10.53,5.0,3.1,Met
OPS-007004,ORD-007004,2.3,4.6,5.4,719,4.56,5.0,5.7,Breached
OPS-007324,ORD-007324,1.5,3.8,3.4,1108,11.37,5.0,3.6,Met
OPS-012131,ORD-012131,3.4,7.1,2.2,593,11.1,5.0,2.6,Met
OPS-007140,ORD-007140,0.5,5.2,5.4,840,6.42,5.0,5.6,Breached
OPS-012075,ORD-012075,2.3,6.6,2.7,426,11.39,5.0,3.1,Met
OPS-001557,ORD-001557,2.3,3.8,5.4,1965,13.9,5.0,5.7,Breached
OPS-007876,ORD-007876,2.7,7.3,3.0,241,9.8,5.0,3.4,Met
OPS-000461,ORD-000461,2.4,6.7,4.8,1897,8.16,5.0,5.2,Breached
OPS-005187,ORD-005187,2.2,1.3,7.0,1711,6.35,5.0,7.1,Breached
OPS-007579,ORD-007579,3.9,6.1,6.9,892,6.4,5.0,7.3,Breached
OPS-001542,ORD-001542,1.4,5.0,6.5,1240,9.07,5.0,6.8,Breached
OPS-011313,ORD-011313,2.2,2.0,3.6,1510,4.08,5.0,3.8,Met
OPS-011060,ORD-011060,3.5,7.6,6.5,1699,9.63,5.0,7.0,Breached
OPS-003208,ORD-003208,3.7,7.4,2.6,755,7.35,5.0,3.1,Met
OPS-011848,ORD-011848,3.7,2.5,2.1,1870,12.17,5.0,2.4,Met
OPS-005139,ORD-005139,2.3,5.9,4.1,433,9.71,5.0,4.4,Met
OPS-004392,ORD-004392,0.8,7.8,2.2,401,9.2,5.0,2.6,Met
OPS-002108,ORD-002108,1.8,3.5,6.6,1298,9.36,5.0,6.8,Breached
OPS-010183,ORD-010183,2.8,4.1,6.1,1644,13.57,5.0,6.4,Breached
OPS-002784,ORD-002784,3.8,5.6,3.6,1118,12.4,5.0,4.0,Met
OPS-001604,ORD-001604,1.1,4.4,5.3,1334,11.49,5.0,5.5,Breached
OPS-001704,ORD-001704,3.3,2.0,6.8,1994,8.76,5.0,7.0,Breached
OPS-007392,ORD-007392,3.1,7.2,2.5,220,9.49,5.0,2.9,Met
OPS-003530,ORD-003530,4.0,1.2,6.3,1733,6.4,5.0,6.5,Breached
OPS-008679,ORD-008679,3.5,1.9,5.7,504,10.06,5.0,5.9,Breached
OPS-003543,ORD-003543,2.4,7.8,3.0,1285,8.86,5.0,3.4,Met
OPS-005913,ORD-005913,0.9,3.3,2.6,1209,7.52,5.0,2.8,Met
OPS-010398,ORD-010398,0.8,4.2,6.4,566,8.89,5.0,6.6,Breached
OPS-010973,ORD-010973,2.5,5.4,5.9,656,5.62,5.0,6.2,Breached
OPS-011697,ORD-011697,2.0,6.4,5.5,692,10.33,5.0,5.8,Breached
OPS-004960,ORD-004960,2.3,6.0,1.9,1804,6.17,5.0,2.2,Met
OPS-011750,ORD-011750,0.6,7.8,4.8,1285,12.17,5.0,5.1,Breached
OPS-003234,ORD-003234,3.4,5.0,2.2,1083,12.84,5.0,2.6,Met
OPS-009170,ORD-009170,3.2,5.6,4.1,962,5.37,5.0,4.5,Met
OPS-008075,ORD-008075,3.0,2.0,4.6,1317,10.8,5.0,4.8,Met
OPS-003784,ORD-003784,4.0,4.8,5.6,1767,6.76,5.0,6.0,Breached
OPS-005912,ORD-005912,3.3,3.8,1.2,187,10.87,5.0,1.5,Met
OPS-000767,ORD-000767,1.7,1.9,2.0,1557,7.41,5.0,2.1,Met
OPS-010467,ORD-010467,1.2,4.5,4.4,177,11.6,5.0,4.6,Met
OPS-002819,ORD-002819,2.7,5.1,1.2,1634,6.45,5.0,1.5,Met
OPS-002956,ORD-002956,3.6,2.3,1.9,1139,9.27,5.0,2.1,Met
OPS-003072,ORD-003072,3.9,1.1,2.1,1105,8.4,5.0,2.3,Met
OPS-007172,ORD-007172,1.5,2.8,1.1,789,8.85,5.0,1.3,Met
OPS-011361,ORD-011361,1.2,3.7,2.8,513,9.23,5.0,3.0,Met
OPS-003070,ORD-003070,2.2,3.3,4.7,423,4.6,5.0,4.9,Met
OPS-001553,ORD-001553,2.0,3.1,4.6,713,8.56,5.0,4.8,Met
OPS-012224,ORD-012224,1.1,7.2,4.3,491,7.52,5.0,4.6,Met
OPS-002498,ORD-002498,3.2,7.8,4.9,190,11.61,5.0,5.4,Breached
OPS-011197,ORD-011197,1.9,7.5,1.5,1344,10.03,5.0,1.9,Met
OPS-003839,ORD-003839,1.9,3.2,6.8,438,4.77,5.0,7.0,Breached
OPS-006970,ORD-006970,0.6,4.1,5.4,1342,13.21,5.0,5.6,Breached
OPS-012138,ORD-012138,3.2,4.7,5.0,148,12.22,5.0,5.3,Breached
OPS-009445,ORD-009445,0.9,5.0,5.7,1879,7.02,5.0,5.9,Breached
OPS-005841,ORD-005841,0.9,1.6,3.9,1159,8.26,5.0,4.0,Met
OPS-007950,ORD-007950,0.6,2.4,3.6,1796,11.39,5.0,3.7,Met
OPS-010478,ORD-010478,1.6,5.2,2.6,1575,10.36,5.0,2.9,Met
OPS-011173,ORD-011173,2.1,5.7,3.5,377,7.02,5.0,3.8,Met
OPS-009882,ORD-009882,3.3,7.3,4.8,1753,6.66,5.0,5.2,Breached
OPS-008565,ORD-008565,3.7,1.2,6.2,1190,12.19,5.0,6.4,Breached
OPS-004692,ORD-004692,3.5,4.0,4.1,613,13.36,5.0,4.4,Met
OPS-008350,ORD-008350,0.5,2.8,6.6,177,4.73,5.0,6.7,Breached
OPS-001637,ORD-001637,3.6,5.5,5.6,1195,5.77,5.0,6.0,Breached
OPS-002350,ORD-002350,0.7,2.5,6.4,247,8.51,5.0,6.5,Breached
OPS-000480,ORD-000480,1.6,3.2,3.2,299,7.48,5.0,3.4,Met
OPS-003171,ORD-003171,2.7,7.9,2.6,117,8.47,5.0,3.0,Met
OPS-002646,ORD-002646,1.8,5.6,1.7,1113,8.54,5.0,2.0,Met
OPS-005711,ORD-005711,2.5,6.2,2.9,190,10.28,5.0,3.3,Met
OPS-002640,ORD-002640,3.4,5.0,3.9,714,4.99,5.0,4.2,Met
OPS-003876,ORD-003876,2.0,7.0,5.5,1469,12.76,5.0,5.9,Breached
OPS-001898,ORD-001898,2.5,5.0,5.4,866,8.76,5.0,5.7,Breached
OPS-004201,ORD-004201,0.9,3.8,4.5,1372,9.97,5.0,4.7,Met
OPS-000451,ORD-000451,0.8,4.0,4.5,863,8.49,5.0,4.7,Met
OPS-011076,ORD-011076,1.8,3.7,1.7,993,10.66,5.0,1.9,Met
OPS-005742,ORD-005742,2.6,7.6,3.5,257,7.08,5.0,3.9,Met
OPS-000543,ORD-000543,3.3,6.7,5.7,1921,10.48,5.0,6.1,Breached
OPS-010832,ORD-010832,1.8,6.6,4.1,427,10.59,5.0,4.4,Met
OPS-000744,ORD-000744,2.1,7.4,1.0,1685,10.28,5.0,1.4,Met
OPS-010350,ORD-010350,1.8,7.1,1.7,850,12.16,5.0,2.1,Met
OPS-002065,ORD-002065,3.3,4.6,1.6,983,11.74,5.0,1.9,Met
OPS-008139,ORD-008139,2.1,3.5,1.5,322,7.77,5.0,1.7,Met
OPS-010711,ORD-010711,1.0,4.7,5.3,1077,10.44,5.0,5.5,Breached
OPS-006176,ORD-006176,2.4,6.7,6.0,743,13.67,5.0,6.4,Breached
OPS-000199,ORD-000199,4.0,6.8,1.1,1723,4.07,5.0,1.6,Met
OPS-004427,ORD-004427,0.7,7.4,4.4,1553,5.22,5.0,4.7,Met
OPS-011328,ORD-011328,2.7,5.8,3.6,596,10.8,5.0,4.0,Met
OPS-004996,ORD-004996,2.6,4.6,5.8,1261,12.51,5.0,6.1,Breached
OPS-011853,ORD-011853,3.4,2.3,1.5,216,4.76,5.0,1.7,Met
OPS-002027,ORD-002027,2.2,2.8,3.7,667,9.0,5.0,3.9,Met
OPS-006026,ORD-006026,2.4,1.9,2.5,1714,4.26,5.0,2.7,Met
OPS-003785,ORD-003785,2.2,1.8,2.1,1531,4.87,5.0,2.3,Met
OPS-000079,ORD-000079,1.9,5.0,3.4,1406,12.92,5.0,3.7,Met
OPS-005535,ORD-005535,4.0,1.8,1.8,536,7.12,5.0,2.0,Met
OPS-004338,ORD-004338,0.8,2.2,5.8,814,6.09,5.0,5.9,Breached
OPS-004804,ORD-004804,1.4,2.3,1.7,574,5.19,5.0,1.9,Met
OPS-008330,ORD-008330,1.1,2.7,3.5,864,9.21,5.0,3.7,Met
OPS-008551,ORD-008551,2.1,2.9,3.9,791,12.98,5.0,4.1,Met
OPS-000677,ORD-000677,3.5,4.7,1.0,213,4.78,5.0,1.3,Met
OPS-008008,ORD-008008,0.5,5.9,5.1,1505,12.01,5.0,5.4,Breached
OPS-002755,ORD-002755,2.4,5.8,5.4,1528,8.56,5.0,5.7,Breached
OPS-009775,ORD-009775,1.8,1.8,5.9,106,13.57,5.0,6.1,Breached
OPS-001919,ORD-001919,0.8,3.9,1.7,1870,11.72,5.0,1.9,Met
OPS-011181,ORD-011181,3.0,4.8,3.6,1148,10.81,5.0,3.9,Met
OPS-002826,ORD-002826,3.6,2.1,1.4,645,13.3,5.0,1.6,Met
OPS-009443,ORD-009443,3.1,7.1,2.4,1607,6.57,5.0,2.8,Met
OPS-009670,ORD-009670,2.8,1.7,6.1,1957,4.5,5.0,6.3,Breached
OPS-010945,ORD-010945,2.9,6.0,5.3,661,7.09,5.0,5.7,Breached
OPS-008159,ORD-008159,2.1,7.8,1.9,396,7.6,5.0,2.3,Met
OPS-001757,ORD-001757,3.1,4.8,3.7,147,11.87,5.0,4.0,Met
OPS-000159,ORD-000159,2.3,4.6,4.9,937,13.26,5.0,5.2,Breached
OPS-005958,ORD-005958,3.5,2.6,6.4,1608,8.13,5.0,6.7,Breached
OPS-006215,ORD-006215,1.3,7.5,3.1,484,10.9,5.0,3.5,Met
OPS-004794,ORD-004794,3.3,2.3,4.8,642,10.94,5.0,5.0,Met
OPS-007895,ORD-007895,0.8,7.4,6.2,823,4.02,5.0,6.5,Breached
OPS-002241,ORD-002241,1.6,3.0,3.3,1413,8.67,5.0,3.5,Met
OPS-003825,ORD-003825,1.1,4.1,1.5,1209,8.05,5.0,1.7,Met
OPS-003938,ORD-003938,3.7,2.0,5.0,772,12.46,5.0,5.2,Breached
OPS-004253,ORD-004253,2.9,6.5,2.3,1681,6.28,5.0,2.7,Met
OPS-002432,ORD-002432,2.1,5.4,4.5,1706,4.14,5.0,4.8,Met
OPS-007775,ORD-007775,2.0,2.6,3.1,1449,12.79,5.0,3.3,Met
OPS-005703,ORD-005703,3.7,2.5,5.4,1867,7.17,5.0,5.7,Breached
OPS-006089,ORD-006089,0.6,6.6,4.3,1577,12.6,5.0,4.6,Met
OPS-003005,ORD-003005,2.8,3.9,1.7,1282,11.92,5.0,2.0,Met
OPS-001171,ORD-001171,2.9,1.9,5.1,1838,4.9,5.0,5.3,Breached
OPS-003511,ORD-003511,2.0,1.2,2.7,1304,11.82,5.0,2.8,Met
OPS-011671,ORD-011671,1.2,7.4,5.6,1078,6.08,5.0,6.0,Breached
OPS-004373,ORD-004373,3.8,2.4,1.2,236,5.04,5.0,1.5,Met
OPS-006700,ORD-006700,0.9,5.4,2.8,829,13.84,5.0,3.1,Met
OPS-007519,ORD-007519,3.6,5.2,6.0,1851,4.8,5.0,6.4,Breached
OPS-011454,ORD-011454,1.4,5.1,4.9,1361,6.92,5.0,5.2,Breached
OPS-007237,ORD-007237,1.8,6.5,2.9,1378,12.16,5.0,3.2,Met
OPS-009921,ORD-009921,0.8,6.1,2.5,467,8.93,5.0,2.8,Met
OPS-000147,ORD-000147,3.2,4.1,5.1,799,9.83,5.0,5.4,Breached
OPS-004136,ORD-004136,0.7,5.2,1.6,1968,5.93,5.0,1.8,Met
OPS-009548,ORD-009548,0.6,6.0,4.6,1314,9.06,5.0,4.9,Met
OPS-008605,ORD-008605,3.4,5.7,5.2,1838,13.29,5.0,5.6,Breached
OPS-010384,ORD-010384,1.0,1.6,4.8,1781,5.0,5.0,4.9,Met
OPS-004859,ORD-004859,0.7,6.3,6.6,1821,11.59,5.0,6.9,Breached
OPS-008361,ORD-008361,3.3,3.7,3.1,1346,4.02,5.0,3.4,Met
OPS-010150,ORD-010150,0.8,1.5,2.3,1364,10.06,5.0,2.4,Met
OPS-001165,ORD-001165,2.4,7.4,6.2,614,13.94,5.0,6.6,Breached
OPS-002564,ORD-002564,3.4,5.6,4.4,1129,11.92,5.0,4.8,Met
OPS-011017,ORD-011017,3.3,6.4,1.6,1444,11.74,5.0,2.0,Met
OPS-008584,ORD-008584,1.0,1.2,5.3,321,6.02,5.0,5.4,Breached
OPS-002176,ORD-002176,3.0,5.8,2.1,640,12.31,5.0,2.5,Met
OPS-011299,ORD-011299,1.4,1.0,4.8,1308,5.04,5.0,4.9,Met
OPS-003331,ORD-003331,2.9,7.4,1.1,1427,11.9,5.0,1.5,Met
OPS-008308,ORD-008308,1.7,3.1,1.6,1624,5.44,5.0,1.8,Met
OPS-008602,ORD-008602,0.5,2.1,4.6,104,6.28,5.0,4.7,Met
OPS-002402,ORD-002402,2.1,5.2,4.0,1432,11.03,5.0,4.3,Met
OPS-003069,ORD-003069,1.5,7.8,2.9,384,13.05,5.0,3.3,Met
OPS-012250,ORD-012250,1.4,7.1,5.0,1235,6.11,5.0,5.4,Breached
OPS-005344,ORD-005344,0.7,2.3,1.9,1619,4.38,5.0,2.0,Met
OPS-000989,ORD-000989,3.9,1.1,2.7,495,6.53,5.0,2.9,Met
OPS-003836,ORD-003836,3.6,4.2,4.8,1983,11.78,5.0,5.1,Breached
OPS-012226,ORD-012226,1.6,3.6,6.3,235,6.62,5.0,6.5,Breached
OPS-008883,ORD-008883,0.8,5.9,5.0,1754,6.81,5.0,5.3,Breached
OPS-001381,ORD-001381,3.2,6.3,4.2,100,5.86,5.0,4.6,Met
OPS-012466,ORD-012466,1.0,2.9,2.5,753,11.38,5.0,2.7,Met
OPS-008979,ORD-008979,1.1,5.5,5.5,358,11.96,5.0,5.8,Breached
OPS-001814,ORD-001814,3.6,4.2,6.4,358,12.37,5.0,6.7,Breached
OPS-010392,ORD-010392,1.7,1.8,6.5,1544,6.01,5.0,6.6,Breached
OPS-008555,ORD-008555,3.5,7.8,3.1,1242,13.62,5.0,3.6,Met
OPS-005470,ORD-005470,3.4,7.5,5.3,626,4.54,5.0,5.8,Breached
OPS-010181,ORD-010181,2.8,5.0,2.7,807,8.55,5.0,3.0,Met
OPS-003854,ORD-003854,1.7,2.7,3.6,619,8.52,5.0,3.8,Met
OPS-000673,ORD-000673,1.4,5.4,4.2,132,10.65,5.0,4.5,Met
OPS-004200,ORD-004200,2.3,1.6,6.9,1693,6.85,5.0,7.1,Breached
OPS-007910,ORD-007910,1.7,3.6,3.2,289,9.44,5.0,3.4,Met
OPS-000009,ORD-000009,0.6,6.2,6.9,1073,6.16,5.0,7.2,Breached
OPS-011044,ORD-011044,3.3,1.4,5.8,1277,9.49,5.0,6.0,Breached
OPS-004643,ORD-004643,2.3,6.5,4.3,275,5.71,5.0,4.7,Met
OPS-000249,ORD-000249,3.9,4.8,1.3,1142,4.67,5.0,1.7,Met
OPS-002658,ORD-002658,2.7,2.9,2.7,1811,8.72,5.0,2.9,Met
OPS-011692,ORD-011692,1.0,5.8,6.2,1352,7.75,5.0,6.5,Breached
OPS-005898,ORD-005898,1.4,7.0,4.3,1415,12.56,5.0,4.6,Met
OPS-012154,ORD-012154,3.7,1.5,2.2,498,7.22,5.0,2.4,Met
OPS-006010,ORD-006010,2.8,6.8,2.3,1984,8.5,5.0,2.7,Met
OPS-011553,ORD-011553,4.0,2.4,6.8,1631,7.14,5.0,7.1,Breached
OPS-008026,ORD-008026,4.0,2.0,2.0,1921,11.88,5.0,2.2,Met
OPS-011050,ORD-011050,0.6,5.9,5.1,1432,7.56,5.0,5.4,Breached
OPS-004685,ORD-004685,4.0,6.0,3.6,1713,10.42,5.0,4.0,Met
OPS-006551,ORD-006551,3.4,1.6,1.0,1481,6.39,5.0,1.2,Met
OPS-010337,ORD-010337,3.9,1.4,6.5,1466,5.9,5.0,6.7,Breached
OPS-006837,ORD-006837,2.0,2.2,3.8,1123,9.68,5.0,4.0,Met
OPS-003845,ORD-003845,2.4,6.1,3.1,1038,7.83,5.0,3.5,Met
OPS-008772,ORD-008772,1.9,7.8,2.1,402,11.54,5.0,2.5,Met
OPS-007260,ORD-007260,1.5,4.8,2.7,988,13.7,5.0,3.0,Met
OPS-004808,ORD-004808,3.9,6.6,2.3,147,12.97,5.0,2.7,Met
OPS-006758,ORD-006758,2.7,4.8,2.1,537,10.65,5.0,2.4,Met
OPS-010375,ORD-010375,0.9,5.9,1.3,1999,6.85,5.0,1.6,Met
OPS-011688,ORD-011688,2.9,2.7,1.8,357,13.98,5.0,2.0,Met
OPS-006379,ORD-006379,3.4,5.6,5.0,550,12.46,5.0,5.4,Breached
OPS-007421,ORD-007421,1.7,3.3,3.5,1618,11.49,5.0,3.7,Met
OPS-002478,ORD-002478,1.5,7.8,3.0,1665,13.38,5.0,3.4,Met
OPS-010322,ORD-010322,3.4,3.1,2.4,1044,8.19,5.0,2.7,Met
OPS-000655,ORD-000655,1.7,2.7,2.0,850,6.22,5.0,2.2,Met
OPS-005915,ORD-005915,2.7,3.5,5.2,1789,7.43,5.0,5.5,Breached
OPS-000985,ORD-000985,1.9,2.4,6.3,1469,12.66,5.0,6.5,Breached
OPS-005455,ORD-005455,1.2,4.2,5.0,382,11.33,5.0,5.2,Breached
OPS-010800,ORD-010800,3.3,1.1,2.4,1653,5.6,5.0,2.6,Met
OPS-003664,ORD-003664,2.9,6.1,1.8,1753,9.57,5.0,2.2,Met
OPS-005190,ORD-005190,0.6,1.2,6.5,157,6.75,5.0,6.6,Breached
OPS-009952,ORD-009952,1.6,1.6,6.6,781,13.6,5.0,6.7,Breached
OPS-000980,ORD-000980,1.0,5.5,3.9,1234,9.78,5.0,4.2,Met
OPS-005123,ORD-005123,2.3,4.8,1.1,1142,7.48,5.0,1.4,Met
OPS-010428,ORD-010428,2.6,5.1,7.0,572,11.57,5.0,7.3,Breached
OPS-004647,ORD-004647,1.1,2.7,6.6,594,4.6,5.0,6.8,Breached
OPS-011048,ORD-011048,2.9,6.4,3.0,1916,11.59,5.0,3.4,Met
OPS-006369,ORD-006369,3.1,4.1,5.9,1344,8.73,5.0,6.2,Breached
OPS-004438,ORD-004438,3.2,3.7,1.1,115,6.52,5.0,1.4,Met
OPS-005194,ORD-005194,0.7,1.9,3.5,602,8.24,5.0,3.6,Met
OPS-010065,ORD-010065,3.5,7.2,3.5,1601,8.47,5.0,3.9,Met
OPS-003267,ORD-003267,1.2,6.1,4.2,1102,8.05,5.0,4.5,Met
OPS-003932,ORD-003932,1.0,2.7,4.2,1095,5.41,5.0,4.4,Met
OPS-000214,ORD-000214,1.5,7.7,1.0,517,5.81,5.0,1.4,Met
OPS-006559,ORD-006559,1.9,1.7,2.3,1862,5.74,5.0,2.4,Met
OPS-007031,ORD-007031,2.5,3.2,6.9,364,9.91,5.0,7.1,Breached
OPS-010834,ORD-010834,3.1,7.4,1.6,598,8.24,5.0,2.0,Met
OPS-007721,ORD-007721,3.3,4.4,6.9,1684,10.05,5.0,7.2,Breached
OPS-004130,ORD-004130,1.9,4.6,5.4,1827,6.38,5.0,5.7,Breached
OPS-002864,ORD-002864,1.8,6.7,3.4,393,10.13,5.0,3.8,Met
OPS-003893,ORD-003893,1.8,2.6,1.5,229,9.51,5.0,1.7,Met
OPS-010307,ORD-010307,4.0,1.1,4.0,1166,12.78,5.0,4.2,Met
OPS-009444,ORD-009444,2.3,5.7,1.6,862,13.26,5.0,1.9,Met
OPS-002594,ORD-002594,1.5,6.8,5.6,1591,8.02,5.0,5.9,Breached
OPS-004399,ORD-004399,0.9,1.1,4.6,271,12.3,5.0,4.7,Met
OPS-010235,ORD-010235,2.3,2.1,4.3,379,4.37,5.0,4.5,Met
OPS-000987,ORD-000987,2.6,3.5,2.8,1499,6.96,5.0,3.1,Met
OPS-002443,ORD-002443,4.0,6.5,4.2,1180,13.79,5.0,4.6,Met
OPS-003888,ORD-003888,2.7,1.1,4.6,478,11.68,5.0,4.8,Met
OPS-010617,ORD-010617,1.6,4.4,2.0,1305,12.67,5.0,2.2,Met
OPS-009468,ORD-009468,3.0,4.5,2.5,1942,10.45,5.0,2.8,Met
OPS-011308,ORD-011308,1.4,4.5,1.2,605,7.84,5.0,1.4,Met
OPS-007238,ORD-007238,1.4,6.5,5.3,1607,9.08,5.0,5.6,Breached
OPS-011986,ORD-011986,2.7,6.6,1.3,400,6.47,5.0,1.7,Met
OPS-004113,ORD-004113,3.2,5.6,4.8,1684,5.75,5.0,5.2,Breached
OPS-003396,ORD-003396,1.6,4.2,4.1,872,8.63,5.0,4.3,Met
OPS-008143,ORD-008143,0.5,7.4,5.5,1550,6.36,5.0,5.8,Breached
OPS-007360,ORD-007360,2.5,1.8,5.8,1477,10.82,5.0,6.0,Breached
OPS-007175,ORD-007175,1.5,2.1,6.1,1487,6.66,5.0,6.2,Breached
OPS-004748,ORD-004748,1.2,2.3,6.7,141,13.86,5.0,6.8,Breached
OPS-004063,ORD-004063,0.8,5.2,1.7,1054,6.62,5.0,1.9,Met
OPS-002138,ORD-002138,3.6,2.5,1.1,693,11.62,5.0,1.4,Met
OPS-004209,ORD-004209,3.8,1.3,4.5,1561,6.18,5.0,4.7,Met
OPS-008187,ORD-008187,2.9,2.2,2.6,1063,4.29,5.0,2.8,Met
OPS-002114,ORD-002114,2.7,6.1,2.9,908,5.54,5.0,3.3,Met
OPS-004027,ORD-004027,0.9,3.9,6.5,463,9.69,5.0,6.7,Breached
OPS-007233,ORD-007233,0.9,5.9,1.4,403,5.29,5.0,1.7,Met
OPS-008664,ORD-008664,2.4,3.8,6.1,1123,10.68,5.0,6.4,Breached
OPS-011307,ORD-011307,1.0,5.7,6.3,390,6.06,5.0,6.6,Breached
OPS-008400,ORD-008400,2.8,4.9,4.5,1885,8.97,5.0,4.8,Met
OPS-001183,ORD-001183,3.1,6.2,6.2,1338,13.27,5.0,6.6,Breached
OPS-011483,ORD-011483,0.9,4.0,4.2,262,12.72,5.0,4.4,Met
OPS-012118,ORD-012118,1.3,6.9,2.4,175,13.33,5.0,2.7,Met
OPS-007505,ORD-007505,3.0,2.8,2.1,1087,9.6,5.0,2.3,Met
OPS-006234,ORD-006234,2.9,2.5,4.3,1567,11.85,5.0,4.5,Met
OPS-007584,ORD-007584,2.3,7.5,4.3,1558,9.25,5.0,4.7,Met
OPS-002877,ORD-002877,2.4,4.8,6.1,404,7.94,5.0,6.4,Breached
OPS-008559,ORD-008559,3.6,4.5,4.0,1124,13.12,5.0,4.3,Met
OPS-007870,ORD-007870,1.4,7.4,4.1,434,13.93,5.0,4.5,Met
OPS-007711,ORD-007711,1.5,7.2,1.9,485,4.6,5.0,2.3,Met
OPS-009241,ORD-009241,2.9,4.4,4.8,798,7.86,5.0,5.1,Breached
OPS-001564,ORD-001564,0.6,3.4,3.5,1565,7.9,5.0,3.7,Met
OPS-003936,ORD-003936,2.2,1.2,4.5,104,11.19,5.0,4.6,Met
OPS-006139,ORD-006139,1.3,7.8,1.6,1120,9.36,5.0,2.0,Met
OPS-009717,ORD-009717,3.0,3.3,5.7,1926,8.74,5.0,6.0,Breached
OPS-003441,ORD-003441,1.9,1.9,3.4,1912,6.51,5.0,3.6,Met
OPS-007156,ORD-007156,2.0,7.0,2.3,1515,5.84,5.0,2.7,Met
OPS-008770,ORD-008770,0.7,4.3,3.3,1593,10.78,5.0,3.5,Met
OPS-005733,ORD-005733,3.7,7.8,5.6,1482,6.23,5.0,6.1,Breached
OPS-001423,ORD-001423,1.7,2.6,6.7,1707,4.32,5.0,6.9,Breached
OPS-003496,ORD-003496,0.8,1.4,2.2,1877,4.85,5.0,2.3,Met
OPS-001948,ORD-001948,1.3,7.5,1.3,1703,6.35,5.0,1.7,Met
OPS-011930,ORD-011930,1.0,3.0,3.1,176,8.73,5.0,3.3,Met
OPS-002078,ORD-002078,1.2,7.4,3.0,1209,9.27,5.0,3.4,Met
OPS-001696,ORD-001696,1.3,4.5,5.9,467,12.46,5.0,6.1,Breached
OPS-006373,ORD-006373,3.5,1.9,6.8,1072,4.42,5.0,7.0,Breached
OPS-004946,ORD-004946,3.3,7.4,1.8,1821,5.67,5.0,2.2,Met
OPS-004727,ORD-004727,2.5,1.9,2.5,1828,11.77,5.0,2.7,Met
OPS-001340,ORD-001340,3.0,4.1,2.8,1954,9.0,5.0,3.1,Met
OPS-003364,ORD-003364,3.7,2.8,3.6,1520,6.22,5.0,3.9,Met
OPS-006912,ORD-006912,3.6,3.1,1.2,242,13.5,5.0,1.5,Met
OPS-012009,ORD-012009,0.6,1.5,2.3,1187,10.58,5.0,2.4,Met
OPS-002292,ORD-002292,3.9,1.3,3.7,739,6.64,5.0,3.9,Met
OPS-001569,ORD-001569,1.1,4.2,6.4,538,5.83,5.0,6.6,Breached
OPS-011225,ORD-011225,2.3,2.3,2.9,780,11.74,5.0,3.1,Met
OPS-002181,ORD-002181,3.5,1.9,6.3,270,13.02,5.0,6.5,Breached
OPS-008484,ORD-008484,2.1,2.0,3.2,1229,10.02,5.0,3.4,Met
OPS-009032,ORD-009032,2.5,4.8,6.6,1572,8.18,5.0,6.9,Breached
OPS-000308,ORD-000308,2.5,6.5,2.3,1106,6.75,5.0,2.7,Met
OPS-006192,ORD-006192,1.6,6.4,5.7,1908,11.77,5.0,6.0,Breached
OPS-005576,ORD-005576,1.6,3.6,1.6,1344,13.0,5.0,1.8,Met
OPS-001621,ORD-001621,3.7,5.7,3.6,179,12.94,5.0,4.0,Met
OPS-003557,ORD-003557,3.3,4.0,5.4,1941,6.27,5.0,5.7,Breached
OPS-008623,ORD-008623,2.9,2.6,2.9,155,9.29,5.0,3.1,Met
OPS-011163,ORD-011163,1.6,4.7,2.8,855,6.86,5.0,3.1,Met
OPS-001388,ORD-001388,3.5,7.9,5.5,483,4.11,5.0,6.0,Breached
OPS-008322,ORD-008322,3.1,6.2,1.6,1437,9.69,5.0,2.0,Met
OPS-012065,ORD-012065,2.7,4.9,3.9,1125,5.61,5.0,4.2,Met
OPS-010333,ORD-010333,3.6,7.4,3.7,1701,6.3,5.0,4.2,Met
OPS-010056,ORD-010056,3.9,6.0,6.7,1619,10.77,5.0,7.1,Breached
OPS-001449,ORD-001449,1.1,5.2,5.4,497,5.02,5.0,5.7,Breached
OPS-001464,ORD-001464,2.3,3.8,4.9,335,10.65,5.0,5.2,Breached
OPS-007055,ORD-007055,2.5,6.0,4.7,349,4.97,5.0,5.1,Breached
OPS-007689,ORD-007689,3.6,3.1,3.1,1266,6.71,5.0,3.4,Met
OPS-006435,ORD-006435,1.6,1.4,3.8,251,7.53,5.0,3.9,Met
OPS-008451,ORD-008451,3.0,3.1,1.2,1683,13.94,5.0,1.5,Met
OPS-008423,ORD-008423,2.9,5.5,6.7,1568,7.7,5.0,7.0,Breached
OPS-009142,ORD-009142,2.8,1.6,5.9,1752,13.73,5.0,6.1,Breached
OPS-011723,ORD-011723,0.8,6.3,2.0,2000,5.21,5.0,2.3,Met
OPS-005178,ORD-005178,1.6,2.6,3.6,1105,12.8,5.0,3.8,Met
OPS-000540,ORD-000540,3.2,2.5,1.4,588,5.81,5.0,1.6,Met
OPS-004884,ORD-004884,3.1,5.9,2.9,1774,13.73,5.0,3.3,Met
OPS-005907,ORD-005907,0.8,6.5,3.1,1618,5.58,5.0,3.4,Met
OPS-007563,ORD-007563,3.3,4.5,3.8,1588,6.19,5.0,4.1,Met
OPS-011151,ORD-011151,1.0,3.9,1.4,1140,8.03,5.0,1.6,Met
OPS-004970,ORD-004970,1.6,6.1,4.5,826,4.17,5.0,4.8,Met
OPS-004415,ORD-004415,3.0,5.6,5.8,751,4.87,5.0,6.2,Breached
OPS-000512,ORD-000512,3.3,2.4,6.8,134,4.99,5.0,7.0,Breached
OPS-001811,ORD-001811,1.6,1.7,2.7,912,8.01,5.0,2.8,Met
OPS-010610,ORD-010610,1.6,3.1,6.4,145,11.62,5.0,6.6,Breached
OPS-001089,ORD-001089,0.8,5.2,6.4,1767,7.71,5.0,6.7,Breached
OPS-007038,ORD-007038,3.7,2.7,4.0,1914,6.72,5.0,4.3,Met
OPS-003553,ORD-003553,2.9,3.6,5.3,1794,11.55,5.0,5.6,Breached
OPS-003934,ORD-003934,0.6,7.5,2.3,120,7.81,5.0,2.6,Met
OPS-002451,ORD-002451,0.5,4.0,6.8,1656,11.62,5.0,7.0,Breached
OPS-009768,ORD-009768,3.3,7.3,6.9,873,4.43,5.0,7.3,Breached
OPS-004146,ORD-004146,3.7,6.5,3.5,1998,11.33,5.0,3.9,Met
OPS-007185,ORD-007185,1.9,6.8,6.7,1445,5.16,5.0,7.1,Breached
OPS-009397,ORD-009397,2.3,1.2,3.3,467,6.16,5.0,3.4,Met
OPS-002017,ORD-002017,1.4,4.4,1.3,471,5.66,5.0,1.5,Met
OPS-009034,ORD-009034,2.9,2.6,5.7,966,7.55,5.0,5.9,Breached
OPS-000637,ORD-000637,3.2,3.6,5.3,1748,6.07,5.0,5.6,Breached
OPS-007298,ORD-007298,3.7,1.9,6.0,825,6.32,5.0,6.2,Breached
OPS-005287,ORD-005287,1.7,5.9,2.4,1281,7.21,5.0,2.7,Met
OPS-010025,ORD-010025,3.7,6.2,4.5,866,5.45,5.0,4.9,Met
OPS-004823,ORD-004823,3.2,2.0,3.4,653,10.61,5.0,3.6,Met
OPS-001051,ORD-001051,1.1,3.9,4.9,330,12.3,5.0,5.1,Breached
OPS-007434,ORD-007434,0.6,5.6,5.8,1419,13.49,5.0,6.1,Breached
OPS-008683,ORD-008683,2.8,8.0,6.6,1025,13.69,5.0,7.0,Breached
OPS-005335,ORD-005335,3.9,5.6,1.5,1474,4.1,5.0,1.9,Met
OPS-010515,ORD-010515,3.9,3.1,1.6,431,11.81,5.0,1.9,Met
OPS-006604,ORD-006604,0.8,5.8,1.7,1853,12.28,5.0,2.0,Met
OPS-005586,ORD-005586,1.1,1.5,5.9,1808,9.35,5.0,6.0,Breached
OPS-008526,ORD-008526,1.3,3.9,1.5,1340,4.23,5.0,1.7,Met
OPS-003994,ORD-003994,3.9,1.2,2.1,1077,11.55,5.0,2.3,Met
OPS-005039,ORD-005039,2.9,3.5,6.1,284,7.77,5.0,6.4,Breached
OPS-001212,ORD-001212,1.8,2.0,5.8,1888,5.83,5.0,6.0,Breached
OPS-011063,ORD-011063,2.0,1.5,1.7,1491,5.45,5.0,1.8,Met
OPS-001451,ORD-001451,1.5,4.0,4.2,1125,11.02,5.0,4.4,Met
OPS-001435,ORD-001435,2.4,5.8,2.1,1654,5.34,5.0,2.4,Met
OPS-005929,ORD-005929,0.7,1.4,4.4,1087,6.83,5.0,4.5,Met
OPS-005274,ORD-005274,2.5,3.2,5.0,1295,5.84,5.0,5.2,Breached
OPS-005638,ORD-005638,1.8,6.3,5.0,1081,8.51,5.0,5.3,Breached
OPS-000116,ORD-000116,3.1,1.4,3.8,863,7.54,5.0,4.0,Met
OPS-000324,ORD-000324,1.6,7.6,1.3,1745,6.84,5.0,1.7,Met
OPS-005221,ORD-005221,2.8,7.9,2.7,1833,11.27,5.0,3.1,Met
OPS-004069,ORD-004069,3.1,3.0,4.4,945,5.2,5.0,4.7,Met
OPS-003847,ORD-003847,2.4,8.0,1.6,720,13.73,5.0,2.0,Met
OPS-003192,ORD-003192,1.5,1.5,1.4,1957,10.32,5.0,1.5,Met
OPS-001920,ORD-001920,2.8,7.2,1.0,1754,5.95,5.0,1.4,Met
OPS-000215,ORD-000215,3.0,7.9,4.8,1814,5.2,5.0,5.3,Breached
OPS-002158,ORD-002158,3.8,1.9,2.4,926,8.14,5.0,2.6,Met
OPS-000924,ORD-000924,2.7,3.0,2.1,1228,8.24,5.0,2.3,Met
OPS-001105,ORD-001105,3.8,7.8,6.8,773,7.68,5.0,7.3,Breached
OPS-005032,ORD-005032,2.7,5.7,3.1,1042,13.91,5.0,3.5,Met
OPS-010869,ORD-010869,3.7,5.1,6.3,104,5.43,5.0,6.7,Breached
OPS-005750,ORD-005750,3.4,7.7,1.3,700,11.74,5.0,1.8,Met
OPS-007174,ORD-007174,2.9,3.4,6.5,524,10.91,5.0,6.8,Breached
OPS-000581,ORD-000581,1.8,7.2,6.4,1740,10.5,5.0,6.8,Breached
OPS-001380,ORD-001380,1.1,3.4,4.5,1191,10.89,5.0,4.7,Met
OPS-000704,ORD-000704,1.2,2.9,5.3,1755,10.46,5.0,5.5,Breached
OPS-005795,ORD-005795,3.3,4.2,3.4,1777,5.97,5.0,3.7,Met
OPS-005403,ORD-005403,1.7,2.7,1.7,1974,11.23,5.0,1.9,Met
OPS-004951,ORD-004951,2.9,2.6,4.7,891,6.27,5.0,4.9,Met
OPS-005529,ORD-005529,0.7,7.9,2.6,808,7.66,5.0,3.0,Met
OPS-008947,ORD-008947,3.7,5.2,5.2,1205,8.72,5.0,5.6,Breached
OPS-003990,ORD-003990,3.0,6.9,6.4,1079,5.49,5.0,6.8,Breached
OPS-007533,ORD-007533,0.6,2.4,4.6,1856,13.69,5.0,4.7,Met
OPS-000149,ORD-000149,2.7,6.4,5.2,1872,13.53,5.0,5.6,Breached
OPS-003939,ORD-003939,2.5,3.8,2.4,1466,12.67,5.0,2.7,Met
OPS-009264,ORD-009264,1.3,7.7,4.7,850,9.0,5.0,5.1,Breached
OPS-005393,ORD-005393,2.2,6.9,4.8,172,4.4,5.0,5.2,Breached
OPS-009188,ORD-009188,1.9,5.9,3.4,1285,10.12,5.0,3.7,Met
OPS-007416,ORD-007416,1.5,7.9,2.2,397,11.81,5.0,2.6,Met
OPS-009320,ORD-009320,2.3,5.9,2.7,1306,5.31,5.0,3.0,Met
OPS-010887,ORD-010887,2.3,2.2,2.3,522,5.38,5.0,2.5,Met
OPS-006640,ORD-006640,2.2,4.7,2.5,855,4.83,5.0,2.8,Met
OPS-002921,ORD-002921,0.8,1.6,2.9,239,4.89,5.0,3.0,Met
OPS-003316,ORD-003316,3.8,5.7,4.5,1465,10.43,5.0,4.9,Met
OPS-011604,ORD-011604,2.8,5.2,5.1,462,13.82,5.0,5.4,Breached
OPS-010318,ORD-010318,2.1,4.2,5.2,999,10.88,5.0,5.5,Breached
OPS-011887,ORD-011887,1.6,6.6,6.2,846,10.58,5.0,6.5,Breached
OPS-009553,ORD-009553,2.8,2.3,3.0,1379,13.84,5.0,3.2,Met
OPS-000997,ORD-000997,3.9,5.2,6.6,1225,4.98,5.0,7.0,Breached
OPS-001742,ORD-001742,3.7,6.1,1.6,1946,5.84,5.0,2.0,Met
OPS-011439,ORD-011439,1.8,7.0,2.9,1852,11.8,5.0,3.3,Met
OPS-006930,ORD-006930,1.5,6.4,1.8,1965,8.23,5.0,2.1,Met
OPS-009823,ORD-009823,1.4,4.0,4.0,777,7.34,5.0,4.2,Met
OPS-011614,ORD-011614,1.7,6.0,5.5,106,13.92,5.0,5.8,Breached
OPS-011294,ORD-011294,2.6,4.6,5.0,310,6.22,5.0,5.3,Breached
OPS-010456,ORD-010456,0.6,6.3,4.9,1236,9.81,5.0,5.2,Breached
OPS-012182,ORD-012182,0.8,3.2,5.5,1947,6.27,5.0,5.7,Breached
OPS-010047,ORD-010047,1.2,5.5,4.2,222,13.23,5.0,4.5,Met
OPS-008472,ORD-008472,1.6,1.1,4.4,1935,8.91,5.0,4.5,Met
OPS-006873,ORD-006873,2.8,1.8,2.7,747,13.79,5.0,2.9,Met
OPS-003692,ORD-003692,2.7,3.7,3.2,1215,12.9,5.0,3.5,Met
OPS-007479,ORD-007479,3.8,1.2,5.8,560,10.7,5.0,6.0,Breached
OPS-005229,ORD-005229,1.9,6.3,5.4,419,10.03,5.0,5.7,Breached
OPS-008821,ORD-008821,0.8,1.9,3.0,1585,11.25,5.0,3.1,Met
OPS-000314,ORD-000314,0.8,2.9,5.7,564,4.86,5.0,5.9,Breached
OPS-002548,ORD-002548,1.1,7.2,6.2,940,5.72,5.0,6.5,Breached
OPS-007521,ORD-007521,2.9,4.1,5.9,1527,7.44,5.0,6.2,Breached
OPS-001338,ORD-001338,3.0,3.3,6.8,182,5.32,5.0,7.1,Breached
OPS-005804,ORD-005804,2.3,2.1,2.8,949,13.91,5.0,3.0,Met
OPS-011920,ORD-011920,3.0,4.3,3.6,1195,13.31,5.0,3.9,Met
OPS-009226,ORD-009226,1.4,4.5,6.1,1560,8.25,5.0,6.3,Breached
OPS-001308,ORD-001308,1.9,6.0,1.3,752,6.72,5.0,1.6,Met
OPS-006181,ORD-006181,2.0,3.4,6.0,1506,13.31,5.0,6.2,Breached
OPS-008629,ORD-008629,0.5,7.0,5.9,1287,10.05,5.0,6.2,Breached
OPS-008256,ORD-008256,2.8,1.4,3.5,1106,6.47,5.0,3.7,Met
OPS-012022,ORD-012022,0.9,6.8,5.0,1616,10.44,5.0,5.3,Breached
OPS-009729,ORD-009729,3.2,2.6,1.0,1985,8.18,5.0,1.2,Met
OPS-010720,ORD-010720,3.8,5.2,6.0,1026,11.53,5.0,6.4,Breached
OPS-006644,ORD-006644,1.1,2.9,2.6,531,11.3,5.0,2.8,Met
OPS-005184,ORD-005184,3.4,7.7,5.3,525,7.76,5.0,5.8,Breached
OPS-006436,ORD-006436,0.8,3.7,1.1,1738,7.91,5.0,1.3,Met
OPS-009325,ORD-009325,3.1,1.2,6.5,764,9.57,5.0,6.7,Breached
OPS-003915,ORD-003915,1.8,4.8,1.4,1744,10.97,5.0,1.7,Met
OPS-001966,ORD-001966,3.3,5.1,6.4,1973,11.35,5.0,6.8,Breached
OPS-009853,ORD-009853,2.1,4.2,4.4,1869,5.45,5.0,4.7,Met
OPS-003612,ORD-003612,2.1,6.5,5.1,1119,5.95,5.0,5.5,Breached
OPS-003889,ORD-003889,2.2,6.9,6.7,1196,7.73,5.0,7.1,Breached
OPS-008880,ORD-008880,1.0,2.9,2.4,1424,6.95,5.0,2.6,Met
OPS-003386,ORD-003386,1.3,7.5,4.5,713,6.57,5.0,4.9,Met
OPS-011915,ORD-011915,2.0,4.3,5.3,1943,12.71,5.0,5.6,Breached
OPS-007058,ORD-007058,2.2,7.4,4.8,1607,10.55,5.0,5.2,Breached
OPS-006824,ORD-006824,2.0,2.9,6.4,1355,5.09,5.0,6.6,Breached
OPS-008403,ORD-008403,3.4,4.9,2.7,514,8.51,5.0,3.0,Met
OPS-008339,ORD-008339,1.4,4.6,2.1,1501,4.13,5.0,2.4,Met
OPS-001725,ORD-001725,2.3,3.5,6.0,848,4.8,5.0,6.2,Breached
OPS-009532,ORD-009532,1.0,3.9,2.8,1680,4.23,5.0,3.0,Met
OPS-011863,ORD-011863,3.1,7.4,2.0,393,7.81,5.0,2.4,Met
OPS-002908,ORD-002908,1.5,5.7,2.4,605,12.5,5.0,2.7,Met
OPS-011960,ORD-011960,2.9,3.2,4.3,1424,5.85,5.0,4.6,Met
OPS-005442,ORD-005442,3.7,6.8,5.9,883,6.58,5.0,6.3,Breached
OPS-005017,ORD-005017,2.4,4.5,6.6,642,12.7,5.0,6.9,Breached
OPS-007643,ORD-007643,1.9,4.2,5.7,1820,6.62,5.0,6.0,Breached
OPS-000564,ORD-000564,1.1,3.1,2.7,1386,5.28,5.0,2.9,Met
OPS-008296,ORD-008296,0.5,5.9,5.0,1371,11.94,5.0,5.3,Breached
OPS-001612,ORD-001612,3.7,1.8,1.8,957,7.08,5.0,2.0,Met
OPS-008306,ORD-008306,3.7,3.2,1.7,1021,12.69,5.0,2.0,Met
OPS-004771,ORD-004771,1.8,5.2,2.1,643,6.32,5.0,2.4,Met
OPS-011681,ORD-011681,3.7,5.9,2.4,173,12.98,5.0,2.8,Met
OPS-006295,ORD-006295,1.8,7.9,5.2,1042,10.37,5.0,5.6,Breached
OPS-002116,ORD-002116,1.7,4.0,1.8,1049,8.94,5.0,2.0,Met
OPS-011987,ORD-011987,3.1,4.1,6.8,1752,5.22,5.0,7.1,Breached
OPS-001987,ORD-001987,0.6,5.3,2.9,917,13.16,5.0,3.1,Met
OPS-000019,ORD-000019,3.6,1.6,5.7,1261,11.71,5.0,5.9,Breached
OPS-000593,ORD-000593,1.4,7.8,4.0,856,4.13,5.0,4.4,Met
OPS-008534,ORD-008534,1.4,2.1,4.5,434,9.78,5.0,4.6,Met
OPS-010259,ORD-010259,3.9,2.0,6.1,425,4.98,5.0,6.3,Breached
OPS-011182,ORD-011182,2.1,3.2,5.2,223,6.66,5.0,5.4,Breached
OPS-008110,ORD-008110,0.7,6.1,6.1,1570,10.63,5.0,6.4,Breached
OPS-006067,ORD-006067,3.6,5.5,5.5,1314,6.72,5.0,5.9,Breached
OPS-005603,ORD-005603,1.4,4.5,5.3,404,7.71,5.0,5.5,Breached
OPS-002906,ORD-002906,3.2,5.7,4.0,507,11.81,5.0,4.4,Met
OPS-010633,ORD-010633,2.4,3.4,3.8,1123,6.77,5.0,4.0,Met
OPS-006160,ORD-006160,2.5,6.7,3.5,817,6.91,5.0,3.9,Met
OPS-001290,ORD-001290,3.5,2.2,4.3,1961,11.05,5.0,4.5,Met
OPS-009448,ORD-009448,3.1,1.9,6.6,1845,10.83,5.0,6.8,Breached
OPS-006954,ORD-006954,2.3,4.3,5.9,234,7.12,5.0,6.2,Breached
OPS-002273,ORD-002273,2.0,5.2,4.2,384,10.65,5.0,4.5,Met
OPS-007395,ORD-007395,3.9,1.2,2.0,1424,7.44,5.0,2.2,Met
OPS-007399,ORD-007399,3.4,2.1,3.2,1716,5.12,5.0,3.4,Met
OPS-012225,ORD-012225,3.1,2.4,1.5,1379,11.91,5.0,1.7,Met
OPS-008726,ORD-008726,2.5,7.4,4.2,1995,6.94,5.0,4.6,Met
OPS-001075,ORD-001075,1.8,5.9,2.7,1962,8.67,5.0,3.0,Met
OPS-004601,ORD-004601,3.7,3.3,4.4,632,9.82,5.0,4.7,Met
OPS-002791,ORD-002791,3.7,7.8,3.5,1857,13.1,5.0,4.0,Met
OPS-010889,ORD-010889,2.2,2.3,6.6,1778,6.54,5.0,6.8,Breached
OPS-001455,ORD-001455,2.4,4.4,4.5,507,11.46,5.0,4.8,Met
OPS-005822,ORD-005822,3.3,5.4,3.4,1477,11.47,5.0,3.8,Met
OPS-008341,ORD-008341,1.9,1.4,6.4,1380,10.53,5.0,6.5,Breached
OPS-004824,ORD-004824,1.6,6.8,2.0,1854,7.58,5.0,2.4,Met
OPS-003374,ORD-003374,0.7,2.9,4.1,1418,5.01,5.0,4.2,Met
OPS-003671,ORD-003671,3.6,2.2,2.5,1561,13.06,5.0,2.7,Met
OPS-009391,ORD-009391,0.6,5.2,2.4,1512,4.02,5.0,2.6,Met
OPS-011136,ORD-011136,1.7,7.9,3.6,1603,7.2,5.0,4.0,Met
OPS-009407,ORD-009407,2.6,4.7,3.6,1327,13.38,5.0,3.9,Met
OPS-002315,ORD-002315,1.8,4.4,2.6,792,13.37,5.0,2.9,Met
OPS-001355,ORD-001355,3.0,5.2,2.0,965,7.25,5.0,2.3,Met
OPS-010693,ORD-010693,2.7,3.7,3.0,1064,6.7,5.0,3.3,Met
OPS-006366,ORD-006366,2.8,4.1,2.4,1581,4.74,5.0,2.7,Met
OPS-010793,ORD-010793,3.5,3.9,1.8,1883,12.32,5.0,2.1,Met
OPS-004642,ORD-004642,2.9,2.7,1.8,125,11.37,5.0,2.0,Met
OPS-012310,ORD-012310,0.7,3.5,1.2,1416,13.89,5.0,1.4,Met
OPS-005692,ORD-005692,1.5,5.9,4.3,1459,8.51,5.0,4.6,Met
OPS-009143,ORD-009143,3.2,4.4,3.3,1639,13.22,5.0,3.6,Met
OPS-011453,ORD-011453,2.5,7.4,3.6,1099,6.86,5.0,4.0,Met
OPS-012158,ORD-012158,2.3,7.0,5.4,1769,5.7,5.0,5.8,Breached
OPS-004309,ORD-004309,3.9,3.0,4.3,1460,5.43,5.0,4.6,Met
OPS-010916,ORD-010916,0.8,7.7,4.4,1482,9.25,5.0,4.8,Met
OPS-004579,ORD-004579,3.2,4.3,1.5,1382,13.55,5.0,1.8,Met
OPS-006983,ORD-006983,2.8,6.3,2.7,469,7.42,5.0,3.1,Met
OPS-008825,ORD-008825,1.3,1.4,3.7,252,7.09,5.0,3.8,Met
OPS-012077,ORD-012077,3.8,6.4,2.1,688,6.39,5.0,2.5,Met
OPS-004476,ORD-004476,3.0,2.5,1.3,1665,6.44,5.0,1.5,Met
OPS-010806,ORD-010806,3.8,6.0,3.9,589,8.05,5.0,4.3,Met
OPS-011967,ORD-011967,2.9,4.4,5.8,1629,11.2,5.0,6.1,Breached
OPS-002433,ORD-002433,1.7,6.7,4.2,309,10.66,5.0,4.5,Met
OPS-011885,ORD-011885,3.5,3.8,1.6,602,12.52,5.0,1.9,Met
OPS-009897,ORD-009897,3.3,6.3,4.1,734,5.47,5.0,4.5,Met
OPS-011080,ORD-011080,1.6,5.7,2.5,1430,12.2,5.0,2.8,Met
OPS-004871,ORD-004871,2.0,2.9,4.0,1589,13.45,5.0,4.2,Met
OPS-004845,ORD-004845,1.8,6.9,2.8,926,11.89,5.0,3.2,Met
OPS-005427,ORD-005427,1.3,5.9,4.1,663,13.05,5.0,4.4,Met
OPS-001815,ORD-001815,0.6,7.3,1.9,758,10.77,5.0,2.2,Met
OPS-004408,ORD-004408,2.7,6.6,6.4,1205,6.82,5.0,6.8,Breached
OPS-001860,ORD-001860,1.8,7.0,3.5,760,7.23,5.0,3.9,Met
OPS-012234,ORD-012234,3.4,6.0,5.0,1972,6.38,5.0,5.4,Breached
OPS-010037,ORD-010037,3.3,7.1,4.2,780,12.28,5.0,4.6,Met
OPS-007524,ORD-007524,3.6,3.1,5.2,1647,10.8,5.0,5.5,Breached
OPS-006180,ORD-006180,1.5,7.3,6.7,1991,8.71,5.0,7.1,Breached
OPS-003292,ORD-003292,1.0,7.9,3.9,1557,6.69,5.0,4.3,Met
OPS-012409,ORD-012409,0.8,6.8,3.9,991,12.29,5.0,4.2,Met
OPS-006719,ORD-006719,4.0,3.9,2.4,489,9.97,5.0,2.7,Met
OPS-000086,ORD-000086,2.6,5.0,5.9,778,11.37,5.0,6.2,Breached
OPS-001984,ORD-001984,2.9,5.4,2.6,638,12.36,5.0,2.9,Met
OPS-012089,ORD-012089,1.9,2.3,1.8,1895,7.08,5.0,2.0,Met
OPS-004020,ORD-004020,1.4,3.0,2.3,759,5.92,5.0,2.5,Met
OPS-003758,ORD-003758,3.5,8.0,3.5,396,5.8,5.0,4.0,Met
OPS-006100,ORD-006100,0.5,6.4,6.6,1837,5.86,5.0,6.9,Breached
OPS-002081,ORD-002081,1.7,4.9,1.9,257,11.79,5.0,2.2,Met
OPS-011929,ORD-011929,3.8,4.2,1.4,1170,4.81,5.0,1.7,Met
OPS-012288,ORD-012288,1.8,3.6,5.7,956,4.74,5.0,5.9,Breached
OPS-010046,ORD-010046,0.7,1.6,3.9,182,6.98,5.0,4.0,Met
OPS-002284,ORD-002284,3.7,6.1,3.5,176,6.15,5.0,3.9,Met
OPS-006083,ORD-006083,0.9,5.1,4.3,124,10.85,5.0,4.5,Met
OPS-003539,ORD-003539,0.8,1.0,4.2,2000,6.23,5.0,4.3,Met
OPS-010425,ORD-010425,2.9,6.2,3.3,1224,12.23,5.0,3.7,Met
OPS-001371,ORD-001371,0.9,1.7,2.6,1297,7.23,5.0,2.7,Met
OPS-001768,ORD-001768,1.9,7.8,4.3,1294,5.0,5.0,4.7,Met
OPS-010388,ORD-010388,0.9,7.3,5.3,1616,6.63,5.0,5.6,Breached
OPS-007808,ORD-007808,1.8,6.5,1.8,233,12.86,5.0,2.1,Met
OPS-005175,ORD-005175,2.7,4.4,6.7,1746,13.09,5.0,7.0,Breached
OPS-001357,ORD-001357,2.3,7.3,1.4,595,11.58,5.0,1.8,Met
OPS-000932,ORD-000932,1.9,3.7,2.7,955,12.29,5.0,2.9,Met
OPS-005251,ORD-005251,3.4,3.8,1.3,1928,9.33,5.0,1.6,Met
OPS-004258,ORD-004258,2.5,7.8,4.0,736,8.69,5.0,4.4,Met
OPS-002753,ORD-002753,3.5,4.1,3.9,1690,12.78,5.0,4.2,Met
OPS-003277,ORD-003277,2.9,2.1,2.7,161,8.06,5.0,2.9,Met
OPS-012383,ORD-012383,1.3,3.1,1.1,226,13.06,5.0,1.3,Met
OPS-006094,ORD-006094,3.4,2.7,1.7,1572,8.82,5.0,2.0,Met
OPS-007715,ORD-007715,2.0,6.0,1.4,1815,5.24,5.0,1.7,Met
OPS-005302,ORD-005302,1.9,6.7,2.1,1994,5.87,5.0,2.5,Met
OPS-005725,ORD-005725,3.6,5.6,5.5,173,6.49,5.0,5.9,Breached
OPS-000909,ORD-000909,3.0,6.2,6.9,1531,9.41,5.0,7.3,Breached
OPS-004207,ORD-004207,2.7,4.5,4.1,1519,13.15,5.0,4.4,Met
OPS-003720,ORD-003720,3.8,5.3,3.0,1819,14.0,5.0,3.4,Met
OPS-005164,ORD-005164,2.2,3.1,5.4,766,12.46,5.0,5.6,Breached
OPS-007059,ORD-007059,0.8,1.1,1.5,1311,4.37,5.0,1.6,Met
OPS-010411,ORD-010411,3.7,1.5,4.4,1932,7.72,5.0,4.6,Met
OPS-001241,ORD-001241,3.0,4.4,3.3,538,4.77,5.0,3.6,Met
OPS-000422,ORD-000422,3.1,7.4,1.9,1186,12.3,5.0,2.3,Met
OPS-006255,ORD-006255,3.1,3.1,6.8,1691,8.53,5.0,7.1,Breached
OPS-004305,ORD-004305,1.4,1.0,4.5,1439,10.54,5.0,4.6,Met
OPS-005794,ORD-005794,0.6,3.4,1.6,1837,4.41,5.0,1.8,Met
OPS-009856,ORD-009856,1.0,5.2,3.8,542,11.62,5.0,4.1,Met
OPS-012090,ORD-012090,2.6,6.1,3.3,1460,11.65,5.0,3.7,Met
OPS-006598,ORD-006598,2.4,5.2,5.6,1103,9.05,5.0,5.9,Breached
OPS-002159,ORD-002159,0.9,1.9,2.0,1243,7.18,5.0,2.1,Met
OPS-012155,ORD-012155,0.5,6.0,6.6,823,10.29,5.0,6.9,Breached
OPS-004928,ORD-004928,3.5,7.8,3.1,1178,10.45,5.0,3.6,Met
OPS-008828,ORD-008828,1.3,7.2,1.9,1336,11.02,5.0,2.3,Met
OPS-005007,ORD-005007,1.7,4.7,2.7,355,10.09,5.0,3.0,Met
OPS-006560,ORD-006560,1.0,1.1,5.5,815,13.9,5.0,5.6,Breached
OPS-007000,ORD-007000,1.3,7.5,6.5,1758,5.28,5.0,6.9,Breached
OPS-012047,ORD-012047,1.7,2.2,2.0,689,8.57,5.0,2.2,Met
OPS-003654,ORD-003654,2.3,3.9,5.7,1470,8.7,5.0,6.0,Breached
OPS-010948,ORD-010948,0.8,4.3,4.1,1893,7.19,5.0,4.3,Met
OPS-001790,ORD-001790,0.9,4.6,3.1,805,12.9,5.0,3.3,Met
OPS-004956,ORD-004956,2.0,2.3,5.8,205,9.38,5.0,6.0,Breached
OPS-004975,ORD-004975,3.8,3.2,4.0,710,8.95,5.0,4.3,Met
OPS-004493,ORD-004493,0.8,5.7,1.3,1235,8.92,5.0,1.6,Met
OPS-011532,ORD-011532,2.2,7.6,5.4,395,11.3,5.0,5.8,Breached
OPS-005253,ORD-005253,2.5,2.5,5.8,1852,4.12,5.0,6.0,Breached
OPS-001999,ORD-001999,2.8,7.2,2.4,1032,7.96,5.0,2.8,Met
OPS-008319,ORD-008319,0.9,7.4,2.1,1146,4.42,5.0,2.4,Met
OPS-010216,ORD-010216,0.9,4.1,2.8,1477,9.38,5.0,3.0,Met
OPS-008906,ORD-008906,3.2,5.6,1.2,540,11.12,5.0,1.6,Met
OPS-004547,ORD-004547,1.1,5.4,2.6,1826,11.13,5.0,2.9,Met
OPS-005301,ORD-005301,2.7,3.4,4.5,994,8.57,5.0,4.8,Met
OPS-001821,ORD-001821,3.5,2.0,1.9,1214,11.77,5.0,2.1,Met
OPS-001128,ORD-001128,0.8,5.2,4.3,1413,9.56,5.0,4.5,Met
OPS-002649,ORD-002649,0.8,1.8,4.9,1384,13.74,5.0,5.0,Met
OPS-007158,ORD-007158,1.7,7.3,2.6,886,10.66,5.0,3.0,Met
OPS-011334,ORD-011334,3.0,6.9,5.9,1804,13.53,5.0,6.3,Breached
OPS-002067,ORD-002067,3.8,2.0,1.7,1933,9.85,5.0,1.9,Met
OPS-000168,ORD-000168,0.7,5.5,3.0,1177,9.44,5.0,3.3,Met
OPS-007884,ORD-007884,1.9,5.8,1.9,607,9.85,5.0,2.2,Met
OPS-001055,ORD-001055,3.1,2.2,6.8,1056,6.64,5.0,7.0,Breached
OPS-011321,ORD-011321,2.7,6.7,6.9,934,8.77,5.0,7.3,Breached
OPS-001629,ORD-001629,0.7,2.6,6.7,1476,4.85,5.0,6.8,Breached
OPS-002267,ORD-002267,1.6,5.9,6.2,1662,7.06,5.0,6.5,Breached
OPS-007040,ORD-007040,1.8,2.9,3.5,1677,11.63,5.0,3.7,Met
OPS-007857,ORD-007857,1.3,2.7,1.0,479,13.58,5.0,1.2,Met
OPS-008695,ORD-008695,1.8,2.6,1.9,234,10.68,5.0,2.1,Met
OPS-011502,ORD-011502,2.9,1.6,5.7,923,7.75,5.0,5.9,Breached
OPS-000047,ORD-000047,1.0,6.7,5.0,630,8.12,5.0,5.3,Breached
OPS-002643,ORD-002643,2.4,6.3,4.1,1563,11.28,5.0,4.5,Met
OPS-010156,ORD-010156,2.8,5.9,3.8,126,10.8,5.0,4.2,Met
OPS-001323,ORD-001323,1.5,1.5,1.3,418,7.69,5.0,1.4,Met
OPS-000736,ORD-000736,3.7,7.1,5.0,1334,12.5,5.0,5.5,Breached
OPS-001098,ORD-001098,2.9,1.8,4.1,1642,12.61,5.0,4.3,Met
OPS-005708,ORD-005708,2.4,6.1,3.8,1427,5.38,5.0,4.2,Met
OPS-006922,ORD-006922,0.7,6.7,2.0,1370,10.4,5.0,2.3,Met
OPS-002483,ORD-002483,2.1,2.9,2.4,1455,10.15,5.0,2.6,Met
OPS-001379,ORD-001379,2.7,6.2,7.0,1416,13.44,5.0,7.4,Breached
OPS-007088,ORD-007088,2.3,8.0,4.4,1587,4.27,5.0,4.8,Met
OPS-012080,ORD-012080,2.6,3.6,5.0,107,5.48,5.0,5.3,Breached
OPS-009204,ORD-009204,2.9,3.7,5.6,1024,11.77,5.0,5.9,Breached
OPS-006961,ORD-006961,2.8,1.5,1.2,181,8.54,5.0,1.4,Met
OPS-010893,ORD-010893,2.4,7.3,4.8,1529,8.66,5.0,5.2,Breached
OPS-010640,ORD-010640,3.7,1.4,1.5,695,8.56,5.0,1.7,Met
OPS-011943,ORD-011943,0.7,2.6,4.0,1983,11.23,5.0,4.1,Met
OPS-011168,ORD-011168,2.6,1.1,6.0,1750,5.09,5.0,6.2,Breached
OPS-008199,ORD-008199,3.2,3.1,1.2,1710,8.95,5.0,1.5,Met
OPS-003948,ORD-003948,3.5,7.5,6.9,1363,9.81,5.0,7.4,Breached
OPS-004295,ORD-004295,0.9,2.6,4.9,1943,6.65,5.0,5.0,Met
OPS-003935,ORD-003935,3.8,2.4,1.3,1415,13.86,5.0,1.6,Met
OPS-007256,ORD-007256,1.3,5.7,2.5,1920,6.84,5.0,2.8,Met
OPS-011384,ORD-011384,2.2,5.2,5.5,152,11.36,5.0,5.8,Breached
OPS-002938,ORD-002938,2.2,6.3,4.2,646,4.84,5.0,4.6,Met
OPS-000752,ORD-000752,1.0,2.1,1.5,1884,12.83,5.0,1.6,Met
OPS-004775,ORD-004775,1.8,1.3,4.3,1903,12.86,5.0,4.4,Met
OPS-001265,ORD-001265,2.5,6.9,4.3,1609,11.03,5.0,4.7,Met
OPS-001755,ORD-001755,0.8,1.6,6.6,115,4.98,5.0,6.7,Breached
OPS-001541,ORD-001541,3.6,1.1,3.4,1733,5.04,5.0,3.6,Met
OPS-008981,ORD-008981,3.7,2.2,3.3,1770,9.18,5.0,3.5,Met
OPS-008939,ORD-008939,3.2,7.7,6.9,807,8.61,5.0,7.4,Breached
OPS-012134,ORD-012134,3.3,4.6,5.2,951,13.01,5.0,5.5,Breached
OPS-002803,ORD-002803,3.3,3.2,5.1,139,4.85,5.0,5.4,Breached
OPS-008763,ORD-008763,2.1,5.2,2.1,1069,5.21,5.0,2.4,Met
OPS-002736,ORD-002736,3.8,5.5,4.6,724,10.61,5.0,5.0,Met
OPS-008249,ORD-008249,2.3,7.5,3.0,1048,4.8,5.0,3.4,Met
OPS-008267,ORD-008267,1.3,1.1,4.7,1964,12.46,5.0,4.8,Met
OPS-010665,ORD-010665,2.1,3.7,3.1,616,5.28,5.0,3.3,Met
OPS-006058,ORD-006058,3.6,2.7,4.6,1096,13.42,5.0,4.9,Met
OPS-007050,ORD-007050,1.4,6.4,6.2,850,5.8,5.0,6.5,Breached
OPS-000048,ORD-000048,3.6,6.6,3.3,163,8.96,5.0,3.7,Met
OPS-007454,ORD-007454,2.4,2.0,4.4,171,10.15,5.0,4.6,Met
OPS-006454,ORD-006454,1.1,4.2,4.0,1995,10.15,5.0,4.2,Met
OPS-007621,ORD-007621,2.1,1.4,3.9,393,11.15,5.0,4.0,Met
OPS-001364,ORD-001364,3.2,3.1,4.9,796,9.5,5.0,5.2,Breached
OPS-001025,ORD-001025,1.2,2.0,2.2,1499,12.26,5.0,2.3,Met
OPS-008492,ORD-008492,1.8,6.5,1.3,576,9.32,5.0,1.6,Met
OPS-009216,ORD-009216,3.8,3.9,5.8,268,6.91,5.0,6.1,Breached
OPS-003255,ORD-003255,2.5,2.7,5.8,1551,11.16,5.0,6.0,Breached
OPS-009421,ORD-009421,2.4,4.4,4.1,1483,12.43,5.0,4.4,Met
OPS-010625,ORD-010625,1.3,3.7,5.1,276,9.93,5.0,5.3,Breached
OPS-000298,ORD-000298,4.0,6.4,1.3,1344,9.27,5.0,1.7,Met
OPS-002356,ORD-002356,2.8,3.2,3.9,859,13.85,5.0,4.2,Met
OPS-008903,ORD-008903,1.5,5.7,5.1,1812,12.38,5.0,5.4,Breached
OPS-005389,ORD-005389,1.2,4.1,3.4,822,5.35,5.0,3.6,Met
OPS-000166,ORD-000166,1.4,5.6,5.4,104,10.18,5.0,5.7,Breached
OPS-010116,ORD-010116,0.7,5.1,6.5,1303,12.29,5.0,6.7,Breached
OPS-006587,ORD-006587,2.2,7.2,1.5,344,13.69,5.0,1.9,Met
OPS-003361,ORD-003361,1.2,6.4,5.5,1932,9.99,5.0,5.8,Breached
OPS-011552,ORD-011552,3.5,2.4,3.4,1897,10.75,5.0,3.6,Met
OPS-003628,ORD-003628,0.7,6.3,1.4,1154,5.8,5.0,1.7,Met
OPS-008368,ORD-008368,2.0,6.4,5.0,1673,12.29,5.0,5.3,Breached
OPS-010741,ORD-010741,3.9,7.3,2.8,949,4.33,5.0,3.3,Met
OPS-005061,ORD-005061,2.9,6.5,3.5,1368,7.4,5.0,3.9,Met
OPS-000302,ORD-000302,2.1,1.7,3.6,508,9.75,5.0,3.8,Met
OPS-010200,ORD-010200,0.9,2.9,4.2,1466,6.33,5.0,4.4,Met
OPS-001823,ORD-001823,2.3,6.9,1.6,742,7.63,5.0,2.0,Met
OPS-004048,ORD-004048,3.5,2.8,1.8,411,9.31,5.0,2.1,Met
OPS-009917,ORD-009917,3.9,1.8,6.4,1968,4.91,5.0,6.6,Breached
OPS-004721,ORD-004721,0.7,2.9,1.4,786,6.16,5.0,1.5,Met
OPS-007006,ORD-007006,2.4,5.0,1.7,124,5.63,5.0,2.0,Met
OPS-003960,ORD-003960,0.6,7.5,5.0,382,5.29,5.0,5.3,Breached
OPS-005779,ORD-005779,2.7,7.7,4.2,577,9.33,5.0,4.6,Met
OPS-006006,ORD-006006,2.6,2.2,1.4,521,4.0,5.0,1.6,Met
OPS-009324,ORD-009324,3.8,4.8,3.6,491,11.27,5.0,4.0,Met
OPS-001949,ORD-001949,3.8,2.2,4.4,941,7.13,5.0,4.7,Met
OPS-001995,ORD-001995,1.3,6.8,5.6,1670,4.99,5.0,5.9,Breached
OPS-005491,ORD-005491,1.6,1.7,6.2,674,9.56,5.0,6.3,Breached
OPS-005760,ORD-005760,3.5,6.3,4.4,1218,9.21,5.0,4.8,Met
OPS-003752,ORD-003752,3.8,2.5,6.7,331,6.48,5.0,7.0,Breached
OPS-004959,ORD-004959,2.4,3.0,6.9,1369,12.54,5.0,7.1,Breached
OPS-011702,ORD-011702,2.3,5.5,6.9,1473,13.82,5.0,7.2,Breached
OPS-008065,ORD-008065,1.4,6.2,5.8,1180,11.99,5.0,6.1,Breached
OPS-002276,ORD-002276,1.7,6.5,2.9,277,9.54,5.0,3.2,Met
OPS-008865,ORD-008865,2.8,1.7,3.9,1759,9.57,5.0,4.1,Met
OPS-010108,ORD-010108,3.9,4.6,4.1,938,12.87,5.0,4.5,Met
OPS-005981,ORD-005981,2.6,1.3,5.2,804,4.09,5.0,5.4,Breached
OPS-008700,ORD-008700,2.7,2.5,5.3,225,13.27,5.0,5.5,Breached
OPS-000315,ORD-000315,1.2,5.9,3.5,384,10.01,5.0,3.8,Met
OPS-011363,ORD-011363,2.0,6.8,6.3,1340,10.04,5.0,6.7,Breached
OPS-007628,ORD-007628,1.7,5.2,4.2,1614,13.66,5.0,4.5,Met
OPS-001906,ORD-001906,2.9,3.2,5.0,381,11.83,5.0,5.3,Breached
OPS-006037,ORD-006037,2.0,1.9,6.6,1525,11.73,5.0,6.8,Breached
OPS-005456,ORD-005456,1.5,3.5,3.4,1134,4.19,5.0,3.6,Met
OPS-007089,ORD-007089,1.0,5.4,1.6,1658,10.24,5.0,1.9,Met
OPS-008263,ORD-008263,4.0,1.8,3.5,1754,9.84,5.0,3.7,Met
OPS-009683,ORD-009683,0.8,4.5,3.0,1143,11.81,5.0,3.2,Met
OPS-009334,ORD-009334,3.6,6.7,5.3,538,12.14,5.0,5.7,Breached
OPS-002887,ORD-002887,2.1,4.8,2.4,1530,10.25,5.0,2.7,Met
OPS-004890,ORD-004890,3.1,1.2,6.5,129,6.45,5.0,6.7,Breached
OPS-001817,ORD-001817,2.3,4.4,4.9,1517,12.03,5.0,5.2,Breached
OPS-003931,ORD-003931,2.7,4.7,5.2,1191,5.7,5.0,5.5,Breached
OPS-001406,ORD-001406,3.4,1.3,6.3,1870,6.49,5.0,6.5,Breached
OPS-002884,ORD-002884,3.5,5.6,6.0,634,11.41,5.0,6.4,Breached
OPS-006461,ORD-006461,3.9,1.8,2.2,1935,9.85,5.0,2.4,Met
OPS-006345,ORD-006345,2.0,4.0,6.6,814,5.01,5.0,6.8,Breached
OPS-009858,ORD-009858,1.4,4.8,5.9,830,12.33,5.0,6.2,Breached
OPS-004981,ORD-004981,1.0,1.4,3.6,388,11.54,5.0,3.7,Met
OPS-009402,ORD-009402,1.5,4.1,5.2,871,8.35,5.0,5.4,Breached
OPS-009200,ORD-009200,2.2,3.9,1.1,1137,10.44,5.0,1.4,Met
OPS-005384,ORD-005384,2.4,3.4,3.7,273,7.52,5.0,3.9,Met
OPS-005547,ORD-005547,1.6,5.4,4.4,1387,9.67,5.0,4.7,Met
OPS-002157,ORD-002157,1.4,1.7,4.3,1852,12.53,5.0,4.4,Met
OPS-008325,ORD-008325,3.3,5.9,3.4,332,13.37,5.0,3.8,Met
OPS-005138,ORD-005138,2.6,2.6,5.6,777,12.08,5.0,5.8,Breached
OPS-004777,ORD-004777,2.7,7.1,3.2,426,7.58,5.0,3.6,Met
OPS-010421,ORD-010421,1.6,5.4,1.6,526,13.56,5.0,1.9,Met
OPS-005937,ORD-005937,2.1,7.5,3.4,694,13.92,5.0,3.8,Met
OPS-007422,ORD-007422,3.9,2.7,4.2,672,11.52,5.0,4.5,Met
OPS-012458,ORD-012458,3.2,5.7,5.7,106,11.55,5.0,6.1,Breached
OPS-012480,ORD-012480,2.5,2.5,2.3,1891,4.97,5.0,2.5,Met
OPS-007708,ORD-007708,2.1,2.8,3.8,1400,11.18,5.0,4.0,Met
OPS-000500,ORD-000500,2.1,4.8,3.3,1687,7.83,5.0,3.6,Met
OPS-006888,ORD-006888,2.3,3.8,1.7,1960,9.93,5.0,2.0,Met
OPS-007599,ORD-007599,3.3,2.3,1.4,843,8.65,5.0,1.6,Met
OPS-003541,ORD-003541,2.4,4.9,1.9,1966,10.4,5.0,2.2,Met
OPS-005659,ORD-005659,2.7,3.5,1.8,1387,4.98,5.0,2.1,Met
OPS-003791,ORD-003791,3.8,4.2,4.4,501,6.81,5.0,4.7,Met
OPS-002874,ORD-002874,3.1,3.4,5.4,1508,8.49,5.0,5.7,Breached
OPS-008064,ORD-008064,0.8,4.2,6.5,583,8.07,5.0,6.7,Breached
OPS-001088,ORD-001088,2.9,2.8,2.6,213,9.51,5.0,2.8,Met
OPS-001551,ORD-001551,2.9,7.9,6.0,1748,12.99,5.0,6.5,Breached
OPS-001774,ORD-001774,2.9,4.2,6.3,1855,8.49,5.0,6.6,Breached
OPS-008899,ORD-008899,2.8,5.8,1.3,1981,4.79,5.0,1.7,Met
OPS-005490,ORD-005490,1.6,6.5,4.6,430,7.7,5.0,4.9,Met
OPS-010035,ORD-010035,2.6,1.3,5.1,974,13.95,5.0,5.3,Breached
OPS-009148,ORD-009148,1.5,1.7,6.4,103,7.5,5.0,6.5,Breached
OPS-010063,ORD-010063,3.3,2.9,1.4,1491,8.43,5.0,1.7,Met
OPS-000362,ORD-000362,0.6,3.5,2.7,471,4.77,5.0,2.9,Met
OPS-012309,ORD-012309,2.2,6.4,3.1,1837,7.69,5.0,3.5,Met
OPS-010178,ORD-010178,3.9,4.2,5.2,100,6.67,5.0,5.5,Breached
OPS-003448,ORD-003448,3.0,3.9,3.3,483,13.86,5.0,3.6,Met
OPS-006055,ORD-006055,0.9,2.0,3.0,1309,10.93,5.0,3.1,Met
OPS-005075,ORD-005075,1.6,5.6,4.8,526,4.2,5.0,5.1,Breached
OPS-002212,ORD-002212,3.4,4.2,2.5,117,6.0,5.0,2.8,Met
OPS-001003,ORD-001003,2.0,3.3,5.5,1433,13.95,5.0,5.7,Breached
OPS-009035,ORD-009035,3.7,6.8,5.3,610,7.08,5.0,5.7,Breached
OPS-003264,ORD-003264,1.0,4.5,6.9,1791,11.69,5.0,7.1,Breached
OPS-004054,ORD-004054,3.0,7.6,2.1,339,7.03,5.0,2.5,Met
OPS-003231,ORD-003231,2.0,5.6,6.8,764,9.33,5.0,7.1,Breached
OPS-006011,ORD-006011,3.2,1.8,1.7,1876,6.21,5.0,1.9,Met
OPS-010971,ORD-010971,0.8,5.0,5.9,730,6.66,5.0,6.1,Breached
OPS-006901,ORD-006901,1.1,3.8,2.5,1169,4.01,5.0,2.7,Met
OPS-004217,ORD-004217,2.1,3.8,5.0,767,12.75,5.0,5.2,Breached
OPS-012217,ORD-012217,2.1,1.7,3.3,1178,8.74,5.0,3.5,Met
OPS-002005,ORD-002005,0.6,6.5,2.4,1650,11.66,5.0,2.7,Met
OPS-009554,ORD-009554,1.8,4.0,4.8,1365,4.95,5.0,5.0,Met
OPS-009192,ORD-009192,1.9,6.8,4.0,1494,11.87,5.0,4.4,Met
OPS-002723,ORD-002723,0.6,7.0,2.3,1449,5.25,5.0,2.6,Met
OPS-011488,ORD-011488,3.7,2.3,2.9,705,13.51,5.0,3.1,Met
OPS-008134,ORD-008134,0.9,3.8,6.4,421,9.6,5.0,6.6,Breached
OPS-007649,ORD-007649,2.4,1.6,3.2,982,4.52,5.0,3.4,Met
OPS-003918,ORD-003918,1.7,7.4,2.5,1863,8.81,5.0,2.9,Met
OPS-008313,ORD-008313,0.7,3.2,3.1,1326,7.83,5.0,3.3,Met
OPS-003026,ORD-003026,1.5,6.1,7.0,380,6.0,5.0,7.3,Breached
OPS-010918,ORD-010918,1.0,4.9,2.9,715,9.1,5.0,3.1,Met
OPS-001194,ORD-001194,3.1,4.5,3.2,844,10.97,5.0,3.5,Met
OPS-006764,ORD-006764,1.4,3.6,2.8,1234,4.75,5.0,3.0,Met
OPS-001216,ORD-001216,3.9,1.3,1.7,1176,6.67,5.0,1.9,Met
OPS-005019,ORD-005019,1.3,6.7,1.2,926,5.01,5.0,1.5,Met
OPS-004231,ORD-004231,3.2,1.3,2.9,1535,11.98,5.0,3.1,Met
OPS-011679,ORD-011679,3.4,2.3,1.0,1432,12.25,5.0,1.2,Met
OPS-001484,ORD-001484,1.1,5.5,1.6,683,7.74,5.0,1.9,Met
OPS-000339,ORD-000339,2.9,8.0,3.4,650,6.59,5.0,3.9,Met
OPS-000110,ORD-000110,1.6,2.0,6.6,785,8.02,5.0,6.8,Breached
OPS-002109,ORD-002109,3.9,7.7,3.5,413,7.1,5.0,4.0,Met
OPS-002077,ORD-002077,2.0,3.3,2.6,1096,11.46,5.0,2.8,Met
OPS-005415,ORD-005415,3.6,6.7,4.3,1540,13.46,5.0,4.7,Met
OPS-004381,ORD-004381,2.4,3.8,6.9,1572,10.38,5.0,7.2,Breached
OPS-006583,ORD-006583,0.7,4.9,2.4,846,8.08,5.0,2.6,Met
OPS-001234,ORD-001234,1.1,2.6,5.7,1724,4.08,5.0,5.9,Breached
OPS-008871,ORD-008871,3.5,7.3,3.0,1466,5.56,5.0,3.5,Met
OPS-000646,ORD-000646,0.7,5.5,3.7,1255,7.73,5.0,4.0,Met
OPS-004294,ORD-004294,2.3,1.1,3.7,1370,13.07,5.0,3.8,Met
OPS-001743,ORD-001743,0.8,2.7,2.1,1736,6.27,5.0,2.2,Met
OPS-010501,ORD-010501,3.7,7.6,3.5,221,9.01,5.0,4.0,Met
OPS-009381,ORD-009381,2.3,3.9,1.1,630,10.25,5.0,1.4,Met
OPS-005797,ORD-005797,2.5,6.1,2.0,1750,8.56,5.0,2.4,Met
OPS-003811,ORD-003811,2.1,2.1,3.3,692,9.43,5.0,3.5,Met
OPS-005256,ORD-005256,3.3,4.4,5.8,1713,13.97,5.0,6.1,Breached
OPS-001922,ORD-001922,3.6,6.1,6.8,656,10.33,5.0,7.2,Breached
OPS-008601,ORD-008601,2.0,5.0,5.4,854,11.04,5.0,5.7,Breached
OPS-008680,ORD-008680,1.8,1.7,3.4,539,9.15,5.0,3.5,Met
OPS-008315,ORD-008315,2.9,5.7,2.3,1899,13.1,5.0,2.7,Met
OPS-002739,ORD-002739,2.7,3.5,3.7,1545,9.2,5.0,4.0,Met
OPS-003240,ORD-003240,1.9,7.4,3.9,1342,8.82,5.0,4.3,Met
OPS-006664,ORD-006664,1.3,7.4,3.6,1279,5.64,5.0,4.0,Met
OPS-007630,ORD-007630,1.0,7.3,4.9,1554,6.21,5.0,5.2,Breached
OPS-001198,ORD-001198,2.3,5.7,2.8,307,11.25,5.0,3.1,Met
OPS-000113,ORD-000113,1.8,1.2,4.7,1710,11.86,5.0,4.8,Met
OPS-001244,ORD-001244,3.2,1.9,2.8,1814,4.75,5.0,3.0,Met
OPS-004204,ORD-004204,1.3,7.7,5.9,1049,8.33,5.0,6.3,Breached
OPS-007223,ORD-007223,0.8,7.9,4.5,818,11.06,5.0,4.9,Met
OPS-001940,ORD-001940,1.4,1.9,6.3,560,12.98,5.0,6.4,Breached
OPS-004017,ORD-004017,3.0,2.5,5.8,778,11.56,5.0,6.0,Breached
OPS-008030,ORD-008030,3.0,2.0,5.3,1254,12.84,5.0,5.5,Breached
OPS-003798,ORD-003798,1.6,7.7,3.5,1574,12.6,5.0,3.9,Met
OPS-011372,ORD-011372,0.7,1.3,1.9,1389,7.58,5.0,2.0,Met
OPS-008643,ORD-008643,1.0,2.2,5.8,526,4.4,5.0,5.9,Breached
OPS-003717,ORD-003717,3.4,6.1,5.0,286,10.07,5.0,5.4,Breached
OPS-010236,ORD-010236,2.5,5.8,4.0,1210,4.87,5.0,4.3,Met
OPS-002353,ORD-002353,3.6,8.0,6.6,1381,8.3,5.0,7.1,Breached
OPS-002959,ORD-002959,1.8,3.2,1.9,413,9.53,5.0,2.1,Met
OPS-010480,ORD-010480,3.1,5.6,3.8,1927,9.72,5.0,4.2,Met
OPS-011773,ORD-011773,2.5,2.1,5.2,1461,12.43,5.0,5.4,Breached
OPS-005617,ORD-005617,0.6,6.2,3.6,264,8.21,5.0,3.9,Met
OPS-001191,ORD-001191,2.4,5.9,3.9,1339,12.86,5.0,4.2,Met
OPS-009048,ORD-009048,1.9,1.4,5.4,1866,6.26,5.0,5.5,Breached
OPS-012219,ORD-012219,2.4,4.2,3.4,1853,5.25,5.0,3.7,Met
OPS-011221,ORD-011221,3.0,5.7,6.3,1008,12.25,5.0,6.7,Breached
OPS-012094,ORD-012094,2.8,7.8,6.4,894,9.2,5.0,6.8,Breached
OPS-003093,ORD-003093,0.9,6.5,4.3,1753,13.53,5.0,4.6,Met
OPS-005010,ORD-005010,2.9,3.8,3.9,1869,12.74,5.0,4.2,Met
OPS-003852,ORD-003852,0.9,4.4,1.2,1615,12.16,5.0,1.4,Met
OPS-003846,ORD-003846,0.7,6.5,4.6,850,7.09,5.0,4.9,Met
OPS-011148,ORD-011148,2.3,6.0,4.2,840,9.85,5.0,4.5,Met
OPS-006242,ORD-006242,1.5,6.9,1.6,479,11.1,5.0,2.0,Met
OPS-010419,ORD-010419,3.1,1.2,5.9,816,12.73,5.0,6.1,Breached
OPS-010503,ORD-010503,2.9,6.0,5.9,996,12.08,5.0,6.3,Breached
OPS-004635,ORD-004635,1.2,3.7,3.2,740,6.88,5.0,3.4,Met
OPS-010492,ORD-010492,1.3,3.0,1.5,835,5.15,5.0,1.7,Met
OPS-011945,ORD-011945,3.8,4.5,4.5,497,9.05,5.0,4.8,Met
OPS-005817,ORD-005817,1.3,5.9,2.7,758,11.47,5.0,3.0,Met
OPS-006511,ORD-006511,3.6,4.8,1.3,1673,10.18,5.0,1.6,Met
OPS-008321,ORD-008321,3.2,6.5,2.1,553,9.5,5.0,2.5,Met
OPS-001528,ORD-001528,1.0,1.6,1.8,1638,9.33,5.0,1.9,Met
OPS-005543,ORD-005543,3.8,5.2,5.3,1329,9.35,5.0,5.7,Breached
OPS-009973,ORD-009973,3.0,2.4,4.3,541,7.08,5.0,4.5,Met
OPS-001073,ORD-001073,2.9,1.3,1.3,1147,12.87,5.0,1.5,Met
OPS-001086,ORD-001086,2.7,1.2,3.2,1973,9.64,5.0,3.4,Met
OPS-007629,ORD-007629,3.8,2.8,5.5,764,8.62,5.0,5.8,Breached
OPS-008387,ORD-008387,3.6,7.7,6.9,1889,5.24,5.0,7.4,Breached
OPS-003187,ORD-003187,0.7,3.3,5.9,177,12.22,5.0,6.1,Breached
OPS-010990,ORD-010990,3.8,2.7,1.3,1391,5.33,5.0,1.6,Met
OPS-003333,ORD-003333,0.6,5.5,3.0,1075,6.26,5.0,3.3,Met
OPS-008662,ORD-008662,2.5,2.2,5.8,977,5.53,5.0,6.0,Breached
OPS-006899,ORD-006899,2.5,5.6,1.2,1165,8.14,5.0,1.5,Met
OPS-004809,ORD-004809,1.4,4.9,1.4,120,10.05,5.0,1.7,Met
OPS-002394,ORD-002394,1.4,7.0,4.4,313,7.97,5.0,4.8,Met
OPS-008580,ORD-008580,2.6,7.2,4.4,1262,11.46,5.0,4.8,Met
OPS-004872,ORD-004872,0.8,2.8,4.5,1866,6.03,5.0,4.7,Met
OPS-006325,ORD-006325,2.2,2.3,4.3,730,4.18,5.0,4.5,Met
OPS-003528,ORD-003528,2.8,3.9,1.5,1335,4.67,5.0,1.8,Met
OPS-010898,ORD-010898,3.4,4.5,2.2,1116,6.79,5.0,2.5,Met
OPS-001200,ORD-001200,2.8,5.7,3.1,1874,4.1,5.0,3.5,Met
OPS-007687,ORD-007687,1.4,3.7,6.2,1896,9.31,5.0,6.4,Breached
OPS-003746,ORD-003746,3.3,4.3,2.4,908,12.92,5.0,2.7,Met
OPS-011549,ORD-011549,3.1,1.9,3.9,1752,4.62,5.0,4.1,Met
OPS-005971,ORD-005971,1.2,7.4,3.2,1841,10.92,5.0,3.6,Met
OPS-008205,ORD-008205,3.8,1.2,1.2,770,9.99,5.0,1.4,Met
OPS-011858,ORD-011858,0.9,1.5,6.4,1404,8.27,5.0,6.5,Breached
OPS-002910,ORD-002910,1.1,4.9,3.6,667,11.85,5.0,3.9,Met
OPS-000979,ORD-000979,1.3,1.7,1.9,691,8.37,5.0,2.0,Met
OPS-001963,ORD-001963,1.1,7.0,3.2,1439,13.13,5.0,3.5,Met
OPS-009485,ORD-009485,3.7,7.9,6.0,1850,12.13,5.0,6.5,Breached
OPS-000267,ORD-000267,3.6,3.2,6.2,808,13.77,5.0,6.5,Breached
OPS-000491,ORD-000491,2.6,7.4,5.3,1154,4.78,5.0,5.7,Breached
OPS-005949,ORD-005949,2.5,6.1,6.7,759,6.75,5.0,7.1,Breached
OPS-010073,ORD-010073,1.3,5.7,3.5,1143,10.59,5.0,3.8,Met
OPS-009476,ORD-009476,1.3,6.6,4.1,1778,12.47,5.0,4.4,Met
OPS-002013,ORD-002013,3.5,7.4,2.4,765,5.91,5.0,2.9,Met
OPS-008220,ORD-008220,2.0,7.6,6.3,944,8.5,5.0,6.7,Breached
OPS-006074,ORD-006074,2.1,3.7,5.6,1320,11.92,5.0,5.8,Breached
OPS-008080,ORD-008080,3.9,4.0,4.3,1807,12.69,5.0,4.6,Met
OPS-011042,ORD-011042,1.2,6.3,6.8,1547,9.27,5.0,7.1,Breached
OPS-000958,ORD-000958,2.6,1.8,5.3,1900,5.39,5.0,5.5,Breached
OPS-005989,ORD-005989,3.1,7.9,6.8,1808,11.45,5.0,7.3,Breached
OPS-007732,ORD-007732,3.7,4.3,1.7,948,5.4,5.0,2.0,Met
OPS-010857,ORD-010857,3.5,6.3,6.5,543,11.31,5.0,6.9,Breached
OPS-006602,ORD-006602,2.7,4.2,1.1,868,4.79,5.0,1.4,Met
OPS-010976,ORD-010976,1.2,2.3,6.1,853,8.53,5.0,6.2,Breached
OPS-003367,ORD-003367,3.9,3.9,1.4,131,8.03,5.0,1.7,Met
OPS-011596,ORD-011596,1.7,1.1,5.5,1047,11.95,5.0,5.6,Breached
OPS-000065,ORD-000065,1.1,2.5,5.3,1528,10.43,5.0,5.5,Breached
OPS-010910,ORD-010910,2.1,3.0,6.9,1250,12.81,5.0,7.1,Breached
OPS-011463,ORD-011463,1.2,2.5,1.0,328,6.48,5.0,1.2,Met
OPS-003173,ORD-003173,2.8,7.1,5.7,1292,13.8,5.0,6.1,Breached
OPS-011592,ORD-011592,2.1,3.1,4.5,1091,12.29,5.0,4.7,Met
OPS-002272,ORD-002272,1.3,1.5,6.6,1966,12.73,5.0,6.7,Breached
OPS-008881,ORD-008881,3.0,4.1,6.1,422,8.87,5.0,6.4,Breached
OPS-009612,ORD-009612,2.4,3.1,1.9,270,4.4,5.0,2.1,Met
OPS-000151,ORD-000151,3.4,2.5,3.5,1192,13.63,5.0,3.7,Met
OPS-004349,ORD-004349,0.9,5.3,3.8,847,13.62,5.0,4.1,Met
OPS-012401,ORD-012401,0.6,7.6,5.6,1562,13.31,5.0,5.9,Breached
OPS-007988,ORD-007988,1.6,3.4,5.9,395,11.37,5.0,6.1,Breached
OPS-003169,ORD-003169,2.4,2.2,1.1,392,10.66,5.0,1.3,Met
OPS-010052,ORD-010052,2.2,7.9,2.5,1732,11.69,5.0,2.9,Met
OPS-004569,ORD-004569,3.7,3.4,2.4,1664,6.71,5.0,2.7,Met
OPS-007248,ORD-007248,3.7,5.3,2.4,919,11.7,5.0,2.8,Met
OPS-011743,ORD-011743,1.6,1.7,4.7,1759,4.19,5.0,4.8,Met
OPS-010895,ORD-010895,0.6,4.0,5.6,1177,5.68,5.0,5.8,Breached
OPS-008408,ORD-008408,1.2,7.5,5.9,131,5.06,5.0,6.3,Breached
OPS-009046,ORD-009046,0.7,2.7,3.5,1963,6.63,5.0,3.6,Met
OPS-006817,ORD-006817,2.0,6.3,1.1,1357,9.01,5.0,1.4,Met
OPS-010980,ORD-010980,2.9,6.7,1.6,752,4.02,5.0,2.0,Met
OPS-007516,ORD-007516,3.5,6.1,6.3,1434,9.04,5.0,6.7,Breached
OPS-003253,ORD-003253,3.0,5.9,6.6,1682,10.78,5.0,7.0,Breached
OPS-010437,ORD-010437,3.0,5.8,5.7,1962,9.1,5.0,6.1,Breached
OPS-010306,ORD-010306,2.6,7.7,6.7,1634,9.2,5.0,7.1,Breached
OPS-004530,ORD-004530,1.1,1.3,4.7,539,9.26,5.0,4.8,Met
OPS-005439,ORD-005439,1.6,7.0,3.3,1658,7.75,5.0,3.7,Met
OPS-004869,ORD-004869,2.6,6.2,4.9,107,11.44,5.0,5.3,Breached
OPS-012404,ORD-012404,2.3,3.4,6.4,1842,8.23,5.0,6.6,Breached
OPS-008257,ORD-008257,2.0,5.0,6.8,1959,13.33,5.0,7.1,Breached
OPS-004911,ORD-004911,2.8,6.4,4.7,662,12.89,5.0,5.1,Breached
OPS-008557,ORD-008557,3.2,3.2,4.7,655,5.86,5.0,5.0,Met
OPS-002127,ORD-002127,1.3,5.4,3.8,1105,13.05,5.0,4.1,Met
OPS-011144,ORD-011144,1.6,6.8,6.2,1643,10.96,5.0,6.5,Breached
OPS-000013,ORD-000013,1.7,5.3,3.4,607,9.8,5.0,3.7,Met
OPS-004509,ORD-004509,2.4,2.9,3.0,289,9.14,5.0,3.2,Met
OPS-009635,ORD-009635,0.9,7.5,2.1,384,10.69,5.0,2.5,Met
OPS-009453,ORD-009453,1.2,7.1,2.2,1334,6.69,5.0,2.5,Met
OPS-004049,ORD-004049,0.7,4.0,3.8,888,13.91,5.0,4.0,Met
OPS-003371,ORD-003371,2.2,7.3,2.3,1339,8.44,5.0,2.7,Met
OPS-009842,ORD-009842,2.2,3.1,2.2,760,4.59,5.0,2.4,Met
OPS-010148,ORD-010148,3.9,7.4,3.8,987,11.62,5.0,4.3,Met
OPS-002301,ORD-002301,0.7,7.1,1.1,239,8.43,5.0,1.4,Met
OPS-009502,ORD-009502,2.4,5.0,6.1,880,7.9,5.0,6.4,Breached
OPS-007898,ORD-007898,0.8,2.9,1.1,1944,10.1,5.0,1.3,Met
OPS-007718,ORD-007718,1.2,3.2,5.6,1593,5.25,5.0,5.8,Breached
OPS-005146,ORD-005146,0.7,2.7,1.6,1149,7.15,5.0,1.7,Met
OPS-004744,ORD-004744,2.3,1.6,1.8,241,5.81,5.0,2.0,Met
OPS-009370,ORD-009370,1.8,6.7,4.9,1183,6.27,5.0,5.3,Breached
OPS-009385,ORD-009385,0.6,3.3,2.5,992,5.99,5.0,2.7,Met
OPS-006246,ORD-006246,1.6,4.2,6.8,1766,6.13,5.0,7.0,Breached
OPS-010085,ORD-010085,2.8,1.1,2.8,1609,6.61,5.0,3.0,Met
OPS-010420,ORD-010420,0.9,1.8,5.9,897,6.63,5.0,6.0,Breached
OPS-007727,ORD-007727,3.2,4.6,2.9,1976,13.53,5.0,3.2,Met
OPS-007593,ORD-007593,2.6,3.4,6.0,1842,9.27,5.0,6.2,Breached
OPS-011459,ORD-011459,0.7,1.0,3.6,457,5.41,5.0,3.7,Met
OPS-000546,ORD-000546,1.3,6.5,6.7,560,6.55,5.0,7.0,Breached
OPS-006737,ORD-006737,1.3,1.6,2.7,273,10.59,5.0,2.8,Met
OPS-001855,ORD-001855,2.7,5.3,5.0,1727,8.05,5.0,5.3,Breached
OPS-007851,ORD-007851,0.8,4.4,4.2,894,9.75,5.0,4.4,Met
OPS-006171,ORD-006171,2.0,3.2,3.7,1287,5.4,5.0,3.9,Met
OPS-008958,ORD-008958,3.2,3.7,6.6,955,5.89,5.0,6.9,Breached
OPS-003460,ORD-003460,1.0,3.1,6.0,559,13.64,5.0,6.2,Breached
OPS-001915,ORD-001915,0.9,3.3,6.7,848,5.05,5.0,6.9,Breached
OPS-009201,ORD-009201,3.0,4.0,1.9,565,5.98,5.0,2.2,Met
OPS-003181,ORD-003181,2.0,1.9,1.4,642,4.07,5.0,1.6,Met
OPS-002492,ORD-002492,2.1,2.0,3.6,1199,6.54,5.0,3.8,Met
OPS-007061,ORD-007061,2.5,7.9,2.6,720,13.05,5.0,3.0,Met
OPS-007214,ORD-007214,3.4,1.6,5.0,784,6.16,5.0,5.2,Breached
OPS-005445,ORD-005445,0.5,5.6,6.0,737,6.39,5.0,6.3,Breached
OPS-011186,ORD-011186,2.6,4.9,3.2,453,11.41,5.0,3.5,Met
OPS-009811,ORD-009811,2.3,6.0,3.1,587,13.04,5.0,3.4,Met
OPS-008273,ORD-008273,1.3,4.9,5.4,422,8.66,5.0,5.7,Breached
OPS-003058,ORD-003058,1.7,5.5,3.8,902,4.71,5.0,4.1,Met
OPS-003696,ORD-003696,1.8,7.7,2.2,1250,9.4,5.0,2.6,Met
OPS-002779,ORD-002779,2.9,3.3,6.4,1231,4.93,5.0,6.7,Breached
OPS-008388,ORD-008388,2.8,1.7,6.7,1190,10.79,5.0,6.9,Breached
OPS-007793,ORD-007793,1.2,2.4,4.6,1525,5.5,5.0,4.8,Met
OPS-010359,ORD-010359,2.3,3.0,2.6,1193,6.3,5.0,2.8,Met
OPS-005450,ORD-005450,3.3,5.1,4.0,1256,13.12,5.0,4.3,Met
OPS-006943,ORD-006943,3.0,4.2,4.5,759,9.99,5.0,4.8,Met
OPS-006005,ORD-006005,1.9,5.4,5.5,1269,9.79,5.0,5.8,Breached
OPS-004646,ORD-004646,2.1,5.5,3.8,1279,11.39,5.0,4.1,Met
OPS-009817,ORD-009817,2.9,5.0,3.4,617,8.41,5.0,3.7,Met
OPS-005280,ORD-005280,3.6,5.5,4.0,414,4.36,5.0,4.4,Met
OPS-005537,ORD-005537,0.9,1.8,2.3,268,12.87,5.0,2.4,Met
OPS-004403,ORD-004403,0.6,6.8,1.2,1294,7.3,5.0,1.5,Met
OPS-010431,ORD-010431,3.0,6.4,1.9,944,10.53,5.0,2.3,Met
OPS-010664,ORD-010664,2.0,1.7,6.1,1320,5.12,5.0,6.3,Breached
OPS-000965,ORD-000965,2.3,3.2,5.1,1063,13.63,5.0,5.3,Breached
OPS-011263,ORD-011263,3.8,7.8,3.2,519,4.78,5.0,3.7,Met
OPS-004724,ORD-004724,3.7,4.1,2.0,944,6.2,5.0,2.3,Met
OPS-009919,ORD-009919,1.2,7.0,2.5,1911,4.1,5.0,2.8,Met
OPS-005702,ORD-005702,1.3,2.5,3.1,1872,13.96,5.0,3.3,Met
OPS-006679,ORD-006679,4.0,4.9,5.9,1476,13.6,5.0,6.3,Breached
OPS-008729,ORD-008729,3.9,6.0,2.6,966,13.19,5.0,3.0,Met
OPS-007189,ORD-007189,1.4,7.4,2.9,1783,11.68,5.0,3.3,Met
OPS-000174,ORD-000174,2.0,2.0,4.9,1955,7.73,5.0,5.1,Breached
OPS-009560,ORD-009560,1.0,6.1,3.4,1759,11.48,5.0,3.7,Met
OPS-000217,ORD-000217,1.3,3.6,2.3,1355,4.49,5.0,2.5,Met
OPS-000245,ORD-000245,3.4,5.8,6.9,1107,4.94,5.0,7.3,Breached
OPS-000240,ORD-000240,1.5,1.3,3.3,1946,8.75,5.0,3.4,Met
OPS-001607,ORD-001607,1.5,5.9,1.6,331,6.17,5.0,1.9,Met
OPS-012070,ORD-012070,2.1,2.4,5.6,295,13.42,5.0,5.8,Breached
OPS-000416,ORD-000416,1.3,3.2,4.3,984,12.08,5.0,4.5,Met
OPS-000630,ORD-000630,3.3,6.2,3.4,840,8.31,5.0,3.8,Met
OPS-006667,ORD-006667,3.6,7.5,4.0,531,10.41,5.0,4.5,Met
OPS-002040,ORD-002040,2.1,2.2,6.8,181,8.74,5.0,7.0,Breached
OPS-008125,ORD-008125,2.0,6.5,6.0,1023,9.47,5.0,6.4,Breached
OPS-004025,ORD-004025,1.6,7.7,3.7,479,10.12,5.0,4.1,Met
OPS-008294,ORD-008294,3.8,5.5,2.0,1048,5.53,5.0,2.4,Met
OPS-010288,ORD-010288,1.8,5.1,5.8,1622,8.56,5.0,6.1,Breached
OPS-003177,ORD-003177,1.2,2.5,2.1,694,10.72,5.0,2.3,Met
OPS-006052,ORD-006052,2.5,1.2,6.8,1978,11.73,5.0,7.0,Breached
OPS-006690,ORD-006690,2.5,5.6,5.0,1322,5.3,5.0,5.3,Breached
OPS-009094,ORD-009094,0.5,6.7,3.0,578,12.12,5.0,3.3,Met
OPS-011266,ORD-011266,3.7,7.8,6.5,950,13.4,5.0,7.0,Breached
OPS-004941,ORD-004941,0.9,1.0,2.5,1003,5.76,5.0,2.6,Met
OPS-012474,ORD-012474,1.3,6.7,3.4,973,5.5,5.0,3.7,Met
OPS-006105,ORD-006105,3.4,1.7,1.1,1514,9.66,5.0,1.3,Met
OPS-008694,ORD-008694,0.7,2.0,6.7,1354,6.83,5.0,6.8,Breached
OPS-002544,ORD-002544,1.9,1.7,4.9,1783,8.2,5.0,5.1,Breached
OPS-010601,ORD-010601,3.0,2.1,1.7,1802,11.62,5.0,1.9,Met
OPS-011931,ORD-011931,1.6,3.3,5.1,854,4.08,5.0,5.3,Breached
OPS-003046,ORD-003046,2.3,4.9,6.4,1111,6.62,5.0,6.7,Breached
OPS-002899,ORD-002899,3.2,2.9,1.5,1924,9.66,5.0,1.8,Met
OPS-003165,ORD-003165,3.3,4.4,6.7,153,5.7,5.0,7.0,Breached
OPS-000867,ORD-000867,2.4,5.9,5.5,187,11.97,5.0,5.8,Breached
OPS-008092,ORD-008092,1.3,6.2,4.6,1953,11.05,5.0,4.9,Met
OPS-003920,ORD-003920,3.3,6.0,4.0,1646,5.69,5.0,4.4,Met
OPS-008758,ORD-008758,1.2,5.5,5.3,1033,7.04,5.0,5.6,Breached
OPS-008707,ORD-008707,3.0,1.2,5.7,761,7.24,5.0,5.9,Breached
OPS-011284,ORD-011284,3.6,7.0,1.9,784,5.15,5.0,2.3,Met
OPS-011025,ORD-011025,2.0,6.7,7.0,656,9.3,5.0,7.4,Breached
OPS-000770,ORD-000770,2.8,2.3,1.5,1663,11.99,5.0,1.7,Met
OPS-004603,ORD-004603,2.2,4.5,2.3,1249,13.14,5.0,2.6,Met
OPS-011836,ORD-011836,2.2,1.6,3.5,1512,11.89,5.0,3.7,Met
OPS-001032,ORD-001032,0.8,1.3,3.3,1916,8.53,5.0,3.4,Met
OPS-009961,ORD-009961,2.6,7.2,2.9,1427,13.9,5.0,3.3,Met
OPS-011443,ORD-011443,0.8,1.1,2.9,1536,6.75,5.0,3.0,Met
OPS-004652,ORD-004652,3.8,2.4,5.4,895,8.57,5.0,5.7,Breached
OPS-009415,ORD-009415,2.9,4.3,4.3,1641,5.09,5.0,4.6,Met
OPS-011102,ORD-011102,2.8,3.8,6.7,1208,6.24,5.0,7.0,Breached
OPS-001522,ORD-001522,0.8,4.1,5.4,733,8.91,5.0,5.6,Breached
OPS-003074,ORD-003074,0.6,2.3,3.2,1618,7.41,5.0,3.3,Met
OPS-007951,ORD-007951,1.2,7.3,5.7,164,5.18,5.0,6.1,Breached
OPS-002754,ORD-002754,3.8,4.2,3.9,1982,11.31,5.0,4.2,Met
OPS-004851,ORD-004851,2.5,4.7,6.5,769,10.83,5.0,6.8,Breached
OPS-012470,ORD-012470,2.2,1.5,3.3,117,4.55,5.0,3.5,Met
OPS-004316,ORD-004316,2.1,3.0,4.6,893,7.1,5.0,4.8,Met
OPS-004952,ORD-004952,0.7,5.2,1.4,1005,13.2,5.0,1.6,Met
OPS-010188,ORD-010188,1.8,4.3,4.6,271,9.33,5.0,4.9,Met
OPS-004751,ORD-004751,3.5,5.9,6.8,1815,13.58,5.0,7.2,Breached
OPS-008849,ORD-008849,3.7,2.3,5.1,209,5.71,5.0,5.3,Breached
OPS-007995,ORD-007995,0.5,7.6,3.6,487,9.79,5.0,3.9,Met
OPS-009465,ORD-009465,2.8,7.1,3.2,1528,7.19,5.0,3.6,Met
OPS-006097,ORD-006097,4.0,7.9,2.1,372,10.34,5.0,2.6,Met
OPS-011064,ORD-011064,1.7,4.0,2.3,107,12.6,5.0,2.5,Met
OPS-006683,ORD-006683,1.0,7.0,1.8,939,6.27,5.0,2.1,Met
OPS-004903,ORD-004903,3.4,1.4,5.6,1075,9.94,5.0,5.8,Breached
OPS-001570,ORD-001570,3.5,1.8,3.0,237,7.39,5.0,3.2,Met
OPS-011718,ORD-011718,3.4,4.4,4.2,1766,13.88,5.0,4.5,Met
OPS-008225,ORD-008225,3.6,3.6,1.9,556,4.97,5.0,2.2,Met
OPS-008622,ORD-008622,3.5,1.3,2.9,656,10.81,5.0,3.1,Met
OPS-009570,ORD-009570,2.7,3.3,6.5,138,6.65,5.0,6.8,Breached
OPS-006042,ORD-006042,2.1,3.2,3.8,1574,6.69,5.0,4.0,Met
OPS-010086,ORD-010086,1.7,6.2,2.7,1171,12.97,5.0,3.0,Met
OPS-001932,ORD-001932,1.0,6.8,1.7,730,10.92,5.0,2.0,Met
OPS-000588,ORD-000588,2.4,7.2,2.4,1255,8.93,5.0,2.8,Met
OPS-006835,ORD-006835,1.7,7.2,6.0,1903,13.43,5.0,6.4,Breached
OPS-010443,ORD-010443,0.5,3.4,7.0,759,12.57,5.0,7.2,Breached
OPS-008689,ORD-008689,1.6,7.1,5.7,1629,10.49,5.0,6.1,Breached
OPS-005319,ORD-005319,2.8,4.7,6.7,1186,10.84,5.0,7.0,Breached
OPS-010949,ORD-010949,2.2,2.2,7.0,1829,7.36,5.0,7.2,Breached
OPS-003185,ORD-003185,2.2,2.3,2.0,1770,6.65,5.0,2.2,Met
OPS-002944,ORD-002944,2.5,6.2,6.2,1242,10.51,5.0,6.6,Breached
OPS-011835,ORD-011835,0.9,4.4,2.9,1822,4.21,5.0,3.1,Met
OPS-010667,ORD-010667,3.9,7.9,6.3,446,13.7,5.0,6.8,Breached
OPS-006439,ORD-006439,0.8,2.7,5.2,1274,4.0,5.0,5.3,Breached
OPS-011924,ORD-011924,0.7,5.8,2.8,1951,6.04,5.0,3.1,Met
OPS-011346,ORD-011346,2.7,1.3,5.9,787,7.53,5.0,6.1,Breached
OPS-001914,ORD-001914,3.9,1.2,6.1,1523,7.0,5.0,6.3,Breached
OPS-001751,ORD-001751,3.4,3.2,4.2,1753,12.45,5.0,4.5,Met
OPS-001708,ORD-001708,2.3,7.8,6.3,1371,5.95,5.0,6.7,Breached
OPS-008642,ORD-008642,1.3,1.0,4.5,1775,12.41,5.0,4.6,Met
OPS-002007,ORD-002007,3.3,3.6,1.2,523,13.02,5.0,1.5,Met
OPS-006886,ORD-006886,2.0,5.4,3.1,1038,13.93,5.0,3.4,Met
OPS-009569,ORD-009569,1.2,2.9,5.2,377,12.08,5.0,5.4,Breached
OPS-005558,ORD-005558,3.4,1.8,3.9,894,7.29,5.0,4.1,Met
OPS-010792,ORD-010792,3.8,4.7,2.6,1932,6.87,5.0,3.0,Met
OPS-007481,ORD-007481,0.5,5.1,2.4,532,7.21,5.0,2.6,Met
OPS-001986,ORD-001986,1.0,1.1,5.2,296,12.06,5.0,5.3,Breached
OPS-005666,ORD-005666,3.6,7.2,5.4,1448,10.07,5.0,5.9,Breached
OPS-008867,ORD-008867,2.4,1.8,2.3,1631,9.71,5.0,2.5,Met
OPS-007893,ORD-007893,3.2,7.5,6.7,1199,9.34,5.0,7.1,Breached
OPS-009222,ORD-009222,2.9,5.1,3.6,1492,11.1,5.0,3.9,Met
OPS-011656,ORD-011656,0.6,6.0,4.4,1726,13.68,5.0,4.7,Met
OPS-004278,ORD-004278,1.0,1.7,2.0,474,4.03,5.0,2.1,Met
OPS-002093,ORD-002093,0.6,6.3,1.6,171,12.71,5.0,1.9,Met
OPS-003963,ORD-003963,2.3,2.8,5.9,532,7.16,5.0,6.1,Breached
OPS-003969,ORD-003969,3.7,6.4,4.3,1496,7.7,5.0,4.7,Met
OPS-005917,ORD-005917,3.7,1.2,6.1,1935,8.35,5.0,6.3,Breached
OPS-008462,ORD-008462,2.5,1.9,6.0,348,8.2,5.0,6.2,Breached
OPS-005157,ORD-005157,1.7,6.0,5.0,1775,11.71,5.0,5.3,Breached
OPS-006884,ORD-006884,2.6,3.0,6.5,625,11.5,5.0,6.7,Breached
OPS-002589,ORD-002589,2.1,3.8,1.4,1243,7.91,5.0,1.6,Met
OPS-001425,ORD-001425,0.8,2.8,2.2,160,4.8,5.0,2.4,Met
OPS-007447,ORD-007447,3.2,4.0,5.5,893,9.66,5.0,5.8,Breached
OPS-007888,ORD-007888,1.3,2.1,4.4,384,10.03,5.0,4.5,Met
OPS-000594,ORD-000594,2.7,7.1,1.4,1840,5.92,5.0,1.8,Met
OPS-002955,ORD-002955,3.9,8.0,4.9,1041,4.5,5.0,5.4,Breached
OPS-001828,ORD-001828,3.9,2.1,3.7,1441,6.54,5.0,4.0,Met
OPS-005594,ORD-005594,3.9,7.6,5.5,1513,10.66,5.0,6.0,Breached
OPS-002502,ORD-002502,3.5,6.4,5.9,1627,4.89,5.0,6.3,Breached
OPS-010527,ORD-010527,0.9,7.4,5.7,974,6.7,5.0,6.0,Breached
OPS-009009,ORD-009009,3.9,6.0,1.2,1150,11.55,5.0,1.6,Met
OPS-010424,ORD-010424,1.0,5.2,5.0,1273,10.84,5.0,5.3,Breached
OPS-010714,ORD-010714,2.2,3.0,5.4,1523,4.16,5.0,5.6,Breached
OPS-004407,ORD-004407,3.2,6.2,5.5,1999,9.88,5.0,5.9,Breached
OPS-008208,ORD-008208,0.9,1.6,3.4,1618,5.37,5.0,3.5,Met
OPS-003927,ORD-003927,3.3,6.5,1.6,293,4.97,5.0,2.0,Met
OPS-001671,ORD-001671,0.9,6.7,5.0,1779,6.21,5.0,5.3,Breached
OPS-006258,ORD-006258,1.3,2.6,6.0,131,13.67,5.0,6.2,Breached
OPS-009315,ORD-009315,3.3,2.9,2.2,305,8.12,5.0,2.5,Met
OPS-005962,ORD-005962,3.9,7.6,4.9,563,5.22,5.0,5.4,Breached
OPS-012371,ORD-012371,3.1,3.1,6.0,1158,5.86,5.0,6.3,Breached
OPS-000902,ORD-000902,1.1,7.3,4.4,814,11.87,5.0,4.8,Met
OPS-009964,ORD-009964,0.9,7.3,5.9,1641,8.82,5.0,6.2,Breached
OPS-011058,ORD-011058,1.7,3.3,5.1,1473,8.54,5.0,5.3,Breached
OPS-012010,ORD-012010,0.5,7.1,2.3,1879,13.98,5.0,2.6,Met
OPS-006311,ORD-006311,3.5,2.1,6.0,1608,8.68,5.0,6.2,Breached
OPS-010847,ORD-010847,1.8,4.3,2.2,1528,4.19,5.0,2.5,Met
OPS-005323,ORD-005323,2.7,5.0,5.5,1508,12.84,5.0,5.8,Breached
OPS-000575,ORD-000575,0.9,4.9,2.1,362,11.0,5.0,2.3,Met
OPS-004208,ORD-004208,0.8,7.6,3.5,598,11.17,5.0,3.9,Met
OPS-002071,ORD-002071,3.3,4.1,6.3,132,12.36,5.0,6.6,Breached
OPS-004856,ORD-004856,0.8,6.8,5.0,1553,13.2,5.0,5.3,Breached
OPS-012376,ORD-012376,0.6,7.0,1.7,704,4.65,5.0,2.0,Met
OPS-004367,ORD-004367,2.4,3.4,2.3,377,11.44,5.0,2.5,Met
OPS-001502,ORD-001502,1.8,3.6,3.7,1289,5.27,5.0,3.9,Met
OPS-008385,ORD-008385,3.9,5.5,5.5,531,4.22,5.0,5.9,Breached
OPS-001799,ORD-001799,1.7,4.8,6.5,1267,12.1,5.0,6.8,Breached
OPS-004220,ORD-004220,2.3,4.3,4.2,577,8.98,5.0,4.5,Met
OPS-004229,ORD-004229,1.8,3.7,1.2,520,5.95,5.0,1.4,Met
OPS-000455,ORD-000455,1.2,4.5,4.2,694,5.53,5.0,4.4,Met
OPS-003134,ORD-003134,1.6,3.6,5.5,1503,13.0,5.0,5.7,Breached
OPS-000094,ORD-000094,3.4,2.8,6.6,1455,8.21,5.0,6.9,Breached
OPS-003491,ORD-003491,2.4,2.8,3.0,1052,6.67,5.0,3.2,Met
OPS-012137,ORD-012137,1.1,3.6,6.1,1528,9.75,5.0,6.3,Breached
OPS-008299,ORD-008299,2.6,4.4,6.5,1718,5.19,5.0,6.8,Breached
OPS-004038,ORD-004038,3.2,6.4,1.3,1493,9.51,5.0,1.7,Met
OPS-004987,ORD-004987,2.1,4.7,2.3,1504,4.01,5.0,2.6,Met
OPS-007739,ORD-007739,1.5,4.2,2.5,1343,4.9,5.0,2.7,Met
OPS-011465,ORD-011465,3.7,1.7,5.5,659,5.93,5.0,5.7,Breached
OPS-008409,ORD-008409,2.8,5.5,4.0,1365,4.9,5.0,4.3,Met
OPS-010083,ORD-010083,1.9,5.9,2.0,1533,13.03,5.0,2.3,Met
OPS-012314,ORD-012314,1.3,1.4,1.0,1879,4.78,5.0,1.1,Met
OPS-002775,ORD-002775,3.9,4.9,1.1,1635,9.45,5.0,1.5,Met
OPS-012116,ORD-012116,2.8,3.2,6.4,1135,8.66,5.0,6.7,Breached
OPS-010057,ORD-010057,0.5,4.9,6.2,385,10.39,5.0,6.4,Breached
OPS-008149,ORD-008149,1.3,5.1,5.1,604,9.19,5.0,5.4,Breached
OPS-001643,ORD-001643,1.1,7.6,2.5,498,10.88,5.0,2.9,Met
OPS-002543,ORD-002543,3.5,2.6,5.3,1207,8.48,5.0,5.6,Breached
OPS-008310,ORD-008310,1.7,2.1,4.0,1865,8.06,5.0,4.2,Met
OPS-007290,ORD-007290,1.9,1.4,2.7,491,13.51,5.0,2.8,Met
OPS-004238,ORD-004238,0.5,3.9,3.9,1229,4.89,5.0,4.1,Met
OPS-009992,ORD-009992,3.0,7.6,1.1,1384,13.26,5.0,1.5,Met
OPS-008998,ORD-008998,0.8,2.0,5.4,1920,12.6,5.0,5.5,Breached
OPS-012135,ORD-012135,1.9,2.0,5.0,1136,12.98,5.0,5.2,Breached
OPS-002664,ORD-002664,1.5,1.4,4.3,325,4.2,5.0,4.4,Met
OPS-003184,ORD-003184,3.2,5.8,6.1,1778,10.03,5.0,6.5,Breached
OPS-003089,ORD-003089,1.9,3.6,4.8,1165,9.37,5.0,5.0,Met
OPS-008228,ORD-008228,2.8,4.7,1.9,1544,7.55,5.0,2.2,Met
OPS-001467,ORD-001467,1.0,1.5,3.2,1919,13.42,5.0,3.3,Met
OPS-010253,ORD-010253,2.9,5.6,2.5,1295,10.05,5.0,2.9,Met
OPS-011774,ORD-011774,2.3,2.0,4.3,591,9.42,5.0,4.5,Met
OPS-003531,ORD-003531,3.3,1.3,3.4,1948,9.12,5.0,3.6,Met
OPS-012434,ORD-012434,1.7,5.7,6.7,243,10.03,5.0,7.0,Breached
OPS-000108,ORD-000108,3.5,4.0,4.0,540,6.8,5.0,4.3,Met
OPS-011009,ORD-011009,2.8,4.9,2.4,171,5.97,5.0,2.7,Met
OPS-012109,ORD-012109,1.8,5.3,6.9,748,8.65,5.0,7.2,Breached
OPS-011548,ORD-011548,3.8,4.7,5.6,1564,7.15,5.0,6.0,Breached
OPS-004289,ORD-004289,3.6,2.6,5.7,458,4.29,5.0,6.0,Breached
OPS-001804,ORD-001804,2.9,1.4,6.2,883,6.76,5.0,6.4,Breached
OPS-011663,ORD-011663,1.5,4.7,4.2,325,4.46,5.0,4.5,Met
OPS-011108,ORD-011108,2.1,7.5,3.6,1252,12.11,5.0,4.0,Met
OPS-001572,ORD-001572,3.6,4.0,6.0,1536,9.97,5.0,6.3,Breached
OPS-011003,ORD-011003,3.0,1.2,2.1,718,13.01,5.0,2.3,Met
OPS-007062,ORD-007062,2.9,1.5,1.5,1542,8.22,5.0,1.7,Met
OPS-007990,ORD-007990,1.9,3.6,5.6,1158,9.54,5.0,5.8,Breached
OPS-001129,ORD-001129,2.8,1.0,2.6,1325,11.92,5.0,2.8,Met
OPS-008712,ORD-008712,3.1,1.7,4.3,222,11.05,5.0,4.5,Met
OPS-002787,ORD-002787,3.9,3.8,6.0,271,11.27,5.0,6.3,Breached
OPS-010656,ORD-010656,2.5,4.8,1.4,1031,6.88,5.0,1.7,Met
OPS-007207,ORD-007207,1.2,3.9,3.2,330,13.04,5.0,3.4,Met
OPS-001503,ORD-001503,3.6,3.1,6.2,1067,8.46,5.0,6.5,Breached
OPS-001833,ORD-001833,0.5,1.1,2.3,1658,6.85,5.0,2.4,Met
OPS-002175,ORD-002175,4.0,5.3,5.7,281,10.03,5.0,6.1,Breached
OPS-007150,ORD-007150,0.8,3.1,6.1,1789,4.93,5.0,6.3,Breached
OPS-006247,ORD-006247,1.2,2.0,3.5,1191,7.77,5.0,3.6,Met
OPS-001640,ORD-001640,3.9,3.6,4.4,838,7.29,5.0,4.7,Met
OPS-009869,ORD-009869,2.8,2.9,1.6,1966,6.32,5.0,1.8,Met
OPS-010768,ORD-010768,0.6,4.6,4.1,806,13.12,5.0,4.3,Met
OPS-009471,ORD-009471,4.0,1.4,1.0,892,7.53,5.0,1.2,Met
OPS-006444,ORD-006444,1.2,4.4,3.2,1911,8.01,5.0,3.4,Met
OPS-008878,ORD-008878,3.9,1.6,4.1,1117,4.84,5.0,4.3,Met
OPS-001773,ORD-001773,2.1,1.5,5.8,535,11.64,5.0,6.0,Breached
OPS-008731,ORD-008731,2.0,6.0,4.5,1814,5.77,5.0,4.8,Met
OPS-003898,ORD-003898,2.8,2.8,5.4,223,6.76,5.0,5.6,Breached
OPS-012439,ORD-012439,3.7,5.6,1.2,1879,6.01,5.0,1.6,Met
OPS-002118,ORD-002118,0.9,5.1,3.3,243,4.53,5.0,3.5,Met
OPS-002761,ORD-002761,1.4,4.6,4.7,1051,10.5,5.0,5.0,Met
OPS-009901,ORD-009901,3.9,1.5,2.3,1896,11.97,5.0,2.5,Met
OPS-005687,ORD-005687,3.7,4.3,1.1,1316,10.76,5.0,1.4,Met
OPS-000440,ORD-000440,1.3,3.0,5.9,130,12.64,5.0,6.1,Breached
OPS-008274,ORD-008274,0.6,7.8,6.3,1853,9.91,5.0,6.6,Breached
OPS-010160,ORD-010160,1.0,3.3,6.4,1422,9.38,5.0,6.6,Breached
OPS-005556,ORD-005556,3.3,5.7,6.5,686,5.52,5.0,6.9,Breached
OPS-006466,ORD-006466,2.4,1.7,3.4,1770,6.83,5.0,3.6,Met
OPS-006729,ORD-006729,1.1,2.3,1.5,916,6.26,5.0,1.6,Met
OPS-011839,ORD-011839,1.9,5.8,6.2,1802,8.82,5.0,6.5,Breached
OPS-006633,ORD-006633,1.5,3.3,6.4,597,12.81,5.0,6.6,Breached
OPS-001709,ORD-001709,2.2,4.7,3.2,416,7.18,5.0,3.5,Met
OPS-006383,ORD-006383,2.6,5.0,5.4,242,6.86,5.0,5.7,Breached
OPS-010313,ORD-010313,1.6,7.3,4.7,1188,7.67,5.0,5.1,Breached
OPS-011128,ORD-011128,1.2,7.4,1.1,1655,7.86,5.0,1.5,Met
OPS-012087,ORD-012087,3.1,5.6,3.6,1963,11.07,5.0,4.0,Met
OPS-007079,ORD-007079,1.1,3.2,5.9,129,4.3,5.0,6.1,Breached
OPS-010131,ORD-010131,1.6,1.7,1.7,474,7.43,5.0,1.8,Met
OPS-010468,ORD-010468,3.1,3.6,6.7,1556,13.14,5.0,7.0,Breached
OPS-006243,ORD-006243,1.8,5.4,1.7,1896,4.31,5.0,2.0,Met
OPS-003286,ORD-003286,1.5,2.9,3.1,1401,12.97,5.0,3.3,Met
OPS-000232,ORD-000232,1.2,1.0,2.2,1101,8.16,5.0,2.3,Met
OPS-005560,ORD-005560,3.2,6.5,2.6,1646,6.88,5.0,3.0,Met
OPS-007446,ORD-007446,1.8,1.2,5.7,766,13.74,5.0,5.8,Breached
OPS-002513,ORD-002513,2.3,6.8,4.0,1254,13.51,5.0,4.4,Met
OPS-008810,ORD-008810,1.0,3.1,2.4,498,10.14,5.0,2.6,Met
OPS-010757,ORD-010757,2.9,4.2,4.1,451,6.33,5.0,4.4,Met
OPS-012342,ORD-012342,0.6,2.4,5.7,1918,9.66,5.0,5.8,Breached
OPS-000570,ORD-000570,1.7,2.8,4.0,1194,12.85,5.0,4.2,Met
OPS-010117,ORD-010117,2.4,7.6,4.2,322,11.29,5.0,4.6,Met
OPS-002962,ORD-002962,3.9,7.6,4.1,1161,11.57,5.0,4.6,Met
OPS-007376,ORD-007376,2.3,6.8,3.8,518,9.84,5.0,4.2,Met
OPS-010655,ORD-010655,0.6,2.8,2.1,1479,10.07,5.0,2.2,Met
OPS-009340,ORD-009340,2.2,7.1,1.4,538,11.47,5.0,1.8,Met
OPS-001092,ORD-001092,2.1,2.7,6.9,349,6.32,5.0,7.1,Breached
OPS-004972,ORD-004972,3.4,4.8,5.8,777,8.77,5.0,6.1,Breached
OPS-004245,ORD-004245,0.8,6.3,3.0,1197,9.24,5.0,3.3,Met
OPS-011664,ORD-011664,3.5,2.4,7.0,661,11.98,5.0,7.2,Breached
OPS-009475,ORD-009475,1.5,2.3,4.4,631,6.96,5.0,4.6,Met
OPS-008577,ORD-008577,2.3,5.8,2.1,1478,11.21,5.0,2.4,Met
OPS-004193,ORD-004193,2.3,4.0,1.7,712,11.81,5.0,2.0,Met
OPS-004743,ORD-004743,0.9,6.4,6.2,366,12.46,5.0,6.5,Breached
OPS-003695,ORD-003695,0.8,2.9,2.8,231,13.92,5.0,3.0,Met
OPS-008166,ORD-008166,2.9,7.2,5.8,692,4.49,5.0,6.2,Breached
OPS-001407,ORD-001407,0.8,3.4,4.4,263,8.64,5.0,4.6,Met
OPS-006563,ORD-006563,1.2,1.2,1.7,1333,12.38,5.0,1.8,Met
OPS-011926,ORD-011926,2.7,2.1,2.0,973,12.41,5.0,2.2,Met
OPS-002697,ORD-002697,3.9,4.8,1.2,1393,8.66,5.0,1.6,Met
OPS-004088,ORD-004088,1.3,5.0,4.1,1823,8.61,5.0,4.4,Met
OPS-005099,ORD-005099,1.2,6.9,3.9,889,7.39,5.0,4.2,Met
OPS-010778,ORD-010778,3.8,6.0,6.5,390,6.51,5.0,6.9,Breached
OPS-003433,ORD-003433,2.6,2.2,5.7,1271,10.54,5.0,5.9,Breached
OPS-009607,ORD-009607,1.9,2.6,6.8,959,7.42,5.0,7.0,Breached
OPS-009986,ORD-009986,1.9,4.1,6.8,524,12.16,5.0,7.0,Breached
OPS-005814,ORD-005814,0.7,7.4,1.8,869,7.81,5.0,2.1,Met
OPS-011126,ORD-011126,3.3,3.0,6.4,1322,10.18,5.0,6.7,Breached
OPS-005462,ORD-005462,1.1,4.5,4.2,748,9.01,5.0,4.4,Met
OPS-010315,ORD-010315,3.0,6.0,3.7,1871,12.2,5.0,4.1,Met
OPS-001692,ORD-001692,2.3,2.9,4.0,1269,10.14,5.0,4.2,Met
OPS-002990,ORD-002990,3.8,4.9,2.6,1411,5.5,5.0,3.0,Met
OPS-009938,ORD-009938,3.5,2.2,6.6,477,7.93,5.0,6.8,Breached
OPS-010701,ORD-010701,2.6,5.8,2.9,466,4.58,5.0,3.2,Met
OPS-009958,ORD-009958,2.8,6.6,1.0,1806,9.25,5.0,1.4,Met
OPS-005800,ORD-005800,1.6,1.4,6.8,1491,5.44,5.0,6.9,Breached
OPS-010590,ORD-010590,2.5,7.5,1.7,1552,6.33,5.0,2.1,Met
OPS-011446,ORD-011446,2.8,3.5,1.9,1733,13.04,5.0,2.2,Met
OPS-000313,ORD-000313,2.4,3.3,5.8,752,6.63,5.0,6.0,Breached
OPS-005208,ORD-005208,2.4,4.8,1.9,1946,13.59,5.0,2.2,Met
OPS-001398,ORD-001398,1.9,3.8,3.3,254,9.44,5.0,3.5,Met
OPS-001931,ORD-001931,1.9,2.2,1.1,123,7.25,5.0,1.3,Met
OPS-001473,ORD-001473,3.3,7.0,3.8,1053,6.61,5.0,4.2,Met
OPS-003591,ORD-003591,0.7,3.0,3.9,477,10.06,5.0,4.1,Met
OPS-009382,ORD-009382,0.7,4.9,4.9,1056,7.58,5.0,5.1,Breached
OPS-005863,ORD-005863,3.4,2.4,1.7,1152,5.53,5.0,1.9,Met
OPS-007025,ORD-007025,3.0,4.7,2.2,1192,4.45,5.0,2.5,Met
OPS-001735,ORD-001735,2.3,2.5,1.7,1200,5.06,5.0,1.9,Met
OPS-001830,ORD-001830,2.2,6.5,1.9,658,7.33,5.0,2.3,Met
OPS-001552,ORD-001552,2.2,5.2,5.4,420,10.04,5.0,5.7,Breached
OPS-003138,ORD-003138,2.6,7.1,1.2,960,4.64,5.0,1.6,Met
OPS-011832,ORD-011832,3.2,2.2,2.3,1127,10.98,5.0,2.5,Met
OPS-007077,ORD-007077,2.8,1.1,4.3,1625,5.4,5.0,4.5,Met
OPS-007665,ORD-007665,2.0,3.3,3.3,221,10.05,5.0,3.5,Met
OPS-007487,ORD-007487,3.6,6.2,3.4,1034,9.43,5.0,3.8,Met
OPS-003469,ORD-003469,1.4,5.0,5.3,691,10.21,5.0,5.6,Breached
OPS-010938,ORD-010938,0.6,4.8,4.5,264,5.78,5.0,4.7,Met
OPS-006897,ORD-006897,2.7,6.1,3.1,1710,9.19,5.0,3.5,Met
OPS-002848,ORD-002848,2.2,1.0,4.4,1731,5.17,5.0,4.5,Met
OPS-012246,ORD-012246,0.8,3.3,2.4,624,10.01,5.0,2.6,Met
OPS-010686,ORD-010686,3.7,2.2,6.4,1208,5.35,5.0,6.6,Breached
OPS-009249,ORD-009249,2.1,6.8,3.5,1598,7.89,5.0,3.9,Met
OPS-009538,ORD-009538,2.2,1.1,3.0,1216,9.27,5.0,3.1,Met
OPS-003039,ORD-003039,1.7,4.0,6.9,209,4.59,5.0,7.1,Breached
OPS-002929,ORD-002929,3.6,3.9,3.1,1886,10.93,5.0,3.4,Met
OPS-007183,ORD-007183,2.5,4.3,5.6,1995,11.4,5.0,5.9,Breached
OPS-008057,ORD-008057,0.9,7.0,1.2,300,13.44,5.0,1.5,Met
OPS-011822,ORD-011822,1.7,7.2,6.6,1990,5.81,5.0,7.0,Breached
OPS-007510,ORD-007510,1.0,6.6,3.6,1427,5.15,5.0,3.9,Met
OPS-010582,ORD-010582,2.8,4.4,3.6,911,4.7,5.0,3.9,Met
OPS-000914,ORD-000914,2.5,2.3,2.1,1247,11.71,5.0,2.3,Met
OPS-012426,ORD-012426,0.9,4.6,1.9,1973,4.64,5.0,2.1,Met
OPS-009275,ORD-009275,3.8,7.7,2.2,230,7.69,5.0,2.7,Met
OPS-005557,ORD-005557,0.9,1.3,6.0,1917,12.41,5.0,6.1,Breached
OPS-003010,ORD-003010,1.1,4.7,5.8,651,7.85,5.0,6.0,Breached
OPS-006487,ORD-006487,2.7,5.3,2.2,383,13.15,5.0,2.5,Met
OPS-001588,ORD-001588,2.9,4.5,6.0,1159,7.03,5.0,6.3,Breached
OPS-003038,ORD-003038,0.5,6.3,5.4,1266,7.13,5.0,5.7,Breached
OPS-010079,ORD-010079,2.8,6.3,3.5,496,10.19,5.0,3.9,Met
OPS-007441,ORD-007441,3.3,7.4,2.8,1374,7.18,5.0,3.2,Met
OPS-002554,ORD-002554,0.8,7.0,3.7,1715,6.83,5.0,4.0,Met
OPS-006988,ORD-006988,1.5,5.8,6.3,1737,7.5,5.0,6.6,Breached
OPS-007885,ORD-007885,3.3,7.8,3.7,1562,12.02,5.0,4.2,Met
OPS-002438,ORD-002438,0.9,7.5,3.1,1386,5.0,5.0,3.5,Met
OPS-003805,ORD-003805,3.0,2.7,3.8,366,11.79,5.0,4.0,Met
OPS-010012,ORD-010012,3.6,7.9,3.4,527,7.29,5.0,3.9,Met
OPS-001487,ORD-001487,3.4,3.1,1.5,1152,12.33,5.0,1.8,Met
OPS-011905,ORD-011905,0.9,5.5,5.0,299,7.96,5.0,5.3,Breached
OPS-006909,ORD-006909,2.0,7.5,4.0,375,13.26,5.0,4.4,Met
OPS-003953,ORD-003953,1.0,6.9,3.6,579,12.01,5.0,3.9,Met
OPS-000438,ORD-000438,4.0,3.6,3.1,1151,9.4,5.0,3.4,Met
OPS-004589,ORD-004589,1.6,4.6,6.2,855,6.75,5.0,6.5,Breached
OPS-009860,ORD-009860,1.0,5.4,1.4,1896,10.35,5.0,1.7,Met
OPS-006998,ORD-006998,3.0,4.0,4.3,1878,4.62,5.0,4.6,Met
OPS-010453,ORD-010453,3.7,7.5,6.9,589,10.74,5.0,7.4,Breached
OPS-006969,ORD-006969,2.0,6.3,1.4,637,9.74,5.0,1.7,Met
OPS-002763,ORD-002763,0.8,3.6,3.0,1622,8.54,5.0,3.2,Met
OPS-001647,ORD-001647,2.8,5.4,2.7,1913,8.77,5.0,3.0,Met
OPS-011493,ORD-011493,1.4,2.6,3.9,1406,7.27,5.0,4.1,Met
OPS-005810,ORD-005810,0.7,4.8,2.0,226,11.9,5.0,2.2,Met
OPS-000197,ORD-000197,3.2,1.5,4.6,255,10.8,5.0,4.8,Met
OPS-011946,ORD-011946,2.1,6.1,1.8,1009,7.57,5.0,2.1,Met
OPS-005089,ORD-005089,3.6,4.6,2.8,275,6.72,5.0,3.1,Met
OPS-011522,ORD-011522,0.9,3.3,1.9,1056,8.3,5.0,2.1,Met
OPS-002780,ORD-002780,1.6,4.2,6.2,693,4.93,5.0,6.4,Breached
OPS-009868,ORD-009868,1.5,5.3,6.1,1675,11.52,5.0,6.4,Breached
OPS-010574,ORD-010574,3.0,4.6,2.1,954,13.17,5.0,2.4,Met
OPS-006467,ORD-006467,1.8,3.5,4.6,1224,4.0,5.0,4.8,Met
OPS-005936,ORD-005936,2.7,2.8,2.5,415,9.86,5.0,2.7,Met
OPS-002441,ORD-002441,1.8,1.3,5.8,1128,4.63,5.0,5.9,Breached
OPS-003065,ORD-003065,3.6,4.6,6.4,1455,7.51,5.0,6.7,Breached
OPS-010003,ORD-010003,3.9,5.4,6.8,1934,12.4,5.0,7.2,Breached
OPS-004710,ORD-004710,1.7,2.0,4.0,1967,7.38,5.0,4.2,Met
OPS-001167,ORD-001167,2.5,2.0,3.4,1634,7.16,5.0,3.6,Met
OPS-004768,ORD-004768,3.4,7.4,3.0,886,10.59,5.0,3.5,Met
OPS-007283,ORD-007283,1.5,3.4,1.1,883,5.02,5.0,1.3,Met
OPS-008020,ORD-008020,2.8,7.0,1.7,371,7.54,5.0,2.1,Met
OPS-004521,ORD-004521,0.6,3.2,6.3,156,6.22,5.0,6.5,Breached
OPS-006977,ORD-006977,2.4,7.7,5.5,1945,6.97,5.0,5.9,Breached
OPS-006445,ORD-006445,2.1,5.3,2.8,240,4.32,5.0,3.1,Met
OPS-008764,ORD-008764,0.6,1.1,6.3,745,13.18,5.0,6.4,Breached
OPS-001939,ORD-001939,1.0,6.6,6.1,1786,9.51,5.0,6.4,Breached
OPS-009796,ORD-009796,2.7,5.8,2.6,688,8.55,5.0,3.0,Met
OPS-009202,ORD-009202,1.6,1.3,5.5,1219,8.96,5.0,5.6,Breached
OPS-008244,ORD-008244,3.6,7.4,7.0,454,10.1,5.0,7.5,Breached
OPS-000692,ORD-000692,0.7,4.9,3.7,1190,10.75,5.0,3.9,Met
OPS-000829,ORD-000829,2.3,5.4,3.2,1946,7.67,5.0,3.5,Met
OPS-008176,ORD-008176,2.6,3.6,1.1,1352,11.94,5.0,1.4,Met
OPS-001409,ORD-001409,2.7,2.4,4.4,941,5.55,5.0,4.6,Met
OPS-009565,ORD-009565,2.9,2.1,2.8,1945,12.8,5.0,3.0,Met
OPS-006329,ORD-006329,2.2,5.8,5.6,1280,4.86,5.0,5.9,Breached
OPS-010157,ORD-010157,1.8,1.9,2.6,915,5.56,5.0,2.8,Met
OPS-005370,ORD-005370,1.8,6.1,6.9,240,12.15,5.0,7.2,Breached
OPS-007674,ORD-007674,3.3,6.9,3.7,1692,5.72,5.0,4.1,Met
OPS-002854,ORD-002854,3.0,7.2,6.4,1807,10.52,5.0,6.8,Breached
OPS-007268,ORD-007268,2.7,3.8,2.0,702,11.12,5.0,2.3,Met
OPS-008416,ORD-008416,1.0,3.8,3.6,1163,11.29,5.0,3.8,Met
OPS-002414,ORD-002414,0.7,7.8,4.3,1020,9.8,5.0,4.7,Met
OPS-008188,ORD-008188,3.5,3.7,2.3,1221,4.85,5.0,2.6,Met
OPS-011685,ORD-011685,3.9,3.1,6.4,1850,8.12,5.0,6.7,Breached
OPS-011100,ORD-011100,3.7,3.2,2.0,617,13.66,5.0,2.3,Met
OPS-002987,ORD-002987,1.7,7.9,5.0,1269,9.85,5.0,5.4,Breached
OPS-012113,ORD-012113,3.6,5.6,5.9,1971,5.42,5.0,6.3,Breached
OPS-009394,ORD-009394,4.0,4.6,4.4,411,12.23,5.0,4.8,Met
OPS-009983,ORD-009983,0.7,2.4,3.1,785,10.66,5.0,3.2,Met
OPS-009404,ORD-009404,1.0,6.1,3.8,1448,13.31,5.0,4.1,Met
OPS-009527,ORD-009527,1.8,7.2,5.0,675,4.64,5.0,5.4,Breached
OPS-011411,ORD-011411,3.9,2.6,4.9,1903,4.63,5.0,5.2,Breached
OPS-000895,ORD-000895,1.1,5.8,1.4,1574,11.66,5.0,1.7,Met
OPS-003905,ORD-003905,3.4,6.0,4.5,1787,11.59,5.0,4.9,Met
OPS-005293,ORD-005293,3.2,5.7,1.1,269,9.22,5.0,1.5,Met
OPS-011823,ORD-011823,1.9,1.4,6.7,353,9.15,5.0,6.8,Breached
OPS-009760,ORD-009760,1.4,4.8,6.7,1838,4.63,5.0,7.0,Breached
OPS-010082,ORD-010082,1.4,7.9,4.4,502,12.34,5.0,4.8,Met
OPS-007502,ORD-007502,1.0,7.3,5.5,1764,8.64,5.0,5.8,Breached
OPS-011252,ORD-011252,2.0,6.5,1.7,1271,12.58,5.0,2.1,Met
OPS-001460,ORD-001460,3.3,6.0,3.6,178,5.47,5.0,4.0,Met
OPS-004228,ORD-004228,1.5,1.9,6.3,670,7.8,5.0,6.4,Breached
OPS-011104,ORD-011104,2.6,7.4,1.4,1736,9.73,5.0,1.8,Met
OPS-004223,ORD-004223,1.9,1.3,6.5,367,9.28,5.0,6.6,Breached
OPS-007354,ORD-007354,3.3,6.3,4.3,525,12.36,5.0,4.7,Met
OPS-010254,ORD-010254,1.5,3.4,3.8,1160,6.43,5.0,4.0,Met
OPS-001686,ORD-001686,3.2,5.3,4.8,1929,11.89,5.0,5.2,Breached
OPS-007425,ORD-007425,3.4,4.2,3.8,746,5.19,5.0,4.1,Met
OPS-006237,ORD-006237,0.5,5.6,6.7,1599,9.16,5.0,7.0,Breached
OPS-008117,ORD-008117,1.7,2.0,2.0,533,8.33,5.0,2.2,Met
OPS-003971,ORD-003971,1.8,7.7,5.3,693,4.49,5.0,5.7,Breached
OPS-003515,ORD-003515,2.2,6.5,4.2,553,13.05,5.0,4.6,Met
OPS-012346,ORD-012346,2.7,2.6,5.2,1422,6.23,5.0,5.4,Breached
OPS-005031,ORD-005031,3.3,3.0,2.9,742,8.13,5.0,3.2,Met
OPS-009405,ORD-009405,3.3,6.0,4.5,850,12.76,5.0,4.9,Met
OPS-003358,ORD-003358,1.1,2.5,3.7,1787,8.9,5.0,3.9,Met
OPS-001633,ORD-001633,3.6,1.3,2.1,1242,8.59,5.0,2.3,Met
OPS-008046,ORD-008046,1.6,7.1,6.6,146,7.81,5.0,7.0,Breached
OPS-008550,ORD-008550,3.4,2.1,1.1,1045,8.69,5.0,1.3,Met
OPS-011601,ORD-011601,2.4,6.3,4.6,973,11.56,5.0,5.0,Met
OPS-001934,ORD-001934,2.0,5.3,5.7,1177,6.69,5.0,6.0,Breached
OPS-007182,ORD-007182,1.7,1.4,6.3,1258,6.68,5.0,6.4,Breached
OPS-003047,ORD-003047,0.6,2.9,5.6,1420,9.82,5.0,5.7,Breached
OPS-007107,ORD-007107,0.7,6.8,5.7,942,9.04,5.0,6.0,Breached
OPS-007558,ORD-007558,3.9,1.2,6.1,606,6.56,5.0,6.3,Breached
OPS-005432,ORD-005432,3.8,2.2,6.0,1552,4.51,5.0,6.2,Breached
OPS-010733,ORD-010733,1.3,7.8,5.2,646,7.22,5.0,5.6,Breached
OPS-002456,ORD-002456,0.9,1.3,5.6,853,12.04,5.0,5.7,Breached
OPS-008777,ORD-008777,2.6,6.1,5.6,1203,8.88,5.0,6.0,Breached
OPS-002053,ORD-002053,2.3,7.9,6.6,323,12.29,5.0,7.0,Breached
OPS-004526,ORD-004526,2.7,7.5,1.7,440,13.9,5.0,2.1,Met
OPS-003429,ORD-003429,1.6,4.3,4.3,921,10.4,5.0,4.5,Met
OPS-000141,ORD-000141,1.1,6.8,4.4,1163,7.6,5.0,4.7,Met
OPS-004558,ORD-004558,1.6,3.8,5.7,1787,12.96,5.0,5.9,Breached
OPS-007887,ORD-007887,1.1,1.6,3.7,1914,6.31,5.0,3.8,Met
OPS-010525,ORD-010525,1.7,1.4,5.8,1500,8.85,5.0,5.9,Breached
OPS-003055,ORD-003055,1.7,6.5,6.1,1411,8.07,5.0,6.4,Breached
OPS-004888,ORD-004888,0.9,7.7,1.4,310,4.58,5.0,1.8,Met
OPS-012361,ORD-012361,1.4,1.4,6.0,1542,13.48,5.0,6.1,Breached
OPS-004429,ORD-004429,2.1,6.7,1.7,605,6.91,5.0,2.1,Met
OPS-002251,ORD-002251,0.8,7.1,1.5,1486,11.31,5.0,1.8,Met
OPS-008980,ORD-008980,1.8,3.2,3.4,1415,5.7,5.0,3.6,Met
OPS-006649,ORD-006649,0.9,7.1,5.4,960,9.5,5.0,5.7,Breached
OPS-008716,ORD-008716,2.5,1.9,4.4,495,12.76,5.0,4.6,Met
OPS-009736,ORD-009736,3.5,6.6,5.4,358,5.26,5.0,5.8,Breached
OPS-008631,ORD-008631,0.9,7.8,2.8,1859,10.26,5.0,3.2,Met
OPS-008510,ORD-008510,2.8,3.1,2.3,863,4.98,5.0,2.5,Met
OPS-011428,ORD-011428,3.4,5.7,3.2,309,10.96,5.0,3.6,Met
OPS-003071,ORD-003071,3.0,4.3,5.3,204,8.85,5.0,5.6,Breached
OPS-004105,ORD-004105,0.9,7.4,2.5,100,7.95,5.0,2.8,Met
OPS-012102,ORD-012102,1.1,6.2,4.9,882,8.8,5.0,5.2,Breached
OPS-011325,ORD-011325,0.6,1.3,5.7,1712,8.9,5.0,5.8,Breached
OPS-012049,ORD-012049,3.3,3.7,6.6,1809,12.42,5.0,6.9,Breached
OPS-003480,ORD-003480,2.2,2.2,4.3,1393,10.45,5.0,4.5,Met
OPS-002122,ORD-002122,2.6,3.4,5.6,748,12.13,5.0,5.8,Breached
OPS-010198,ORD-010198,2.8,1.0,3.4,1265,6.96,5.0,3.6,Met
OPS-001029,ORD-001029,2.6,2.5,2.8,1601,12.82,5.0,3.0,Met
OPS-011027,ORD-011027,2.9,7.7,3.4,1169,5.49,5.0,3.8,Met
OPS-007565,ORD-007565,3.8,2.9,6.0,1670,7.43,5.0,6.3,Breached
OPS-008866,ORD-008866,1.1,7.5,6.2,1311,12.97,5.0,6.6,Breached
OPS-008167,ORD-008167,1.1,4.0,1.6,1029,7.66,5.0,1.8,Met
OPS-009112,ORD-009112,3.4,2.7,5.4,1512,9.53,5.0,5.7,Breached
OPS-001147,ORD-001147,3.1,4.6,3.3,1881,6.06,5.0,3.6,Met
OPS-000064,ORD-000064,1.2,3.1,3.4,1309,8.18,5.0,3.6,Met
OPS-006423,ORD-006423,1.9,5.7,2.2,1008,10.51,5.0,2.5,Met
OPS-007384,ORD-007384,2.5,1.8,6.3,1611,4.02,5.0,6.5,Breached
OPS-011672,ORD-011672,0.8,5.1,5.0,905,6.51,5.0,5.2,Breached
OPS-009014,ORD-009014,3.6,3.0,1.3,585,9.13,5.0,1.6,Met
OPS-012395,ORD-012395,0.6,3.7,1.1,616,5.89,5.0,1.3,Met
OPS-010759,ORD-010759,2.7,7.2,4.6,483,12.66,5.0,5.0,Met
OPS-003741,ORD-003741,3.0,6.3,2.5,1309,9.3,5.0,2.9,Met
OPS-005580,ORD-005580,2.3,6.0,4.0,1789,13.63,5.0,4.3,Met
OPS-011396,ORD-011396,1.9,1.2,2.8,1671,6.0,5.0,2.9,Met
OPS-004344,ORD-004344,3.5,6.3,7.0,282,11.61,5.0,7.4,Breached
OPS-006641,ORD-006641,2.1,3.1,4.6,647,7.64,5.0,4.8,Met
OPS-007035,ORD-007035,2.0,4.3,6.7,1874,7.12,5.0,7.0,Breached
OPS-011996,ORD-011996,1.7,3.0,2.6,1749,7.14,5.0,2.8,Met
OPS-005967,ORD-005967,0.6,6.0,6.5,1961,11.74,5.0,6.8,Breached
OPS-004161,ORD-004161,2.4,4.2,6.3,215,12.54,5.0,6.6,Breached
OPS-005467,ORD-005467,2.8,7.9,2.6,998,9.67,5.0,3.0,Met
OPS-006353,ORD-006353,1.9,4.3,5.7,121,6.42,5.0,6.0,Breached
OPS-004755,ORD-004755,2.8,2.7,5.5,1996,12.86,5.0,5.7,Breached
OPS-009486,ORD-009486,1.4,1.3,5.8,1171,6.18,5.0,5.9,Breached
OPS-003211,ORD-003211,2.0,3.0,1.7,1487,13.99,5.0,1.9,Met
OPS-003399,ORD-003399,1.6,2.1,5.3,772,7.13,5.0,5.5,Breached
OPS-009669,ORD-009669,1.1,4.1,5.8,1849,4.2,5.0,6.0,Breached
OPS-000705,ORD-000705,3.8,1.8,2.5,528,5.64,5.0,2.7,Met
OPS-009069,ORD-009069,2.0,5.5,5.0,303,10.17,5.0,5.3,Breached
OPS-003756,ORD-003756,3.8,7.2,3.8,410,4.77,5.0,4.3,Met
OPS-003801,ORD-003801,3.5,2.7,1.7,120,8.26,5.0,2.0,Met
OPS-010804,ORD-010804,1.3,5.3,3.5,910,4.76,5.0,3.8,Met
OPS-011241,ORD-011241,3.6,6.7,1.7,740,11.73,5.0,2.1,Met
OPS-011139,ORD-011139,0.6,4.8,6.6,1503,10.86,5.0,6.8,Breached
OPS-004277,ORD-004277,3.5,4.1,3.7,1289,9.6,5.0,4.0,Met
OPS-001111,ORD-001111,1.4,2.1,6.3,736,6.28,5.0,6.4,Breached
OPS-011005,ORD-011005,3.0,6.1,3.1,1015,13.44,5.0,3.5,Met
OPS-005916,ORD-005916,3.3,1.1,1.2,378,7.25,5.0,1.4,Met
OPS-006803,ORD-006803,2.3,2.1,1.8,1156,7.23,5.0,2.0,Met
OPS-005588,ORD-005588,2.3,6.3,6.2,113,12.38,5.0,6.6,Breached
OPS-001684,ORD-001684,1.0,6.4,6.6,1657,7.37,5.0,6.9,Breached
OPS-008420,ORD-008420,3.7,7.3,1.3,1657,5.02,5.0,1.8,Met
OPS-011668,ORD-011668,1.4,7.7,3.5,1837,9.36,5.0,3.9,Met
OPS-002337,ORD-002337,3.1,3.4,3.9,245,13.1,5.0,4.2,Met
OPS-009994,ORD-009994,1.1,5.4,2.5,1205,11.94,5.0,2.8,Met
OPS-008196,ORD-008196,1.0,2.4,5.6,842,8.22,5.0,5.7,Breached
OPS-005872,ORD-005872,0.6,7.7,1.9,1283,8.97,5.0,2.2,Met
OPS-010193,ORD-010193,1.4,3.4,6.8,638,5.14,5.0,7.0,Breached
OPS-005499,ORD-005499,2.9,5.1,2.6,380,6.58,5.0,2.9,Met
OPS-001239,ORD-001239,2.0,6.0,1.8,1688,6.02,5.0,2.1,Met
OPS-000137,ORD-000137,3.7,3.4,6.0,1140,4.65,5.0,6.3,Breached
OPS-010329,ORD-010329,2.1,7.4,1.8,1437,12.5,5.0,2.2,Met
OPS-010203,ORD-010203,1.9,1.4,1.1,874,12.07,5.0,1.2,Met
OPS-005977,ORD-005977,3.7,8.0,3.5,1224,7.46,5.0,4.0,Met
OPS-009195,ORD-009195,2.9,1.3,1.9,879,4.44,5.0,2.1,Met
OPS-009653,ORD-009653,2.0,6.3,4.9,913,5.06,5.0,5.2,Breached
OPS-008079,ORD-008079,3.4,4.3,2.8,659,10.03,5.0,3.1,Met
OPS-005613,ORD-005613,1.0,3.8,3.9,214,12.45,5.0,4.1,Met
OPS-011034,ORD-011034,1.7,7.3,1.8,152,12.13,5.0,2.2,Met
OPS-004688,ORD-004688,2.9,3.9,4.5,1274,8.22,5.0,4.8,Met
OPS-006581,ORD-006581,1.1,4.0,6.3,671,8.12,5.0,6.5,Breached
OPS-008097,ORD-008097,2.8,6.7,1.4,689,8.24,5.0,1.8,Met
OPS-005305,ORD-005305,1.6,3.8,2.5,585,6.89,5.0,2.7,Met
OPS-005942,ORD-005942,1.5,1.2,1.7,1591,13.19,5.0,1.8,Met
OPS-010927,ORD-010927,2.2,2.0,6.7,635,6.67,5.0,6.9,Breached
OPS-007660,ORD-007660,3.4,1.2,3.8,1718,12.25,5.0,4.0,Met
OPS-009886,ORD-009886,3.5,4.8,1.4,477,5.55,5.0,1.7,Met
OPS-012268,ORD-012268,0.8,1.7,2.4,437,9.5,5.0,2.5,Met
OPS-010606,ORD-010606,2.4,5.6,5.9,188,6.89,5.0,6.2,Breached
OPS-006140,ORD-006140,1.6,7.4,1.1,1481,10.93,5.0,1.5,Met
OPS-000466,ORD-000466,1.2,7.7,1.6,1194,10.19,5.0,2.0,Met
OPS-006759,ORD-006759,3.4,3.9,1.8,1528,5.36,5.0,2.1,Met
OPS-003297,ORD-003297,2.5,3.0,3.3,1665,10.75,5.0,3.5,Met
OPS-010019,ORD-010019,2.3,2.6,4.5,515,10.66,5.0,4.7,Met
OPS-012038,ORD-012038,1.5,5.5,1.7,201,11.99,5.0,2.0,Met
OPS-005330,ORD-005330,3.9,2.0,1.6,335,6.31,5.0,1.8,Met
OPS-004062,ORD-004062,2.6,6.7,1.6,647,11.92,5.0,2.0,Met
OPS-010684,ORD-010684,3.1,1.3,5.2,1159,12.88,5.0,5.4,Breached
OPS-010206,ORD-010206,3.4,6.0,6.7,138,5.05,5.0,7.1,Breached
OPS-009456,ORD-009456,3.2,6.9,5.0,1464,9.73,5.0,5.4,Breached
OPS-004441,ORD-004441,3.5,2.3,2.0,892,8.14,5.0,2.2,Met
OPS-007124,ORD-007124,2.0,6.4,1.6,1274,6.13,5.0,2.0,Met
OPS-011152,ORD-011152,1.1,7.1,3.4,1658,9.65,5.0,3.7,Met
OPS-008652,ORD-008652,2.6,4.7,6.3,106,6.18,5.0,6.6,Breached
OPS-005799,ORD-005799,3.7,6.0,4.8,1028,8.96,5.0,5.2,Breached
OPS-008782,ORD-008782,0.7,4.3,5.9,1383,9.22,5.0,6.1,Breached
OPS-001926,ORD-001926,3.2,1.4,1.3,785,4.2,5.0,1.5,Met
OPS-007786,ORD-007786,1.3,3.3,4.7,571,12.57,5.0,4.9,Met
OPS-000972,ORD-000972,3.9,5.7,3.4,742,13.74,5.0,3.8,Met
OPS-002857,ORD-002857,0.6,4.8,7.0,1438,11.96,5.0,7.2,Breached
OPS-011236,ORD-011236,2.5,1.7,4.8,1056,12.88,5.0,5.0,Met
OPS-010028,ORD-010028,2.9,2.4,6.7,1985,5.54,5.0,6.9,Breached
OPS-004963,ORD-004963,0.7,6.0,5.0,1867,10.31,5.0,5.3,Breached
OPS-011356,ORD-011356,1.0,5.5,2.6,620,5.94,5.0,2.9,Met
OPS-001135,ORD-001135,1.8,2.4,4.2,1298,7.11,5.0,4.4,Met
OPS-008137,ORD-008137,3.3,5.5,6.8,328,13.64,5.0,7.2,Breached
OPS-009482,ORD-009482,2.4,4.9,2.6,1165,6.51,5.0,2.9,Met
OPS-004300,ORD-004300,1.5,5.1,6.2,192,4.99,5.0,6.5,Breached
OPS-005717,ORD-005717,2.5,3.7,2.2,350,9.62,5.0,2.5,Met
OPS-011861,ORD-011861,1.3,3.0,2.6,940,13.12,5.0,2.8,Met
OPS-009414,ORD-009414,0.9,7.9,5.5,1351,9.36,5.0,5.9,Breached
OPS-010578,ORD-010578,2.5,6.6,1.6,1315,9.98,5.0,2.0,Met
OPS-003256,ORD-003256,3.5,1.2,4.7,218,7.87,5.0,4.9,Met
OPS-010151,ORD-010151,1.7,3.9,5.9,662,6.08,5.0,6.1,Breached
OPS-004711,ORD-004711,1.0,4.6,1.3,395,6.24,5.0,1.5,Met
OPS-006098,ORD-006098,3.7,6.1,3.5,475,12.9,5.0,3.9,Met
OPS-009521,ORD-009521,0.7,1.5,5.4,1728,12.14,5.0,5.5,Breached
OPS-009582,ORD-009582,2.8,5.7,5.0,345,4.68,5.0,5.4,Breached
OPS-008540,ORD-008540,0.8,4.0,3.6,1760,8.22,5.0,3.8,Met
OPS-007413,ORD-007413,2.3,7.1,6.6,1763,10.25,5.0,7.0,Breached
OPS-011191,ORD-011191,1.0,3.3,6.9,1645,11.34,5.0,7.1,Breached
OPS-009205,ORD-009205,2.6,4.1,3.8,362,7.99,5.0,4.1,Met
OPS-012381,ORD-012381,1.3,6.1,1.8,1308,13.46,5.0,2.1,Met
OPS-008833,ORD-008833,3.4,7.7,5.4,771,6.29,5.0,5.9,Breached
OPS-009342,ORD-009342,3.6,1.3,6.1,1337,11.11,5.0,6.3,Breached
OPS-007554,ORD-007554,1.1,2.8,2.3,1488,5.34,5.0,2.5,Met
OPS-012477,ORD-012477,1.6,3.6,5.8,1195,9.98,5.0,6.0,Breached
OPS-009666,ORD-009666,3.5,1.9,5.9,929,13.92,5.0,6.1,Breached
OPS-001427,ORD-001427,1.3,6.6,3.8,1070,4.31,5.0,4.1,Met
OPS-000647,ORD-000647,1.3,1.5,4.5,715,4.1,5.0,4.6,Met
OPS-004342,ORD-004342,0.7,5.5,2.4,1535,11.61,5.0,2.7,Met
OPS-007614,ORD-007614,0.9,7.3,2.9,347,4.87,5.0,3.2,Met
OPS-004523,ORD-004523,1.6,3.1,4.0,974,5.22,5.0,4.2,Met
OPS-007336,ORD-007336,2.8,6.5,2.2,1402,12.78,5.0,2.6,Met
OPS-003514,ORD-003514,2.4,1.6,4.3,840,6.27,5.0,4.5,Met
OPS-005998,ORD-005998,1.0,3.6,5.3,1767,12.91,5.0,5.5,Breached
OPS-003887,ORD-003887,1.7,4.4,3.3,234,9.07,5.0,3.6,Met
OPS-008832,ORD-008832,3.4,1.6,5.1,134,7.01,5.0,5.3,Breached
OPS-002562,ORD-002562,3.8,3.7,2.5,841,9.29,5.0,2.8,Met
OPS-003315,ORD-003315,2.3,2.2,3.5,1124,11.23,5.0,3.7,Met
OPS-003771,ORD-003771,3.9,4.3,5.7,1587,11.56,5.0,6.0,Breached
OPS-000301,ORD-000301,1.0,2.9,3.9,1523,11.84,5.0,4.1,Met
OPS-008960,ORD-008960,2.2,2.9,1.2,1904,13.64,5.0,1.4,Met
OPS-001465,ORD-001465,1.6,7.6,2.9,1141,10.86,5.0,3.3,Met
OPS-007190,ORD-007190,1.4,4.3,3.0,1753,4.24,5.0,3.2,Met
OPS-004796,ORD-004796,2.8,2.1,7.0,1843,13.87,5.0,7.2,Breached
OPS-010588,ORD-010588,3.6,7.4,5.2,1538,9.33,5.0,5.7,Breached
OPS-010600,ORD-010600,2.6,1.6,1.3,1429,13.18,5.0,1.5,Met
OPS-009330,ORD-009330,1.8,1.9,2.4,1898,9.27,5.0,2.6,Met
OPS-007717,ORD-007717,1.8,6.8,3.6,1204,7.21,5.0,4.0,Met
OPS-010659,ORD-010659,1.9,1.6,6.3,1081,12.49,5.0,6.4,Breached
OPS-002154,ORD-002154,2.9,1.3,3.1,1504,7.93,5.0,3.3,Met
OPS-010104,ORD-010104,0.8,3.4,1.2,272,5.09,5.0,1.4,Met
OPS-002674,ORD-002674,1.5,2.0,2.9,1318,11.1,5.0,3.0,Met
OPS-005168,ORD-005168,2.7,3.2,6.0,889,12.11,5.0,6.2,Breached
OPS-002475,ORD-002475,2.6,3.3,4.0,1907,13.39,5.0,4.2,Met
OPS-008407,ORD-008407,2.7,3.7,2.9,1423,7.11,5.0,3.2,Met
OPS-008122,ORD-008122,3.1,5.0,4.2,921,4.87,5.0,4.5,Met
OPS-006655,ORD-006655,1.4,3.0,3.3,1579,13.86,5.0,3.5,Met
OPS-006029,ORD-006029,3.1,5.4,3.1,1343,6.86,5.0,3.5,Met
OPS-006997,ORD-006997,1.6,2.9,5.0,1902,5.81,5.0,5.2,Breached
OPS-003572,ORD-003572,2.7,1.6,1.2,1398,5.64,5.0,1.4,Met
OPS-004015,ORD-004015,3.6,4.3,4.9,1940,13.81,5.0,5.2,Breached
OPS-008742,ORD-008742,1.8,6.4,2.0,118,7.91,5.0,2.3,Met
OPS-005269,ORD-005269,1.5,2.9,6.7,1790,4.74,5.0,6.9,Breached
OPS-010962,ORD-010962,0.8,3.8,6.2,490,13.19,5.0,6.4,Breached
OPS-010256,ORD-010256,2.2,5.8,1.7,516,6.93,5.0,2.0,Met
OPS-012365,ORD-012365,2.1,5.2,5.0,876,5.93,5.0,5.3,Breached
OPS-001214,ORD-001214,3.3,1.3,3.6,1777,9.9,5.0,3.8,Met
OPS-004999,ORD-004999,2.9,7.9,2.4,1578,4.75,5.0,2.9,Met
OPS-006726,ORD-006726,0.9,3.3,2.8,1681,4.37,5.0,3.0,Met
OPS-009825,ORD-009825,0.8,5.3,4.7,788,13.79,5.0,5.0,Met
OPS-001299,ORD-001299,3.3,7.2,3.2,538,6.92,5.0,3.6,Met
OPS-003751,ORD-003751,1.5,3.1,6.2,516,12.68,5.0,6.4,Breached
OPS-000295,ORD-000295,1.3,2.2,1.9,450,6.23,5.0,2.0,Met
OPS-005237,ORD-005237,1.8,6.0,5.8,1317,7.17,5.0,6.1,Breached
OPS-007358,ORD-007358,3.2,1.8,2.1,590,10.78,5.0,2.3,Met
OPS-004982,ORD-004982,2.1,7.1,2.2,1687,9.72,5.0,2.6,Met
OPS-012143,ORD-012143,3.2,6.9,2.2,1351,6.89,5.0,2.6,Met
OPS-006951,ORD-006951,3.8,2.2,2.8,1193,6.62,5.0,3.0,Met
OPS-007705,ORD-007705,4.0,7.3,1.6,419,7.26,5.0,2.1,Met
OPS-004587,ORD-004587,0.6,1.3,4.8,1863,5.19,5.0,4.9,Met
OPS-000758,ORD-000758,2.1,7.5,6.0,1665,4.69,5.0,6.4,Breached
OPS-008824,ORD-008824,1.9,3.7,3.8,1876,8.78,5.0,4.0,Met
OPS-009111,ORD-009111,3.0,2.2,3.9,743,9.4,5.0,4.1,Met
OPS-000228,ORD-000228,1.1,4.9,4.1,432,12.71,5.0,4.3,Met
OPS-008430,ORD-008430,2.7,5.2,3.6,384,12.62,5.0,3.9,Met
OPS-012012,ORD-012012,1.2,3.0,2.7,928,8.84,5.0,2.9,Met
OPS-012370,ORD-012370,0.8,6.2,4.7,1421,5.94,5.0,5.0,Met
OPS-008948,ORD-008948,0.5,3.9,6.5,1047,9.49,5.0,6.7,Breached
OPS-008994,ORD-008994,3.4,3.6,3.9,698,6.71,5.0,4.2,Met
OPS-010272,ORD-010272,1.1,4.5,1.2,1937,5.89,5.0,1.4,Met
OPS-009815,ORD-009815,1.7,6.9,5.5,1347,9.27,5.0,5.9,Breached
OPS-009299,ORD-009299,1.3,4.0,2.1,862,10.25,5.0,2.3,Met
OPS-004561,ORD-004561,3.2,5.3,6.4,1941,12.97,5.0,6.8,Breached
OPS-009310,ORD-009310,2.0,5.5,5.7,1576,5.5,5.0,6.0,Breached
OPS-007044,ORD-007044,1.1,5.6,5.0,1183,11.72,5.0,5.3,Breached
OPS-010589,ORD-010589,3.1,7.5,6.5,582,6.86,5.0,6.9,Breached
OPS-009549,ORD-009549,1.6,5.8,3.9,309,11.26,5.0,4.2,Met
OPS-010936,ORD-010936,1.9,1.4,4.4,2000,4.6,5.0,4.5,Met
OPS-007692,ORD-007692,2.6,3.8,4.3,284,10.41,5.0,4.6,Met
OPS-009178,ORD-009178,3.1,5.5,4.2,1187,5.26,5.0,4.6,Met
OPS-009296,ORD-009296,3.3,4.7,2.5,1582,10.75,5.0,2.8,Met
OPS-006984,ORD-006984,1.5,5.5,2.1,1225,12.35,5.0,2.4,Met
OPS-008099,ORD-008099,4.0,4.6,3.2,649,13.75,5.0,3.6,Met
OPS-007853,ORD-007853,1.3,4.7,5.2,185,6.53,5.0,5.5,Breached
OPS-003883,ORD-003883,1.9,4.3,1.1,1424,10.35,5.0,1.4,Met
OPS-012393,ORD-012393,2.1,5.3,6.6,1018,11.11,5.0,6.9,Breached
OPS-005488,ORD-005488,1.7,5.1,2.4,1917,8.24,5.0,2.7,Met
OPS-004466,ORD-004466,2.4,6.3,3.4,775,10.44,5.0,3.8,Met
OPS-001862,ORD-001862,3.8,5.1,3.1,1790,4.97,5.0,3.5,Met
OPS-008593,ORD-008593,2.6,4.9,4.1,1158,8.93,5.0,4.4,Met
OPS-010394,ORD-010394,3.6,5.6,4.3,672,7.42,5.0,4.7,Met
OPS-002054,ORD-002054,2.5,3.6,1.0,840,7.33,5.0,1.3,Met
OPS-012202,ORD-012202,2.3,7.7,4.3,1282,4.26,5.0,4.7,Met
OPS-003102,ORD-003102,1.5,3.0,4.8,1029,9.0,5.0,5.0,Met
OPS-004909,ORD-004909,3.2,4.7,6.3,1907,4.32,5.0,6.6,Breached
OPS-011818,ORD-011818,2.9,5.9,5.5,1531,9.43,5.0,5.9,Breached
OPS-010929,ORD-010929,3.6,5.7,2.8,1297,11.94,5.0,3.2,Met
OPS-010892,ORD-010892,2.4,1.7,3.6,923,5.0,5.0,3.8,Met
OPS-005755,ORD-005755,2.4,2.6,3.2,1457,10.67,5.0,3.4,Met
OPS-005875,ORD-005875,0.8,3.0,6.4,1233,12.0,5.0,6.6,Breached
OPS-005369,ORD-005369,2.7,7.3,4.5,1681,6.13,5.0,4.9,Met
OPS-011657,ORD-011657,0.6,1.7,5.1,1631,12.21,5.0,5.2,Breached
OPS-001638,ORD-001638,3.8,3.1,1.6,779,6.77,5.0,1.9,Met
OPS-000271,ORD-000271,1.0,3.5,4.1,389,5.78,5.0,4.3,Met
OPS-012407,ORD-012407,1.3,3.1,1.4,1849,6.36,5.0,1.6,Met
OPS-006908,ORD-006908,3.0,5.5,2.9,755,13.83,5.0,3.3,Met
OPS-006795,ORD-006795,3.0,3.5,3.6,536,8.62,5.0,3.9,Met
OPS-012237,ORD-012237,1.2,3.7,4.7,556,13.2,5.0,4.9,Met
OPS-001470,ORD-001470,1.2,6.8,6.9,688,11.81,5.0,7.2,Breached
OPS-005718,ORD-005718,2.5,3.4,1.8,115,9.83,5.0,2.0,Met
OPS-008955,ORD-008955,2.6,2.8,5.7,898,4.13,5.0,5.9,Breached
OPS-006425,ORD-006425,0.9,5.8,4.7,1924,8.95,5.0,5.0,Met
OPS-012500,ORD-012500,1.3,6.2,5.0,137,4.78,5.0,5.3,Breached
OPS-001358,ORD-001358,2.8,3.8,3.2,1049,13.83,5.0,3.5,Met
OPS-011414,ORD-011414,0.6,5.7,6.2,1022,4.55,5.0,6.5,Breached
OPS-006207,ORD-006207,3.6,7.7,4.5,989,11.69,5.0,5.0,Met
OPS-001213,ORD-001213,2.9,4.8,2.6,1685,13.75,5.0,2.9,Met
OPS-009364,ORD-009364,1.1,1.1,1.2,1908,12.85,5.0,1.3,Met
OPS-011387,ORD-011387,3.5,6.7,1.6,755,9.25,5.0,2.0,Met
OPS-011783,ORD-011783,3.0,7.6,4.6,1731,10.05,5.0,5.0,Met
OPS-009087,ORD-009087,2.3,4.5,1.8,1980,7.0,5.0,2.1,Met
OPS-001556,ORD-001556,2.1,5.7,7.0,1100,4.79,5.0,7.3,Breached
OPS-000861,ORD-000861,3.7,1.7,7.0,1821,4.61,5.0,7.2,Breached
OPS-004868,ORD-004868,3.1,6.4,6.0,798,7.26,5.0,6.4,Breached
OPS-004807,ORD-004807,1.9,1.8,4.3,1817,13.74,5.0,4.5,Met
OPS-005188,ORD-005188,1.7,7.5,6.6,748,8.52,5.0,7.0,Breached
OPS-007737,ORD-007737,2.6,1.2,3.9,1218,10.36,5.0,4.1,Met
OPS-006175,ORD-006175,1.6,1.8,2.3,1687,12.92,5.0,2.4,Met
OPS-007560,ORD-007560,3.7,1.3,1.3,1396,8.45,5.0,1.5,Met
OPS-001583,ORD-001583,0.8,4.6,3.3,266,4.3,5.0,3.5,Met
OPS-004524,ORD-004524,1.5,3.3,5.7,226,10.32,5.0,5.9,Breached
OPS-007682,ORD-007682,3.2,4.0,5.4,726,4.32,5.0,5.7,Breached
OPS-008259,ORD-008259,2.6,4.3,5.4,1656,13.07,5.0,5.7,Breached
OPS-000714,ORD-000714,1.2,7.5,4.2,1926,7.22,5.0,4.6,Met
OPS-002314,ORD-002314,1.9,6.1,5.8,1480,12.78,5.0,6.1,Breached
OPS-002989,ORD-002989,3.6,4.2,3.7,983,5.96,5.0,4.0,Met
OPS-010915,ORD-010915,2.6,1.3,1.9,404,6.75,5.0,2.1,Met
OPS-003694,ORD-003694,2.6,5.5,6.8,226,10.99,5.0,7.1,Breached
OPS-006491,ORD-006491,3.9,4.9,5.4,235,7.32,5.0,5.8,Breached
OPS-003952,ORD-003952,3.4,3.2,2.4,604,7.11,5.0,2.7,Met
OPS-001307,ORD-001307,3.5,5.2,1.0,974,5.14,5.0,1.4,Met
OPS-012015,ORD-012015,0.9,1.5,6.2,1145,4.07,5.0,6.3,Breached
OPS-005289,ORD-005289,2.0,1.4,6.9,1194,4.8,5.0,7.0,Breached
OPS-001362,ORD-001362,3.1,4.2,3.6,740,9.55,5.0,3.9,Met
OPS-002351,ORD-002351,3.6,7.6,5.3,435,10.8,5.0,5.8,Breached
OPS-010873,ORD-010873,1.3,1.9,6.3,1603,5.27,5.0,6.4,Breached
OPS-004485,ORD-004485,0.7,6.4,2.3,1851,7.4,5.0,2.6,Met
OPS-004417,ORD-004417,1.7,6.6,3.7,1462,13.15,5.0,4.0,Met
OPS-004764,ORD-004764,3.4,4.1,6.5,1259,6.18,5.0,6.8,Breached
OPS-002223,ORD-002223,1.3,7.7,6.8,146,9.8,5.0,7.2,Breached
OPS-011056,ORD-011056,3.4,7.2,4.0,274,6.2,5.0,4.4,Met
OPS-007019,ORD-007019,0.5,1.8,5.0,1142,9.27,5.0,5.1,Breached
OPS-009684,ORD-009684,3.3,3.0,6.0,1528,8.89,5.0,6.3,Breached
OPS-006757,ORD-006757,2.6,7.6,5.8,1149,5.0,5.0,6.2,Breached
OPS-004087,ORD-004087,1.3,4.3,1.1,591,13.9,5.0,1.3,Met
OPS-006852,ORD-006852,3.1,4.6,5.6,945,11.38,5.0,5.9,Breached
OPS-006853,ORD-006853,2.6,6.3,1.9,266,9.36,5.0,2.3,Met
OPS-000191,ORD-000191,0.5,1.8,4.1,1007,4.94,5.0,4.2,Met
OPS-010531,ORD-010531,0.7,6.4,4.4,1639,11.88,5.0,4.7,Met
OPS-006673,ORD-006673,1.1,3.3,1.8,128,4.91,5.0,2.0,Met
OPS-000027,ORD-000027,2.7,4.6,1.6,246,8.86,5.0,1.9,Met
OPS-010013,ORD-010013,2.0,1.9,5.3,1996,9.4,5.0,5.5,Breached
OPS-002905,ORD-002905,1.9,6.5,5.2,781,10.31,5.0,5.5,Breached
OPS-000740,ORD-000740,0.9,4.4,1.2,573,5.68,5.0,1.4,Met
OPS-011971,ORD-011971,1.9,3.2,2.8,1254,12.3,5.0,3.0,Met
OPS-008908,ORD-008908,2.2,7.1,4.2,635,8.56,5.0,4.6,Met
OPS-003760,ORD-003760,1.0,2.7,5.1,825,12.27,5.0,5.3,Breached
OPS-011253,ORD-011253,0.7,4.6,2.6,544,10.43,5.0,2.8,Met
OPS-006301,ORD-006301,2.1,3.1,2.8,1759,13.88,5.0,3.0,Met
OPS-007707,ORD-007707,1.7,2.4,2.2,1188,5.17,5.0,2.4,Met
OPS-004738,ORD-004738,3.6,2.7,5.0,184,4.79,5.0,5.3,Breached
OPS-008072,ORD-008072,2.5,3.4,4.1,1980,6.0,5.0,4.3,Met
OPS-010489,ORD-010489,0.6,7.0,3.2,483,9.38,5.0,3.5,Met
OPS-008413,ORD-008413,1.4,5.7,4.2,1777,9.06,5.0,4.5,Met
OPS-011962,ORD-011962,3.5,7.9,2.5,732,6.1,5.0,3.0,Met
OPS-004037,ORD-004037,2.6,1.7,4.2,1821,4.71,5.0,4.4,Met
OPS-001723,ORD-001723,1.0,6.9,5.8,767,11.98,5.0,6.1,Breached
OPS-007404,ORD-007404,3.5,6.7,3.4,240,9.79,5.0,3.8,Met
OPS-008317,ORD-008317,3.7,3.3,1.8,1742,10.88,5.0,2.1,Met
OPS-008637,ORD-008637,1.2,7.5,5.6,1391,5.79,5.0,6.0,Breached
OPS-001402,ORD-001402,0.9,5.0,4.9,547,13.24,5.0,5.1,Breached
OPS-010650,ORD-010650,2.0,4.3,5.9,1682,4.06,5.0,6.2,Breached
OPS-009001,ORD-009001,2.8,7.0,5.2,1407,4.55,5.0,5.6,Breached
OPS-004565,ORD-004565,4.0,7.6,2.6,857,4.72,5.0,3.1,Met
OPS-010286,ORD-010286,2.3,5.8,3.1,872,10.92,5.0,3.4,Met
OPS-009841,ORD-009841,3.5,1.7,3.7,1419,7.57,5.0,3.9,Met
OPS-005881,ORD-005881,3.5,1.2,3.2,1387,7.6,5.0,3.4,Met
OPS-007571,ORD-007571,3.4,7.1,2.5,654,5.03,5.0,2.9,Met
OPS-003681,ORD-003681,1.1,5.5,5.5,1520,4.19,5.0,5.8,Breached
OPS-006060,ORD-006060,0.5,7.9,2.2,402,4.4,5.0,2.6,Met
OPS-008636,ORD-008636,3.6,6.8,6.0,302,9.74,5.0,6.4,Breached
OPS-011799,ORD-011799,3.1,3.2,3.6,161,8.35,5.0,3.9,Met
OPS-008566,ORD-008566,3.0,5.5,4.7,1923,11.37,5.0,5.1,Breached
OPS-001892,ORD-001892,3.8,1.8,5.5,1461,4.47,5.0,5.7,Breached
OPS-004451,ORD-004451,2.9,5.5,5.1,620,8.08,5.0,5.4,Breached
OPS-001616,ORD-001616,1.1,6.4,2.6,1872,12.87,5.0,2.9,Met
OPS-005156,ORD-005156,1.6,5.8,2.4,932,8.86,5.0,2.7,Met
OPS-008003,ORD-008003,2.0,5.3,5.5,1709,13.41,5.0,5.8,Breached
OPS-010557,ORD-010557,3.4,5.9,4.5,1327,4.46,5.0,4.9,Met
OPS-009037,ORD-009037,3.4,7.0,5.3,1095,11.26,5.0,5.7,Breached
OPS-004084,ORD-004084,3.4,1.7,5.3,990,11.11,5.0,5.5,Breached
OPS-006203,ORD-006203,3.3,5.1,2.7,1350,9.41,5.0,3.1,Met
OPS-004949,ORD-004949,0.8,1.6,4.2,564,9.32,5.0,4.3,Met
OPS-008111,ORD-008111,4.0,6.8,3.6,1200,7.29,5.0,4.0,Met
OPS-005843,ORD-005843,3.7,5.9,6.0,1926,9.27,5.0,6.4,Breached
OPS-012348,ORD-012348,2.4,1.5,6.4,1740,10.72,5.0,6.6,Breached
OPS-005950,ORD-005950,0.6,1.0,3.9,1204,13.29,5.0,4.0,Met
OPS-004425,ORD-004425,2.0,2.5,1.2,1331,13.1,5.0,1.4,Met
OPS-004837,ORD-004837,1.4,4.6,4.9,1077,13.11,5.0,5.2,Breached
OPS-001350,ORD-001350,0.6,4.6,1.2,1253,13.77,5.0,1.4,Met
OPS-004239,ORD-004239,1.5,6.6,6.8,1145,12.6,5.0,7.1,Breached
OPS-012340,ORD-012340,0.6,1.3,4.8,596,8.47,5.0,4.9,Met
OPS-001181,ORD-001181,0.8,3.2,3.0,427,11.83,5.0,3.2,Met
OPS-000674,ORD-000674,1.6,3.8,2.9,1114,13.94,5.0,3.1,Met
OPS-009902,ORD-009902,0.8,5.3,6.3,1923,5.48,5.0,6.6,Breached
OPS-006137,ORD-006137,3.1,5.8,4.8,498,12.36,5.0,5.2,Breached
OPS-004954,ORD-004954,3.7,1.4,5.1,1173,9.75,5.0,5.3,Breached
OPS-009935,ORD-009935,3.4,4.8,5.0,197,10.75,5.0,5.3,Breached
OPS-011167,ORD-011167,2.5,5.1,5.0,826,13.52,5.0,5.3,Breached
OPS-010353,ORD-010353,1.8,4.7,6.6,574,12.91,5.0,6.9,Breached
OPS-005163,ORD-005163,2.1,2.4,1.8,657,6.97,5.0,2.0,Met
OPS-001665,ORD-001665,0.7,7.8,4.9,1566,5.05,5.0,5.3,Breached
OPS-004129,ORD-004129,1.1,2.1,3.8,228,11.9,5.0,3.9,Met
OPS-001298,ORD-001298,2.7,2.8,2.1,1160,6.41,5.0,2.3,Met
OPS-010917,ORD-010917,2.9,3.8,4.4,1548,11.16,5.0,4.7,Met
OPS-002280,ORD-002280,1.5,1.6,4.3,1165,6.3,5.0,4.4,Met
OPS-006947,ORD-006947,2.3,6.5,6.6,904,5.28,5.0,7.0,Breached
OPS-008270,ORD-008270,3.2,8.0,3.6,1063,6.31,5.0,4.1,Met
OPS-004307,ORD-004307,1.4,1.2,5.6,628,7.76,5.0,5.7,Breached
OPS-011589,ORD-011589,1.3,7.6,4.2,1964,5.37,5.0,4.6,Met
OPS-007126,ORD-007126,2.8,2.4,2.8,1727,12.28,5.0,3.0,Met
OPS-002976,ORD-002976,1.3,7.2,6.9,1756,5.94,5.0,7.3,Breached
OPS-012398,ORD-012398,2.1,2.6,1.0,1208,10.51,5.0,1.2,Met
OPS-002375,ORD-002375,1.9,4.5,6.5,1359,10.32,5.0,6.8,Breached
OPS-008229,ORD-008229,2.3,3.3,6.3,141,13.55,5.0,6.5,Breached
OPS-006456,ORD-006456,2.1,7.7,3.1,1691,7.73,5.0,3.5,Met
OPS-002398,ORD-002398,0.7,1.5,5.5,1435,5.18,5.0,5.6,Breached
OPS-005480,ORD-005480,3.8,2.2,5.3,875,4.23,5.0,5.5,Breached
OPS-005124,ORD-005124,1.1,2.3,1.4,700,11.1,5.0,1.5,Met
OPS-004947,ORD-004947,2.9,5.0,2.5,1482,5.97,5.0,2.8,Met
OPS-011846,ORD-011846,3.9,6.0,4.1,1253,8.21,5.0,4.5,Met
OPS-000457,ORD-000457,1.6,7.2,1.0,1182,9.55,5.0,1.4,Met
OPS-007575,ORD-007575,3.3,1.3,3.7,1320,10.92,5.0,3.9,Met
OPS-007243,ORD-007243,1.8,5.3,5.8,1464,13.16,5.0,6.1,Breached
OPS-004510,ORD-004510,1.1,6.5,3.6,273,10.1,5.0,3.9,Met
OPS-005195,ORD-005195,1.5,6.6,2.5,1467,10.67,5.0,2.8,Met
OPS-004384,ORD-004384,3.8,4.8,4.3,198,10.12,5.0,4.7,Met
OPS-000462,ORD-000462,3.0,8.0,3.1,1515,11.84,5.0,3.6,Met
OPS-007163,ORD-007163,3.2,5.7,6.8,935,6.83,5.0,7.2,Breached
OPS-005987,ORD-005987,1.6,5.3,1.9,1618,10.46,5.0,2.2,Met
OPS-005812,ORD-005812,1.5,3.5,5.1,343,7.28,5.0,5.3,Breached
OPS-002377,ORD-002377,2.7,2.4,3.3,1294,7.52,5.0,3.5,Met
OPS-008190,ORD-008190,2.3,3.4,2.8,398,13.57,5.0,3.0,Met
OPS-010988,ORD-010988,2.1,2.9,5.7,209,9.89,5.0,5.9,Breached
OPS-001119,ORD-001119,1.1,2.0,5.7,1608,13.43,5.0,5.8,Breached
OPS-007543,ORD-007543,2.0,4.3,2.4,1549,5.26,5.0,2.7,Met
OPS-007526,ORD-007526,3.9,5.8,1.5,408,8.07,5.0,1.9,Met
OPS-009530,ORD-009530,2.7,6.7,1.5,326,5.59,5.0,1.9,Met
OPS-007622,ORD-007622,1.2,4.9,4.8,1653,7.08,5.0,5.1,Breached
OPS-000676,ORD-000676,2.5,2.3,6.5,1265,10.64,5.0,6.7,Breached
OPS-010737,ORD-010737,2.3,4.1,6.7,963,9.75,5.0,7.0,Breached
OPS-001766,ORD-001766,2.9,1.3,3.5,1491,8.49,5.0,3.7,Met
OPS-011271,ORD-011271,2.2,1.3,3.3,123,4.04,5.0,3.4,Met
OPS-001917,ORD-001917,3.4,6.5,5.5,1899,6.92,5.0,5.9,Breached
OPS-011491,ORD-011491,2.1,2.8,2.9,1468,12.44,5.0,3.1,Met
OPS-008795,ORD-008795,1.3,7.5,5.3,845,4.53,5.0,5.7,Breached
OPS-009104,ORD-009104,2.1,6.1,4.8,951,11.37,5.0,5.1,Breached
OPS-008511,ORD-008511,2.5,2.6,2.9,306,5.72,5.0,3.1,Met
OPS-012095,ORD-012095,2.8,7.1,1.2,371,13.75,5.0,1.6,Met
OPS-008005,ORD-008005,1.0,7.4,4.3,143,5.99,5.0,4.6,Met
OPS-000485,ORD-000485,0.7,3.8,1.1,1652,4.39,5.0,1.3,Met
OPS-007839,ORD-007839,3.8,5.7,3.9,690,13.24,5.0,4.3,Met
OPS-011353,ORD-011353,3.6,1.1,2.1,1290,10.91,5.0,2.3,Met
OPS-002428,ORD-002428,2.8,5.7,1.6,174,9.0,5.0,2.0,Met
OPS-001654,ORD-001654,0.5,7.2,6.9,1644,10.32,5.0,7.2,Breached
OPS-009950,ORD-009950,2.2,1.9,3.3,405,13.2,5.0,3.5,Met
OPS-000701,ORD-000701,0.6,7.5,3.6,1499,11.79,5.0,3.9,Met
OPS-001180,ORD-001180,1.1,2.7,2.9,126,9.62,5.0,3.1,Met
OPS-001448,ORD-001448,2.6,7.1,2.1,224,4.83,5.0,2.5,Met
OPS-005426,ORD-005426,2.0,4.5,1.4,338,13.74,5.0,1.7,Met
OPS-008219,ORD-008219,1.8,6.6,4.5,1989,6.88,5.0,4.8,Met
OPS-003705,ORD-003705,3.1,2.9,5.7,1851,8.03,5.0,6.0,Breached
OPS-011077,ORD-011077,3.3,3.9,4.4,1757,11.89,5.0,4.7,Met
OPS-001070,ORD-001070,2.2,6.5,2.1,568,11.44,5.0,2.5,Met
OPS-002411,ORD-002411,4.0,6.7,6.5,287,7.6,5.0,6.9,Breached
OPS-003580,ORD-003580,3.9,7.7,1.0,214,10.29,5.0,1.5,Met
OPS-009740,ORD-009740,1.1,7.4,1.4,1372,7.48,5.0,1.8,Met
OPS-008164,ORD-008164,1.4,6.9,1.8,771,6.97,5.0,2.1,Met
OPS-011497,ORD-011497,2.6,7.9,4.8,1015,8.11,5.0,5.2,Breached
OPS-012128,ORD-012128,3.3,3.6,4.9,122,8.83,5.0,5.2,Breached
OPS-005350,ORD-005350,2.5,4.3,5.6,1471,6.55,5.0,5.9,Breached
OPS-009038,ORD-009038,3.4,5.8,5.1,326,5.02,5.0,5.5,Breached
OPS-000152,ORD-000152,1.9,7.8,6.0,971,12.53,5.0,6.4,Breached
OPS-007083,ORD-007083,1.4,6.5,3.5,182,12.1,5.0,3.8,Met
OPS-001429,ORD-001429,2.8,1.7,2.0,544,10.27,5.0,2.2,Met
OPS-009050,ORD-009050,1.1,4.6,4.6,797,13.74,5.0,4.8,Met
OPS-004811,ORD-004811,3.6,7.8,2.7,735,11.35,5.0,3.2,Met
OPS-001677,ORD-001677,3.2,7.0,3.4,822,11.89,5.0,3.8,Met
OPS-007196,ORD-007196,1.2,3.9,6.3,281,10.44,5.0,6.5,Breached
OPS-011961,ORD-011961,3.7,5.4,3.9,221,12.53,5.0,4.3,Met
OPS-010343,ORD-010343,2.7,2.4,4.1,1347,7.56,5.0,4.3,Met
OPS-000160,ORD-000160,0.8,5.4,3.1,261,8.13,5.0,3.4,Met
OPS-000186,ORD-000186,2.9,6.0,3.1,1959,9.48,5.0,3.5,Met
OPS-003592,ORD-003592,1.1,6.9,2.1,1255,8.85,5.0,2.4,Met
OPS-005047,ORD-005047,2.9,1.7,1.0,1148,4.52,5.0,1.2,Met
OPS-003909,ORD-003909,0.7,7.9,3.8,447,5.68,5.0,4.2,Met
OPS-003135,ORD-003135,3.7,2.5,6.2,1969,5.93,5.0,6.5,Breached
OPS-010721,ORD-010721,3.7,3.7,1.1,415,4.66,5.0,1.4,Met
OPS-006240,ORD-006240,3.5,7.7,4.6,1384,12.96,5.0,5.1,Breached
OPS-008118,ORD-008118,1.9,2.9,5.9,1317,10.47,5.0,6.1,Breached
OPS-005142,ORD-005142,2.4,1.2,3.9,1152,12.78,5.0,4.0,Met
OPS-011655,ORD-011655,1.7,8.0,6.6,1677,6.4,5.0,7.0,Breached
OPS-007317,ORD-007317,1.4,6.8,1.8,678,5.15,5.0,2.1,Met
OPS-004320,ORD-004320,2.2,2.5,4.1,1288,7.54,5.0,4.3,Met
OPS-011156,ORD-011156,1.8,7.4,4.9,964,11.89,5.0,5.3,Breached
OPS-012223,ORD-012223,1.9,5.1,5.8,1726,12.37,5.0,6.1,Breached
OPS-010705,ORD-010705,2.4,4.2,1.5,1107,10.89,5.0,1.8,Met
OPS-003111,ORD-003111,3.3,7.5,1.7,483,9.4,5.0,2.1,Met
OPS-001430,ORD-001430,2.1,4.0,6.3,908,12.2,5.0,6.6,Breached
OPS-006826,ORD-006826,3.1,7.7,1.9,582,13.56,5.0,2.4,Met
OPS-000733,ORD-000733,1.3,5.8,3.6,1377,13.1,5.0,3.9,Met
OPS-006856,ORD-006856,0.5,4.8,2.6,1103,6.15,5.0,2.8,Met
OPS-000209,ORD-000209,2.0,3.6,4.8,762,6.65,5.0,5.0,Met
OPS-005063,ORD-005063,1.0,1.8,5.3,181,9.76,5.0,5.4,Breached
OPS-007151,ORD-007151,2.2,5.9,6.4,1121,12.51,5.0,6.7,Breached
OPS-000737,ORD-000737,0.7,6.9,6.3,825,6.22,5.0,6.6,Breached
OPS-002290,ORD-002290,1.1,2.0,6.2,1793,11.74,5.0,6.3,Breached
OPS-001365,ORD-001365,2.4,5.9,5.6,982,4.82,5.0,5.9,Breached
OPS-000598,ORD-000598,2.8,5.8,2.4,495,11.31,5.0,2.8,Met
OPS-007254,ORD-007254,1.8,5.7,6.0,1156,12.37,5.0,6.3,Breached
OPS-003094,ORD-003094,3.0,5.5,3.3,1410,13.46,5.0,3.7,Met
OPS-011490,ORD-011490,2.8,6.2,3.6,1205,7.95,5.0,4.0,Met
OPS-009703,ORD-009703,3.8,6.4,2.4,1968,13.24,5.0,2.8,Met
OPS-001748,ORD-001748,3.2,2.7,5.6,1092,13.78,5.0,5.8,Breached
OPS-002579,ORD-002579,2.6,5.9,4.8,483,9.94,5.0,5.2,Breached
OPS-007065,ORD-007065,3.0,4.6,6.6,768,10.42,5.0,6.9,Breached
OPS-002690,ORD-002690,2.4,3.9,3.7,1941,7.73,5.0,4.0,Met
OPS-010955,ORD-010955,2.2,1.7,6.7,1598,13.17,5.0,6.9,Breached
OPS-000441,ORD-000441,1.9,5.9,2.2,1986,13.29,5.0,2.5,Met
OPS-005454,ORD-005454,2.3,6.9,4.7,725,13.25,5.0,5.1,Breached
OPS-010304,ORD-010304,3.9,6.5,6.7,1200,8.85,5.0,7.1,Breached
OPS-011901,ORD-011901,4.0,7.6,7.0,1772,5.98,5.0,7.5,Breached
OPS-004821,ORD-004821,3.8,1.9,6.4,617,8.24,5.0,6.6,Breached
OPS-010654,ORD-010654,1.2,5.4,1.9,458,11.74,5.0,2.2,Met
OPS-008180,ORD-008180,2.8,7.5,1.0,657,4.07,5.0,1.4,Met
OPS-001805,ORD-001805,1.1,5.6,5.6,529,13.43,5.0,5.9,Breached
OPS-001620,ORD-001620,3.5,4.4,4.0,819,8.25,5.0,4.3,Met
OPS-011787,ORD-011787,2.0,6.4,2.5,1356,5.48,5.0,2.9,Met
OPS-002269,ORD-002269,4.0,1.9,5.0,864,11.41,5.0,5.2,Breached
OPS-002969,ORD-002969,1.7,1.6,5.0,861,4.52,5.0,5.1,Breached
OPS-002437,ORD-002437,1.8,3.7,5.2,128,6.85,5.0,5.4,Breached
OPS-005908,ORD-005908,3.0,4.2,4.3,880,7.9,5.0,4.6,Met
OPS-006065,ORD-006065,1.6,3.2,6.8,1947,9.11,5.0,7.0,Breached
OPS-000220,ORD-000220,2.5,5.9,1.7,1113,8.69,5.0,2.0,Met
OPS-010262,ORD-010262,3.3,7.4,6.6,617,11.93,5.0,7.0,Breached
OPS-011193,ORD-011193,0.6,7.8,2.8,1291,6.05,5.0,3.1,Met
OPS-001810,ORD-001810,2.4,6.2,3.5,707,8.36,5.0,3.9,Met
OPS-001702,ORD-001702,0.7,5.4,6.6,546,12.35,5.0,6.9,Breached
OPS-001410,ORD-001410,0.7,5.2,1.5,227,13.14,5.0,1.7,Met
OPS-007537,ORD-007537,1.1,7.5,1.8,1699,11.42,5.0,2.2,Met
OPS-003468,ORD-003468,1.1,1.9,1.5,1477,6.74,5.0,1.6,Met
OPS-008807,ORD-008807,1.3,3.1,6.8,417,7.61,5.0,7.0,Breached
OPS-010442,ORD-010442,1.4,6.5,4.4,1113,5.11,5.0,4.7,Met
OPS-003197,ORD-003197,1.2,7.0,2.6,1987,4.24,5.0,2.9,Met
OPS-009322,ORD-009322,0.5,7.4,5.1,771,5.67,5.0,5.4,Breached
OPS-009228,ORD-009228,2.5,2.0,5.8,1967,12.0,5.0,6.0,Breached
OPS-004988,ORD-004988,2.5,1.9,4.6,1845,4.7,5.0,4.8,Met
OPS-012200,ORD-012200,1.9,7.1,1.8,1053,5.23,5.0,2.2,Met
OPS-012106,ORD-012106,1.7,5.1,2.7,326,13.09,5.0,3.0,Met
OPS-003424,ORD-003424,1.2,3.8,1.0,1157,6.03,5.0,1.2,Met
OPS-006650,ORD-006650,1.0,6.4,6.8,259,4.27,5.0,7.1,Breached
OPS-002888,ORD-002888,2.7,6.5,2.5,1239,6.37,5.0,2.9,Met
OPS-000206,ORD-000206,3.4,2.2,2.0,110,7.01,5.0,2.2,Met
OPS-008922,ORD-008922,2.2,6.6,5.9,1732,11.68,5.0,6.3,Breached
OPS-007042,ORD-007042,0.5,4.4,6.6,224,6.42,5.0,6.8,Breached
OPS-010763,ORD-010763,2.5,3.4,2.5,1013,12.73,5.0,2.7,Met
OPS-008487,ORD-008487,2.0,5.5,4.9,397,4.65,5.0,5.2,Breached
OPS-001172,ORD-001172,2.1,4.0,2.4,462,10.63,5.0,2.7,Met
OPS-003431,ORD-003431,4.0,4.6,3.9,1476,12.3,5.0,4.3,Met
OPS-009534,ORD-009534,3.3,7.5,1.1,1712,5.86,5.0,1.6,Met
OPS-009489,ORD-009489,3.7,2.1,6.3,688,9.71,5.0,6.5,Breached
OPS-002565,ORD-002565,2.2,2.5,4.8,1526,7.31,5.0,5.0,Met
OPS-007662,ORD-007662,3.1,5.5,4.7,1481,5.66,5.0,5.1,Breached
OPS-008058,ORD-008058,1.4,2.4,3.3,1838,6.08,5.0,3.5,Met
OPS-007170,ORD-007170,3.4,2.2,6.0,345,8.93,5.0,6.2,Breached
OPS-005670,ORD-005670,0.7,5.1,2.2,1684,10.72,5.0,2.4,Met
OPS-012092,ORD-012092,1.7,7.8,6.7,1546,5.14,5.0,7.1,Breached
OPS-008719,ORD-008719,1.4,6.8,3.2,694,11.71,5.0,3.5,Met
OPS-000356,ORD-000356,0.6,3.3,6.5,1256,7.24,5.0,6.7,Breached
OPS-001515,ORD-001515,3.1,6.0,3.2,543,9.02,5.0,3.6,Met
OPS-012152,ORD-012152,2.2,1.3,6.5,1807,6.39,5.0,6.6,Breached
OPS-007314,ORD-007314,0.6,7.2,6.4,1644,9.54,5.0,6.7,Breached
OPS-000548,ORD-000548,2.3,3.2,3.0,897,12.67,5.0,3.2,Met
OPS-009398,ORD-009398,3.9,1.2,2.1,1472,8.81,5.0,2.3,Met
OPS-000533,ORD-000533,3.3,2.4,4.6,727,12.13,5.0,4.8,Met
OPS-006370,ORD-006370,1.8,3.9,2.1,1437,6.68,5.0,2.3,Met
OPS-010232,ORD-010232,3.7,4.2,5.6,1312,10.89,5.0,5.9,Breached
OPS-000150,ORD-000150,3.3,3.6,2.6,469,7.14,5.0,2.9,Met
OPS-009120,ORD-009120,2.4,5.9,1.3,1167,5.26,5.0,1.6,Met
OPS-002097,ORD-002097,0.8,2.0,1.7,1026,7.97,5.0,1.8,Met
OPS-003959,ORD-003959,0.5,4.5,5.5,1150,12.09,5.0,5.7,Breached
OPS-004125,ORD-004125,3.5,1.3,4.7,1742,11.82,5.0,4.9,Met
OPS-000729,ORD-000729,1.9,7.4,6.1,1544,9.34,5.0,6.5,Breached
OPS-007829,ORD-007829,3.8,6.7,5.3,1501,12.25,5.0,5.7,Breached
OPS-006536,ORD-006536,0.6,4.7,6.6,1445,11.7,5.0,6.8,Breached
OPS-003201,ORD-003201,3.4,3.6,6.5,266,7.17,5.0,6.8,Breached
OPS-006465,ORD-006465,3.4,1.7,3.4,1736,11.99,5.0,3.6,Met
OPS-011993,ORD-011993,0.8,6.5,1.1,1167,5.19,5.0,1.4,Met
OPS-009497,ORD-009497,2.2,3.9,1.3,1296,5.13,5.0,1.6,Met
OPS-008427,ORD-008427,3.4,6.2,1.7,383,10.6,5.0,2.1,Met
OPS-009321,ORD-009321,1.6,5.5,7.0,1888,6.89,5.0,7.3,Breached
OPS-003317,ORD-003317,3.0,7.5,2.8,587,6.43,5.0,3.2,Met
OPS-003831,ORD-003831,1.7,4.2,1.5,1726,11.09,5.0,1.7,Met
OPS-005358,ORD-005358,1.0,6.1,2.6,1709,5.68,5.0,2.9,Met
OPS-009884,ORD-009884,1.1,1.9,3.2,1485,4.84,5.0,3.3,Met
OPS-008709,ORD-008709,1.6,1.2,4.0,343,9.4,5.0,4.1,Met
OPS-009080,ORD-009080,2.9,6.9,4.6,1684,9.45,5.0,5.0,Met
OPS-000882,ORD-000882,1.7,3.0,6.1,1840,5.59,5.0,6.3,Breached
OPS-001732,ORD-001732,0.8,6.7,1.8,1689,4.12,5.0,2.1,Met
OPS-009400,ORD-009400,0.9,3.3,2.8,1496,8.85,5.0,3.0,Met
OPS-002704,ORD-002704,1.5,3.2,6.3,1760,8.72,5.0,6.5,Breached
OPS-000482,ORD-000482,3.8,6.6,3.0,354,11.34,5.0,3.4,Met
OPS-008977,ORD-008977,1.8,8.0,4.1,917,8.77,5.0,4.5,Met
OPS-007549,ORD-007549,1.8,1.1,5.0,1528,10.89,5.0,5.1,Breached
OPS-007348,ORD-007348,0.9,7.2,3.0,246,8.98,5.0,3.3,Met
OPS-002311,ORD-002311,0.8,3.8,3.2,920,8.7,5.0,3.4,Met
OPS-012033,ORD-012033,3.4,6.8,2.2,1257,4.27,5.0,2.6,Met
OPS-007891,ORD-007891,1.4,7.6,5.8,808,12.78,5.0,6.2,Breached
OPS-009559,ORD-009559,2.6,3.7,2.4,442,5.0,5.0,2.7,Met
OPS-001581,ORD-001581,0.8,4.8,4.8,582,4.53,5.0,5.0,Met
OPS-004317,ORD-004317,3.2,6.2,6.7,1373,5.83,5.0,7.1,Breached
OPS-003660,ORD-003660,1.1,4.0,4.2,1759,12.37,5.0,4.4,Met
OPS-008418,ORD-008418,0.9,3.3,2.4,1664,6.37,5.0,2.6,Met
OPS-001928,ORD-001928,3.4,8.0,1.4,1667,5.62,5.0,1.9,Met
OPS-008380,ORD-008380,0.5,1.5,4.3,1419,6.55,5.0,4.4,Met
OPS-007791,ORD-007791,1.7,4.5,3.6,476,9.48,5.0,3.9,Met
OPS-009752,ORD-009752,1.7,1.9,5.0,1966,10.07,5.0,5.2,Breached
OPS-010432,ORD-010432,3.8,1.9,4.8,1076,11.23,5.0,5.0,Met
OPS-009135,ORD-009135,1.0,3.3,2.4,977,5.51,5.0,2.6,Met
OPS-010652,ORD-010652,3.1,6.0,1.4,806,11.62,5.0,1.8,Met
OPS-006420,ORD-006420,1.5,3.6,4.0,1661,6.14,5.0,4.2,Met
OPS-010788,ORD-010788,3.5,4.1,3.3,1737,13.84,5.0,3.6,Met
OPS-008859,ORD-008859,1.6,2.2,5.3,1632,4.73,5.0,5.5,Breached
OPS-008206,ORD-008206,2.4,2.0,4.7,1768,4.53,5.0,4.9,Met
OPS-002460,ORD-002460,2.0,5.5,4.7,1264,11.37,5.0,5.0,Met
OPS-006196,ORD-006196,0.8,6.7,5.5,980,4.43,5.0,5.8,Breached
OPS-007116,ORD-007116,1.2,5.2,2.6,170,8.38,5.0,2.9,Met
OPS-011290,ORD-011290,1.8,1.2,1.9,1702,13.93,5.0,2.0,Met
OPS-005296,ORD-005296,3.3,5.4,6.5,156,6.16,5.0,6.9,Breached
OPS-001957,ORD-001957,2.1,2.7,4.0,1762,8.92,5.0,4.2,Met
OPS-009083,ORD-009083,3.7,7.9,6.7,937,8.84,5.0,7.2,Breached
OPS-004706,ORD-004706,3.3,2.1,6.8,1906,4.32,5.0,7.0,Breached
OPS-007734,ORD-007734,1.8,1.7,5.1,997,4.58,5.0,5.2,Breached
OPS-009941,ORD-009941,3.2,1.2,1.8,341,12.67,5.0,2.0,Met
OPS-006415,ORD-006415,3.2,7.3,6.4,776,5.53,5.0,6.8,Breached
OPS-011893,ORD-011893,3.3,6.3,4.0,681,9.57,5.0,4.4,Met
OPS-003506,ORD-003506,2.1,4.7,6.5,1840,5.98,5.0,6.8,Breached
OPS-010699,ORD-010699,1.6,5.7,4.2,1228,10.72,5.0,4.5,Met
OPS-005334,ORD-005334,3.1,5.0,5.2,398,8.84,5.0,5.5,Breached
OPS-004218,ORD-004218,1.7,2.6,2.1,535,10.03,5.0,2.3,Met
OPS-003244,ORD-003244,1.6,5.9,2.2,943,11.11,5.0,2.5,Met
OPS-003725,ORD-003725,0.6,7.4,1.6,302,6.94,5.0,1.9,Met
OPS-001127,ORD-001127,0.6,5.2,1.6,1097,5.05,5.0,1.8,Met
OPS-003009,ORD-003009,2.3,5.9,6.2,481,12.47,5.0,6.5,Breached
OPS-008247,ORD-008247,1.8,3.3,2.1,312,11.6,5.0,2.3,Met
OPS-011408,ORD-011408,2.7,4.7,4.2,1147,8.29,5.0,4.5,Met
OPS-006945,ORD-006945,2.1,4.5,4.5,1877,13.01,5.0,4.8,Met
OPS-011645,ORD-011645,2.7,2.4,5.2,103,11.53,5.0,5.4,Breached
OPS-006691,ORD-006691,3.2,3.2,1.5,478,13.01,5.0,1.8,Met
OPS-009728,ORD-009728,2.1,8.0,2.3,586,13.01,5.0,2.7,Met
OPS-007735,ORD-007735,2.7,2.2,1.7,671,13.64,5.0,1.9,Met
OPS-000193,ORD-000193,0.9,3.3,5.2,1875,5.19,5.0,5.4,Breached
OPS-012071,ORD-012071,3.7,6.6,1.5,1965,11.63,5.0,1.9,Met
OPS-003068,ORD-003068,2.5,1.6,4.0,1028,6.04,5.0,4.2,Met
OPS-009908,ORD-009908,1.3,1.1,2.0,1471,9.46,5.0,2.1,Met
OPS-010289,ORD-010289,3.1,2.8,4.1,1120,5.83,5.0,4.3,Met
OPS-005100,ORD-005100,0.5,7.4,4.6,990,5.43,5.0,4.9,Met
OPS-003309,ORD-003309,2.0,1.7,5.5,1575,4.02,5.0,5.7,Breached
OPS-010934,ORD-010934,1.9,1.7,3.4,553,11.1,5.0,3.5,Met
OPS-011891,ORD-011891,3.1,2.5,1.5,801,4.48,5.0,1.7,Met
OPS-002738,ORD-002738,1.6,4.1,2.2,553,4.29,5.0,2.4,Met
OPS-009033,ORD-009033,1.4,5.2,5.1,213,4.25,5.0,5.4,Breached
OPS-008373,ORD-008373,2.0,4.4,2.9,280,13.44,5.0,3.2,Met
OPS-008470,ORD-008470,0.9,6.9,3.2,1999,7.48,5.0,3.5,Met
OPS-010171,ORD-010171,2.5,7.5,6.8,1124,7.73,5.0,7.2,Breached
OPS-008168,ORD-008168,1.6,3.0,3.7,871,10.34,5.0,3.9,Met
OPS-008235,ORD-008235,4.0,7.4,3.7,1386,4.04,5.0,4.2,Met
OPS-001033,ORD-001033,2.2,3.0,2.7,1122,8.43,5.0,2.9,Met
OPS-004820,ORD-004820,0.7,6.7,2.0,1871,4.77,5.0,2.3,Met
OPS-006300,ORD-006300,1.7,4.6,5.0,334,5.55,5.0,5.3,Breached
OPS-000375,ORD-000375,1.1,2.6,2.6,801,13.78,5.0,2.8,Met
OPS-006813,ORD-006813,1.4,5.4,5.5,1027,9.29,5.0,5.8,Breached
OPS-004251,ORD-004251,1.2,1.1,1.9,1843,7.32,5.0,2.0,Met
OPS-000473,ORD-000473,3.9,3.5,2.7,1773,12.95,5.0,3.0,Met
OPS-001993,ORD-001993,1.0,2.8,5.5,243,6.5,5.0,5.7,Breached
OPS-002489,ORD-002489,3.4,5.5,4.8,1428,13.32,5.0,5.2,Breached
OPS-006801,ORD-006801,3.5,3.4,5.9,157,13.59,5.0,6.2,Breached
OPS-002611,ORD-002611,4.0,7.3,1.5,168,11.47,5.0,2.0,Met
OPS-001722,ORD-001722,2.4,2.9,1.0,1263,8.31,5.0,1.2,Met
OPS-012004,ORD-012004,3.0,4.2,7.0,1301,13.49,5.0,7.3,Breached
OPS-000845,ORD-000845,3.7,3.0,2.0,102,4.55,5.0,2.3,Met
OPS-000148,ORD-000148,1.0,3.6,6.7,1736,12.97,5.0,6.9,Breached
OPS-004379,ORD-004379,2.6,3.2,1.9,1016,12.68,5.0,2.1,Met
OPS-008069,ORD-008069,3.2,5.4,2.6,714,6.88,5.0,3.0,Met
OPS-002191,ORD-002191,1.8,6.2,4.0,267,10.46,5.0,4.3,Met
OPS-000915,ORD-000915,1.7,6.8,2.5,823,11.93,5.0,2.9,Met
OPS-003865,ORD-003865,2.6,3.9,3.8,1749,12.45,5.0,4.1,Met
OPS-006274,ORD-006274,1.3,2.6,4.2,1008,8.04,5.0,4.4,Met
OPS-010886,ORD-010886,2.6,1.5,6.7,1373,8.63,5.0,6.9,Breached
OPS-003575,ORD-003575,3.9,5.6,5.3,1036,7.6,5.0,5.7,Breached
OPS-003774,ORD-003774,1.0,6.6,6.5,960,13.33,5.0,6.8,Breached
OPS-000614,ORD-000614,1.8,6.4,3.1,398,8.33,5.0,3.4,Met
OPS-007493,ORD-007493,2.4,5.8,5.0,1926,9.28,5.0,5.3,Breached
OPS-011752,ORD-011752,2.9,7.4,1.5,157,13.59,5.0,1.9,Met
OPS-012026,ORD-012026,1.0,4.2,3.4,280,13.27,5.0,3.6,Met
OPS-004081,ORD-004081,0.6,3.5,3.2,943,9.27,5.0,3.4,Met
OPS-012382,ORD-012382,3.0,2.3,4.7,750,4.39,5.0,4.9,Met
OPS-005015,ORD-005015,3.3,6.8,5.9,115,10.24,5.0,6.3,Breached
OPS-006286,ORD-006286,2.3,4.5,3.1,532,8.56,5.0,3.4,Met
OPS-002814,ORD-002814,2.3,3.4,5.6,1609,5.65,5.0,5.8,Breached
OPS-005436,ORD-005436,2.2,2.8,3.0,1200,9.25,5.0,3.2,Met
OPS-004050,ORD-004050,3.4,4.7,2.9,694,4.64,5.0,3.2,Met
OPS-006167,ORD-006167,2.1,5.6,6.7,1413,4.47,5.0,7.0,Breached
OPS-003483,ORD-003483,2.5,2.4,4.9,522,8.96,5.0,5.1,Breached
OPS-009574,ORD-009574,0.8,6.4,5.8,1188,11.65,5.0,6.1,Breached
OPS-001399,ORD-001399,2.6,5.5,6.3,106,13.81,5.0,6.6,Breached
OPS-005632,ORD-005632,3.9,5.7,3.9,1771,13.59,5.0,4.3,Met
OPS-002180,ORD-002180,2.4,1.7,3.6,1656,13.14,5.0,3.8,Met
OPS-005336,ORD-005336,3.8,4.7,3.6,1077,4.33,5.0,4.0,Met
OPS-002073,ORD-002073,2.6,5.6,6.9,211,6.78,5.0,7.2,Breached
OPS-005960,ORD-005960,3.0,1.1,1.8,670,10.86,5.0,2.0,Met
OPS-011869,ORD-011869,3.3,1.5,4.0,1442,13.16,5.0,4.2,Met
OPS-002665,ORD-002665,3.9,2.2,3.2,1383,12.01,5.0,3.5,Met
OPS-004461,ORD-004461,3.3,6.1,2.9,1402,13.13,5.0,3.3,Met
OPS-000557,ORD-000557,3.3,7.2,4.0,1755,7.3,5.0,4.4,Met
OPS-010455,ORD-010455,2.8,3.3,4.6,1613,6.77,5.0,4.9,Met
OPS-005342,ORD-005342,1.0,1.7,5.6,1132,4.47,5.0,5.7,Breached
OPS-010092,ORD-010092,2.8,2.9,5.6,1762,8.92,5.0,5.8,Breached
OPS-001734,ORD-001734,0.6,7.9,6.4,1360,8.34,5.0,6.8,Breached
OPS-001433,ORD-001433,1.8,6.0,1.2,624,10.71,5.0,1.5,Met
OPS-006761,ORD-006761,2.5,6.6,6.4,454,8.67,5.0,6.8,Breached
OPS-010543,ORD-010543,3.1,3.4,1.0,204,5.44,5.0,1.3,Met
OPS-008941,ORD-008941,2.9,6.9,4.4,644,12.64,5.0,4.8,Met
OPS-009552,ORD-009552,3.8,3.7,4.0,1692,8.34,5.0,4.3,Met
OPS-008405,ORD-008405,3.7,3.7,6.5,945,9.25,5.0,6.8,Breached
OPS-004254,ORD-004254,2.0,5.2,6.9,926,12.54,5.0,7.2,Breached
OPS-012266,ORD-012266,3.9,4.7,5.8,711,11.79,5.0,6.2,Breached
OPS-000184,ORD-000184,1.7,3.3,6.8,1399,7.5,5.0,7.0,Breached
OPS-012201,ORD-012201,2.0,2.6,4.0,1418,7.59,5.0,4.2,Met
OPS-011054,ORD-011054,1.0,1.4,3.1,1290,5.75,5.0,3.2,Met
OPS-003916,ORD-003916,3.4,6.0,6.2,137,5.91,5.0,6.6,Breached
OPS-011317,ORD-011317,3.7,7.8,3.9,1740,6.69,5.0,4.4,Met
OPS-011157,ORD-011157,0.6,5.6,6.8,955,8.99,5.0,7.1,Breached
OPS-003886,ORD-003886,2.4,6.7,2.7,1357,4.12,5.0,3.1,Met
OPS-003016,ORD-003016,1.7,3.1,2.4,1565,5.17,5.0,2.6,Met
OPS-001728,ORD-001728,3.1,6.4,1.1,725,9.76,5.0,1.5,Met
OPS-009713,ORD-009713,2.7,1.3,3.2,171,4.63,5.0,3.4,Met
OPS-006197,ORD-006197,1.2,6.4,4.8,1518,6.22,5.0,5.1,Breached
OPS-012124,ORD-012124,2.8,1.5,1.7,1714,9.82,5.0,1.9,Met
OPS-000813,ORD-000813,3.3,6.5,1.2,1475,6.95,5.0,1.6,Met
OPS-002481,ORD-002481,0.9,7.4,2.8,1039,6.58,5.0,3.1,Met
OPS-000991,ORD-000991,2.7,7.6,6.8,432,10.2,5.0,7.2,Breached
OPS-005920,ORD-005920,3.7,4.9,3.9,773,6.68,5.0,4.3,Met
OPS-001281,ORD-001281,2.2,4.8,3.2,1998,11.61,5.0,3.5,Met
OPS-000145,ORD-000145,2.9,1.9,4.9,1444,6.31,5.0,5.1,Breached
OPS-007641,ORD-007641,3.4,2.2,4.2,1950,7.29,5.0,4.4,Met
OPS-001386,ORD-001386,3.0,5.9,1.5,674,10.39,5.0,1.9,Met
OPS-005449,ORD-005449,0.7,1.1,2.3,423,9.61,5.0,2.4,Met
OPS-003096,ORD-003096,0.8,1.4,5.3,1671,13.93,5.0,5.4,Breached
OPS-009793,ORD-009793,1.3,6.6,2.2,809,9.41,5.0,2.5,Met
OPS-011318,ORD-011318,1.9,1.7,4.9,892,11.89,5.0,5.1,Breached
OPS-007180,ORD-007180,2.0,1.6,3.4,1148,4.13,5.0,3.5,Met
OPS-011705,ORD-011705,3.9,3.9,6.2,181,13.09,5.0,6.5,Breached
OPS-011407,ORD-011407,0.8,1.6,6.6,117,4.68,5.0,6.7,Breached
OPS-003858,ORD-003858,3.2,5.3,6.9,686,9.5,5.0,7.3,Breached
OPS-002297,ORD-002297,2.5,3.8,5.5,1895,8.59,5.0,5.8,Breached
OPS-005217,ORD-005217,0.7,6.1,2.5,819,6.34,5.0,2.8,Met
OPS-011000,ORD-011000,3.3,7.3,5.3,141,10.53,5.0,5.7,Breached
OPS-005945,ORD-005945,3.2,7.0,5.1,973,8.28,5.0,5.5,Breached
OPS-000538,ORD-000538,2.5,7.2,2.7,1305,9.24,5.0,3.1,Met
OPS-010303,ORD-010303,2.3,6.3,5.3,1178,11.37,5.0,5.7,Breached
OPS-002171,ORD-002171,2.2,3.7,2.5,1885,10.19,5.0,2.7,Met
OPS-002770,ORD-002770,2.9,7.0,4.4,1910,10.09,5.0,4.8,Met
OPS-010260,ORD-010260,2.6,5.0,4.5,1236,12.31,5.0,4.8,Met
OPS-003079,ORD-003079,3.7,1.6,5.2,669,6.43,5.0,5.4,Breached
OPS-005322,ORD-005322,3.9,6.8,2.2,1145,10.14,5.0,2.6,Met
OPS-011444,ORD-011444,0.5,7.4,2.7,1087,12.72,5.0,3.0,Met
OPS-006183,ORD-006183,0.7,7.9,6.4,653,9.76,5.0,6.8,Breached
OPS-003103,ORD-003103,2.2,7.8,6.6,378,5.57,5.0,7.0,Breached
OPS-012043,ORD-012043,2.7,2.3,4.5,1360,11.69,5.0,4.7,Met
OPS-003912,ORD-003912,0.6,6.9,2.0,658,5.73,5.0,2.3,Met
OPS-012244,ORD-012244,2.8,6.3,4.7,520,6.49,5.0,5.1,Breached
OPS-004862,ORD-004862,3.2,4.0,6.9,1947,6.29,5.0,7.2,Breached
OPS-007728,ORD-007728,2.1,6.7,1.5,1623,12.44,5.0,1.9,Met
OPS-002485,ORD-002485,0.6,6.1,4.2,388,11.4,5.0,4.5,Met
OPS-000806,ORD-000806,2.2,5.8,2.4,345,13.57,5.0,2.7,Met
OPS-002881,ORD-002881,1.2,4.3,6.5,770,7.8,5.0,6.7,Breached
OPS-010167,ORD-010167,2.4,5.3,3.7,162,4.43,5.0,4.0,Met
OPS-001037,ORD-001037,0.6,3.6,4.8,1790,5.48,5.0,5.0,Met
OPS-008448,ORD-008448,2.4,5.7,5.5,425,10.08,5.0,5.8,Breached
OPS-003768,ORD-003768,1.3,1.4,2.7,694,6.29,5.0,2.8,Met
OPS-011031,ORD-011031,1.3,2.1,3.8,1630,4.05,5.0,3.9,Met
OPS-000118,ORD-000118,2.0,1.4,2.6,1170,6.11,5.0,2.7,Met
OPS-000796,ORD-000796,1.1,1.3,4.4,534,13.14,5.0,4.5,Met
OPS-007580,ORD-007580,2.0,7.0,2.7,442,8.07,5.0,3.1,Met
OPS-003214,ORD-003214,2.9,7.6,1.8,1713,13.36,5.0,2.2,Met
OPS-003974,ORD-003974,3.7,5.2,1.4,102,13.68,5.0,1.8,Met
OPS-001562,ORD-001562,1.2,2.7,3.0,1110,9.34,5.0,3.2,Met
OPS-012265,ORD-012265,2.5,2.2,6.3,979,5.49,5.0,6.5,Breached
OPS-011622,ORD-011622,1.7,1.3,3.0,616,12.1,5.0,3.1,Met
OPS-011162,ORD-011162,2.8,2.5,4.1,1684,12.65,5.0,4.3,Met
OPS-001205,ORD-001205,2.4,2.0,5.1,1106,9.45,5.0,5.3,Breached
OPS-010300,ORD-010300,2.1,3.2,4.5,1030,4.77,5.0,4.7,Met
OPS-003360,ORD-003360,1.2,4.6,5.9,762,4.17,5.0,6.1,Breached
